[2026/10/07 00:34:09] INFO: 
------------Environment Information-------------
platform: Windows-11-10.0.26200-SP0
Python: 3.12.10 (tags/v3.12.10:0cc8128, Apr  8 2025, 12:21:36) [MSC v.1943 64 bit (AMD64)]
Paddle compiled with cuda: True
NVCC: Build cuda_13.4.r13.4/compiler.38657139_0
cudnn: 90.9
GPUs used: 1
CUDA_VISIBLE_DEVICES: None
GPU: ['GPU 0: NVIDIA GeForce']
PaddleSeg: 0.0.0.dev0
PaddlePaddle: 3.4.0
OpenCV: 4.11.0
------------------------------------------------
[2026/10/07 00:34:09] INFO: 
---------------Config Information---------------
batch_size: 4
iters: 18000
train_dataset:
  dataset_root: C:/custom_crack
  mode: train
  num_classes: 2
  train_path: C:/segformer_wave1/configs/train_source_disjoint.txt
  transforms:
  - max_scale_factor: 1.25
    min_scale_factor: 0.75
    scale_step_size: 0.25
    type: ResizeStepScaling
  - crop_size:
    - 400
    - 400
    type: RandomPaddingCrop
  - type: RandomHorizontalFlip
  - brightness_range: 0.5
    contrast_range: 0.5
    saturation_range: 0.5
    type: RandomDistort
  - type: Normalize
  type: Dataset
val_dataset:
  dataset_root: C:/custom_crack
  mode: val
  num_classes: 2
  transforms:
  - type: Normalize
  type: Dataset
  val_path: C:/segformer_wave1/configs/val_source_disjoint.txt
optimizer:
  beta1: 0.9
  beta2: 0.999
  type: AdamW
  weight_decay: 0.01
lr_scheduler:
  end_lr: 0.0
  learning_rate: 6.0e-05
  power: 1
  type: PolynomialDecay
loss:
  coef:
  - 1
  types:
  - type: CrossEntropyLoss
model:
  backbone:
    pretrained: https://bj.bcebos.com/paddleseg/dygraph/backbone/mix_vision_transformer_b0.tar.gz
    type: MixVisionTransformer_B0
  embedding_dim: 256
  num_classes: 2
  type: SegFormer
------------------------------------------------

[2026/10/07 00:34:09] INFO: Set device: gpu
[2026/10/07 00:34:09] INFO: Use the following config to build model
model:
  backbone:
    pretrained: https://bj.bcebos.com/paddleseg/dygraph/backbone/mix_vision_transformer_b0.tar.gz
    type: MixVisionTransformer_B0
  embedding_dim: 256
  num_classes: 2
  type: SegFormer
WARNING: Logging before InitGoogleLogging() is written to STDERR
W1007 00:34:09.435647 35848 gpu_resources.cc:116] Please NOTE: device: 0, GPU Compute Capability: 12.0, Driver API Version: 13.2, Runtime API Version: 12.9
[2026/10/07 00:34:09] INFO: Loading pretrained model from https://bj.bcebos.com/paddleseg/dygraph/backbone/mix_vision_transformer_b0.tar.gz
[2026/10/07 00:34:09] INFO: There are 176/176 variables loaded into MixVisionTransformer.
[2026/10/07 00:34:09] INFO: Use the following config to build train_dataset
train_dataset:
  dataset_root: C:/custom_crack
  mode: train
  num_classes: 2
  train_path: C:/segformer_wave1/configs/train_source_disjoint.txt
  transforms:
  - max_scale_factor: 1.25
    min_scale_factor: 0.75
    scale_step_size: 0.25
    type: ResizeStepScaling
  - crop_size:
    - 400
    - 400
    type: RandomPaddingCrop
  - type: RandomHorizontalFlip
  - brightness_range: 0.5
    contrast_range: 0.5
    saturation_range: 0.5
    type: RandomDistort
  - type: Normalize
  type: Dataset
[2026/10/07 00:34:09] INFO: Use the following config to build val_dataset
val_dataset:
  dataset_root: C:/custom_crack
  mode: val
  num_classes: 2
  transforms:
  - type: Normalize
  type: Dataset
  val_path: C:/segformer_wave1/configs/val_source_disjoint.txt
[2026/10/07 00:34:09] INFO: Use the following config to build optimizer
optimizer:
  beta1: 0.9
  beta2: 0.999
  type: AdamW
  weight_decay: 0.01
[2026/10/07 00:34:09] INFO: Use the following config to build loss
loss:
  coef:
  - 1
  types:
  - type: CrossEntropyLoss
C:\venv_bisenet\Lib\site-packages\paddle\nn\layer\norm.py:885: UserWarning: When training, we now always track global mean and variance.
  warnings.warn(
[2026/10/07 00:34:11] INFO: [TRAIN] epoch: 1, iter: 10/18000, loss: 1.1555, lr: 0.000060, batch_cost: 0.1432, reader_cost: 0.01071, ips: 27.9349 samples/sec, max_mem_reserved: 1219 MB, max_mem_allocated: 1081 MB | ETA 00:42:55
[2026/10/07 00:34:12] INFO: [TRAIN] epoch: 1, iter: 20/18000, loss: 0.8658, lr: 0.000060, batch_cost: 0.0861, reader_cost: 0.03779, ips: 46.4603 samples/sec, max_mem_reserved: 1219 MB, max_mem_allocated: 1081 MB | ETA 00:25:47
[2026/10/07 00:34:13] INFO: [TRAIN] epoch: 1, iter: 30/18000, loss: 0.8267, lr: 0.000060, batch_cost: 0.0884, reader_cost: 0.03970, ips: 45.2641 samples/sec, max_mem_reserved: 1219 MB, max_mem_allocated: 1081 MB | ETA 00:26:28
[2026/10/07 00:34:14] INFO: [TRAIN] epoch: 1, iter: 40/18000, loss: 0.6866, lr: 0.000060, batch_cost: 0.0905, reader_cost: 0.04139, ips: 44.1761 samples/sec, max_mem_reserved: 1219 MB, max_mem_allocated: 1081 MB | ETA 00:27:06
[2026/10/07 00:34:15] INFO: [TRAIN] epoch: 1, iter: 50/18000, loss: 0.5896, lr: 0.000060, batch_cost: 0.0922, reader_cost: 0.04314, ips: 43.3894 samples/sec, max_mem_reserved: 1219 MB, max_mem_allocated: 1081 MB | ETA 00:27:34
[2026/10/07 00:34:16] INFO: [TRAIN] epoch: 1, iter: 60/18000, loss: 0.5282, lr: 0.000060, batch_cost: 0.0962, reader_cost: 0.04641, ips: 41.5983 samples/sec, max_mem_reserved: 1219 MB, max_mem_allocated: 1081 MB | ETA 00:28:45
[2026/10/07 00:34:17] INFO: [TRAIN] epoch: 1, iter: 70/18000, loss: 0.3966, lr: 0.000060, batch_cost: 0.0976, reader_cost: 0.05068, ips: 40.9638 samples/sec, max_mem_reserved: 1219 MB, max_mem_allocated: 1081 MB | ETA 00:29:10
[2026/10/07 00:34:18] INFO: [TRAIN] epoch: 1, iter: 80/18000, loss: 0.4082, lr: 0.000060, batch_cost: 0.0974, reader_cost: 0.05101, ips: 41.0660 samples/sec, max_mem_reserved: 1219 MB, max_mem_allocated: 1081 MB | ETA 00:29:05
[2026/10/07 00:34:19] INFO: [TRAIN] epoch: 1, iter: 90/18000, loss: 0.3723, lr: 0.000060, batch_cost: 0.0906, reader_cost: 0.04066, ips: 44.1453 samples/sec, max_mem_reserved: 1219 MB, max_mem_allocated: 1081 MB | ETA 00:27:02
[2026/10/07 00:34:20] INFO: [TRAIN] epoch: 1, iter: 100/18000, loss: 0.3491, lr: 0.000060, batch_cost: 0.0823, reader_cost: 0.03376, ips: 48.6156 samples/sec, max_mem_reserved: 1219 MB, max_mem_allocated: 1081 MB | ETA 00:24:32
[2026/10/07 00:34:21] INFO: [TRAIN] epoch: 1, iter: 110/18000, loss: 0.3328, lr: 0.000060, batch_cost: 0.0842, reader_cost: 0.03611, ips: 47.4900 samples/sec, max_mem_reserved: 1219 MB, max_mem_allocated: 1081 MB | ETA 00:25:06
[2026/10/07 00:34:22] INFO: [TRAIN] epoch: 1, iter: 120/18000, loss: 0.3163, lr: 0.000060, batch_cost: 0.0846, reader_cost: 0.03671, ips: 47.2976 samples/sec, max_mem_reserved: 1219 MB, max_mem_allocated: 1081 MB | ETA 00:25:12
[2026/10/07 00:34:23] INFO: [TRAIN] epoch: 1, iter: 130/18000, loss: 0.2974, lr: 0.000060, batch_cost: 0.0856, reader_cost: 0.03805, ips: 46.7148 samples/sec, max_mem_reserved: 1219 MB, max_mem_allocated: 1081 MB | ETA 00:25:30
[2026/10/07 00:34:24] INFO: [TRAIN] epoch: 1, iter: 140/18000, loss: 0.2585, lr: 0.000060, batch_cost: 0.0850, reader_cost: 0.03727, ips: 47.0336 samples/sec, max_mem_reserved: 1219 MB, max_mem_allocated: 1081 MB | ETA 00:25:18
[2026/10/07 00:34:25] INFO: [TRAIN] epoch: 1, iter: 150/18000, loss: 0.2440, lr: 0.000060, batch_cost: 0.0893, reader_cost: 0.04054, ips: 44.8069 samples/sec, max_mem_reserved: 1219 MB, max_mem_allocated: 1081 MB | ETA 00:26:33
[2026/10/07 00:34:26] INFO: [TRAIN] epoch: 1, iter: 160/18000, loss: 0.2498, lr: 0.000059, batch_cost: 0.0859, reader_cost: 0.03806, ips: 46.5642 samples/sec, max_mem_reserved: 1219 MB, max_mem_allocated: 1081 MB | ETA 00:25:32
[2026/10/07 00:34:27] INFO: [TRAIN] epoch: 1, iter: 170/18000, loss: 0.2024, lr: 0.000059, batch_cost: 0.0815, reader_cost: 0.03307, ips: 49.0635 samples/sec, max_mem_reserved: 1219 MB, max_mem_allocated: 1081 MB | ETA 00:24:13
[2026/10/07 00:34:28] INFO: [TRAIN] epoch: 1, iter: 180/18000, loss: 0.1944, lr: 0.000059, batch_cost: 0.0863, reader_cost: 0.03837, ips: 46.3321 samples/sec, max_mem_reserved: 1219 MB, max_mem_allocated: 1081 MB | ETA 00:25:38
[2026/10/07 00:34:29] INFO: [TRAIN] epoch: 1, iter: 190/18000, loss: 0.1777, lr: 0.000059, batch_cost: 0.0821, reader_cost: 0.03423, ips: 48.7149 samples/sec, max_mem_reserved: 1219 MB, max_mem_allocated: 1081 MB | ETA 00:24:22
[2026/10/07 00:34:30] INFO: [TRAIN] epoch: 1, iter: 200/18000, loss: 0.1568, lr: 0.000059, batch_cost: 0.0859, reader_cost: 0.03753, ips: 46.5481 samples/sec, max_mem_reserved: 1219 MB, max_mem_allocated: 1081 MB | ETA 00:25:29
[2026/10/07 00:34:31] INFO: [TRAIN] epoch: 1, iter: 210/18000, loss: 0.1439, lr: 0.000059, batch_cost: 0.0838, reader_cost: 0.03537, ips: 47.7434 samples/sec, max_mem_reserved: 1219 MB, max_mem_allocated: 1081 MB | ETA 00:24:50
[2026/10/07 00:34:32] INFO: [TRAIN] epoch: 1, iter: 220/18000, loss: 0.1596, lr: 0.000059, batch_cost: 0.0882, reader_cost: 0.04048, ips: 45.3682 samples/sec, max_mem_reserved: 1219 MB, max_mem_allocated: 1081 MB | ETA 00:26:07
[2026/10/07 00:34:32] INFO: [TRAIN] epoch: 1, iter: 230/18000, loss: 0.1431, lr: 0.000059, batch_cost: 0.0821, reader_cost: 0.03400, ips: 48.6970 samples/sec, max_mem_reserved: 1219 MB, max_mem_allocated: 1081 MB | ETA 00:24:19
[2026/10/07 00:34:33] INFO: [TRAIN] epoch: 1, iter: 240/18000, loss: 0.1486, lr: 0.000059, batch_cost: 0.0838, reader_cost: 0.03576, ips: 47.7343 samples/sec, max_mem_reserved: 1219 MB, max_mem_allocated: 1081 MB | ETA 00:24:48
[2026/10/07 00:34:34] INFO: [TRAIN] epoch: 1, iter: 250/18000, loss: 0.1743, lr: 0.000059, batch_cost: 0.0801, reader_cost: 0.03083, ips: 49.9474 samples/sec, max_mem_reserved: 1219 MB, max_mem_allocated: 1081 MB | ETA 00:23:41
[2026/10/07 00:34:35] INFO: [TRAIN] epoch: 1, iter: 260/18000, loss: 0.1518, lr: 0.000059, batch_cost: 0.0852, reader_cost: 0.03643, ips: 46.9329 samples/sec, max_mem_reserved: 1219 MB, max_mem_allocated: 1081 MB | ETA 00:25:11
[2026/10/07 00:34:36] INFO: [TRAIN] epoch: 1, iter: 270/18000, loss: 0.1260, lr: 0.000059, batch_cost: 0.0845, reader_cost: 0.03650, ips: 47.3105 samples/sec, max_mem_reserved: 1219 MB, max_mem_allocated: 1081 MB | ETA 00:24:59
[2026/10/07 00:34:37] INFO: [TRAIN] epoch: 1, iter: 280/18000, loss: 0.1573, lr: 0.000059, batch_cost: 0.0875, reader_cost: 0.04012, ips: 45.7038 samples/sec, max_mem_reserved: 1219 MB, max_mem_allocated: 1081 MB | ETA 00:25:50
[2026/10/07 00:34:38] INFO: [TRAIN] epoch: 1, iter: 290/18000, loss: 0.1307, lr: 0.000059, batch_cost: 0.0867, reader_cost: 0.03792, ips: 46.1244 samples/sec, max_mem_reserved: 1219 MB, max_mem_allocated: 1081 MB | ETA 00:25:35
[2026/10/07 00:34:39] INFO: [TRAIN] epoch: 1, iter: 300/18000, loss: 0.1386, lr: 0.000059, batch_cost: 0.0880, reader_cost: 0.03843, ips: 45.4326 samples/sec, max_mem_reserved: 1219 MB, max_mem_allocated: 1081 MB | ETA 00:25:58
[2026/10/07 00:34:40] INFO: [TRAIN] epoch: 1, iter: 310/18000, loss: 0.1630, lr: 0.000059, batch_cost: 0.0834, reader_cost: 0.03564, ips: 47.9475 samples/sec, max_mem_reserved: 1219 MB, max_mem_allocated: 1081 MB | ETA 00:24:35
[2026/10/07 00:34:41] INFO: [TRAIN] epoch: 1, iter: 320/18000, loss: 0.1374, lr: 0.000059, batch_cost: 0.0872, reader_cost: 0.03945, ips: 45.8631 samples/sec, max_mem_reserved: 1219 MB, max_mem_allocated: 1081 MB | ETA 00:25:41
[2026/10/07 00:34:42] INFO: [TRAIN] epoch: 1, iter: 330/18000, loss: 0.1436, lr: 0.000059, batch_cost: 0.0884, reader_cost: 0.04052, ips: 45.2599 samples/sec, max_mem_reserved: 1219 MB, max_mem_allocated: 1081 MB | ETA 00:26:01
[2026/10/07 00:34:43] INFO: [TRAIN] epoch: 1, iter: 340/18000, loss: 0.1385, lr: 0.000059, batch_cost: 0.0822, reader_cost: 0.03382, ips: 48.6864 samples/sec, max_mem_reserved: 1219 MB, max_mem_allocated: 1081 MB | ETA 00:24:10
[2026/10/07 00:34:44] INFO: [TRAIN] epoch: 1, iter: 350/18000, loss: 0.1116, lr: 0.000059, batch_cost: 0.0831, reader_cost: 0.03593, ips: 48.1369 samples/sec, max_mem_reserved: 1219 MB, max_mem_allocated: 1081 MB | ETA 00:24:26
[2026/10/07 00:34:45] INFO: [TRAIN] epoch: 2, iter: 360/18000, loss: 0.1201, lr: 0.000059, batch_cost: 0.0901, reader_cost: 0.04120, ips: 44.4054 samples/sec, max_mem_reserved: 1219 MB, max_mem_allocated: 1081 MB | ETA 00:26:28
[2026/10/07 00:34:46] INFO: [TRAIN] epoch: 2, iter: 370/18000, loss: 0.1188, lr: 0.000059, batch_cost: 0.0832, reader_cost: 0.03259, ips: 48.0606 samples/sec, max_mem_reserved: 1219 MB, max_mem_allocated: 1081 MB | ETA 00:24:27
[2026/10/07 00:34:47] INFO: [TRAIN] epoch: 2, iter: 380/18000, loss: 0.1235, lr: 0.000059, batch_cost: 0.0830, reader_cost: 0.03420, ips: 48.1942 samples/sec, max_mem_reserved: 1219 MB, max_mem_allocated: 1081 MB | ETA 00:24:22
[2026/10/07 00:34:48] INFO: [TRAIN] epoch: 2, iter: 390/18000, loss: 0.1170, lr: 0.000059, batch_cost: 0.0828, reader_cost: 0.03526, ips: 48.3286 samples/sec, max_mem_reserved: 1219 MB, max_mem_allocated: 1081 MB | ETA 00:24:17
[2026/10/07 00:34:49] INFO: [TRAIN] epoch: 2, iter: 400/18000, loss: 0.0942, lr: 0.000059, batch_cost: 0.0849, reader_cost: 0.03618, ips: 47.1401 samples/sec, max_mem_reserved: 1219 MB, max_mem_allocated: 1081 MB | ETA 00:24:53
[2026/10/07 00:34:50] INFO: [TRAIN] epoch: 2, iter: 410/18000, loss: 0.0987, lr: 0.000059, batch_cost: 0.0830, reader_cost: 0.03370, ips: 48.1945 samples/sec, max_mem_reserved: 1219 MB, max_mem_allocated: 1081 MB | ETA 00:24:19
[2026/10/07 00:34:51] INFO: [TRAIN] epoch: 2, iter: 420/18000, loss: 0.1206, lr: 0.000059, batch_cost: 0.0848, reader_cost: 0.03555, ips: 47.1936 samples/sec, max_mem_reserved: 1219 MB, max_mem_allocated: 1081 MB | ETA 00:24:50
[2026/10/07 00:34:52] INFO: [TRAIN] epoch: 2, iter: 430/18000, loss: 0.1021, lr: 0.000059, batch_cost: 0.0809, reader_cost: 0.03251, ips: 49.4233 samples/sec, max_mem_reserved: 1219 MB, max_mem_allocated: 1081 MB | ETA 00:23:42
[2026/10/07 00:34:53] INFO: [TRAIN] epoch: 2, iter: 440/18000, loss: 0.1015, lr: 0.000059, batch_cost: 0.0834, reader_cost: 0.03465, ips: 47.9721 samples/sec, max_mem_reserved: 1219 MB, max_mem_allocated: 1081 MB | ETA 00:24:24
[2026/10/07 00:34:54] INFO: [TRAIN] epoch: 2, iter: 450/18000, loss: 0.0903, lr: 0.000059, batch_cost: 0.0800, reader_cost: 0.03117, ips: 49.9786 samples/sec, max_mem_reserved: 1219 MB, max_mem_allocated: 1081 MB | ETA 00:23:24
[2026/10/07 00:34:55] INFO: [TRAIN] epoch: 2, iter: 460/18000, loss: 0.1129, lr: 0.000058, batch_cost: 0.0801, reader_cost: 0.03273, ips: 49.9461 samples/sec, max_mem_reserved: 1219 MB, max_mem_allocated: 1081 MB | ETA 00:23:24
[2026/10/07 00:34:55] INFO: [TRAIN] epoch: 2, iter: 470/18000, loss: 0.1121, lr: 0.000058, batch_cost: 0.0846, reader_cost: 0.03613, ips: 47.2896 samples/sec, max_mem_reserved: 1219 MB, max_mem_allocated: 1081 MB | ETA 00:24:42
[2026/10/07 00:34:56] INFO: [TRAIN] epoch: 2, iter: 480/18000, loss: 0.0855, lr: 0.000058, batch_cost: 0.0837, reader_cost: 0.03527, ips: 47.7812 samples/sec, max_mem_reserved: 1219 MB, max_mem_allocated: 1081 MB | ETA 00:24:26
[2026/10/07 00:34:57] INFO: [TRAIN] epoch: 2, iter: 490/18000, loss: 0.0833, lr: 0.000058, batch_cost: 0.0822, reader_cost: 0.03433, ips: 48.6407 samples/sec, max_mem_reserved: 1219 MB, max_mem_allocated: 1081 MB | ETA 00:23:59
[2026/10/07 00:34:58] INFO: [TRAIN] epoch: 2, iter: 500/18000, loss: 0.0913, lr: 0.000058, batch_cost: 0.0836, reader_cost: 0.03369, ips: 47.8326 samples/sec, max_mem_reserved: 1219 MB, max_mem_allocated: 1081 MB | ETA 00:24:23
[2026/10/07 00:34:59] INFO: [TRAIN] epoch: 2, iter: 510/18000, loss: 0.0762, lr: 0.000058, batch_cost: 0.0822, reader_cost: 0.03329, ips: 48.6888 samples/sec, max_mem_reserved: 1219 MB, max_mem_allocated: 1081 MB | ETA 00:23:56
[2026/10/07 00:35:00] INFO: [TRAIN] epoch: 2, iter: 520/18000, loss: 0.0993, lr: 0.000058, batch_cost: 0.0862, reader_cost: 0.03685, ips: 46.3770 samples/sec, max_mem_reserved: 1219 MB, max_mem_allocated: 1081 MB | ETA 00:25:07
[2026/10/07 00:35:01] INFO: [TRAIN] epoch: 2, iter: 530/18000, loss: 0.0835, lr: 0.000058, batch_cost: 0.0830, reader_cost: 0.03493, ips: 48.2070 samples/sec, max_mem_reserved: 1219 MB, max_mem_allocated: 1081 MB | ETA 00:24:09
[2026/10/07 00:35:02] INFO: [TRAIN] epoch: 2, iter: 540/18000, loss: 0.0884, lr: 0.000058, batch_cost: 0.0871, reader_cost: 0.03774, ips: 45.9082 samples/sec, max_mem_reserved: 1219 MB, max_mem_allocated: 1081 MB | ETA 00:25:21
[2026/10/07 00:35:03] INFO: [TRAIN] epoch: 2, iter: 550/18000, loss: 0.0809, lr: 0.000058, batch_cost: 0.0801, reader_cost: 0.03106, ips: 49.9171 samples/sec, max_mem_reserved: 1219 MB, max_mem_allocated: 1081 MB | ETA 00:23:18
[2026/10/07 00:35:04] INFO: [TRAIN] epoch: 2, iter: 560/18000, loss: 0.0809, lr: 0.000058, batch_cost: 0.0804, reader_cost: 0.03144, ips: 49.7505 samples/sec, max_mem_reserved: 1219 MB, max_mem_allocated: 1081 MB | ETA 00:23:22
[2026/10/07 00:35:05] INFO: [TRAIN] epoch: 2, iter: 570/18000, loss: 0.0830, lr: 0.000058, batch_cost: 0.0849, reader_cost: 0.03470, ips: 47.1019 samples/sec, max_mem_reserved: 1219 MB, max_mem_allocated: 1081 MB | ETA 00:24:40
[2026/10/07 00:35:06] INFO: [TRAIN] epoch: 2, iter: 580/18000, loss: 0.0918, lr: 0.000058, batch_cost: 0.0807, reader_cost: 0.03106, ips: 49.5495 samples/sec, max_mem_reserved: 1219 MB, max_mem_allocated: 1081 MB | ETA 00:23:26
[2026/10/07 00:35:07] INFO: [TRAIN] epoch: 2, iter: 590/18000, loss: 0.0744, lr: 0.000058, batch_cost: 0.0841, reader_cost: 0.03473, ips: 47.5342 samples/sec, max_mem_reserved: 1219 MB, max_mem_allocated: 1081 MB | ETA 00:24:25
[2026/10/07 00:35:08] INFO: [TRAIN] epoch: 2, iter: 600/18000, loss: 0.0842, lr: 0.000058, batch_cost: 0.0806, reader_cost: 0.03169, ips: 49.6420 samples/sec, max_mem_reserved: 1219 MB, max_mem_allocated: 1081 MB | ETA 00:23:22
[2026/10/07 00:35:09] INFO: [TRAIN] epoch: 2, iter: 610/18000, loss: 0.0863, lr: 0.000058, batch_cost: 0.0828, reader_cost: 0.03337, ips: 48.3362 samples/sec, max_mem_reserved: 1219 MB, max_mem_allocated: 1081 MB | ETA 00:23:59
[2026/10/07 00:35:10] INFO: [TRAIN] epoch: 2, iter: 620/18000, loss: 0.1474, lr: 0.000058, batch_cost: 0.0803, reader_cost: 0.03089, ips: 49.7970 samples/sec, max_mem_reserved: 1219 MB, max_mem_allocated: 1081 MB | ETA 00:23:16
[2026/10/07 00:35:11] INFO: [TRAIN] epoch: 2, iter: 630/18000, loss: 0.0910, lr: 0.000058, batch_cost: 0.0817, reader_cost: 0.03100, ips: 48.9545 samples/sec, max_mem_reserved: 1219 MB, max_mem_allocated: 1081 MB | ETA 00:23:39
[2026/10/07 00:35:12] INFO: [TRAIN] epoch: 2, iter: 640/18000, loss: 0.0838, lr: 0.000058, batch_cost: 0.0843, reader_cost: 0.03423, ips: 47.4304 samples/sec, max_mem_reserved: 1219 MB, max_mem_allocated: 1081 MB | ETA 00:24:24
[2026/10/07 00:35:13] INFO: [TRAIN] epoch: 2, iter: 650/18000, loss: 0.1186, lr: 0.000058, batch_cost: 0.0783, reader_cost: 0.02989, ips: 51.0823 samples/sec, max_mem_reserved: 1219 MB, max_mem_allocated: 1081 MB | ETA 00:22:38
[2026/10/07 00:35:13] INFO: [TRAIN] epoch: 2, iter: 660/18000, loss: 0.0897, lr: 0.000058, batch_cost: 0.0831, reader_cost: 0.03469, ips: 48.1301 samples/sec, max_mem_reserved: 1219 MB, max_mem_allocated: 1081 MB | ETA 00:24:01
[2026/10/07 00:35:14] INFO: [TRAIN] epoch: 2, iter: 670/18000, loss: 0.0670, lr: 0.000058, batch_cost: 0.0809, reader_cost: 0.03129, ips: 49.4586 samples/sec, max_mem_reserved: 1219 MB, max_mem_allocated: 1081 MB | ETA 00:23:21
[2026/10/07 00:35:15] INFO: [TRAIN] epoch: 2, iter: 680/18000, loss: 0.0817, lr: 0.000058, batch_cost: 0.0854, reader_cost: 0.03546, ips: 46.8114 samples/sec, max_mem_reserved: 1219 MB, max_mem_allocated: 1081 MB | ETA 00:24:39
[2026/10/07 00:35:16] INFO: [TRAIN] epoch: 2, iter: 690/18000, loss: 0.0654, lr: 0.000058, batch_cost: 0.0864, reader_cost: 0.03684, ips: 46.2952 samples/sec, max_mem_reserved: 1219 MB, max_mem_allocated: 1081 MB | ETA 00:24:55
[2026/10/07 00:35:17] INFO: [TRAIN] epoch: 2, iter: 700/18000, loss: 0.0789, lr: 0.000058, batch_cost: 0.0834, reader_cost: 0.03455, ips: 47.9757 samples/sec, max_mem_reserved: 1219 MB, max_mem_allocated: 1081 MB | ETA 00:24:02
[2026/10/07 00:35:18] INFO: [TRAIN] epoch: 3, iter: 710/18000, loss: 0.0676, lr: 0.000058, batch_cost: 0.0883, reader_cost: 0.03992, ips: 45.3106 samples/sec, max_mem_reserved: 1219 MB, max_mem_allocated: 1081 MB | ETA 00:25:26
[2026/10/07 00:35:19] INFO: [TRAIN] epoch: 3, iter: 720/18000, loss: 0.0731, lr: 0.000058, batch_cost: 0.0872, reader_cost: 0.03636, ips: 45.8504 samples/sec, max_mem_reserved: 1219 MB, max_mem_allocated: 1081 MB | ETA 00:25:07
[2026/10/07 00:35:20] INFO: [TRAIN] epoch: 3, iter: 730/18000, loss: 0.0769, lr: 0.000058, batch_cost: 0.0912, reader_cost: 0.04235, ips: 43.8359 samples/sec, max_mem_reserved: 1219 MB, max_mem_allocated: 1081 MB | ETA 00:26:15
[2026/10/07 00:35:21] INFO: [TRAIN] epoch: 3, iter: 740/18000, loss: 0.0791, lr: 0.000058, batch_cost: 0.0870, reader_cost: 0.03759, ips: 45.9644 samples/sec, max_mem_reserved: 1219 MB, max_mem_allocated: 1081 MB | ETA 00:25:02
[2026/10/07 00:35:22] INFO: [TRAIN] epoch: 3, iter: 750/18000, loss: 0.0794, lr: 0.000058, batch_cost: 0.0899, reader_cost: 0.03990, ips: 44.4721 samples/sec, max_mem_reserved: 1219 MB, max_mem_allocated: 1081 MB | ETA 00:25:51
[2026/10/07 00:35:23] INFO: [TRAIN] epoch: 3, iter: 760/18000, loss: 0.0707, lr: 0.000057, batch_cost: 0.0870, reader_cost: 0.03887, ips: 45.9830 samples/sec, max_mem_reserved: 1219 MB, max_mem_allocated: 1081 MB | ETA 00:24:59
[2026/10/07 00:35:24] INFO: [TRAIN] epoch: 3, iter: 770/18000, loss: 0.0954, lr: 0.000057, batch_cost: 0.0864, reader_cost: 0.03765, ips: 46.2698 samples/sec, max_mem_reserved: 1219 MB, max_mem_allocated: 1081 MB | ETA 00:24:49
[2026/10/07 00:35:25] INFO: [TRAIN] epoch: 3, iter: 780/18000, loss: 0.0780, lr: 0.000057, batch_cost: 0.0853, reader_cost: 0.03699, ips: 46.8695 samples/sec, max_mem_reserved: 1219 MB, max_mem_allocated: 1081 MB | ETA 00:24:29
[2026/10/07 00:35:26] INFO: [TRAIN] epoch: 3, iter: 790/18000, loss: 0.0668, lr: 0.000057, batch_cost: 0.0865, reader_cost: 0.03715, ips: 46.2394 samples/sec, max_mem_reserved: 1219 MB, max_mem_allocated: 1081 MB | ETA 00:24:48
[2026/10/07 00:35:27] INFO: [TRAIN] epoch: 3, iter: 800/18000, loss: 0.0789, lr: 0.000057, batch_cost: 0.0879, reader_cost: 0.03981, ips: 45.4957 samples/sec, max_mem_reserved: 1219 MB, max_mem_allocated: 1081 MB | ETA 00:25:12
[2026/10/07 00:35:28] INFO: [TRAIN] epoch: 3, iter: 810/18000, loss: 0.0772, lr: 0.000057, batch_cost: 0.0841, reader_cost: 0.03582, ips: 47.5463 samples/sec, max_mem_reserved: 1219 MB, max_mem_allocated: 1081 MB | ETA 00:24:06
[2026/10/07 00:35:29] INFO: [TRAIN] epoch: 3, iter: 820/18000, loss: 0.0730, lr: 0.000057, batch_cost: 0.0844, reader_cost: 0.03626, ips: 47.4094 samples/sec, max_mem_reserved: 1219 MB, max_mem_allocated: 1081 MB | ETA 00:24:09
[2026/10/07 00:35:30] INFO: [TRAIN] epoch: 3, iter: 830/18000, loss: 0.0737, lr: 0.000057, batch_cost: 0.0912, reader_cost: 0.04170, ips: 43.8431 samples/sec, max_mem_reserved: 1219 MB, max_mem_allocated: 1081 MB | ETA 00:26:06
[2026/10/07 00:35:31] INFO: [TRAIN] epoch: 3, iter: 840/18000, loss: 0.0780, lr: 0.000057, batch_cost: 0.0837, reader_cost: 0.03532, ips: 47.7796 samples/sec, max_mem_reserved: 1219 MB, max_mem_allocated: 1081 MB | ETA 00:23:56
[2026/10/07 00:35:32] INFO: [TRAIN] epoch: 3, iter: 850/18000, loss: 0.0702, lr: 0.000057, batch_cost: 0.0920, reader_cost: 0.04442, ips: 43.4785 samples/sec, max_mem_reserved: 1219 MB, max_mem_allocated: 1081 MB | ETA 00:26:17
[2026/10/07 00:35:33] INFO: [TRAIN] epoch: 3, iter: 860/18000, loss: 0.0751, lr: 0.000057, batch_cost: 0.0913, reader_cost: 0.04053, ips: 43.7878 samples/sec, max_mem_reserved: 1219 MB, max_mem_allocated: 1081 MB | ETA 00:26:05
[2026/10/07 00:35:34] INFO: [TRAIN] epoch: 3, iter: 870/18000, loss: 0.0729, lr: 0.000057, batch_cost: 0.0891, reader_cost: 0.03946, ips: 44.8796 samples/sec, max_mem_reserved: 1219 MB, max_mem_allocated: 1081 MB | ETA 00:25:26
[2026/10/07 00:35:35] INFO: [TRAIN] epoch: 3, iter: 880/18000, loss: 0.0679, lr: 0.000057, batch_cost: 0.0917, reader_cost: 0.04344, ips: 43.6373 samples/sec, max_mem_reserved: 1219 MB, max_mem_allocated: 1081 MB | ETA 00:26:09
[2026/10/07 00:35:36] INFO: [TRAIN] epoch: 3, iter: 890/18000, loss: 0.0708, lr: 0.000057, batch_cost: 0.0900, reader_cost: 0.04045, ips: 44.4200 samples/sec, max_mem_reserved: 1219 MB, max_mem_allocated: 1081 MB | ETA 00:25:40
[2026/10/07 00:35:37] INFO: [TRAIN] epoch: 3, iter: 900/18000, loss: 0.0656, lr: 0.000057, batch_cost: 0.0944, reader_cost: 0.04450, ips: 42.3695 samples/sec, max_mem_reserved: 1219 MB, max_mem_allocated: 1081 MB | ETA 00:26:54
[2026/10/07 00:35:38] INFO: [TRAIN] epoch: 3, iter: 910/18000, loss: 0.0631, lr: 0.000057, batch_cost: 0.0841, reader_cost: 0.03542, ips: 47.5819 samples/sec, max_mem_reserved: 1219 MB, max_mem_allocated: 1081 MB | ETA 00:23:56
[2026/10/07 00:35:39] INFO: [TRAIN] epoch: 3, iter: 920/18000, loss: 0.0614, lr: 0.000057, batch_cost: 0.0897, reader_cost: 0.04060, ips: 44.6060 samples/sec, max_mem_reserved: 1219 MB, max_mem_allocated: 1081 MB | ETA 00:25:31
[2026/10/07 00:35:40] INFO: [TRAIN] epoch: 3, iter: 930/18000, loss: 0.0599, lr: 0.000057, batch_cost: 0.0896, reader_cost: 0.04214, ips: 44.6285 samples/sec, max_mem_reserved: 1219 MB, max_mem_allocated: 1081 MB | ETA 00:25:29
[2026/10/07 00:35:41] INFO: [TRAIN] epoch: 3, iter: 940/18000, loss: 0.0731, lr: 0.000057, batch_cost: 0.0928, reader_cost: 0.04217, ips: 43.1255 samples/sec, max_mem_reserved: 1219 MB, max_mem_allocated: 1081 MB | ETA 00:26:22
[2026/10/07 00:35:42] INFO: [TRAIN] epoch: 3, iter: 950/18000, loss: 0.0579, lr: 0.000057, batch_cost: 0.0901, reader_cost: 0.04188, ips: 44.3756 samples/sec, max_mem_reserved: 1219 MB, max_mem_allocated: 1081 MB | ETA 00:25:36
[2026/10/07 00:35:43] INFO: [TRAIN] epoch: 3, iter: 960/18000, loss: 0.0707, lr: 0.000057, batch_cost: 0.0886, reader_cost: 0.04148, ips: 45.1566 samples/sec, max_mem_reserved: 1219 MB, max_mem_allocated: 1081 MB | ETA 00:25:09
[2026/10/07 00:35:44] INFO: [TRAIN] epoch: 3, iter: 970/18000, loss: 0.0630, lr: 0.000057, batch_cost: 0.0895, reader_cost: 0.04101, ips: 44.7098 samples/sec, max_mem_reserved: 1219 MB, max_mem_allocated: 1081 MB | ETA 00:25:23
[2026/10/07 00:35:45] INFO: [TRAIN] epoch: 3, iter: 980/18000, loss: 0.0654, lr: 0.000057, batch_cost: 0.0898, reader_cost: 0.04087, ips: 44.5607 samples/sec, max_mem_reserved: 1219 MB, max_mem_allocated: 1081 MB | ETA 00:25:27
[2026/10/07 00:35:46] INFO: [TRAIN] epoch: 3, iter: 990/18000, loss: 0.0540, lr: 0.000057, batch_cost: 0.0928, reader_cost: 0.04406, ips: 43.1209 samples/sec, max_mem_reserved: 1219 MB, max_mem_allocated: 1081 MB | ETA 00:26:17
[2026/10/07 00:35:47] INFO: [TRAIN] epoch: 3, iter: 1000/18000, loss: 0.0679, lr: 0.000057, batch_cost: 0.0892, reader_cost: 0.03892, ips: 44.8378 samples/sec, max_mem_reserved: 1219 MB, max_mem_allocated: 1081 MB | ETA 00:25:16
[2026/10/07 00:35:47] INFO: Start evaluating (total_samples: 177, total_iters: 177)...

  1/177 [..............................] - ETA: 28s - batch_cost: 0.1598 - reader cost: 0.0436
  3/177 [..............................] - ETA: 12s - batch_cost: 0.0729 - reader cost: 0.0150
  5/177 [..............................] - ETA: 10s - batch_cost: 0.0619 - reader cost: 0.0097
  7/177 [>.............................] - ETA: 9s - batch_cost: 0.0587 - reader cost: 0.0069 
  9/177 [>.............................] - ETA: 9s - batch_cost: 0.0545 - reader cost: 0.0055
 11/177 [>.............................] - ETA: 8s - batch_cost: 0.0533 - reader cost: 0.0046
 13/177 [=>............................] - ETA: 8s - batch_cost: 0.0511 - reader cost: 0.0039
 15/177 [=>............................] - ETA: 8s - batch_cost: 0.0505 - reader cost: 0.0034
 17/177 [=>............................] - ETA: 7s - batch_cost: 0.0494 - reader cost: 0.0030
 19/177 [==>...........................] - ETA: 7s - batch_cost: 0.0487 - reader cost: 0.0027
 21/177 [==>...........................] - ETA: 7s - batch_cost: 0.0483 - reader cost: 0.0025
 23/177 [==>...........................] - ETA: 7s - batch_cost: 0.0479 - reader cost: 0.0022
 25/177 [===>..........................] - ETA: 7s - batch_cost: 0.0476 - reader cost: 0.0021
 27/177 [===>..........................] - ETA: 7s - batch_cost: 0.0474 - reader cost: 0.0019
 29/177 [===>..........................] - ETA: 7s - batch_cost: 0.0476 - reader cost: 0.0018
 31/177 [====>.........................] - ETA: 6s - batch_cost: 0.0471 - reader cost: 0.0017
 33/177 [====>.........................] - ETA: 6s - batch_cost: 0.0468 - reader cost: 0.0016
 35/177 [====>.........................] - ETA: 6s - batch_cost: 0.0467 - reader cost: 0.0015
 37/177 [=====>........................] - ETA: 6s - batch_cost: 0.0466 - reader cost: 0.0014
 39/177 [=====>........................] - ETA: 6s - batch_cost: 0.0464 - reader cost: 0.0014
 41/177 [=====>........................] - ETA: 6s - batch_cost: 0.0462 - reader cost: 0.0013
 43/177 [======>.......................] - ETA: 6s - batch_cost: 0.0461 - reader cost: 0.0013
 45/177 [======>.......................] - ETA: 6s - batch_cost: 0.0460 - reader cost: 0.0012
 47/177 [======>.......................] - ETA: 5s - batch_cost: 0.0458 - reader cost: 0.0012
 49/177 [=======>......................] - ETA: 5s - batch_cost: 0.0458 - reader cost: 0.0011
 51/177 [=======>......................] - ETA: 5s - batch_cost: 0.0457 - reader cost: 0.0011
 53/177 [=======>......................] - ETA: 5s - batch_cost: 0.0457 - reader cost: 0.0010
 55/177 [========>.....................] - ETA: 5s - batch_cost: 0.0456 - reader cost: 0.0010
 57/177 [========>.....................] - ETA: 5s - batch_cost: 0.0457 - reader cost: 9.6749e-04
 59/177 [=========>....................] - ETA: 5s - batch_cost: 0.0457 - reader cost: 9.3469e-04
 61/177 [=========>....................] - ETA: 5s - batch_cost: 0.0457 - reader cost: 9.0405e-04
 63/177 [=========>....................] - ETA: 5s - batch_cost: 0.0456 - reader cost: 8.7535e-04
 65/177 [==========>...................] - ETA: 5s - batch_cost: 0.0455 - reader cost: 8.6380e-04
 67/177 [==========>...................] - ETA: 5s - batch_cost: 0.0454 - reader cost: 8.5289e-04
 69/177 [==========>...................] - ETA: 4s - batch_cost: 0.0453 - reader cost: 8.2817e-04
 71/177 [===========>..................] - ETA: 4s - batch_cost: 0.0453 - reader cost: 8.0484e-04
 73/177 [===========>..................] - ETA: 4s - batch_cost: 0.0452 - reader cost: 7.8279e-04
 75/177 [===========>..................] - ETA: 4s - batch_cost: 0.0452 - reader cost: 7.6192e-04
 77/177 [============>.................] - ETA: 4s - batch_cost: 0.0451 - reader cost: 7.4213e-04
 79/177 [============>.................] - ETA: 4s - batch_cost: 0.0451 - reader cost: 7.2334e-04
 81/177 [============>.................] - ETA: 4s - batch_cost: 0.0451 - reader cost: 7.0548e-04
 83/177 [=============>................] - ETA: 4s - batch_cost: 0.0451 - reader cost: 6.8848e-04
 85/177 [=============>................] - ETA: 4s - batch_cost: 0.0451 - reader cost: 6.7228e-04
 87/177 [=============>................] - ETA: 4s - batch_cost: 0.0451 - reader cost: 6.5683e-04
 89/177 [==============>...............] - ETA: 3s - batch_cost: 0.0450 - reader cost: 6.4207e-04
 91/177 [==============>...............] - ETA: 3s - batch_cost: 0.0450 - reader cost: 6.2796e-04
 93/177 [==============>...............] - ETA: 3s - batch_cost: 0.0450 - reader cost: 6.2521e-04
 95/177 [===============>..............] - ETA: 3s - batch_cost: 0.0450 - reader cost: 6.1204e-04
 97/177 [===============>..............] - ETA: 3s - batch_cost: 0.0449 - reader cost: 5.9942e-04
 99/177 [===============>..............] - ETA: 3s - batch_cost: 0.0450 - reader cost: 5.9745e-04
101/177 [================>.............] - ETA: 3s - batch_cost: 0.0450 - reader cost: 5.8562e-04
103/177 [================>.............] - ETA: 3s - batch_cost: 0.0449 - reader cost: 5.7425e-04
105/177 [================>.............] - ETA: 3s - batch_cost: 0.0449 - reader cost: 5.7291e-04
107/177 [=================>............] - ETA: 3s - batch_cost: 0.0449 - reader cost: 5.6220e-04
109/177 [=================>............] - ETA: 3s - batch_cost: 0.0449 - reader cost: 5.5189e-04
111/177 [=================>............] - ETA: 2s - batch_cost: 0.0449 - reader cost: 5.4194e-04
113/177 [==================>...........] - ETA: 2s - batch_cost: 0.0449 - reader cost: 5.3235e-04
115/177 [==================>...........] - ETA: 2s - batch_cost: 0.0448 - reader cost: 5.2309e-04
117/177 [==================>...........] - ETA: 2s - batch_cost: 0.0448 - reader cost: 5.1415e-04
119/177 [===================>..........] - ETA: 2s - batch_cost: 0.0447 - reader cost: 5.0551e-04
121/177 [===================>..........] - ETA: 2s - batch_cost: 0.0447 - reader cost: 4.9716e-04
123/177 [===================>..........] - ETA: 2s - batch_cost: 0.0447 - reader cost: 4.8907e-04
125/177 [====================>.........] - ETA: 2s - batch_cost: 0.0447 - reader cost: 4.8125e-04
127/177 [====================>.........] - ETA: 2s - batch_cost: 0.0446 - reader cost: 4.8943e-04
129/177 [====================>.........] - ETA: 2s - batch_cost: 0.0446 - reader cost: 4.8184e-04
131/177 [=====================>........] - ETA: 2s - batch_cost: 0.0446 - reader cost: 4.7448e-04
133/177 [=====================>........] - ETA: 1s - batch_cost: 0.0446 - reader cost: 4.6735e-04
135/177 [=====================>........] - ETA: 1s - batch_cost: 0.0446 - reader cost: 4.6043e-04
137/177 [======================>.......] - ETA: 1s - batch_cost: 0.0446 - reader cost: 4.5370e-04
139/177 [======================>.......] - ETA: 1s - batch_cost: 0.0446 - reader cost: 4.4718e-04
141/177 [======================>.......] - ETA: 1s - batch_cost: 0.0445 - reader cost: 4.4083e-04
143/177 [=======================>......] - ETA: 1s - batch_cost: 0.0445 - reader cost: 4.3467e-04
145/177 [=======================>......] - ETA: 1s - batch_cost: 0.0445 - reader cost: 4.2867e-04
147/177 [=======================>......] - ETA: 1s - batch_cost: 0.0445 - reader cost: 4.2284e-04
149/177 [========================>.....] - ETA: 1s - batch_cost: 0.0445 - reader cost: 4.2390e-04
151/177 [========================>.....] - ETA: 1s - batch_cost: 0.0445 - reader cost: 4.1828e-04
153/177 [========================>.....] - ETA: 1s - batch_cost: 0.0445 - reader cost: 4.1281e-04
155/177 [=========================>....] - ETA: 0s - batch_cost: 0.0445 - reader cost: 4.0749e-04
157/177 [=========================>....] - ETA: 0s - batch_cost: 0.0445 - reader cost: 4.1196e-04
159/177 [=========================>....] - ETA: 0s - batch_cost: 0.0445 - reader cost: 4.0678e-04
161/177 [==========================>...] - ETA: 0s - batch_cost: 0.0444 - reader cost: 4.0172e-04
163/177 [==========================>...] - ETA: 0s - batch_cost: 0.0444 - reader cost: 4.0293e-04
165/177 [==========================>...] - ETA: 0s - batch_cost: 0.0444 - reader cost: 3.9805e-04
167/177 [===========================>..] - ETA: 0s - batch_cost: 0.0444 - reader cost: 3.9328e-04
169/177 [===========================>..] - ETA: 0s - batch_cost: 0.0444 - reader cost: 3.9166e-04
171/177 [===========================>..] - ETA: 0s - batch_cost: 0.0444 - reader cost: 3.8708e-04
173/177 [============================>.] - ETA: 0s - batch_cost: 0.0444 - reader cost: 3.8260e-04
175/177 [============================>.] - ETA: 0s - batch_cost: 0.0444 - reader cost: 3.7823e-04
177/177 [==============================] - 8s 44ms/step - batch_cost: 0.0443 - reader cost: 3.7395e-04
[2026/10/07 00:35:55] INFO: [EVAL] #Images: 177 mIoU: 0.8200 Acc: 0.9859 Kappa: 0.7839 Dice: 0.8919
[2026/10/07 00:35:55] INFO: [EVAL] Class IoU: 
[0.9855 0.6545]
[2026/10/07 00:35:55] INFO: [EVAL] Class Precision: 
[0.9946 0.7491]
[2026/10/07 00:35:55] INFO: [EVAL] Class Recall: 
[0.9907 0.8382]
[2026/10/07 00:35:55] INFO: Start evaluating (total_samples: 177, total_iters: 177)...

  1/177 [..............................] - ETA: 8s - batch_cost: 0.0463 - reader cost: 0.0336
  3/177 [..............................] - ETA: 7s - batch_cost: 0.0453 - reader cost: 0.0226
  5/177 [..............................] - ETA: 7s - batch_cost: 0.0440 - reader cost: 0.0135
  7/177 [>.............................] - ETA: 7s - batch_cost: 0.0438 - reader cost: 0.0097
  9/177 [>.............................] - ETA: 7s - batch_cost: 0.0436 - reader cost: 0.0075
 11/177 [>.............................] - ETA: 7s - batch_cost: 0.0435 - reader cost: 0.0062
 13/177 [=>............................] - ETA: 7s - batch_cost: 0.0436 - reader cost: 0.0052
 15/177 [=>............................] - ETA: 7s - batch_cost: 0.0433 - reader cost: 0.0045
 17/177 [=>............................] - ETA: 6s - batch_cost: 0.0432 - reader cost: 0.0040
 19/177 [==>...........................] - ETA: 6s - batch_cost: 0.0432 - reader cost: 0.0036
 21/177 [==>...........................] - ETA: 6s - batch_cost: 0.0431 - reader cost: 0.0032
 23/177 [==>...........................] - ETA: 6s - batch_cost: 0.0430 - reader cost: 0.0029
 25/177 [===>..........................] - ETA: 6s - batch_cost: 0.0430 - reader cost: 0.0027
 27/177 [===>..........................] - ETA: 6s - batch_cost: 0.0430 - reader cost: 0.0025
 29/177 [===>..........................] - ETA: 6s - batch_cost: 0.0430 - reader cost: 0.0023
 31/177 [====>.........................] - ETA: 6s - batch_cost: 0.0429 - reader cost: 0.0022
 33/177 [====>.........................] - ETA: 6s - batch_cost: 0.0429 - reader cost: 0.0021
 35/177 [====>.........................] - ETA: 6s - batch_cost: 0.0429 - reader cost: 0.0019
 37/177 [=====>........................] - ETA: 6s - batch_cost: 0.0429 - reader cost: 0.0018
 39/177 [=====>........................] - ETA: 5s - batch_cost: 0.0428 - reader cost: 0.0017
 41/177 [=====>........................] - ETA: 5s - batch_cost: 0.0429 - reader cost: 0.0017
 43/177 [======>.......................] - ETA: 5s - batch_cost: 0.0428 - reader cost: 0.0016
 45/177 [======>.......................] - ETA: 5s - batch_cost: 0.0428 - reader cost: 0.0016
 47/177 [======>.......................] - ETA: 5s - batch_cost: 0.0428 - reader cost: 0.0015
 49/177 [=======>......................] - ETA: 5s - batch_cost: 0.0428 - reader cost: 0.0014
 51/177 [=======>......................] - ETA: 5s - batch_cost: 0.0428 - reader cost: 0.0014
 53/177 [=======>......................] - ETA: 5s - batch_cost: 0.0428 - reader cost: 0.0013
 55/177 [========>.....................] - ETA: 5s - batch_cost: 0.0428 - reader cost: 0.0013
 57/177 [========>.....................] - ETA: 5s - batch_cost: 0.0428 - reader cost: 0.0012
 59/177 [=========>....................] - ETA: 5s - batch_cost: 0.0428 - reader cost: 0.0012
 61/177 [=========>....................] - ETA: 4s - batch_cost: 0.0428 - reader cost: 0.0012
 63/177 [=========>....................] - ETA: 4s - batch_cost: 0.0428 - reader cost: 0.0011
 65/177 [==========>...................] - ETA: 4s - batch_cost: 0.0428 - reader cost: 0.0011
 67/177 [==========>...................] - ETA: 4s - batch_cost: 0.0428 - reader cost: 0.0011
 69/177 [==========>...................] - ETA: 4s - batch_cost: 0.0427 - reader cost: 0.0010
 71/177 [===========>..................] - ETA: 4s - batch_cost: 0.0428 - reader cost: 0.0010
 73/177 [===========>..................] - ETA: 4s - batch_cost: 0.0428 - reader cost: 9.8498e-04
 75/177 [===========>..................] - ETA: 4s - batch_cost: 0.0427 - reader cost: 9.5871e-04
 77/177 [============>.................] - ETA: 4s - batch_cost: 0.0427 - reader cost: 9.3381e-04
 79/177 [============>.................] - ETA: 4s - batch_cost: 0.0428 - reader cost: 9.1017e-04
 81/177 [============>.................] - ETA: 4s - batch_cost: 0.0427 - reader cost: 8.8770e-04
 83/177 [=============>................] - ETA: 4s - batch_cost: 0.0427 - reader cost: 8.6631e-04
 85/177 [=============>................] - ETA: 3s - batch_cost: 0.0427 - reader cost: 8.4592e-04
 87/177 [=============>................] - ETA: 3s - batch_cost: 0.0427 - reader cost: 8.2648e-04
 89/177 [==============>...............] - ETA: 3s - batch_cost: 0.0427 - reader cost: 8.0790e-04
 91/177 [==============>...............] - ETA: 3s - batch_cost: 0.0427 - reader cost: 7.9015e-04
 93/177 [==============>...............] - ETA: 3s - batch_cost: 0.0427 - reader cost: 7.8390e-04
 95/177 [===============>..............] - ETA: 3s - batch_cost: 0.0427 - reader cost: 7.6740e-04
 97/177 [===============>..............] - ETA: 3s - batch_cost: 0.0427 - reader cost: 7.5158e-04
 99/177 [===============>..............] - ETA: 3s - batch_cost: 0.0427 - reader cost: 7.3640e-04
101/177 [================>.............] - ETA: 3s - batch_cost: 0.0427 - reader cost: 7.2181e-04
103/177 [================>.............] - ETA: 3s - batch_cost: 0.0427 - reader cost: 7.0780e-04
105/177 [================>.............] - ETA: 3s - batch_cost: 0.0427 - reader cost: 6.9432e-04
107/177 [=================>............] - ETA: 2s - batch_cost: 0.0427 - reader cost: 6.8134e-04
109/177 [=================>............] - ETA: 2s - batch_cost: 0.0427 - reader cost: 6.6884e-04
111/177 [=================>............] - ETA: 2s - batch_cost: 0.0427 - reader cost: 6.5679e-04
113/177 [==================>...........] - ETA: 2s - batch_cost: 0.0427 - reader cost: 6.4516e-04
115/177 [==================>...........] - ETA: 2s - batch_cost: 0.0427 - reader cost: 6.3394e-04
117/177 [==================>...........] - ETA: 2s - batch_cost: 0.0427 - reader cost: 6.2310e-04
119/177 [===================>..........] - ETA: 2s - batch_cost: 0.0427 - reader cost: 6.1263e-04
121/177 [===================>..........] - ETA: 2s - batch_cost: 0.0427 - reader cost: 6.0251e-04
123/177 [===================>..........] - ETA: 2s - batch_cost: 0.0427 - reader cost: 6.0084e-04
125/177 [====================>.........] - ETA: 2s - batch_cost: 0.0427 - reader cost: 5.9122e-04
127/177 [====================>.........] - ETA: 2s - batch_cost: 0.0427 - reader cost: 5.8191e-04
129/177 [====================>.........] - ETA: 2s - batch_cost: 0.0427 - reader cost: 5.7289e-04
131/177 [=====================>........] - ETA: 1s - batch_cost: 0.0427 - reader cost: 5.6415e-04
133/177 [=====================>........] - ETA: 1s - batch_cost: 0.0427 - reader cost: 5.5566e-04
135/177 [=====================>........] - ETA: 1s - batch_cost: 0.0427 - reader cost: 5.4743e-04
137/177 [======================>.......] - ETA: 1s - batch_cost: 0.0427 - reader cost: 5.3944e-04
139/177 [======================>.......] - ETA: 1s - batch_cost: 0.0427 - reader cost: 5.3168e-04
141/177 [======================>.......] - ETA: 1s - batch_cost: 0.0427 - reader cost: 5.2414e-04
143/177 [=======================>......] - ETA: 1s - batch_cost: 0.0427 - reader cost: 5.1680e-04
145/177 [=======================>......] - ETA: 1s - batch_cost: 0.0427 - reader cost: 5.0968e-04
147/177 [=======================>......] - ETA: 1s - batch_cost: 0.0427 - reader cost: 5.0274e-04
149/177 [========================>.....] - ETA: 1s - batch_cost: 0.0427 - reader cost: 5.0278e-04
151/177 [========================>.....] - ETA: 1s - batch_cost: 0.0427 - reader cost: 4.9972e-04
153/177 [========================>.....] - ETA: 1s - batch_cost: 0.0427 - reader cost: 4.9974e-04
155/177 [=========================>....] - ETA: 0s - batch_cost: 0.0427 - reader cost: 4.9329e-04
157/177 [=========================>....] - ETA: 0s - batch_cost: 0.0427 - reader cost: 4.8701e-04
159/177 [=========================>....] - ETA: 0s - batch_cost: 0.0427 - reader cost: 4.8088e-04
161/177 [==========================>...] - ETA: 0s - batch_cost: 0.0427 - reader cost: 4.7491e-04
163/177 [==========================>...] - ETA: 0s - batch_cost: 0.0428 - reader cost: 4.6908e-04
165/177 [==========================>...] - ETA: 0s - batch_cost: 0.0427 - reader cost: 4.6340e-04
167/177 [===========================>..] - ETA: 0s - batch_cost: 0.0427 - reader cost: 4.5785e-04
169/177 [===========================>..] - ETA: 0s - batch_cost: 0.0427 - reader cost: 4.5243e-04
171/177 [===========================>..] - ETA: 0s - batch_cost: 0.0427 - reader cost: 4.4714e-04
173/177 [============================>.] - ETA: 0s - batch_cost: 0.0427 - reader cost: 4.4197e-04
175/177 [============================>.] - ETA: 0s - batch_cost: 0.0427 - reader cost: 4.3692e-04
177/177 [==============================] - 8s 43ms/step - batch_cost: 0.0427 - reader cost: 4.3198e-04
[2026/10/07 00:36:03] INFO: [EVAL] #Images: 177 mIoU: 0.7795 Acc: 0.9824 Kappa: 0.7227 Dice: 0.8614
[2026/10/07 00:36:03] INFO: [EVAL] Class IoU: 
[0.982  0.5771]
[2026/10/07 00:36:03] INFO: [EVAL] Class Precision: 
[0.9918 0.7135]
[2026/10/07 00:36:03] INFO: [EVAL] Class Recall: 
[0.99   0.7511]
[2026/10/07 00:36:03] INFO: [EVAL] The model with the best validation mIoU (0.8200) was saved at iter 1000.
[2026/10/07 00:36:03] INFO: [EVAL] The EMA model with the best validation mIoU (0.7795) was saved at iter 1000.
[2026/10/07 00:36:04] INFO: [TRAIN] epoch: 3, iter: 1010/18000, loss: 0.0648, lr: 0.000057, batch_cost: 0.0505, reader_cost: 0.00112, ips: 79.1378 samples/sec, max_mem_reserved: 1731 MB, max_mem_allocated: 1081 MB | ETA 00:14:18
[2026/10/07 00:36:05] INFO: [TRAIN] epoch: 3, iter: 1020/18000, loss: 0.0633, lr: 0.000057, batch_cost: 0.0804, reader_cost: 0.03014, ips: 49.7665 samples/sec, max_mem_reserved: 1731 MB, max_mem_allocated: 1081 MB | ETA 00:22:44
[2026/10/07 00:36:06] INFO: [TRAIN] epoch: 3, iter: 1030/18000, loss: 0.0605, lr: 0.000057, batch_cost: 0.0825, reader_cost: 0.03281, ips: 48.4585 samples/sec, max_mem_reserved: 1731 MB, max_mem_allocated: 1081 MB | ETA 00:23:20
[2026/10/07 00:36:06] INFO: [TRAIN] epoch: 3, iter: 1040/18000, loss: 0.0565, lr: 0.000057, batch_cost: 0.0825, reader_cost: 0.03455, ips: 48.5080 samples/sec, max_mem_reserved: 1731 MB, max_mem_allocated: 1081 MB | ETA 00:23:18
[2026/10/07 00:36:07] INFO: [TRAIN] epoch: 3, iter: 1050/18000, loss: 0.0624, lr: 0.000057, batch_cost: 0.0827, reader_cost: 0.03436, ips: 48.3909 samples/sec, max_mem_reserved: 1731 MB, max_mem_allocated: 1081 MB | ETA 00:23:21
[2026/10/07 00:36:08] INFO: [TRAIN] epoch: 4, iter: 1060/18000, loss: 0.0661, lr: 0.000056, batch_cost: 0.0899, reader_cost: 0.04103, ips: 44.4825 samples/sec, max_mem_reserved: 1731 MB, max_mem_allocated: 1081 MB | ETA 00:25:23
[2026/10/07 00:36:09] INFO: [TRAIN] epoch: 4, iter: 1070/18000, loss: 0.0581, lr: 0.000056, batch_cost: 0.0791, reader_cost: 0.02897, ips: 50.5470 samples/sec, max_mem_reserved: 1731 MB, max_mem_allocated: 1081 MB | ETA 00:22:19
[2026/10/07 00:36:10] INFO: [TRAIN] epoch: 4, iter: 1080/18000, loss: 0.0751, lr: 0.000056, batch_cost: 0.0786, reader_cost: 0.02935, ips: 50.9127 samples/sec, max_mem_reserved: 1731 MB, max_mem_allocated: 1081 MB | ETA 00:22:09
[2026/10/07 00:36:11] INFO: [TRAIN] epoch: 4, iter: 1090/18000, loss: 0.0523, lr: 0.000056, batch_cost: 0.0848, reader_cost: 0.03700, ips: 47.1640 samples/sec, max_mem_reserved: 1731 MB, max_mem_allocated: 1081 MB | ETA 00:23:54
[2026/10/07 00:36:12] INFO: [TRAIN] epoch: 4, iter: 1100/18000, loss: 0.0754, lr: 0.000056, batch_cost: 0.0885, reader_cost: 0.03895, ips: 45.1854 samples/sec, max_mem_reserved: 1731 MB, max_mem_allocated: 1081 MB | ETA 00:24:56
[2026/10/07 00:36:13] INFO: [TRAIN] epoch: 4, iter: 1110/18000, loss: 0.0557, lr: 0.000056, batch_cost: 0.0867, reader_cost: 0.03911, ips: 46.1466 samples/sec, max_mem_reserved: 1731 MB, max_mem_allocated: 1081 MB | ETA 00:24:24
[2026/10/07 00:36:14] INFO: [TRAIN] epoch: 4, iter: 1120/18000, loss: 0.0627, lr: 0.000056, batch_cost: 0.0811, reader_cost: 0.03246, ips: 49.3256 samples/sec, max_mem_reserved: 1731 MB, max_mem_allocated: 1081 MB | ETA 00:22:48
[2026/10/07 00:36:15] INFO: [TRAIN] epoch: 4, iter: 1130/18000, loss: 0.0608, lr: 0.000056, batch_cost: 0.0797, reader_cost: 0.03160, ips: 50.1674 samples/sec, max_mem_reserved: 1731 MB, max_mem_allocated: 1081 MB | ETA 00:22:25
[2026/10/07 00:36:16] INFO: [TRAIN] epoch: 4, iter: 1140/18000, loss: 0.0573, lr: 0.000056, batch_cost: 0.0837, reader_cost: 0.03447, ips: 47.8128 samples/sec, max_mem_reserved: 1731 MB, max_mem_allocated: 1081 MB | ETA 00:23:30
[2026/10/07 00:36:17] INFO: [TRAIN] epoch: 4, iter: 1150/18000, loss: 0.0708, lr: 0.000056, batch_cost: 0.0828, reader_cost: 0.03440, ips: 48.2841 samples/sec, max_mem_reserved: 1731 MB, max_mem_allocated: 1081 MB | ETA 00:23:15
[2026/10/07 00:36:18] INFO: [TRAIN] epoch: 4, iter: 1160/18000, loss: 0.0479, lr: 0.000056, batch_cost: 0.0833, reader_cost: 0.03288, ips: 48.0306 samples/sec, max_mem_reserved: 1731 MB, max_mem_allocated: 1081 MB | ETA 00:23:22
[2026/10/07 00:36:19] INFO: [TRAIN] epoch: 4, iter: 1170/18000, loss: 0.0711, lr: 0.000056, batch_cost: 0.0792, reader_cost: 0.03088, ips: 50.5293 samples/sec, max_mem_reserved: 1731 MB, max_mem_allocated: 1081 MB | ETA 00:22:12
[2026/10/07 00:36:20] INFO: [TRAIN] epoch: 4, iter: 1180/18000, loss: 0.0570, lr: 0.000056, batch_cost: 0.0814, reader_cost: 0.03224, ips: 49.1478 samples/sec, max_mem_reserved: 1731 MB, max_mem_allocated: 1081 MB | ETA 00:22:48
[2026/10/07 00:36:21] INFO: [TRAIN] epoch: 4, iter: 1190/18000, loss: 0.0562, lr: 0.000056, batch_cost: 0.0778, reader_cost: 0.02835, ips: 51.4087 samples/sec, max_mem_reserved: 1731 MB, max_mem_allocated: 1081 MB | ETA 00:21:47
[2026/10/07 00:36:22] INFO: [TRAIN] epoch: 4, iter: 1200/18000, loss: 0.0561, lr: 0.000056, batch_cost: 0.0831, reader_cost: 0.03307, ips: 48.1336 samples/sec, max_mem_reserved: 1731 MB, max_mem_allocated: 1081 MB | ETA 00:23:16
[2026/10/07 00:36:23] INFO: [TRAIN] epoch: 4, iter: 1210/18000, loss: 0.0709, lr: 0.000056, batch_cost: 0.0809, reader_cost: 0.03189, ips: 49.4741 samples/sec, max_mem_reserved: 1731 MB, max_mem_allocated: 1081 MB | ETA 00:22:37
[2026/10/07 00:36:24] INFO: [TRAIN] epoch: 4, iter: 1220/18000, loss: 0.0532, lr: 0.000056, batch_cost: 0.0780, reader_cost: 0.02956, ips: 51.2604 samples/sec, max_mem_reserved: 1731 MB, max_mem_allocated: 1081 MB | ETA 00:21:49
[2026/10/07 00:36:24] INFO: [TRAIN] epoch: 4, iter: 1230/18000, loss: 0.0733, lr: 0.000056, batch_cost: 0.0789, reader_cost: 0.03060, ips: 50.7088 samples/sec, max_mem_reserved: 1731 MB, max_mem_allocated: 1081 MB | ETA 00:22:02
[2026/10/07 00:36:25] INFO: [TRAIN] epoch: 4, iter: 1240/18000, loss: 0.0611, lr: 0.000056, batch_cost: 0.0835, reader_cost: 0.03360, ips: 47.9113 samples/sec, max_mem_reserved: 1731 MB, max_mem_allocated: 1081 MB | ETA 00:23:19
[2026/10/07 00:36:26] INFO: [TRAIN] epoch: 4, iter: 1250/18000, loss: 0.0600, lr: 0.000056, batch_cost: 0.0830, reader_cost: 0.03287, ips: 48.1858 samples/sec, max_mem_reserved: 1731 MB, max_mem_allocated: 1081 MB | ETA 00:23:10
[2026/10/07 00:36:27] INFO: [TRAIN] epoch: 4, iter: 1260/18000, loss: 0.0655, lr: 0.000056, batch_cost: 0.0823, reader_cost: 0.03398, ips: 48.6301 samples/sec, max_mem_reserved: 1731 MB, max_mem_allocated: 1081 MB | ETA 00:22:56
[2026/10/07 00:36:28] INFO: [TRAIN] epoch: 4, iter: 1270/18000, loss: 0.0753, lr: 0.000056, batch_cost: 0.0857, reader_cost: 0.03537, ips: 46.6762 samples/sec, max_mem_reserved: 1731 MB, max_mem_allocated: 1081 MB | ETA 00:23:53
[2026/10/07 00:36:29] INFO: [TRAIN] epoch: 4, iter: 1280/18000, loss: 0.0628, lr: 0.000056, batch_cost: 0.0823, reader_cost: 0.03307, ips: 48.6093 samples/sec, max_mem_reserved: 1731 MB, max_mem_allocated: 1081 MB | ETA 00:22:55
[2026/10/07 00:36:30] INFO: [TRAIN] epoch: 4, iter: 1290/18000, loss: 0.0816, lr: 0.000056, batch_cost: 0.0845, reader_cost: 0.03437, ips: 47.3562 samples/sec, max_mem_reserved: 1731 MB, max_mem_allocated: 1081 MB | ETA 00:23:31
[2026/10/07 00:36:31] INFO: [TRAIN] epoch: 4, iter: 1300/18000, loss: 0.0558, lr: 0.000056, batch_cost: 0.0788, reader_cost: 0.02937, ips: 50.7663 samples/sec, max_mem_reserved: 1731 MB, max_mem_allocated: 1081 MB | ETA 00:21:55
[2026/10/07 00:36:32] INFO: [TRAIN] epoch: 4, iter: 1310/18000, loss: 0.0773, lr: 0.000056, batch_cost: 0.0828, reader_cost: 0.03493, ips: 48.3037 samples/sec, max_mem_reserved: 1731 MB, max_mem_allocated: 1081 MB | ETA 00:23:02
[2026/10/07 00:36:33] INFO: [TRAIN] epoch: 4, iter: 1320/18000, loss: 0.0671, lr: 0.000056, batch_cost: 0.0841, reader_cost: 0.03443, ips: 47.5395 samples/sec, max_mem_reserved: 1731 MB, max_mem_allocated: 1081 MB | ETA 00:23:23
[2026/10/07 00:36:34] INFO: [TRAIN] epoch: 4, iter: 1330/18000, loss: 0.0648, lr: 0.000056, batch_cost: 0.0870, reader_cost: 0.03903, ips: 45.9843 samples/sec, max_mem_reserved: 1731 MB, max_mem_allocated: 1081 MB | ETA 00:24:10
[2026/10/07 00:36:35] INFO: [TRAIN] epoch: 4, iter: 1340/18000, loss: 0.0531, lr: 0.000056, batch_cost: 0.0820, reader_cost: 0.03351, ips: 48.7944 samples/sec, max_mem_reserved: 1731 MB, max_mem_allocated: 1081 MB | ETA 00:22:45
[2026/10/07 00:36:36] INFO: [TRAIN] epoch: 4, iter: 1350/18000, loss: 0.0586, lr: 0.000056, batch_cost: 0.0831, reader_cost: 0.03497, ips: 48.1076 samples/sec, max_mem_reserved: 1731 MB, max_mem_allocated: 1081 MB | ETA 00:23:04
[2026/10/07 00:36:37] INFO: [TRAIN] epoch: 4, iter: 1360/18000, loss: 0.0751, lr: 0.000055, batch_cost: 0.0830, reader_cost: 0.03572, ips: 48.1835 samples/sec, max_mem_reserved: 1731 MB, max_mem_allocated: 1081 MB | ETA 00:23:01
[2026/10/07 00:36:38] INFO: [TRAIN] epoch: 4, iter: 1370/18000, loss: 0.0586, lr: 0.000055, batch_cost: 0.0806, reader_cost: 0.03193, ips: 49.6318 samples/sec, max_mem_reserved: 1731 MB, max_mem_allocated: 1081 MB | ETA 00:22:20
[2026/10/07 00:36:39] INFO: [TRAIN] epoch: 4, iter: 1380/18000, loss: 0.0623, lr: 0.000055, batch_cost: 0.0844, reader_cost: 0.03448, ips: 47.3716 samples/sec, max_mem_reserved: 1731 MB, max_mem_allocated: 1081 MB | ETA 00:23:23
[2026/10/07 00:36:40] INFO: [TRAIN] epoch: 4, iter: 1390/18000, loss: 0.0562, lr: 0.000055, batch_cost: 0.0863, reader_cost: 0.03746, ips: 46.3441 samples/sec, max_mem_reserved: 1731 MB, max_mem_allocated: 1081 MB | ETA 00:23:53
[2026/10/07 00:36:41] INFO: [TRAIN] epoch: 4, iter: 1400/18000, loss: 0.0546, lr: 0.000055, batch_cost: 0.0844, reader_cost: 0.03686, ips: 47.3890 samples/sec, max_mem_reserved: 1731 MB, max_mem_allocated: 1081 MB | ETA 00:23:21
[2026/10/07 00:36:42] INFO: [TRAIN] epoch: 5, iter: 1410/18000, loss: 0.0485, lr: 0.000055, batch_cost: 0.0856, reader_cost: 0.03846, ips: 46.7471 samples/sec, max_mem_reserved: 1731 MB, max_mem_allocated: 1081 MB | ETA 00:23:39
[2026/10/07 00:36:43] INFO: [TRAIN] epoch: 5, iter: 1420/18000, loss: 0.0614, lr: 0.000055, batch_cost: 0.0851, reader_cost: 0.03575, ips: 47.0156 samples/sec, max_mem_reserved: 1731 MB, max_mem_allocated: 1081 MB | ETA 00:23:30
[2026/10/07 00:36:44] INFO: [TRAIN] epoch: 5, iter: 1430/18000, loss: 0.0564, lr: 0.000055, batch_cost: 0.0849, reader_cost: 0.03696, ips: 47.1249 samples/sec, max_mem_reserved: 1731 MB, max_mem_allocated: 1081 MB | ETA 00:23:26
[2026/10/07 00:36:45] INFO: [TRAIN] epoch: 5, iter: 1440/18000, loss: 0.0653, lr: 0.000055, batch_cost: 0.0820, reader_cost: 0.03417, ips: 48.8073 samples/sec, max_mem_reserved: 1731 MB, max_mem_allocated: 1081 MB | ETA 00:22:37
[2026/10/07 00:36:46] INFO: [TRAIN] epoch: 5, iter: 1450/18000, loss: 0.0448, lr: 0.000055, batch_cost: 0.0807, reader_cost: 0.03313, ips: 49.5621 samples/sec, max_mem_reserved: 1731 MB, max_mem_allocated: 1081 MB | ETA 00:22:15
[2026/10/07 00:36:47] INFO: [TRAIN] epoch: 5, iter: 1460/18000, loss: 0.0585, lr: 0.000055, batch_cost: 0.0849, reader_cost: 0.03738, ips: 47.1416 samples/sec, max_mem_reserved: 1731 MB, max_mem_allocated: 1081 MB | ETA 00:23:23
[2026/10/07 00:36:48] INFO: [TRAIN] epoch: 5, iter: 1470/18000, loss: 0.0487, lr: 0.000055, batch_cost: 0.0869, reader_cost: 0.03959, ips: 46.0354 samples/sec, max_mem_reserved: 1731 MB, max_mem_allocated: 1081 MB | ETA 00:23:56
[2026/10/07 00:36:48] INFO: [TRAIN] epoch: 5, iter: 1480/18000, loss: 0.0553, lr: 0.000055, batch_cost: 0.0822, reader_cost: 0.03425, ips: 48.6821 samples/sec, max_mem_reserved: 1731 MB, max_mem_allocated: 1081 MB | ETA 00:22:37
[2026/10/07 00:36:49] INFO: [TRAIN] epoch: 5, iter: 1490/18000, loss: 0.0481, lr: 0.000055, batch_cost: 0.0784, reader_cost: 0.02881, ips: 51.0517 samples/sec, max_mem_reserved: 1731 MB, max_mem_allocated: 1081 MB | ETA 00:21:33
[2026/10/07 00:36:50] INFO: [TRAIN] epoch: 5, iter: 1500/18000, loss: 0.0538, lr: 0.000055, batch_cost: 0.0829, reader_cost: 0.03485, ips: 48.2782 samples/sec, max_mem_reserved: 1731 MB, max_mem_allocated: 1081 MB | ETA 00:22:47
[2026/10/07 00:36:51] INFO: [TRAIN] epoch: 5, iter: 1510/18000, loss: 0.0441, lr: 0.000055, batch_cost: 0.0816, reader_cost: 0.03175, ips: 49.0418 samples/sec, max_mem_reserved: 1731 MB, max_mem_allocated: 1081 MB | ETA 00:22:24
[2026/10/07 00:36:52] INFO: [TRAIN] epoch: 5, iter: 1520/18000, loss: 0.0519, lr: 0.000055, batch_cost: 0.0812, reader_cost: 0.03255, ips: 49.2325 samples/sec, max_mem_reserved: 1731 MB, max_mem_allocated: 1081 MB | ETA 00:22:18
[2026/10/07 00:36:53] INFO: [TRAIN] epoch: 5, iter: 1530/18000, loss: 0.0602, lr: 0.000055, batch_cost: 0.0838, reader_cost: 0.03685, ips: 47.7512 samples/sec, max_mem_reserved: 1731 MB, max_mem_allocated: 1081 MB | ETA 00:22:59
[2026/10/07 00:36:54] INFO: [TRAIN] epoch: 5, iter: 1540/18000, loss: 0.0497, lr: 0.000055, batch_cost: 0.0832, reader_cost: 0.03522, ips: 48.0798 samples/sec, max_mem_reserved: 1731 MB, max_mem_allocated: 1081 MB | ETA 00:22:49
[2026/10/07 00:36:55] INFO: [TRAIN] epoch: 5, iter: 1550/18000, loss: 0.0459, lr: 0.000055, batch_cost: 0.0847, reader_cost: 0.03765, ips: 47.2222 samples/sec, max_mem_reserved: 1731 MB, max_mem_allocated: 1081 MB | ETA 00:23:13
[2026/10/07 00:36:56] INFO: [TRAIN] epoch: 5, iter: 1560/18000, loss: 0.0590, lr: 0.000055, batch_cost: 0.0871, reader_cost: 0.03998, ips: 45.9256 samples/sec, max_mem_reserved: 1731 MB, max_mem_allocated: 1081 MB | ETA 00:23:51
[2026/10/07 00:36:57] INFO: [TRAIN] epoch: 5, iter: 1570/18000, loss: 0.0546, lr: 0.000055, batch_cost: 0.0798, reader_cost: 0.03085, ips: 50.0978 samples/sec, max_mem_reserved: 1731 MB, max_mem_allocated: 1081 MB | ETA 00:21:51
[2026/10/07 00:36:58] INFO: [TRAIN] epoch: 5, iter: 1580/18000, loss: 0.0447, lr: 0.000055, batch_cost: 0.0850, reader_cost: 0.03612, ips: 47.0517 samples/sec, max_mem_reserved: 1731 MB, max_mem_allocated: 1081 MB | ETA 00:23:15
[2026/10/07 00:36:59] INFO: [TRAIN] epoch: 5, iter: 1590/18000, loss: 0.0594, lr: 0.000055, batch_cost: 0.0821, reader_cost: 0.03394, ips: 48.7213 samples/sec, max_mem_reserved: 1731 MB, max_mem_allocated: 1081 MB | ETA 00:22:27
[2026/10/07 00:37:00] INFO: [TRAIN] epoch: 5, iter: 1600/18000, loss: 0.0455, lr: 0.000055, batch_cost: 0.0862, reader_cost: 0.03661, ips: 46.4186 samples/sec, max_mem_reserved: 1731 MB, max_mem_allocated: 1081 MB | ETA 00:23:33
[2026/10/07 00:37:01] INFO: [TRAIN] epoch: 5, iter: 1610/18000, loss: 0.0521, lr: 0.000055, batch_cost: 0.0835, reader_cost: 0.03685, ips: 47.8988 samples/sec, max_mem_reserved: 1731 MB, max_mem_allocated: 1081 MB | ETA 00:22:48
[2026/10/07 00:37:02] INFO: [TRAIN] epoch: 5, iter: 1620/18000, loss: 0.0470, lr: 0.000055, batch_cost: 0.0799, reader_cost: 0.03056, ips: 50.0447 samples/sec, max_mem_reserved: 1731 MB, max_mem_allocated: 1081 MB | ETA 00:21:49
[2026/10/07 00:37:03] INFO: [TRAIN] epoch: 5, iter: 1630/18000, loss: 0.0549, lr: 0.000055, batch_cost: 0.0806, reader_cost: 0.03223, ips: 49.6162 samples/sec, max_mem_reserved: 1731 MB, max_mem_allocated: 1081 MB | ETA 00:21:59
[2026/10/07 00:37:04] INFO: [TRAIN] epoch: 5, iter: 1640/18000, loss: 0.0556, lr: 0.000055, batch_cost: 0.0817, reader_cost: 0.03343, ips: 48.9563 samples/sec, max_mem_reserved: 1731 MB, max_mem_allocated: 1081 MB | ETA 00:22:16
[2026/10/07 00:37:05] INFO: [TRAIN] epoch: 5, iter: 1650/18000, loss: 0.0502, lr: 0.000055, batch_cost: 0.0840, reader_cost: 0.03462, ips: 47.6097 samples/sec, max_mem_reserved: 1731 MB, max_mem_allocated: 1081 MB | ETA 00:22:53
[2026/10/07 00:37:06] INFO: [TRAIN] epoch: 5, iter: 1660/18000, loss: 0.0484, lr: 0.000054, batch_cost: 0.0846, reader_cost: 0.03679, ips: 47.3079 samples/sec, max_mem_reserved: 1731 MB, max_mem_allocated: 1081 MB | ETA 00:23:01
[2026/10/07 00:37:07] INFO: [TRAIN] epoch: 5, iter: 1670/18000, loss: 0.0659, lr: 0.000054, batch_cost: 0.0850, reader_cost: 0.03753, ips: 47.0375 samples/sec, max_mem_reserved: 1731 MB, max_mem_allocated: 1081 MB | ETA 00:23:08
[2026/10/07 00:37:08] INFO: [TRAIN] epoch: 5, iter: 1680/18000, loss: 0.0576, lr: 0.000054, batch_cost: 0.0849, reader_cost: 0.03617, ips: 47.1077 samples/sec, max_mem_reserved: 1731 MB, max_mem_allocated: 1081 MB | ETA 00:23:05
[2026/10/07 00:37:08] INFO: [TRAIN] epoch: 5, iter: 1690/18000, loss: 0.0464, lr: 0.000054, batch_cost: 0.0852, reader_cost: 0.03706, ips: 46.9726 samples/sec, max_mem_reserved: 1731 MB, max_mem_allocated: 1081 MB | ETA 00:23:08
[2026/10/07 00:37:09] INFO: [TRAIN] epoch: 5, iter: 1700/18000, loss: 0.0515, lr: 0.000054, batch_cost: 0.0822, reader_cost: 0.03444, ips: 48.6794 samples/sec, max_mem_reserved: 1731 MB, max_mem_allocated: 1081 MB | ETA 00:22:19
[2026/10/07 00:37:10] INFO: [TRAIN] epoch: 5, iter: 1710/18000, loss: 0.0532, lr: 0.000054, batch_cost: 0.0822, reader_cost: 0.03515, ips: 48.6378 samples/sec, max_mem_reserved: 1731 MB, max_mem_allocated: 1081 MB | ETA 00:22:19
[2026/10/07 00:37:11] INFO: [TRAIN] epoch: 5, iter: 1720/18000, loss: 0.0401, lr: 0.000054, batch_cost: 0.0854, reader_cost: 0.03784, ips: 46.8113 samples/sec, max_mem_reserved: 1731 MB, max_mem_allocated: 1081 MB | ETA 00:23:11
[2026/10/07 00:37:12] INFO: [TRAIN] epoch: 5, iter: 1730/18000, loss: 0.0465, lr: 0.000054, batch_cost: 0.0838, reader_cost: 0.03364, ips: 47.7114 samples/sec, max_mem_reserved: 1731 MB, max_mem_allocated: 1081 MB | ETA 00:22:44
[2026/10/07 00:37:13] INFO: [TRAIN] epoch: 5, iter: 1740/18000, loss: 0.0461, lr: 0.000054, batch_cost: 0.0855, reader_cost: 0.03688, ips: 46.7700 samples/sec, max_mem_reserved: 1731 MB, max_mem_allocated: 1081 MB | ETA 00:23:10
[2026/10/07 00:37:14] INFO: [TRAIN] epoch: 5, iter: 1750/18000, loss: 0.0477, lr: 0.000054, batch_cost: 0.0811, reader_cost: 0.03320, ips: 49.3271 samples/sec, max_mem_reserved: 1731 MB, max_mem_allocated: 1081 MB | ETA 00:21:57
[2026/10/07 00:37:15] INFO: [TRAIN] epoch: 6, iter: 1760/18000, loss: 0.0550, lr: 0.000054, batch_cost: 0.0861, reader_cost: 0.03723, ips: 46.4643 samples/sec, max_mem_reserved: 1731 MB, max_mem_allocated: 1081 MB | ETA 00:23:18
[2026/10/07 00:37:16] INFO: [TRAIN] epoch: 6, iter: 1770/18000, loss: 0.0580, lr: 0.000054, batch_cost: 0.0813, reader_cost: 0.03185, ips: 49.1752 samples/sec, max_mem_reserved: 1731 MB, max_mem_allocated: 1081 MB | ETA 00:22:00
[2026/10/07 00:37:17] INFO: [TRAIN] epoch: 6, iter: 1780/18000, loss: 0.0552, lr: 0.000054, batch_cost: 0.0850, reader_cost: 0.03695, ips: 47.0817 samples/sec, max_mem_reserved: 1731 MB, max_mem_allocated: 1081 MB | ETA 00:22:58
[2026/10/07 00:37:18] INFO: [TRAIN] epoch: 6, iter: 1790/18000, loss: 0.0370, lr: 0.000054, batch_cost: 0.0886, reader_cost: 0.03858, ips: 45.1666 samples/sec, max_mem_reserved: 1731 MB, max_mem_allocated: 1081 MB | ETA 00:23:55
[2026/10/07 00:37:19] INFO: [TRAIN] epoch: 6, iter: 1800/18000, loss: 0.0522, lr: 0.000054, batch_cost: 0.0775, reader_cost: 0.02826, ips: 51.5919 samples/sec, max_mem_reserved: 1731 MB, max_mem_allocated: 1081 MB | ETA 00:20:56
[2026/10/07 00:37:20] INFO: [TRAIN] epoch: 6, iter: 1810/18000, loss: 0.0512, lr: 0.000054, batch_cost: 0.0878, reader_cost: 0.03867, ips: 45.5779 samples/sec, max_mem_reserved: 1731 MB, max_mem_allocated: 1081 MB | ETA 00:23:40
[2026/10/07 00:37:21] INFO: [TRAIN] epoch: 6, iter: 1820/18000, loss: 0.0652, lr: 0.000054, batch_cost: 0.0795, reader_cost: 0.03154, ips: 50.3437 samples/sec, max_mem_reserved: 1731 MB, max_mem_allocated: 1081 MB | ETA 00:21:25
[2026/10/07 00:37:22] INFO: [TRAIN] epoch: 6, iter: 1830/18000, loss: 0.0408, lr: 0.000054, batch_cost: 0.0838, reader_cost: 0.03457, ips: 47.7473 samples/sec, max_mem_reserved: 1731 MB, max_mem_allocated: 1081 MB | ETA 00:22:34
[2026/10/07 00:37:23] INFO: [TRAIN] epoch: 6, iter: 1840/18000, loss: 0.0407, lr: 0.000054, batch_cost: 0.0843, reader_cost: 0.03527, ips: 47.4642 samples/sec, max_mem_reserved: 1731 MB, max_mem_allocated: 1081 MB | ETA 00:22:41
[2026/10/07 00:37:24] INFO: [TRAIN] epoch: 6, iter: 1850/18000, loss: 0.0496, lr: 0.000054, batch_cost: 0.0778, reader_cost: 0.02944, ips: 51.4411 samples/sec, max_mem_reserved: 1731 MB, max_mem_allocated: 1081 MB | ETA 00:20:55
[2026/10/07 00:37:25] INFO: [TRAIN] epoch: 6, iter: 1860/18000, loss: 0.0518, lr: 0.000054, batch_cost: 0.0834, reader_cost: 0.03342, ips: 47.9394 samples/sec, max_mem_reserved: 1731 MB, max_mem_allocated: 1081 MB | ETA 00:22:26
[2026/10/07 00:37:26] INFO: [TRAIN] epoch: 6, iter: 1870/18000, loss: 0.0398, lr: 0.000054, batch_cost: 0.0793, reader_cost: 0.02899, ips: 50.4558 samples/sec, max_mem_reserved: 1731 MB, max_mem_allocated: 1081 MB | ETA 00:21:18
[2026/10/07 00:37:27] INFO: [TRAIN] epoch: 6, iter: 1880/18000, loss: 0.0646, lr: 0.000054, batch_cost: 0.0805, reader_cost: 0.03097, ips: 49.6928 samples/sec, max_mem_reserved: 1731 MB, max_mem_allocated: 1081 MB | ETA 00:21:37
[2026/10/07 00:37:28] INFO: [TRAIN] epoch: 6, iter: 1890/18000, loss: 0.0509, lr: 0.000054, batch_cost: 0.0843, reader_cost: 0.03579, ips: 47.4617 samples/sec, max_mem_reserved: 1731 MB, max_mem_allocated: 1081 MB | ETA 00:22:37
[2026/10/07 00:37:28] INFO: [TRAIN] epoch: 6, iter: 1900/18000, loss: 0.0611, lr: 0.000054, batch_cost: 0.0806, reader_cost: 0.03032, ips: 49.6502 samples/sec, max_mem_reserved: 1731 MB, max_mem_allocated: 1081 MB | ETA 00:21:37
[2026/10/07 00:37:29] INFO: [TRAIN] epoch: 6, iter: 1910/18000, loss: 0.0493, lr: 0.000054, batch_cost: 0.0803, reader_cost: 0.03013, ips: 49.7960 samples/sec, max_mem_reserved: 1731 MB, max_mem_allocated: 1081 MB | ETA 00:21:32
[2026/10/07 00:37:30] INFO: [TRAIN] epoch: 6, iter: 1920/18000, loss: 0.0436, lr: 0.000054, batch_cost: 0.0815, reader_cost: 0.03167, ips: 49.0615 samples/sec, max_mem_reserved: 1731 MB, max_mem_allocated: 1081 MB | ETA 00:21:51
[2026/10/07 00:37:31] INFO: [TRAIN] epoch: 6, iter: 1930/18000, loss: 0.0562, lr: 0.000054, batch_cost: 0.0811, reader_cost: 0.03066, ips: 49.3384 samples/sec, max_mem_reserved: 1731 MB, max_mem_allocated: 1081 MB | ETA 00:21:42
[2026/10/07 00:37:32] INFO: [TRAIN] epoch: 6, iter: 1940/18000, loss: 0.0536, lr: 0.000054, batch_cost: 0.0797, reader_cost: 0.03108, ips: 50.2052 samples/sec, max_mem_reserved: 1731 MB, max_mem_allocated: 1081 MB | ETA 00:21:19
[2026/10/07 00:37:33] INFO: [TRAIN] epoch: 6, iter: 1950/18000, loss: 0.0495, lr: 0.000054, batch_cost: 0.0787, reader_cost: 0.02874, ips: 50.8553 samples/sec, max_mem_reserved: 1731 MB, max_mem_allocated: 1081 MB | ETA 00:21:02
[2026/10/07 00:37:34] INFO: [TRAIN] epoch: 6, iter: 1960/18000, loss: 0.0549, lr: 0.000053, batch_cost: 0.0822, reader_cost: 0.03314, ips: 48.6356 samples/sec, max_mem_reserved: 1731 MB, max_mem_allocated: 1081 MB | ETA 00:21:59
[2026/10/07 00:37:35] INFO: [TRAIN] epoch: 6, iter: 1970/18000, loss: 0.0560, lr: 0.000053, batch_cost: 0.0837, reader_cost: 0.03274, ips: 47.7968 samples/sec, max_mem_reserved: 1731 MB, max_mem_allocated: 1081 MB | ETA 00:22:21
[2026/10/07 00:37:36] INFO: [TRAIN] epoch: 6, iter: 1980/18000, loss: 0.0604, lr: 0.000053, batch_cost: 0.0846, reader_cost: 0.03488, ips: 47.2561 samples/sec, max_mem_reserved: 1731 MB, max_mem_allocated: 1081 MB | ETA 00:22:36
[2026/10/07 00:37:37] INFO: [TRAIN] epoch: 6, iter: 1990/18000, loss: 0.0587, lr: 0.000053, batch_cost: 0.0827, reader_cost: 0.03363, ips: 48.3587 samples/sec, max_mem_reserved: 1731 MB, max_mem_allocated: 1081 MB | ETA 00:22:04
[2026/10/07 00:37:38] INFO: [TRAIN] epoch: 6, iter: 2000/18000, loss: 0.0421, lr: 0.000053, batch_cost: 0.0837, reader_cost: 0.03466, ips: 47.7637 samples/sec, max_mem_reserved: 1731 MB, max_mem_allocated: 1081 MB | ETA 00:22:19
[2026/10/07 00:37:38] INFO: Start evaluating (total_samples: 177, total_iters: 177)...

  1/177 [..............................] - ETA: 8s - batch_cost: 0.0485 - reader cost: 0.0395
  3/177 [..............................] - ETA: 8s - batch_cost: 0.0484 - reader cost: 0.0255
  5/177 [..............................] - ETA: 8s - batch_cost: 0.0467 - reader cost: 0.0153
  6/177 [>.............................] - ETA: 8s - batch_cost: 0.0476 - reader cost: 0.0128
  8/177 [>.............................] - ETA: 7s - batch_cost: 0.0465 - reader cost: 0.0096
 10/177 [>.............................] - ETA: 7s - batch_cost: 0.0451 - reader cost: 0.0077
 12/177 [=>............................] - ETA: 7s - batch_cost: 0.0450 - reader cost: 0.0064
 14/177 [=>............................] - ETA: 7s - batch_cost: 0.0446 - reader cost: 0.0055
 16/177 [=>............................] - ETA: 7s - batch_cost: 0.0443 - reader cost: 0.0048
 18/177 [==>...........................] - ETA: 7s - batch_cost: 0.0441 - reader cost: 0.0044
 20/177 [==>...........................] - ETA: 6s - batch_cost: 0.0443 - reader cost: 0.0039
 22/177 [==>...........................] - ETA: 6s - batch_cost: 0.0440 - reader cost: 0.0036
 24/177 [===>..........................] - ETA: 6s - batch_cost: 0.0438 - reader cost: 0.0033
 26/177 [===>..........................] - ETA: 6s - batch_cost: 0.0438 - reader cost: 0.0031
 28/177 [===>..........................] - ETA: 6s - batch_cost: 0.0437 - reader cost: 0.0028
 30/177 [====>.........................] - ETA: 6s - batch_cost: 0.0436 - reader cost: 0.0027
 32/177 [====>.........................] - ETA: 6s - batch_cost: 0.0436 - reader cost: 0.0025
 34/177 [====>.........................] - ETA: 6s - batch_cost: 0.0435 - reader cost: 0.0023
 36/177 [=====>........................] - ETA: 6s - batch_cost: 0.0435 - reader cost: 0.0022
 38/177 [=====>........................] - ETA: 6s - batch_cost: 0.0434 - reader cost: 0.0021
 40/177 [=====>........................] - ETA: 5s - batch_cost: 0.0434 - reader cost: 0.0020
 42/177 [======>.......................] - ETA: 5s - batch_cost: 0.0433 - reader cost: 0.0019
 44/177 [======>.......................] - ETA: 5s - batch_cost: 0.0433 - reader cost: 0.0018
 46/177 [======>.......................] - ETA: 5s - batch_cost: 0.0433 - reader cost: 0.0017
 48/177 [=======>......................] - ETA: 5s - batch_cost: 0.0432 - reader cost: 0.0017
 50/177 [=======>......................] - ETA: 5s - batch_cost: 0.0432 - reader cost: 0.0016
 52/177 [=======>......................] - ETA: 5s - batch_cost: 0.0432 - reader cost: 0.0015
 54/177 [========>.....................] - ETA: 5s - batch_cost: 0.0431 - reader cost: 0.0015
 56/177 [========>.....................] - ETA: 5s - batch_cost: 0.0431 - reader cost: 0.0015
 58/177 [========>.....................] - ETA: 5s - batch_cost: 0.0431 - reader cost: 0.0014
 60/177 [=========>....................] - ETA: 5s - batch_cost: 0.0431 - reader cost: 0.0014
 62/177 [=========>....................] - ETA: 4s - batch_cost: 0.0431 - reader cost: 0.0013
 64/177 [=========>....................] - ETA: 4s - batch_cost: 0.0430 - reader cost: 0.0013
 66/177 [==========>...................] - ETA: 4s - batch_cost: 0.0430 - reader cost: 0.0013
 68/177 [==========>...................] - ETA: 4s - batch_cost: 0.0430 - reader cost: 0.0012
 70/177 [==========>...................] - ETA: 4s - batch_cost: 0.0430 - reader cost: 0.0012
 72/177 [===========>..................] - ETA: 4s - batch_cost: 0.0430 - reader cost: 0.0011
 74/177 [===========>..................] - ETA: 4s - batch_cost: 0.0430 - reader cost: 0.0011
 76/177 [===========>..................] - ETA: 4s - batch_cost: 0.0430 - reader cost: 0.0011
 78/177 [============>.................] - ETA: 4s - batch_cost: 0.0430 - reader cost: 0.0011
 80/177 [============>.................] - ETA: 4s - batch_cost: 0.0430 - reader cost: 0.0010
 82/177 [============>.................] - ETA: 4s - batch_cost: 0.0429 - reader cost: 0.0010
 84/177 [=============>................] - ETA: 4s - batch_cost: 0.0429 - reader cost: 9.9419e-04
 86/177 [=============>................] - ETA: 3s - batch_cost: 0.0429 - reader cost: 9.8270e-04
 88/177 [=============>................] - ETA: 3s - batch_cost: 0.0429 - reader cost: 9.6036e-04
 90/177 [==============>...............] - ETA: 3s - batch_cost: 0.0429 - reader cost: 9.3902e-04
 92/177 [==============>...............] - ETA: 3s - batch_cost: 0.0429 - reader cost: 9.1861e-04
 94/177 [==============>...............] - ETA: 3s - batch_cost: 0.0429 - reader cost: 8.9906e-04
 96/177 [===============>..............] - ETA: 3s - batch_cost: 0.0429 - reader cost: 8.8033e-04
 98/177 [===============>..............] - ETA: 3s - batch_cost: 0.0429 - reader cost: 8.6237e-04
100/177 [===============>..............] - ETA: 3s - batch_cost: 0.0429 - reader cost: 8.4512e-04
102/177 [================>.............] - ETA: 3s - batch_cost: 0.0429 - reader cost: 8.2855e-04
104/177 [================>.............] - ETA: 3s - batch_cost: 0.0428 - reader cost: 8.1262e-04
106/177 [================>.............] - ETA: 3s - batch_cost: 0.0428 - reader cost: 8.0689e-04
108/177 [=================>............] - ETA: 2s - batch_cost: 0.0428 - reader cost: 7.9194e-04
110/177 [=================>............] - ETA: 2s - batch_cost: 0.0428 - reader cost: 7.7755e-04
112/177 [=================>............] - ETA: 2s - batch_cost: 0.0428 - reader cost: 7.6366e-04
114/177 [==================>...........] - ETA: 2s - batch_cost: 0.0428 - reader cost: 7.5026e-04
116/177 [==================>...........] - ETA: 2s - batch_cost: 0.0428 - reader cost: 7.3733e-04
118/177 [===================>..........] - ETA: 2s - batch_cost: 0.0428 - reader cost: 7.2483e-04
120/177 [===================>..........] - ETA: 2s - batch_cost: 0.0428 - reader cost: 7.1275e-04
122/177 [===================>..........] - ETA: 2s - batch_cost: 0.0428 - reader cost: 7.0107e-04
124/177 [====================>.........] - ETA: 2s - batch_cost: 0.0428 - reader cost: 6.8976e-04
126/177 [====================>.........] - ETA: 2s - batch_cost: 0.0428 - reader cost: 6.7881e-04
128/177 [====================>.........] - ETA: 2s - batch_cost: 0.0428 - reader cost: 6.6820e-04
130/177 [=====================>........] - ETA: 2s - batch_cost: 0.0428 - reader cost: 6.6562e-04
132/177 [=====================>........] - ETA: 1s - batch_cost: 0.0428 - reader cost: 6.5553e-04
134/177 [=====================>........] - ETA: 1s - batch_cost: 0.0428 - reader cost: 6.4575e-04
136/177 [======================>.......] - ETA: 1s - batch_cost: 0.0428 - reader cost: 6.3625e-04
138/177 [======================>.......] - ETA: 1s - batch_cost: 0.0428 - reader cost: 6.2703e-04
140/177 [======================>.......] - ETA: 1s - batch_cost: 0.0428 - reader cost: 6.1807e-04
142/177 [=======================>......] - ETA: 1s - batch_cost: 0.0428 - reader cost: 6.0937e-04
144/177 [=======================>......] - ETA: 1s - batch_cost: 0.0428 - reader cost: 6.0783e-04
146/177 [=======================>......] - ETA: 1s - batch_cost: 0.0428 - reader cost: 5.9951e-04
148/177 [========================>.....] - ETA: 1s - batch_cost: 0.0428 - reader cost: 5.9141e-04
150/177 [========================>.....] - ETA: 1s - batch_cost: 0.0428 - reader cost: 5.8352e-04
152/177 [========================>.....] - ETA: 1s - batch_cost: 0.0428 - reader cost: 5.7584e-04
154/177 [=========================>....] - ETA: 0s - batch_cost: 0.0428 - reader cost: 5.6837e-04
156/177 [=========================>....] - ETA: 0s - batch_cost: 0.0428 - reader cost: 5.6108e-04
158/177 [=========================>....] - ETA: 0s - batch_cost: 0.0428 - reader cost: 5.5398e-04
160/177 [==========================>...] - ETA: 0s - batch_cost: 0.0428 - reader cost: 5.4705e-04
162/177 [==========================>...] - ETA: 0s - batch_cost: 0.0428 - reader cost: 5.4030e-04
164/177 [==========================>...] - ETA: 0s - batch_cost: 0.0428 - reader cost: 5.3371e-04
166/177 [===========================>..] - ETA: 0s - batch_cost: 0.0428 - reader cost: 5.2728e-04
168/177 [===========================>..] - ETA: 0s - batch_cost: 0.0427 - reader cost: 5.2100e-04
170/177 [===========================>..] - ETA: 0s - batch_cost: 0.0427 - reader cost: 5.1487e-04
172/177 [============================>.] - ETA: 0s - batch_cost: 0.0427 - reader cost: 5.0889e-04
174/177 [============================>.] - ETA: 0s - batch_cost: 0.0427 - reader cost: 5.0304e-04
176/177 [============================>.] - ETA: 0s - batch_cost: 0.0427 - reader cost: 4.9732e-04
177/177 [==============================] - 8s 43ms/step - batch_cost: 0.0427 - reader cost: 4.9451e-04
[2026/10/07 00:37:46] INFO: [EVAL] #Images: 177 mIoU: 0.8450 Acc: 0.9881 Kappa: 0.8190 Dice: 0.9095
[2026/10/07 00:37:46] INFO: [EVAL] Class IoU: 
[0.9878 0.7023]
[2026/10/07 00:37:46] INFO: [EVAL] Class Precision: 
[0.9958 0.7808]
[2026/10/07 00:37:46] INFO: [EVAL] Class Recall: 
[0.9919 0.8747]
[2026/10/07 00:37:46] INFO: Start evaluating (total_samples: 177, total_iters: 177)...

  1/177 [..............................] - ETA: 7s - batch_cost: 0.0415 - reader cost: 0.0304
  3/177 [..............................] - ETA: 7s - batch_cost: 0.0424 - reader cost: 0.0193
  5/177 [..............................] - ETA: 7s - batch_cost: 0.0425 - reader cost: 0.0116
  7/177 [>.............................] - ETA: 7s - batch_cost: 0.0428 - reader cost: 0.0083
  9/177 [>.............................] - ETA: 7s - batch_cost: 0.0436 - reader cost: 0.0064
 11/177 [>.............................] - ETA: 7s - batch_cost: 0.0432 - reader cost: 0.0053
 13/177 [=>............................] - ETA: 7s - batch_cost: 0.0430 - reader cost: 0.0048
 15/177 [=>............................] - ETA: 6s - batch_cost: 0.0429 - reader cost: 0.0041
 17/177 [=>............................] - ETA: 6s - batch_cost: 0.0429 - reader cost: 0.0036
 19/177 [==>...........................] - ETA: 6s - batch_cost: 0.0429 - reader cost: 0.0033
 21/177 [==>...........................] - ETA: 6s - batch_cost: 0.0429 - reader cost: 0.0030
 23/177 [==>...........................] - ETA: 6s - batch_cost: 0.0429 - reader cost: 0.0027
 25/177 [===>..........................] - ETA: 6s - batch_cost: 0.0428 - reader cost: 0.0025
 27/177 [===>..........................] - ETA: 6s - batch_cost: 0.0428 - reader cost: 0.0023
 29/177 [===>..........................] - ETA: 6s - batch_cost: 0.0428 - reader cost: 0.0021
 31/177 [====>.........................] - ETA: 6s - batch_cost: 0.0427 - reader cost: 0.0020
 33/177 [====>.........................] - ETA: 6s - batch_cost: 0.0427 - reader cost: 0.0019
 35/177 [====>.........................] - ETA: 6s - batch_cost: 0.0427 - reader cost: 0.0018
 37/177 [=====>........................] - ETA: 5s - batch_cost: 0.0427 - reader cost: 0.0017
 39/177 [=====>........................] - ETA: 5s - batch_cost: 0.0427 - reader cost: 0.0016
 41/177 [=====>........................] - ETA: 5s - batch_cost: 0.0427 - reader cost: 0.0015
 43/177 [======>.......................] - ETA: 5s - batch_cost: 0.0427 - reader cost: 0.0014
 45/177 [======>.......................] - ETA: 5s - batch_cost: 0.0427 - reader cost: 0.0014
 47/177 [======>.......................] - ETA: 5s - batch_cost: 0.0427 - reader cost: 0.0013
 49/177 [=======>......................] - ETA: 5s - batch_cost: 0.0428 - reader cost: 0.0013
 51/177 [=======>......................] - ETA: 5s - batch_cost: 0.0427 - reader cost: 0.0012
 53/177 [=======>......................] - ETA: 5s - batch_cost: 0.0428 - reader cost: 0.0012
 55/177 [========>.....................] - ETA: 5s - batch_cost: 0.0428 - reader cost: 0.0011
 57/177 [========>.....................] - ETA: 5s - batch_cost: 0.0428 - reader cost: 0.0011
 59/177 [=========>....................] - ETA: 5s - batch_cost: 0.0428 - reader cost: 0.0011
 61/177 [=========>....................] - ETA: 4s - batch_cost: 0.0427 - reader cost: 0.0010
 63/177 [=========>....................] - ETA: 4s - batch_cost: 0.0427 - reader cost: 9.8347e-04
 65/177 [==========>...................] - ETA: 4s - batch_cost: 0.0427 - reader cost: 9.6876e-04
 67/177 [==========>...................] - ETA: 4s - batch_cost: 0.0427 - reader cost: 9.3984e-04
 69/177 [==========>...................] - ETA: 4s - batch_cost: 0.0427 - reader cost: 9.1260e-04
 71/177 [===========>..................] - ETA: 4s - batch_cost: 0.0427 - reader cost: 8.8689e-04
 73/177 [===========>..................] - ETA: 4s - batch_cost: 0.0427 - reader cost: 8.6260e-04
 75/177 [===========>..................] - ETA: 4s - batch_cost: 0.0427 - reader cost: 8.3959e-04
 77/177 [============>.................] - ETA: 4s - batch_cost: 0.0427 - reader cost: 8.1779e-04
 79/177 [============>.................] - ETA: 4s - batch_cost: 0.0427 - reader cost: 7.9708e-04
 81/177 [============>.................] - ETA: 4s - batch_cost: 0.0427 - reader cost: 7.7740e-04
 83/177 [=============>................] - ETA: 4s - batch_cost: 0.0427 - reader cost: 7.5867e-04
 85/177 [=============>................] - ETA: 3s - batch_cost: 0.0427 - reader cost: 7.4082e-04
 87/177 [=============>................] - ETA: 3s - batch_cost: 0.0427 - reader cost: 7.3528e-04
 89/177 [==============>...............] - ETA: 3s - batch_cost: 0.0427 - reader cost: 7.1876e-04
 91/177 [==============>...............] - ETA: 3s - batch_cost: 0.0427 - reader cost: 7.0296e-04
 93/177 [==============>...............] - ETA: 3s - batch_cost: 0.0427 - reader cost: 6.8784e-04
 95/177 [===============>..............] - ETA: 3s - batch_cost: 0.0427 - reader cost: 6.7336e-04
 97/177 [===============>..............] - ETA: 3s - batch_cost: 0.0427 - reader cost: 6.5948e-04
 99/177 [===============>..............] - ETA: 3s - batch_cost: 0.0427 - reader cost: 6.4616e-04
101/177 [================>.............] - ETA: 3s - batch_cost: 0.0427 - reader cost: 6.3336e-04
103/177 [================>.............] - ETA: 3s - batch_cost: 0.0427 - reader cost: 6.2106e-04
105/177 [================>.............] - ETA: 3s - batch_cost: 0.0427 - reader cost: 6.0923e-04
107/177 [=================>............] - ETA: 2s - batch_cost: 0.0427 - reader cost: 5.9784e-04
109/177 [=================>............] - ETA: 2s - batch_cost: 0.0427 - reader cost: 5.9598e-04
111/177 [=================>............] - ETA: 2s - batch_cost: 0.0427 - reader cost: 5.8524e-04
113/177 [==================>...........] - ETA: 2s - batch_cost: 0.0427 - reader cost: 5.7488e-04
115/177 [==================>...........] - ETA: 2s - batch_cost: 0.0427 - reader cost: 5.6488e-04
117/177 [==================>...........] - ETA: 2s - batch_cost: 0.0427 - reader cost: 5.5523e-04
119/177 [===================>..........] - ETA: 2s - batch_cost: 0.0427 - reader cost: 5.4590e-04
121/177 [===================>..........] - ETA: 2s - batch_cost: 0.0427 - reader cost: 5.3687e-04
123/177 [===================>..........] - ETA: 2s - batch_cost: 0.0427 - reader cost: 5.2814e-04
125/177 [====================>.........] - ETA: 2s - batch_cost: 0.0427 - reader cost: 5.1969e-04
127/177 [====================>.........] - ETA: 2s - batch_cost: 0.0427 - reader cost: 5.1151e-04
129/177 [====================>.........] - ETA: 2s - batch_cost: 0.0428 - reader cost: 5.0358e-04
131/177 [=====================>........] - ETA: 1s - batch_cost: 0.0427 - reader cost: 4.9589e-04
133/177 [=====================>........] - ETA: 1s - batch_cost: 0.0427 - reader cost: 4.8843e-04
135/177 [=====================>........] - ETA: 1s - batch_cost: 0.0427 - reader cost: 4.8120e-04
137/177 [======================>.......] - ETA: 1s - batch_cost: 0.0427 - reader cost: 4.7417e-04
139/177 [======================>.......] - ETA: 1s - batch_cost: 0.0427 - reader cost: 4.6735e-04
141/177 [======================>.......] - ETA: 1s - batch_cost: 0.0427 - reader cost: 4.6783e-04
143/177 [=======================>......] - ETA: 1s - batch_cost: 0.0427 - reader cost: 4.6129e-04
145/177 [=======================>......] - ETA: 1s - batch_cost: 0.0427 - reader cost: 4.5493e-04
147/177 [=======================>......] - ETA: 1s - batch_cost: 0.0427 - reader cost: 4.5897e-04
149/177 [========================>.....] - ETA: 1s - batch_cost: 0.0427 - reader cost: 4.5281e-04
151/177 [========================>.....] - ETA: 1s - batch_cost: 0.0427 - reader cost: 4.5338e-04
153/177 [========================>.....] - ETA: 1s - batch_cost: 0.0427 - reader cost: 4.5393e-04
155/177 [=========================>....] - ETA: 0s - batch_cost: 0.0427 - reader cost: 4.4808e-04
157/177 [=========================>....] - ETA: 0s - batch_cost: 0.0427 - reader cost: 4.4237e-04
159/177 [=========================>....] - ETA: 0s - batch_cost: 0.0427 - reader cost: 4.4313e-04
161/177 [==========================>...] - ETA: 0s - batch_cost: 0.0427 - reader cost: 4.3762e-04
163/177 [==========================>...] - ETA: 0s - batch_cost: 0.0427 - reader cost: 4.3225e-04
165/177 [==========================>...] - ETA: 0s - batch_cost: 0.0427 - reader cost: 4.2701e-04
167/177 [===========================>..] - ETA: 0s - batch_cost: 0.0427 - reader cost: 4.2589e-04
169/177 [===========================>..] - ETA: 0s - batch_cost: 0.0427 - reader cost: 4.2085e-04
171/177 [===========================>..] - ETA: 0s - batch_cost: 0.0427 - reader cost: 4.1592e-04
173/177 [============================>.] - ETA: 0s - batch_cost: 0.0427 - reader cost: 4.1112e-04
175/177 [============================>.] - ETA: 0s - batch_cost: 0.0427 - reader cost: 4.0642e-04
177/177 [==============================] - 8s 43ms/step - batch_cost: 0.0427 - reader cost: 4.0183e-04
[2026/10/07 00:37:53] INFO: [EVAL] #Images: 177 mIoU: 0.8234 Acc: 0.9861 Kappa: 0.7888 Dice: 0.8944
[2026/10/07 00:37:53] INFO: [EVAL] Class IoU: 
[0.9858 0.661 ]
[2026/10/07 00:37:53] INFO: [EVAL] Class Precision: 
[0.9949 0.7522]
[2026/10/07 00:37:53] INFO: [EVAL] Class Recall: 
[0.9908 0.8449]
[2026/10/07 00:37:53] INFO: [EVAL] The model with the best validation mIoU (0.8450) was saved at iter 2000.
[2026/10/07 00:37:53] INFO: [EVAL] The EMA model with the best validation mIoU (0.8234) was saved at iter 2000.
[2026/10/07 00:37:54] INFO: [TRAIN] epoch: 6, iter: 2010/18000, loss: 0.0442, lr: 0.000053, batch_cost: 0.0481, reader_cost: 0.00015, ips: 83.2165 samples/sec, max_mem_reserved: 1731 MB, max_mem_allocated: 1081 MB | ETA 00:12:48
[2026/10/07 00:37:55] INFO: [TRAIN] epoch: 6, iter: 2020/18000, loss: 0.0449, lr: 0.000053, batch_cost: 0.0838, reader_cost: 0.03473, ips: 47.7501 samples/sec, max_mem_reserved: 1731 MB, max_mem_allocated: 1081 MB | ETA 00:22:18
[2026/10/07 00:37:56] INFO: [TRAIN] epoch: 6, iter: 2030/18000, loss: 0.0460, lr: 0.000053, batch_cost: 0.0813, reader_cost: 0.03205, ips: 49.2303 samples/sec, max_mem_reserved: 1731 MB, max_mem_allocated: 1081 MB | ETA 00:21:37
[2026/10/07 00:37:57] INFO: [TRAIN] epoch: 6, iter: 2040/18000, loss: 0.0543, lr: 0.000053, batch_cost: 0.0842, reader_cost: 0.03449, ips: 47.5167 samples/sec, max_mem_reserved: 1731 MB, max_mem_allocated: 1081 MB | ETA 00:22:23
[2026/10/07 00:37:58] INFO: [TRAIN] epoch: 6, iter: 2050/18000, loss: 0.0471, lr: 0.000053, batch_cost: 0.0832, reader_cost: 0.03375, ips: 48.0532 samples/sec, max_mem_reserved: 1731 MB, max_mem_allocated: 1081 MB | ETA 00:22:07
[2026/10/07 00:37:59] INFO: [TRAIN] epoch: 6, iter: 2060/18000, loss: 0.0448, lr: 0.000053, batch_cost: 0.0839, reader_cost: 0.03641, ips: 47.7034 samples/sec, max_mem_reserved: 1731 MB, max_mem_allocated: 1081 MB | ETA 00:22:16
[2026/10/07 00:38:00] INFO: [TRAIN] epoch: 6, iter: 2070/18000, loss: 0.0348, lr: 0.000053, batch_cost: 0.0829, reader_cost: 0.03311, ips: 48.2261 samples/sec, max_mem_reserved: 1731 MB, max_mem_allocated: 1081 MB | ETA 00:22:01
[2026/10/07 00:38:01] INFO: [TRAIN] epoch: 6, iter: 2080/18000, loss: 0.0465, lr: 0.000053, batch_cost: 0.0832, reader_cost: 0.03390, ips: 48.0636 samples/sec, max_mem_reserved: 1731 MB, max_mem_allocated: 1081 MB | ETA 00:22:04
[2026/10/07 00:38:02] INFO: [TRAIN] epoch: 6, iter: 2090/18000, loss: 0.0412, lr: 0.000053, batch_cost: 0.0808, reader_cost: 0.03253, ips: 49.5103 samples/sec, max_mem_reserved: 1731 MB, max_mem_allocated: 1081 MB | ETA 00:21:25
[2026/10/07 00:38:02] INFO: [TRAIN] epoch: 6, iter: 2100/18000, loss: 0.0405, lr: 0.000053, batch_cost: 0.0793, reader_cost: 0.03110, ips: 50.4473 samples/sec, max_mem_reserved: 1731 MB, max_mem_allocated: 1081 MB | ETA 00:21:00
[2026/10/07 00:38:03] INFO: [TRAIN] epoch: 7, iter: 2110/18000, loss: 0.0518, lr: 0.000053, batch_cost: 0.0841, reader_cost: 0.03544, ips: 47.5732 samples/sec, max_mem_reserved: 1731 MB, max_mem_allocated: 1081 MB | ETA 00:22:16
[2026/10/07 00:38:04] INFO: [TRAIN] epoch: 7, iter: 2120/18000, loss: 0.0491, lr: 0.000053, batch_cost: 0.0800, reader_cost: 0.03313, ips: 49.9919 samples/sec, max_mem_reserved: 1731 MB, max_mem_allocated: 1081 MB | ETA 00:21:10
[2026/10/07 00:38:05] INFO: [TRAIN] epoch: 7, iter: 2130/18000, loss: 0.0515, lr: 0.000053, batch_cost: 0.0859, reader_cost: 0.03545, ips: 46.5632 samples/sec, max_mem_reserved: 1731 MB, max_mem_allocated: 1081 MB | ETA 00:22:43
[2026/10/07 00:38:06] INFO: [TRAIN] epoch: 7, iter: 2140/18000, loss: 0.0527, lr: 0.000053, batch_cost: 0.0780, reader_cost: 0.03007, ips: 51.2837 samples/sec, max_mem_reserved: 1731 MB, max_mem_allocated: 1081 MB | ETA 00:20:37
[2026/10/07 00:38:07] INFO: [TRAIN] epoch: 7, iter: 2150/18000, loss: 0.0449, lr: 0.000053, batch_cost: 0.0802, reader_cost: 0.03321, ips: 49.9028 samples/sec, max_mem_reserved: 1731 MB, max_mem_allocated: 1081 MB | ETA 00:21:10
[2026/10/07 00:38:08] INFO: [TRAIN] epoch: 7, iter: 2160/18000, loss: 0.0407, lr: 0.000053, batch_cost: 0.0819, reader_cost: 0.03306, ips: 48.8505 samples/sec, max_mem_reserved: 1731 MB, max_mem_allocated: 1081 MB | ETA 00:21:37
[2026/10/07 00:38:09] INFO: [TRAIN] epoch: 7, iter: 2170/18000, loss: 0.0429, lr: 0.000053, batch_cost: 0.0830, reader_cost: 0.03356, ips: 48.2132 samples/sec, max_mem_reserved: 1731 MB, max_mem_allocated: 1081 MB | ETA 00:21:53
[2026/10/07 00:38:10] INFO: [TRAIN] epoch: 7, iter: 2180/18000, loss: 0.0404, lr: 0.000053, batch_cost: 0.0836, reader_cost: 0.03506, ips: 47.8677 samples/sec, max_mem_reserved: 1731 MB, max_mem_allocated: 1081 MB | ETA 00:22:01
[2026/10/07 00:38:11] INFO: [TRAIN] epoch: 7, iter: 2190/18000, loss: 0.0375, lr: 0.000053, batch_cost: 0.0786, reader_cost: 0.02999, ips: 50.8937 samples/sec, max_mem_reserved: 1731 MB, max_mem_allocated: 1081 MB | ETA 00:20:42
[2026/10/07 00:38:12] INFO: [TRAIN] epoch: 7, iter: 2200/18000, loss: 0.0517, lr: 0.000053, batch_cost: 0.0806, reader_cost: 0.03155, ips: 49.6207 samples/sec, max_mem_reserved: 1731 MB, max_mem_allocated: 1081 MB | ETA 00:21:13
[2026/10/07 00:38:13] INFO: [TRAIN] epoch: 7, iter: 2210/18000, loss: 0.0668, lr: 0.000053, batch_cost: 0.0837, reader_cost: 0.03497, ips: 47.7755 samples/sec, max_mem_reserved: 1731 MB, max_mem_allocated: 1081 MB | ETA 00:22:02
[2026/10/07 00:38:14] INFO: [TRAIN] epoch: 7, iter: 2220/18000, loss: 0.0633, lr: 0.000053, batch_cost: 0.0840, reader_cost: 0.03267, ips: 47.6387 samples/sec, max_mem_reserved: 1731 MB, max_mem_allocated: 1081 MB | ETA 00:22:04
[2026/10/07 00:38:15] INFO: [TRAIN] epoch: 7, iter: 2230/18000, loss: 0.0683, lr: 0.000053, batch_cost: 0.0818, reader_cost: 0.03266, ips: 48.8878 samples/sec, max_mem_reserved: 1731 MB, max_mem_allocated: 1081 MB | ETA 00:21:30
[2026/10/07 00:38:16] INFO: [TRAIN] epoch: 7, iter: 2240/18000, loss: 0.0511, lr: 0.000053, batch_cost: 0.0842, reader_cost: 0.03564, ips: 47.4803 samples/sec, max_mem_reserved: 1731 MB, max_mem_allocated: 1081 MB | ETA 00:22:07
[2026/10/07 00:38:17] INFO: [TRAIN] epoch: 7, iter: 2250/18000, loss: 0.0568, lr: 0.000053, batch_cost: 0.0836, reader_cost: 0.03413, ips: 47.8708 samples/sec, max_mem_reserved: 1731 MB, max_mem_allocated: 1081 MB | ETA 00:21:56
[2026/10/07 00:38:17] INFO: [TRAIN] epoch: 7, iter: 2260/18000, loss: 0.0535, lr: 0.000052, batch_cost: 0.0796, reader_cost: 0.03073, ips: 50.2326 samples/sec, max_mem_reserved: 1731 MB, max_mem_allocated: 1081 MB | ETA 00:20:53
[2026/10/07 00:38:18] INFO: [TRAIN] epoch: 7, iter: 2270/18000, loss: 0.0391, lr: 0.000052, batch_cost: 0.0851, reader_cost: 0.03545, ips: 46.9901 samples/sec, max_mem_reserved: 1731 MB, max_mem_allocated: 1081 MB | ETA 00:22:19
[2026/10/07 00:38:19] INFO: [TRAIN] epoch: 7, iter: 2280/18000, loss: 0.0368, lr: 0.000052, batch_cost: 0.0836, reader_cost: 0.03404, ips: 47.8301 samples/sec, max_mem_reserved: 1731 MB, max_mem_allocated: 1081 MB | ETA 00:21:54
[2026/10/07 00:38:20] INFO: [TRAIN] epoch: 7, iter: 2290/18000, loss: 0.0434, lr: 0.000052, batch_cost: 0.0796, reader_cost: 0.03130, ips: 50.2343 samples/sec, max_mem_reserved: 1731 MB, max_mem_allocated: 1081 MB | ETA 00:20:50
[2026/10/07 00:38:21] INFO: [TRAIN] epoch: 7, iter: 2300/18000, loss: 0.0422, lr: 0.000052, batch_cost: 0.0850, reader_cost: 0.03578, ips: 47.0796 samples/sec, max_mem_reserved: 1731 MB, max_mem_allocated: 1081 MB | ETA 00:22:13
[2026/10/07 00:38:22] INFO: [TRAIN] epoch: 7, iter: 2310/18000, loss: 0.0500, lr: 0.000052, batch_cost: 0.0827, reader_cost: 0.03327, ips: 48.3451 samples/sec, max_mem_reserved: 1731 MB, max_mem_allocated: 1081 MB | ETA 00:21:38
[2026/10/07 00:38:23] INFO: [TRAIN] epoch: 7, iter: 2320/18000, loss: 0.0381, lr: 0.000052, batch_cost: 0.0808, reader_cost: 0.03043, ips: 49.4934 samples/sec, max_mem_reserved: 1731 MB, max_mem_allocated: 1081 MB | ETA 00:21:07
[2026/10/07 00:38:24] INFO: [TRAIN] epoch: 7, iter: 2330/18000, loss: 0.0445, lr: 0.000052, batch_cost: 0.0827, reader_cost: 0.03456, ips: 48.3650 samples/sec, max_mem_reserved: 1731 MB, max_mem_allocated: 1081 MB | ETA 00:21:35
[2026/10/07 00:38:25] INFO: [TRAIN] epoch: 7, iter: 2340/18000, loss: 0.0483, lr: 0.000052, batch_cost: 0.0810, reader_cost: 0.03213, ips: 49.4083 samples/sec, max_mem_reserved: 1731 MB, max_mem_allocated: 1081 MB | ETA 00:21:07
[2026/10/07 00:38:26] INFO: [TRAIN] epoch: 7, iter: 2350/18000, loss: 0.0551, lr: 0.000052, batch_cost: 0.0832, reader_cost: 0.03329, ips: 48.0822 samples/sec, max_mem_reserved: 1731 MB, max_mem_allocated: 1081 MB | ETA 00:21:41
[2026/10/07 00:38:27] INFO: [TRAIN] epoch: 7, iter: 2360/18000, loss: 0.0437, lr: 0.000052, batch_cost: 0.0852, reader_cost: 0.03447, ips: 46.9360 samples/sec, max_mem_reserved: 1731 MB, max_mem_allocated: 1081 MB | ETA 00:22:12
[2026/10/07 00:38:28] INFO: [TRAIN] epoch: 7, iter: 2370/18000, loss: 0.0397, lr: 0.000052, batch_cost: 0.0845, reader_cost: 0.03520, ips: 47.3206 samples/sec, max_mem_reserved: 1731 MB, max_mem_allocated: 1081 MB | ETA 00:22:01
[2026/10/07 00:38:29] INFO: [TRAIN] epoch: 7, iter: 2380/18000, loss: 0.0445, lr: 0.000052, batch_cost: 0.0820, reader_cost: 0.03341, ips: 48.8052 samples/sec, max_mem_reserved: 1731 MB, max_mem_allocated: 1081 MB | ETA 00:21:20
[2026/10/07 00:38:30] INFO: [TRAIN] epoch: 7, iter: 2390/18000, loss: 0.0518, lr: 0.000052, batch_cost: 0.0803, reader_cost: 0.03104, ips: 49.8246 samples/sec, max_mem_reserved: 1731 MB, max_mem_allocated: 1081 MB | ETA 00:20:53
[2026/10/07 00:38:31] INFO: [TRAIN] epoch: 7, iter: 2400/18000, loss: 0.0519, lr: 0.000052, batch_cost: 0.0829, reader_cost: 0.03438, ips: 48.2378 samples/sec, max_mem_reserved: 1731 MB, max_mem_allocated: 1081 MB | ETA 00:21:33
[2026/10/07 00:38:32] INFO: [TRAIN] epoch: 7, iter: 2410/18000, loss: 0.0334, lr: 0.000052, batch_cost: 0.0863, reader_cost: 0.03673, ips: 46.3624 samples/sec, max_mem_reserved: 1731 MB, max_mem_allocated: 1081 MB | ETA 00:22:25
[2026/10/07 00:38:33] INFO: [TRAIN] epoch: 7, iter: 2420/18000, loss: 0.0465, lr: 0.000052, batch_cost: 0.0816, reader_cost: 0.03304, ips: 49.0187 samples/sec, max_mem_reserved: 1731 MB, max_mem_allocated: 1081 MB | ETA 00:21:11
[2026/10/07 00:38:34] INFO: [TRAIN] epoch: 7, iter: 2430/18000, loss: 0.0378, lr: 0.000052, batch_cost: 0.0792, reader_cost: 0.03042, ips: 50.4945 samples/sec, max_mem_reserved: 1731 MB, max_mem_allocated: 1081 MB | ETA 00:20:33
[2026/10/07 00:38:35] INFO: [TRAIN] epoch: 7, iter: 2440/18000, loss: 0.0522, lr: 0.000052, batch_cost: 0.0851, reader_cost: 0.03659, ips: 47.0100 samples/sec, max_mem_reserved: 1731 MB, max_mem_allocated: 1081 MB | ETA 00:22:03
[2026/10/07 00:38:36] INFO: [TRAIN] epoch: 7, iter: 2450/18000, loss: 0.0437, lr: 0.000052, batch_cost: 0.0786, reader_cost: 0.02925, ips: 50.8739 samples/sec, max_mem_reserved: 1731 MB, max_mem_allocated: 1081 MB | ETA 00:20:22
[2026/10/07 00:38:37] INFO: [TRAIN] epoch: 8, iter: 2460/18000, loss: 0.0579, lr: 0.000052, batch_cost: 0.0959, reader_cost: 0.04873, ips: 41.7076 samples/sec, max_mem_reserved: 1731 MB, max_mem_allocated: 1081 MB | ETA 00:24:50
[2026/10/07 00:38:38] INFO: [TRAIN] epoch: 8, iter: 2470/18000, loss: 0.0545, lr: 0.000052, batch_cost: 0.0857, reader_cost: 0.03846, ips: 46.6640 samples/sec, max_mem_reserved: 1731 MB, max_mem_allocated: 1081 MB | ETA 00:22:11
[2026/10/07 00:38:39] INFO: [TRAIN] epoch: 8, iter: 2480/18000, loss: 0.0461, lr: 0.000052, batch_cost: 0.0865, reader_cost: 0.03848, ips: 46.2237 samples/sec, max_mem_reserved: 1731 MB, max_mem_allocated: 1081 MB | ETA 00:22:23
[2026/10/07 00:38:40] INFO: [TRAIN] epoch: 8, iter: 2490/18000, loss: 0.0405, lr: 0.000052, batch_cost: 0.0856, reader_cost: 0.03761, ips: 46.7303 samples/sec, max_mem_reserved: 1731 MB, max_mem_allocated: 1081 MB | ETA 00:22:07
[2026/10/07 00:38:41] INFO: [TRAIN] epoch: 8, iter: 2500/18000, loss: 0.0479, lr: 0.000052, batch_cost: 0.0914, reader_cost: 0.04058, ips: 43.7763 samples/sec, max_mem_reserved: 1731 MB, max_mem_allocated: 1081 MB | ETA 00:23:36
[2026/10/07 00:38:42] INFO: [TRAIN] epoch: 8, iter: 2510/18000, loss: 0.0428, lr: 0.000052, batch_cost: 0.0886, reader_cost: 0.03937, ips: 45.1652 samples/sec, max_mem_reserved: 1731 MB, max_mem_allocated: 1081 MB | ETA 00:22:51
[2026/10/07 00:38:42] INFO: [TRAIN] epoch: 8, iter: 2520/18000, loss: 0.0415, lr: 0.000052, batch_cost: 0.0810, reader_cost: 0.03318, ips: 49.3537 samples/sec, max_mem_reserved: 1731 MB, max_mem_allocated: 1081 MB | ETA 00:20:54
[2026/10/07 00:38:43] INFO: [TRAIN] epoch: 8, iter: 2530/18000, loss: 0.0522, lr: 0.000052, batch_cost: 0.0871, reader_cost: 0.03974, ips: 45.9362 samples/sec, max_mem_reserved: 1731 MB, max_mem_allocated: 1081 MB | ETA 00:22:27
[2026/10/07 00:38:44] INFO: [TRAIN] epoch: 8, iter: 2540/18000, loss: 0.0458, lr: 0.000052, batch_cost: 0.0810, reader_cost: 0.03216, ips: 49.4099 samples/sec, max_mem_reserved: 1731 MB, max_mem_allocated: 1081 MB | ETA 00:20:51
[2026/10/07 00:38:45] INFO: [TRAIN] epoch: 8, iter: 2550/18000, loss: 0.0495, lr: 0.000052, batch_cost: 0.0801, reader_cost: 0.03119, ips: 49.9616 samples/sec, max_mem_reserved: 1731 MB, max_mem_allocated: 1081 MB | ETA 00:20:36
[2026/10/07 00:38:46] INFO: [TRAIN] epoch: 8, iter: 2560/18000, loss: 0.0468, lr: 0.000051, batch_cost: 0.0819, reader_cost: 0.03424, ips: 48.8484 samples/sec, max_mem_reserved: 1731 MB, max_mem_allocated: 1081 MB | ETA 00:21:04
[2026/10/07 00:38:47] INFO: [TRAIN] epoch: 8, iter: 2570/18000, loss: 0.0437, lr: 0.000051, batch_cost: 0.0825, reader_cost: 0.03434, ips: 48.4648 samples/sec, max_mem_reserved: 1731 MB, max_mem_allocated: 1081 MB | ETA 00:21:13
[2026/10/07 00:38:48] INFO: [TRAIN] epoch: 8, iter: 2580/18000, loss: 0.0429, lr: 0.000051, batch_cost: 0.0817, reader_cost: 0.03491, ips: 48.9405 samples/sec, max_mem_reserved: 1731 MB, max_mem_allocated: 1081 MB | ETA 00:21:00
[2026/10/07 00:38:49] INFO: [TRAIN] epoch: 8, iter: 2590/18000, loss: 0.0515, lr: 0.000051, batch_cost: 0.0818, reader_cost: 0.03208, ips: 48.8746 samples/sec, max_mem_reserved: 1731 MB, max_mem_allocated: 1081 MB | ETA 00:21:01
[2026/10/07 00:38:50] INFO: [TRAIN] epoch: 8, iter: 2600/18000, loss: 0.0400, lr: 0.000051, batch_cost: 0.0843, reader_cost: 0.03634, ips: 47.4476 samples/sec, max_mem_reserved: 1731 MB, max_mem_allocated: 1081 MB | ETA 00:21:38
[2026/10/07 00:38:51] INFO: [TRAIN] epoch: 8, iter: 2610/18000, loss: 0.0421, lr: 0.000051, batch_cost: 0.0794, reader_cost: 0.03235, ips: 50.3601 samples/sec, max_mem_reserved: 1731 MB, max_mem_allocated: 1081 MB | ETA 00:20:22
[2026/10/07 00:38:52] INFO: [TRAIN] epoch: 8, iter: 2620/18000, loss: 0.0359, lr: 0.000051, batch_cost: 0.0843, reader_cost: 0.03422, ips: 47.4247 samples/sec, max_mem_reserved: 1731 MB, max_mem_allocated: 1081 MB | ETA 00:21:37
[2026/10/07 00:38:53] INFO: [TRAIN] epoch: 8, iter: 2630/18000, loss: 0.0436, lr: 0.000051, batch_cost: 0.0808, reader_cost: 0.03081, ips: 49.5040 samples/sec, max_mem_reserved: 1731 MB, max_mem_allocated: 1081 MB | ETA 00:20:41
[2026/10/07 00:38:54] INFO: [TRAIN] epoch: 8, iter: 2640/18000, loss: 0.0585, lr: 0.000051, batch_cost: 0.0875, reader_cost: 0.03893, ips: 45.7362 samples/sec, max_mem_reserved: 1731 MB, max_mem_allocated: 1081 MB | ETA 00:22:23
[2026/10/07 00:38:55] INFO: [TRAIN] epoch: 8, iter: 2650/18000, loss: 0.0512, lr: 0.000051, batch_cost: 0.0846, reader_cost: 0.03503, ips: 47.3031 samples/sec, max_mem_reserved: 1731 MB, max_mem_allocated: 1081 MB | ETA 00:21:38
[2026/10/07 00:38:56] INFO: [TRAIN] epoch: 8, iter: 2660/18000, loss: 0.0528, lr: 0.000051, batch_cost: 0.0830, reader_cost: 0.03359, ips: 48.1647 samples/sec, max_mem_reserved: 1731 MB, max_mem_allocated: 1081 MB | ETA 00:21:13
[2026/10/07 00:38:57] INFO: [TRAIN] epoch: 8, iter: 2670/18000, loss: 0.0481, lr: 0.000051, batch_cost: 0.0865, reader_cost: 0.03694, ips: 46.2408 samples/sec, max_mem_reserved: 1731 MB, max_mem_allocated: 1081 MB | ETA 00:22:06
[2026/10/07 00:38:58] INFO: [TRAIN] epoch: 8, iter: 2680/18000, loss: 0.0416, lr: 0.000051, batch_cost: 0.0855, reader_cost: 0.03606, ips: 46.7907 samples/sec, max_mem_reserved: 1731 MB, max_mem_allocated: 1081 MB | ETA 00:21:49
[2026/10/07 00:38:59] INFO: [TRAIN] epoch: 8, iter: 2690/18000, loss: 0.0430, lr: 0.000051, batch_cost: 0.0850, reader_cost: 0.03588, ips: 47.0749 samples/sec, max_mem_reserved: 1731 MB, max_mem_allocated: 1081 MB | ETA 00:21:40
[2026/10/07 00:39:00] INFO: [TRAIN] epoch: 8, iter: 2700/18000, loss: 0.0523, lr: 0.000051, batch_cost: 0.0985, reader_cost: 0.03934, ips: 40.5934 samples/sec, max_mem_reserved: 1731 MB, max_mem_allocated: 1081 MB | ETA 00:25:07
[2026/10/07 00:39:01] INFO: [TRAIN] epoch: 8, iter: 2710/18000, loss: 0.0523, lr: 0.000051, batch_cost: 0.0947, reader_cost: 0.03849, ips: 42.2492 samples/sec, max_mem_reserved: 1731 MB, max_mem_allocated: 1081 MB | ETA 00:24:07
[2026/10/07 00:39:02] INFO: [TRAIN] epoch: 8, iter: 2720/18000, loss: 0.0496, lr: 0.000051, batch_cost: 0.0995, reader_cost: 0.03820, ips: 40.2181 samples/sec, max_mem_reserved: 1731 MB, max_mem_allocated: 1081 MB | ETA 00:25:19
[2026/10/07 00:39:03] INFO: [TRAIN] epoch: 8, iter: 2730/18000, loss: 0.0417, lr: 0.000051, batch_cost: 0.0930, reader_cost: 0.04093, ips: 42.9927 samples/sec, max_mem_reserved: 1731 MB, max_mem_allocated: 1081 MB | ETA 00:23:40
[2026/10/07 00:39:04] INFO: [TRAIN] epoch: 8, iter: 2740/18000, loss: 0.0561, lr: 0.000051, batch_cost: 0.0890, reader_cost: 0.03617, ips: 44.9230 samples/sec, max_mem_reserved: 1731 MB, max_mem_allocated: 1081 MB | ETA 00:22:38
[2026/10/07 00:39:05] INFO: [TRAIN] epoch: 8, iter: 2750/18000, loss: 0.0432, lr: 0.000051, batch_cost: 0.1015, reader_cost: 0.04880, ips: 39.4204 samples/sec, max_mem_reserved: 1731 MB, max_mem_allocated: 1081 MB | ETA 00:25:47
[2026/10/07 00:39:07] INFO: [TRAIN] epoch: 8, iter: 2760/18000, loss: 0.0453, lr: 0.000051, batch_cost: 0.1053, reader_cost: 0.04749, ips: 37.9697 samples/sec, max_mem_reserved: 1731 MB, max_mem_allocated: 1081 MB | ETA 00:26:45
[2026/10/07 00:39:08] INFO: [TRAIN] epoch: 8, iter: 2770/18000, loss: 0.0382, lr: 0.000051, batch_cost: 0.1063, reader_cost: 0.05002, ips: 37.6119 samples/sec, max_mem_reserved: 1731 MB, max_mem_allocated: 1081 MB | ETA 00:26:59
[2026/10/07 00:39:09] INFO: [TRAIN] epoch: 8, iter: 2780/18000, loss: 0.0505, lr: 0.000051, batch_cost: 0.1079, reader_cost: 0.05449, ips: 37.0677 samples/sec, max_mem_reserved: 1731 MB, max_mem_allocated: 1081 MB | ETA 00:27:22
[2026/10/07 00:39:10] INFO: [TRAIN] epoch: 8, iter: 2790/18000, loss: 0.0486, lr: 0.000051, batch_cost: 0.0921, reader_cost: 0.03740, ips: 43.4133 samples/sec, max_mem_reserved: 1731 MB, max_mem_allocated: 1081 MB | ETA 00:23:21
[2026/10/07 00:39:11] INFO: [TRAIN] epoch: 8, iter: 2800/18000, loss: 0.0466, lr: 0.000051, batch_cost: 0.0889, reader_cost: 0.03738, ips: 45.0121 samples/sec, max_mem_reserved: 1731 MB, max_mem_allocated: 1081 MB | ETA 00:22:30
[2026/10/07 00:39:12] INFO: [TRAIN] epoch: 9, iter: 2810/18000, loss: 0.0429, lr: 0.000051, batch_cost: 0.0890, reader_cost: 0.03762, ips: 44.9317 samples/sec, max_mem_reserved: 1731 MB, max_mem_allocated: 1081 MB | ETA 00:22:32
[2026/10/07 00:39:13] INFO: [TRAIN] epoch: 9, iter: 2820/18000, loss: 0.0544, lr: 0.000051, batch_cost: 0.0857, reader_cost: 0.03473, ips: 46.6755 samples/sec, max_mem_reserved: 1731 MB, max_mem_allocated: 1081 MB | ETA 00:21:40
[2026/10/07 00:39:14] INFO: [TRAIN] epoch: 9, iter: 2830/18000, loss: 0.0470, lr: 0.000051, batch_cost: 0.0861, reader_cost: 0.03587, ips: 46.4696 samples/sec, max_mem_reserved: 1731 MB, max_mem_allocated: 1081 MB | ETA 00:21:45
[2026/10/07 00:39:15] INFO: [TRAIN] epoch: 9, iter: 2840/18000, loss: 0.0422, lr: 0.000051, batch_cost: 0.0878, reader_cost: 0.03476, ips: 45.5357 samples/sec, max_mem_reserved: 1731 MB, max_mem_allocated: 1081 MB | ETA 00:22:11
[2026/10/07 00:39:16] INFO: [TRAIN] epoch: 9, iter: 2850/18000, loss: 0.0471, lr: 0.000051, batch_cost: 0.0871, reader_cost: 0.03654, ips: 45.9195 samples/sec, max_mem_reserved: 1731 MB, max_mem_allocated: 1081 MB | ETA 00:21:59
[2026/10/07 00:39:17] INFO: [TRAIN] epoch: 9, iter: 2860/18000, loss: 0.0512, lr: 0.000050, batch_cost: 0.0881, reader_cost: 0.03687, ips: 45.3993 samples/sec, max_mem_reserved: 1731 MB, max_mem_allocated: 1081 MB | ETA 00:22:13
[2026/10/07 00:39:18] INFO: [TRAIN] epoch: 9, iter: 2870/18000, loss: 0.0431, lr: 0.000050, batch_cost: 0.0863, reader_cost: 0.03169, ips: 46.3664 samples/sec, max_mem_reserved: 1731 MB, max_mem_allocated: 1081 MB | ETA 00:21:45
[2026/10/07 00:39:19] INFO: [TRAIN] epoch: 9, iter: 2880/18000, loss: 0.0471, lr: 0.000050, batch_cost: 0.0911, reader_cost: 0.03749, ips: 43.9309 samples/sec, max_mem_reserved: 1731 MB, max_mem_allocated: 1081 MB | ETA 00:22:56
[2026/10/07 00:39:20] INFO: [TRAIN] epoch: 9, iter: 2890/18000, loss: 0.0390, lr: 0.000050, batch_cost: 0.0904, reader_cost: 0.03857, ips: 44.2546 samples/sec, max_mem_reserved: 1731 MB, max_mem_allocated: 1081 MB | ETA 00:22:45
[2026/10/07 00:39:21] INFO: [TRAIN] epoch: 9, iter: 2900/18000, loss: 0.0364, lr: 0.000050, batch_cost: 0.0847, reader_cost: 0.03291, ips: 47.2254 samples/sec, max_mem_reserved: 1731 MB, max_mem_allocated: 1081 MB | ETA 00:21:18
[2026/10/07 00:39:22] INFO: [TRAIN] epoch: 9, iter: 2910/18000, loss: 0.0465, lr: 0.000050, batch_cost: 0.0918, reader_cost: 0.03972, ips: 43.5900 samples/sec, max_mem_reserved: 1731 MB, max_mem_allocated: 1081 MB | ETA 00:23:04
[2026/10/07 00:39:23] INFO: [TRAIN] epoch: 9, iter: 2920/18000, loss: 0.0428, lr: 0.000050, batch_cost: 0.0825, reader_cost: 0.03048, ips: 48.4681 samples/sec, max_mem_reserved: 1731 MB, max_mem_allocated: 1081 MB | ETA 00:20:44
[2026/10/07 00:39:24] INFO: [TRAIN] epoch: 9, iter: 2930/18000, loss: 0.0434, lr: 0.000050, batch_cost: 0.0896, reader_cost: 0.03746, ips: 44.6379 samples/sec, max_mem_reserved: 1731 MB, max_mem_allocated: 1081 MB | ETA 00:22:30
[2026/10/07 00:39:26] INFO: [TRAIN] epoch: 9, iter: 2940/18000, loss: 0.0440, lr: 0.000050, batch_cost: 0.0916, reader_cost: 0.03947, ips: 43.6519 samples/sec, max_mem_reserved: 1731 MB, max_mem_allocated: 1081 MB | ETA 00:23:00
[2026/10/07 00:39:27] INFO: [TRAIN] epoch: 9, iter: 2950/18000, loss: 0.0511, lr: 0.000050, batch_cost: 0.0873, reader_cost: 0.03280, ips: 45.7928 samples/sec, max_mem_reserved: 1731 MB, max_mem_allocated: 1081 MB | ETA 00:21:54
[2026/10/07 00:39:28] INFO: [TRAIN] epoch: 9, iter: 2960/18000, loss: 0.0326, lr: 0.000050, batch_cost: 0.0907, reader_cost: 0.03779, ips: 44.1199 samples/sec, max_mem_reserved: 1731 MB, max_mem_allocated: 1081 MB | ETA 00:22:43
[2026/10/07 00:39:29] INFO: [TRAIN] epoch: 9, iter: 2970/18000, loss: 0.0446, lr: 0.000050, batch_cost: 0.0904, reader_cost: 0.03864, ips: 44.2428 samples/sec, max_mem_reserved: 1731 MB, max_mem_allocated: 1081 MB | ETA 00:22:38
[2026/10/07 00:39:30] INFO: [TRAIN] epoch: 9, iter: 2980/18000, loss: 0.0507, lr: 0.000050, batch_cost: 0.0896, reader_cost: 0.03679, ips: 44.6580 samples/sec, max_mem_reserved: 1731 MB, max_mem_allocated: 1081 MB | ETA 00:22:25
[2026/10/07 00:39:31] INFO: [TRAIN] epoch: 9, iter: 2990/18000, loss: 0.0371, lr: 0.000050, batch_cost: 0.0871, reader_cost: 0.03481, ips: 45.9262 samples/sec, max_mem_reserved: 1731 MB, max_mem_allocated: 1081 MB | ETA 00:21:47
[2026/10/07 00:39:32] INFO: [TRAIN] epoch: 9, iter: 3000/18000, loss: 0.0372, lr: 0.000050, batch_cost: 0.0855, reader_cost: 0.03386, ips: 46.7743 samples/sec, max_mem_reserved: 1731 MB, max_mem_allocated: 1081 MB | ETA 00:21:22
[2026/10/07 00:39:32] INFO: Start evaluating (total_samples: 177, total_iters: 177)...

  1/177 [..............................] - ETA: 11s - batch_cost: 0.0638 - reader cost: 0.0428
  3/177 [..............................] - ETA: 8s - batch_cost: 0.0508 - reader cost: 0.0254 
  5/177 [..............................] - ETA: 8s - batch_cost: 0.0498 - reader cost: 0.0191
  7/177 [>.............................] - ETA: 8s - batch_cost: 0.0478 - reader cost: 0.0138
  8/177 [>.............................] - ETA: 8s - batch_cost: 0.0488 - reader cost: 0.0121
 10/177 [>.............................] - ETA: 7s - batch_cost: 0.0469 - reader cost: 0.0096
 12/177 [=>............................] - ETA: 7s - batch_cost: 0.0465 - reader cost: 0.0080
 14/177 [=>............................] - ETA: 7s - batch_cost: 0.0454 - reader cost: 0.0069
 16/177 [=>............................] - ETA: 7s - batch_cost: 0.0453 - reader cost: 0.0060
 18/177 [==>...........................] - ETA: 7s - batch_cost: 0.0450 - reader cost: 0.0054
 20/177 [==>...........................] - ETA: 7s - batch_cost: 0.0449 - reader cost: 0.0049
 22/177 [==>...........................] - ETA: 6s - batch_cost: 0.0446 - reader cost: 0.0044
 24/177 [===>..........................] - ETA: 6s - batch_cost: 0.0444 - reader cost: 0.0041
 26/177 [===>..........................] - ETA: 6s - batch_cost: 0.0442 - reader cost: 0.0037
 28/177 [===>..........................] - ETA: 6s - batch_cost: 0.0442 - reader cost: 0.0035
 30/177 [====>.........................] - ETA: 6s - batch_cost: 0.0440 - reader cost: 0.0032
 32/177 [====>.........................] - ETA: 6s - batch_cost: 0.0439 - reader cost: 0.0030
 34/177 [====>.........................] - ETA: 6s - batch_cost: 0.0438 - reader cost: 0.0029
 36/177 [=====>........................] - ETA: 6s - batch_cost: 0.0437 - reader cost: 0.0027
 38/177 [=====>........................] - ETA: 6s - batch_cost: 0.0436 - reader cost: 0.0026
 40/177 [=====>........................] - ETA: 5s - batch_cost: 0.0436 - reader cost: 0.0024
 42/177 [======>.......................] - ETA: 5s - batch_cost: 0.0435 - reader cost: 0.0023
 44/177 [======>.......................] - ETA: 5s - batch_cost: 0.0435 - reader cost: 0.0022
 46/177 [======>.......................] - ETA: 5s - batch_cost: 0.0434 - reader cost: 0.0021
 48/177 [=======>......................] - ETA: 5s - batch_cost: 0.0434 - reader cost: 0.0021
 50/177 [=======>......................] - ETA: 5s - batch_cost: 0.0433 - reader cost: 0.0020
 52/177 [=======>......................] - ETA: 5s - batch_cost: 0.0433 - reader cost: 0.0019
 54/177 [========>.....................] - ETA: 5s - batch_cost: 0.0434 - reader cost: 0.0018
 56/177 [========>.....................] - ETA: 5s - batch_cost: 0.0433 - reader cost: 0.0018
 58/177 [========>.....................] - ETA: 5s - batch_cost: 0.0433 - reader cost: 0.0017
 60/177 [=========>....................] - ETA: 5s - batch_cost: 0.0432 - reader cost: 0.0016
 62/177 [=========>....................] - ETA: 4s - batch_cost: 0.0432 - reader cost: 0.0016
 64/177 [=========>....................] - ETA: 4s - batch_cost: 0.0431 - reader cost: 0.0015
 66/177 [==========>...................] - ETA: 4s - batch_cost: 0.0431 - reader cost: 0.0015
 68/177 [==========>...................] - ETA: 4s - batch_cost: 0.0432 - reader cost: 0.0014
 70/177 [==========>...................] - ETA: 4s - batch_cost: 0.0431 - reader cost: 0.0014
 72/177 [===========>..................] - ETA: 4s - batch_cost: 0.0431 - reader cost: 0.0014
 74/177 [===========>..................] - ETA: 4s - batch_cost: 0.0431 - reader cost: 0.0013
 76/177 [===========>..................] - ETA: 4s - batch_cost: 0.0431 - reader cost: 0.0013
 78/177 [============>.................] - ETA: 4s - batch_cost: 0.0430 - reader cost: 0.0013
 80/177 [============>.................] - ETA: 4s - batch_cost: 0.0430 - reader cost: 0.0013
 82/177 [============>.................] - ETA: 4s - batch_cost: 0.0430 - reader cost: 0.0012
 84/177 [=============>................] - ETA: 4s - batch_cost: 0.0430 - reader cost: 0.0012
 86/177 [=============>................] - ETA: 3s - batch_cost: 0.0430 - reader cost: 0.0012
 88/177 [=============>................] - ETA: 3s - batch_cost: 0.0430 - reader cost: 0.0012
 90/177 [==============>...............] - ETA: 3s - batch_cost: 0.0430 - reader cost: 0.0011
 92/177 [==============>...............] - ETA: 3s - batch_cost: 0.0430 - reader cost: 0.0011
 94/177 [==============>...............] - ETA: 3s - batch_cost: 0.0429 - reader cost: 0.0011
 96/177 [===============>..............] - ETA: 3s - batch_cost: 0.0430 - reader cost: 0.0011
 98/177 [===============>..............] - ETA: 3s - batch_cost: 0.0430 - reader cost: 0.0011
100/177 [===============>..............] - ETA: 3s - batch_cost: 0.0430 - reader cost: 0.0010
102/177 [================>.............] - ETA: 3s - batch_cost: 0.0430 - reader cost: 0.0010
104/177 [================>.............] - ETA: 3s - batch_cost: 0.0430 - reader cost: 9.8988e-04
106/177 [================>.............] - ETA: 3s - batch_cost: 0.0430 - reader cost: 9.7120e-04
107/177 [=================>............] - ETA: 3s - batch_cost: 0.0431 - reader cost: 9.6212e-04
109/177 [=================>............] - ETA: 2s - batch_cost: 0.0430 - reader cost: 9.4447e-04
111/177 [=================>............] - ETA: 2s - batch_cost: 0.0430 - reader cost: 9.2745e-04
113/177 [==================>...........] - ETA: 2s - batch_cost: 0.0430 - reader cost: 9.1104e-04
115/177 [==================>...........] - ETA: 2s - batch_cost: 0.0430 - reader cost: 8.9519e-04
117/177 [==================>...........] - ETA: 2s - batch_cost: 0.0430 - reader cost: 8.7989e-04
119/177 [===================>..........] - ETA: 2s - batch_cost: 0.0430 - reader cost: 8.6510e-04
121/177 [===================>..........] - ETA: 2s - batch_cost: 0.0430 - reader cost: 8.5080e-04
123/177 [===================>..........] - ETA: 2s - batch_cost: 0.0430 - reader cost: 8.3697e-04
125/177 [====================>.........] - ETA: 2s - batch_cost: 0.0430 - reader cost: 8.2358e-04
127/177 [====================>.........] - ETA: 2s - batch_cost: 0.0430 - reader cost: 8.1061e-04
129/177 [====================>.........] - ETA: 2s - batch_cost: 0.0430 - reader cost: 7.9804e-04
131/177 [=====================>........] - ETA: 1s - batch_cost: 0.0429 - reader cost: 7.9349e-04
133/177 [=====================>........] - ETA: 1s - batch_cost: 0.0430 - reader cost: 7.8156e-04
135/177 [=====================>........] - ETA: 1s - batch_cost: 0.0430 - reader cost: 7.6998e-04
137/177 [======================>.......] - ETA: 1s - batch_cost: 0.0429 - reader cost: 7.6604e-04
139/177 [======================>.......] - ETA: 1s - batch_cost: 0.0429 - reader cost: 7.5502e-04
141/177 [======================>.......] - ETA: 1s - batch_cost: 0.0429 - reader cost: 7.4431e-04
143/177 [=======================>......] - ETA: 1s - batch_cost: 0.0429 - reader cost: 7.3390e-04
145/177 [=======================>......] - ETA: 1s - batch_cost: 0.0429 - reader cost: 7.2377e-04
147/177 [=======================>......] - ETA: 1s - batch_cost: 0.0429 - reader cost: 7.1393e-04
149/177 [========================>.....] - ETA: 1s - batch_cost: 0.0429 - reader cost: 7.0434e-04
151/177 [========================>.....] - ETA: 1s - batch_cost: 0.0429 - reader cost: 6.9501e-04
153/177 [========================>.....] - ETA: 1s - batch_cost: 0.0429 - reader cost: 6.9574e-04
155/177 [=========================>....] - ETA: 0s - batch_cost: 0.0429 - reader cost: 6.9324e-04
157/177 [=========================>....] - ETA: 0s - batch_cost: 0.0429 - reader cost: 6.8441e-04
159/177 [=========================>....] - ETA: 0s - batch_cost: 0.0429 - reader cost: 6.7580e-04
161/177 [==========================>...] - ETA: 0s - batch_cost: 0.0429 - reader cost: 6.6740e-04
163/177 [==========================>...] - ETA: 0s - batch_cost: 0.0429 - reader cost: 6.5921e-04
165/177 [==========================>...] - ETA: 0s - batch_cost: 0.0429 - reader cost: 6.5122e-04
167/177 [===========================>..] - ETA: 0s - batch_cost: 0.0429 - reader cost: 6.4342e-04
169/177 [===========================>..] - ETA: 0s - batch_cost: 0.0429 - reader cost: 6.3581e-04
171/177 [===========================>..] - ETA: 0s - batch_cost: 0.0429 - reader cost: 6.2837e-04
173/177 [============================>.] - ETA: 0s - batch_cost: 0.0429 - reader cost: 6.2111e-04
175/177 [============================>.] - ETA: 0s - batch_cost: 0.0429 - reader cost: 6.1972e-04
177/177 [==============================] - 8s 43ms/step - batch_cost: 0.0428 - reader cost: 6.1836e-04
[2026/10/07 00:39:39] INFO: [EVAL] #Images: 177 mIoU: 0.8492 Acc: 0.9887 Kappa: 0.8246 Dice: 0.9123
[2026/10/07 00:39:39] INFO: [EVAL] Class IoU: 
[0.9883 0.71  ]
[2026/10/07 00:39:39] INFO: [EVAL] Class Precision: 
[0.9957 0.7951]
[2026/10/07 00:39:39] INFO: [EVAL] Class Recall: 
[0.9926 0.8691]
[2026/10/07 00:39:39] INFO: Start evaluating (total_samples: 177, total_iters: 177)...

  1/177 [..............................] - ETA: 7s - batch_cost: 0.0412 - reader cost: 0.0296
  3/177 [..............................] - ETA: 7s - batch_cost: 0.0422 - reader cost: 0.0174
  5/177 [..............................] - ETA: 7s - batch_cost: 0.0425 - reader cost: 0.0104
  7/177 [>.............................] - ETA: 7s - batch_cost: 0.0428 - reader cost: 0.0075
  9/177 [>.............................] - ETA: 7s - batch_cost: 0.0434 - reader cost: 0.0059
 11/177 [>.............................] - ETA: 7s - batch_cost: 0.0433 - reader cost: 0.0049
 13/177 [=>............................] - ETA: 7s - batch_cost: 0.0428 - reader cost: 0.0042
 15/177 [=>............................] - ETA: 6s - batch_cost: 0.0429 - reader cost: 0.0036
 17/177 [=>............................] - ETA: 6s - batch_cost: 0.0427 - reader cost: 0.0032
 19/177 [==>...........................] - ETA: 6s - batch_cost: 0.0427 - reader cost: 0.0029
 21/177 [==>...........................] - ETA: 6s - batch_cost: 0.0426 - reader cost: 0.0026
 23/177 [==>...........................] - ETA: 6s - batch_cost: 0.0427 - reader cost: 0.0024
 25/177 [===>..........................] - ETA: 6s - batch_cost: 0.0431 - reader cost: 0.0022
 27/177 [===>..........................] - ETA: 6s - batch_cost: 0.0429 - reader cost: 0.0020
 29/177 [===>..........................] - ETA: 6s - batch_cost: 0.0430 - reader cost: 0.0019
 31/177 [====>.........................] - ETA: 6s - batch_cost: 0.0431 - reader cost: 0.0018
 33/177 [====>.........................] - ETA: 6s - batch_cost: 0.0430 - reader cost: 0.0017
 35/177 [====>.........................] - ETA: 6s - batch_cost: 0.0431 - reader cost: 0.0016
 37/177 [=====>........................] - ETA: 6s - batch_cost: 0.0431 - reader cost: 0.0015
 39/177 [=====>........................] - ETA: 5s - batch_cost: 0.0430 - reader cost: 0.0014
 41/177 [=====>........................] - ETA: 5s - batch_cost: 0.0430 - reader cost: 0.0013
 43/177 [======>.......................] - ETA: 5s - batch_cost: 0.0430 - reader cost: 0.0013
 45/177 [======>.......................] - ETA: 5s - batch_cost: 0.0429 - reader cost: 0.0012
 47/177 [======>.......................] - ETA: 5s - batch_cost: 0.0429 - reader cost: 0.0012
 49/177 [=======>......................] - ETA: 5s - batch_cost: 0.0429 - reader cost: 0.0011
 51/177 [=======>......................] - ETA: 5s - batch_cost: 0.0429 - reader cost: 0.0011
 53/177 [=======>......................] - ETA: 5s - batch_cost: 0.0429 - reader cost: 0.0010
 55/177 [========>.....................] - ETA: 5s - batch_cost: 0.0429 - reader cost: 0.0010
 57/177 [========>.....................] - ETA: 5s - batch_cost: 0.0428 - reader cost: 9.6844e-04
 59/177 [=========>....................] - ETA: 5s - batch_cost: 0.0428 - reader cost: 9.5275e-04
 61/177 [=========>....................] - ETA: 4s - batch_cost: 0.0428 - reader cost: 9.2151e-04
 63/177 [=========>....................] - ETA: 4s - batch_cost: 0.0428 - reader cost: 8.9226e-04
 65/177 [==========>...................] - ETA: 4s - batch_cost: 0.0427 - reader cost: 8.6480e-04
 67/177 [==========>...................] - ETA: 4s - batch_cost: 0.0427 - reader cost: 8.3899e-04
 69/177 [==========>...................] - ETA: 4s - batch_cost: 0.0427 - reader cost: 8.1467e-04
 71/177 [===========>..................] - ETA: 4s - batch_cost: 0.0427 - reader cost: 8.0593e-04
 73/177 [===========>..................] - ETA: 4s - batch_cost: 0.0427 - reader cost: 8.0445e-04
 75/177 [===========>..................] - ETA: 4s - batch_cost: 0.0427 - reader cost: 7.8300e-04
 77/177 [============>.................] - ETA: 4s - batch_cost: 0.0427 - reader cost: 7.6266e-04
 79/177 [============>.................] - ETA: 4s - batch_cost: 0.0427 - reader cost: 7.4335e-04
 81/177 [============>.................] - ETA: 4s - batch_cost: 0.0427 - reader cost: 7.2500e-04
 83/177 [=============>................] - ETA: 4s - batch_cost: 0.0427 - reader cost: 7.1950e-04
 85/177 [=============>................] - ETA: 3s - batch_cost: 0.0427 - reader cost: 7.0257e-04
 87/177 [=============>................] - ETA: 3s - batch_cost: 0.0427 - reader cost: 6.8642e-04
 89/177 [==============>...............] - ETA: 3s - batch_cost: 0.0427 - reader cost: 6.7099e-04
 91/177 [==============>...............] - ETA: 3s - batch_cost: 0.0426 - reader cost: 6.5625e-04
 93/177 [==============>...............] - ETA: 3s - batch_cost: 0.0427 - reader cost: 6.4213e-04
 95/177 [===============>..............] - ETA: 3s - batch_cost: 0.0426 - reader cost: 6.2861e-04
 97/177 [===============>..............] - ETA: 3s - batch_cost: 0.0427 - reader cost: 6.1565e-04
 99/177 [===============>..............] - ETA: 3s - batch_cost: 0.0426 - reader cost: 6.0322e-04
101/177 [================>.............] - ETA: 3s - batch_cost: 0.0426 - reader cost: 5.9127e-04
103/177 [================>.............] - ETA: 3s - batch_cost: 0.0426 - reader cost: 5.7979e-04
105/177 [================>.............] - ETA: 3s - batch_cost: 0.0427 - reader cost: 5.6875e-04
107/177 [=================>............] - ETA: 2s - batch_cost: 0.0426 - reader cost: 5.5812e-04
109/177 [=================>............] - ETA: 2s - batch_cost: 0.0426 - reader cost: 5.5704e-04
111/177 [=================>............] - ETA: 2s - batch_cost: 0.0426 - reader cost: 5.4700e-04
113/177 [==================>...........] - ETA: 2s - batch_cost: 0.0426 - reader cost: 5.3732e-04
115/177 [==================>...........] - ETA: 2s - batch_cost: 0.0426 - reader cost: 5.2797e-04
117/177 [==================>...........] - ETA: 2s - batch_cost: 0.0426 - reader cost: 5.1895e-04
119/177 [===================>..........] - ETA: 2s - batch_cost: 0.0426 - reader cost: 5.1023e-04
121/177 [===================>..........] - ETA: 2s - batch_cost: 0.0426 - reader cost: 5.0179e-04
123/177 [===================>..........] - ETA: 2s - batch_cost: 0.0426 - reader cost: 4.9364e-04
125/177 [====================>.........] - ETA: 2s - batch_cost: 0.0426 - reader cost: 4.8574e-04
127/177 [====================>.........] - ETA: 2s - batch_cost: 0.0426 - reader cost: 4.7809e-04
129/177 [====================>.........] - ETA: 2s - batch_cost: 0.0426 - reader cost: 4.7068e-04
131/177 [=====================>........] - ETA: 1s - batch_cost: 0.0426 - reader cost: 4.6349e-04
133/177 [=====================>........] - ETA: 1s - batch_cost: 0.0426 - reader cost: 4.5652e-04
135/177 [=====================>........] - ETA: 1s - batch_cost: 0.0426 - reader cost: 4.4976e-04
137/177 [======================>.......] - ETA: 1s - batch_cost: 0.0427 - reader cost: 4.4319e-04
139/177 [======================>.......] - ETA: 1s - batch_cost: 0.0427 - reader cost: 4.3681e-04
141/177 [======================>.......] - ETA: 1s - batch_cost: 0.0427 - reader cost: 4.3771e-04
143/177 [=======================>......] - ETA: 1s - batch_cost: 0.0427 - reader cost: 4.3159e-04
145/177 [=======================>......] - ETA: 1s - batch_cost: 0.0427 - reader cost: 4.2564e-04
147/177 [=======================>......] - ETA: 1s - batch_cost: 0.0427 - reader cost: 4.1985e-04
149/177 [========================>.....] - ETA: 1s - batch_cost: 0.0426 - reader cost: 4.1421e-04
151/177 [========================>.....] - ETA: 1s - batch_cost: 0.0426 - reader cost: 4.0873e-04
153/177 [========================>.....] - ETA: 1s - batch_cost: 0.0426 - reader cost: 4.0992e-04
155/177 [=========================>....] - ETA: 0s - batch_cost: 0.0426 - reader cost: 4.0463e-04
157/177 [=========================>....] - ETA: 0s - batch_cost: 0.0426 - reader cost: 3.9948e-04
159/177 [=========================>....] - ETA: 0s - batch_cost: 0.0426 - reader cost: 3.9445e-04
161/177 [==========================>...] - ETA: 0s - batch_cost: 0.0426 - reader cost: 3.9576e-04
163/177 [==========================>...] - ETA: 0s - batch_cost: 0.0426 - reader cost: 3.9091e-04
165/177 [==========================>...] - ETA: 0s - batch_cost: 0.0426 - reader cost: 3.8617e-04
167/177 [===========================>..] - ETA: 0s - batch_cost: 0.0426 - reader cost: 3.8155e-04
169/177 [===========================>..] - ETA: 0s - batch_cost: 0.0426 - reader cost: 3.7703e-04
171/177 [===========================>..] - ETA: 0s - batch_cost: 0.0426 - reader cost: 3.7262e-04
173/177 [============================>.] - ETA: 0s - batch_cost: 0.0426 - reader cost: 3.6831e-04
175/177 [============================>.] - ETA: 0s - batch_cost: 0.0426 - reader cost: 3.6410e-04
177/177 [==============================] - 8s 43ms/step - batch_cost: 0.0426 - reader cost: 3.5999e-04
[2026/10/07 00:39:47] INFO: [EVAL] #Images: 177 mIoU: 0.8432 Acc: 0.9880 Kappa: 0.8165 Dice: 0.9083
[2026/10/07 00:39:47] INFO: [EVAL] Class IoU: 
[0.9877 0.6988]
[2026/10/07 00:39:47] INFO: [EVAL] Class Precision: 
[0.9957 0.7793]
[2026/10/07 00:39:47] INFO: [EVAL] Class Recall: 
[0.9919 0.8712]
[2026/10/07 00:39:47] INFO: [EVAL] The model with the best validation mIoU (0.8492) was saved at iter 3000.
[2026/10/07 00:39:47] INFO: [EVAL] The EMA model with the best validation mIoU (0.8432) was saved at iter 3000.
[2026/10/07 00:39:48] INFO: [TRAIN] epoch: 9, iter: 3010/18000, loss: 0.0501, lr: 0.000050, batch_cost: 0.0504, reader_cost: 0.00020, ips: 79.3978 samples/sec, max_mem_reserved: 1731 MB, max_mem_allocated: 1081 MB | ETA 00:12:35
[2026/10/07 00:39:49] INFO: [TRAIN] epoch: 9, iter: 3020/18000, loss: 0.0443, lr: 0.000050, batch_cost: 0.0842, reader_cost: 0.03244, ips: 47.5312 samples/sec, max_mem_reserved: 1731 MB, max_mem_allocated: 1081 MB | ETA 00:21:00
[2026/10/07 00:39:50] INFO: [TRAIN] epoch: 9, iter: 3030/18000, loss: 0.0462, lr: 0.000050, batch_cost: 0.0849, reader_cost: 0.03256, ips: 47.1064 samples/sec, max_mem_reserved: 1731 MB, max_mem_allocated: 1081 MB | ETA 00:21:11
[2026/10/07 00:39:51] INFO: [TRAIN] epoch: 9, iter: 3040/18000, loss: 0.0362, lr: 0.000050, batch_cost: 0.0912, reader_cost: 0.03652, ips: 43.8670 samples/sec, max_mem_reserved: 1731 MB, max_mem_allocated: 1081 MB | ETA 00:22:44
[2026/10/07 00:39:52] INFO: [TRAIN] epoch: 9, iter: 3050/18000, loss: 0.0369, lr: 0.000050, batch_cost: 0.0913, reader_cost: 0.03955, ips: 43.8217 samples/sec, max_mem_reserved: 1731 MB, max_mem_allocated: 1081 MB | ETA 00:22:44
[2026/10/07 00:39:53] INFO: [TRAIN] epoch: 9, iter: 3060/18000, loss: 0.0434, lr: 0.000050, batch_cost: 0.0904, reader_cost: 0.03881, ips: 44.2450 samples/sec, max_mem_reserved: 1731 MB, max_mem_allocated: 1081 MB | ETA 00:22:30
[2026/10/07 00:39:54] INFO: [TRAIN] epoch: 9, iter: 3070/18000, loss: 0.0486, lr: 0.000050, batch_cost: 0.0839, reader_cost: 0.03038, ips: 47.6478 samples/sec, max_mem_reserved: 1731 MB, max_mem_allocated: 1081 MB | ETA 00:20:53
[2026/10/07 00:39:55] INFO: [TRAIN] epoch: 9, iter: 3080/18000, loss: 0.0536, lr: 0.000050, batch_cost: 0.0939, reader_cost: 0.04235, ips: 42.5789 samples/sec, max_mem_reserved: 1731 MB, max_mem_allocated: 1081 MB | ETA 00:23:21
[2026/10/07 00:39:56] INFO: [TRAIN] epoch: 9, iter: 3090/18000, loss: 0.0418, lr: 0.000050, batch_cost: 0.0848, reader_cost: 0.03160, ips: 47.1718 samples/sec, max_mem_reserved: 1731 MB, max_mem_allocated: 1081 MB | ETA 00:21:04
[2026/10/07 00:39:57] INFO: [TRAIN] epoch: 9, iter: 3100/18000, loss: 0.0286, lr: 0.000050, batch_cost: 0.0882, reader_cost: 0.03705, ips: 45.3434 samples/sec, max_mem_reserved: 1731 MB, max_mem_allocated: 1081 MB | ETA 00:21:54
[2026/10/07 00:39:58] INFO: [TRAIN] epoch: 9, iter: 3110/18000, loss: 0.0604, lr: 0.000050, batch_cost: 0.0899, reader_cost: 0.03706, ips: 44.4708 samples/sec, max_mem_reserved: 1731 MB, max_mem_allocated: 1081 MB | ETA 00:22:19
[2026/10/07 00:39:59] INFO: [TRAIN] epoch: 9, iter: 3120/18000, loss: 0.0469, lr: 0.000050, batch_cost: 0.0872, reader_cost: 0.03452, ips: 45.8532 samples/sec, max_mem_reserved: 1731 MB, max_mem_allocated: 1081 MB | ETA 00:21:38
[2026/10/07 00:40:00] INFO: [TRAIN] epoch: 9, iter: 3130/18000, loss: 0.0401, lr: 0.000050, batch_cost: 0.0834, reader_cost: 0.03057, ips: 47.9849 samples/sec, max_mem_reserved: 1731 MB, max_mem_allocated: 1081 MB | ETA 00:20:39
[2026/10/07 00:40:01] INFO: [TRAIN] epoch: 9, iter: 3140/18000, loss: 0.0327, lr: 0.000050, batch_cost: 0.0883, reader_cost: 0.03753, ips: 45.3001 samples/sec, max_mem_reserved: 1731 MB, max_mem_allocated: 1081 MB | ETA 00:21:52
[2026/10/07 00:40:02] INFO: [TRAIN] epoch: 9, iter: 3150/18000, loss: 0.0345, lr: 0.000050, batch_cost: 0.0905, reader_cost: 0.03942, ips: 44.2167 samples/sec, max_mem_reserved: 1731 MB, max_mem_allocated: 1081 MB | ETA 00:22:23
[2026/10/07 00:40:03] INFO: [TRAIN] epoch: 10, iter: 3160/18000, loss: 0.0327, lr: 0.000049, batch_cost: 0.0954, reader_cost: 0.04444, ips: 41.9476 samples/sec, max_mem_reserved: 1731 MB, max_mem_allocated: 1081 MB | ETA 00:23:35
[2026/10/07 00:40:04] INFO: [TRAIN] epoch: 10, iter: 3170/18000, loss: 0.0519, lr: 0.000049, batch_cost: 0.0886, reader_cost: 0.03807, ips: 45.1450 samples/sec, max_mem_reserved: 1731 MB, max_mem_allocated: 1081 MB | ETA 00:21:53
[2026/10/07 00:40:05] INFO: [TRAIN] epoch: 10, iter: 3180/18000, loss: 0.0405, lr: 0.000049, batch_cost: 0.0867, reader_cost: 0.03432, ips: 46.1562 samples/sec, max_mem_reserved: 1731 MB, max_mem_allocated: 1081 MB | ETA 00:21:24
[2026/10/07 00:40:06] INFO: [TRAIN] epoch: 10, iter: 3190/18000, loss: 0.0478, lr: 0.000049, batch_cost: 0.0879, reader_cost: 0.03566, ips: 45.5260 samples/sec, max_mem_reserved: 1731 MB, max_mem_allocated: 1081 MB | ETA 00:21:41
[2026/10/07 00:40:07] INFO: [TRAIN] epoch: 10, iter: 3200/18000, loss: 0.0490, lr: 0.000049, batch_cost: 0.0874, reader_cost: 0.03586, ips: 45.7888 samples/sec, max_mem_reserved: 1731 MB, max_mem_allocated: 1081 MB | ETA 00:21:32
[2026/10/07 00:40:08] INFO: [TRAIN] epoch: 10, iter: 3210/18000, loss: 0.0310, lr: 0.000049, batch_cost: 0.0906, reader_cost: 0.03841, ips: 44.1542 samples/sec, max_mem_reserved: 1731 MB, max_mem_allocated: 1081 MB | ETA 00:22:19
[2026/10/07 00:40:09] INFO: [TRAIN] epoch: 10, iter: 3220/18000, loss: 0.0474, lr: 0.000049, batch_cost: 0.0872, reader_cost: 0.03594, ips: 45.8927 samples/sec, max_mem_reserved: 1731 MB, max_mem_allocated: 1081 MB | ETA 00:21:28
[2026/10/07 00:40:10] INFO: [TRAIN] epoch: 10, iter: 3230/18000, loss: 0.0420, lr: 0.000049, batch_cost: 0.0918, reader_cost: 0.04124, ips: 43.5774 samples/sec, max_mem_reserved: 1731 MB, max_mem_allocated: 1081 MB | ETA 00:22:35
[2026/10/07 00:40:11] INFO: [TRAIN] epoch: 10, iter: 3240/18000, loss: 0.0431, lr: 0.000049, batch_cost: 0.0854, reader_cost: 0.03383, ips: 46.8523 samples/sec, max_mem_reserved: 1731 MB, max_mem_allocated: 1081 MB | ETA 00:21:00
[2026/10/07 00:40:12] INFO: [TRAIN] epoch: 10, iter: 3250/18000, loss: 0.0427, lr: 0.000049, batch_cost: 0.0890, reader_cost: 0.03808, ips: 44.9546 samples/sec, max_mem_reserved: 1731 MB, max_mem_allocated: 1081 MB | ETA 00:21:52
[2026/10/07 00:40:13] INFO: [TRAIN] epoch: 10, iter: 3260/18000, loss: 0.0439, lr: 0.000049, batch_cost: 0.0837, reader_cost: 0.03266, ips: 47.7775 samples/sec, max_mem_reserved: 1731 MB, max_mem_allocated: 1081 MB | ETA 00:20:34
[2026/10/07 00:40:14] INFO: [TRAIN] epoch: 10, iter: 3270/18000, loss: 0.0472, lr: 0.000049, batch_cost: 0.0886, reader_cost: 0.03799, ips: 45.1615 samples/sec, max_mem_reserved: 1731 MB, max_mem_allocated: 1081 MB | ETA 00:21:44
[2026/10/07 00:40:16] INFO: [TRAIN] epoch: 10, iter: 3280/18000, loss: 0.0395, lr: 0.000049, batch_cost: 0.0895, reader_cost: 0.03711, ips: 44.6730 samples/sec, max_mem_reserved: 1731 MB, max_mem_allocated: 1081 MB | ETA 00:21:58
[2026/10/07 00:40:17] INFO: [TRAIN] epoch: 10, iter: 3290/18000, loss: 0.0335, lr: 0.000049, batch_cost: 0.0901, reader_cost: 0.03924, ips: 44.3957 samples/sec, max_mem_reserved: 1731 MB, max_mem_allocated: 1081 MB | ETA 00:22:05
[2026/10/07 00:40:18] INFO: [TRAIN] epoch: 10, iter: 3300/18000, loss: 0.0349, lr: 0.000049, batch_cost: 0.0873, reader_cost: 0.03631, ips: 45.8307 samples/sec, max_mem_reserved: 1731 MB, max_mem_allocated: 1081 MB | ETA 00:21:22
[2026/10/07 00:40:19] INFO: [TRAIN] epoch: 10, iter: 3310/18000, loss: 0.0457, lr: 0.000049, batch_cost: 0.0898, reader_cost: 0.03922, ips: 44.5226 samples/sec, max_mem_reserved: 1731 MB, max_mem_allocated: 1081 MB | ETA 00:21:59
[2026/10/07 00:40:20] INFO: [TRAIN] epoch: 10, iter: 3320/18000, loss: 0.0572, lr: 0.000049, batch_cost: 0.0892, reader_cost: 0.03610, ips: 44.8311 samples/sec, max_mem_reserved: 1731 MB, max_mem_allocated: 1081 MB | ETA 00:21:49
[2026/10/07 00:40:21] INFO: [TRAIN] epoch: 10, iter: 3330/18000, loss: 0.0549, lr: 0.000049, batch_cost: 0.0875, reader_cost: 0.03769, ips: 45.6927 samples/sec, max_mem_reserved: 1731 MB, max_mem_allocated: 1081 MB | ETA 00:21:24
[2026/10/07 00:40:22] INFO: [TRAIN] epoch: 10, iter: 3340/18000, loss: 0.0441, lr: 0.000049, batch_cost: 0.0881, reader_cost: 0.03688, ips: 45.3877 samples/sec, max_mem_reserved: 1731 MB, max_mem_allocated: 1081 MB | ETA 00:21:31
[2026/10/07 00:40:23] INFO: [TRAIN] epoch: 10, iter: 3350/18000, loss: 0.0396, lr: 0.000049, batch_cost: 0.0890, reader_cost: 0.03711, ips: 44.9537 samples/sec, max_mem_reserved: 1731 MB, max_mem_allocated: 1081 MB | ETA 00:21:43
[2026/10/07 00:40:24] INFO: [TRAIN] epoch: 10, iter: 3360/18000, loss: 0.0369, lr: 0.000049, batch_cost: 0.0889, reader_cost: 0.03776, ips: 44.9786 samples/sec, max_mem_reserved: 1731 MB, max_mem_allocated: 1081 MB | ETA 00:21:41
[2026/10/07 00:40:25] INFO: [TRAIN] epoch: 10, iter: 3370/18000, loss: 0.0393, lr: 0.000049, batch_cost: 0.0888, reader_cost: 0.03745, ips: 45.0295 samples/sec, max_mem_reserved: 1731 MB, max_mem_allocated: 1081 MB | ETA 00:21:39
[2026/10/07 00:40:26] INFO: [TRAIN] epoch: 10, iter: 3380/18000, loss: 0.0293, lr: 0.000049, batch_cost: 0.0868, reader_cost: 0.03384, ips: 46.0700 samples/sec, max_mem_reserved: 1731 MB, max_mem_allocated: 1081 MB | ETA 00:21:09
[2026/10/07 00:40:27] INFO: [TRAIN] epoch: 10, iter: 3390/18000, loss: 0.0478, lr: 0.000049, batch_cost: 0.0889, reader_cost: 0.03653, ips: 44.9970 samples/sec, max_mem_reserved: 1731 MB, max_mem_allocated: 1081 MB | ETA 00:21:38
[2026/10/07 00:40:28] INFO: [TRAIN] epoch: 10, iter: 3400/18000, loss: 0.0379, lr: 0.000049, batch_cost: 0.0894, reader_cost: 0.03786, ips: 44.7448 samples/sec, max_mem_reserved: 1731 MB, max_mem_allocated: 1081 MB | ETA 00:21:45
[2026/10/07 00:40:29] INFO: [TRAIN] epoch: 10, iter: 3410/18000, loss: 0.0452, lr: 0.000049, batch_cost: 0.0931, reader_cost: 0.04069, ips: 42.9871 samples/sec, max_mem_reserved: 1731 MB, max_mem_allocated: 1081 MB | ETA 00:22:37
[2026/10/07 00:40:30] INFO: [TRAIN] epoch: 10, iter: 3420/18000, loss: 0.0449, lr: 0.000049, batch_cost: 0.0897, reader_cost: 0.03917, ips: 44.5881 samples/sec, max_mem_reserved: 1731 MB, max_mem_allocated: 1081 MB | ETA 00:21:47
[2026/10/07 00:40:31] INFO: [TRAIN] epoch: 10, iter: 3430/18000, loss: 0.0415, lr: 0.000049, batch_cost: 0.0861, reader_cost: 0.03394, ips: 46.4845 samples/sec, max_mem_reserved: 1731 MB, max_mem_allocated: 1081 MB | ETA 00:20:53
[2026/10/07 00:40:32] INFO: [TRAIN] epoch: 10, iter: 3440/18000, loss: 0.0467, lr: 0.000049, batch_cost: 0.0876, reader_cost: 0.03357, ips: 45.6603 samples/sec, max_mem_reserved: 1731 MB, max_mem_allocated: 1081 MB | ETA 00:21:15
[2026/10/07 00:40:33] INFO: [TRAIN] epoch: 10, iter: 3450/18000, loss: 0.0383, lr: 0.000049, batch_cost: 0.0893, reader_cost: 0.03694, ips: 44.7840 samples/sec, max_mem_reserved: 1731 MB, max_mem_allocated: 1081 MB | ETA 00:21:39
[2026/10/07 00:40:34] INFO: [TRAIN] epoch: 10, iter: 3460/18000, loss: 0.0578, lr: 0.000048, batch_cost: 0.0868, reader_cost: 0.03353, ips: 46.0782 samples/sec, max_mem_reserved: 1731 MB, max_mem_allocated: 1081 MB | ETA 00:21:02
[2026/10/07 00:40:35] INFO: [TRAIN] epoch: 10, iter: 3470/18000, loss: 0.0461, lr: 0.000048, batch_cost: 0.0886, reader_cost: 0.03539, ips: 45.1499 samples/sec, max_mem_reserved: 1731 MB, max_mem_allocated: 1081 MB | ETA 00:21:27
[2026/10/07 00:40:36] INFO: [TRAIN] epoch: 10, iter: 3480/18000, loss: 0.0497, lr: 0.000048, batch_cost: 0.0832, reader_cost: 0.03186, ips: 48.0560 samples/sec, max_mem_reserved: 1731 MB, max_mem_allocated: 1081 MB | ETA 00:20:08
[2026/10/07 00:40:37] INFO: [TRAIN] epoch: 10, iter: 3490/18000, loss: 0.0511, lr: 0.000048, batch_cost: 0.0848, reader_cost: 0.03028, ips: 47.1710 samples/sec, max_mem_reserved: 1731 MB, max_mem_allocated: 1081 MB | ETA 00:20:30
[2026/10/07 00:40:38] INFO: [TRAIN] epoch: 10, iter: 3500/18000, loss: 0.0374, lr: 0.000048, batch_cost: 0.0920, reader_cost: 0.04183, ips: 43.4687 samples/sec, max_mem_reserved: 1731 MB, max_mem_allocated: 1081 MB | ETA 00:22:14
[2026/10/07 00:40:39] INFO: [TRAIN] epoch: 11, iter: 3510/18000, loss: 0.0549, lr: 0.000048, batch_cost: 0.0947, reader_cost: 0.04348, ips: 42.2580 samples/sec, max_mem_reserved: 1731 MB, max_mem_allocated: 1081 MB | ETA 00:22:51
[2026/10/07 00:40:40] INFO: [TRAIN] epoch: 11, iter: 3520/18000, loss: 0.0510, lr: 0.000048, batch_cost: 0.0874, reader_cost: 0.03462, ips: 45.7506 samples/sec, max_mem_reserved: 1731 MB, max_mem_allocated: 1081 MB | ETA 00:21:05
[2026/10/07 00:40:41] INFO: [TRAIN] epoch: 11, iter: 3530/18000, loss: 0.0339, lr: 0.000048, batch_cost: 0.0894, reader_cost: 0.03731, ips: 44.7666 samples/sec, max_mem_reserved: 1731 MB, max_mem_allocated: 1081 MB | ETA 00:21:32
[2026/10/07 00:40:43] INFO: [TRAIN] epoch: 11, iter: 3540/18000, loss: 0.0392, lr: 0.000048, batch_cost: 0.0851, reader_cost: 0.03142, ips: 47.0155 samples/sec, max_mem_reserved: 1731 MB, max_mem_allocated: 1081 MB | ETA 00:20:30
[2026/10/07 00:40:44] INFO: [TRAIN] epoch: 11, iter: 3550/18000, loss: 0.0407, lr: 0.000048, batch_cost: 0.0840, reader_cost: 0.03185, ips: 47.6259 samples/sec, max_mem_reserved: 1731 MB, max_mem_allocated: 1081 MB | ETA 00:20:13
[2026/10/07 00:40:45] INFO: [TRAIN] epoch: 11, iter: 3560/18000, loss: 0.0452, lr: 0.000048, batch_cost: 0.0903, reader_cost: 0.03779, ips: 44.3028 samples/sec, max_mem_reserved: 1731 MB, max_mem_allocated: 1081 MB | ETA 00:21:43
[2026/10/07 00:40:46] INFO: [TRAIN] epoch: 11, iter: 3570/18000, loss: 0.0441, lr: 0.000048, batch_cost: 0.0865, reader_cost: 0.03405, ips: 46.2563 samples/sec, max_mem_reserved: 1731 MB, max_mem_allocated: 1081 MB | ETA 00:20:47
[2026/10/07 00:40:47] INFO: [TRAIN] epoch: 11, iter: 3580/18000, loss: 0.0421, lr: 0.000048, batch_cost: 0.0892, reader_cost: 0.03735, ips: 44.8185 samples/sec, max_mem_reserved: 1731 MB, max_mem_allocated: 1081 MB | ETA 00:21:26
[2026/10/07 00:40:48] INFO: [TRAIN] epoch: 11, iter: 3590/18000, loss: 0.0356, lr: 0.000048, batch_cost: 0.0889, reader_cost: 0.03586, ips: 44.9932 samples/sec, max_mem_reserved: 1731 MB, max_mem_allocated: 1081 MB | ETA 00:21:21
[2026/10/07 00:40:49] INFO: [TRAIN] epoch: 11, iter: 3600/18000, loss: 0.0378, lr: 0.000048, batch_cost: 0.0879, reader_cost: 0.03665, ips: 45.5108 samples/sec, max_mem_reserved: 1731 MB, max_mem_allocated: 1081 MB | ETA 00:21:05
[2026/10/07 00:40:50] INFO: [TRAIN] epoch: 11, iter: 3610/18000, loss: 0.0327, lr: 0.000048, batch_cost: 0.0898, reader_cost: 0.03714, ips: 44.5319 samples/sec, max_mem_reserved: 1731 MB, max_mem_allocated: 1081 MB | ETA 00:21:32
[2026/10/07 00:40:51] INFO: [TRAIN] epoch: 11, iter: 3620/18000, loss: 0.0479, lr: 0.000048, batch_cost: 0.0908, reader_cost: 0.03642, ips: 44.0401 samples/sec, max_mem_reserved: 1731 MB, max_mem_allocated: 1081 MB | ETA 00:21:46
[2026/10/07 00:40:52] INFO: [TRAIN] epoch: 11, iter: 3630/18000, loss: 0.0461, lr: 0.000048, batch_cost: 0.0882, reader_cost: 0.03656, ips: 45.3571 samples/sec, max_mem_reserved: 1731 MB, max_mem_allocated: 1081 MB | ETA 00:21:07
[2026/10/07 00:40:53] INFO: [TRAIN] epoch: 11, iter: 3640/18000, loss: 0.0415, lr: 0.000048, batch_cost: 0.0901, reader_cost: 0.03883, ips: 44.4195 samples/sec, max_mem_reserved: 1731 MB, max_mem_allocated: 1081 MB | ETA 00:21:33
[2026/10/07 00:40:54] INFO: [TRAIN] epoch: 11, iter: 3650/18000, loss: 0.0371, lr: 0.000048, batch_cost: 0.0825, reader_cost: 0.02865, ips: 48.5046 samples/sec, max_mem_reserved: 1731 MB, max_mem_allocated: 1081 MB | ETA 00:19:43
[2026/10/07 00:40:55] INFO: [TRAIN] epoch: 11, iter: 3660/18000, loss: 0.0401, lr: 0.000048, batch_cost: 0.0897, reader_cost: 0.03722, ips: 44.6086 samples/sec, max_mem_reserved: 1731 MB, max_mem_allocated: 1081 MB | ETA 00:21:25
[2026/10/07 00:40:56] INFO: [TRAIN] epoch: 11, iter: 3670/18000, loss: 0.0364, lr: 0.000048, batch_cost: 0.0887, reader_cost: 0.03761, ips: 45.0962 samples/sec, max_mem_reserved: 1731 MB, max_mem_allocated: 1081 MB | ETA 00:21:11
[2026/10/07 00:40:57] INFO: [TRAIN] epoch: 11, iter: 3680/18000, loss: 0.0265, lr: 0.000048, batch_cost: 0.0920, reader_cost: 0.03953, ips: 43.4848 samples/sec, max_mem_reserved: 1731 MB, max_mem_allocated: 1081 MB | ETA 00:21:57
[2026/10/07 00:40:58] INFO: [TRAIN] epoch: 11, iter: 3690/18000, loss: 0.0413, lr: 0.000048, batch_cost: 0.0875, reader_cost: 0.03432, ips: 45.7177 samples/sec, max_mem_reserved: 1731 MB, max_mem_allocated: 1081 MB | ETA 00:20:52
[2026/10/07 00:40:59] INFO: [TRAIN] epoch: 11, iter: 3700/18000, loss: 0.0417, lr: 0.000048, batch_cost: 0.0884, reader_cost: 0.03482, ips: 45.2726 samples/sec, max_mem_reserved: 1731 MB, max_mem_allocated: 1081 MB | ETA 00:21:03
[2026/10/07 00:41:00] INFO: [TRAIN] epoch: 11, iter: 3710/18000, loss: 0.0451, lr: 0.000048, batch_cost: 0.0905, reader_cost: 0.03682, ips: 44.2126 samples/sec, max_mem_reserved: 1731 MB, max_mem_allocated: 1081 MB | ETA 00:21:32
[2026/10/07 00:41:01] INFO: [TRAIN] epoch: 11, iter: 3720/18000, loss: 0.0392, lr: 0.000048, batch_cost: 0.0859, reader_cost: 0.03458, ips: 46.5753 samples/sec, max_mem_reserved: 1731 MB, max_mem_allocated: 1081 MB | ETA 00:20:26
[2026/10/07 00:41:02] INFO: [TRAIN] epoch: 11, iter: 3730/18000, loss: 0.0329, lr: 0.000048, batch_cost: 0.0916, reader_cost: 0.03916, ips: 43.6576 samples/sec, max_mem_reserved: 1731 MB, max_mem_allocated: 1081 MB | ETA 00:21:47
[2026/10/07 00:41:03] INFO: [TRAIN] epoch: 11, iter: 3740/18000, loss: 0.0386, lr: 0.000048, batch_cost: 0.0906, reader_cost: 0.03905, ips: 44.1390 samples/sec, max_mem_reserved: 1731 MB, max_mem_allocated: 1081 MB | ETA 00:21:32
[2026/10/07 00:41:04] INFO: [TRAIN] epoch: 11, iter: 3750/18000, loss: 0.0381, lr: 0.000048, batch_cost: 0.0844, reader_cost: 0.03320, ips: 47.3790 samples/sec, max_mem_reserved: 1731 MB, max_mem_allocated: 1081 MB | ETA 00:20:03
[2026/10/07 00:41:05] INFO: [TRAIN] epoch: 11, iter: 3760/18000, loss: 0.0416, lr: 0.000047, batch_cost: 0.0909, reader_cost: 0.03922, ips: 43.9845 samples/sec, max_mem_reserved: 1731 MB, max_mem_allocated: 1081 MB | ETA 00:21:35
[2026/10/07 00:41:06] INFO: [TRAIN] epoch: 11, iter: 3770/18000, loss: 0.0544, lr: 0.000047, batch_cost: 0.0890, reader_cost: 0.03832, ips: 44.9647 samples/sec, max_mem_reserved: 1731 MB, max_mem_allocated: 1081 MB | ETA 00:21:05
[2026/10/07 00:41:07] INFO: [TRAIN] epoch: 11, iter: 3780/18000, loss: 0.0400, lr: 0.000047, batch_cost: 0.0902, reader_cost: 0.03902, ips: 44.3538 samples/sec, max_mem_reserved: 1731 MB, max_mem_allocated: 1081 MB | ETA 00:21:22
[2026/10/07 00:41:08] INFO: [TRAIN] epoch: 11, iter: 3790/18000, loss: 0.0329, lr: 0.000047, batch_cost: 0.0840, reader_cost: 0.03179, ips: 47.6014 samples/sec, max_mem_reserved: 1731 MB, max_mem_allocated: 1081 MB | ETA 00:19:54
[2026/10/07 00:41:09] INFO: [TRAIN] epoch: 11, iter: 3800/18000, loss: 0.0618, lr: 0.000047, batch_cost: 0.0859, reader_cost: 0.03524, ips: 46.5427 samples/sec, max_mem_reserved: 1731 MB, max_mem_allocated: 1081 MB | ETA 00:20:20
[2026/10/07 00:41:10] INFO: [TRAIN] epoch: 11, iter: 3810/18000, loss: 0.0396, lr: 0.000047, batch_cost: 0.0839, reader_cost: 0.03307, ips: 47.6771 samples/sec, max_mem_reserved: 1731 MB, max_mem_allocated: 1081 MB | ETA 00:19:50
[2026/10/07 00:41:11] INFO: [TRAIN] epoch: 11, iter: 3820/18000, loss: 0.0459, lr: 0.000047, batch_cost: 0.0871, reader_cost: 0.03433, ips: 45.9151 samples/sec, max_mem_reserved: 1731 MB, max_mem_allocated: 1081 MB | ETA 00:20:35
[2026/10/07 00:41:13] INFO: [TRAIN] epoch: 11, iter: 3830/18000, loss: 0.0382, lr: 0.000047, batch_cost: 0.0920, reader_cost: 0.03758, ips: 43.4930 samples/sec, max_mem_reserved: 1731 MB, max_mem_allocated: 1081 MB | ETA 00:21:43
[2026/10/07 00:41:14] INFO: [TRAIN] epoch: 11, iter: 3840/18000, loss: 0.0392, lr: 0.000047, batch_cost: 0.0874, reader_cost: 0.03657, ips: 45.7494 samples/sec, max_mem_reserved: 1731 MB, max_mem_allocated: 1081 MB | ETA 00:20:38
[2026/10/07 00:41:15] INFO: [TRAIN] epoch: 11, iter: 3850/18000, loss: 0.0292, lr: 0.000047, batch_cost: 0.0847, reader_cost: 0.03346, ips: 47.2048 samples/sec, max_mem_reserved: 1731 MB, max_mem_allocated: 1081 MB | ETA 00:19:59
[2026/10/07 00:41:16] INFO: [TRAIN] epoch: 12, iter: 3860/18000, loss: 0.0322, lr: 0.000047, batch_cost: 0.0924, reader_cost: 0.04038, ips: 43.2880 samples/sec, max_mem_reserved: 1731 MB, max_mem_allocated: 1081 MB | ETA 00:21:46
[2026/10/07 00:41:17] INFO: [TRAIN] epoch: 12, iter: 3870/18000, loss: 0.0385, lr: 0.000047, batch_cost: 0.0846, reader_cost: 0.03101, ips: 47.2566 samples/sec, max_mem_reserved: 1731 MB, max_mem_allocated: 1081 MB | ETA 00:19:56
[2026/10/07 00:41:18] INFO: [TRAIN] epoch: 12, iter: 3880/18000, loss: 0.0338, lr: 0.000047, batch_cost: 0.0895, reader_cost: 0.03838, ips: 44.6817 samples/sec, max_mem_reserved: 1731 MB, max_mem_allocated: 1081 MB | ETA 00:21:04
[2026/10/07 00:41:19] INFO: [TRAIN] epoch: 12, iter: 3890/18000, loss: 0.0318, lr: 0.000047, batch_cost: 0.0857, reader_cost: 0.03410, ips: 46.6911 samples/sec, max_mem_reserved: 1731 MB, max_mem_allocated: 1081 MB | ETA 00:20:08
[2026/10/07 00:41:20] INFO: [TRAIN] epoch: 12, iter: 3900/18000, loss: 0.0440, lr: 0.000047, batch_cost: 0.0884, reader_cost: 0.03632, ips: 45.2383 samples/sec, max_mem_reserved: 1731 MB, max_mem_allocated: 1081 MB | ETA 00:20:46
[2026/10/07 00:41:21] INFO: [TRAIN] epoch: 12, iter: 3910/18000, loss: 0.0457, lr: 0.000047, batch_cost: 0.0905, reader_cost: 0.03727, ips: 44.2182 samples/sec, max_mem_reserved: 1731 MB, max_mem_allocated: 1081 MB | ETA 00:21:14
[2026/10/07 00:41:22] INFO: [TRAIN] epoch: 12, iter: 3920/18000, loss: 0.0356, lr: 0.000047, batch_cost: 0.0885, reader_cost: 0.03510, ips: 45.1771 samples/sec, max_mem_reserved: 1731 MB, max_mem_allocated: 1081 MB | ETA 00:20:46
[2026/10/07 00:41:23] INFO: [TRAIN] epoch: 12, iter: 3930/18000, loss: 0.0534, lr: 0.000047, batch_cost: 0.0924, reader_cost: 0.04150, ips: 43.3130 samples/sec, max_mem_reserved: 1731 MB, max_mem_allocated: 1081 MB | ETA 00:21:39
[2026/10/07 00:41:24] INFO: [TRAIN] epoch: 12, iter: 3940/18000, loss: 0.0439, lr: 0.000047, batch_cost: 0.0882, reader_cost: 0.03554, ips: 45.3303 samples/sec, max_mem_reserved: 1731 MB, max_mem_allocated: 1081 MB | ETA 00:20:40
[2026/10/07 00:41:25] INFO: [TRAIN] epoch: 12, iter: 3950/18000, loss: 0.0437, lr: 0.000047, batch_cost: 0.0861, reader_cost: 0.03227, ips: 46.4539 samples/sec, max_mem_reserved: 1731 MB, max_mem_allocated: 1081 MB | ETA 00:20:09
[2026/10/07 00:41:26] INFO: [TRAIN] epoch: 12, iter: 3960/18000, loss: 0.0353, lr: 0.000047, batch_cost: 0.0866, reader_cost: 0.03402, ips: 46.1734 samples/sec, max_mem_reserved: 1731 MB, max_mem_allocated: 1081 MB | ETA 00:20:16
[2026/10/07 00:41:27] INFO: [TRAIN] epoch: 12, iter: 3970/18000, loss: 0.0347, lr: 0.000047, batch_cost: 0.0872, reader_cost: 0.03515, ips: 45.8641 samples/sec, max_mem_reserved: 1731 MB, max_mem_allocated: 1081 MB | ETA 00:20:23
[2026/10/07 00:41:28] INFO: [TRAIN] epoch: 12, iter: 3980/18000, loss: 0.0320, lr: 0.000047, batch_cost: 0.0910, reader_cost: 0.03934, ips: 43.9688 samples/sec, max_mem_reserved: 1731 MB, max_mem_allocated: 1081 MB | ETA 00:21:15
[2026/10/07 00:41:29] INFO: [TRAIN] epoch: 12, iter: 3990/18000, loss: 0.0341, lr: 0.000047, batch_cost: 0.0887, reader_cost: 0.03563, ips: 45.1025 samples/sec, max_mem_reserved: 1731 MB, max_mem_allocated: 1081 MB | ETA 00:20:42
[2026/10/07 00:41:30] INFO: [TRAIN] epoch: 12, iter: 4000/18000, loss: 0.0382, lr: 0.000047, batch_cost: 0.0872, reader_cost: 0.03523, ips: 45.8518 samples/sec, max_mem_reserved: 1731 MB, max_mem_allocated: 1081 MB | ETA 00:20:21
[2026/10/07 00:41:30] INFO: Start evaluating (total_samples: 177, total_iters: 177)...

  1/177 [..............................] - ETA: 10s - batch_cost: 0.0623 - reader cost: 0.0407
  3/177 [..............................] - ETA: 8s - batch_cost: 0.0501 - reader cost: 0.0243 
  5/177 [..............................] - ETA: 8s - batch_cost: 0.0476 - reader cost: 0.0164
  6/177 [>.............................] - ETA: 8s - batch_cost: 0.0482 - reader cost: 0.0136
  8/177 [>.............................] - ETA: 8s - batch_cost: 0.0481 - reader cost: 0.0102
 10/177 [>.............................] - ETA: 7s - batch_cost: 0.0470 - reader cost: 0.0082
 12/177 [=>............................] - ETA: 7s - batch_cost: 0.0453 - reader cost: 0.0068
 14/177 [=>............................] - ETA: 7s - batch_cost: 0.0450 - reader cost: 0.0058
 16/177 [=>............................] - ETA: 7s - batch_cost: 0.0450 - reader cost: 0.0051
 18/177 [==>...........................] - ETA: 7s - batch_cost: 0.0444 - reader cost: 0.0046
 20/177 [==>...........................] - ETA: 6s - batch_cost: 0.0442 - reader cost: 0.0041
 22/177 [==>...........................] - ETA: 6s - batch_cost: 0.0440 - reader cost: 0.0038
 24/177 [===>..........................] - ETA: 6s - batch_cost: 0.0438 - reader cost: 0.0035
 26/177 [===>..........................] - ETA: 6s - batch_cost: 0.0437 - reader cost: 0.0032
 28/177 [===>..........................] - ETA: 6s - batch_cost: 0.0436 - reader cost: 0.0030
 30/177 [====>.........................] - ETA: 6s - batch_cost: 0.0435 - reader cost: 0.0028
 32/177 [====>.........................] - ETA: 6s - batch_cost: 0.0434 - reader cost: 0.0026
 34/177 [====>.........................] - ETA: 6s - batch_cost: 0.0433 - reader cost: 0.0024
 36/177 [=====>........................] - ETA: 6s - batch_cost: 0.0432 - reader cost: 0.0023
 38/177 [=====>........................] - ETA: 6s - batch_cost: 0.0432 - reader cost: 0.0022
 40/177 [=====>........................] - ETA: 5s - batch_cost: 0.0431 - reader cost: 0.0021
 42/177 [======>.......................] - ETA: 5s - batch_cost: 0.0431 - reader cost: 0.0020
 44/177 [======>.......................] - ETA: 5s - batch_cost: 0.0430 - reader cost: 0.0019
 46/177 [======>.......................] - ETA: 5s - batch_cost: 0.0431 - reader cost: 0.0018
 48/177 [=======>......................] - ETA: 5s - batch_cost: 0.0431 - reader cost: 0.0017
 50/177 [=======>......................] - ETA: 5s - batch_cost: 0.0430 - reader cost: 0.0017
 52/177 [=======>......................] - ETA: 5s - batch_cost: 0.0430 - reader cost: 0.0016
 54/177 [========>.....................] - ETA: 5s - batch_cost: 0.0429 - reader cost: 0.0015
 56/177 [========>.....................] - ETA: 5s - batch_cost: 0.0429 - reader cost: 0.0015
 58/177 [========>.....................] - ETA: 5s - batch_cost: 0.0429 - reader cost: 0.0014
 60/177 [=========>....................] - ETA: 5s - batch_cost: 0.0429 - reader cost: 0.0014
 62/177 [=========>....................] - ETA: 4s - batch_cost: 0.0429 - reader cost: 0.0014
 64/177 [=========>....................] - ETA: 4s - batch_cost: 0.0429 - reader cost: 0.0013
 66/177 [==========>...................] - ETA: 4s - batch_cost: 0.0429 - reader cost: 0.0013
 68/177 [==========>...................] - ETA: 4s - batch_cost: 0.0429 - reader cost: 0.0012
 70/177 [==========>...................] - ETA: 4s - batch_cost: 0.0429 - reader cost: 0.0012
 72/177 [===========>..................] - ETA: 4s - batch_cost: 0.0429 - reader cost: 0.0012
 74/177 [===========>..................] - ETA: 4s - batch_cost: 0.0428 - reader cost: 0.0011
 76/177 [===========>..................] - ETA: 4s - batch_cost: 0.0429 - reader cost: 0.0011
 78/177 [============>.................] - ETA: 4s - batch_cost: 0.0429 - reader cost: 0.0011
 80/177 [============>.................] - ETA: 4s - batch_cost: 0.0429 - reader cost: 0.0010
 82/177 [============>.................] - ETA: 4s - batch_cost: 0.0429 - reader cost: 0.0010
 84/177 [=============>................] - ETA: 3s - batch_cost: 0.0429 - reader cost: 9.9813e-04
 86/177 [=============>................] - ETA: 3s - batch_cost: 0.0430 - reader cost: 9.7491e-04
 88/177 [=============>................] - ETA: 3s - batch_cost: 0.0429 - reader cost: 9.5276e-04
 90/177 [==============>...............] - ETA: 3s - batch_cost: 0.0430 - reader cost: 9.3158e-04
 92/177 [==============>...............] - ETA: 3s - batch_cost: 0.0430 - reader cost: 9.1133e-04
 94/177 [==============>...............] - ETA: 3s - batch_cost: 0.0430 - reader cost: 8.9194e-04
 96/177 [===============>..............] - ETA: 3s - batch_cost: 0.0431 - reader cost: 8.7336e-04
 98/177 [===============>..............] - ETA: 3s - batch_cost: 0.0432 - reader cost: 8.5554e-04
100/177 [===============>..............] - ETA: 3s - batch_cost: 0.0431 - reader cost: 8.3843e-04
102/177 [================>.............] - ETA: 3s - batch_cost: 0.0431 - reader cost: 8.2199e-04
104/177 [================>.............] - ETA: 3s - batch_cost: 0.0431 - reader cost: 8.1579e-04
106/177 [================>.............] - ETA: 3s - batch_cost: 0.0431 - reader cost: 8.0040e-04
108/177 [=================>............] - ETA: 2s - batch_cost: 0.0431 - reader cost: 7.8558e-04
110/177 [=================>............] - ETA: 2s - batch_cost: 0.0432 - reader cost: 7.7129e-04
111/177 [=================>............] - ETA: 2s - batch_cost: 0.0432 - reader cost: 7.6435e-04
113/177 [==================>...........] - ETA: 2s - batch_cost: 0.0433 - reader cost: 7.5082e-04
115/177 [==================>...........] - ETA: 2s - batch_cost: 0.0432 - reader cost: 7.3776e-04
117/177 [==================>...........] - ETA: 2s - batch_cost: 0.0432 - reader cost: 7.2515e-04
119/177 [===================>..........] - ETA: 2s - batch_cost: 0.0432 - reader cost: 7.1296e-04
121/177 [===================>..........] - ETA: 2s - batch_cost: 0.0432 - reader cost: 7.0118e-04
123/177 [===================>..........] - ETA: 2s - batch_cost: 0.0432 - reader cost: 6.8978e-04
125/177 [====================>.........] - ETA: 2s - batch_cost: 0.0432 - reader cost: 6.7874e-04
127/177 [====================>.........] - ETA: 2s - batch_cost: 0.0432 - reader cost: 6.6805e-04
129/177 [====================>.........] - ETA: 2s - batch_cost: 0.0432 - reader cost: 6.6538e-04
131/177 [=====================>........] - ETA: 1s - batch_cost: 0.0432 - reader cost: 6.5523e-04
133/177 [=====================>........] - ETA: 1s - batch_cost: 0.0431 - reader cost: 6.4537e-04
135/177 [=====================>........] - ETA: 1s - batch_cost: 0.0431 - reader cost: 6.3581e-04
137/177 [======================>.......] - ETA: 1s - batch_cost: 0.0431 - reader cost: 6.2653e-04
139/177 [======================>.......] - ETA: 1s - batch_cost: 0.0431 - reader cost: 6.1751e-04
141/177 [======================>.......] - ETA: 1s - batch_cost: 0.0431 - reader cost: 6.0876e-04
143/177 [=======================>......] - ETA: 1s - batch_cost: 0.0431 - reader cost: 6.0024e-04
145/177 [=======================>......] - ETA: 1s - batch_cost: 0.0431 - reader cost: 5.9196e-04
147/177 [=======================>......] - ETA: 1s - batch_cost: 0.0431 - reader cost: 5.8391e-04
149/177 [========================>.....] - ETA: 1s - batch_cost: 0.0431 - reader cost: 5.7607e-04
151/177 [========================>.....] - ETA: 1s - batch_cost: 0.0431 - reader cost: 5.7507e-04
153/177 [========================>.....] - ETA: 1s - batch_cost: 0.0431 - reader cost: 5.7409e-04
155/177 [=========================>....] - ETA: 0s - batch_cost: 0.0430 - reader cost: 5.6668e-04
157/177 [=========================>....] - ETA: 0s - batch_cost: 0.0430 - reader cost: 5.5946e-04
159/177 [=========================>....] - ETA: 0s - batch_cost: 0.0430 - reader cost: 5.5873e-04
161/177 [==========================>...] - ETA: 0s - batch_cost: 0.0430 - reader cost: 5.5179e-04
163/177 [==========================>...] - ETA: 0s - batch_cost: 0.0430 - reader cost: 5.4502e-04
165/177 [==========================>...] - ETA: 0s - batch_cost: 0.0430 - reader cost: 5.3842e-04
167/177 [===========================>..] - ETA: 0s - batch_cost: 0.0430 - reader cost: 5.3197e-04
169/177 [===========================>..] - ETA: 0s - batch_cost: 0.0430 - reader cost: 5.2567e-04
171/177 [===========================>..] - ETA: 0s - batch_cost: 0.0430 - reader cost: 5.2537e-04
173/177 [============================>.] - ETA: 0s - batch_cost: 0.0430 - reader cost: 5.1929e-04
175/177 [============================>.] - ETA: 0s - batch_cost: 0.0430 - reader cost: 5.1336e-04
177/177 [==============================] - 8s 43ms/step - batch_cost: 0.0430 - reader cost: 5.0756e-04
[2026/10/07 00:41:38] INFO: [EVAL] #Images: 177 mIoU: 0.8572 Acc: 0.9894 Kappa: 0.8353 Dice: 0.9176
[2026/10/07 00:41:38] INFO: [EVAL] Class IoU: 
[0.9891 0.7252]
[2026/10/07 00:41:38] INFO: [EVAL] Class Precision: 
[0.9959 0.8074]
[2026/10/07 00:41:38] INFO: [EVAL] Class Recall: 
[0.9931 0.8769]
[2026/10/07 00:41:38] INFO: Start evaluating (total_samples: 177, total_iters: 177)...

  1/177 [..............................] - ETA: 9s - batch_cost: 0.0518 - reader cost: 0.0331
  3/177 [..............................] - ETA: 7s - batch_cost: 0.0455 - reader cost: 0.0188
  5/177 [..............................] - ETA: 7s - batch_cost: 0.0443 - reader cost: 0.0113
  6/177 [>.............................] - ETA: 8s - batch_cost: 0.0469 - reader cost: 0.0094
  8/177 [>.............................] - ETA: 7s - batch_cost: 0.0446 - reader cost: 0.0072
 10/177 [>.............................] - ETA: 7s - batch_cost: 0.0440 - reader cost: 0.0058
 12/177 [=>............................] - ETA: 7s - batch_cost: 0.0440 - reader cost: 0.0048
 14/177 [=>............................] - ETA: 7s - batch_cost: 0.0435 - reader cost: 0.0042
 16/177 [=>............................] - ETA: 6s - batch_cost: 0.0431 - reader cost: 0.0037
 18/177 [==>...........................] - ETA: 6s - batch_cost: 0.0430 - reader cost: 0.0033
 20/177 [==>...........................] - ETA: 6s - batch_cost: 0.0429 - reader cost: 0.0029
 22/177 [==>...........................] - ETA: 6s - batch_cost: 0.0429 - reader cost: 0.0027
 24/177 [===>..........................] - ETA: 6s - batch_cost: 0.0429 - reader cost: 0.0025
 26/177 [===>..........................] - ETA: 6s - batch_cost: 0.0428 - reader cost: 0.0023
 28/177 [===>..........................] - ETA: 6s - batch_cost: 0.0428 - reader cost: 0.0021
 30/177 [====>.........................] - ETA: 6s - batch_cost: 0.0428 - reader cost: 0.0020
 32/177 [====>.........................] - ETA: 6s - batch_cost: 0.0428 - reader cost: 0.0018
 34/177 [====>.........................] - ETA: 6s - batch_cost: 0.0427 - reader cost: 0.0018
 36/177 [=====>........................] - ETA: 6s - batch_cost: 0.0428 - reader cost: 0.0017
 38/177 [=====>........................] - ETA: 5s - batch_cost: 0.0428 - reader cost: 0.0016
 40/177 [=====>........................] - ETA: 5s - batch_cost: 0.0427 - reader cost: 0.0015
 42/177 [======>.......................] - ETA: 5s - batch_cost: 0.0427 - reader cost: 0.0014
 44/177 [======>.......................] - ETA: 5s - batch_cost: 0.0427 - reader cost: 0.0014
 46/177 [======>.......................] - ETA: 5s - batch_cost: 0.0426 - reader cost: 0.0013
 48/177 [=======>......................] - ETA: 5s - batch_cost: 0.0427 - reader cost: 0.0013
 50/177 [=======>......................] - ETA: 5s - batch_cost: 0.0427 - reader cost: 0.0012
 52/177 [=======>......................] - ETA: 5s - batch_cost: 0.0427 - reader cost: 0.0012
 54/177 [========>.....................] - ETA: 5s - batch_cost: 0.0427 - reader cost: 0.0011
 56/177 [========>.....................] - ETA: 5s - batch_cost: 0.0427 - reader cost: 0.0011
 58/177 [========>.....................] - ETA: 5s - batch_cost: 0.0427 - reader cost: 0.0010
 60/177 [=========>....................] - ETA: 4s - batch_cost: 0.0427 - reader cost: 0.0010
 62/177 [=========>....................] - ETA: 4s - batch_cost: 0.0426 - reader cost: 9.8069e-04
 64/177 [=========>....................] - ETA: 4s - batch_cost: 0.0426 - reader cost: 9.5004e-04
 66/177 [==========>...................] - ETA: 4s - batch_cost: 0.0426 - reader cost: 9.2125e-04
 68/177 [==========>...................] - ETA: 4s - batch_cost: 0.0426 - reader cost: 8.9416e-04
 70/177 [==========>...................] - ETA: 4s - batch_cost: 0.0426 - reader cost: 8.6861e-04
 72/177 [===========>..................] - ETA: 4s - batch_cost: 0.0426 - reader cost: 8.4448e-04
 74/177 [===========>..................] - ETA: 4s - batch_cost: 0.0426 - reader cost: 8.2166e-04
 76/177 [===========>..................] - ETA: 4s - batch_cost: 0.0426 - reader cost: 8.0004e-04
 78/177 [============>.................] - ETA: 4s - batch_cost: 0.0427 - reader cost: 7.7952e-04
 80/177 [============>.................] - ETA: 4s - batch_cost: 0.0428 - reader cost: 7.7882e-04
 82/177 [============>.................] - ETA: 4s - batch_cost: 0.0427 - reader cost: 7.5982e-04
 84/177 [=============>................] - ETA: 3s - batch_cost: 0.0427 - reader cost: 7.4173e-04
 86/177 [=============>................] - ETA: 3s - batch_cost: 0.0428 - reader cost: 7.2448e-04
 88/177 [=============>................] - ETA: 3s - batch_cost: 0.0427 - reader cost: 7.0802e-04
 90/177 [==============>...............] - ETA: 3s - batch_cost: 0.0428 - reader cost: 6.9228e-04
 92/177 [==============>...............] - ETA: 3s - batch_cost: 0.0428 - reader cost: 6.8810e-04
 94/177 [==============>...............] - ETA: 3s - batch_cost: 0.0428 - reader cost: 6.7346e-04
 96/177 [===============>..............] - ETA: 3s - batch_cost: 0.0428 - reader cost: 6.5943e-04
 98/177 [===============>..............] - ETA: 3s - batch_cost: 0.0427 - reader cost: 6.4598e-04
100/177 [===============>..............] - ETA: 3s - batch_cost: 0.0428 - reader cost: 6.3306e-04
102/177 [================>.............] - ETA: 3s - batch_cost: 0.0428 - reader cost: 6.2064e-04
104/177 [================>.............] - ETA: 3s - batch_cost: 0.0429 - reader cost: 6.0871e-04
106/177 [================>.............] - ETA: 3s - batch_cost: 0.0428 - reader cost: 5.9722e-04
108/177 [=================>............] - ETA: 2s - batch_cost: 0.0428 - reader cost: 5.8616e-04
110/177 [=================>............] - ETA: 2s - batch_cost: 0.0428 - reader cost: 5.7551e-04
112/177 [=================>............] - ETA: 2s - batch_cost: 0.0428 - reader cost: 5.6523e-04
114/177 [==================>...........] - ETA: 2s - batch_cost: 0.0428 - reader cost: 5.5531e-04
116/177 [==================>...........] - ETA: 2s - batch_cost: 0.0428 - reader cost: 5.4574e-04
118/177 [===================>..........] - ETA: 2s - batch_cost: 0.0428 - reader cost: 5.3649e-04
120/177 [===================>..........] - ETA: 2s - batch_cost: 0.0428 - reader cost: 5.2755e-04
122/177 [===================>..........] - ETA: 2s - batch_cost: 0.0428 - reader cost: 5.1890e-04
124/177 [====================>.........] - ETA: 2s - batch_cost: 0.0428 - reader cost: 5.1053e-04
126/177 [====================>.........] - ETA: 2s - batch_cost: 0.0427 - reader cost: 5.0243e-04
128/177 [====================>.........] - ETA: 2s - batch_cost: 0.0427 - reader cost: 4.9458e-04
130/177 [=====================>........] - ETA: 2s - batch_cost: 0.0427 - reader cost: 4.8697e-04
132/177 [=====================>........] - ETA: 1s - batch_cost: 0.0427 - reader cost: 4.7959e-04
134/177 [=====================>........] - ETA: 1s - batch_cost: 0.0428 - reader cost: 4.7989e-04
136/177 [======================>.......] - ETA: 1s - batch_cost: 0.0428 - reader cost: 4.7283e-04
138/177 [======================>.......] - ETA: 1s - batch_cost: 0.0428 - reader cost: 4.6598e-04
140/177 [======================>.......] - ETA: 1s - batch_cost: 0.0428 - reader cost: 4.5932e-04
142/177 [=======================>......] - ETA: 1s - batch_cost: 0.0428 - reader cost: 4.5285e-04
144/177 [=======================>......] - ETA: 1s - batch_cost: 0.0429 - reader cost: 4.4656e-04
146/177 [=======================>......] - ETA: 1s - batch_cost: 0.0429 - reader cost: 4.4045e-04
148/177 [========================>.....] - ETA: 1s - batch_cost: 0.0429 - reader cost: 4.3450e-04
150/177 [========================>.....] - ETA: 1s - batch_cost: 0.0429 - reader cost: 4.2870e-04
152/177 [========================>.....] - ETA: 1s - batch_cost: 0.0429 - reader cost: 4.2306e-04
154/177 [=========================>....] - ETA: 0s - batch_cost: 0.0429 - reader cost: 4.1757e-04
156/177 [=========================>....] - ETA: 0s - batch_cost: 0.0429 - reader cost: 4.1861e-04
158/177 [=========================>....] - ETA: 0s - batch_cost: 0.0428 - reader cost: 4.1331e-04
160/177 [==========================>...] - ETA: 0s - batch_cost: 0.0428 - reader cost: 4.0814e-04
162/177 [==========================>...] - ETA: 0s - batch_cost: 0.0428 - reader cost: 4.0311e-04
164/177 [==========================>...] - ETA: 0s - batch_cost: 0.0428 - reader cost: 3.9819e-04
166/177 [===========================>..] - ETA: 0s - batch_cost: 0.0428 - reader cost: 3.9339e-04
168/177 [===========================>..] - ETA: 0s - batch_cost: 0.0428 - reader cost: 3.8871e-04
170/177 [===========================>..] - ETA: 0s - batch_cost: 0.0428 - reader cost: 3.8414e-04
172/177 [============================>.] - ETA: 0s - batch_cost: 0.0428 - reader cost: 3.7967e-04
174/177 [============================>.] - ETA: 0s - batch_cost: 0.0428 - reader cost: 3.7531e-04
176/177 [============================>.] - ETA: 0s - batch_cost: 0.0428 - reader cost: 3.7104e-04
177/177 [==============================] - 8s 43ms/step - batch_cost: 0.0428 - reader cost: 3.6894e-04
[2026/10/07 00:41:45] INFO: [EVAL] #Images: 177 mIoU: 0.8513 Acc: 0.9886 Kappa: 0.8275 Dice: 0.9137
[2026/10/07 00:41:45] INFO: [EVAL] Class IoU: 
[0.9883 0.7143]
[2026/10/07 00:41:45] INFO: [EVAL] Class Precision: 
[0.9964 0.7823]
[2026/10/07 00:41:45] INFO: [EVAL] Class Recall: 
[0.9918 0.8916]
[2026/10/07 00:41:45] INFO: [EVAL] The model with the best validation mIoU (0.8572) was saved at iter 4000.
[2026/10/07 00:41:45] INFO: [EVAL] The EMA model with the best validation mIoU (0.8513) was saved at iter 4000.
[2026/10/07 00:41:46] INFO: [TRAIN] epoch: 12, iter: 4010/18000, loss: 0.0461, lr: 0.000047, batch_cost: 0.0539, reader_cost: 0.00010, ips: 74.1882 samples/sec, max_mem_reserved: 1731 MB, max_mem_allocated: 1081 MB | ETA 00:12:34
[2026/10/07 00:41:47] INFO: [TRAIN] epoch: 12, iter: 4020/18000, loss: 0.0476, lr: 0.000047, batch_cost: 0.0838, reader_cost: 0.03199, ips: 47.7091 samples/sec, max_mem_reserved: 1731 MB, max_mem_allocated: 1081 MB | ETA 00:19:32
[2026/10/07 00:41:48] INFO: [TRAIN] epoch: 12, iter: 4030/18000, loss: 0.0459, lr: 0.000047, batch_cost: 0.0842, reader_cost: 0.03176, ips: 47.5332 samples/sec, max_mem_reserved: 1731 MB, max_mem_allocated: 1081 MB | ETA 00:19:35
[2026/10/07 00:41:49] INFO: [TRAIN] epoch: 12, iter: 4040/18000, loss: 0.0329, lr: 0.000047, batch_cost: 0.0890, reader_cost: 0.03462, ips: 44.9518 samples/sec, max_mem_reserved: 1731 MB, max_mem_allocated: 1081 MB | ETA 00:20:42
[2026/10/07 00:41:50] INFO: [TRAIN] epoch: 12, iter: 4050/18000, loss: 0.0405, lr: 0.000047, batch_cost: 0.0861, reader_cost: 0.03371, ips: 46.4352 samples/sec, max_mem_reserved: 1731 MB, max_mem_allocated: 1081 MB | ETA 00:20:01
[2026/10/07 00:41:51] INFO: [TRAIN] epoch: 12, iter: 4060/18000, loss: 0.0474, lr: 0.000046, batch_cost: 0.0913, reader_cost: 0.03739, ips: 43.8097 samples/sec, max_mem_reserved: 1731 MB, max_mem_allocated: 1081 MB | ETA 00:21:12
[2026/10/07 00:41:52] INFO: [TRAIN] epoch: 12, iter: 4070/18000, loss: 0.0368, lr: 0.000046, batch_cost: 0.0889, reader_cost: 0.03576, ips: 44.9937 samples/sec, max_mem_reserved: 1731 MB, max_mem_allocated: 1081 MB | ETA 00:20:38
[2026/10/07 00:41:53] INFO: [TRAIN] epoch: 12, iter: 4080/18000, loss: 0.0475, lr: 0.000046, batch_cost: 0.0909, reader_cost: 0.03982, ips: 44.0124 samples/sec, max_mem_reserved: 1731 MB, max_mem_allocated: 1081 MB | ETA 00:21:05
[2026/10/07 00:41:54] INFO: [TRAIN] epoch: 12, iter: 4090/18000, loss: 0.0327, lr: 0.000046, batch_cost: 0.0873, reader_cost: 0.03407, ips: 45.8284 samples/sec, max_mem_reserved: 1731 MB, max_mem_allocated: 1081 MB | ETA 00:20:14
[2026/10/07 00:41:55] INFO: [TRAIN] epoch: 12, iter: 4100/18000, loss: 0.0374, lr: 0.000046, batch_cost: 0.0853, reader_cost: 0.03330, ips: 46.8877 samples/sec, max_mem_reserved: 1731 MB, max_mem_allocated: 1081 MB | ETA 00:19:45
[2026/10/07 00:41:56] INFO: [TRAIN] epoch: 12, iter: 4110/18000, loss: 0.0442, lr: 0.000046, batch_cost: 0.0886, reader_cost: 0.03747, ips: 45.1230 samples/sec, max_mem_reserved: 1731 MB, max_mem_allocated: 1081 MB | ETA 00:20:31
[2026/10/07 00:41:57] INFO: [TRAIN] epoch: 12, iter: 4120/18000, loss: 0.0310, lr: 0.000046, batch_cost: 0.0860, reader_cost: 0.03315, ips: 46.4900 samples/sec, max_mem_reserved: 1731 MB, max_mem_allocated: 1081 MB | ETA 00:19:54
[2026/10/07 00:41:58] INFO: [TRAIN] epoch: 12, iter: 4130/18000, loss: 0.0390, lr: 0.000046, batch_cost: 0.0865, reader_cost: 0.03444, ips: 46.2426 samples/sec, max_mem_reserved: 1731 MB, max_mem_allocated: 1081 MB | ETA 00:19:59
[2026/10/07 00:41:59] INFO: [TRAIN] epoch: 12, iter: 4140/18000, loss: 0.0407, lr: 0.000046, batch_cost: 0.0889, reader_cost: 0.03684, ips: 44.9791 samples/sec, max_mem_reserved: 1731 MB, max_mem_allocated: 1081 MB | ETA 00:20:32
[2026/10/07 00:42:00] INFO: [TRAIN] epoch: 12, iter: 4150/18000, loss: 0.0465, lr: 0.000046, batch_cost: 0.0882, reader_cost: 0.03319, ips: 45.3700 samples/sec, max_mem_reserved: 1731 MB, max_mem_allocated: 1081 MB | ETA 00:20:21
[2026/10/07 00:42:01] INFO: [TRAIN] epoch: 12, iter: 4160/18000, loss: 0.0330, lr: 0.000046, batch_cost: 0.0886, reader_cost: 0.03583, ips: 45.1491 samples/sec, max_mem_reserved: 1731 MB, max_mem_allocated: 1081 MB | ETA 00:20:26
[2026/10/07 00:42:03] INFO: [TRAIN] epoch: 12, iter: 4170/18000, loss: 0.0339, lr: 0.000046, batch_cost: 0.0869, reader_cost: 0.03523, ips: 46.0369 samples/sec, max_mem_reserved: 1731 MB, max_mem_allocated: 1081 MB | ETA 00:20:01
[2026/10/07 00:42:04] INFO: [TRAIN] epoch: 12, iter: 4180/18000, loss: 0.0450, lr: 0.000046, batch_cost: 0.0890, reader_cost: 0.03479, ips: 44.9187 samples/sec, max_mem_reserved: 1731 MB, max_mem_allocated: 1081 MB | ETA 00:20:30
[2026/10/07 00:42:05] INFO: [TRAIN] epoch: 12, iter: 4190/18000, loss: 0.0367, lr: 0.000046, batch_cost: 0.0871, reader_cost: 0.03164, ips: 45.9023 samples/sec, max_mem_reserved: 1731 MB, max_mem_allocated: 1081 MB | ETA 00:20:03
[2026/10/07 00:42:06] INFO: [TRAIN] epoch: 12, iter: 4200/18000, loss: 0.0394, lr: 0.000046, batch_cost: 0.0860, reader_cost: 0.03405, ips: 46.5072 samples/sec, max_mem_reserved: 1731 MB, max_mem_allocated: 1081 MB | ETA 00:19:46
[2026/10/07 00:42:07] INFO: [TRAIN] epoch: 13, iter: 4210/18000, loss: 0.0358, lr: 0.000046, batch_cost: 0.0928, reader_cost: 0.04081, ips: 43.1230 samples/sec, max_mem_reserved: 1731 MB, max_mem_allocated: 1081 MB | ETA 00:21:19
[2026/10/07 00:42:08] INFO: [TRAIN] epoch: 13, iter: 4220/18000, loss: 0.0300, lr: 0.000046, batch_cost: 0.0826, reader_cost: 0.02970, ips: 48.4040 samples/sec, max_mem_reserved: 1731 MB, max_mem_allocated: 1081 MB | ETA 00:18:58
[2026/10/07 00:42:09] INFO: [TRAIN] epoch: 13, iter: 4230/18000, loss: 0.0471, lr: 0.000046, batch_cost: 0.0845, reader_cost: 0.03127, ips: 47.3513 samples/sec, max_mem_reserved: 1731 MB, max_mem_allocated: 1081 MB | ETA 00:19:23
[2026/10/07 00:42:10] INFO: [TRAIN] epoch: 13, iter: 4240/18000, loss: 0.0448, lr: 0.000046, batch_cost: 0.0870, reader_cost: 0.03399, ips: 45.9512 samples/sec, max_mem_reserved: 1731 MB, max_mem_allocated: 1081 MB | ETA 00:19:57
[2026/10/07 00:42:11] INFO: [TRAIN] epoch: 13, iter: 4250/18000, loss: 0.0366, lr: 0.000046, batch_cost: 0.0912, reader_cost: 0.03759, ips: 43.8787 samples/sec, max_mem_reserved: 1731 MB, max_mem_allocated: 1081 MB | ETA 00:20:53
[2026/10/07 00:42:12] INFO: [TRAIN] epoch: 13, iter: 4260/18000, loss: 0.0344, lr: 0.000046, batch_cost: 0.0878, reader_cost: 0.03642, ips: 45.5448 samples/sec, max_mem_reserved: 1731 MB, max_mem_allocated: 1081 MB | ETA 00:20:06
[2026/10/07 00:42:13] INFO: [TRAIN] epoch: 13, iter: 4270/18000, loss: 0.0410, lr: 0.000046, batch_cost: 0.0816, reader_cost: 0.02936, ips: 48.9915 samples/sec, max_mem_reserved: 1731 MB, max_mem_allocated: 1081 MB | ETA 00:18:41
[2026/10/07 00:42:14] INFO: [TRAIN] epoch: 13, iter: 4280/18000, loss: 0.0402, lr: 0.000046, batch_cost: 0.0892, reader_cost: 0.03555, ips: 44.8454 samples/sec, max_mem_reserved: 1731 MB, max_mem_allocated: 1081 MB | ETA 00:20:23
[2026/10/07 00:42:15] INFO: [TRAIN] epoch: 13, iter: 4290/18000, loss: 0.0340, lr: 0.000046, batch_cost: 0.0840, reader_cost: 0.03186, ips: 47.6297 samples/sec, max_mem_reserved: 1731 MB, max_mem_allocated: 1081 MB | ETA 00:19:11
[2026/10/07 00:42:16] INFO: [TRAIN] epoch: 13, iter: 4300/18000, loss: 0.0286, lr: 0.000046, batch_cost: 0.0863, reader_cost: 0.03419, ips: 46.3641 samples/sec, max_mem_reserved: 1731 MB, max_mem_allocated: 1081 MB | ETA 00:19:41
[2026/10/07 00:42:17] INFO: [TRAIN] epoch: 13, iter: 4310/18000, loss: 0.0394, lr: 0.000046, batch_cost: 0.0854, reader_cost: 0.03202, ips: 46.8458 samples/sec, max_mem_reserved: 1731 MB, max_mem_allocated: 1081 MB | ETA 00:19:28
[2026/10/07 00:42:18] INFO: [TRAIN] epoch: 13, iter: 4320/18000, loss: 0.0441, lr: 0.000046, batch_cost: 0.0859, reader_cost: 0.03342, ips: 46.5627 samples/sec, max_mem_reserved: 1731 MB, max_mem_allocated: 1081 MB | ETA 00:19:35
[2026/10/07 00:42:19] INFO: [TRAIN] epoch: 13, iter: 4330/18000, loss: 0.0483, lr: 0.000046, batch_cost: 0.0821, reader_cost: 0.02865, ips: 48.6974 samples/sec, max_mem_reserved: 1731 MB, max_mem_allocated: 1081 MB | ETA 00:18:42
[2026/10/07 00:42:20] INFO: [TRAIN] epoch: 13, iter: 4340/18000, loss: 0.0327, lr: 0.000046, batch_cost: 0.0866, reader_cost: 0.03519, ips: 46.1704 samples/sec, max_mem_reserved: 1731 MB, max_mem_allocated: 1081 MB | ETA 00:19:43
[2026/10/07 00:42:21] INFO: [TRAIN] epoch: 13, iter: 4350/18000, loss: 0.0447, lr: 0.000046, batch_cost: 0.0837, reader_cost: 0.03040, ips: 47.7972 samples/sec, max_mem_reserved: 1731 MB, max_mem_allocated: 1081 MB | ETA 00:19:02
[2026/10/07 00:42:22] INFO: [TRAIN] epoch: 13, iter: 4360/18000, loss: 0.0355, lr: 0.000045, batch_cost: 0.0847, reader_cost: 0.03204, ips: 47.2065 samples/sec, max_mem_reserved: 1731 MB, max_mem_allocated: 1081 MB | ETA 00:19:15
[2026/10/07 00:42:23] INFO: [TRAIN] epoch: 13, iter: 4370/18000, loss: 0.0444, lr: 0.000045, batch_cost: 0.0829, reader_cost: 0.03029, ips: 48.2299 samples/sec, max_mem_reserved: 1731 MB, max_mem_allocated: 1081 MB | ETA 00:18:50
[2026/10/07 00:42:24] INFO: [TRAIN] epoch: 13, iter: 4380/18000, loss: 0.0406, lr: 0.000045, batch_cost: 0.0841, reader_cost: 0.03252, ips: 47.5899 samples/sec, max_mem_reserved: 1731 MB, max_mem_allocated: 1081 MB | ETA 00:19:04
[2026/10/07 00:42:25] INFO: [TRAIN] epoch: 13, iter: 4390/18000, loss: 0.0460, lr: 0.000045, batch_cost: 0.0874, reader_cost: 0.03593, ips: 45.7454 samples/sec, max_mem_reserved: 1731 MB, max_mem_allocated: 1081 MB | ETA 00:19:50
[2026/10/07 00:42:26] INFO: [TRAIN] epoch: 13, iter: 4400/18000, loss: 0.0384, lr: 0.000045, batch_cost: 0.0861, reader_cost: 0.03183, ips: 46.4667 samples/sec, max_mem_reserved: 1731 MB, max_mem_allocated: 1081 MB | ETA 00:19:30
[2026/10/07 00:42:27] INFO: [TRAIN] epoch: 13, iter: 4410/18000, loss: 0.0295, lr: 0.000045, batch_cost: 0.0852, reader_cost: 0.03252, ips: 46.9320 samples/sec, max_mem_reserved: 1731 MB, max_mem_allocated: 1081 MB | ETA 00:19:18
[2026/10/07 00:42:28] INFO: [TRAIN] epoch: 13, iter: 4420/18000, loss: 0.0399, lr: 0.000045, batch_cost: 0.0851, reader_cost: 0.03355, ips: 46.9763 samples/sec, max_mem_reserved: 1731 MB, max_mem_allocated: 1081 MB | ETA 00:19:16
[2026/10/07 00:42:29] INFO: [TRAIN] epoch: 13, iter: 4430/18000, loss: 0.0385, lr: 0.000045, batch_cost: 0.0826, reader_cost: 0.03155, ips: 48.4183 samples/sec, max_mem_reserved: 1731 MB, max_mem_allocated: 1081 MB | ETA 00:18:41
[2026/10/07 00:42:30] INFO: [TRAIN] epoch: 13, iter: 4440/18000, loss: 0.0393, lr: 0.000045, batch_cost: 0.0878, reader_cost: 0.03471, ips: 45.5327 samples/sec, max_mem_reserved: 1731 MB, max_mem_allocated: 1081 MB | ETA 00:19:51
[2026/10/07 00:42:31] INFO: [TRAIN] epoch: 13, iter: 4450/18000, loss: 0.0462, lr: 0.000045, batch_cost: 0.0857, reader_cost: 0.03404, ips: 46.6578 samples/sec, max_mem_reserved: 1731 MB, max_mem_allocated: 1081 MB | ETA 00:19:21
[2026/10/07 00:42:32] INFO: [TRAIN] epoch: 13, iter: 4460/18000, loss: 0.0345, lr: 0.000045, batch_cost: 0.0872, reader_cost: 0.03543, ips: 45.8863 samples/sec, max_mem_reserved: 1731 MB, max_mem_allocated: 1081 MB | ETA 00:19:40
[2026/10/07 00:42:33] INFO: [TRAIN] epoch: 13, iter: 4470/18000, loss: 0.0403, lr: 0.000045, batch_cost: 0.0784, reader_cost: 0.02662, ips: 51.0208 samples/sec, max_mem_reserved: 1731 MB, max_mem_allocated: 1081 MB | ETA 00:17:40
[2026/10/07 00:42:34] INFO: [TRAIN] epoch: 13, iter: 4480/18000, loss: 0.0402, lr: 0.000045, batch_cost: 0.0861, reader_cost: 0.03393, ips: 46.4641 samples/sec, max_mem_reserved: 1731 MB, max_mem_allocated: 1081 MB | ETA 00:19:23
[2026/10/07 00:42:35] INFO: [TRAIN] epoch: 13, iter: 4490/18000, loss: 0.0513, lr: 0.000045, batch_cost: 0.0856, reader_cost: 0.03331, ips: 46.7390 samples/sec, max_mem_reserved: 1731 MB, max_mem_allocated: 1081 MB | ETA 00:19:16
[2026/10/07 00:42:36] INFO: [TRAIN] epoch: 13, iter: 4500/18000, loss: 0.0511, lr: 0.000045, batch_cost: 0.0896, reader_cost: 0.03790, ips: 44.6633 samples/sec, max_mem_reserved: 1731 MB, max_mem_allocated: 1081 MB | ETA 00:20:09
[2026/10/07 00:42:37] INFO: [TRAIN] epoch: 13, iter: 4510/18000, loss: 0.0312, lr: 0.000045, batch_cost: 0.0884, reader_cost: 0.03671, ips: 45.2345 samples/sec, max_mem_reserved: 1731 MB, max_mem_allocated: 1081 MB | ETA 00:19:52
[2026/10/07 00:42:38] INFO: [TRAIN] epoch: 13, iter: 4520/18000, loss: 0.0390, lr: 0.000045, batch_cost: 0.0860, reader_cost: 0.03397, ips: 46.5264 samples/sec, max_mem_reserved: 1731 MB, max_mem_allocated: 1081 MB | ETA 00:19:18
[2026/10/07 00:42:39] INFO: [TRAIN] epoch: 13, iter: 4530/18000, loss: 0.0362, lr: 0.000045, batch_cost: 0.0897, reader_cost: 0.03616, ips: 44.5733 samples/sec, max_mem_reserved: 1731 MB, max_mem_allocated: 1081 MB | ETA 00:20:08
[2026/10/07 00:42:40] INFO: [TRAIN] epoch: 13, iter: 4540/18000, loss: 0.0428, lr: 0.000045, batch_cost: 0.0850, reader_cost: 0.03365, ips: 47.0384 samples/sec, max_mem_reserved: 1731 MB, max_mem_allocated: 1081 MB | ETA 00:19:04
[2026/10/07 00:42:41] INFO: [TRAIN] epoch: 13, iter: 4550/18000, loss: 0.0349, lr: 0.000045, batch_cost: 0.0865, reader_cost: 0.03540, ips: 46.2542 samples/sec, max_mem_reserved: 1731 MB, max_mem_allocated: 1081 MB | ETA 00:19:23
[2026/10/07 00:42:42] INFO: [TRAIN] epoch: 14, iter: 4560/18000, loss: 0.0333, lr: 0.000045, batch_cost: 0.0892, reader_cost: 0.03657, ips: 44.8340 samples/sec, max_mem_reserved: 1731 MB, max_mem_allocated: 1081 MB | ETA 00:19:59
[2026/10/07 00:42:43] INFO: [TRAIN] epoch: 14, iter: 4570/18000, loss: 0.0337, lr: 0.000045, batch_cost: 0.0901, reader_cost: 0.03884, ips: 44.3728 samples/sec, max_mem_reserved: 1731 MB, max_mem_allocated: 1081 MB | ETA 00:20:10
[2026/10/07 00:42:44] INFO: [TRAIN] epoch: 14, iter: 4580/18000, loss: 0.0343, lr: 0.000045, batch_cost: 0.0876, reader_cost: 0.03417, ips: 45.6734 samples/sec, max_mem_reserved: 1731 MB, max_mem_allocated: 1081 MB | ETA 00:19:35
[2026/10/07 00:42:45] INFO: [TRAIN] epoch: 14, iter: 4590/18000, loss: 0.0368, lr: 0.000045, batch_cost: 0.0861, reader_cost: 0.03421, ips: 46.4505 samples/sec, max_mem_reserved: 1731 MB, max_mem_allocated: 1081 MB | ETA 00:19:14
[2026/10/07 00:42:46] INFO: [TRAIN] epoch: 14, iter: 4600/18000, loss: 0.0417, lr: 0.000045, batch_cost: 0.0849, reader_cost: 0.03352, ips: 47.1221 samples/sec, max_mem_reserved: 1731 MB, max_mem_allocated: 1081 MB | ETA 00:18:57
[2026/10/07 00:42:47] INFO: [TRAIN] epoch: 14, iter: 4610/18000, loss: 0.0472, lr: 0.000045, batch_cost: 0.0879, reader_cost: 0.03565, ips: 45.5268 samples/sec, max_mem_reserved: 1731 MB, max_mem_allocated: 1081 MB | ETA 00:19:36
[2026/10/07 00:42:48] INFO: [TRAIN] epoch: 14, iter: 4620/18000, loss: 0.0357, lr: 0.000045, batch_cost: 0.0824, reader_cost: 0.02992, ips: 48.5454 samples/sec, max_mem_reserved: 1731 MB, max_mem_allocated: 1081 MB | ETA 00:18:22
[2026/10/07 00:42:49] INFO: [TRAIN] epoch: 14, iter: 4630/18000, loss: 0.0267, lr: 0.000045, batch_cost: 0.0881, reader_cost: 0.03553, ips: 45.3863 samples/sec, max_mem_reserved: 1731 MB, max_mem_allocated: 1081 MB | ETA 00:19:38
[2026/10/07 00:42:50] INFO: [TRAIN] epoch: 14, iter: 4640/18000, loss: 0.0294, lr: 0.000045, batch_cost: 0.0919, reader_cost: 0.03995, ips: 43.5378 samples/sec, max_mem_reserved: 1731 MB, max_mem_allocated: 1081 MB | ETA 00:20:27
[2026/10/07 00:42:51] INFO: [TRAIN] epoch: 14, iter: 4650/18000, loss: 0.0346, lr: 0.000045, batch_cost: 0.0824, reader_cost: 0.03183, ips: 48.5693 samples/sec, max_mem_reserved: 1731 MB, max_mem_allocated: 1081 MB | ETA 00:18:19
[2026/10/07 00:42:52] INFO: [TRAIN] epoch: 14, iter: 4660/18000, loss: 0.0434, lr: 0.000044, batch_cost: 0.0855, reader_cost: 0.03318, ips: 46.7626 samples/sec, max_mem_reserved: 1731 MB, max_mem_allocated: 1081 MB | ETA 00:19:01
[2026/10/07 00:42:53] INFO: [TRAIN] epoch: 14, iter: 4670/18000, loss: 0.0415, lr: 0.000044, batch_cost: 0.0883, reader_cost: 0.03736, ips: 45.2858 samples/sec, max_mem_reserved: 1731 MB, max_mem_allocated: 1081 MB | ETA 00:19:37
[2026/10/07 00:42:54] INFO: [TRAIN] epoch: 14, iter: 4680/18000, loss: 0.0348, lr: 0.000044, batch_cost: 0.0832, reader_cost: 0.03249, ips: 48.0736 samples/sec, max_mem_reserved: 1731 MB, max_mem_allocated: 1081 MB | ETA 00:18:28
[2026/10/07 00:42:55] INFO: [TRAIN] epoch: 14, iter: 4690/18000, loss: 0.0491, lr: 0.000044, batch_cost: 0.0912, reader_cost: 0.03791, ips: 43.8636 samples/sec, max_mem_reserved: 1731 MB, max_mem_allocated: 1081 MB | ETA 00:20:13
[2026/10/07 00:42:56] INFO: [TRAIN] epoch: 14, iter: 4700/18000, loss: 0.0391, lr: 0.000044, batch_cost: 0.0901, reader_cost: 0.03858, ips: 44.4158 samples/sec, max_mem_reserved: 1731 MB, max_mem_allocated: 1081 MB | ETA 00:19:57
[2026/10/07 00:42:57] INFO: [TRAIN] epoch: 14, iter: 4710/18000, loss: 0.0427, lr: 0.000044, batch_cost: 0.0908, reader_cost: 0.04006, ips: 44.0544 samples/sec, max_mem_reserved: 1731 MB, max_mem_allocated: 1081 MB | ETA 00:20:06
[2026/10/07 00:42:58] INFO: [TRAIN] epoch: 14, iter: 4720/18000, loss: 0.0374, lr: 0.000044, batch_cost: 0.0859, reader_cost: 0.03404, ips: 46.5658 samples/sec, max_mem_reserved: 1731 MB, max_mem_allocated: 1081 MB | ETA 00:19:00
[2026/10/07 00:42:59] INFO: [TRAIN] epoch: 14, iter: 4730/18000, loss: 0.0367, lr: 0.000044, batch_cost: 0.0875, reader_cost: 0.03465, ips: 45.6882 samples/sec, max_mem_reserved: 1731 MB, max_mem_allocated: 1081 MB | ETA 00:19:21
[2026/10/07 00:43:01] INFO: [TRAIN] epoch: 14, iter: 4740/18000, loss: 0.0316, lr: 0.000044, batch_cost: 0.0874, reader_cost: 0.03328, ips: 45.7430 samples/sec, max_mem_reserved: 1731 MB, max_mem_allocated: 1081 MB | ETA 00:19:19
[2026/10/07 00:43:02] INFO: [TRAIN] epoch: 14, iter: 4750/18000, loss: 0.0403, lr: 0.000044, batch_cost: 0.0844, reader_cost: 0.03320, ips: 47.3858 samples/sec, max_mem_reserved: 1731 MB, max_mem_allocated: 1081 MB | ETA 00:18:38
[2026/10/07 00:43:03] INFO: [TRAIN] epoch: 14, iter: 4760/18000, loss: 0.0466, lr: 0.000044, batch_cost: 0.0857, reader_cost: 0.03326, ips: 46.6665 samples/sec, max_mem_reserved: 1731 MB, max_mem_allocated: 1081 MB | ETA 00:18:54
[2026/10/07 00:43:04] INFO: [TRAIN] epoch: 14, iter: 4770/18000, loss: 0.0358, lr: 0.000044, batch_cost: 0.0871, reader_cost: 0.03488, ips: 45.9118 samples/sec, max_mem_reserved: 1731 MB, max_mem_allocated: 1081 MB | ETA 00:19:12
[2026/10/07 00:43:05] INFO: [TRAIN] epoch: 14, iter: 4780/18000, loss: 0.0348, lr: 0.000044, batch_cost: 0.0908, reader_cost: 0.03667, ips: 44.0731 samples/sec, max_mem_reserved: 1731 MB, max_mem_allocated: 1081 MB | ETA 00:19:59
[2026/10/07 00:43:06] INFO: [TRAIN] epoch: 14, iter: 4790/18000, loss: 0.0344, lr: 0.000044, batch_cost: 0.0886, reader_cost: 0.03511, ips: 45.1669 samples/sec, max_mem_reserved: 1731 MB, max_mem_allocated: 1081 MB | ETA 00:19:29
[2026/10/07 00:43:07] INFO: [TRAIN] epoch: 14, iter: 4800/18000, loss: 0.0386, lr: 0.000044, batch_cost: 0.0887, reader_cost: 0.03648, ips: 45.0725 samples/sec, max_mem_reserved: 1731 MB, max_mem_allocated: 1081 MB | ETA 00:19:31
[2026/10/07 00:43:08] INFO: [TRAIN] epoch: 14, iter: 4810/18000, loss: 0.0377, lr: 0.000044, batch_cost: 0.0867, reader_cost: 0.03422, ips: 46.1594 samples/sec, max_mem_reserved: 1731 MB, max_mem_allocated: 1081 MB | ETA 00:19:02
[2026/10/07 00:43:09] INFO: [TRAIN] epoch: 14, iter: 4820/18000, loss: 0.0371, lr: 0.000044, batch_cost: 0.0864, reader_cost: 0.03320, ips: 46.3209 samples/sec, max_mem_reserved: 1731 MB, max_mem_allocated: 1081 MB | ETA 00:18:58
[2026/10/07 00:43:10] INFO: [TRAIN] epoch: 14, iter: 4830/18000, loss: 0.0419, lr: 0.000044, batch_cost: 0.0867, reader_cost: 0.03461, ips: 46.1232 samples/sec, max_mem_reserved: 1731 MB, max_mem_allocated: 1081 MB | ETA 00:19:02
[2026/10/07 00:43:11] INFO: [TRAIN] epoch: 14, iter: 4840/18000, loss: 0.0320, lr: 0.000044, batch_cost: 0.0906, reader_cost: 0.03859, ips: 44.1659 samples/sec, max_mem_reserved: 1731 MB, max_mem_allocated: 1081 MB | ETA 00:19:51
[2026/10/07 00:43:12] INFO: [TRAIN] epoch: 14, iter: 4850/18000, loss: 0.0326, lr: 0.000044, batch_cost: 0.0861, reader_cost: 0.03420, ips: 46.4521 samples/sec, max_mem_reserved: 1731 MB, max_mem_allocated: 1081 MB | ETA 00:18:52
[2026/10/07 00:43:13] INFO: [TRAIN] epoch: 14, iter: 4860/18000, loss: 0.0410, lr: 0.000044, batch_cost: 0.0913, reader_cost: 0.03991, ips: 43.8216 samples/sec, max_mem_reserved: 1731 MB, max_mem_allocated: 1081 MB | ETA 00:19:59
[2026/10/07 00:43:14] INFO: [TRAIN] epoch: 14, iter: 4870/18000, loss: 0.0463, lr: 0.000044, batch_cost: 0.0892, reader_cost: 0.03460, ips: 44.8434 samples/sec, max_mem_reserved: 1731 MB, max_mem_allocated: 1081 MB | ETA 00:19:31
[2026/10/07 00:43:15] INFO: [TRAIN] epoch: 14, iter: 4880/18000, loss: 0.0316, lr: 0.000044, batch_cost: 0.0903, reader_cost: 0.03782, ips: 44.3071 samples/sec, max_mem_reserved: 1731 MB, max_mem_allocated: 1081 MB | ETA 00:19:44
[2026/10/07 00:43:16] INFO: [TRAIN] epoch: 14, iter: 4890/18000, loss: 0.0386, lr: 0.000044, batch_cost: 0.0887, reader_cost: 0.03662, ips: 45.1177 samples/sec, max_mem_reserved: 1731 MB, max_mem_allocated: 1081 MB | ETA 00:19:22
[2026/10/07 00:43:17] INFO: [TRAIN] epoch: 14, iter: 4900/18000, loss: 0.0343, lr: 0.000044, batch_cost: 0.0834, reader_cost: 0.03222, ips: 47.9373 samples/sec, max_mem_reserved: 1731 MB, max_mem_allocated: 1081 MB | ETA 00:18:13
[2026/10/07 00:43:18] INFO: [TRAIN] epoch: 15, iter: 4910/18000, loss: 0.0344, lr: 0.000044, batch_cost: 0.0950, reader_cost: 0.04237, ips: 42.0845 samples/sec, max_mem_reserved: 1731 MB, max_mem_allocated: 1081 MB | ETA 00:20:44
[2026/10/07 00:43:19] INFO: [TRAIN] epoch: 15, iter: 4920/18000, loss: 0.0290, lr: 0.000044, batch_cost: 0.0900, reader_cost: 0.03840, ips: 44.4349 samples/sec, max_mem_reserved: 1731 MB, max_mem_allocated: 1081 MB | ETA 00:19:37
[2026/10/07 00:43:20] INFO: [TRAIN] epoch: 15, iter: 4930/18000, loss: 0.0316, lr: 0.000044, batch_cost: 0.0885, reader_cost: 0.03642, ips: 45.1790 samples/sec, max_mem_reserved: 1731 MB, max_mem_allocated: 1081 MB | ETA 00:19:17
[2026/10/07 00:43:21] INFO: [TRAIN] epoch: 15, iter: 4940/18000, loss: 0.0377, lr: 0.000044, batch_cost: 0.0844, reader_cost: 0.03255, ips: 47.4156 samples/sec, max_mem_reserved: 1731 MB, max_mem_allocated: 1081 MB | ETA 00:18:21
[2026/10/07 00:43:22] INFO: [TRAIN] epoch: 15, iter: 4950/18000, loss: 0.0304, lr: 0.000044, batch_cost: 0.0903, reader_cost: 0.03773, ips: 44.3032 samples/sec, max_mem_reserved: 1731 MB, max_mem_allocated: 1081 MB | ETA 00:19:38
[2026/10/07 00:43:23] INFO: [TRAIN] epoch: 15, iter: 4960/18000, loss: 0.0430, lr: 0.000043, batch_cost: 0.0930, reader_cost: 0.04126, ips: 43.0057 samples/sec, max_mem_reserved: 1731 MB, max_mem_allocated: 1081 MB | ETA 00:20:12
[2026/10/07 00:43:24] INFO: [TRAIN] epoch: 15, iter: 4970/18000, loss: 0.0420, lr: 0.000043, batch_cost: 0.0849, reader_cost: 0.03311, ips: 47.1243 samples/sec, max_mem_reserved: 1731 MB, max_mem_allocated: 1081 MB | ETA 00:18:26
[2026/10/07 00:43:25] INFO: [TRAIN] epoch: 15, iter: 4980/18000, loss: 0.0391, lr: 0.000043, batch_cost: 0.0856, reader_cost: 0.03422, ips: 46.7410 samples/sec, max_mem_reserved: 1731 MB, max_mem_allocated: 1081 MB | ETA 00:18:34
[2026/10/07 00:43:26] INFO: [TRAIN] epoch: 15, iter: 4990/18000, loss: 0.0354, lr: 0.000043, batch_cost: 0.0890, reader_cost: 0.03702, ips: 44.9536 samples/sec, max_mem_reserved: 1731 MB, max_mem_allocated: 1081 MB | ETA 00:19:17
[2026/10/07 00:43:27] INFO: [TRAIN] epoch: 15, iter: 5000/18000, loss: 0.0458, lr: 0.000043, batch_cost: 0.0957, reader_cost: 0.04459, ips: 41.7844 samples/sec, max_mem_reserved: 1731 MB, max_mem_allocated: 1081 MB | ETA 00:20:44
[2026/10/07 00:43:27] INFO: Start evaluating (total_samples: 177, total_iters: 177)...

  1/177 [..............................] - ETA: 9s - batch_cost: 0.0565 - reader cost: 0.0346
  3/177 [..............................] - ETA: 8s - batch_cost: 0.0479 - reader cost: 0.0267
  5/177 [..............................] - ETA: 7s - batch_cost: 0.0445 - reader cost: 0.0249
  7/177 [>.............................] - ETA: 7s - batch_cost: 0.0446 - reader cost: 0.0237
  9/177 [>.............................] - ETA: 7s - batch_cost: 0.0446 - reader cost: 0.0220
 10/177 [>.............................] - ETA: 7s - batch_cost: 0.0454 - reader cost: 0.0217
 12/177 [=>............................] - ETA: 7s - batch_cost: 0.0453 - reader cost: 0.0188
 14/177 [=>............................] - ETA: 7s - batch_cost: 0.0445 - reader cost: 0.0161
 16/177 [=>............................] - ETA: 7s - batch_cost: 0.0442 - reader cost: 0.0141
 18/177 [==>...........................] - ETA: 6s - batch_cost: 0.0439 - reader cost: 0.0125
 20/177 [==>...........................] - ETA: 6s - batch_cost: 0.0442 - reader cost: 0.0113
 22/177 [==>...........................] - ETA: 6s - batch_cost: 0.0439 - reader cost: 0.0102
 24/177 [===>..........................] - ETA: 6s - batch_cost: 0.0438 - reader cost: 0.0094
 26/177 [===>..........................] - ETA: 6s - batch_cost: 0.0436 - reader cost: 0.0087
 28/177 [===>..........................] - ETA: 6s - batch_cost: 0.0435 - reader cost: 0.0081
 30/177 [====>.........................] - ETA: 6s - batch_cost: 0.0434 - reader cost: 0.0075
 32/177 [====>.........................] - ETA: 6s - batch_cost: 0.0433 - reader cost: 0.0070
 34/177 [====>.........................] - ETA: 6s - batch_cost: 0.0434 - reader cost: 0.0066
 36/177 [=====>........................] - ETA: 6s - batch_cost: 0.0433 - reader cost: 0.0063
 38/177 [=====>........................] - ETA: 6s - batch_cost: 0.0433 - reader cost: 0.0059
 40/177 [=====>........................] - ETA: 5s - batch_cost: 0.0432 - reader cost: 0.0056
 42/177 [======>.......................] - ETA: 5s - batch_cost: 0.0432 - reader cost: 0.0054
 44/177 [======>.......................] - ETA: 5s - batch_cost: 0.0431 - reader cost: 0.0051
 46/177 [======>.......................] - ETA: 5s - batch_cost: 0.0431 - reader cost: 0.0049
 48/177 [=======>......................] - ETA: 5s - batch_cost: 0.0430 - reader cost: 0.0047
 50/177 [=======>......................] - ETA: 5s - batch_cost: 0.0430 - reader cost: 0.0045
 52/177 [=======>......................] - ETA: 5s - batch_cost: 0.0431 - reader cost: 0.0044
 54/177 [========>.....................] - ETA: 5s - batch_cost: 0.0430 - reader cost: 0.0042
 56/177 [========>.....................] - ETA: 5s - batch_cost: 0.0430 - reader cost: 0.0041
 58/177 [========>.....................] - ETA: 5s - batch_cost: 0.0430 - reader cost: 0.0039
 60/177 [=========>....................] - ETA: 5s - batch_cost: 0.0429 - reader cost: 0.0038
 62/177 [=========>....................] - ETA: 4s - batch_cost: 0.0429 - reader cost: 0.0037
 64/177 [=========>....................] - ETA: 4s - batch_cost: 0.0429 - reader cost: 0.0036
 66/177 [==========>...................] - ETA: 4s - batch_cost: 0.0429 - reader cost: 0.0034
 68/177 [==========>...................] - ETA: 4s - batch_cost: 0.0430 - reader cost: 0.0033
 70/177 [==========>...................] - ETA: 4s - batch_cost: 0.0429 - reader cost: 0.0033
 72/177 [===========>..................] - ETA: 4s - batch_cost: 0.0430 - reader cost: 0.0032
 74/177 [===========>..................] - ETA: 4s - batch_cost: 0.0430 - reader cost: 0.0031
 76/177 [===========>..................] - ETA: 4s - batch_cost: 0.0430 - reader cost: 0.0030
 78/177 [============>.................] - ETA: 4s - batch_cost: 0.0430 - reader cost: 0.0029
 80/177 [============>.................] - ETA: 4s - batch_cost: 0.0430 - reader cost: 0.0029
 82/177 [============>.................] - ETA: 4s - batch_cost: 0.0430 - reader cost: 0.0028
 84/177 [=============>................] - ETA: 3s - batch_cost: 0.0430 - reader cost: 0.0027
 86/177 [=============>................] - ETA: 3s - batch_cost: 0.0429 - reader cost: 0.0027
 88/177 [=============>................] - ETA: 3s - batch_cost: 0.0429 - reader cost: 0.0026
 90/177 [==============>...............] - ETA: 3s - batch_cost: 0.0429 - reader cost: 0.0025
 92/177 [==============>...............] - ETA: 3s - batch_cost: 0.0429 - reader cost: 0.0025
 94/177 [==============>...............] - ETA: 3s - batch_cost: 0.0429 - reader cost: 0.0024
 96/177 [===============>..............] - ETA: 3s - batch_cost: 0.0429 - reader cost: 0.0024
 98/177 [===============>..............] - ETA: 3s - batch_cost: 0.0429 - reader cost: 0.0023
100/177 [===============>..............] - ETA: 3s - batch_cost: 0.0429 - reader cost: 0.0023
102/177 [================>.............] - ETA: 3s - batch_cost: 0.0429 - reader cost: 0.0022
104/177 [================>.............] - ETA: 3s - batch_cost: 0.0429 - reader cost: 0.0022
106/177 [================>.............] - ETA: 3s - batch_cost: 0.0429 - reader cost: 0.0022
108/177 [=================>............] - ETA: 2s - batch_cost: 0.0429 - reader cost: 0.0021
110/177 [=================>............] - ETA: 2s - batch_cost: 0.0429 - reader cost: 0.0021
112/177 [=================>............] - ETA: 2s - batch_cost: 0.0429 - reader cost: 0.0021
114/177 [==================>...........] - ETA: 2s - batch_cost: 0.0429 - reader cost: 0.0020
116/177 [==================>...........] - ETA: 2s - batch_cost: 0.0429 - reader cost: 0.0020
118/177 [===================>..........] - ETA: 2s - batch_cost: 0.0428 - reader cost: 0.0020
120/177 [===================>..........] - ETA: 2s - batch_cost: 0.0429 - reader cost: 0.0019
122/177 [===================>..........] - ETA: 2s - batch_cost: 0.0428 - reader cost: 0.0019
124/177 [====================>.........] - ETA: 2s - batch_cost: 0.0429 - reader cost: 0.0019
126/177 [====================>.........] - ETA: 2s - batch_cost: 0.0428 - reader cost: 0.0018
128/177 [====================>.........] - ETA: 2s - batch_cost: 0.0429 - reader cost: 0.0018
130/177 [=====================>........] - ETA: 2s - batch_cost: 0.0429 - reader cost: 0.0018
132/177 [=====================>........] - ETA: 1s - batch_cost: 0.0429 - reader cost: 0.0018
134/177 [=====================>........] - ETA: 1s - batch_cost: 0.0429 - reader cost: 0.0017
136/177 [======================>.......] - ETA: 1s - batch_cost: 0.0429 - reader cost: 0.0017
137/177 [======================>.......] - ETA: 1s - batch_cost: 0.0430 - reader cost: 0.0017
139/177 [======================>.......] - ETA: 1s - batch_cost: 0.0429 - reader cost: 0.0017
141/177 [======================>.......] - ETA: 1s - batch_cost: 0.0429 - reader cost: 0.0016
143/177 [=======================>......] - ETA: 1s - batch_cost: 0.0429 - reader cost: 0.0016
145/177 [=======================>......] - ETA: 1s - batch_cost: 0.0429 - reader cost: 0.0016
147/177 [=======================>......] - ETA: 1s - batch_cost: 0.0429 - reader cost: 0.0016
149/177 [========================>.....] - ETA: 1s - batch_cost: 0.0429 - reader cost: 0.0016
151/177 [========================>.....] - ETA: 1s - batch_cost: 0.0429 - reader cost: 0.0015
153/177 [========================>.....] - ETA: 1s - batch_cost: 0.0429 - reader cost: 0.0015
155/177 [=========================>....] - ETA: 0s - batch_cost: 0.0429 - reader cost: 0.0015
157/177 [=========================>....] - ETA: 0s - batch_cost: 0.0429 - reader cost: 0.0015
159/177 [=========================>....] - ETA: 0s - batch_cost: 0.0429 - reader cost: 0.0015
161/177 [==========================>...] - ETA: 0s - batch_cost: 0.0429 - reader cost: 0.0015
163/177 [==========================>...] - ETA: 0s - batch_cost: 0.0430 - reader cost: 0.0014
165/177 [==========================>...] - ETA: 0s - batch_cost: 0.0430 - reader cost: 0.0014
167/177 [===========================>..] - ETA: 0s - batch_cost: 0.0430 - reader cost: 0.0014
168/177 [===========================>..] - ETA: 0s - batch_cost: 0.0430 - reader cost: 0.0014
170/177 [===========================>..] - ETA: 0s - batch_cost: 0.0431 - reader cost: 0.0014
172/177 [============================>.] - ETA: 0s - batch_cost: 0.0430 - reader cost: 0.0014
174/177 [============================>.] - ETA: 0s - batch_cost: 0.0430 - reader cost: 0.0014
176/177 [============================>.] - ETA: 0s - batch_cost: 0.0430 - reader cost: 0.0013
177/177 [==============================] - 8s 43ms/step - batch_cost: 0.0430 - reader cost: 0.0013
[2026/10/07 00:43:35] INFO: [EVAL] #Images: 177 mIoU: 0.8553 Acc: 0.9894 Kappa: 0.8327 Dice: 0.9163
[2026/10/07 00:43:35] INFO: [EVAL] Class IoU: 
[0.9891 0.7214]
[2026/10/07 00:43:35] INFO: [EVAL] Class Precision: 
[0.9954 0.8171]
[2026/10/07 00:43:35] INFO: [EVAL] Class Recall: 
[0.9936 0.8603]
[2026/10/07 00:43:35] INFO: Start evaluating (total_samples: 177, total_iters: 177)...

  1/177 [..............................] - ETA: 9s - batch_cost: 0.0546 - reader cost: 0.0401
  3/177 [..............................] - ETA: 7s - batch_cost: 0.0450 - reader cost: 0.0251
  4/177 [..............................] - ETA: 8s - batch_cost: 0.0471 - reader cost: 0.0242
  6/177 [>.............................] - ETA: 7s - batch_cost: 0.0446 - reader cost: 0.0163
  8/177 [>.............................] - ETA: 7s - batch_cost: 0.0453 - reader cost: 0.0122
 10/177 [>.............................] - ETA: 7s - batch_cost: 0.0443 - reader cost: 0.0098
 12/177 [=>............................] - ETA: 7s - batch_cost: 0.0438 - reader cost: 0.0081
 14/177 [=>............................] - ETA: 7s - batch_cost: 0.0440 - reader cost: 0.0070
 16/177 [=>............................] - ETA: 7s - batch_cost: 0.0441 - reader cost: 0.0061
 18/177 [==>...........................] - ETA: 7s - batch_cost: 0.0441 - reader cost: 0.0054
 19/177 [==>...........................] - ETA: 7s - batch_cost: 0.0444 - reader cost: 0.0051
 21/177 [==>...........................] - ETA: 6s - batch_cost: 0.0436 - reader cost: 0.0047
 23/177 [==>...........................] - ETA: 6s - batch_cost: 0.0435 - reader cost: 0.0043
 25/177 [===>..........................] - ETA: 6s - batch_cost: 0.0436 - reader cost: 0.0039
 27/177 [===>..........................] - ETA: 6s - batch_cost: 0.0438 - reader cost: 0.0036
 29/177 [===>..........................] - ETA: 6s - batch_cost: 0.0438 - reader cost: 0.0034
 31/177 [====>.........................] - ETA: 6s - batch_cost: 0.0437 - reader cost: 0.0032
 33/177 [====>.........................] - ETA: 6s - batch_cost: 0.0436 - reader cost: 0.0030
 35/177 [====>.........................] - ETA: 6s - batch_cost: 0.0435 - reader cost: 0.0028
 37/177 [=====>........................] - ETA: 6s - batch_cost: 0.0434 - reader cost: 0.0026
 39/177 [=====>........................] - ETA: 6s - batch_cost: 0.0434 - reader cost: 0.0025
 41/177 [=====>........................] - ETA: 5s - batch_cost: 0.0435 - reader cost: 0.0024
 43/177 [======>.......................] - ETA: 5s - batch_cost: 0.0433 - reader cost: 0.0023
 45/177 [======>.......................] - ETA: 5s - batch_cost: 0.0433 - reader cost: 0.0022
 47/177 [======>.......................] - ETA: 5s - batch_cost: 0.0432 - reader cost: 0.0021
 49/177 [=======>......................] - ETA: 5s - batch_cost: 0.0431 - reader cost: 0.0020
 51/177 [=======>......................] - ETA: 5s - batch_cost: 0.0431 - reader cost: 0.0019
 53/177 [=======>......................] - ETA: 5s - batch_cost: 0.0431 - reader cost: 0.0018
 55/177 [========>.....................] - ETA: 5s - batch_cost: 0.0431 - reader cost: 0.0018
 57/177 [========>.....................] - ETA: 5s - batch_cost: 0.0430 - reader cost: 0.0017
 59/177 [=========>....................] - ETA: 5s - batch_cost: 0.0430 - reader cost: 0.0017
 61/177 [=========>....................] - ETA: 5s - batch_cost: 0.0430 - reader cost: 0.0016
 63/177 [=========>....................] - ETA: 4s - batch_cost: 0.0430 - reader cost: 0.0016
 65/177 [==========>...................] - ETA: 4s - batch_cost: 0.0430 - reader cost: 0.0015
 67/177 [==========>...................] - ETA: 4s - batch_cost: 0.0430 - reader cost: 0.0015
 69/177 [==========>...................] - ETA: 4s - batch_cost: 0.0429 - reader cost: 0.0014
 71/177 [===========>..................] - ETA: 4s - batch_cost: 0.0429 - reader cost: 0.0014
 73/177 [===========>..................] - ETA: 4s - batch_cost: 0.0429 - reader cost: 0.0014
 75/177 [===========>..................] - ETA: 4s - batch_cost: 0.0429 - reader cost: 0.0013
 77/177 [============>.................] - ETA: 4s - batch_cost: 0.0428 - reader cost: 0.0013
 79/177 [============>.................] - ETA: 4s - batch_cost: 0.0428 - reader cost: 0.0013
 81/177 [============>.................] - ETA: 4s - batch_cost: 0.0428 - reader cost: 0.0012
 83/177 [=============>................] - ETA: 4s - batch_cost: 0.0428 - reader cost: 0.0012
 85/177 [=============>................] - ETA: 3s - batch_cost: 0.0428 - reader cost: 0.0012
 87/177 [=============>................] - ETA: 3s - batch_cost: 0.0428 - reader cost: 0.0011
 89/177 [==============>...............] - ETA: 3s - batch_cost: 0.0428 - reader cost: 0.0011
 91/177 [==============>...............] - ETA: 3s - batch_cost: 0.0428 - reader cost: 0.0011
 93/177 [==============>...............] - ETA: 3s - batch_cost: 0.0428 - reader cost: 0.0011
 95/177 [===============>..............] - ETA: 3s - batch_cost: 0.0428 - reader cost: 0.0010
 97/177 [===============>..............] - ETA: 3s - batch_cost: 0.0428 - reader cost: 0.0010
 99/177 [===============>..............] - ETA: 3s - batch_cost: 0.0428 - reader cost: 9.9773e-04
101/177 [================>.............] - ETA: 3s - batch_cost: 0.0428 - reader cost: 9.7797e-04
103/177 [================>.............] - ETA: 3s - batch_cost: 0.0428 - reader cost: 9.5898e-04
105/177 [================>.............] - ETA: 3s - batch_cost: 0.0427 - reader cost: 9.4071e-04
107/177 [=================>............] - ETA: 3s - batch_cost: 0.0427 - reader cost: 9.2313e-04
109/177 [=================>............] - ETA: 2s - batch_cost: 0.0427 - reader cost: 9.0619e-04
111/177 [=================>............] - ETA: 2s - batch_cost: 0.0427 - reader cost: 8.9895e-04
113/177 [==================>...........] - ETA: 2s - batch_cost: 0.0427 - reader cost: 8.8304e-04
115/177 [==================>...........] - ETA: 2s - batch_cost: 0.0427 - reader cost: 8.6768e-04
117/177 [==================>...........] - ETA: 2s - batch_cost: 0.0427 - reader cost: 8.5285e-04
119/177 [===================>..........] - ETA: 2s - batch_cost: 0.0427 - reader cost: 8.3851e-04
121/177 [===================>..........] - ETA: 2s - batch_cost: 0.0427 - reader cost: 8.2465e-04
123/177 [===================>..........] - ETA: 2s - batch_cost: 0.0427 - reader cost: 8.1125e-04
125/177 [====================>.........] - ETA: 2s - batch_cost: 0.0427 - reader cost: 7.9827e-04
127/177 [====================>.........] - ETA: 2s - batch_cost: 0.0427 - reader cost: 7.8569e-04
129/177 [====================>.........] - ETA: 2s - batch_cost: 0.0427 - reader cost: 7.7351e-04
131/177 [=====================>........] - ETA: 1s - batch_cost: 0.0427 - reader cost: 7.6170e-04
133/177 [=====================>........] - ETA: 1s - batch_cost: 0.0427 - reader cost: 7.5025e-04
135/177 [=====================>........] - ETA: 1s - batch_cost: 0.0427 - reader cost: 7.3913e-04
137/177 [======================>.......] - ETA: 1s - batch_cost: 0.0427 - reader cost: 7.2834e-04
139/177 [======================>.......] - ETA: 1s - batch_cost: 0.0427 - reader cost: 7.1786e-04
141/177 [======================>.......] - ETA: 1s - batch_cost: 0.0427 - reader cost: 7.0768e-04
143/177 [=======================>......] - ETA: 1s - batch_cost: 0.0427 - reader cost: 6.9778e-04
145/177 [=======================>......] - ETA: 1s - batch_cost: 0.0427 - reader cost: 6.8816e-04
147/177 [=======================>......] - ETA: 1s - batch_cost: 0.0426 - reader cost: 6.7880e-04
149/177 [========================>.....] - ETA: 1s - batch_cost: 0.0426 - reader cost: 6.6969e-04
151/177 [========================>.....] - ETA: 1s - batch_cost: 0.0426 - reader cost: 6.6082e-04
153/177 [========================>.....] - ETA: 1s - batch_cost: 0.0426 - reader cost: 6.5642e-04
155/177 [=========================>....] - ETA: 0s - batch_cost: 0.0426 - reader cost: 6.4795e-04
157/177 [=========================>....] - ETA: 0s - batch_cost: 0.0426 - reader cost: 6.3970e-04
159/177 [=========================>....] - ETA: 0s - batch_cost: 0.0426 - reader cost: 6.3165e-04
161/177 [==========================>...] - ETA: 0s - batch_cost: 0.0426 - reader cost: 6.2381e-04
163/177 [==========================>...] - ETA: 0s - batch_cost: 0.0426 - reader cost: 6.2229e-04
165/177 [==========================>...] - ETA: 0s - batch_cost: 0.0426 - reader cost: 6.2391e-04
167/177 [===========================>..] - ETA: 0s - batch_cost: 0.0426 - reader cost: 6.1644e-04
169/177 [===========================>..] - ETA: 0s - batch_cost: 0.0426 - reader cost: 6.0914e-04
171/177 [===========================>..] - ETA: 0s - batch_cost: 0.0426 - reader cost: 6.0202e-04
173/177 [============================>.] - ETA: 0s - batch_cost: 0.0426 - reader cost: 5.9506e-04
175/177 [============================>.] - ETA: 0s - batch_cost: 0.0426 - reader cost: 5.8826e-04
177/177 [==============================] - 8s 43ms/step - batch_cost: 0.0426 - reader cost: 5.8724e-04
[2026/10/07 00:43:43] INFO: [EVAL] #Images: 177 mIoU: 0.8579 Acc: 0.9893 Kappa: 0.8362 Dice: 0.9181
[2026/10/07 00:43:43] INFO: [EVAL] Class IoU: 
[0.989  0.7268]
[2026/10/07 00:43:43] INFO: [EVAL] Class Precision: 
[0.9964 0.7979]
[2026/10/07 00:43:43] INFO: [EVAL] Class Recall: 
[0.9926 0.8907]
[2026/10/07 00:43:43] INFO: [EVAL] The model with the best validation mIoU (0.8572) was saved at iter 4000.
[2026/10/07 00:43:43] INFO: [EVAL] The EMA model with the best validation mIoU (0.8579) was saved at iter 5000.
[2026/10/07 00:43:44] INFO: [TRAIN] epoch: 15, iter: 5010/18000, loss: 0.0387, lr: 0.000043, batch_cost: 0.0555, reader_cost: 0.00010, ips: 72.0866 samples/sec, max_mem_reserved: 1731 MB, max_mem_allocated: 1081 MB | ETA 00:12:00
[2026/10/07 00:43:45] INFO: [TRAIN] epoch: 15, iter: 5020/18000, loss: 0.0526, lr: 0.000043, batch_cost: 0.0832, reader_cost: 0.03091, ips: 48.0670 samples/sec, max_mem_reserved: 1731 MB, max_mem_allocated: 1081 MB | ETA 00:18:00
[2026/10/07 00:43:46] INFO: [TRAIN] epoch: 15, iter: 5030/18000, loss: 0.0350, lr: 0.000043, batch_cost: 0.0908, reader_cost: 0.03832, ips: 44.0374 samples/sec, max_mem_reserved: 1731 MB, max_mem_allocated: 1081 MB | ETA 00:19:38
[2026/10/07 00:43:47] INFO: [TRAIN] epoch: 15, iter: 5040/18000, loss: 0.0380, lr: 0.000043, batch_cost: 0.0860, reader_cost: 0.03452, ips: 46.4855 samples/sec, max_mem_reserved: 1731 MB, max_mem_allocated: 1081 MB | ETA 00:18:35
[2026/10/07 00:43:48] INFO: [TRAIN] epoch: 15, iter: 5050/18000, loss: 0.0388, lr: 0.000043, batch_cost: 0.0874, reader_cost: 0.03704, ips: 45.7489 samples/sec, max_mem_reserved: 1731 MB, max_mem_allocated: 1081 MB | ETA 00:18:52
[2026/10/07 00:43:49] INFO: [TRAIN] epoch: 15, iter: 5060/18000, loss: 0.0286, lr: 0.000043, batch_cost: 0.0912, reader_cost: 0.03888, ips: 43.8837 samples/sec, max_mem_reserved: 1731 MB, max_mem_allocated: 1081 MB | ETA 00:19:39
[2026/10/07 00:43:50] INFO: [TRAIN] epoch: 15, iter: 5070/18000, loss: 0.0362, lr: 0.000043, batch_cost: 0.0886, reader_cost: 0.03807, ips: 45.1306 samples/sec, max_mem_reserved: 1731 MB, max_mem_allocated: 1081 MB | ETA 00:19:06
[2026/10/07 00:43:51] INFO: [TRAIN] epoch: 15, iter: 5080/18000, loss: 0.0408, lr: 0.000043, batch_cost: 0.0862, reader_cost: 0.03329, ips: 46.4253 samples/sec, max_mem_reserved: 1731 MB, max_mem_allocated: 1081 MB | ETA 00:18:33
[2026/10/07 00:43:52] INFO: [TRAIN] epoch: 15, iter: 5090/18000, loss: 0.0426, lr: 0.000043, batch_cost: 0.0844, reader_cost: 0.03300, ips: 47.4074 samples/sec, max_mem_reserved: 1731 MB, max_mem_allocated: 1081 MB | ETA 00:18:09
[2026/10/07 00:43:53] INFO: [TRAIN] epoch: 15, iter: 5100/18000, loss: 0.0325, lr: 0.000043, batch_cost: 0.0927, reader_cost: 0.03804, ips: 43.1604 samples/sec, max_mem_reserved: 1731 MB, max_mem_allocated: 1081 MB | ETA 00:19:55
[2026/10/07 00:43:54] INFO: [TRAIN] epoch: 15, iter: 5110/18000, loss: 0.0467, lr: 0.000043, batch_cost: 0.0824, reader_cost: 0.03220, ips: 48.5150 samples/sec, max_mem_reserved: 1731 MB, max_mem_allocated: 1081 MB | ETA 00:17:42
[2026/10/07 00:43:55] INFO: [TRAIN] epoch: 15, iter: 5120/18000, loss: 0.0475, lr: 0.000043, batch_cost: 0.0889, reader_cost: 0.03706, ips: 45.0176 samples/sec, max_mem_reserved: 1731 MB, max_mem_allocated: 1081 MB | ETA 00:19:04
[2026/10/07 00:43:56] INFO: [TRAIN] epoch: 15, iter: 5130/18000, loss: 0.0355, lr: 0.000043, batch_cost: 0.0878, reader_cost: 0.03712, ips: 45.5580 samples/sec, max_mem_reserved: 1731 MB, max_mem_allocated: 1081 MB | ETA 00:18:49
[2026/10/07 00:43:57] INFO: [TRAIN] epoch: 15, iter: 5140/18000, loss: 0.0398, lr: 0.000043, batch_cost: 0.0862, reader_cost: 0.03316, ips: 46.4015 samples/sec, max_mem_reserved: 1731 MB, max_mem_allocated: 1081 MB | ETA 00:18:28
[2026/10/07 00:43:58] INFO: [TRAIN] epoch: 15, iter: 5150/18000, loss: 0.0368, lr: 0.000043, batch_cost: 0.0877, reader_cost: 0.03544, ips: 45.5844 samples/sec, max_mem_reserved: 1731 MB, max_mem_allocated: 1081 MB | ETA 00:18:47
[2026/10/07 00:43:59] INFO: [TRAIN] epoch: 15, iter: 5160/18000, loss: 0.0400, lr: 0.000043, batch_cost: 0.0867, reader_cost: 0.03562, ips: 46.1196 samples/sec, max_mem_reserved: 1731 MB, max_mem_allocated: 1081 MB | ETA 00:18:33
[2026/10/07 00:44:00] INFO: [TRAIN] epoch: 15, iter: 5170/18000, loss: 0.0376, lr: 0.000043, batch_cost: 0.0866, reader_cost: 0.03436, ips: 46.2153 samples/sec, max_mem_reserved: 1731 MB, max_mem_allocated: 1081 MB | ETA 00:18:30
[2026/10/07 00:44:01] INFO: [TRAIN] epoch: 15, iter: 5180/18000, loss: 0.0305, lr: 0.000043, batch_cost: 0.0923, reader_cost: 0.04109, ips: 43.3322 samples/sec, max_mem_reserved: 1731 MB, max_mem_allocated: 1081 MB | ETA 00:19:43
[2026/10/07 00:44:02] INFO: [TRAIN] epoch: 15, iter: 5190/18000, loss: 0.0332, lr: 0.000043, batch_cost: 0.0899, reader_cost: 0.03890, ips: 44.4881 samples/sec, max_mem_reserved: 1731 MB, max_mem_allocated: 1081 MB | ETA 00:19:11
[2026/10/07 00:44:03] INFO: [TRAIN] epoch: 15, iter: 5200/18000, loss: 0.0356, lr: 0.000043, batch_cost: 0.0862, reader_cost: 0.03455, ips: 46.4090 samples/sec, max_mem_reserved: 1731 MB, max_mem_allocated: 1081 MB | ETA 00:18:23
[2026/10/07 00:44:04] INFO: [TRAIN] epoch: 15, iter: 5210/18000, loss: 0.0539, lr: 0.000043, batch_cost: 0.0876, reader_cost: 0.03511, ips: 45.6643 samples/sec, max_mem_reserved: 1731 MB, max_mem_allocated: 1081 MB | ETA 00:18:40
[2026/10/07 00:44:05] INFO: [TRAIN] epoch: 15, iter: 5220/18000, loss: 0.0420, lr: 0.000043, batch_cost: 0.0849, reader_cost: 0.03556, ips: 47.1275 samples/sec, max_mem_reserved: 1731 MB, max_mem_allocated: 1081 MB | ETA 00:18:04
[2026/10/07 00:44:06] INFO: [TRAIN] epoch: 15, iter: 5230/18000, loss: 0.0405, lr: 0.000043, batch_cost: 0.0887, reader_cost: 0.03657, ips: 45.0743 samples/sec, max_mem_reserved: 1731 MB, max_mem_allocated: 1081 MB | ETA 00:18:53
[2026/10/07 00:44:07] INFO: [TRAIN] epoch: 15, iter: 5240/18000, loss: 0.0439, lr: 0.000043, batch_cost: 0.0850, reader_cost: 0.03406, ips: 47.0528 samples/sec, max_mem_reserved: 1731 MB, max_mem_allocated: 1081 MB | ETA 00:18:04
[2026/10/07 00:44:08] INFO: [TRAIN] epoch: 15, iter: 5250/18000, loss: 0.0390, lr: 0.000043, batch_cost: 0.0899, reader_cost: 0.03717, ips: 44.4995 samples/sec, max_mem_reserved: 1731 MB, max_mem_allocated: 1081 MB | ETA 00:19:06
[2026/10/07 00:44:09] INFO: [TRAIN] epoch: 16, iter: 5260/18000, loss: 0.0347, lr: 0.000042, batch_cost: 0.0954, reader_cost: 0.04187, ips: 41.9423 samples/sec, max_mem_reserved: 1731 MB, max_mem_allocated: 1081 MB | ETA 00:20:15
[2026/10/07 00:44:10] INFO: [TRAIN] epoch: 16, iter: 5270/18000, loss: 0.0405, lr: 0.000042, batch_cost: 0.0885, reader_cost: 0.03608, ips: 45.1851 samples/sec, max_mem_reserved: 1731 MB, max_mem_allocated: 1081 MB | ETA 00:18:46
[2026/10/07 00:44:11] INFO: [TRAIN] epoch: 16, iter: 5280/18000, loss: 0.0387, lr: 0.000042, batch_cost: 0.0830, reader_cost: 0.03095, ips: 48.1683 samples/sec, max_mem_reserved: 1731 MB, max_mem_allocated: 1081 MB | ETA 00:17:36
[2026/10/07 00:44:12] INFO: [TRAIN] epoch: 16, iter: 5290/18000, loss: 0.0355, lr: 0.000042, batch_cost: 0.0887, reader_cost: 0.03814, ips: 45.0826 samples/sec, max_mem_reserved: 1731 MB, max_mem_allocated: 1081 MB | ETA 00:18:47
[2026/10/07 00:44:13] INFO: [TRAIN] epoch: 16, iter: 5300/18000, loss: 0.0313, lr: 0.000042, batch_cost: 0.0879, reader_cost: 0.03525, ips: 45.4938 samples/sec, max_mem_reserved: 1731 MB, max_mem_allocated: 1081 MB | ETA 00:18:36
[2026/10/07 00:44:14] INFO: [TRAIN] epoch: 16, iter: 5310/18000, loss: 0.0471, lr: 0.000042, batch_cost: 0.0902, reader_cost: 0.03808, ips: 44.3332 samples/sec, max_mem_reserved: 1731 MB, max_mem_allocated: 1081 MB | ETA 00:19:04
[2026/10/07 00:44:16] INFO: [TRAIN] epoch: 16, iter: 5320/18000, loss: 0.0490, lr: 0.000042, batch_cost: 0.0869, reader_cost: 0.03553, ips: 46.0305 samples/sec, max_mem_reserved: 1731 MB, max_mem_allocated: 1081 MB | ETA 00:18:21
[2026/10/07 00:44:17] INFO: [TRAIN] epoch: 16, iter: 5330/18000, loss: 0.0293, lr: 0.000042, batch_cost: 0.0909, reader_cost: 0.03870, ips: 44.0159 samples/sec, max_mem_reserved: 1731 MB, max_mem_allocated: 1081 MB | ETA 00:19:11
[2026/10/07 00:44:18] INFO: [TRAIN] epoch: 16, iter: 5340/18000, loss: 0.0325, lr: 0.000042, batch_cost: 0.0863, reader_cost: 0.03517, ips: 46.3237 samples/sec, max_mem_reserved: 1731 MB, max_mem_allocated: 1081 MB | ETA 00:18:13
[2026/10/07 00:44:19] INFO: [TRAIN] epoch: 16, iter: 5350/18000, loss: 0.0396, lr: 0.000042, batch_cost: 0.0898, reader_cost: 0.03636, ips: 44.5469 samples/sec, max_mem_reserved: 1731 MB, max_mem_allocated: 1081 MB | ETA 00:18:55
[2026/10/07 00:44:20] INFO: [TRAIN] epoch: 16, iter: 5360/18000, loss: 0.0338, lr: 0.000042, batch_cost: 0.0887, reader_cost: 0.03609, ips: 45.0849 samples/sec, max_mem_reserved: 1731 MB, max_mem_allocated: 1081 MB | ETA 00:18:41
[2026/10/07 00:44:21] INFO: [TRAIN] epoch: 16, iter: 5370/18000, loss: 0.0412, lr: 0.000042, batch_cost: 0.0879, reader_cost: 0.03561, ips: 45.5165 samples/sec, max_mem_reserved: 1731 MB, max_mem_allocated: 1081 MB | ETA 00:18:29
[2026/10/07 00:44:22] INFO: [TRAIN] epoch: 16, iter: 5380/18000, loss: 0.0382, lr: 0.000042, batch_cost: 0.0861, reader_cost: 0.03476, ips: 46.4675 samples/sec, max_mem_reserved: 1731 MB, max_mem_allocated: 1081 MB | ETA 00:18:06
[2026/10/07 00:44:23] INFO: [TRAIN] epoch: 16, iter: 5390/18000, loss: 0.0345, lr: 0.000042, batch_cost: 0.0901, reader_cost: 0.03768, ips: 44.4081 samples/sec, max_mem_reserved: 1731 MB, max_mem_allocated: 1081 MB | ETA 00:18:55
[2026/10/07 00:44:24] INFO: [TRAIN] epoch: 16, iter: 5400/18000, loss: 0.0395, lr: 0.000042, batch_cost: 0.0829, reader_cost: 0.03004, ips: 48.2335 samples/sec, max_mem_reserved: 1731 MB, max_mem_allocated: 1081 MB | ETA 00:17:24
[2026/10/07 00:44:25] INFO: [TRAIN] epoch: 16, iter: 5410/18000, loss: 0.0378, lr: 0.000042, batch_cost: 0.0870, reader_cost: 0.03424, ips: 45.9821 samples/sec, max_mem_reserved: 1731 MB, max_mem_allocated: 1081 MB | ETA 00:18:15
[2026/10/07 00:44:26] INFO: [TRAIN] epoch: 16, iter: 5420/18000, loss: 0.0305, lr: 0.000042, batch_cost: 0.0899, reader_cost: 0.03601, ips: 44.4956 samples/sec, max_mem_reserved: 1731 MB, max_mem_allocated: 1081 MB | ETA 00:18:50
[2026/10/07 00:44:27] INFO: [TRAIN] epoch: 16, iter: 5430/18000, loss: 0.0419, lr: 0.000042, batch_cost: 0.0870, reader_cost: 0.03636, ips: 45.9565 samples/sec, max_mem_reserved: 1731 MB, max_mem_allocated: 1081 MB | ETA 00:18:14
[2026/10/07 00:44:28] INFO: [TRAIN] epoch: 16, iter: 5440/18000, loss: 0.0331, lr: 0.000042, batch_cost: 0.0895, reader_cost: 0.03673, ips: 44.6926 samples/sec, max_mem_reserved: 1731 MB, max_mem_allocated: 1081 MB | ETA 00:18:44
[2026/10/07 00:44:29] INFO: [TRAIN] epoch: 16, iter: 5450/18000, loss: 0.0347, lr: 0.000042, batch_cost: 0.0897, reader_cost: 0.03471, ips: 44.6005 samples/sec, max_mem_reserved: 1731 MB, max_mem_allocated: 1081 MB | ETA 00:18:45
[2026/10/07 00:44:30] INFO: [TRAIN] epoch: 16, iter: 5460/18000, loss: 0.0440, lr: 0.000042, batch_cost: 0.0871, reader_cost: 0.03539, ips: 45.9447 samples/sec, max_mem_reserved: 1731 MB, max_mem_allocated: 1081 MB | ETA 00:18:11
[2026/10/07 00:44:31] INFO: [TRAIN] epoch: 16, iter: 5470/18000, loss: 0.0466, lr: 0.000042, batch_cost: 0.0841, reader_cost: 0.03216, ips: 47.5600 samples/sec, max_mem_reserved: 1731 MB, max_mem_allocated: 1081 MB | ETA 00:17:33
[2026/10/07 00:44:32] INFO: [TRAIN] epoch: 16, iter: 5480/18000, loss: 0.0477, lr: 0.000042, batch_cost: 0.0892, reader_cost: 0.03752, ips: 44.8602 samples/sec, max_mem_reserved: 1731 MB, max_mem_allocated: 1081 MB | ETA 00:18:36
[2026/10/07 00:44:33] INFO: [TRAIN] epoch: 16, iter: 5490/18000, loss: 0.0380, lr: 0.000042, batch_cost: 0.0878, reader_cost: 0.03758, ips: 45.5361 samples/sec, max_mem_reserved: 1731 MB, max_mem_allocated: 1081 MB | ETA 00:18:18
[2026/10/07 00:44:34] INFO: [TRAIN] epoch: 16, iter: 5500/18000, loss: 0.0347, lr: 0.000042, batch_cost: 0.0851, reader_cost: 0.03280, ips: 46.9883 samples/sec, max_mem_reserved: 1731 MB, max_mem_allocated: 1081 MB | ETA 00:17:44
[2026/10/07 00:44:35] INFO: [TRAIN] epoch: 16, iter: 5510/18000, loss: 0.0321, lr: 0.000042, batch_cost: 0.0854, reader_cost: 0.03362, ips: 46.8553 samples/sec, max_mem_reserved: 1731 MB, max_mem_allocated: 1081 MB | ETA 00:17:46
[2026/10/07 00:44:36] INFO: [TRAIN] epoch: 16, iter: 5520/18000, loss: 0.0336, lr: 0.000042, batch_cost: 0.0860, reader_cost: 0.03235, ips: 46.5165 samples/sec, max_mem_reserved: 1731 MB, max_mem_allocated: 1081 MB | ETA 00:17:53
[2026/10/07 00:44:37] INFO: [TRAIN] epoch: 16, iter: 5530/18000, loss: 0.0308, lr: 0.000042, batch_cost: 0.0896, reader_cost: 0.03968, ips: 44.6644 samples/sec, max_mem_reserved: 1731 MB, max_mem_allocated: 1081 MB | ETA 00:18:36
[2026/10/07 00:44:38] INFO: [TRAIN] epoch: 16, iter: 5540/18000, loss: 0.0293, lr: 0.000042, batch_cost: 0.0886, reader_cost: 0.03412, ips: 45.1370 samples/sec, max_mem_reserved: 1731 MB, max_mem_allocated: 1081 MB | ETA 00:18:24
[2026/10/07 00:44:39] INFO: [TRAIN] epoch: 16, iter: 5550/18000, loss: 0.0438, lr: 0.000042, batch_cost: 0.0840, reader_cost: 0.03294, ips: 47.6201 samples/sec, max_mem_reserved: 1731 MB, max_mem_allocated: 1081 MB | ETA 00:17:25
[2026/10/07 00:44:40] INFO: [TRAIN] epoch: 16, iter: 5560/18000, loss: 0.0377, lr: 0.000041, batch_cost: 0.0908, reader_cost: 0.03913, ips: 44.0375 samples/sec, max_mem_reserved: 1731 MB, max_mem_allocated: 1081 MB | ETA 00:18:49
[2026/10/07 00:44:41] INFO: [TRAIN] epoch: 16, iter: 5570/18000, loss: 0.0378, lr: 0.000041, batch_cost: 0.0878, reader_cost: 0.03651, ips: 45.5395 samples/sec, max_mem_reserved: 1731 MB, max_mem_allocated: 1081 MB | ETA 00:18:11
[2026/10/07 00:44:42] INFO: [TRAIN] epoch: 16, iter: 5580/18000, loss: 0.0477, lr: 0.000041, batch_cost: 0.0889, reader_cost: 0.03847, ips: 44.9877 samples/sec, max_mem_reserved: 1731 MB, max_mem_allocated: 1081 MB | ETA 00:18:24
[2026/10/07 00:44:43] INFO: [TRAIN] epoch: 16, iter: 5590/18000, loss: 0.0363, lr: 0.000041, batch_cost: 0.0885, reader_cost: 0.03466, ips: 45.1890 samples/sec, max_mem_reserved: 1731 MB, max_mem_allocated: 1081 MB | ETA 00:18:18
[2026/10/07 00:44:45] INFO: [TRAIN] epoch: 16, iter: 5600/18000, loss: 0.0406, lr: 0.000041, batch_cost: 0.1005, reader_cost: 0.03699, ips: 39.8075 samples/sec, max_mem_reserved: 1731 MB, max_mem_allocated: 1081 MB | ETA 00:20:45
[2026/10/07 00:44:46] INFO: [TRAIN] epoch: 17, iter: 5610/18000, loss: 0.0326, lr: 0.000041, batch_cost: 0.0997, reader_cost: 0.04591, ips: 40.1287 samples/sec, max_mem_reserved: 1731 MB, max_mem_allocated: 1081 MB | ETA 00:20:35
[2026/10/07 00:44:47] INFO: [TRAIN] epoch: 17, iter: 5620/18000, loss: 0.0439, lr: 0.000041, batch_cost: 0.0865, reader_cost: 0.03356, ips: 46.2543 samples/sec, max_mem_reserved: 1731 MB, max_mem_allocated: 1081 MB | ETA 00:17:50
[2026/10/07 00:44:48] INFO: [TRAIN] epoch: 17, iter: 5630/18000, loss: 0.0390, lr: 0.000041, batch_cost: 0.0868, reader_cost: 0.03646, ips: 46.0672 samples/sec, max_mem_reserved: 1731 MB, max_mem_allocated: 1081 MB | ETA 00:17:54
[2026/10/07 00:44:49] INFO: [TRAIN] epoch: 17, iter: 5640/18000, loss: 0.0341, lr: 0.000041, batch_cost: 0.0921, reader_cost: 0.03878, ips: 43.4150 samples/sec, max_mem_reserved: 1731 MB, max_mem_allocated: 1081 MB | ETA 00:18:58
[2026/10/07 00:44:50] INFO: [TRAIN] epoch: 17, iter: 5650/18000, loss: 0.0346, lr: 0.000041, batch_cost: 0.0855, reader_cost: 0.03339, ips: 46.8064 samples/sec, max_mem_reserved: 1731 MB, max_mem_allocated: 1081 MB | ETA 00:17:35
[2026/10/07 00:44:51] INFO: [TRAIN] epoch: 17, iter: 5660/18000, loss: 0.0320, lr: 0.000041, batch_cost: 0.0875, reader_cost: 0.03557, ips: 45.6947 samples/sec, max_mem_reserved: 1731 MB, max_mem_allocated: 1081 MB | ETA 00:18:00
[2026/10/07 00:44:52] INFO: [TRAIN] epoch: 17, iter: 5670/18000, loss: 0.0380, lr: 0.000041, batch_cost: 0.0844, reader_cost: 0.03324, ips: 47.3755 samples/sec, max_mem_reserved: 1731 MB, max_mem_allocated: 1081 MB | ETA 00:17:21
[2026/10/07 00:44:53] INFO: [TRAIN] epoch: 17, iter: 5680/18000, loss: 0.0394, lr: 0.000041, batch_cost: 0.0838, reader_cost: 0.03318, ips: 47.7442 samples/sec, max_mem_reserved: 1731 MB, max_mem_allocated: 1081 MB | ETA 00:17:12
[2026/10/07 00:44:54] INFO: [TRAIN] epoch: 17, iter: 5690/18000, loss: 0.0376, lr: 0.000041, batch_cost: 0.0884, reader_cost: 0.03741, ips: 45.2434 samples/sec, max_mem_reserved: 1731 MB, max_mem_allocated: 1081 MB | ETA 00:18:08
[2026/10/07 00:44:55] INFO: [TRAIN] epoch: 17, iter: 5700/18000, loss: 0.0455, lr: 0.000041, batch_cost: 0.0868, reader_cost: 0.03604, ips: 46.0587 samples/sec, max_mem_reserved: 1731 MB, max_mem_allocated: 1081 MB | ETA 00:17:48
[2026/10/07 00:44:56] INFO: [TRAIN] epoch: 17, iter: 5710/18000, loss: 0.0335, lr: 0.000041, batch_cost: 0.0857, reader_cost: 0.03365, ips: 46.6667 samples/sec, max_mem_reserved: 1731 MB, max_mem_allocated: 1081 MB | ETA 00:17:33
[2026/10/07 00:44:57] INFO: [TRAIN] epoch: 17, iter: 5720/18000, loss: 0.0399, lr: 0.000041, batch_cost: 0.0868, reader_cost: 0.03641, ips: 46.0638 samples/sec, max_mem_reserved: 1731 MB, max_mem_allocated: 1081 MB | ETA 00:17:46
[2026/10/07 00:44:58] INFO: [TRAIN] epoch: 17, iter: 5730/18000, loss: 0.0452, lr: 0.000041, batch_cost: 0.0858, reader_cost: 0.03275, ips: 46.5976 samples/sec, max_mem_reserved: 1731 MB, max_mem_allocated: 1081 MB | ETA 00:17:33
[2026/10/07 00:44:59] INFO: [TRAIN] epoch: 17, iter: 5740/18000, loss: 0.0404, lr: 0.000041, batch_cost: 0.0868, reader_cost: 0.03682, ips: 46.0695 samples/sec, max_mem_reserved: 1731 MB, max_mem_allocated: 1081 MB | ETA 00:17:44
[2026/10/07 00:45:00] INFO: [TRAIN] epoch: 17, iter: 5750/18000, loss: 0.0352, lr: 0.000041, batch_cost: 0.0833, reader_cost: 0.03292, ips: 48.0104 samples/sec, max_mem_reserved: 1731 MB, max_mem_allocated: 1081 MB | ETA 00:17:00
[2026/10/07 00:45:01] INFO: [TRAIN] epoch: 17, iter: 5760/18000, loss: 0.0438, lr: 0.000041, batch_cost: 0.0872, reader_cost: 0.03567, ips: 45.8905 samples/sec, max_mem_reserved: 1731 MB, max_mem_allocated: 1081 MB | ETA 00:17:46
[2026/10/07 00:45:02] INFO: [TRAIN] epoch: 17, iter: 5770/18000, loss: 0.0388, lr: 0.000041, batch_cost: 0.0991, reader_cost: 0.04346, ips: 40.3454 samples/sec, max_mem_reserved: 1731 MB, max_mem_allocated: 1081 MB | ETA 00:20:12
[2026/10/07 00:45:03] INFO: [TRAIN] epoch: 17, iter: 5780/18000, loss: 0.0443, lr: 0.000041, batch_cost: 0.0950, reader_cost: 0.03684, ips: 42.1230 samples/sec, max_mem_reserved: 1731 MB, max_mem_allocated: 1081 MB | ETA 00:19:20
[2026/10/07 00:45:04] INFO: [TRAIN] epoch: 17, iter: 5790/18000, loss: 0.0437, lr: 0.000041, batch_cost: 0.0957, reader_cost: 0.04187, ips: 41.8035 samples/sec, max_mem_reserved: 1731 MB, max_mem_allocated: 1081 MB | ETA 00:19:28
[2026/10/07 00:45:05] INFO: [TRAIN] epoch: 17, iter: 5800/18000, loss: 0.0392, lr: 0.000041, batch_cost: 0.1033, reader_cost: 0.05086, ips: 38.7046 samples/sec, max_mem_reserved: 1731 MB, max_mem_allocated: 1081 MB | ETA 00:21:00
[2026/10/07 00:45:07] INFO: [TRAIN] epoch: 17, iter: 5810/18000, loss: 0.0387, lr: 0.000041, batch_cost: 0.1075, reader_cost: 0.05401, ips: 37.2113 samples/sec, max_mem_reserved: 1731 MB, max_mem_allocated: 1081 MB | ETA 00:21:50
[2026/10/07 00:45:08] INFO: [TRAIN] epoch: 17, iter: 5820/18000, loss: 0.0351, lr: 0.000041, batch_cost: 0.0883, reader_cost: 0.03434, ips: 45.3134 samples/sec, max_mem_reserved: 1731 MB, max_mem_allocated: 1081 MB | ETA 00:17:55
[2026/10/07 00:45:09] INFO: [TRAIN] epoch: 17, iter: 5830/18000, loss: 0.0366, lr: 0.000041, batch_cost: 0.0813, reader_cost: 0.02921, ips: 49.1960 samples/sec, max_mem_reserved: 1731 MB, max_mem_allocated: 1081 MB | ETA 00:16:29
[2026/10/07 00:45:10] INFO: [TRAIN] epoch: 17, iter: 5840/18000, loss: 0.0288, lr: 0.000041, batch_cost: 0.0826, reader_cost: 0.03169, ips: 48.4009 samples/sec, max_mem_reserved: 1731 MB, max_mem_allocated: 1081 MB | ETA 00:16:44
[2026/10/07 00:45:11] INFO: [TRAIN] epoch: 17, iter: 5850/18000, loss: 0.0338, lr: 0.000041, batch_cost: 0.0862, reader_cost: 0.03392, ips: 46.3926 samples/sec, max_mem_reserved: 1731 MB, max_mem_allocated: 1081 MB | ETA 00:17:27
[2026/10/07 00:45:12] INFO: [TRAIN] epoch: 17, iter: 5860/18000, loss: 0.0422, lr: 0.000040, batch_cost: 0.0904, reader_cost: 0.03917, ips: 44.2383 samples/sec, max_mem_reserved: 1731 MB, max_mem_allocated: 1081 MB | ETA 00:18:17
[2026/10/07 00:45:13] INFO: [TRAIN] epoch: 17, iter: 5870/18000, loss: 0.0448, lr: 0.000040, batch_cost: 0.0917, reader_cost: 0.04029, ips: 43.6225 samples/sec, max_mem_reserved: 1731 MB, max_mem_allocated: 1081 MB | ETA 00:18:32
[2026/10/07 00:45:14] INFO: [TRAIN] epoch: 17, iter: 5880/18000, loss: 0.0348, lr: 0.000040, batch_cost: 0.0918, reader_cost: 0.03869, ips: 43.5806 samples/sec, max_mem_reserved: 1731 MB, max_mem_allocated: 1081 MB | ETA 00:18:32
[2026/10/07 00:45:15] INFO: [TRAIN] epoch: 17, iter: 5890/18000, loss: 0.0395, lr: 0.000040, batch_cost: 0.0885, reader_cost: 0.03674, ips: 45.1907 samples/sec, max_mem_reserved: 1731 MB, max_mem_allocated: 1081 MB | ETA 00:17:51
[2026/10/07 00:45:16] INFO: [TRAIN] epoch: 17, iter: 5900/18000, loss: 0.0365, lr: 0.000040, batch_cost: 0.0902, reader_cost: 0.03737, ips: 44.3685 samples/sec, max_mem_reserved: 1731 MB, max_mem_allocated: 1081 MB | ETA 00:18:10
[2026/10/07 00:45:17] INFO: [TRAIN] epoch: 17, iter: 5910/18000, loss: 0.0336, lr: 0.000040, batch_cost: 0.0902, reader_cost: 0.04017, ips: 44.3692 samples/sec, max_mem_reserved: 1731 MB, max_mem_allocated: 1081 MB | ETA 00:18:09
[2026/10/07 00:45:18] INFO: [TRAIN] epoch: 17, iter: 5920/18000, loss: 0.0294, lr: 0.000040, batch_cost: 0.0916, reader_cost: 0.04056, ips: 43.6898 samples/sec, max_mem_reserved: 1731 MB, max_mem_allocated: 1081 MB | ETA 00:18:25
[2026/10/07 00:45:19] INFO: [TRAIN] epoch: 17, iter: 5930/18000, loss: 0.0261, lr: 0.000040, batch_cost: 0.0835, reader_cost: 0.03228, ips: 47.9044 samples/sec, max_mem_reserved: 1731 MB, max_mem_allocated: 1081 MB | ETA 00:16:47
[2026/10/07 00:45:20] INFO: [TRAIN] epoch: 17, iter: 5940/18000, loss: 0.0330, lr: 0.000040, batch_cost: 0.0840, reader_cost: 0.03197, ips: 47.6301 samples/sec, max_mem_reserved: 1731 MB, max_mem_allocated: 1081 MB | ETA 00:16:52
[2026/10/07 00:45:21] INFO: [TRAIN] epoch: 17, iter: 5950/18000, loss: 0.0314, lr: 0.000040, batch_cost: 0.0898, reader_cost: 0.03817, ips: 44.5222 samples/sec, max_mem_reserved: 1731 MB, max_mem_allocated: 1081 MB | ETA 00:18:02
[2026/10/07 00:45:22] INFO: [TRAIN] epoch: 18, iter: 5960/18000, loss: 0.0376, lr: 0.000040, batch_cost: 0.0925, reader_cost: 0.04220, ips: 43.2517 samples/sec, max_mem_reserved: 1731 MB, max_mem_allocated: 1081 MB | ETA 00:18:33
[2026/10/07 00:45:23] INFO: [TRAIN] epoch: 18, iter: 5970/18000, loss: 0.0363, lr: 0.000040, batch_cost: 0.0879, reader_cost: 0.03637, ips: 45.5047 samples/sec, max_mem_reserved: 1731 MB, max_mem_allocated: 1081 MB | ETA 00:17:37
[2026/10/07 00:45:24] INFO: [TRAIN] epoch: 18, iter: 5980/18000, loss: 0.0536, lr: 0.000040, batch_cost: 0.0886, reader_cost: 0.03629, ips: 45.1528 samples/sec, max_mem_reserved: 1731 MB, max_mem_allocated: 1081 MB | ETA 00:17:44
[2026/10/07 00:45:25] INFO: [TRAIN] epoch: 18, iter: 5990/18000, loss: 0.0286, lr: 0.000040, batch_cost: 0.0854, reader_cost: 0.03583, ips: 46.8325 samples/sec, max_mem_reserved: 1731 MB, max_mem_allocated: 1081 MB | ETA 00:17:05
[2026/10/07 00:45:26] INFO: [TRAIN] epoch: 18, iter: 6000/18000, loss: 0.0383, lr: 0.000040, batch_cost: 0.0846, reader_cost: 0.03271, ips: 47.2585 samples/sec, max_mem_reserved: 1731 MB, max_mem_allocated: 1081 MB | ETA 00:16:55
[2026/10/07 00:45:26] INFO: Start evaluating (total_samples: 177, total_iters: 177)...

  1/177 [..............................] - ETA: 10s - batch_cost: 0.0559 - reader cost: 0.0384
  3/177 [..............................] - ETA: 8s - batch_cost: 0.0469 - reader cost: 0.0276 
  4/177 [..............................] - ETA: 8s - batch_cost: 0.0486 - reader cost: 0.0249
  6/177 [>.............................] - ETA: 8s - batch_cost: 0.0475 - reader cost: 0.0166
  8/177 [>.............................] - ETA: 7s - batch_cost: 0.0461 - reader cost: 0.0124
 10/177 [>.............................] - ETA: 7s - batch_cost: 0.0460 - reader cost: 0.0099
 11/177 [>.............................] - ETA: 7s - batch_cost: 0.0475 - reader cost: 0.0090
 13/177 [=>............................] - ETA: 7s - batch_cost: 0.0458 - reader cost: 0.0079
 15/177 [=>............................] - ETA: 7s - batch_cost: 0.0460 - reader cost: 0.0068
 17/177 [=>............................] - ETA: 7s - batch_cost: 0.0454 - reader cost: 0.0060
 19/177 [==>...........................] - ETA: 7s - batch_cost: 0.0449 - reader cost: 0.0054
 21/177 [==>...........................] - ETA: 7s - batch_cost: 0.0448 - reader cost: 0.0049
 23/177 [==>...........................] - ETA: 6s - batch_cost: 0.0446 - reader cost: 0.0045
 25/177 [===>..........................] - ETA: 6s - batch_cost: 0.0444 - reader cost: 0.0041
 27/177 [===>..........................] - ETA: 6s - batch_cost: 0.0442 - reader cost: 0.0038
 29/177 [===>..........................] - ETA: 6s - batch_cost: 0.0441 - reader cost: 0.0036
 31/177 [====>.........................] - ETA: 6s - batch_cost: 0.0440 - reader cost: 0.0033
 33/177 [====>.........................] - ETA: 6s - batch_cost: 0.0439 - reader cost: 0.0031
 35/177 [====>.........................] - ETA: 6s - batch_cost: 0.0438 - reader cost: 0.0030
 37/177 [=====>........................] - ETA: 6s - batch_cost: 0.0438 - reader cost: 0.0028
 39/177 [=====>........................] - ETA: 6s - batch_cost: 0.0438 - reader cost: 0.0027
 41/177 [=====>........................] - ETA: 5s - batch_cost: 0.0437 - reader cost: 0.0025
 43/177 [======>.......................] - ETA: 5s - batch_cost: 0.0436 - reader cost: 0.0024
 45/177 [======>.......................] - ETA: 5s - batch_cost: 0.0436 - reader cost: 0.0023
 47/177 [======>.......................] - ETA: 5s - batch_cost: 0.0438 - reader cost: 0.0022
 48/177 [=======>......................] - ETA: 5s - batch_cost: 0.0440 - reader cost: 0.0022
 50/177 [=======>......................] - ETA: 5s - batch_cost: 0.0438 - reader cost: 0.0021
 52/177 [=======>......................] - ETA: 5s - batch_cost: 0.0438 - reader cost: 0.0020
 54/177 [========>.....................] - ETA: 5s - batch_cost: 0.0437 - reader cost: 0.0019
 56/177 [========>.....................] - ETA: 5s - batch_cost: 0.0436 - reader cost: 0.0018
 58/177 [========>.....................] - ETA: 5s - batch_cost: 0.0436 - reader cost: 0.0018
 60/177 [=========>....................] - ETA: 5s - batch_cost: 0.0436 - reader cost: 0.0017
 62/177 [=========>....................] - ETA: 5s - batch_cost: 0.0435 - reader cost: 0.0017
 64/177 [=========>....................] - ETA: 4s - batch_cost: 0.0435 - reader cost: 0.0016
 66/177 [==========>...................] - ETA: 4s - batch_cost: 0.0435 - reader cost: 0.0016
 68/177 [==========>...................] - ETA: 4s - batch_cost: 0.0435 - reader cost: 0.0015
 70/177 [==========>...................] - ETA: 4s - batch_cost: 0.0434 - reader cost: 0.0015
 72/177 [===========>..................] - ETA: 4s - batch_cost: 0.0434 - reader cost: 0.0014
 74/177 [===========>..................] - ETA: 4s - batch_cost: 0.0434 - reader cost: 0.0014
 76/177 [===========>..................] - ETA: 4s - batch_cost: 0.0433 - reader cost: 0.0014
 78/177 [============>.................] - ETA: 4s - batch_cost: 0.0434 - reader cost: 0.0013
 80/177 [============>.................] - ETA: 4s - batch_cost: 0.0434 - reader cost: 0.0013
 82/177 [============>.................] - ETA: 4s - batch_cost: 0.0434 - reader cost: 0.0013
 84/177 [=============>................] - ETA: 4s - batch_cost: 0.0434 - reader cost: 0.0012
 86/177 [=============>................] - ETA: 3s - batch_cost: 0.0433 - reader cost: 0.0012
 88/177 [=============>................] - ETA: 3s - batch_cost: 0.0433 - reader cost: 0.0012
 90/177 [==============>...............] - ETA: 3s - batch_cost: 0.0433 - reader cost: 0.0012
 92/177 [==============>...............] - ETA: 3s - batch_cost: 0.0433 - reader cost: 0.0011
 94/177 [==============>...............] - ETA: 3s - batch_cost: 0.0432 - reader cost: 0.0011
 96/177 [===============>..............] - ETA: 3s - batch_cost: 0.0432 - reader cost: 0.0011
 98/177 [===============>..............] - ETA: 3s - batch_cost: 0.0432 - reader cost: 0.0011
100/177 [===============>..............] - ETA: 3s - batch_cost: 0.0432 - reader cost: 0.0010
102/177 [================>.............] - ETA: 3s - batch_cost: 0.0431 - reader cost: 0.0010
104/177 [================>.............] - ETA: 3s - batch_cost: 0.0431 - reader cost: 0.0010
106/177 [================>.............] - ETA: 3s - batch_cost: 0.0432 - reader cost: 9.8550e-04
108/177 [=================>............] - ETA: 2s - batch_cost: 0.0432 - reader cost: 9.6725e-04
110/177 [=================>............] - ETA: 2s - batch_cost: 0.0432 - reader cost: 9.4966e-04
112/177 [=================>............] - ETA: 2s - batch_cost: 0.0432 - reader cost: 9.3270e-04
114/177 [==================>...........] - ETA: 2s - batch_cost: 0.0432 - reader cost: 9.1634e-04
116/177 [==================>...........] - ETA: 2s - batch_cost: 0.0432 - reader cost: 9.0054e-04
118/177 [===================>..........] - ETA: 2s - batch_cost: 0.0432 - reader cost: 8.9380e-04
120/177 [===================>..........] - ETA: 2s - batch_cost: 0.0432 - reader cost: 8.7890e-04
122/177 [===================>..........] - ETA: 2s - batch_cost: 0.0432 - reader cost: 8.6449e-04
124/177 [====================>.........] - ETA: 2s - batch_cost: 0.0432 - reader cost: 8.5055e-04
126/177 [====================>.........] - ETA: 2s - batch_cost: 0.0432 - reader cost: 8.3705e-04
128/177 [====================>.........] - ETA: 2s - batch_cost: 0.0431 - reader cost: 8.2397e-04
130/177 [=====================>........] - ETA: 2s - batch_cost: 0.0431 - reader cost: 8.1129e-04
132/177 [=====================>........] - ETA: 1s - batch_cost: 0.0431 - reader cost: 7.9900e-04
134/177 [=====================>........] - ETA: 1s - batch_cost: 0.0431 - reader cost: 7.8708e-04
136/177 [======================>.......] - ETA: 1s - batch_cost: 0.0431 - reader cost: 7.7550e-04
138/177 [======================>.......] - ETA: 1s - batch_cost: 0.0431 - reader cost: 7.6426e-04
140/177 [======================>.......] - ETA: 1s - batch_cost: 0.0431 - reader cost: 7.5334e-04
142/177 [=======================>......] - ETA: 1s - batch_cost: 0.0431 - reader cost: 7.4273e-04
144/177 [=======================>......] - ETA: 1s - batch_cost: 0.0431 - reader cost: 7.3242e-04
146/177 [=======================>......] - ETA: 1s - batch_cost: 0.0431 - reader cost: 7.2239e-04
148/177 [========================>.....] - ETA: 1s - batch_cost: 0.0431 - reader cost: 7.1262e-04
150/177 [========================>.....] - ETA: 1s - batch_cost: 0.0431 - reader cost: 7.0312e-04
152/177 [========================>.....] - ETA: 1s - batch_cost: 0.0431 - reader cost: 6.9387e-04
154/177 [=========================>....] - ETA: 0s - batch_cost: 0.0431 - reader cost: 6.8486e-04
156/177 [=========================>....] - ETA: 0s - batch_cost: 0.0431 - reader cost: 6.8249e-04
158/177 [=========================>....] - ETA: 0s - batch_cost: 0.0431 - reader cost: 6.7385e-04
160/177 [==========================>...] - ETA: 0s - batch_cost: 0.0431 - reader cost: 6.7172e-04
162/177 [==========================>...] - ETA: 0s - batch_cost: 0.0431 - reader cost: 6.6343e-04
164/177 [==========================>...] - ETA: 0s - batch_cost: 0.0431 - reader cost: 6.5534e-04
166/177 [===========================>..] - ETA: 0s - batch_cost: 0.0431 - reader cost: 6.4744e-04
168/177 [===========================>..] - ETA: 0s - batch_cost: 0.0431 - reader cost: 6.3974e-04
170/177 [===========================>..] - ETA: 0s - batch_cost: 0.0430 - reader cost: 6.3221e-04
172/177 [============================>.] - ETA: 0s - batch_cost: 0.0430 - reader cost: 6.2486e-04
174/177 [============================>.] - ETA: 0s - batch_cost: 0.0430 - reader cost: 6.1768e-04
176/177 [============================>.] - ETA: 0s - batch_cost: 0.0430 - reader cost: 6.1066e-04
177/177 [==============================] - 8s 43ms/step - batch_cost: 0.0430 - reader cost: 6.0721e-04
[2026/10/07 00:45:34] INFO: [EVAL] #Images: 177 mIoU: 0.8607 Acc: 0.9894 Kappa: 0.8400 Dice: 0.9200
[2026/10/07 00:45:34] INFO: [EVAL] Class IoU: 
[0.9891 0.7323]
[2026/10/07 00:45:34] INFO: [EVAL] Class Precision: 
[0.9968 0.7947]
[2026/10/07 00:45:34] INFO: [EVAL] Class Recall: 
[0.9923 0.9032]
[2026/10/07 00:45:34] INFO: Start evaluating (total_samples: 177, total_iters: 177)...

  1/177 [..............................] - ETA: 7s - batch_cost: 0.0453 - reader cost: 0.0317
  3/177 [..............................] - ETA: 8s - batch_cost: 0.0469 - reader cost: 0.0233
  5/177 [..............................] - ETA: 7s - batch_cost: 0.0434 - reader cost: 0.0140
  7/177 [>.............................] - ETA: 7s - batch_cost: 0.0461 - reader cost: 0.0100
  9/177 [>.............................] - ETA: 7s - batch_cost: 0.0451 - reader cost: 0.0078
 11/177 [>.............................] - ETA: 7s - batch_cost: 0.0438 - reader cost: 0.0064
 13/177 [=>............................] - ETA: 7s - batch_cost: 0.0439 - reader cost: 0.0054
 15/177 [=>............................] - ETA: 7s - batch_cost: 0.0442 - reader cost: 0.0047
 17/177 [=>............................] - ETA: 7s - batch_cost: 0.0441 - reader cost: 0.0041
 19/177 [==>...........................] - ETA: 6s - batch_cost: 0.0438 - reader cost: 0.0037
 21/177 [==>...........................] - ETA: 6s - batch_cost: 0.0441 - reader cost: 0.0033
 23/177 [==>...........................] - ETA: 6s - batch_cost: 0.0440 - reader cost: 0.0030
 25/177 [===>..........................] - ETA: 6s - batch_cost: 0.0439 - reader cost: 0.0028
 27/177 [===>..........................] - ETA: 6s - batch_cost: 0.0439 - reader cost: 0.0026
 29/177 [===>..........................] - ETA: 6s - batch_cost: 0.0439 - reader cost: 0.0025
 31/177 [====>.........................] - ETA: 6s - batch_cost: 0.0439 - reader cost: 0.0023
 33/177 [====>.........................] - ETA: 6s - batch_cost: 0.0439 - reader cost: 0.0022
 35/177 [====>.........................] - ETA: 6s - batch_cost: 0.0438 - reader cost: 0.0021
 37/177 [=====>........................] - ETA: 6s - batch_cost: 0.0438 - reader cost: 0.0019
 39/177 [=====>........................] - ETA: 6s - batch_cost: 0.0437 - reader cost: 0.0018
 41/177 [=====>........................] - ETA: 5s - batch_cost: 0.0437 - reader cost: 0.0018
 43/177 [======>.......................] - ETA: 5s - batch_cost: 0.0436 - reader cost: 0.0017
 45/177 [======>.......................] - ETA: 5s - batch_cost: 0.0435 - reader cost: 0.0016
 47/177 [======>.......................] - ETA: 5s - batch_cost: 0.0436 - reader cost: 0.0015
 49/177 [=======>......................] - ETA: 5s - batch_cost: 0.0435 - reader cost: 0.0015
 51/177 [=======>......................] - ETA: 5s - batch_cost: 0.0434 - reader cost: 0.0014
 53/177 [=======>......................] - ETA: 5s - batch_cost: 0.0434 - reader cost: 0.0014
 55/177 [========>.....................] - ETA: 5s - batch_cost: 0.0433 - reader cost: 0.0013
 57/177 [========>.....................] - ETA: 5s - batch_cost: 0.0434 - reader cost: 0.0013
 59/177 [=========>....................] - ETA: 5s - batch_cost: 0.0433 - reader cost: 0.0012
 61/177 [=========>....................] - ETA: 5s - batch_cost: 0.0434 - reader cost: 0.0012
 63/177 [=========>....................] - ETA: 4s - batch_cost: 0.0434 - reader cost: 0.0011
 65/177 [==========>...................] - ETA: 4s - batch_cost: 0.0433 - reader cost: 0.0011
 67/177 [==========>...................] - ETA: 4s - batch_cost: 0.0433 - reader cost: 0.0011
 69/177 [==========>...................] - ETA: 4s - batch_cost: 0.0433 - reader cost: 0.0010
 71/177 [===========>..................] - ETA: 4s - batch_cost: 0.0433 - reader cost: 0.0010
 73/177 [===========>..................] - ETA: 4s - batch_cost: 0.0433 - reader cost: 9.8578e-04
 75/177 [===========>..................] - ETA: 4s - batch_cost: 0.0434 - reader cost: 9.5949e-04
 77/177 [============>.................] - ETA: 4s - batch_cost: 0.0434 - reader cost: 9.3457e-04
 79/177 [============>.................] - ETA: 4s - batch_cost: 0.0434 - reader cost: 9.1091e-04
 81/177 [============>.................] - ETA: 4s - batch_cost: 0.0434 - reader cost: 8.8842e-04
 83/177 [=============>................] - ETA: 4s - batch_cost: 0.0433 - reader cost: 8.6701e-04
 85/177 [=============>................] - ETA: 3s - batch_cost: 0.0433 - reader cost: 8.4661e-04
 87/177 [=============>................] - ETA: 3s - batch_cost: 0.0433 - reader cost: 8.2715e-04
 89/177 [==============>...............] - ETA: 3s - batch_cost: 0.0433 - reader cost: 8.0856e-04
 91/177 [==============>...............] - ETA: 3s - batch_cost: 0.0433 - reader cost: 7.9079e-04
 93/177 [==============>...............] - ETA: 3s - batch_cost: 0.0433 - reader cost: 7.7378e-04
 95/177 [===============>..............] - ETA: 3s - batch_cost: 0.0432 - reader cost: 7.5749e-04
 97/177 [===============>..............] - ETA: 3s - batch_cost: 0.0432 - reader cost: 7.4188e-04
 99/177 [===============>..............] - ETA: 3s - batch_cost: 0.0432 - reader cost: 7.2689e-04
101/177 [================>.............] - ETA: 3s - batch_cost: 0.0432 - reader cost: 7.2240e-04
103/177 [================>.............] - ETA: 3s - batch_cost: 0.0432 - reader cost: 7.0837e-04
105/177 [================>.............] - ETA: 3s - batch_cost: 0.0432 - reader cost: 6.9488e-04
107/177 [=================>............] - ETA: 3s - batch_cost: 0.0432 - reader cost: 6.8189e-04
109/177 [=================>............] - ETA: 2s - batch_cost: 0.0432 - reader cost: 6.6938e-04
111/177 [=================>............] - ETA: 2s - batch_cost: 0.0432 - reader cost: 6.5732e-04
113/177 [==================>...........] - ETA: 2s - batch_cost: 0.0431 - reader cost: 6.4568e-04
115/177 [==================>...........] - ETA: 2s - batch_cost: 0.0431 - reader cost: 6.3445e-04
117/177 [==================>...........] - ETA: 2s - batch_cost: 0.0431 - reader cost: 6.2361e-04
119/177 [===================>..........] - ETA: 2s - batch_cost: 0.0431 - reader cost: 6.1313e-04
121/177 [===================>..........] - ETA: 2s - batch_cost: 0.0431 - reader cost: 6.0299e-04
123/177 [===================>..........] - ETA: 2s - batch_cost: 0.0431 - reader cost: 5.9319e-04
125/177 [====================>.........] - ETA: 2s - batch_cost: 0.0431 - reader cost: 5.8370e-04
127/177 [====================>.........] - ETA: 2s - batch_cost: 0.0431 - reader cost: 5.7450e-04
129/177 [====================>.........] - ETA: 2s - batch_cost: 0.0430 - reader cost: 5.6560e-04
131/177 [=====================>........] - ETA: 1s - batch_cost: 0.0430 - reader cost: 5.5696e-04
133/177 [=====================>........] - ETA: 1s - batch_cost: 0.0430 - reader cost: 5.5611e-04
135/177 [=====================>........] - ETA: 1s - batch_cost: 0.0430 - reader cost: 5.4787e-04
137/177 [======================>.......] - ETA: 1s - batch_cost: 0.0430 - reader cost: 5.3987e-04
139/177 [======================>.......] - ETA: 1s - batch_cost: 0.0430 - reader cost: 5.3210e-04
141/177 [======================>.......] - ETA: 1s - batch_cost: 0.0430 - reader cost: 5.2456e-04
143/177 [=======================>......] - ETA: 1s - batch_cost: 0.0430 - reader cost: 5.1722e-04
145/177 [=======================>......] - ETA: 1s - batch_cost: 0.0430 - reader cost: 5.1009e-04
147/177 [=======================>......] - ETA: 1s - batch_cost: 0.0430 - reader cost: 5.0315e-04
149/177 [========================>.....] - ETA: 1s - batch_cost: 0.0430 - reader cost: 4.9639e-04
151/177 [========================>.....] - ETA: 1s - batch_cost: 0.0429 - reader cost: 4.8982e-04
153/177 [========================>.....] - ETA: 1s - batch_cost: 0.0429 - reader cost: 4.8341e-04
155/177 [=========================>....] - ETA: 0s - batch_cost: 0.0429 - reader cost: 4.7718e-04
157/177 [=========================>....] - ETA: 0s - batch_cost: 0.0429 - reader cost: 4.7110e-04
159/177 [=========================>....] - ETA: 0s - batch_cost: 0.0429 - reader cost: 4.6517e-04
161/177 [==========================>...] - ETA: 0s - batch_cost: 0.0429 - reader cost: 4.5939e-04
163/177 [==========================>...] - ETA: 0s - batch_cost: 0.0429 - reader cost: 4.5376e-04
165/177 [==========================>...] - ETA: 0s - batch_cost: 0.0429 - reader cost: 4.4826e-04
167/177 [===========================>..] - ETA: 0s - batch_cost: 0.0429 - reader cost: 4.4289e-04
169/177 [===========================>..] - ETA: 0s - batch_cost: 0.0429 - reader cost: 4.3765e-04
171/177 [===========================>..] - ETA: 0s - batch_cost: 0.0429 - reader cost: 4.3253e-04
173/177 [============================>.] - ETA: 0s - batch_cost: 0.0429 - reader cost: 4.2753e-04
175/177 [============================>.] - ETA: 0s - batch_cost: 0.0429 - reader cost: 4.2264e-04
177/177 [==============================] - 8s 43ms/step - batch_cost: 0.0428 - reader cost: 4.1787e-04
[2026/10/07 00:45:42] INFO: [EVAL] #Images: 177 mIoU: 0.8607 Acc: 0.9896 Kappa: 0.8400 Dice: 0.9200
[2026/10/07 00:45:42] INFO: [EVAL] Class IoU: 
[0.9893 0.7322]
[2026/10/07 00:45:42] INFO: [EVAL] Class Precision: 
[0.9963 0.8066]
[2026/10/07 00:45:42] INFO: [EVAL] Class Recall: 
[0.993  0.8881]
[2026/10/07 00:45:42] INFO: [EVAL] The model with the best validation mIoU (0.8607) was saved at iter 6000.
[2026/10/07 00:45:42] INFO: [EVAL] The EMA model with the best validation mIoU (0.8607) was saved at iter 6000.
[2026/10/07 00:45:42] INFO: [TRAIN] epoch: 18, iter: 6010/18000, loss: 0.0571, lr: 0.000040, batch_cost: 0.0544, reader_cost: 0.00000, ips: 73.5169 samples/sec, max_mem_reserved: 1731 MB, max_mem_allocated: 1081 MB | ETA 00:10:52
[2026/10/07 00:45:43] INFO: [TRAIN] epoch: 18, iter: 6020/18000, loss: 0.0309, lr: 0.000040, batch_cost: 0.0882, reader_cost: 0.03489, ips: 45.3419 samples/sec, max_mem_reserved: 1731 MB, max_mem_allocated: 1081 MB | ETA 00:17:36
[2026/10/07 00:45:44] INFO: [TRAIN] epoch: 18, iter: 6030/18000, loss: 0.0380, lr: 0.000040, batch_cost: 0.0850, reader_cost: 0.03313, ips: 47.0459 samples/sec, max_mem_reserved: 1731 MB, max_mem_allocated: 1081 MB | ETA 00:16:57
[2026/10/07 00:45:45] INFO: [TRAIN] epoch: 18, iter: 6040/18000, loss: 0.0384, lr: 0.000040, batch_cost: 0.0828, reader_cost: 0.03119, ips: 48.3043 samples/sec, max_mem_reserved: 1731 MB, max_mem_allocated: 1081 MB | ETA 00:16:30
[2026/10/07 00:45:46] INFO: [TRAIN] epoch: 18, iter: 6050/18000, loss: 0.0380, lr: 0.000040, batch_cost: 0.0878, reader_cost: 0.03368, ips: 45.5647 samples/sec, max_mem_reserved: 1731 MB, max_mem_allocated: 1081 MB | ETA 00:17:29
[2026/10/07 00:45:47] INFO: [TRAIN] epoch: 18, iter: 6060/18000, loss: 0.0354, lr: 0.000040, batch_cost: 0.0869, reader_cost: 0.03381, ips: 46.0343 samples/sec, max_mem_reserved: 1731 MB, max_mem_allocated: 1081 MB | ETA 00:17:17
[2026/10/07 00:45:48] INFO: [TRAIN] epoch: 18, iter: 6070/18000, loss: 0.0341, lr: 0.000040, batch_cost: 0.0896, reader_cost: 0.03831, ips: 44.6498 samples/sec, max_mem_reserved: 1731 MB, max_mem_allocated: 1081 MB | ETA 00:17:48
[2026/10/07 00:45:49] INFO: [TRAIN] epoch: 18, iter: 6080/18000, loss: 0.0360, lr: 0.000040, batch_cost: 0.0832, reader_cost: 0.03223, ips: 48.0894 samples/sec, max_mem_reserved: 1731 MB, max_mem_allocated: 1081 MB | ETA 00:16:31
[2026/10/07 00:45:51] INFO: [TRAIN] epoch: 18, iter: 6090/18000, loss: 0.0327, lr: 0.000040, batch_cost: 0.0895, reader_cost: 0.03566, ips: 44.7145 samples/sec, max_mem_reserved: 1731 MB, max_mem_allocated: 1081 MB | ETA 00:17:45
[2026/10/07 00:45:52] INFO: [TRAIN] epoch: 18, iter: 6100/18000, loss: 0.0320, lr: 0.000040, batch_cost: 0.0870, reader_cost: 0.03522, ips: 45.9536 samples/sec, max_mem_reserved: 1731 MB, max_mem_allocated: 1081 MB | ETA 00:17:15
[2026/10/07 00:45:53] INFO: [TRAIN] epoch: 18, iter: 6110/18000, loss: 0.0340, lr: 0.000040, batch_cost: 0.0869, reader_cost: 0.03433, ips: 46.0510 samples/sec, max_mem_reserved: 1731 MB, max_mem_allocated: 1081 MB | ETA 00:17:12
[2026/10/07 00:45:54] INFO: [TRAIN] epoch: 18, iter: 6120/18000, loss: 0.0335, lr: 0.000040, batch_cost: 0.0899, reader_cost: 0.03704, ips: 44.5090 samples/sec, max_mem_reserved: 1731 MB, max_mem_allocated: 1081 MB | ETA 00:17:47
[2026/10/07 00:45:55] INFO: [TRAIN] epoch: 18, iter: 6130/18000, loss: 0.0290, lr: 0.000040, batch_cost: 0.0860, reader_cost: 0.03491, ips: 46.4941 samples/sec, max_mem_reserved: 1731 MB, max_mem_allocated: 1081 MB | ETA 00:17:01
[2026/10/07 00:45:56] INFO: [TRAIN] epoch: 18, iter: 6140/18000, loss: 0.0309, lr: 0.000040, batch_cost: 0.0861, reader_cost: 0.03485, ips: 46.4507 samples/sec, max_mem_reserved: 1731 MB, max_mem_allocated: 1081 MB | ETA 00:17:01
[2026/10/07 00:45:57] INFO: [TRAIN] epoch: 18, iter: 6150/18000, loss: 0.0438, lr: 0.000040, batch_cost: 0.0851, reader_cost: 0.03364, ips: 47.0206 samples/sec, max_mem_reserved: 1731 MB, max_mem_allocated: 1081 MB | ETA 00:16:48
[2026/10/07 00:45:58] INFO: [TRAIN] epoch: 18, iter: 6160/18000, loss: 0.0336, lr: 0.000039, batch_cost: 0.0872, reader_cost: 0.03578, ips: 45.8555 samples/sec, max_mem_reserved: 1731 MB, max_mem_allocated: 1081 MB | ETA 00:17:12
[2026/10/07 00:45:59] INFO: [TRAIN] epoch: 18, iter: 6170/18000, loss: 0.0461, lr: 0.000039, batch_cost: 0.0904, reader_cost: 0.03971, ips: 44.2685 samples/sec, max_mem_reserved: 1731 MB, max_mem_allocated: 1081 MB | ETA 00:17:48
[2026/10/07 00:46:00] INFO: [TRAIN] epoch: 18, iter: 6180/18000, loss: 0.0368, lr: 0.000039, batch_cost: 0.0874, reader_cost: 0.03279, ips: 45.7796 samples/sec, max_mem_reserved: 1731 MB, max_mem_allocated: 1081 MB | ETA 00:17:12
[2026/10/07 00:46:01] INFO: [TRAIN] epoch: 18, iter: 6190/18000, loss: 0.0446, lr: 0.000039, batch_cost: 0.0823, reader_cost: 0.03017, ips: 48.6027 samples/sec, max_mem_reserved: 1731 MB, max_mem_allocated: 1081 MB | ETA 00:16:11
[2026/10/07 00:46:02] INFO: [TRAIN] epoch: 18, iter: 6200/18000, loss: 0.0252, lr: 0.000039, batch_cost: 0.0887, reader_cost: 0.03781, ips: 45.0809 samples/sec, max_mem_reserved: 1731 MB, max_mem_allocated: 1081 MB | ETA 00:17:27
[2026/10/07 00:46:03] INFO: [TRAIN] epoch: 18, iter: 6210/18000, loss: 0.0424, lr: 0.000039, batch_cost: 0.0865, reader_cost: 0.03495, ips: 46.2478 samples/sec, max_mem_reserved: 1731 MB, max_mem_allocated: 1081 MB | ETA 00:16:59
[2026/10/07 00:46:04] INFO: [TRAIN] epoch: 18, iter: 6220/18000, loss: 0.0271, lr: 0.000039, batch_cost: 0.0912, reader_cost: 0.03947, ips: 43.8376 samples/sec, max_mem_reserved: 1731 MB, max_mem_allocated: 1081 MB | ETA 00:17:54
[2026/10/07 00:46:05] INFO: [TRAIN] epoch: 18, iter: 6230/18000, loss: 0.0416, lr: 0.000039, batch_cost: 0.0909, reader_cost: 0.03984, ips: 44.0203 samples/sec, max_mem_reserved: 1731 MB, max_mem_allocated: 1081 MB | ETA 00:17:49
[2026/10/07 00:46:06] INFO: [TRAIN] epoch: 18, iter: 6240/18000, loss: 0.0396, lr: 0.000039, batch_cost: 0.0870, reader_cost: 0.03714, ips: 45.9622 samples/sec, max_mem_reserved: 1731 MB, max_mem_allocated: 1081 MB | ETA 00:17:03
[2026/10/07 00:46:07] INFO: [TRAIN] epoch: 18, iter: 6250/18000, loss: 0.0289, lr: 0.000039, batch_cost: 0.0926, reader_cost: 0.04112, ips: 43.2193 samples/sec, max_mem_reserved: 1731 MB, max_mem_allocated: 1081 MB | ETA 00:18:07
[2026/10/07 00:46:08] INFO: [TRAIN] epoch: 18, iter: 6260/18000, loss: 0.0368, lr: 0.000039, batch_cost: 0.0916, reader_cost: 0.03854, ips: 43.6781 samples/sec, max_mem_reserved: 1731 MB, max_mem_allocated: 1081 MB | ETA 00:17:55
[2026/10/07 00:46:09] INFO: [TRAIN] epoch: 18, iter: 6270/18000, loss: 0.0271, lr: 0.000039, batch_cost: 0.0918, reader_cost: 0.03859, ips: 43.5835 samples/sec, max_mem_reserved: 1731 MB, max_mem_allocated: 1081 MB | ETA 00:17:56
[2026/10/07 00:46:10] INFO: [TRAIN] epoch: 18, iter: 6280/18000, loss: 0.0410, lr: 0.000039, batch_cost: 0.0871, reader_cost: 0.03492, ips: 45.9028 samples/sec, max_mem_reserved: 1731 MB, max_mem_allocated: 1081 MB | ETA 00:17:01
[2026/10/07 00:46:11] INFO: [TRAIN] epoch: 18, iter: 6290/18000, loss: 0.0402, lr: 0.000039, batch_cost: 0.0885, reader_cost: 0.03725, ips: 45.2072 samples/sec, max_mem_reserved: 1731 MB, max_mem_allocated: 1081 MB | ETA 00:17:16
[2026/10/07 00:46:12] INFO: [TRAIN] epoch: 18, iter: 6300/18000, loss: 0.0517, lr: 0.000039, batch_cost: 0.0883, reader_cost: 0.03618, ips: 45.2992 samples/sec, max_mem_reserved: 1731 MB, max_mem_allocated: 1081 MB | ETA 00:17:13
[2026/10/07 00:46:13] INFO: [TRAIN] epoch: 19, iter: 6310/18000, loss: 0.0328, lr: 0.000039, batch_cost: 0.0898, reader_cost: 0.03882, ips: 44.5355 samples/sec, max_mem_reserved: 1731 MB, max_mem_allocated: 1081 MB | ETA 00:17:29
[2026/10/07 00:46:14] INFO: [TRAIN] epoch: 19, iter: 6320/18000, loss: 0.0417, lr: 0.000039, batch_cost: 0.0930, reader_cost: 0.04203, ips: 42.9993 samples/sec, max_mem_reserved: 1731 MB, max_mem_allocated: 1081 MB | ETA 00:18:06
[2026/10/07 00:46:15] INFO: [TRAIN] epoch: 19, iter: 6330/18000, loss: 0.0310, lr: 0.000039, batch_cost: 0.0883, reader_cost: 0.03665, ips: 45.2956 samples/sec, max_mem_reserved: 1731 MB, max_mem_allocated: 1081 MB | ETA 00:17:10
[2026/10/07 00:46:16] INFO: [TRAIN] epoch: 19, iter: 6340/18000, loss: 0.0347, lr: 0.000039, batch_cost: 0.0869, reader_cost: 0.03474, ips: 46.0250 samples/sec, max_mem_reserved: 1731 MB, max_mem_allocated: 1081 MB | ETA 00:16:53
[2026/10/07 00:46:17] INFO: [TRAIN] epoch: 19, iter: 6350/18000, loss: 0.0331, lr: 0.000039, batch_cost: 0.0895, reader_cost: 0.03907, ips: 44.7132 samples/sec, max_mem_reserved: 1731 MB, max_mem_allocated: 1081 MB | ETA 00:17:22
[2026/10/07 00:46:18] INFO: [TRAIN] epoch: 19, iter: 6360/18000, loss: 0.0296, lr: 0.000039, batch_cost: 0.0877, reader_cost: 0.03637, ips: 45.6246 samples/sec, max_mem_reserved: 1731 MB, max_mem_allocated: 1081 MB | ETA 00:17:00
[2026/10/07 00:46:19] INFO: [TRAIN] epoch: 19, iter: 6370/18000, loss: 0.0374, lr: 0.000039, batch_cost: 0.0912, reader_cost: 0.04047, ips: 43.8616 samples/sec, max_mem_reserved: 1731 MB, max_mem_allocated: 1081 MB | ETA 00:17:40
[2026/10/07 00:46:20] INFO: [TRAIN] epoch: 19, iter: 6380/18000, loss: 0.0353, lr: 0.000039, batch_cost: 0.0890, reader_cost: 0.03821, ips: 44.9461 samples/sec, max_mem_reserved: 1731 MB, max_mem_allocated: 1081 MB | ETA 00:17:14
[2026/10/07 00:46:21] INFO: [TRAIN] epoch: 19, iter: 6390/18000, loss: 0.0384, lr: 0.000039, batch_cost: 0.0873, reader_cost: 0.03590, ips: 45.8046 samples/sec, max_mem_reserved: 1731 MB, max_mem_allocated: 1081 MB | ETA 00:16:53
[2026/10/07 00:46:22] INFO: [TRAIN] epoch: 19, iter: 6400/18000, loss: 0.0395, lr: 0.000039, batch_cost: 0.0856, reader_cost: 0.03454, ips: 46.7445 samples/sec, max_mem_reserved: 1731 MB, max_mem_allocated: 1081 MB | ETA 00:16:32
[2026/10/07 00:46:23] INFO: [TRAIN] epoch: 19, iter: 6410/18000, loss: 0.0418, lr: 0.000039, batch_cost: 0.0894, reader_cost: 0.03659, ips: 44.7619 samples/sec, max_mem_reserved: 1731 MB, max_mem_allocated: 1081 MB | ETA 00:17:15
[2026/10/07 00:46:24] INFO: [TRAIN] epoch: 19, iter: 6420/18000, loss: 0.0366, lr: 0.000039, batch_cost: 0.0858, reader_cost: 0.03563, ips: 46.6308 samples/sec, max_mem_reserved: 1731 MB, max_mem_allocated: 1081 MB | ETA 00:16:33
[2026/10/07 00:46:26] INFO: [TRAIN] epoch: 19, iter: 6430/18000, loss: 0.0411, lr: 0.000039, batch_cost: 0.0912, reader_cost: 0.03908, ips: 43.8836 samples/sec, max_mem_reserved: 1731 MB, max_mem_allocated: 1081 MB | ETA 00:17:34
[2026/10/07 00:46:27] INFO: [TRAIN] epoch: 19, iter: 6440/18000, loss: 0.0358, lr: 0.000039, batch_cost: 0.0940, reader_cost: 0.04093, ips: 42.5725 samples/sec, max_mem_reserved: 1731 MB, max_mem_allocated: 1081 MB | ETA 00:18:06
[2026/10/07 00:46:28] INFO: [TRAIN] epoch: 19, iter: 6450/18000, loss: 0.0650, lr: 0.000039, batch_cost: 0.0913, reader_cost: 0.03795, ips: 43.8219 samples/sec, max_mem_reserved: 1731 MB, max_mem_allocated: 1081 MB | ETA 00:17:34
[2026/10/07 00:46:29] INFO: [TRAIN] epoch: 19, iter: 6460/18000, loss: 0.0333, lr: 0.000038, batch_cost: 0.0875, reader_cost: 0.03571, ips: 45.6956 samples/sec, max_mem_reserved: 1731 MB, max_mem_allocated: 1081 MB | ETA 00:16:50
[2026/10/07 00:46:30] INFO: [TRAIN] epoch: 19, iter: 6470/18000, loss: 0.0320, lr: 0.000038, batch_cost: 0.0878, reader_cost: 0.03489, ips: 45.5822 samples/sec, max_mem_reserved: 1731 MB, max_mem_allocated: 1081 MB | ETA 00:16:51
[2026/10/07 00:46:31] INFO: [TRAIN] epoch: 19, iter: 6480/18000, loss: 0.0449, lr: 0.000038, batch_cost: 0.0982, reader_cost: 0.04318, ips: 40.7385 samples/sec, max_mem_reserved: 1731 MB, max_mem_allocated: 1081 MB | ETA 00:18:51
[2026/10/07 00:46:32] INFO: [TRAIN] epoch: 19, iter: 6490/18000, loss: 0.0370, lr: 0.000038, batch_cost: 0.0870, reader_cost: 0.03433, ips: 45.9981 samples/sec, max_mem_reserved: 1731 MB, max_mem_allocated: 1081 MB | ETA 00:16:40
[2026/10/07 00:46:33] INFO: [TRAIN] epoch: 19, iter: 6500/18000, loss: 0.0358, lr: 0.000038, batch_cost: 0.0849, reader_cost: 0.03268, ips: 47.1146 samples/sec, max_mem_reserved: 1731 MB, max_mem_allocated: 1081 MB | ETA 00:16:16
[2026/10/07 00:46:34] INFO: [TRAIN] epoch: 19, iter: 6510/18000, loss: 0.0439, lr: 0.000038, batch_cost: 0.0895, reader_cost: 0.03485, ips: 44.7067 samples/sec, max_mem_reserved: 1731 MB, max_mem_allocated: 1081 MB | ETA 00:17:08
[2026/10/07 00:46:35] INFO: [TRAIN] epoch: 19, iter: 6520/18000, loss: 0.0431, lr: 0.000038, batch_cost: 0.0880, reader_cost: 0.03500, ips: 45.4593 samples/sec, max_mem_reserved: 1731 MB, max_mem_allocated: 1081 MB | ETA 00:16:50
[2026/10/07 00:46:36] INFO: [TRAIN] epoch: 19, iter: 6530/18000, loss: 0.0330, lr: 0.000038, batch_cost: 0.0920, reader_cost: 0.03676, ips: 43.4863 samples/sec, max_mem_reserved: 1731 MB, max_mem_allocated: 1081 MB | ETA 00:17:35
[2026/10/07 00:46:37] INFO: [TRAIN] epoch: 19, iter: 6540/18000, loss: 0.0511, lr: 0.000038, batch_cost: 0.0821, reader_cost: 0.03105, ips: 48.7053 samples/sec, max_mem_reserved: 1731 MB, max_mem_allocated: 1081 MB | ETA 00:15:41
[2026/10/07 00:46:38] INFO: [TRAIN] epoch: 19, iter: 6550/18000, loss: 0.0464, lr: 0.000038, batch_cost: 0.0876, reader_cost: 0.03507, ips: 45.6778 samples/sec, max_mem_reserved: 1731 MB, max_mem_allocated: 1081 MB | ETA 00:16:42
[2026/10/07 00:46:39] INFO: [TRAIN] epoch: 19, iter: 6560/18000, loss: 0.0225, lr: 0.000038, batch_cost: 0.0912, reader_cost: 0.03879, ips: 43.8616 samples/sec, max_mem_reserved: 1731 MB, max_mem_allocated: 1081 MB | ETA 00:17:23
[2026/10/07 00:46:40] INFO: [TRAIN] epoch: 19, iter: 6570/18000, loss: 0.0341, lr: 0.000038, batch_cost: 0.0897, reader_cost: 0.04032, ips: 44.6105 samples/sec, max_mem_reserved: 1731 MB, max_mem_allocated: 1081 MB | ETA 00:17:04
[2026/10/07 00:46:41] INFO: [TRAIN] epoch: 19, iter: 6580/18000, loss: 0.0415, lr: 0.000038, batch_cost: 0.0846, reader_cost: 0.03375, ips: 47.2924 samples/sec, max_mem_reserved: 1731 MB, max_mem_allocated: 1081 MB | ETA 00:16:05
[2026/10/07 00:46:42] INFO: [TRAIN] epoch: 19, iter: 6590/18000, loss: 0.0338, lr: 0.000038, batch_cost: 0.0929, reader_cost: 0.04099, ips: 43.0652 samples/sec, max_mem_reserved: 1731 MB, max_mem_allocated: 1081 MB | ETA 00:17:39
[2026/10/07 00:46:43] INFO: [TRAIN] epoch: 19, iter: 6600/18000, loss: 0.0413, lr: 0.000038, batch_cost: 0.0935, reader_cost: 0.04020, ips: 42.7764 samples/sec, max_mem_reserved: 1731 MB, max_mem_allocated: 1081 MB | ETA 00:17:46
[2026/10/07 00:46:44] INFO: [TRAIN] epoch: 19, iter: 6610/18000, loss: 0.0348, lr: 0.000038, batch_cost: 0.0823, reader_cost: 0.03132, ips: 48.6213 samples/sec, max_mem_reserved: 1731 MB, max_mem_allocated: 1081 MB | ETA 00:15:37
[2026/10/07 00:46:45] INFO: [TRAIN] epoch: 19, iter: 6620/18000, loss: 0.0309, lr: 0.000038, batch_cost: 0.0852, reader_cost: 0.03570, ips: 46.9654 samples/sec, max_mem_reserved: 1731 MB, max_mem_allocated: 1081 MB | ETA 00:16:09
[2026/10/07 00:46:46] INFO: [TRAIN] epoch: 19, iter: 6630/18000, loss: 0.0407, lr: 0.000038, batch_cost: 0.0923, reader_cost: 0.04036, ips: 43.3361 samples/sec, max_mem_reserved: 1731 MB, max_mem_allocated: 1081 MB | ETA 00:17:29
[2026/10/07 00:46:47] INFO: [TRAIN] epoch: 19, iter: 6640/18000, loss: 0.0381, lr: 0.000038, batch_cost: 0.0850, reader_cost: 0.03211, ips: 47.0754 samples/sec, max_mem_reserved: 1731 MB, max_mem_allocated: 1081 MB | ETA 00:16:05
[2026/10/07 00:46:48] INFO: [TRAIN] epoch: 19, iter: 6650/18000, loss: 0.0327, lr: 0.000038, batch_cost: 0.0875, reader_cost: 0.03807, ips: 45.7230 samples/sec, max_mem_reserved: 1731 MB, max_mem_allocated: 1081 MB | ETA 00:16:32
[2026/10/07 00:46:49] INFO: [TRAIN] epoch: 20, iter: 6660/18000, loss: 0.0292, lr: 0.000038, batch_cost: 0.0928, reader_cost: 0.04291, ips: 43.0992 samples/sec, max_mem_reserved: 1731 MB, max_mem_allocated: 1081 MB | ETA 00:17:32
[2026/10/07 00:46:50] INFO: [TRAIN] epoch: 20, iter: 6670/18000, loss: 0.0344, lr: 0.000038, batch_cost: 0.0870, reader_cost: 0.03626, ips: 45.9795 samples/sec, max_mem_reserved: 1731 MB, max_mem_allocated: 1081 MB | ETA 00:16:25
[2026/10/07 00:46:52] INFO: [TRAIN] epoch: 20, iter: 6680/18000, loss: 0.0345, lr: 0.000038, batch_cost: 0.0960, reader_cost: 0.04286, ips: 41.6473 samples/sec, max_mem_reserved: 1731 MB, max_mem_allocated: 1081 MB | ETA 00:18:07
[2026/10/07 00:46:53] INFO: [TRAIN] epoch: 20, iter: 6690/18000, loss: 0.0300, lr: 0.000038, batch_cost: 0.0953, reader_cost: 0.03819, ips: 41.9913 samples/sec, max_mem_reserved: 1731 MB, max_mem_allocated: 1081 MB | ETA 00:17:57
[2026/10/07 00:46:54] INFO: [TRAIN] epoch: 20, iter: 6700/18000, loss: 0.0364, lr: 0.000038, batch_cost: 0.0953, reader_cost: 0.03899, ips: 41.9779 samples/sec, max_mem_reserved: 1731 MB, max_mem_allocated: 1081 MB | ETA 00:17:56
[2026/10/07 00:46:55] INFO: [TRAIN] epoch: 20, iter: 6710/18000, loss: 0.0446, lr: 0.000038, batch_cost: 0.0879, reader_cost: 0.03590, ips: 45.4930 samples/sec, max_mem_reserved: 1731 MB, max_mem_allocated: 1081 MB | ETA 00:16:32
[2026/10/07 00:46:56] INFO: [TRAIN] epoch: 20, iter: 6720/18000, loss: 0.0424, lr: 0.000038, batch_cost: 0.0892, reader_cost: 0.03576, ips: 44.8188 samples/sec, max_mem_reserved: 1731 MB, max_mem_allocated: 1081 MB | ETA 00:16:46
[2026/10/07 00:46:57] INFO: [TRAIN] epoch: 20, iter: 6730/18000, loss: 0.0373, lr: 0.000038, batch_cost: 0.0863, reader_cost: 0.03423, ips: 46.3425 samples/sec, max_mem_reserved: 1731 MB, max_mem_allocated: 1081 MB | ETA 00:16:12
[2026/10/07 00:46:58] INFO: [TRAIN] epoch: 20, iter: 6740/18000, loss: 0.0352, lr: 0.000038, batch_cost: 0.0847, reader_cost: 0.03532, ips: 47.2132 samples/sec, max_mem_reserved: 1731 MB, max_mem_allocated: 1081 MB | ETA 00:15:53
[2026/10/07 00:46:59] INFO: [TRAIN] epoch: 20, iter: 6750/18000, loss: 0.0424, lr: 0.000038, batch_cost: 0.0894, reader_cost: 0.03574, ips: 44.7382 samples/sec, max_mem_reserved: 1731 MB, max_mem_allocated: 1081 MB | ETA 00:16:45
[2026/10/07 00:47:00] INFO: [TRAIN] epoch: 20, iter: 6760/18000, loss: 0.0355, lr: 0.000037, batch_cost: 0.0902, reader_cost: 0.03777, ips: 44.3688 samples/sec, max_mem_reserved: 1731 MB, max_mem_allocated: 1081 MB | ETA 00:16:53
[2026/10/07 00:47:01] INFO: [TRAIN] epoch: 20, iter: 6770/18000, loss: 0.0355, lr: 0.000037, batch_cost: 0.0859, reader_cost: 0.03174, ips: 46.5486 samples/sec, max_mem_reserved: 1731 MB, max_mem_allocated: 1081 MB | ETA 00:16:05
[2026/10/07 00:47:02] INFO: [TRAIN] epoch: 20, iter: 6780/18000, loss: 0.0394, lr: 0.000037, batch_cost: 0.0960, reader_cost: 0.03534, ips: 41.6792 samples/sec, max_mem_reserved: 1731 MB, max_mem_allocated: 1081 MB | ETA 00:17:56
[2026/10/07 00:47:03] INFO: [TRAIN] epoch: 20, iter: 6790/18000, loss: 0.0309, lr: 0.000037, batch_cost: 0.0876, reader_cost: 0.03568, ips: 45.6545 samples/sec, max_mem_reserved: 1731 MB, max_mem_allocated: 1081 MB | ETA 00:16:22
[2026/10/07 00:47:04] INFO: [TRAIN] epoch: 20, iter: 6800/18000, loss: 0.0344, lr: 0.000037, batch_cost: 0.0896, reader_cost: 0.03684, ips: 44.6356 samples/sec, max_mem_reserved: 1731 MB, max_mem_allocated: 1081 MB | ETA 00:16:43
[2026/10/07 00:47:05] INFO: [TRAIN] epoch: 20, iter: 6810/18000, loss: 0.0374, lr: 0.000037, batch_cost: 0.0876, reader_cost: 0.03956, ips: 45.6640 samples/sec, max_mem_reserved: 1731 MB, max_mem_allocated: 1081 MB | ETA 00:16:20
[2026/10/07 00:47:06] INFO: [TRAIN] epoch: 20, iter: 6820/18000, loss: 0.0376, lr: 0.000037, batch_cost: 0.0830, reader_cost: 0.03380, ips: 48.1971 samples/sec, max_mem_reserved: 1731 MB, max_mem_allocated: 1081 MB | ETA 00:15:27
[2026/10/07 00:47:07] INFO: [TRAIN] epoch: 20, iter: 6830/18000, loss: 0.0358, lr: 0.000037, batch_cost: 0.0864, reader_cost: 0.03561, ips: 46.3191 samples/sec, max_mem_reserved: 1731 MB, max_mem_allocated: 1081 MB | ETA 00:16:04
[2026/10/07 00:47:08] INFO: [TRAIN] epoch: 20, iter: 6840/18000, loss: 0.0391, lr: 0.000037, batch_cost: 0.0829, reader_cost: 0.03595, ips: 48.2570 samples/sec, max_mem_reserved: 1731 MB, max_mem_allocated: 1081 MB | ETA 00:15:25
[2026/10/07 00:47:09] INFO: [TRAIN] epoch: 20, iter: 6850/18000, loss: 0.0404, lr: 0.000037, batch_cost: 0.0844, reader_cost: 0.03626, ips: 47.3670 samples/sec, max_mem_reserved: 1731 MB, max_mem_allocated: 1081 MB | ETA 00:15:41
[2026/10/07 00:47:10] INFO: [TRAIN] epoch: 20, iter: 6860/18000, loss: 0.0240, lr: 0.000037, batch_cost: 0.0851, reader_cost: 0.03630, ips: 46.9922 samples/sec, max_mem_reserved: 1731 MB, max_mem_allocated: 1081 MB | ETA 00:15:48
[2026/10/07 00:47:11] INFO: [TRAIN] epoch: 20, iter: 6870/18000, loss: 0.0340, lr: 0.000037, batch_cost: 0.0935, reader_cost: 0.04489, ips: 42.7916 samples/sec, max_mem_reserved: 1731 MB, max_mem_allocated: 1081 MB | ETA 00:17:20
[2026/10/07 00:47:12] INFO: [TRAIN] epoch: 20, iter: 6880/18000, loss: 0.0327, lr: 0.000037, batch_cost: 0.0956, reader_cost: 0.04367, ips: 41.8401 samples/sec, max_mem_reserved: 1731 MB, max_mem_allocated: 1081 MB | ETA 00:17:43
[2026/10/07 00:47:13] INFO: [TRAIN] epoch: 20, iter: 6890/18000, loss: 0.0324, lr: 0.000037, batch_cost: 0.0928, reader_cost: 0.04462, ips: 43.0960 samples/sec, max_mem_reserved: 1731 MB, max_mem_allocated: 1081 MB | ETA 00:17:11
[2026/10/07 00:47:14] INFO: [TRAIN] epoch: 20, iter: 6900/18000, loss: 0.0263, lr: 0.000037, batch_cost: 0.0980, reader_cost: 0.04987, ips: 40.8242 samples/sec, max_mem_reserved: 1731 MB, max_mem_allocated: 1081 MB | ETA 00:18:07
[2026/10/07 00:47:16] INFO: [TRAIN] epoch: 20, iter: 6910/18000, loss: 0.0285, lr: 0.000037, batch_cost: 0.0976, reader_cost: 0.05041, ips: 40.9904 samples/sec, max_mem_reserved: 1731 MB, max_mem_allocated: 1081 MB | ETA 00:18:02
[2026/10/07 00:47:17] INFO: [TRAIN] epoch: 20, iter: 6920/18000, loss: 0.0327, lr: 0.000037, batch_cost: 0.0998, reader_cost: 0.05295, ips: 40.0613 samples/sec, max_mem_reserved: 1731 MB, max_mem_allocated: 1081 MB | ETA 00:18:26
[2026/10/07 00:47:18] INFO: [TRAIN] epoch: 20, iter: 6930/18000, loss: 0.0306, lr: 0.000037, batch_cost: 0.0967, reader_cost: 0.04764, ips: 41.3465 samples/sec, max_mem_reserved: 1731 MB, max_mem_allocated: 1081 MB | ETA 00:17:50
[2026/10/07 00:47:19] INFO: [TRAIN] epoch: 20, iter: 6940/18000, loss: 0.0287, lr: 0.000037, batch_cost: 0.0967, reader_cost: 0.04769, ips: 41.3807 samples/sec, max_mem_reserved: 1731 MB, max_mem_allocated: 1081 MB | ETA 00:17:49
[2026/10/07 00:47:20] INFO: [TRAIN] epoch: 20, iter: 6950/18000, loss: 0.0328, lr: 0.000037, batch_cost: 0.0982, reader_cost: 0.04994, ips: 40.7529 samples/sec, max_mem_reserved: 1731 MB, max_mem_allocated: 1081 MB | ETA 00:18:04
[2026/10/07 00:47:21] INFO: [TRAIN] epoch: 20, iter: 6960/18000, loss: 0.0432, lr: 0.000037, batch_cost: 0.0955, reader_cost: 0.04935, ips: 41.9061 samples/sec, max_mem_reserved: 1731 MB, max_mem_allocated: 1081 MB | ETA 00:17:33
[2026/10/07 00:47:22] INFO: [TRAIN] epoch: 20, iter: 6970/18000, loss: 0.0369, lr: 0.000037, batch_cost: 0.1002, reader_cost: 0.05187, ips: 39.9145 samples/sec, max_mem_reserved: 1731 MB, max_mem_allocated: 1081 MB | ETA 00:18:25
[2026/10/07 00:47:23] INFO: [TRAIN] epoch: 20, iter: 6980/18000, loss: 0.0402, lr: 0.000037, batch_cost: 0.0996, reader_cost: 0.05234, ips: 40.1531 samples/sec, max_mem_reserved: 1731 MB, max_mem_allocated: 1081 MB | ETA 00:18:17
[2026/10/07 00:47:24] INFO: [TRAIN] epoch: 20, iter: 6990/18000, loss: 0.0343, lr: 0.000037, batch_cost: 0.0950, reader_cost: 0.04798, ips: 42.0891 samples/sec, max_mem_reserved: 1731 MB, max_mem_allocated: 1081 MB | ETA 00:17:26
[2026/10/07 00:47:26] INFO: [TRAIN] epoch: 20, iter: 7000/18000, loss: 0.0324, lr: 0.000037, batch_cost: 0.0950, reader_cost: 0.04872, ips: 42.0885 samples/sec, max_mem_reserved: 1731 MB, max_mem_allocated: 1081 MB | ETA 00:17:25
[2026/10/07 00:47:26] INFO: Start evaluating (total_samples: 177, total_iters: 177)...

  1/177 [..............................] - ETA: 8s - batch_cost: 0.0482 - reader cost: 0.0367
  3/177 [..............................] - ETA: 7s - batch_cost: 0.0432 - reader cost: 0.0274
  5/177 [..............................] - ETA: 7s - batch_cost: 0.0433 - reader cost: 0.0210
  7/177 [>.............................] - ETA: 7s - batch_cost: 0.0427 - reader cost: 0.0150
  9/177 [>.............................] - ETA: 7s - batch_cost: 0.0429 - reader cost: 0.0117
 11/177 [>.............................] - ETA: 7s - batch_cost: 0.0422 - reader cost: 0.0096
 13/177 [=>............................] - ETA: 6s - batch_cost: 0.0425 - reader cost: 0.0081
 15/177 [=>............................] - ETA: 6s - batch_cost: 0.0424 - reader cost: 0.0070
 17/177 [=>............................] - ETA: 6s - batch_cost: 0.0422 - reader cost: 0.0062
 19/177 [==>...........................] - ETA: 6s - batch_cost: 0.0422 - reader cost: 0.0055
 21/177 [==>...........................] - ETA: 6s - batch_cost: 0.0420 - reader cost: 0.0050
 23/177 [==>...........................] - ETA: 6s - batch_cost: 0.0422 - reader cost: 0.0046
 25/177 [===>..........................] - ETA: 6s - batch_cost: 0.0421 - reader cost: 0.0042
 27/177 [===>..........................] - ETA: 6s - batch_cost: 0.0420 - reader cost: 0.0039
 29/177 [===>..........................] - ETA: 6s - batch_cost: 0.0420 - reader cost: 0.0037
 31/177 [====>.........................] - ETA: 6s - batch_cost: 0.0420 - reader cost: 0.0035
 33/177 [====>.........................] - ETA: 6s - batch_cost: 0.0420 - reader cost: 0.0032
 35/177 [====>.........................] - ETA: 5s - batch_cost: 0.0420 - reader cost: 0.0031
 37/177 [=====>........................] - ETA: 5s - batch_cost: 0.0421 - reader cost: 0.0029
 39/177 [=====>........................] - ETA: 5s - batch_cost: 0.0421 - reader cost: 0.0027
 41/177 [=====>........................] - ETA: 5s - batch_cost: 0.0421 - reader cost: 0.0026
 43/177 [======>.......................] - ETA: 5s - batch_cost: 0.0420 - reader cost: 0.0025
 45/177 [======>.......................] - ETA: 5s - batch_cost: 0.0420 - reader cost: 0.0024
 47/177 [======>.......................] - ETA: 5s - batch_cost: 0.0421 - reader cost: 0.0023
 49/177 [=======>......................] - ETA: 5s - batch_cost: 0.0421 - reader cost: 0.0022
 51/177 [=======>......................] - ETA: 5s - batch_cost: 0.0421 - reader cost: 0.0021
 53/177 [=======>......................] - ETA: 5s - batch_cost: 0.0422 - reader cost: 0.0021
 55/177 [========>.....................] - ETA: 5s - batch_cost: 0.0422 - reader cost: 0.0020
 57/177 [========>.....................] - ETA: 5s - batch_cost: 0.0422 - reader cost: 0.0019
 59/177 [=========>....................] - ETA: 4s - batch_cost: 0.0421 - reader cost: 0.0019
 61/177 [=========>....................] - ETA: 4s - batch_cost: 0.0421 - reader cost: 0.0018
 63/177 [=========>....................] - ETA: 4s - batch_cost: 0.0421 - reader cost: 0.0017
 65/177 [==========>...................] - ETA: 4s - batch_cost: 0.0420 - reader cost: 0.0017
 67/177 [==========>...................] - ETA: 4s - batch_cost: 0.0420 - reader cost: 0.0016
 69/177 [==========>...................] - ETA: 4s - batch_cost: 0.0420 - reader cost: 0.0016
 71/177 [===========>..................] - ETA: 4s - batch_cost: 0.0420 - reader cost: 0.0016
 73/177 [===========>..................] - ETA: 4s - batch_cost: 0.0420 - reader cost: 0.0015
 75/177 [===========>..................] - ETA: 4s - batch_cost: 0.0420 - reader cost: 0.0015
 77/177 [============>.................] - ETA: 4s - batch_cost: 0.0420 - reader cost: 0.0014
 79/177 [============>.................] - ETA: 4s - batch_cost: 0.0420 - reader cost: 0.0014
 81/177 [============>.................] - ETA: 4s - batch_cost: 0.0421 - reader cost: 0.0014
 83/177 [=============>................] - ETA: 3s - batch_cost: 0.0421 - reader cost: 0.0013
 85/177 [=============>................] - ETA: 3s - batch_cost: 0.0421 - reader cost: 0.0013
 87/177 [=============>................] - ETA: 3s - batch_cost: 0.0422 - reader cost: 0.0013
 89/177 [==============>...............] - ETA: 3s - batch_cost: 0.0422 - reader cost: 0.0012
 91/177 [==============>...............] - ETA: 3s - batch_cost: 0.0422 - reader cost: 0.0012
 93/177 [==============>...............] - ETA: 3s - batch_cost: 0.0422 - reader cost: 0.0012
 95/177 [===============>..............] - ETA: 3s - batch_cost: 0.0423 - reader cost: 0.0012
 97/177 [===============>..............] - ETA: 3s - batch_cost: 0.0423 - reader cost: 0.0011
 99/177 [===============>..............] - ETA: 3s - batch_cost: 0.0424 - reader cost: 0.0011
101/177 [================>.............] - ETA: 3s - batch_cost: 0.0424 - reader cost: 0.0011
103/177 [================>.............] - ETA: 3s - batch_cost: 0.0424 - reader cost: 0.0011
105/177 [================>.............] - ETA: 3s - batch_cost: 0.0424 - reader cost: 0.0011
107/177 [=================>............] - ETA: 2s - batch_cost: 0.0424 - reader cost: 0.0010
109/177 [=================>............] - ETA: 2s - batch_cost: 0.0425 - reader cost: 0.0010
111/177 [=================>............] - ETA: 2s - batch_cost: 0.0425 - reader cost: 0.0010
113/177 [==================>...........] - ETA: 2s - batch_cost: 0.0426 - reader cost: 9.9324e-04
115/177 [==================>...........] - ETA: 2s - batch_cost: 0.0427 - reader cost: 9.8465e-04
117/177 [==================>...........] - ETA: 2s - batch_cost: 0.0428 - reader cost: 9.6782e-04
119/177 [===================>..........] - ETA: 2s - batch_cost: 0.0428 - reader cost: 9.5156e-04
121/177 [===================>..........] - ETA: 2s - batch_cost: 0.0428 - reader cost: 9.3583e-04
123/177 [===================>..........] - ETA: 2s - batch_cost: 0.0427 - reader cost: 9.2061e-04
125/177 [====================>.........] - ETA: 2s - batch_cost: 0.0427 - reader cost: 9.1387e-04
127/177 [====================>.........] - ETA: 2s - batch_cost: 0.0427 - reader cost: 8.9948e-04
129/177 [====================>.........] - ETA: 2s - batch_cost: 0.0427 - reader cost: 8.8554e-04
131/177 [=====================>........] - ETA: 1s - batch_cost: 0.0427 - reader cost: 8.7202e-04
133/177 [=====================>........] - ETA: 1s - batch_cost: 0.0427 - reader cost: 8.5890e-04
135/177 [=====================>........] - ETA: 1s - batch_cost: 0.0427 - reader cost: 8.4618e-04
137/177 [======================>.......] - ETA: 1s - batch_cost: 0.0427 - reader cost: 8.3383e-04
139/177 [======================>.......] - ETA: 1s - batch_cost: 0.0427 - reader cost: 8.2183e-04
140/177 [======================>.......] - ETA: 1s - batch_cost: 0.0428 - reader cost: 8.1596e-04
142/177 [=======================>......] - ETA: 1s - batch_cost: 0.0428 - reader cost: 8.0447e-04
144/177 [=======================>......] - ETA: 1s - batch_cost: 0.0427 - reader cost: 7.9329e-04
146/177 [=======================>......] - ETA: 1s - batch_cost: 0.0427 - reader cost: 7.8243e-04
148/177 [========================>.....] - ETA: 1s - batch_cost: 0.0427 - reader cost: 7.7185e-04
150/177 [========================>.....] - ETA: 1s - batch_cost: 0.0428 - reader cost: 7.6156e-04
152/177 [========================>.....] - ETA: 1s - batch_cost: 0.0428 - reader cost: 7.5154e-04
154/177 [=========================>....] - ETA: 0s - batch_cost: 0.0428 - reader cost: 7.4178e-04
156/177 [=========================>....] - ETA: 0s - batch_cost: 0.0428 - reader cost: 7.3227e-04
158/177 [=========================>....] - ETA: 0s - batch_cost: 0.0428 - reader cost: 7.2300e-04
160/177 [==========================>...] - ETA: 0s - batch_cost: 0.0428 - reader cost: 7.1396e-04
162/177 [==========================>...] - ETA: 0s - batch_cost: 0.0428 - reader cost: 7.0515e-04
163/177 [==========================>...] - ETA: 0s - batch_cost: 0.0428 - reader cost: 7.0082e-04
165/177 [==========================>...] - ETA: 0s - batch_cost: 0.0429 - reader cost: 6.9233e-04
166/177 [===========================>..] - ETA: 0s - batch_cost: 0.0430 - reader cost: 6.9418e-04
168/177 [===========================>..] - ETA: 0s - batch_cost: 0.0430 - reader cost: 6.8592e-04
170/177 [===========================>..] - ETA: 0s - batch_cost: 0.0431 - reader cost: 6.7785e-04
172/177 [============================>.] - ETA: 0s - batch_cost: 0.0431 - reader cost: 6.6997e-04
174/177 [============================>.] - ETA: 0s - batch_cost: 0.0431 - reader cost: 6.6227e-04
176/177 [============================>.] - ETA: 0s - batch_cost: 0.0431 - reader cost: 6.5474e-04
177/177 [==============================] - 8s 43ms/step - batch_cost: 0.0432 - reader cost: 6.5104e-04
[2026/10/07 00:47:33] INFO: [EVAL] #Images: 177 mIoU: 0.8554 Acc: 0.9896 Kappa: 0.8329 Dice: 0.9165
[2026/10/07 00:47:33] INFO: [EVAL] Class IoU: 
[0.9893 0.7216]
[2026/10/07 00:47:33] INFO: [EVAL] Class Precision: 
[0.9949 0.83  ]
[2026/10/07 00:47:33] INFO: [EVAL] Class Recall: 
[0.9943 0.8468]
[2026/10/07 00:47:33] INFO: Start evaluating (total_samples: 177, total_iters: 177)...

  1/177 [..............................] - ETA: 11s - batch_cost: 0.0644 - reader cost: 0.0500
  3/177 [..............................] - ETA: 9s - batch_cost: 0.0516 - reader cost: 0.0368 
  5/177 [..............................] - ETA: 8s - batch_cost: 0.0499 - reader cost: 0.0304
  7/177 [>.............................] - ETA: 8s - batch_cost: 0.0485 - reader cost: 0.0249
  9/177 [>.............................] - ETA: 7s - batch_cost: 0.0468 - reader cost: 0.0194
 11/177 [>.............................] - ETA: 7s - batch_cost: 0.0460 - reader cost: 0.0158
 13/177 [=>............................] - ETA: 7s - batch_cost: 0.0454 - reader cost: 0.0134
 15/177 [=>............................] - ETA: 7s - batch_cost: 0.0453 - reader cost: 0.0116
 17/177 [=>............................] - ETA: 7s - batch_cost: 0.0446 - reader cost: 0.0102
 19/177 [==>...........................] - ETA: 7s - batch_cost: 0.0446 - reader cost: 0.0092
 21/177 [==>...........................] - ETA: 6s - batch_cost: 0.0445 - reader cost: 0.0083
 23/177 [==>...........................] - ETA: 6s - batch_cost: 0.0440 - reader cost: 0.0076
 25/177 [===>..........................] - ETA: 6s - batch_cost: 0.0439 - reader cost: 0.0070
 27/177 [===>..........................] - ETA: 6s - batch_cost: 0.0437 - reader cost: 0.0065
 29/177 [===>..........................] - ETA: 6s - batch_cost: 0.0437 - reader cost: 0.0060
 31/177 [====>.........................] - ETA: 6s - batch_cost: 0.0437 - reader cost: 0.0056
 33/177 [====>.........................] - ETA: 6s - batch_cost: 0.0436 - reader cost: 0.0053
 35/177 [====>.........................] - ETA: 6s - batch_cost: 0.0435 - reader cost: 0.0050
 37/177 [=====>........................] - ETA: 6s - batch_cost: 0.0434 - reader cost: 0.0047
 39/177 [=====>........................] - ETA: 6s - batch_cost: 0.0435 - reader cost: 0.0045
 41/177 [=====>........................] - ETA: 5s - batch_cost: 0.0435 - reader cost: 0.0042
 43/177 [======>.......................] - ETA: 5s - batch_cost: 0.0435 - reader cost: 0.0041
 45/177 [======>.......................] - ETA: 5s - batch_cost: 0.0434 - reader cost: 0.0039
 47/177 [======>.......................] - ETA: 5s - batch_cost: 0.0432 - reader cost: 0.0037
 49/177 [=======>......................] - ETA: 5s - batch_cost: 0.0432 - reader cost: 0.0036
 51/177 [=======>......................] - ETA: 5s - batch_cost: 0.0431 - reader cost: 0.0034
 53/177 [=======>......................] - ETA: 5s - batch_cost: 0.0430 - reader cost: 0.0033
 55/177 [========>.....................] - ETA: 5s - batch_cost: 0.0430 - reader cost: 0.0032
 57/177 [========>.....................] - ETA: 5s - batch_cost: 0.0429 - reader cost: 0.0031
 59/177 [=========>....................] - ETA: 5s - batch_cost: 0.0428 - reader cost: 0.0030
 61/177 [=========>....................] - ETA: 4s - batch_cost: 0.0428 - reader cost: 0.0029
 63/177 [=========>....................] - ETA: 4s - batch_cost: 0.0428 - reader cost: 0.0028
 65/177 [==========>...................] - ETA: 4s - batch_cost: 0.0427 - reader cost: 0.0027
 67/177 [==========>...................] - ETA: 4s - batch_cost: 0.0427 - reader cost: 0.0026
 69/177 [==========>...................] - ETA: 4s - batch_cost: 0.0426 - reader cost: 0.0025
 71/177 [===========>..................] - ETA: 4s - batch_cost: 0.0426 - reader cost: 0.0025
 73/177 [===========>..................] - ETA: 4s - batch_cost: 0.0425 - reader cost: 0.0024
 75/177 [===========>..................] - ETA: 4s - batch_cost: 0.0425 - reader cost: 0.0023
 77/177 [============>.................] - ETA: 4s - batch_cost: 0.0425 - reader cost: 0.0023
 79/177 [============>.................] - ETA: 4s - batch_cost: 0.0425 - reader cost: 0.0022
 81/177 [============>.................] - ETA: 4s - batch_cost: 0.0425 - reader cost: 0.0022
 83/177 [=============>................] - ETA: 3s - batch_cost: 0.0424 - reader cost: 0.0021
 85/177 [=============>................] - ETA: 3s - batch_cost: 0.0424 - reader cost: 0.0021
 87/177 [=============>................] - ETA: 3s - batch_cost: 0.0424 - reader cost: 0.0020
 89/177 [==============>...............] - ETA: 3s - batch_cost: 0.0424 - reader cost: 0.0020
 91/177 [==============>...............] - ETA: 3s - batch_cost: 0.0423 - reader cost: 0.0019
 93/177 [==============>...............] - ETA: 3s - batch_cost: 0.0425 - reader cost: 0.0019
 95/177 [===============>..............] - ETA: 3s - batch_cost: 0.0425 - reader cost: 0.0019
 97/177 [===============>..............] - ETA: 3s - batch_cost: 0.0424 - reader cost: 0.0018
 99/177 [===============>..............] - ETA: 3s - batch_cost: 0.0424 - reader cost: 0.0018
101/177 [================>.............] - ETA: 3s - batch_cost: 0.0424 - reader cost: 0.0018
103/177 [================>.............] - ETA: 3s - batch_cost: 0.0424 - reader cost: 0.0017
105/177 [================>.............] - ETA: 3s - batch_cost: 0.0424 - reader cost: 0.0017
107/177 [=================>............] - ETA: 2s - batch_cost: 0.0423 - reader cost: 0.0017
109/177 [=================>............] - ETA: 2s - batch_cost: 0.0423 - reader cost: 0.0016
111/177 [=================>............] - ETA: 2s - batch_cost: 0.0423 - reader cost: 0.0016
113/177 [==================>...........] - ETA: 2s - batch_cost: 0.0424 - reader cost: 0.0016
115/177 [==================>...........] - ETA: 2s - batch_cost: 0.0423 - reader cost: 0.0015
117/177 [==================>...........] - ETA: 2s - batch_cost: 0.0424 - reader cost: 0.0015
119/177 [===================>..........] - ETA: 2s - batch_cost: 0.0424 - reader cost: 0.0015
121/177 [===================>..........] - ETA: 2s - batch_cost: 0.0424 - reader cost: 0.0015
123/177 [===================>..........] - ETA: 2s - batch_cost: 0.0424 - reader cost: 0.0014
125/177 [====================>.........] - ETA: 2s - batch_cost: 0.0423 - reader cost: 0.0014
127/177 [====================>.........] - ETA: 2s - batch_cost: 0.0423 - reader cost: 0.0014
129/177 [====================>.........] - ETA: 2s - batch_cost: 0.0423 - reader cost: 0.0014
131/177 [=====================>........] - ETA: 1s - batch_cost: 0.0423 - reader cost: 0.0014
133/177 [=====================>........] - ETA: 1s - batch_cost: 0.0423 - reader cost: 0.0013
135/177 [=====================>........] - ETA: 1s - batch_cost: 0.0423 - reader cost: 0.0013
137/177 [======================>.......] - ETA: 1s - batch_cost: 0.0423 - reader cost: 0.0013
139/177 [======================>.......] - ETA: 1s - batch_cost: 0.0423 - reader cost: 0.0013
141/177 [======================>.......] - ETA: 1s - batch_cost: 0.0423 - reader cost: 0.0013
143/177 [=======================>......] - ETA: 1s - batch_cost: 0.0423 - reader cost: 0.0013
145/177 [=======================>......] - ETA: 1s - batch_cost: 0.0423 - reader cost: 0.0012
147/177 [=======================>......] - ETA: 1s - batch_cost: 0.0423 - reader cost: 0.0012
149/177 [========================>.....] - ETA: 1s - batch_cost: 0.0423 - reader cost: 0.0012
151/177 [========================>.....] - ETA: 1s - batch_cost: 0.0423 - reader cost: 0.0012
153/177 [========================>.....] - ETA: 1s - batch_cost: 0.0423 - reader cost: 0.0012
155/177 [=========================>....] - ETA: 0s - batch_cost: 0.0423 - reader cost: 0.0012
157/177 [=========================>....] - ETA: 0s - batch_cost: 0.0423 - reader cost: 0.0012
159/177 [=========================>....] - ETA: 0s - batch_cost: 0.0423 - reader cost: 0.0011
161/177 [==========================>...] - ETA: 0s - batch_cost: 0.0423 - reader cost: 0.0011
163/177 [==========================>...] - ETA: 0s - batch_cost: 0.0423 - reader cost: 0.0011
165/177 [==========================>...] - ETA: 0s - batch_cost: 0.0423 - reader cost: 0.0011
167/177 [===========================>..] - ETA: 0s - batch_cost: 0.0423 - reader cost: 0.0011
169/177 [===========================>..] - ETA: 0s - batch_cost: 0.0423 - reader cost: 0.0011
171/177 [===========================>..] - ETA: 0s - batch_cost: 0.0423 - reader cost: 0.0011
173/177 [============================>.] - ETA: 0s - batch_cost: 0.0423 - reader cost: 0.0011
175/177 [============================>.] - ETA: 0s - batch_cost: 0.0423 - reader cost: 0.0010
177/177 [==============================] - 7s 42ms/step - batch_cost: 0.0422 - reader cost: 0.0010
[2026/10/07 00:47:41] INFO: [EVAL] #Images: 177 mIoU: 0.8635 Acc: 0.9898 Kappa: 0.8436 Dice: 0.9218
[2026/10/07 00:47:41] INFO: [EVAL] Class IoU: 
[0.9895 0.7374]
[2026/10/07 00:47:41] INFO: [EVAL] Class Precision: 
[0.9965 0.808 ]
[2026/10/07 00:47:41] INFO: [EVAL] Class Recall: 
[0.993  0.8941]
[2026/10/07 00:47:41] INFO: [EVAL] The model with the best validation mIoU (0.8607) was saved at iter 6000.
[2026/10/07 00:47:41] INFO: [EVAL] The EMA model with the best validation mIoU (0.8635) was saved at iter 7000.
[2026/10/07 00:47:42] INFO: [TRAIN] epoch: 21, iter: 7010/18000, loss: 0.0372, lr: 0.000037, batch_cost: 0.0941, reader_cost: 0.04467, ips: 42.5027 samples/sec, max_mem_reserved: 1731 MB, max_mem_allocated: 1081 MB | ETA 00:17:14
[2026/10/07 00:47:43] INFO: [TRAIN] epoch: 21, iter: 7020/18000, loss: 0.0364, lr: 0.000037, batch_cost: 0.0834, reader_cost: 0.03626, ips: 47.9735 samples/sec, max_mem_reserved: 1731 MB, max_mem_allocated: 1081 MB | ETA 00:15:15
[2026/10/07 00:47:44] INFO: [TRAIN] epoch: 21, iter: 7030/18000, loss: 0.0372, lr: 0.000037, batch_cost: 0.0827, reader_cost: 0.03340, ips: 48.3625 samples/sec, max_mem_reserved: 1731 MB, max_mem_allocated: 1081 MB | ETA 00:15:07
[2026/10/07 00:47:45] INFO: [TRAIN] epoch: 21, iter: 7040/18000, loss: 0.0326, lr: 0.000037, batch_cost: 0.0822, reader_cost: 0.03374, ips: 48.6784 samples/sec, max_mem_reserved: 1731 MB, max_mem_allocated: 1081 MB | ETA 00:15:00
[2026/10/07 00:47:46] INFO: [TRAIN] epoch: 21, iter: 7050/18000, loss: 0.0415, lr: 0.000037, batch_cost: 0.0831, reader_cost: 0.03278, ips: 48.1561 samples/sec, max_mem_reserved: 1731 MB, max_mem_allocated: 1081 MB | ETA 00:15:09
[2026/10/07 00:47:47] INFO: [TRAIN] epoch: 21, iter: 7060/18000, loss: 0.0309, lr: 0.000036, batch_cost: 0.0841, reader_cost: 0.03414, ips: 47.5588 samples/sec, max_mem_reserved: 1731 MB, max_mem_allocated: 1081 MB | ETA 00:15:20
[2026/10/07 00:47:48] INFO: [TRAIN] epoch: 21, iter: 7070/18000, loss: 0.0321, lr: 0.000036, batch_cost: 0.0886, reader_cost: 0.03779, ips: 45.1256 samples/sec, max_mem_reserved: 1731 MB, max_mem_allocated: 1081 MB | ETA 00:16:08
[2026/10/07 00:47:49] INFO: [TRAIN] epoch: 21, iter: 7080/18000, loss: 0.0489, lr: 0.000036, batch_cost: 0.0874, reader_cost: 0.03770, ips: 45.7710 samples/sec, max_mem_reserved: 1731 MB, max_mem_allocated: 1081 MB | ETA 00:15:54
[2026/10/07 00:47:50] INFO: [TRAIN] epoch: 21, iter: 7090/18000, loss: 0.0394, lr: 0.000036, batch_cost: 0.0802, reader_cost: 0.03152, ips: 49.8553 samples/sec, max_mem_reserved: 1731 MB, max_mem_allocated: 1081 MB | ETA 00:14:35
[2026/10/07 00:47:51] INFO: [TRAIN] epoch: 21, iter: 7100/18000, loss: 0.0432, lr: 0.000036, batch_cost: 0.0879, reader_cost: 0.03981, ips: 45.4854 samples/sec, max_mem_reserved: 1731 MB, max_mem_allocated: 1081 MB | ETA 00:15:58
[2026/10/07 00:47:52] INFO: [TRAIN] epoch: 21, iter: 7110/18000, loss: 0.0393, lr: 0.000036, batch_cost: 0.0841, reader_cost: 0.03525, ips: 47.5869 samples/sec, max_mem_reserved: 1731 MB, max_mem_allocated: 1081 MB | ETA 00:15:15
[2026/10/07 00:47:52] INFO: [TRAIN] epoch: 21, iter: 7120/18000, loss: 0.0444, lr: 0.000036, batch_cost: 0.0837, reader_cost: 0.03464, ips: 47.7821 samples/sec, max_mem_reserved: 1731 MB, max_mem_allocated: 1081 MB | ETA 00:15:10
[2026/10/07 00:47:53] INFO: [TRAIN] epoch: 21, iter: 7130/18000, loss: 0.0426, lr: 0.000036, batch_cost: 0.0821, reader_cost: 0.03389, ips: 48.7114 samples/sec, max_mem_reserved: 1731 MB, max_mem_allocated: 1081 MB | ETA 00:14:52
[2026/10/07 00:47:54] INFO: [TRAIN] epoch: 21, iter: 7140/18000, loss: 0.0309, lr: 0.000036, batch_cost: 0.0828, reader_cost: 0.03454, ips: 48.2906 samples/sec, max_mem_reserved: 1731 MB, max_mem_allocated: 1081 MB | ETA 00:14:59
[2026/10/07 00:47:55] INFO: [TRAIN] epoch: 21, iter: 7150/18000, loss: 0.0336, lr: 0.000036, batch_cost: 0.0828, reader_cost: 0.03399, ips: 48.2953 samples/sec, max_mem_reserved: 1731 MB, max_mem_allocated: 1081 MB | ETA 00:14:58
[2026/10/07 00:47:56] INFO: [TRAIN] epoch: 21, iter: 7160/18000, loss: 0.0299, lr: 0.000036, batch_cost: 0.0830, reader_cost: 0.03423, ips: 48.2130 samples/sec, max_mem_reserved: 1731 MB, max_mem_allocated: 1081 MB | ETA 00:14:59
[2026/10/07 00:47:57] INFO: [TRAIN] epoch: 21, iter: 7170/18000, loss: 0.0298, lr: 0.000036, batch_cost: 0.0850, reader_cost: 0.03721, ips: 47.0363 samples/sec, max_mem_reserved: 1731 MB, max_mem_allocated: 1081 MB | ETA 00:15:20
[2026/10/07 00:47:58] INFO: [TRAIN] epoch: 21, iter: 7180/18000, loss: 0.0378, lr: 0.000036, batch_cost: 0.0845, reader_cost: 0.03685, ips: 47.3450 samples/sec, max_mem_reserved: 1731 MB, max_mem_allocated: 1081 MB | ETA 00:15:14
[2026/10/07 00:47:59] INFO: [TRAIN] epoch: 21, iter: 7190/18000, loss: 0.0311, lr: 0.000036, batch_cost: 0.0816, reader_cost: 0.03361, ips: 49.0305 samples/sec, max_mem_reserved: 1731 MB, max_mem_allocated: 1081 MB | ETA 00:14:41
[2026/10/07 00:48:00] INFO: [TRAIN] epoch: 21, iter: 7200/18000, loss: 0.0329, lr: 0.000036, batch_cost: 0.0820, reader_cost: 0.03396, ips: 48.7708 samples/sec, max_mem_reserved: 1731 MB, max_mem_allocated: 1081 MB | ETA 00:14:45
[2026/10/07 00:48:01] INFO: [TRAIN] epoch: 21, iter: 7210/18000, loss: 0.0275, lr: 0.000036, batch_cost: 0.0843, reader_cost: 0.03539, ips: 47.4406 samples/sec, max_mem_reserved: 1731 MB, max_mem_allocated: 1081 MB | ETA 00:15:09
[2026/10/07 00:48:02] INFO: [TRAIN] epoch: 21, iter: 7220/18000, loss: 0.0375, lr: 0.000036, batch_cost: 0.0800, reader_cost: 0.03211, ips: 49.9806 samples/sec, max_mem_reserved: 1731 MB, max_mem_allocated: 1081 MB | ETA 00:14:22
[2026/10/07 00:48:03] INFO: [TRAIN] epoch: 21, iter: 7230/18000, loss: 0.0353, lr: 0.000036, batch_cost: 0.0815, reader_cost: 0.03335, ips: 49.0759 samples/sec, max_mem_reserved: 1731 MB, max_mem_allocated: 1081 MB | ETA 00:14:37
[2026/10/07 00:48:04] INFO: [TRAIN] epoch: 21, iter: 7240/18000, loss: 0.0529, lr: 0.000036, batch_cost: 0.0808, reader_cost: 0.03205, ips: 49.4761 samples/sec, max_mem_reserved: 1731 MB, max_mem_allocated: 1081 MB | ETA 00:14:29
[2026/10/07 00:48:05] INFO: [TRAIN] epoch: 21, iter: 7250/18000, loss: 0.0300, lr: 0.000036, batch_cost: 0.0788, reader_cost: 0.03117, ips: 50.7707 samples/sec, max_mem_reserved: 1731 MB, max_mem_allocated: 1081 MB | ETA 00:14:06
[2026/10/07 00:48:06] INFO: [TRAIN] epoch: 21, iter: 7260/18000, loss: 0.0381, lr: 0.000036, batch_cost: 0.0797, reader_cost: 0.03156, ips: 50.1879 samples/sec, max_mem_reserved: 1731 MB, max_mem_allocated: 1081 MB | ETA 00:14:15
[2026/10/07 00:48:07] INFO: [TRAIN] epoch: 21, iter: 7270/18000, loss: 0.0292, lr: 0.000036, batch_cost: 0.0872, reader_cost: 0.03867, ips: 45.8833 samples/sec, max_mem_reserved: 1731 MB, max_mem_allocated: 1081 MB | ETA 00:15:35
[2026/10/07 00:48:08] INFO: [TRAIN] epoch: 21, iter: 7280/18000, loss: 0.0390, lr: 0.000036, batch_cost: 0.0806, reader_cost: 0.03122, ips: 49.5971 samples/sec, max_mem_reserved: 1731 MB, max_mem_allocated: 1081 MB | ETA 00:14:24
[2026/10/07 00:48:09] INFO: [TRAIN] epoch: 21, iter: 7290/18000, loss: 0.0310, lr: 0.000036, batch_cost: 0.0827, reader_cost: 0.03411, ips: 48.3675 samples/sec, max_mem_reserved: 1731 MB, max_mem_allocated: 1081 MB | ETA 00:14:45
[2026/10/07 00:48:09] INFO: [TRAIN] epoch: 21, iter: 7300/18000, loss: 0.0406, lr: 0.000036, batch_cost: 0.0819, reader_cost: 0.03440, ips: 48.8377 samples/sec, max_mem_reserved: 1731 MB, max_mem_allocated: 1081 MB | ETA 00:14:36
[2026/10/07 00:48:10] INFO: [TRAIN] epoch: 21, iter: 7310/18000, loss: 0.0404, lr: 0.000036, batch_cost: 0.0822, reader_cost: 0.03276, ips: 48.6746 samples/sec, max_mem_reserved: 1731 MB, max_mem_allocated: 1081 MB | ETA 00:14:38
[2026/10/07 00:48:11] INFO: [TRAIN] epoch: 21, iter: 7320/18000, loss: 0.0319, lr: 0.000036, batch_cost: 0.0781, reader_cost: 0.02848, ips: 51.2273 samples/sec, max_mem_reserved: 1731 MB, max_mem_allocated: 1081 MB | ETA 00:13:53
[2026/10/07 00:48:12] INFO: [TRAIN] epoch: 21, iter: 7330/18000, loss: 0.0312, lr: 0.000036, batch_cost: 0.0840, reader_cost: 0.03486, ips: 47.6226 samples/sec, max_mem_reserved: 1731 MB, max_mem_allocated: 1081 MB | ETA 00:14:56
[2026/10/07 00:48:13] INFO: [TRAIN] epoch: 21, iter: 7340/18000, loss: 0.0401, lr: 0.000036, batch_cost: 0.0787, reader_cost: 0.03026, ips: 50.8521 samples/sec, max_mem_reserved: 1731 MB, max_mem_allocated: 1081 MB | ETA 00:13:58
[2026/10/07 00:48:14] INFO: [TRAIN] epoch: 21, iter: 7350/18000, loss: 0.0306, lr: 0.000036, batch_cost: 0.0755, reader_cost: 0.02868, ips: 52.9653 samples/sec, max_mem_reserved: 1731 MB, max_mem_allocated: 1081 MB | ETA 00:13:24
[2026/10/07 00:48:15] INFO: [TRAIN] epoch: 22, iter: 7360/18000, loss: 0.0309, lr: 0.000035, batch_cost: 0.0883, reader_cost: 0.03802, ips: 45.2914 samples/sec, max_mem_reserved: 1731 MB, max_mem_allocated: 1081 MB | ETA 00:15:39
[2026/10/07 00:48:16] INFO: [TRAIN] epoch: 22, iter: 7370/18000, loss: 0.0396, lr: 0.000035, batch_cost: 0.0826, reader_cost: 0.03586, ips: 48.4384 samples/sec, max_mem_reserved: 1731 MB, max_mem_allocated: 1081 MB | ETA 00:14:37
[2026/10/07 00:48:17] INFO: [TRAIN] epoch: 22, iter: 7380/18000, loss: 0.0429, lr: 0.000035, batch_cost: 0.0802, reader_cost: 0.03077, ips: 49.8874 samples/sec, max_mem_reserved: 1731 MB, max_mem_allocated: 1081 MB | ETA 00:14:11
[2026/10/07 00:48:18] INFO: [TRAIN] epoch: 22, iter: 7390/18000, loss: 0.0367, lr: 0.000035, batch_cost: 0.0813, reader_cost: 0.03206, ips: 49.1817 samples/sec, max_mem_reserved: 1731 MB, max_mem_allocated: 1081 MB | ETA 00:14:22
[2026/10/07 00:48:19] INFO: [TRAIN] epoch: 22, iter: 7400/18000, loss: 0.0312, lr: 0.000035, batch_cost: 0.0860, reader_cost: 0.03713, ips: 46.5192 samples/sec, max_mem_reserved: 1731 MB, max_mem_allocated: 1081 MB | ETA 00:15:11
[2026/10/07 00:48:20] INFO: [TRAIN] epoch: 22, iter: 7410/18000, loss: 0.0316, lr: 0.000035, batch_cost: 0.0821, reader_cost: 0.03338, ips: 48.7395 samples/sec, max_mem_reserved: 1731 MB, max_mem_allocated: 1081 MB | ETA 00:14:29
[2026/10/07 00:48:21] INFO: [TRAIN] epoch: 22, iter: 7420/18000, loss: 0.0287, lr: 0.000035, batch_cost: 0.0822, reader_cost: 0.03357, ips: 48.6834 samples/sec, max_mem_reserved: 1731 MB, max_mem_allocated: 1081 MB | ETA 00:14:29
[2026/10/07 00:48:22] INFO: [TRAIN] epoch: 22, iter: 7430/18000, loss: 0.0406, lr: 0.000035, batch_cost: 0.0818, reader_cost: 0.03383, ips: 48.8757 samples/sec, max_mem_reserved: 1731 MB, max_mem_allocated: 1081 MB | ETA 00:14:25
[2026/10/07 00:48:23] INFO: [TRAIN] epoch: 22, iter: 7440/18000, loss: 0.0356, lr: 0.000035, batch_cost: 0.0829, reader_cost: 0.03488, ips: 48.2523 samples/sec, max_mem_reserved: 1731 MB, max_mem_allocated: 1081 MB | ETA 00:14:35
[2026/10/07 00:48:24] INFO: [TRAIN] epoch: 22, iter: 7450/18000, loss: 0.0353, lr: 0.000035, batch_cost: 0.0867, reader_cost: 0.03646, ips: 46.1489 samples/sec, max_mem_reserved: 1731 MB, max_mem_allocated: 1081 MB | ETA 00:15:14
[2026/10/07 00:48:25] INFO: [TRAIN] epoch: 22, iter: 7460/18000, loss: 0.0419, lr: 0.000035, batch_cost: 0.0812, reader_cost: 0.03338, ips: 49.2388 samples/sec, max_mem_reserved: 1731 MB, max_mem_allocated: 1081 MB | ETA 00:14:16
[2026/10/07 00:48:26] INFO: [TRAIN] epoch: 22, iter: 7470/18000, loss: 0.0326, lr: 0.000035, batch_cost: 0.0772, reader_cost: 0.02922, ips: 51.8001 samples/sec, max_mem_reserved: 1731 MB, max_mem_allocated: 1081 MB | ETA 00:13:33
[2026/10/07 00:48:27] INFO: [TRAIN] epoch: 22, iter: 7480/18000, loss: 0.0366, lr: 0.000035, batch_cost: 0.0799, reader_cost: 0.03074, ips: 50.0920 samples/sec, max_mem_reserved: 1731 MB, max_mem_allocated: 1081 MB | ETA 00:14:00
[2026/10/07 00:48:27] INFO: [TRAIN] epoch: 22, iter: 7490/18000, loss: 0.0334, lr: 0.000035, batch_cost: 0.0785, reader_cost: 0.03016, ips: 50.9292 samples/sec, max_mem_reserved: 1731 MB, max_mem_allocated: 1081 MB | ETA 00:13:45
[2026/10/07 00:48:28] INFO: [TRAIN] epoch: 22, iter: 7500/18000, loss: 0.0306, lr: 0.000035, batch_cost: 0.0863, reader_cost: 0.03785, ips: 46.3262 samples/sec, max_mem_reserved: 1731 MB, max_mem_allocated: 1081 MB | ETA 00:15:06
[2026/10/07 00:48:29] INFO: [TRAIN] epoch: 22, iter: 7510/18000, loss: 0.0296, lr: 0.000035, batch_cost: 0.0819, reader_cost: 0.03401, ips: 48.8202 samples/sec, max_mem_reserved: 1731 MB, max_mem_allocated: 1081 MB | ETA 00:14:19
[2026/10/07 00:48:30] INFO: [TRAIN] epoch: 22, iter: 7520/18000, loss: 0.0322, lr: 0.000035, batch_cost: 0.0822, reader_cost: 0.03366, ips: 48.6325 samples/sec, max_mem_reserved: 1731 MB, max_mem_allocated: 1081 MB | ETA 00:14:21
[2026/10/07 00:48:31] INFO: [TRAIN] epoch: 22, iter: 7530/18000, loss: 0.0344, lr: 0.000035, batch_cost: 0.0804, reader_cost: 0.03439, ips: 49.7781 samples/sec, max_mem_reserved: 1731 MB, max_mem_allocated: 1081 MB | ETA 00:14:01
[2026/10/07 00:48:32] INFO: [TRAIN] epoch: 22, iter: 7540/18000, loss: 0.0318, lr: 0.000035, batch_cost: 0.0833, reader_cost: 0.03581, ips: 47.9957 samples/sec, max_mem_reserved: 1731 MB, max_mem_allocated: 1081 MB | ETA 00:14:31
[2026/10/07 00:48:33] INFO: [TRAIN] epoch: 22, iter: 7550/18000, loss: 0.0270, lr: 0.000035, batch_cost: 0.0833, reader_cost: 0.03469, ips: 48.0378 samples/sec, max_mem_reserved: 1731 MB, max_mem_allocated: 1081 MB | ETA 00:14:30
[2026/10/07 00:48:34] INFO: [TRAIN] epoch: 22, iter: 7560/18000, loss: 0.0307, lr: 0.000035, batch_cost: 0.0835, reader_cost: 0.03468, ips: 47.9313 samples/sec, max_mem_reserved: 1731 MB, max_mem_allocated: 1081 MB | ETA 00:14:31
[2026/10/07 00:48:35] INFO: [TRAIN] epoch: 22, iter: 7570/18000, loss: 0.0366, lr: 0.000035, batch_cost: 0.0821, reader_cost: 0.03456, ips: 48.7456 samples/sec, max_mem_reserved: 1731 MB, max_mem_allocated: 1081 MB | ETA 00:14:15
[2026/10/07 00:48:36] INFO: [TRAIN] epoch: 22, iter: 7580/18000, loss: 0.0305, lr: 0.000035, batch_cost: 0.0832, reader_cost: 0.03536, ips: 48.0939 samples/sec, max_mem_reserved: 1731 MB, max_mem_allocated: 1081 MB | ETA 00:14:26
[2026/10/07 00:48:37] INFO: [TRAIN] epoch: 22, iter: 7590/18000, loss: 0.0375, lr: 0.000035, batch_cost: 0.0859, reader_cost: 0.03886, ips: 46.5754 samples/sec, max_mem_reserved: 1731 MB, max_mem_allocated: 1081 MB | ETA 00:14:54
[2026/10/07 00:48:38] INFO: [TRAIN] epoch: 22, iter: 7600/18000, loss: 0.0440, lr: 0.000035, batch_cost: 0.0877, reader_cost: 0.03959, ips: 45.6169 samples/sec, max_mem_reserved: 1731 MB, max_mem_allocated: 1081 MB | ETA 00:15:11
[2026/10/07 00:48:39] INFO: [TRAIN] epoch: 22, iter: 7610/18000, loss: 0.0286, lr: 0.000035, batch_cost: 0.0825, reader_cost: 0.03456, ips: 48.5061 samples/sec, max_mem_reserved: 1731 MB, max_mem_allocated: 1081 MB | ETA 00:14:16
[2026/10/07 00:48:40] INFO: [TRAIN] epoch: 22, iter: 7620/18000, loss: 0.0334, lr: 0.000035, batch_cost: 0.0833, reader_cost: 0.03460, ips: 47.9922 samples/sec, max_mem_reserved: 1731 MB, max_mem_allocated: 1081 MB | ETA 00:14:25
[2026/10/07 00:48:41] INFO: [TRAIN] epoch: 22, iter: 7630/18000, loss: 0.0358, lr: 0.000035, batch_cost: 0.0843, reader_cost: 0.03621, ips: 47.4542 samples/sec, max_mem_reserved: 1731 MB, max_mem_allocated: 1081 MB | ETA 00:14:34
[2026/10/07 00:48:42] INFO: [TRAIN] epoch: 22, iter: 7640/18000, loss: 0.0420, lr: 0.000035, batch_cost: 0.0878, reader_cost: 0.04068, ips: 45.5422 samples/sec, max_mem_reserved: 1731 MB, max_mem_allocated: 1081 MB | ETA 00:15:09
[2026/10/07 00:48:43] INFO: [TRAIN] epoch: 22, iter: 7650/18000, loss: 0.0370, lr: 0.000035, batch_cost: 0.0872, reader_cost: 0.03859, ips: 45.8772 samples/sec, max_mem_reserved: 1731 MB, max_mem_allocated: 1081 MB | ETA 00:15:02
[2026/10/07 00:48:44] INFO: [TRAIN] epoch: 22, iter: 7660/18000, loss: 0.0372, lr: 0.000034, batch_cost: 0.0831, reader_cost: 0.03463, ips: 48.1289 samples/sec, max_mem_reserved: 1731 MB, max_mem_allocated: 1081 MB | ETA 00:14:19
[2026/10/07 00:48:45] INFO: [TRAIN] epoch: 22, iter: 7670/18000, loss: 0.0335, lr: 0.000034, batch_cost: 0.0827, reader_cost: 0.03613, ips: 48.3899 samples/sec, max_mem_reserved: 1731 MB, max_mem_allocated: 1081 MB | ETA 00:14:13
[2026/10/07 00:48:46] INFO: [TRAIN] epoch: 22, iter: 7680/18000, loss: 0.0322, lr: 0.000034, batch_cost: 0.0843, reader_cost: 0.03741, ips: 47.4358 samples/sec, max_mem_reserved: 1731 MB, max_mem_allocated: 1081 MB | ETA 00:14:30
[2026/10/07 00:48:47] INFO: [TRAIN] epoch: 22, iter: 7690/18000, loss: 0.0331, lr: 0.000034, batch_cost: 0.0824, reader_cost: 0.03496, ips: 48.5259 samples/sec, max_mem_reserved: 1731 MB, max_mem_allocated: 1081 MB | ETA 00:14:09
[2026/10/07 00:48:48] INFO: [TRAIN] epoch: 22, iter: 7700/18000, loss: 0.0437, lr: 0.000034, batch_cost: 0.0848, reader_cost: 0.03549, ips: 47.1505 samples/sec, max_mem_reserved: 1731 MB, max_mem_allocated: 1081 MB | ETA 00:14:33
[2026/10/07 00:48:49] INFO: [TRAIN] epoch: 23, iter: 7710/18000, loss: 0.0249, lr: 0.000034, batch_cost: 0.0852, reader_cost: 0.03637, ips: 46.9339 samples/sec, max_mem_reserved: 1731 MB, max_mem_allocated: 1081 MB | ETA 00:14:36
[2026/10/07 00:48:50] INFO: [TRAIN] epoch: 23, iter: 7720/18000, loss: 0.0325, lr: 0.000034, batch_cost: 0.0798, reader_cost: 0.03087, ips: 50.1471 samples/sec, max_mem_reserved: 1731 MB, max_mem_allocated: 1081 MB | ETA 00:13:39
[2026/10/07 00:48:51] INFO: [TRAIN] epoch: 23, iter: 7730/18000, loss: 0.0335, lr: 0.000034, batch_cost: 0.0836, reader_cost: 0.03420, ips: 47.8189 samples/sec, max_mem_reserved: 1731 MB, max_mem_allocated: 1081 MB | ETA 00:14:19
[2026/10/07 00:48:51] INFO: [TRAIN] epoch: 23, iter: 7740/18000, loss: 0.0319, lr: 0.000034, batch_cost: 0.0805, reader_cost: 0.03353, ips: 49.6816 samples/sec, max_mem_reserved: 1731 MB, max_mem_allocated: 1081 MB | ETA 00:13:46
[2026/10/07 00:48:52] INFO: [TRAIN] epoch: 23, iter: 7750/18000, loss: 0.0287, lr: 0.000034, batch_cost: 0.0814, reader_cost: 0.03485, ips: 49.1691 samples/sec, max_mem_reserved: 1731 MB, max_mem_allocated: 1081 MB | ETA 00:13:53
[2026/10/07 00:48:53] INFO: [TRAIN] epoch: 23, iter: 7760/18000, loss: 0.0314, lr: 0.000034, batch_cost: 0.0755, reader_cost: 0.02894, ips: 52.9632 samples/sec, max_mem_reserved: 1731 MB, max_mem_allocated: 1081 MB | ETA 00:12:53
[2026/10/07 00:48:54] INFO: [TRAIN] epoch: 23, iter: 7770/18000, loss: 0.0305, lr: 0.000034, batch_cost: 0.0810, reader_cost: 0.03405, ips: 49.3779 samples/sec, max_mem_reserved: 1731 MB, max_mem_allocated: 1081 MB | ETA 00:13:48
[2026/10/07 00:48:55] INFO: [TRAIN] epoch: 23, iter: 7780/18000, loss: 0.0339, lr: 0.000034, batch_cost: 0.0835, reader_cost: 0.03706, ips: 47.8796 samples/sec, max_mem_reserved: 1731 MB, max_mem_allocated: 1081 MB | ETA 00:14:13
[2026/10/07 00:48:56] INFO: [TRAIN] epoch: 23, iter: 7790/18000, loss: 0.0309, lr: 0.000034, batch_cost: 0.0854, reader_cost: 0.03764, ips: 46.8549 samples/sec, max_mem_reserved: 1731 MB, max_mem_allocated: 1081 MB | ETA 00:14:31
[2026/10/07 00:48:57] INFO: [TRAIN] epoch: 23, iter: 7800/18000, loss: 0.0365, lr: 0.000034, batch_cost: 0.0840, reader_cost: 0.03772, ips: 47.6007 samples/sec, max_mem_reserved: 1731 MB, max_mem_allocated: 1081 MB | ETA 00:14:17
[2026/10/07 00:48:58] INFO: [TRAIN] epoch: 23, iter: 7810/18000, loss: 0.0377, lr: 0.000034, batch_cost: 0.0816, reader_cost: 0.03512, ips: 48.9951 samples/sec, max_mem_reserved: 1731 MB, max_mem_allocated: 1081 MB | ETA 00:13:51
[2026/10/07 00:48:59] INFO: [TRAIN] epoch: 23, iter: 7820/18000, loss: 0.0357, lr: 0.000034, batch_cost: 0.0869, reader_cost: 0.03978, ips: 46.0361 samples/sec, max_mem_reserved: 1731 MB, max_mem_allocated: 1081 MB | ETA 00:14:44
[2026/10/07 00:49:00] INFO: [TRAIN] epoch: 23, iter: 7830/18000, loss: 0.0397, lr: 0.000034, batch_cost: 0.0845, reader_cost: 0.03622, ips: 47.3629 samples/sec, max_mem_reserved: 1731 MB, max_mem_allocated: 1081 MB | ETA 00:14:18
[2026/10/07 00:49:01] INFO: [TRAIN] epoch: 23, iter: 7840/18000, loss: 0.0325, lr: 0.000034, batch_cost: 0.0803, reader_cost: 0.03205, ips: 49.8345 samples/sec, max_mem_reserved: 1731 MB, max_mem_allocated: 1081 MB | ETA 00:13:35
[2026/10/07 00:49:02] INFO: [TRAIN] epoch: 23, iter: 7850/18000, loss: 0.0336, lr: 0.000034, batch_cost: 0.0877, reader_cost: 0.03977, ips: 45.6303 samples/sec, max_mem_reserved: 1731 MB, max_mem_allocated: 1081 MB | ETA 00:14:49
[2026/10/07 00:49:03] INFO: [TRAIN] epoch: 23, iter: 7860/18000, loss: 0.0542, lr: 0.000034, batch_cost: 0.0805, reader_cost: 0.03177, ips: 49.7063 samples/sec, max_mem_reserved: 1731 MB, max_mem_allocated: 1081 MB | ETA 00:13:35
[2026/10/07 00:49:04] INFO: [TRAIN] epoch: 23, iter: 7870/18000, loss: 0.0393, lr: 0.000034, batch_cost: 0.0790, reader_cost: 0.03219, ips: 50.6187 samples/sec, max_mem_reserved: 1731 MB, max_mem_allocated: 1081 MB | ETA 00:13:20
[2026/10/07 00:49:05] INFO: [TRAIN] epoch: 23, iter: 7880/18000, loss: 0.0328, lr: 0.000034, batch_cost: 0.0830, reader_cost: 0.03478, ips: 48.2024 samples/sec, max_mem_reserved: 1731 MB, max_mem_allocated: 1081 MB | ETA 00:13:59
[2026/10/07 00:49:06] INFO: [TRAIN] epoch: 23, iter: 7890/18000, loss: 0.0386, lr: 0.000034, batch_cost: 0.0863, reader_cost: 0.03891, ips: 46.3270 samples/sec, max_mem_reserved: 1731 MB, max_mem_allocated: 1081 MB | ETA 00:14:32
[2026/10/07 00:49:07] INFO: [TRAIN] epoch: 23, iter: 7900/18000, loss: 0.0305, lr: 0.000034, batch_cost: 0.0829, reader_cost: 0.03592, ips: 48.2397 samples/sec, max_mem_reserved: 1731 MB, max_mem_allocated: 1081 MB | ETA 00:13:57
[2026/10/07 00:49:08] INFO: [TRAIN] epoch: 23, iter: 7910/18000, loss: 0.0306, lr: 0.000034, batch_cost: 0.0840, reader_cost: 0.03757, ips: 47.6210 samples/sec, max_mem_reserved: 1731 MB, max_mem_allocated: 1081 MB | ETA 00:14:07
[2026/10/07 00:49:09] INFO: [TRAIN] epoch: 23, iter: 7920/18000, loss: 0.0305, lr: 0.000034, batch_cost: 0.0833, reader_cost: 0.03607, ips: 47.9960 samples/sec, max_mem_reserved: 1731 MB, max_mem_allocated: 1081 MB | ETA 00:14:00
[2026/10/07 00:49:10] INFO: [TRAIN] epoch: 23, iter: 7930/18000, loss: 0.0447, lr: 0.000034, batch_cost: 0.0819, reader_cost: 0.03434, ips: 48.8230 samples/sec, max_mem_reserved: 1731 MB, max_mem_allocated: 1081 MB | ETA 00:13:45
[2026/10/07 00:49:11] INFO: [TRAIN] epoch: 23, iter: 7940/18000, loss: 0.0227, lr: 0.000034, batch_cost: 0.0822, reader_cost: 0.03577, ips: 48.6436 samples/sec, max_mem_reserved: 1731 MB, max_mem_allocated: 1081 MB | ETA 00:13:47
[2026/10/07 00:49:12] INFO: [TRAIN] epoch: 23, iter: 7950/18000, loss: 0.0299, lr: 0.000034, batch_cost: 0.0855, reader_cost: 0.03895, ips: 46.7882 samples/sec, max_mem_reserved: 1731 MB, max_mem_allocated: 1081 MB | ETA 00:14:19
[2026/10/07 00:49:12] INFO: [TRAIN] epoch: 23, iter: 7960/18000, loss: 0.0456, lr: 0.000033, batch_cost: 0.0850, reader_cost: 0.03739, ips: 47.0390 samples/sec, max_mem_reserved: 1731 MB, max_mem_allocated: 1081 MB | ETA 00:14:13
[2026/10/07 00:49:13] INFO: [TRAIN] epoch: 23, iter: 7970/18000, loss: 0.0312, lr: 0.000033, batch_cost: 0.0863, reader_cost: 0.03896, ips: 46.3332 samples/sec, max_mem_reserved: 1731 MB, max_mem_allocated: 1081 MB | ETA 00:14:25
[2026/10/07 00:49:14] INFO: [TRAIN] epoch: 23, iter: 7980/18000, loss: 0.0280, lr: 0.000033, batch_cost: 0.0881, reader_cost: 0.04191, ips: 45.3830 samples/sec, max_mem_reserved: 1731 MB, max_mem_allocated: 1081 MB | ETA 00:14:43
[2026/10/07 00:49:15] INFO: [TRAIN] epoch: 23, iter: 7990/18000, loss: 0.0333, lr: 0.000033, batch_cost: 0.0800, reader_cost: 0.03271, ips: 49.9957 samples/sec, max_mem_reserved: 1731 MB, max_mem_allocated: 1081 MB | ETA 00:13:20
[2026/10/07 00:49:16] INFO: [TRAIN] epoch: 23, iter: 8000/18000, loss: 0.0318, lr: 0.000033, batch_cost: 0.0910, reader_cost: 0.04309, ips: 43.9758 samples/sec, max_mem_reserved: 1731 MB, max_mem_allocated: 1081 MB | ETA 00:15:09
[2026/10/07 00:49:16] INFO: Start evaluating (total_samples: 177, total_iters: 177)...

  1/177 [..............................] - ETA: 9s - batch_cost: 0.0535 - reader cost: 0.0393
  3/177 [..............................] - ETA: 8s - batch_cost: 0.0500 - reader cost: 0.0256
  5/177 [..............................] - ETA: 7s - batch_cost: 0.0461 - reader cost: 0.0154
  7/177 [>.............................] - ETA: 7s - batch_cost: 0.0455 - reader cost: 0.0110
  9/177 [>.............................] - ETA: 7s - batch_cost: 0.0450 - reader cost: 0.0086
 11/177 [>.............................] - ETA: 7s - batch_cost: 0.0450 - reader cost: 0.0071
 13/177 [=>............................] - ETA: 7s - batch_cost: 0.0436 - reader cost: 0.0060
 15/177 [=>............................] - ETA: 7s - batch_cost: 0.0432 - reader cost: 0.0052
 17/177 [=>............................] - ETA: 6s - batch_cost: 0.0429 - reader cost: 0.0046
 19/177 [==>...........................] - ETA: 6s - batch_cost: 0.0428 - reader cost: 0.0041
 21/177 [==>...........................] - ETA: 6s - batch_cost: 0.0427 - reader cost: 0.0037
 23/177 [==>...........................] - ETA: 6s - batch_cost: 0.0426 - reader cost: 0.0034
 25/177 [===>..........................] - ETA: 6s - batch_cost: 0.0425 - reader cost: 0.0031
 27/177 [===>..........................] - ETA: 6s - batch_cost: 0.0424 - reader cost: 0.0029
 29/177 [===>..........................] - ETA: 6s - batch_cost: 0.0423 - reader cost: 0.0027
 31/177 [====>.........................] - ETA: 6s - batch_cost: 0.0423 - reader cost: 0.0025
 33/177 [====>.........................] - ETA: 6s - batch_cost: 0.0423 - reader cost: 0.0024
 35/177 [====>.........................] - ETA: 6s - batch_cost: 0.0424 - reader cost: 0.0022
 37/177 [=====>........................] - ETA: 5s - batch_cost: 0.0423 - reader cost: 0.0021
 39/177 [=====>........................] - ETA: 5s - batch_cost: 0.0423 - reader cost: 0.0020
 41/177 [=====>........................] - ETA: 5s - batch_cost: 0.0422 - reader cost: 0.0019
 43/177 [======>.......................] - ETA: 5s - batch_cost: 0.0422 - reader cost: 0.0018
 45/177 [======>.......................] - ETA: 5s - batch_cost: 0.0422 - reader cost: 0.0018
 47/177 [======>.......................] - ETA: 5s - batch_cost: 0.0422 - reader cost: 0.0017
 49/177 [=======>......................] - ETA: 5s - batch_cost: 0.0421 - reader cost: 0.0016
 51/177 [=======>......................] - ETA: 5s - batch_cost: 0.0421 - reader cost: 0.0015
 53/177 [=======>......................] - ETA: 5s - batch_cost: 0.0421 - reader cost: 0.0015
 55/177 [========>.....................] - ETA: 5s - batch_cost: 0.0420 - reader cost: 0.0014
 57/177 [========>.....................] - ETA: 5s - batch_cost: 0.0420 - reader cost: 0.0014
 59/177 [=========>....................] - ETA: 4s - batch_cost: 0.0420 - reader cost: 0.0013
 61/177 [=========>....................] - ETA: 4s - batch_cost: 0.0420 - reader cost: 0.0013
 63/177 [=========>....................] - ETA: 4s - batch_cost: 0.0419 - reader cost: 0.0013
 65/177 [==========>...................] - ETA: 4s - batch_cost: 0.0419 - reader cost: 0.0012
 67/177 [==========>...................] - ETA: 4s - batch_cost: 0.0419 - reader cost: 0.0012
 69/177 [==========>...................] - ETA: 4s - batch_cost: 0.0419 - reader cost: 0.0012
 71/177 [===========>..................] - ETA: 4s - batch_cost: 0.0419 - reader cost: 0.0011
 73/177 [===========>..................] - ETA: 4s - batch_cost: 0.0419 - reader cost: 0.0011
 75/177 [===========>..................] - ETA: 4s - batch_cost: 0.0419 - reader cost: 0.0011
 77/177 [============>.................] - ETA: 4s - batch_cost: 0.0419 - reader cost: 0.0010
 79/177 [============>.................] - ETA: 4s - batch_cost: 0.0419 - reader cost: 0.0010
 81/177 [============>.................] - ETA: 4s - batch_cost: 0.0419 - reader cost: 9.8565e-04
 83/177 [=============>................] - ETA: 3s - batch_cost: 0.0419 - reader cost: 9.7400e-04
 85/177 [=============>................] - ETA: 3s - batch_cost: 0.0419 - reader cost: 9.5109e-04
 87/177 [=============>................] - ETA: 3s - batch_cost: 0.0418 - reader cost: 9.2922e-04
 89/177 [==============>...............] - ETA: 3s - batch_cost: 0.0418 - reader cost: 9.0834e-04
 91/177 [==============>...............] - ETA: 3s - batch_cost: 0.0418 - reader cost: 8.8838e-04
 93/177 [==============>...............] - ETA: 3s - batch_cost: 0.0418 - reader cost: 8.6927e-04
 95/177 [===============>..............] - ETA: 3s - batch_cost: 0.0418 - reader cost: 8.5097e-04
 97/177 [===============>..............] - ETA: 3s - batch_cost: 0.0418 - reader cost: 8.3343e-04
 99/177 [===============>..............] - ETA: 3s - batch_cost: 0.0418 - reader cost: 8.1659e-04
101/177 [================>.............] - ETA: 3s - batch_cost: 0.0418 - reader cost: 8.0042e-04
103/177 [================>.............] - ETA: 3s - batch_cost: 0.0418 - reader cost: 7.8488e-04
105/177 [================>.............] - ETA: 3s - batch_cost: 0.0418 - reader cost: 7.7521e-04
107/177 [=================>............] - ETA: 2s - batch_cost: 0.0418 - reader cost: 7.6072e-04
109/177 [=================>............] - ETA: 2s - batch_cost: 0.0417 - reader cost: 7.4676e-04
111/177 [=================>............] - ETA: 2s - batch_cost: 0.0417 - reader cost: 7.3330e-04
113/177 [==================>...........] - ETA: 2s - batch_cost: 0.0417 - reader cost: 7.2033e-04
115/177 [==================>...........] - ETA: 2s - batch_cost: 0.0417 - reader cost: 7.0780e-04
117/177 [==================>...........] - ETA: 2s - batch_cost: 0.0417 - reader cost: 6.9570e-04
119/177 [===================>..........] - ETA: 2s - batch_cost: 0.0417 - reader cost: 6.8401e-04
121/177 [===================>..........] - ETA: 2s - batch_cost: 0.0417 - reader cost: 6.7270e-04
123/177 [===================>..........] - ETA: 2s - batch_cost: 0.0417 - reader cost: 6.6176e-04
125/177 [====================>.........] - ETA: 2s - batch_cost: 0.0417 - reader cost: 6.5117e-04
127/177 [====================>.........] - ETA: 2s - batch_cost: 0.0417 - reader cost: 6.4092e-04
129/177 [====================>.........] - ETA: 2s - batch_cost: 0.0417 - reader cost: 6.3098e-04
131/177 [=====================>........] - ETA: 1s - batch_cost: 0.0417 - reader cost: 6.2135e-04
133/177 [=====================>........] - ETA: 1s - batch_cost: 0.0417 - reader cost: 6.1201e-04
135/177 [=====================>........] - ETA: 1s - batch_cost: 0.0417 - reader cost: 6.0294e-04
137/177 [======================>.......] - ETA: 1s - batch_cost: 0.0417 - reader cost: 5.9414e-04
139/177 [======================>.......] - ETA: 1s - batch_cost: 0.0417 - reader cost: 5.8559e-04
141/177 [======================>.......] - ETA: 1s - batch_cost: 0.0417 - reader cost: 5.7728e-04
143/177 [=======================>......] - ETA: 1s - batch_cost: 0.0417 - reader cost: 5.6921e-04
145/177 [=======================>......] - ETA: 1s - batch_cost: 0.0417 - reader cost: 5.6136e-04
147/177 [=======================>......] - ETA: 1s - batch_cost: 0.0417 - reader cost: 5.5372e-04
149/177 [========================>.....] - ETA: 1s - batch_cost: 0.0417 - reader cost: 5.4629e-04
151/177 [========================>.....] - ETA: 1s - batch_cost: 0.0417 - reader cost: 5.3905e-04
153/177 [========================>.....] - ETA: 1s - batch_cost: 0.0417 - reader cost: 5.3201e-04
155/177 [=========================>....] - ETA: 0s - batch_cost: 0.0416 - reader cost: 5.2514e-04
157/177 [=========================>....] - ETA: 0s - batch_cost: 0.0416 - reader cost: 5.1845e-04
159/177 [=========================>....] - ETA: 0s - batch_cost: 0.0417 - reader cost: 5.1193e-04
161/177 [==========================>...] - ETA: 0s - batch_cost: 0.0417 - reader cost: 5.0557e-04
163/177 [==========================>...] - ETA: 0s - batch_cost: 0.0417 - reader cost: 4.9937e-04
165/177 [==========================>...] - ETA: 0s - batch_cost: 0.0417 - reader cost: 4.9331e-04
167/177 [===========================>..] - ETA: 0s - batch_cost: 0.0417 - reader cost: 4.8741e-04
169/177 [===========================>..] - ETA: 0s - batch_cost: 0.0417 - reader cost: 4.8164e-04
171/177 [===========================>..] - ETA: 0s - batch_cost: 0.0417 - reader cost: 4.7600e-04
173/177 [============================>.] - ETA: 0s - batch_cost: 0.0416 - reader cost: 4.7050e-04
175/177 [============================>.] - ETA: 0s - batch_cost: 0.0417 - reader cost: 4.6512e-04
177/177 [==============================] - 7s 42ms/step - batch_cost: 0.0416 - reader cost: 4.5987e-04
[2026/10/07 00:49:24] INFO: [EVAL] #Images: 177 mIoU: 0.8660 Acc: 0.9901 Kappa: 0.8469 Dice: 0.9235
[2026/10/07 00:49:24] INFO: [EVAL] Class IoU: 
[0.9899 0.7422]
[2026/10/07 00:49:24] INFO: [EVAL] Class Precision: 
[0.9963 0.8193]
[2026/10/07 00:49:24] INFO: [EVAL] Class Recall: 
[0.9935 0.8875]
[2026/10/07 00:49:24] INFO: Start evaluating (total_samples: 177, total_iters: 177)...

  1/177 [..............................] - ETA: 8s - batch_cost: 0.0509 - reader cost: 0.0402
  3/177 [..............................] - ETA: 7s - batch_cost: 0.0448 - reader cost: 0.0208
  5/177 [..............................] - ETA: 7s - batch_cost: 0.0442 - reader cost: 0.0127
  7/177 [>.............................] - ETA: 7s - batch_cost: 0.0437 - reader cost: 0.0091
  9/177 [>.............................] - ETA: 7s - batch_cost: 0.0436 - reader cost: 0.0070
 11/177 [>.............................] - ETA: 7s - batch_cost: 0.0433 - reader cost: 0.0058
 13/177 [=>............................] - ETA: 6s - batch_cost: 0.0426 - reader cost: 0.0049
 15/177 [=>............................] - ETA: 6s - batch_cost: 0.0424 - reader cost: 0.0042
 17/177 [=>............................] - ETA: 6s - batch_cost: 0.0423 - reader cost: 0.0038
 19/177 [==>...........................] - ETA: 6s - batch_cost: 0.0422 - reader cost: 0.0034
 21/177 [==>...........................] - ETA: 6s - batch_cost: 0.0425 - reader cost: 0.0031
 23/177 [==>...........................] - ETA: 6s - batch_cost: 0.0423 - reader cost: 0.0028
 25/177 [===>..........................] - ETA: 6s - batch_cost: 0.0422 - reader cost: 0.0026
 27/177 [===>..........................] - ETA: 6s - batch_cost: 0.0422 - reader cost: 0.0024
 29/177 [===>..........................] - ETA: 6s - batch_cost: 0.0422 - reader cost: 0.0022
 31/177 [====>.........................] - ETA: 6s - batch_cost: 0.0421 - reader cost: 0.0021
 33/177 [====>.........................] - ETA: 6s - batch_cost: 0.0421 - reader cost: 0.0020
 35/177 [====>.........................] - ETA: 5s - batch_cost: 0.0420 - reader cost: 0.0018
 37/177 [=====>........................] - ETA: 5s - batch_cost: 0.0420 - reader cost: 0.0017
 39/177 [=====>........................] - ETA: 5s - batch_cost: 0.0420 - reader cost: 0.0017
 41/177 [=====>........................] - ETA: 5s - batch_cost: 0.0419 - reader cost: 0.0016
 43/177 [======>.......................] - ETA: 5s - batch_cost: 0.0419 - reader cost: 0.0015
 45/177 [======>.......................] - ETA: 5s - batch_cost: 0.0419 - reader cost: 0.0014
 47/177 [======>.......................] - ETA: 5s - batch_cost: 0.0419 - reader cost: 0.0014
 49/177 [=======>......................] - ETA: 5s - batch_cost: 0.0418 - reader cost: 0.0013
 51/177 [=======>......................] - ETA: 5s - batch_cost: 0.0418 - reader cost: 0.0013
 53/177 [=======>......................] - ETA: 5s - batch_cost: 0.0418 - reader cost: 0.0012
 55/177 [========>.....................] - ETA: 5s - batch_cost: 0.0418 - reader cost: 0.0012
 57/177 [========>.....................] - ETA: 5s - batch_cost: 0.0418 - reader cost: 0.0011
 59/177 [=========>....................] - ETA: 4s - batch_cost: 0.0418 - reader cost: 0.0011
 61/177 [=========>....................] - ETA: 4s - batch_cost: 0.0417 - reader cost: 0.0011
 63/177 [=========>....................] - ETA: 4s - batch_cost: 0.0417 - reader cost: 0.0010
 65/177 [==========>...................] - ETA: 4s - batch_cost: 0.0417 - reader cost: 0.0010
 67/177 [==========>...................] - ETA: 4s - batch_cost: 0.0417 - reader cost: 9.9315e-04
 69/177 [==========>...................] - ETA: 4s - batch_cost: 0.0417 - reader cost: 9.6436e-04
 71/177 [===========>..................] - ETA: 4s - batch_cost: 0.0417 - reader cost: 9.3720e-04
 73/177 [===========>..................] - ETA: 4s - batch_cost: 0.0417 - reader cost: 9.1152e-04
 75/177 [===========>..................] - ETA: 4s - batch_cost: 0.0417 - reader cost: 8.8721e-04
 77/177 [============>.................] - ETA: 4s - batch_cost: 0.0417 - reader cost: 8.6417e-04
 79/177 [============>.................] - ETA: 4s - batch_cost: 0.0417 - reader cost: 8.4229e-04
 81/177 [============>.................] - ETA: 4s - batch_cost: 0.0417 - reader cost: 8.2149e-04
 83/177 [=============>................] - ETA: 3s - batch_cost: 0.0417 - reader cost: 8.0170e-04
 85/177 [=============>................] - ETA: 3s - batch_cost: 0.0417 - reader cost: 7.8283e-04
 87/177 [=============>................] - ETA: 3s - batch_cost: 0.0417 - reader cost: 7.6484e-04
 89/177 [==============>...............] - ETA: 3s - batch_cost: 0.0417 - reader cost: 7.4765e-04
 91/177 [==============>...............] - ETA: 3s - batch_cost: 0.0417 - reader cost: 7.3122e-04
 93/177 [==============>...............] - ETA: 3s - batch_cost: 0.0417 - reader cost: 7.1549e-04
 95/177 [===============>..............] - ETA: 3s - batch_cost: 0.0417 - reader cost: 7.0043e-04
 97/177 [===============>..............] - ETA: 3s - batch_cost: 0.0416 - reader cost: 6.9129e-04
 99/177 [===============>..............] - ETA: 3s - batch_cost: 0.0416 - reader cost: 6.7733e-04
101/177 [================>.............] - ETA: 3s - batch_cost: 0.0416 - reader cost: 6.6392e-04
103/177 [================>.............] - ETA: 3s - batch_cost: 0.0416 - reader cost: 6.5102e-04
105/177 [================>.............] - ETA: 3s - batch_cost: 0.0416 - reader cost: 6.3862e-04
107/177 [=================>............] - ETA: 2s - batch_cost: 0.0417 - reader cost: 6.2669e-04
109/177 [=================>............] - ETA: 2s - batch_cost: 0.0417 - reader cost: 6.1519e-04
111/177 [=================>............] - ETA: 2s - batch_cost: 0.0417 - reader cost: 6.0410e-04
113/177 [==================>...........] - ETA: 2s - batch_cost: 0.0416 - reader cost: 5.9341e-04
115/177 [==================>...........] - ETA: 2s - batch_cost: 0.0416 - reader cost: 5.8309e-04
117/177 [==================>...........] - ETA: 2s - batch_cost: 0.0416 - reader cost: 5.7312e-04
119/177 [===================>..........] - ETA: 2s - batch_cost: 0.0416 - reader cost: 5.6349e-04
121/177 [===================>..........] - ETA: 2s - batch_cost: 0.0416 - reader cost: 5.5418e-04
123/177 [===================>..........] - ETA: 2s - batch_cost: 0.0416 - reader cost: 5.5329e-04
125/177 [====================>.........] - ETA: 2s - batch_cost: 0.0416 - reader cost: 5.4444e-04
127/177 [====================>.........] - ETA: 2s - batch_cost: 0.0416 - reader cost: 5.3587e-04
129/177 [====================>.........] - ETA: 2s - batch_cost: 0.0416 - reader cost: 5.2756e-04
131/177 [=====================>........] - ETA: 1s - batch_cost: 0.0417 - reader cost: 5.1950e-04
133/177 [=====================>........] - ETA: 1s - batch_cost: 0.0417 - reader cost: 5.1169e-04
135/177 [=====================>........] - ETA: 1s - batch_cost: 0.0416 - reader cost: 5.0411e-04
137/177 [======================>.......] - ETA: 1s - batch_cost: 0.0417 - reader cost: 5.0405e-04
139/177 [======================>.......] - ETA: 1s - batch_cost: 0.0416 - reader cost: 4.9680e-04
141/177 [======================>.......] - ETA: 1s - batch_cost: 0.0416 - reader cost: 4.8975e-04
143/177 [=======================>......] - ETA: 1s - batch_cost: 0.0416 - reader cost: 4.8290e-04
145/177 [=======================>......] - ETA: 1s - batch_cost: 0.0416 - reader cost: 4.7624e-04
147/177 [=======================>......] - ETA: 1s - batch_cost: 0.0417 - reader cost: 4.6976e-04
149/177 [========================>.....] - ETA: 1s - batch_cost: 0.0416 - reader cost: 4.6345e-04
151/177 [========================>.....] - ETA: 1s - batch_cost: 0.0416 - reader cost: 4.5732e-04
153/177 [========================>.....] - ETA: 1s - batch_cost: 0.0416 - reader cost: 4.5134e-04
155/177 [=========================>....] - ETA: 0s - batch_cost: 0.0416 - reader cost: 4.4551e-04
157/177 [=========================>....] - ETA: 0s - batch_cost: 0.0416 - reader cost: 4.3984e-04
159/177 [=========================>....] - ETA: 0s - batch_cost: 0.0416 - reader cost: 4.3431e-04
161/177 [==========================>...] - ETA: 0s - batch_cost: 0.0416 - reader cost: 4.2891e-04
163/177 [==========================>...] - ETA: 0s - batch_cost: 0.0416 - reader cost: 4.2365e-04
165/177 [==========================>...] - ETA: 0s - batch_cost: 0.0416 - reader cost: 4.1851e-04
167/177 [===========================>..] - ETA: 0s - batch_cost: 0.0416 - reader cost: 4.1350e-04
169/177 [===========================>..] - ETA: 0s - batch_cost: 0.0416 - reader cost: 4.0861e-04
171/177 [===========================>..] - ETA: 0s - batch_cost: 0.0416 - reader cost: 4.0383e-04
173/177 [============================>.] - ETA: 0s - batch_cost: 0.0416 - reader cost: 4.0493e-04
175/177 [============================>.] - ETA: 0s - batch_cost: 0.0416 - reader cost: 4.0030e-04
177/177 [==============================] - 7s 42ms/step - batch_cost: 0.0416 - reader cost: 3.9578e-04
[2026/10/07 00:49:31] INFO: [EVAL] #Images: 177 mIoU: 0.8652 Acc: 0.9900 Kappa: 0.8458 Dice: 0.9229
[2026/10/07 00:49:31] INFO: [EVAL] Class IoU: 
[0.9897 0.7406]
[2026/10/07 00:49:31] INFO: [EVAL] Class Precision: 
[0.9965 0.8124]
[2026/10/07 00:49:31] INFO: [EVAL] Class Recall: 
[0.9932 0.8934]
[2026/10/07 00:49:31] INFO: [EVAL] The model with the best validation mIoU (0.8660) was saved at iter 8000.
[2026/10/07 00:49:31] INFO: [EVAL] The EMA model with the best validation mIoU (0.8652) was saved at iter 8000.
[2026/10/07 00:49:32] INFO: [TRAIN] epoch: 23, iter: 8010/18000, loss: 0.0403, lr: 0.000033, batch_cost: 0.0489, reader_cost: 0.00020, ips: 81.7992 samples/sec, max_mem_reserved: 1731 MB, max_mem_allocated: 1081 MB | ETA 00:08:08
[2026/10/07 00:49:33] INFO: [TRAIN] epoch: 23, iter: 8020/18000, loss: 0.0379, lr: 0.000033, batch_cost: 0.0781, reader_cost: 0.03011, ips: 51.2348 samples/sec, max_mem_reserved: 1731 MB, max_mem_allocated: 1081 MB | ETA 00:12:59
[2026/10/07 00:49:34] INFO: [TRAIN] epoch: 23, iter: 8030/18000, loss: 0.0355, lr: 0.000033, batch_cost: 0.0855, reader_cost: 0.03831, ips: 46.8082 samples/sec, max_mem_reserved: 1731 MB, max_mem_allocated: 1081 MB | ETA 00:14:11
[2026/10/07 00:49:35] INFO: [TRAIN] epoch: 23, iter: 8040/18000, loss: 0.0330, lr: 0.000033, batch_cost: 0.0841, reader_cost: 0.03709, ips: 47.5470 samples/sec, max_mem_reserved: 1731 MB, max_mem_allocated: 1081 MB | ETA 00:13:57
[2026/10/07 00:49:36] INFO: [TRAIN] epoch: 23, iter: 8050/18000, loss: 0.0477, lr: 0.000033, batch_cost: 0.0837, reader_cost: 0.03655, ips: 47.7736 samples/sec, max_mem_reserved: 1731 MB, max_mem_allocated: 1081 MB | ETA 00:13:53
[2026/10/07 00:49:37] INFO: [TRAIN] epoch: 24, iter: 8060/18000, loss: 0.0353, lr: 0.000033, batch_cost: 0.0863, reader_cost: 0.03711, ips: 46.3715 samples/sec, max_mem_reserved: 1731 MB, max_mem_allocated: 1081 MB | ETA 00:14:17
[2026/10/07 00:49:38] INFO: [TRAIN] epoch: 24, iter: 8070/18000, loss: 0.0282, lr: 0.000033, batch_cost: 0.0797, reader_cost: 0.03274, ips: 50.2050 samples/sec, max_mem_reserved: 1731 MB, max_mem_allocated: 1081 MB | ETA 00:13:11
[2026/10/07 00:49:39] INFO: [TRAIN] epoch: 24, iter: 8080/18000, loss: 0.0322, lr: 0.000033, batch_cost: 0.0859, reader_cost: 0.03731, ips: 46.5746 samples/sec, max_mem_reserved: 1731 MB, max_mem_allocated: 1081 MB | ETA 00:14:11
[2026/10/07 00:49:40] INFO: [TRAIN] epoch: 24, iter: 8090/18000, loss: 0.0302, lr: 0.000033, batch_cost: 0.0887, reader_cost: 0.04161, ips: 45.1120 samples/sec, max_mem_reserved: 1731 MB, max_mem_allocated: 1081 MB | ETA 00:14:38
[2026/10/07 00:49:41] INFO: [TRAIN] epoch: 24, iter: 8100/18000, loss: 0.0326, lr: 0.000033, batch_cost: 0.0839, reader_cost: 0.03577, ips: 47.6798 samples/sec, max_mem_reserved: 1731 MB, max_mem_allocated: 1081 MB | ETA 00:13:50
[2026/10/07 00:49:42] INFO: [TRAIN] epoch: 24, iter: 8110/18000, loss: 0.0326, lr: 0.000033, batch_cost: 0.0806, reader_cost: 0.03231, ips: 49.6457 samples/sec, max_mem_reserved: 1731 MB, max_mem_allocated: 1081 MB | ETA 00:13:16
[2026/10/07 00:49:42] INFO: [TRAIN] epoch: 24, iter: 8120/18000, loss: 0.0330, lr: 0.000033, batch_cost: 0.0834, reader_cost: 0.03365, ips: 47.9434 samples/sec, max_mem_reserved: 1731 MB, max_mem_allocated: 1081 MB | ETA 00:13:44
[2026/10/07 00:49:43] INFO: [TRAIN] epoch: 24, iter: 8130/18000, loss: 0.0348, lr: 0.000033, batch_cost: 0.0807, reader_cost: 0.03315, ips: 49.5915 samples/sec, max_mem_reserved: 1731 MB, max_mem_allocated: 1081 MB | ETA 00:13:16
[2026/10/07 00:49:44] INFO: [TRAIN] epoch: 24, iter: 8140/18000, loss: 0.0369, lr: 0.000033, batch_cost: 0.0839, reader_cost: 0.03710, ips: 47.6491 samples/sec, max_mem_reserved: 1731 MB, max_mem_allocated: 1081 MB | ETA 00:13:47
[2026/10/07 00:49:45] INFO: [TRAIN] epoch: 24, iter: 8150/18000, loss: 0.0350, lr: 0.000033, batch_cost: 0.0855, reader_cost: 0.03774, ips: 46.7698 samples/sec, max_mem_reserved: 1731 MB, max_mem_allocated: 1081 MB | ETA 00:14:02
[2026/10/07 00:49:46] INFO: [TRAIN] epoch: 24, iter: 8160/18000, loss: 0.0357, lr: 0.000033, batch_cost: 0.0800, reader_cost: 0.03248, ips: 49.9769 samples/sec, max_mem_reserved: 1731 MB, max_mem_allocated: 1081 MB | ETA 00:13:07
[2026/10/07 00:49:47] INFO: [TRAIN] epoch: 24, iter: 8170/18000, loss: 0.0338, lr: 0.000033, batch_cost: 0.0831, reader_cost: 0.03427, ips: 48.1289 samples/sec, max_mem_reserved: 1731 MB, max_mem_allocated: 1081 MB | ETA 00:13:36
[2026/10/07 00:49:48] INFO: [TRAIN] epoch: 24, iter: 8180/18000, loss: 0.0292, lr: 0.000033, batch_cost: 0.0842, reader_cost: 0.03733, ips: 47.5233 samples/sec, max_mem_reserved: 1731 MB, max_mem_allocated: 1081 MB | ETA 00:13:46
[2026/10/07 00:49:49] INFO: [TRAIN] epoch: 24, iter: 8190/18000, loss: 0.0315, lr: 0.000033, batch_cost: 0.0839, reader_cost: 0.03580, ips: 47.6996 samples/sec, max_mem_reserved: 1731 MB, max_mem_allocated: 1081 MB | ETA 00:13:42
[2026/10/07 00:49:50] INFO: [TRAIN] epoch: 24, iter: 8200/18000, loss: 0.0393, lr: 0.000033, batch_cost: 0.0820, reader_cost: 0.03418, ips: 48.7868 samples/sec, max_mem_reserved: 1731 MB, max_mem_allocated: 1081 MB | ETA 00:13:23
[2026/10/07 00:49:51] INFO: [TRAIN] epoch: 24, iter: 8210/18000, loss: 0.0319, lr: 0.000033, batch_cost: 0.0842, reader_cost: 0.03822, ips: 47.4779 samples/sec, max_mem_reserved: 1731 MB, max_mem_allocated: 1081 MB | ETA 00:13:44
[2026/10/07 00:49:52] INFO: [TRAIN] epoch: 24, iter: 8220/18000, loss: 0.0342, lr: 0.000033, batch_cost: 0.0840, reader_cost: 0.03723, ips: 47.6251 samples/sec, max_mem_reserved: 1731 MB, max_mem_allocated: 1081 MB | ETA 00:13:41
[2026/10/07 00:49:53] INFO: [TRAIN] epoch: 24, iter: 8230/18000, loss: 0.0280, lr: 0.000033, batch_cost: 0.0861, reader_cost: 0.04053, ips: 46.4688 samples/sec, max_mem_reserved: 1731 MB, max_mem_allocated: 1081 MB | ETA 00:14:00
[2026/10/07 00:49:54] INFO: [TRAIN] epoch: 24, iter: 8240/18000, loss: 0.0395, lr: 0.000033, batch_cost: 0.0889, reader_cost: 0.04130, ips: 44.9719 samples/sec, max_mem_reserved: 1731 MB, max_mem_allocated: 1081 MB | ETA 00:14:28
[2026/10/07 00:49:55] INFO: [TRAIN] epoch: 24, iter: 8250/18000, loss: 0.0333, lr: 0.000033, batch_cost: 0.0863, reader_cost: 0.03666, ips: 46.3426 samples/sec, max_mem_reserved: 1731 MB, max_mem_allocated: 1081 MB | ETA 00:14:01
[2026/10/07 00:49:56] INFO: [TRAIN] epoch: 24, iter: 8260/18000, loss: 0.0461, lr: 0.000032, batch_cost: 0.0852, reader_cost: 0.03672, ips: 46.9733 samples/sec, max_mem_reserved: 1731 MB, max_mem_allocated: 1081 MB | ETA 00:13:49
[2026/10/07 00:49:57] INFO: [TRAIN] epoch: 24, iter: 8270/18000, loss: 0.0376, lr: 0.000032, batch_cost: 0.0858, reader_cost: 0.03741, ips: 46.6137 samples/sec, max_mem_reserved: 1731 MB, max_mem_allocated: 1081 MB | ETA 00:13:54
[2026/10/07 00:49:58] INFO: [TRAIN] epoch: 24, iter: 8280/18000, loss: 0.0409, lr: 0.000032, batch_cost: 0.0832, reader_cost: 0.03610, ips: 48.0583 samples/sec, max_mem_reserved: 1731 MB, max_mem_allocated: 1081 MB | ETA 00:13:29
[2026/10/07 00:49:59] INFO: [TRAIN] epoch: 24, iter: 8290/18000, loss: 0.0361, lr: 0.000032, batch_cost: 0.0822, reader_cost: 0.03516, ips: 48.6765 samples/sec, max_mem_reserved: 1731 MB, max_mem_allocated: 1081 MB | ETA 00:13:17
[2026/10/07 00:50:00] INFO: [TRAIN] epoch: 24, iter: 8300/18000, loss: 0.0362, lr: 0.000032, batch_cost: 0.0912, reader_cost: 0.04210, ips: 43.8367 samples/sec, max_mem_reserved: 1731 MB, max_mem_allocated: 1081 MB | ETA 00:14:45
[2026/10/07 00:50:01] INFO: [TRAIN] epoch: 24, iter: 8310/18000, loss: 0.0404, lr: 0.000032, batch_cost: 0.0786, reader_cost: 0.02997, ips: 50.8966 samples/sec, max_mem_reserved: 1731 MB, max_mem_allocated: 1081 MB | ETA 00:12:41
[2026/10/07 00:50:02] INFO: [TRAIN] epoch: 24, iter: 8320/18000, loss: 0.0360, lr: 0.000032, batch_cost: 0.0816, reader_cost: 0.03407, ips: 48.9992 samples/sec, max_mem_reserved: 1731 MB, max_mem_allocated: 1081 MB | ETA 00:13:10
[2026/10/07 00:50:03] INFO: [TRAIN] epoch: 24, iter: 8330/18000, loss: 0.0359, lr: 0.000032, batch_cost: 0.0846, reader_cost: 0.03754, ips: 47.3024 samples/sec, max_mem_reserved: 1731 MB, max_mem_allocated: 1081 MB | ETA 00:13:37
[2026/10/07 00:50:04] INFO: [TRAIN] epoch: 24, iter: 8340/18000, loss: 0.0365, lr: 0.000032, batch_cost: 0.0845, reader_cost: 0.03806, ips: 47.3573 samples/sec, max_mem_reserved: 1731 MB, max_mem_allocated: 1081 MB | ETA 00:13:35
[2026/10/07 00:50:05] INFO: [TRAIN] epoch: 24, iter: 8350/18000, loss: 0.0366, lr: 0.000032, batch_cost: 0.0851, reader_cost: 0.03610, ips: 47.0199 samples/sec, max_mem_reserved: 1731 MB, max_mem_allocated: 1081 MB | ETA 00:13:40
[2026/10/07 00:50:06] INFO: [TRAIN] epoch: 24, iter: 8360/18000, loss: 0.0292, lr: 0.000032, batch_cost: 0.0866, reader_cost: 0.03942, ips: 46.1903 samples/sec, max_mem_reserved: 1731 MB, max_mem_allocated: 1081 MB | ETA 00:13:54
[2026/10/07 00:50:07] INFO: [TRAIN] epoch: 24, iter: 8370/18000, loss: 0.0362, lr: 0.000032, batch_cost: 0.0865, reader_cost: 0.03932, ips: 46.2256 samples/sec, max_mem_reserved: 1731 MB, max_mem_allocated: 1081 MB | ETA 00:13:53
[2026/10/07 00:50:08] INFO: [TRAIN] epoch: 24, iter: 8380/18000, loss: 0.0242, lr: 0.000032, batch_cost: 0.0826, reader_cost: 0.03484, ips: 48.4215 samples/sec, max_mem_reserved: 1731 MB, max_mem_allocated: 1081 MB | ETA 00:13:14
[2026/10/07 00:50:08] INFO: [TRAIN] epoch: 24, iter: 8390/18000, loss: 0.0316, lr: 0.000032, batch_cost: 0.0808, reader_cost: 0.03232, ips: 49.5235 samples/sec, max_mem_reserved: 1731 MB, max_mem_allocated: 1081 MB | ETA 00:12:56
[2026/10/07 00:50:09] INFO: [TRAIN] epoch: 24, iter: 8400/18000, loss: 0.0340, lr: 0.000032, batch_cost: 0.0849, reader_cost: 0.03671, ips: 47.0893 samples/sec, max_mem_reserved: 1731 MB, max_mem_allocated: 1081 MB | ETA 00:13:35
[2026/10/07 00:50:10] INFO: [TRAIN] epoch: 25, iter: 8410/18000, loss: 0.0233, lr: 0.000032, batch_cost: 0.0867, reader_cost: 0.03859, ips: 46.1184 samples/sec, max_mem_reserved: 1731 MB, max_mem_allocated: 1081 MB | ETA 00:13:51
[2026/10/07 00:50:11] INFO: [TRAIN] epoch: 25, iter: 8420/18000, loss: 0.0396, lr: 0.000032, batch_cost: 0.0822, reader_cost: 0.03571, ips: 48.6474 samples/sec, max_mem_reserved: 1731 MB, max_mem_allocated: 1081 MB | ETA 00:13:07
[2026/10/07 00:50:12] INFO: [TRAIN] epoch: 25, iter: 8430/18000, loss: 0.0342, lr: 0.000032, batch_cost: 0.0842, reader_cost: 0.03755, ips: 47.5019 samples/sec, max_mem_reserved: 1731 MB, max_mem_allocated: 1081 MB | ETA 00:13:25
[2026/10/07 00:50:13] INFO: [TRAIN] epoch: 25, iter: 8440/18000, loss: 0.0312, lr: 0.000032, batch_cost: 0.0823, reader_cost: 0.03406, ips: 48.5867 samples/sec, max_mem_reserved: 1731 MB, max_mem_allocated: 1081 MB | ETA 00:13:07
[2026/10/07 00:50:14] INFO: [TRAIN] epoch: 25, iter: 8450/18000, loss: 0.0320, lr: 0.000032, batch_cost: 0.0880, reader_cost: 0.03964, ips: 45.4670 samples/sec, max_mem_reserved: 1731 MB, max_mem_allocated: 1081 MB | ETA 00:14:00
[2026/10/07 00:50:15] INFO: [TRAIN] epoch: 25, iter: 8460/18000, loss: 0.0238, lr: 0.000032, batch_cost: 0.0825, reader_cost: 0.03557, ips: 48.4651 samples/sec, max_mem_reserved: 1731 MB, max_mem_allocated: 1081 MB | ETA 00:13:07
[2026/10/07 00:50:16] INFO: [TRAIN] epoch: 25, iter: 8470/18000, loss: 0.0288, lr: 0.000032, batch_cost: 0.0830, reader_cost: 0.03516, ips: 48.1978 samples/sec, max_mem_reserved: 1731 MB, max_mem_allocated: 1081 MB | ETA 00:13:10
[2026/10/07 00:50:17] INFO: [TRAIN] epoch: 25, iter: 8480/18000, loss: 0.0377, lr: 0.000032, batch_cost: 0.0830, reader_cost: 0.03571, ips: 48.2025 samples/sec, max_mem_reserved: 1731 MB, max_mem_allocated: 1081 MB | ETA 00:13:10
[2026/10/07 00:50:18] INFO: [TRAIN] epoch: 25, iter: 8490/18000, loss: 0.0251, lr: 0.000032, batch_cost: 0.0782, reader_cost: 0.03063, ips: 51.1760 samples/sec, max_mem_reserved: 1731 MB, max_mem_allocated: 1081 MB | ETA 00:12:23
[2026/10/07 00:50:19] INFO: [TRAIN] epoch: 25, iter: 8500/18000, loss: 0.0339, lr: 0.000032, batch_cost: 0.0809, reader_cost: 0.03393, ips: 49.4264 samples/sec, max_mem_reserved: 1731 MB, max_mem_allocated: 1081 MB | ETA 00:12:48
[2026/10/07 00:50:20] INFO: [TRAIN] epoch: 25, iter: 8510/18000, loss: 0.0297, lr: 0.000032, batch_cost: 0.0831, reader_cost: 0.03475, ips: 48.1314 samples/sec, max_mem_reserved: 1731 MB, max_mem_allocated: 1081 MB | ETA 00:13:08
[2026/10/07 00:50:21] INFO: [TRAIN] epoch: 25, iter: 8520/18000, loss: 0.0324, lr: 0.000032, batch_cost: 0.0825, reader_cost: 0.03470, ips: 48.4892 samples/sec, max_mem_reserved: 1731 MB, max_mem_allocated: 1081 MB | ETA 00:13:02
[2026/10/07 00:50:22] INFO: [TRAIN] epoch: 25, iter: 8530/18000, loss: 0.0325, lr: 0.000032, batch_cost: 0.0837, reader_cost: 0.03535, ips: 47.7924 samples/sec, max_mem_reserved: 1731 MB, max_mem_allocated: 1081 MB | ETA 00:13:12
[2026/10/07 00:50:23] INFO: [TRAIN] epoch: 25, iter: 8540/18000, loss: 0.0387, lr: 0.000032, batch_cost: 0.0828, reader_cost: 0.03619, ips: 48.3167 samples/sec, max_mem_reserved: 1731 MB, max_mem_allocated: 1081 MB | ETA 00:13:03
[2026/10/07 00:50:24] INFO: [TRAIN] epoch: 25, iter: 8550/18000, loss: 0.0269, lr: 0.000032, batch_cost: 0.0856, reader_cost: 0.03854, ips: 46.7251 samples/sec, max_mem_reserved: 1731 MB, max_mem_allocated: 1081 MB | ETA 00:13:28
[2026/10/07 00:50:25] INFO: [TRAIN] epoch: 25, iter: 8560/18000, loss: 0.0318, lr: 0.000031, batch_cost: 0.0834, reader_cost: 0.03564, ips: 47.9779 samples/sec, max_mem_reserved: 1731 MB, max_mem_allocated: 1081 MB | ETA 00:13:07
[2026/10/07 00:50:26] INFO: [TRAIN] epoch: 25, iter: 8570/18000, loss: 0.0378, lr: 0.000031, batch_cost: 0.0826, reader_cost: 0.03444, ips: 48.4119 samples/sec, max_mem_reserved: 1731 MB, max_mem_allocated: 1081 MB | ETA 00:12:59
[2026/10/07 00:50:27] INFO: [TRAIN] epoch: 25, iter: 8580/18000, loss: 0.0262, lr: 0.000031, batch_cost: 0.0833, reader_cost: 0.03667, ips: 48.0263 samples/sec, max_mem_reserved: 1731 MB, max_mem_allocated: 1081 MB | ETA 00:13:04
[2026/10/07 00:50:28] INFO: [TRAIN] epoch: 25, iter: 8590/18000, loss: 0.0398, lr: 0.000031, batch_cost: 0.0846, reader_cost: 0.03436, ips: 47.2814 samples/sec, max_mem_reserved: 1731 MB, max_mem_allocated: 1081 MB | ETA 00:13:16
[2026/10/07 00:50:28] INFO: [TRAIN] epoch: 25, iter: 8600/18000, loss: 0.0369, lr: 0.000031, batch_cost: 0.0838, reader_cost: 0.03614, ips: 47.7477 samples/sec, max_mem_reserved: 1731 MB, max_mem_allocated: 1081 MB | ETA 00:13:07
[2026/10/07 00:50:29] INFO: [TRAIN] epoch: 25, iter: 8610/18000, loss: 0.0299, lr: 0.000031, batch_cost: 0.0836, reader_cost: 0.03564, ips: 47.8618 samples/sec, max_mem_reserved: 1731 MB, max_mem_allocated: 1081 MB | ETA 00:13:04
[2026/10/07 00:50:30] INFO: [TRAIN] epoch: 25, iter: 8620/18000, loss: 0.0380, lr: 0.000031, batch_cost: 0.0777, reader_cost: 0.02885, ips: 51.4677 samples/sec, max_mem_reserved: 1731 MB, max_mem_allocated: 1081 MB | ETA 00:12:09
[2026/10/07 00:50:31] INFO: [TRAIN] epoch: 25, iter: 8630/18000, loss: 0.0392, lr: 0.000031, batch_cost: 0.0840, reader_cost: 0.03526, ips: 47.6070 samples/sec, max_mem_reserved: 1731 MB, max_mem_allocated: 1081 MB | ETA 00:13:07
[2026/10/07 00:50:32] INFO: [TRAIN] epoch: 25, iter: 8640/18000, loss: 0.0318, lr: 0.000031, batch_cost: 0.0793, reader_cost: 0.03178, ips: 50.4385 samples/sec, max_mem_reserved: 1731 MB, max_mem_allocated: 1081 MB | ETA 00:12:22
[2026/10/07 00:50:33] INFO: [TRAIN] epoch: 25, iter: 8650/18000, loss: 0.0295, lr: 0.000031, batch_cost: 0.0803, reader_cost: 0.03176, ips: 49.8190 samples/sec, max_mem_reserved: 1731 MB, max_mem_allocated: 1081 MB | ETA 00:12:30
[2026/10/07 00:50:34] INFO: [TRAIN] epoch: 25, iter: 8660/18000, loss: 0.0371, lr: 0.000031, batch_cost: 0.0836, reader_cost: 0.03546, ips: 47.8736 samples/sec, max_mem_reserved: 1731 MB, max_mem_allocated: 1081 MB | ETA 00:13:00
[2026/10/07 00:50:35] INFO: [TRAIN] epoch: 25, iter: 8670/18000, loss: 0.0473, lr: 0.000031, batch_cost: 0.0835, reader_cost: 0.03453, ips: 47.9033 samples/sec, max_mem_reserved: 1731 MB, max_mem_allocated: 1081 MB | ETA 00:12:59
[2026/10/07 00:50:36] INFO: [TRAIN] epoch: 25, iter: 8680/18000, loss: 0.0312, lr: 0.000031, batch_cost: 0.0776, reader_cost: 0.02927, ips: 51.5484 samples/sec, max_mem_reserved: 1731 MB, max_mem_allocated: 1081 MB | ETA 00:12:03
[2026/10/07 00:50:37] INFO: [TRAIN] epoch: 25, iter: 8690/18000, loss: 0.0421, lr: 0.000031, batch_cost: 0.0819, reader_cost: 0.03273, ips: 48.8147 samples/sec, max_mem_reserved: 1731 MB, max_mem_allocated: 1081 MB | ETA 00:12:42
[2026/10/07 00:50:38] INFO: [TRAIN] epoch: 25, iter: 8700/18000, loss: 0.0361, lr: 0.000031, batch_cost: 0.0840, reader_cost: 0.03420, ips: 47.6092 samples/sec, max_mem_reserved: 1731 MB, max_mem_allocated: 1081 MB | ETA 00:13:01
[2026/10/07 00:50:39] INFO: [TRAIN] epoch: 25, iter: 8710/18000, loss: 0.0294, lr: 0.000031, batch_cost: 0.0814, reader_cost: 0.03310, ips: 49.1322 samples/sec, max_mem_reserved: 1731 MB, max_mem_allocated: 1081 MB | ETA 00:12:36
[2026/10/07 00:50:40] INFO: [TRAIN] epoch: 25, iter: 8720/18000, loss: 0.0356, lr: 0.000031, batch_cost: 0.0823, reader_cost: 0.03292, ips: 48.6049 samples/sec, max_mem_reserved: 1731 MB, max_mem_allocated: 1081 MB | ETA 00:12:43
[2026/10/07 00:50:41] INFO: [TRAIN] epoch: 25, iter: 8730/18000, loss: 0.0381, lr: 0.000031, batch_cost: 0.0809, reader_cost: 0.03264, ips: 49.4672 samples/sec, max_mem_reserved: 1731 MB, max_mem_allocated: 1081 MB | ETA 00:12:29
[2026/10/07 00:50:42] INFO: [TRAIN] epoch: 25, iter: 8740/18000, loss: 0.0309, lr: 0.000031, batch_cost: 0.0797, reader_cost: 0.03012, ips: 50.2023 samples/sec, max_mem_reserved: 1731 MB, max_mem_allocated: 1081 MB | ETA 00:12:17
[2026/10/07 00:50:43] INFO: [TRAIN] epoch: 25, iter: 8750/18000, loss: 0.0375, lr: 0.000031, batch_cost: 0.0757, reader_cost: 0.02710, ips: 52.8689 samples/sec, max_mem_reserved: 1731 MB, max_mem_allocated: 1081 MB | ETA 00:11:39
[2026/10/07 00:50:44] INFO: [TRAIN] epoch: 26, iter: 8760/18000, loss: 0.0381, lr: 0.000031, batch_cost: 0.0866, reader_cost: 0.03731, ips: 46.1905 samples/sec, max_mem_reserved: 1731 MB, max_mem_allocated: 1081 MB | ETA 00:13:20
[2026/10/07 00:50:44] INFO: [TRAIN] epoch: 26, iter: 8770/18000, loss: 0.0320, lr: 0.000031, batch_cost: 0.0792, reader_cost: 0.03017, ips: 50.4874 samples/sec, max_mem_reserved: 1731 MB, max_mem_allocated: 1081 MB | ETA 00:12:11
[2026/10/07 00:50:45] INFO: [TRAIN] epoch: 26, iter: 8780/18000, loss: 0.0399, lr: 0.000031, batch_cost: 0.0802, reader_cost: 0.03179, ips: 49.9053 samples/sec, max_mem_reserved: 1731 MB, max_mem_allocated: 1081 MB | ETA 00:12:18
[2026/10/07 00:50:46] INFO: [TRAIN] epoch: 26, iter: 8790/18000, loss: 0.0454, lr: 0.000031, batch_cost: 0.0845, reader_cost: 0.03599, ips: 47.3577 samples/sec, max_mem_reserved: 1731 MB, max_mem_allocated: 1081 MB | ETA 00:12:57
[2026/10/07 00:50:47] INFO: [TRAIN] epoch: 26, iter: 8800/18000, loss: 0.0312, lr: 0.000031, batch_cost: 0.0847, reader_cost: 0.03436, ips: 47.2073 samples/sec, max_mem_reserved: 1731 MB, max_mem_allocated: 1081 MB | ETA 00:12:59
[2026/10/07 00:50:48] INFO: [TRAIN] epoch: 26, iter: 8810/18000, loss: 0.0386, lr: 0.000031, batch_cost: 0.0857, reader_cost: 0.03624, ips: 46.7009 samples/sec, max_mem_reserved: 1731 MB, max_mem_allocated: 1081 MB | ETA 00:13:07
[2026/10/07 00:50:49] INFO: [TRAIN] epoch: 26, iter: 8820/18000, loss: 0.0395, lr: 0.000031, batch_cost: 0.0852, reader_cost: 0.03839, ips: 46.9605 samples/sec, max_mem_reserved: 1731 MB, max_mem_allocated: 1081 MB | ETA 00:13:01
[2026/10/07 00:50:50] INFO: [TRAIN] epoch: 26, iter: 8830/18000, loss: 0.0350, lr: 0.000031, batch_cost: 0.0833, reader_cost: 0.03382, ips: 48.0189 samples/sec, max_mem_reserved: 1731 MB, max_mem_allocated: 1081 MB | ETA 00:12:43
[2026/10/07 00:50:51] INFO: [TRAIN] epoch: 26, iter: 8840/18000, loss: 0.0327, lr: 0.000031, batch_cost: 0.0833, reader_cost: 0.03550, ips: 48.0248 samples/sec, max_mem_reserved: 1731 MB, max_mem_allocated: 1081 MB | ETA 00:12:42
[2026/10/07 00:50:52] INFO: [TRAIN] epoch: 26, iter: 8850/18000, loss: 0.0355, lr: 0.000031, batch_cost: 0.0821, reader_cost: 0.03476, ips: 48.7156 samples/sec, max_mem_reserved: 1731 MB, max_mem_allocated: 1081 MB | ETA 00:12:31
[2026/10/07 00:50:53] INFO: [TRAIN] epoch: 26, iter: 8860/18000, loss: 0.0251, lr: 0.000030, batch_cost: 0.0853, reader_cost: 0.03775, ips: 46.8798 samples/sec, max_mem_reserved: 1731 MB, max_mem_allocated: 1081 MB | ETA 00:12:59
[2026/10/07 00:50:54] INFO: [TRAIN] epoch: 26, iter: 8870/18000, loss: 0.0321, lr: 0.000030, batch_cost: 0.0826, reader_cost: 0.03530, ips: 48.4210 samples/sec, max_mem_reserved: 1731 MB, max_mem_allocated: 1081 MB | ETA 00:12:34
[2026/10/07 00:50:55] INFO: [TRAIN] epoch: 26, iter: 8880/18000, loss: 0.0325, lr: 0.000030, batch_cost: 0.0803, reader_cost: 0.03330, ips: 49.8000 samples/sec, max_mem_reserved: 1731 MB, max_mem_allocated: 1081 MB | ETA 00:12:12
[2026/10/07 00:50:56] INFO: [TRAIN] epoch: 26, iter: 8890/18000, loss: 0.0400, lr: 0.000030, batch_cost: 0.0851, reader_cost: 0.03808, ips: 46.9978 samples/sec, max_mem_reserved: 1731 MB, max_mem_allocated: 1081 MB | ETA 00:12:55
[2026/10/07 00:50:57] INFO: [TRAIN] epoch: 26, iter: 8900/18000, loss: 0.0343, lr: 0.000030, batch_cost: 0.0843, reader_cost: 0.03480, ips: 47.4515 samples/sec, max_mem_reserved: 1731 MB, max_mem_allocated: 1081 MB | ETA 00:12:47
[2026/10/07 00:50:58] INFO: [TRAIN] epoch: 26, iter: 8910/18000, loss: 0.0397, lr: 0.000030, batch_cost: 0.0808, reader_cost: 0.03302, ips: 49.5126 samples/sec, max_mem_reserved: 1731 MB, max_mem_allocated: 1081 MB | ETA 00:12:14
[2026/10/07 00:50:59] INFO: [TRAIN] epoch: 26, iter: 8920/18000, loss: 0.0332, lr: 0.000030, batch_cost: 0.0830, reader_cost: 0.03592, ips: 48.1798 samples/sec, max_mem_reserved: 1731 MB, max_mem_allocated: 1081 MB | ETA 00:12:33
[2026/10/07 00:51:00] INFO: [TRAIN] epoch: 26, iter: 8930/18000, loss: 0.0311, lr: 0.000030, batch_cost: 0.0793, reader_cost: 0.03167, ips: 50.4192 samples/sec, max_mem_reserved: 1731 MB, max_mem_allocated: 1081 MB | ETA 00:11:59
[2026/10/07 00:51:01] INFO: [TRAIN] epoch: 26, iter: 8940/18000, loss: 0.0332, lr: 0.000030, batch_cost: 0.0849, reader_cost: 0.03725, ips: 47.1355 samples/sec, max_mem_reserved: 1731 MB, max_mem_allocated: 1081 MB | ETA 00:12:48
[2026/10/07 00:51:02] INFO: [TRAIN] epoch: 26, iter: 8950/18000, loss: 0.0280, lr: 0.000030, batch_cost: 0.0896, reader_cost: 0.04128, ips: 44.6621 samples/sec, max_mem_reserved: 1731 MB, max_mem_allocated: 1081 MB | ETA 00:13:30
[2026/10/07 00:51:03] INFO: [TRAIN] epoch: 26, iter: 8960/18000, loss: 0.0356, lr: 0.000030, batch_cost: 0.0861, reader_cost: 0.04011, ips: 46.4637 samples/sec, max_mem_reserved: 1731 MB, max_mem_allocated: 1081 MB | ETA 00:12:58
[2026/10/07 00:51:03] INFO: [TRAIN] epoch: 26, iter: 8970/18000, loss: 0.0349, lr: 0.000030, batch_cost: 0.0821, reader_cost: 0.03442, ips: 48.7085 samples/sec, max_mem_reserved: 1731 MB, max_mem_allocated: 1081 MB | ETA 00:12:21
[2026/10/07 00:51:04] INFO: [TRAIN] epoch: 26, iter: 8980/18000, loss: 0.0365, lr: 0.000030, batch_cost: 0.0852, reader_cost: 0.03828, ips: 46.9627 samples/sec, max_mem_reserved: 1731 MB, max_mem_allocated: 1081 MB | ETA 00:12:48
[2026/10/07 00:51:05] INFO: [TRAIN] epoch: 26, iter: 8990/18000, loss: 0.0310, lr: 0.000030, batch_cost: 0.0849, reader_cost: 0.03789, ips: 47.0945 samples/sec, max_mem_reserved: 1731 MB, max_mem_allocated: 1081 MB | ETA 00:12:45
[2026/10/07 00:51:06] INFO: [TRAIN] epoch: 26, iter: 9000/18000, loss: 0.0342, lr: 0.000030, batch_cost: 0.0856, reader_cost: 0.03770, ips: 46.7516 samples/sec, max_mem_reserved: 1731 MB, max_mem_allocated: 1081 MB | ETA 00:12:50
[2026/10/07 00:51:06] INFO: Start evaluating (total_samples: 177, total_iters: 177)...

  1/177 [..............................] - ETA: 10s - batch_cost: 0.0587 - reader cost: 0.0386
  3/177 [..............................] - ETA: 8s - batch_cost: 0.0474 - reader cost: 0.0312 
  5/177 [..............................] - ETA: 7s - batch_cost: 0.0451 - reader cost: 0.0286
  7/177 [>.............................] - ETA: 7s - batch_cost: 0.0454 - reader cost: 0.0255
  9/177 [>.............................] - ETA: 7s - batch_cost: 0.0446 - reader cost: 0.0206
 11/177 [>.............................] - ETA: 7s - batch_cost: 0.0441 - reader cost: 0.0169
 13/177 [=>............................] - ETA: 7s - batch_cost: 0.0435 - reader cost: 0.0143
 15/177 [=>............................] - ETA: 7s - batch_cost: 0.0437 - reader cost: 0.0124
 17/177 [=>............................] - ETA: 6s - batch_cost: 0.0435 - reader cost: 0.0109
 19/177 [==>...........................] - ETA: 6s - batch_cost: 0.0432 - reader cost: 0.0098
 21/177 [==>...........................] - ETA: 6s - batch_cost: 0.0431 - reader cost: 0.0088
 23/177 [==>...........................] - ETA: 6s - batch_cost: 0.0429 - reader cost: 0.0081
 25/177 [===>..........................] - ETA: 6s - batch_cost: 0.0428 - reader cost: 0.0074
 27/177 [===>..........................] - ETA: 6s - batch_cost: 0.0427 - reader cost: 0.0069
 29/177 [===>..........................] - ETA: 6s - batch_cost: 0.0426 - reader cost: 0.0064
 31/177 [====>.........................] - ETA: 6s - batch_cost: 0.0426 - reader cost: 0.0060
 33/177 [====>.........................] - ETA: 6s - batch_cost: 0.0425 - reader cost: 0.0056
 35/177 [====>.........................] - ETA: 6s - batch_cost: 0.0425 - reader cost: 0.0053
 37/177 [=====>........................] - ETA: 5s - batch_cost: 0.0424 - reader cost: 0.0050
 39/177 [=====>........................] - ETA: 5s - batch_cost: 0.0424 - reader cost: 0.0048
 41/177 [=====>........................] - ETA: 5s - batch_cost: 0.0424 - reader cost: 0.0046
 43/177 [======>.......................] - ETA: 5s - batch_cost: 0.0423 - reader cost: 0.0044
 45/177 [======>.......................] - ETA: 5s - batch_cost: 0.0422 - reader cost: 0.0042
 47/177 [======>.......................] - ETA: 5s - batch_cost: 0.0422 - reader cost: 0.0040
 49/177 [=======>......................] - ETA: 5s - batch_cost: 0.0422 - reader cost: 0.0038
 51/177 [=======>......................] - ETA: 5s - batch_cost: 0.0421 - reader cost: 0.0037
 53/177 [=======>......................] - ETA: 5s - batch_cost: 0.0421 - reader cost: 0.0035
 55/177 [========>.....................] - ETA: 5s - batch_cost: 0.0421 - reader cost: 0.0034
 57/177 [========>.....................] - ETA: 5s - batch_cost: 0.0421 - reader cost: 0.0033
 59/177 [=========>....................] - ETA: 4s - batch_cost: 0.0420 - reader cost: 0.0032
 61/177 [=========>....................] - ETA: 4s - batch_cost: 0.0420 - reader cost: 0.0031
 63/177 [=========>....................] - ETA: 4s - batch_cost: 0.0421 - reader cost: 0.0030
 65/177 [==========>...................] - ETA: 4s - batch_cost: 0.0421 - reader cost: 0.0029
 67/177 [==========>...................] - ETA: 4s - batch_cost: 0.0420 - reader cost: 0.0028
 69/177 [==========>...................] - ETA: 4s - batch_cost: 0.0420 - reader cost: 0.0027
 71/177 [===========>..................] - ETA: 4s - batch_cost: 0.0420 - reader cost: 0.0027
 73/177 [===========>..................] - ETA: 4s - batch_cost: 0.0419 - reader cost: 0.0026
 75/177 [===========>..................] - ETA: 4s - batch_cost: 0.0419 - reader cost: 0.0025
 77/177 [============>.................] - ETA: 4s - batch_cost: 0.0419 - reader cost: 0.0025
 79/177 [============>.................] - ETA: 4s - batch_cost: 0.0419 - reader cost: 0.0024
 81/177 [============>.................] - ETA: 4s - batch_cost: 0.0419 - reader cost: 0.0023
 83/177 [=============>................] - ETA: 3s - batch_cost: 0.0419 - reader cost: 0.0023
 85/177 [=============>................] - ETA: 3s - batch_cost: 0.0419 - reader cost: 0.0022
 87/177 [=============>................] - ETA: 3s - batch_cost: 0.0420 - reader cost: 0.0022
 89/177 [==============>...............] - ETA: 3s - batch_cost: 0.0420 - reader cost: 0.0021
 91/177 [==============>...............] - ETA: 3s - batch_cost: 0.0420 - reader cost: 0.0021
 93/177 [==============>...............] - ETA: 3s - batch_cost: 0.0420 - reader cost: 0.0020
 95/177 [===============>..............] - ETA: 3s - batch_cost: 0.0419 - reader cost: 0.0020
 97/177 [===============>..............] - ETA: 3s - batch_cost: 0.0419 - reader cost: 0.0020
 99/177 [===============>..............] - ETA: 3s - batch_cost: 0.0419 - reader cost: 0.0019
101/177 [================>.............] - ETA: 3s - batch_cost: 0.0419 - reader cost: 0.0019
103/177 [================>.............] - ETA: 3s - batch_cost: 0.0419 - reader cost: 0.0018
105/177 [================>.............] - ETA: 3s - batch_cost: 0.0419 - reader cost: 0.0018
107/177 [=================>............] - ETA: 2s - batch_cost: 0.0419 - reader cost: 0.0018
109/177 [=================>............] - ETA: 2s - batch_cost: 0.0419 - reader cost: 0.0017
111/177 [=================>............] - ETA: 2s - batch_cost: 0.0419 - reader cost: 0.0017
113/177 [==================>...........] - ETA: 2s - batch_cost: 0.0419 - reader cost: 0.0017
115/177 [==================>...........] - ETA: 2s - batch_cost: 0.0419 - reader cost: 0.0016
117/177 [==================>...........] - ETA: 2s - batch_cost: 0.0419 - reader cost: 0.0016
119/177 [===================>..........] - ETA: 2s - batch_cost: 0.0418 - reader cost: 0.0016
121/177 [===================>..........] - ETA: 2s - batch_cost: 0.0418 - reader cost: 0.0016
123/177 [===================>..........] - ETA: 2s - batch_cost: 0.0418 - reader cost: 0.0015
125/177 [====================>.........] - ETA: 2s - batch_cost: 0.0418 - reader cost: 0.0015
127/177 [====================>.........] - ETA: 2s - batch_cost: 0.0418 - reader cost: 0.0015
129/177 [====================>.........] - ETA: 2s - batch_cost: 0.0418 - reader cost: 0.0015
131/177 [=====================>........] - ETA: 1s - batch_cost: 0.0418 - reader cost: 0.0015
133/177 [=====================>........] - ETA: 1s - batch_cost: 0.0418 - reader cost: 0.0014
135/177 [=====================>........] - ETA: 1s - batch_cost: 0.0418 - reader cost: 0.0014
137/177 [======================>.......] - ETA: 1s - batch_cost: 0.0418 - reader cost: 0.0014
139/177 [======================>.......] - ETA: 1s - batch_cost: 0.0418 - reader cost: 0.0014
141/177 [======================>.......] - ETA: 1s - batch_cost: 0.0418 - reader cost: 0.0014
143/177 [=======================>......] - ETA: 1s - batch_cost: 0.0418 - reader cost: 0.0013
145/177 [=======================>......] - ETA: 1s - batch_cost: 0.0418 - reader cost: 0.0013
147/177 [=======================>......] - ETA: 1s - batch_cost: 0.0418 - reader cost: 0.0013
149/177 [========================>.....] - ETA: 1s - batch_cost: 0.0417 - reader cost: 0.0013
151/177 [========================>.....] - ETA: 1s - batch_cost: 0.0417 - reader cost: 0.0013
153/177 [========================>.....] - ETA: 1s - batch_cost: 0.0417 - reader cost: 0.0013
155/177 [=========================>....] - ETA: 0s - batch_cost: 0.0417 - reader cost: 0.0012
157/177 [=========================>....] - ETA: 0s - batch_cost: 0.0417 - reader cost: 0.0012
159/177 [=========================>....] - ETA: 0s - batch_cost: 0.0417 - reader cost: 0.0012
161/177 [==========================>...] - ETA: 0s - batch_cost: 0.0417 - reader cost: 0.0012
163/177 [==========================>...] - ETA: 0s - batch_cost: 0.0417 - reader cost: 0.0012
165/177 [==========================>...] - ETA: 0s - batch_cost: 0.0417 - reader cost: 0.0012
167/177 [===========================>..] - ETA: 0s - batch_cost: 0.0417 - reader cost: 0.0012
169/177 [===========================>..] - ETA: 0s - batch_cost: 0.0417 - reader cost: 0.0011
171/177 [===========================>..] - ETA: 0s - batch_cost: 0.0417 - reader cost: 0.0011
173/177 [============================>.] - ETA: 0s - batch_cost: 0.0417 - reader cost: 0.0011
175/177 [============================>.] - ETA: 0s - batch_cost: 0.0417 - reader cost: 0.0011
177/177 [==============================] - 7s 42ms/step - batch_cost: 0.0417 - reader cost: 0.0011
[2026/10/07 00:51:14] INFO: [EVAL] #Images: 177 mIoU: 0.8661 Acc: 0.9899 Kappa: 0.8471 Dice: 0.9236
[2026/10/07 00:51:14] INFO: [EVAL] Class IoU: 
[0.9896 0.7427]
[2026/10/07 00:51:14] INFO: [EVAL] Class Precision: 
[0.997  0.8008]
[2026/10/07 00:51:14] INFO: [EVAL] Class Recall: 
[0.9925 0.911 ]
[2026/10/07 00:51:14] INFO: Start evaluating (total_samples: 177, total_iters: 177)...

  1/177 [..............................] - ETA: 7s - batch_cost: 0.0410 - reader cost: 0.0305
  3/177 [..............................] - ETA: 7s - batch_cost: 0.0414 - reader cost: 0.0186
  5/177 [..............................] - ETA: 7s - batch_cost: 0.0425 - reader cost: 0.0112
  7/177 [>.............................] - ETA: 7s - batch_cost: 0.0424 - reader cost: 0.0080
  9/177 [>.............................] - ETA: 7s - batch_cost: 0.0429 - reader cost: 0.0062
 11/177 [>.............................] - ETA: 7s - batch_cost: 0.0423 - reader cost: 0.0052
 13/177 [=>............................] - ETA: 6s - batch_cost: 0.0425 - reader cost: 0.0044
 15/177 [=>............................] - ETA: 6s - batch_cost: 0.0424 - reader cost: 0.0038
 17/177 [=>............................] - ETA: 6s - batch_cost: 0.0423 - reader cost: 0.0033
 19/177 [==>...........................] - ETA: 6s - batch_cost: 0.0422 - reader cost: 0.0030
 21/177 [==>...........................] - ETA: 6s - batch_cost: 0.0421 - reader cost: 0.0027
 23/177 [==>...........................] - ETA: 6s - batch_cost: 0.0421 - reader cost: 0.0025
 25/177 [===>..........................] - ETA: 6s - batch_cost: 0.0420 - reader cost: 0.0023
 27/177 [===>..........................] - ETA: 6s - batch_cost: 0.0422 - reader cost: 0.0021
 29/177 [===>..........................] - ETA: 6s - batch_cost: 0.0421 - reader cost: 0.0020
 31/177 [====>.........................] - ETA: 6s - batch_cost: 0.0421 - reader cost: 0.0018
 33/177 [====>.........................] - ETA: 6s - batch_cost: 0.0420 - reader cost: 0.0017
 35/177 [====>.........................] - ETA: 5s - batch_cost: 0.0420 - reader cost: 0.0016
 37/177 [=====>........................] - ETA: 5s - batch_cost: 0.0419 - reader cost: 0.0015
 39/177 [=====>........................] - ETA: 5s - batch_cost: 0.0420 - reader cost: 0.0015
 41/177 [=====>........................] - ETA: 5s - batch_cost: 0.0419 - reader cost: 0.0014
 43/177 [======>.......................] - ETA: 5s - batch_cost: 0.0419 - reader cost: 0.0013
 45/177 [======>.......................] - ETA: 5s - batch_cost: 0.0419 - reader cost: 0.0013
 47/177 [======>.......................] - ETA: 5s - batch_cost: 0.0418 - reader cost: 0.0012
 49/177 [=======>......................] - ETA: 5s - batch_cost: 0.0418 - reader cost: 0.0012
 51/177 [=======>......................] - ETA: 5s - batch_cost: 0.0418 - reader cost: 0.0011
 53/177 [=======>......................] - ETA: 5s - batch_cost: 0.0418 - reader cost: 0.0011
 55/177 [========>.....................] - ETA: 5s - batch_cost: 0.0417 - reader cost: 0.0010
 57/177 [========>.....................] - ETA: 5s - batch_cost: 0.0417 - reader cost: 0.0010
 59/177 [=========>....................] - ETA: 4s - batch_cost: 0.0417 - reader cost: 9.7950e-04
 61/177 [=========>....................] - ETA: 4s - batch_cost: 0.0417 - reader cost: 9.4738e-04
 63/177 [=========>....................] - ETA: 4s - batch_cost: 0.0417 - reader cost: 9.1731e-04
 65/177 [==========>...................] - ETA: 4s - batch_cost: 0.0417 - reader cost: 8.8908e-04
 67/177 [==========>...................] - ETA: 4s - batch_cost: 0.0418 - reader cost: 8.6254e-04
 69/177 [==========>...................] - ETA: 4s - batch_cost: 0.0417 - reader cost: 8.4484e-04
 71/177 [===========>..................] - ETA: 4s - batch_cost: 0.0417 - reader cost: 8.2104e-04
 73/177 [===========>..................] - ETA: 4s - batch_cost: 0.0417 - reader cost: 7.9855e-04
 75/177 [===========>..................] - ETA: 4s - batch_cost: 0.0417 - reader cost: 7.7725e-04
 77/177 [============>.................] - ETA: 4s - batch_cost: 0.0416 - reader cost: 7.5706e-04
 79/177 [============>.................] - ETA: 4s - batch_cost: 0.0416 - reader cost: 7.3790e-04
 81/177 [============>.................] - ETA: 4s - batch_cost: 0.0416 - reader cost: 7.1968e-04
 83/177 [=============>................] - ETA: 3s - batch_cost: 0.0416 - reader cost: 7.0234e-04
 85/177 [=============>................] - ETA: 3s - batch_cost: 0.0416 - reader cost: 6.8581e-04
 87/177 [=============>................] - ETA: 3s - batch_cost: 0.0416 - reader cost: 6.7004e-04
 89/177 [==============>...............] - ETA: 3s - batch_cost: 0.0416 - reader cost: 6.5499e-04
 91/177 [==============>...............] - ETA: 3s - batch_cost: 0.0416 - reader cost: 6.4059e-04
 93/177 [==============>...............] - ETA: 3s - batch_cost: 0.0416 - reader cost: 6.2682e-04
 95/177 [===============>..............] - ETA: 3s - batch_cost: 0.0416 - reader cost: 6.1362e-04
 97/177 [===============>..............] - ETA: 3s - batch_cost: 0.0416 - reader cost: 6.0097e-04
 99/177 [===============>..............] - ETA: 3s - batch_cost: 0.0416 - reader cost: 5.9893e-04
101/177 [================>.............] - ETA: 3s - batch_cost: 0.0416 - reader cost: 5.8707e-04
103/177 [================>.............] - ETA: 3s - batch_cost: 0.0416 - reader cost: 5.7567e-04
105/177 [================>.............] - ETA: 2s - batch_cost: 0.0416 - reader cost: 5.6470e-04
107/177 [=================>............] - ETA: 2s - batch_cost: 0.0416 - reader cost: 5.5415e-04
109/177 [=================>............] - ETA: 2s - batch_cost: 0.0416 - reader cost: 5.4398e-04
111/177 [=================>............] - ETA: 2s - batch_cost: 0.0416 - reader cost: 5.3418e-04
113/177 [==================>...........] - ETA: 2s - batch_cost: 0.0416 - reader cost: 5.2472e-04
115/177 [==================>...........] - ETA: 2s - batch_cost: 0.0416 - reader cost: 5.2429e-04
117/177 [==================>...........] - ETA: 2s - batch_cost: 0.0416 - reader cost: 5.1532e-04
119/177 [===================>..........] - ETA: 2s - batch_cost: 0.0416 - reader cost: 5.0666e-04
121/177 [===================>..........] - ETA: 2s - batch_cost: 0.0416 - reader cost: 4.9829e-04
123/177 [===================>..........] - ETA: 2s - batch_cost: 0.0416 - reader cost: 4.9019e-04
125/177 [====================>.........] - ETA: 2s - batch_cost: 0.0416 - reader cost: 4.8234e-04
127/177 [====================>.........] - ETA: 2s - batch_cost: 0.0416 - reader cost: 4.7475e-04
129/177 [====================>.........] - ETA: 1s - batch_cost: 0.0416 - reader cost: 4.6739e-04
131/177 [=====================>........] - ETA: 1s - batch_cost: 0.0416 - reader cost: 4.6025e-04
133/177 [=====================>........] - ETA: 1s - batch_cost: 0.0416 - reader cost: 4.6087e-04
135/177 [=====================>........] - ETA: 1s - batch_cost: 0.0416 - reader cost: 4.5405e-04
137/177 [======================>.......] - ETA: 1s - batch_cost: 0.0416 - reader cost: 4.4742e-04
139/177 [======================>.......] - ETA: 1s - batch_cost: 0.0416 - reader cost: 4.4098e-04
141/177 [======================>.......] - ETA: 1s - batch_cost: 0.0416 - reader cost: 4.3472e-04
143/177 [=======================>......] - ETA: 1s - batch_cost: 0.0416 - reader cost: 4.3280e-04
145/177 [=======================>......] - ETA: 1s - batch_cost: 0.0416 - reader cost: 4.2683e-04
147/177 [=======================>......] - ETA: 1s - batch_cost: 0.0416 - reader cost: 4.2102e-04
149/177 [========================>.....] - ETA: 1s - batch_cost: 0.0416 - reader cost: 4.1537e-04
151/177 [========================>.....] - ETA: 1s - batch_cost: 0.0416 - reader cost: 4.0987e-04
153/177 [========================>.....] - ETA: 0s - batch_cost: 0.0416 - reader cost: 4.0451e-04
155/177 [=========================>....] - ETA: 0s - batch_cost: 0.0416 - reader cost: 3.9929e-04
157/177 [=========================>....] - ETA: 0s - batch_cost: 0.0416 - reader cost: 3.9420e-04
159/177 [=========================>....] - ETA: 0s - batch_cost: 0.0416 - reader cost: 3.9556e-04
161/177 [==========================>...] - ETA: 0s - batch_cost: 0.0416 - reader cost: 3.9065e-04
163/177 [==========================>...] - ETA: 0s - batch_cost: 0.0416 - reader cost: 3.8586e-04
165/177 [==========================>...] - ETA: 0s - batch_cost: 0.0416 - reader cost: 3.8118e-04
167/177 [===========================>..] - ETA: 0s - batch_cost: 0.0416 - reader cost: 3.7661e-04
169/177 [===========================>..] - ETA: 0s - batch_cost: 0.0416 - reader cost: 3.7216e-04
171/177 [===========================>..] - ETA: 0s - batch_cost: 0.0416 - reader cost: 3.6780e-04
173/177 [============================>.] - ETA: 0s - batch_cost: 0.0416 - reader cost: 3.6355e-04
175/177 [============================>.] - ETA: 0s - batch_cost: 0.0416 - reader cost: 3.5940e-04
177/177 [==============================] - 7s 42ms/step - batch_cost: 0.0416 - reader cost: 3.5534e-04
[2026/10/07 00:51:21] INFO: [EVAL] #Images: 177 mIoU: 0.8676 Acc: 0.9903 Kappa: 0.8490 Dice: 0.9245
[2026/10/07 00:51:21] INFO: [EVAL] Class IoU: 
[0.99   0.7451]
[2026/10/07 00:51:21] INFO: [EVAL] Class Precision: 
[0.9962 0.825 ]
[2026/10/07 00:51:21] INFO: [EVAL] Class Recall: 
[0.9938 0.8851]
[2026/10/07 00:51:21] INFO: [EVAL] The model with the best validation mIoU (0.8661) was saved at iter 9000.
[2026/10/07 00:51:21] INFO: [EVAL] The EMA model with the best validation mIoU (0.8676) was saved at iter 9000.
[2026/10/07 00:51:22] INFO: [TRAIN] epoch: 26, iter: 9010/18000, loss: 0.0327, lr: 0.000030, batch_cost: 0.0499, reader_cost: 0.00150, ips: 80.0810 samples/sec, max_mem_reserved: 1731 MB, max_mem_allocated: 1081 MB | ETA 00:07:29
[2026/10/07 00:51:23] INFO: [TRAIN] epoch: 26, iter: 9020/18000, loss: 0.0334, lr: 0.000030, batch_cost: 0.0823, reader_cost: 0.03334, ips: 48.5815 samples/sec, max_mem_reserved: 1731 MB, max_mem_allocated: 1081 MB | ETA 00:12:19
[2026/10/07 00:51:24] INFO: [TRAIN] epoch: 26, iter: 9030/18000, loss: 0.0342, lr: 0.000030, batch_cost: 0.0854, reader_cost: 0.03635, ips: 46.8188 samples/sec, max_mem_reserved: 1731 MB, max_mem_allocated: 1081 MB | ETA 00:12:46
[2026/10/07 00:51:25] INFO: [TRAIN] epoch: 26, iter: 9040/18000, loss: 0.0270, lr: 0.000030, batch_cost: 0.0802, reader_cost: 0.03351, ips: 49.8747 samples/sec, max_mem_reserved: 1731 MB, max_mem_allocated: 1081 MB | ETA 00:11:58
[2026/10/07 00:51:26] INFO: [TRAIN] epoch: 26, iter: 9050/18000, loss: 0.0344, lr: 0.000030, batch_cost: 0.0815, reader_cost: 0.03379, ips: 49.0989 samples/sec, max_mem_reserved: 1731 MB, max_mem_allocated: 1081 MB | ETA 00:12:09
[2026/10/07 00:51:27] INFO: [TRAIN] epoch: 26, iter: 9060/18000, loss: 0.0319, lr: 0.000030, batch_cost: 0.0830, reader_cost: 0.03573, ips: 48.2073 samples/sec, max_mem_reserved: 1731 MB, max_mem_allocated: 1081 MB | ETA 00:12:21
[2026/10/07 00:51:28] INFO: [TRAIN] epoch: 26, iter: 9070/18000, loss: 0.0311, lr: 0.000030, batch_cost: 0.0842, reader_cost: 0.03575, ips: 47.5262 samples/sec, max_mem_reserved: 1731 MB, max_mem_allocated: 1081 MB | ETA 00:12:31
[2026/10/07 00:51:29] INFO: [TRAIN] epoch: 26, iter: 9080/18000, loss: 0.0378, lr: 0.000030, batch_cost: 0.0858, reader_cost: 0.03746, ips: 46.6136 samples/sec, max_mem_reserved: 1731 MB, max_mem_allocated: 1081 MB | ETA 00:12:45
[2026/10/07 00:51:29] INFO: [TRAIN] epoch: 26, iter: 9090/18000, loss: 0.0334, lr: 0.000030, batch_cost: 0.0803, reader_cost: 0.03353, ips: 49.8384 samples/sec, max_mem_reserved: 1731 MB, max_mem_allocated: 1081 MB | ETA 00:11:55
[2026/10/07 00:51:30] INFO: [TRAIN] epoch: 26, iter: 9100/18000, loss: 0.0353, lr: 0.000030, batch_cost: 0.0829, reader_cost: 0.03610, ips: 48.2600 samples/sec, max_mem_reserved: 1731 MB, max_mem_allocated: 1081 MB | ETA 00:12:17
[2026/10/07 00:51:31] INFO: [TRAIN] epoch: 27, iter: 9110/18000, loss: 0.0400, lr: 0.000030, batch_cost: 0.0888, reader_cost: 0.04159, ips: 45.0436 samples/sec, max_mem_reserved: 1731 MB, max_mem_allocated: 1081 MB | ETA 00:13:09
[2026/10/07 00:51:32] INFO: [TRAIN] epoch: 27, iter: 9120/18000, loss: 0.0310, lr: 0.000030, batch_cost: 0.0863, reader_cost: 0.03605, ips: 46.3632 samples/sec, max_mem_reserved: 1731 MB, max_mem_allocated: 1081 MB | ETA 00:12:46
[2026/10/07 00:51:33] INFO: [TRAIN] epoch: 27, iter: 9130/18000, loss: 0.0367, lr: 0.000030, batch_cost: 0.0885, reader_cost: 0.03719, ips: 45.2030 samples/sec, max_mem_reserved: 1731 MB, max_mem_allocated: 1081 MB | ETA 00:13:04
[2026/10/07 00:51:34] INFO: [TRAIN] epoch: 27, iter: 9140/18000, loss: 0.0311, lr: 0.000030, batch_cost: 0.0847, reader_cost: 0.03706, ips: 47.2167 samples/sec, max_mem_reserved: 1731 MB, max_mem_allocated: 1081 MB | ETA 00:12:30
[2026/10/07 00:51:35] INFO: [TRAIN] epoch: 27, iter: 9150/18000, loss: 0.0413, lr: 0.000030, batch_cost: 0.0856, reader_cost: 0.03908, ips: 46.7105 samples/sec, max_mem_reserved: 1731 MB, max_mem_allocated: 1081 MB | ETA 00:12:37
[2026/10/07 00:51:36] INFO: [TRAIN] epoch: 27, iter: 9160/18000, loss: 0.0320, lr: 0.000029, batch_cost: 0.0835, reader_cost: 0.03555, ips: 47.9233 samples/sec, max_mem_reserved: 1731 MB, max_mem_allocated: 1081 MB | ETA 00:12:17
[2026/10/07 00:51:37] INFO: [TRAIN] epoch: 27, iter: 9170/18000, loss: 0.0279, lr: 0.000029, batch_cost: 0.0790, reader_cost: 0.03029, ips: 50.6068 samples/sec, max_mem_reserved: 1731 MB, max_mem_allocated: 1081 MB | ETA 00:11:37
[2026/10/07 00:51:38] INFO: [TRAIN] epoch: 27, iter: 9180/18000, loss: 0.0494, lr: 0.000029, batch_cost: 0.0811, reader_cost: 0.03313, ips: 49.3337 samples/sec, max_mem_reserved: 1731 MB, max_mem_allocated: 1081 MB | ETA 00:11:55
[2026/10/07 00:51:39] INFO: [TRAIN] epoch: 27, iter: 9190/18000, loss: 0.0308, lr: 0.000029, batch_cost: 0.0818, reader_cost: 0.03507, ips: 48.8898 samples/sec, max_mem_reserved: 1731 MB, max_mem_allocated: 1081 MB | ETA 00:12:00
[2026/10/07 00:51:40] INFO: [TRAIN] epoch: 27, iter: 9200/18000, loss: 0.0388, lr: 0.000029, batch_cost: 0.0823, reader_cost: 0.03537, ips: 48.5899 samples/sec, max_mem_reserved: 1731 MB, max_mem_allocated: 1081 MB | ETA 00:12:04
[2026/10/07 00:51:41] INFO: [TRAIN] epoch: 27, iter: 9210/18000, loss: 0.0287, lr: 0.000029, batch_cost: 0.0845, reader_cost: 0.03658, ips: 47.3484 samples/sec, max_mem_reserved: 1731 MB, max_mem_allocated: 1081 MB | ETA 00:12:22
[2026/10/07 00:51:42] INFO: [TRAIN] epoch: 27, iter: 9220/18000, loss: 0.0251, lr: 0.000029, batch_cost: 0.0822, reader_cost: 0.03423, ips: 48.6457 samples/sec, max_mem_reserved: 1731 MB, max_mem_allocated: 1081 MB | ETA 00:12:01
[2026/10/07 00:51:43] INFO: [TRAIN] epoch: 27, iter: 9230/18000, loss: 0.0291, lr: 0.000029, batch_cost: 0.0823, reader_cost: 0.03408, ips: 48.5812 samples/sec, max_mem_reserved: 1731 MB, max_mem_allocated: 1081 MB | ETA 00:12:02
[2026/10/07 00:51:44] INFO: [TRAIN] epoch: 27, iter: 9240/18000, loss: 0.0318, lr: 0.000029, batch_cost: 0.0788, reader_cost: 0.03110, ips: 50.7728 samples/sec, max_mem_reserved: 1731 MB, max_mem_allocated: 1081 MB | ETA 00:11:30
[2026/10/07 00:51:45] INFO: [TRAIN] epoch: 27, iter: 9250/18000, loss: 0.0314, lr: 0.000029, batch_cost: 0.0821, reader_cost: 0.03480, ips: 48.7069 samples/sec, max_mem_reserved: 1731 MB, max_mem_allocated: 1081 MB | ETA 00:11:58
[2026/10/07 00:51:46] INFO: [TRAIN] epoch: 27, iter: 9260/18000, loss: 0.0248, lr: 0.000029, batch_cost: 0.0837, reader_cost: 0.03567, ips: 47.7882 samples/sec, max_mem_reserved: 1731 MB, max_mem_allocated: 1081 MB | ETA 00:12:11
[2026/10/07 00:51:47] INFO: [TRAIN] epoch: 27, iter: 9270/18000, loss: 0.0329, lr: 0.000029, batch_cost: 0.0792, reader_cost: 0.03135, ips: 50.4811 samples/sec, max_mem_reserved: 1731 MB, max_mem_allocated: 1081 MB | ETA 00:11:31
[2026/10/07 00:51:48] INFO: [TRAIN] epoch: 27, iter: 9280/18000, loss: 0.0382, lr: 0.000029, batch_cost: 0.0819, reader_cost: 0.03461, ips: 48.8440 samples/sec, max_mem_reserved: 1731 MB, max_mem_allocated: 1081 MB | ETA 00:11:54
[2026/10/07 00:51:49] INFO: [TRAIN] epoch: 27, iter: 9290/18000, loss: 0.0246, lr: 0.000029, batch_cost: 0.0827, reader_cost: 0.03348, ips: 48.3565 samples/sec, max_mem_reserved: 1731 MB, max_mem_allocated: 1081 MB | ETA 00:12:00
[2026/10/07 00:51:50] INFO: [TRAIN] epoch: 27, iter: 9300/18000, loss: 0.0372, lr: 0.000029, batch_cost: 0.0842, reader_cost: 0.03655, ips: 47.4784 samples/sec, max_mem_reserved: 1731 MB, max_mem_allocated: 1081 MB | ETA 00:12:12
[2026/10/07 00:51:51] INFO: [TRAIN] epoch: 27, iter: 9310/18000, loss: 0.0353, lr: 0.000029, batch_cost: 0.0848, reader_cost: 0.03613, ips: 47.1766 samples/sec, max_mem_reserved: 1731 MB, max_mem_allocated: 1081 MB | ETA 00:12:16
[2026/10/07 00:51:52] INFO: [TRAIN] epoch: 27, iter: 9320/18000, loss: 0.0293, lr: 0.000029, batch_cost: 0.0825, reader_cost: 0.03504, ips: 48.4830 samples/sec, max_mem_reserved: 1731 MB, max_mem_allocated: 1081 MB | ETA 00:11:56
[2026/10/07 00:51:52] INFO: [TRAIN] epoch: 27, iter: 9330/18000, loss: 0.0395, lr: 0.000029, batch_cost: 0.0811, reader_cost: 0.03265, ips: 49.3001 samples/sec, max_mem_reserved: 1731 MB, max_mem_allocated: 1081 MB | ETA 00:11:43
[2026/10/07 00:51:53] INFO: [TRAIN] epoch: 27, iter: 9340/18000, loss: 0.0335, lr: 0.000029, batch_cost: 0.0801, reader_cost: 0.03315, ips: 49.9392 samples/sec, max_mem_reserved: 1731 MB, max_mem_allocated: 1081 MB | ETA 00:11:33
[2026/10/07 00:51:54] INFO: [TRAIN] epoch: 27, iter: 9350/18000, loss: 0.0454, lr: 0.000029, batch_cost: 0.0852, reader_cost: 0.03523, ips: 46.9341 samples/sec, max_mem_reserved: 1731 MB, max_mem_allocated: 1081 MB | ETA 00:12:17
[2026/10/07 00:51:55] INFO: [TRAIN] epoch: 27, iter: 9360/18000, loss: 0.0310, lr: 0.000029, batch_cost: 0.0843, reader_cost: 0.03500, ips: 47.4394 samples/sec, max_mem_reserved: 1731 MB, max_mem_allocated: 1081 MB | ETA 00:12:08
[2026/10/07 00:51:56] INFO: [TRAIN] epoch: 27, iter: 9370/18000, loss: 0.0360, lr: 0.000029, batch_cost: 0.0820, reader_cost: 0.03422, ips: 48.8074 samples/sec, max_mem_reserved: 1731 MB, max_mem_allocated: 1081 MB | ETA 00:11:47
[2026/10/07 00:51:57] INFO: [TRAIN] epoch: 27, iter: 9380/18000, loss: 0.0315, lr: 0.000029, batch_cost: 0.0883, reader_cost: 0.04064, ips: 45.2998 samples/sec, max_mem_reserved: 1731 MB, max_mem_allocated: 1081 MB | ETA 00:12:41
[2026/10/07 00:51:58] INFO: [TRAIN] epoch: 27, iter: 9390/18000, loss: 0.0390, lr: 0.000029, batch_cost: 0.0862, reader_cost: 0.04002, ips: 46.3942 samples/sec, max_mem_reserved: 1731 MB, max_mem_allocated: 1081 MB | ETA 00:12:22
[2026/10/07 00:51:59] INFO: [TRAIN] epoch: 27, iter: 9400/18000, loss: 0.0287, lr: 0.000029, batch_cost: 0.0824, reader_cost: 0.03383, ips: 48.5725 samples/sec, max_mem_reserved: 1731 MB, max_mem_allocated: 1081 MB | ETA 00:11:48
[2026/10/07 00:52:00] INFO: [TRAIN] epoch: 27, iter: 9410/18000, loss: 0.0312, lr: 0.000029, batch_cost: 0.0859, reader_cost: 0.03872, ips: 46.5748 samples/sec, max_mem_reserved: 1731 MB, max_mem_allocated: 1081 MB | ETA 00:12:17
[2026/10/07 00:52:01] INFO: [TRAIN] epoch: 27, iter: 9420/18000, loss: 0.0339, lr: 0.000029, batch_cost: 0.0858, reader_cost: 0.03850, ips: 46.6141 samples/sec, max_mem_reserved: 1731 MB, max_mem_allocated: 1081 MB | ETA 00:12:16
[2026/10/07 00:52:02] INFO: [TRAIN] epoch: 27, iter: 9430/18000, loss: 0.0337, lr: 0.000029, batch_cost: 0.0865, reader_cost: 0.03955, ips: 46.2624 samples/sec, max_mem_reserved: 1731 MB, max_mem_allocated: 1081 MB | ETA 00:12:20
[2026/10/07 00:52:03] INFO: [TRAIN] epoch: 27, iter: 9440/18000, loss: 0.0344, lr: 0.000029, batch_cost: 0.0846, reader_cost: 0.03644, ips: 47.2961 samples/sec, max_mem_reserved: 1731 MB, max_mem_allocated: 1081 MB | ETA 00:12:03
[2026/10/07 00:52:04] INFO: [TRAIN] epoch: 27, iter: 9450/18000, loss: 0.0335, lr: 0.000029, batch_cost: 0.0833, reader_cost: 0.03724, ips: 48.0098 samples/sec, max_mem_reserved: 1731 MB, max_mem_allocated: 1081 MB | ETA 00:11:52
[2026/10/07 00:52:05] INFO: [TRAIN] epoch: 28, iter: 9460/18000, loss: 0.0406, lr: 0.000028, batch_cost: 0.0890, reader_cost: 0.04269, ips: 44.9248 samples/sec, max_mem_reserved: 1731 MB, max_mem_allocated: 1081 MB | ETA 00:12:40
[2026/10/07 00:52:06] INFO: [TRAIN] epoch: 28, iter: 9470/18000, loss: 0.0383, lr: 0.000028, batch_cost: 0.0884, reader_cost: 0.03931, ips: 45.2438 samples/sec, max_mem_reserved: 1731 MB, max_mem_allocated: 1081 MB | ETA 00:12:34
[2026/10/07 00:52:07] INFO: [TRAIN] epoch: 28, iter: 9480/18000, loss: 0.0288, lr: 0.000028, batch_cost: 0.0873, reader_cost: 0.03837, ips: 45.8039 samples/sec, max_mem_reserved: 1731 MB, max_mem_allocated: 1081 MB | ETA 00:12:24
[2026/10/07 00:52:08] INFO: [TRAIN] epoch: 28, iter: 9490/18000, loss: 0.0271, lr: 0.000028, batch_cost: 0.0879, reader_cost: 0.04047, ips: 45.4975 samples/sec, max_mem_reserved: 1731 MB, max_mem_allocated: 1081 MB | ETA 00:12:28
[2026/10/07 00:52:09] INFO: [TRAIN] epoch: 28, iter: 9500/18000, loss: 0.0286, lr: 0.000028, batch_cost: 0.0851, reader_cost: 0.03945, ips: 46.9984 samples/sec, max_mem_reserved: 1731 MB, max_mem_allocated: 1081 MB | ETA 00:12:03
[2026/10/07 00:52:10] INFO: [TRAIN] epoch: 28, iter: 9510/18000, loss: 0.0338, lr: 0.000028, batch_cost: 0.0844, reader_cost: 0.03832, ips: 47.3697 samples/sec, max_mem_reserved: 1731 MB, max_mem_allocated: 1081 MB | ETA 00:11:56
[2026/10/07 00:52:11] INFO: [TRAIN] epoch: 28, iter: 9520/18000, loss: 0.0360, lr: 0.000028, batch_cost: 0.0855, reader_cost: 0.03709, ips: 46.7794 samples/sec, max_mem_reserved: 1731 MB, max_mem_allocated: 1081 MB | ETA 00:12:05
[2026/10/07 00:52:12] INFO: [TRAIN] epoch: 28, iter: 9530/18000, loss: 0.0392, lr: 0.000028, batch_cost: 0.0805, reader_cost: 0.03211, ips: 49.7043 samples/sec, max_mem_reserved: 1731 MB, max_mem_allocated: 1081 MB | ETA 00:11:21
[2026/10/07 00:52:13] INFO: [TRAIN] epoch: 28, iter: 9540/18000, loss: 0.0327, lr: 0.000028, batch_cost: 0.0852, reader_cost: 0.03945, ips: 46.9233 samples/sec, max_mem_reserved: 1731 MB, max_mem_allocated: 1081 MB | ETA 00:12:01
[2026/10/07 00:52:14] INFO: [TRAIN] epoch: 28, iter: 9550/18000, loss: 0.0390, lr: 0.000028, batch_cost: 0.0802, reader_cost: 0.03356, ips: 49.8852 samples/sec, max_mem_reserved: 1731 MB, max_mem_allocated: 1081 MB | ETA 00:11:17
[2026/10/07 00:52:15] INFO: [TRAIN] epoch: 28, iter: 9560/18000, loss: 0.0389, lr: 0.000028, batch_cost: 0.0847, reader_cost: 0.03770, ips: 47.2016 samples/sec, max_mem_reserved: 1731 MB, max_mem_allocated: 1081 MB | ETA 00:11:55
[2026/10/07 00:52:16] INFO: [TRAIN] epoch: 28, iter: 9570/18000, loss: 0.0308, lr: 0.000028, batch_cost: 0.0830, reader_cost: 0.03624, ips: 48.1731 samples/sec, max_mem_reserved: 1731 MB, max_mem_allocated: 1081 MB | ETA 00:11:39
[2026/10/07 00:52:17] INFO: [TRAIN] epoch: 28, iter: 9580/18000, loss: 0.0408, lr: 0.000028, batch_cost: 0.0879, reader_cost: 0.04032, ips: 45.5009 samples/sec, max_mem_reserved: 1731 MB, max_mem_allocated: 1081 MB | ETA 00:12:20
[2026/10/07 00:52:18] INFO: [TRAIN] epoch: 28, iter: 9590/18000, loss: 0.0357, lr: 0.000028, batch_cost: 0.0882, reader_cost: 0.04044, ips: 45.3303 samples/sec, max_mem_reserved: 1731 MB, max_mem_allocated: 1081 MB | ETA 00:12:22
[2026/10/07 00:52:19] INFO: [TRAIN] epoch: 28, iter: 9600/18000, loss: 0.0348, lr: 0.000028, batch_cost: 0.0893, reader_cost: 0.04487, ips: 44.7719 samples/sec, max_mem_reserved: 1731 MB, max_mem_allocated: 1081 MB | ETA 00:12:30
[2026/10/07 00:52:20] INFO: [TRAIN] epoch: 28, iter: 9610/18000, loss: 0.0253, lr: 0.000028, batch_cost: 0.0858, reader_cost: 0.03911, ips: 46.6158 samples/sec, max_mem_reserved: 1731 MB, max_mem_allocated: 1081 MB | ETA 00:11:59
[2026/10/07 00:52:21] INFO: [TRAIN] epoch: 28, iter: 9620/18000, loss: 0.0491, lr: 0.000028, batch_cost: 0.0877, reader_cost: 0.03864, ips: 45.6054 samples/sec, max_mem_reserved: 1731 MB, max_mem_allocated: 1081 MB | ETA 00:12:15
[2026/10/07 00:52:21] INFO: [TRAIN] epoch: 28, iter: 9630/18000, loss: 0.0301, lr: 0.000028, batch_cost: 0.0820, reader_cost: 0.03350, ips: 48.7895 samples/sec, max_mem_reserved: 1731 MB, max_mem_allocated: 1081 MB | ETA 00:11:26
[2026/10/07 00:52:22] INFO: [TRAIN] epoch: 28, iter: 9640/18000, loss: 0.0338, lr: 0.000028, batch_cost: 0.0851, reader_cost: 0.03706, ips: 47.0263 samples/sec, max_mem_reserved: 1731 MB, max_mem_allocated: 1081 MB | ETA 00:11:51
[2026/10/07 00:52:23] INFO: [TRAIN] epoch: 28, iter: 9650/18000, loss: 0.0266, lr: 0.000028, batch_cost: 0.0860, reader_cost: 0.03797, ips: 46.4905 samples/sec, max_mem_reserved: 1731 MB, max_mem_allocated: 1081 MB | ETA 00:11:58
[2026/10/07 00:52:24] INFO: [TRAIN] epoch: 28, iter: 9660/18000, loss: 0.0312, lr: 0.000028, batch_cost: 0.0890, reader_cost: 0.04113, ips: 44.9681 samples/sec, max_mem_reserved: 1731 MB, max_mem_allocated: 1081 MB | ETA 00:12:21
[2026/10/07 00:52:25] INFO: [TRAIN] epoch: 28, iter: 9670/18000, loss: 0.0266, lr: 0.000028, batch_cost: 0.0842, reader_cost: 0.03699, ips: 47.4851 samples/sec, max_mem_reserved: 1731 MB, max_mem_allocated: 1081 MB | ETA 00:11:41
[2026/10/07 00:52:26] INFO: [TRAIN] epoch: 28, iter: 9680/18000, loss: 0.0316, lr: 0.000028, batch_cost: 0.0851, reader_cost: 0.03846, ips: 46.9838 samples/sec, max_mem_reserved: 1731 MB, max_mem_allocated: 1081 MB | ETA 00:11:48
[2026/10/07 00:52:27] INFO: [TRAIN] epoch: 28, iter: 9690/18000, loss: 0.0286, lr: 0.000028, batch_cost: 0.0853, reader_cost: 0.04050, ips: 46.8717 samples/sec, max_mem_reserved: 1731 MB, max_mem_allocated: 1081 MB | ETA 00:11:49
[2026/10/07 00:52:28] INFO: [TRAIN] epoch: 28, iter: 9700/18000, loss: 0.0223, lr: 0.000028, batch_cost: 0.0867, reader_cost: 0.04076, ips: 46.1249 samples/sec, max_mem_reserved: 1731 MB, max_mem_allocated: 1081 MB | ETA 00:11:59
[2026/10/07 00:52:29] INFO: [TRAIN] epoch: 28, iter: 9710/18000, loss: 0.0368, lr: 0.000028, batch_cost: 0.0863, reader_cost: 0.03858, ips: 46.3453 samples/sec, max_mem_reserved: 1731 MB, max_mem_allocated: 1081 MB | ETA 00:11:55
[2026/10/07 00:52:30] INFO: [TRAIN] epoch: 28, iter: 9720/18000, loss: 0.0266, lr: 0.000028, batch_cost: 0.0863, reader_cost: 0.03969, ips: 46.3760 samples/sec, max_mem_reserved: 1731 MB, max_mem_allocated: 1081 MB | ETA 00:11:54
[2026/10/07 00:52:31] INFO: [TRAIN] epoch: 28, iter: 9730/18000, loss: 0.0713, lr: 0.000028, batch_cost: 0.0818, reader_cost: 0.03372, ips: 48.8821 samples/sec, max_mem_reserved: 1731 MB, max_mem_allocated: 1081 MB | ETA 00:11:16
[2026/10/07 00:52:32] INFO: [TRAIN] epoch: 28, iter: 9740/18000, loss: 0.0328, lr: 0.000028, batch_cost: 0.0816, reader_cost: 0.03429, ips: 49.0296 samples/sec, max_mem_reserved: 1731 MB, max_mem_allocated: 1081 MB | ETA 00:11:13
[2026/10/07 00:52:33] INFO: [TRAIN] epoch: 28, iter: 9750/18000, loss: 0.0422, lr: 0.000028, batch_cost: 0.0864, reader_cost: 0.03878, ips: 46.3069 samples/sec, max_mem_reserved: 1731 MB, max_mem_allocated: 1081 MB | ETA 00:11:52
[2026/10/07 00:52:34] INFO: [TRAIN] epoch: 28, iter: 9760/18000, loss: 0.0305, lr: 0.000027, batch_cost: 0.0829, reader_cost: 0.03382, ips: 48.2680 samples/sec, max_mem_reserved: 1731 MB, max_mem_allocated: 1081 MB | ETA 00:11:22
[2026/10/07 00:52:35] INFO: [TRAIN] epoch: 28, iter: 9770/18000, loss: 0.0414, lr: 0.000027, batch_cost: 0.0831, reader_cost: 0.03545, ips: 48.1075 samples/sec, max_mem_reserved: 1731 MB, max_mem_allocated: 1081 MB | ETA 00:11:24
[2026/10/07 00:52:36] INFO: [TRAIN] epoch: 28, iter: 9780/18000, loss: 0.0325, lr: 0.000027, batch_cost: 0.0817, reader_cost: 0.03384, ips: 48.9513 samples/sec, max_mem_reserved: 1731 MB, max_mem_allocated: 1081 MB | ETA 00:11:11
[2026/10/07 00:52:37] INFO: [TRAIN] epoch: 28, iter: 9790/18000, loss: 0.0301, lr: 0.000027, batch_cost: 0.0830, reader_cost: 0.03436, ips: 48.1707 samples/sec, max_mem_reserved: 1731 MB, max_mem_allocated: 1081 MB | ETA 00:11:21
[2026/10/07 00:52:38] INFO: [TRAIN] epoch: 28, iter: 9800/18000, loss: 0.0308, lr: 0.000027, batch_cost: 0.0836, reader_cost: 0.03505, ips: 47.8224 samples/sec, max_mem_reserved: 1731 MB, max_mem_allocated: 1081 MB | ETA 00:11:25
[2026/10/07 00:52:39] INFO: [TRAIN] epoch: 29, iter: 9810/18000, loss: 0.0320, lr: 0.000027, batch_cost: 0.0882, reader_cost: 0.03868, ips: 45.3741 samples/sec, max_mem_reserved: 1731 MB, max_mem_allocated: 1081 MB | ETA 00:12:01
[2026/10/07 00:52:40] INFO: [TRAIN] epoch: 29, iter: 9820/18000, loss: 0.0355, lr: 0.000027, batch_cost: 0.0863, reader_cost: 0.03755, ips: 46.3699 samples/sec, max_mem_reserved: 1731 MB, max_mem_allocated: 1081 MB | ETA 00:11:45
[2026/10/07 00:52:41] INFO: [TRAIN] epoch: 29, iter: 9830/18000, loss: 0.0472, lr: 0.000027, batch_cost: 0.0828, reader_cost: 0.03569, ips: 48.3143 samples/sec, max_mem_reserved: 1731 MB, max_mem_allocated: 1081 MB | ETA 00:11:16
[2026/10/07 00:52:42] INFO: [TRAIN] epoch: 29, iter: 9840/18000, loss: 0.0272, lr: 0.000027, batch_cost: 0.0846, reader_cost: 0.03758, ips: 47.2614 samples/sec, max_mem_reserved: 1731 MB, max_mem_allocated: 1081 MB | ETA 00:11:30
[2026/10/07 00:52:43] INFO: [TRAIN] epoch: 29, iter: 9850/18000, loss: 0.0427, lr: 0.000027, batch_cost: 0.0850, reader_cost: 0.03668, ips: 47.0452 samples/sec, max_mem_reserved: 1731 MB, max_mem_allocated: 1081 MB | ETA 00:11:32
[2026/10/07 00:52:44] INFO: [TRAIN] epoch: 29, iter: 9860/18000, loss: 0.0312, lr: 0.000027, batch_cost: 0.0807, reader_cost: 0.03281, ips: 49.5879 samples/sec, max_mem_reserved: 1731 MB, max_mem_allocated: 1081 MB | ETA 00:10:56
[2026/10/07 00:52:45] INFO: [TRAIN] epoch: 29, iter: 9870/18000, loss: 0.0362, lr: 0.000027, batch_cost: 0.0803, reader_cost: 0.03420, ips: 49.8117 samples/sec, max_mem_reserved: 1731 MB, max_mem_allocated: 1081 MB | ETA 00:10:52
[2026/10/07 00:52:46] INFO: [TRAIN] epoch: 29, iter: 9880/18000, loss: 0.0308, lr: 0.000027, batch_cost: 0.0854, reader_cost: 0.03859, ips: 46.8484 samples/sec, max_mem_reserved: 1731 MB, max_mem_allocated: 1081 MB | ETA 00:11:33
[2026/10/07 00:52:46] INFO: [TRAIN] epoch: 29, iter: 9890/18000, loss: 0.0351, lr: 0.000027, batch_cost: 0.0818, reader_cost: 0.03430, ips: 48.8891 samples/sec, max_mem_reserved: 1731 MB, max_mem_allocated: 1081 MB | ETA 00:11:03
[2026/10/07 00:52:47] INFO: [TRAIN] epoch: 29, iter: 9900/18000, loss: 0.0248, lr: 0.000027, batch_cost: 0.0841, reader_cost: 0.03569, ips: 47.5433 samples/sec, max_mem_reserved: 1731 MB, max_mem_allocated: 1081 MB | ETA 00:11:21
[2026/10/07 00:52:48] INFO: [TRAIN] epoch: 29, iter: 9910/18000, loss: 0.0302, lr: 0.000027, batch_cost: 0.0788, reader_cost: 0.03088, ips: 50.7782 samples/sec, max_mem_reserved: 1731 MB, max_mem_allocated: 1081 MB | ETA 00:10:37
[2026/10/07 00:52:49] INFO: [TRAIN] epoch: 29, iter: 9920/18000, loss: 0.0298, lr: 0.000027, batch_cost: 0.0831, reader_cost: 0.03573, ips: 48.1137 samples/sec, max_mem_reserved: 1731 MB, max_mem_allocated: 1081 MB | ETA 00:11:11
[2026/10/07 00:52:50] INFO: [TRAIN] epoch: 29, iter: 9930/18000, loss: 0.0399, lr: 0.000027, batch_cost: 0.0829, reader_cost: 0.03397, ips: 48.2396 samples/sec, max_mem_reserved: 1731 MB, max_mem_allocated: 1081 MB | ETA 00:11:09
[2026/10/07 00:52:51] INFO: [TRAIN] epoch: 29, iter: 9940/18000, loss: 0.0280, lr: 0.000027, batch_cost: 0.0865, reader_cost: 0.03682, ips: 46.2417 samples/sec, max_mem_reserved: 1731 MB, max_mem_allocated: 1081 MB | ETA 00:11:37
[2026/10/07 00:52:52] INFO: [TRAIN] epoch: 29, iter: 9950/18000, loss: 0.0269, lr: 0.000027, batch_cost: 0.0842, reader_cost: 0.03643, ips: 47.4795 samples/sec, max_mem_reserved: 1731 MB, max_mem_allocated: 1081 MB | ETA 00:11:18
[2026/10/07 00:52:53] INFO: [TRAIN] epoch: 29, iter: 9960/18000, loss: 0.0358, lr: 0.000027, batch_cost: 0.0842, reader_cost: 0.03636, ips: 47.4850 samples/sec, max_mem_reserved: 1731 MB, max_mem_allocated: 1081 MB | ETA 00:11:17
[2026/10/07 00:52:54] INFO: [TRAIN] epoch: 29, iter: 9970/18000, loss: 0.0296, lr: 0.000027, batch_cost: 0.0841, reader_cost: 0.03638, ips: 47.5372 samples/sec, max_mem_reserved: 1731 MB, max_mem_allocated: 1081 MB | ETA 00:11:15
[2026/10/07 00:52:55] INFO: [TRAIN] epoch: 29, iter: 9980/18000, loss: 0.0306, lr: 0.000027, batch_cost: 0.0840, reader_cost: 0.03646, ips: 47.6437 samples/sec, max_mem_reserved: 1731 MB, max_mem_allocated: 1081 MB | ETA 00:11:13
[2026/10/07 00:52:56] INFO: [TRAIN] epoch: 29, iter: 9990/18000, loss: 0.0282, lr: 0.000027, batch_cost: 0.0851, reader_cost: 0.03492, ips: 47.0060 samples/sec, max_mem_reserved: 1731 MB, max_mem_allocated: 1081 MB | ETA 00:11:21
[2026/10/07 00:52:57] INFO: [TRAIN] epoch: 29, iter: 10000/18000, loss: 0.0372, lr: 0.000027, batch_cost: 0.0837, reader_cost: 0.03461, ips: 47.7899 samples/sec, max_mem_reserved: 1731 MB, max_mem_allocated: 1081 MB | ETA 00:11:09
[2026/10/07 00:52:57] INFO: Start evaluating (total_samples: 177, total_iters: 177)...

  1/177 [..............................] - ETA: 9s - batch_cost: 0.0512 - reader cost: 0.0367
  3/177 [..............................] - ETA: 7s - batch_cost: 0.0456 - reader cost: 0.0304
  4/177 [..............................] - ETA: 8s - batch_cost: 0.0479 - reader cost: 0.0299
  6/177 [>.............................] - ETA: 7s - batch_cost: 0.0454 - reader cost: 0.0268
  8/177 [>.............................] - ETA: 7s - batch_cost: 0.0440 - reader cost: 0.0248
 10/177 [>.............................] - ETA: 7s - batch_cost: 0.0439 - reader cost: 0.0231
 12/177 [=>............................] - ETA: 7s - batch_cost: 0.0432 - reader cost: 0.0197
 14/177 [=>............................] - ETA: 7s - batch_cost: 0.0430 - reader cost: 0.0169
 16/177 [=>............................] - ETA: 6s - batch_cost: 0.0429 - reader cost: 0.0151
 18/177 [==>...........................] - ETA: 6s - batch_cost: 0.0428 - reader cost: 0.0134
 20/177 [==>...........................] - ETA: 6s - batch_cost: 0.0429 - reader cost: 0.0121
 22/177 [==>...........................] - ETA: 6s - batch_cost: 0.0428 - reader cost: 0.0110
 24/177 [===>..........................] - ETA: 6s - batch_cost: 0.0426 - reader cost: 0.0101
 26/177 [===>..........................] - ETA: 6s - batch_cost: 0.0426 - reader cost: 0.0093
 28/177 [===>..........................] - ETA: 6s - batch_cost: 0.0425 - reader cost: 0.0087
 30/177 [====>.........................] - ETA: 6s - batch_cost: 0.0426 - reader cost: 0.0081
 32/177 [====>.........................] - ETA: 6s - batch_cost: 0.0425 - reader cost: 0.0076
 34/177 [====>.........................] - ETA: 6s - batch_cost: 0.0426 - reader cost: 0.0071
 36/177 [=====>........................] - ETA: 6s - batch_cost: 0.0426 - reader cost: 0.0067
 38/177 [=====>........................] - ETA: 5s - batch_cost: 0.0427 - reader cost: 0.0064
 40/177 [=====>........................] - ETA: 5s - batch_cost: 0.0427 - reader cost: 0.0061
 42/177 [======>.......................] - ETA: 5s - batch_cost: 0.0428 - reader cost: 0.0058
 44/177 [======>.......................] - ETA: 5s - batch_cost: 0.0427 - reader cost: 0.0055
 46/177 [======>.......................] - ETA: 5s - batch_cost: 0.0427 - reader cost: 0.0053
 48/177 [=======>......................] - ETA: 5s - batch_cost: 0.0428 - reader cost: 0.0051
 50/177 [=======>......................] - ETA: 5s - batch_cost: 0.0427 - reader cost: 0.0049
 52/177 [=======>......................] - ETA: 5s - batch_cost: 0.0427 - reader cost: 0.0047
 54/177 [========>.....................] - ETA: 5s - batch_cost: 0.0427 - reader cost: 0.0045
 56/177 [========>.....................] - ETA: 5s - batch_cost: 0.0427 - reader cost: 0.0043
 58/177 [========>.....................] - ETA: 5s - batch_cost: 0.0427 - reader cost: 0.0042
 60/177 [=========>....................] - ETA: 5s - batch_cost: 0.0427 - reader cost: 0.0040
 62/177 [=========>....................] - ETA: 4s - batch_cost: 0.0428 - reader cost: 0.0039
 64/177 [=========>....................] - ETA: 4s - batch_cost: 0.0429 - reader cost: 0.0038
 66/177 [==========>...................] - ETA: 4s - batch_cost: 0.0430 - reader cost: 0.0037
 68/177 [==========>...................] - ETA: 4s - batch_cost: 0.0431 - reader cost: 0.0036
 70/177 [==========>...................] - ETA: 4s - batch_cost: 0.0430 - reader cost: 0.0035
 72/177 [===========>..................] - ETA: 4s - batch_cost: 0.0430 - reader cost: 0.0034
 73/177 [===========>..................] - ETA: 4s - batch_cost: 0.0432 - reader cost: 0.0033
 75/177 [===========>..................] - ETA: 4s - batch_cost: 0.0430 - reader cost: 0.0032
 76/177 [===========>..................] - ETA: 4s - batch_cost: 0.0431 - reader cost: 0.0032
 78/177 [============>.................] - ETA: 4s - batch_cost: 0.0431 - reader cost: 0.0031
 80/177 [============>.................] - ETA: 4s - batch_cost: 0.0432 - reader cost: 0.0030
 82/177 [============>.................] - ETA: 4s - batch_cost: 0.0431 - reader cost: 0.0030
 84/177 [=============>................] - ETA: 4s - batch_cost: 0.0431 - reader cost: 0.0029
 86/177 [=============>................] - ETA: 3s - batch_cost: 0.0430 - reader cost: 0.0028
 88/177 [=============>................] - ETA: 3s - batch_cost: 0.0431 - reader cost: 0.0028
 90/177 [==============>...............] - ETA: 3s - batch_cost: 0.0430 - reader cost: 0.0027
 92/177 [==============>...............] - ETA: 3s - batch_cost: 0.0430 - reader cost: 0.0027
 94/177 [==============>...............] - ETA: 3s - batch_cost: 0.0430 - reader cost: 0.0026
 96/177 [===============>..............] - ETA: 3s - batch_cost: 0.0430 - reader cost: 0.0025
 98/177 [===============>..............] - ETA: 3s - batch_cost: 0.0429 - reader cost: 0.0025
100/177 [===============>..............] - ETA: 3s - batch_cost: 0.0429 - reader cost: 0.0024
102/177 [================>.............] - ETA: 3s - batch_cost: 0.0429 - reader cost: 0.0024
104/177 [================>.............] - ETA: 3s - batch_cost: 0.0429 - reader cost: 0.0023
106/177 [================>.............] - ETA: 3s - batch_cost: 0.0428 - reader cost: 0.0023
108/177 [=================>............] - ETA: 2s - batch_cost: 0.0428 - reader cost: 0.0023
110/177 [=================>............] - ETA: 2s - batch_cost: 0.0428 - reader cost: 0.0022
112/177 [=================>............] - ETA: 2s - batch_cost: 0.0428 - reader cost: 0.0022
114/177 [==================>...........] - ETA: 2s - batch_cost: 0.0428 - reader cost: 0.0021
116/177 [==================>...........] - ETA: 2s - batch_cost: 0.0427 - reader cost: 0.0021
118/177 [===================>..........] - ETA: 2s - batch_cost: 0.0427 - reader cost: 0.0021
120/177 [===================>..........] - ETA: 2s - batch_cost: 0.0427 - reader cost: 0.0020
122/177 [===================>..........] - ETA: 2s - batch_cost: 0.0427 - reader cost: 0.0020
124/177 [====================>.........] - ETA: 2s - batch_cost: 0.0427 - reader cost: 0.0020
126/177 [====================>.........] - ETA: 2s - batch_cost: 0.0426 - reader cost: 0.0019
128/177 [====================>.........] - ETA: 2s - batch_cost: 0.0426 - reader cost: 0.0019
130/177 [=====================>........] - ETA: 2s - batch_cost: 0.0426 - reader cost: 0.0019
132/177 [=====================>........] - ETA: 1s - batch_cost: 0.0426 - reader cost: 0.0019
134/177 [=====================>........] - ETA: 1s - batch_cost: 0.0426 - reader cost: 0.0018
136/177 [======================>.......] - ETA: 1s - batch_cost: 0.0426 - reader cost: 0.0018
138/177 [======================>.......] - ETA: 1s - batch_cost: 0.0425 - reader cost: 0.0018
140/177 [======================>.......] - ETA: 1s - batch_cost: 0.0425 - reader cost: 0.0018
142/177 [=======================>......] - ETA: 1s - batch_cost: 0.0425 - reader cost: 0.0017
144/177 [=======================>......] - ETA: 1s - batch_cost: 0.0425 - reader cost: 0.0017
146/177 [=======================>......] - ETA: 1s - batch_cost: 0.0425 - reader cost: 0.0017
148/177 [========================>.....] - ETA: 1s - batch_cost: 0.0425 - reader cost: 0.0017
150/177 [========================>.....] - ETA: 1s - batch_cost: 0.0425 - reader cost: 0.0016
152/177 [========================>.....] - ETA: 1s - batch_cost: 0.0424 - reader cost: 0.0016
154/177 [=========================>....] - ETA: 0s - batch_cost: 0.0424 - reader cost: 0.0016
156/177 [=========================>....] - ETA: 0s - batch_cost: 0.0424 - reader cost: 0.0016
158/177 [=========================>....] - ETA: 0s - batch_cost: 0.0424 - reader cost: 0.0016
160/177 [==========================>...] - ETA: 0s - batch_cost: 0.0424 - reader cost: 0.0015
162/177 [==========================>...] - ETA: 0s - batch_cost: 0.0424 - reader cost: 0.0015
164/177 [==========================>...] - ETA: 0s - batch_cost: 0.0424 - reader cost: 0.0015
166/177 [===========================>..] - ETA: 0s - batch_cost: 0.0424 - reader cost: 0.0015
168/177 [===========================>..] - ETA: 0s - batch_cost: 0.0424 - reader cost: 0.0015
170/177 [===========================>..] - ETA: 0s - batch_cost: 0.0424 - reader cost: 0.0015
172/177 [============================>.] - ETA: 0s - batch_cost: 0.0424 - reader cost: 0.0014
174/177 [============================>.] - ETA: 0s - batch_cost: 0.0424 - reader cost: 0.0014
176/177 [============================>.] - ETA: 0s - batch_cost: 0.0423 - reader cost: 0.0014
177/177 [==============================] - 8s 42ms/step - batch_cost: 0.0423 - reader cost: 0.0014
[2026/10/07 00:53:05] INFO: [EVAL] #Images: 177 mIoU: 0.8599 Acc: 0.9904 Kappa: 0.8388 Dice: 0.9194
[2026/10/07 00:53:05] INFO: [EVAL] Class IoU: 
[0.9901 0.7297]
[2026/10/07 00:53:05] INFO: [EVAL] Class Precision: 
[0.9939 0.8764]
[2026/10/07 00:53:05] INFO: [EVAL] Class Recall: 
[0.9962 0.8134]
[2026/10/07 00:53:05] INFO: Start evaluating (total_samples: 177, total_iters: 177)...

  1/177 [..............................] - ETA: 7s - batch_cost: 0.0413 - reader cost: 0.0300
  3/177 [..............................] - ETA: 7s - batch_cost: 0.0417 - reader cost: 0.0185
  5/177 [..............................] - ETA: 7s - batch_cost: 0.0421 - reader cost: 0.0111
  7/177 [>.............................] - ETA: 7s - batch_cost: 0.0424 - reader cost: 0.0079
  9/177 [>.............................] - ETA: 7s - batch_cost: 0.0424 - reader cost: 0.0062
 11/177 [>.............................] - ETA: 7s - batch_cost: 0.0422 - reader cost: 0.0050
 13/177 [=>............................] - ETA: 6s - batch_cost: 0.0420 - reader cost: 0.0043
 15/177 [=>............................] - ETA: 6s - batch_cost: 0.0419 - reader cost: 0.0038
 17/177 [=>............................] - ETA: 6s - batch_cost: 0.0419 - reader cost: 0.0033
 19/177 [==>...........................] - ETA: 6s - batch_cost: 0.0417 - reader cost: 0.0030
 21/177 [==>...........................] - ETA: 6s - batch_cost: 0.0417 - reader cost: 0.0028
 23/177 [==>...........................] - ETA: 6s - batch_cost: 0.0417 - reader cost: 0.0026
 25/177 [===>..........................] - ETA: 6s - batch_cost: 0.0416 - reader cost: 0.0024
 27/177 [===>..........................] - ETA: 6s - batch_cost: 0.0416 - reader cost: 0.0022
 29/177 [===>..........................] - ETA: 6s - batch_cost: 0.0416 - reader cost: 0.0020
 31/177 [====>.........................] - ETA: 6s - batch_cost: 0.0416 - reader cost: 0.0019
 33/177 [====>.........................] - ETA: 6s - batch_cost: 0.0417 - reader cost: 0.0018
 35/177 [====>.........................] - ETA: 5s - batch_cost: 0.0416 - reader cost: 0.0017
 37/177 [=====>........................] - ETA: 5s - batch_cost: 0.0416 - reader cost: 0.0016
 39/177 [=====>........................] - ETA: 5s - batch_cost: 0.0416 - reader cost: 0.0015
 41/177 [=====>........................] - ETA: 5s - batch_cost: 0.0416 - reader cost: 0.0015
 43/177 [======>.......................] - ETA: 5s - batch_cost: 0.0416 - reader cost: 0.0014
 45/177 [======>.......................] - ETA: 5s - batch_cost: 0.0415 - reader cost: 0.0013
 47/177 [======>.......................] - ETA: 5s - batch_cost: 0.0415 - reader cost: 0.0013
 49/177 [=======>......................] - ETA: 5s - batch_cost: 0.0415 - reader cost: 0.0012
 51/177 [=======>......................] - ETA: 5s - batch_cost: 0.0415 - reader cost: 0.0012
 53/177 [=======>......................] - ETA: 5s - batch_cost: 0.0415 - reader cost: 0.0011
 55/177 [========>.....................] - ETA: 5s - batch_cost: 0.0415 - reader cost: 0.0011
 57/177 [========>.....................] - ETA: 4s - batch_cost: 0.0415 - reader cost: 0.0011
 59/177 [=========>....................] - ETA: 4s - batch_cost: 0.0415 - reader cost: 0.0010
 61/177 [=========>....................] - ETA: 4s - batch_cost: 0.0415 - reader cost: 9.8293e-04
 63/177 [=========>....................] - ETA: 4s - batch_cost: 0.0415 - reader cost: 9.5173e-04
 65/177 [==========>...................] - ETA: 4s - batch_cost: 0.0415 - reader cost: 9.2245e-04
 67/177 [==========>...................] - ETA: 4s - batch_cost: 0.0415 - reader cost: 9.0992e-04
 69/177 [==========>...................] - ETA: 4s - batch_cost: 0.0415 - reader cost: 8.8354e-04
 71/177 [===========>..................] - ETA: 4s - batch_cost: 0.0415 - reader cost: 8.5866e-04
 73/177 [===========>..................] - ETA: 4s - batch_cost: 0.0415 - reader cost: 8.3513e-04
 75/177 [===========>..................] - ETA: 4s - batch_cost: 0.0416 - reader cost: 8.1286e-04
 77/177 [============>.................] - ETA: 4s - batch_cost: 0.0416 - reader cost: 7.9175e-04
 79/177 [============>.................] - ETA: 4s - batch_cost: 0.0415 - reader cost: 7.7170e-04
 81/177 [============>.................] - ETA: 3s - batch_cost: 0.0416 - reader cost: 7.5265e-04
 83/177 [=============>................] - ETA: 3s - batch_cost: 0.0415 - reader cost: 7.3451e-04
 85/177 [=============>................] - ETA: 3s - batch_cost: 0.0415 - reader cost: 7.1723e-04
 87/177 [=============>................] - ETA: 3s - batch_cost: 0.0416 - reader cost: 7.0074e-04
 89/177 [==============>...............] - ETA: 3s - batch_cost: 0.0416 - reader cost: 6.8500e-04
 91/177 [==============>...............] - ETA: 3s - batch_cost: 0.0416 - reader cost: 6.6994e-04
 93/177 [==============>...............] - ETA: 3s - batch_cost: 0.0415 - reader cost: 6.5553e-04
 95/177 [===============>..............] - ETA: 3s - batch_cost: 0.0415 - reader cost: 6.4173e-04
 97/177 [===============>..............] - ETA: 3s - batch_cost: 0.0415 - reader cost: 6.2850e-04
 99/177 [===============>..............] - ETA: 3s - batch_cost: 0.0415 - reader cost: 6.1580e-04
101/177 [================>.............] - ETA: 3s - batch_cost: 0.0415 - reader cost: 6.0361e-04
103/177 [================>.............] - ETA: 3s - batch_cost: 0.0415 - reader cost: 5.9189e-04
105/177 [================>.............] - ETA: 2s - batch_cost: 0.0415 - reader cost: 5.9012e-04
107/177 [=================>............] - ETA: 2s - batch_cost: 0.0415 - reader cost: 5.7909e-04
109/177 [=================>............] - ETA: 2s - batch_cost: 0.0415 - reader cost: 5.6846e-04
111/177 [=================>............] - ETA: 2s - batch_cost: 0.0415 - reader cost: 5.5822e-04
113/177 [==================>...........] - ETA: 2s - batch_cost: 0.0415 - reader cost: 5.4834e-04
115/177 [==================>...........] - ETA: 2s - batch_cost: 0.0415 - reader cost: 5.3880e-04
117/177 [==================>...........] - ETA: 2s - batch_cost: 0.0415 - reader cost: 5.2959e-04
119/177 [===================>..........] - ETA: 2s - batch_cost: 0.0415 - reader cost: 5.2069e-04
121/177 [===================>..........] - ETA: 2s - batch_cost: 0.0415 - reader cost: 5.1209e-04
123/177 [===================>..........] - ETA: 2s - batch_cost: 0.0415 - reader cost: 5.0376e-04
125/177 [====================>.........] - ETA: 2s - batch_cost: 0.0415 - reader cost: 4.9570e-04
127/177 [====================>.........] - ETA: 2s - batch_cost: 0.0415 - reader cost: 4.8789e-04
129/177 [====================>.........] - ETA: 1s - batch_cost: 0.0415 - reader cost: 4.8033e-04
131/177 [=====================>........] - ETA: 1s - batch_cost: 0.0415 - reader cost: 4.7300e-04
133/177 [=====================>........] - ETA: 1s - batch_cost: 0.0415 - reader cost: 4.6588e-04
135/177 [=====================>........] - ETA: 1s - batch_cost: 0.0415 - reader cost: 4.5898e-04
137/177 [======================>.......] - ETA: 1s - batch_cost: 0.0415 - reader cost: 4.5228e-04
139/177 [======================>.......] - ETA: 1s - batch_cost: 0.0415 - reader cost: 4.4577e-04
141/177 [======================>.......] - ETA: 1s - batch_cost: 0.0415 - reader cost: 4.3945e-04
143/177 [=======================>......] - ETA: 1s - batch_cost: 0.0415 - reader cost: 4.3330e-04
145/177 [=======================>......] - ETA: 1s - batch_cost: 0.0415 - reader cost: 4.2733e-04
147/177 [=======================>......] - ETA: 1s - batch_cost: 0.0415 - reader cost: 4.2151e-04
149/177 [========================>.....] - ETA: 1s - batch_cost: 0.0415 - reader cost: 4.1585e-04
151/177 [========================>.....] - ETA: 1s - batch_cost: 0.0415 - reader cost: 4.1035e-04
153/177 [========================>.....] - ETA: 0s - batch_cost: 0.0415 - reader cost: 4.0498e-04
155/177 [=========================>....] - ETA: 0s - batch_cost: 0.0415 - reader cost: 3.9976e-04
157/177 [=========================>....] - ETA: 0s - batch_cost: 0.0415 - reader cost: 3.9466e-04
159/177 [=========================>....] - ETA: 0s - batch_cost: 0.0415 - reader cost: 3.8970e-04
161/177 [==========================>...] - ETA: 0s - batch_cost: 0.0415 - reader cost: 3.8486e-04
163/177 [==========================>...] - ETA: 0s - batch_cost: 0.0415 - reader cost: 3.8014e-04
165/177 [==========================>...] - ETA: 0s - batch_cost: 0.0415 - reader cost: 3.7553e-04
167/177 [===========================>..] - ETA: 0s - batch_cost: 0.0415 - reader cost: 3.7103e-04
169/177 [===========================>..] - ETA: 0s - batch_cost: 0.0415 - reader cost: 3.6664e-04
171/177 [===========================>..] - ETA: 0s - batch_cost: 0.0415 - reader cost: 3.6235e-04
173/177 [============================>.] - ETA: 0s - batch_cost: 0.0415 - reader cost: 3.5816e-04
175/177 [============================>.] - ETA: 0s - batch_cost: 0.0415 - reader cost: 3.5407e-04
177/177 [==============================] - 7s 42ms/step - batch_cost: 0.0415 - reader cost: 3.5007e-04
[2026/10/07 00:53:12] INFO: [EVAL] #Images: 177 mIoU: 0.8686 Acc: 0.9904 Kappa: 0.8503 Dice: 0.9251
[2026/10/07 00:53:12] INFO: [EVAL] Class IoU: 
[0.9901 0.7471]
[2026/10/07 00:53:12] INFO: [EVAL] Class Precision: 
[0.9963 0.8247]
[2026/10/07 00:53:12] INFO: [EVAL] Class Recall: 
[0.9938 0.888 ]
[2026/10/07 00:53:12] INFO: [EVAL] The model with the best validation mIoU (0.8661) was saved at iter 9000.
[2026/10/07 00:53:12] INFO: [EVAL] The EMA model with the best validation mIoU (0.8686) was saved at iter 10000.
[2026/10/07 00:53:13] INFO: [TRAIN] epoch: 29, iter: 10010/18000, loss: 0.0376, lr: 0.000027, batch_cost: 0.0491, reader_cost: 0.00314, ips: 81.4471 samples/sec, max_mem_reserved: 1731 MB, max_mem_allocated: 1081 MB | ETA 00:06:32
[2026/10/07 00:53:14] INFO: [TRAIN] epoch: 29, iter: 10020/18000, loss: 0.0381, lr: 0.000027, batch_cost: 0.0851, reader_cost: 0.03691, ips: 47.0275 samples/sec, max_mem_reserved: 1731 MB, max_mem_allocated: 1081 MB | ETA 00:11:18
[2026/10/07 00:53:15] INFO: [TRAIN] epoch: 29, iter: 10030/18000, loss: 0.0339, lr: 0.000027, batch_cost: 0.0856, reader_cost: 0.03842, ips: 46.7154 samples/sec, max_mem_reserved: 1731 MB, max_mem_allocated: 1081 MB | ETA 00:11:22
[2026/10/07 00:53:16] INFO: [TRAIN] epoch: 29, iter: 10040/18000, loss: 0.0387, lr: 0.000027, batch_cost: 0.0857, reader_cost: 0.03886, ips: 46.6767 samples/sec, max_mem_reserved: 1731 MB, max_mem_allocated: 1081 MB | ETA 00:11:22
[2026/10/07 00:53:17] INFO: [TRAIN] epoch: 29, iter: 10050/18000, loss: 0.0367, lr: 0.000027, batch_cost: 0.0834, reader_cost: 0.03768, ips: 47.9589 samples/sec, max_mem_reserved: 1731 MB, max_mem_allocated: 1081 MB | ETA 00:11:03
[2026/10/07 00:53:18] INFO: [TRAIN] epoch: 29, iter: 10060/18000, loss: 0.0429, lr: 0.000026, batch_cost: 0.0850, reader_cost: 0.03578, ips: 47.0677 samples/sec, max_mem_reserved: 1731 MB, max_mem_allocated: 1081 MB | ETA 00:11:14
[2026/10/07 00:53:19] INFO: [TRAIN] epoch: 29, iter: 10070/18000, loss: 0.0377, lr: 0.000026, batch_cost: 0.0865, reader_cost: 0.03870, ips: 46.2322 samples/sec, max_mem_reserved: 1731 MB, max_mem_allocated: 1081 MB | ETA 00:11:26
[2026/10/07 00:53:19] INFO: [TRAIN] epoch: 29, iter: 10080/18000, loss: 0.0335, lr: 0.000026, batch_cost: 0.0834, reader_cost: 0.03566, ips: 47.9793 samples/sec, max_mem_reserved: 1731 MB, max_mem_allocated: 1081 MB | ETA 00:11:00
[2026/10/07 00:53:20] INFO: [TRAIN] epoch: 29, iter: 10090/18000, loss: 0.0312, lr: 0.000026, batch_cost: 0.0816, reader_cost: 0.03258, ips: 49.0341 samples/sec, max_mem_reserved: 1731 MB, max_mem_allocated: 1081 MB | ETA 00:10:45
[2026/10/07 00:53:21] INFO: [TRAIN] epoch: 29, iter: 10100/18000, loss: 0.0878, lr: 0.000026, batch_cost: 0.0843, reader_cost: 0.03710, ips: 47.4276 samples/sec, max_mem_reserved: 1731 MB, max_mem_allocated: 1081 MB | ETA 00:11:06
[2026/10/07 00:53:22] INFO: [TRAIN] epoch: 29, iter: 10110/18000, loss: 0.0337, lr: 0.000026, batch_cost: 0.0846, reader_cost: 0.03761, ips: 47.2762 samples/sec, max_mem_reserved: 1731 MB, max_mem_allocated: 1081 MB | ETA 00:11:07
[2026/10/07 00:53:23] INFO: [TRAIN] epoch: 29, iter: 10120/18000, loss: 0.0484, lr: 0.000026, batch_cost: 0.0860, reader_cost: 0.03805, ips: 46.4918 samples/sec, max_mem_reserved: 1731 MB, max_mem_allocated: 1081 MB | ETA 00:11:17
[2026/10/07 00:53:24] INFO: [TRAIN] epoch: 29, iter: 10130/18000, loss: 0.0352, lr: 0.000026, batch_cost: 0.0836, reader_cost: 0.03675, ips: 47.8643 samples/sec, max_mem_reserved: 1731 MB, max_mem_allocated: 1081 MB | ETA 00:10:57
[2026/10/07 00:53:25] INFO: [TRAIN] epoch: 29, iter: 10140/18000, loss: 0.0338, lr: 0.000026, batch_cost: 0.0816, reader_cost: 0.03348, ips: 49.0470 samples/sec, max_mem_reserved: 1731 MB, max_mem_allocated: 1081 MB | ETA 00:10:41
[2026/10/07 00:53:26] INFO: [TRAIN] epoch: 29, iter: 10150/18000, loss: 0.0327, lr: 0.000026, batch_cost: 0.0832, reader_cost: 0.03626, ips: 48.0654 samples/sec, max_mem_reserved: 1731 MB, max_mem_allocated: 1081 MB | ETA 00:10:53
[2026/10/07 00:53:27] INFO: [TRAIN] epoch: 30, iter: 10160/18000, loss: 0.0335, lr: 0.000026, batch_cost: 0.0862, reader_cost: 0.03968, ips: 46.3863 samples/sec, max_mem_reserved: 1731 MB, max_mem_allocated: 1081 MB | ETA 00:11:16
[2026/10/07 00:53:28] INFO: [TRAIN] epoch: 30, iter: 10170/18000, loss: 0.0285, lr: 0.000026, batch_cost: 0.0816, reader_cost: 0.03475, ips: 48.9990 samples/sec, max_mem_reserved: 1731 MB, max_mem_allocated: 1081 MB | ETA 00:10:39
[2026/10/07 00:53:29] INFO: [TRAIN] epoch: 30, iter: 10180/18000, loss: 0.0293, lr: 0.000026, batch_cost: 0.0865, reader_cost: 0.03787, ips: 46.2443 samples/sec, max_mem_reserved: 1731 MB, max_mem_allocated: 1081 MB | ETA 00:11:16
[2026/10/07 00:53:30] INFO: [TRAIN] epoch: 30, iter: 10190/18000, loss: 0.0334, lr: 0.000026, batch_cost: 0.0844, reader_cost: 0.03541, ips: 47.4185 samples/sec, max_mem_reserved: 1731 MB, max_mem_allocated: 1081 MB | ETA 00:10:58
[2026/10/07 00:53:31] INFO: [TRAIN] epoch: 30, iter: 10200/18000, loss: 0.0417, lr: 0.000026, batch_cost: 0.0850, reader_cost: 0.03727, ips: 47.0769 samples/sec, max_mem_reserved: 1731 MB, max_mem_allocated: 1081 MB | ETA 00:11:02
[2026/10/07 00:53:32] INFO: [TRAIN] epoch: 30, iter: 10210/18000, loss: 0.0345, lr: 0.000026, batch_cost: 0.0860, reader_cost: 0.03912, ips: 46.4852 samples/sec, max_mem_reserved: 1731 MB, max_mem_allocated: 1081 MB | ETA 00:11:10
[2026/10/07 00:53:33] INFO: [TRAIN] epoch: 30, iter: 10220/18000, loss: 0.0262, lr: 0.000026, batch_cost: 0.0882, reader_cost: 0.04371, ips: 45.3330 samples/sec, max_mem_reserved: 1731 MB, max_mem_allocated: 1081 MB | ETA 00:11:26
[2026/10/07 00:53:34] INFO: [TRAIN] epoch: 30, iter: 10230/18000, loss: 0.0333, lr: 0.000026, batch_cost: 0.0861, reader_cost: 0.04018, ips: 46.4694 samples/sec, max_mem_reserved: 1731 MB, max_mem_allocated: 1081 MB | ETA 00:11:08
[2026/10/07 00:53:35] INFO: [TRAIN] epoch: 30, iter: 10240/18000, loss: 0.0417, lr: 0.000026, batch_cost: 0.0839, reader_cost: 0.03429, ips: 47.6772 samples/sec, max_mem_reserved: 1731 MB, max_mem_allocated: 1081 MB | ETA 00:10:51
[2026/10/07 00:53:36] INFO: [TRAIN] epoch: 30, iter: 10250/18000, loss: 0.0314, lr: 0.000026, batch_cost: 0.0898, reader_cost: 0.04317, ips: 44.5519 samples/sec, max_mem_reserved: 1731 MB, max_mem_allocated: 1081 MB | ETA 00:11:35
[2026/10/07 00:53:37] INFO: [TRAIN] epoch: 30, iter: 10260/18000, loss: 0.0267, lr: 0.000026, batch_cost: 0.0820, reader_cost: 0.03496, ips: 48.7925 samples/sec, max_mem_reserved: 1731 MB, max_mem_allocated: 1081 MB | ETA 00:10:34
[2026/10/07 00:53:38] INFO: [TRAIN] epoch: 30, iter: 10270/18000, loss: 0.0244, lr: 0.000026, batch_cost: 0.0822, reader_cost: 0.03511, ips: 48.6702 samples/sec, max_mem_reserved: 1731 MB, max_mem_allocated: 1081 MB | ETA 00:10:35
[2026/10/07 00:53:39] INFO: [TRAIN] epoch: 30, iter: 10280/18000, loss: 0.0269, lr: 0.000026, batch_cost: 0.0851, reader_cost: 0.03680, ips: 47.0159 samples/sec, max_mem_reserved: 1731 MB, max_mem_allocated: 1081 MB | ETA 00:10:56
[2026/10/07 00:53:40] INFO: [TRAIN] epoch: 30, iter: 10290/18000, loss: 0.0426, lr: 0.000026, batch_cost: 0.0813, reader_cost: 0.03373, ips: 49.1964 samples/sec, max_mem_reserved: 1731 MB, max_mem_allocated: 1081 MB | ETA 00:10:26
[2026/10/07 00:53:41] INFO: [TRAIN] epoch: 30, iter: 10300/18000, loss: 0.0384, lr: 0.000026, batch_cost: 0.0826, reader_cost: 0.03694, ips: 48.4128 samples/sec, max_mem_reserved: 1731 MB, max_mem_allocated: 1081 MB | ETA 00:10:36
[2026/10/07 00:53:42] INFO: [TRAIN] epoch: 30, iter: 10310/18000, loss: 0.0263, lr: 0.000026, batch_cost: 0.0815, reader_cost: 0.03409, ips: 49.0861 samples/sec, max_mem_reserved: 1731 MB, max_mem_allocated: 1081 MB | ETA 00:10:26
[2026/10/07 00:53:43] INFO: [TRAIN] epoch: 30, iter: 10320/18000, loss: 0.0332, lr: 0.000026, batch_cost: 0.0864, reader_cost: 0.04038, ips: 46.3204 samples/sec, max_mem_reserved: 1731 MB, max_mem_allocated: 1081 MB | ETA 00:11:03
[2026/10/07 00:53:44] INFO: [TRAIN] epoch: 30, iter: 10330/18000, loss: 0.0333, lr: 0.000026, batch_cost: 0.0860, reader_cost: 0.03839, ips: 46.4938 samples/sec, max_mem_reserved: 1731 MB, max_mem_allocated: 1081 MB | ETA 00:10:59
[2026/10/07 00:53:45] INFO: [TRAIN] epoch: 30, iter: 10340/18000, loss: 0.0262, lr: 0.000026, batch_cost: 0.0866, reader_cost: 0.04195, ips: 46.2155 samples/sec, max_mem_reserved: 1731 MB, max_mem_allocated: 1081 MB | ETA 00:11:02
[2026/10/07 00:53:46] INFO: [TRAIN] epoch: 30, iter: 10350/18000, loss: 0.0257, lr: 0.000026, batch_cost: 0.0861, reader_cost: 0.03738, ips: 46.4588 samples/sec, max_mem_reserved: 1731 MB, max_mem_allocated: 1081 MB | ETA 00:10:58
[2026/10/07 00:53:46] INFO: [TRAIN] epoch: 30, iter: 10360/18000, loss: 0.0331, lr: 0.000025, batch_cost: 0.0825, reader_cost: 0.03460, ips: 48.4615 samples/sec, max_mem_reserved: 1731 MB, max_mem_allocated: 1081 MB | ETA 00:10:30
[2026/10/07 00:53:47] INFO: [TRAIN] epoch: 30, iter: 10370/18000, loss: 0.0487, lr: 0.000025, batch_cost: 0.0849, reader_cost: 0.03652, ips: 47.0929 samples/sec, max_mem_reserved: 1731 MB, max_mem_allocated: 1081 MB | ETA 00:10:48
[2026/10/07 00:53:48] INFO: [TRAIN] epoch: 30, iter: 10380/18000, loss: 0.0388, lr: 0.000025, batch_cost: 0.0876, reader_cost: 0.03813, ips: 45.6484 samples/sec, max_mem_reserved: 1731 MB, max_mem_allocated: 1081 MB | ETA 00:11:07
[2026/10/07 00:53:49] INFO: [TRAIN] epoch: 30, iter: 10390/18000, loss: 0.0235, lr: 0.000025, batch_cost: 0.0824, reader_cost: 0.03361, ips: 48.5349 samples/sec, max_mem_reserved: 1731 MB, max_mem_allocated: 1081 MB | ETA 00:10:27
[2026/10/07 00:53:50] INFO: [TRAIN] epoch: 30, iter: 10400/18000, loss: 0.0304, lr: 0.000025, batch_cost: 0.0875, reader_cost: 0.04022, ips: 45.7153 samples/sec, max_mem_reserved: 1731 MB, max_mem_allocated: 1081 MB | ETA 00:11:04
[2026/10/07 00:53:51] INFO: [TRAIN] epoch: 30, iter: 10410/18000, loss: 0.0333, lr: 0.000025, batch_cost: 0.0850, reader_cost: 0.03783, ips: 47.0819 samples/sec, max_mem_reserved: 1731 MB, max_mem_allocated: 1081 MB | ETA 00:10:44
[2026/10/07 00:53:52] INFO: [TRAIN] epoch: 30, iter: 10420/18000, loss: 0.0361, lr: 0.000025, batch_cost: 0.0860, reader_cost: 0.03802, ips: 46.5289 samples/sec, max_mem_reserved: 1731 MB, max_mem_allocated: 1081 MB | ETA 00:10:51
[2026/10/07 00:53:53] INFO: [TRAIN] epoch: 30, iter: 10430/18000, loss: 0.0337, lr: 0.000025, batch_cost: 0.0846, reader_cost: 0.03650, ips: 47.2822 samples/sec, max_mem_reserved: 1731 MB, max_mem_allocated: 1081 MB | ETA 00:10:40
[2026/10/07 00:53:54] INFO: [TRAIN] epoch: 30, iter: 10440/18000, loss: 0.0332, lr: 0.000025, batch_cost: 0.0785, reader_cost: 0.03040, ips: 50.9348 samples/sec, max_mem_reserved: 1731 MB, max_mem_allocated: 1081 MB | ETA 00:09:53
[2026/10/07 00:53:55] INFO: [TRAIN] epoch: 30, iter: 10450/18000, loss: 0.0265, lr: 0.000025, batch_cost: 0.0852, reader_cost: 0.03682, ips: 46.9730 samples/sec, max_mem_reserved: 1731 MB, max_mem_allocated: 1081 MB | ETA 00:10:42
[2026/10/07 00:53:56] INFO: [TRAIN] epoch: 30, iter: 10460/18000, loss: 0.0347, lr: 0.000025, batch_cost: 0.0789, reader_cost: 0.02894, ips: 50.7236 samples/sec, max_mem_reserved: 1731 MB, max_mem_allocated: 1081 MB | ETA 00:09:54
[2026/10/07 00:53:57] INFO: [TRAIN] epoch: 30, iter: 10470/18000, loss: 0.0318, lr: 0.000025, batch_cost: 0.0823, reader_cost: 0.03203, ips: 48.6251 samples/sec, max_mem_reserved: 1731 MB, max_mem_allocated: 1081 MB | ETA 00:10:19
[2026/10/07 00:53:58] INFO: [TRAIN] epoch: 30, iter: 10480/18000, loss: 0.0369, lr: 0.000025, batch_cost: 0.0825, reader_cost: 0.03453, ips: 48.4798 samples/sec, max_mem_reserved: 1731 MB, max_mem_allocated: 1081 MB | ETA 00:10:20
[2026/10/07 00:53:59] INFO: [TRAIN] epoch: 30, iter: 10490/18000, loss: 0.0280, lr: 0.000025, batch_cost: 0.0838, reader_cost: 0.03498, ips: 47.7560 samples/sec, max_mem_reserved: 1731 MB, max_mem_allocated: 1081 MB | ETA 00:10:29
[2026/10/07 00:54:00] INFO: [TRAIN] epoch: 30, iter: 10500/18000, loss: 0.0355, lr: 0.000025, batch_cost: 0.0785, reader_cost: 0.02954, ips: 50.9383 samples/sec, max_mem_reserved: 1731 MB, max_mem_allocated: 1081 MB | ETA 00:09:48
[2026/10/07 00:54:01] INFO: [TRAIN] epoch: 31, iter: 10510/18000, loss: 0.0265, lr: 0.000025, batch_cost: 0.0877, reader_cost: 0.03895, ips: 45.6071 samples/sec, max_mem_reserved: 1731 MB, max_mem_allocated: 1081 MB | ETA 00:10:56
[2026/10/07 00:54:02] INFO: [TRAIN] epoch: 31, iter: 10520/18000, loss: 0.0334, lr: 0.000025, batch_cost: 0.0832, reader_cost: 0.03375, ips: 48.0613 samples/sec, max_mem_reserved: 1731 MB, max_mem_allocated: 1081 MB | ETA 00:10:22
[2026/10/07 00:54:03] INFO: [TRAIN] epoch: 31, iter: 10530/18000, loss: 0.0319, lr: 0.000025, batch_cost: 0.0792, reader_cost: 0.03094, ips: 50.4936 samples/sec, max_mem_reserved: 1731 MB, max_mem_allocated: 1081 MB | ETA 00:09:51
[2026/10/07 00:54:04] INFO: [TRAIN] epoch: 31, iter: 10540/18000, loss: 0.0333, lr: 0.000025, batch_cost: 0.0816, reader_cost: 0.03263, ips: 49.0248 samples/sec, max_mem_reserved: 1731 MB, max_mem_allocated: 1081 MB | ETA 00:10:08
[2026/10/07 00:54:05] INFO: [TRAIN] epoch: 31, iter: 10550/18000, loss: 0.0368, lr: 0.000025, batch_cost: 0.0771, reader_cost: 0.02979, ips: 51.8555 samples/sec, max_mem_reserved: 1731 MB, max_mem_allocated: 1081 MB | ETA 00:09:34
[2026/10/07 00:54:06] INFO: [TRAIN] epoch: 31, iter: 10560/18000, loss: 0.0302, lr: 0.000025, batch_cost: 0.0803, reader_cost: 0.03228, ips: 49.7926 samples/sec, max_mem_reserved: 1731 MB, max_mem_allocated: 1081 MB | ETA 00:09:57
[2026/10/07 00:54:06] INFO: [TRAIN] epoch: 31, iter: 10570/18000, loss: 0.0318, lr: 0.000025, batch_cost: 0.0843, reader_cost: 0.03520, ips: 47.4300 samples/sec, max_mem_reserved: 1731 MB, max_mem_allocated: 1081 MB | ETA 00:10:26
[2026/10/07 00:54:07] INFO: [TRAIN] epoch: 31, iter: 10580/18000, loss: 0.0339, lr: 0.000025, batch_cost: 0.0803, reader_cost: 0.03204, ips: 49.8134 samples/sec, max_mem_reserved: 1731 MB, max_mem_allocated: 1081 MB | ETA 00:09:55
[2026/10/07 00:54:08] INFO: [TRAIN] epoch: 31, iter: 10590/18000, loss: 0.0256, lr: 0.000025, batch_cost: 0.0827, reader_cost: 0.03381, ips: 48.3886 samples/sec, max_mem_reserved: 1731 MB, max_mem_allocated: 1081 MB | ETA 00:10:12
[2026/10/07 00:54:09] INFO: [TRAIN] epoch: 31, iter: 10600/18000, loss: 0.0238, lr: 0.000025, batch_cost: 0.0821, reader_cost: 0.03234, ips: 48.7478 samples/sec, max_mem_reserved: 1731 MB, max_mem_allocated: 1081 MB | ETA 00:10:07
[2026/10/07 00:54:10] INFO: [TRAIN] epoch: 31, iter: 10610/18000, loss: 0.0422, lr: 0.000025, batch_cost: 0.0851, reader_cost: 0.03616, ips: 46.9895 samples/sec, max_mem_reserved: 1731 MB, max_mem_allocated: 1081 MB | ETA 00:10:29
[2026/10/07 00:54:11] INFO: [TRAIN] epoch: 31, iter: 10620/18000, loss: 0.0319, lr: 0.000025, batch_cost: 0.0757, reader_cost: 0.02714, ips: 52.8367 samples/sec, max_mem_reserved: 1731 MB, max_mem_allocated: 1081 MB | ETA 00:09:18
[2026/10/07 00:54:12] INFO: [TRAIN] epoch: 31, iter: 10630/18000, loss: 0.0369, lr: 0.000025, batch_cost: 0.0824, reader_cost: 0.03378, ips: 48.5410 samples/sec, max_mem_reserved: 1731 MB, max_mem_allocated: 1081 MB | ETA 00:10:07
[2026/10/07 00:54:13] INFO: [TRAIN] epoch: 31, iter: 10640/18000, loss: 0.0241, lr: 0.000025, batch_cost: 0.0810, reader_cost: 0.03207, ips: 49.3680 samples/sec, max_mem_reserved: 1731 MB, max_mem_allocated: 1081 MB | ETA 00:09:56
[2026/10/07 00:54:14] INFO: [TRAIN] epoch: 31, iter: 10650/18000, loss: 0.0350, lr: 0.000025, batch_cost: 0.0788, reader_cost: 0.02995, ips: 50.7371 samples/sec, max_mem_reserved: 1731 MB, max_mem_allocated: 1081 MB | ETA 00:09:39
[2026/10/07 00:54:15] INFO: [TRAIN] epoch: 31, iter: 10660/18000, loss: 0.0325, lr: 0.000024, batch_cost: 0.0842, reader_cost: 0.03394, ips: 47.5066 samples/sec, max_mem_reserved: 1731 MB, max_mem_allocated: 1081 MB | ETA 00:10:18
[2026/10/07 00:54:16] INFO: [TRAIN] epoch: 31, iter: 10670/18000, loss: 0.0318, lr: 0.000024, batch_cost: 0.0772, reader_cost: 0.02808, ips: 51.8157 samples/sec, max_mem_reserved: 1731 MB, max_mem_allocated: 1081 MB | ETA 00:09:25
[2026/10/07 00:54:17] INFO: [TRAIN] epoch: 31, iter: 10680/18000, loss: 0.0367, lr: 0.000024, batch_cost: 0.0816, reader_cost: 0.03242, ips: 49.0092 samples/sec, max_mem_reserved: 1731 MB, max_mem_allocated: 1081 MB | ETA 00:09:57
[2026/10/07 00:54:18] INFO: [TRAIN] epoch: 31, iter: 10690/18000, loss: 0.0335, lr: 0.000024, batch_cost: 0.0807, reader_cost: 0.03255, ips: 49.5855 samples/sec, max_mem_reserved: 1731 MB, max_mem_allocated: 1081 MB | ETA 00:09:49
[2026/10/07 00:54:19] INFO: [TRAIN] epoch: 31, iter: 10700/18000, loss: 0.0294, lr: 0.000024, batch_cost: 0.0787, reader_cost: 0.02967, ips: 50.8237 samples/sec, max_mem_reserved: 1731 MB, max_mem_allocated: 1081 MB | ETA 00:09:34
[2026/10/07 00:54:20] INFO: [TRAIN] epoch: 31, iter: 10710/18000, loss: 0.0387, lr: 0.000024, batch_cost: 0.0816, reader_cost: 0.03419, ips: 49.0081 samples/sec, max_mem_reserved: 1731 MB, max_mem_allocated: 1081 MB | ETA 00:09:55
[2026/10/07 00:54:21] INFO: [TRAIN] epoch: 31, iter: 10720/18000, loss: 0.0303, lr: 0.000024, batch_cost: 0.0802, reader_cost: 0.03147, ips: 49.8736 samples/sec, max_mem_reserved: 1731 MB, max_mem_allocated: 1081 MB | ETA 00:09:43
[2026/10/07 00:54:21] INFO: [TRAIN] epoch: 31, iter: 10730/18000, loss: 0.0274, lr: 0.000024, batch_cost: 0.0796, reader_cost: 0.03130, ips: 50.2755 samples/sec, max_mem_reserved: 1731 MB, max_mem_allocated: 1081 MB | ETA 00:09:38
[2026/10/07 00:54:22] INFO: [TRAIN] epoch: 31, iter: 10740/18000, loss: 0.0631, lr: 0.000024, batch_cost: 0.0828, reader_cost: 0.03372, ips: 48.2958 samples/sec, max_mem_reserved: 1731 MB, max_mem_allocated: 1081 MB | ETA 00:10:01
[2026/10/07 00:54:23] INFO: [TRAIN] epoch: 31, iter: 10750/18000, loss: 0.0278, lr: 0.000024, batch_cost: 0.0809, reader_cost: 0.03267, ips: 49.4487 samples/sec, max_mem_reserved: 1731 MB, max_mem_allocated: 1081 MB | ETA 00:09:46
[2026/10/07 00:54:24] INFO: [TRAIN] epoch: 31, iter: 10760/18000, loss: 0.0350, lr: 0.000024, batch_cost: 0.0820, reader_cost: 0.03401, ips: 48.7903 samples/sec, max_mem_reserved: 1731 MB, max_mem_allocated: 1081 MB | ETA 00:09:53
[2026/10/07 00:54:25] INFO: [TRAIN] epoch: 31, iter: 10770/18000, loss: 0.0371, lr: 0.000024, batch_cost: 0.0796, reader_cost: 0.03049, ips: 50.2744 samples/sec, max_mem_reserved: 1731 MB, max_mem_allocated: 1081 MB | ETA 00:09:35
[2026/10/07 00:54:26] INFO: [TRAIN] epoch: 31, iter: 10780/18000, loss: 0.0281, lr: 0.000024, batch_cost: 0.0808, reader_cost: 0.03222, ips: 49.4925 samples/sec, max_mem_reserved: 1731 MB, max_mem_allocated: 1081 MB | ETA 00:09:43
[2026/10/07 00:54:27] INFO: [TRAIN] epoch: 31, iter: 10790/18000, loss: 0.0354, lr: 0.000024, batch_cost: 0.0788, reader_cost: 0.03099, ips: 50.7635 samples/sec, max_mem_reserved: 1731 MB, max_mem_allocated: 1081 MB | ETA 00:09:28
[2026/10/07 00:54:28] INFO: [TRAIN] epoch: 31, iter: 10800/18000, loss: 0.0364, lr: 0.000024, batch_cost: 0.0809, reader_cost: 0.03150, ips: 49.4636 samples/sec, max_mem_reserved: 1731 MB, max_mem_allocated: 1081 MB | ETA 00:09:42
[2026/10/07 00:54:29] INFO: [TRAIN] epoch: 31, iter: 10810/18000, loss: 0.0246, lr: 0.000024, batch_cost: 0.0788, reader_cost: 0.02955, ips: 50.7831 samples/sec, max_mem_reserved: 1731 MB, max_mem_allocated: 1081 MB | ETA 00:09:26
[2026/10/07 00:54:30] INFO: [TRAIN] epoch: 31, iter: 10820/18000, loss: 0.0362, lr: 0.000024, batch_cost: 0.0788, reader_cost: 0.03020, ips: 50.7453 samples/sec, max_mem_reserved: 1731 MB, max_mem_allocated: 1081 MB | ETA 00:09:25
[2026/10/07 00:54:31] INFO: [TRAIN] epoch: 31, iter: 10830/18000, loss: 0.0352, lr: 0.000024, batch_cost: 0.0780, reader_cost: 0.02911, ips: 51.3107 samples/sec, max_mem_reserved: 1731 MB, max_mem_allocated: 1081 MB | ETA 00:09:18
[2026/10/07 00:54:32] INFO: [TRAIN] epoch: 31, iter: 10840/18000, loss: 0.0338, lr: 0.000024, batch_cost: 0.0811, reader_cost: 0.03317, ips: 49.3175 samples/sec, max_mem_reserved: 1731 MB, max_mem_allocated: 1081 MB | ETA 00:09:40
[2026/10/07 00:54:33] INFO: [TRAIN] epoch: 31, iter: 10850/18000, loss: 0.0299, lr: 0.000024, batch_cost: 0.0817, reader_cost: 0.03385, ips: 48.9460 samples/sec, max_mem_reserved: 1731 MB, max_mem_allocated: 1081 MB | ETA 00:09:44
[2026/10/07 00:54:34] INFO: [TRAIN] epoch: 32, iter: 10860/18000, loss: 0.0391, lr: 0.000024, batch_cost: 0.0863, reader_cost: 0.04063, ips: 46.3513 samples/sec, max_mem_reserved: 1731 MB, max_mem_allocated: 1081 MB | ETA 00:10:16
[2026/10/07 00:54:35] INFO: [TRAIN] epoch: 32, iter: 10870/18000, loss: 0.0439, lr: 0.000024, batch_cost: 0.0840, reader_cost: 0.03517, ips: 47.6256 samples/sec, max_mem_reserved: 1731 MB, max_mem_allocated: 1081 MB | ETA 00:09:58
[2026/10/07 00:54:36] INFO: [TRAIN] epoch: 32, iter: 10880/18000, loss: 0.0308, lr: 0.000024, batch_cost: 0.0818, reader_cost: 0.03470, ips: 48.9247 samples/sec, max_mem_reserved: 1731 MB, max_mem_allocated: 1081 MB | ETA 00:09:42
[2026/10/07 00:54:37] INFO: [TRAIN] epoch: 32, iter: 10890/18000, loss: 0.0269, lr: 0.000024, batch_cost: 0.0838, reader_cost: 0.03749, ips: 47.7343 samples/sec, max_mem_reserved: 1731 MB, max_mem_allocated: 1081 MB | ETA 00:09:55
[2026/10/07 00:54:37] INFO: [TRAIN] epoch: 32, iter: 10900/18000, loss: 0.0280, lr: 0.000024, batch_cost: 0.0790, reader_cost: 0.03191, ips: 50.6182 samples/sec, max_mem_reserved: 1731 MB, max_mem_allocated: 1081 MB | ETA 00:09:21
[2026/10/07 00:54:38] INFO: [TRAIN] epoch: 32, iter: 10910/18000, loss: 0.0212, lr: 0.000024, batch_cost: 0.0899, reader_cost: 0.04350, ips: 44.4922 samples/sec, max_mem_reserved: 1731 MB, max_mem_allocated: 1081 MB | ETA 00:10:37
[2026/10/07 00:54:39] INFO: [TRAIN] epoch: 32, iter: 10920/18000, loss: 0.0424, lr: 0.000024, batch_cost: 0.0833, reader_cost: 0.03506, ips: 48.0410 samples/sec, max_mem_reserved: 1731 MB, max_mem_allocated: 1081 MB | ETA 00:09:49
[2026/10/07 00:54:40] INFO: [TRAIN] epoch: 32, iter: 10930/18000, loss: 0.0266, lr: 0.000024, batch_cost: 0.0840, reader_cost: 0.03637, ips: 47.6159 samples/sec, max_mem_reserved: 1731 MB, max_mem_allocated: 1081 MB | ETA 00:09:53
[2026/10/07 00:54:41] INFO: [TRAIN] epoch: 32, iter: 10940/18000, loss: 0.0332, lr: 0.000024, batch_cost: 0.0897, reader_cost: 0.03887, ips: 44.5760 samples/sec, max_mem_reserved: 1731 MB, max_mem_allocated: 1081 MB | ETA 00:10:33
[2026/10/07 00:54:42] INFO: [TRAIN] epoch: 32, iter: 10950/18000, loss: 0.0274, lr: 0.000024, batch_cost: 0.0843, reader_cost: 0.03437, ips: 47.4334 samples/sec, max_mem_reserved: 1731 MB, max_mem_allocated: 1081 MB | ETA 00:09:54
[2026/10/07 00:54:43] INFO: [TRAIN] epoch: 32, iter: 10960/18000, loss: 0.0277, lr: 0.000023, batch_cost: 0.0817, reader_cost: 0.03665, ips: 48.9711 samples/sec, max_mem_reserved: 1731 MB, max_mem_allocated: 1081 MB | ETA 00:09:35
[2026/10/07 00:54:44] INFO: [TRAIN] epoch: 32, iter: 10970/18000, loss: 0.0271, lr: 0.000023, batch_cost: 0.0821, reader_cost: 0.03481, ips: 48.6976 samples/sec, max_mem_reserved: 1731 MB, max_mem_allocated: 1081 MB | ETA 00:09:37
[2026/10/07 00:54:45] INFO: [TRAIN] epoch: 32, iter: 10980/18000, loss: 0.0419, lr: 0.000023, batch_cost: 0.0810, reader_cost: 0.03303, ips: 49.4064 samples/sec, max_mem_reserved: 1731 MB, max_mem_allocated: 1081 MB | ETA 00:09:28
[2026/10/07 00:54:46] INFO: [TRAIN] epoch: 32, iter: 10990/18000, loss: 0.0286, lr: 0.000023, batch_cost: 0.0854, reader_cost: 0.03654, ips: 46.8604 samples/sec, max_mem_reserved: 1731 MB, max_mem_allocated: 1081 MB | ETA 00:09:58
[2026/10/07 00:54:47] INFO: [TRAIN] epoch: 32, iter: 11000/18000, loss: 0.0442, lr: 0.000023, batch_cost: 0.0818, reader_cost: 0.03397, ips: 48.9082 samples/sec, max_mem_reserved: 1731 MB, max_mem_allocated: 1081 MB | ETA 00:09:32
[2026/10/07 00:54:47] INFO: Start evaluating (total_samples: 177, total_iters: 177)...

  1/177 [..............................] - ETA: 9s - batch_cost: 0.0514 - reader cost: 0.0356
  3/177 [..............................] - ETA: 8s - batch_cost: 0.0460 - reader cost: 0.0255
  5/177 [..............................] - ETA: 7s - batch_cost: 0.0446 - reader cost: 0.0172
  7/177 [>.............................] - ETA: 7s - batch_cost: 0.0438 - reader cost: 0.0123
  9/177 [>.............................] - ETA: 7s - batch_cost: 0.0438 - reader cost: 0.0095
 11/177 [>.............................] - ETA: 7s - batch_cost: 0.0433 - reader cost: 0.0079
 13/177 [=>............................] - ETA: 7s - batch_cost: 0.0429 - reader cost: 0.0067
 15/177 [=>............................] - ETA: 6s - batch_cost: 0.0428 - reader cost: 0.0059
 17/177 [=>............................] - ETA: 6s - batch_cost: 0.0429 - reader cost: 0.0052
 19/177 [==>...........................] - ETA: 6s - batch_cost: 0.0425 - reader cost: 0.0046
 21/177 [==>...........................] - ETA: 6s - batch_cost: 0.0423 - reader cost: 0.0042
 23/177 [==>...........................] - ETA: 6s - batch_cost: 0.0422 - reader cost: 0.0039
 25/177 [===>..........................] - ETA: 6s - batch_cost: 0.0422 - reader cost: 0.0036
 27/177 [===>..........................] - ETA: 6s - batch_cost: 0.0422 - reader cost: 0.0033
 29/177 [===>..........................] - ETA: 6s - batch_cost: 0.0421 - reader cost: 0.0031
 31/177 [====>.........................] - ETA: 6s - batch_cost: 0.0420 - reader cost: 0.0029
 33/177 [====>.........................] - ETA: 6s - batch_cost: 0.0420 - reader cost: 0.0027
 35/177 [====>.........................] - ETA: 5s - batch_cost: 0.0419 - reader cost: 0.0025
 37/177 [=====>........................] - ETA: 5s - batch_cost: 0.0420 - reader cost: 0.0024
 39/177 [=====>........................] - ETA: 5s - batch_cost: 0.0419 - reader cost: 0.0023
 41/177 [=====>........................] - ETA: 5s - batch_cost: 0.0418 - reader cost: 0.0022
 43/177 [======>.......................] - ETA: 5s - batch_cost: 0.0418 - reader cost: 0.0021
 45/177 [======>.......................] - ETA: 5s - batch_cost: 0.0418 - reader cost: 0.0020
 47/177 [======>.......................] - ETA: 5s - batch_cost: 0.0417 - reader cost: 0.0019
 49/177 [=======>......................] - ETA: 5s - batch_cost: 0.0418 - reader cost: 0.0018
 51/177 [=======>......................] - ETA: 5s - batch_cost: 0.0418 - reader cost: 0.0017
 53/177 [=======>......................] - ETA: 5s - batch_cost: 0.0418 - reader cost: 0.0017
 55/177 [========>.....................] - ETA: 5s - batch_cost: 0.0418 - reader cost: 0.0016
 57/177 [========>.....................] - ETA: 5s - batch_cost: 0.0418 - reader cost: 0.0016
 59/177 [=========>....................] - ETA: 4s - batch_cost: 0.0418 - reader cost: 0.0015
 61/177 [=========>....................] - ETA: 4s - batch_cost: 0.0418 - reader cost: 0.0015
 63/177 [=========>....................] - ETA: 4s - batch_cost: 0.0418 - reader cost: 0.0014
 65/177 [==========>...................] - ETA: 4s - batch_cost: 0.0418 - reader cost: 0.0014
 67/177 [==========>...................] - ETA: 4s - batch_cost: 0.0417 - reader cost: 0.0014
 69/177 [==========>...................] - ETA: 4s - batch_cost: 0.0417 - reader cost: 0.0013
 71/177 [===========>..................] - ETA: 4s - batch_cost: 0.0417 - reader cost: 0.0013
 73/177 [===========>..................] - ETA: 4s - batch_cost: 0.0417 - reader cost: 0.0013
 75/177 [===========>..................] - ETA: 4s - batch_cost: 0.0417 - reader cost: 0.0012
 77/177 [============>.................] - ETA: 4s - batch_cost: 0.0417 - reader cost: 0.0012
 79/177 [============>.................] - ETA: 4s - batch_cost: 0.0417 - reader cost: 0.0012
 81/177 [============>.................] - ETA: 4s - batch_cost: 0.0417 - reader cost: 0.0011
 83/177 [=============>................] - ETA: 3s - batch_cost: 0.0417 - reader cost: 0.0011
 85/177 [=============>................] - ETA: 3s - batch_cost: 0.0417 - reader cost: 0.0011
 87/177 [=============>................] - ETA: 3s - batch_cost: 0.0417 - reader cost: 0.0011
 89/177 [==============>...............] - ETA: 3s - batch_cost: 0.0417 - reader cost: 0.0010
 91/177 [==============>...............] - ETA: 3s - batch_cost: 0.0417 - reader cost: 0.0010
 93/177 [==============>...............] - ETA: 3s - batch_cost: 0.0417 - reader cost: 9.9860e-04
 95/177 [===============>..............] - ETA: 3s - batch_cost: 0.0417 - reader cost: 9.8820e-04
 97/177 [===============>..............] - ETA: 3s - batch_cost: 0.0417 - reader cost: 9.6782e-04
 99/177 [===============>..............] - ETA: 3s - batch_cost: 0.0417 - reader cost: 9.4827e-04
101/177 [================>.............] - ETA: 3s - batch_cost: 0.0417 - reader cost: 9.2949e-04
103/177 [================>.............] - ETA: 3s - batch_cost: 0.0417 - reader cost: 9.1636e-04
105/177 [================>.............] - ETA: 3s - batch_cost: 0.0416 - reader cost: 8.9890e-04
107/177 [=================>............] - ETA: 2s - batch_cost: 0.0416 - reader cost: 8.8210e-04
109/177 [=================>............] - ETA: 2s - batch_cost: 0.0416 - reader cost: 8.6591e-04
111/177 [=================>............] - ETA: 2s - batch_cost: 0.0416 - reader cost: 8.5031e-04
113/177 [==================>...........] - ETA: 2s - batch_cost: 0.0416 - reader cost: 8.3526e-04
115/177 [==================>...........] - ETA: 2s - batch_cost: 0.0416 - reader cost: 8.2074e-04
117/177 [==================>...........] - ETA: 2s - batch_cost: 0.0416 - reader cost: 8.0671e-04
119/177 [===================>..........] - ETA: 2s - batch_cost: 0.0416 - reader cost: 7.9315e-04
121/177 [===================>..........] - ETA: 2s - batch_cost: 0.0416 - reader cost: 7.8004e-04
123/177 [===================>..........] - ETA: 2s - batch_cost: 0.0416 - reader cost: 7.6736e-04
125/177 [====================>.........] - ETA: 2s - batch_cost: 0.0416 - reader cost: 7.5508e-04
127/177 [====================>.........] - ETA: 2s - batch_cost: 0.0416 - reader cost: 7.4319e-04
129/177 [====================>.........] - ETA: 2s - batch_cost: 0.0416 - reader cost: 7.3944e-04
131/177 [=====================>........] - ETA: 1s - batch_cost: 0.0416 - reader cost: 7.2815e-04
133/177 [=====================>........] - ETA: 1s - batch_cost: 0.0416 - reader cost: 7.1720e-04
135/177 [=====================>........] - ETA: 1s - batch_cost: 0.0416 - reader cost: 7.0657e-04
137/177 [======================>.......] - ETA: 1s - batch_cost: 0.0416 - reader cost: 6.9626e-04
139/177 [======================>.......] - ETA: 1s - batch_cost: 0.0416 - reader cost: 6.8624e-04
141/177 [======================>.......] - ETA: 1s - batch_cost: 0.0416 - reader cost: 6.7651e-04
143/177 [=======================>......] - ETA: 1s - batch_cost: 0.0416 - reader cost: 6.6704e-04
145/177 [=======================>......] - ETA: 1s - batch_cost: 0.0416 - reader cost: 6.5784e-04
147/177 [=======================>......] - ETA: 1s - batch_cost: 0.0416 - reader cost: 6.4889e-04
149/177 [========================>.....] - ETA: 1s - batch_cost: 0.0416 - reader cost: 6.4018e-04
151/177 [========================>.....] - ETA: 1s - batch_cost: 0.0416 - reader cost: 6.3170e-04
153/177 [========================>.....] - ETA: 0s - batch_cost: 0.0416 - reader cost: 6.2345e-04
155/177 [=========================>....] - ETA: 0s - batch_cost: 0.0416 - reader cost: 6.1540e-04
157/177 [=========================>....] - ETA: 0s - batch_cost: 0.0416 - reader cost: 6.0756e-04
159/177 [=========================>....] - ETA: 0s - batch_cost: 0.0416 - reader cost: 5.9992e-04
161/177 [==========================>...] - ETA: 0s - batch_cost: 0.0416 - reader cost: 5.9247e-04
163/177 [==========================>...] - ETA: 0s - batch_cost: 0.0416 - reader cost: 5.9133e-04
165/177 [==========================>...] - ETA: 0s - batch_cost: 0.0416 - reader cost: 5.8416e-04
167/177 [===========================>..] - ETA: 0s - batch_cost: 0.0416 - reader cost: 5.7717e-04
169/177 [===========================>..] - ETA: 0s - batch_cost: 0.0416 - reader cost: 5.7034e-04
171/177 [===========================>..] - ETA: 0s - batch_cost: 0.0416 - reader cost: 5.6952e-04
173/177 [============================>.] - ETA: 0s - batch_cost: 0.0416 - reader cost: 5.6293e-04
175/177 [============================>.] - ETA: 0s - batch_cost: 0.0416 - reader cost: 5.5650e-04
177/177 [==============================] - 7s 42ms/step - batch_cost: 0.0416 - reader cost: 5.5021e-04
[2026/10/07 00:54:55] INFO: [EVAL] #Images: 177 mIoU: 0.8681 Acc: 0.9907 Kappa: 0.8495 Dice: 0.9248
[2026/10/07 00:54:55] INFO: [EVAL] Class IoU: 
[0.9904 0.7457]
[2026/10/07 00:54:55] INFO: [EVAL] Class Precision: 
[0.9952 0.8542]
[2026/10/07 00:54:55] INFO: [EVAL] Class Recall: 
[0.9952 0.8544]
[2026/10/07 00:54:55] INFO: Start evaluating (total_samples: 177, total_iters: 177)...

  1/177 [..............................] - ETA: 8s - batch_cost: 0.0456 - reader cost: 0.0313
  3/177 [..............................] - ETA: 7s - batch_cost: 0.0426 - reader cost: 0.0190
  5/177 [..............................] - ETA: 7s - batch_cost: 0.0421 - reader cost: 0.0114
  7/177 [>.............................] - ETA: 7s - batch_cost: 0.0419 - reader cost: 0.0081
  9/177 [>.............................] - ETA: 7s - batch_cost: 0.0419 - reader cost: 0.0063
 11/177 [>.............................] - ETA: 6s - batch_cost: 0.0421 - reader cost: 0.0052
 13/177 [=>............................] - ETA: 6s - batch_cost: 0.0418 - reader cost: 0.0044
 15/177 [=>............................] - ETA: 6s - batch_cost: 0.0418 - reader cost: 0.0038
 17/177 [=>............................] - ETA: 6s - batch_cost: 0.0418 - reader cost: 0.0034
 19/177 [==>...........................] - ETA: 6s - batch_cost: 0.0417 - reader cost: 0.0030
 21/177 [==>...........................] - ETA: 6s - batch_cost: 0.0417 - reader cost: 0.0027
 23/177 [==>...........................] - ETA: 6s - batch_cost: 0.0417 - reader cost: 0.0025
 25/177 [===>..........................] - ETA: 6s - batch_cost: 0.0416 - reader cost: 0.0023
 27/177 [===>..........................] - ETA: 6s - batch_cost: 0.0417 - reader cost: 0.0021
 29/177 [===>..........................] - ETA: 6s - batch_cost: 0.0417 - reader cost: 0.0020
 31/177 [====>.........................] - ETA: 6s - batch_cost: 0.0417 - reader cost: 0.0018
 33/177 [====>.........................] - ETA: 6s - batch_cost: 0.0417 - reader cost: 0.0017
 35/177 [====>.........................] - ETA: 5s - batch_cost: 0.0416 - reader cost: 0.0016
 37/177 [=====>........................] - ETA: 5s - batch_cost: 0.0418 - reader cost: 0.0016
 39/177 [=====>........................] - ETA: 5s - batch_cost: 0.0418 - reader cost: 0.0015
 41/177 [=====>........................] - ETA: 5s - batch_cost: 0.0418 - reader cost: 0.0014
 43/177 [======>.......................] - ETA: 5s - batch_cost: 0.0417 - reader cost: 0.0013
 45/177 [======>.......................] - ETA: 5s - batch_cost: 0.0417 - reader cost: 0.0013
 47/177 [======>.......................] - ETA: 5s - batch_cost: 0.0417 - reader cost: 0.0012
 49/177 [=======>......................] - ETA: 5s - batch_cost: 0.0417 - reader cost: 0.0012
 51/177 [=======>......................] - ETA: 5s - batch_cost: 0.0416 - reader cost: 0.0011
 53/177 [=======>......................] - ETA: 5s - batch_cost: 0.0416 - reader cost: 0.0011
 55/177 [========>.....................] - ETA: 5s - batch_cost: 0.0417 - reader cost: 0.0011
 57/177 [========>.....................] - ETA: 5s - batch_cost: 0.0416 - reader cost: 0.0010
 59/177 [=========>....................] - ETA: 4s - batch_cost: 0.0416 - reader cost: 9.8345e-04
 61/177 [=========>....................] - ETA: 4s - batch_cost: 0.0416 - reader cost: 9.5121e-04
 63/177 [=========>....................] - ETA: 4s - batch_cost: 0.0416 - reader cost: 9.2101e-04
 65/177 [==========>...................] - ETA: 4s - batch_cost: 0.0416 - reader cost: 8.9267e-04
 67/177 [==========>...................] - ETA: 4s - batch_cost: 0.0416 - reader cost: 8.6603e-04
 69/177 [==========>...................] - ETA: 4s - batch_cost: 0.0416 - reader cost: 8.4092e-04
 71/177 [===========>..................] - ETA: 4s - batch_cost: 0.0416 - reader cost: 8.1724e-04
 73/177 [===========>..................] - ETA: 4s - batch_cost: 0.0416 - reader cost: 7.9485e-04
 75/177 [===========>..................] - ETA: 4s - batch_cost: 0.0416 - reader cost: 7.7365e-04
 77/177 [============>.................] - ETA: 4s - batch_cost: 0.0416 - reader cost: 7.5355e-04
 79/177 [============>.................] - ETA: 4s - batch_cost: 0.0416 - reader cost: 7.3448e-04
 81/177 [============>.................] - ETA: 3s - batch_cost: 0.0415 - reader cost: 7.1634e-04
 83/177 [=============>................] - ETA: 3s - batch_cost: 0.0415 - reader cost: 6.9908e-04
 85/177 [=============>................] - ETA: 3s - batch_cost: 0.0416 - reader cost: 6.8263e-04
 87/177 [=============>................] - ETA: 3s - batch_cost: 0.0416 - reader cost: 6.6694e-04
 89/177 [==============>...............] - ETA: 3s - batch_cost: 0.0416 - reader cost: 6.5195e-04
 91/177 [==============>...............] - ETA: 3s - batch_cost: 0.0416 - reader cost: 6.4335e-04
 93/177 [==============>...............] - ETA: 3s - batch_cost: 0.0415 - reader cost: 6.2951e-04
 95/177 [===============>..............] - ETA: 3s - batch_cost: 0.0415 - reader cost: 6.1626e-04
 97/177 [===============>..............] - ETA: 3s - batch_cost: 0.0415 - reader cost: 6.0355e-04
 99/177 [===============>..............] - ETA: 3s - batch_cost: 0.0415 - reader cost: 5.9136e-04
101/177 [================>.............] - ETA: 3s - batch_cost: 0.0415 - reader cost: 5.7965e-04
103/177 [================>.............] - ETA: 3s - batch_cost: 0.0415 - reader cost: 5.6839e-04
105/177 [================>.............] - ETA: 2s - batch_cost: 0.0415 - reader cost: 5.5757e-04
107/177 [=================>............] - ETA: 2s - batch_cost: 0.0415 - reader cost: 5.4715e-04
109/177 [=================>............] - ETA: 2s - batch_cost: 0.0415 - reader cost: 5.3711e-04
111/177 [=================>............] - ETA: 2s - batch_cost: 0.0415 - reader cost: 5.3645e-04
113/177 [==================>...........] - ETA: 2s - batch_cost: 0.0415 - reader cost: 5.2695e-04
115/177 [==================>...........] - ETA: 2s - batch_cost: 0.0415 - reader cost: 5.1779e-04
117/177 [==================>...........] - ETA: 2s - batch_cost: 0.0415 - reader cost: 5.0894e-04
119/177 [===================>..........] - ETA: 2s - batch_cost: 0.0415 - reader cost: 5.0038e-04
121/177 [===================>..........] - ETA: 2s - batch_cost: 0.0415 - reader cost: 4.9211e-04
123/177 [===================>..........] - ETA: 2s - batch_cost: 0.0415 - reader cost: 4.8411e-04
125/177 [====================>.........] - ETA: 2s - batch_cost: 0.0415 - reader cost: 4.7637e-04
127/177 [====================>.........] - ETA: 2s - batch_cost: 0.0415 - reader cost: 4.6886e-04
128/177 [====================>.........] - ETA: 2s - batch_cost: 0.0416 - reader cost: 4.6520e-04
130/177 [=====================>........] - ETA: 1s - batch_cost: 0.0416 - reader cost: 4.5804e-04
132/177 [=====================>........] - ETA: 1s - batch_cost: 0.0415 - reader cost: 4.5110e-04
134/177 [=====================>........] - ETA: 1s - batch_cost: 0.0415 - reader cost: 4.4437e-04
136/177 [======================>.......] - ETA: 1s - batch_cost: 0.0415 - reader cost: 4.3784e-04
138/177 [======================>.......] - ETA: 1s - batch_cost: 0.0415 - reader cost: 4.3149e-04
140/177 [======================>.......] - ETA: 1s - batch_cost: 0.0415 - reader cost: 4.2533e-04
142/177 [=======================>......] - ETA: 1s - batch_cost: 0.0415 - reader cost: 4.1934e-04
144/177 [=======================>......] - ETA: 1s - batch_cost: 0.0415 - reader cost: 4.1351e-04
146/177 [=======================>......] - ETA: 1s - batch_cost: 0.0415 - reader cost: 4.1473e-04
148/177 [========================>.....] - ETA: 1s - batch_cost: 0.0415 - reader cost: 4.0912e-04
150/177 [========================>.....] - ETA: 1s - batch_cost: 0.0415 - reader cost: 4.0367e-04
152/177 [========================>.....] - ETA: 1s - batch_cost: 0.0415 - reader cost: 3.9836e-04
154/177 [=========================>....] - ETA: 0s - batch_cost: 0.0415 - reader cost: 3.9318e-04
156/177 [=========================>....] - ETA: 0s - batch_cost: 0.0415 - reader cost: 3.8814e-04
158/177 [=========================>....] - ETA: 0s - batch_cost: 0.0415 - reader cost: 3.8323e-04
160/177 [==========================>...] - ETA: 0s - batch_cost: 0.0415 - reader cost: 3.7844e-04
162/177 [==========================>...] - ETA: 0s - batch_cost: 0.0415 - reader cost: 3.7377e-04
164/177 [==========================>...] - ETA: 0s - batch_cost: 0.0415 - reader cost: 3.6921e-04
166/177 [===========================>..] - ETA: 0s - batch_cost: 0.0415 - reader cost: 3.6476e-04
168/177 [===========================>..] - ETA: 0s - batch_cost: 0.0415 - reader cost: 3.6042e-04
170/177 [===========================>..] - ETA: 0s - batch_cost: 0.0415 - reader cost: 3.5618e-04
172/177 [============================>.] - ETA: 0s - batch_cost: 0.0415 - reader cost: 3.5204e-04
174/177 [============================>.] - ETA: 0s - batch_cost: 0.0415 - reader cost: 3.5374e-04
176/177 [============================>.] - ETA: 0s - batch_cost: 0.0415 - reader cost: 3.4972e-04
177/177 [==============================] - 7s 42ms/step - batch_cost: 0.0415 - reader cost: 3.4775e-04
[2026/10/07 00:55:02] INFO: [EVAL] #Images: 177 mIoU: 0.8706 Acc: 0.9906 Kappa: 0.8528 Dice: 0.9264
[2026/10/07 00:55:02] INFO: [EVAL] Class IoU: 
[0.9903 0.7509]
[2026/10/07 00:55:02] INFO: [EVAL] Class Precision: 
[0.9963 0.8287]
[2026/10/07 00:55:02] INFO: [EVAL] Class Recall: 
[0.9939 0.8888]
[2026/10/07 00:55:02] INFO: [EVAL] The model with the best validation mIoU (0.8681) was saved at iter 11000.
[2026/10/07 00:55:02] INFO: [EVAL] The EMA model with the best validation mIoU (0.8706) was saved at iter 11000.
[2026/10/07 00:55:03] INFO: [TRAIN] epoch: 32, iter: 11010/18000, loss: 0.0310, lr: 0.000023, batch_cost: 0.0492, reader_cost: 0.00000, ips: 81.3685 samples/sec, max_mem_reserved: 1731 MB, max_mem_allocated: 1081 MB | ETA 00:05:43
[2026/10/07 00:55:04] INFO: [TRAIN] epoch: 32, iter: 11020/18000, loss: 0.0366, lr: 0.000023, batch_cost: 0.0839, reader_cost: 0.03381, ips: 47.6582 samples/sec, max_mem_reserved: 1731 MB, max_mem_allocated: 1081 MB | ETA 00:09:45
[2026/10/07 00:55:05] INFO: [TRAIN] epoch: 32, iter: 11030/18000, loss: 0.0382, lr: 0.000023, batch_cost: 0.0821, reader_cost: 0.03330, ips: 48.7147 samples/sec, max_mem_reserved: 1731 MB, max_mem_allocated: 1081 MB | ETA 00:09:32
[2026/10/07 00:55:06] INFO: [TRAIN] epoch: 32, iter: 11040/18000, loss: 0.0355, lr: 0.000023, batch_cost: 0.0799, reader_cost: 0.03281, ips: 50.0404 samples/sec, max_mem_reserved: 1731 MB, max_mem_allocated: 1081 MB | ETA 00:09:16
[2026/10/07 00:55:07] INFO: [TRAIN] epoch: 32, iter: 11050/18000, loss: 0.0391, lr: 0.000023, batch_cost: 0.0844, reader_cost: 0.03628, ips: 47.3876 samples/sec, max_mem_reserved: 1731 MB, max_mem_allocated: 1081 MB | ETA 00:09:46
[2026/10/07 00:55:07] INFO: [TRAIN] epoch: 32, iter: 11060/18000, loss: 0.0318, lr: 0.000023, batch_cost: 0.0863, reader_cost: 0.03754, ips: 46.3675 samples/sec, max_mem_reserved: 1731 MB, max_mem_allocated: 1081 MB | ETA 00:09:58
[2026/10/07 00:55:08] INFO: [TRAIN] epoch: 32, iter: 11070/18000, loss: 0.0333, lr: 0.000023, batch_cost: 0.0786, reader_cost: 0.03113, ips: 50.9188 samples/sec, max_mem_reserved: 1731 MB, max_mem_allocated: 1081 MB | ETA 00:09:04
[2026/10/07 00:55:09] INFO: [TRAIN] epoch: 32, iter: 11080/18000, loss: 0.0367, lr: 0.000023, batch_cost: 0.0798, reader_cost: 0.03126, ips: 50.1362 samples/sec, max_mem_reserved: 1731 MB, max_mem_allocated: 1081 MB | ETA 00:09:12
[2026/10/07 00:55:10] INFO: [TRAIN] epoch: 32, iter: 11090/18000, loss: 0.0265, lr: 0.000023, batch_cost: 0.0838, reader_cost: 0.03639, ips: 47.7269 samples/sec, max_mem_reserved: 1731 MB, max_mem_allocated: 1081 MB | ETA 00:09:39
[2026/10/07 00:55:11] INFO: [TRAIN] epoch: 32, iter: 11100/18000, loss: 0.0261, lr: 0.000023, batch_cost: 0.0765, reader_cost: 0.02847, ips: 52.2991 samples/sec, max_mem_reserved: 1731 MB, max_mem_allocated: 1081 MB | ETA 00:08:47
[2026/10/07 00:55:12] INFO: [TRAIN] epoch: 32, iter: 11110/18000, loss: 0.0358, lr: 0.000023, batch_cost: 0.0862, reader_cost: 0.03791, ips: 46.3833 samples/sec, max_mem_reserved: 1731 MB, max_mem_allocated: 1081 MB | ETA 00:09:54
[2026/10/07 00:55:13] INFO: [TRAIN] epoch: 32, iter: 11120/18000, loss: 0.0364, lr: 0.000023, batch_cost: 0.0818, reader_cost: 0.03400, ips: 48.9081 samples/sec, max_mem_reserved: 1731 MB, max_mem_allocated: 1081 MB | ETA 00:09:22
[2026/10/07 00:55:14] INFO: [TRAIN] epoch: 32, iter: 11130/18000, loss: 0.0273, lr: 0.000023, batch_cost: 0.0844, reader_cost: 0.03630, ips: 47.4158 samples/sec, max_mem_reserved: 1731 MB, max_mem_allocated: 1081 MB | ETA 00:09:39
[2026/10/07 00:55:15] INFO: [TRAIN] epoch: 32, iter: 11140/18000, loss: 0.0324, lr: 0.000023, batch_cost: 0.0856, reader_cost: 0.03665, ips: 46.7143 samples/sec, max_mem_reserved: 1731 MB, max_mem_allocated: 1081 MB | ETA 00:09:47
[2026/10/07 00:55:16] INFO: [TRAIN] epoch: 32, iter: 11150/18000, loss: 0.0276, lr: 0.000023, batch_cost: 0.0842, reader_cost: 0.03631, ips: 47.5208 samples/sec, max_mem_reserved: 1731 MB, max_mem_allocated: 1081 MB | ETA 00:09:36
[2026/10/07 00:55:17] INFO: [TRAIN] epoch: 32, iter: 11160/18000, loss: 0.0328, lr: 0.000023, batch_cost: 0.0855, reader_cost: 0.03707, ips: 46.7767 samples/sec, max_mem_reserved: 1731 MB, max_mem_allocated: 1081 MB | ETA 00:09:44
[2026/10/07 00:55:18] INFO: [TRAIN] epoch: 32, iter: 11170/18000, loss: 0.0271, lr: 0.000023, batch_cost: 0.0802, reader_cost: 0.03124, ips: 49.8443 samples/sec, max_mem_reserved: 1731 MB, max_mem_allocated: 1081 MB | ETA 00:09:08
[2026/10/07 00:55:19] INFO: [TRAIN] epoch: 32, iter: 11180/18000, loss: 0.0328, lr: 0.000023, batch_cost: 0.0829, reader_cost: 0.03715, ips: 48.2754 samples/sec, max_mem_reserved: 1731 MB, max_mem_allocated: 1081 MB | ETA 00:09:25
[2026/10/07 00:55:20] INFO: [TRAIN] epoch: 32, iter: 11190/18000, loss: 0.0312, lr: 0.000023, batch_cost: 0.0862, reader_cost: 0.03743, ips: 46.4025 samples/sec, max_mem_reserved: 1731 MB, max_mem_allocated: 1081 MB | ETA 00:09:47
[2026/10/07 00:55:21] INFO: [TRAIN] epoch: 32, iter: 11200/18000, loss: 0.0513, lr: 0.000023, batch_cost: 0.0854, reader_cost: 0.03850, ips: 46.8373 samples/sec, max_mem_reserved: 1731 MB, max_mem_allocated: 1081 MB | ETA 00:09:40
[2026/10/07 00:55:22] INFO: [TRAIN] epoch: 33, iter: 11210/18000, loss: 0.0308, lr: 0.000023, batch_cost: 0.0914, reader_cost: 0.04476, ips: 43.7710 samples/sec, max_mem_reserved: 1731 MB, max_mem_allocated: 1081 MB | ETA 00:10:20
[2026/10/07 00:55:23] INFO: [TRAIN] epoch: 33, iter: 11220/18000, loss: 0.0348, lr: 0.000023, batch_cost: 0.0890, reader_cost: 0.04316, ips: 44.9344 samples/sec, max_mem_reserved: 1731 MB, max_mem_allocated: 1081 MB | ETA 00:10:03
[2026/10/07 00:55:24] INFO: [TRAIN] epoch: 33, iter: 11230/18000, loss: 0.0251, lr: 0.000023, batch_cost: 0.0828, reader_cost: 0.03610, ips: 48.3264 samples/sec, max_mem_reserved: 1731 MB, max_mem_allocated: 1081 MB | ETA 00:09:20
[2026/10/07 00:55:25] INFO: [TRAIN] epoch: 33, iter: 11240/18000, loss: 0.0356, lr: 0.000023, batch_cost: 0.0872, reader_cost: 0.03938, ips: 45.8532 samples/sec, max_mem_reserved: 1731 MB, max_mem_allocated: 1081 MB | ETA 00:09:49
[2026/10/07 00:55:26] INFO: [TRAIN] epoch: 33, iter: 11250/18000, loss: 0.0275, lr: 0.000023, batch_cost: 0.0835, reader_cost: 0.03633, ips: 47.8848 samples/sec, max_mem_reserved: 1731 MB, max_mem_allocated: 1081 MB | ETA 00:09:23
[2026/10/07 00:55:27] INFO: [TRAIN] epoch: 33, iter: 11260/18000, loss: 0.0444, lr: 0.000022, batch_cost: 0.0847, reader_cost: 0.03774, ips: 47.2216 samples/sec, max_mem_reserved: 1731 MB, max_mem_allocated: 1081 MB | ETA 00:09:30
[2026/10/07 00:55:28] INFO: [TRAIN] epoch: 33, iter: 11270/18000, loss: 0.0217, lr: 0.000022, batch_cost: 0.0808, reader_cost: 0.03394, ips: 49.4816 samples/sec, max_mem_reserved: 1731 MB, max_mem_allocated: 1081 MB | ETA 00:09:04
[2026/10/07 00:55:29] INFO: [TRAIN] epoch: 33, iter: 11280/18000, loss: 0.0306, lr: 0.000022, batch_cost: 0.0852, reader_cost: 0.03741, ips: 46.9712 samples/sec, max_mem_reserved: 1731 MB, max_mem_allocated: 1081 MB | ETA 00:09:32
[2026/10/07 00:55:29] INFO: [TRAIN] epoch: 33, iter: 11290/18000, loss: 0.0353, lr: 0.000022, batch_cost: 0.0851, reader_cost: 0.03730, ips: 47.0163 samples/sec, max_mem_reserved: 1731 MB, max_mem_allocated: 1081 MB | ETA 00:09:30
[2026/10/07 00:55:30] INFO: [TRAIN] epoch: 33, iter: 11300/18000, loss: 0.0320, lr: 0.000022, batch_cost: 0.0897, reader_cost: 0.04204, ips: 44.5968 samples/sec, max_mem_reserved: 1731 MB, max_mem_allocated: 1081 MB | ETA 00:10:00
[2026/10/07 00:55:31] INFO: [TRAIN] epoch: 33, iter: 11310/18000, loss: 0.0298, lr: 0.000022, batch_cost: 0.0851, reader_cost: 0.03722, ips: 47.0102 samples/sec, max_mem_reserved: 1731 MB, max_mem_allocated: 1081 MB | ETA 00:09:29
[2026/10/07 00:55:32] INFO: [TRAIN] epoch: 33, iter: 11320/18000, loss: 0.0296, lr: 0.000022, batch_cost: 0.0872, reader_cost: 0.04011, ips: 45.8470 samples/sec, max_mem_reserved: 1731 MB, max_mem_allocated: 1081 MB | ETA 00:09:42
[2026/10/07 00:55:33] INFO: [TRAIN] epoch: 33, iter: 11330/18000, loss: 0.0263, lr: 0.000022, batch_cost: 0.0851, reader_cost: 0.03771, ips: 46.9824 samples/sec, max_mem_reserved: 1731 MB, max_mem_allocated: 1081 MB | ETA 00:09:27
[2026/10/07 00:55:34] INFO: [TRAIN] epoch: 33, iter: 11340/18000, loss: 0.0268, lr: 0.000022, batch_cost: 0.0845, reader_cost: 0.03897, ips: 47.3244 samples/sec, max_mem_reserved: 1731 MB, max_mem_allocated: 1081 MB | ETA 00:09:22
[2026/10/07 00:55:35] INFO: [TRAIN] epoch: 33, iter: 11350/18000, loss: 0.0291, lr: 0.000022, batch_cost: 0.0852, reader_cost: 0.03695, ips: 46.9524 samples/sec, max_mem_reserved: 1731 MB, max_mem_allocated: 1081 MB | ETA 00:09:26
[2026/10/07 00:55:36] INFO: [TRAIN] epoch: 33, iter: 11360/18000, loss: 0.0327, lr: 0.000022, batch_cost: 0.0798, reader_cost: 0.03405, ips: 50.1094 samples/sec, max_mem_reserved: 1731 MB, max_mem_allocated: 1081 MB | ETA 00:08:50
[2026/10/07 00:55:37] INFO: [TRAIN] epoch: 33, iter: 11370/18000, loss: 0.0362, lr: 0.000022, batch_cost: 0.0849, reader_cost: 0.03843, ips: 47.1220 samples/sec, max_mem_reserved: 1731 MB, max_mem_allocated: 1081 MB | ETA 00:09:22
[2026/10/07 00:55:38] INFO: [TRAIN] epoch: 33, iter: 11380/18000, loss: 0.0309, lr: 0.000022, batch_cost: 0.0796, reader_cost: 0.03341, ips: 50.2765 samples/sec, max_mem_reserved: 1731 MB, max_mem_allocated: 1081 MB | ETA 00:08:46
[2026/10/07 00:55:39] INFO: [TRAIN] epoch: 33, iter: 11390/18000, loss: 0.0275, lr: 0.000022, batch_cost: 0.0861, reader_cost: 0.03887, ips: 46.4509 samples/sec, max_mem_reserved: 1731 MB, max_mem_allocated: 1081 MB | ETA 00:09:29
[2026/10/07 00:55:40] INFO: [TRAIN] epoch: 33, iter: 11400/18000, loss: 0.0299, lr: 0.000022, batch_cost: 0.0878, reader_cost: 0.03916, ips: 45.5388 samples/sec, max_mem_reserved: 1731 MB, max_mem_allocated: 1081 MB | ETA 00:09:39
[2026/10/07 00:55:41] INFO: [TRAIN] epoch: 33, iter: 11410/18000, loss: 0.0334, lr: 0.000022, batch_cost: 0.0889, reader_cost: 0.04437, ips: 45.0142 samples/sec, max_mem_reserved: 1731 MB, max_mem_allocated: 1081 MB | ETA 00:09:45
[2026/10/07 00:55:42] INFO: [TRAIN] epoch: 33, iter: 11420/18000, loss: 0.0308, lr: 0.000022, batch_cost: 0.0856, reader_cost: 0.03750, ips: 46.7339 samples/sec, max_mem_reserved: 1731 MB, max_mem_allocated: 1081 MB | ETA 00:09:23
[2026/10/07 00:55:43] INFO: [TRAIN] epoch: 33, iter: 11430/18000, loss: 0.0274, lr: 0.000022, batch_cost: 0.0855, reader_cost: 0.03995, ips: 46.8077 samples/sec, max_mem_reserved: 1731 MB, max_mem_allocated: 1081 MB | ETA 00:09:21
[2026/10/07 00:55:44] INFO: [TRAIN] epoch: 33, iter: 11440/18000, loss: 0.0276, lr: 0.000022, batch_cost: 0.0921, reader_cost: 0.04435, ips: 43.4160 samples/sec, max_mem_reserved: 1731 MB, max_mem_allocated: 1081 MB | ETA 00:10:04
[2026/10/07 00:55:45] INFO: [TRAIN] epoch: 33, iter: 11450/18000, loss: 0.0277, lr: 0.000022, batch_cost: 0.0847, reader_cost: 0.03825, ips: 47.2335 samples/sec, max_mem_reserved: 1731 MB, max_mem_allocated: 1081 MB | ETA 00:09:14
[2026/10/07 00:55:46] INFO: [TRAIN] epoch: 33, iter: 11460/18000, loss: 0.0306, lr: 0.000022, batch_cost: 0.0864, reader_cost: 0.04048, ips: 46.3133 samples/sec, max_mem_reserved: 1731 MB, max_mem_allocated: 1081 MB | ETA 00:09:24
[2026/10/07 00:55:47] INFO: [TRAIN] epoch: 33, iter: 11470/18000, loss: 0.0336, lr: 0.000022, batch_cost: 0.0894, reader_cost: 0.04300, ips: 44.7662 samples/sec, max_mem_reserved: 1731 MB, max_mem_allocated: 1081 MB | ETA 00:09:43
[2026/10/07 00:55:48] INFO: [TRAIN] epoch: 33, iter: 11480/18000, loss: 0.0252, lr: 0.000022, batch_cost: 0.0836, reader_cost: 0.03617, ips: 47.8593 samples/sec, max_mem_reserved: 1731 MB, max_mem_allocated: 1081 MB | ETA 00:09:04
[2026/10/07 00:55:49] INFO: [TRAIN] epoch: 33, iter: 11490/18000, loss: 0.0331, lr: 0.000022, batch_cost: 0.0836, reader_cost: 0.03583, ips: 47.8353 samples/sec, max_mem_reserved: 1731 MB, max_mem_allocated: 1081 MB | ETA 00:09:04
[2026/10/07 00:55:50] INFO: [TRAIN] epoch: 33, iter: 11500/18000, loss: 0.0334, lr: 0.000022, batch_cost: 0.0832, reader_cost: 0.03658, ips: 48.0797 samples/sec, max_mem_reserved: 1731 MB, max_mem_allocated: 1081 MB | ETA 00:09:00
[2026/10/07 00:55:51] INFO: [TRAIN] epoch: 33, iter: 11510/18000, loss: 0.0299, lr: 0.000022, batch_cost: 0.0835, reader_cost: 0.03606, ips: 47.9140 samples/sec, max_mem_reserved: 1731 MB, max_mem_allocated: 1081 MB | ETA 00:09:01
[2026/10/07 00:55:52] INFO: [TRAIN] epoch: 33, iter: 11520/18000, loss: 0.0342, lr: 0.000022, batch_cost: 0.0890, reader_cost: 0.04326, ips: 44.9341 samples/sec, max_mem_reserved: 1731 MB, max_mem_allocated: 1081 MB | ETA 00:09:36
[2026/10/07 00:55:53] INFO: [TRAIN] epoch: 33, iter: 11530/18000, loss: 0.0313, lr: 0.000022, batch_cost: 0.0841, reader_cost: 0.03627, ips: 47.5671 samples/sec, max_mem_reserved: 1731 MB, max_mem_allocated: 1081 MB | ETA 00:09:04
[2026/10/07 00:55:54] INFO: [TRAIN] epoch: 33, iter: 11540/18000, loss: 0.0318, lr: 0.000022, batch_cost: 0.0844, reader_cost: 0.03814, ips: 47.4022 samples/sec, max_mem_reserved: 1731 MB, max_mem_allocated: 1081 MB | ETA 00:09:05
[2026/10/07 00:55:55] INFO: [TRAIN] epoch: 33, iter: 11550/18000, loss: 0.0281, lr: 0.000022, batch_cost: 0.0866, reader_cost: 0.04101, ips: 46.2004 samples/sec, max_mem_reserved: 1731 MB, max_mem_allocated: 1081 MB | ETA 00:09:18
[2026/10/07 00:55:56] INFO: [TRAIN] epoch: 34, iter: 11560/18000, loss: 0.0308, lr: 0.000021, batch_cost: 0.0896, reader_cost: 0.04148, ips: 44.6465 samples/sec, max_mem_reserved: 1731 MB, max_mem_allocated: 1081 MB | ETA 00:09:36
[2026/10/07 00:55:57] INFO: [TRAIN] epoch: 34, iter: 11570/18000, loss: 0.0275, lr: 0.000021, batch_cost: 0.0805, reader_cost: 0.03264, ips: 49.6964 samples/sec, max_mem_reserved: 1731 MB, max_mem_allocated: 1081 MB | ETA 00:08:37
[2026/10/07 00:55:58] INFO: [TRAIN] epoch: 34, iter: 11580/18000, loss: 0.0305, lr: 0.000021, batch_cost: 0.0847, reader_cost: 0.03758, ips: 47.2012 samples/sec, max_mem_reserved: 1731 MB, max_mem_allocated: 1081 MB | ETA 00:09:04
[2026/10/07 00:55:59] INFO: [TRAIN] epoch: 34, iter: 11590/18000, loss: 0.0319, lr: 0.000021, batch_cost: 0.0823, reader_cost: 0.03557, ips: 48.5850 samples/sec, max_mem_reserved: 1731 MB, max_mem_allocated: 1081 MB | ETA 00:08:47
[2026/10/07 00:56:00] INFO: [TRAIN] epoch: 34, iter: 11600/18000, loss: 0.0271, lr: 0.000021, batch_cost: 0.0868, reader_cost: 0.03864, ips: 46.0602 samples/sec, max_mem_reserved: 1731 MB, max_mem_allocated: 1081 MB | ETA 00:09:15
[2026/10/07 00:56:01] INFO: [TRAIN] epoch: 34, iter: 11610/18000, loss: 0.0314, lr: 0.000021, batch_cost: 0.0837, reader_cost: 0.03638, ips: 47.7634 samples/sec, max_mem_reserved: 1731 MB, max_mem_allocated: 1081 MB | ETA 00:08:55
[2026/10/07 00:56:01] INFO: [TRAIN] epoch: 34, iter: 11620/18000, loss: 0.0280, lr: 0.000021, batch_cost: 0.0870, reader_cost: 0.03943, ips: 45.9695 samples/sec, max_mem_reserved: 1731 MB, max_mem_allocated: 1081 MB | ETA 00:09:15
[2026/10/07 00:56:02] INFO: [TRAIN] epoch: 34, iter: 11630/18000, loss: 0.0289, lr: 0.000021, batch_cost: 0.0817, reader_cost: 0.03451, ips: 48.9646 samples/sec, max_mem_reserved: 1731 MB, max_mem_allocated: 1081 MB | ETA 00:08:40
[2026/10/07 00:56:03] INFO: [TRAIN] epoch: 34, iter: 11640/18000, loss: 0.0314, lr: 0.000021, batch_cost: 0.0845, reader_cost: 0.03686, ips: 47.3418 samples/sec, max_mem_reserved: 1731 MB, max_mem_allocated: 1081 MB | ETA 00:08:57
[2026/10/07 00:56:04] INFO: [TRAIN] epoch: 34, iter: 11650/18000, loss: 0.0268, lr: 0.000021, batch_cost: 0.0839, reader_cost: 0.03498, ips: 47.6850 samples/sec, max_mem_reserved: 1731 MB, max_mem_allocated: 1081 MB | ETA 00:08:52
[2026/10/07 00:56:05] INFO: [TRAIN] epoch: 34, iter: 11660/18000, loss: 0.0288, lr: 0.000021, batch_cost: 0.0847, reader_cost: 0.03729, ips: 47.2247 samples/sec, max_mem_reserved: 1731 MB, max_mem_allocated: 1081 MB | ETA 00:08:57
[2026/10/07 00:56:06] INFO: [TRAIN] epoch: 34, iter: 11670/18000, loss: 0.0295, lr: 0.000021, batch_cost: 0.0843, reader_cost: 0.03765, ips: 47.4300 samples/sec, max_mem_reserved: 1731 MB, max_mem_allocated: 1081 MB | ETA 00:08:53
[2026/10/07 00:56:07] INFO: [TRAIN] epoch: 34, iter: 11680/18000, loss: 0.0371, lr: 0.000021, batch_cost: 0.0829, reader_cost: 0.03525, ips: 48.2470 samples/sec, max_mem_reserved: 1731 MB, max_mem_allocated: 1081 MB | ETA 00:08:43
[2026/10/07 00:56:08] INFO: [TRAIN] epoch: 34, iter: 11690/18000, loss: 0.0328, lr: 0.000021, batch_cost: 0.0840, reader_cost: 0.03535, ips: 47.5971 samples/sec, max_mem_reserved: 1731 MB, max_mem_allocated: 1081 MB | ETA 00:08:50
[2026/10/07 00:56:09] INFO: [TRAIN] epoch: 34, iter: 11700/18000, loss: 0.0277, lr: 0.000021, batch_cost: 0.0809, reader_cost: 0.03204, ips: 49.4641 samples/sec, max_mem_reserved: 1731 MB, max_mem_allocated: 1081 MB | ETA 00:08:29
[2026/10/07 00:56:10] INFO: [TRAIN] epoch: 34, iter: 11710/18000, loss: 0.0266, lr: 0.000021, batch_cost: 0.0812, reader_cost: 0.03320, ips: 49.2417 samples/sec, max_mem_reserved: 1731 MB, max_mem_allocated: 1081 MB | ETA 00:08:30
[2026/10/07 00:56:11] INFO: [TRAIN] epoch: 34, iter: 11720/18000, loss: 0.0385, lr: 0.000021, batch_cost: 0.0804, reader_cost: 0.03107, ips: 49.7452 samples/sec, max_mem_reserved: 1731 MB, max_mem_allocated: 1081 MB | ETA 00:08:24
[2026/10/07 00:56:12] INFO: [TRAIN] epoch: 34, iter: 11730/18000, loss: 0.0272, lr: 0.000021, batch_cost: 0.0833, reader_cost: 0.03562, ips: 48.0406 samples/sec, max_mem_reserved: 1731 MB, max_mem_allocated: 1081 MB | ETA 00:08:42
[2026/10/07 00:56:13] INFO: [TRAIN] epoch: 34, iter: 11740/18000, loss: 0.0352, lr: 0.000021, batch_cost: 0.0834, reader_cost: 0.03454, ips: 47.9774 samples/sec, max_mem_reserved: 1731 MB, max_mem_allocated: 1081 MB | ETA 00:08:41
[2026/10/07 00:56:14] INFO: [TRAIN] epoch: 34, iter: 11750/18000, loss: 0.0424, lr: 0.000021, batch_cost: 0.0820, reader_cost: 0.03530, ips: 48.7710 samples/sec, max_mem_reserved: 1731 MB, max_mem_allocated: 1081 MB | ETA 00:08:32
[2026/10/07 00:56:15] INFO: [TRAIN] epoch: 34, iter: 11760/18000, loss: 0.0390, lr: 0.000021, batch_cost: 0.0869, reader_cost: 0.03853, ips: 46.0336 samples/sec, max_mem_reserved: 1731 MB, max_mem_allocated: 1081 MB | ETA 00:09:02
[2026/10/07 00:56:16] INFO: [TRAIN] epoch: 34, iter: 11770/18000, loss: 0.0274, lr: 0.000021, batch_cost: 0.0830, reader_cost: 0.03587, ips: 48.2152 samples/sec, max_mem_reserved: 1731 MB, max_mem_allocated: 1081 MB | ETA 00:08:36
[2026/10/07 00:56:17] INFO: [TRAIN] epoch: 34, iter: 11780/18000, loss: 0.0321, lr: 0.000021, batch_cost: 0.0853, reader_cost: 0.03715, ips: 46.8766 samples/sec, max_mem_reserved: 1731 MB, max_mem_allocated: 1081 MB | ETA 00:08:50
[2026/10/07 00:56:18] INFO: [TRAIN] epoch: 34, iter: 11790/18000, loss: 0.0356, lr: 0.000021, batch_cost: 0.0835, reader_cost: 0.03594, ips: 47.8943 samples/sec, max_mem_reserved: 1731 MB, max_mem_allocated: 1081 MB | ETA 00:08:38
[2026/10/07 00:56:19] INFO: [TRAIN] epoch: 34, iter: 11800/18000, loss: 0.0306, lr: 0.000021, batch_cost: 0.0839, reader_cost: 0.03477, ips: 47.6712 samples/sec, max_mem_reserved: 1731 MB, max_mem_allocated: 1081 MB | ETA 00:08:40
[2026/10/07 00:56:20] INFO: [TRAIN] epoch: 34, iter: 11810/18000, loss: 0.0297, lr: 0.000021, batch_cost: 0.0841, reader_cost: 0.03514, ips: 47.5519 samples/sec, max_mem_reserved: 1731 MB, max_mem_allocated: 1081 MB | ETA 00:08:40
[2026/10/07 00:56:21] INFO: [TRAIN] epoch: 34, iter: 11820/18000, loss: 0.0262, lr: 0.000021, batch_cost: 0.0825, reader_cost: 0.03498, ips: 48.4918 samples/sec, max_mem_reserved: 1731 MB, max_mem_allocated: 1081 MB | ETA 00:08:29
[2026/10/07 00:56:22] INFO: [TRAIN] epoch: 34, iter: 11830/18000, loss: 0.0252, lr: 0.000021, batch_cost: 0.0867, reader_cost: 0.04046, ips: 46.1383 samples/sec, max_mem_reserved: 1731 MB, max_mem_allocated: 1081 MB | ETA 00:08:54
[2026/10/07 00:56:23] INFO: [TRAIN] epoch: 34, iter: 11840/18000, loss: 0.0349, lr: 0.000021, batch_cost: 0.0842, reader_cost: 0.03646, ips: 47.4817 samples/sec, max_mem_reserved: 1731 MB, max_mem_allocated: 1081 MB | ETA 00:08:38
[2026/10/07 00:56:23] INFO: [TRAIN] epoch: 34, iter: 11850/18000, loss: 0.0349, lr: 0.000021, batch_cost: 0.0816, reader_cost: 0.03353, ips: 49.0281 samples/sec, max_mem_reserved: 1731 MB, max_mem_allocated: 1081 MB | ETA 00:08:21
[2026/10/07 00:56:24] INFO: [TRAIN] epoch: 34, iter: 11860/18000, loss: 0.0389, lr: 0.000020, batch_cost: 0.0848, reader_cost: 0.03651, ips: 47.1630 samples/sec, max_mem_reserved: 1731 MB, max_mem_allocated: 1081 MB | ETA 00:08:40
[2026/10/07 00:56:25] INFO: [TRAIN] epoch: 34, iter: 11870/18000, loss: 0.0315, lr: 0.000020, batch_cost: 0.0828, reader_cost: 0.03544, ips: 48.3144 samples/sec, max_mem_reserved: 1731 MB, max_mem_allocated: 1081 MB | ETA 00:08:27
[2026/10/07 00:56:26] INFO: [TRAIN] epoch: 34, iter: 11880/18000, loss: 0.0338, lr: 0.000020, batch_cost: 0.0802, reader_cost: 0.03225, ips: 49.8474 samples/sec, max_mem_reserved: 1731 MB, max_mem_allocated: 1081 MB | ETA 00:08:11
[2026/10/07 00:56:27] INFO: [TRAIN] epoch: 34, iter: 11890/18000, loss: 0.0294, lr: 0.000020, batch_cost: 0.0860, reader_cost: 0.03846, ips: 46.4966 samples/sec, max_mem_reserved: 1731 MB, max_mem_allocated: 1081 MB | ETA 00:08:45
[2026/10/07 00:56:28] INFO: [TRAIN] epoch: 34, iter: 11900/18000, loss: 0.0339, lr: 0.000020, batch_cost: 0.0836, reader_cost: 0.03703, ips: 47.8449 samples/sec, max_mem_reserved: 1731 MB, max_mem_allocated: 1081 MB | ETA 00:08:29
[2026/10/07 00:56:29] INFO: [TRAIN] epoch: 35, iter: 11910/18000, loss: 0.0249, lr: 0.000020, batch_cost: 0.0887, reader_cost: 0.04126, ips: 45.0762 samples/sec, max_mem_reserved: 1731 MB, max_mem_allocated: 1081 MB | ETA 00:09:00
[2026/10/07 00:56:30] INFO: [TRAIN] epoch: 35, iter: 11920/18000, loss: 0.0290, lr: 0.000020, batch_cost: 0.0808, reader_cost: 0.03176, ips: 49.5128 samples/sec, max_mem_reserved: 1731 MB, max_mem_allocated: 1081 MB | ETA 00:08:11
[2026/10/07 00:56:31] INFO: [TRAIN] epoch: 35, iter: 11930/18000, loss: 0.0296, lr: 0.000020, batch_cost: 0.0813, reader_cost: 0.03250, ips: 49.2203 samples/sec, max_mem_reserved: 1731 MB, max_mem_allocated: 1081 MB | ETA 00:08:13
[2026/10/07 00:56:32] INFO: [TRAIN] epoch: 35, iter: 11940/18000, loss: 0.0352, lr: 0.000020, batch_cost: 0.0804, reader_cost: 0.03149, ips: 49.7808 samples/sec, max_mem_reserved: 1731 MB, max_mem_allocated: 1081 MB | ETA 00:08:06
[2026/10/07 00:56:33] INFO: [TRAIN] epoch: 35, iter: 11950/18000, loss: 0.0267, lr: 0.000020, batch_cost: 0.0797, reader_cost: 0.03192, ips: 50.2059 samples/sec, max_mem_reserved: 1731 MB, max_mem_allocated: 1081 MB | ETA 00:08:02
[2026/10/07 00:56:34] INFO: [TRAIN] epoch: 35, iter: 11960/18000, loss: 0.0279, lr: 0.000020, batch_cost: 0.0820, reader_cost: 0.03407, ips: 48.7522 samples/sec, max_mem_reserved: 1731 MB, max_mem_allocated: 1081 MB | ETA 00:08:15
[2026/10/07 00:56:35] INFO: [TRAIN] epoch: 35, iter: 11970/18000, loss: 0.0335, lr: 0.000020, batch_cost: 0.0851, reader_cost: 0.03725, ips: 46.9871 samples/sec, max_mem_reserved: 1731 MB, max_mem_allocated: 1081 MB | ETA 00:08:33
[2026/10/07 00:56:36] INFO: [TRAIN] epoch: 35, iter: 11980/18000, loss: 0.0299, lr: 0.000020, batch_cost: 0.0823, reader_cost: 0.03414, ips: 48.5947 samples/sec, max_mem_reserved: 1731 MB, max_mem_allocated: 1081 MB | ETA 00:08:15
[2026/10/07 00:56:37] INFO: [TRAIN] epoch: 35, iter: 11990/18000, loss: 0.0311, lr: 0.000020, batch_cost: 0.0783, reader_cost: 0.03052, ips: 51.0861 samples/sec, max_mem_reserved: 1731 MB, max_mem_allocated: 1081 MB | ETA 00:07:50
[2026/10/07 00:56:38] INFO: [TRAIN] epoch: 35, iter: 12000/18000, loss: 0.0496, lr: 0.000020, batch_cost: 0.0817, reader_cost: 0.03367, ips: 48.9780 samples/sec, max_mem_reserved: 1731 MB, max_mem_allocated: 1081 MB | ETA 00:08:10
[2026/10/07 00:56:38] INFO: Start evaluating (total_samples: 177, total_iters: 177)...

  1/177 [..............................] - ETA: 8s - batch_cost: 0.0507 - reader cost: 0.0366
  3/177 [..............................] - ETA: 8s - batch_cost: 0.0472 - reader cost: 0.0299
  5/177 [..............................] - ETA: 7s - batch_cost: 0.0453 - reader cost: 0.0209
  7/177 [>.............................] - ETA: 7s - batch_cost: 0.0445 - reader cost: 0.0150
  9/177 [>.............................] - ETA: 7s - batch_cost: 0.0446 - reader cost: 0.0117
 10/177 [>.............................] - ETA: 7s - batch_cost: 0.0453 - reader cost: 0.0105
 12/177 [=>............................] - ETA: 7s - batch_cost: 0.0440 - reader cost: 0.0088
 14/177 [=>............................] - ETA: 7s - batch_cost: 0.0439 - reader cost: 0.0075
 16/177 [=>............................] - ETA: 7s - batch_cost: 0.0435 - reader cost: 0.0066
 18/177 [==>...........................] - ETA: 6s - batch_cost: 0.0433 - reader cost: 0.0058
 20/177 [==>...........................] - ETA: 6s - batch_cost: 0.0430 - reader cost: 0.0053
 22/177 [==>...........................] - ETA: 6s - batch_cost: 0.0430 - reader cost: 0.0048
 24/177 [===>..........................] - ETA: 6s - batch_cost: 0.0430 - reader cost: 0.0044
 26/177 [===>..........................] - ETA: 6s - batch_cost: 0.0430 - reader cost: 0.0041
 28/177 [===>..........................] - ETA: 6s - batch_cost: 0.0428 - reader cost: 0.0038
 30/177 [====>.........................] - ETA: 6s - batch_cost: 0.0427 - reader cost: 0.0035
 32/177 [====>.........................] - ETA: 6s - batch_cost: 0.0426 - reader cost: 0.0033
 34/177 [====>.........................] - ETA: 6s - batch_cost: 0.0426 - reader cost: 0.0031
 36/177 [=====>........................] - ETA: 6s - batch_cost: 0.0425 - reader cost: 0.0030
 38/177 [=====>........................] - ETA: 5s - batch_cost: 0.0425 - reader cost: 0.0028
 40/177 [=====>........................] - ETA: 5s - batch_cost: 0.0424 - reader cost: 0.0027
 42/177 [======>.......................] - ETA: 5s - batch_cost: 0.0423 - reader cost: 0.0025
 44/177 [======>.......................] - ETA: 5s - batch_cost: 0.0423 - reader cost: 0.0024
 46/177 [======>.......................] - ETA: 5s - batch_cost: 0.0423 - reader cost: 0.0023
 48/177 [=======>......................] - ETA: 5s - batch_cost: 0.0422 - reader cost: 0.0022
 50/177 [=======>......................] - ETA: 5s - batch_cost: 0.0422 - reader cost: 0.0021
 52/177 [=======>......................] - ETA: 5s - batch_cost: 0.0422 - reader cost: 0.0020
 54/177 [========>.....................] - ETA: 5s - batch_cost: 0.0422 - reader cost: 0.0020
 56/177 [========>.....................] - ETA: 5s - batch_cost: 0.0421 - reader cost: 0.0019
 58/177 [========>.....................] - ETA: 5s - batch_cost: 0.0421 - reader cost: 0.0018
 60/177 [=========>....................] - ETA: 4s - batch_cost: 0.0420 - reader cost: 0.0018
 62/177 [=========>....................] - ETA: 4s - batch_cost: 0.0420 - reader cost: 0.0017
 64/177 [=========>....................] - ETA: 4s - batch_cost: 0.0421 - reader cost: 0.0017
 65/177 [==========>...................] - ETA: 4s - batch_cost: 0.0422 - reader cost: 0.0017
 67/177 [==========>...................] - ETA: 4s - batch_cost: 0.0421 - reader cost: 0.0016
 69/177 [==========>...................] - ETA: 4s - batch_cost: 0.0421 - reader cost: 0.0016
 71/177 [===========>..................] - ETA: 4s - batch_cost: 0.0420 - reader cost: 0.0015
 73/177 [===========>..................] - ETA: 4s - batch_cost: 0.0420 - reader cost: 0.0015
 75/177 [===========>..................] - ETA: 4s - batch_cost: 0.0420 - reader cost: 0.0014
 77/177 [============>.................] - ETA: 4s - batch_cost: 0.0420 - reader cost: 0.0014
 79/177 [============>.................] - ETA: 4s - batch_cost: 0.0420 - reader cost: 0.0014
 81/177 [============>.................] - ETA: 4s - batch_cost: 0.0419 - reader cost: 0.0013
 83/177 [=============>................] - ETA: 3s - batch_cost: 0.0419 - reader cost: 0.0013
 85/177 [=============>................] - ETA: 3s - batch_cost: 0.0419 - reader cost: 0.0013
 87/177 [=============>................] - ETA: 3s - batch_cost: 0.0419 - reader cost: 0.0012
 89/177 [==============>...............] - ETA: 3s - batch_cost: 0.0419 - reader cost: 0.0012
 91/177 [==============>...............] - ETA: 3s - batch_cost: 0.0419 - reader cost: 0.0012
 93/177 [==============>...............] - ETA: 3s - batch_cost: 0.0419 - reader cost: 0.0012
 95/177 [===============>..............] - ETA: 3s - batch_cost: 0.0419 - reader cost: 0.0011
 97/177 [===============>..............] - ETA: 3s - batch_cost: 0.0418 - reader cost: 0.0011
 99/177 [===============>..............] - ETA: 3s - batch_cost: 0.0419 - reader cost: 0.0011
101/177 [================>.............] - ETA: 3s - batch_cost: 0.0418 - reader cost: 0.0011
103/177 [================>.............] - ETA: 3s - batch_cost: 0.0418 - reader cost: 0.0010
105/177 [================>.............] - ETA: 3s - batch_cost: 0.0418 - reader cost: 0.0010
107/177 [=================>............] - ETA: 2s - batch_cost: 0.0418 - reader cost: 0.0010
109/177 [=================>............] - ETA: 2s - batch_cost: 0.0418 - reader cost: 9.8403e-04
111/177 [=================>............] - ETA: 2s - batch_cost: 0.0418 - reader cost: 9.6630e-04
113/177 [==================>...........] - ETA: 2s - batch_cost: 0.0418 - reader cost: 9.4920e-04
115/177 [==================>...........] - ETA: 2s - batch_cost: 0.0417 - reader cost: 9.3269e-04
117/177 [==================>...........] - ETA: 2s - batch_cost: 0.0417 - reader cost: 9.1675e-04
119/177 [===================>..........] - ETA: 2s - batch_cost: 0.0417 - reader cost: 9.0134e-04
121/177 [===================>..........] - ETA: 2s - batch_cost: 0.0417 - reader cost: 8.8644e-04
123/177 [===================>..........] - ETA: 2s - batch_cost: 0.0417 - reader cost: 8.7203e-04
125/177 [====================>.........] - ETA: 2s - batch_cost: 0.0417 - reader cost: 8.5807e-04
127/177 [====================>.........] - ETA: 2s - batch_cost: 0.0417 - reader cost: 8.4456e-04
129/177 [====================>.........] - ETA: 2s - batch_cost: 0.0417 - reader cost: 8.3147e-04
131/177 [=====================>........] - ETA: 1s - batch_cost: 0.0417 - reader cost: 8.1877e-04
133/177 [=====================>........] - ETA: 1s - batch_cost: 0.0417 - reader cost: 8.0646e-04
135/177 [=====================>........] - ETA: 1s - batch_cost: 0.0417 - reader cost: 7.9451e-04
137/177 [======================>.......] - ETA: 1s - batch_cost: 0.0417 - reader cost: 7.8291e-04
139/177 [======================>.......] - ETA: 1s - batch_cost: 0.0417 - reader cost: 7.7165e-04
141/177 [======================>.......] - ETA: 1s - batch_cost: 0.0417 - reader cost: 7.6070e-04
143/177 [=======================>......] - ETA: 1s - batch_cost: 0.0417 - reader cost: 7.5006e-04
145/177 [=======================>......] - ETA: 1s - batch_cost: 0.0417 - reader cost: 7.3972e-04
147/177 [=======================>......] - ETA: 1s - batch_cost: 0.0417 - reader cost: 7.2965e-04
149/177 [========================>.....] - ETA: 1s - batch_cost: 0.0417 - reader cost: 7.1986e-04
151/177 [========================>.....] - ETA: 1s - batch_cost: 0.0417 - reader cost: 7.1033e-04
153/177 [========================>.....] - ETA: 1s - batch_cost: 0.0417 - reader cost: 7.0104e-04
155/177 [=========================>....] - ETA: 0s - batch_cost: 0.0417 - reader cost: 6.9200e-04
157/177 [=========================>....] - ETA: 0s - batch_cost: 0.0417 - reader cost: 6.8318e-04
159/177 [=========================>....] - ETA: 0s - batch_cost: 0.0417 - reader cost: 6.7459e-04
161/177 [==========================>...] - ETA: 0s - batch_cost: 0.0416 - reader cost: 6.6621e-04
163/177 [==========================>...] - ETA: 0s - batch_cost: 0.0416 - reader cost: 6.5803e-04
165/177 [==========================>...] - ETA: 0s - batch_cost: 0.0416 - reader cost: 6.5006e-04
167/177 [===========================>..] - ETA: 0s - batch_cost: 0.0416 - reader cost: 6.4227e-04
169/177 [===========================>..] - ETA: 0s - batch_cost: 0.0416 - reader cost: 6.3467e-04
171/177 [===========================>..] - ETA: 0s - batch_cost: 0.0416 - reader cost: 6.2725e-04
173/177 [============================>.] - ETA: 0s - batch_cost: 0.0416 - reader cost: 6.2000e-04
175/177 [============================>.] - ETA: 0s - batch_cost: 0.0416 - reader cost: 6.1291e-04
177/177 [==============================] - 7s 42ms/step - batch_cost: 0.0416 - reader cost: 6.0598e-04
[2026/10/07 00:56:45] INFO: [EVAL] #Images: 177 mIoU: 0.8719 Acc: 0.9908 Kappa: 0.8545 Dice: 0.9272
[2026/10/07 00:56:45] INFO: [EVAL] Class IoU: 
[0.9905 0.7532]
[2026/10/07 00:56:45] INFO: [EVAL] Class Precision: 
[0.9959 0.8421]
[2026/10/07 00:56:45] INFO: [EVAL] Class Recall: 
[0.9946 0.8771]
[2026/10/07 00:56:45] INFO: Start evaluating (total_samples: 177, total_iters: 177)...

  1/177 [..............................] - ETA: 7s - batch_cost: 0.0422 - reader cost: 0.0307
  3/177 [..............................] - ETA: 7s - batch_cost: 0.0411 - reader cost: 0.0161
  5/177 [..............................] - ETA: 7s - batch_cost: 0.0417 - reader cost: 0.0097
  7/177 [>.............................] - ETA: 7s - batch_cost: 0.0419 - reader cost: 0.0069
  9/177 [>.............................] - ETA: 7s - batch_cost: 0.0423 - reader cost: 0.0054
 11/177 [>.............................] - ETA: 6s - batch_cost: 0.0421 - reader cost: 0.0044
 13/177 [=>............................] - ETA: 6s - batch_cost: 0.0419 - reader cost: 0.0037
 15/177 [=>............................] - ETA: 6s - batch_cost: 0.0418 - reader cost: 0.0032
 17/177 [=>............................] - ETA: 6s - batch_cost: 0.0418 - reader cost: 0.0028
 19/177 [==>...........................] - ETA: 6s - batch_cost: 0.0418 - reader cost: 0.0025
 21/177 [==>...........................] - ETA: 6s - batch_cost: 0.0417 - reader cost: 0.0023
 23/177 [==>...........................] - ETA: 6s - batch_cost: 0.0417 - reader cost: 0.0021
 25/177 [===>..........................] - ETA: 6s - batch_cost: 0.0417 - reader cost: 0.0020
 27/177 [===>..........................] - ETA: 6s - batch_cost: 0.0417 - reader cost: 0.0018
 29/177 [===>..........................] - ETA: 6s - batch_cost: 0.0416 - reader cost: 0.0017
 31/177 [====>.........................] - ETA: 6s - batch_cost: 0.0416 - reader cost: 0.0016
 33/177 [====>.........................] - ETA: 5s - batch_cost: 0.0416 - reader cost: 0.0015
 35/177 [====>.........................] - ETA: 5s - batch_cost: 0.0416 - reader cost: 0.0014
 37/177 [=====>........................] - ETA: 5s - batch_cost: 0.0416 - reader cost: 0.0014
 39/177 [=====>........................] - ETA: 5s - batch_cost: 0.0415 - reader cost: 0.0013
 41/177 [=====>........................] - ETA: 5s - batch_cost: 0.0415 - reader cost: 0.0012
 43/177 [======>.......................] - ETA: 5s - batch_cost: 0.0415 - reader cost: 0.0012
 45/177 [======>.......................] - ETA: 5s - batch_cost: 0.0415 - reader cost: 0.0011
 47/177 [======>.......................] - ETA: 5s - batch_cost: 0.0415 - reader cost: 0.0011
 49/177 [=======>......................] - ETA: 5s - batch_cost: 0.0415 - reader cost: 0.0010
 51/177 [=======>......................] - ETA: 5s - batch_cost: 0.0415 - reader cost: 9.8531e-04
 53/177 [=======>......................] - ETA: 5s - batch_cost: 0.0415 - reader cost: 9.4813e-04
 55/177 [========>.....................] - ETA: 5s - batch_cost: 0.0415 - reader cost: 9.1365e-04
 57/177 [========>.....................] - ETA: 4s - batch_cost: 0.0415 - reader cost: 8.9915e-04
 59/177 [=========>....................] - ETA: 4s - batch_cost: 0.0415 - reader cost: 8.6867e-04
 61/177 [=========>....................] - ETA: 4s - batch_cost: 0.0415 - reader cost: 8.4019e-04
 63/177 [=========>....................] - ETA: 4s - batch_cost: 0.0415 - reader cost: 8.1352e-04
 65/177 [==========>...................] - ETA: 4s - batch_cost: 0.0415 - reader cost: 7.8849e-04
 67/177 [==========>...................] - ETA: 4s - batch_cost: 0.0415 - reader cost: 7.6495e-04
 69/177 [==========>...................] - ETA: 4s - batch_cost: 0.0415 - reader cost: 7.4278e-04
 71/177 [===========>..................] - ETA: 4s - batch_cost: 0.0415 - reader cost: 7.2185e-04
 73/177 [===========>..................] - ETA: 4s - batch_cost: 0.0415 - reader cost: 7.0208e-04
 75/177 [===========>..................] - ETA: 4s - batch_cost: 0.0414 - reader cost: 6.8336e-04
 77/177 [============>.................] - ETA: 4s - batch_cost: 0.0414 - reader cost: 6.6561e-04
 79/177 [============>.................] - ETA: 4s - batch_cost: 0.0415 - reader cost: 6.6141e-04
 81/177 [============>.................] - ETA: 3s - batch_cost: 0.0414 - reader cost: 6.4508e-04
 83/177 [=============>................] - ETA: 3s - batch_cost: 0.0414 - reader cost: 6.2953e-04
 85/177 [=============>................] - ETA: 3s - batch_cost: 0.0414 - reader cost: 6.1472e-04
 87/177 [=============>................] - ETA: 3s - batch_cost: 0.0414 - reader cost: 6.1208e-04
 89/177 [==============>...............] - ETA: 3s - batch_cost: 0.0414 - reader cost: 5.9833e-04
 91/177 [==============>...............] - ETA: 3s - batch_cost: 0.0414 - reader cost: 5.8518e-04
 93/177 [==============>...............] - ETA: 3s - batch_cost: 0.0414 - reader cost: 5.7259e-04
 95/177 [===============>..............] - ETA: 3s - batch_cost: 0.0414 - reader cost: 5.6054e-04
 97/177 [===============>..............] - ETA: 3s - batch_cost: 0.0414 - reader cost: 5.4898e-04
 99/177 [===============>..............] - ETA: 3s - batch_cost: 0.0414 - reader cost: 5.3789e-04
101/177 [================>.............] - ETA: 3s - batch_cost: 0.0414 - reader cost: 5.2724e-04
103/177 [================>.............] - ETA: 3s - batch_cost: 0.0414 - reader cost: 5.1700e-04
105/177 [================>.............] - ETA: 2s - batch_cost: 0.0414 - reader cost: 5.1667e-04
107/177 [=================>............] - ETA: 2s - batch_cost: 0.0414 - reader cost: 5.0702e-04
109/177 [=================>............] - ETA: 2s - batch_cost: 0.0414 - reader cost: 4.9771e-04
111/177 [=================>............] - ETA: 2s - batch_cost: 0.0414 - reader cost: 4.8875e-04
113/177 [==================>...........] - ETA: 2s - batch_cost: 0.0414 - reader cost: 4.8009e-04
115/177 [==================>...........] - ETA: 2s - batch_cost: 0.0414 - reader cost: 4.7175e-04
117/177 [==================>...........] - ETA: 2s - batch_cost: 0.0414 - reader cost: 4.6368e-04
119/177 [===================>..........] - ETA: 2s - batch_cost: 0.0414 - reader cost: 4.5589e-04
121/177 [===================>..........] - ETA: 2s - batch_cost: 0.0414 - reader cost: 4.5664e-04
123/177 [===================>..........] - ETA: 2s - batch_cost: 0.0414 - reader cost: 4.4921e-04
125/177 [====================>.........] - ETA: 2s - batch_cost: 0.0414 - reader cost: 4.4202e-04
127/177 [====================>.........] - ETA: 2s - batch_cost: 0.0414 - reader cost: 4.3506e-04
129/177 [====================>.........] - ETA: 1s - batch_cost: 0.0414 - reader cost: 4.2832e-04
131/177 [=====================>........] - ETA: 1s - batch_cost: 0.0414 - reader cost: 4.2178e-04
133/177 [=====================>........] - ETA: 1s - batch_cost: 0.0414 - reader cost: 4.1544e-04
135/177 [=====================>........] - ETA: 1s - batch_cost: 0.0414 - reader cost: 4.0928e-04
137/177 [======================>.......] - ETA: 1s - batch_cost: 0.0414 - reader cost: 4.0331e-04
139/177 [======================>.......] - ETA: 1s - batch_cost: 0.0414 - reader cost: 3.9750e-04
141/177 [======================>.......] - ETA: 1s - batch_cost: 0.0414 - reader cost: 3.9187e-04
143/177 [=======================>......] - ETA: 1s - batch_cost: 0.0414 - reader cost: 3.8638e-04
145/177 [=======================>......] - ETA: 1s - batch_cost: 0.0414 - reader cost: 3.8106e-04
147/177 [=======================>......] - ETA: 1s - batch_cost: 0.0414 - reader cost: 3.7587e-04
149/177 [========================>.....] - ETA: 1s - batch_cost: 0.0414 - reader cost: 3.7083e-04
151/177 [========================>.....] - ETA: 1s - batch_cost: 0.0414 - reader cost: 3.6591e-04
153/177 [========================>.....] - ETA: 0s - batch_cost: 0.0414 - reader cost: 3.6113e-04
155/177 [=========================>....] - ETA: 0s - batch_cost: 0.0414 - reader cost: 3.5647e-04
157/177 [=========================>....] - ETA: 0s - batch_cost: 0.0414 - reader cost: 3.5193e-04
159/177 [=========================>....] - ETA: 0s - batch_cost: 0.0414 - reader cost: 3.4750e-04
161/177 [==========================>...] - ETA: 0s - batch_cost: 0.0414 - reader cost: 3.4319e-04
163/177 [==========================>...] - ETA: 0s - batch_cost: 0.0414 - reader cost: 3.3898e-04
165/177 [==========================>...] - ETA: 0s - batch_cost: 0.0414 - reader cost: 3.3487e-04
167/177 [===========================>..] - ETA: 0s - batch_cost: 0.0414 - reader cost: 3.3685e-04
169/177 [===========================>..] - ETA: 0s - batch_cost: 0.0414 - reader cost: 3.3286e-04
171/177 [===========================>..] - ETA: 0s - batch_cost: 0.0414 - reader cost: 3.2897e-04
173/177 [============================>.] - ETA: 0s - batch_cost: 0.0414 - reader cost: 3.2517e-04
175/177 [============================>.] - ETA: 0s - batch_cost: 0.0414 - reader cost: 3.2145e-04
177/177 [==============================] - 7s 42ms/step - batch_cost: 0.0414 - reader cost: 3.1782e-04
[2026/10/07 00:56:52] INFO: [EVAL] #Images: 177 mIoU: 0.8717 Acc: 0.9906 Kappa: 0.8543 Dice: 0.9271
[2026/10/07 00:56:52] INFO: [EVAL] Class IoU: 
[0.9903 0.7531]
[2026/10/07 00:56:52] INFO: [EVAL] Class Precision: 
[0.9966 0.825 ]
[2026/10/07 00:56:52] INFO: [EVAL] Class Recall: 
[0.9937 0.8962]
[2026/10/07 00:56:53] INFO: [EVAL] The model with the best validation mIoU (0.8719) was saved at iter 12000.
[2026/10/07 00:56:53] INFO: [EVAL] The EMA model with the best validation mIoU (0.8717) was saved at iter 12000.
[2026/10/07 00:56:53] INFO: [TRAIN] epoch: 35, iter: 12010/18000, loss: 0.0249, lr: 0.000020, batch_cost: 0.0462, reader_cost: 0.00020, ips: 86.6555 samples/sec, max_mem_reserved: 1731 MB, max_mem_allocated: 1081 MB | ETA 00:04:36
[2026/10/07 00:56:54] INFO: [TRAIN] epoch: 35, iter: 12020/18000, loss: 0.0303, lr: 0.000020, batch_cost: 0.0844, reader_cost: 0.03609, ips: 47.4117 samples/sec, max_mem_reserved: 1731 MB, max_mem_allocated: 1081 MB | ETA 00:08:24
[2026/10/07 00:56:55] INFO: [TRAIN] epoch: 35, iter: 12030/18000, loss: 0.0388, lr: 0.000020, batch_cost: 0.0842, reader_cost: 0.03616, ips: 47.4970 samples/sec, max_mem_reserved: 1731 MB, max_mem_allocated: 1081 MB | ETA 00:08:22
[2026/10/07 00:56:56] INFO: [TRAIN] epoch: 35, iter: 12040/18000, loss: 0.0274, lr: 0.000020, batch_cost: 0.0804, reader_cost: 0.03450, ips: 49.7393 samples/sec, max_mem_reserved: 1731 MB, max_mem_allocated: 1081 MB | ETA 00:07:59
[2026/10/07 00:56:57] INFO: [TRAIN] epoch: 35, iter: 12050/18000, loss: 0.0305, lr: 0.000020, batch_cost: 0.0821, reader_cost: 0.03440, ips: 48.7448 samples/sec, max_mem_reserved: 1731 MB, max_mem_allocated: 1081 MB | ETA 00:08:08
[2026/10/07 00:56:58] INFO: [TRAIN] epoch: 35, iter: 12060/18000, loss: 0.0271, lr: 0.000020, batch_cost: 0.0788, reader_cost: 0.03115, ips: 50.7337 samples/sec, max_mem_reserved: 1731 MB, max_mem_allocated: 1081 MB | ETA 00:07:48
[2026/10/07 00:56:59] INFO: [TRAIN] epoch: 35, iter: 12070/18000, loss: 0.0288, lr: 0.000020, batch_cost: 0.0827, reader_cost: 0.03580, ips: 48.3515 samples/sec, max_mem_reserved: 1731 MB, max_mem_allocated: 1081 MB | ETA 00:08:10
[2026/10/07 00:57:00] INFO: [TRAIN] epoch: 35, iter: 12080/18000, loss: 0.0278, lr: 0.000020, batch_cost: 0.0862, reader_cost: 0.03965, ips: 46.4013 samples/sec, max_mem_reserved: 1731 MB, max_mem_allocated: 1081 MB | ETA 00:08:30
[2026/10/07 00:57:01] INFO: [TRAIN] epoch: 35, iter: 12090/18000, loss: 0.0292, lr: 0.000020, batch_cost: 0.0890, reader_cost: 0.04119, ips: 44.9318 samples/sec, max_mem_reserved: 1731 MB, max_mem_allocated: 1081 MB | ETA 00:08:46
[2026/10/07 00:57:02] INFO: [TRAIN] epoch: 35, iter: 12100/18000, loss: 0.0243, lr: 0.000020, batch_cost: 0.0834, reader_cost: 0.03612, ips: 47.9627 samples/sec, max_mem_reserved: 1731 MB, max_mem_allocated: 1081 MB | ETA 00:08:12
[2026/10/07 00:57:03] INFO: [TRAIN] epoch: 35, iter: 12110/18000, loss: 0.0293, lr: 0.000020, batch_cost: 0.0864, reader_cost: 0.04130, ips: 46.2790 samples/sec, max_mem_reserved: 1731 MB, max_mem_allocated: 1081 MB | ETA 00:08:29
[2026/10/07 00:57:04] INFO: [TRAIN] epoch: 35, iter: 12120/18000, loss: 0.0439, lr: 0.000020, batch_cost: 0.0836, reader_cost: 0.03585, ips: 47.8746 samples/sec, max_mem_reserved: 1731 MB, max_mem_allocated: 1081 MB | ETA 00:08:11
[2026/10/07 00:57:05] INFO: [TRAIN] epoch: 35, iter: 12130/18000, loss: 0.0331, lr: 0.000020, batch_cost: 0.0878, reader_cost: 0.03823, ips: 45.5325 samples/sec, max_mem_reserved: 1731 MB, max_mem_allocated: 1081 MB | ETA 00:08:35
[2026/10/07 00:57:06] INFO: [TRAIN] epoch: 35, iter: 12140/18000, loss: 0.0373, lr: 0.000020, batch_cost: 0.0830, reader_cost: 0.03470, ips: 48.1908 samples/sec, max_mem_reserved: 1731 MB, max_mem_allocated: 1081 MB | ETA 00:08:06
[2026/10/07 00:57:06] INFO: [TRAIN] epoch: 35, iter: 12150/18000, loss: 0.0345, lr: 0.000020, batch_cost: 0.0785, reader_cost: 0.02946, ips: 50.9260 samples/sec, max_mem_reserved: 1731 MB, max_mem_allocated: 1081 MB | ETA 00:07:39
[2026/10/07 00:57:07] INFO: [TRAIN] epoch: 35, iter: 12160/18000, loss: 0.0279, lr: 0.000019, batch_cost: 0.0857, reader_cost: 0.03728, ips: 46.6700 samples/sec, max_mem_reserved: 1731 MB, max_mem_allocated: 1081 MB | ETA 00:08:20
[2026/10/07 00:57:08] INFO: [TRAIN] epoch: 35, iter: 12170/18000, loss: 0.0300, lr: 0.000019, batch_cost: 0.0846, reader_cost: 0.03654, ips: 47.2894 samples/sec, max_mem_reserved: 1731 MB, max_mem_allocated: 1081 MB | ETA 00:08:13
[2026/10/07 00:57:09] INFO: [TRAIN] epoch: 35, iter: 12180/18000, loss: 0.0354, lr: 0.000019, batch_cost: 0.0841, reader_cost: 0.03555, ips: 47.5502 samples/sec, max_mem_reserved: 1731 MB, max_mem_allocated: 1081 MB | ETA 00:08:09
[2026/10/07 00:57:10] INFO: [TRAIN] epoch: 35, iter: 12190/18000, loss: 0.0335, lr: 0.000019, batch_cost: 0.0816, reader_cost: 0.03298, ips: 49.0062 samples/sec, max_mem_reserved: 1731 MB, max_mem_allocated: 1081 MB | ETA 00:07:54
[2026/10/07 00:57:11] INFO: [TRAIN] epoch: 35, iter: 12200/18000, loss: 0.0372, lr: 0.000019, batch_cost: 0.0850, reader_cost: 0.03714, ips: 47.0596 samples/sec, max_mem_reserved: 1731 MB, max_mem_allocated: 1081 MB | ETA 00:08:12
[2026/10/07 00:57:12] INFO: [TRAIN] epoch: 35, iter: 12210/18000, loss: 0.0320, lr: 0.000019, batch_cost: 0.0841, reader_cost: 0.03591, ips: 47.5738 samples/sec, max_mem_reserved: 1731 MB, max_mem_allocated: 1081 MB | ETA 00:08:06
[2026/10/07 00:57:13] INFO: [TRAIN] epoch: 35, iter: 12220/18000, loss: 0.0341, lr: 0.000019, batch_cost: 0.0794, reader_cost: 0.03150, ips: 50.3908 samples/sec, max_mem_reserved: 1731 MB, max_mem_allocated: 1081 MB | ETA 00:07:38
[2026/10/07 00:57:14] INFO: [TRAIN] epoch: 35, iter: 12230/18000, loss: 0.0288, lr: 0.000019, batch_cost: 0.0807, reader_cost: 0.03196, ips: 49.5951 samples/sec, max_mem_reserved: 1731 MB, max_mem_allocated: 1081 MB | ETA 00:07:45
[2026/10/07 00:57:15] INFO: [TRAIN] epoch: 35, iter: 12240/18000, loss: 0.0286, lr: 0.000019, batch_cost: 0.0780, reader_cost: 0.02853, ips: 51.2702 samples/sec, max_mem_reserved: 1731 MB, max_mem_allocated: 1081 MB | ETA 00:07:29
[2026/10/07 00:57:16] INFO: [TRAIN] epoch: 35, iter: 12250/18000, loss: 0.0397, lr: 0.000019, batch_cost: 0.0833, reader_cost: 0.03504, ips: 47.9969 samples/sec, max_mem_reserved: 1731 MB, max_mem_allocated: 1081 MB | ETA 00:07:59
[2026/10/07 00:57:17] INFO: [TRAIN] epoch: 36, iter: 12260/18000, loss: 0.0405, lr: 0.000019, batch_cost: 0.0880, reader_cost: 0.04049, ips: 45.4745 samples/sec, max_mem_reserved: 1731 MB, max_mem_allocated: 1081 MB | ETA 00:08:24
[2026/10/07 00:57:18] INFO: [TRAIN] epoch: 36, iter: 12270/18000, loss: 0.0343, lr: 0.000019, batch_cost: 0.0861, reader_cost: 0.03814, ips: 46.4808 samples/sec, max_mem_reserved: 1731 MB, max_mem_allocated: 1081 MB | ETA 00:08:13
[2026/10/07 00:57:19] INFO: [TRAIN] epoch: 36, iter: 12280/18000, loss: 0.0278, lr: 0.000019, batch_cost: 0.0819, reader_cost: 0.03356, ips: 48.8619 samples/sec, max_mem_reserved: 1731 MB, max_mem_allocated: 1081 MB | ETA 00:07:48
[2026/10/07 00:57:20] INFO: [TRAIN] epoch: 36, iter: 12290/18000, loss: 0.0353, lr: 0.000019, batch_cost: 0.0816, reader_cost: 0.03297, ips: 49.0456 samples/sec, max_mem_reserved: 1731 MB, max_mem_allocated: 1081 MB | ETA 00:07:45
[2026/10/07 00:57:21] INFO: [TRAIN] epoch: 36, iter: 12300/18000, loss: 0.0353, lr: 0.000019, batch_cost: 0.0810, reader_cost: 0.03363, ips: 49.3821 samples/sec, max_mem_reserved: 1731 MB, max_mem_allocated: 1081 MB | ETA 00:07:41
[2026/10/07 00:57:22] INFO: [TRAIN] epoch: 36, iter: 12310/18000, loss: 0.0348, lr: 0.000019, batch_cost: 0.0807, reader_cost: 0.03274, ips: 49.5613 samples/sec, max_mem_reserved: 1731 MB, max_mem_allocated: 1081 MB | ETA 00:07:39
[2026/10/07 00:57:23] INFO: [TRAIN] epoch: 36, iter: 12320/18000, loss: 0.0351, lr: 0.000019, batch_cost: 0.0866, reader_cost: 0.03804, ips: 46.1977 samples/sec, max_mem_reserved: 1731 MB, max_mem_allocated: 1081 MB | ETA 00:08:11
[2026/10/07 00:57:24] INFO: [TRAIN] epoch: 36, iter: 12330/18000, loss: 0.0278, lr: 0.000019, batch_cost: 0.0878, reader_cost: 0.04010, ips: 45.5827 samples/sec, max_mem_reserved: 1731 MB, max_mem_allocated: 1081 MB | ETA 00:08:17
[2026/10/07 00:57:25] INFO: [TRAIN] epoch: 36, iter: 12340/18000, loss: 0.0297, lr: 0.000019, batch_cost: 0.0842, reader_cost: 0.03837, ips: 47.4829 samples/sec, max_mem_reserved: 1731 MB, max_mem_allocated: 1081 MB | ETA 00:07:56
[2026/10/07 00:57:26] INFO: [TRAIN] epoch: 36, iter: 12350/18000, loss: 0.0288, lr: 0.000019, batch_cost: 0.0856, reader_cost: 0.03883, ips: 46.7335 samples/sec, max_mem_reserved: 1731 MB, max_mem_allocated: 1081 MB | ETA 00:08:03
[2026/10/07 00:57:27] INFO: [TRAIN] epoch: 36, iter: 12360/18000, loss: 0.0277, lr: 0.000019, batch_cost: 0.0873, reader_cost: 0.03980, ips: 45.8341 samples/sec, max_mem_reserved: 1731 MB, max_mem_allocated: 1081 MB | ETA 00:08:12
[2026/10/07 00:57:27] INFO: [TRAIN] epoch: 36, iter: 12370/18000, loss: 0.0368, lr: 0.000019, batch_cost: 0.0868, reader_cost: 0.03814, ips: 46.0734 samples/sec, max_mem_reserved: 1731 MB, max_mem_allocated: 1081 MB | ETA 00:08:08
[2026/10/07 00:57:28] INFO: [TRAIN] epoch: 36, iter: 12380/18000, loss: 0.0299, lr: 0.000019, batch_cost: 0.0872, reader_cost: 0.04009, ips: 45.8913 samples/sec, max_mem_reserved: 1731 MB, max_mem_allocated: 1081 MB | ETA 00:08:09
[2026/10/07 00:57:29] INFO: [TRAIN] epoch: 36, iter: 12390/18000, loss: 0.0315, lr: 0.000019, batch_cost: 0.0829, reader_cost: 0.03430, ips: 48.2760 samples/sec, max_mem_reserved: 1731 MB, max_mem_allocated: 1081 MB | ETA 00:07:44
[2026/10/07 00:57:30] INFO: [TRAIN] epoch: 36, iter: 12400/18000, loss: 0.0281, lr: 0.000019, batch_cost: 0.0892, reader_cost: 0.04072, ips: 44.8220 samples/sec, max_mem_reserved: 1731 MB, max_mem_allocated: 1081 MB | ETA 00:08:19
[2026/10/07 00:57:31] INFO: [TRAIN] epoch: 36, iter: 12410/18000, loss: 0.0296, lr: 0.000019, batch_cost: 0.0835, reader_cost: 0.03650, ips: 47.9106 samples/sec, max_mem_reserved: 1731 MB, max_mem_allocated: 1081 MB | ETA 00:07:46
[2026/10/07 00:57:32] INFO: [TRAIN] epoch: 36, iter: 12420/18000, loss: 0.0323, lr: 0.000019, batch_cost: 0.0791, reader_cost: 0.03157, ips: 50.5529 samples/sec, max_mem_reserved: 1731 MB, max_mem_allocated: 1081 MB | ETA 00:07:21
[2026/10/07 00:57:33] INFO: [TRAIN] epoch: 36, iter: 12430/18000, loss: 0.0369, lr: 0.000019, batch_cost: 0.0880, reader_cost: 0.04032, ips: 45.4567 samples/sec, max_mem_reserved: 1731 MB, max_mem_allocated: 1081 MB | ETA 00:08:10
[2026/10/07 00:57:34] INFO: [TRAIN] epoch: 36, iter: 12440/18000, loss: 0.0322, lr: 0.000019, batch_cost: 0.0795, reader_cost: 0.03213, ips: 50.3068 samples/sec, max_mem_reserved: 1731 MB, max_mem_allocated: 1081 MB | ETA 00:07:22
[2026/10/07 00:57:35] INFO: [TRAIN] epoch: 36, iter: 12450/18000, loss: 0.0307, lr: 0.000019, batch_cost: 0.0869, reader_cost: 0.03892, ips: 46.0341 samples/sec, max_mem_reserved: 1731 MB, max_mem_allocated: 1081 MB | ETA 00:08:02
[2026/10/07 00:57:36] INFO: [TRAIN] epoch: 36, iter: 12460/18000, loss: 0.0400, lr: 0.000018, batch_cost: 0.0846, reader_cost: 0.03546, ips: 47.2883 samples/sec, max_mem_reserved: 1731 MB, max_mem_allocated: 1081 MB | ETA 00:07:48
[2026/10/07 00:57:37] INFO: [TRAIN] epoch: 36, iter: 12470/18000, loss: 0.0385, lr: 0.000018, batch_cost: 0.0788, reader_cost: 0.03110, ips: 50.7659 samples/sec, max_mem_reserved: 1731 MB, max_mem_allocated: 1081 MB | ETA 00:07:15
[2026/10/07 00:57:38] INFO: [TRAIN] epoch: 36, iter: 12480/18000, loss: 0.0347, lr: 0.000018, batch_cost: 0.0792, reader_cost: 0.03105, ips: 50.5008 samples/sec, max_mem_reserved: 1731 MB, max_mem_allocated: 1081 MB | ETA 00:07:17
[2026/10/07 00:57:39] INFO: [TRAIN] epoch: 36, iter: 12490/18000, loss: 0.0326, lr: 0.000018, batch_cost: 0.0822, reader_cost: 0.03525, ips: 48.6738 samples/sec, max_mem_reserved: 1731 MB, max_mem_allocated: 1081 MB | ETA 00:07:32
[2026/10/07 00:57:40] INFO: [TRAIN] epoch: 36, iter: 12500/18000, loss: 0.0307, lr: 0.000018, batch_cost: 0.0853, reader_cost: 0.03778, ips: 46.9086 samples/sec, max_mem_reserved: 1731 MB, max_mem_allocated: 1081 MB | ETA 00:07:48
[2026/10/07 00:57:41] INFO: [TRAIN] epoch: 36, iter: 12510/18000, loss: 0.0375, lr: 0.000018, batch_cost: 0.0851, reader_cost: 0.03689, ips: 47.0216 samples/sec, max_mem_reserved: 1731 MB, max_mem_allocated: 1081 MB | ETA 00:07:47
[2026/10/07 00:57:42] INFO: [TRAIN] epoch: 36, iter: 12520/18000, loss: 0.0363, lr: 0.000018, batch_cost: 0.0814, reader_cost: 0.03513, ips: 49.1572 samples/sec, max_mem_reserved: 1731 MB, max_mem_allocated: 1081 MB | ETA 00:07:25
[2026/10/07 00:57:43] INFO: [TRAIN] epoch: 36, iter: 12530/18000, loss: 0.0284, lr: 0.000018, batch_cost: 0.0817, reader_cost: 0.03465, ips: 48.9533 samples/sec, max_mem_reserved: 1731 MB, max_mem_allocated: 1081 MB | ETA 00:07:26
[2026/10/07 00:57:44] INFO: [TRAIN] epoch: 36, iter: 12540/18000, loss: 0.0259, lr: 0.000018, batch_cost: 0.0877, reader_cost: 0.03995, ips: 45.6006 samples/sec, max_mem_reserved: 1731 MB, max_mem_allocated: 1081 MB | ETA 00:07:58
[2026/10/07 00:57:45] INFO: [TRAIN] epoch: 36, iter: 12550/18000, loss: 0.0225, lr: 0.000018, batch_cost: 0.0818, reader_cost: 0.03424, ips: 48.8918 samples/sec, max_mem_reserved: 1731 MB, max_mem_allocated: 1081 MB | ETA 00:07:25
[2026/10/07 00:57:46] INFO: [TRAIN] epoch: 36, iter: 12560/18000, loss: 0.0289, lr: 0.000018, batch_cost: 0.0819, reader_cost: 0.03334, ips: 48.8524 samples/sec, max_mem_reserved: 1731 MB, max_mem_allocated: 1081 MB | ETA 00:07:25
[2026/10/07 00:57:47] INFO: [TRAIN] epoch: 36, iter: 12570/18000, loss: 0.0323, lr: 0.000018, batch_cost: 0.0812, reader_cost: 0.03361, ips: 49.2484 samples/sec, max_mem_reserved: 1731 MB, max_mem_allocated: 1081 MB | ETA 00:07:21
[2026/10/07 00:57:48] INFO: [TRAIN] epoch: 36, iter: 12580/18000, loss: 0.0335, lr: 0.000018, batch_cost: 0.0846, reader_cost: 0.03714, ips: 47.2652 samples/sec, max_mem_reserved: 1731 MB, max_mem_allocated: 1081 MB | ETA 00:07:38
[2026/10/07 00:57:48] INFO: [TRAIN] epoch: 36, iter: 12590/18000, loss: 0.0280, lr: 0.000018, batch_cost: 0.0828, reader_cost: 0.03533, ips: 48.3049 samples/sec, max_mem_reserved: 1731 MB, max_mem_allocated: 1081 MB | ETA 00:07:27
[2026/10/07 00:57:49] INFO: [TRAIN] epoch: 36, iter: 12600/18000, loss: 0.0306, lr: 0.000018, batch_cost: 0.0840, reader_cost: 0.03634, ips: 47.6202 samples/sec, max_mem_reserved: 1731 MB, max_mem_allocated: 1081 MB | ETA 00:07:33
[2026/10/07 00:57:50] INFO: [TRAIN] epoch: 37, iter: 12610/18000, loss: 0.0256, lr: 0.000018, batch_cost: 0.0884, reader_cost: 0.04001, ips: 45.2725 samples/sec, max_mem_reserved: 1731 MB, max_mem_allocated: 1081 MB | ETA 00:07:56
[2026/10/07 00:57:51] INFO: [TRAIN] epoch: 37, iter: 12620/18000, loss: 0.0424, lr: 0.000018, batch_cost: 0.0840, reader_cost: 0.03671, ips: 47.6160 samples/sec, max_mem_reserved: 1731 MB, max_mem_allocated: 1081 MB | ETA 00:07:31
[2026/10/07 00:57:52] INFO: [TRAIN] epoch: 37, iter: 12630/18000, loss: 0.0372, lr: 0.000018, batch_cost: 0.0839, reader_cost: 0.03673, ips: 47.6522 samples/sec, max_mem_reserved: 1731 MB, max_mem_allocated: 1081 MB | ETA 00:07:30
[2026/10/07 00:57:53] INFO: [TRAIN] epoch: 37, iter: 12640/18000, loss: 0.0353, lr: 0.000018, batch_cost: 0.0882, reader_cost: 0.03819, ips: 45.3279 samples/sec, max_mem_reserved: 1731 MB, max_mem_allocated: 1081 MB | ETA 00:07:52
[2026/10/07 00:57:54] INFO: [TRAIN] epoch: 37, iter: 12650/18000, loss: 0.0321, lr: 0.000018, batch_cost: 0.0827, reader_cost: 0.03530, ips: 48.3786 samples/sec, max_mem_reserved: 1731 MB, max_mem_allocated: 1081 MB | ETA 00:07:22
[2026/10/07 00:57:55] INFO: [TRAIN] epoch: 37, iter: 12660/18000, loss: 0.0393, lr: 0.000018, batch_cost: 0.0847, reader_cost: 0.03732, ips: 47.2333 samples/sec, max_mem_reserved: 1731 MB, max_mem_allocated: 1081 MB | ETA 00:07:32
[2026/10/07 00:57:56] INFO: [TRAIN] epoch: 37, iter: 12670/18000, loss: 0.0295, lr: 0.000018, batch_cost: 0.0805, reader_cost: 0.03256, ips: 49.6702 samples/sec, max_mem_reserved: 1731 MB, max_mem_allocated: 1081 MB | ETA 00:07:09
[2026/10/07 00:57:57] INFO: [TRAIN] epoch: 37, iter: 12680/18000, loss: 0.0268, lr: 0.000018, batch_cost: 0.0823, reader_cost: 0.03592, ips: 48.6025 samples/sec, max_mem_reserved: 1731 MB, max_mem_allocated: 1081 MB | ETA 00:07:17
[2026/10/07 00:57:58] INFO: [TRAIN] epoch: 37, iter: 12690/18000, loss: 0.0202, lr: 0.000018, batch_cost: 0.0853, reader_cost: 0.03607, ips: 46.9147 samples/sec, max_mem_reserved: 1731 MB, max_mem_allocated: 1081 MB | ETA 00:07:32
[2026/10/07 00:57:59] INFO: [TRAIN] epoch: 37, iter: 12700/18000, loss: 0.0267, lr: 0.000018, batch_cost: 0.0821, reader_cost: 0.03500, ips: 48.7097 samples/sec, max_mem_reserved: 1731 MB, max_mem_allocated: 1081 MB | ETA 00:07:15
[2026/10/07 00:58:00] INFO: [TRAIN] epoch: 37, iter: 12710/18000, loss: 0.0364, lr: 0.000018, batch_cost: 0.0813, reader_cost: 0.03440, ips: 49.2273 samples/sec, max_mem_reserved: 1731 MB, max_mem_allocated: 1081 MB | ETA 00:07:09
[2026/10/07 00:58:01] INFO: [TRAIN] epoch: 37, iter: 12720/18000, loss: 0.0325, lr: 0.000018, batch_cost: 0.0817, reader_cost: 0.03358, ips: 48.9360 samples/sec, max_mem_reserved: 1731 MB, max_mem_allocated: 1081 MB | ETA 00:07:11
[2026/10/07 00:58:02] INFO: [TRAIN] epoch: 37, iter: 12730/18000, loss: 0.0282, lr: 0.000018, batch_cost: 0.0819, reader_cost: 0.03457, ips: 48.8274 samples/sec, max_mem_reserved: 1731 MB, max_mem_allocated: 1081 MB | ETA 00:07:11
[2026/10/07 00:58:03] INFO: [TRAIN] epoch: 37, iter: 12740/18000, loss: 0.0250, lr: 0.000018, batch_cost: 0.0860, reader_cost: 0.03778, ips: 46.5293 samples/sec, max_mem_reserved: 1731 MB, max_mem_allocated: 1081 MB | ETA 00:07:32
[2026/10/07 00:58:04] INFO: [TRAIN] epoch: 37, iter: 12750/18000, loss: 0.0285, lr: 0.000018, batch_cost: 0.0860, reader_cost: 0.03926, ips: 46.5068 samples/sec, max_mem_reserved: 1731 MB, max_mem_allocated: 1081 MB | ETA 00:07:31
[2026/10/07 00:58:05] INFO: [TRAIN] epoch: 37, iter: 12760/18000, loss: 0.0312, lr: 0.000017, batch_cost: 0.0840, reader_cost: 0.03815, ips: 47.6474 samples/sec, max_mem_reserved: 1731 MB, max_mem_allocated: 1081 MB | ETA 00:07:19
[2026/10/07 00:58:06] INFO: [TRAIN] epoch: 37, iter: 12770/18000, loss: 0.0269, lr: 0.000017, batch_cost: 0.0853, reader_cost: 0.03839, ips: 46.8964 samples/sec, max_mem_reserved: 1731 MB, max_mem_allocated: 1081 MB | ETA 00:07:26
[2026/10/07 00:58:07] INFO: [TRAIN] epoch: 37, iter: 12780/18000, loss: 0.0302, lr: 0.000017, batch_cost: 0.0911, reader_cost: 0.04232, ips: 43.8939 samples/sec, max_mem_reserved: 1731 MB, max_mem_allocated: 1081 MB | ETA 00:07:55
[2026/10/07 00:58:08] INFO: [TRAIN] epoch: 37, iter: 12790/18000, loss: 0.0332, lr: 0.000017, batch_cost: 0.0840, reader_cost: 0.03731, ips: 47.6069 samples/sec, max_mem_reserved: 1731 MB, max_mem_allocated: 1081 MB | ETA 00:07:17
[2026/10/07 00:58:09] INFO: [TRAIN] epoch: 37, iter: 12800/18000, loss: 0.0299, lr: 0.000017, batch_cost: 0.0827, reader_cost: 0.03499, ips: 48.3954 samples/sec, max_mem_reserved: 1731 MB, max_mem_allocated: 1081 MB | ETA 00:07:09
[2026/10/07 00:58:10] INFO: [TRAIN] epoch: 37, iter: 12810/18000, loss: 0.0400, lr: 0.000017, batch_cost: 0.0885, reader_cost: 0.04020, ips: 45.1958 samples/sec, max_mem_reserved: 1731 MB, max_mem_allocated: 1081 MB | ETA 00:07:39
[2026/10/07 00:58:11] INFO: [TRAIN] epoch: 37, iter: 12820/18000, loss: 0.0288, lr: 0.000017, batch_cost: 0.0803, reader_cost: 0.03264, ips: 49.7892 samples/sec, max_mem_reserved: 1731 MB, max_mem_allocated: 1081 MB | ETA 00:06:56
[2026/10/07 00:58:11] INFO: [TRAIN] epoch: 37, iter: 12830/18000, loss: 0.0294, lr: 0.000017, batch_cost: 0.0857, reader_cost: 0.03830, ips: 46.6658 samples/sec, max_mem_reserved: 1731 MB, max_mem_allocated: 1081 MB | ETA 00:07:23
[2026/10/07 00:58:12] INFO: [TRAIN] epoch: 37, iter: 12840/18000, loss: 0.0253, lr: 0.000017, batch_cost: 0.0853, reader_cost: 0.03836, ips: 46.8813 samples/sec, max_mem_reserved: 1731 MB, max_mem_allocated: 1081 MB | ETA 00:07:20
[2026/10/07 00:58:13] INFO: [TRAIN] epoch: 37, iter: 12850/18000, loss: 0.0342, lr: 0.000017, batch_cost: 0.0826, reader_cost: 0.03651, ips: 48.4111 samples/sec, max_mem_reserved: 1731 MB, max_mem_allocated: 1081 MB | ETA 00:07:05
[2026/10/07 00:58:14] INFO: [TRAIN] epoch: 37, iter: 12860/18000, loss: 0.0318, lr: 0.000017, batch_cost: 0.0864, reader_cost: 0.03979, ips: 46.2696 samples/sec, max_mem_reserved: 1731 MB, max_mem_allocated: 1081 MB | ETA 00:07:24
[2026/10/07 00:58:15] INFO: [TRAIN] epoch: 37, iter: 12870/18000, loss: 0.0339, lr: 0.000017, batch_cost: 0.0863, reader_cost: 0.03812, ips: 46.3733 samples/sec, max_mem_reserved: 1731 MB, max_mem_allocated: 1081 MB | ETA 00:07:22
[2026/10/07 00:58:16] INFO: [TRAIN] epoch: 37, iter: 12880/18000, loss: 0.0241, lr: 0.000017, batch_cost: 0.0859, reader_cost: 0.03984, ips: 46.5923 samples/sec, max_mem_reserved: 1731 MB, max_mem_allocated: 1081 MB | ETA 00:07:19
[2026/10/07 00:58:17] INFO: [TRAIN] epoch: 37, iter: 12890/18000, loss: 0.0365, lr: 0.000017, batch_cost: 0.0876, reader_cost: 0.04034, ips: 45.6372 samples/sec, max_mem_reserved: 1731 MB, max_mem_allocated: 1081 MB | ETA 00:07:27
[2026/10/07 00:58:18] INFO: [TRAIN] epoch: 37, iter: 12900/18000, loss: 0.0252, lr: 0.000017, batch_cost: 0.0795, reader_cost: 0.03241, ips: 50.3164 samples/sec, max_mem_reserved: 1731 MB, max_mem_allocated: 1081 MB | ETA 00:06:45
[2026/10/07 00:58:19] INFO: [TRAIN] epoch: 37, iter: 12910/18000, loss: 0.0308, lr: 0.000017, batch_cost: 0.0869, reader_cost: 0.03876, ips: 46.0538 samples/sec, max_mem_reserved: 1731 MB, max_mem_allocated: 1081 MB | ETA 00:07:22
[2026/10/07 00:58:20] INFO: [TRAIN] epoch: 37, iter: 12920/18000, loss: 0.0314, lr: 0.000017, batch_cost: 0.0807, reader_cost: 0.03372, ips: 49.5951 samples/sec, max_mem_reserved: 1731 MB, max_mem_allocated: 1081 MB | ETA 00:06:49
[2026/10/07 00:58:21] INFO: [TRAIN] epoch: 37, iter: 12930/18000, loss: 0.0342, lr: 0.000017, batch_cost: 0.0844, reader_cost: 0.03788, ips: 47.3761 samples/sec, max_mem_reserved: 1731 MB, max_mem_allocated: 1081 MB | ETA 00:07:08
[2026/10/07 00:58:22] INFO: [TRAIN] epoch: 37, iter: 12940/18000, loss: 0.0243, lr: 0.000017, batch_cost: 0.0800, reader_cost: 0.03366, ips: 49.9950 samples/sec, max_mem_reserved: 1731 MB, max_mem_allocated: 1081 MB | ETA 00:06:44
[2026/10/07 00:58:23] INFO: [TRAIN] epoch: 37, iter: 12950/18000, loss: 0.0351, lr: 0.000017, batch_cost: 0.0841, reader_cost: 0.03732, ips: 47.5442 samples/sec, max_mem_reserved: 1731 MB, max_mem_allocated: 1081 MB | ETA 00:07:04
[2026/10/07 00:58:24] INFO: [TRAIN] epoch: 38, iter: 12960/18000, loss: 0.0299, lr: 0.000017, batch_cost: 0.0879, reader_cost: 0.04055, ips: 45.5239 samples/sec, max_mem_reserved: 1731 MB, max_mem_allocated: 1081 MB | ETA 00:07:22
[2026/10/07 00:58:25] INFO: [TRAIN] epoch: 38, iter: 12970/18000, loss: 0.0253, lr: 0.000017, batch_cost: 0.0840, reader_cost: 0.03627, ips: 47.6020 samples/sec, max_mem_reserved: 1731 MB, max_mem_allocated: 1081 MB | ETA 00:07:02
[2026/10/07 00:58:26] INFO: [TRAIN] epoch: 38, iter: 12980/18000, loss: 0.0307, lr: 0.000017, batch_cost: 0.0856, reader_cost: 0.03806, ips: 46.7419 samples/sec, max_mem_reserved: 1731 MB, max_mem_allocated: 1081 MB | ETA 00:07:09
[2026/10/07 00:58:27] INFO: [TRAIN] epoch: 38, iter: 12990/18000, loss: 0.0356, lr: 0.000017, batch_cost: 0.0875, reader_cost: 0.04121, ips: 45.7102 samples/sec, max_mem_reserved: 1731 MB, max_mem_allocated: 1081 MB | ETA 00:07:18
[2026/10/07 00:58:28] INFO: [TRAIN] epoch: 38, iter: 13000/18000, loss: 0.0386, lr: 0.000017, batch_cost: 0.0857, reader_cost: 0.03851, ips: 46.6938 samples/sec, max_mem_reserved: 1731 MB, max_mem_allocated: 1081 MB | ETA 00:07:08
[2026/10/07 00:58:28] INFO: Start evaluating (total_samples: 177, total_iters: 177)...

  1/177 [..............................] - ETA: 8s - batch_cost: 0.0505 - reader cost: 0.0340
  3/177 [..............................] - ETA: 7s - batch_cost: 0.0453 - reader cost: 0.0252
  5/177 [..............................] - ETA: 7s - batch_cost: 0.0442 - reader cost: 0.0175
  7/177 [>.............................] - ETA: 7s - batch_cost: 0.0435 - reader cost: 0.0125
  9/177 [>.............................] - ETA: 7s - batch_cost: 0.0440 - reader cost: 0.0098
 11/177 [>.............................] - ETA: 7s - batch_cost: 0.0431 - reader cost: 0.0081
 13/177 [=>............................] - ETA: 7s - batch_cost: 0.0432 - reader cost: 0.0068
 15/177 [=>............................] - ETA: 6s - batch_cost: 0.0428 - reader cost: 0.0059
 17/177 [=>............................] - ETA: 6s - batch_cost: 0.0429 - reader cost: 0.0052
 19/177 [==>...........................] - ETA: 6s - batch_cost: 0.0426 - reader cost: 0.0047
 21/177 [==>...........................] - ETA: 6s - batch_cost: 0.0425 - reader cost: 0.0042
 23/177 [==>...........................] - ETA: 6s - batch_cost: 0.0425 - reader cost: 0.0039
 25/177 [===>..........................] - ETA: 6s - batch_cost: 0.0425 - reader cost: 0.0035
 27/177 [===>..........................] - ETA: 6s - batch_cost: 0.0423 - reader cost: 0.0033
 29/177 [===>..........................] - ETA: 6s - batch_cost: 0.0423 - reader cost: 0.0031
 31/177 [====>.........................] - ETA: 6s - batch_cost: 0.0422 - reader cost: 0.0029
 33/177 [====>.........................] - ETA: 6s - batch_cost: 0.0422 - reader cost: 0.0027
 35/177 [====>.........................] - ETA: 5s - batch_cost: 0.0421 - reader cost: 0.0026
 37/177 [=====>........................] - ETA: 5s - batch_cost: 0.0420 - reader cost: 0.0024
 39/177 [=====>........................] - ETA: 5s - batch_cost: 0.0420 - reader cost: 0.0023
 41/177 [=====>........................] - ETA: 5s - batch_cost: 0.0420 - reader cost: 0.0022
 43/177 [======>.......................] - ETA: 5s - batch_cost: 0.0420 - reader cost: 0.0021
 45/177 [======>.......................] - ETA: 5s - batch_cost: 0.0419 - reader cost: 0.0020
 47/177 [======>.......................] - ETA: 5s - batch_cost: 0.0419 - reader cost: 0.0019
 49/177 [=======>......................] - ETA: 5s - batch_cost: 0.0419 - reader cost: 0.0018
 51/177 [=======>......................] - ETA: 5s - batch_cost: 0.0418 - reader cost: 0.0018
 53/177 [=======>......................] - ETA: 5s - batch_cost: 0.0418 - reader cost: 0.0017
 55/177 [========>.....................] - ETA: 5s - batch_cost: 0.0418 - reader cost: 0.0016
 57/177 [========>.....................] - ETA: 5s - batch_cost: 0.0418 - reader cost: 0.0016
 59/177 [=========>....................] - ETA: 4s - batch_cost: 0.0418 - reader cost: 0.0015
 61/177 [=========>....................] - ETA: 4s - batch_cost: 0.0418 - reader cost: 0.0015
 63/177 [=========>....................] - ETA: 4s - batch_cost: 0.0418 - reader cost: 0.0014
 65/177 [==========>...................] - ETA: 4s - batch_cost: 0.0418 - reader cost: 0.0014
 67/177 [==========>...................] - ETA: 4s - batch_cost: 0.0418 - reader cost: 0.0014
 69/177 [==========>...................] - ETA: 4s - batch_cost: 0.0418 - reader cost: 0.0013
 71/177 [===========>..................] - ETA: 4s - batch_cost: 0.0417 - reader cost: 0.0013
 73/177 [===========>..................] - ETA: 4s - batch_cost: 0.0417 - reader cost: 0.0012
 75/177 [===========>..................] - ETA: 4s - batch_cost: 0.0417 - reader cost: 0.0012
 77/177 [============>.................] - ETA: 4s - batch_cost: 0.0417 - reader cost: 0.0012
 79/177 [============>.................] - ETA: 4s - batch_cost: 0.0417 - reader cost: 0.0011
 81/177 [============>.................] - ETA: 4s - batch_cost: 0.0417 - reader cost: 0.0011
 83/177 [=============>................] - ETA: 3s - batch_cost: 0.0417 - reader cost: 0.0011
 85/177 [=============>................] - ETA: 3s - batch_cost: 0.0417 - reader cost: 0.0011
 87/177 [=============>................] - ETA: 3s - batch_cost: 0.0417 - reader cost: 0.0010
 89/177 [==============>...............] - ETA: 3s - batch_cost: 0.0417 - reader cost: 0.0010
 91/177 [==============>...............] - ETA: 3s - batch_cost: 0.0417 - reader cost: 9.9562e-04
 93/177 [==============>...............] - ETA: 3s - batch_cost: 0.0416 - reader cost: 9.7421e-04
 95/177 [===============>..............] - ETA: 3s - batch_cost: 0.0417 - reader cost: 9.5370e-04
 97/177 [===============>..............] - ETA: 3s - batch_cost: 0.0417 - reader cost: 9.3404e-04
 99/177 [===============>..............] - ETA: 3s - batch_cost: 0.0417 - reader cost: 9.1517e-04
101/177 [================>.............] - ETA: 3s - batch_cost: 0.0417 - reader cost: 8.9705e-04
103/177 [================>.............] - ETA: 3s - batch_cost: 0.0417 - reader cost: 8.7963e-04
105/177 [================>.............] - ETA: 3s - batch_cost: 0.0417 - reader cost: 8.6287e-04
107/177 [=================>............] - ETA: 2s - batch_cost: 0.0417 - reader cost: 8.4674e-04
109/177 [=================>............] - ETA: 2s - batch_cost: 0.0416 - reader cost: 8.3121e-04
111/177 [=================>............] - ETA: 2s - batch_cost: 0.0416 - reader cost: 8.1623e-04
113/177 [==================>...........] - ETA: 2s - batch_cost: 0.0416 - reader cost: 8.0178e-04
115/177 [==================>...........] - ETA: 2s - batch_cost: 0.0416 - reader cost: 7.8784e-04
117/177 [==================>...........] - ETA: 2s - batch_cost: 0.0416 - reader cost: 7.7437e-04
119/177 [===================>..........] - ETA: 2s - batch_cost: 0.0417 - reader cost: 7.6136e-04
121/177 [===================>..........] - ETA: 2s - batch_cost: 0.0417 - reader cost: 7.4877e-04
123/177 [===================>..........] - ETA: 2s - batch_cost: 0.0417 - reader cost: 7.3660e-04
125/177 [====================>.........] - ETA: 2s - batch_cost: 0.0417 - reader cost: 7.2481e-04
127/177 [====================>.........] - ETA: 2s - batch_cost: 0.0417 - reader cost: 7.1340e-04
129/177 [====================>.........] - ETA: 2s - batch_cost: 0.0417 - reader cost: 7.0234e-04
131/177 [=====================>........] - ETA: 1s - batch_cost: 0.0417 - reader cost: 6.9162e-04
133/177 [=====================>........] - ETA: 1s - batch_cost: 0.0417 - reader cost: 6.8122e-04
135/177 [=====================>........] - ETA: 1s - batch_cost: 0.0417 - reader cost: 6.7112e-04
137/177 [======================>.......] - ETA: 1s - batch_cost: 0.0417 - reader cost: 6.6133e-04
139/177 [======================>.......] - ETA: 1s - batch_cost: 0.0417 - reader cost: 6.5181e-04
141/177 [======================>.......] - ETA: 1s - batch_cost: 0.0417 - reader cost: 6.4257e-04
143/177 [=======================>......] - ETA: 1s - batch_cost: 0.0417 - reader cost: 6.3358e-04
145/177 [=======================>......] - ETA: 1s - batch_cost: 0.0417 - reader cost: 6.2484e-04
147/177 [=======================>......] - ETA: 1s - batch_cost: 0.0417 - reader cost: 6.1634e-04
149/177 [========================>.....] - ETA: 1s - batch_cost: 0.0417 - reader cost: 6.0806e-04
151/177 [========================>.....] - ETA: 1s - batch_cost: 0.0417 - reader cost: 6.0663e-04
153/177 [========================>.....] - ETA: 1s - batch_cost: 0.0417 - reader cost: 5.9870e-04
155/177 [=========================>....] - ETA: 0s - batch_cost: 0.0417 - reader cost: 5.9098e-04
157/177 [=========================>....] - ETA: 0s - batch_cost: 0.0417 - reader cost: 5.8345e-04
159/177 [=========================>....] - ETA: 0s - batch_cost: 0.0417 - reader cost: 5.7611e-04
161/177 [==========================>...] - ETA: 0s - batch_cost: 0.0417 - reader cost: 5.6895e-04
163/177 [==========================>...] - ETA: 0s - batch_cost: 0.0417 - reader cost: 5.6197e-04
165/177 [==========================>...] - ETA: 0s - batch_cost: 0.0417 - reader cost: 5.5516e-04
167/177 [===========================>..] - ETA: 0s - batch_cost: 0.0417 - reader cost: 5.4851e-04
169/177 [===========================>..] - ETA: 0s - batch_cost: 0.0417 - reader cost: 5.4202e-04
171/177 [===========================>..] - ETA: 0s - batch_cost: 0.0417 - reader cost: 5.3568e-04
173/177 [============================>.] - ETA: 0s - batch_cost: 0.0417 - reader cost: 5.2949e-04
175/177 [============================>.] - ETA: 0s - batch_cost: 0.0417 - reader cost: 5.2344e-04
177/177 [==============================] - 7s 42ms/step - batch_cost: 0.0417 - reader cost: 5.1752e-04
[2026/10/07 00:58:35] INFO: [EVAL] #Images: 177 mIoU: 0.8704 Acc: 0.9905 Kappa: 0.8526 Dice: 0.9263
[2026/10/07 00:58:35] INFO: [EVAL] Class IoU: 
[0.9902 0.7505]
[2026/10/07 00:58:35] INFO: [EVAL] Class Precision: 
[0.9964 0.8259]
[2026/10/07 00:58:35] INFO: [EVAL] Class Recall: 
[0.9938 0.8916]
[2026/10/07 00:58:35] INFO: Start evaluating (total_samples: 177, total_iters: 177)...

  1/177 [..............................] - ETA: 7s - batch_cost: 0.0408 - reader cost: 0.0295
  3/177 [..............................] - ETA: 7s - batch_cost: 0.0411 - reader cost: 0.0196
  5/177 [..............................] - ETA: 7s - batch_cost: 0.0419 - reader cost: 0.0117
  7/177 [>.............................] - ETA: 7s - batch_cost: 0.0420 - reader cost: 0.0084
  9/177 [>.............................] - ETA: 7s - batch_cost: 0.0418 - reader cost: 0.0065
 11/177 [>.............................] - ETA: 7s - batch_cost: 0.0423 - reader cost: 0.0053
 13/177 [=>............................] - ETA: 6s - batch_cost: 0.0421 - reader cost: 0.0045
 15/177 [=>............................] - ETA: 6s - batch_cost: 0.0420 - reader cost: 0.0039
 17/177 [=>............................] - ETA: 6s - batch_cost: 0.0418 - reader cost: 0.0035
 19/177 [==>...........................] - ETA: 6s - batch_cost: 0.0418 - reader cost: 0.0032
 21/177 [==>...........................] - ETA: 6s - batch_cost: 0.0418 - reader cost: 0.0029
 23/177 [==>...........................] - ETA: 6s - batch_cost: 0.0417 - reader cost: 0.0026
 25/177 [===>..........................] - ETA: 6s - batch_cost: 0.0417 - reader cost: 0.0024
 27/177 [===>..........................] - ETA: 6s - batch_cost: 0.0416 - reader cost: 0.0022
 29/177 [===>..........................] - ETA: 6s - batch_cost: 0.0416 - reader cost: 0.0021
 31/177 [====>.........................] - ETA: 6s - batch_cost: 0.0415 - reader cost: 0.0020
 33/177 [====>.........................] - ETA: 5s - batch_cost: 0.0415 - reader cost: 0.0019
 35/177 [====>.........................] - ETA: 5s - batch_cost: 0.0415 - reader cost: 0.0018
 37/177 [=====>........................] - ETA: 5s - batch_cost: 0.0415 - reader cost: 0.0017
 39/177 [=====>........................] - ETA: 5s - batch_cost: 0.0415 - reader cost: 0.0016
 41/177 [=====>........................] - ETA: 5s - batch_cost: 0.0415 - reader cost: 0.0015
 43/177 [======>.......................] - ETA: 5s - batch_cost: 0.0415 - reader cost: 0.0014
 45/177 [======>.......................] - ETA: 5s - batch_cost: 0.0415 - reader cost: 0.0014
 47/177 [======>.......................] - ETA: 5s - batch_cost: 0.0415 - reader cost: 0.0013
 49/177 [=======>......................] - ETA: 5s - batch_cost: 0.0415 - reader cost: 0.0013
 51/177 [=======>......................] - ETA: 5s - batch_cost: 0.0415 - reader cost: 0.0012
 53/177 [=======>......................] - ETA: 5s - batch_cost: 0.0415 - reader cost: 0.0012
 55/177 [========>.....................] - ETA: 5s - batch_cost: 0.0415 - reader cost: 0.0011
 57/177 [========>.....................] - ETA: 4s - batch_cost: 0.0415 - reader cost: 0.0011
 59/177 [=========>....................] - ETA: 4s - batch_cost: 0.0415 - reader cost: 0.0011
 61/177 [=========>....................] - ETA: 4s - batch_cost: 0.0415 - reader cost: 0.0010
 63/177 [=========>....................] - ETA: 4s - batch_cost: 0.0415 - reader cost: 9.9537e-04
 65/177 [==========>...................] - ETA: 4s - batch_cost: 0.0415 - reader cost: 9.6474e-04
 67/177 [==========>...................] - ETA: 4s - batch_cost: 0.0415 - reader cost: 9.3594e-04
 69/177 [==========>...................] - ETA: 4s - batch_cost: 0.0415 - reader cost: 9.0881e-04
 71/177 [===========>..................] - ETA: 4s - batch_cost: 0.0415 - reader cost: 8.8321e-04
 73/177 [===========>..................] - ETA: 4s - batch_cost: 0.0415 - reader cost: 8.5902e-04
 75/177 [===========>..................] - ETA: 4s - batch_cost: 0.0415 - reader cost: 8.3611e-04
 77/177 [============>.................] - ETA: 4s - batch_cost: 0.0415 - reader cost: 8.1439e-04
 79/177 [============>.................] - ETA: 4s - batch_cost: 0.0415 - reader cost: 7.9377e-04
 81/177 [============>.................] - ETA: 3s - batch_cost: 0.0415 - reader cost: 7.7417e-04
 83/177 [=============>................] - ETA: 3s - batch_cost: 0.0415 - reader cost: 7.5552e-04
 85/177 [=============>................] - ETA: 3s - batch_cost: 0.0414 - reader cost: 7.3774e-04
 87/177 [=============>................] - ETA: 3s - batch_cost: 0.0415 - reader cost: 7.2078e-04
 89/177 [==============>...............] - ETA: 3s - batch_cost: 0.0414 - reader cost: 7.0459e-04
 91/177 [==============>...............] - ETA: 3s - batch_cost: 0.0414 - reader cost: 6.8910e-04
 93/177 [==============>...............] - ETA: 3s - batch_cost: 0.0414 - reader cost: 6.7428e-04
 95/177 [===============>..............] - ETA: 3s - batch_cost: 0.0414 - reader cost: 6.6009e-04
 97/177 [===============>..............] - ETA: 3s - batch_cost: 0.0414 - reader cost: 6.4648e-04
 99/177 [===============>..............] - ETA: 3s - batch_cost: 0.0414 - reader cost: 6.3342e-04
101/177 [================>.............] - ETA: 3s - batch_cost: 0.0414 - reader cost: 6.2600e-04
103/177 [================>.............] - ETA: 3s - batch_cost: 0.0414 - reader cost: 6.1385e-04
105/177 [================>.............] - ETA: 2s - batch_cost: 0.0414 - reader cost: 6.1166e-04
107/177 [=================>............] - ETA: 2s - batch_cost: 0.0414 - reader cost: 6.0023e-04
109/177 [=================>............] - ETA: 2s - batch_cost: 0.0414 - reader cost: 5.8922e-04
111/177 [=================>............] - ETA: 2s - batch_cost: 0.0414 - reader cost: 5.7860e-04
113/177 [==================>...........] - ETA: 2s - batch_cost: 0.0414 - reader cost: 5.6836e-04
115/177 [==================>...........] - ETA: 2s - batch_cost: 0.0414 - reader cost: 5.5848e-04
117/177 [==================>...........] - ETA: 2s - batch_cost: 0.0414 - reader cost: 5.5326e-04
119/177 [===================>..........] - ETA: 2s - batch_cost: 0.0414 - reader cost: 5.4396e-04
121/177 [===================>..........] - ETA: 2s - batch_cost: 0.0414 - reader cost: 5.3497e-04
123/177 [===================>..........] - ETA: 2s - batch_cost: 0.0414 - reader cost: 5.2627e-04
125/177 [====================>.........] - ETA: 2s - batch_cost: 0.0414 - reader cost: 5.1785e-04
127/177 [====================>.........] - ETA: 2s - batch_cost: 0.0415 - reader cost: 5.0970e-04
129/177 [====================>.........] - ETA: 1s - batch_cost: 0.0414 - reader cost: 5.0180e-04
131/177 [=====================>........] - ETA: 1s - batch_cost: 0.0414 - reader cost: 4.9413e-04
133/177 [=====================>........] - ETA: 1s - batch_cost: 0.0414 - reader cost: 4.8670e-04
135/177 [=====================>........] - ETA: 1s - batch_cost: 0.0414 - reader cost: 4.7949e-04
137/177 [======================>.......] - ETA: 1s - batch_cost: 0.0414 - reader cost: 4.7249e-04
139/177 [======================>.......] - ETA: 1s - batch_cost: 0.0414 - reader cost: 4.6569e-04
141/177 [======================>.......] - ETA: 1s - batch_cost: 0.0414 - reader cost: 4.5909e-04
143/177 [=======================>......] - ETA: 1s - batch_cost: 0.0414 - reader cost: 4.5267e-04
145/177 [=======================>......] - ETA: 1s - batch_cost: 0.0414 - reader cost: 4.4642e-04
147/177 [=======================>......] - ETA: 1s - batch_cost: 0.0414 - reader cost: 4.4035e-04
149/177 [========================>.....] - ETA: 1s - batch_cost: 0.0414 - reader cost: 4.3444e-04
151/177 [========================>.....] - ETA: 1s - batch_cost: 0.0414 - reader cost: 4.2869e-04
153/177 [========================>.....] - ETA: 0s - batch_cost: 0.0414 - reader cost: 4.2308e-04
155/177 [=========================>....] - ETA: 0s - batch_cost: 0.0414 - reader cost: 4.1762e-04
157/177 [=========================>....] - ETA: 0s - batch_cost: 0.0414 - reader cost: 4.1230e-04
159/177 [=========================>....] - ETA: 0s - batch_cost: 0.0414 - reader cost: 4.0712e-04
161/177 [==========================>...] - ETA: 0s - batch_cost: 0.0414 - reader cost: 4.0826e-04
163/177 [==========================>...] - ETA: 0s - batch_cost: 0.0414 - reader cost: 4.0325e-04
165/177 [==========================>...] - ETA: 0s - batch_cost: 0.0414 - reader cost: 3.9837e-04
167/177 [===========================>..] - ETA: 0s - batch_cost: 0.0414 - reader cost: 3.9359e-04
169/177 [===========================>..] - ETA: 0s - batch_cost: 0.0414 - reader cost: 3.8894e-04
171/177 [===========================>..] - ETA: 0s - batch_cost: 0.0414 - reader cost: 3.8439e-04
173/177 [============================>.] - ETA: 0s - batch_cost: 0.0414 - reader cost: 3.7994e-04
175/177 [============================>.] - ETA: 0s - batch_cost: 0.0414 - reader cost: 3.7560e-04
177/177 [==============================] - 7s 42ms/step - batch_cost: 0.0414 - reader cost: 3.7702e-04
[2026/10/07 00:58:43] INFO: [EVAL] #Images: 177 mIoU: 0.8723 Acc: 0.9907 Kappa: 0.8550 Dice: 0.9275
[2026/10/07 00:58:43] INFO: [EVAL] Class IoU: 
[0.9904 0.7541]
[2026/10/07 00:58:43] INFO: [EVAL] Class Precision: 
[0.9965 0.8269]
[2026/10/07 00:58:43] INFO: [EVAL] Class Recall: 
[0.9938 0.8955]
[2026/10/07 00:58:43] INFO: [EVAL] The model with the best validation mIoU (0.8719) was saved at iter 12000.
[2026/10/07 00:58:43] INFO: [EVAL] The EMA model with the best validation mIoU (0.8723) was saved at iter 13000.
[2026/10/07 00:58:43] INFO: [TRAIN] epoch: 38, iter: 13010/18000, loss: 0.0273, lr: 0.000017, batch_cost: 0.0490, reader_cost: 0.00010, ips: 81.5799 samples/sec, max_mem_reserved: 1731 MB, max_mem_allocated: 1081 MB | ETA 00:04:04
[2026/10/07 00:58:44] INFO: [TRAIN] epoch: 38, iter: 13020/18000, loss: 0.0287, lr: 0.000017, batch_cost: 0.0821, reader_cost: 0.03305, ips: 48.7057 samples/sec, max_mem_reserved: 1731 MB, max_mem_allocated: 1081 MB | ETA 00:06:48
[2026/10/07 00:58:45] INFO: [TRAIN] epoch: 38, iter: 13030/18000, loss: 0.0428, lr: 0.000017, batch_cost: 0.0847, reader_cost: 0.03696, ips: 47.2175 samples/sec, max_mem_reserved: 1731 MB, max_mem_allocated: 1081 MB | ETA 00:07:01
[2026/10/07 00:58:46] INFO: [TRAIN] epoch: 38, iter: 13040/18000, loss: 0.0286, lr: 0.000017, batch_cost: 0.0850, reader_cost: 0.03725, ips: 47.0554 samples/sec, max_mem_reserved: 1731 MB, max_mem_allocated: 1081 MB | ETA 00:07:01
[2026/10/07 00:58:47] INFO: [TRAIN] epoch: 38, iter: 13050/18000, loss: 0.0381, lr: 0.000017, batch_cost: 0.0846, reader_cost: 0.03664, ips: 47.2627 samples/sec, max_mem_reserved: 1731 MB, max_mem_allocated: 1081 MB | ETA 00:06:58
[2026/10/07 00:58:48] INFO: [TRAIN] epoch: 38, iter: 13060/18000, loss: 0.0270, lr: 0.000016, batch_cost: 0.0826, reader_cost: 0.03372, ips: 48.4052 samples/sec, max_mem_reserved: 1731 MB, max_mem_allocated: 1081 MB | ETA 00:06:48
[2026/10/07 00:58:49] INFO: [TRAIN] epoch: 38, iter: 13070/18000, loss: 0.0334, lr: 0.000016, batch_cost: 0.0825, reader_cost: 0.03504, ips: 48.5035 samples/sec, max_mem_reserved: 1731 MB, max_mem_allocated: 1081 MB | ETA 00:06:46
[2026/10/07 00:58:50] INFO: [TRAIN] epoch: 38, iter: 13080/18000, loss: 0.0341, lr: 0.000016, batch_cost: 0.0812, reader_cost: 0.03319, ips: 49.2862 samples/sec, max_mem_reserved: 1731 MB, max_mem_allocated: 1081 MB | ETA 00:06:39
[2026/10/07 00:58:51] INFO: [TRAIN] epoch: 38, iter: 13090/18000, loss: 0.0366, lr: 0.000016, batch_cost: 0.0845, reader_cost: 0.03493, ips: 47.3176 samples/sec, max_mem_reserved: 1731 MB, max_mem_allocated: 1081 MB | ETA 00:06:55
[2026/10/07 00:58:52] INFO: [TRAIN] epoch: 38, iter: 13100/18000, loss: 0.0379, lr: 0.000016, batch_cost: 0.0828, reader_cost: 0.03551, ips: 48.3215 samples/sec, max_mem_reserved: 1731 MB, max_mem_allocated: 1081 MB | ETA 00:06:45
[2026/10/07 00:58:53] INFO: [TRAIN] epoch: 38, iter: 13110/18000, loss: 0.0280, lr: 0.000016, batch_cost: 0.0845, reader_cost: 0.03570, ips: 47.3159 samples/sec, max_mem_reserved: 1731 MB, max_mem_allocated: 1081 MB | ETA 00:06:53
[2026/10/07 00:58:54] INFO: [TRAIN] epoch: 38, iter: 13120/18000, loss: 0.0386, lr: 0.000016, batch_cost: 0.0855, reader_cost: 0.03666, ips: 46.7667 samples/sec, max_mem_reserved: 1731 MB, max_mem_allocated: 1081 MB | ETA 00:06:57
[2026/10/07 00:58:55] INFO: [TRAIN] epoch: 38, iter: 13130/18000, loss: 0.0299, lr: 0.000016, batch_cost: 0.0827, reader_cost: 0.03372, ips: 48.3913 samples/sec, max_mem_reserved: 1731 MB, max_mem_allocated: 1081 MB | ETA 00:06:42
[2026/10/07 00:58:56] INFO: [TRAIN] epoch: 38, iter: 13140/18000, loss: 0.0379, lr: 0.000016, batch_cost: 0.0848, reader_cost: 0.03594, ips: 47.1579 samples/sec, max_mem_reserved: 1731 MB, max_mem_allocated: 1081 MB | ETA 00:06:52
[2026/10/07 00:58:57] INFO: [TRAIN] epoch: 38, iter: 13150/18000, loss: 0.0295, lr: 0.000016, batch_cost: 0.0810, reader_cost: 0.03382, ips: 49.3921 samples/sec, max_mem_reserved: 1731 MB, max_mem_allocated: 1081 MB | ETA 00:06:32
[2026/10/07 00:58:58] INFO: [TRAIN] epoch: 38, iter: 13160/18000, loss: 0.0309, lr: 0.000016, batch_cost: 0.0805, reader_cost: 0.03185, ips: 49.6875 samples/sec, max_mem_reserved: 1731 MB, max_mem_allocated: 1081 MB | ETA 00:06:29
[2026/10/07 00:58:59] INFO: [TRAIN] epoch: 38, iter: 13170/18000, loss: 0.0304, lr: 0.000016, batch_cost: 0.0834, reader_cost: 0.03552, ips: 47.9737 samples/sec, max_mem_reserved: 1731 MB, max_mem_allocated: 1081 MB | ETA 00:06:42
[2026/10/07 00:58:59] INFO: [TRAIN] epoch: 38, iter: 13180/18000, loss: 0.0313, lr: 0.000016, batch_cost: 0.0823, reader_cost: 0.03397, ips: 48.6157 samples/sec, max_mem_reserved: 1731 MB, max_mem_allocated: 1081 MB | ETA 00:06:36
[2026/10/07 00:59:00] INFO: [TRAIN] epoch: 38, iter: 13190/18000, loss: 0.0255, lr: 0.000016, batch_cost: 0.0841, reader_cost: 0.03612, ips: 47.5577 samples/sec, max_mem_reserved: 1731 MB, max_mem_allocated: 1081 MB | ETA 00:06:44
[2026/10/07 00:59:01] INFO: [TRAIN] epoch: 38, iter: 13200/18000, loss: 0.0435, lr: 0.000016, batch_cost: 0.0870, reader_cost: 0.04067, ips: 45.9710 samples/sec, max_mem_reserved: 1731 MB, max_mem_allocated: 1081 MB | ETA 00:06:57
[2026/10/07 00:59:02] INFO: [TRAIN] epoch: 38, iter: 13210/18000, loss: 0.0357, lr: 0.000016, batch_cost: 0.0823, reader_cost: 0.03427, ips: 48.6034 samples/sec, max_mem_reserved: 1731 MB, max_mem_allocated: 1081 MB | ETA 00:06:34
[2026/10/07 00:59:03] INFO: [TRAIN] epoch: 38, iter: 13220/18000, loss: 0.0361, lr: 0.000016, batch_cost: 0.0878, reader_cost: 0.03939, ips: 45.5479 samples/sec, max_mem_reserved: 1731 MB, max_mem_allocated: 1081 MB | ETA 00:06:59
[2026/10/07 00:59:04] INFO: [TRAIN] epoch: 38, iter: 13230/18000, loss: 0.0339, lr: 0.000016, batch_cost: 0.0844, reader_cost: 0.03718, ips: 47.3753 samples/sec, max_mem_reserved: 1731 MB, max_mem_allocated: 1081 MB | ETA 00:06:42
[2026/10/07 00:59:05] INFO: [TRAIN] epoch: 38, iter: 13240/18000, loss: 0.0255, lr: 0.000016, batch_cost: 0.0852, reader_cost: 0.03830, ips: 46.9621 samples/sec, max_mem_reserved: 1731 MB, max_mem_allocated: 1081 MB | ETA 00:06:45
[2026/10/07 00:59:06] INFO: [TRAIN] epoch: 38, iter: 13250/18000, loss: 0.0414, lr: 0.000016, batch_cost: 0.0834, reader_cost: 0.03545, ips: 47.9755 samples/sec, max_mem_reserved: 1731 MB, max_mem_allocated: 1081 MB | ETA 00:06:36
[2026/10/07 00:59:07] INFO: [TRAIN] epoch: 38, iter: 13260/18000, loss: 0.0243, lr: 0.000016, batch_cost: 0.0846, reader_cost: 0.03692, ips: 47.2559 samples/sec, max_mem_reserved: 1731 MB, max_mem_allocated: 1081 MB | ETA 00:06:41
[2026/10/07 00:59:08] INFO: [TRAIN] epoch: 38, iter: 13270/18000, loss: 0.0314, lr: 0.000016, batch_cost: 0.0844, reader_cost: 0.03559, ips: 47.3660 samples/sec, max_mem_reserved: 1731 MB, max_mem_allocated: 1081 MB | ETA 00:06:39
[2026/10/07 00:59:09] INFO: [TRAIN] epoch: 38, iter: 13280/18000, loss: 0.0316, lr: 0.000016, batch_cost: 0.0821, reader_cost: 0.03596, ips: 48.7122 samples/sec, max_mem_reserved: 1731 MB, max_mem_allocated: 1081 MB | ETA 00:06:27
[2026/10/07 00:59:10] INFO: [TRAIN] epoch: 38, iter: 13290/18000, loss: 0.0354, lr: 0.000016, batch_cost: 0.0836, reader_cost: 0.03477, ips: 47.8250 samples/sec, max_mem_reserved: 1731 MB, max_mem_allocated: 1081 MB | ETA 00:06:33
[2026/10/07 00:59:11] INFO: [TRAIN] epoch: 38, iter: 13300/18000, loss: 0.0373, lr: 0.000016, batch_cost: 0.0841, reader_cost: 0.03648, ips: 47.5548 samples/sec, max_mem_reserved: 1731 MB, max_mem_allocated: 1081 MB | ETA 00:06:35
[2026/10/07 00:59:12] INFO: [TRAIN] epoch: 39, iter: 13310/18000, loss: 0.0365, lr: 0.000016, batch_cost: 0.0886, reader_cost: 0.04025, ips: 45.1412 samples/sec, max_mem_reserved: 1731 MB, max_mem_allocated: 1081 MB | ETA 00:06:55
[2026/10/07 00:59:13] INFO: [TRAIN] epoch: 39, iter: 13320/18000, loss: 0.0362, lr: 0.000016, batch_cost: 0.0818, reader_cost: 0.03323, ips: 48.9146 samples/sec, max_mem_reserved: 1731 MB, max_mem_allocated: 1081 MB | ETA 00:06:22
[2026/10/07 00:59:14] INFO: [TRAIN] epoch: 39, iter: 13330/18000, loss: 0.0330, lr: 0.000016, batch_cost: 0.0817, reader_cost: 0.03061, ips: 48.9794 samples/sec, max_mem_reserved: 1731 MB, max_mem_allocated: 1081 MB | ETA 00:06:21
[2026/10/07 00:59:15] INFO: [TRAIN] epoch: 39, iter: 13340/18000, loss: 0.0357, lr: 0.000016, batch_cost: 0.0800, reader_cost: 0.03251, ips: 50.0132 samples/sec, max_mem_reserved: 1731 MB, max_mem_allocated: 1081 MB | ETA 00:06:12
[2026/10/07 00:59:16] INFO: [TRAIN] epoch: 39, iter: 13350/18000, loss: 0.0276, lr: 0.000016, batch_cost: 0.0833, reader_cost: 0.03571, ips: 48.0331 samples/sec, max_mem_reserved: 1731 MB, max_mem_allocated: 1081 MB | ETA 00:06:27
[2026/10/07 00:59:17] INFO: [TRAIN] epoch: 39, iter: 13360/18000, loss: 0.0331, lr: 0.000015, batch_cost: 0.0862, reader_cost: 0.03674, ips: 46.3785 samples/sec, max_mem_reserved: 1731 MB, max_mem_allocated: 1081 MB | ETA 00:06:40
[2026/10/07 00:59:18] INFO: [TRAIN] epoch: 39, iter: 13370/18000, loss: 0.0323, lr: 0.000015, batch_cost: 0.0848, reader_cost: 0.03692, ips: 47.1589 samples/sec, max_mem_reserved: 1731 MB, max_mem_allocated: 1081 MB | ETA 00:06:32
[2026/10/07 00:59:19] INFO: [TRAIN] epoch: 39, iter: 13380/18000, loss: 0.0315, lr: 0.000015, batch_cost: 0.0850, reader_cost: 0.03861, ips: 47.0393 samples/sec, max_mem_reserved: 1731 MB, max_mem_allocated: 1081 MB | ETA 00:06:32
[2026/10/07 00:59:20] INFO: [TRAIN] epoch: 39, iter: 13390/18000, loss: 0.0272, lr: 0.000015, batch_cost: 0.0808, reader_cost: 0.03164, ips: 49.4844 samples/sec, max_mem_reserved: 1731 MB, max_mem_allocated: 1081 MB | ETA 00:06:12
[2026/10/07 00:59:20] INFO: [TRAIN] epoch: 39, iter: 13400/18000, loss: 0.0278, lr: 0.000015, batch_cost: 0.0801, reader_cost: 0.03271, ips: 49.9391 samples/sec, max_mem_reserved: 1731 MB, max_mem_allocated: 1081 MB | ETA 00:06:08
[2026/10/07 00:59:21] INFO: [TRAIN] epoch: 39, iter: 13410/18000, loss: 0.0301, lr: 0.000015, batch_cost: 0.0851, reader_cost: 0.03541, ips: 46.9965 samples/sec, max_mem_reserved: 1731 MB, max_mem_allocated: 1081 MB | ETA 00:06:30
[2026/10/07 00:59:22] INFO: [TRAIN] epoch: 39, iter: 13420/18000, loss: 0.0353, lr: 0.000015, batch_cost: 0.0821, reader_cost: 0.03316, ips: 48.7309 samples/sec, max_mem_reserved: 1731 MB, max_mem_allocated: 1081 MB | ETA 00:06:15
[2026/10/07 00:59:23] INFO: [TRAIN] epoch: 39, iter: 13430/18000, loss: 0.0290, lr: 0.000015, batch_cost: 0.0794, reader_cost: 0.03113, ips: 50.3591 samples/sec, max_mem_reserved: 1731 MB, max_mem_allocated: 1081 MB | ETA 00:06:02
[2026/10/07 00:59:24] INFO: [TRAIN] epoch: 39, iter: 13440/18000, loss: 0.0270, lr: 0.000015, batch_cost: 0.0849, reader_cost: 0.03648, ips: 47.1413 samples/sec, max_mem_reserved: 1731 MB, max_mem_allocated: 1081 MB | ETA 00:06:26
[2026/10/07 00:59:25] INFO: [TRAIN] epoch: 39, iter: 13450/18000, loss: 0.0324, lr: 0.000015, batch_cost: 0.0846, reader_cost: 0.03595, ips: 47.2705 samples/sec, max_mem_reserved: 1731 MB, max_mem_allocated: 1081 MB | ETA 00:06:25
[2026/10/07 00:59:26] INFO: [TRAIN] epoch: 39, iter: 13460/18000, loss: 0.0366, lr: 0.000015, batch_cost: 0.0860, reader_cost: 0.03731, ips: 46.4957 samples/sec, max_mem_reserved: 1731 MB, max_mem_allocated: 1081 MB | ETA 00:06:30
[2026/10/07 00:59:27] INFO: [TRAIN] epoch: 39, iter: 13470/18000, loss: 0.0268, lr: 0.000015, batch_cost: 0.0803, reader_cost: 0.03223, ips: 49.8369 samples/sec, max_mem_reserved: 1731 MB, max_mem_allocated: 1081 MB | ETA 00:06:03
[2026/10/07 00:59:28] INFO: [TRAIN] epoch: 39, iter: 13480/18000, loss: 0.0381, lr: 0.000015, batch_cost: 0.0816, reader_cost: 0.03258, ips: 49.0319 samples/sec, max_mem_reserved: 1731 MB, max_mem_allocated: 1081 MB | ETA 00:06:08
[2026/10/07 00:59:29] INFO: [TRAIN] epoch: 39, iter: 13490/18000, loss: 0.0336, lr: 0.000015, batch_cost: 0.0811, reader_cost: 0.03296, ips: 49.3078 samples/sec, max_mem_reserved: 1731 MB, max_mem_allocated: 1081 MB | ETA 00:06:05
[2026/10/07 00:59:30] INFO: [TRAIN] epoch: 39, iter: 13500/18000, loss: 0.0356, lr: 0.000015, batch_cost: 0.0798, reader_cost: 0.03092, ips: 50.1357 samples/sec, max_mem_reserved: 1731 MB, max_mem_allocated: 1081 MB | ETA 00:05:59
[2026/10/07 00:59:31] INFO: [TRAIN] epoch: 39, iter: 13510/18000, loss: 0.0258, lr: 0.000015, batch_cost: 0.0840, reader_cost: 0.03593, ips: 47.6382 samples/sec, max_mem_reserved: 1731 MB, max_mem_allocated: 1081 MB | ETA 00:06:17
[2026/10/07 00:59:32] INFO: [TRAIN] epoch: 39, iter: 13520/18000, loss: 0.0218, lr: 0.000015, batch_cost: 0.0835, reader_cost: 0.03589, ips: 47.8760 samples/sec, max_mem_reserved: 1731 MB, max_mem_allocated: 1081 MB | ETA 00:06:14
[2026/10/07 00:59:33] INFO: [TRAIN] epoch: 39, iter: 13530/18000, loss: 0.0307, lr: 0.000015, batch_cost: 0.0796, reader_cost: 0.03083, ips: 50.2464 samples/sec, max_mem_reserved: 1731 MB, max_mem_allocated: 1081 MB | ETA 00:05:55
[2026/10/07 00:59:34] INFO: [TRAIN] epoch: 39, iter: 13540/18000, loss: 0.0284, lr: 0.000015, batch_cost: 0.0829, reader_cost: 0.03471, ips: 48.2431 samples/sec, max_mem_reserved: 1731 MB, max_mem_allocated: 1081 MB | ETA 00:06:09
[2026/10/07 00:59:35] INFO: [TRAIN] epoch: 39, iter: 13550/18000, loss: 0.0313, lr: 0.000015, batch_cost: 0.0820, reader_cost: 0.03228, ips: 48.7620 samples/sec, max_mem_reserved: 1731 MB, max_mem_allocated: 1081 MB | ETA 00:06:05
[2026/10/07 00:59:36] INFO: [TRAIN] epoch: 39, iter: 13560/18000, loss: 0.0292, lr: 0.000015, batch_cost: 0.0811, reader_cost: 0.03365, ips: 49.3316 samples/sec, max_mem_reserved: 1731 MB, max_mem_allocated: 1081 MB | ETA 00:06:00
[2026/10/07 00:59:37] INFO: [TRAIN] epoch: 39, iter: 13570/18000, loss: 0.0385, lr: 0.000015, batch_cost: 0.0789, reader_cost: 0.03007, ips: 50.7172 samples/sec, max_mem_reserved: 1731 MB, max_mem_allocated: 1081 MB | ETA 00:05:49
[2026/10/07 00:59:37] INFO: [TRAIN] epoch: 39, iter: 13580/18000, loss: 0.0256, lr: 0.000015, batch_cost: 0.0829, reader_cost: 0.03372, ips: 48.2326 samples/sec, max_mem_reserved: 1731 MB, max_mem_allocated: 1081 MB | ETA 00:06:06
[2026/10/07 00:59:38] INFO: [TRAIN] epoch: 39, iter: 13590/18000, loss: 0.0398, lr: 0.000015, batch_cost: 0.0861, reader_cost: 0.03654, ips: 46.4563 samples/sec, max_mem_reserved: 1731 MB, max_mem_allocated: 1081 MB | ETA 00:06:19
[2026/10/07 00:59:39] INFO: [TRAIN] epoch: 39, iter: 13600/18000, loss: 0.0290, lr: 0.000015, batch_cost: 0.0817, reader_cost: 0.03320, ips: 48.9599 samples/sec, max_mem_reserved: 1731 MB, max_mem_allocated: 1081 MB | ETA 00:05:59
[2026/10/07 00:59:40] INFO: [TRAIN] epoch: 39, iter: 13610/18000, loss: 0.0344, lr: 0.000015, batch_cost: 0.0830, reader_cost: 0.03623, ips: 48.1766 samples/sec, max_mem_reserved: 1731 MB, max_mem_allocated: 1081 MB | ETA 00:06:04
[2026/10/07 00:59:41] INFO: [TRAIN] epoch: 39, iter: 13620/18000, loss: 0.0312, lr: 0.000015, batch_cost: 0.0856, reader_cost: 0.03648, ips: 46.7349 samples/sec, max_mem_reserved: 1731 MB, max_mem_allocated: 1081 MB | ETA 00:06:14
[2026/10/07 00:59:42] INFO: [TRAIN] epoch: 39, iter: 13630/18000, loss: 0.0337, lr: 0.000015, batch_cost: 0.0819, reader_cost: 0.03438, ips: 48.8200 samples/sec, max_mem_reserved: 1731 MB, max_mem_allocated: 1081 MB | ETA 00:05:58
[2026/10/07 00:59:43] INFO: [TRAIN] epoch: 39, iter: 13640/18000, loss: 0.0252, lr: 0.000015, batch_cost: 0.0817, reader_cost: 0.03293, ips: 48.9802 samples/sec, max_mem_reserved: 1731 MB, max_mem_allocated: 1081 MB | ETA 00:05:56
[2026/10/07 00:59:44] INFO: [TRAIN] epoch: 39, iter: 13650/18000, loss: 0.0367, lr: 0.000015, batch_cost: 0.0845, reader_cost: 0.03674, ips: 47.3285 samples/sec, max_mem_reserved: 1731 MB, max_mem_allocated: 1081 MB | ETA 00:06:07
[2026/10/07 00:59:45] INFO: [TRAIN] epoch: 40, iter: 13660/18000, loss: 0.0264, lr: 0.000014, batch_cost: 0.0903, reader_cost: 0.04323, ips: 44.3062 samples/sec, max_mem_reserved: 1731 MB, max_mem_allocated: 1081 MB | ETA 00:06:31
[2026/10/07 00:59:46] INFO: [TRAIN] epoch: 40, iter: 13670/18000, loss: 0.0295, lr: 0.000014, batch_cost: 0.0809, reader_cost: 0.03297, ips: 49.4191 samples/sec, max_mem_reserved: 1731 MB, max_mem_allocated: 1081 MB | ETA 00:05:50
[2026/10/07 00:59:47] INFO: [TRAIN] epoch: 40, iter: 13680/18000, loss: 0.0350, lr: 0.000014, batch_cost: 0.0862, reader_cost: 0.03850, ips: 46.4226 samples/sec, max_mem_reserved: 1731 MB, max_mem_allocated: 1081 MB | ETA 00:06:12
[2026/10/07 00:59:48] INFO: [TRAIN] epoch: 40, iter: 13690/18000, loss: 0.0243, lr: 0.000014, batch_cost: 0.0863, reader_cost: 0.03840, ips: 46.3477 samples/sec, max_mem_reserved: 1731 MB, max_mem_allocated: 1081 MB | ETA 00:06:11
[2026/10/07 00:59:49] INFO: [TRAIN] epoch: 40, iter: 13700/18000, loss: 0.0234, lr: 0.000014, batch_cost: 0.0851, reader_cost: 0.03815, ips: 47.0003 samples/sec, max_mem_reserved: 1731 MB, max_mem_allocated: 1081 MB | ETA 00:06:05
[2026/10/07 00:59:50] INFO: [TRAIN] epoch: 40, iter: 13710/18000, loss: 0.0241, lr: 0.000014, batch_cost: 0.0833, reader_cost: 0.03593, ips: 47.9954 samples/sec, max_mem_reserved: 1731 MB, max_mem_allocated: 1081 MB | ETA 00:05:57
[2026/10/07 00:59:51] INFO: [TRAIN] epoch: 40, iter: 13720/18000, loss: 0.0280, lr: 0.000014, batch_cost: 0.0850, reader_cost: 0.03613, ips: 47.0780 samples/sec, max_mem_reserved: 1731 MB, max_mem_allocated: 1081 MB | ETA 00:06:03
[2026/10/07 00:59:52] INFO: [TRAIN] epoch: 40, iter: 13730/18000, loss: 0.0375, lr: 0.000014, batch_cost: 0.0908, reader_cost: 0.04264, ips: 44.0524 samples/sec, max_mem_reserved: 1731 MB, max_mem_allocated: 1081 MB | ETA 00:06:27
[2026/10/07 00:59:53] INFO: [TRAIN] epoch: 40, iter: 13740/18000, loss: 0.0306, lr: 0.000014, batch_cost: 0.0840, reader_cost: 0.03702, ips: 47.6201 samples/sec, max_mem_reserved: 1731 MB, max_mem_allocated: 1081 MB | ETA 00:05:57
[2026/10/07 00:59:54] INFO: [TRAIN] epoch: 40, iter: 13750/18000, loss: 0.0344, lr: 0.000014, batch_cost: 0.0841, reader_cost: 0.03737, ips: 47.5598 samples/sec, max_mem_reserved: 1731 MB, max_mem_allocated: 1081 MB | ETA 00:05:57
[2026/10/07 00:59:55] INFO: [TRAIN] epoch: 40, iter: 13760/18000, loss: 0.0252, lr: 0.000014, batch_cost: 0.0830, reader_cost: 0.03427, ips: 48.1689 samples/sec, max_mem_reserved: 1731 MB, max_mem_allocated: 1081 MB | ETA 00:05:52
[2026/10/07 00:59:56] INFO: [TRAIN] epoch: 40, iter: 13770/18000, loss: 0.0296, lr: 0.000014, batch_cost: 0.0858, reader_cost: 0.03773, ips: 46.6220 samples/sec, max_mem_reserved: 1731 MB, max_mem_allocated: 1081 MB | ETA 00:06:02
[2026/10/07 00:59:57] INFO: [TRAIN] epoch: 40, iter: 13780/18000, loss: 0.0301, lr: 0.000014, batch_cost: 0.0859, reader_cost: 0.03653, ips: 46.5406 samples/sec, max_mem_reserved: 1731 MB, max_mem_allocated: 1081 MB | ETA 00:06:02
[2026/10/07 00:59:58] INFO: [TRAIN] epoch: 40, iter: 13790/18000, loss: 0.0313, lr: 0.000014, batch_cost: 0.0829, reader_cost: 0.03536, ips: 48.2544 samples/sec, max_mem_reserved: 1731 MB, max_mem_allocated: 1081 MB | ETA 00:05:48
[2026/10/07 00:59:59] INFO: [TRAIN] epoch: 40, iter: 13800/18000, loss: 0.0270, lr: 0.000014, batch_cost: 0.0807, reader_cost: 0.03284, ips: 49.5849 samples/sec, max_mem_reserved: 1731 MB, max_mem_allocated: 1081 MB | ETA 00:05:38
[2026/10/07 01:00:00] INFO: [TRAIN] epoch: 40, iter: 13810/18000, loss: 0.0289, lr: 0.000014, batch_cost: 0.0852, reader_cost: 0.03916, ips: 46.9322 samples/sec, max_mem_reserved: 1731 MB, max_mem_allocated: 1081 MB | ETA 00:05:57
[2026/10/07 01:00:01] INFO: [TRAIN] epoch: 40, iter: 13820/18000, loss: 0.0464, lr: 0.000014, batch_cost: 0.0858, reader_cost: 0.03594, ips: 46.6469 samples/sec, max_mem_reserved: 1731 MB, max_mem_allocated: 1081 MB | ETA 00:05:58
[2026/10/07 01:00:02] INFO: [TRAIN] epoch: 40, iter: 13830/18000, loss: 0.0299, lr: 0.000014, batch_cost: 0.0839, reader_cost: 0.03517, ips: 47.6903 samples/sec, max_mem_reserved: 1731 MB, max_mem_allocated: 1081 MB | ETA 00:05:49
[2026/10/07 01:00:02] INFO: [TRAIN] epoch: 40, iter: 13840/18000, loss: 0.0319, lr: 0.000014, batch_cost: 0.0801, reader_cost: 0.03230, ips: 49.9228 samples/sec, max_mem_reserved: 1731 MB, max_mem_allocated: 1081 MB | ETA 00:05:33
[2026/10/07 01:00:03] INFO: [TRAIN] epoch: 40, iter: 13850/18000, loss: 0.0366, lr: 0.000014, batch_cost: 0.0812, reader_cost: 0.03173, ips: 49.2509 samples/sec, max_mem_reserved: 1731 MB, max_mem_allocated: 1081 MB | ETA 00:05:37
[2026/10/07 01:00:04] INFO: [TRAIN] epoch: 40, iter: 13860/18000, loss: 0.0250, lr: 0.000014, batch_cost: 0.0823, reader_cost: 0.03333, ips: 48.5858 samples/sec, max_mem_reserved: 1731 MB, max_mem_allocated: 1081 MB | ETA 00:05:40
[2026/10/07 01:00:05] INFO: [TRAIN] epoch: 40, iter: 13870/18000, loss: 0.0300, lr: 0.000014, batch_cost: 0.0827, reader_cost: 0.03312, ips: 48.3527 samples/sec, max_mem_reserved: 1731 MB, max_mem_allocated: 1081 MB | ETA 00:05:41
[2026/10/07 01:00:06] INFO: [TRAIN] epoch: 40, iter: 13880/18000, loss: 0.0210, lr: 0.000014, batch_cost: 0.0815, reader_cost: 0.03269, ips: 49.0668 samples/sec, max_mem_reserved: 1731 MB, max_mem_allocated: 1081 MB | ETA 00:05:35
[2026/10/07 01:00:07] INFO: [TRAIN] epoch: 40, iter: 13890/18000, loss: 0.0270, lr: 0.000014, batch_cost: 0.0795, reader_cost: 0.03013, ips: 50.2834 samples/sec, max_mem_reserved: 1731 MB, max_mem_allocated: 1081 MB | ETA 00:05:26
[2026/10/07 01:00:08] INFO: [TRAIN] epoch: 40, iter: 13900/18000, loss: 0.0280, lr: 0.000014, batch_cost: 0.0782, reader_cost: 0.03114, ips: 51.1332 samples/sec, max_mem_reserved: 1731 MB, max_mem_allocated: 1081 MB | ETA 00:05:20
[2026/10/07 01:00:09] INFO: [TRAIN] epoch: 40, iter: 13910/18000, loss: 0.0282, lr: 0.000014, batch_cost: 0.0865, reader_cost: 0.03794, ips: 46.2245 samples/sec, max_mem_reserved: 1731 MB, max_mem_allocated: 1081 MB | ETA 00:05:53
[2026/10/07 01:00:10] INFO: [TRAIN] epoch: 40, iter: 13920/18000, loss: 0.0271, lr: 0.000014, batch_cost: 0.0835, reader_cost: 0.03471, ips: 47.9054 samples/sec, max_mem_reserved: 1731 MB, max_mem_allocated: 1081 MB | ETA 00:05:40
[2026/10/07 01:00:11] INFO: [TRAIN] epoch: 40, iter: 13930/18000, loss: 0.0348, lr: 0.000014, batch_cost: 0.0811, reader_cost: 0.03373, ips: 49.3231 samples/sec, max_mem_reserved: 1731 MB, max_mem_allocated: 1081 MB | ETA 00:05:30
[2026/10/07 01:00:12] INFO: [TRAIN] epoch: 40, iter: 13940/18000, loss: 0.0298, lr: 0.000014, batch_cost: 0.0817, reader_cost: 0.03318, ips: 48.9402 samples/sec, max_mem_reserved: 1731 MB, max_mem_allocated: 1081 MB | ETA 00:05:31
[2026/10/07 01:00:13] INFO: [TRAIN] epoch: 40, iter: 13950/18000, loss: 0.0248, lr: 0.000014, batch_cost: 0.0826, reader_cost: 0.03364, ips: 48.4089 samples/sec, max_mem_reserved: 1731 MB, max_mem_allocated: 1081 MB | ETA 00:05:34
[2026/10/07 01:00:14] INFO: [TRAIN] epoch: 40, iter: 13960/18000, loss: 0.0286, lr: 0.000013, batch_cost: 0.0842, reader_cost: 0.03618, ips: 47.5245 samples/sec, max_mem_reserved: 1731 MB, max_mem_allocated: 1081 MB | ETA 00:05:40
[2026/10/07 01:00:15] INFO: [TRAIN] epoch: 40, iter: 13970/18000, loss: 0.0292, lr: 0.000013, batch_cost: 0.0839, reader_cost: 0.03570, ips: 47.6774 samples/sec, max_mem_reserved: 1731 MB, max_mem_allocated: 1081 MB | ETA 00:05:38
[2026/10/07 01:00:16] INFO: [TRAIN] epoch: 40, iter: 13980/18000, loss: 0.0358, lr: 0.000013, batch_cost: 0.0799, reader_cost: 0.03363, ips: 50.0878 samples/sec, max_mem_reserved: 1731 MB, max_mem_allocated: 1081 MB | ETA 00:05:21
[2026/10/07 01:00:17] INFO: [TRAIN] epoch: 40, iter: 13990/18000, loss: 0.0281, lr: 0.000013, batch_cost: 0.0833, reader_cost: 0.03431, ips: 47.9946 samples/sec, max_mem_reserved: 1731 MB, max_mem_allocated: 1081 MB | ETA 00:05:34
[2026/10/07 01:00:18] INFO: [TRAIN] epoch: 40, iter: 14000/18000, loss: 0.0375, lr: 0.000013, batch_cost: 0.0805, reader_cost: 0.03134, ips: 49.7043 samples/sec, max_mem_reserved: 1731 MB, max_mem_allocated: 1081 MB | ETA 00:05:21
[2026/10/07 01:00:18] INFO: Start evaluating (total_samples: 177, total_iters: 177)...

  1/177 [..............................] - ETA: 8s - batch_cost: 0.0463 - reader cost: 0.0334
  3/177 [..............................] - ETA: 7s - batch_cost: 0.0438 - reader cost: 0.0195
  5/177 [..............................] - ETA: 7s - batch_cost: 0.0426 - reader cost: 0.0117
  7/177 [>.............................] - ETA: 7s - batch_cost: 0.0422 - reader cost: 0.0083
  9/177 [>.............................] - ETA: 7s - batch_cost: 0.0426 - reader cost: 0.0066
 11/177 [>.............................] - ETA: 7s - batch_cost: 0.0425 - reader cost: 0.0054
 13/177 [=>............................] - ETA: 6s - batch_cost: 0.0422 - reader cost: 0.0046
 15/177 [=>............................] - ETA: 6s - batch_cost: 0.0420 - reader cost: 0.0040
 17/177 [=>............................] - ETA: 6s - batch_cost: 0.0419 - reader cost: 0.0035
 19/177 [==>...........................] - ETA: 6s - batch_cost: 0.0418 - reader cost: 0.0031
 21/177 [==>...........................] - ETA: 6s - batch_cost: 0.0418 - reader cost: 0.0028
 23/177 [==>...........................] - ETA: 6s - batch_cost: 0.0418 - reader cost: 0.0026
 25/177 [===>..........................] - ETA: 6s - batch_cost: 0.0418 - reader cost: 0.0024
 27/177 [===>..........................] - ETA: 6s - batch_cost: 0.0417 - reader cost: 0.0022
 29/177 [===>..........................] - ETA: 6s - batch_cost: 0.0416 - reader cost: 0.0021
 31/177 [====>.........................] - ETA: 6s - batch_cost: 0.0416 - reader cost: 0.0019
 33/177 [====>.........................] - ETA: 6s - batch_cost: 0.0416 - reader cost: 0.0018
 35/177 [====>.........................] - ETA: 5s - batch_cost: 0.0416 - reader cost: 0.0017
 37/177 [=====>........................] - ETA: 5s - batch_cost: 0.0416 - reader cost: 0.0016
 39/177 [=====>........................] - ETA: 5s - batch_cost: 0.0416 - reader cost: 0.0015
 41/177 [=====>........................] - ETA: 5s - batch_cost: 0.0415 - reader cost: 0.0015
 43/177 [======>.......................] - ETA: 5s - batch_cost: 0.0415 - reader cost: 0.0014
 45/177 [======>.......................] - ETA: 5s - batch_cost: 0.0415 - reader cost: 0.0013
 47/177 [======>.......................] - ETA: 5s - batch_cost: 0.0416 - reader cost: 0.0013
 49/177 [=======>......................] - ETA: 5s - batch_cost: 0.0416 - reader cost: 0.0012
 51/177 [=======>......................] - ETA: 5s - batch_cost: 0.0415 - reader cost: 0.0012
 53/177 [=======>......................] - ETA: 5s - batch_cost: 0.0415 - reader cost: 0.0011
 55/177 [========>.....................] - ETA: 5s - batch_cost: 0.0415 - reader cost: 0.0011
 57/177 [========>.....................] - ETA: 4s - batch_cost: 0.0415 - reader cost: 0.0011
 59/177 [=========>....................] - ETA: 4s - batch_cost: 0.0415 - reader cost: 0.0010
 61/177 [=========>....................] - ETA: 4s - batch_cost: 0.0415 - reader cost: 9.9089e-04
 63/177 [=========>....................] - ETA: 4s - batch_cost: 0.0415 - reader cost: 9.5943e-04
 65/177 [==========>...................] - ETA: 4s - batch_cost: 0.0415 - reader cost: 9.2991e-04
 67/177 [==========>...................] - ETA: 4s - batch_cost: 0.0415 - reader cost: 9.0215e-04
 69/177 [==========>...................] - ETA: 4s - batch_cost: 0.0415 - reader cost: 8.9052e-04
 71/177 [===========>..................] - ETA: 4s - batch_cost: 0.0415 - reader cost: 8.6544e-04
 73/177 [===========>..................] - ETA: 4s - batch_cost: 0.0415 - reader cost: 8.4173e-04
 75/177 [===========>..................] - ETA: 4s - batch_cost: 0.0415 - reader cost: 8.1928e-04
 77/177 [============>.................] - ETA: 4s - batch_cost: 0.0415 - reader cost: 8.1096e-04
 79/177 [============>.................] - ETA: 4s - batch_cost: 0.0415 - reader cost: 7.9043e-04
 81/177 [============>.................] - ETA: 3s - batch_cost: 0.0415 - reader cost: 7.8335e-04
 83/177 [=============>................] - ETA: 3s - batch_cost: 0.0415 - reader cost: 7.6447e-04
 85/177 [=============>................] - ETA: 3s - batch_cost: 0.0415 - reader cost: 7.4648e-04
 87/177 [=============>................] - ETA: 3s - batch_cost: 0.0415 - reader cost: 7.2932e-04
 89/177 [==============>...............] - ETA: 3s - batch_cost: 0.0415 - reader cost: 7.1293e-04
 91/177 [==============>...............] - ETA: 3s - batch_cost: 0.0415 - reader cost: 6.9726e-04
 93/177 [==============>...............] - ETA: 3s - batch_cost: 0.0415 - reader cost: 6.8227e-04
 95/177 [===============>..............] - ETA: 3s - batch_cost: 0.0415 - reader cost: 6.6791e-04
 97/177 [===============>..............] - ETA: 3s - batch_cost: 0.0415 - reader cost: 6.5413e-04
 99/177 [===============>..............] - ETA: 3s - batch_cost: 0.0415 - reader cost: 6.4092e-04
101/177 [================>.............] - ETA: 3s - batch_cost: 0.0415 - reader cost: 6.2823e-04
103/177 [================>.............] - ETA: 3s - batch_cost: 0.0415 - reader cost: 6.1603e-04
105/177 [================>.............] - ETA: 2s - batch_cost: 0.0415 - reader cost: 6.0430e-04
107/177 [=================>............] - ETA: 2s - batch_cost: 0.0415 - reader cost: 5.9300e-04
109/177 [=================>............] - ETA: 2s - batch_cost: 0.0415 - reader cost: 5.8212e-04
111/177 [=================>............] - ETA: 2s - batch_cost: 0.0415 - reader cost: 5.7163e-04
113/177 [==================>...........] - ETA: 2s - batch_cost: 0.0415 - reader cost: 5.6151e-04
115/177 [==================>...........] - ETA: 2s - batch_cost: 0.0415 - reader cost: 5.5175e-04
117/177 [==================>...........] - ETA: 2s - batch_cost: 0.0415 - reader cost: 5.4232e-04
119/177 [===================>..........] - ETA: 2s - batch_cost: 0.0415 - reader cost: 5.3320e-04
121/177 [===================>..........] - ETA: 2s - batch_cost: 0.0415 - reader cost: 5.2439e-04
123/177 [===================>..........] - ETA: 2s - batch_cost: 0.0415 - reader cost: 5.1586e-04
125/177 [====================>.........] - ETA: 2s - batch_cost: 0.0415 - reader cost: 5.0761e-04
127/177 [====================>.........] - ETA: 2s - batch_cost: 0.0415 - reader cost: 4.9961e-04
129/177 [====================>.........] - ETA: 1s - batch_cost: 0.0415 - reader cost: 4.9963e-04
131/177 [=====================>........] - ETA: 1s - batch_cost: 0.0415 - reader cost: 4.9200e-04
133/177 [=====================>........] - ETA: 1s - batch_cost: 0.0415 - reader cost: 4.8460e-04
135/177 [=====================>........] - ETA: 1s - batch_cost: 0.0415 - reader cost: 4.7742e-04
137/177 [======================>.......] - ETA: 1s - batch_cost: 0.0415 - reader cost: 4.7045e-04
139/177 [======================>.......] - ETA: 1s - batch_cost: 0.0415 - reader cost: 4.6368e-04
141/177 [======================>.......] - ETA: 1s - batch_cost: 0.0415 - reader cost: 4.5710e-04
143/177 [=======================>......] - ETA: 1s - batch_cost: 0.0415 - reader cost: 4.5071e-04
145/177 [=======================>......] - ETA: 1s - batch_cost: 0.0415 - reader cost: 4.4449e-04
147/177 [=======================>......] - ETA: 1s - batch_cost: 0.0415 - reader cost: 4.3845e-04
149/177 [========================>.....] - ETA: 1s - batch_cost: 0.0415 - reader cost: 4.3256e-04
151/177 [========================>.....] - ETA: 1s - batch_cost: 0.0415 - reader cost: 4.2683e-04
153/177 [========================>.....] - ETA: 0s - batch_cost: 0.0415 - reader cost: 4.2125e-04
155/177 [=========================>....] - ETA: 0s - batch_cost: 0.0415 - reader cost: 4.1582e-04
157/177 [=========================>....] - ETA: 0s - batch_cost: 0.0415 - reader cost: 4.1052e-04
159/177 [=========================>....] - ETA: 0s - batch_cost: 0.0415 - reader cost: 4.1165e-04
161/177 [==========================>...] - ETA: 0s - batch_cost: 0.0415 - reader cost: 4.0653e-04
163/177 [==========================>...] - ETA: 0s - batch_cost: 0.0415 - reader cost: 4.1078e-04
165/177 [==========================>...] - ETA: 0s - batch_cost: 0.0415 - reader cost: 4.0580e-04
167/177 [===========================>..] - ETA: 0s - batch_cost: 0.0415 - reader cost: 4.0094e-04
169/177 [===========================>..] - ETA: 0s - batch_cost: 0.0415 - reader cost: 3.9619e-04
171/177 [===========================>..] - ETA: 0s - batch_cost: 0.0415 - reader cost: 3.9156e-04
173/177 [============================>.] - ETA: 0s - batch_cost: 0.0415 - reader cost: 3.8703e-04
175/177 [============================>.] - ETA: 0s - batch_cost: 0.0415 - reader cost: 3.8261e-04
177/177 [==============================] - 7s 42ms/step - batch_cost: 0.0415 - reader cost: 3.7829e-04
[2026/10/07 01:00:25] INFO: [EVAL] #Images: 177 mIoU: 0.8724 Acc: 0.9909 Kappa: 0.8551 Dice: 0.9276
[2026/10/07 01:00:25] INFO: [EVAL] Class IoU: 
[0.9906 0.7541]
[2026/10/07 01:00:25] INFO: [EVAL] Class Precision: 
[0.9958 0.8462]
[2026/10/07 01:00:25] INFO: [EVAL] Class Recall: 
[0.9948 0.874 ]
[2026/10/07 01:00:25] INFO: Start evaluating (total_samples: 177, total_iters: 177)...

  1/177 [..............................] - ETA: 7s - batch_cost: 0.0413 - reader cost: 0.0313
  3/177 [..............................] - ETA: 7s - batch_cost: 0.0417 - reader cost: 0.0189
  5/177 [..............................] - ETA: 7s - batch_cost: 0.0420 - reader cost: 0.0116
  7/177 [>.............................] - ETA: 7s - batch_cost: 0.0423 - reader cost: 0.0083
  9/177 [>.............................] - ETA: 7s - batch_cost: 0.0422 - reader cost: 0.0064
 11/177 [>.............................] - ETA: 7s - batch_cost: 0.0422 - reader cost: 0.0053
 13/177 [=>............................] - ETA: 6s - batch_cost: 0.0418 - reader cost: 0.0044
 15/177 [=>............................] - ETA: 6s - batch_cost: 0.0418 - reader cost: 0.0039
 17/177 [=>............................] - ETA: 6s - batch_cost: 0.0417 - reader cost: 0.0034
 19/177 [==>...........................] - ETA: 6s - batch_cost: 0.0417 - reader cost: 0.0030
 21/177 [==>...........................] - ETA: 6s - batch_cost: 0.0417 - reader cost: 0.0028
 23/177 [==>...........................] - ETA: 6s - batch_cost: 0.0416 - reader cost: 0.0026
 25/177 [===>..........................] - ETA: 6s - batch_cost: 0.0416 - reader cost: 0.0024
 27/177 [===>..........................] - ETA: 6s - batch_cost: 0.0416 - reader cost: 0.0022
 29/177 [===>..........................] - ETA: 6s - batch_cost: 0.0417 - reader cost: 0.0020
 31/177 [====>.........................] - ETA: 6s - batch_cost: 0.0416 - reader cost: 0.0019
 33/177 [====>.........................] - ETA: 6s - batch_cost: 0.0416 - reader cost: 0.0018
 35/177 [====>.........................] - ETA: 5s - batch_cost: 0.0416 - reader cost: 0.0017
 37/177 [=====>........................] - ETA: 5s - batch_cost: 0.0416 - reader cost: 0.0016
 39/177 [=====>........................] - ETA: 5s - batch_cost: 0.0416 - reader cost: 0.0015
 41/177 [=====>........................] - ETA: 5s - batch_cost: 0.0416 - reader cost: 0.0014
 43/177 [======>.......................] - ETA: 5s - batch_cost: 0.0416 - reader cost: 0.0014
 45/177 [======>.......................] - ETA: 5s - batch_cost: 0.0416 - reader cost: 0.0013
 47/177 [======>.......................] - ETA: 5s - batch_cost: 0.0415 - reader cost: 0.0013
 49/177 [=======>......................] - ETA: 5s - batch_cost: 0.0415 - reader cost: 0.0012
 51/177 [=======>......................] - ETA: 5s - batch_cost: 0.0415 - reader cost: 0.0012
 53/177 [=======>......................] - ETA: 5s - batch_cost: 0.0415 - reader cost: 0.0011
 55/177 [========>.....................] - ETA: 5s - batch_cost: 0.0415 - reader cost: 0.0011
 57/177 [========>.....................] - ETA: 4s - batch_cost: 0.0415 - reader cost: 0.0010
 59/177 [=========>....................] - ETA: 4s - batch_cost: 0.0415 - reader cost: 9.9727e-04
 61/177 [=========>....................] - ETA: 4s - batch_cost: 0.0415 - reader cost: 9.8100e-04
 63/177 [=========>....................] - ETA: 4s - batch_cost: 0.0415 - reader cost: 9.4986e-04
 65/177 [==========>...................] - ETA: 4s - batch_cost: 0.0415 - reader cost: 9.2063e-04
 67/177 [==========>...................] - ETA: 4s - batch_cost: 0.0415 - reader cost: 8.9315e-04
 69/177 [==========>...................] - ETA: 4s - batch_cost: 0.0415 - reader cost: 8.6726e-04
 71/177 [===========>..................] - ETA: 4s - batch_cost: 0.0415 - reader cost: 8.4283e-04
 73/177 [===========>..................] - ETA: 4s - batch_cost: 0.0415 - reader cost: 8.1974e-04
 75/177 [===========>..................] - ETA: 4s - batch_cost: 0.0415 - reader cost: 7.9788e-04
 77/177 [============>.................] - ETA: 4s - batch_cost: 0.0415 - reader cost: 7.7716e-04
 79/177 [============>.................] - ETA: 4s - batch_cost: 0.0415 - reader cost: 7.5748e-04
 81/177 [============>.................] - ETA: 3s - batch_cost: 0.0415 - reader cost: 7.3878e-04
 83/177 [=============>................] - ETA: 3s - batch_cost: 0.0415 - reader cost: 7.2098e-04
 85/177 [=============>................] - ETA: 3s - batch_cost: 0.0415 - reader cost: 7.0401e-04
 87/177 [=============>................] - ETA: 3s - batch_cost: 0.0415 - reader cost: 6.8783e-04
 89/177 [==============>...............] - ETA: 3s - batch_cost: 0.0415 - reader cost: 6.7237e-04
 91/177 [==============>...............] - ETA: 3s - batch_cost: 0.0415 - reader cost: 6.5760e-04
 93/177 [==============>...............] - ETA: 3s - batch_cost: 0.0415 - reader cost: 6.4345e-04
 95/177 [===============>..............] - ETA: 3s - batch_cost: 0.0415 - reader cost: 6.3627e-04
 97/177 [===============>..............] - ETA: 3s - batch_cost: 0.0415 - reader cost: 6.2315e-04
 99/177 [===============>..............] - ETA: 3s - batch_cost: 0.0415 - reader cost: 6.1056e-04
101/177 [================>.............] - ETA: 3s - batch_cost: 0.0415 - reader cost: 5.9847e-04
103/177 [================>.............] - ETA: 3s - batch_cost: 0.0415 - reader cost: 5.8685e-04
105/177 [================>.............] - ETA: 2s - batch_cost: 0.0415 - reader cost: 5.7567e-04
107/177 [=================>............] - ETA: 2s - batch_cost: 0.0415 - reader cost: 5.6491e-04
109/177 [=================>............] - ETA: 2s - batch_cost: 0.0415 - reader cost: 5.5454e-04
111/177 [=================>............] - ETA: 2s - batch_cost: 0.0415 - reader cost: 5.4455e-04
113/177 [==================>...........] - ETA: 2s - batch_cost: 0.0415 - reader cost: 5.3491e-04
115/177 [==================>...........] - ETA: 2s - batch_cost: 0.0415 - reader cost: 5.2561e-04
117/177 [==================>...........] - ETA: 2s - batch_cost: 0.0415 - reader cost: 5.1663e-04
119/177 [===================>..........] - ETA: 2s - batch_cost: 0.0415 - reader cost: 5.0794e-04
121/177 [===================>..........] - ETA: 2s - batch_cost: 0.0415 - reader cost: 4.9955e-04
123/177 [===================>..........] - ETA: 2s - batch_cost: 0.0415 - reader cost: 4.9143e-04
125/177 [====================>.........] - ETA: 2s - batch_cost: 0.0415 - reader cost: 4.8356e-04
127/177 [====================>.........] - ETA: 2s - batch_cost: 0.0415 - reader cost: 4.7595e-04
129/177 [====================>.........] - ETA: 1s - batch_cost: 0.0415 - reader cost: 4.7632e-04
131/177 [=====================>........] - ETA: 1s - batch_cost: 0.0415 - reader cost: 4.7668e-04
133/177 [=====================>........] - ETA: 1s - batch_cost: 0.0415 - reader cost: 4.6952e-04
135/177 [=====================>........] - ETA: 1s - batch_cost: 0.0415 - reader cost: 4.6256e-04
137/177 [======================>.......] - ETA: 1s - batch_cost: 0.0415 - reader cost: 4.5958e-04
139/177 [======================>.......] - ETA: 1s - batch_cost: 0.0415 - reader cost: 4.5297e-04
141/177 [======================>.......] - ETA: 1s - batch_cost: 0.0415 - reader cost: 4.5018e-04
143/177 [=======================>......] - ETA: 1s - batch_cost: 0.0415 - reader cost: 4.4389e-04
145/177 [=======================>......] - ETA: 1s - batch_cost: 0.0415 - reader cost: 4.3776e-04
147/177 [=======================>......] - ETA: 1s - batch_cost: 0.0415 - reader cost: 4.3181e-04
149/177 [========================>.....] - ETA: 1s - batch_cost: 0.0415 - reader cost: 4.2601e-04
151/177 [========================>.....] - ETA: 1s - batch_cost: 0.0415 - reader cost: 4.2037e-04
153/177 [========================>.....] - ETA: 0s - batch_cost: 0.0415 - reader cost: 4.1487e-04
155/177 [=========================>....] - ETA: 0s - batch_cost: 0.0415 - reader cost: 4.0952e-04
157/177 [=========================>....] - ETA: 0s - batch_cost: 0.0415 - reader cost: 4.0430e-04
159/177 [=========================>....] - ETA: 0s - batch_cost: 0.0415 - reader cost: 3.9922e-04
161/177 [==========================>...] - ETA: 0s - batch_cost: 0.0415 - reader cost: 3.9426e-04
163/177 [==========================>...] - ETA: 0s - batch_cost: 0.0415 - reader cost: 3.8942e-04
165/177 [==========================>...] - ETA: 0s - batch_cost: 0.0415 - reader cost: 3.8470e-04
167/177 [===========================>..] - ETA: 0s - batch_cost: 0.0415 - reader cost: 3.8009e-04
169/177 [===========================>..] - ETA: 0s - batch_cost: 0.0415 - reader cost: 3.7560e-04
171/177 [===========================>..] - ETA: 0s - batch_cost: 0.0415 - reader cost: 3.7120e-04
173/177 [============================>.] - ETA: 0s - batch_cost: 0.0415 - reader cost: 3.6691e-04
175/177 [============================>.] - ETA: 0s - batch_cost: 0.0415 - reader cost: 3.6272e-04
177/177 [==============================] - 7s 42ms/step - batch_cost: 0.0415 - reader cost: 3.5862e-04
[2026/10/07 01:00:32] INFO: [EVAL] #Images: 177 mIoU: 0.8726 Acc: 0.9907 Kappa: 0.8555 Dice: 0.9277
[2026/10/07 01:00:32] INFO: [EVAL] Class IoU: 
[0.9905 0.7548]
[2026/10/07 01:00:32] INFO: [EVAL] Class Precision: 
[0.9964 0.8304]
[2026/10/07 01:00:32] INFO: [EVAL] Class Recall: 
[0.994  0.8923]
[2026/10/07 01:00:32] INFO: [EVAL] The model with the best validation mIoU (0.8724) was saved at iter 14000.
[2026/10/07 01:00:33] INFO: [EVAL] The EMA model with the best validation mIoU (0.8726) was saved at iter 14000.
[2026/10/07 01:00:34] INFO: [TRAIN] epoch: 41, iter: 14010/18000, loss: 0.0301, lr: 0.000013, batch_cost: 0.0882, reader_cost: 0.04080, ips: 45.3317 samples/sec, max_mem_reserved: 1731 MB, max_mem_allocated: 1081 MB | ETA 00:05:52
[2026/10/07 01:00:35] INFO: [TRAIN] epoch: 41, iter: 14020/18000, loss: 0.0328, lr: 0.000013, batch_cost: 0.0854, reader_cost: 0.03645, ips: 46.8572 samples/sec, max_mem_reserved: 1731 MB, max_mem_allocated: 1081 MB | ETA 00:05:39
[2026/10/07 01:00:35] INFO: [TRAIN] epoch: 41, iter: 14030/18000, loss: 0.0330, lr: 0.000013, batch_cost: 0.0859, reader_cost: 0.03738, ips: 46.5660 samples/sec, max_mem_reserved: 1731 MB, max_mem_allocated: 1081 MB | ETA 00:05:41
[2026/10/07 01:00:36] INFO: [TRAIN] epoch: 41, iter: 14040/18000, loss: 0.0280, lr: 0.000013, batch_cost: 0.0828, reader_cost: 0.03552, ips: 48.3335 samples/sec, max_mem_reserved: 1731 MB, max_mem_allocated: 1081 MB | ETA 00:05:27
[2026/10/07 01:00:37] INFO: [TRAIN] epoch: 41, iter: 14050/18000, loss: 0.0344, lr: 0.000013, batch_cost: 0.0832, reader_cost: 0.03402, ips: 48.0978 samples/sec, max_mem_reserved: 1731 MB, max_mem_allocated: 1081 MB | ETA 00:05:28
[2026/10/07 01:00:38] INFO: [TRAIN] epoch: 41, iter: 14060/18000, loss: 0.0303, lr: 0.000013, batch_cost: 0.0848, reader_cost: 0.03611, ips: 47.1632 samples/sec, max_mem_reserved: 1731 MB, max_mem_allocated: 1081 MB | ETA 00:05:34
[2026/10/07 01:00:39] INFO: [TRAIN] epoch: 41, iter: 14070/18000, loss: 0.0360, lr: 0.000013, batch_cost: 0.0822, reader_cost: 0.03427, ips: 48.6637 samples/sec, max_mem_reserved: 1731 MB, max_mem_allocated: 1081 MB | ETA 00:05:23
[2026/10/07 01:00:40] INFO: [TRAIN] epoch: 41, iter: 14080/18000, loss: 0.0314, lr: 0.000013, batch_cost: 0.0854, reader_cost: 0.03621, ips: 46.8520 samples/sec, max_mem_reserved: 1731 MB, max_mem_allocated: 1081 MB | ETA 00:05:34
[2026/10/07 01:00:41] INFO: [TRAIN] epoch: 41, iter: 14090/18000, loss: 0.0293, lr: 0.000013, batch_cost: 0.0845, reader_cost: 0.03698, ips: 47.3582 samples/sec, max_mem_reserved: 1731 MB, max_mem_allocated: 1081 MB | ETA 00:05:30
[2026/10/07 01:00:42] INFO: [TRAIN] epoch: 41, iter: 14100/18000, loss: 0.0321, lr: 0.000013, batch_cost: 0.0875, reader_cost: 0.04013, ips: 45.7112 samples/sec, max_mem_reserved: 1731 MB, max_mem_allocated: 1081 MB | ETA 00:05:41
[2026/10/07 01:00:43] INFO: [TRAIN] epoch: 41, iter: 14110/18000, loss: 0.0318, lr: 0.000013, batch_cost: 0.0868, reader_cost: 0.03973, ips: 46.0694 samples/sec, max_mem_reserved: 1731 MB, max_mem_allocated: 1081 MB | ETA 00:05:37
[2026/10/07 01:00:44] INFO: [TRAIN] epoch: 41, iter: 14120/18000, loss: 0.0307, lr: 0.000013, batch_cost: 0.0844, reader_cost: 0.03651, ips: 47.3898 samples/sec, max_mem_reserved: 1731 MB, max_mem_allocated: 1081 MB | ETA 00:05:27
[2026/10/07 01:00:45] INFO: [TRAIN] epoch: 41, iter: 14130/18000, loss: 0.0259, lr: 0.000013, batch_cost: 0.0834, reader_cost: 0.03593, ips: 47.9804 samples/sec, max_mem_reserved: 1731 MB, max_mem_allocated: 1081 MB | ETA 00:05:22
[2026/10/07 01:00:46] INFO: [TRAIN] epoch: 41, iter: 14140/18000, loss: 0.0203, lr: 0.000013, batch_cost: 0.0813, reader_cost: 0.03495, ips: 49.1846 samples/sec, max_mem_reserved: 1731 MB, max_mem_allocated: 1081 MB | ETA 00:05:13
[2026/10/07 01:00:47] INFO: [TRAIN] epoch: 41, iter: 14150/18000, loss: 0.0371, lr: 0.000013, batch_cost: 0.0857, reader_cost: 0.03935, ips: 46.6821 samples/sec, max_mem_reserved: 1731 MB, max_mem_allocated: 1081 MB | ETA 00:05:29
[2026/10/07 01:00:48] INFO: [TRAIN] epoch: 41, iter: 14160/18000, loss: 0.0294, lr: 0.000013, batch_cost: 0.0896, reader_cost: 0.04331, ips: 44.6564 samples/sec, max_mem_reserved: 1731 MB, max_mem_allocated: 1081 MB | ETA 00:05:43
[2026/10/07 01:00:49] INFO: [TRAIN] epoch: 41, iter: 14170/18000, loss: 0.0256, lr: 0.000013, batch_cost: 0.0811, reader_cost: 0.03148, ips: 49.3467 samples/sec, max_mem_reserved: 1731 MB, max_mem_allocated: 1081 MB | ETA 00:05:10
[2026/10/07 01:00:50] INFO: [TRAIN] epoch: 41, iter: 14180/18000, loss: 0.0278, lr: 0.000013, batch_cost: 0.0843, reader_cost: 0.03780, ips: 47.4567 samples/sec, max_mem_reserved: 1731 MB, max_mem_allocated: 1081 MB | ETA 00:05:21
[2026/10/07 01:00:51] INFO: [TRAIN] epoch: 41, iter: 14190/18000, loss: 0.0317, lr: 0.000013, batch_cost: 0.0828, reader_cost: 0.03617, ips: 48.3210 samples/sec, max_mem_reserved: 1731 MB, max_mem_allocated: 1081 MB | ETA 00:05:15
[2026/10/07 01:00:52] INFO: [TRAIN] epoch: 41, iter: 14200/18000, loss: 0.0453, lr: 0.000013, batch_cost: 0.0828, reader_cost: 0.03591, ips: 48.3342 samples/sec, max_mem_reserved: 1731 MB, max_mem_allocated: 1081 MB | ETA 00:05:14
[2026/10/07 01:00:53] INFO: [TRAIN] epoch: 41, iter: 14210/18000, loss: 0.0257, lr: 0.000013, batch_cost: 0.0849, reader_cost: 0.03787, ips: 47.0973 samples/sec, max_mem_reserved: 1731 MB, max_mem_allocated: 1081 MB | ETA 00:05:21
[2026/10/07 01:00:54] INFO: [TRAIN] epoch: 41, iter: 14220/18000, loss: 0.0345, lr: 0.000013, batch_cost: 0.0847, reader_cost: 0.03928, ips: 47.2470 samples/sec, max_mem_reserved: 1731 MB, max_mem_allocated: 1081 MB | ETA 00:05:20
[2026/10/07 01:00:55] INFO: [TRAIN] epoch: 41, iter: 14230/18000, loss: 0.0311, lr: 0.000013, batch_cost: 0.0828, reader_cost: 0.03588, ips: 48.3160 samples/sec, max_mem_reserved: 1731 MB, max_mem_allocated: 1081 MB | ETA 00:05:12
[2026/10/07 01:00:56] INFO: [TRAIN] epoch: 41, iter: 14240/18000, loss: 0.0243, lr: 0.000013, batch_cost: 0.0861, reader_cost: 0.03804, ips: 46.4569 samples/sec, max_mem_reserved: 1731 MB, max_mem_allocated: 1081 MB | ETA 00:05:23
[2026/10/07 01:00:57] INFO: [TRAIN] epoch: 41, iter: 14250/18000, loss: 0.0328, lr: 0.000013, batch_cost: 0.0820, reader_cost: 0.03675, ips: 48.7546 samples/sec, max_mem_reserved: 1731 MB, max_mem_allocated: 1081 MB | ETA 00:05:07
[2026/10/07 01:00:58] INFO: [TRAIN] epoch: 41, iter: 14260/18000, loss: 0.0273, lr: 0.000012, batch_cost: 0.0826, reader_cost: 0.03357, ips: 48.3983 samples/sec, max_mem_reserved: 1731 MB, max_mem_allocated: 1081 MB | ETA 00:05:09
[2026/10/07 01:00:59] INFO: [TRAIN] epoch: 41, iter: 14270/18000, loss: 0.0339, lr: 0.000012, batch_cost: 0.0846, reader_cost: 0.03796, ips: 47.2734 samples/sec, max_mem_reserved: 1731 MB, max_mem_allocated: 1081 MB | ETA 00:05:15
[2026/10/07 01:01:00] INFO: [TRAIN] epoch: 41, iter: 14280/18000, loss: 0.0316, lr: 0.000012, batch_cost: 0.0822, reader_cost: 0.03596, ips: 48.6577 samples/sec, max_mem_reserved: 1731 MB, max_mem_allocated: 1081 MB | ETA 00:05:05
[2026/10/07 01:01:00] INFO: [TRAIN] epoch: 41, iter: 14290/18000, loss: 0.0364, lr: 0.000012, batch_cost: 0.0816, reader_cost: 0.03320, ips: 49.0435 samples/sec, max_mem_reserved: 1731 MB, max_mem_allocated: 1081 MB | ETA 00:05:02
[2026/10/07 01:01:01] INFO: [TRAIN] epoch: 41, iter: 14300/18000, loss: 0.0313, lr: 0.000012, batch_cost: 0.0858, reader_cost: 0.03949, ips: 46.6340 samples/sec, max_mem_reserved: 1731 MB, max_mem_allocated: 1081 MB | ETA 00:05:17
[2026/10/07 01:01:02] INFO: [TRAIN] epoch: 41, iter: 14310/18000, loss: 0.0299, lr: 0.000012, batch_cost: 0.0812, reader_cost: 0.03443, ips: 49.2710 samples/sec, max_mem_reserved: 1731 MB, max_mem_allocated: 1081 MB | ETA 00:04:59
[2026/10/07 01:01:03] INFO: [TRAIN] epoch: 41, iter: 14320/18000, loss: 0.0315, lr: 0.000012, batch_cost: 0.0835, reader_cost: 0.03705, ips: 47.8879 samples/sec, max_mem_reserved: 1731 MB, max_mem_allocated: 1081 MB | ETA 00:05:07
[2026/10/07 01:01:04] INFO: [TRAIN] epoch: 41, iter: 14330/18000, loss: 0.0295, lr: 0.000012, batch_cost: 0.0873, reader_cost: 0.04060, ips: 45.8187 samples/sec, max_mem_reserved: 1731 MB, max_mem_allocated: 1081 MB | ETA 00:05:20
[2026/10/07 01:01:05] INFO: [TRAIN] epoch: 41, iter: 14340/18000, loss: 0.0278, lr: 0.000012, batch_cost: 0.0845, reader_cost: 0.03759, ips: 47.3456 samples/sec, max_mem_reserved: 1731 MB, max_mem_allocated: 1081 MB | ETA 00:05:09
[2026/10/07 01:01:06] INFO: [TRAIN] epoch: 41, iter: 14350/18000, loss: 0.0352, lr: 0.000012, batch_cost: 0.0855, reader_cost: 0.03837, ips: 46.7804 samples/sec, max_mem_reserved: 1731 MB, max_mem_allocated: 1081 MB | ETA 00:05:12
[2026/10/07 01:01:07] INFO: [TRAIN] epoch: 42, iter: 14360/18000, loss: 0.0238, lr: 0.000012, batch_cost: 0.0885, reader_cost: 0.04218, ips: 45.1859 samples/sec, max_mem_reserved: 1731 MB, max_mem_allocated: 1081 MB | ETA 00:05:22
[2026/10/07 01:01:08] INFO: [TRAIN] epoch: 42, iter: 14370/18000, loss: 0.0268, lr: 0.000012, batch_cost: 0.0792, reader_cost: 0.03138, ips: 50.4827 samples/sec, max_mem_reserved: 1731 MB, max_mem_allocated: 1081 MB | ETA 00:04:47
[2026/10/07 01:01:09] INFO: [TRAIN] epoch: 42, iter: 14380/18000, loss: 0.0369, lr: 0.000012, batch_cost: 0.0844, reader_cost: 0.03629, ips: 47.3956 samples/sec, max_mem_reserved: 1731 MB, max_mem_allocated: 1081 MB | ETA 00:05:05
[2026/10/07 01:01:10] INFO: [TRAIN] epoch: 42, iter: 14390/18000, loss: 0.0284, lr: 0.000012, batch_cost: 0.0859, reader_cost: 0.03801, ips: 46.5481 samples/sec, max_mem_reserved: 1731 MB, max_mem_allocated: 1081 MB | ETA 00:05:10
[2026/10/07 01:01:11] INFO: [TRAIN] epoch: 42, iter: 14400/18000, loss: 0.0332, lr: 0.000012, batch_cost: 0.0831, reader_cost: 0.03478, ips: 48.1555 samples/sec, max_mem_reserved: 1731 MB, max_mem_allocated: 1081 MB | ETA 00:04:59
[2026/10/07 01:01:12] INFO: [TRAIN] epoch: 42, iter: 14410/18000, loss: 0.0313, lr: 0.000012, batch_cost: 0.0825, reader_cost: 0.03342, ips: 48.4981 samples/sec, max_mem_reserved: 1731 MB, max_mem_allocated: 1081 MB | ETA 00:04:56
[2026/10/07 01:01:13] INFO: [TRAIN] epoch: 42, iter: 14420/18000, loss: 0.0270, lr: 0.000012, batch_cost: 0.0850, reader_cost: 0.03905, ips: 47.0383 samples/sec, max_mem_reserved: 1731 MB, max_mem_allocated: 1081 MB | ETA 00:05:04
[2026/10/07 01:01:14] INFO: [TRAIN] epoch: 42, iter: 14430/18000, loss: 0.0291, lr: 0.000012, batch_cost: 0.0815, reader_cost: 0.03295, ips: 49.0959 samples/sec, max_mem_reserved: 1731 MB, max_mem_allocated: 1081 MB | ETA 00:04:50
[2026/10/07 01:01:15] INFO: [TRAIN] epoch: 42, iter: 14440/18000, loss: 0.0286, lr: 0.000012, batch_cost: 0.0843, reader_cost: 0.03608, ips: 47.4709 samples/sec, max_mem_reserved: 1731 MB, max_mem_allocated: 1081 MB | ETA 00:04:59
[2026/10/07 01:01:16] INFO: [TRAIN] epoch: 42, iter: 14450/18000, loss: 0.0312, lr: 0.000012, batch_cost: 0.0815, reader_cost: 0.03357, ips: 49.0789 samples/sec, max_mem_reserved: 1731 MB, max_mem_allocated: 1081 MB | ETA 00:04:49
[2026/10/07 01:01:17] INFO: [TRAIN] epoch: 42, iter: 14460/18000, loss: 0.0387, lr: 0.000012, batch_cost: 0.0801, reader_cost: 0.03198, ips: 49.9249 samples/sec, max_mem_reserved: 1731 MB, max_mem_allocated: 1081 MB | ETA 00:04:43
[2026/10/07 01:01:18] INFO: [TRAIN] epoch: 42, iter: 14470/18000, loss: 0.0386, lr: 0.000012, batch_cost: 0.0831, reader_cost: 0.03424, ips: 48.1451 samples/sec, max_mem_reserved: 1731 MB, max_mem_allocated: 1081 MB | ETA 00:04:53
[2026/10/07 01:01:19] INFO: [TRAIN] epoch: 42, iter: 14480/18000, loss: 0.0327, lr: 0.000012, batch_cost: 0.0772, reader_cost: 0.02917, ips: 51.8120 samples/sec, max_mem_reserved: 1731 MB, max_mem_allocated: 1081 MB | ETA 00:04:31
[2026/10/07 01:01:20] INFO: [TRAIN] epoch: 42, iter: 14490/18000, loss: 0.0283, lr: 0.000012, batch_cost: 0.0805, reader_cost: 0.03237, ips: 49.6651 samples/sec, max_mem_reserved: 1731 MB, max_mem_allocated: 1081 MB | ETA 00:04:42
[2026/10/07 01:01:20] INFO: [TRAIN] epoch: 42, iter: 14500/18000, loss: 0.0285, lr: 0.000012, batch_cost: 0.0836, reader_cost: 0.03643, ips: 47.8398 samples/sec, max_mem_reserved: 1731 MB, max_mem_allocated: 1081 MB | ETA 00:04:52
[2026/10/07 01:01:21] INFO: [TRAIN] epoch: 42, iter: 14510/18000, loss: 0.0735, lr: 0.000012, batch_cost: 0.0804, reader_cost: 0.03232, ips: 49.7820 samples/sec, max_mem_reserved: 1731 MB, max_mem_allocated: 1081 MB | ETA 00:04:40
[2026/10/07 01:01:22] INFO: [TRAIN] epoch: 42, iter: 14520/18000, loss: 0.0361, lr: 0.000012, batch_cost: 0.0852, reader_cost: 0.03879, ips: 46.9758 samples/sec, max_mem_reserved: 1731 MB, max_mem_allocated: 1081 MB | ETA 00:04:56
[2026/10/07 01:01:23] INFO: [TRAIN] epoch: 42, iter: 14530/18000, loss: 0.0329, lr: 0.000012, batch_cost: 0.0830, reader_cost: 0.03498, ips: 48.1867 samples/sec, max_mem_reserved: 1731 MB, max_mem_allocated: 1081 MB | ETA 00:04:48
[2026/10/07 01:01:24] INFO: [TRAIN] epoch: 42, iter: 14540/18000, loss: 0.0321, lr: 0.000012, batch_cost: 0.0835, reader_cost: 0.03606, ips: 47.8981 samples/sec, max_mem_reserved: 1731 MB, max_mem_allocated: 1081 MB | ETA 00:04:48
[2026/10/07 01:01:25] INFO: [TRAIN] epoch: 42, iter: 14550/18000, loss: 0.0239, lr: 0.000012, batch_cost: 0.0805, reader_cost: 0.03240, ips: 49.6823 samples/sec, max_mem_reserved: 1731 MB, max_mem_allocated: 1081 MB | ETA 00:04:37
[2026/10/07 01:01:26] INFO: [TRAIN] epoch: 42, iter: 14560/18000, loss: 0.0274, lr: 0.000011, batch_cost: 0.0826, reader_cost: 0.03458, ips: 48.4063 samples/sec, max_mem_reserved: 1731 MB, max_mem_allocated: 1081 MB | ETA 00:04:44
[2026/10/07 01:01:27] INFO: [TRAIN] epoch: 42, iter: 14570/18000, loss: 0.0323, lr: 0.000011, batch_cost: 0.0861, reader_cost: 0.03828, ips: 46.4571 samples/sec, max_mem_reserved: 1731 MB, max_mem_allocated: 1081 MB | ETA 00:04:55
[2026/10/07 01:01:28] INFO: [TRAIN] epoch: 42, iter: 14580/18000, loss: 0.0316, lr: 0.000011, batch_cost: 0.0795, reader_cost: 0.03118, ips: 50.3359 samples/sec, max_mem_reserved: 1731 MB, max_mem_allocated: 1081 MB | ETA 00:04:31
[2026/10/07 01:01:29] INFO: [TRAIN] epoch: 42, iter: 14590/18000, loss: 0.0456, lr: 0.000011, batch_cost: 0.0812, reader_cost: 0.03238, ips: 49.2408 samples/sec, max_mem_reserved: 1731 MB, max_mem_allocated: 1081 MB | ETA 00:04:37
[2026/10/07 01:01:30] INFO: [TRAIN] epoch: 42, iter: 14600/18000, loss: 0.0347, lr: 0.000011, batch_cost: 0.0807, reader_cost: 0.03421, ips: 49.5547 samples/sec, max_mem_reserved: 1731 MB, max_mem_allocated: 1081 MB | ETA 00:04:34
[2026/10/07 01:01:31] INFO: [TRAIN] epoch: 42, iter: 14610/18000, loss: 0.0307, lr: 0.000011, batch_cost: 0.0822, reader_cost: 0.03384, ips: 48.6831 samples/sec, max_mem_reserved: 1731 MB, max_mem_allocated: 1081 MB | ETA 00:04:38
[2026/10/07 01:01:32] INFO: [TRAIN] epoch: 42, iter: 14620/18000, loss: 0.0194, lr: 0.000011, batch_cost: 0.0801, reader_cost: 0.03223, ips: 49.9343 samples/sec, max_mem_reserved: 1731 MB, max_mem_allocated: 1081 MB | ETA 00:04:30
[2026/10/07 01:01:33] INFO: [TRAIN] epoch: 42, iter: 14630/18000, loss: 0.0267, lr: 0.000011, batch_cost: 0.0871, reader_cost: 0.03857, ips: 45.9126 samples/sec, max_mem_reserved: 1731 MB, max_mem_allocated: 1081 MB | ETA 00:04:53
[2026/10/07 01:01:34] INFO: [TRAIN] epoch: 42, iter: 14640/18000, loss: 0.0282, lr: 0.000011, batch_cost: 0.0823, reader_cost: 0.03334, ips: 48.6048 samples/sec, max_mem_reserved: 1731 MB, max_mem_allocated: 1081 MB | ETA 00:04:36
[2026/10/07 01:01:35] INFO: [TRAIN] epoch: 42, iter: 14650/18000, loss: 0.0325, lr: 0.000011, batch_cost: 0.0825, reader_cost: 0.03379, ips: 48.5105 samples/sec, max_mem_reserved: 1731 MB, max_mem_allocated: 1081 MB | ETA 00:04:36
[2026/10/07 01:01:36] INFO: [TRAIN] epoch: 42, iter: 14660/18000, loss: 0.0287, lr: 0.000011, batch_cost: 0.0807, reader_cost: 0.03191, ips: 49.5916 samples/sec, max_mem_reserved: 1731 MB, max_mem_allocated: 1081 MB | ETA 00:04:29
[2026/10/07 01:01:36] INFO: [TRAIN] epoch: 42, iter: 14670/18000, loss: 0.0319, lr: 0.000011, batch_cost: 0.0812, reader_cost: 0.03401, ips: 49.2585 samples/sec, max_mem_reserved: 1731 MB, max_mem_allocated: 1081 MB | ETA 00:04:30
[2026/10/07 01:01:37] INFO: [TRAIN] epoch: 42, iter: 14680/18000, loss: 0.0334, lr: 0.000011, batch_cost: 0.0848, reader_cost: 0.03473, ips: 47.1815 samples/sec, max_mem_reserved: 1731 MB, max_mem_allocated: 1081 MB | ETA 00:04:41
[2026/10/07 01:01:38] INFO: [TRAIN] epoch: 42, iter: 14690/18000, loss: 0.0408, lr: 0.000011, batch_cost: 0.0822, reader_cost: 0.03422, ips: 48.6347 samples/sec, max_mem_reserved: 1731 MB, max_mem_allocated: 1081 MB | ETA 00:04:32
[2026/10/07 01:01:39] INFO: [TRAIN] epoch: 42, iter: 14700/18000, loss: 0.0332, lr: 0.000011, batch_cost: 0.0800, reader_cost: 0.03293, ips: 49.9962 samples/sec, max_mem_reserved: 1731 MB, max_mem_allocated: 1081 MB | ETA 00:04:24
[2026/10/07 01:01:40] INFO: [TRAIN] epoch: 43, iter: 14710/18000, loss: 0.0282, lr: 0.000011, batch_cost: 0.0891, reader_cost: 0.04141, ips: 44.9181 samples/sec, max_mem_reserved: 1731 MB, max_mem_allocated: 1081 MB | ETA 00:04:52
[2026/10/07 01:01:41] INFO: [TRAIN] epoch: 43, iter: 14720/18000, loss: 0.0318, lr: 0.000011, batch_cost: 0.0846, reader_cost: 0.03638, ips: 47.2808 samples/sec, max_mem_reserved: 1731 MB, max_mem_allocated: 1081 MB | ETA 00:04:37
[2026/10/07 01:01:42] INFO: [TRAIN] epoch: 43, iter: 14730/18000, loss: 0.0324, lr: 0.000011, batch_cost: 0.0826, reader_cost: 0.03509, ips: 48.4274 samples/sec, max_mem_reserved: 1731 MB, max_mem_allocated: 1081 MB | ETA 00:04:30
[2026/10/07 01:01:43] INFO: [TRAIN] epoch: 43, iter: 14740/18000, loss: 0.0383, lr: 0.000011, batch_cost: 0.0838, reader_cost: 0.03482, ips: 47.7142 samples/sec, max_mem_reserved: 1731 MB, max_mem_allocated: 1081 MB | ETA 00:04:33
[2026/10/07 01:01:44] INFO: [TRAIN] epoch: 43, iter: 14750/18000, loss: 0.0293, lr: 0.000011, batch_cost: 0.0890, reader_cost: 0.03943, ips: 44.9424 samples/sec, max_mem_reserved: 1731 MB, max_mem_allocated: 1081 MB | ETA 00:04:49
[2026/10/07 01:01:45] INFO: [TRAIN] epoch: 43, iter: 14760/18000, loss: 0.0312, lr: 0.000011, batch_cost: 0.0897, reader_cost: 0.04200, ips: 44.5710 samples/sec, max_mem_reserved: 1731 MB, max_mem_allocated: 1081 MB | ETA 00:04:50
[2026/10/07 01:01:46] INFO: [TRAIN] epoch: 43, iter: 14770/18000, loss: 0.0322, lr: 0.000011, batch_cost: 0.0823, reader_cost: 0.03375, ips: 48.5824 samples/sec, max_mem_reserved: 1731 MB, max_mem_allocated: 1081 MB | ETA 00:04:25
[2026/10/07 01:01:47] INFO: [TRAIN] epoch: 43, iter: 14780/18000, loss: 0.0282, lr: 0.000011, batch_cost: 0.0837, reader_cost: 0.03439, ips: 47.7887 samples/sec, max_mem_reserved: 1731 MB, max_mem_allocated: 1081 MB | ETA 00:04:29
[2026/10/07 01:01:48] INFO: [TRAIN] epoch: 43, iter: 14790/18000, loss: 0.0326, lr: 0.000011, batch_cost: 0.0829, reader_cost: 0.03333, ips: 48.2660 samples/sec, max_mem_reserved: 1731 MB, max_mem_allocated: 1081 MB | ETA 00:04:26
[2026/10/07 01:01:49] INFO: [TRAIN] epoch: 43, iter: 14800/18000, loss: 0.0249, lr: 0.000011, batch_cost: 0.0799, reader_cost: 0.03178, ips: 50.0552 samples/sec, max_mem_reserved: 1731 MB, max_mem_allocated: 1081 MB | ETA 00:04:15
[2026/10/07 01:01:50] INFO: [TRAIN] epoch: 43, iter: 14810/18000, loss: 0.0307, lr: 0.000011, batch_cost: 0.0855, reader_cost: 0.03721, ips: 46.7635 samples/sec, max_mem_reserved: 1731 MB, max_mem_allocated: 1081 MB | ETA 00:04:32
[2026/10/07 01:01:51] INFO: [TRAIN] epoch: 43, iter: 14820/18000, loss: 0.0287, lr: 0.000011, batch_cost: 0.0842, reader_cost: 0.03479, ips: 47.4786 samples/sec, max_mem_reserved: 1731 MB, max_mem_allocated: 1081 MB | ETA 00:04:27
[2026/10/07 01:01:52] INFO: [TRAIN] epoch: 43, iter: 14830/18000, loss: 0.0264, lr: 0.000011, batch_cost: 0.0800, reader_cost: 0.03140, ips: 50.0237 samples/sec, max_mem_reserved: 1731 MB, max_mem_allocated: 1081 MB | ETA 00:04:13
[2026/10/07 01:01:53] INFO: [TRAIN] epoch: 43, iter: 14840/18000, loss: 0.0333, lr: 0.000011, batch_cost: 0.0808, reader_cost: 0.03246, ips: 49.4768 samples/sec, max_mem_reserved: 1731 MB, max_mem_allocated: 1081 MB | ETA 00:04:15
[2026/10/07 01:01:54] INFO: [TRAIN] epoch: 43, iter: 14850/18000, loss: 0.0354, lr: 0.000011, batch_cost: 0.0830, reader_cost: 0.03542, ips: 48.1721 samples/sec, max_mem_reserved: 1731 MB, max_mem_allocated: 1081 MB | ETA 00:04:21
[2026/10/07 01:01:55] INFO: [TRAIN] epoch: 43, iter: 14860/18000, loss: 0.0399, lr: 0.000010, batch_cost: 0.0812, reader_cost: 0.03418, ips: 49.2402 samples/sec, max_mem_reserved: 1731 MB, max_mem_allocated: 1081 MB | ETA 00:04:15
[2026/10/07 01:01:56] INFO: [TRAIN] epoch: 43, iter: 14870/18000, loss: 0.0246, lr: 0.000010, batch_cost: 0.0826, reader_cost: 0.03428, ips: 48.4500 samples/sec, max_mem_reserved: 1731 MB, max_mem_allocated: 1081 MB | ETA 00:04:18
[2026/10/07 01:01:57] INFO: [TRAIN] epoch: 43, iter: 14880/18000, loss: 0.0450, lr: 0.000010, batch_cost: 0.0860, reader_cost: 0.03814, ips: 46.4965 samples/sec, max_mem_reserved: 1731 MB, max_mem_allocated: 1081 MB | ETA 00:04:28
[2026/10/07 01:01:58] INFO: [TRAIN] epoch: 43, iter: 14890/18000, loss: 0.0251, lr: 0.000010, batch_cost: 0.0807, reader_cost: 0.03196, ips: 49.5428 samples/sec, max_mem_reserved: 1731 MB, max_mem_allocated: 1081 MB | ETA 00:04:11
[2026/10/07 01:01:59] INFO: [TRAIN] epoch: 43, iter: 14900/18000, loss: 0.0322, lr: 0.000010, batch_cost: 0.0871, reader_cost: 0.04002, ips: 45.9447 samples/sec, max_mem_reserved: 1731 MB, max_mem_allocated: 1081 MB | ETA 00:04:29
[2026/10/07 01:01:59] INFO: [TRAIN] epoch: 43, iter: 14910/18000, loss: 0.0296, lr: 0.000010, batch_cost: 0.0834, reader_cost: 0.03438, ips: 47.9785 samples/sec, max_mem_reserved: 1731 MB, max_mem_allocated: 1081 MB | ETA 00:04:17
[2026/10/07 01:02:00] INFO: [TRAIN] epoch: 43, iter: 14920/18000, loss: 0.0261, lr: 0.000010, batch_cost: 0.0815, reader_cost: 0.03319, ips: 49.1015 samples/sec, max_mem_reserved: 1731 MB, max_mem_allocated: 1081 MB | ETA 00:04:10
[2026/10/07 01:02:01] INFO: [TRAIN] epoch: 43, iter: 14930/18000, loss: 0.0268, lr: 0.000010, batch_cost: 0.0817, reader_cost: 0.03438, ips: 48.9412 samples/sec, max_mem_reserved: 1731 MB, max_mem_allocated: 1081 MB | ETA 00:04:10
[2026/10/07 01:02:02] INFO: [TRAIN] epoch: 43, iter: 14940/18000, loss: 0.0254, lr: 0.000010, batch_cost: 0.0837, reader_cost: 0.03599, ips: 47.7837 samples/sec, max_mem_reserved: 1731 MB, max_mem_allocated: 1081 MB | ETA 00:04:16
[2026/10/07 01:02:03] INFO: [TRAIN] epoch: 43, iter: 14950/18000, loss: 0.0314, lr: 0.000010, batch_cost: 0.0813, reader_cost: 0.03211, ips: 49.2185 samples/sec, max_mem_reserved: 1731 MB, max_mem_allocated: 1081 MB | ETA 00:04:07
[2026/10/07 01:02:04] INFO: [TRAIN] epoch: 43, iter: 14960/18000, loss: 0.0295, lr: 0.000010, batch_cost: 0.0850, reader_cost: 0.03783, ips: 47.0504 samples/sec, max_mem_reserved: 1731 MB, max_mem_allocated: 1081 MB | ETA 00:04:18
[2026/10/07 01:02:05] INFO: [TRAIN] epoch: 43, iter: 14970/18000, loss: 0.0347, lr: 0.000010, batch_cost: 0.0817, reader_cost: 0.03398, ips: 48.9390 samples/sec, max_mem_reserved: 1731 MB, max_mem_allocated: 1081 MB | ETA 00:04:07
[2026/10/07 01:02:06] INFO: [TRAIN] epoch: 43, iter: 14980/18000, loss: 0.0323, lr: 0.000010, batch_cost: 0.0840, reader_cost: 0.03664, ips: 47.6297 samples/sec, max_mem_reserved: 1731 MB, max_mem_allocated: 1081 MB | ETA 00:04:13
[2026/10/07 01:02:07] INFO: [TRAIN] epoch: 43, iter: 14990/18000, loss: 0.0325, lr: 0.000010, batch_cost: 0.0859, reader_cost: 0.03689, ips: 46.5803 samples/sec, max_mem_reserved: 1731 MB, max_mem_allocated: 1081 MB | ETA 00:04:18
[2026/10/07 01:02:08] INFO: [TRAIN] epoch: 43, iter: 15000/18000, loss: 0.0349, lr: 0.000010, batch_cost: 0.0913, reader_cost: 0.04327, ips: 43.8007 samples/sec, max_mem_reserved: 1731 MB, max_mem_allocated: 1081 MB | ETA 00:04:33
[2026/10/07 01:02:08] INFO: Start evaluating (total_samples: 177, total_iters: 177)...

  1/177 [..............................] - ETA: 9s - batch_cost: 0.0533 - reader cost: 0.0358
  3/177 [..............................] - ETA: 8s - batch_cost: 0.0493 - reader cost: 0.0193
  5/177 [..............................] - ETA: 7s - batch_cost: 0.0459 - reader cost: 0.0116
  7/177 [>.............................] - ETA: 7s - batch_cost: 0.0445 - reader cost: 0.0083
  9/177 [>.............................] - ETA: 7s - batch_cost: 0.0446 - reader cost: 0.0064
 11/177 [>.............................] - ETA: 7s - batch_cost: 0.0439 - reader cost: 0.0053
 13/177 [=>............................] - ETA: 7s - batch_cost: 0.0433 - reader cost: 0.0044
 15/177 [=>............................] - ETA: 7s - batch_cost: 0.0435 - reader cost: 0.0039
 17/177 [=>............................] - ETA: 6s - batch_cost: 0.0431 - reader cost: 0.0034
 19/177 [==>...........................] - ETA: 6s - batch_cost: 0.0430 - reader cost: 0.0030
 21/177 [==>...........................] - ETA: 6s - batch_cost: 0.0428 - reader cost: 0.0028
 23/177 [==>...........................] - ETA: 6s - batch_cost: 0.0427 - reader cost: 0.0025
 25/177 [===>..........................] - ETA: 6s - batch_cost: 0.0426 - reader cost: 0.0023
 27/177 [===>..........................] - ETA: 6s - batch_cost: 0.0425 - reader cost: 0.0021
 29/177 [===>..........................] - ETA: 6s - batch_cost: 0.0424 - reader cost: 0.0020
 31/177 [====>.........................] - ETA: 6s - batch_cost: 0.0424 - reader cost: 0.0019
 33/177 [====>.........................] - ETA: 6s - batch_cost: 0.0423 - reader cost: 0.0018
 35/177 [====>.........................] - ETA: 6s - batch_cost: 0.0422 - reader cost: 0.0017
 37/177 [=====>........................] - ETA: 5s - batch_cost: 0.0422 - reader cost: 0.0016
 39/177 [=====>........................] - ETA: 5s - batch_cost: 0.0422 - reader cost: 0.0015
 41/177 [=====>........................] - ETA: 5s - batch_cost: 0.0421 - reader cost: 0.0014
 43/177 [======>.......................] - ETA: 5s - batch_cost: 0.0421 - reader cost: 0.0013
 45/177 [======>.......................] - ETA: 5s - batch_cost: 0.0421 - reader cost: 0.0013
 47/177 [======>.......................] - ETA: 5s - batch_cost: 0.0420 - reader cost: 0.0012
 49/177 [=======>......................] - ETA: 5s - batch_cost: 0.0420 - reader cost: 0.0012
 51/177 [=======>......................] - ETA: 5s - batch_cost: 0.0420 - reader cost: 0.0011
 53/177 [=======>......................] - ETA: 5s - batch_cost: 0.0419 - reader cost: 0.0011
 55/177 [========>.....................] - ETA: 5s - batch_cost: 0.0419 - reader cost: 0.0011
 57/177 [========>.....................] - ETA: 5s - batch_cost: 0.0419 - reader cost: 0.0010
 59/177 [=========>....................] - ETA: 4s - batch_cost: 0.0419 - reader cost: 9.7945e-04
 61/177 [=========>....................] - ETA: 4s - batch_cost: 0.0419 - reader cost: 9.4733e-04
 63/177 [=========>....................] - ETA: 4s - batch_cost: 0.0419 - reader cost: 9.1726e-04
 65/177 [==========>...................] - ETA: 4s - batch_cost: 0.0418 - reader cost: 8.8904e-04
 67/177 [==========>...................] - ETA: 4s - batch_cost: 0.0418 - reader cost: 8.6250e-04
 69/177 [==========>...................] - ETA: 4s - batch_cost: 0.0418 - reader cost: 8.5199e-04
 71/177 [===========>..................] - ETA: 4s - batch_cost: 0.0418 - reader cost: 8.2799e-04
 73/177 [===========>..................] - ETA: 4s - batch_cost: 0.0418 - reader cost: 8.1919e-04
 75/177 [===========>..................] - ETA: 4s - batch_cost: 0.0418 - reader cost: 7.9734e-04
 77/177 [============>.................] - ETA: 4s - batch_cost: 0.0418 - reader cost: 7.7663e-04
 79/177 [============>.................] - ETA: 4s - batch_cost: 0.0418 - reader cost: 7.5697e-04
 81/177 [============>.................] - ETA: 4s - batch_cost: 0.0418 - reader cost: 7.3828e-04
 83/177 [=============>................] - ETA: 3s - batch_cost: 0.0418 - reader cost: 7.2049e-04
 85/177 [=============>................] - ETA: 3s - batch_cost: 0.0418 - reader cost: 7.1528e-04
 87/177 [=============>................] - ETA: 3s - batch_cost: 0.0418 - reader cost: 6.9884e-04
 89/177 [==============>...............] - ETA: 3s - batch_cost: 0.0418 - reader cost: 6.8314e-04
 91/177 [==============>...............] - ETA: 3s - batch_cost: 0.0417 - reader cost: 6.6812e-04
 93/177 [==============>...............] - ETA: 3s - batch_cost: 0.0417 - reader cost: 6.5375e-04
 95/177 [===============>..............] - ETA: 3s - batch_cost: 0.0418 - reader cost: 6.3999e-04
 97/177 [===============>..............] - ETA: 3s - batch_cost: 0.0418 - reader cost: 6.2680e-04
 99/177 [===============>..............] - ETA: 3s - batch_cost: 0.0418 - reader cost: 6.1413e-04
101/177 [================>.............] - ETA: 3s - batch_cost: 0.0418 - reader cost: 6.0197e-04
103/177 [================>.............] - ETA: 3s - batch_cost: 0.0417 - reader cost: 5.9028e-04
105/177 [================>.............] - ETA: 3s - batch_cost: 0.0417 - reader cost: 5.8856e-04
107/177 [=================>............] - ETA: 2s - batch_cost: 0.0417 - reader cost: 5.7756e-04
109/177 [=================>............] - ETA: 2s - batch_cost: 0.0417 - reader cost: 5.6697e-04
111/177 [=================>............] - ETA: 2s - batch_cost: 0.0417 - reader cost: 5.5675e-04
113/177 [==================>...........] - ETA: 2s - batch_cost: 0.0417 - reader cost: 5.4690e-04
115/177 [==================>...........] - ETA: 2s - batch_cost: 0.0417 - reader cost: 5.4607e-04
117/177 [==================>...........] - ETA: 2s - batch_cost: 0.0417 - reader cost: 5.3673e-04
119/177 [===================>..........] - ETA: 2s - batch_cost: 0.0417 - reader cost: 5.2771e-04
121/177 [===================>..........] - ETA: 2s - batch_cost: 0.0417 - reader cost: 5.2726e-04
123/177 [===================>..........] - ETA: 2s - batch_cost: 0.0417 - reader cost: 5.1869e-04
125/177 [====================>.........] - ETA: 2s - batch_cost: 0.0417 - reader cost: 5.1039e-04
127/177 [====================>.........] - ETA: 2s - batch_cost: 0.0417 - reader cost: 5.0235e-04
129/177 [====================>.........] - ETA: 2s - batch_cost: 0.0417 - reader cost: 4.9457e-04
131/177 [=====================>........] - ETA: 1s - batch_cost: 0.0417 - reader cost: 4.9464e-04
133/177 [=====================>........] - ETA: 1s - batch_cost: 0.0417 - reader cost: 4.8720e-04
135/177 [=====================>........] - ETA: 1s - batch_cost: 0.0417 - reader cost: 4.7998e-04
137/177 [======================>.......] - ETA: 1s - batch_cost: 0.0417 - reader cost: 4.7298e-04
139/177 [======================>.......] - ETA: 1s - batch_cost: 0.0417 - reader cost: 4.6617e-04
141/177 [======================>.......] - ETA: 1s - batch_cost: 0.0417 - reader cost: 4.5956e-04
143/177 [=======================>......] - ETA: 1s - batch_cost: 0.0417 - reader cost: 4.6012e-04
145/177 [=======================>......] - ETA: 1s - batch_cost: 0.0417 - reader cost: 4.5377e-04
147/177 [=======================>......] - ETA: 1s - batch_cost: 0.0417 - reader cost: 4.4760e-04
149/177 [========================>.....] - ETA: 1s - batch_cost: 0.0416 - reader cost: 4.4159e-04
151/177 [========================>.....] - ETA: 1s - batch_cost: 0.0416 - reader cost: 4.3574e-04
153/177 [========================>.....] - ETA: 1s - batch_cost: 0.0416 - reader cost: 4.3004e-04
155/177 [=========================>....] - ETA: 0s - batch_cost: 0.0416 - reader cost: 4.3095e-04
157/177 [=========================>....] - ETA: 0s - batch_cost: 0.0416 - reader cost: 4.2546e-04
159/177 [=========================>....] - ETA: 0s - batch_cost: 0.0416 - reader cost: 4.2011e-04
161/177 [==========================>...] - ETA: 0s - batch_cost: 0.0416 - reader cost: 4.1489e-04
163/177 [==========================>...] - ETA: 0s - batch_cost: 0.0416 - reader cost: 4.0980e-04
165/177 [==========================>...] - ETA: 0s - batch_cost: 0.0416 - reader cost: 4.0483e-04
167/177 [===========================>..] - ETA: 0s - batch_cost: 0.0416 - reader cost: 3.9998e-04
169/177 [===========================>..] - ETA: 0s - batch_cost: 0.0416 - reader cost: 3.9525e-04
171/177 [===========================>..] - ETA: 0s - batch_cost: 0.0416 - reader cost: 3.9062e-04
173/177 [============================>.] - ETA: 0s - batch_cost: 0.0416 - reader cost: 3.8611e-04
175/177 [============================>.] - ETA: 0s - batch_cost: 0.0416 - reader cost: 3.8170e-04
177/177 [==============================] - 7s 42ms/step - batch_cost: 0.0416 - reader cost: 3.8311e-04
[2026/10/07 01:02:15] INFO: [EVAL] #Images: 177 mIoU: 0.8725 Acc: 0.9908 Kappa: 0.8554 Dice: 0.9277
[2026/10/07 01:02:15] INFO: [EVAL] Class IoU: 
[0.9905 0.7546]
[2026/10/07 01:02:15] INFO: [EVAL] Class Precision: 
[0.9963 0.8334]
[2026/10/07 01:02:15] INFO: [EVAL] Class Recall: 
[0.9941 0.8886]
[2026/10/07 01:02:15] INFO: Start evaluating (total_samples: 177, total_iters: 177)...

  1/177 [..............................] - ETA: 7s - batch_cost: 0.0408 - reader cost: 0.0292
  3/177 [..............................] - ETA: 7s - batch_cost: 0.0412 - reader cost: 0.0176
  5/177 [..............................] - ETA: 7s - batch_cost: 0.0419 - reader cost: 0.0106
  7/177 [>.............................] - ETA: 7s - batch_cost: 0.0422 - reader cost: 0.0076
  9/177 [>.............................] - ETA: 7s - batch_cost: 0.0423 - reader cost: 0.0059
 11/177 [>.............................] - ETA: 6s - batch_cost: 0.0418 - reader cost: 0.0048
 13/177 [=>............................] - ETA: 6s - batch_cost: 0.0420 - reader cost: 0.0041
 15/177 [=>............................] - ETA: 6s - batch_cost: 0.0419 - reader cost: 0.0036
 17/177 [=>............................] - ETA: 6s - batch_cost: 0.0419 - reader cost: 0.0032
 19/177 [==>...........................] - ETA: 6s - batch_cost: 0.0418 - reader cost: 0.0028
 21/177 [==>...........................] - ETA: 6s - batch_cost: 0.0417 - reader cost: 0.0026
 23/177 [==>...........................] - ETA: 6s - batch_cost: 0.0417 - reader cost: 0.0023
 25/177 [===>..........................] - ETA: 6s - batch_cost: 0.0416 - reader cost: 0.0022
 27/177 [===>..........................] - ETA: 6s - batch_cost: 0.0416 - reader cost: 0.0020
 29/177 [===>..........................] - ETA: 6s - batch_cost: 0.0417 - reader cost: 0.0019
 31/177 [====>.........................] - ETA: 6s - batch_cost: 0.0416 - reader cost: 0.0017
 33/177 [====>.........................] - ETA: 6s - batch_cost: 0.0415 - reader cost: 0.0016
 35/177 [====>.........................] - ETA: 5s - batch_cost: 0.0415 - reader cost: 0.0015
 37/177 [=====>........................] - ETA: 5s - batch_cost: 0.0415 - reader cost: 0.0015
 39/177 [=====>........................] - ETA: 5s - batch_cost: 0.0416 - reader cost: 0.0014
 41/177 [=====>........................] - ETA: 5s - batch_cost: 0.0416 - reader cost: 0.0013
 43/177 [======>.......................] - ETA: 5s - batch_cost: 0.0416 - reader cost: 0.0013
 45/177 [======>.......................] - ETA: 5s - batch_cost: 0.0416 - reader cost: 0.0012
 47/177 [======>.......................] - ETA: 5s - batch_cost: 0.0415 - reader cost: 0.0011
 49/177 [=======>......................] - ETA: 5s - batch_cost: 0.0415 - reader cost: 0.0011
 51/177 [=======>......................] - ETA: 5s - batch_cost: 0.0415 - reader cost: 0.0011
 53/177 [=======>......................] - ETA: 5s - batch_cost: 0.0415 - reader cost: 0.0010
 55/177 [========>.....................] - ETA: 5s - batch_cost: 0.0415 - reader cost: 9.7932e-04
 57/177 [========>.....................] - ETA: 4s - batch_cost: 0.0415 - reader cost: 9.4495e-04
 59/177 [=========>....................] - ETA: 4s - batch_cost: 0.0415 - reader cost: 9.1292e-04
 61/177 [=========>....................] - ETA: 4s - batch_cost: 0.0415 - reader cost: 8.8299e-04
 63/177 [=========>....................] - ETA: 4s - batch_cost: 0.0415 - reader cost: 8.5496e-04
 65/177 [==========>...................] - ETA: 4s - batch_cost: 0.0415 - reader cost: 8.2865e-04
 67/177 [==========>...................] - ETA: 4s - batch_cost: 0.0415 - reader cost: 8.1885e-04
 69/177 [==========>...................] - ETA: 4s - batch_cost: 0.0415 - reader cost: 7.9511e-04
 71/177 [===========>..................] - ETA: 4s - batch_cost: 0.0415 - reader cost: 7.7271e-04
 73/177 [===========>..................] - ETA: 4s - batch_cost: 0.0415 - reader cost: 7.6533e-04
 75/177 [===========>..................] - ETA: 4s - batch_cost: 0.0414 - reader cost: 7.4492e-04
 77/177 [============>.................] - ETA: 4s - batch_cost: 0.0415 - reader cost: 7.2557e-04
 79/177 [============>.................] - ETA: 4s - batch_cost: 0.0415 - reader cost: 7.1982e-04
 81/177 [============>.................] - ETA: 3s - batch_cost: 0.0415 - reader cost: 7.1441e-04
 83/177 [=============>................] - ETA: 3s - batch_cost: 0.0415 - reader cost: 6.9720e-04
 85/177 [=============>................] - ETA: 3s - batch_cost: 0.0415 - reader cost: 6.8079e-04
 87/177 [=============>................] - ETA: 3s - batch_cost: 0.0415 - reader cost: 6.6514e-04
 89/177 [==============>...............] - ETA: 3s - batch_cost: 0.0414 - reader cost: 6.5020e-04
 91/177 [==============>...............] - ETA: 3s - batch_cost: 0.0414 - reader cost: 6.4696e-04
 93/177 [==============>...............] - ETA: 3s - batch_cost: 0.0415 - reader cost: 6.3304e-04
 95/177 [===============>..............] - ETA: 3s - batch_cost: 0.0415 - reader cost: 6.3022e-04
 97/177 [===============>..............] - ETA: 3s - batch_cost: 0.0414 - reader cost: 6.1723e-04
 99/177 [===============>..............] - ETA: 3s - batch_cost: 0.0415 - reader cost: 6.0476e-04
101/177 [================>.............] - ETA: 3s - batch_cost: 0.0414 - reader cost: 5.9278e-04
103/177 [================>.............] - ETA: 3s - batch_cost: 0.0414 - reader cost: 5.8127e-04
105/177 [================>.............] - ETA: 2s - batch_cost: 0.0414 - reader cost: 5.7020e-04
107/177 [=================>............] - ETA: 2s - batch_cost: 0.0414 - reader cost: 5.6888e-04
109/177 [=================>............] - ETA: 2s - batch_cost: 0.0414 - reader cost: 5.5844e-04
111/177 [=================>............] - ETA: 2s - batch_cost: 0.0414 - reader cost: 5.4838e-04
113/177 [==================>...........] - ETA: 2s - batch_cost: 0.0414 - reader cost: 5.3868e-04
115/177 [==================>...........] - ETA: 2s - batch_cost: 0.0414 - reader cost: 5.2931e-04
117/177 [==================>...........] - ETA: 2s - batch_cost: 0.0415 - reader cost: 5.2026e-04
119/177 [===================>..........] - ETA: 2s - batch_cost: 0.0415 - reader cost: 5.1152e-04
121/177 [===================>..........] - ETA: 2s - batch_cost: 0.0415 - reader cost: 5.0306e-04
123/177 [===================>..........] - ETA: 2s - batch_cost: 0.0415 - reader cost: 4.9488e-04
125/177 [====================>.........] - ETA: 2s - batch_cost: 0.0415 - reader cost: 4.8696e-04
127/177 [====================>.........] - ETA: 2s - batch_cost: 0.0415 - reader cost: 4.7929e-04
129/177 [====================>.........] - ETA: 1s - batch_cost: 0.0415 - reader cost: 4.7186e-04
131/177 [=====================>........] - ETA: 1s - batch_cost: 0.0415 - reader cost: 4.6466e-04
133/177 [=====================>........] - ETA: 1s - batch_cost: 0.0415 - reader cost: 4.5767e-04
135/177 [=====================>........] - ETA: 1s - batch_cost: 0.0415 - reader cost: 4.5089e-04
137/177 [======================>.......] - ETA: 1s - batch_cost: 0.0415 - reader cost: 4.4431e-04
139/177 [======================>.......] - ETA: 1s - batch_cost: 0.0415 - reader cost: 4.3792e-04
141/177 [======================>.......] - ETA: 1s - batch_cost: 0.0414 - reader cost: 4.3171e-04
143/177 [=======================>......] - ETA: 1s - batch_cost: 0.0414 - reader cost: 4.2567e-04
145/177 [=======================>......] - ETA: 1s - batch_cost: 0.0415 - reader cost: 4.1980e-04
147/177 [=======================>......] - ETA: 1s - batch_cost: 0.0415 - reader cost: 4.1408e-04
149/177 [========================>.....] - ETA: 1s - batch_cost: 0.0414 - reader cost: 4.0853e-04
151/177 [========================>.....] - ETA: 1s - batch_cost: 0.0414 - reader cost: 4.0312e-04
153/177 [========================>.....] - ETA: 0s - batch_cost: 0.0414 - reader cost: 3.9785e-04
155/177 [=========================>....] - ETA: 0s - batch_cost: 0.0414 - reader cost: 3.9271e-04
157/177 [=========================>....] - ETA: 0s - batch_cost: 0.0415 - reader cost: 3.8771e-04
159/177 [=========================>....] - ETA: 0s - batch_cost: 0.0415 - reader cost: 3.8283e-04
161/177 [==========================>...] - ETA: 0s - batch_cost: 0.0415 - reader cost: 3.7808e-04
163/177 [==========================>...] - ETA: 0s - batch_cost: 0.0415 - reader cost: 3.7344e-04
165/177 [==========================>...] - ETA: 0s - batch_cost: 0.0415 - reader cost: 3.6891e-04
167/177 [===========================>..] - ETA: 0s - batch_cost: 0.0415 - reader cost: 3.6449e-04
169/177 [===========================>..] - ETA: 0s - batch_cost: 0.0415 - reader cost: 3.6018e-04
171/177 [===========================>..] - ETA: 0s - batch_cost: 0.0415 - reader cost: 3.5597e-04
173/177 [============================>.] - ETA: 0s - batch_cost: 0.0415 - reader cost: 3.5185e-04
175/177 [============================>.] - ETA: 0s - batch_cost: 0.0415 - reader cost: 3.4783e-04
177/177 [==============================] - 7s 42ms/step - batch_cost: 0.0414 - reader cost: 3.4390e-04
[2026/10/07 01:02:23] INFO: [EVAL] #Images: 177 mIoU: 0.8729 Acc: 0.9908 Kappa: 0.8559 Dice: 0.9279
[2026/10/07 01:02:23] INFO: [EVAL] Class IoU: 
[0.9905 0.7554]
[2026/10/07 01:02:23] INFO: [EVAL] Class Precision: 
[0.9965 0.8307]
[2026/10/07 01:02:23] INFO: [EVAL] Class Recall: 
[0.994  0.8928]
[2026/10/07 01:02:23] INFO: [EVAL] The model with the best validation mIoU (0.8725) was saved at iter 15000.
[2026/10/07 01:02:23] INFO: [EVAL] The EMA model with the best validation mIoU (0.8729) was saved at iter 15000.
[2026/10/07 01:02:24] INFO: [TRAIN] epoch: 43, iter: 15010/18000, loss: 0.0256, lr: 0.000010, batch_cost: 0.0479, reader_cost: 0.00185, ips: 83.5541 samples/sec, max_mem_reserved: 1731 MB, max_mem_allocated: 1081 MB | ETA 00:02:23
[2026/10/07 01:02:25] INFO: [TRAIN] epoch: 43, iter: 15020/18000, loss: 0.0271, lr: 0.000010, batch_cost: 0.0821, reader_cost: 0.03291, ips: 48.7074 samples/sec, max_mem_reserved: 1731 MB, max_mem_allocated: 1081 MB | ETA 00:04:04
[2026/10/07 01:02:26] INFO: [TRAIN] epoch: 43, iter: 15030/18000, loss: 0.0382, lr: 0.000010, batch_cost: 0.0853, reader_cost: 0.03632, ips: 46.9063 samples/sec, max_mem_reserved: 1731 MB, max_mem_allocated: 1081 MB | ETA 00:04:13
[2026/10/07 01:02:27] INFO: [TRAIN] epoch: 43, iter: 15040/18000, loss: 0.0292, lr: 0.000010, batch_cost: 0.0857, reader_cost: 0.03570, ips: 46.6957 samples/sec, max_mem_reserved: 1731 MB, max_mem_allocated: 1081 MB | ETA 00:04:13
[2026/10/07 01:02:27] INFO: [TRAIN] epoch: 43, iter: 15050/18000, loss: 0.0240, lr: 0.000010, batch_cost: 0.0844, reader_cost: 0.03743, ips: 47.3677 samples/sec, max_mem_reserved: 1731 MB, max_mem_allocated: 1081 MB | ETA 00:04:09
[2026/10/07 01:02:28] INFO: [TRAIN] epoch: 44, iter: 15060/18000, loss: 0.0259, lr: 0.000010, batch_cost: 0.0854, reader_cost: 0.03903, ips: 46.8508 samples/sec, max_mem_reserved: 1731 MB, max_mem_allocated: 1081 MB | ETA 00:04:11
[2026/10/07 01:02:29] INFO: [TRAIN] epoch: 44, iter: 15070/18000, loss: 0.0211, lr: 0.000010, batch_cost: 0.0859, reader_cost: 0.03677, ips: 46.5629 samples/sec, max_mem_reserved: 1731 MB, max_mem_allocated: 1081 MB | ETA 00:04:11
[2026/10/07 01:02:30] INFO: [TRAIN] epoch: 44, iter: 15080/18000, loss: 0.0422, lr: 0.000010, batch_cost: 0.0843, reader_cost: 0.03612, ips: 47.4514 samples/sec, max_mem_reserved: 1731 MB, max_mem_allocated: 1081 MB | ETA 00:04:06
[2026/10/07 01:02:31] INFO: [TRAIN] epoch: 44, iter: 15090/18000, loss: 0.0338, lr: 0.000010, batch_cost: 0.0828, reader_cost: 0.03381, ips: 48.3124 samples/sec, max_mem_reserved: 1731 MB, max_mem_allocated: 1081 MB | ETA 00:04:00
[2026/10/07 01:02:32] INFO: [TRAIN] epoch: 44, iter: 15100/18000, loss: 0.0238, lr: 0.000010, batch_cost: 0.0828, reader_cost: 0.03590, ips: 48.3301 samples/sec, max_mem_reserved: 1731 MB, max_mem_allocated: 1081 MB | ETA 00:04:00
[2026/10/07 01:02:33] INFO: [TRAIN] epoch: 44, iter: 15110/18000, loss: 0.0280, lr: 0.000010, batch_cost: 0.0857, reader_cost: 0.03798, ips: 46.6537 samples/sec, max_mem_reserved: 1731 MB, max_mem_allocated: 1081 MB | ETA 00:04:07
[2026/10/07 01:02:34] INFO: [TRAIN] epoch: 44, iter: 15120/18000, loss: 0.0281, lr: 0.000010, batch_cost: 0.0830, reader_cost: 0.03388, ips: 48.1711 samples/sec, max_mem_reserved: 1731 MB, max_mem_allocated: 1081 MB | ETA 00:03:59
[2026/10/07 01:02:35] INFO: [TRAIN] epoch: 44, iter: 15130/18000, loss: 0.0219, lr: 0.000010, batch_cost: 0.0828, reader_cost: 0.03412, ips: 48.3204 samples/sec, max_mem_reserved: 1731 MB, max_mem_allocated: 1081 MB | ETA 00:03:57
[2026/10/07 01:02:36] INFO: [TRAIN] epoch: 44, iter: 15140/18000, loss: 0.0229, lr: 0.000010, batch_cost: 0.0816, reader_cost: 0.03445, ips: 49.0104 samples/sec, max_mem_reserved: 1731 MB, max_mem_allocated: 1081 MB | ETA 00:03:53
[2026/10/07 01:02:37] INFO: [TRAIN] epoch: 44, iter: 15150/18000, loss: 0.0281, lr: 0.000010, batch_cost: 0.0826, reader_cost: 0.03650, ips: 48.4396 samples/sec, max_mem_reserved: 1731 MB, max_mem_allocated: 1081 MB | ETA 00:03:55
[2026/10/07 01:02:38] INFO: [TRAIN] epoch: 44, iter: 15160/18000, loss: 0.0365, lr: 0.000009, batch_cost: 0.0845, reader_cost: 0.03636, ips: 47.3220 samples/sec, max_mem_reserved: 1731 MB, max_mem_allocated: 1081 MB | ETA 00:04:00
[2026/10/07 01:02:39] INFO: [TRAIN] epoch: 44, iter: 15170/18000, loss: 0.0300, lr: 0.000009, batch_cost: 0.0794, reader_cost: 0.03079, ips: 50.3659 samples/sec, max_mem_reserved: 1731 MB, max_mem_allocated: 1081 MB | ETA 00:03:44
[2026/10/07 01:02:40] INFO: [TRAIN] epoch: 44, iter: 15180/18000, loss: 0.0209, lr: 0.000009, batch_cost: 0.0815, reader_cost: 0.03361, ips: 49.0519 samples/sec, max_mem_reserved: 1731 MB, max_mem_allocated: 1081 MB | ETA 00:03:49
[2026/10/07 01:02:41] INFO: [TRAIN] epoch: 44, iter: 15190/18000, loss: 0.0291, lr: 0.000009, batch_cost: 0.0832, reader_cost: 0.03397, ips: 48.0510 samples/sec, max_mem_reserved: 1731 MB, max_mem_allocated: 1081 MB | ETA 00:03:53
[2026/10/07 01:02:42] INFO: [TRAIN] epoch: 44, iter: 15200/18000, loss: 0.0261, lr: 0.000009, batch_cost: 0.0834, reader_cost: 0.03535, ips: 47.9619 samples/sec, max_mem_reserved: 1731 MB, max_mem_allocated: 1081 MB | ETA 00:03:53
[2026/10/07 01:02:43] INFO: [TRAIN] epoch: 44, iter: 15210/18000, loss: 0.0336, lr: 0.000009, batch_cost: 0.0861, reader_cost: 0.03663, ips: 46.4662 samples/sec, max_mem_reserved: 1731 MB, max_mem_allocated: 1081 MB | ETA 00:04:00
[2026/10/07 01:02:44] INFO: [TRAIN] epoch: 44, iter: 15220/18000, loss: 0.0288, lr: 0.000009, batch_cost: 0.0799, reader_cost: 0.03043, ips: 50.0938 samples/sec, max_mem_reserved: 1731 MB, max_mem_allocated: 1081 MB | ETA 00:03:41
[2026/10/07 01:02:45] INFO: [TRAIN] epoch: 44, iter: 15230/18000, loss: 0.0383, lr: 0.000009, batch_cost: 0.0802, reader_cost: 0.03410, ips: 49.8665 samples/sec, max_mem_reserved: 1731 MB, max_mem_allocated: 1081 MB | ETA 00:03:42
[2026/10/07 01:02:46] INFO: [TRAIN] epoch: 44, iter: 15240/18000, loss: 0.0306, lr: 0.000009, batch_cost: 0.0844, reader_cost: 0.03629, ips: 47.3959 samples/sec, max_mem_reserved: 1731 MB, max_mem_allocated: 1081 MB | ETA 00:03:52
[2026/10/07 01:02:47] INFO: [TRAIN] epoch: 44, iter: 15250/18000, loss: 0.0338, lr: 0.000009, batch_cost: 0.0804, reader_cost: 0.03297, ips: 49.7331 samples/sec, max_mem_reserved: 1731 MB, max_mem_allocated: 1081 MB | ETA 00:03:41
[2026/10/07 01:02:47] INFO: [TRAIN] epoch: 44, iter: 15260/18000, loss: 0.0340, lr: 0.000009, batch_cost: 0.0825, reader_cost: 0.03357, ips: 48.4866 samples/sec, max_mem_reserved: 1731 MB, max_mem_allocated: 1081 MB | ETA 00:03:46
[2026/10/07 01:02:48] INFO: [TRAIN] epoch: 44, iter: 15270/18000, loss: 0.0275, lr: 0.000009, batch_cost: 0.0847, reader_cost: 0.03607, ips: 47.2284 samples/sec, max_mem_reserved: 1731 MB, max_mem_allocated: 1081 MB | ETA 00:03:51
[2026/10/07 01:02:49] INFO: [TRAIN] epoch: 44, iter: 15280/18000, loss: 0.0288, lr: 0.000009, batch_cost: 0.0831, reader_cost: 0.03478, ips: 48.1181 samples/sec, max_mem_reserved: 1731 MB, max_mem_allocated: 1081 MB | ETA 00:03:46
[2026/10/07 01:02:50] INFO: [TRAIN] epoch: 44, iter: 15290/18000, loss: 0.0244, lr: 0.000009, batch_cost: 0.0811, reader_cost: 0.03531, ips: 49.3177 samples/sec, max_mem_reserved: 1731 MB, max_mem_allocated: 1081 MB | ETA 00:03:39
[2026/10/07 01:02:51] INFO: [TRAIN] epoch: 44, iter: 15300/18000, loss: 0.0380, lr: 0.000009, batch_cost: 0.0840, reader_cost: 0.03526, ips: 47.6142 samples/sec, max_mem_reserved: 1731 MB, max_mem_allocated: 1081 MB | ETA 00:03:46
[2026/10/07 01:02:52] INFO: [TRAIN] epoch: 44, iter: 15310/18000, loss: 0.0293, lr: 0.000009, batch_cost: 0.0827, reader_cost: 0.03405, ips: 48.3414 samples/sec, max_mem_reserved: 1731 MB, max_mem_allocated: 1081 MB | ETA 00:03:42
[2026/10/07 01:02:53] INFO: [TRAIN] epoch: 44, iter: 15320/18000, loss: 0.0302, lr: 0.000009, batch_cost: 0.0793, reader_cost: 0.03163, ips: 50.4307 samples/sec, max_mem_reserved: 1731 MB, max_mem_allocated: 1081 MB | ETA 00:03:32
[2026/10/07 01:02:54] INFO: [TRAIN] epoch: 44, iter: 15330/18000, loss: 0.0320, lr: 0.000009, batch_cost: 0.0798, reader_cost: 0.03216, ips: 50.1301 samples/sec, max_mem_reserved: 1731 MB, max_mem_allocated: 1081 MB | ETA 00:03:33
[2026/10/07 01:02:55] INFO: [TRAIN] epoch: 44, iter: 15340/18000, loss: 0.0275, lr: 0.000009, batch_cost: 0.0831, reader_cost: 0.03495, ips: 48.1196 samples/sec, max_mem_reserved: 1731 MB, max_mem_allocated: 1081 MB | ETA 00:03:41
[2026/10/07 01:02:56] INFO: [TRAIN] epoch: 44, iter: 15350/18000, loss: 0.0260, lr: 0.000009, batch_cost: 0.0852, reader_cost: 0.03512, ips: 46.9663 samples/sec, max_mem_reserved: 1731 MB, max_mem_allocated: 1081 MB | ETA 00:03:45
[2026/10/07 01:02:57] INFO: [TRAIN] epoch: 44, iter: 15360/18000, loss: 0.0273, lr: 0.000009, batch_cost: 0.0768, reader_cost: 0.02968, ips: 52.1114 samples/sec, max_mem_reserved: 1731 MB, max_mem_allocated: 1081 MB | ETA 00:03:22
[2026/10/07 01:02:58] INFO: [TRAIN] epoch: 44, iter: 15370/18000, loss: 0.0277, lr: 0.000009, batch_cost: 0.0866, reader_cost: 0.03903, ips: 46.1851 samples/sec, max_mem_reserved: 1731 MB, max_mem_allocated: 1081 MB | ETA 00:03:47
[2026/10/07 01:02:59] INFO: [TRAIN] epoch: 44, iter: 15380/18000, loss: 0.0260, lr: 0.000009, batch_cost: 0.0781, reader_cost: 0.03105, ips: 51.2454 samples/sec, max_mem_reserved: 1731 MB, max_mem_allocated: 1081 MB | ETA 00:03:24
[2026/10/07 01:03:00] INFO: [TRAIN] epoch: 44, iter: 15390/18000, loss: 0.0320, lr: 0.000009, batch_cost: 0.0857, reader_cost: 0.03683, ips: 46.6797 samples/sec, max_mem_reserved: 1731 MB, max_mem_allocated: 1081 MB | ETA 00:03:43
[2026/10/07 01:03:01] INFO: [TRAIN] epoch: 44, iter: 15400/18000, loss: 0.0284, lr: 0.000009, batch_cost: 0.0835, reader_cost: 0.03617, ips: 47.9079 samples/sec, max_mem_reserved: 1731 MB, max_mem_allocated: 1081 MB | ETA 00:03:37
[2026/10/07 01:03:02] INFO: [TRAIN] epoch: 45, iter: 15410/18000, loss: 0.0252, lr: 0.000009, batch_cost: 0.0914, reader_cost: 0.04432, ips: 43.7492 samples/sec, max_mem_reserved: 1731 MB, max_mem_allocated: 1081 MB | ETA 00:03:56
[2026/10/07 01:03:03] INFO: [TRAIN] epoch: 45, iter: 15420/18000, loss: 0.0294, lr: 0.000009, batch_cost: 0.0853, reader_cost: 0.03762, ips: 46.8989 samples/sec, max_mem_reserved: 1731 MB, max_mem_allocated: 1081 MB | ETA 00:03:40
[2026/10/07 01:03:04] INFO: [TRAIN] epoch: 45, iter: 15430/18000, loss: 0.0295, lr: 0.000009, batch_cost: 0.0806, reader_cost: 0.03309, ips: 49.6452 samples/sec, max_mem_reserved: 1731 MB, max_mem_allocated: 1081 MB | ETA 00:03:27
[2026/10/07 01:03:05] INFO: [TRAIN] epoch: 45, iter: 15440/18000, loss: 0.0226, lr: 0.000009, batch_cost: 0.0873, reader_cost: 0.04042, ips: 45.8221 samples/sec, max_mem_reserved: 1731 MB, max_mem_allocated: 1081 MB | ETA 00:03:43
[2026/10/07 01:03:06] INFO: [TRAIN] epoch: 45, iter: 15450/18000, loss: 0.0411, lr: 0.000009, batch_cost: 0.0835, reader_cost: 0.03674, ips: 47.8776 samples/sec, max_mem_reserved: 1731 MB, max_mem_allocated: 1081 MB | ETA 00:03:33
[2026/10/07 01:03:07] INFO: [TRAIN] epoch: 45, iter: 15460/18000, loss: 0.0359, lr: 0.000008, batch_cost: 0.0863, reader_cost: 0.03745, ips: 46.3651 samples/sec, max_mem_reserved: 1731 MB, max_mem_allocated: 1081 MB | ETA 00:03:39
[2026/10/07 01:03:08] INFO: [TRAIN] epoch: 45, iter: 15470/18000, loss: 0.0268, lr: 0.000008, batch_cost: 0.0852, reader_cost: 0.04009, ips: 46.9656 samples/sec, max_mem_reserved: 1731 MB, max_mem_allocated: 1081 MB | ETA 00:03:35
[2026/10/07 01:03:09] INFO: [TRAIN] epoch: 45, iter: 15480/18000, loss: 0.0297, lr: 0.000008, batch_cost: 0.0867, reader_cost: 0.03791, ips: 46.1486 samples/sec, max_mem_reserved: 1731 MB, max_mem_allocated: 1081 MB | ETA 00:03:38
[2026/10/07 01:03:09] INFO: [TRAIN] epoch: 45, iter: 15490/18000, loss: 0.0269, lr: 0.000008, batch_cost: 0.0857, reader_cost: 0.03781, ips: 46.6687 samples/sec, max_mem_reserved: 1731 MB, max_mem_allocated: 1081 MB | ETA 00:03:35
[2026/10/07 01:03:10] INFO: [TRAIN] epoch: 45, iter: 15500/18000, loss: 0.0297, lr: 0.000008, batch_cost: 0.0817, reader_cost: 0.03369, ips: 48.9424 samples/sec, max_mem_reserved: 1731 MB, max_mem_allocated: 1081 MB | ETA 00:03:24
[2026/10/07 01:03:11] INFO: [TRAIN] epoch: 45, iter: 15510/18000, loss: 0.0332, lr: 0.000008, batch_cost: 0.0860, reader_cost: 0.03873, ips: 46.5048 samples/sec, max_mem_reserved: 1731 MB, max_mem_allocated: 1081 MB | ETA 00:03:34
[2026/10/07 01:03:12] INFO: [TRAIN] epoch: 45, iter: 15520/18000, loss: 0.0272, lr: 0.000008, batch_cost: 0.0851, reader_cost: 0.03735, ips: 47.0191 samples/sec, max_mem_reserved: 1731 MB, max_mem_allocated: 1081 MB | ETA 00:03:30
[2026/10/07 01:03:13] INFO: [TRAIN] epoch: 45, iter: 15530/18000, loss: 0.0327, lr: 0.000008, batch_cost: 0.0874, reader_cost: 0.03754, ips: 45.7675 samples/sec, max_mem_reserved: 1731 MB, max_mem_allocated: 1081 MB | ETA 00:03:35
[2026/10/07 01:03:14] INFO: [TRAIN] epoch: 45, iter: 15540/18000, loss: 0.0269, lr: 0.000008, batch_cost: 0.0850, reader_cost: 0.03789, ips: 47.0427 samples/sec, max_mem_reserved: 1731 MB, max_mem_allocated: 1081 MB | ETA 00:03:29
[2026/10/07 01:03:15] INFO: [TRAIN] epoch: 45, iter: 15550/18000, loss: 0.0281, lr: 0.000008, batch_cost: 0.0852, reader_cost: 0.03941, ips: 46.9473 samples/sec, max_mem_reserved: 1731 MB, max_mem_allocated: 1081 MB | ETA 00:03:28
[2026/10/07 01:03:16] INFO: [TRAIN] epoch: 45, iter: 15560/18000, loss: 0.0278, lr: 0.000008, batch_cost: 0.0880, reader_cost: 0.04013, ips: 45.4510 samples/sec, max_mem_reserved: 1731 MB, max_mem_allocated: 1081 MB | ETA 00:03:34
[2026/10/07 01:03:17] INFO: [TRAIN] epoch: 45, iter: 15570/18000, loss: 0.0232, lr: 0.000008, batch_cost: 0.0903, reader_cost: 0.04292, ips: 44.2848 samples/sec, max_mem_reserved: 1731 MB, max_mem_allocated: 1081 MB | ETA 00:03:39
[2026/10/07 01:03:18] INFO: [TRAIN] epoch: 45, iter: 15580/18000, loss: 0.0282, lr: 0.000008, batch_cost: 0.0889, reader_cost: 0.04154, ips: 44.9909 samples/sec, max_mem_reserved: 1731 MB, max_mem_allocated: 1081 MB | ETA 00:03:35
[2026/10/07 01:03:19] INFO: [TRAIN] epoch: 45, iter: 15590/18000, loss: 0.0321, lr: 0.000008, batch_cost: 0.0870, reader_cost: 0.03936, ips: 45.9966 samples/sec, max_mem_reserved: 1731 MB, max_mem_allocated: 1081 MB | ETA 00:03:29
[2026/10/07 01:03:20] INFO: [TRAIN] epoch: 45, iter: 15600/18000, loss: 0.0324, lr: 0.000008, batch_cost: 0.0819, reader_cost: 0.03427, ips: 48.8533 samples/sec, max_mem_reserved: 1731 MB, max_mem_allocated: 1081 MB | ETA 00:03:16
[2026/10/07 01:03:21] INFO: [TRAIN] epoch: 45, iter: 15610/18000, loss: 0.0357, lr: 0.000008, batch_cost: 0.0842, reader_cost: 0.03610, ips: 47.5193 samples/sec, max_mem_reserved: 1731 MB, max_mem_allocated: 1081 MB | ETA 00:03:21
[2026/10/07 01:03:22] INFO: [TRAIN] epoch: 45, iter: 15620/18000, loss: 0.0280, lr: 0.000008, batch_cost: 0.0844, reader_cost: 0.03513, ips: 47.3933 samples/sec, max_mem_reserved: 1731 MB, max_mem_allocated: 1081 MB | ETA 00:03:20
[2026/10/07 01:03:23] INFO: [TRAIN] epoch: 45, iter: 15630/18000, loss: 0.0239, lr: 0.000008, batch_cost: 0.0843, reader_cost: 0.03782, ips: 47.4441 samples/sec, max_mem_reserved: 1731 MB, max_mem_allocated: 1081 MB | ETA 00:03:19
[2026/10/07 01:03:24] INFO: [TRAIN] epoch: 45, iter: 15640/18000, loss: 0.0219, lr: 0.000008, batch_cost: 0.0802, reader_cost: 0.03349, ips: 49.8795 samples/sec, max_mem_reserved: 1731 MB, max_mem_allocated: 1081 MB | ETA 00:03:09
[2026/10/07 01:03:25] INFO: [TRAIN] epoch: 45, iter: 15650/18000, loss: 0.0337, lr: 0.000008, batch_cost: 0.0810, reader_cost: 0.03409, ips: 49.3991 samples/sec, max_mem_reserved: 1731 MB, max_mem_allocated: 1081 MB | ETA 00:03:10
[2026/10/07 01:03:26] INFO: [TRAIN] epoch: 45, iter: 15660/18000, loss: 0.0410, lr: 0.000008, batch_cost: 0.0839, reader_cost: 0.03701, ips: 47.6597 samples/sec, max_mem_reserved: 1731 MB, max_mem_allocated: 1081 MB | ETA 00:03:16
[2026/10/07 01:03:27] INFO: [TRAIN] epoch: 45, iter: 15670/18000, loss: 0.0257, lr: 0.000008, batch_cost: 0.0834, reader_cost: 0.03571, ips: 47.9637 samples/sec, max_mem_reserved: 1731 MB, max_mem_allocated: 1081 MB | ETA 00:03:14
[2026/10/07 01:03:28] INFO: [TRAIN] epoch: 45, iter: 15680/18000, loss: 0.0287, lr: 0.000008, batch_cost: 0.0848, reader_cost: 0.03678, ips: 47.1654 samples/sec, max_mem_reserved: 1731 MB, max_mem_allocated: 1081 MB | ETA 00:03:16
[2026/10/07 01:03:29] INFO: [TRAIN] epoch: 45, iter: 15690/18000, loss: 0.0421, lr: 0.000008, batch_cost: 0.0848, reader_cost: 0.03858, ips: 47.1775 samples/sec, max_mem_reserved: 1731 MB, max_mem_allocated: 1081 MB | ETA 00:03:15
[2026/10/07 01:03:30] INFO: [TRAIN] epoch: 45, iter: 15700/18000, loss: 0.0280, lr: 0.000008, batch_cost: 0.0863, reader_cost: 0.03845, ips: 46.3366 samples/sec, max_mem_reserved: 1731 MB, max_mem_allocated: 1081 MB | ETA 00:03:18
[2026/10/07 01:03:31] INFO: [TRAIN] epoch: 45, iter: 15710/18000, loss: 0.0311, lr: 0.000008, batch_cost: 0.0816, reader_cost: 0.03258, ips: 49.0485 samples/sec, max_mem_reserved: 1731 MB, max_mem_allocated: 1081 MB | ETA 00:03:06
[2026/10/07 01:03:32] INFO: [TRAIN] epoch: 45, iter: 15720/18000, loss: 0.0270, lr: 0.000008, batch_cost: 0.0826, reader_cost: 0.03432, ips: 48.4530 samples/sec, max_mem_reserved: 1731 MB, max_mem_allocated: 1081 MB | ETA 00:03:08
[2026/10/07 01:03:32] INFO: [TRAIN] epoch: 45, iter: 15730/18000, loss: 0.0297, lr: 0.000008, batch_cost: 0.0832, reader_cost: 0.03552, ips: 48.0590 samples/sec, max_mem_reserved: 1731 MB, max_mem_allocated: 1081 MB | ETA 00:03:08
[2026/10/07 01:03:33] INFO: [TRAIN] epoch: 45, iter: 15740/18000, loss: 0.0268, lr: 0.000008, batch_cost: 0.0843, reader_cost: 0.03678, ips: 47.4343 samples/sec, max_mem_reserved: 1731 MB, max_mem_allocated: 1081 MB | ETA 00:03:10
[2026/10/07 01:03:34] INFO: [TRAIN] epoch: 45, iter: 15750/18000, loss: 0.0283, lr: 0.000008, batch_cost: 0.0864, reader_cost: 0.03871, ips: 46.3050 samples/sec, max_mem_reserved: 1731 MB, max_mem_allocated: 1081 MB | ETA 00:03:14
[2026/10/07 01:03:35] INFO: [TRAIN] epoch: 46, iter: 15760/18000, loss: 0.0239, lr: 0.000007, batch_cost: 0.0914, reader_cost: 0.04422, ips: 43.7586 samples/sec, max_mem_reserved: 1731 MB, max_mem_allocated: 1081 MB | ETA 00:03:24
[2026/10/07 01:03:36] INFO: [TRAIN] epoch: 46, iter: 15770/18000, loss: 0.0333, lr: 0.000007, batch_cost: 0.0875, reader_cost: 0.04042, ips: 45.7304 samples/sec, max_mem_reserved: 1731 MB, max_mem_allocated: 1081 MB | ETA 00:03:15
[2026/10/07 01:03:37] INFO: [TRAIN] epoch: 46, iter: 15780/18000, loss: 0.0273, lr: 0.000007, batch_cost: 0.0845, reader_cost: 0.03587, ips: 47.3541 samples/sec, max_mem_reserved: 1731 MB, max_mem_allocated: 1081 MB | ETA 00:03:07
[2026/10/07 01:03:38] INFO: [TRAIN] epoch: 46, iter: 15790/18000, loss: 0.0226, lr: 0.000007, batch_cost: 0.0859, reader_cost: 0.04176, ips: 46.5489 samples/sec, max_mem_reserved: 1731 MB, max_mem_allocated: 1081 MB | ETA 00:03:09
[2026/10/07 01:03:39] INFO: [TRAIN] epoch: 46, iter: 15800/18000, loss: 0.0310, lr: 0.000007, batch_cost: 0.0877, reader_cost: 0.04145, ips: 45.5886 samples/sec, max_mem_reserved: 1731 MB, max_mem_allocated: 1081 MB | ETA 00:03:13
[2026/10/07 01:03:40] INFO: [TRAIN] epoch: 46, iter: 15810/18000, loss: 0.0273, lr: 0.000007, batch_cost: 0.0884, reader_cost: 0.04283, ips: 45.2650 samples/sec, max_mem_reserved: 1731 MB, max_mem_allocated: 1081 MB | ETA 00:03:13
[2026/10/07 01:03:41] INFO: [TRAIN] epoch: 46, iter: 15820/18000, loss: 0.0330, lr: 0.000007, batch_cost: 0.0863, reader_cost: 0.03927, ips: 46.3322 samples/sec, max_mem_reserved: 1731 MB, max_mem_allocated: 1081 MB | ETA 00:03:08
[2026/10/07 01:03:42] INFO: [TRAIN] epoch: 46, iter: 15830/18000, loss: 0.0280, lr: 0.000007, batch_cost: 0.0841, reader_cost: 0.03735, ips: 47.5397 samples/sec, max_mem_reserved: 1731 MB, max_mem_allocated: 1081 MB | ETA 00:03:02
[2026/10/07 01:03:43] INFO: [TRAIN] epoch: 46, iter: 15840/18000, loss: 0.0319, lr: 0.000007, batch_cost: 0.0837, reader_cost: 0.03555, ips: 47.8055 samples/sec, max_mem_reserved: 1731 MB, max_mem_allocated: 1081 MB | ETA 00:03:00
[2026/10/07 01:03:44] INFO: [TRAIN] epoch: 46, iter: 15850/18000, loss: 0.0310, lr: 0.000007, batch_cost: 0.0869, reader_cost: 0.03989, ips: 46.0125 samples/sec, max_mem_reserved: 1731 MB, max_mem_allocated: 1081 MB | ETA 00:03:06
[2026/10/07 01:03:45] INFO: [TRAIN] epoch: 46, iter: 15860/18000, loss: 0.0347, lr: 0.000007, batch_cost: 0.0819, reader_cost: 0.03568, ips: 48.8557 samples/sec, max_mem_reserved: 1731 MB, max_mem_allocated: 1081 MB | ETA 00:02:55
[2026/10/07 01:03:46] INFO: [TRAIN] epoch: 46, iter: 15870/18000, loss: 0.0289, lr: 0.000007, batch_cost: 0.0850, reader_cost: 0.03823, ips: 47.0554 samples/sec, max_mem_reserved: 1731 MB, max_mem_allocated: 1081 MB | ETA 00:03:01
[2026/10/07 01:03:47] INFO: [TRAIN] epoch: 46, iter: 15880/18000, loss: 0.0282, lr: 0.000007, batch_cost: 0.0875, reader_cost: 0.03963, ips: 45.7254 samples/sec, max_mem_reserved: 1731 MB, max_mem_allocated: 1081 MB | ETA 00:03:05
[2026/10/07 01:03:48] INFO: [TRAIN] epoch: 46, iter: 15890/18000, loss: 0.0241, lr: 0.000007, batch_cost: 0.0839, reader_cost: 0.03834, ips: 47.6715 samples/sec, max_mem_reserved: 1731 MB, max_mem_allocated: 1081 MB | ETA 00:02:57
[2026/10/07 01:03:49] INFO: [TRAIN] epoch: 46, iter: 15900/18000, loss: 0.0216, lr: 0.000007, batch_cost: 0.0912, reader_cost: 0.04572, ips: 43.8496 samples/sec, max_mem_reserved: 1731 MB, max_mem_allocated: 1081 MB | ETA 00:03:11
[2026/10/07 01:03:50] INFO: [TRAIN] epoch: 46, iter: 15910/18000, loss: 0.0295, lr: 0.000007, batch_cost: 0.0823, reader_cost: 0.03680, ips: 48.6205 samples/sec, max_mem_reserved: 1731 MB, max_mem_allocated: 1081 MB | ETA 00:02:51
[2026/10/07 01:03:51] INFO: [TRAIN] epoch: 46, iter: 15920/18000, loss: 0.0370, lr: 0.000007, batch_cost: 0.0893, reader_cost: 0.04270, ips: 44.7929 samples/sec, max_mem_reserved: 1731 MB, max_mem_allocated: 1081 MB | ETA 00:03:05
[2026/10/07 01:03:52] INFO: [TRAIN] epoch: 46, iter: 15930/18000, loss: 0.0274, lr: 0.000007, batch_cost: 0.0854, reader_cost: 0.03850, ips: 46.8129 samples/sec, max_mem_reserved: 1731 MB, max_mem_allocated: 1081 MB | ETA 00:02:56
[2026/10/07 01:03:53] INFO: [TRAIN] epoch: 46, iter: 15940/18000, loss: 0.0249, lr: 0.000007, batch_cost: 0.0855, reader_cost: 0.03741, ips: 46.8019 samples/sec, max_mem_reserved: 1731 MB, max_mem_allocated: 1081 MB | ETA 00:02:56
[2026/10/07 01:03:54] INFO: [TRAIN] epoch: 46, iter: 15950/18000, loss: 0.0332, lr: 0.000007, batch_cost: 0.0805, reader_cost: 0.03269, ips: 49.6703 samples/sec, max_mem_reserved: 1731 MB, max_mem_allocated: 1081 MB | ETA 00:02:45
[2026/10/07 01:03:55] INFO: [TRAIN] epoch: 46, iter: 15960/18000, loss: 0.0327, lr: 0.000007, batch_cost: 0.0846, reader_cost: 0.03743, ips: 47.2577 samples/sec, max_mem_reserved: 1731 MB, max_mem_allocated: 1081 MB | ETA 00:02:52
[2026/10/07 01:03:56] INFO: [TRAIN] epoch: 46, iter: 15970/18000, loss: 0.0347, lr: 0.000007, batch_cost: 0.0816, reader_cost: 0.03480, ips: 49.0333 samples/sec, max_mem_reserved: 1731 MB, max_mem_allocated: 1081 MB | ETA 00:02:45
[2026/10/07 01:03:57] INFO: [TRAIN] epoch: 46, iter: 15980/18000, loss: 0.0254, lr: 0.000007, batch_cost: 0.0847, reader_cost: 0.03726, ips: 47.2270 samples/sec, max_mem_reserved: 1731 MB, max_mem_allocated: 1081 MB | ETA 00:02:51
[2026/10/07 01:03:58] INFO: [TRAIN] epoch: 46, iter: 15990/18000, loss: 0.0280, lr: 0.000007, batch_cost: 0.0870, reader_cost: 0.03778, ips: 45.9672 samples/sec, max_mem_reserved: 1731 MB, max_mem_allocated: 1081 MB | ETA 00:02:54
[2026/10/07 01:03:59] INFO: [TRAIN] epoch: 46, iter: 16000/18000, loss: 0.0324, lr: 0.000007, batch_cost: 0.0846, reader_cost: 0.03650, ips: 47.2741 samples/sec, max_mem_reserved: 1731 MB, max_mem_allocated: 1081 MB | ETA 00:02:49
[2026/10/07 01:03:59] INFO: Start evaluating (total_samples: 177, total_iters: 177)...

  1/177 [..............................] - ETA: 9s - batch_cost: 0.0515 - reader cost: 0.0365
  3/177 [..............................] - ETA: 7s - batch_cost: 0.0445 - reader cost: 0.0255
  5/177 [..............................] - ETA: 7s - batch_cost: 0.0447 - reader cost: 0.0210
  7/177 [>.............................] - ETA: 7s - batch_cost: 0.0443 - reader cost: 0.0150
  9/177 [>.............................] - ETA: 7s - batch_cost: 0.0444 - reader cost: 0.0117
 11/177 [>.............................] - ETA: 7s - batch_cost: 0.0442 - reader cost: 0.0095
 13/177 [=>............................] - ETA: 7s - batch_cost: 0.0436 - reader cost: 0.0081
 15/177 [=>............................] - ETA: 7s - batch_cost: 0.0434 - reader cost: 0.0070
 17/177 [=>............................] - ETA: 6s - batch_cost: 0.0435 - reader cost: 0.0062
 19/177 [==>...........................] - ETA: 6s - batch_cost: 0.0430 - reader cost: 0.0055
 21/177 [==>...........................] - ETA: 6s - batch_cost: 0.0428 - reader cost: 0.0050
 23/177 [==>...........................] - ETA: 6s - batch_cost: 0.0427 - reader cost: 0.0046
 25/177 [===>..........................] - ETA: 6s - batch_cost: 0.0426 - reader cost: 0.0042
 27/177 [===>..........................] - ETA: 6s - batch_cost: 0.0425 - reader cost: 0.0039
 29/177 [===>..........................] - ETA: 6s - batch_cost: 0.0425 - reader cost: 0.0036
 31/177 [====>.........................] - ETA: 6s - batch_cost: 0.0424 - reader cost: 0.0034
 33/177 [====>.........................] - ETA: 6s - batch_cost: 0.0424 - reader cost: 0.0032
 35/177 [====>.........................] - ETA: 6s - batch_cost: 0.0423 - reader cost: 0.0030
 37/177 [=====>........................] - ETA: 5s - batch_cost: 0.0422 - reader cost: 0.0028
 39/177 [=====>........................] - ETA: 5s - batch_cost: 0.0422 - reader cost: 0.0027
 41/177 [=====>........................] - ETA: 5s - batch_cost: 0.0421 - reader cost: 0.0026
 43/177 [======>.......................] - ETA: 5s - batch_cost: 0.0421 - reader cost: 0.0025
 45/177 [======>.......................] - ETA: 5s - batch_cost: 0.0421 - reader cost: 0.0024
 47/177 [======>.......................] - ETA: 5s - batch_cost: 0.0420 - reader cost: 0.0023
 49/177 [=======>......................] - ETA: 5s - batch_cost: 0.0420 - reader cost: 0.0022
 51/177 [=======>......................] - ETA: 5s - batch_cost: 0.0420 - reader cost: 0.0021
 53/177 [=======>......................] - ETA: 5s - batch_cost: 0.0420 - reader cost: 0.0020
 55/177 [========>.....................] - ETA: 5s - batch_cost: 0.0420 - reader cost: 0.0019
 57/177 [========>.....................] - ETA: 5s - batch_cost: 0.0420 - reader cost: 0.0019
 59/177 [=========>....................] - ETA: 4s - batch_cost: 0.0419 - reader cost: 0.0018
 61/177 [=========>....................] - ETA: 4s - batch_cost: 0.0419 - reader cost: 0.0018
 63/177 [=========>....................] - ETA: 4s - batch_cost: 0.0419 - reader cost: 0.0017
 65/177 [==========>...................] - ETA: 4s - batch_cost: 0.0419 - reader cost: 0.0017
 67/177 [==========>...................] - ETA: 4s - batch_cost: 0.0419 - reader cost: 0.0016
 69/177 [==========>...................] - ETA: 4s - batch_cost: 0.0419 - reader cost: 0.0016
 71/177 [===========>..................] - ETA: 4s - batch_cost: 0.0418 - reader cost: 0.0016
 73/177 [===========>..................] - ETA: 4s - batch_cost: 0.0418 - reader cost: 0.0015
 75/177 [===========>..................] - ETA: 4s - batch_cost: 0.0418 - reader cost: 0.0015
 77/177 [============>.................] - ETA: 4s - batch_cost: 0.0418 - reader cost: 0.0014
 79/177 [============>.................] - ETA: 4s - batch_cost: 0.0418 - reader cost: 0.0014
 81/177 [============>.................] - ETA: 4s - batch_cost: 0.0418 - reader cost: 0.0014
 83/177 [=============>................] - ETA: 3s - batch_cost: 0.0418 - reader cost: 0.0013
 85/177 [=============>................] - ETA: 3s - batch_cost: 0.0418 - reader cost: 0.0013
 87/177 [=============>................] - ETA: 3s - batch_cost: 0.0418 - reader cost: 0.0013
 89/177 [==============>...............] - ETA: 3s - batch_cost: 0.0418 - reader cost: 0.0012
 91/177 [==============>...............] - ETA: 3s - batch_cost: 0.0418 - reader cost: 0.0012
 93/177 [==============>...............] - ETA: 3s - batch_cost: 0.0419 - reader cost: 0.0012
 95/177 [===============>..............] - ETA: 3s - batch_cost: 0.0419 - reader cost: 0.0012
 97/177 [===============>..............] - ETA: 3s - batch_cost: 0.0419 - reader cost: 0.0011
 99/177 [===============>..............] - ETA: 3s - batch_cost: 0.0419 - reader cost: 0.0011
101/177 [================>.............] - ETA: 3s - batch_cost: 0.0419 - reader cost: 0.0011
103/177 [================>.............] - ETA: 3s - batch_cost: 0.0419 - reader cost: 0.0011
105/177 [================>.............] - ETA: 3s - batch_cost: 0.0419 - reader cost: 0.0011
107/177 [=================>............] - ETA: 2s - batch_cost: 0.0419 - reader cost: 0.0011
109/177 [=================>............] - ETA: 2s - batch_cost: 0.0419 - reader cost: 0.0010
111/177 [=================>............] - ETA: 2s - batch_cost: 0.0419 - reader cost: 0.0010
113/177 [==================>...........] - ETA: 2s - batch_cost: 0.0418 - reader cost: 0.0010
115/177 [==================>...........] - ETA: 2s - batch_cost: 0.0418 - reader cost: 9.8729e-04
117/177 [==================>...........] - ETA: 2s - batch_cost: 0.0418 - reader cost: 9.7042e-04
119/177 [===================>..........] - ETA: 2s - batch_cost: 0.0418 - reader cost: 9.5411e-04
121/177 [===================>..........] - ETA: 2s - batch_cost: 0.0418 - reader cost: 9.3834e-04
123/177 [===================>..........] - ETA: 2s - batch_cost: 0.0419 - reader cost: 9.2308e-04
125/177 [====================>.........] - ETA: 2s - batch_cost: 0.0419 - reader cost: 9.0831e-04
127/177 [====================>.........] - ETA: 2s - batch_cost: 0.0418 - reader cost: 8.9401e-04
129/177 [====================>.........] - ETA: 2s - batch_cost: 0.0418 - reader cost: 8.8015e-04
131/177 [=====================>........] - ETA: 1s - batch_cost: 0.0418 - reader cost: 8.6671e-04
133/177 [=====================>........] - ETA: 1s - batch_cost: 0.0419 - reader cost: 8.5367e-04
135/177 [=====================>........] - ETA: 1s - batch_cost: 0.0419 - reader cost: 8.4103e-04
137/177 [======================>.......] - ETA: 1s - batch_cost: 0.0419 - reader cost: 8.2875e-04
139/177 [======================>.......] - ETA: 1s - batch_cost: 0.0419 - reader cost: 8.1683e-04
141/177 [======================>.......] - ETA: 1s - batch_cost: 0.0419 - reader cost: 8.0524e-04
143/177 [=======================>......] - ETA: 1s - batch_cost: 0.0418 - reader cost: 7.9398e-04
145/177 [=======================>......] - ETA: 1s - batch_cost: 0.0418 - reader cost: 7.8303e-04
147/177 [=======================>......] - ETA: 1s - batch_cost: 0.0418 - reader cost: 7.7237e-04
149/177 [========================>.....] - ETA: 1s - batch_cost: 0.0418 - reader cost: 7.6200e-04
151/177 [========================>.....] - ETA: 1s - batch_cost: 0.0418 - reader cost: 7.5191e-04
153/177 [========================>.....] - ETA: 1s - batch_cost: 0.0418 - reader cost: 7.4208e-04
155/177 [=========================>....] - ETA: 0s - batch_cost: 0.0418 - reader cost: 7.3251e-04
157/177 [=========================>....] - ETA: 0s - batch_cost: 0.0418 - reader cost: 7.2318e-04
159/177 [=========================>....] - ETA: 0s - batch_cost: 0.0418 - reader cost: 7.1408e-04
161/177 [==========================>...] - ETA: 0s - batch_cost: 0.0418 - reader cost: 7.0521e-04
163/177 [==========================>...] - ETA: 0s - batch_cost: 0.0418 - reader cost: 6.9656e-04
165/177 [==========================>...] - ETA: 0s - batch_cost: 0.0418 - reader cost: 6.8811e-04
167/177 [===========================>..] - ETA: 0s - batch_cost: 0.0418 - reader cost: 6.7987e-04
169/177 [===========================>..] - ETA: 0s - batch_cost: 0.0418 - reader cost: 6.7183e-04
171/177 [===========================>..] - ETA: 0s - batch_cost: 0.0418 - reader cost: 6.6397e-04
173/177 [============================>.] - ETA: 0s - batch_cost: 0.0418 - reader cost: 6.5629e-04
175/177 [============================>.] - ETA: 0s - batch_cost: 0.0418 - reader cost: 6.4879e-04
177/177 [==============================] - 7s 42ms/step - batch_cost: 0.0418 - reader cost: 6.4146e-04
[2026/10/07 01:04:06] INFO: [EVAL] #Images: 177 mIoU: 0.8733 Acc: 0.9908 Kappa: 0.8563 Dice: 0.9282
[2026/10/07 01:04:06] INFO: [EVAL] Class IoU: 
[0.9905 0.756 ]
[2026/10/07 01:04:06] INFO: [EVAL] Class Precision: 
[0.9964 0.8339]
[2026/10/07 01:04:06] INFO: [EVAL] Class Recall: 
[0.9941 0.8901]
[2026/10/07 01:04:06] INFO: Start evaluating (total_samples: 177, total_iters: 177)...

  1/177 [..............................] - ETA: 6s - batch_cost: 0.0395 - reader cost: 0.0295
  3/177 [..............................] - ETA: 7s - batch_cost: 0.0408 - reader cost: 0.0182
  5/177 [..............................] - ETA: 7s - batch_cost: 0.0422 - reader cost: 0.0109
  7/177 [>.............................] - ETA: 7s - batch_cost: 0.0424 - reader cost: 0.0078
  9/177 [>.............................] - ETA: 7s - batch_cost: 0.0418 - reader cost: 0.0061
 11/177 [>.............................] - ETA: 6s - batch_cost: 0.0416 - reader cost: 0.0050
 13/177 [=>............................] - ETA: 6s - batch_cost: 0.0415 - reader cost: 0.0042
 15/177 [=>............................] - ETA: 6s - batch_cost: 0.0415 - reader cost: 0.0036
 17/177 [=>............................] - ETA: 6s - batch_cost: 0.0415 - reader cost: 0.0032
 19/177 [==>...........................] - ETA: 6s - batch_cost: 0.0415 - reader cost: 0.0029
 21/177 [==>...........................] - ETA: 6s - batch_cost: 0.0414 - reader cost: 0.0026
 23/177 [==>...........................] - ETA: 6s - batch_cost: 0.0415 - reader cost: 0.0024
 25/177 [===>..........................] - ETA: 6s - batch_cost: 0.0415 - reader cost: 0.0022
 27/177 [===>..........................] - ETA: 6s - batch_cost: 0.0415 - reader cost: 0.0020
 29/177 [===>..........................] - ETA: 6s - batch_cost: 0.0415 - reader cost: 0.0019
 31/177 [====>.........................] - ETA: 6s - batch_cost: 0.0415 - reader cost: 0.0018
 33/177 [====>.........................] - ETA: 5s - batch_cost: 0.0415 - reader cost: 0.0017
 35/177 [====>.........................] - ETA: 5s - batch_cost: 0.0415 - reader cost: 0.0016
 37/177 [=====>........................] - ETA: 5s - batch_cost: 0.0416 - reader cost: 0.0015
 39/177 [=====>........................] - ETA: 5s - batch_cost: 0.0415 - reader cost: 0.0014
 41/177 [=====>........................] - ETA: 5s - batch_cost: 0.0415 - reader cost: 0.0013
 43/177 [======>.......................] - ETA: 5s - batch_cost: 0.0415 - reader cost: 0.0013
 45/177 [======>.......................] - ETA: 5s - batch_cost: 0.0415 - reader cost: 0.0012
 47/177 [======>.......................] - ETA: 5s - batch_cost: 0.0415 - reader cost: 0.0012
 49/177 [=======>......................] - ETA: 5s - batch_cost: 0.0415 - reader cost: 0.0011
 51/177 [=======>......................] - ETA: 5s - batch_cost: 0.0415 - reader cost: 0.0011
 53/177 [=======>......................] - ETA: 5s - batch_cost: 0.0415 - reader cost: 0.0010
 55/177 [========>.....................] - ETA: 5s - batch_cost: 0.0415 - reader cost: 0.0010
 57/177 [========>.....................] - ETA: 4s - batch_cost: 0.0415 - reader cost: 9.7496e-04
 59/177 [=========>....................] - ETA: 4s - batch_cost: 0.0415 - reader cost: 9.4191e-04
 61/177 [=========>....................] - ETA: 4s - batch_cost: 0.0415 - reader cost: 9.1103e-04
 63/177 [=========>....................] - ETA: 4s - batch_cost: 0.0415 - reader cost: 8.8211e-04
 65/177 [==========>...................] - ETA: 4s - batch_cost: 0.0415 - reader cost: 8.5497e-04
 67/177 [==========>...................] - ETA: 4s - batch_cost: 0.0414 - reader cost: 8.2944e-04
 69/177 [==========>...................] - ETA: 4s - batch_cost: 0.0414 - reader cost: 8.1988e-04
 71/177 [===========>..................] - ETA: 4s - batch_cost: 0.0414 - reader cost: 7.9678e-04
 73/177 [===========>..................] - ETA: 4s - batch_cost: 0.0414 - reader cost: 7.7496e-04
 75/177 [===========>..................] - ETA: 4s - batch_cost: 0.0414 - reader cost: 7.5429e-04
 77/177 [============>.................] - ETA: 4s - batch_cost: 0.0415 - reader cost: 7.4769e-04
 79/177 [============>.................] - ETA: 4s - batch_cost: 0.0415 - reader cost: 7.2876e-04
 81/177 [============>.................] - ETA: 3s - batch_cost: 0.0415 - reader cost: 7.1077e-04
 83/177 [=============>................] - ETA: 3s - batch_cost: 0.0415 - reader cost: 6.9364e-04
 85/177 [=============>................] - ETA: 3s - batch_cost: 0.0415 - reader cost: 6.7732e-04
 87/177 [=============>................] - ETA: 3s - batch_cost: 0.0415 - reader cost: 6.6175e-04
 89/177 [==============>...............] - ETA: 3s - batch_cost: 0.0415 - reader cost: 6.4688e-04
 91/177 [==============>...............] - ETA: 3s - batch_cost: 0.0415 - reader cost: 6.3266e-04
 93/177 [==============>...............] - ETA: 3s - batch_cost: 0.0415 - reader cost: 6.1906e-04
 95/177 [===============>..............] - ETA: 3s - batch_cost: 0.0415 - reader cost: 6.1658e-04
 97/177 [===============>..............] - ETA: 3s - batch_cost: 0.0415 - reader cost: 6.0387e-04
 99/177 [===============>..............] - ETA: 3s - batch_cost: 0.0415 - reader cost: 5.9167e-04
101/177 [================>.............] - ETA: 3s - batch_cost: 0.0415 - reader cost: 5.7995e-04
103/177 [================>.............] - ETA: 3s - batch_cost: 0.0415 - reader cost: 5.6869e-04
105/177 [================>.............] - ETA: 2s - batch_cost: 0.0415 - reader cost: 5.5786e-04
107/177 [=================>............] - ETA: 2s - batch_cost: 0.0415 - reader cost: 5.4743e-04
109/177 [=================>............] - ETA: 2s - batch_cost: 0.0415 - reader cost: 5.3739e-04
111/177 [=================>............] - ETA: 2s - batch_cost: 0.0415 - reader cost: 5.2771e-04
113/177 [==================>...........] - ETA: 2s - batch_cost: 0.0415 - reader cost: 5.1837e-04
115/177 [==================>...........] - ETA: 2s - batch_cost: 0.0415 - reader cost: 5.0935e-04
117/177 [==================>...........] - ETA: 2s - batch_cost: 0.0415 - reader cost: 5.0064e-04
119/177 [===================>..........] - ETA: 2s - batch_cost: 0.0415 - reader cost: 4.9223e-04
121/177 [===================>..........] - ETA: 2s - batch_cost: 0.0415 - reader cost: 4.8409e-04
123/177 [===================>..........] - ETA: 2s - batch_cost: 0.0415 - reader cost: 4.7622e-04
125/177 [====================>.........] - ETA: 2s - batch_cost: 0.0415 - reader cost: 4.6860e-04
127/177 [====================>.........] - ETA: 2s - batch_cost: 0.0415 - reader cost: 4.6122e-04
129/177 [====================>.........] - ETA: 1s - batch_cost: 0.0415 - reader cost: 4.5407e-04
131/177 [=====================>........] - ETA: 1s - batch_cost: 0.0415 - reader cost: 4.4714e-04
133/177 [=====================>........] - ETA: 1s - batch_cost: 0.0415 - reader cost: 4.4042e-04
135/177 [=====================>........] - ETA: 1s - batch_cost: 0.0415 - reader cost: 4.3389e-04
137/177 [======================>.......] - ETA: 1s - batch_cost: 0.0415 - reader cost: 4.2756e-04
139/177 [======================>.......] - ETA: 1s - batch_cost: 0.0415 - reader cost: 4.2141e-04
141/177 [======================>.......] - ETA: 1s - batch_cost: 0.0415 - reader cost: 4.1543e-04
143/177 [=======================>......] - ETA: 1s - batch_cost: 0.0415 - reader cost: 4.1660e-04
145/177 [=======================>......] - ETA: 1s - batch_cost: 0.0415 - reader cost: 4.1085e-04
147/177 [=======================>......] - ETA: 1s - batch_cost: 0.0415 - reader cost: 4.1206e-04
149/177 [========================>.....] - ETA: 1s - batch_cost: 0.0415 - reader cost: 4.0653e-04
151/177 [========================>.....] - ETA: 1s - batch_cost: 0.0415 - reader cost: 4.0115e-04
153/177 [========================>.....] - ETA: 0s - batch_cost: 0.0415 - reader cost: 3.9590e-04
155/177 [=========================>....] - ETA: 0s - batch_cost: 0.0415 - reader cost: 3.9080e-04
157/177 [=========================>....] - ETA: 0s - batch_cost: 0.0415 - reader cost: 3.8582e-04
159/177 [=========================>....] - ETA: 0s - batch_cost: 0.0415 - reader cost: 3.8096e-04
161/177 [==========================>...] - ETA: 0s - batch_cost: 0.0415 - reader cost: 3.7623e-04
163/177 [==========================>...] - ETA: 0s - batch_cost: 0.0415 - reader cost: 3.7162e-04
165/177 [==========================>...] - ETA: 0s - batch_cost: 0.0415 - reader cost: 3.6711e-04
167/177 [===========================>..] - ETA: 0s - batch_cost: 0.0415 - reader cost: 3.6271e-04
169/177 [===========================>..] - ETA: 0s - batch_cost: 0.0415 - reader cost: 3.5842e-04
171/177 [===========================>..] - ETA: 0s - batch_cost: 0.0415 - reader cost: 3.5423e-04
173/177 [============================>.] - ETA: 0s - batch_cost: 0.0415 - reader cost: 3.5013e-04
175/177 [============================>.] - ETA: 0s - batch_cost: 0.0415 - reader cost: 3.4613e-04
177/177 [==============================] - 7s 42ms/step - batch_cost: 0.0415 - reader cost: 3.4788e-04
[2026/10/07 01:04:14] INFO: [EVAL] #Images: 177 mIoU: 0.8733 Acc: 0.9908 Kappa: 0.8564 Dice: 0.9282
[2026/10/07 01:04:14] INFO: [EVAL] Class IoU: 
[0.9905 0.7562]
[2026/10/07 01:04:14] INFO: [EVAL] Class Precision: 
[0.9965 0.8294]
[2026/10/07 01:04:14] INFO: [EVAL] Class Recall: 
[0.9939 0.8954]
[2026/10/07 01:04:14] INFO: [EVAL] The model with the best validation mIoU (0.8733) was saved at iter 16000.
[2026/10/07 01:04:14] INFO: [EVAL] The EMA model with the best validation mIoU (0.8733) was saved at iter 16000.
[2026/10/07 01:04:14] INFO: [TRAIN] epoch: 46, iter: 16010/18000, loss: 0.0348, lr: 0.000007, batch_cost: 0.0500, reader_cost: 0.00268, ips: 80.0525 samples/sec, max_mem_reserved: 1731 MB, max_mem_allocated: 1081 MB | ETA 00:01:39
[2026/10/07 01:04:15] INFO: [TRAIN] epoch: 46, iter: 16020/18000, loss: 0.0271, lr: 0.000007, batch_cost: 0.0851, reader_cost: 0.03658, ips: 47.0310 samples/sec, max_mem_reserved: 1731 MB, max_mem_allocated: 1081 MB | ETA 00:02:48
[2026/10/07 01:04:16] INFO: [TRAIN] epoch: 46, iter: 16030/18000, loss: 0.0255, lr: 0.000007, batch_cost: 0.0864, reader_cost: 0.03956, ips: 46.2825 samples/sec, max_mem_reserved: 1731 MB, max_mem_allocated: 1081 MB | ETA 00:02:50
[2026/10/07 01:04:17] INFO: [TRAIN] epoch: 46, iter: 16040/18000, loss: 0.0303, lr: 0.000007, batch_cost: 0.0849, reader_cost: 0.03802, ips: 47.1335 samples/sec, max_mem_reserved: 1731 MB, max_mem_allocated: 1081 MB | ETA 00:02:46
[2026/10/07 01:04:18] INFO: [TRAIN] epoch: 46, iter: 16050/18000, loss: 0.0256, lr: 0.000007, batch_cost: 0.0876, reader_cost: 0.04145, ips: 45.6577 samples/sec, max_mem_reserved: 1731 MB, max_mem_allocated: 1081 MB | ETA 00:02:50
[2026/10/07 01:04:19] INFO: [TRAIN] epoch: 46, iter: 16060/18000, loss: 0.0288, lr: 0.000006, batch_cost: 0.0858, reader_cost: 0.03655, ips: 46.6312 samples/sec, max_mem_reserved: 1731 MB, max_mem_allocated: 1081 MB | ETA 00:02:46
[2026/10/07 01:04:20] INFO: [TRAIN] epoch: 46, iter: 16070/18000, loss: 0.0249, lr: 0.000006, batch_cost: 0.0886, reader_cost: 0.04110, ips: 45.1251 samples/sec, max_mem_reserved: 1731 MB, max_mem_allocated: 1081 MB | ETA 00:02:51
[2026/10/07 01:04:21] INFO: [TRAIN] epoch: 46, iter: 16080/18000, loss: 0.0230, lr: 0.000006, batch_cost: 0.0814, reader_cost: 0.03527, ips: 49.1309 samples/sec, max_mem_reserved: 1731 MB, max_mem_allocated: 1081 MB | ETA 00:02:36
[2026/10/07 01:04:22] INFO: [TRAIN] epoch: 46, iter: 16090/18000, loss: 0.0356, lr: 0.000006, batch_cost: 0.0861, reader_cost: 0.03906, ips: 46.4559 samples/sec, max_mem_reserved: 1731 MB, max_mem_allocated: 1081 MB | ETA 00:02:44
[2026/10/07 01:04:23] INFO: [TRAIN] epoch: 46, iter: 16100/18000, loss: 0.0250, lr: 0.000006, batch_cost: 0.0849, reader_cost: 0.03661, ips: 47.1386 samples/sec, max_mem_reserved: 1731 MB, max_mem_allocated: 1081 MB | ETA 00:02:41
[2026/10/07 01:04:24] INFO: [TRAIN] epoch: 47, iter: 16110/18000, loss: 0.0299, lr: 0.000006, batch_cost: 0.0891, reader_cost: 0.04326, ips: 44.9169 samples/sec, max_mem_reserved: 1731 MB, max_mem_allocated: 1081 MB | ETA 00:02:48
[2026/10/07 01:04:25] INFO: [TRAIN] epoch: 47, iter: 16120/18000, loss: 0.0204, lr: 0.000006, batch_cost: 0.0845, reader_cost: 0.03713, ips: 47.3150 samples/sec, max_mem_reserved: 1731 MB, max_mem_allocated: 1081 MB | ETA 00:02:38
[2026/10/07 01:04:26] INFO: [TRAIN] epoch: 47, iter: 16130/18000, loss: 0.0296, lr: 0.000006, batch_cost: 0.0836, reader_cost: 0.03715, ips: 47.8407 samples/sec, max_mem_reserved: 1731 MB, max_mem_allocated: 1081 MB | ETA 00:02:36
[2026/10/07 01:04:27] INFO: [TRAIN] epoch: 47, iter: 16140/18000, loss: 0.0239, lr: 0.000006, batch_cost: 0.0852, reader_cost: 0.03910, ips: 46.9666 samples/sec, max_mem_reserved: 1731 MB, max_mem_allocated: 1081 MB | ETA 00:02:38
[2026/10/07 01:04:28] INFO: [TRAIN] epoch: 47, iter: 16150/18000, loss: 0.0264, lr: 0.000006, batch_cost: 0.0867, reader_cost: 0.03907, ips: 46.1477 samples/sec, max_mem_reserved: 1731 MB, max_mem_allocated: 1081 MB | ETA 00:02:40
[2026/10/07 01:04:29] INFO: [TRAIN] epoch: 47, iter: 16160/18000, loss: 0.0264, lr: 0.000006, batch_cost: 0.0862, reader_cost: 0.04052, ips: 46.4053 samples/sec, max_mem_reserved: 1731 MB, max_mem_allocated: 1081 MB | ETA 00:02:38
[2026/10/07 01:04:30] INFO: [TRAIN] epoch: 47, iter: 16170/18000, loss: 0.0327, lr: 0.000006, batch_cost: 0.0857, reader_cost: 0.03828, ips: 46.6998 samples/sec, max_mem_reserved: 1731 MB, max_mem_allocated: 1081 MB | ETA 00:02:36
[2026/10/07 01:04:31] INFO: [TRAIN] epoch: 47, iter: 16180/18000, loss: 0.0308, lr: 0.000006, batch_cost: 0.0814, reader_cost: 0.03488, ips: 49.1171 samples/sec, max_mem_reserved: 1731 MB, max_mem_allocated: 1081 MB | ETA 00:02:28
[2026/10/07 01:04:32] INFO: [TRAIN] epoch: 47, iter: 16190/18000, loss: 0.0417, lr: 0.000006, batch_cost: 0.0869, reader_cost: 0.03869, ips: 46.0109 samples/sec, max_mem_reserved: 1731 MB, max_mem_allocated: 1081 MB | ETA 00:02:37
[2026/10/07 01:04:33] INFO: [TRAIN] epoch: 47, iter: 16200/18000, loss: 0.0286, lr: 0.000006, batch_cost: 0.0824, reader_cost: 0.03577, ips: 48.5732 samples/sec, max_mem_reserved: 1731 MB, max_mem_allocated: 1081 MB | ETA 00:02:28
[2026/10/07 01:04:34] INFO: [TRAIN] epoch: 47, iter: 16210/18000, loss: 0.0269, lr: 0.000006, batch_cost: 0.0859, reader_cost: 0.03779, ips: 46.5538 samples/sec, max_mem_reserved: 1731 MB, max_mem_allocated: 1081 MB | ETA 00:02:33
[2026/10/07 01:04:35] INFO: [TRAIN] epoch: 47, iter: 16220/18000, loss: 0.0283, lr: 0.000006, batch_cost: 0.0838, reader_cost: 0.03428, ips: 47.7510 samples/sec, max_mem_reserved: 1731 MB, max_mem_allocated: 1081 MB | ETA 00:02:29
[2026/10/07 01:04:36] INFO: [TRAIN] epoch: 47, iter: 16230/18000, loss: 0.0307, lr: 0.000006, batch_cost: 0.0866, reader_cost: 0.04072, ips: 46.1965 samples/sec, max_mem_reserved: 1731 MB, max_mem_allocated: 1081 MB | ETA 00:02:33
[2026/10/07 01:04:37] INFO: [TRAIN] epoch: 47, iter: 16240/18000, loss: 0.0304, lr: 0.000006, batch_cost: 0.0869, reader_cost: 0.03888, ips: 46.0261 samples/sec, max_mem_reserved: 1731 MB, max_mem_allocated: 1081 MB | ETA 00:02:32
[2026/10/07 01:04:38] INFO: [TRAIN] epoch: 47, iter: 16250/18000, loss: 0.0333, lr: 0.000006, batch_cost: 0.0865, reader_cost: 0.03951, ips: 46.2673 samples/sec, max_mem_reserved: 1731 MB, max_mem_allocated: 1081 MB | ETA 00:02:31
[2026/10/07 01:04:39] INFO: [TRAIN] epoch: 47, iter: 16260/18000, loss: 0.0336, lr: 0.000006, batch_cost: 0.0862, reader_cost: 0.03920, ips: 46.4290 samples/sec, max_mem_reserved: 1731 MB, max_mem_allocated: 1081 MB | ETA 00:02:29
[2026/10/07 01:04:40] INFO: [TRAIN] epoch: 47, iter: 16270/18000, loss: 0.0301, lr: 0.000006, batch_cost: 0.0852, reader_cost: 0.03711, ips: 46.9373 samples/sec, max_mem_reserved: 1731 MB, max_mem_allocated: 1081 MB | ETA 00:02:27
[2026/10/07 01:04:41] INFO: [TRAIN] epoch: 47, iter: 16280/18000, loss: 0.0322, lr: 0.000006, batch_cost: 0.0834, reader_cost: 0.03590, ips: 47.9597 samples/sec, max_mem_reserved: 1731 MB, max_mem_allocated: 1081 MB | ETA 00:02:23
[2026/10/07 01:04:41] INFO: [TRAIN] epoch: 47, iter: 16290/18000, loss: 0.0373, lr: 0.000006, batch_cost: 0.0847, reader_cost: 0.03777, ips: 47.2111 samples/sec, max_mem_reserved: 1731 MB, max_mem_allocated: 1081 MB | ETA 00:02:24
[2026/10/07 01:04:42] INFO: [TRAIN] epoch: 47, iter: 16300/18000, loss: 0.0295, lr: 0.000006, batch_cost: 0.0816, reader_cost: 0.03418, ips: 48.9985 samples/sec, max_mem_reserved: 1731 MB, max_mem_allocated: 1081 MB | ETA 00:02:18
[2026/10/07 01:04:43] INFO: [TRAIN] epoch: 47, iter: 16310/18000, loss: 0.0253, lr: 0.000006, batch_cost: 0.0828, reader_cost: 0.03527, ips: 48.2818 samples/sec, max_mem_reserved: 1731 MB, max_mem_allocated: 1081 MB | ETA 00:02:20
[2026/10/07 01:04:44] INFO: [TRAIN] epoch: 47, iter: 16320/18000, loss: 0.0344, lr: 0.000006, batch_cost: 0.0813, reader_cost: 0.03376, ips: 49.2184 samples/sec, max_mem_reserved: 1731 MB, max_mem_allocated: 1081 MB | ETA 00:02:16
[2026/10/07 01:04:45] INFO: [TRAIN] epoch: 47, iter: 16330/18000, loss: 0.0320, lr: 0.000006, batch_cost: 0.0818, reader_cost: 0.03341, ips: 48.9193 samples/sec, max_mem_reserved: 1731 MB, max_mem_allocated: 1081 MB | ETA 00:02:16
[2026/10/07 01:04:46] INFO: [TRAIN] epoch: 47, iter: 16340/18000, loss: 0.0335, lr: 0.000006, batch_cost: 0.0806, reader_cost: 0.03257, ips: 49.6148 samples/sec, max_mem_reserved: 1731 MB, max_mem_allocated: 1081 MB | ETA 00:02:13
[2026/10/07 01:04:47] INFO: [TRAIN] epoch: 47, iter: 16350/18000, loss: 0.0250, lr: 0.000006, batch_cost: 0.0847, reader_cost: 0.03837, ips: 47.1984 samples/sec, max_mem_reserved: 1731 MB, max_mem_allocated: 1081 MB | ETA 00:02:19
[2026/10/07 01:04:48] INFO: [TRAIN] epoch: 47, iter: 16360/18000, loss: 0.0319, lr: 0.000005, batch_cost: 0.0863, reader_cost: 0.03827, ips: 46.3435 samples/sec, max_mem_reserved: 1731 MB, max_mem_allocated: 1081 MB | ETA 00:02:21
[2026/10/07 01:04:49] INFO: [TRAIN] epoch: 47, iter: 16370/18000, loss: 0.0306, lr: 0.000005, batch_cost: 0.0848, reader_cost: 0.03916, ips: 47.1772 samples/sec, max_mem_reserved: 1731 MB, max_mem_allocated: 1081 MB | ETA 00:02:18
[2026/10/07 01:04:50] INFO: [TRAIN] epoch: 47, iter: 16380/18000, loss: 0.0331, lr: 0.000005, batch_cost: 0.0838, reader_cost: 0.03631, ips: 47.7229 samples/sec, max_mem_reserved: 1731 MB, max_mem_allocated: 1081 MB | ETA 00:02:15
[2026/10/07 01:04:51] INFO: [TRAIN] epoch: 47, iter: 16390/18000, loss: 0.0259, lr: 0.000005, batch_cost: 0.0829, reader_cost: 0.03531, ips: 48.2741 samples/sec, max_mem_reserved: 1731 MB, max_mem_allocated: 1081 MB | ETA 00:02:13
[2026/10/07 01:04:52] INFO: [TRAIN] epoch: 47, iter: 16400/18000, loss: 0.0298, lr: 0.000005, batch_cost: 0.0814, reader_cost: 0.03420, ips: 49.1229 samples/sec, max_mem_reserved: 1731 MB, max_mem_allocated: 1081 MB | ETA 00:02:10
[2026/10/07 01:04:53] INFO: [TRAIN] epoch: 47, iter: 16410/18000, loss: 0.0256, lr: 0.000005, batch_cost: 0.0847, reader_cost: 0.03738, ips: 47.2145 samples/sec, max_mem_reserved: 1731 MB, max_mem_allocated: 1081 MB | ETA 00:02:14
[2026/10/07 01:04:54] INFO: [TRAIN] epoch: 47, iter: 16420/18000, loss: 0.0257, lr: 0.000005, batch_cost: 0.0836, reader_cost: 0.03553, ips: 47.8441 samples/sec, max_mem_reserved: 1731 MB, max_mem_allocated: 1081 MB | ETA 00:02:12
[2026/10/07 01:04:55] INFO: [TRAIN] epoch: 47, iter: 16430/18000, loss: 0.0279, lr: 0.000005, batch_cost: 0.0808, reader_cost: 0.03314, ips: 49.5310 samples/sec, max_mem_reserved: 1731 MB, max_mem_allocated: 1081 MB | ETA 00:02:06
[2026/10/07 01:04:56] INFO: [TRAIN] epoch: 47, iter: 16440/18000, loss: 0.0284, lr: 0.000005, batch_cost: 0.0854, reader_cost: 0.03733, ips: 46.8433 samples/sec, max_mem_reserved: 1731 MB, max_mem_allocated: 1081 MB | ETA 00:02:13
[2026/10/07 01:04:57] INFO: [TRAIN] epoch: 47, iter: 16450/18000, loss: 0.0305, lr: 0.000005, batch_cost: 0.0828, reader_cost: 0.03528, ips: 48.3023 samples/sec, max_mem_reserved: 1731 MB, max_mem_allocated: 1081 MB | ETA 00:02:08
[2026/10/07 01:04:58] INFO: [TRAIN] epoch: 48, iter: 16460/18000, loss: 0.0315, lr: 0.000005, batch_cost: 0.0866, reader_cost: 0.03919, ips: 46.2109 samples/sec, max_mem_reserved: 1731 MB, max_mem_allocated: 1081 MB | ETA 00:02:13
[2026/10/07 01:04:59] INFO: [TRAIN] epoch: 48, iter: 16470/18000, loss: 0.0282, lr: 0.000005, batch_cost: 0.0837, reader_cost: 0.03600, ips: 47.7933 samples/sec, max_mem_reserved: 1731 MB, max_mem_allocated: 1081 MB | ETA 00:02:08
[2026/10/07 01:05:00] INFO: [TRAIN] epoch: 48, iter: 16480/18000, loss: 0.0352, lr: 0.000005, batch_cost: 0.0827, reader_cost: 0.03486, ips: 48.3940 samples/sec, max_mem_reserved: 1731 MB, max_mem_allocated: 1081 MB | ETA 00:02:05
[2026/10/07 01:05:01] INFO: [TRAIN] epoch: 48, iter: 16490/18000, loss: 0.0288, lr: 0.000005, batch_cost: 0.0806, reader_cost: 0.03263, ips: 49.6131 samples/sec, max_mem_reserved: 1731 MB, max_mem_allocated: 1081 MB | ETA 00:02:01
[2026/10/07 01:05:01] INFO: [TRAIN] epoch: 48, iter: 16500/18000, loss: 0.0232, lr: 0.000005, batch_cost: 0.0780, reader_cost: 0.03056, ips: 51.3052 samples/sec, max_mem_reserved: 1731 MB, max_mem_allocated: 1081 MB | ETA 00:01:56
[2026/10/07 01:05:02] INFO: [TRAIN] epoch: 48, iter: 16510/18000, loss: 0.0292, lr: 0.000005, batch_cost: 0.0810, reader_cost: 0.03184, ips: 49.3755 samples/sec, max_mem_reserved: 1731 MB, max_mem_allocated: 1081 MB | ETA 00:02:00
[2026/10/07 01:05:03] INFO: [TRAIN] epoch: 48, iter: 16520/18000, loss: 0.0214, lr: 0.000005, batch_cost: 0.0815, reader_cost: 0.03446, ips: 49.0638 samples/sec, max_mem_reserved: 1731 MB, max_mem_allocated: 1081 MB | ETA 00:02:00
[2026/10/07 01:05:04] INFO: [TRAIN] epoch: 48, iter: 16530/18000, loss: 0.0324, lr: 0.000005, batch_cost: 0.0819, reader_cost: 0.03469, ips: 48.8382 samples/sec, max_mem_reserved: 1731 MB, max_mem_allocated: 1081 MB | ETA 00:02:00
[2026/10/07 01:05:05] INFO: [TRAIN] epoch: 48, iter: 16540/18000, loss: 0.0255, lr: 0.000005, batch_cost: 0.0841, reader_cost: 0.03735, ips: 47.5658 samples/sec, max_mem_reserved: 1731 MB, max_mem_allocated: 1081 MB | ETA 00:02:02
[2026/10/07 01:05:06] INFO: [TRAIN] epoch: 48, iter: 16550/18000, loss: 0.0280, lr: 0.000005, batch_cost: 0.0800, reader_cost: 0.03166, ips: 49.9995 samples/sec, max_mem_reserved: 1731 MB, max_mem_allocated: 1081 MB | ETA 00:01:56
[2026/10/07 01:05:07] INFO: [TRAIN] epoch: 48, iter: 16560/18000, loss: 0.0336, lr: 0.000005, batch_cost: 0.0813, reader_cost: 0.03166, ips: 49.2239 samples/sec, max_mem_reserved: 1731 MB, max_mem_allocated: 1081 MB | ETA 00:01:57
[2026/10/07 01:05:08] INFO: [TRAIN] epoch: 48, iter: 16570/18000, loss: 0.0312, lr: 0.000005, batch_cost: 0.0788, reader_cost: 0.03081, ips: 50.7704 samples/sec, max_mem_reserved: 1731 MB, max_mem_allocated: 1081 MB | ETA 00:01:52
[2026/10/07 01:05:09] INFO: [TRAIN] epoch: 48, iter: 16580/18000, loss: 0.0269, lr: 0.000005, batch_cost: 0.0774, reader_cost: 0.02829, ips: 51.6678 samples/sec, max_mem_reserved: 1731 MB, max_mem_allocated: 1081 MB | ETA 00:01:49
[2026/10/07 01:05:10] INFO: [TRAIN] epoch: 48, iter: 16590/18000, loss: 0.0271, lr: 0.000005, batch_cost: 0.0789, reader_cost: 0.02984, ips: 50.6694 samples/sec, max_mem_reserved: 1731 MB, max_mem_allocated: 1081 MB | ETA 00:01:51
[2026/10/07 01:05:11] INFO: [TRAIN] epoch: 48, iter: 16600/18000, loss: 0.0275, lr: 0.000005, batch_cost: 0.0804, reader_cost: 0.03114, ips: 49.7259 samples/sec, max_mem_reserved: 1731 MB, max_mem_allocated: 1081 MB | ETA 00:01:52
[2026/10/07 01:05:12] INFO: [TRAIN] epoch: 48, iter: 16610/18000, loss: 0.0254, lr: 0.000005, batch_cost: 0.0825, reader_cost: 0.03340, ips: 48.5065 samples/sec, max_mem_reserved: 1731 MB, max_mem_allocated: 1081 MB | ETA 00:01:54
[2026/10/07 01:05:13] INFO: [TRAIN] epoch: 48, iter: 16620/18000, loss: 0.0263, lr: 0.000005, batch_cost: 0.0783, reader_cost: 0.02945, ips: 51.1161 samples/sec, max_mem_reserved: 1731 MB, max_mem_allocated: 1081 MB | ETA 00:01:47
[2026/10/07 01:05:14] INFO: [TRAIN] epoch: 48, iter: 16630/18000, loss: 0.0294, lr: 0.000005, batch_cost: 0.0824, reader_cost: 0.03321, ips: 48.5286 samples/sec, max_mem_reserved: 1731 MB, max_mem_allocated: 1081 MB | ETA 00:01:52
[2026/10/07 01:05:14] INFO: [TRAIN] epoch: 48, iter: 16640/18000, loss: 0.0343, lr: 0.000005, batch_cost: 0.0818, reader_cost: 0.03364, ips: 48.8883 samples/sec, max_mem_reserved: 1731 MB, max_mem_allocated: 1081 MB | ETA 00:01:51
[2026/10/07 01:05:15] INFO: [TRAIN] epoch: 48, iter: 16650/18000, loss: 0.0345, lr: 0.000005, batch_cost: 0.0809, reader_cost: 0.03229, ips: 49.4605 samples/sec, max_mem_reserved: 1731 MB, max_mem_allocated: 1081 MB | ETA 00:01:49
[2026/10/07 01:05:16] INFO: [TRAIN] epoch: 48, iter: 16660/18000, loss: 0.0313, lr: 0.000004, batch_cost: 0.0792, reader_cost: 0.03151, ips: 50.4894 samples/sec, max_mem_reserved: 1731 MB, max_mem_allocated: 1081 MB | ETA 00:01:46
[2026/10/07 01:05:17] INFO: [TRAIN] epoch: 48, iter: 16670/18000, loss: 0.0230, lr: 0.000004, batch_cost: 0.0818, reader_cost: 0.03432, ips: 48.9135 samples/sec, max_mem_reserved: 1731 MB, max_mem_allocated: 1081 MB | ETA 00:01:48
[2026/10/07 01:05:18] INFO: [TRAIN] epoch: 48, iter: 16680/18000, loss: 0.0294, lr: 0.000004, batch_cost: 0.0838, reader_cost: 0.03685, ips: 47.7505 samples/sec, max_mem_reserved: 1731 MB, max_mem_allocated: 1081 MB | ETA 00:01:50
[2026/10/07 01:05:19] INFO: [TRAIN] epoch: 48, iter: 16690/18000, loss: 0.0318, lr: 0.000004, batch_cost: 0.0857, reader_cost: 0.03914, ips: 46.6826 samples/sec, max_mem_reserved: 1731 MB, max_mem_allocated: 1081 MB | ETA 00:01:52
[2026/10/07 01:05:20] INFO: [TRAIN] epoch: 48, iter: 16700/18000, loss: 0.0291, lr: 0.000004, batch_cost: 0.0830, reader_cost: 0.03534, ips: 48.1751 samples/sec, max_mem_reserved: 1731 MB, max_mem_allocated: 1081 MB | ETA 00:01:47
[2026/10/07 01:05:21] INFO: [TRAIN] epoch: 48, iter: 16710/18000, loss: 0.0265, lr: 0.000004, batch_cost: 0.0853, reader_cost: 0.03837, ips: 46.8767 samples/sec, max_mem_reserved: 1731 MB, max_mem_allocated: 1081 MB | ETA 00:01:50
[2026/10/07 01:05:22] INFO: [TRAIN] epoch: 48, iter: 16720/18000, loss: 0.0257, lr: 0.000004, batch_cost: 0.0833, reader_cost: 0.03734, ips: 47.9969 samples/sec, max_mem_reserved: 1731 MB, max_mem_allocated: 1081 MB | ETA 00:01:46
[2026/10/07 01:05:23] INFO: [TRAIN] epoch: 48, iter: 16730/18000, loss: 0.0282, lr: 0.000004, batch_cost: 0.0814, reader_cost: 0.03483, ips: 49.1236 samples/sec, max_mem_reserved: 1731 MB, max_mem_allocated: 1081 MB | ETA 00:01:43
[2026/10/07 01:05:24] INFO: [TRAIN] epoch: 48, iter: 16740/18000, loss: 0.0408, lr: 0.000004, batch_cost: 0.0788, reader_cost: 0.03056, ips: 50.7835 samples/sec, max_mem_reserved: 1731 MB, max_mem_allocated: 1081 MB | ETA 00:01:39
[2026/10/07 01:05:25] INFO: [TRAIN] epoch: 48, iter: 16750/18000, loss: 0.0332, lr: 0.000004, batch_cost: 0.0824, reader_cost: 0.03603, ips: 48.5483 samples/sec, max_mem_reserved: 1731 MB, max_mem_allocated: 1081 MB | ETA 00:01:42
[2026/10/07 01:05:26] INFO: [TRAIN] epoch: 48, iter: 16760/18000, loss: 0.0292, lr: 0.000004, batch_cost: 0.0811, reader_cost: 0.03383, ips: 49.3366 samples/sec, max_mem_reserved: 1731 MB, max_mem_allocated: 1081 MB | ETA 00:01:40
[2026/10/07 01:05:27] INFO: [TRAIN] epoch: 48, iter: 16770/18000, loss: 0.0278, lr: 0.000004, batch_cost: 0.0832, reader_cost: 0.03536, ips: 48.0581 samples/sec, max_mem_reserved: 1731 MB, max_mem_allocated: 1081 MB | ETA 00:01:42
[2026/10/07 01:05:28] INFO: [TRAIN] epoch: 48, iter: 16780/18000, loss: 0.0332, lr: 0.000004, batch_cost: 0.0831, reader_cost: 0.03678, ips: 48.1108 samples/sec, max_mem_reserved: 1731 MB, max_mem_allocated: 1081 MB | ETA 00:01:41
[2026/10/07 01:05:29] INFO: [TRAIN] epoch: 48, iter: 16790/18000, loss: 0.0220, lr: 0.000004, batch_cost: 0.0796, reader_cost: 0.03046, ips: 50.2243 samples/sec, max_mem_reserved: 1731 MB, max_mem_allocated: 1081 MB | ETA 00:01:36
[2026/10/07 01:05:29] INFO: [TRAIN] epoch: 48, iter: 16800/18000, loss: 0.0312, lr: 0.000004, batch_cost: 0.0790, reader_cost: 0.03158, ips: 50.6543 samples/sec, max_mem_reserved: 1731 MB, max_mem_allocated: 1081 MB | ETA 00:01:34
[2026/10/07 01:05:30] INFO: [TRAIN] epoch: 49, iter: 16810/18000, loss: 0.0236, lr: 0.000004, batch_cost: 0.0878, reader_cost: 0.04071, ips: 45.5568 samples/sec, max_mem_reserved: 1731 MB, max_mem_allocated: 1081 MB | ETA 00:01:44
[2026/10/07 01:05:31] INFO: [TRAIN] epoch: 49, iter: 16820/18000, loss: 0.0305, lr: 0.000004, batch_cost: 0.0842, reader_cost: 0.03794, ips: 47.5093 samples/sec, max_mem_reserved: 1731 MB, max_mem_allocated: 1081 MB | ETA 00:01:39
[2026/10/07 01:05:32] INFO: [TRAIN] epoch: 49, iter: 16830/18000, loss: 0.0346, lr: 0.000004, batch_cost: 0.0827, reader_cost: 0.03661, ips: 48.3411 samples/sec, max_mem_reserved: 1731 MB, max_mem_allocated: 1081 MB | ETA 00:01:36
[2026/10/07 01:05:33] INFO: [TRAIN] epoch: 49, iter: 16840/18000, loss: 0.0275, lr: 0.000004, batch_cost: 0.0871, reader_cost: 0.03892, ips: 45.9487 samples/sec, max_mem_reserved: 1731 MB, max_mem_allocated: 1081 MB | ETA 00:01:40
[2026/10/07 01:05:34] INFO: [TRAIN] epoch: 49, iter: 16850/18000, loss: 0.0413, lr: 0.000004, batch_cost: 0.0827, reader_cost: 0.03550, ips: 48.3962 samples/sec, max_mem_reserved: 1731 MB, max_mem_allocated: 1081 MB | ETA 00:01:35
[2026/10/07 01:05:35] INFO: [TRAIN] epoch: 49, iter: 16860/18000, loss: 0.0275, lr: 0.000004, batch_cost: 0.0874, reader_cost: 0.04062, ips: 45.7543 samples/sec, max_mem_reserved: 1731 MB, max_mem_allocated: 1081 MB | ETA 00:01:39
[2026/10/07 01:05:36] INFO: [TRAIN] epoch: 49, iter: 16870/18000, loss: 0.0283, lr: 0.000004, batch_cost: 0.0846, reader_cost: 0.03626, ips: 47.2728 samples/sec, max_mem_reserved: 1731 MB, max_mem_allocated: 1081 MB | ETA 00:01:35
[2026/10/07 01:05:37] INFO: [TRAIN] epoch: 49, iter: 16880/18000, loss: 0.0268, lr: 0.000004, batch_cost: 0.0827, reader_cost: 0.03517, ips: 48.3692 samples/sec, max_mem_reserved: 1731 MB, max_mem_allocated: 1081 MB | ETA 00:01:32
[2026/10/07 01:05:38] INFO: [TRAIN] epoch: 49, iter: 16890/18000, loss: 0.0353, lr: 0.000004, batch_cost: 0.0816, reader_cost: 0.03301, ips: 48.9981 samples/sec, max_mem_reserved: 1731 MB, max_mem_allocated: 1081 MB | ETA 00:01:30
[2026/10/07 01:05:39] INFO: [TRAIN] epoch: 49, iter: 16900/18000, loss: 0.0308, lr: 0.000004, batch_cost: 0.0824, reader_cost: 0.03394, ips: 48.5553 samples/sec, max_mem_reserved: 1731 MB, max_mem_allocated: 1081 MB | ETA 00:01:30
[2026/10/07 01:05:40] INFO: [TRAIN] epoch: 49, iter: 16910/18000, loss: 0.0215, lr: 0.000004, batch_cost: 0.0882, reader_cost: 0.04063, ips: 45.3427 samples/sec, max_mem_reserved: 1731 MB, max_mem_allocated: 1081 MB | ETA 00:01:36
[2026/10/07 01:05:41] INFO: [TRAIN] epoch: 49, iter: 16920/18000, loss: 0.0299, lr: 0.000004, batch_cost: 0.0861, reader_cost: 0.03772, ips: 46.4702 samples/sec, max_mem_reserved: 1731 MB, max_mem_allocated: 1081 MB | ETA 00:01:32
[2026/10/07 01:05:42] INFO: [TRAIN] epoch: 49, iter: 16930/18000, loss: 0.0330, lr: 0.000004, batch_cost: 0.0867, reader_cost: 0.03671, ips: 46.1386 samples/sec, max_mem_reserved: 1731 MB, max_mem_allocated: 1081 MB | ETA 00:01:32
[2026/10/07 01:05:43] INFO: [TRAIN] epoch: 49, iter: 16940/18000, loss: 0.0275, lr: 0.000004, batch_cost: 0.0828, reader_cost: 0.03610, ips: 48.2983 samples/sec, max_mem_reserved: 1731 MB, max_mem_allocated: 1081 MB | ETA 00:01:27
[2026/10/07 01:05:44] INFO: [TRAIN] epoch: 49, iter: 16950/18000, loss: 0.0323, lr: 0.000004, batch_cost: 0.0832, reader_cost: 0.03582, ips: 48.0916 samples/sec, max_mem_reserved: 1731 MB, max_mem_allocated: 1081 MB | ETA 00:01:27
[2026/10/07 01:05:45] INFO: [TRAIN] epoch: 49, iter: 16960/18000, loss: 0.0298, lr: 0.000003, batch_cost: 0.0864, reader_cost: 0.04089, ips: 46.2696 samples/sec, max_mem_reserved: 1731 MB, max_mem_allocated: 1081 MB | ETA 00:01:29
[2026/10/07 01:05:46] INFO: [TRAIN] epoch: 49, iter: 16970/18000, loss: 0.0214, lr: 0.000003, batch_cost: 0.0869, reader_cost: 0.03893, ips: 46.0468 samples/sec, max_mem_reserved: 1731 MB, max_mem_allocated: 1081 MB | ETA 00:01:29
[2026/10/07 01:05:47] INFO: [TRAIN] epoch: 49, iter: 16980/18000, loss: 0.0300, lr: 0.000003, batch_cost: 0.0837, reader_cost: 0.03292, ips: 47.8035 samples/sec, max_mem_reserved: 1731 MB, max_mem_allocated: 1081 MB | ETA 00:01:25
[2026/10/07 01:05:48] INFO: [TRAIN] epoch: 49, iter: 16990/18000, loss: 0.0274, lr: 0.000003, batch_cost: 0.0812, reader_cost: 0.03140, ips: 49.2519 samples/sec, max_mem_reserved: 1731 MB, max_mem_allocated: 1081 MB | ETA 00:01:22
[2026/10/07 01:05:49] INFO: [TRAIN] epoch: 49, iter: 17000/18000, loss: 0.0248, lr: 0.000003, batch_cost: 0.0850, reader_cost: 0.03679, ips: 47.0548 samples/sec, max_mem_reserved: 1731 MB, max_mem_allocated: 1081 MB | ETA 00:01:25
[2026/10/07 01:05:49] INFO: Start evaluating (total_samples: 177, total_iters: 177)...

  1/177 [..............................] - ETA: 9s - batch_cost: 0.0525 - reader cost: 0.0390
  2/177 [..............................] - ETA: 9s - batch_cost: 0.0516 - reader cost: 0.0298
  4/177 [..............................] - ETA: 7s - batch_cost: 0.0454 - reader cost: 0.0180
  6/177 [>.............................] - ETA: 7s - batch_cost: 0.0453 - reader cost: 0.0124
  8/177 [>.............................] - ETA: 7s - batch_cost: 0.0441 - reader cost: 0.0093
 10/177 [>.............................] - ETA: 7s - batch_cost: 0.0439 - reader cost: 0.0074
 12/177 [=>............................] - ETA: 7s - batch_cost: 0.0432 - reader cost: 0.0062
 14/177 [=>............................] - ETA: 7s - batch_cost: 0.0431 - reader cost: 0.0054
 16/177 [=>............................] - ETA: 6s - batch_cost: 0.0428 - reader cost: 0.0047
 18/177 [==>...........................] - ETA: 6s - batch_cost: 0.0427 - reader cost: 0.0042
 20/177 [==>...........................] - ETA: 6s - batch_cost: 0.0425 - reader cost: 0.0038
 22/177 [==>...........................] - ETA: 6s - batch_cost: 0.0425 - reader cost: 0.0035
 24/177 [===>..........................] - ETA: 6s - batch_cost: 0.0423 - reader cost: 0.0032
 26/177 [===>..........................] - ETA: 6s - batch_cost: 0.0423 - reader cost: 0.0030
 28/177 [===>..........................] - ETA: 6s - batch_cost: 0.0423 - reader cost: 0.0027
 30/177 [====>.........................] - ETA: 6s - batch_cost: 0.0422 - reader cost: 0.0026
 32/177 [====>.........................] - ETA: 6s - batch_cost: 0.0422 - reader cost: 0.0024
 34/177 [====>.........................] - ETA: 6s - batch_cost: 0.0422 - reader cost: 0.0023
 36/177 [=====>........................] - ETA: 5s - batch_cost: 0.0421 - reader cost: 0.0022
 38/177 [=====>........................] - ETA: 5s - batch_cost: 0.0421 - reader cost: 0.0020
 40/177 [=====>........................] - ETA: 5s - batch_cost: 0.0421 - reader cost: 0.0019
 42/177 [======>.......................] - ETA: 5s - batch_cost: 0.0420 - reader cost: 0.0018
 44/177 [======>.......................] - ETA: 5s - batch_cost: 0.0420 - reader cost: 0.0018
 46/177 [======>.......................] - ETA: 5s - batch_cost: 0.0420 - reader cost: 0.0017
 48/177 [=======>......................] - ETA: 5s - batch_cost: 0.0420 - reader cost: 0.0016
 50/177 [=======>......................] - ETA: 5s - batch_cost: 0.0419 - reader cost: 0.0015
 52/177 [=======>......................] - ETA: 5s - batch_cost: 0.0419 - reader cost: 0.0015
 54/177 [========>.....................] - ETA: 5s - batch_cost: 0.0419 - reader cost: 0.0014
 56/177 [========>.....................] - ETA: 5s - batch_cost: 0.0420 - reader cost: 0.0014
 58/177 [========>.....................] - ETA: 5s - batch_cost: 0.0420 - reader cost: 0.0013
 60/177 [=========>....................] - ETA: 4s - batch_cost: 0.0419 - reader cost: 0.0013
 62/177 [=========>....................] - ETA: 4s - batch_cost: 0.0418 - reader cost: 0.0013
 64/177 [=========>....................] - ETA: 4s - batch_cost: 0.0418 - reader cost: 0.0012
 66/177 [==========>...................] - ETA: 4s - batch_cost: 0.0418 - reader cost: 0.0012
 68/177 [==========>...................] - ETA: 4s - batch_cost: 0.0418 - reader cost: 0.0012
 70/177 [==========>...................] - ETA: 4s - batch_cost: 0.0418 - reader cost: 0.0011
 72/177 [===========>..................] - ETA: 4s - batch_cost: 0.0418 - reader cost: 0.0011
 74/177 [===========>..................] - ETA: 4s - batch_cost: 0.0417 - reader cost: 0.0011
 76/177 [===========>..................] - ETA: 4s - batch_cost: 0.0417 - reader cost: 0.0010
 78/177 [============>.................] - ETA: 4s - batch_cost: 0.0417 - reader cost: 0.0010
 80/177 [============>.................] - ETA: 4s - batch_cost: 0.0417 - reader cost: 9.9328e-04
 82/177 [============>.................] - ETA: 3s - batch_cost: 0.0417 - reader cost: 9.6905e-04
 84/177 [=============>................] - ETA: 3s - batch_cost: 0.0417 - reader cost: 9.4598e-04
 86/177 [=============>................] - ETA: 3s - batch_cost: 0.0417 - reader cost: 9.2398e-04
 88/177 [=============>................] - ETA: 3s - batch_cost: 0.0417 - reader cost: 9.0298e-04
 90/177 [==============>...............] - ETA: 3s - batch_cost: 0.0416 - reader cost: 8.8291e-04
 92/177 [==============>...............] - ETA: 3s - batch_cost: 0.0416 - reader cost: 8.6372e-04
 94/177 [==============>...............] - ETA: 3s - batch_cost: 0.0416 - reader cost: 8.4534e-04
 96/177 [===============>..............] - ETA: 3s - batch_cost: 0.0416 - reader cost: 8.2773e-04
 98/177 [===============>..............] - ETA: 3s - batch_cost: 0.0416 - reader cost: 8.1084e-04
100/177 [===============>..............] - ETA: 3s - batch_cost: 0.0416 - reader cost: 7.9462e-04
102/177 [================>.............] - ETA: 3s - batch_cost: 0.0416 - reader cost: 7.8888e-04
104/177 [================>.............] - ETA: 3s - batch_cost: 0.0416 - reader cost: 7.7371e-04
106/177 [================>.............] - ETA: 2s - batch_cost: 0.0416 - reader cost: 7.5911e-04
108/177 [=================>............] - ETA: 2s - batch_cost: 0.0416 - reader cost: 7.4506e-04
110/177 [=================>............] - ETA: 2s - batch_cost: 0.0416 - reader cost: 7.3151e-04
112/177 [=================>............] - ETA: 2s - batch_cost: 0.0416 - reader cost: 7.1845e-04
114/177 [==================>...........] - ETA: 2s - batch_cost: 0.0416 - reader cost: 7.0584e-04
116/177 [==================>...........] - ETA: 2s - batch_cost: 0.0416 - reader cost: 6.9367e-04
118/177 [===================>..........] - ETA: 2s - batch_cost: 0.0416 - reader cost: 6.8192e-04
120/177 [===================>..........] - ETA: 2s - batch_cost: 0.0416 - reader cost: 6.7055e-04
122/177 [===================>..........] - ETA: 2s - batch_cost: 0.0416 - reader cost: 6.5956e-04
124/177 [====================>.........] - ETA: 2s - batch_cost: 0.0416 - reader cost: 6.4892e-04
126/177 [====================>.........] - ETA: 2s - batch_cost: 0.0416 - reader cost: 6.4263e-04
128/177 [====================>.........] - ETA: 2s - batch_cost: 0.0416 - reader cost: 6.3259e-04
130/177 [=====================>........] - ETA: 1s - batch_cost: 0.0416 - reader cost: 6.2286e-04
132/177 [=====================>........] - ETA: 1s - batch_cost: 0.0416 - reader cost: 6.2099e-04
134/177 [=====================>........] - ETA: 1s - batch_cost: 0.0416 - reader cost: 6.1172e-04
136/177 [======================>.......] - ETA: 1s - batch_cost: 0.0416 - reader cost: 6.0272e-04
138/177 [======================>.......] - ETA: 1s - batch_cost: 0.0416 - reader cost: 5.9399e-04
140/177 [======================>.......] - ETA: 1s - batch_cost: 0.0416 - reader cost: 5.8550e-04
142/177 [=======================>......] - ETA: 1s - batch_cost: 0.0416 - reader cost: 5.7726e-04
144/177 [=======================>......] - ETA: 1s - batch_cost: 0.0416 - reader cost: 5.6924e-04
146/177 [=======================>......] - ETA: 1s - batch_cost: 0.0416 - reader cost: 5.6144e-04
148/177 [========================>.....] - ETA: 1s - batch_cost: 0.0416 - reader cost: 5.5385e-04
150/177 [========================>.....] - ETA: 1s - batch_cost: 0.0416 - reader cost: 5.5017e-04
152/177 [========================>.....] - ETA: 1s - batch_cost: 0.0416 - reader cost: 5.4293e-04
154/177 [=========================>....] - ETA: 0s - batch_cost: 0.0416 - reader cost: 5.3588e-04
156/177 [=========================>....] - ETA: 0s - batch_cost: 0.0416 - reader cost: 5.3542e-04
158/177 [=========================>....] - ETA: 0s - batch_cost: 0.0416 - reader cost: 5.2864e-04
160/177 [==========================>...] - ETA: 0s - batch_cost: 0.0415 - reader cost: 5.2204e-04
162/177 [==========================>...] - ETA: 0s - batch_cost: 0.0416 - reader cost: 5.1559e-04
164/177 [==========================>...] - ETA: 0s - batch_cost: 0.0416 - reader cost: 5.0930e-04
166/177 [===========================>..] - ETA: 0s - batch_cost: 0.0415 - reader cost: 5.0317e-04
168/177 [===========================>..] - ETA: 0s - batch_cost: 0.0415 - reader cost: 4.9718e-04
170/177 [===========================>..] - ETA: 0s - batch_cost: 0.0415 - reader cost: 4.9133e-04
172/177 [============================>.] - ETA: 0s - batch_cost: 0.0415 - reader cost: 4.9142e-04
174/177 [============================>.] - ETA: 0s - batch_cost: 0.0415 - reader cost: 4.8578e-04
176/177 [============================>.] - ETA: 0s - batch_cost: 0.0415 - reader cost: 4.8025e-04
177/177 [==============================] - 7s 42ms/step - batch_cost: 0.0415 - reader cost: 4.7754e-04
[2026/10/07 01:05:56] INFO: [EVAL] #Images: 177 mIoU: 0.8736 Acc: 0.9909 Kappa: 0.8568 Dice: 0.9284
[2026/10/07 01:05:56] INFO: [EVAL] Class IoU: 
[0.9906 0.7566]
[2026/10/07 01:05:56] INFO: [EVAL] Class Precision: 
[0.9962 0.8399]
[2026/10/07 01:05:56] INFO: [EVAL] Class Recall: 
[0.9944 0.8842]
[2026/10/07 01:05:56] INFO: Start evaluating (total_samples: 177, total_iters: 177)...

  1/177 [..............................] - ETA: 7s - batch_cost: 0.0417 - reader cost: 0.0318
  3/177 [..............................] - ETA: 7s - batch_cost: 0.0409 - reader cost: 0.0159
  5/177 [..............................] - ETA: 7s - batch_cost: 0.0416 - reader cost: 0.0096
  7/177 [>.............................] - ETA: 7s - batch_cost: 0.0417 - reader cost: 0.0070
  9/177 [>.............................] - ETA: 7s - batch_cost: 0.0420 - reader cost: 0.0054
 11/177 [>.............................] - ETA: 6s - batch_cost: 0.0418 - reader cost: 0.0044
 13/177 [=>............................] - ETA: 6s - batch_cost: 0.0418 - reader cost: 0.0038
 15/177 [=>............................] - ETA: 6s - batch_cost: 0.0417 - reader cost: 0.0033
 17/177 [=>............................] - ETA: 6s - batch_cost: 0.0417 - reader cost: 0.0029
 19/177 [==>...........................] - ETA: 6s - batch_cost: 0.0417 - reader cost: 0.0026
 21/177 [==>...........................] - ETA: 6s - batch_cost: 0.0416 - reader cost: 0.0024
 23/177 [==>...........................] - ETA: 6s - batch_cost: 0.0415 - reader cost: 0.0022
 25/177 [===>..........................] - ETA: 6s - batch_cost: 0.0415 - reader cost: 0.0020
 27/177 [===>..........................] - ETA: 6s - batch_cost: 0.0415 - reader cost: 0.0018
 29/177 [===>..........................] - ETA: 6s - batch_cost: 0.0415 - reader cost: 0.0018
 31/177 [====>.........................] - ETA: 6s - batch_cost: 0.0415 - reader cost: 0.0016
 33/177 [====>.........................] - ETA: 5s - batch_cost: 0.0415 - reader cost: 0.0015
 35/177 [====>.........................] - ETA: 5s - batch_cost: 0.0415 - reader cost: 0.0015
 37/177 [=====>........................] - ETA: 5s - batch_cost: 0.0415 - reader cost: 0.0014
 39/177 [=====>........................] - ETA: 5s - batch_cost: 0.0415 - reader cost: 0.0013
 41/177 [=====>........................] - ETA: 5s - batch_cost: 0.0414 - reader cost: 0.0012
 43/177 [======>.......................] - ETA: 5s - batch_cost: 0.0415 - reader cost: 0.0012
 45/177 [======>.......................] - ETA: 5s - batch_cost: 0.0415 - reader cost: 0.0011
 47/177 [======>.......................] - ETA: 5s - batch_cost: 0.0415 - reader cost: 0.0011
 49/177 [=======>......................] - ETA: 5s - batch_cost: 0.0415 - reader cost: 0.0010
 51/177 [=======>......................] - ETA: 5s - batch_cost: 0.0414 - reader cost: 9.9673e-04
 53/177 [=======>......................] - ETA: 5s - batch_cost: 0.0415 - reader cost: 9.5912e-04
 55/177 [========>.....................] - ETA: 5s - batch_cost: 0.0415 - reader cost: 9.6073e-04
 57/177 [========>.....................] - ETA: 4s - batch_cost: 0.0415 - reader cost: 9.2702e-04
 59/177 [=========>....................] - ETA: 4s - batch_cost: 0.0415 - reader cost: 8.9559e-04
 61/177 [=========>....................] - ETA: 4s - batch_cost: 0.0415 - reader cost: 8.6623e-04
 63/177 [=========>....................] - ETA: 4s - batch_cost: 0.0415 - reader cost: 8.3873e-04
 65/177 [==========>...................] - ETA: 4s - batch_cost: 0.0415 - reader cost: 8.1292e-04
 67/177 [==========>...................] - ETA: 4s - batch_cost: 0.0415 - reader cost: 7.8866e-04
 69/177 [==========>...................] - ETA: 4s - batch_cost: 0.0415 - reader cost: 7.6580e-04
 71/177 [===========>..................] - ETA: 4s - batch_cost: 0.0415 - reader cost: 7.5840e-04
 73/177 [===========>..................] - ETA: 4s - batch_cost: 0.0415 - reader cost: 7.3762e-04
 75/177 [===========>..................] - ETA: 4s - batch_cost: 0.0415 - reader cost: 7.1795e-04
 77/177 [============>.................] - ETA: 4s - batch_cost: 0.0415 - reader cost: 6.9930e-04
 79/177 [============>.................] - ETA: 4s - batch_cost: 0.0415 - reader cost: 6.9425e-04
 81/177 [============>.................] - ETA: 3s - batch_cost: 0.0415 - reader cost: 6.7711e-04
 83/177 [=============>................] - ETA: 3s - batch_cost: 0.0415 - reader cost: 6.7892e-04
 85/177 [=============>................] - ETA: 3s - batch_cost: 0.0415 - reader cost: 6.6294e-04
 87/177 [=============>................] - ETA: 3s - batch_cost: 0.0415 - reader cost: 6.4770e-04
 89/177 [==============>...............] - ETA: 3s - batch_cost: 0.0415 - reader cost: 6.3315e-04
 91/177 [==============>...............] - ETA: 3s - batch_cost: 0.0415 - reader cost: 6.1923e-04
 93/177 [==============>...............] - ETA: 3s - batch_cost: 0.0415 - reader cost: 6.0592e-04
 95/177 [===============>..............] - ETA: 3s - batch_cost: 0.0415 - reader cost: 5.9316e-04
 97/177 [===============>..............] - ETA: 3s - batch_cost: 0.0415 - reader cost: 5.8093e-04
 99/177 [===============>..............] - ETA: 3s - batch_cost: 0.0415 - reader cost: 5.6919e-04
101/177 [================>.............] - ETA: 3s - batch_cost: 0.0415 - reader cost: 5.5792e-04
103/177 [================>.............] - ETA: 3s - batch_cost: 0.0415 - reader cost: 5.4709e-04
105/177 [================>.............] - ETA: 2s - batch_cost: 0.0415 - reader cost: 5.3667e-04
107/177 [=================>............] - ETA: 2s - batch_cost: 0.0415 - reader cost: 5.2664e-04
109/177 [=================>............] - ETA: 2s - batch_cost: 0.0415 - reader cost: 5.1697e-04
111/177 [=================>............] - ETA: 2s - batch_cost: 0.0415 - reader cost: 5.0766e-04
113/177 [==================>...........] - ETA: 2s - batch_cost: 0.0415 - reader cost: 4.9867e-04
115/177 [==================>...........] - ETA: 2s - batch_cost: 0.0415 - reader cost: 4.9000e-04
117/177 [==================>...........] - ETA: 2s - batch_cost: 0.0415 - reader cost: 4.8163e-04
119/177 [===================>..........] - ETA: 2s - batch_cost: 0.0415 - reader cost: 4.7353e-04
121/177 [===================>..........] - ETA: 2s - batch_cost: 0.0415 - reader cost: 4.6570e-04
123/177 [===================>..........] - ETA: 2s - batch_cost: 0.0415 - reader cost: 4.5813e-04
125/177 [====================>.........] - ETA: 2s - batch_cost: 0.0415 - reader cost: 4.5080e-04
127/177 [====================>.........] - ETA: 2s - batch_cost: 0.0415 - reader cost: 4.4370e-04
129/177 [====================>.........] - ETA: 1s - batch_cost: 0.0415 - reader cost: 4.3682e-04
131/177 [=====================>........] - ETA: 1s - batch_cost: 0.0415 - reader cost: 4.3015e-04
133/177 [=====================>........] - ETA: 1s - batch_cost: 0.0415 - reader cost: 4.2369e-04
135/177 [=====================>........] - ETA: 1s - batch_cost: 0.0415 - reader cost: 4.2128e-04
137/177 [======================>.......] - ETA: 1s - batch_cost: 0.0415 - reader cost: 4.1513e-04
139/177 [======================>.......] - ETA: 1s - batch_cost: 0.0415 - reader cost: 4.0916e-04
141/177 [======================>.......] - ETA: 1s - batch_cost: 0.0415 - reader cost: 4.0335e-04
143/177 [=======================>......] - ETA: 1s - batch_cost: 0.0415 - reader cost: 3.9771e-04
145/177 [=======================>......] - ETA: 1s - batch_cost: 0.0415 - reader cost: 3.9222e-04
147/177 [=======================>......] - ETA: 1s - batch_cost: 0.0415 - reader cost: 3.8689e-04
149/177 [========================>.....] - ETA: 1s - batch_cost: 0.0415 - reader cost: 3.8170e-04
151/177 [========================>.....] - ETA: 1s - batch_cost: 0.0415 - reader cost: 3.7664e-04
153/177 [========================>.....] - ETA: 0s - batch_cost: 0.0415 - reader cost: 3.7172e-04
155/177 [=========================>....] - ETA: 0s - batch_cost: 0.0415 - reader cost: 3.6692e-04
157/177 [=========================>....] - ETA: 0s - batch_cost: 0.0415 - reader cost: 3.6225e-04
159/177 [=========================>....] - ETA: 0s - batch_cost: 0.0415 - reader cost: 3.5769e-04
161/177 [==========================>...] - ETA: 0s - batch_cost: 0.0415 - reader cost: 3.5325e-04
163/177 [==========================>...] - ETA: 0s - batch_cost: 0.0415 - reader cost: 3.4891e-04
165/177 [==========================>...] - ETA: 0s - batch_cost: 0.0415 - reader cost: 3.4468e-04
167/177 [===========================>..] - ETA: 0s - batch_cost: 0.0415 - reader cost: 3.4055e-04
169/177 [===========================>..] - ETA: 0s - batch_cost: 0.0415 - reader cost: 3.3652e-04
171/177 [===========================>..] - ETA: 0s - batch_cost: 0.0415 - reader cost: 3.3259e-04
173/177 [============================>.] - ETA: 0s - batch_cost: 0.0415 - reader cost: 3.2874e-04
175/177 [============================>.] - ETA: 0s - batch_cost: 0.0415 - reader cost: 3.2499e-04
177/177 [==============================] - 7s 42ms/step - batch_cost: 0.0415 - reader cost: 3.2131e-04
[2026/10/07 01:06:04] INFO: [EVAL] #Images: 177 mIoU: 0.8738 Acc: 0.9908 Kappa: 0.8570 Dice: 0.9285
[2026/10/07 01:06:04] INFO: [EVAL] Class IoU: 
[0.9905 0.757 ]
[2026/10/07 01:06:04] INFO: [EVAL] Class Precision: 
[0.9966 0.8293]
[2026/10/07 01:06:04] INFO: [EVAL] Class Recall: 
[0.9939 0.8968]
[2026/10/07 01:06:04] INFO: [EVAL] The model with the best validation mIoU (0.8736) was saved at iter 17000.
[2026/10/07 01:06:04] INFO: [EVAL] The EMA model with the best validation mIoU (0.8738) was saved at iter 17000.
[2026/10/07 01:06:04] INFO: [TRAIN] epoch: 49, iter: 17010/18000, loss: 0.0267, lr: 0.000003, batch_cost: 0.0504, reader_cost: 0.00455, ips: 79.2976 samples/sec, max_mem_reserved: 1731 MB, max_mem_allocated: 1081 MB | ETA 00:00:49
[2026/10/07 01:06:05] INFO: [TRAIN] epoch: 49, iter: 17020/18000, loss: 0.0325, lr: 0.000003, batch_cost: 0.0852, reader_cost: 0.03696, ips: 46.9366 samples/sec, max_mem_reserved: 1731 MB, max_mem_allocated: 1081 MB | ETA 00:01:23
[2026/10/07 01:06:06] INFO: [TRAIN] epoch: 49, iter: 17030/18000, loss: 0.0308, lr: 0.000003, batch_cost: 0.0817, reader_cost: 0.03482, ips: 48.9772 samples/sec, max_mem_reserved: 1731 MB, max_mem_allocated: 1081 MB | ETA 00:01:19
[2026/10/07 01:06:07] INFO: [TRAIN] epoch: 49, iter: 17040/18000, loss: 0.0295, lr: 0.000003, batch_cost: 0.0828, reader_cost: 0.03464, ips: 48.3355 samples/sec, max_mem_reserved: 1731 MB, max_mem_allocated: 1081 MB | ETA 00:01:19
[2026/10/07 01:06:08] INFO: [TRAIN] epoch: 49, iter: 17050/18000, loss: 0.0259, lr: 0.000003, batch_cost: 0.0824, reader_cost: 0.03399, ips: 48.5628 samples/sec, max_mem_reserved: 1731 MB, max_mem_allocated: 1081 MB | ETA 00:01:18
[2026/10/07 01:06:09] INFO: [TRAIN] epoch: 49, iter: 17060/18000, loss: 0.0355, lr: 0.000003, batch_cost: 0.0810, reader_cost: 0.03101, ips: 49.3697 samples/sec, max_mem_reserved: 1731 MB, max_mem_allocated: 1081 MB | ETA 00:01:16
[2026/10/07 01:06:10] INFO: [TRAIN] epoch: 49, iter: 17070/18000, loss: 0.0403, lr: 0.000003, batch_cost: 0.0832, reader_cost: 0.03527, ips: 48.0643 samples/sec, max_mem_reserved: 1731 MB, max_mem_allocated: 1081 MB | ETA 00:01:17
[2026/10/07 01:06:11] INFO: [TRAIN] epoch: 49, iter: 17080/18000, loss: 0.0239, lr: 0.000003, batch_cost: 0.0812, reader_cost: 0.03159, ips: 49.2510 samples/sec, max_mem_reserved: 1731 MB, max_mem_allocated: 1081 MB | ETA 00:01:14
[2026/10/07 01:06:12] INFO: [TRAIN] epoch: 49, iter: 17090/18000, loss: 0.0303, lr: 0.000003, batch_cost: 0.0834, reader_cost: 0.03493, ips: 47.9801 samples/sec, max_mem_reserved: 1731 MB, max_mem_allocated: 1081 MB | ETA 00:01:15
[2026/10/07 01:06:13] INFO: [TRAIN] epoch: 49, iter: 17100/18000, loss: 0.0268, lr: 0.000003, batch_cost: 0.0800, reader_cost: 0.03119, ips: 49.9844 samples/sec, max_mem_reserved: 1731 MB, max_mem_allocated: 1081 MB | ETA 00:01:12
[2026/10/07 01:06:14] INFO: [TRAIN] epoch: 49, iter: 17110/18000, loss: 0.0300, lr: 0.000003, batch_cost: 0.0836, reader_cost: 0.03505, ips: 47.8265 samples/sec, max_mem_reserved: 1731 MB, max_mem_allocated: 1081 MB | ETA 00:01:14
[2026/10/07 01:06:15] INFO: [TRAIN] epoch: 49, iter: 17120/18000, loss: 0.0354, lr: 0.000003, batch_cost: 0.0791, reader_cost: 0.03126, ips: 50.5563 samples/sec, max_mem_reserved: 1731 MB, max_mem_allocated: 1081 MB | ETA 00:01:09
[2026/10/07 01:06:16] INFO: [TRAIN] epoch: 49, iter: 17130/18000, loss: 0.0331, lr: 0.000003, batch_cost: 0.0849, reader_cost: 0.03710, ips: 47.1165 samples/sec, max_mem_reserved: 1731 MB, max_mem_allocated: 1081 MB | ETA 00:01:13
[2026/10/07 01:06:17] INFO: [TRAIN] epoch: 49, iter: 17140/18000, loss: 0.0292, lr: 0.000003, batch_cost: 0.0827, reader_cost: 0.03356, ips: 48.3459 samples/sec, max_mem_reserved: 1731 MB, max_mem_allocated: 1081 MB | ETA 00:01:11
[2026/10/07 01:06:18] INFO: [TRAIN] epoch: 49, iter: 17150/18000, loss: 0.0289, lr: 0.000003, batch_cost: 0.0835, reader_cost: 0.03661, ips: 47.9241 samples/sec, max_mem_reserved: 1731 MB, max_mem_allocated: 1081 MB | ETA 00:01:10
[2026/10/07 01:06:19] INFO: [TRAIN] epoch: 50, iter: 17160/18000, loss: 0.0286, lr: 0.000003, batch_cost: 0.0872, reader_cost: 0.03899, ips: 45.8517 samples/sec, max_mem_reserved: 1731 MB, max_mem_allocated: 1081 MB | ETA 00:01:13
[2026/10/07 01:06:19] INFO: [TRAIN] epoch: 50, iter: 17170/18000, loss: 0.0275, lr: 0.000003, batch_cost: 0.0800, reader_cost: 0.03305, ips: 49.9952 samples/sec, max_mem_reserved: 1731 MB, max_mem_allocated: 1081 MB | ETA 00:01:06
[2026/10/07 01:06:20] INFO: [TRAIN] epoch: 50, iter: 17180/18000, loss: 0.0287, lr: 0.000003, batch_cost: 0.0799, reader_cost: 0.03189, ips: 50.0474 samples/sec, max_mem_reserved: 1731 MB, max_mem_allocated: 1081 MB | ETA 00:01:05
[2026/10/07 01:06:21] INFO: [TRAIN] epoch: 50, iter: 17190/18000, loss: 0.0292, lr: 0.000003, batch_cost: 0.0825, reader_cost: 0.03263, ips: 48.4690 samples/sec, max_mem_reserved: 1731 MB, max_mem_allocated: 1081 MB | ETA 00:01:06
[2026/10/07 01:06:22] INFO: [TRAIN] epoch: 50, iter: 17200/18000, loss: 0.0433, lr: 0.000003, batch_cost: 0.0798, reader_cost: 0.03118, ips: 50.1322 samples/sec, max_mem_reserved: 1731 MB, max_mem_allocated: 1081 MB | ETA 00:01:03
[2026/10/07 01:06:23] INFO: [TRAIN] epoch: 50, iter: 17210/18000, loss: 0.0323, lr: 0.000003, batch_cost: 0.0827, reader_cost: 0.03641, ips: 48.3911 samples/sec, max_mem_reserved: 1731 MB, max_mem_allocated: 1081 MB | ETA 00:01:05
[2026/10/07 01:06:24] INFO: [TRAIN] epoch: 50, iter: 17220/18000, loss: 0.0264, lr: 0.000003, batch_cost: 0.0833, reader_cost: 0.03491, ips: 48.0054 samples/sec, max_mem_reserved: 1731 MB, max_mem_allocated: 1081 MB | ETA 00:01:04
[2026/10/07 01:06:25] INFO: [TRAIN] epoch: 50, iter: 17230/18000, loss: 0.0414, lr: 0.000003, batch_cost: 0.0801, reader_cost: 0.03154, ips: 49.9372 samples/sec, max_mem_reserved: 1731 MB, max_mem_allocated: 1081 MB | ETA 00:01:01
[2026/10/07 01:06:26] INFO: [TRAIN] epoch: 50, iter: 17240/18000, loss: 0.0255, lr: 0.000003, batch_cost: 0.0804, reader_cost: 0.03023, ips: 49.7211 samples/sec, max_mem_reserved: 1731 MB, max_mem_allocated: 1081 MB | ETA 00:01:01
[2026/10/07 01:06:27] INFO: [TRAIN] epoch: 50, iter: 17250/18000, loss: 0.0258, lr: 0.000003, batch_cost: 0.0864, reader_cost: 0.03841, ips: 46.3148 samples/sec, max_mem_reserved: 1731 MB, max_mem_allocated: 1081 MB | ETA 00:01:04
[2026/10/07 01:06:28] INFO: [TRAIN] epoch: 50, iter: 17260/18000, loss: 0.0332, lr: 0.000002, batch_cost: 0.0813, reader_cost: 0.03297, ips: 49.2134 samples/sec, max_mem_reserved: 1731 MB, max_mem_allocated: 1081 MB | ETA 00:01:00
[2026/10/07 01:06:29] INFO: [TRAIN] epoch: 50, iter: 17270/18000, loss: 0.0253, lr: 0.000002, batch_cost: 0.0813, reader_cost: 0.03367, ips: 49.1813 samples/sec, max_mem_reserved: 1731 MB, max_mem_allocated: 1081 MB | ETA 00:00:59
[2026/10/07 01:06:30] INFO: [TRAIN] epoch: 50, iter: 17280/18000, loss: 0.0227, lr: 0.000002, batch_cost: 0.0844, reader_cost: 0.03567, ips: 47.3828 samples/sec, max_mem_reserved: 1731 MB, max_mem_allocated: 1081 MB | ETA 00:01:00
[2026/10/07 01:06:31] INFO: [TRAIN] epoch: 50, iter: 17290/18000, loss: 0.0242, lr: 0.000002, batch_cost: 0.0821, reader_cost: 0.03318, ips: 48.7240 samples/sec, max_mem_reserved: 1731 MB, max_mem_allocated: 1081 MB | ETA 00:00:58
[2026/10/07 01:06:32] INFO: [TRAIN] epoch: 50, iter: 17300/18000, loss: 0.0317, lr: 0.000002, batch_cost: 0.0826, reader_cost: 0.03374, ips: 48.4070 samples/sec, max_mem_reserved: 1731 MB, max_mem_allocated: 1081 MB | ETA 00:00:57
[2026/10/07 01:06:33] INFO: [TRAIN] epoch: 50, iter: 17310/18000, loss: 0.0258, lr: 0.000002, batch_cost: 0.0859, reader_cost: 0.03589, ips: 46.5394 samples/sec, max_mem_reserved: 1731 MB, max_mem_allocated: 1081 MB | ETA 00:00:59
[2026/10/07 01:06:34] INFO: [TRAIN] epoch: 50, iter: 17320/18000, loss: 0.0313, lr: 0.000002, batch_cost: 0.0800, reader_cost: 0.03081, ips: 50.0057 samples/sec, max_mem_reserved: 1731 MB, max_mem_allocated: 1081 MB | ETA 00:00:54
[2026/10/07 01:06:35] INFO: [TRAIN] epoch: 50, iter: 17330/18000, loss: 0.0259, lr: 0.000002, batch_cost: 0.0842, reader_cost: 0.03514, ips: 47.5116 samples/sec, max_mem_reserved: 1731 MB, max_mem_allocated: 1081 MB | ETA 00:00:56
[2026/10/07 01:06:36] INFO: [TRAIN] epoch: 50, iter: 17340/18000, loss: 0.0282, lr: 0.000002, batch_cost: 0.0843, reader_cost: 0.03606, ips: 47.4277 samples/sec, max_mem_reserved: 1731 MB, max_mem_allocated: 1081 MB | ETA 00:00:55
[2026/10/07 01:06:37] INFO: [TRAIN] epoch: 50, iter: 17350/18000, loss: 0.0268, lr: 0.000002, batch_cost: 0.0864, reader_cost: 0.03857, ips: 46.2982 samples/sec, max_mem_reserved: 1731 MB, max_mem_allocated: 1081 MB | ETA 00:00:56
[2026/10/07 01:06:37] INFO: [TRAIN] epoch: 50, iter: 17360/18000, loss: 0.0249, lr: 0.000002, batch_cost: 0.0816, reader_cost: 0.03404, ips: 48.9923 samples/sec, max_mem_reserved: 1731 MB, max_mem_allocated: 1081 MB | ETA 00:00:52
[2026/10/07 01:06:38] INFO: [TRAIN] epoch: 50, iter: 17370/18000, loss: 0.0293, lr: 0.000002, batch_cost: 0.0803, reader_cost: 0.03062, ips: 49.8441 samples/sec, max_mem_reserved: 1731 MB, max_mem_allocated: 1081 MB | ETA 00:00:50
[2026/10/07 01:06:39] INFO: [TRAIN] epoch: 50, iter: 17380/18000, loss: 0.0289, lr: 0.000002, batch_cost: 0.0819, reader_cost: 0.03443, ips: 48.8469 samples/sec, max_mem_reserved: 1731 MB, max_mem_allocated: 1081 MB | ETA 00:00:50
[2026/10/07 01:06:40] INFO: [TRAIN] epoch: 50, iter: 17390/18000, loss: 0.0314, lr: 0.000002, batch_cost: 0.0770, reader_cost: 0.02792, ips: 51.9304 samples/sec, max_mem_reserved: 1731 MB, max_mem_allocated: 1081 MB | ETA 00:00:46
[2026/10/07 01:06:41] INFO: [TRAIN] epoch: 50, iter: 17400/18000, loss: 0.0297, lr: 0.000002, batch_cost: 0.0786, reader_cost: 0.02960, ips: 50.8665 samples/sec, max_mem_reserved: 1731 MB, max_mem_allocated: 1081 MB | ETA 00:00:47
[2026/10/07 01:06:42] INFO: [TRAIN] epoch: 50, iter: 17410/18000, loss: 0.0388, lr: 0.000002, batch_cost: 0.0797, reader_cost: 0.03196, ips: 50.1591 samples/sec, max_mem_reserved: 1731 MB, max_mem_allocated: 1081 MB | ETA 00:00:47
[2026/10/07 01:06:43] INFO: [TRAIN] epoch: 50, iter: 17420/18000, loss: 0.0305, lr: 0.000002, batch_cost: 0.0836, reader_cost: 0.03470, ips: 47.8652 samples/sec, max_mem_reserved: 1731 MB, max_mem_allocated: 1081 MB | ETA 00:00:48
[2026/10/07 01:06:44] INFO: [TRAIN] epoch: 50, iter: 17430/18000, loss: 0.0324, lr: 0.000002, batch_cost: 0.0835, reader_cost: 0.03448, ips: 47.9266 samples/sec, max_mem_reserved: 1731 MB, max_mem_allocated: 1081 MB | ETA 00:00:47
[2026/10/07 01:06:45] INFO: [TRAIN] epoch: 50, iter: 17440/18000, loss: 0.0234, lr: 0.000002, batch_cost: 0.0794, reader_cost: 0.03125, ips: 50.3810 samples/sec, max_mem_reserved: 1731 MB, max_mem_allocated: 1081 MB | ETA 00:00:44
[2026/10/07 01:06:46] INFO: [TRAIN] epoch: 50, iter: 17450/18000, loss: 0.0265, lr: 0.000002, batch_cost: 0.0819, reader_cost: 0.03405, ips: 48.8473 samples/sec, max_mem_reserved: 1731 MB, max_mem_allocated: 1081 MB | ETA 00:00:45
[2026/10/07 01:06:47] INFO: [TRAIN] epoch: 50, iter: 17460/18000, loss: 0.0284, lr: 0.000002, batch_cost: 0.0813, reader_cost: 0.03332, ips: 49.1778 samples/sec, max_mem_reserved: 1731 MB, max_mem_allocated: 1081 MB | ETA 00:00:43
[2026/10/07 01:06:48] INFO: [TRAIN] epoch: 50, iter: 17470/18000, loss: 0.0323, lr: 0.000002, batch_cost: 0.0814, reader_cost: 0.03108, ips: 49.1174 samples/sec, max_mem_reserved: 1731 MB, max_mem_allocated: 1081 MB | ETA 00:00:43
[2026/10/07 01:06:49] INFO: [TRAIN] epoch: 50, iter: 17480/18000, loss: 0.0315, lr: 0.000002, batch_cost: 0.0865, reader_cost: 0.03784, ips: 46.2644 samples/sec, max_mem_reserved: 1731 MB, max_mem_allocated: 1081 MB | ETA 00:00:44
[2026/10/07 01:06:50] INFO: [TRAIN] epoch: 50, iter: 17490/18000, loss: 0.0272, lr: 0.000002, batch_cost: 0.0821, reader_cost: 0.03234, ips: 48.7080 samples/sec, max_mem_reserved: 1731 MB, max_mem_allocated: 1081 MB | ETA 00:00:41
[2026/10/07 01:06:51] INFO: [TRAIN] epoch: 50, iter: 17500/18000, loss: 0.0286, lr: 0.000002, batch_cost: 0.0802, reader_cost: 0.03363, ips: 49.8479 samples/sec, max_mem_reserved: 1731 MB, max_mem_allocated: 1081 MB | ETA 00:00:40
[2026/10/07 01:06:52] INFO: [TRAIN] epoch: 51, iter: 17510/18000, loss: 0.0243, lr: 0.000002, batch_cost: 0.0904, reader_cost: 0.04174, ips: 44.2550 samples/sec, max_mem_reserved: 1731 MB, max_mem_allocated: 1081 MB | ETA 00:00:44
[2026/10/07 01:06:53] INFO: [TRAIN] epoch: 51, iter: 17520/18000, loss: 0.0308, lr: 0.000002, batch_cost: 0.0851, reader_cost: 0.03735, ips: 47.0100 samples/sec, max_mem_reserved: 1731 MB, max_mem_allocated: 1081 MB | ETA 00:00:40
[2026/10/07 01:06:54] INFO: [TRAIN] epoch: 51, iter: 17530/18000, loss: 0.0285, lr: 0.000002, batch_cost: 0.0830, reader_cost: 0.03726, ips: 48.2040 samples/sec, max_mem_reserved: 1731 MB, max_mem_allocated: 1081 MB | ETA 00:00:39
[2026/10/07 01:06:55] INFO: [TRAIN] epoch: 51, iter: 17540/18000, loss: 0.0405, lr: 0.000002, batch_cost: 0.0845, reader_cost: 0.03814, ips: 47.3568 samples/sec, max_mem_reserved: 1731 MB, max_mem_allocated: 1081 MB | ETA 00:00:38
[2026/10/07 01:06:56] INFO: [TRAIN] epoch: 51, iter: 17550/18000, loss: 0.0361, lr: 0.000002, batch_cost: 0.0784, reader_cost: 0.03017, ips: 51.0146 samples/sec, max_mem_reserved: 1731 MB, max_mem_allocated: 1081 MB | ETA 00:00:35
[2026/10/07 01:06:56] INFO: [TRAIN] epoch: 51, iter: 17560/18000, loss: 0.0258, lr: 0.000001, batch_cost: 0.0846, reader_cost: 0.03665, ips: 47.2974 samples/sec, max_mem_reserved: 1731 MB, max_mem_allocated: 1081 MB | ETA 00:00:37
[2026/10/07 01:06:57] INFO: [TRAIN] epoch: 51, iter: 17570/18000, loss: 0.0329, lr: 0.000001, batch_cost: 0.0826, reader_cost: 0.03535, ips: 48.4450 samples/sec, max_mem_reserved: 1731 MB, max_mem_allocated: 1081 MB | ETA 00:00:35
[2026/10/07 01:06:58] INFO: [TRAIN] epoch: 51, iter: 17580/18000, loss: 0.0276, lr: 0.000001, batch_cost: 0.0839, reader_cost: 0.03610, ips: 47.6782 samples/sec, max_mem_reserved: 1731 MB, max_mem_allocated: 1081 MB | ETA 00:00:35
[2026/10/07 01:06:59] INFO: [TRAIN] epoch: 51, iter: 17590/18000, loss: 0.0315, lr: 0.000001, batch_cost: 0.0846, reader_cost: 0.03704, ips: 47.2584 samples/sec, max_mem_reserved: 1731 MB, max_mem_allocated: 1081 MB | ETA 00:00:34
[2026/10/07 01:07:00] INFO: [TRAIN] epoch: 51, iter: 17600/18000, loss: 0.0274, lr: 0.000001, batch_cost: 0.0827, reader_cost: 0.03310, ips: 48.3621 samples/sec, max_mem_reserved: 1731 MB, max_mem_allocated: 1081 MB | ETA 00:00:33
[2026/10/07 01:07:01] INFO: [TRAIN] epoch: 51, iter: 17610/18000, loss: 0.0221, lr: 0.000001, batch_cost: 0.0783, reader_cost: 0.02970, ips: 51.0816 samples/sec, max_mem_reserved: 1731 MB, max_mem_allocated: 1081 MB | ETA 00:00:30
[2026/10/07 01:07:02] INFO: [TRAIN] epoch: 51, iter: 17620/18000, loss: 0.0264, lr: 0.000001, batch_cost: 0.0834, reader_cost: 0.03702, ips: 47.9498 samples/sec, max_mem_reserved: 1731 MB, max_mem_allocated: 1081 MB | ETA 00:00:31
[2026/10/07 01:07:03] INFO: [TRAIN] epoch: 51, iter: 17630/18000, loss: 0.0345, lr: 0.000001, batch_cost: 0.0819, reader_cost: 0.03440, ips: 48.8109 samples/sec, max_mem_reserved: 1731 MB, max_mem_allocated: 1081 MB | ETA 00:00:30
[2026/10/07 01:07:04] INFO: [TRAIN] epoch: 51, iter: 17640/18000, loss: 0.0323, lr: 0.000001, batch_cost: 0.0821, reader_cost: 0.03430, ips: 48.7088 samples/sec, max_mem_reserved: 1731 MB, max_mem_allocated: 1081 MB | ETA 00:00:29
[2026/10/07 01:07:05] INFO: [TRAIN] epoch: 51, iter: 17650/18000, loss: 0.0269, lr: 0.000001, batch_cost: 0.0822, reader_cost: 0.03549, ips: 48.6588 samples/sec, max_mem_reserved: 1731 MB, max_mem_allocated: 1081 MB | ETA 00:00:28
[2026/10/07 01:07:06] INFO: [TRAIN] epoch: 51, iter: 17660/18000, loss: 0.0326, lr: 0.000001, batch_cost: 0.0849, reader_cost: 0.03867, ips: 47.0923 samples/sec, max_mem_reserved: 1731 MB, max_mem_allocated: 1081 MB | ETA 00:00:28
[2026/10/07 01:07:07] INFO: [TRAIN] epoch: 51, iter: 17670/18000, loss: 0.0412, lr: 0.000001, batch_cost: 0.0815, reader_cost: 0.03349, ips: 49.0922 samples/sec, max_mem_reserved: 1731 MB, max_mem_allocated: 1081 MB | ETA 00:00:26
[2026/10/07 01:07:08] INFO: [TRAIN] epoch: 51, iter: 17680/18000, loss: 0.0325, lr: 0.000001, batch_cost: 0.0841, reader_cost: 0.03648, ips: 47.5851 samples/sec, max_mem_reserved: 1731 MB, max_mem_allocated: 1081 MB | ETA 00:00:26
[2026/10/07 01:07:09] INFO: [TRAIN] epoch: 51, iter: 17690/18000, loss: 0.0292, lr: 0.000001, batch_cost: 0.0820, reader_cost: 0.03411, ips: 48.7558 samples/sec, max_mem_reserved: 1731 MB, max_mem_allocated: 1081 MB | ETA 00:00:25
[2026/10/07 01:07:10] INFO: [TRAIN] epoch: 51, iter: 17700/18000, loss: 0.0330, lr: 0.000001, batch_cost: 0.0849, reader_cost: 0.03854, ips: 47.1381 samples/sec, max_mem_reserved: 1731 MB, max_mem_allocated: 1081 MB | ETA 00:00:25
[2026/10/07 01:07:11] INFO: [TRAIN] epoch: 51, iter: 17710/18000, loss: 0.0299, lr: 0.000001, batch_cost: 0.0839, reader_cost: 0.03559, ips: 47.6946 samples/sec, max_mem_reserved: 1731 MB, max_mem_allocated: 1081 MB | ETA 00:00:24
[2026/10/07 01:07:12] INFO: [TRAIN] epoch: 51, iter: 17720/18000, loss: 0.0291, lr: 0.000001, batch_cost: 0.0813, reader_cost: 0.03392, ips: 49.2151 samples/sec, max_mem_reserved: 1731 MB, max_mem_allocated: 1081 MB | ETA 00:00:22
[2026/10/07 01:07:13] INFO: [TRAIN] epoch: 51, iter: 17730/18000, loss: 0.0351, lr: 0.000001, batch_cost: 0.0831, reader_cost: 0.03479, ips: 48.1488 samples/sec, max_mem_reserved: 1731 MB, max_mem_allocated: 1081 MB | ETA 00:00:22
[2026/10/07 01:07:14] INFO: [TRAIN] epoch: 51, iter: 17740/18000, loss: 0.0357, lr: 0.000001, batch_cost: 0.0804, reader_cost: 0.03152, ips: 49.7344 samples/sec, max_mem_reserved: 1731 MB, max_mem_allocated: 1081 MB | ETA 00:00:20
[2026/10/07 01:07:14] INFO: [TRAIN] epoch: 51, iter: 17750/18000, loss: 0.0250, lr: 0.000001, batch_cost: 0.0805, reader_cost: 0.03158, ips: 49.6742 samples/sec, max_mem_reserved: 1731 MB, max_mem_allocated: 1081 MB | ETA 00:00:20
[2026/10/07 01:07:15] INFO: [TRAIN] epoch: 51, iter: 17760/18000, loss: 0.0263, lr: 0.000001, batch_cost: 0.0808, reader_cost: 0.03215, ips: 49.5067 samples/sec, max_mem_reserved: 1731 MB, max_mem_allocated: 1081 MB | ETA 00:00:19
[2026/10/07 01:07:16] INFO: [TRAIN] epoch: 51, iter: 17770/18000, loss: 0.0242, lr: 0.000001, batch_cost: 0.0818, reader_cost: 0.03290, ips: 48.8969 samples/sec, max_mem_reserved: 1731 MB, max_mem_allocated: 1081 MB | ETA 00:00:18
[2026/10/07 01:07:17] INFO: [TRAIN] epoch: 51, iter: 17780/18000, loss: 0.0323, lr: 0.000001, batch_cost: 0.0822, reader_cost: 0.03476, ips: 48.6596 samples/sec, max_mem_reserved: 1731 MB, max_mem_allocated: 1081 MB | ETA 00:00:18
[2026/10/07 01:07:18] INFO: [TRAIN] epoch: 51, iter: 17790/18000, loss: 0.0310, lr: 0.000001, batch_cost: 0.0864, reader_cost: 0.03841, ips: 46.2696 samples/sec, max_mem_reserved: 1731 MB, max_mem_allocated: 1081 MB | ETA 00:00:18
[2026/10/07 01:07:19] INFO: [TRAIN] epoch: 51, iter: 17800/18000, loss: 0.0306, lr: 0.000001, batch_cost: 0.0817, reader_cost: 0.03428, ips: 48.9623 samples/sec, max_mem_reserved: 1731 MB, max_mem_allocated: 1081 MB | ETA 00:00:16
[2026/10/07 01:07:20] INFO: [TRAIN] epoch: 51, iter: 17810/18000, loss: 0.0303, lr: 0.000001, batch_cost: 0.0828, reader_cost: 0.03611, ips: 48.3202 samples/sec, max_mem_reserved: 1731 MB, max_mem_allocated: 1081 MB | ETA 00:00:15
[2026/10/07 01:07:21] INFO: [TRAIN] epoch: 51, iter: 17820/18000, loss: 0.0281, lr: 0.000001, batch_cost: 0.0837, reader_cost: 0.03513, ips: 47.7784 samples/sec, max_mem_reserved: 1731 MB, max_mem_allocated: 1081 MB | ETA 00:00:15
[2026/10/07 01:07:22] INFO: [TRAIN] epoch: 51, iter: 17830/18000, loss: 0.0271, lr: 0.000001, batch_cost: 0.0800, reader_cost: 0.03107, ips: 50.0061 samples/sec, max_mem_reserved: 1731 MB, max_mem_allocated: 1081 MB | ETA 00:00:13
[2026/10/07 01:07:23] INFO: [TRAIN] epoch: 51, iter: 17840/18000, loss: 0.0308, lr: 0.000001, batch_cost: 0.0807, reader_cost: 0.03170, ips: 49.5708 samples/sec, max_mem_reserved: 1731 MB, max_mem_allocated: 1081 MB | ETA 00:00:12
[2026/10/07 01:07:24] INFO: [TRAIN] epoch: 51, iter: 17850/18000, loss: 0.0274, lr: 0.000001, batch_cost: 0.0828, reader_cost: 0.03627, ips: 48.3200 samples/sec, max_mem_reserved: 1731 MB, max_mem_allocated: 1081 MB | ETA 00:00:12
[2026/10/07 01:07:25] INFO: [TRAIN] epoch: 52, iter: 17860/18000, loss: 0.0280, lr: 0.000000, batch_cost: 0.0900, reader_cost: 0.04351, ips: 44.4394 samples/sec, max_mem_reserved: 1731 MB, max_mem_allocated: 1081 MB | ETA 00:00:12
[2026/10/07 01:07:26] INFO: [TRAIN] epoch: 52, iter: 17870/18000, loss: 0.0322, lr: 0.000000, batch_cost: 0.0846, reader_cost: 0.03721, ips: 47.2742 samples/sec, max_mem_reserved: 1731 MB, max_mem_allocated: 1081 MB | ETA 00:00:10
[2026/10/07 01:07:27] INFO: [TRAIN] epoch: 52, iter: 17880/18000, loss: 0.0277, lr: 0.000000, batch_cost: 0.0826, reader_cost: 0.03428, ips: 48.4158 samples/sec, max_mem_reserved: 1731 MB, max_mem_allocated: 1081 MB | ETA 00:00:09
[2026/10/07 01:07:28] INFO: [TRAIN] epoch: 52, iter: 17890/18000, loss: 0.0362, lr: 0.000000, batch_cost: 0.0888, reader_cost: 0.04223, ips: 45.0267 samples/sec, max_mem_reserved: 1731 MB, max_mem_allocated: 1081 MB | ETA 00:00:09
[2026/10/07 01:07:29] INFO: [TRAIN] epoch: 52, iter: 17900/18000, loss: 0.0303, lr: 0.000000, batch_cost: 0.0848, reader_cost: 0.03768, ips: 47.1633 samples/sec, max_mem_reserved: 1731 MB, max_mem_allocated: 1081 MB | ETA 00:00:08
[2026/10/07 01:07:30] INFO: [TRAIN] epoch: 52, iter: 17910/18000, loss: 0.0262, lr: 0.000000, batch_cost: 0.0847, reader_cost: 0.03710, ips: 47.1986 samples/sec, max_mem_reserved: 1731 MB, max_mem_allocated: 1081 MB | ETA 00:00:07
[2026/10/07 01:07:31] INFO: [TRAIN] epoch: 52, iter: 17920/18000, loss: 0.0341, lr: 0.000000, batch_cost: 0.0832, reader_cost: 0.03624, ips: 48.1002 samples/sec, max_mem_reserved: 1731 MB, max_mem_allocated: 1081 MB | ETA 00:00:06
[2026/10/07 01:07:32] INFO: [TRAIN] epoch: 52, iter: 17930/18000, loss: 0.0306, lr: 0.000000, batch_cost: 0.0848, reader_cost: 0.03807, ips: 47.1654 samples/sec, max_mem_reserved: 1731 MB, max_mem_allocated: 1081 MB | ETA 00:00:05
[2026/10/07 01:07:33] INFO: [TRAIN] epoch: 52, iter: 17940/18000, loss: 0.0311, lr: 0.000000, batch_cost: 0.0827, reader_cost: 0.03455, ips: 48.3855 samples/sec, max_mem_reserved: 1731 MB, max_mem_allocated: 1081 MB | ETA 00:00:04
[2026/10/07 01:07:34] INFO: [TRAIN] epoch: 52, iter: 17950/18000, loss: 0.0293, lr: 0.000000, batch_cost: 0.0838, reader_cost: 0.03847, ips: 47.7470 samples/sec, max_mem_reserved: 1731 MB, max_mem_allocated: 1081 MB | ETA 00:00:04
[2026/10/07 01:07:35] INFO: [TRAIN] epoch: 52, iter: 17960/18000, loss: 0.0286, lr: 0.000000, batch_cost: 0.0840, reader_cost: 0.03491, ips: 47.6259 samples/sec, max_mem_reserved: 1731 MB, max_mem_allocated: 1081 MB | ETA 00:00:03
[2026/10/07 01:07:36] INFO: [TRAIN] epoch: 52, iter: 17970/18000, loss: 0.0274, lr: 0.000000, batch_cost: 0.0817, reader_cost: 0.03326, ips: 48.9614 samples/sec, max_mem_reserved: 1731 MB, max_mem_allocated: 1081 MB | ETA 00:00:02
[2026/10/07 01:07:37] INFO: [TRAIN] epoch: 52, iter: 17980/18000, loss: 0.0261, lr: 0.000000, batch_cost: 0.0841, reader_cost: 0.03642, ips: 47.5587 samples/sec, max_mem_reserved: 1731 MB, max_mem_allocated: 1081 MB | ETA 00:00:01
[2026/10/07 01:07:37] INFO: [TRAIN] epoch: 52, iter: 17990/18000, loss: 0.0322, lr: 0.000000, batch_cost: 0.0816, reader_cost: 0.03464, ips: 49.0407 samples/sec, max_mem_reserved: 1731 MB, max_mem_allocated: 1081 MB | ETA 00:00:00
[2026/10/07 01:07:38] INFO: [TRAIN] epoch: 52, iter: 18000/18000, loss: 0.0270, lr: 0.000000, batch_cost: 0.0818, reader_cost: 0.03436, ips: 48.9269 samples/sec, max_mem_reserved: 1731 MB, max_mem_allocated: 1081 MB | ETA 00:00:00
[2026/10/07 01:07:38] INFO: Start evaluating (total_samples: 177, total_iters: 177)...

  1/177 [..............................] - ETA: 8s - batch_cost: 0.0475 - reader cost: 0.0385
  3/177 [..............................] - ETA: 8s - batch_cost: 0.0480 - reader cost: 0.0279
  5/177 [..............................] - ETA: 7s - batch_cost: 0.0456 - reader cost: 0.0180
  7/177 [>.............................] - ETA: 7s - batch_cost: 0.0449 - reader cost: 0.0129
  9/177 [>.............................] - ETA: 7s - batch_cost: 0.0447 - reader cost: 0.0100
 11/177 [>.............................] - ETA: 7s - batch_cost: 0.0433 - reader cost: 0.0082
 13/177 [=>............................] - ETA: 7s - batch_cost: 0.0431 - reader cost: 0.0069
 15/177 [=>............................] - ETA: 6s - batch_cost: 0.0430 - reader cost: 0.0060
 17/177 [=>............................] - ETA: 6s - batch_cost: 0.0427 - reader cost: 0.0053
 19/177 [==>...........................] - ETA: 6s - batch_cost: 0.0423 - reader cost: 0.0047
 21/177 [==>...........................] - ETA: 6s - batch_cost: 0.0423 - reader cost: 0.0043
 23/177 [==>...........................] - ETA: 6s - batch_cost: 0.0421 - reader cost: 0.0039
 25/177 [===>..........................] - ETA: 6s - batch_cost: 0.0421 - reader cost: 0.0036
 27/177 [===>..........................] - ETA: 6s - batch_cost: 0.0421 - reader cost: 0.0033
 29/177 [===>..........................] - ETA: 6s - batch_cost: 0.0421 - reader cost: 0.0031
 31/177 [====>.........................] - ETA: 6s - batch_cost: 0.0421 - reader cost: 0.0029
 33/177 [====>.........................] - ETA: 6s - batch_cost: 0.0421 - reader cost: 0.0027
 35/177 [====>.........................] - ETA: 5s - batch_cost: 0.0420 - reader cost: 0.0026
 37/177 [=====>........................] - ETA: 5s - batch_cost: 0.0420 - reader cost: 0.0024
 39/177 [=====>........................] - ETA: 5s - batch_cost: 0.0419 - reader cost: 0.0023
 41/177 [=====>........................] - ETA: 5s - batch_cost: 0.0419 - reader cost: 0.0022
 43/177 [======>.......................] - ETA: 5s - batch_cost: 0.0418 - reader cost: 0.0021
 45/177 [======>.......................] - ETA: 5s - batch_cost: 0.0418 - reader cost: 0.0020
 47/177 [======>.......................] - ETA: 5s - batch_cost: 0.0419 - reader cost: 0.0019
 49/177 [=======>......................] - ETA: 5s - batch_cost: 0.0418 - reader cost: 0.0019
 51/177 [=======>......................] - ETA: 5s - batch_cost: 0.0418 - reader cost: 0.0018
 53/177 [=======>......................] - ETA: 5s - batch_cost: 0.0419 - reader cost: 0.0017
 55/177 [========>.....................] - ETA: 5s - batch_cost: 0.0418 - reader cost: 0.0017
 57/177 [========>.....................] - ETA: 5s - batch_cost: 0.0418 - reader cost: 0.0016
 59/177 [=========>....................] - ETA: 4s - batch_cost: 0.0419 - reader cost: 0.0016
 61/177 [=========>....................] - ETA: 4s - batch_cost: 0.0418 - reader cost: 0.0015
 63/177 [=========>....................] - ETA: 4s - batch_cost: 0.0418 - reader cost: 0.0015
 65/177 [==========>...................] - ETA: 4s - batch_cost: 0.0418 - reader cost: 0.0014
 67/177 [==========>...................] - ETA: 4s - batch_cost: 0.0418 - reader cost: 0.0014
 69/177 [==========>...................] - ETA: 4s - batch_cost: 0.0418 - reader cost: 0.0014
 71/177 [===========>..................] - ETA: 4s - batch_cost: 0.0418 - reader cost: 0.0013
 73/177 [===========>..................] - ETA: 4s - batch_cost: 0.0418 - reader cost: 0.0013
 75/177 [===========>..................] - ETA: 4s - batch_cost: 0.0417 - reader cost: 0.0012
 77/177 [============>.................] - ETA: 4s - batch_cost: 0.0418 - reader cost: 0.0012
 79/177 [============>.................] - ETA: 4s - batch_cost: 0.0418 - reader cost: 0.0012
 81/177 [============>.................] - ETA: 4s - batch_cost: 0.0418 - reader cost: 0.0012
 83/177 [=============>................] - ETA: 3s - batch_cost: 0.0418 - reader cost: 0.0011
 85/177 [=============>................] - ETA: 3s - batch_cost: 0.0418 - reader cost: 0.0011
 87/177 [=============>................] - ETA: 3s - batch_cost: 0.0418 - reader cost: 0.0011
 89/177 [==============>...............] - ETA: 3s - batch_cost: 0.0418 - reader cost: 0.0011
 91/177 [==============>...............] - ETA: 3s - batch_cost: 0.0418 - reader cost: 0.0010
 93/177 [==============>...............] - ETA: 3s - batch_cost: 0.0418 - reader cost: 0.0010
 95/177 [===============>..............] - ETA: 3s - batch_cost: 0.0418 - reader cost: 9.9187e-04
 97/177 [===============>..............] - ETA: 3s - batch_cost: 0.0418 - reader cost: 9.7142e-04
 99/177 [===============>..............] - ETA: 3s - batch_cost: 0.0417 - reader cost: 9.5179e-04
101/177 [================>.............] - ETA: 3s - batch_cost: 0.0417 - reader cost: 9.3295e-04
103/177 [================>.............] - ETA: 3s - batch_cost: 0.0417 - reader cost: 9.1483e-04
105/177 [================>.............] - ETA: 3s - batch_cost: 0.0417 - reader cost: 8.9741e-04
107/177 [=================>............] - ETA: 2s - batch_cost: 0.0417 - reader cost: 8.8063e-04
109/177 [=================>............] - ETA: 2s - batch_cost: 0.0417 - reader cost: 8.6447e-04
111/177 [=================>............] - ETA: 2s - batch_cost: 0.0417 - reader cost: 8.4890e-04
113/177 [==================>...........] - ETA: 2s - batch_cost: 0.0417 - reader cost: 8.3387e-04
115/177 [==================>...........] - ETA: 2s - batch_cost: 0.0417 - reader cost: 8.1937e-04
117/177 [==================>...........] - ETA: 2s - batch_cost: 0.0417 - reader cost: 8.0536e-04
119/177 [===================>..........] - ETA: 2s - batch_cost: 0.0417 - reader cost: 7.9183e-04
121/177 [===================>..........] - ETA: 2s - batch_cost: 0.0417 - reader cost: 7.7874e-04
123/177 [===================>..........] - ETA: 2s - batch_cost: 0.0417 - reader cost: 7.6608e-04
125/177 [====================>.........] - ETA: 2s - batch_cost: 0.0417 - reader cost: 7.5382e-04
127/177 [====================>.........] - ETA: 2s - batch_cost: 0.0417 - reader cost: 7.4195e-04
129/177 [====================>.........] - ETA: 2s - batch_cost: 0.0417 - reader cost: 7.3045e-04
131/177 [=====================>........] - ETA: 1s - batch_cost: 0.0417 - reader cost: 7.2691e-04
133/177 [=====================>........] - ETA: 1s - batch_cost: 0.0417 - reader cost: 7.2344e-04
135/177 [=====================>........] - ETA: 1s - batch_cost: 0.0417 - reader cost: 7.1272e-04
137/177 [======================>.......] - ETA: 1s - batch_cost: 0.0417 - reader cost: 7.0232e-04
139/177 [======================>.......] - ETA: 1s - batch_cost: 0.0417 - reader cost: 6.9221e-04
141/177 [======================>.......] - ETA: 1s - batch_cost: 0.0417 - reader cost: 6.8240e-04
143/177 [=======================>......] - ETA: 1s - batch_cost: 0.0417 - reader cost: 6.7285e-04
145/177 [=======================>......] - ETA: 1s - batch_cost: 0.0417 - reader cost: 6.6357e-04
147/177 [=======================>......] - ETA: 1s - batch_cost: 0.0417 - reader cost: 6.5454e-04
149/177 [========================>.....] - ETA: 1s - batch_cost: 0.0417 - reader cost: 6.5247e-04
151/177 [========================>.....] - ETA: 1s - batch_cost: 0.0417 - reader cost: 6.4383e-04
153/177 [========================>.....] - ETA: 1s - batch_cost: 0.0417 - reader cost: 6.3542e-04
155/177 [=========================>....] - ETA: 0s - batch_cost: 0.0417 - reader cost: 6.2722e-04
157/177 [=========================>....] - ETA: 0s - batch_cost: 0.0417 - reader cost: 6.1923e-04
159/177 [=========================>....] - ETA: 0s - batch_cost: 0.0417 - reader cost: 6.1144e-04
161/177 [==========================>...] - ETA: 0s - batch_cost: 0.0417 - reader cost: 6.0384e-04
163/177 [==========================>...] - ETA: 0s - batch_cost: 0.0417 - reader cost: 6.0257e-04
165/177 [==========================>...] - ETA: 0s - batch_cost: 0.0417 - reader cost: 5.9526e-04
167/177 [===========================>..] - ETA: 0s - batch_cost: 0.0417 - reader cost: 5.8814e-04
169/177 [===========================>..] - ETA: 0s - batch_cost: 0.0417 - reader cost: 5.8118e-04
171/177 [===========================>..] - ETA: 0s - batch_cost: 0.0417 - reader cost: 5.7438e-04
173/177 [============================>.] - ETA: 0s - batch_cost: 0.0417 - reader cost: 5.6774e-04
175/177 [============================>.] - ETA: 0s - batch_cost: 0.0417 - reader cost: 5.6125e-04
177/177 [==============================] - 7s 42ms/step - batch_cost: 0.0416 - reader cost: 5.5491e-04
[2026/10/07 01:07:46] INFO: [EVAL] #Images: 177 mIoU: 0.8734 Acc: 0.9907 Kappa: 0.8565 Dice: 0.9282
[2026/10/07 01:07:46] INFO: [EVAL] Class IoU: 
[0.9905 0.7563]
[2026/10/07 01:07:46] INFO: [EVAL] Class Precision: 
[0.9967 0.8266]
[2026/10/07 01:07:46] INFO: [EVAL] Class Recall: 
[0.9938 0.8989]
[2026/10/07 01:07:46] INFO: Start evaluating (total_samples: 177, total_iters: 177)...

  1/177 [..............................] - ETA: 6s - batch_cost: 0.0395 - reader cost: 0.0295
  3/177 [..............................] - ETA: 7s - batch_cost: 0.0406 - reader cost: 0.0177
  5/177 [..............................] - ETA: 7s - batch_cost: 0.0424 - reader cost: 0.0106
  7/177 [>.............................] - ETA: 7s - batch_cost: 0.0416 - reader cost: 0.0076
  9/177 [>.............................] - ETA: 7s - batch_cost: 0.0422 - reader cost: 0.0059
 11/177 [>.............................] - ETA: 7s - batch_cost: 0.0423 - reader cost: 0.0048
 13/177 [=>............................] - ETA: 6s - batch_cost: 0.0417 - reader cost: 0.0042
 15/177 [=>............................] - ETA: 6s - batch_cost: 0.0417 - reader cost: 0.0036
 17/177 [=>............................] - ETA: 6s - batch_cost: 0.0416 - reader cost: 0.0032
 19/177 [==>...........................] - ETA: 6s - batch_cost: 0.0416 - reader cost: 0.0028
 21/177 [==>...........................] - ETA: 6s - batch_cost: 0.0416 - reader cost: 0.0026
 23/177 [==>...........................] - ETA: 6s - batch_cost: 0.0416 - reader cost: 0.0023
 25/177 [===>..........................] - ETA: 6s - batch_cost: 0.0416 - reader cost: 0.0022
 27/177 [===>..........................] - ETA: 6s - batch_cost: 0.0416 - reader cost: 0.0020
 29/177 [===>..........................] - ETA: 6s - batch_cost: 0.0416 - reader cost: 0.0019
 31/177 [====>.........................] - ETA: 6s - batch_cost: 0.0416 - reader cost: 0.0018
 33/177 [====>.........................] - ETA: 6s - batch_cost: 0.0416 - reader cost: 0.0017
 35/177 [====>.........................] - ETA: 5s - batch_cost: 0.0416 - reader cost: 0.0016
 37/177 [=====>........................] - ETA: 5s - batch_cost: 0.0416 - reader cost: 0.0015
 39/177 [=====>........................] - ETA: 5s - batch_cost: 0.0416 - reader cost: 0.0014
 41/177 [=====>........................] - ETA: 5s - batch_cost: 0.0416 - reader cost: 0.0014
 43/177 [======>.......................] - ETA: 5s - batch_cost: 0.0416 - reader cost: 0.0013
 45/177 [======>.......................] - ETA: 5s - batch_cost: 0.0416 - reader cost: 0.0013
 47/177 [======>.......................] - ETA: 5s - batch_cost: 0.0416 - reader cost: 0.0012
 49/177 [=======>......................] - ETA: 5s - batch_cost: 0.0415 - reader cost: 0.0012
 51/177 [=======>......................] - ETA: 5s - batch_cost: 0.0416 - reader cost: 0.0011
 53/177 [=======>......................] - ETA: 5s - batch_cost: 0.0415 - reader cost: 0.0011
 55/177 [========>.....................] - ETA: 5s - batch_cost: 0.0415 - reader cost: 0.0011
 57/177 [========>.....................] - ETA: 4s - batch_cost: 0.0416 - reader cost: 0.0010
 59/177 [=========>....................] - ETA: 4s - batch_cost: 0.0415 - reader cost: 9.8357e-04
 61/177 [=========>....................] - ETA: 4s - batch_cost: 0.0415 - reader cost: 9.6771e-04
 63/177 [=========>....................] - ETA: 4s - batch_cost: 0.0415 - reader cost: 9.3699e-04
 65/177 [==========>...................] - ETA: 4s - batch_cost: 0.0415 - reader cost: 9.0816e-04
 67/177 [==========>...................] - ETA: 4s - batch_cost: 0.0415 - reader cost: 8.9598e-04
 69/177 [==========>...................] - ETA: 4s - batch_cost: 0.0415 - reader cost: 8.7001e-04
 71/177 [===========>..................] - ETA: 4s - batch_cost: 0.0415 - reader cost: 8.4550e-04
 73/177 [===========>..................] - ETA: 4s - batch_cost: 0.0415 - reader cost: 8.2234e-04
 75/177 [===========>..................] - ETA: 4s - batch_cost: 0.0415 - reader cost: 8.0041e-04
 77/177 [============>.................] - ETA: 4s - batch_cost: 0.0415 - reader cost: 7.7962e-04
 79/177 [============>.................] - ETA: 4s - batch_cost: 0.0415 - reader cost: 7.5988e-04
 81/177 [============>.................] - ETA: 3s - batch_cost: 0.0415 - reader cost: 7.4112e-04
 83/177 [=============>................] - ETA: 3s - batch_cost: 0.0415 - reader cost: 7.2326e-04
 85/177 [=============>................] - ETA: 3s - batch_cost: 0.0415 - reader cost: 7.1218e-04
 87/177 [=============>................] - ETA: 3s - batch_cost: 0.0415 - reader cost: 6.9580e-04
 89/177 [==============>...............] - ETA: 3s - batch_cost: 0.0414 - reader cost: 6.9140e-04
 91/177 [==============>...............] - ETA: 3s - batch_cost: 0.0414 - reader cost: 6.7620e-04
 93/177 [==============>...............] - ETA: 3s - batch_cost: 0.0414 - reader cost: 6.6166e-04
 95/177 [===============>..............] - ETA: 3s - batch_cost: 0.0414 - reader cost: 6.4773e-04
 97/177 [===============>..............] - ETA: 3s - batch_cost: 0.0415 - reader cost: 6.3438e-04
 99/177 [===============>..............] - ETA: 3s - batch_cost: 0.0415 - reader cost: 6.2156e-04
101/177 [================>.............] - ETA: 3s - batch_cost: 0.0415 - reader cost: 6.0925e-04
103/177 [================>.............] - ETA: 3s - batch_cost: 0.0415 - reader cost: 5.9742e-04
105/177 [================>.............] - ETA: 2s - batch_cost: 0.0415 - reader cost: 5.9096e-04
107/177 [=================>............] - ETA: 2s - batch_cost: 0.0414 - reader cost: 5.7991e-04
109/177 [=================>............] - ETA: 2s - batch_cost: 0.0414 - reader cost: 5.6927e-04
111/177 [=================>............] - ETA: 2s - batch_cost: 0.0414 - reader cost: 5.5901e-04
113/177 [==================>...........] - ETA: 2s - batch_cost: 0.0414 - reader cost: 5.4912e-04
115/177 [==================>...........] - ETA: 2s - batch_cost: 0.0414 - reader cost: 5.3957e-04
117/177 [==================>...........] - ETA: 2s - batch_cost: 0.0414 - reader cost: 5.3035e-04
119/177 [===================>..........] - ETA: 2s - batch_cost: 0.0414 - reader cost: 5.2984e-04
121/177 [===================>..........] - ETA: 2s - batch_cost: 0.0414 - reader cost: 5.2108e-04
123/177 [===================>..........] - ETA: 2s - batch_cost: 0.0414 - reader cost: 5.1261e-04
125/177 [====================>.........] - ETA: 2s - batch_cost: 0.0414 - reader cost: 5.0440e-04
127/177 [====================>.........] - ETA: 2s - batch_cost: 0.0414 - reader cost: 4.9646e-04
129/177 [====================>.........] - ETA: 1s - batch_cost: 0.0414 - reader cost: 4.8876e-04
131/177 [=====================>........] - ETA: 1s - batch_cost: 0.0414 - reader cost: 4.8130e-04
133/177 [=====================>........] - ETA: 1s - batch_cost: 0.0414 - reader cost: 4.7406e-04
135/177 [=====================>........] - ETA: 1s - batch_cost: 0.0414 - reader cost: 4.6704e-04
137/177 [======================>.......] - ETA: 1s - batch_cost: 0.0414 - reader cost: 4.6022e-04
139/177 [======================>.......] - ETA: 1s - batch_cost: 0.0414 - reader cost: 4.6079e-04
141/177 [======================>.......] - ETA: 1s - batch_cost: 0.0414 - reader cost: 4.5426e-04
143/177 [=======================>......] - ETA: 1s - batch_cost: 0.0414 - reader cost: 4.4790e-04
145/177 [=======================>......] - ETA: 1s - batch_cost: 0.0414 - reader cost: 4.4173e-04
147/177 [=======================>......] - ETA: 1s - batch_cost: 0.0414 - reader cost: 4.3572e-04
149/177 [========================>.....] - ETA: 1s - batch_cost: 0.0414 - reader cost: 4.2987e-04
151/177 [========================>.....] - ETA: 1s - batch_cost: 0.0414 - reader cost: 4.2417e-04
153/177 [========================>.....] - ETA: 0s - batch_cost: 0.0414 - reader cost: 4.1863e-04
155/177 [=========================>....] - ETA: 0s - batch_cost: 0.0414 - reader cost: 4.1673e-04
157/177 [=========================>....] - ETA: 0s - batch_cost: 0.0414 - reader cost: 4.1143e-04
159/177 [=========================>....] - ETA: 0s - batch_cost: 0.0414 - reader cost: 4.0625e-04
161/177 [==========================>...] - ETA: 0s - batch_cost: 0.0414 - reader cost: 4.0120e-04
163/177 [==========================>...] - ETA: 0s - batch_cost: 0.0414 - reader cost: 3.9628e-04
165/177 [==========================>...] - ETA: 0s - batch_cost: 0.0414 - reader cost: 3.9148e-04
167/177 [===========================>..] - ETA: 0s - batch_cost: 0.0414 - reader cost: 3.8679e-04
169/177 [===========================>..] - ETA: 0s - batch_cost: 0.0414 - reader cost: 3.8813e-04
171/177 [===========================>..] - ETA: 0s - batch_cost: 0.0414 - reader cost: 3.8359e-04
173/177 [============================>.] - ETA: 0s - batch_cost: 0.0414 - reader cost: 3.8493e-04
175/177 [============================>.] - ETA: 0s - batch_cost: 0.0414 - reader cost: 3.8053e-04
177/177 [==============================] - 7s 41ms/step - batch_cost: 0.0414 - reader cost: 3.8188e-04
[2026/10/07 01:07:53] INFO: [EVAL] #Images: 177 mIoU: 0.8737 Acc: 0.9908 Kappa: 0.8568 Dice: 0.9284
[2026/10/07 01:07:53] INFO: [EVAL] Class IoU: 
[0.9905 0.7568]
[2026/10/07 01:07:53] INFO: [EVAL] Class Precision: 
[0.9966 0.8274]
[2026/10/07 01:07:53] INFO: [EVAL] Class Recall: 
[0.9938 0.8987]
[2026/10/07 01:07:53] INFO: [EVAL] The model with the best validation mIoU (0.8736) was saved at iter 17000.
[2026/10/07 01:07:53] INFO: [EVAL] The EMA model with the best validation mIoU (0.8738) was saved at iter 17000.
<class 'paddle.nn.layer.conv.Conv2D'>'s flops has been counted
Cannot find suitable count function for <class 'paddle.nn.layer.norm.LayerNorm'>. Treat it as zero FLOPs.
<class 'paddle.nn.layer.common.Linear'>'s flops has been counted
<class 'paddle.nn.layer.common.Dropout'>'s flops has been counted
Cannot find suitable count function for <class 'paddleseg.models.backbones.transformer_utils.Identity'>. Treat it as zero FLOPs.
Cannot find suitable count function for <class 'paddle.nn.layer.activation.GELU'>. Treat it as zero FLOPs.
Cannot find suitable count function for <class 'paddleseg.models.backbones.transformer_utils.DropPath'>. Treat it as zero FLOPs.
Cannot find suitable count function for <class 'paddle.nn.layer.common.Dropout2D'>. Treat it as zero FLOPs.
<class 'paddle.nn.layer.norm.BatchNorm2D'>'s flops has been counted
<class 'paddle.nn.layer.activation.ReLU'>'s flops has been counted
Total Flops: 4135182528     Total Params: 3715170
