WARNING: Logging before InitGoogleLogging() is written to STDERR
W0930 11:01:57.205725 51440 gpu_resources.cc:116] Please NOTE: device: 0, GPU Compute Capability: 12.0, Driver API Version: 13.2, Runtime API Version: 12.9
C:\Users\user\算法实验\venv_bisenet\Lib\site-packages\paddle\nn\layer\norm.py:885: UserWarning: When training, we now always track global mean and variance.
  warnings.warn(

  1/348 [..............................] - ETA: 29s - batch_cost: 0.0850 - reader cost: 0.0065
  5/348 [..............................] - ETA: 9s - batch_cost: 0.0268 - reader cost: 0.0013 
  9/348 [..............................] - ETA: 7s - batch_cost: 0.0204 - reader cost: 7.2479e-04
 13/348 [>.............................] - ETA: 6s - batch_cost: 0.0185 - reader cost: 5.0178e-04
 17/348 [>.............................] - ETA: 5s - batch_cost: 0.0169 - reader cost: 3.8371e-04
 21/348 [>.............................] - ETA: 5s - batch_cost: 0.0163 - reader cost: 3.1063e-04
 25/348 [=>............................] - ETA: 5s - batch_cost: 0.0158 - reader cost: 2.6093e-04
 29/348 [=>............................] - ETA: 5s - batch_cost: 0.0155 - reader cost: 2.2494e-04
 34/348 [=>............................] - ETA: 4s - batch_cost: 0.0149 - reader cost: 2.2125e-04
 39/348 [==>...........................] - ETA: 4s - batch_cost: 0.0146 - reader cost: 1.9289e-04
 43/348 [==>...........................] - ETA: 4s - batch_cost: 0.0144 - reader cost: 1.7494e-04
 47/348 [===>..........................] - ETA: 4s - batch_cost: 0.0143 - reader cost: 1.6005e-04
 51/348 [===>..........................] - ETA: 4s - batch_cost: 0.0141 - reader cost: 1.6710e-04
 55/348 [===>..........................] - ETA: 4s - batch_cost: 0.0142 - reader cost: 1.5495e-04
 59/348 [====>.........................] - ETA: 4s - batch_cost: 0.0141 - reader cost: 1.4445e-04
 62/348 [====>.........................] - ETA: 4s - batch_cost: 0.0143 - reader cost: 1.3746e-04
 65/348 [====>.........................] - ETA: 4s - batch_cost: 0.0144 - reader cost: 1.3111e-04
 69/348 [====>.........................] - ETA: 4s - batch_cost: 0.0144 - reader cost: 1.2351e-04
 73/348 [=====>........................] - ETA: 4s - batch_cost: 0.0144 - reader cost: 1.1674e-04
 77/348 [=====>........................] - ETA: 4s - batch_cost: 0.0144 - reader cost: 1.1068e-04
 80/348 [=====>........................] - ETA: 3s - batch_cost: 0.0145 - reader cost: 1.0653e-04
 84/348 [======>.......................] - ETA: 3s - batch_cost: 0.0146 - reader cost: 1.0146e-04
 89/348 [======>.......................] - ETA: 3s - batch_cost: 0.0144 - reader cost: 9.5756e-05
 93/348 [=======>......................] - ETA: 3s - batch_cost: 0.0144 - reader cost: 9.1637e-05
 97/348 [=======>......................] - ETA: 3s - batch_cost: 0.0143 - reader cost: 8.7858e-05
101/348 [=======>......................] - ETA: 3s - batch_cost: 0.0143 - reader cost: 8.4379e-05
105/348 [========>.....................] - ETA: 3s - batch_cost: 0.0143 - reader cost: 8.1164e-05
109/348 [========>.....................] - ETA: 3s - batch_cost: 0.0142 - reader cost: 7.8186e-05
113/348 [========>.....................] - ETA: 3s - batch_cost: 0.0142 - reader cost: 7.5418e-05
117/348 [=========>....................] - ETA: 3s - batch_cost: 0.0141 - reader cost: 7.2840e-05
121/348 [=========>....................] - ETA: 3s - batch_cost: 0.0141 - reader cost: 7.0432e-05
125/348 [=========>....................] - ETA: 3s - batch_cost: 0.0141 - reader cost: 6.8178e-05
129/348 [==========>...................] - ETA: 3s - batch_cost: 0.0141 - reader cost: 6.6064e-05
133/348 [==========>...................] - ETA: 3s - batch_cost: 0.0140 - reader cost: 7.1613e-05
137/348 [==========>...................] - ETA: 3s - batch_cost: 0.0140 - reader cost: 6.9523e-05
141/348 [===========>..................] - ETA: 2s - batch_cost: 0.0141 - reader cost: 7.4640e-05
145/348 [===========>..................] - ETA: 2s - batch_cost: 0.0141 - reader cost: 7.2581e-05
149/348 [===========>..................] - ETA: 2s - batch_cost: 0.0140 - reader cost: 7.0633e-05
154/348 [============>.................] - ETA: 2s - batch_cost: 0.0140 - reader cost: 6.8339e-05
158/348 [============>.................] - ETA: 2s - batch_cost: 0.0140 - reader cost: 6.6609e-05
162/348 [============>.................] - ETA: 2s - batch_cost: 0.0139 - reader cost: 6.4965e-05
167/348 [=============>................] - ETA: 2s - batch_cost: 0.0139 - reader cost: 6.3020e-05
172/348 [=============>................] - ETA: 2s - batch_cost: 0.0138 - reader cost: 6.1188e-05
177/348 [==============>...............] - ETA: 2s - batch_cost: 0.0138 - reader cost: 6.5108e-05
181/348 [==============>...............] - ETA: 2s - batch_cost: 0.0137 - reader cost: 6.3670e-05
185/348 [==============>...............] - ETA: 2s - batch_cost: 0.0137 - reader cost: 6.2293e-05
189/348 [===============>..............] - ETA: 2s - batch_cost: 0.0138 - reader cost: 6.0975e-05
193/348 [===============>..............] - ETA: 2s - batch_cost: 0.0137 - reader cost: 5.9711e-05
197/348 [===============>..............] - ETA: 2s - batch_cost: 0.0137 - reader cost: 5.8498e-05
201/348 [================>.............] - ETA: 2s - batch_cost: 0.0137 - reader cost: 5.7334e-05
206/348 [================>.............] - ETA: 1s - batch_cost: 0.0137 - reader cost: 5.5943e-05
210/348 [=================>............] - ETA: 1s - batch_cost: 0.0137 - reader cost: 5.4877e-05
214/348 [=================>............] - ETA: 1s - batch_cost: 0.0137 - reader cost: 5.3851e-05
218/348 [=================>............] - ETA: 1s - batch_cost: 0.0137 - reader cost: 5.2863e-05
223/348 [==================>...........] - ETA: 1s - batch_cost: 0.0137 - reader cost: 5.1678e-05
227/348 [==================>...........] - ETA: 1s - batch_cost: 0.0136 - reader cost: 5.0767e-05
231/348 [==================>...........] - ETA: 1s - batch_cost: 0.0136 - reader cost: 4.9888e-05
235/348 [===================>..........] - ETA: 1s - batch_cost: 0.0136 - reader cost: 4.9039e-05
239/348 [===================>..........] - ETA: 1s - batch_cost: 0.0136 - reader cost: 5.2401e-05
243/348 [===================>..........] - ETA: 1s - batch_cost: 0.0136 - reader cost: 5.1539e-05
248/348 [====================>.........] - ETA: 1s - batch_cost: 0.0136 - reader cost: 5.0500e-05
252/348 [====================>.........] - ETA: 1s - batch_cost: 0.0136 - reader cost: 4.9698e-05
256/348 [=====================>........] - ETA: 1s - batch_cost: 0.0136 - reader cost: 5.2830e-05
260/348 [=====================>........] - ETA: 1s - batch_cost: 0.0136 - reader cost: 5.5865e-05
264/348 [=====================>........] - ETA: 1s - batch_cost: 0.0136 - reader cost: 5.5019e-05
269/348 [======================>.......] - ETA: 1s - batch_cost: 0.0136 - reader cost: 5.3996e-05
273/348 [======================>.......] - ETA: 1s - batch_cost: 0.0136 - reader cost: 5.3205e-05
277/348 [======================>.......] - ETA: 0s - batch_cost: 0.0136 - reader cost: 5.2437e-05
281/348 [=======================>......] - ETA: 0s - batch_cost: 0.0135 - reader cost: 5.1690e-05
286/348 [=======================>......] - ETA: 0s - batch_cost: 0.0135 - reader cost: 5.0786e-05
290/348 [========================>.....] - ETA: 0s - batch_cost: 0.0135 - reader cost: 5.0086e-05
294/348 [========================>.....] - ETA: 0s - batch_cost: 0.0135 - reader cost: 4.9405e-05
298/348 [========================>.....] - ETA: 0s - batch_cost: 0.0135 - reader cost: 4.8741e-05
302/348 [=========================>....] - ETA: 0s - batch_cost: 0.0135 - reader cost: 4.8096e-05
306/348 [=========================>....] - ETA: 0s - batch_cost: 0.0135 - reader cost: 4.7467e-05
310/348 [=========================>....] - ETA: 0s - batch_cost: 0.0135 - reader cost: 4.6855e-05
314/348 [==========================>...] - ETA: 0s - batch_cost: 0.0135 - reader cost: 4.6258e-05
319/348 [==========================>...] - ETA: 0s - batch_cost: 0.0135 - reader cost: 4.5533e-05
323/348 [==========================>...] - ETA: 0s - batch_cost: 0.0135 - reader cost: 4.8062e-05
327/348 [===========================>..] - ETA: 0s - batch_cost: 0.0135 - reader cost: 4.7474e-05
331/348 [===========================>..] - ETA: 0s - batch_cost: 0.0135 - reader cost: 4.6900e-05
334/348 [===========================>..] - ETA: 0s - batch_cost: 0.0135 - reader cost: 4.6479e-05
338/348 [============================>.] - ETA: 0s - batch_cost: 0.0135 - reader cost: 4.5929e-05
342/348 [============================>.] - ETA: 0s - batch_cost: 0.0135 - reader cost: 4.9787e-05
347/348 [============================>.] - ETA: 0s - batch_cost: 0.0135 - reader cost: 4.9070e-05
348/348 [==============================] - 5s 14ms/step - batch_cost: 0.0135 - reader cost: 4.8929e-05

  1/348 [..............................] - ETA: 9s - batch_cost: 0.0265 - reader cost: 0.0085
  5/348 [..............................] - ETA: 5s - batch_cost: 0.0172 - reader cost: 0.0017
  9/348 [..............................] - ETA: 5s - batch_cost: 0.0162 - reader cost: 0.0011
 13/348 [>.............................] - ETA: 5s - batch_cost: 0.0152 - reader cost: 7.3101e-04
 17/348 [>.............................] - ETA: 5s - batch_cost: 0.0150 - reader cost: 5.5901e-04
 21/348 [>.............................] - ETA: 4s - batch_cost: 0.0149 - reader cost: 4.5253e-04
 25/348 [=>............................] - ETA: 4s - batch_cost: 0.0146 - reader cost: 3.8013e-04
 29/348 [=>............................] - ETA: 4s - batch_cost: 0.0147 - reader cost: 3.2769e-04
 32/348 [=>............................] - ETA: 4s - batch_cost: 0.0149 - reader cost: 2.9697e-04
 36/348 [==>...........................] - ETA: 4s - batch_cost: 0.0150 - reader cost: 2.9176e-04
 39/348 [==>...........................] - ETA: 4s - batch_cost: 0.0152 - reader cost: 2.6932e-04
 43/348 [==>...........................] - ETA: 4s - batch_cost: 0.0152 - reader cost: 2.4426e-04
 47/348 [===>..........................] - ETA: 4s - batch_cost: 0.0150 - reader cost: 2.2347e-04
 51/348 [===>..........................] - ETA: 4s - batch_cost: 0.0150 - reader cost: 2.0595e-04
 55/348 [===>..........................] - ETA: 4s - batch_cost: 0.0149 - reader cost: 1.9097e-04
 59/348 [====>.........................] - ETA: 4s - batch_cost: 0.0149 - reader cost: 1.7802e-04
 63/348 [====>.........................] - ETA: 4s - batch_cost: 0.0149 - reader cost: 1.6672e-04
 67/348 [====>.........................] - ETA: 4s - batch_cost: 0.0148 - reader cost: 1.5677e-04
 71/348 [=====>........................] - ETA: 4s - batch_cost: 0.0149 - reader cost: 1.6202e-04
 75/348 [=====>........................] - ETA: 4s - batch_cost: 0.0149 - reader cost: 1.5338e-04
 78/348 [=====>........................] - ETA: 4s - batch_cost: 0.0150 - reader cost: 1.4748e-04
 82/348 [======>.......................] - ETA: 3s - batch_cost: 0.0149 - reader cost: 1.4028e-04
 86/348 [======>.......................] - ETA: 3s - batch_cost: 0.0148 - reader cost: 1.4539e-04
 91/348 [======>.......................] - ETA: 3s - batch_cost: 0.0147 - reader cost: 1.3741e-04
 95/348 [=======>......................] - ETA: 3s - batch_cost: 0.0147 - reader cost: 1.3162e-04
 99/348 [=======>......................] - ETA: 3s - batch_cost: 0.0147 - reader cost: 1.3642e-04
103/348 [=======>......................] - ETA: 3s - batch_cost: 0.0146 - reader cost: 1.3112e-04
107/348 [========>.....................] - ETA: 3s - batch_cost: 0.0146 - reader cost: 1.2622e-04
111/348 [========>.....................] - ETA: 3s - batch_cost: 0.0146 - reader cost: 1.2167e-04
115/348 [========>.....................] - ETA: 3s - batch_cost: 0.0145 - reader cost: 1.1744e-04
119/348 [=========>....................] - ETA: 3s - batch_cost: 0.0145 - reader cost: 1.1349e-04
123/348 [=========>....................] - ETA: 3s - batch_cost: 0.0145 - reader cost: 1.0980e-04
127/348 [=========>....................] - ETA: 3s - batch_cost: 0.0145 - reader cost: 1.0634e-04
131/348 [==========>...................] - ETA: 3s - batch_cost: 0.0145 - reader cost: 1.0310e-04
135/348 [==========>...................] - ETA: 3s - batch_cost: 0.0145 - reader cost: 1.0004e-04
139/348 [==========>...................] - ETA: 3s - batch_cost: 0.0145 - reader cost: 9.7163e-05
143/348 [===========>..................] - ETA: 2s - batch_cost: 0.0144 - reader cost: 9.4445e-05
147/348 [===========>..................] - ETA: 2s - batch_cost: 0.0144 - reader cost: 9.1875e-05
151/348 [============>.................] - ETA: 2s - batch_cost: 0.0144 - reader cost: 8.9442e-05
155/348 [============>.................] - ETA: 2s - batch_cost: 0.0144 - reader cost: 9.3582e-05
159/348 [============>.................] - ETA: 2s - batch_cost: 0.0144 - reader cost: 9.1227e-05
163/348 [=============>................] - ETA: 2s - batch_cost: 0.0143 - reader cost: 9.5126e-05
167/348 [=============>................] - ETA: 2s - batch_cost: 0.0143 - reader cost: 9.2848e-05
171/348 [=============>................] - ETA: 2s - batch_cost: 0.0143 - reader cost: 9.6550e-05
175/348 [==============>...............] - ETA: 2s - batch_cost: 0.0143 - reader cost: 9.4343e-05
179/348 [==============>...............] - ETA: 2s - batch_cost: 0.0143 - reader cost: 9.2235e-05
183/348 [==============>...............] - ETA: 2s - batch_cost: 0.0143 - reader cost: 9.0219e-05
187/348 [===============>..............] - ETA: 2s - batch_cost: 0.0142 - reader cost: 8.8289e-05
191/348 [===============>..............] - ETA: 2s - batch_cost: 0.0143 - reader cost: 8.6440e-05
195/348 [===============>..............] - ETA: 2s - batch_cost: 0.0143 - reader cost: 8.4667e-05
199/348 [================>.............] - ETA: 2s - batch_cost: 0.0143 - reader cost: 8.7991e-05
203/348 [================>.............] - ETA: 2s - batch_cost: 0.0143 - reader cost: 8.6257e-05
207/348 [================>.............] - ETA: 2s - batch_cost: 0.0143 - reader cost: 8.4590e-05
212/348 [=================>............] - ETA: 1s - batch_cost: 0.0143 - reader cost: 8.2595e-05
216/348 [=================>............] - ETA: 1s - batch_cost: 0.0143 - reader cost: 8.1066e-05
220/348 [=================>............] - ETA: 1s - batch_cost: 0.0143 - reader cost: 7.9592e-05
224/348 [==================>...........] - ETA: 1s - batch_cost: 0.0143 - reader cost: 7.8170e-05
228/348 [==================>...........] - ETA: 1s - batch_cost: 0.0142 - reader cost: 7.6799e-05
232/348 [===================>..........] - ETA: 1s - batch_cost: 0.0143 - reader cost: 7.5475e-05
236/348 [===================>..........] - ETA: 1s - batch_cost: 0.0142 - reader cost: 7.4196e-05
240/348 [===================>..........] - ETA: 1s - batch_cost: 0.0142 - reader cost: 7.2959e-05
244/348 [====================>.........] - ETA: 1s - batch_cost: 0.0142 - reader cost: 7.1763e-05
248/348 [====================>.........] - ETA: 1s - batch_cost: 0.0142 - reader cost: 7.0606e-05
252/348 [====================>.........] - ETA: 1s - batch_cost: 0.0142 - reader cost: 6.9485e-05
256/348 [=====================>........] - ETA: 1s - batch_cost: 0.0142 - reader cost: 6.8399e-05
260/348 [=====================>........] - ETA: 1s - batch_cost: 0.0142 - reader cost: 6.7347e-05
264/348 [=====================>........] - ETA: 1s - batch_cost: 0.0142 - reader cost: 6.6326e-05
268/348 [======================>.......] - ETA: 1s - batch_cost: 0.0142 - reader cost: 6.5336e-05
272/348 [======================>.......] - ETA: 1s - batch_cost: 0.0142 - reader cost: 6.4376e-05
276/348 [======================>.......] - ETA: 1s - batch_cost: 0.0142 - reader cost: 6.3443e-05
280/348 [=======================>......] - ETA: 0s - batch_cost: 0.0142 - reader cost: 6.2536e-05
284/348 [=======================>......] - ETA: 0s - batch_cost: 0.0142 - reader cost: 6.1656e-05
288/348 [=======================>......] - ETA: 0s - batch_cost: 0.0142 - reader cost: 6.0799e-05
292/348 [========================>.....] - ETA: 0s - batch_cost: 0.0142 - reader cost: 5.9966e-05
296/348 [========================>.....] - ETA: 0s - batch_cost: 0.0142 - reader cost: 6.2534e-05
300/348 [========================>.....] - ETA: 0s - batch_cost: 0.0142 - reader cost: 6.1700e-05
304/348 [=========================>....] - ETA: 0s - batch_cost: 0.0142 - reader cost: 6.0888e-05
308/348 [=========================>....] - ETA: 0s - batch_cost: 0.0142 - reader cost: 6.6591e-05
312/348 [=========================>....] - ETA: 0s - batch_cost: 0.0142 - reader cost: 6.5737e-05
316/348 [==========================>...] - ETA: 0s - batch_cost: 0.0141 - reader cost: 6.4905e-05
320/348 [==========================>...] - ETA: 0s - batch_cost: 0.0141 - reader cost: 6.4094e-05
324/348 [==========================>...] - ETA: 0s - batch_cost: 0.0141 - reader cost: 6.6386e-05
328/348 [===========================>..] - ETA: 0s - batch_cost: 0.0141 - reader cost: 6.5576e-05
332/348 [===========================>..] - ETA: 0s - batch_cost: 0.0141 - reader cost: 6.4786e-05
336/348 [===========================>..] - ETA: 0s - batch_cost: 0.0141 - reader cost: 6.4015e-05
339/348 [============================>.] - ETA: 0s - batch_cost: 0.0142 - reader cost: 6.3448e-05
343/348 [============================>.] - ETA: 0s - batch_cost: 0.0142 - reader cost: 6.2708e-05
348/348 [==============================] - 5s 14ms/step - batch_cost: 0.0142 - reader cost: 6.4682e-05

  1/348 [..............................] - ETA: 7s - batch_cost: 0.0230 - reader cost: 0.0070
  5/348 [..............................] - ETA: 5s - batch_cost: 0.0168 - reader cost: 0.0016
  9/348 [..............................] - ETA: 5s - batch_cost: 0.0152 - reader cost: 8.8726e-04
 13/348 [>.............................] - ETA: 4s - batch_cost: 0.0147 - reader cost: 6.1426e-04
 17/348 [>.............................] - ETA: 4s - batch_cost: 0.0146 - reader cost: 5.3700e-04
 21/348 [>.............................] - ETA: 4s - batch_cost: 0.0146 - reader cost: 4.3472e-04
 25/348 [=>............................] - ETA: 4s - batch_cost: 0.0142 - reader cost: 4.0515e-04
 29/348 [=>............................] - ETA: 4s - batch_cost: 0.0140 - reader cost: 3.4927e-04
 34/348 [=>............................] - ETA: 4s - batch_cost: 0.0137 - reader cost: 2.9790e-04
 39/348 [==>...........................] - ETA: 4s - batch_cost: 0.0135 - reader cost: 2.5971e-04
 43/348 [==>...........................] - ETA: 4s - batch_cost: 0.0134 - reader cost: 2.3555e-04
 48/348 [===>..........................] - ETA: 4s - batch_cost: 0.0134 - reader cost: 2.1102e-04
 52/348 [===>..........................] - ETA: 4s - batch_cost: 0.0135 - reader cost: 1.9478e-04
 57/348 [===>..........................] - ETA: 3s - batch_cost: 0.0134 - reader cost: 1.7770e-04
 61/348 [====>.........................] - ETA: 3s - batch_cost: 0.0134 - reader cost: 1.6604e-04
 65/348 [====>.........................] - ETA: 3s - batch_cost: 0.0134 - reader cost: 1.5583e-04
 69/348 [====>.........................] - ETA: 3s - batch_cost: 0.0134 - reader cost: 1.4679e-04
 73/348 [=====>........................] - ETA: 3s - batch_cost: 0.0134 - reader cost: 1.3875e-04
 77/348 [=====>........................] - ETA: 3s - batch_cost: 0.0134 - reader cost: 1.4455e-04
 81/348 [=====>........................] - ETA: 3s - batch_cost: 0.0134 - reader cost: 1.3741e-04
 85/348 [======>.......................] - ETA: 3s - batch_cost: 0.0135 - reader cost: 1.3094e-04
 89/348 [======>.......................] - ETA: 3s - batch_cost: 0.0135 - reader cost: 1.2506e-04
 93/348 [=======>......................] - ETA: 3s - batch_cost: 0.0135 - reader cost: 1.1968e-04
 97/348 [=======>......................] - ETA: 3s - batch_cost: 0.0134 - reader cost: 1.1474e-04
102/348 [=======>......................] - ETA: 3s - batch_cost: 0.0134 - reader cost: 1.0912e-04
107/348 [========>.....................] - ETA: 3s - batch_cost: 0.0134 - reader cost: 1.1336e-04
111/348 [========>.....................] - ETA: 3s - batch_cost: 0.0134 - reader cost: 1.0928e-04
115/348 [========>.....................] - ETA: 3s - batch_cost: 0.0134 - reader cost: 1.0547e-04
119/348 [=========>....................] - ETA: 3s - batch_cost: 0.0134 - reader cost: 1.0624e-04
123/348 [=========>....................] - ETA: 3s - batch_cost: 0.0133 - reader cost: 1.0279e-04
128/348 [==========>...................] - ETA: 2s - batch_cost: 0.0133 - reader cost: 9.8770e-05
132/348 [==========>...................] - ETA: 2s - batch_cost: 0.0133 - reader cost: 9.5777e-05
137/348 [==========>...................] - ETA: 2s - batch_cost: 0.0132 - reader cost: 9.2282e-05
141/348 [===========>..................] - ETA: 2s - batch_cost: 0.0132 - reader cost: 8.9664e-05
145/348 [===========>..................] - ETA: 2s - batch_cost: 0.0132 - reader cost: 9.4077e-05
149/348 [===========>..................] - ETA: 2s - batch_cost: 0.0132 - reader cost: 9.1551e-05
153/348 [============>.................] - ETA: 2s - batch_cost: 0.0132 - reader cost: 8.9158e-05
157/348 [============>.................] - ETA: 2s - batch_cost: 0.0133 - reader cost: 8.6886e-05
161/348 [============>.................] - ETA: 2s - batch_cost: 0.0133 - reader cost: 8.4727e-05
165/348 [=============>................] - ETA: 2s - batch_cost: 0.0134 - reader cost: 8.2673e-05
168/348 [=============>................] - ETA: 2s - batch_cost: 0.0135 - reader cost: 8.1197e-05
172/348 [=============>................] - ETA: 2s - batch_cost: 0.0135 - reader cost: 8.5492e-05
176/348 [==============>...............] - ETA: 2s - batch_cost: 0.0135 - reader cost: 8.3549e-05
180/348 [==============>...............] - ETA: 2s - batch_cost: 0.0135 - reader cost: 8.7253e-05
184/348 [==============>...............] - ETA: 2s - batch_cost: 0.0135 - reader cost: 8.5356e-05
188/348 [===============>..............] - ETA: 2s - batch_cost: 0.0135 - reader cost: 8.3540e-05
192/348 [===============>..............] - ETA: 2s - batch_cost: 0.0135 - reader cost: 8.1800e-05
195/348 [===============>..............] - ETA: 2s - batch_cost: 0.0136 - reader cost: 8.0541e-05
199/348 [================>.............] - ETA: 2s - batch_cost: 0.0136 - reader cost: 8.1564e-05
203/348 [================>.............] - ETA: 2s - batch_cost: 0.0137 - reader cost: 7.9957e-05
207/348 [================>.............] - ETA: 1s - batch_cost: 0.0137 - reader cost: 8.3243e-05
211/348 [=================>............] - ETA: 1s - batch_cost: 0.0137 - reader cost: 8.1665e-05
215/348 [=================>............] - ETA: 1s - batch_cost: 0.0137 - reader cost: 8.0145e-05
219/348 [=================>............] - ETA: 1s - batch_cost: 0.0137 - reader cost: 7.8681e-05
223/348 [==================>...........] - ETA: 1s - batch_cost: 0.0137 - reader cost: 7.7270e-05
227/348 [==================>...........] - ETA: 1s - batch_cost: 0.0136 - reader cost: 7.5908e-05
231/348 [==================>...........] - ETA: 1s - batch_cost: 0.0136 - reader cost: 8.5539e-05
235/348 [===================>..........] - ETA: 1s - batch_cost: 0.0136 - reader cost: 8.4083e-05
239/348 [===================>..........] - ETA: 1s - batch_cost: 0.0136 - reader cost: 8.2675e-05
243/348 [===================>..........] - ETA: 1s - batch_cost: 0.0136 - reader cost: 8.1314e-05
247/348 [====================>.........] - ETA: 1s - batch_cost: 0.0136 - reader cost: 7.9998e-05
251/348 [====================>.........] - ETA: 1s - batch_cost: 0.0136 - reader cost: 7.8723e-05
255/348 [====================>.........] - ETA: 1s - batch_cost: 0.0136 - reader cost: 7.7488e-05
259/348 [=====================>........] - ETA: 1s - batch_cost: 0.0136 - reader cost: 7.8289e-05
263/348 [=====================>........] - ETA: 1s - batch_cost: 0.0136 - reader cost: 7.7098e-05
268/348 [======================>.......] - ETA: 1s - batch_cost: 0.0136 - reader cost: 7.5660e-05
272/348 [======================>.......] - ETA: 1s - batch_cost: 0.0136 - reader cost: 7.4547e-05
276/348 [======================>.......] - ETA: 0s - batch_cost: 0.0136 - reader cost: 7.3467e-05
280/348 [=======================>......] - ETA: 0s - batch_cost: 0.0136 - reader cost: 7.2417e-05
284/348 [=======================>......] - ETA: 0s - batch_cost: 0.0136 - reader cost: 7.1397e-05
288/348 [=======================>......] - ETA: 0s - batch_cost: 0.0136 - reader cost: 7.3873e-05
293/348 [========================>.....] - ETA: 0s - batch_cost: 0.0136 - reader cost: 7.6021e-05
297/348 [========================>.....] - ETA: 0s - batch_cost: 0.0136 - reader cost: 7.4997e-05
301/348 [========================>.....] - ETA: 0s - batch_cost: 0.0136 - reader cost: 7.4000e-05
305/348 [=========================>....] - ETA: 0s - batch_cost: 0.0136 - reader cost: 7.3030e-05
309/348 [=========================>....] - ETA: 0s - batch_cost: 0.0136 - reader cost: 7.2084e-05
314/348 [==========================>...] - ETA: 0s - batch_cost: 0.0136 - reader cost: 7.0936e-05
318/348 [==========================>...] - ETA: 0s - batch_cost: 0.0135 - reader cost: 7.0044e-05
322/348 [==========================>...] - ETA: 0s - batch_cost: 0.0135 - reader cost: 6.9174e-05
326/348 [===========================>..] - ETA: 0s - batch_cost: 0.0135 - reader cost: 6.8325e-05
330/348 [===========================>..] - ETA: 0s - batch_cost: 0.0135 - reader cost: 6.7497e-05
334/348 [===========================>..] - ETA: 0s - batch_cost: 0.0136 - reader cost: 6.6689e-05
338/348 [============================>.] - ETA: 0s - batch_cost: 0.0136 - reader cost: 6.8857e-05
342/348 [============================>.] - ETA: 0s - batch_cost: 0.0136 - reader cost: 6.8052e-05
347/348 [============================>.] - ETA: 0s - batch_cost: 0.0135 - reader cost: 6.7071e-05
348/348 [==============================] - 5s 14ms/step - batch_cost: 0.0135 - reader cost: 6.6878e-05

  1/348 [..............................] - ETA: 8s - batch_cost: 0.0256 - reader cost: 0.0075
  5/348 [..............................] - ETA: 6s - batch_cost: 0.0173 - reader cost: 0.0015
  9/348 [..............................] - ETA: 5s - batch_cost: 0.0157 - reader cost: 8.3619e-04
 13/348 [>.............................] - ETA: 5s - batch_cost: 0.0158 - reader cost: 6.1848e-04
 17/348 [>.............................] - ETA: 5s - batch_cost: 0.0154 - reader cost: 4.7295e-04
 21/348 [>.............................] - ETA: 4s - batch_cost: 0.0150 - reader cost: 3.8287e-04
 25/348 [=>............................] - ETA: 4s - batch_cost: 0.0146 - reader cost: 3.2161e-04
 29/348 [=>............................] - ETA: 4s - batch_cost: 0.0145 - reader cost: 3.1173e-04
 33/348 [=>............................] - ETA: 4s - batch_cost: 0.0143 - reader cost: 2.7394e-04
 38/348 [==>...........................] - ETA: 4s - batch_cost: 0.0141 - reader cost: 2.6422e-04
 42/348 [==>...........................] - ETA: 4s - batch_cost: 0.0140 - reader cost: 2.6287e-04
 46/348 [==>...........................] - ETA: 4s - batch_cost: 0.0140 - reader cost: 2.4001e-04
 50/348 [===>..........................] - ETA: 4s - batch_cost: 0.0139 - reader cost: 2.2081e-04
 54/348 [===>..........................] - ETA: 4s - batch_cost: 0.0138 - reader cost: 2.0446e-04
 58/348 [====>.........................] - ETA: 4s - batch_cost: 0.0139 - reader cost: 1.9036e-04
 62/348 [====>.........................] - ETA: 3s - batch_cost: 0.0138 - reader cost: 1.7808e-04
 66/348 [====>.........................] - ETA: 3s - batch_cost: 0.0139 - reader cost: 1.6728e-04
 70/348 [=====>........................] - ETA: 3s - batch_cost: 0.0139 - reader cost: 1.5772e-04
 74/348 [=====>........................] - ETA: 3s - batch_cost: 0.0139 - reader cost: 1.4920e-04
 79/348 [=====>........................] - ETA: 3s - batch_cost: 0.0138 - reader cost: 1.3976e-04
 83/348 [======>.......................] - ETA: 3s - batch_cost: 0.0138 - reader cost: 1.3302e-04
 87/348 [======>.......................] - ETA: 3s - batch_cost: 0.0139 - reader cost: 1.2690e-04
 91/348 [======>.......................] - ETA: 3s - batch_cost: 0.0139 - reader cost: 1.2133e-04
 95/348 [=======>......................] - ETA: 3s - batch_cost: 0.0139 - reader cost: 1.1622e-04
 99/348 [=======>......................] - ETA: 3s - batch_cost: 0.0138 - reader cost: 1.1152e-04
103/348 [=======>......................] - ETA: 3s - batch_cost: 0.0138 - reader cost: 1.0719e-04
107/348 [========>.....................] - ETA: 3s - batch_cost: 0.0138 - reader cost: 1.0318e-04
111/348 [========>.....................] - ETA: 3s - batch_cost: 0.0138 - reader cost: 9.9466e-05
115/348 [========>.....................] - ETA: 3s - batch_cost: 0.0138 - reader cost: 9.6006e-05
119/348 [=========>....................] - ETA: 3s - batch_cost: 0.0138 - reader cost: 9.2779e-05
122/348 [=========>....................] - ETA: 3s - batch_cost: 0.0139 - reader cost: 9.0497e-05
125/348 [=========>....................] - ETA: 3s - batch_cost: 0.0139 - reader cost: 8.8326e-05
129/348 [==========>...................] - ETA: 3s - batch_cost: 0.0140 - reader cost: 8.5587e-05
133/348 [==========>...................] - ETA: 3s - batch_cost: 0.0140 - reader cost: 8.3013e-05
137/348 [==========>...................] - ETA: 2s - batch_cost: 0.0140 - reader cost: 8.0589e-05
141/348 [===========>..................] - ETA: 2s - batch_cost: 0.0140 - reader cost: 7.8303e-05
145/348 [===========>..................] - ETA: 2s - batch_cost: 0.0140 - reader cost: 7.6143e-05
149/348 [===========>..................] - ETA: 2s - batch_cost: 0.0140 - reader cost: 8.0809e-05
153/348 [============>.................] - ETA: 2s - batch_cost: 0.0140 - reader cost: 7.8697e-05
157/348 [============>.................] - ETA: 2s - batch_cost: 0.0140 - reader cost: 7.6692e-05
161/348 [============>.................] - ETA: 2s - batch_cost: 0.0139 - reader cost: 7.8680e-05
165/348 [=============>................] - ETA: 2s - batch_cost: 0.0139 - reader cost: 7.6772e-05
170/348 [=============>................] - ETA: 2s - batch_cost: 0.0139 - reader cost: 7.4514e-05
174/348 [==============>...............] - ETA: 2s - batch_cost: 0.0139 - reader cost: 7.2801e-05
178/348 [==============>...............] - ETA: 2s - batch_cost: 0.0138 - reader cost: 7.6776e-05
182/348 [==============>...............] - ETA: 2s - batch_cost: 0.0139 - reader cost: 7.5089e-05
186/348 [===============>..............] - ETA: 2s - batch_cost: 0.0139 - reader cost: 7.3474e-05
189/348 [===============>..............] - ETA: 2s - batch_cost: 0.0139 - reader cost: 7.7600e-05
193/348 [===============>..............] - ETA: 2s - batch_cost: 0.0139 - reader cost: 7.5991e-05
197/348 [===============>..............] - ETA: 2s - batch_cost: 0.0139 - reader cost: 7.9531e-05
201/348 [================>.............] - ETA: 2s - batch_cost: 0.0139 - reader cost: 7.7949e-05
205/348 [================>.............] - ETA: 2s - batch_cost: 0.0139 - reader cost: 8.1311e-05
210/348 [=================>............] - ETA: 1s - batch_cost: 0.0139 - reader cost: 7.9375e-05
214/348 [=================>............] - ETA: 1s - batch_cost: 0.0139 - reader cost: 7.7892e-05
218/348 [=================>............] - ETA: 1s - batch_cost: 0.0139 - reader cost: 7.6462e-05
222/348 [==================>...........] - ETA: 1s - batch_cost: 0.0139 - reader cost: 7.5085e-05
226/348 [==================>...........] - ETA: 1s - batch_cost: 0.0139 - reader cost: 7.3756e-05
230/348 [==================>...........] - ETA: 1s - batch_cost: 0.0139 - reader cost: 7.2473e-05
234/348 [===================>..........] - ETA: 1s - batch_cost: 0.0139 - reader cost: 7.1234e-05
238/348 [===================>..........] - ETA: 1s - batch_cost: 0.0139 - reader cost: 7.4235e-05
242/348 [===================>..........] - ETA: 1s - batch_cost: 0.0139 - reader cost: 7.3008e-05
246/348 [====================>.........] - ETA: 1s - batch_cost: 0.0139 - reader cost: 7.1821e-05
251/348 [====================>.........] - ETA: 1s - batch_cost: 0.0139 - reader cost: 7.0390e-05
255/348 [====================>.........] - ETA: 1s - batch_cost: 0.0139 - reader cost: 6.9286e-05
259/348 [=====================>........] - ETA: 1s - batch_cost: 0.0139 - reader cost: 6.8216e-05
263/348 [=====================>........] - ETA: 1s - batch_cost: 0.0139 - reader cost: 6.7179e-05
267/348 [======================>.......] - ETA: 1s - batch_cost: 0.0139 - reader cost: 6.6172e-05
271/348 [======================>.......] - ETA: 1s - batch_cost: 0.0139 - reader cost: 6.5196e-05
275/348 [======================>.......] - ETA: 1s - batch_cost: 0.0139 - reader cost: 6.7878e-05
279/348 [=======================>......] - ETA: 0s - batch_cost: 0.0139 - reader cost: 6.6905e-05
283/348 [=======================>......] - ETA: 0s - batch_cost: 0.0139 - reader cost: 6.5959e-05
287/348 [=======================>......] - ETA: 0s - batch_cost: 0.0139 - reader cost: 6.5040e-05
291/348 [========================>.....] - ETA: 0s - batch_cost: 0.0139 - reader cost: 6.4146e-05
295/348 [========================>.....] - ETA: 0s - batch_cost: 0.0139 - reader cost: 6.3276e-05
299/348 [========================>.....] - ETA: 0s - batch_cost: 0.0139 - reader cost: 6.2430e-05
303/348 [=========================>....] - ETA: 0s - batch_cost: 0.0139 - reader cost: 6.1606e-05
307/348 [=========================>....] - ETA: 0s - batch_cost: 0.0139 - reader cost: 6.2503e-05
311/348 [=========================>....] - ETA: 0s - batch_cost: 0.0139 - reader cost: 6.1699e-05
315/348 [==========================>...] - ETA: 0s - batch_cost: 0.0139 - reader cost: 6.0916e-05
319/348 [==========================>...] - ETA: 0s - batch_cost: 0.0139 - reader cost: 6.0152e-05
323/348 [==========================>...] - ETA: 0s - batch_cost: 0.0139 - reader cost: 5.9407e-05
327/348 [===========================>..] - ETA: 0s - batch_cost: 0.0139 - reader cost: 5.8680e-05
331/348 [===========================>..] - ETA: 0s - batch_cost: 0.0139 - reader cost: 5.7971e-05
335/348 [===========================>..] - ETA: 0s - batch_cost: 0.0139 - reader cost: 5.7279e-05
339/348 [============================>.] - ETA: 0s - batch_cost: 0.0139 - reader cost: 5.6603e-05
343/348 [============================>.] - ETA: 0s - batch_cost: 0.0139 - reader cost: 5.5943e-05
348/348 [==============================] - 5s 14ms/step - batch_cost: 0.0139 - reader cost: 5.5139e-05

  1/348 [..............................] - ETA: 8s - batch_cost: 0.0238 - reader cost: 0.0070
  5/348 [..............................] - ETA: 5s - batch_cost: 0.0163 - reader cost: 0.0014
  9/348 [..............................] - ETA: 5s - batch_cost: 0.0147 - reader cost: 7.7775e-04
 14/348 [>.............................] - ETA: 4s - batch_cost: 0.0136 - reader cost: 4.9998e-04
 18/348 [>.............................] - ETA: 4s - batch_cost: 0.0134 - reader cost: 3.8887e-04
 23/348 [>.............................] - ETA: 4s - batch_cost: 0.0132 - reader cost: 3.0434e-04
 28/348 [=>............................] - ETA: 4s - batch_cost: 0.0132 - reader cost: 2.4999e-04
 32/348 [=>............................] - ETA: 4s - batch_cost: 0.0132 - reader cost: 2.1874e-04
 36/348 [==>...........................] - ETA: 4s - batch_cost: 0.0132 - reader cost: 1.9444e-04
 40/348 [==>...........................] - ETA: 4s - batch_cost: 0.0133 - reader cost: 1.7499e-04
 45/348 [==>...........................] - ETA: 4s - batch_cost: 0.0131 - reader cost: 1.5555e-04
 50/348 [===>..........................] - ETA: 3s - batch_cost: 0.0130 - reader cost: 1.5998e-04
 54/348 [===>..........................] - ETA: 3s - batch_cost: 0.0131 - reader cost: 1.6667e-04
 58/348 [====>.........................] - ETA: 3s - batch_cost: 0.0132 - reader cost: 1.5517e-04
 62/348 [====>.........................] - ETA: 3s - batch_cost: 0.0132 - reader cost: 1.4516e-04
 66/348 [====>.........................] - ETA: 3s - batch_cost: 0.0133 - reader cost: 1.3636e-04
 70/348 [=====>........................] - ETA: 3s - batch_cost: 0.0133 - reader cost: 1.2857e-04
 74/348 [=====>........................] - ETA: 3s - batch_cost: 0.0134 - reader cost: 1.2162e-04
 78/348 [=====>........................] - ETA: 3s - batch_cost: 0.0135 - reader cost: 1.4101e-04
 82/348 [======>.......................] - ETA: 3s - batch_cost: 0.0135 - reader cost: 1.3413e-04
 85/348 [======>.......................] - ETA: 3s - batch_cost: 0.0136 - reader cost: 1.2940e-04
 89/348 [======>.......................] - ETA: 3s - batch_cost: 0.0136 - reader cost: 1.2358e-04
 93/348 [=======>......................] - ETA: 3s - batch_cost: 0.0136 - reader cost: 1.2958e-04
 97/348 [=======>......................] - ETA: 3s - batch_cost: 0.0136 - reader cost: 1.2423e-04
101/348 [=======>......................] - ETA: 3s - batch_cost: 0.0135 - reader cost: 1.1931e-04
105/348 [========>.....................] - ETA: 3s - batch_cost: 0.0135 - reader cost: 1.1477e-04
109/348 [========>.....................] - ETA: 3s - batch_cost: 0.0135 - reader cost: 1.1056e-04
113/348 [========>.....................] - ETA: 3s - batch_cost: 0.0135 - reader cost: 1.1549e-04
117/348 [=========>....................] - ETA: 3s - batch_cost: 0.0135 - reader cost: 1.1154e-04
121/348 [=========>....................] - ETA: 3s - batch_cost: 0.0135 - reader cost: 1.0785e-04
125/348 [=========>....................] - ETA: 3s - batch_cost: 0.0134 - reader cost: 1.0440e-04
129/348 [==========>...................] - ETA: 2s - batch_cost: 0.0134 - reader cost: 1.0116e-04
133/348 [==========>...................] - ETA: 2s - batch_cost: 0.0134 - reader cost: 9.8121e-05
138/348 [==========>...................] - ETA: 2s - batch_cost: 0.0134 - reader cost: 1.0182e-04
142/348 [===========>..................] - ETA: 2s - batch_cost: 0.0134 - reader cost: 9.8947e-05
146/348 [===========>..................] - ETA: 2s - batch_cost: 0.0134 - reader cost: 9.6236e-05
150/348 [===========>..................] - ETA: 2s - batch_cost: 0.0135 - reader cost: 9.3670e-05
154/348 [============>.................] - ETA: 2s - batch_cost: 0.0135 - reader cost: 9.4590e-05
158/348 [============>.................] - ETA: 2s - batch_cost: 0.0135 - reader cost: 9.8524e-05
162/348 [============>.................] - ETA: 2s - batch_cost: 0.0135 - reader cost: 9.6092e-05
166/348 [=============>................] - ETA: 2s - batch_cost: 0.0135 - reader cost: 9.3776e-05
170/348 [=============>................] - ETA: 2s - batch_cost: 0.0135 - reader cost: 9.7862e-05
174/348 [==============>...............] - ETA: 2s - batch_cost: 0.0135 - reader cost: 9.5613e-05
178/348 [==============>...............] - ETA: 2s - batch_cost: 0.0135 - reader cost: 9.3464e-05
183/348 [==============>...............] - ETA: 2s - batch_cost: 0.0135 - reader cost: 9.0910e-05
187/348 [===============>..............] - ETA: 2s - batch_cost: 0.0135 - reader cost: 8.8966e-05
191/348 [===============>..............] - ETA: 2s - batch_cost: 0.0135 - reader cost: 8.7103e-05
195/348 [===============>..............] - ETA: 2s - batch_cost: 0.0135 - reader cost: 8.5316e-05
199/348 [================>.............] - ETA: 2s - batch_cost: 0.0136 - reader cost: 8.3601e-05
203/348 [================>.............] - ETA: 1s - batch_cost: 0.0136 - reader cost: 8.1954e-05
207/348 [================>.............] - ETA: 1s - batch_cost: 0.0136 - reader cost: 8.0370e-05
211/348 [=================>............] - ETA: 1s - batch_cost: 0.0136 - reader cost: 7.8846e-05
216/348 [=================>............] - ETA: 1s - batch_cost: 0.0136 - reader cost: 7.7021e-05
220/348 [=================>............] - ETA: 1s - batch_cost: 0.0136 - reader cost: 8.0164e-05
224/348 [==================>...........] - ETA: 1s - batch_cost: 0.0136 - reader cost: 7.8732e-05
228/348 [==================>...........] - ETA: 1s - batch_cost: 0.0136 - reader cost: 8.1741e-05
232/348 [===================>..........] - ETA: 1s - batch_cost: 0.0136 - reader cost: 8.4644e-05
236/348 [===================>..........] - ETA: 1s - batch_cost: 0.0136 - reader cost: 8.3209e-05
240/348 [===================>..........] - ETA: 1s - batch_cost: 0.0137 - reader cost: 8.1822e-05
244/348 [====================>.........] - ETA: 1s - batch_cost: 0.0137 - reader cost: 8.0481e-05
248/348 [====================>.........] - ETA: 1s - batch_cost: 0.0137 - reader cost: 7.9183e-05
252/348 [====================>.........] - ETA: 1s - batch_cost: 0.0137 - reader cost: 7.7926e-05
256/348 [=====================>........] - ETA: 1s - batch_cost: 0.0137 - reader cost: 7.6708e-05
260/348 [=====================>........] - ETA: 1s - batch_cost: 0.0137 - reader cost: 7.5528e-05
264/348 [=====================>........] - ETA: 1s - batch_cost: 0.0137 - reader cost: 7.4384e-05
268/348 [======================>.......] - ETA: 1s - batch_cost: 0.0137 - reader cost: 7.3274e-05
272/348 [======================>.......] - ETA: 1s - batch_cost: 0.0137 - reader cost: 7.5872e-05
276/348 [======================>.......] - ETA: 0s - batch_cost: 0.0137 - reader cost: 7.4773e-05
280/348 [=======================>......] - ETA: 0s - batch_cost: 0.0137 - reader cost: 7.3705e-05
284/348 [=======================>......] - ETA: 0s - batch_cost: 0.0137 - reader cost: 7.2666e-05
288/348 [=======================>......] - ETA: 0s - batch_cost: 0.0137 - reader cost: 7.1657e-05
292/348 [========================>.....] - ETA: 0s - batch_cost: 0.0137 - reader cost: 7.0676e-05
296/348 [========================>.....] - ETA: 0s - batch_cost: 0.0137 - reader cost: 6.9721e-05
300/348 [========================>.....] - ETA: 0s - batch_cost: 0.0137 - reader cost: 6.8791e-05
304/348 [=========================>....] - ETA: 0s - batch_cost: 0.0136 - reader cost: 6.7886e-05
308/348 [=========================>....] - ETA: 0s - batch_cost: 0.0136 - reader cost: 6.7004e-05
312/348 [=========================>....] - ETA: 0s - batch_cost: 0.0136 - reader cost: 6.6145e-05
316/348 [==========================>...] - ETA: 0s - batch_cost: 0.0137 - reader cost: 6.5308e-05
320/348 [==========================>...] - ETA: 0s - batch_cost: 0.0137 - reader cost: 6.4491e-05
324/348 [==========================>...] - ETA: 0s - batch_cost: 0.0137 - reader cost: 6.3695e-05
328/348 [===========================>..] - ETA: 0s - batch_cost: 0.0137 - reader cost: 6.2919e-05
332/348 [===========================>..] - ETA: 0s - batch_cost: 0.0137 - reader cost: 6.2160e-05
336/348 [===========================>..] - ETA: 0s - batch_cost: 0.0137 - reader cost: 6.1420e-05
340/348 [============================>.] - ETA: 0s - batch_cost: 0.0137 - reader cost: 6.0698e-05
344/348 [============================>.] - ETA: 0s - batch_cost: 0.0137 - reader cost: 5.9992e-05
348/348 [==============================] - 5s 14ms/step - batch_cost: 0.0137 - reader cost: 5.9303e-05

  1/348 [..............................] - ETA: 8s - batch_cost: 0.0254 - reader cost: 0.0060
  5/348 [..............................] - ETA: 5s - batch_cost: 0.0162 - reader cost: 0.0012
 10/348 [..............................] - ETA: 4s - batch_cost: 0.0143 - reader cost: 6.9985e-04
 14/348 [>.............................] - ETA: 4s - batch_cost: 0.0141 - reader cost: 4.9990e-04
 18/348 [>.............................] - ETA: 4s - batch_cost: 0.0140 - reader cost: 3.8881e-04
 22/348 [>.............................] - ETA: 4s - batch_cost: 0.0145 - reader cost: 3.1812e-04
 26/348 [=>............................] - ETA: 4s - batch_cost: 0.0149 - reader cost: 2.6917e-04
 30/348 [=>............................] - ETA: 4s - batch_cost: 0.0150 - reader cost: 2.3328e-04
 34/348 [=>............................] - ETA: 4s - batch_cost: 0.0151 - reader cost: 2.0584e-04
 37/348 [==>...........................] - ETA: 4s - batch_cost: 0.0153 - reader cost: 1.8915e-04
 40/348 [==>...........................] - ETA: 4s - batch_cost: 0.0155 - reader cost: 1.9996e-04
 43/348 [==>...........................] - ETA: 4s - batch_cost: 0.0156 - reader cost: 1.8601e-04
 47/348 [===>..........................] - ETA: 4s - batch_cost: 0.0154 - reader cost: 1.7018e-04
 51/348 [===>..........................] - ETA: 4s - batch_cost: 0.0152 - reader cost: 1.5683e-04
 55/348 [===>..........................] - ETA: 4s - batch_cost: 0.0150 - reader cost: 1.4543e-04
 60/348 [====>.........................] - ETA: 4s - batch_cost: 0.0148 - reader cost: 1.3331e-04
 64/348 [====>.........................] - ETA: 4s - batch_cost: 0.0147 - reader cost: 1.2498e-04
 68/348 [====>.........................] - ETA: 4s - batch_cost: 0.0145 - reader cost: 1.1762e-04
 72/348 [=====>........................] - ETA: 4s - batch_cost: 0.0145 - reader cost: 1.1109e-04
 76/348 [=====>........................] - ETA: 3s - batch_cost: 0.0144 - reader cost: 1.0524e-04
 80/348 [=====>........................] - ETA: 3s - batch_cost: 0.0144 - reader cost: 9.9981e-05
 84/348 [======>.......................] - ETA: 3s - batch_cost: 0.0144 - reader cost: 9.5220e-05
 88/348 [======>.......................] - ETA: 3s - batch_cost: 0.0143 - reader cost: 9.0892e-05
 92/348 [======>.......................] - ETA: 3s - batch_cost: 0.0144 - reader cost: 8.6940e-05
 96/348 [=======>......................] - ETA: 3s - batch_cost: 0.0143 - reader cost: 8.3317e-05
101/348 [=======>......................] - ETA: 3s - batch_cost: 0.0142 - reader cost: 7.9193e-05
105/348 [========>.....................] - ETA: 3s - batch_cost: 0.0142 - reader cost: 7.6176e-05
109/348 [========>.....................] - ETA: 3s - batch_cost: 0.0142 - reader cost: 7.3380e-05
113/348 [========>.....................] - ETA: 3s - batch_cost: 0.0142 - reader cost: 8.9413e-05
118/348 [=========>....................] - ETA: 3s - batch_cost: 0.0142 - reader cost: 8.5625e-05
122/348 [=========>....................] - ETA: 3s - batch_cost: 0.0141 - reader cost: 9.1011e-05
126/348 [=========>....................] - ETA: 3s - batch_cost: 0.0142 - reader cost: 8.8122e-05
130/348 [==========>...................] - ETA: 3s - batch_cost: 0.0142 - reader cost: 8.5411e-05
134/348 [==========>...................] - ETA: 3s - batch_cost: 0.0141 - reader cost: 9.0341e-05
138/348 [==========>...................] - ETA: 3s - batch_cost: 0.0141 - reader cost: 8.7722e-05
142/348 [===========>..................] - ETA: 2s - batch_cost: 0.0141 - reader cost: 8.5251e-05
146/348 [===========>..................] - ETA: 2s - batch_cost: 0.0141 - reader cost: 8.2916e-05
150/348 [===========>..................] - ETA: 2s - batch_cost: 0.0141 - reader cost: 8.0705e-05
154/348 [============>.................] - ETA: 2s - batch_cost: 0.0140 - reader cost: 7.8608e-05
158/348 [============>.................] - ETA: 2s - batch_cost: 0.0140 - reader cost: 7.6618e-05
162/348 [============>.................] - ETA: 2s - batch_cost: 0.0140 - reader cost: 7.4727e-05
166/348 [=============>................] - ETA: 2s - batch_cost: 0.0140 - reader cost: 7.2926e-05
170/348 [=============>................] - ETA: 2s - batch_cost: 0.0140 - reader cost: 8.0041e-05
174/348 [==============>...............] - ETA: 2s - batch_cost: 0.0140 - reader cost: 7.8201e-05
178/348 [==============>...............] - ETA: 2s - batch_cost: 0.0140 - reader cost: 7.6444e-05
182/348 [==============>...............] - ETA: 2s - batch_cost: 0.0140 - reader cost: 7.4764e-05
186/348 [===============>..............] - ETA: 2s - batch_cost: 0.0139 - reader cost: 7.3156e-05
190/348 [===============>..............] - ETA: 2s - batch_cost: 0.0139 - reader cost: 7.1616e-05
194/348 [===============>..............] - ETA: 2s - batch_cost: 0.0139 - reader cost: 7.0139e-05
198/348 [================>.............] - ETA: 2s - batch_cost: 0.0139 - reader cost: 6.8722e-05
202/348 [================>.............] - ETA: 2s - batch_cost: 0.0139 - reader cost: 7.2315e-05
206/348 [================>.............] - ETA: 1s - batch_cost: 0.0139 - reader cost: 7.0911e-05
210/348 [=================>............] - ETA: 1s - batch_cost: 0.0139 - reader cost: 6.9560e-05
214/348 [=================>............] - ETA: 1s - batch_cost: 0.0139 - reader cost: 6.8260e-05
218/348 [=================>............] - ETA: 1s - batch_cost: 0.0139 - reader cost: 6.7008e-05
222/348 [==================>...........] - ETA: 1s - batch_cost: 0.0139 - reader cost: 6.5800e-05
226/348 [==================>...........] - ETA: 1s - batch_cost: 0.0139 - reader cost: 6.4636e-05
230/348 [==================>...........] - ETA: 1s - batch_cost: 0.0138 - reader cost: 6.3512e-05
234/348 [===================>..........] - ETA: 1s - batch_cost: 0.0138 - reader cost: 6.2426e-05
238/348 [===================>..........] - ETA: 1s - batch_cost: 0.0138 - reader cost: 6.5574e-05
242/348 [===================>..........] - ETA: 1s - batch_cost: 0.0138 - reader cost: 6.4490e-05
246/348 [====================>.........] - ETA: 1s - batch_cost: 0.0138 - reader cost: 6.3442e-05
251/348 [====================>.........] - ETA: 1s - batch_cost: 0.0138 - reader cost: 6.2178e-05
255/348 [====================>.........] - ETA: 1s - batch_cost: 0.0138 - reader cost: 6.1203e-05
259/348 [=====================>........] - ETA: 1s - batch_cost: 0.0138 - reader cost: 6.0257e-05
263/348 [=====================>........] - ETA: 1s - batch_cost: 0.0138 - reader cost: 5.9341e-05
267/348 [======================>.......] - ETA: 1s - batch_cost: 0.0138 - reader cost: 5.8452e-05
271/348 [======================>.......] - ETA: 1s - batch_cost: 0.0137 - reader cost: 5.7589e-05
275/348 [======================>.......] - ETA: 1s - batch_cost: 0.0137 - reader cost: 5.6751e-05
279/348 [=======================>......] - ETA: 0s - batch_cost: 0.0137 - reader cost: 5.5938e-05
283/348 [=======================>......] - ETA: 0s - batch_cost: 0.0137 - reader cost: 5.5147e-05
287/348 [=======================>......] - ETA: 0s - batch_cost: 0.0137 - reader cost: 5.7863e-05
291/348 [========================>.....] - ETA: 0s - batch_cost: 0.0137 - reader cost: 6.0505e-05
295/348 [========================>.....] - ETA: 0s - batch_cost: 0.0137 - reader cost: 6.3085e-05
299/348 [========================>.....] - ETA: 0s - batch_cost: 0.0137 - reader cost: 6.2241e-05
303/348 [=========================>....] - ETA: 0s - batch_cost: 0.0137 - reader cost: 6.1419e-05
307/348 [=========================>....] - ETA: 0s - batch_cost: 0.0137 - reader cost: 6.0619e-05
311/348 [=========================>....] - ETA: 0s - batch_cost: 0.0137 - reader cost: 5.9839e-05
315/348 [==========================>...] - ETA: 0s - batch_cost: 0.0137 - reader cost: 5.9079e-05
318/348 [==========================>...] - ETA: 0s - batch_cost: 0.0138 - reader cost: 5.8522e-05
322/348 [==========================>...] - ETA: 0s - batch_cost: 0.0138 - reader cost: 5.7795e-05
326/348 [===========================>..] - ETA: 0s - batch_cost: 0.0138 - reader cost: 5.7086e-05
330/348 [===========================>..] - ETA: 0s - batch_cost: 0.0138 - reader cost: 5.6394e-05
334/348 [===========================>..] - ETA: 0s - batch_cost: 0.0138 - reader cost: 5.5719e-05
338/348 [============================>.] - ETA: 0s - batch_cost: 0.0138 - reader cost: 5.5059e-05
342/348 [============================>.] - ETA: 0s - batch_cost: 0.0138 - reader cost: 5.7340e-05
346/348 [============================>.] - ETA: 0s - batch_cost: 0.0138 - reader cost: 5.6677e-05
348/348 [==============================] - 5s 14ms/step - batch_cost: 0.0138 - reader cost: 5.6352e-05

  1/348 [..............................] - ETA: 8s - batch_cost: 0.0239 - reader cost: 0.0065
  5/348 [..............................] - ETA: 5s - batch_cost: 0.0157 - reader cost: 0.0013
 10/348 [..............................] - ETA: 4s - batch_cost: 0.0137 - reader cost: 6.5031e-04
 15/348 [>.............................] - ETA: 4s - batch_cost: 0.0129 - reader cost: 4.3354e-04
 20/348 [>.............................] - ETA: 4s - batch_cost: 0.0125 - reader cost: 3.2516e-04
 24/348 [=>............................] - ETA: 4s - batch_cost: 0.0126 - reader cost: 2.7096e-04
 29/348 [=>............................] - ETA: 4s - batch_cost: 0.0125 - reader cost: 2.2425e-04
 34/348 [=>............................] - ETA: 3s - batch_cost: 0.0123 - reader cost: 1.9127e-04
 39/348 [==>...........................] - ETA: 3s - batch_cost: 0.0122 - reader cost: 1.6675e-04
 44/348 [==>...........................] - ETA: 3s - batch_cost: 0.0121 - reader cost: 1.4780e-04
 49/348 [===>..........................] - ETA: 3s - batch_cost: 0.0120 - reader cost: 1.3272e-04
 54/348 [===>..........................] - ETA: 3s - batch_cost: 0.0119 - reader cost: 1.2043e-04
 59/348 [====>.........................] - ETA: 3s - batch_cost: 0.0119 - reader cost: 1.1022e-04
 64/348 [====>.........................] - ETA: 3s - batch_cost: 0.0119 - reader cost: 1.0161e-04
 69/348 [====>.........................] - ETA: 3s - batch_cost: 0.0119 - reader cost: 9.4248e-05
 74/348 [=====>........................] - ETA: 3s - batch_cost: 0.0118 - reader cost: 8.7880e-05
 79/348 [=====>........................] - ETA: 3s - batch_cost: 0.0118 - reader cost: 8.2318e-05
 84/348 [======>.......................] - ETA: 3s - batch_cost: 0.0118 - reader cost: 7.7418e-05
 89/348 [======>.......................] - ETA: 3s - batch_cost: 0.0118 - reader cost: 8.4309e-05
 94/348 [=======>......................] - ETA: 3s - batch_cost: 0.0118 - reader cost: 7.9825e-05
 99/348 [=======>......................] - ETA: 2s - batch_cost: 0.0118 - reader cost: 8.5823e-05
104/348 [=======>......................] - ETA: 2s - batch_cost: 0.0118 - reader cost: 8.1697e-05
109/348 [========>.....................] - ETA: 2s - batch_cost: 0.0117 - reader cost: 7.7950e-05
114/348 [========>.....................] - ETA: 2s - batch_cost: 0.0117 - reader cost: 7.4531e-05
119/348 [=========>....................] - ETA: 2s - batch_cost: 0.0117 - reader cost: 7.9798e-05
124/348 [=========>....................] - ETA: 2s - batch_cost: 0.0117 - reader cost: 8.4652e-05
129/348 [==========>...................] - ETA: 2s - batch_cost: 0.0117 - reader cost: 8.9120e-05
134/348 [==========>...................] - ETA: 2s - batch_cost: 0.0117 - reader cost: 9.3200e-05
139/348 [==========>...................] - ETA: 2s - batch_cost: 0.0117 - reader cost: 8.9848e-05
144/348 [===========>..................] - ETA: 2s - batch_cost: 0.0116 - reader cost: 8.6728e-05
149/348 [===========>..................] - ETA: 2s - batch_cost: 0.0117 - reader cost: 8.3818e-05
154/348 [============>.................] - ETA: 2s - batch_cost: 0.0117 - reader cost: 8.1096e-05
159/348 [============>.................] - ETA: 2s - batch_cost: 0.0116 - reader cost: 8.4867e-05
164/348 [=============>................] - ETA: 2s - batch_cost: 0.0117 - reader cost: 8.2279e-05
169/348 [=============>................] - ETA: 2s - batch_cost: 0.0116 - reader cost: 7.9845e-05
174/348 [==============>...............] - ETA: 2s - batch_cost: 0.0116 - reader cost: 7.7550e-05
179/348 [==============>...............] - ETA: 1s - batch_cost: 0.0116 - reader cost: 7.5384e-05
184/348 [==============>...............] - ETA: 1s - batch_cost: 0.0116 - reader cost: 7.3336e-05
189/348 [===============>..............] - ETA: 1s - batch_cost: 0.0116 - reader cost: 7.1396e-05
193/348 [===============>..............] - ETA: 1s - batch_cost: 0.0117 - reader cost: 6.9916e-05
198/348 [================>.............] - ETA: 1s - batch_cost: 0.0117 - reader cost: 6.8150e-05
203/348 [================>.............] - ETA: 1s - batch_cost: 0.0117 - reader cost: 6.6472e-05
208/348 [================>.............] - ETA: 1s - batch_cost: 0.0117 - reader cost: 6.4874e-05
213/348 [=================>............] - ETA: 1s - batch_cost: 0.0117 - reader cost: 6.3351e-05
218/348 [=================>............] - ETA: 1s - batch_cost: 0.0117 - reader cost: 6.4256e-05
223/348 [==================>...........] - ETA: 1s - batch_cost: 0.0117 - reader cost: 6.2815e-05
228/348 [==================>...........] - ETA: 1s - batch_cost: 0.0117 - reader cost: 6.1438e-05
233/348 [===================>..........] - ETA: 1s - batch_cost: 0.0117 - reader cost: 6.0119e-05
238/348 [===================>..........] - ETA: 1s - batch_cost: 0.0117 - reader cost: 5.8856e-05
242/348 [===================>..........] - ETA: 1s - batch_cost: 0.0117 - reader cost: 6.2047e-05
247/348 [====================>.........] - ETA: 1s - batch_cost: 0.0117 - reader cost: 6.0791e-05
252/348 [====================>.........] - ETA: 1s - batch_cost: 0.0117 - reader cost: 5.9585e-05
257/348 [=====================>........] - ETA: 1s - batch_cost: 0.0116 - reader cost: 5.8426e-05
262/348 [=====================>........] - ETA: 1s - batch_cost: 0.0116 - reader cost: 6.3047e-05
267/348 [======================>.......] - ETA: 0s - batch_cost: 0.0116 - reader cost: 6.1866e-05
272/348 [======================>.......] - ETA: 0s - batch_cost: 0.0116 - reader cost: 6.0729e-05
277/348 [======================>.......] - ETA: 0s - batch_cost: 0.0116 - reader cost: 6.1588e-05
282/348 [=======================>......] - ETA: 0s - batch_cost: 0.0116 - reader cost: 6.0496e-05
287/348 [=======================>......] - ETA: 0s - batch_cost: 0.0116 - reader cost: 6.2942e-05
292/348 [========================>.....] - ETA: 0s - batch_cost: 0.0116 - reader cost: 6.1864e-05
297/348 [========================>.....] - ETA: 0s - batch_cost: 0.0116 - reader cost: 6.0822e-05
302/348 [=========================>....] - ETA: 0s - batch_cost: 0.0116 - reader cost: 5.9815e-05
307/348 [=========================>....] - ETA: 0s - batch_cost: 0.0116 - reader cost: 5.8841e-05
311/348 [=========================>....] - ETA: 0s - batch_cost: 0.0116 - reader cost: 5.8084e-05
316/348 [==========================>...] - ETA: 0s - batch_cost: 0.0117 - reader cost: 5.7165e-05
321/348 [==========================>...] - ETA: 0s - batch_cost: 0.0117 - reader cost: 5.6275e-05
326/348 [===========================>..] - ETA: 0s - batch_cost: 0.0117 - reader cost: 5.8480e-05
331/348 [===========================>..] - ETA: 0s - batch_cost: 0.0117 - reader cost: 5.7596e-05
336/348 [===========================>..] - ETA: 0s - batch_cost: 0.0117 - reader cost: 5.6739e-05
340/348 [============================>.] - ETA: 0s - batch_cost: 0.0117 - reader cost: 5.6072e-05
344/348 [============================>.] - ETA: 0s - batch_cost: 0.0117 - reader cost: 5.5420e-05
348/348 [==============================] - 4s 12ms/step - batch_cost: 0.0117 - reader cost: 5.7664e-05

  1/348 [..............................] - ETA: 11s - batch_cost: 0.0321 - reader cost: 0.0085
  4/348 [..............................] - ETA: 8s - batch_cost: 0.0248 - reader cost: 0.0024 
  8/348 [..............................] - ETA: 6s - batch_cost: 0.0203 - reader cost: 0.0012
 12/348 [>.............................] - ETA: 5s - batch_cost: 0.0177 - reader cost: 7.9469e-04
 16/348 [>.............................] - ETA: 5s - batch_cost: 0.0164 - reader cost: 5.9602e-04
 20/348 [>.............................] - ETA: 5s - batch_cost: 0.0157 - reader cost: 4.7681e-04
 25/348 [=>............................] - ETA: 4s - batch_cost: 0.0150 - reader cost: 3.8145e-04
 30/348 [=>............................] - ETA: 4s - batch_cost: 0.0145 - reader cost: 3.5091e-04
 35/348 [==>...........................] - ETA: 4s - batch_cost: 0.0142 - reader cost: 3.0078e-04
 40/348 [==>...........................] - ETA: 4s - batch_cost: 0.0139 - reader cost: 2.6318e-04
 44/348 [==>...........................] - ETA: 4s - batch_cost: 0.0138 - reader cost: 2.3926e-04
 48/348 [===>..........................] - ETA: 4s - batch_cost: 0.0138 - reader cost: 2.1932e-04
 52/348 [===>..........................] - ETA: 4s - batch_cost: 0.0137 - reader cost: 2.0245e-04
 56/348 [===>..........................] - ETA: 4s - batch_cost: 0.0137 - reader cost: 1.8799e-04
 61/348 [====>.........................] - ETA: 3s - batch_cost: 0.0135 - reader cost: 1.7258e-04
 66/348 [====>.........................] - ETA: 3s - batch_cost: 0.0134 - reader cost: 1.7471e-04
 71/348 [=====>........................] - ETA: 3s - batch_cost: 0.0133 - reader cost: 2.0477e-04
 76/348 [=====>........................] - ETA: 3s - batch_cost: 0.0132 - reader cost: 1.9130e-04
 80/348 [=====>........................] - ETA: 3s - batch_cost: 0.0132 - reader cost: 1.8174e-04
 84/348 [======>.......................] - ETA: 3s - batch_cost: 0.0132 - reader cost: 1.7308e-04
 88/348 [======>.......................] - ETA: 3s - batch_cost: 0.0133 - reader cost: 1.6522e-04
 92/348 [======>.......................] - ETA: 3s - batch_cost: 0.0132 - reader cost: 1.5803e-04
 97/348 [=======>......................] - ETA: 3s - batch_cost: 0.0132 - reader cost: 1.4989e-04
101/348 [=======>......................] - ETA: 3s - batch_cost: 0.0132 - reader cost: 1.4395e-04
106/348 [========>.....................] - ETA: 3s - batch_cost: 0.0131 - reader cost: 1.3716e-04
110/348 [========>.....................] - ETA: 3s - batch_cost: 0.0131 - reader cost: 1.3217e-04
114/348 [========>.....................] - ETA: 3s - batch_cost: 0.0131 - reader cost: 1.2754e-04
118/348 [=========>....................] - ETA: 3s - batch_cost: 0.0131 - reader cost: 1.2321e-04
122/348 [=========>....................] - ETA: 2s - batch_cost: 0.0131 - reader cost: 1.1917e-04
126/348 [=========>....................] - ETA: 2s - batch_cost: 0.0131 - reader cost: 1.1539e-04
131/348 [==========>...................] - ETA: 2s - batch_cost: 0.0131 - reader cost: 1.1098e-04
136/348 [==========>...................] - ETA: 2s - batch_cost: 0.0130 - reader cost: 1.0690e-04
140/348 [===========>..................] - ETA: 2s - batch_cost: 0.0130 - reader cost: 1.0385e-04
144/348 [===========>..................] - ETA: 2s - batch_cost: 0.0130 - reader cost: 1.0097e-04
148/348 [===========>..................] - ETA: 2s - batch_cost: 0.0131 - reader cost: 1.0499e-04
152/348 [============>.................] - ETA: 2s - batch_cost: 0.0131 - reader cost: 1.0223e-04
156/348 [============>.................] - ETA: 2s - batch_cost: 0.0131 - reader cost: 9.9605e-05
160/348 [============>.................] - ETA: 2s - batch_cost: 0.0132 - reader cost: 9.7115e-05
164/348 [=============>................] - ETA: 2s - batch_cost: 0.0132 - reader cost: 9.4747e-05
168/348 [=============>................] - ETA: 2s - batch_cost: 0.0132 - reader cost: 9.2491e-05
172/348 [=============>................] - ETA: 2s - batch_cost: 0.0132 - reader cost: 9.0340e-05
177/348 [==============>...............] - ETA: 2s - batch_cost: 0.0132 - reader cost: 8.7788e-05
182/348 [==============>...............] - ETA: 2s - batch_cost: 0.0131 - reader cost: 8.5376e-05
187/348 [===============>..............] - ETA: 2s - batch_cost: 0.0131 - reader cost: 8.3093e-05
192/348 [===============>..............] - ETA: 2s - batch_cost: 0.0130 - reader cost: 8.6159e-05
196/348 [===============>..............] - ETA: 1s - batch_cost: 0.0130 - reader cost: 8.4400e-05
200/348 [================>.............] - ETA: 1s - batch_cost: 0.0130 - reader cost: 8.2712e-05
204/348 [================>.............] - ETA: 1s - batch_cost: 0.0130 - reader cost: 8.1090e-05
209/348 [=================>............] - ETA: 1s - batch_cost: 0.0130 - reader cost: 8.3937e-05
214/348 [=================>............] - ETA: 1s - batch_cost: 0.0129 - reader cost: 8.1976e-05
219/348 [=================>............] - ETA: 1s - batch_cost: 0.0129 - reader cost: 8.0104e-05
224/348 [==================>...........] - ETA: 1s - batch_cost: 0.0129 - reader cost: 7.8316e-05
228/348 [==================>...........] - ETA: 1s - batch_cost: 0.0129 - reader cost: 7.6942e-05
232/348 [===================>..........] - ETA: 1s - batch_cost: 0.0129 - reader cost: 7.5616e-05
236/348 [===================>..........] - ETA: 1s - batch_cost: 0.0129 - reader cost: 7.4334e-05
241/348 [===================>..........] - ETA: 1s - batch_cost: 0.0129 - reader cost: 7.2792e-05
246/348 [====================>.........] - ETA: 1s - batch_cost: 0.0129 - reader cost: 7.1312e-05
251/348 [====================>.........] - ETA: 1s - batch_cost: 0.0129 - reader cost: 6.9892e-05
256/348 [=====================>........] - ETA: 1s - batch_cost: 0.0129 - reader cost: 6.8527e-05
260/348 [=====================>........] - ETA: 1s - batch_cost: 0.0129 - reader cost: 7.2179e-05
265/348 [=====================>........] - ETA: 1s - batch_cost: 0.0128 - reader cost: 7.0818e-05
270/348 [======================>.......] - ETA: 1s - batch_cost: 0.0128 - reader cost: 6.9506e-05
274/348 [======================>.......] - ETA: 0s - batch_cost: 0.0128 - reader cost: 7.2111e-05
279/348 [=======================>......] - ETA: 0s - batch_cost: 0.0128 - reader cost: 7.4417e-05
284/348 [=======================>......] - ETA: 0s - batch_cost: 0.0128 - reader cost: 7.3106e-05
289/348 [=======================>......] - ETA: 0s - batch_cost: 0.0128 - reader cost: 7.1842e-05
294/348 [========================>.....] - ETA: 0s - batch_cost: 0.0128 - reader cost: 7.0620e-05
299/348 [========================>.....] - ETA: 0s - batch_cost: 0.0127 - reader cost: 6.9439e-05
304/348 [=========================>....] - ETA: 0s - batch_cost: 0.0127 - reader cost: 6.8297e-05
308/348 [=========================>....] - ETA: 0s - batch_cost: 0.0127 - reader cost: 6.9079e-05
313/348 [=========================>....] - ETA: 0s - batch_cost: 0.0127 - reader cost: 6.7976e-05
318/348 [==========================>...] - ETA: 0s - batch_cost: 0.0127 - reader cost: 6.6907e-05
323/348 [==========================>...] - ETA: 0s - batch_cost: 0.0127 - reader cost: 6.5871e-05
328/348 [===========================>..] - ETA: 0s - batch_cost: 0.0127 - reader cost: 6.4867e-05
332/348 [===========================>..] - ETA: 0s - batch_cost: 0.0127 - reader cost: 6.4086e-05
336/348 [===========================>..] - ETA: 0s - batch_cost: 0.0127 - reader cost: 6.3323e-05
340/348 [============================>.] - ETA: 0s - batch_cost: 0.0127 - reader cost: 6.5556e-05
344/348 [============================>.] - ETA: 0s - batch_cost: 0.0127 - reader cost: 6.4794e-05
348/348 [==============================] - 4s 13ms/step - batch_cost: 0.0127 - reader cost: 6.6947e-05

  1/348 [..............................] - ETA: 8s - batch_cost: 0.0235 - reader cost: 0.0080
  5/348 [..............................] - ETA: 5s - batch_cost: 0.0164 - reader cost: 0.0018
  9/348 [..............................] - ETA: 5s - batch_cost: 0.0153 - reader cost: 0.0010
 13/348 [>.............................] - ETA: 4s - batch_cost: 0.0147 - reader cost: 6.9453e-04
 17/348 [>.............................] - ETA: 4s - batch_cost: 0.0148 - reader cost: 5.9023e-04
 20/348 [>.............................] - ETA: 5s - batch_cost: 0.0151 - reader cost: 5.0169e-04
 23/348 [>.............................] - ETA: 5s - batch_cost: 0.0158 - reader cost: 4.7977e-04
 26/348 [=>............................] - ETA: 5s - batch_cost: 0.0160 - reader cost: 4.2441e-04
 30/348 [=>............................] - ETA: 5s - batch_cost: 0.0158 - reader cost: 3.6782e-04
 34/348 [=>............................] - ETA: 5s - batch_cost: 0.0159 - reader cost: 3.6996e-04
 38/348 [==>...........................] - ETA: 4s - batch_cost: 0.0157 - reader cost: 3.3101e-04
 42/348 [==>...........................] - ETA: 4s - batch_cost: 0.0156 - reader cost: 2.9949e-04
 46/348 [==>...........................] - ETA: 4s - batch_cost: 0.0153 - reader cost: 2.7345e-04
 50/348 [===>..........................] - ETA: 4s - batch_cost: 0.0152 - reader cost: 2.7195e-04
 54/348 [===>..........................] - ETA: 4s - batch_cost: 0.0150 - reader cost: 2.5181e-04
 58/348 [====>.........................] - ETA: 4s - batch_cost: 0.0149 - reader cost: 2.5154e-04
 62/348 [====>.........................] - ETA: 4s - batch_cost: 0.0148 - reader cost: 2.3531e-04
 66/348 [====>.........................] - ETA: 4s - batch_cost: 0.0148 - reader cost: 2.2105e-04
 70/348 [=====>........................] - ETA: 4s - batch_cost: 0.0148 - reader cost: 2.0842e-04
 74/348 [=====>........................] - ETA: 4s - batch_cost: 0.0147 - reader cost: 1.9715e-04
 78/348 [=====>........................] - ETA: 4s - batch_cost: 0.0147 - reader cost: 1.8704e-04
 83/348 [======>.......................] - ETA: 3s - batch_cost: 0.0146 - reader cost: 1.7577e-04
 87/348 [======>.......................] - ETA: 3s - batch_cost: 0.0146 - reader cost: 1.6769e-04
 91/348 [======>.......................] - ETA: 3s - batch_cost: 0.0145 - reader cost: 1.6032e-04
 96/348 [=======>......................] - ETA: 3s - batch_cost: 0.0144 - reader cost: 1.5197e-04
100/348 [=======>......................] - ETA: 3s - batch_cost: 0.0144 - reader cost: 1.5179e-04
104/348 [=======>......................] - ETA: 3s - batch_cost: 0.0143 - reader cost: 1.4595e-04
108/348 [========>.....................] - ETA: 3s - batch_cost: 0.0143 - reader cost: 1.4055e-04
112/348 [========>.....................] - ETA: 3s - batch_cost: 0.0143 - reader cost: 1.3553e-04
116/348 [=========>....................] - ETA: 3s - batch_cost: 0.0143 - reader cost: 1.3085e-04
120/348 [=========>....................] - ETA: 3s - batch_cost: 0.0142 - reader cost: 1.2649e-04
124/348 [=========>....................] - ETA: 3s - batch_cost: 0.0142 - reader cost: 1.2241e-04
128/348 [==========>...................] - ETA: 3s - batch_cost: 0.0141 - reader cost: 1.1859e-04
133/348 [==========>...................] - ETA: 3s - batch_cost: 0.0140 - reader cost: 1.1413e-04
138/348 [==========>...................] - ETA: 2s - batch_cost: 0.0139 - reader cost: 1.0999e-04
142/348 [===========>..................] - ETA: 2s - batch_cost: 0.0139 - reader cost: 1.0689e-04
146/348 [===========>..................] - ETA: 2s - batch_cost: 0.0139 - reader cost: 1.0397e-04
150/348 [===========>..................] - ETA: 2s - batch_cost: 0.0139 - reader cost: 1.0786e-04
154/348 [============>.................] - ETA: 2s - batch_cost: 0.0139 - reader cost: 1.0506e-04
158/348 [============>.................] - ETA: 2s - batch_cost: 0.0139 - reader cost: 1.0240e-04
162/348 [============>.................] - ETA: 2s - batch_cost: 0.0139 - reader cost: 9.9868e-05
167/348 [=============>................] - ETA: 2s - batch_cost: 0.0138 - reader cost: 1.0282e-04
171/348 [=============>................] - ETA: 2s - batch_cost: 0.0138 - reader cost: 1.0041e-04
175/348 [==============>...............] - ETA: 2s - batch_cost: 0.0138 - reader cost: 9.8118e-05
179/348 [==============>...............] - ETA: 2s - batch_cost: 0.0138 - reader cost: 9.5926e-05
183/348 [==============>...............] - ETA: 2s - batch_cost: 0.0138 - reader cost: 9.3829e-05
187/348 [===============>..............] - ETA: 2s - batch_cost: 0.0138 - reader cost: 9.1822e-05
191/348 [===============>..............] - ETA: 2s - batch_cost: 0.0138 - reader cost: 8.9899e-05
195/348 [===============>..............] - ETA: 2s - batch_cost: 0.0138 - reader cost: 8.8055e-05
199/348 [================>.............] - ETA: 2s - batch_cost: 0.0138 - reader cost: 8.6285e-05
203/348 [================>.............] - ETA: 2s - batch_cost: 0.0137 - reader cost: 8.4585e-05
207/348 [================>.............] - ETA: 1s - batch_cost: 0.0137 - reader cost: 8.2950e-05
211/348 [=================>............] - ETA: 1s - batch_cost: 0.0137 - reader cost: 8.1378e-05
215/348 [=================>............] - ETA: 1s - batch_cost: 0.0137 - reader cost: 7.9864e-05
220/348 [=================>............] - ETA: 1s - batch_cost: 0.0137 - reader cost: 7.8048e-05
225/348 [==================>...........] - ETA: 1s - batch_cost: 0.0136 - reader cost: 7.6314e-05
229/348 [==================>...........] - ETA: 1s - batch_cost: 0.0136 - reader cost: 7.4981e-05
233/348 [===================>..........] - ETA: 1s - batch_cost: 0.0136 - reader cost: 7.3694e-05
237/348 [===================>..........] - ETA: 1s - batch_cost: 0.0136 - reader cost: 7.2450e-05
242/348 [===================>..........] - ETA: 1s - batch_cost: 0.0135 - reader cost: 7.0953e-05
246/348 [====================>.........] - ETA: 1s - batch_cost: 0.0136 - reader cost: 7.2111e-05
251/348 [====================>.........] - ETA: 1s - batch_cost: 0.0136 - reader cost: 7.0674e-05
255/348 [====================>.........] - ETA: 1s - batch_cost: 0.0135 - reader cost: 7.3490e-05
259/348 [=====================>........] - ETA: 1s - batch_cost: 0.0135 - reader cost: 7.6212e-05
263/348 [=====================>........] - ETA: 1s - batch_cost: 0.0136 - reader cost: 7.5053e-05
267/348 [======================>.......] - ETA: 1s - batch_cost: 0.0135 - reader cost: 7.3929e-05
271/348 [======================>.......] - ETA: 1s - batch_cost: 0.0135 - reader cost: 7.2837e-05
275/348 [======================>.......] - ETA: 1s - batch_cost: 0.0135 - reader cost: 7.1778e-05
279/348 [=======================>......] - ETA: 0s - batch_cost: 0.0135 - reader cost: 7.0749e-05
283/348 [=======================>......] - ETA: 0s - batch_cost: 0.0135 - reader cost: 6.9749e-05
287/348 [=======================>......] - ETA: 0s - batch_cost: 0.0135 - reader cost: 6.8777e-05
291/348 [========================>.....] - ETA: 0s - batch_cost: 0.0135 - reader cost: 7.1295e-05
295/348 [========================>.....] - ETA: 0s - batch_cost: 0.0135 - reader cost: 7.0329e-05
299/348 [========================>.....] - ETA: 0s - batch_cost: 0.0135 - reader cost: 6.9388e-05
303/348 [=========================>....] - ETA: 0s - batch_cost: 0.0135 - reader cost: 6.8472e-05
307/348 [=========================>....] - ETA: 0s - batch_cost: 0.0135 - reader cost: 7.0835e-05
311/348 [=========================>....] - ETA: 0s - batch_cost: 0.0135 - reader cost: 6.9924e-05
315/348 [==========================>...] - ETA: 0s - batch_cost: 0.0135 - reader cost: 6.9036e-05
320/348 [==========================>...] - ETA: 0s - batch_cost: 0.0135 - reader cost: 6.7957e-05
325/348 [===========================>..] - ETA: 0s - batch_cost: 0.0135 - reader cost: 6.6912e-05
329/348 [===========================>..] - ETA: 0s - batch_cost: 0.0135 - reader cost: 6.6098e-05
333/348 [===========================>..] - ETA: 0s - batch_cost: 0.0135 - reader cost: 6.5304e-05
336/348 [===========================>..] - ETA: 0s - batch_cost: 0.0136 - reader cost: 6.4721e-05
339/348 [============================>.] - ETA: 0s - batch_cost: 0.0136 - reader cost: 6.4149e-05
342/348 [============================>.] - ETA: 0s - batch_cost: 0.0137 - reader cost: 6.3586e-05
346/348 [============================>.] - ETA: 0s - batch_cost: 0.0137 - reader cost: 6.2851e-05
348/348 [==============================] - 5s 14ms/step - batch_cost: 0.0136 - reader cost: 6.2490e-05

  1/348 [..............................] - ETA: 9s - batch_cost: 0.0273 - reader cost: 0.0071
  4/348 [..............................] - ETA: 6s - batch_cost: 0.0195 - reader cost: 0.0018
  7/348 [..............................] - ETA: 6s - batch_cost: 0.0187 - reader cost: 0.0012
 11/348 [..............................] - ETA: 5s - batch_cost: 0.0165 - reader cost: 7.3968e-04
 15/348 [>.............................] - ETA: 5s - batch_cost: 0.0157 - reader cost: 5.4243e-04
 19/348 [>.............................] - ETA: 5s - batch_cost: 0.0154 - reader cost: 4.2824e-04
 23/348 [>.............................] - ETA: 5s - batch_cost: 0.0150 - reader cost: 3.5376e-04
 27/348 [=>............................] - ETA: 4s - batch_cost: 0.0148 - reader cost: 3.0135e-04
 31/348 [=>............................] - ETA: 4s - batch_cost: 0.0145 - reader cost: 2.6247e-04
 35/348 [==>...........................] - ETA: 4s - batch_cost: 0.0145 - reader cost: 2.3247e-04
 39/348 [==>...........................] - ETA: 4s - batch_cost: 0.0144 - reader cost: 2.3427e-04
 43/348 [==>...........................] - ETA: 4s - batch_cost: 0.0143 - reader cost: 2.1248e-04
 48/348 [===>..........................] - ETA: 4s - batch_cost: 0.0140 - reader cost: 1.9035e-04
 53/348 [===>..........................] - ETA: 4s - batch_cost: 0.0138 - reader cost: 1.7239e-04
 57/348 [===>..........................] - ETA: 4s - batch_cost: 0.0138 - reader cost: 1.6029e-04
 61/348 [====>.........................] - ETA: 4s - batch_cost: 0.0138 - reader cost: 1.4978e-04
 66/348 [====>.........................] - ETA: 3s - batch_cost: 0.0137 - reader cost: 1.5347e-04
 71/348 [=====>........................] - ETA: 3s - batch_cost: 0.0136 - reader cost: 1.4266e-04
 75/348 [=====>........................] - ETA: 3s - batch_cost: 0.0136 - reader cost: 1.3505e-04
 79/348 [=====>........................] - ETA: 3s - batch_cost: 0.0136 - reader cost: 1.2821e-04
 84/348 [======>.......................] - ETA: 3s - batch_cost: 0.0136 - reader cost: 1.2058e-04
 88/348 [======>.......................] - ETA: 3s - batch_cost: 0.0135 - reader cost: 1.2638e-04
 93/348 [=======>......................] - ETA: 3s - batch_cost: 0.0134 - reader cost: 1.1958e-04
 97/348 [=======>......................] - ETA: 3s - batch_cost: 0.0134 - reader cost: 1.2498e-04
101/348 [=======>......................] - ETA: 3s - batch_cost: 0.0134 - reader cost: 1.2003e-04
105/348 [========>.....................] - ETA: 3s - batch_cost: 0.0133 - reader cost: 1.1546e-04
109/348 [========>.....................] - ETA: 3s - batch_cost: 0.0134 - reader cost: 1.1122e-04
113/348 [========>.....................] - ETA: 3s - batch_cost: 0.0134 - reader cost: 1.0728e-04
117/348 [=========>....................] - ETA: 3s - batch_cost: 0.0134 - reader cost: 1.1646e-04
121/348 [=========>....................] - ETA: 3s - batch_cost: 0.0135 - reader cost: 1.1261e-04
125/348 [=========>....................] - ETA: 3s - batch_cost: 0.0134 - reader cost: 1.0901e-04
129/348 [==========>...................] - ETA: 2s - batch_cost: 0.0134 - reader cost: 1.0563e-04
133/348 [==========>...................] - ETA: 2s - batch_cost: 0.0134 - reader cost: 1.0245e-04
138/348 [==========>...................] - ETA: 2s - batch_cost: 0.0134 - reader cost: 9.8740e-05
143/348 [===========>..................] - ETA: 2s - batch_cost: 0.0133 - reader cost: 9.5287e-05
147/348 [===========>..................] - ETA: 2s - batch_cost: 0.0133 - reader cost: 9.7585e-05
151/348 [============>.................] - ETA: 2s - batch_cost: 0.0133 - reader cost: 9.5000e-05
155/348 [============>.................] - ETA: 2s - batch_cost: 0.0133 - reader cost: 1.0232e-04
160/348 [============>.................] - ETA: 2s - batch_cost: 0.0133 - reader cost: 1.0539e-04
165/348 [=============>................] - ETA: 2s - batch_cost: 0.0133 - reader cost: 1.0219e-04
170/348 [=============>................] - ETA: 2s - batch_cost: 0.0132 - reader cost: 9.9189e-05
174/348 [==============>...............] - ETA: 2s - batch_cost: 0.0132 - reader cost: 9.6909e-05
179/348 [==============>...............] - ETA: 2s - batch_cost: 0.0132 - reader cost: 9.9780e-05
184/348 [==============>...............] - ETA: 2s - batch_cost: 0.0131 - reader cost: 9.7069e-05
188/348 [===============>..............] - ETA: 2s - batch_cost: 0.0132 - reader cost: 9.5003e-05
192/348 [===============>..............] - ETA: 2s - batch_cost: 0.0132 - reader cost: 9.3024e-05
196/348 [===============>..............] - ETA: 2s - batch_cost: 0.0132 - reader cost: 9.1126e-05
200/348 [================>.............] - ETA: 1s - batch_cost: 0.0132 - reader cost: 8.9303e-05
204/348 [================>.............] - ETA: 1s - batch_cost: 0.0132 - reader cost: 8.7552e-05
208/348 [================>.............] - ETA: 1s - batch_cost: 0.0132 - reader cost: 8.5869e-05
212/348 [=================>............] - ETA: 1s - batch_cost: 0.0132 - reader cost: 8.4248e-05
216/348 [=================>............] - ETA: 1s - batch_cost: 0.0132 - reader cost: 8.2688e-05
221/348 [==================>...........] - ETA: 1s - batch_cost: 0.0132 - reader cost: 8.0817e-05
225/348 [==================>...........] - ETA: 1s - batch_cost: 0.0132 - reader cost: 8.6056e-05
229/348 [==================>...........] - ETA: 1s - batch_cost: 0.0132 - reader cost: 8.4553e-05
234/348 [===================>..........] - ETA: 1s - batch_cost: 0.0132 - reader cost: 8.2747e-05
239/348 [===================>..........] - ETA: 1s - batch_cost: 0.0132 - reader cost: 8.1015e-05
244/348 [====================>.........] - ETA: 1s - batch_cost: 0.0132 - reader cost: 7.9355e-05
248/348 [====================>.........] - ETA: 1s - batch_cost: 0.0132 - reader cost: 7.8075e-05
252/348 [====================>.........] - ETA: 1s - batch_cost: 0.0132 - reader cost: 7.6836e-05
256/348 [=====================>........] - ETA: 1s - batch_cost: 0.0132 - reader cost: 7.5636e-05
260/348 [=====================>........] - ETA: 1s - batch_cost: 0.0132 - reader cost: 7.4472e-05
264/348 [=====================>........] - ETA: 1s - batch_cost: 0.0132 - reader cost: 7.3344e-05
268/348 [======================>.......] - ETA: 1s - batch_cost: 0.0132 - reader cost: 7.2249e-05
272/348 [======================>.......] - ETA: 1s - batch_cost: 0.0132 - reader cost: 7.1186e-05
276/348 [======================>.......] - ETA: 0s - batch_cost: 0.0132 - reader cost: 7.0155e-05
281/348 [=======================>......] - ETA: 0s - batch_cost: 0.0132 - reader cost: 6.8906e-05
285/348 [=======================>......] - ETA: 0s - batch_cost: 0.0132 - reader cost: 6.7939e-05
289/348 [=======================>......] - ETA: 0s - batch_cost: 0.0132 - reader cost: 6.6999e-05
293/348 [========================>.....] - ETA: 0s - batch_cost: 0.0132 - reader cost: 6.6084e-05
297/348 [========================>.....] - ETA: 0s - batch_cost: 0.0132 - reader cost: 6.8534e-05
301/348 [========================>.....] - ETA: 0s - batch_cost: 0.0132 - reader cost: 6.7623e-05
305/348 [=========================>....] - ETA: 0s - batch_cost: 0.0132 - reader cost: 6.6736e-05
308/348 [=========================>....] - ETA: 0s - batch_cost: 0.0132 - reader cost: 6.6086e-05
311/348 [=========================>....] - ETA: 0s - batch_cost: 0.0133 - reader cost: 6.8663e-05
314/348 [==========================>...] - ETA: 0s - batch_cost: 0.0133 - reader cost: 6.8007e-05
317/348 [==========================>...] - ETA: 0s - batch_cost: 0.0134 - reader cost: 6.7363e-05
321/348 [==========================>...] - ETA: 0s - batch_cost: 0.0134 - reader cost: 6.6524e-05
325/348 [===========================>..] - ETA: 0s - batch_cost: 0.0134 - reader cost: 6.5705e-05
329/348 [===========================>..] - ETA: 0s - batch_cost: 0.0134 - reader cost: 6.4906e-05
333/348 [===========================>..] - ETA: 0s - batch_cost: 0.0135 - reader cost: 6.4127e-05
337/348 [============================>.] - ETA: 0s - batch_cost: 0.0135 - reader cost: 6.3366e-05
341/348 [============================>.] - ETA: 0s - batch_cost: 0.0135 - reader cost: 6.2622e-05
346/348 [============================>.] - ETA: 0s - batch_cost: 0.0134 - reader cost: 6.1717e-05
348/348 [==============================] - 5s 14ms/step - batch_cost: 0.0134 - reader cost: 6.1363e-05

  1/348 [..............................] - ETA: 8s - batch_cost: 0.0246 - reader cost: 0.0085
  4/348 [..............................] - ETA: 6s - batch_cost: 0.0192 - reader cost: 0.0024
  8/348 [..............................] - ETA: 5s - batch_cost: 0.0163 - reader cost: 0.0012
 12/348 [>.............................] - ETA: 5s - batch_cost: 0.0152 - reader cost: 7.9262e-04
 17/348 [>.............................] - ETA: 4s - batch_cost: 0.0145 - reader cost: 5.5950e-04
 21/348 [>.............................] - ETA: 4s - batch_cost: 0.0145 - reader cost: 4.5293e-04
 25/348 [=>............................] - ETA: 4s - batch_cost: 0.0143 - reader cost: 4.2015e-04
 29/348 [=>............................] - ETA: 4s - batch_cost: 0.0143 - reader cost: 3.6220e-04
 34/348 [=>............................] - ETA: 4s - batch_cost: 0.0141 - reader cost: 3.0893e-04
 38/348 [==>...........................] - ETA: 4s - batch_cost: 0.0141 - reader cost: 2.7641e-04
 42/348 [==>...........................] - ETA: 4s - batch_cost: 0.0140 - reader cost: 2.5009e-04
 46/348 [==>...........................] - ETA: 4s - batch_cost: 0.0140 - reader cost: 2.2834e-04
 49/348 [===>..........................] - ETA: 4s - batch_cost: 0.0142 - reader cost: 2.1436e-04
 53/348 [===>..........................] - ETA: 4s - batch_cost: 0.0141 - reader cost: 1.9818e-04
 57/348 [===>..........................] - ETA: 4s - batch_cost: 0.0141 - reader cost: 1.9337e-04
 61/348 [====>.........................] - ETA: 4s - batch_cost: 0.0140 - reader cost: 1.8069e-04
 65/348 [====>.........................] - ETA: 3s - batch_cost: 0.0140 - reader cost: 1.6957e-04
 70/348 [=====>........................] - ETA: 3s - batch_cost: 0.0138 - reader cost: 1.5746e-04
 74/348 [=====>........................] - ETA: 3s - batch_cost: 0.0138 - reader cost: 1.6246e-04
 79/348 [=====>........................] - ETA: 3s - batch_cost: 0.0137 - reader cost: 1.5218e-04
 83/348 [======>.......................] - ETA: 3s - batch_cost: 0.0136 - reader cost: 1.4485e-04
 87/348 [======>.......................] - ETA: 3s - batch_cost: 0.0137 - reader cost: 1.3819e-04
 91/348 [======>.......................] - ETA: 3s - batch_cost: 0.0136 - reader cost: 1.3211e-04
 96/348 [=======>......................] - ETA: 3s - batch_cost: 0.0136 - reader cost: 1.2523e-04
101/348 [=======>......................] - ETA: 3s - batch_cost: 0.0135 - reader cost: 1.2894e-04
106/348 [========>.....................] - ETA: 3s - batch_cost: 0.0134 - reader cost: 1.3222e-04
111/348 [========>.....................] - ETA: 3s - batch_cost: 0.0133 - reader cost: 1.2627e-04
115/348 [========>.....................] - ETA: 3s - batch_cost: 0.0133 - reader cost: 1.2188e-04
119/348 [=========>....................] - ETA: 3s - batch_cost: 0.0134 - reader cost: 1.2231e-04
123/348 [=========>....................] - ETA: 3s - batch_cost: 0.0133 - reader cost: 1.2653e-04
127/348 [=========>....................] - ETA: 2s - batch_cost: 0.0133 - reader cost: 1.2255e-04
131/348 [==========>...................] - ETA: 2s - batch_cost: 0.0134 - reader cost: 1.1881e-04
135/348 [==========>...................] - ETA: 2s - batch_cost: 0.0134 - reader cost: 1.2273e-04
138/348 [==========>...................] - ETA: 2s - batch_cost: 0.0135 - reader cost: 1.2006e-04
142/348 [===========>..................] - ETA: 2s - batch_cost: 0.0136 - reader cost: 1.1668e-04
146/348 [===========>..................] - ETA: 2s - batch_cost: 0.0136 - reader cost: 1.1693e-04
150/348 [===========>..................] - ETA: 2s - batch_cost: 0.0137 - reader cost: 1.1382e-04
155/348 [============>.................] - ETA: 2s - batch_cost: 0.0136 - reader cost: 1.1565e-04
159/348 [============>.................] - ETA: 2s - batch_cost: 0.0136 - reader cost: 1.1274e-04
163/348 [=============>................] - ETA: 2s - batch_cost: 0.0136 - reader cost: 1.0997e-04
167/348 [=============>................] - ETA: 2s - batch_cost: 0.0137 - reader cost: 1.0734e-04
171/348 [=============>................] - ETA: 2s - batch_cost: 0.0137 - reader cost: 1.1067e-04
175/348 [==============>...............] - ETA: 2s - batch_cost: 0.0137 - reader cost: 1.0814e-04
179/348 [==============>...............] - ETA: 2s - batch_cost: 0.0137 - reader cost: 1.0573e-04
183/348 [==============>...............] - ETA: 2s - batch_cost: 0.0136 - reader cost: 1.0342e-04
187/348 [===============>..............] - ETA: 2s - batch_cost: 0.0136 - reader cost: 1.0120e-04
191/348 [===============>..............] - ETA: 2s - batch_cost: 0.0137 - reader cost: 1.0172e-04
195/348 [===============>..............] - ETA: 2s - batch_cost: 0.0137 - reader cost: 1.0481e-04
199/348 [================>.............] - ETA: 2s - batch_cost: 0.0137 - reader cost: 1.1111e-04
203/348 [================>.............] - ETA: 1s - batch_cost: 0.0137 - reader cost: 1.0892e-04
207/348 [================>.............] - ETA: 1s - batch_cost: 0.0137 - reader cost: 1.0682e-04
211/348 [=================>............] - ETA: 1s - batch_cost: 0.0136 - reader cost: 1.0479e-04
215/348 [=================>............] - ETA: 1s - batch_cost: 0.0136 - reader cost: 1.0750e-04
219/348 [=================>............] - ETA: 1s - batch_cost: 0.0136 - reader cost: 1.1010e-04
223/348 [==================>...........] - ETA: 1s - batch_cost: 0.0136 - reader cost: 1.0812e-04
227/348 [==================>...........] - ETA: 1s - batch_cost: 0.0136 - reader cost: 1.0622e-04
231/348 [==================>...........] - ETA: 1s - batch_cost: 0.0136 - reader cost: 1.0438e-04
235/348 [===================>..........] - ETA: 1s - batch_cost: 0.0136 - reader cost: 1.0260e-04
239/348 [===================>..........] - ETA: 1s - batch_cost: 0.0136 - reader cost: 1.0088e-04
243/348 [===================>..........] - ETA: 1s - batch_cost: 0.0136 - reader cost: 9.9224e-05
248/348 [====================>.........] - ETA: 1s - batch_cost: 0.0136 - reader cost: 9.7224e-05
252/348 [====================>.........] - ETA: 1s - batch_cost: 0.0136 - reader cost: 9.5681e-05
257/348 [=====================>........] - ETA: 1s - batch_cost: 0.0136 - reader cost: 9.9723e-05
261/348 [=====================>........] - ETA: 1s - batch_cost: 0.0136 - reader cost: 9.8195e-05
265/348 [=====================>........] - ETA: 1s - batch_cost: 0.0136 - reader cost: 9.6712e-05
269/348 [======================>.......] - ETA: 1s - batch_cost: 0.0136 - reader cost: 9.5274e-05
274/348 [======================>.......] - ETA: 1s - batch_cost: 0.0136 - reader cost: 9.3536e-05
278/348 [======================>.......] - ETA: 0s - batch_cost: 0.0136 - reader cost: 9.2190e-05
282/348 [=======================>......] - ETA: 0s - batch_cost: 0.0136 - reader cost: 9.0882e-05
286/348 [=======================>......] - ETA: 0s - batch_cost: 0.0135 - reader cost: 8.9611e-05
290/348 [========================>.....] - ETA: 0s - batch_cost: 0.0136 - reader cost: 8.8375e-05
294/348 [========================>.....] - ETA: 0s - batch_cost: 0.0136 - reader cost: 8.7173e-05
298/348 [========================>.....] - ETA: 0s - batch_cost: 0.0135 - reader cost: 8.6003e-05
302/348 [=========================>....] - ETA: 0s - batch_cost: 0.0135 - reader cost: 8.4864e-05
306/348 [=========================>....] - ETA: 0s - batch_cost: 0.0136 - reader cost: 8.3754e-05
310/348 [=========================>....] - ETA: 0s - batch_cost: 0.0136 - reader cost: 8.2674e-05
314/348 [==========================>...] - ETA: 0s - batch_cost: 0.0135 - reader cost: 8.1620e-05
318/348 [==========================>...] - ETA: 0s - batch_cost: 0.0135 - reader cost: 8.0594e-05
322/348 [==========================>...] - ETA: 0s - batch_cost: 0.0135 - reader cost: 7.9593e-05
327/348 [===========================>..] - ETA: 0s - batch_cost: 0.0135 - reader cost: 7.8376e-05
331/348 [===========================>..] - ETA: 0s - batch_cost: 0.0135 - reader cost: 8.3470e-05
335/348 [===========================>..] - ETA: 0s - batch_cost: 0.0135 - reader cost: 8.2473e-05
339/348 [============================>.] - ETA: 0s - batch_cost: 0.0135 - reader cost: 8.1500e-05
343/348 [============================>.] - ETA: 0s - batch_cost: 0.0135 - reader cost: 8.0549e-05
348/348 [==============================] - 5s 14ms/step - batch_cost: 0.0135 - reader cost: 7.9392e-05

  1/348 [..............................] - ETA: 9s - batch_cost: 0.0263 - reader cost: 0.0080
  4/348 [..............................] - ETA: 6s - batch_cost: 0.0192 - reader cost: 0.0020
  8/348 [..............................] - ETA: 5s - batch_cost: 0.0164 - reader cost: 9.9990e-04
 12/348 [>.............................] - ETA: 5s - batch_cost: 0.0152 - reader cost: 7.5420e-04
 16/348 [>.............................] - ETA: 4s - batch_cost: 0.0147 - reader cost: 5.6565e-04
 20/348 [>.............................] - ETA: 4s - batch_cost: 0.0145 - reader cost: 4.5252e-04
 24/348 [=>............................] - ETA: 4s - batch_cost: 0.0144 - reader cost: 3.7710e-04
 28/348 [=>............................] - ETA: 4s - batch_cost: 0.0142 - reader cost: 3.7693e-04
 32/348 [=>............................] - ETA: 4s - batch_cost: 0.0141 - reader cost: 3.2981e-04
 37/348 [==>...........................] - ETA: 4s - batch_cost: 0.0139 - reader cost: 2.8525e-04
 41/348 [==>...........................] - ETA: 4s - batch_cost: 0.0138 - reader cost: 2.5742e-04
 45/348 [==>...........................] - ETA: 4s - batch_cost: 0.0139 - reader cost: 2.3454e-04
 49/348 [===>..........................] - ETA: 4s - batch_cost: 0.0139 - reader cost: 2.1539e-04
 53/348 [===>..........................] - ETA: 4s - batch_cost: 0.0138 - reader cost: 1.9913e-04
 57/348 [===>..........................] - ETA: 4s - batch_cost: 0.0138 - reader cost: 2.0269e-04
 61/348 [====>.........................] - ETA: 3s - batch_cost: 0.0137 - reader cost: 1.8940e-04
 65/348 [====>.........................] - ETA: 3s - batch_cost: 0.0137 - reader cost: 1.7774e-04
 69/348 [====>.........................] - ETA: 3s - batch_cost: 0.0138 - reader cost: 1.6744e-04
 73/348 [=====>........................] - ETA: 3s - batch_cost: 0.0138 - reader cost: 1.5826e-04
 77/348 [=====>........................] - ETA: 3s - batch_cost: 0.0137 - reader cost: 1.5004e-04
 81/348 [=====>........................] - ETA: 3s - batch_cost: 0.0137 - reader cost: 1.4263e-04
 85/348 [======>.......................] - ETA: 3s - batch_cost: 0.0137 - reader cost: 1.3592e-04
 89/348 [======>.......................] - ETA: 3s - batch_cost: 0.0136 - reader cost: 1.2981e-04
 93/348 [=======>......................] - ETA: 3s - batch_cost: 0.0136 - reader cost: 1.2423e-04
 97/348 [=======>......................] - ETA: 3s - batch_cost: 0.0136 - reader cost: 1.1911e-04
100/348 [=======>......................] - ETA: 3s - batch_cost: 0.0138 - reader cost: 1.2554e-04
103/348 [=======>......................] - ETA: 3s - batch_cost: 0.0139 - reader cost: 1.2188e-04
106/348 [========>.....................] - ETA: 3s - batch_cost: 0.0140 - reader cost: 1.1843e-04
110/348 [========>.....................] - ETA: 3s - batch_cost: 0.0141 - reader cost: 1.1412e-04
113/348 [========>.....................] - ETA: 3s - batch_cost: 0.0142 - reader cost: 1.1109e-04
116/348 [=========>....................] - ETA: 3s - batch_cost: 0.0142 - reader cost: 1.0822e-04
120/348 [=========>....................] - ETA: 3s - batch_cost: 0.0142 - reader cost: 1.0461e-04
125/348 [=========>....................] - ETA: 3s - batch_cost: 0.0142 - reader cost: 1.0043e-04
129/348 [==========>...................] - ETA: 3s - batch_cost: 0.0141 - reader cost: 9.7315e-05
133/348 [==========>...................] - ETA: 3s - batch_cost: 0.0141 - reader cost: 9.4389e-05
137/348 [==========>...................] - ETA: 3s - batch_cost: 0.0141 - reader cost: 9.1633e-05
141/348 [===========>..................] - ETA: 2s - batch_cost: 0.0141 - reader cost: 8.9033e-05
145/348 [===========>..................] - ETA: 2s - batch_cost: 0.0140 - reader cost: 8.6577e-05
149/348 [===========>..................] - ETA: 2s - batch_cost: 0.0140 - reader cost: 8.4253e-05
153/348 [============>.................] - ETA: 2s - batch_cost: 0.0140 - reader cost: 8.5436e-05
157/348 [============>.................] - ETA: 2s - batch_cost: 0.0140 - reader cost: 8.3260e-05
161/348 [============>.................] - ETA: 2s - batch_cost: 0.0140 - reader cost: 8.1191e-05
165/348 [=============>................] - ETA: 2s - batch_cost: 0.0140 - reader cost: 7.9223e-05
169/348 [=============>................] - ETA: 2s - batch_cost: 0.0140 - reader cost: 7.7348e-05
173/348 [=============>................] - ETA: 2s - batch_cost: 0.0139 - reader cost: 7.5559e-05
178/348 [==============>...............] - ETA: 2s - batch_cost: 0.0139 - reader cost: 7.3437e-05
182/348 [==============>...............] - ETA: 2s - batch_cost: 0.0139 - reader cost: 7.7318e-05
186/348 [===============>..............] - ETA: 2s - batch_cost: 0.0139 - reader cost: 7.5656e-05
190/348 [===============>..............] - ETA: 2s - batch_cost: 0.0139 - reader cost: 7.4063e-05
194/348 [===============>..............] - ETA: 2s - batch_cost: 0.0139 - reader cost: 8.0292e-05
198/348 [================>.............] - ETA: 2s - batch_cost: 0.0138 - reader cost: 8.6312e-05
202/348 [================>.............] - ETA: 2s - batch_cost: 0.0138 - reader cost: 8.4603e-05
206/348 [================>.............] - ETA: 1s - batch_cost: 0.0138 - reader cost: 8.2960e-05
210/348 [=================>............] - ETA: 1s - batch_cost: 0.0138 - reader cost: 8.1380e-05
214/348 [=================>............] - ETA: 1s - batch_cost: 0.0138 - reader cost: 8.4532e-05
218/348 [=================>............] - ETA: 1s - batch_cost: 0.0138 - reader cost: 8.7591e-05
222/348 [==================>...........] - ETA: 1s - batch_cost: 0.0138 - reader cost: 8.6013e-05
226/348 [==================>...........] - ETA: 1s - batch_cost: 0.0138 - reader cost: 8.4491e-05
230/348 [==================>...........] - ETA: 1s - batch_cost: 0.0138 - reader cost: 8.3021e-05
234/348 [===================>..........] - ETA: 1s - batch_cost: 0.0138 - reader cost: 8.1602e-05
238/348 [===================>..........] - ETA: 1s - batch_cost: 0.0138 - reader cost: 8.4427e-05
242/348 [===================>..........] - ETA: 1s - batch_cost: 0.0138 - reader cost: 8.3032e-05
246/348 [====================>.........] - ETA: 1s - batch_cost: 0.0138 - reader cost: 8.1682e-05
250/348 [====================>.........] - ETA: 1s - batch_cost: 0.0138 - reader cost: 8.0375e-05
254/348 [====================>.........] - ETA: 1s - batch_cost: 0.0137 - reader cost: 7.9109e-05
258/348 [=====================>........] - ETA: 1s - batch_cost: 0.0137 - reader cost: 7.7882e-05
262/348 [=====================>........] - ETA: 1s - batch_cost: 0.0137 - reader cost: 7.6693e-05
266/348 [=====================>........] - ETA: 1s - batch_cost: 0.0137 - reader cost: 7.9271e-05
270/348 [======================>.......] - ETA: 1s - batch_cost: 0.0137 - reader cost: 7.8096e-05
274/348 [======================>.......] - ETA: 1s - batch_cost: 0.0137 - reader cost: 8.0623e-05
278/348 [======================>.......] - ETA: 0s - batch_cost: 0.0137 - reader cost: 7.9463e-05
282/348 [=======================>......] - ETA: 0s - batch_cost: 0.0137 - reader cost: 8.1884e-05
286/348 [=======================>......] - ETA: 0s - batch_cost: 0.0137 - reader cost: 8.0739e-05
290/348 [========================>.....] - ETA: 0s - batch_cost: 0.0137 - reader cost: 8.3070e-05
294/348 [========================>.....] - ETA: 0s - batch_cost: 0.0137 - reader cost: 8.8800e-05
298/348 [========================>.....] - ETA: 0s - batch_cost: 0.0137 - reader cost: 8.7608e-05
302/348 [=========================>....] - ETA: 0s - batch_cost: 0.0137 - reader cost: 8.6447e-05
306/348 [=========================>....] - ETA: 0s - batch_cost: 0.0137 - reader cost: 8.5317e-05
310/348 [=========================>....] - ETA: 0s - batch_cost: 0.0137 - reader cost: 8.5999e-05
314/348 [==========================>...] - ETA: 0s - batch_cost: 0.0137 - reader cost: 8.4904e-05
318/348 [==========================>...] - ETA: 0s - batch_cost: 0.0137 - reader cost: 8.3836e-05
322/348 [==========================>...] - ETA: 0s - batch_cost: 0.0137 - reader cost: 8.2794e-05
326/348 [===========================>..] - ETA: 0s - batch_cost: 0.0137 - reader cost: 8.1778e-05
330/348 [===========================>..] - ETA: 0s - batch_cost: 0.0137 - reader cost: 8.0787e-05
334/348 [===========================>..] - ETA: 0s - batch_cost: 0.0137 - reader cost: 7.9820e-05
338/348 [============================>.] - ETA: 0s - batch_cost: 0.0137 - reader cost: 7.8875e-05
342/348 [============================>.] - ETA: 0s - batch_cost: 0.0137 - reader cost: 8.0877e-05
347/348 [============================>.] - ETA: 0s - batch_cost: 0.0137 - reader cost: 7.9712e-05
348/348 [==============================] - 5s 14ms/step - batch_cost: 0.0137 - reader cost: 7.9482e-05

  1/348 [..............................] - ETA: 8s - batch_cost: 0.0237 - reader cost: 0.0076
  5/348 [..............................] - ETA: 5s - batch_cost: 0.0166 - reader cost: 0.0015
  9/348 [..............................] - ETA: 5s - batch_cost: 0.0148 - reader cost: 8.4790e-04
 13/348 [>.............................] - ETA: 4s - batch_cost: 0.0140 - reader cost: 5.8700e-04
 17/348 [>.............................] - ETA: 4s - batch_cost: 0.0139 - reader cost: 4.4889e-04
 21/348 [>.............................] - ETA: 4s - batch_cost: 0.0141 - reader cost: 3.6338e-04
 25/348 [=>............................] - ETA: 4s - batch_cost: 0.0140 - reader cost: 3.0524e-04
 29/348 [=>............................] - ETA: 4s - batch_cost: 0.0139 - reader cost: 2.6314e-04
 34/348 [=>............................] - ETA: 4s - batch_cost: 0.0136 - reader cost: 2.5410e-04
 38/348 [==>...........................] - ETA: 4s - batch_cost: 0.0135 - reader cost: 2.2735e-04
 42/348 [==>...........................] - ETA: 4s - batch_cost: 0.0136 - reader cost: 2.0570e-04
 46/348 [==>...........................] - ETA: 4s - batch_cost: 0.0137 - reader cost: 1.8781e-04
 50/348 [===>..........................] - ETA: 4s - batch_cost: 0.0140 - reader cost: 1.7279e-04
 54/348 [===>..........................] - ETA: 4s - batch_cost: 0.0140 - reader cost: 1.8804e-04
 58/348 [====>.........................] - ETA: 4s - batch_cost: 0.0140 - reader cost: 1.7507e-04
 62/348 [====>.........................] - ETA: 4s - batch_cost: 0.0140 - reader cost: 1.6378e-04
 66/348 [====>.........................] - ETA: 4s - batch_cost: 0.0141 - reader cost: 1.5385e-04
 70/348 [=====>........................] - ETA: 3s - batch_cost: 0.0140 - reader cost: 1.4506e-04
 74/348 [=====>........................] - ETA: 3s - batch_cost: 0.0140 - reader cost: 1.5073e-04
 78/348 [=====>........................] - ETA: 3s - batch_cost: 0.0141 - reader cost: 1.5571e-04
 82/348 [======>.......................] - ETA: 3s - batch_cost: 0.0140 - reader cost: 1.4812e-04
 86/348 [======>.......................] - ETA: 3s - batch_cost: 0.0140 - reader cost: 1.4123e-04
 90/348 [======>.......................] - ETA: 3s - batch_cost: 0.0140 - reader cost: 1.4611e-04
 94/348 [=======>......................] - ETA: 3s - batch_cost: 0.0139 - reader cost: 1.3989e-04
 99/348 [=======>......................] - ETA: 3s - batch_cost: 0.0138 - reader cost: 1.3282e-04
103/348 [=======>......................] - ETA: 3s - batch_cost: 0.0138 - reader cost: 1.2767e-04
107/348 [========>.....................] - ETA: 3s - batch_cost: 0.0138 - reader cost: 1.2289e-04
111/348 [========>.....................] - ETA: 3s - batch_cost: 0.0138 - reader cost: 1.1846e-04
115/348 [========>.....................] - ETA: 3s - batch_cost: 0.0138 - reader cost: 1.1434e-04
119/348 [=========>....................] - ETA: 3s - batch_cost: 0.0138 - reader cost: 1.1890e-04
123/348 [=========>....................] - ETA: 3s - batch_cost: 0.0138 - reader cost: 1.1503e-04
127/348 [=========>....................] - ETA: 3s - batch_cost: 0.0138 - reader cost: 1.2325e-04
131/348 [==========>...................] - ETA: 3s - batch_cost: 0.0138 - reader cost: 1.1949e-04
135/348 [==========>...................] - ETA: 2s - batch_cost: 0.0137 - reader cost: 1.1595e-04
139/348 [==========>...................] - ETA: 2s - batch_cost: 0.0137 - reader cost: 1.1261e-04
144/348 [===========>..................] - ETA: 2s - batch_cost: 0.0137 - reader cost: 1.0870e-04
148/348 [===========>..................] - ETA: 2s - batch_cost: 0.0136 - reader cost: 1.1943e-04
152/348 [============>.................] - ETA: 2s - batch_cost: 0.0136 - reader cost: 1.1628e-04
156/348 [============>.................] - ETA: 2s - batch_cost: 0.0136 - reader cost: 1.1663e-04
160/348 [============>.................] - ETA: 2s - batch_cost: 0.0136 - reader cost: 1.1371e-04
164/348 [=============>................] - ETA: 2s - batch_cost: 0.0136 - reader cost: 1.2327e-04
168/348 [=============>................] - ETA: 2s - batch_cost: 0.0136 - reader cost: 1.2033e-04
172/348 [=============>................] - ETA: 2s - batch_cost: 0.0136 - reader cost: 1.1754e-04
176/348 [==============>...............] - ETA: 2s - batch_cost: 0.0135 - reader cost: 1.1486e-04
180/348 [==============>...............] - ETA: 2s - batch_cost: 0.0135 - reader cost: 1.1231e-04
184/348 [==============>...............] - ETA: 2s - batch_cost: 0.0135 - reader cost: 1.0987e-04
188/348 [===============>..............] - ETA: 2s - batch_cost: 0.0135 - reader cost: 1.0753e-04
192/348 [===============>..............] - ETA: 2s - batch_cost: 0.0136 - reader cost: 1.1050e-04
196/348 [===============>..............] - ETA: 2s - batch_cost: 0.0136 - reader cost: 1.1334e-04
200/348 [================>.............] - ETA: 2s - batch_cost: 0.0136 - reader cost: 1.1108e-04
204/348 [================>.............] - ETA: 1s - batch_cost: 0.0136 - reader cost: 1.0890e-04
208/348 [================>.............] - ETA: 1s - batch_cost: 0.0135 - reader cost: 1.0681e-04
212/348 [=================>............] - ETA: 1s - batch_cost: 0.0135 - reader cost: 1.0479e-04
216/348 [=================>............] - ETA: 1s - batch_cost: 0.0135 - reader cost: 1.0285e-04
220/348 [=================>............] - ETA: 1s - batch_cost: 0.0135 - reader cost: 1.0098e-04
225/348 [==================>...........] - ETA: 1s - batch_cost: 0.0135 - reader cost: 9.8736e-05
229/348 [==================>...........] - ETA: 1s - batch_cost: 0.0135 - reader cost: 9.7011e-05
233/348 [===================>..........] - ETA: 1s - batch_cost: 0.0135 - reader cost: 9.5346e-05
237/348 [===================>..........] - ETA: 1s - batch_cost: 0.0135 - reader cost: 9.3737e-05
241/348 [===================>..........] - ETA: 1s - batch_cost: 0.0135 - reader cost: 9.2181e-05
245/348 [====================>.........] - ETA: 1s - batch_cost: 0.0135 - reader cost: 9.0676e-05
249/348 [====================>.........] - ETA: 1s - batch_cost: 0.0135 - reader cost: 9.3203e-05
253/348 [====================>.........] - ETA: 1s - batch_cost: 0.0134 - reader cost: 9.1729e-05
257/348 [=====================>........] - ETA: 1s - batch_cost: 0.0135 - reader cost: 9.4225e-05
261/348 [=====================>........] - ETA: 1s - batch_cost: 0.0135 - reader cost: 9.8572e-05
265/348 [=====================>........] - ETA: 1s - batch_cost: 0.0135 - reader cost: 9.7084e-05
269/348 [======================>.......] - ETA: 1s - batch_cost: 0.0134 - reader cost: 9.5640e-05
273/348 [======================>.......] - ETA: 1s - batch_cost: 0.0135 - reader cost: 9.4239e-05
277/348 [======================>.......] - ETA: 0s - batch_cost: 0.0134 - reader cost: 9.2878e-05
281/348 [=======================>......] - ETA: 0s - batch_cost: 0.0134 - reader cost: 9.5083e-05
285/348 [=======================>......] - ETA: 0s - batch_cost: 0.0134 - reader cost: 9.3749e-05
289/348 [=======================>......] - ETA: 0s - batch_cost: 0.0134 - reader cost: 9.2451e-05
293/348 [========================>.....] - ETA: 0s - batch_cost: 0.0134 - reader cost: 9.1189e-05
297/348 [========================>.....] - ETA: 0s - batch_cost: 0.0134 - reader cost: 9.3328e-05
301/348 [========================>.....] - ETA: 0s - batch_cost: 0.0135 - reader cost: 9.5409e-05
305/348 [=========================>....] - ETA: 0s - batch_cost: 0.0135 - reader cost: 9.7437e-05
309/348 [=========================>....] - ETA: 0s - batch_cost: 0.0135 - reader cost: 9.6176e-05
313/348 [=========================>....] - ETA: 0s - batch_cost: 0.0135 - reader cost: 9.4947e-05
318/348 [==========================>...] - ETA: 0s - batch_cost: 0.0135 - reader cost: 9.3454e-05
322/348 [==========================>...] - ETA: 0s - batch_cost: 0.0135 - reader cost: 9.2293e-05
326/348 [===========================>..] - ETA: 0s - batch_cost: 0.0135 - reader cost: 9.1161e-05
330/348 [===========================>..] - ETA: 0s - batch_cost: 0.0135 - reader cost: 9.0056e-05
334/348 [===========================>..] - ETA: 0s - batch_cost: 0.0135 - reader cost: 9.1947e-05
338/348 [============================>.] - ETA: 0s - batch_cost: 0.0135 - reader cost: 9.0859e-05
342/348 [============================>.] - ETA: 0s - batch_cost: 0.0135 - reader cost: 9.2700e-05
347/348 [============================>.] - ETA: 0s - batch_cost: 0.0135 - reader cost: 9.1364e-05
348/348 [==============================] - 5s 14ms/step - batch_cost: 0.0135 - reader cost: 9.1101e-05

  1/348 [..............................] - ETA: 8s - batch_cost: 0.0247 - reader cost: 0.0073
  5/348 [..............................] - ETA: 5s - batch_cost: 0.0169 - reader cost: 0.0015
  9/348 [..............................] - ETA: 5s - batch_cost: 0.0157 - reader cost: 8.1179e-04
 13/348 [>.............................] - ETA: 5s - batch_cost: 0.0155 - reader cost: 5.6201e-04
 16/348 [>.............................] - ETA: 5s - batch_cost: 0.0159 - reader cost: 4.5663e-04
 19/348 [>.............................] - ETA: 5s - batch_cost: 0.0161 - reader cost: 3.8453e-04
 23/348 [>.............................] - ETA: 5s - batch_cost: 0.0159 - reader cost: 3.1766e-04
 27/348 [=>............................] - ETA: 5s - batch_cost: 0.0155 - reader cost: 2.7060e-04
 31/348 [=>............................] - ETA: 4s - batch_cost: 0.0154 - reader cost: 2.3568e-04
 35/348 [==>...........................] - ETA: 4s - batch_cost: 0.0154 - reader cost: 2.0875e-04
 39/348 [==>...........................] - ETA: 4s - batch_cost: 0.0151 - reader cost: 1.8734e-04
 43/348 [==>...........................] - ETA: 4s - batch_cost: 0.0150 - reader cost: 1.6991e-04
 47/348 [===>..........................] - ETA: 4s - batch_cost: 0.0148 - reader cost: 1.5545e-04
 51/348 [===>..........................] - ETA: 4s - batch_cost: 0.0147 - reader cost: 1.4326e-04
 55/348 [===>..........................] - ETA: 4s - batch_cost: 0.0146 - reader cost: 1.3284e-04
 59/348 [====>.........................] - ETA: 4s - batch_cost: 0.0145 - reader cost: 1.2383e-04
 63/348 [====>.........................] - ETA: 4s - batch_cost: 0.0146 - reader cost: 1.1597e-04
 67/348 [====>.........................] - ETA: 4s - batch_cost: 0.0146 - reader cost: 1.0905e-04
 71/348 [=====>........................] - ETA: 4s - batch_cost: 0.0146 - reader cost: 1.0290e-04
 75/348 [=====>........................] - ETA: 4s - batch_cost: 0.0146 - reader cost: 9.7415e-05
 79/348 [=====>........................] - ETA: 3s - batch_cost: 0.0146 - reader cost: 9.2482e-05
 83/348 [======>.......................] - ETA: 3s - batch_cost: 0.0145 - reader cost: 8.8025e-05
 87/348 [======>.......................] - ETA: 3s - batch_cost: 0.0144 - reader cost: 8.3978e-05
 91/348 [======>.......................] - ETA: 3s - batch_cost: 0.0144 - reader cost: 8.0287e-05
 95/348 [=======>......................] - ETA: 3s - batch_cost: 0.0144 - reader cost: 7.6906e-05
 99/348 [=======>......................] - ETA: 3s - batch_cost: 0.0144 - reader cost: 7.3799e-05
103/348 [=======>......................] - ETA: 3s - batch_cost: 0.0143 - reader cost: 7.0933e-05
107/348 [========>.....................] - ETA: 3s - batch_cost: 0.0143 - reader cost: 6.8281e-05
111/348 [========>.....................] - ETA: 3s - batch_cost: 0.0143 - reader cost: 6.5821e-05
115/348 [========>.....................] - ETA: 3s - batch_cost: 0.0142 - reader cost: 6.3531e-05
119/348 [=========>....................] - ETA: 3s - batch_cost: 0.0142 - reader cost: 6.9732e-05
123/348 [=========>....................] - ETA: 3s - batch_cost: 0.0142 - reader cost: 6.7465e-05
128/348 [==========>...................] - ETA: 3s - batch_cost: 0.0142 - reader cost: 7.2649e-05
132/348 [==========>...................] - ETA: 3s - batch_cost: 0.0141 - reader cost: 7.0447e-05
136/348 [==========>...................] - ETA: 3s - batch_cost: 0.0142 - reader cost: 6.8375e-05
140/348 [===========>..................] - ETA: 2s - batch_cost: 0.0141 - reader cost: 6.6422e-05
144/348 [===========>..................] - ETA: 2s - batch_cost: 0.0141 - reader cost: 6.4577e-05
148/348 [===========>..................] - ETA: 2s - batch_cost: 0.0141 - reader cost: 6.2831e-05
152/348 [============>.................] - ETA: 2s - batch_cost: 0.0141 - reader cost: 6.7813e-05
156/348 [============>.................] - ETA: 2s - batch_cost: 0.0141 - reader cost: 7.2508e-05
161/348 [============>.................] - ETA: 2s - batch_cost: 0.0140 - reader cost: 7.6467e-05
165/348 [=============>................] - ETA: 2s - batch_cost: 0.0140 - reader cost: 7.4613e-05
169/348 [=============>................] - ETA: 2s - batch_cost: 0.0140 - reader cost: 7.2847e-05
173/348 [=============>................] - ETA: 2s - batch_cost: 0.0140 - reader cost: 7.6946e-05
177/348 [==============>...............] - ETA: 2s - batch_cost: 0.0141 - reader cost: 7.5207e-05
181/348 [==============>...............] - ETA: 2s - batch_cost: 0.0141 - reader cost: 7.3545e-05
185/348 [==============>...............] - ETA: 2s - batch_cost: 0.0140 - reader cost: 7.1955e-05
189/348 [===============>..............] - ETA: 2s - batch_cost: 0.0141 - reader cost: 7.0432e-05
193/348 [===============>..............] - ETA: 2s - batch_cost: 0.0140 - reader cost: 6.8972e-05
197/348 [===============>..............] - ETA: 2s - batch_cost: 0.0140 - reader cost: 6.7572e-05
201/348 [================>.............] - ETA: 2s - batch_cost: 0.0140 - reader cost: 6.6227e-05
205/348 [================>.............] - ETA: 2s - batch_cost: 0.0140 - reader cost: 6.4935e-05
209/348 [=================>............] - ETA: 1s - batch_cost: 0.0140 - reader cost: 6.3692e-05
213/348 [=================>............] - ETA: 1s - batch_cost: 0.0140 - reader cost: 6.7232e-05
217/348 [=================>............] - ETA: 1s - batch_cost: 0.0140 - reader cost: 6.8362e-05
221/348 [==================>...........] - ETA: 1s - batch_cost: 0.0140 - reader cost: 6.7125e-05
225/348 [==================>...........] - ETA: 1s - batch_cost: 0.0139 - reader cost: 6.5932e-05
229/348 [==================>...........] - ETA: 1s - batch_cost: 0.0139 - reader cost: 6.4780e-05
233/348 [===================>..........] - ETA: 1s - batch_cost: 0.0139 - reader cost: 6.3668e-05
237/348 [===================>..........] - ETA: 1s - batch_cost: 0.0139 - reader cost: 6.2593e-05
241/348 [===================>..........] - ETA: 1s - batch_cost: 0.0140 - reader cost: 6.1555e-05
245/348 [====================>.........] - ETA: 1s - batch_cost: 0.0140 - reader cost: 6.0550e-05
249/348 [====================>.........] - ETA: 1s - batch_cost: 0.0140 - reader cost: 5.9577e-05
253/348 [====================>.........] - ETA: 1s - batch_cost: 0.0140 - reader cost: 5.8635e-05
257/348 [=====================>........] - ETA: 1s - batch_cost: 0.0139 - reader cost: 5.7722e-05
261/348 [=====================>........] - ETA: 1s - batch_cost: 0.0139 - reader cost: 5.6838e-05
265/348 [=====================>........] - ETA: 1s - batch_cost: 0.0139 - reader cost: 5.5980e-05
269/348 [======================>.......] - ETA: 1s - batch_cost: 0.0140 - reader cost: 5.5147e-05
273/348 [======================>.......] - ETA: 1s - batch_cost: 0.0139 - reader cost: 5.4339e-05
277/348 [======================>.......] - ETA: 0s - batch_cost: 0.0139 - reader cost: 5.7136e-05
281/348 [=======================>......] - ETA: 0s - batch_cost: 0.0139 - reader cost: 5.6323e-05
285/348 [=======================>......] - ETA: 0s - batch_cost: 0.0139 - reader cost: 5.9040e-05
289/348 [=======================>......] - ETA: 0s - batch_cost: 0.0139 - reader cost: 5.8223e-05
293/348 [========================>.....] - ETA: 0s - batch_cost: 0.0139 - reader cost: 5.9177e-05
297/348 [========================>.....] - ETA: 0s - batch_cost: 0.0139 - reader cost: 5.8380e-05
301/348 [========================>.....] - ETA: 0s - batch_cost: 0.0139 - reader cost: 5.7604e-05
305/348 [=========================>....] - ETA: 0s - batch_cost: 0.0140 - reader cost: 5.6848e-05
308/348 [=========================>....] - ETA: 0s - batch_cost: 0.0140 - reader cost: 5.6295e-05
312/348 [=========================>....] - ETA: 0s - batch_cost: 0.0140 - reader cost: 5.5573e-05
315/348 [==========================>...] - ETA: 0s - batch_cost: 0.0141 - reader cost: 5.6788e-05
319/348 [==========================>...] - ETA: 0s - batch_cost: 0.0141 - reader cost: 5.6076e-05
322/348 [==========================>...] - ETA: 0s - batch_cost: 0.0141 - reader cost: 5.5554e-05
326/348 [===========================>..] - ETA: 0s - batch_cost: 0.0142 - reader cost: 5.7936e-05
329/348 [===========================>..] - ETA: 0s - batch_cost: 0.0142 - reader cost: 5.7408e-05
333/348 [===========================>..] - ETA: 0s - batch_cost: 0.0142 - reader cost: 5.6719e-05
337/348 [============================>.] - ETA: 0s - batch_cost: 0.0142 - reader cost: 5.9174e-05
341/348 [============================>.] - ETA: 0s - batch_cost: 0.0143 - reader cost: 5.8480e-05
345/348 [============================>.] - ETA: 0s - batch_cost: 0.0142 - reader cost: 5.7802e-05
348/348 [==============================] - 5s 14ms/step - batch_cost: 0.0142 - reader cost: 5.7303e-05

  1/348 [..............................] - ETA: 8s - batch_cost: 0.0242 - reader cost: 0.0085
  4/348 [..............................] - ETA: 7s - batch_cost: 0.0205 - reader cost: 0.0021
  8/348 [..............................] - ETA: 5s - batch_cost: 0.0170 - reader cost: 0.0011
 12/348 [>.............................] - ETA: 5s - batch_cost: 0.0156 - reader cost: 7.1102e-04
 17/348 [>.............................] - ETA: 4s - batch_cost: 0.0146 - reader cost: 5.0190e-04
 22/348 [>.............................] - ETA: 4s - batch_cost: 0.0140 - reader cost: 3.8783e-04
 26/348 [=>............................] - ETA: 4s - batch_cost: 0.0137 - reader cost: 3.2816e-04
 30/348 [=>............................] - ETA: 4s - batch_cost: 0.0140 - reader cost: 2.8441e-04
 33/348 [=>............................] - ETA: 4s - batch_cost: 0.0142 - reader cost: 2.5855e-04
 37/348 [==>...........................] - ETA: 4s - batch_cost: 0.0145 - reader cost: 2.3060e-04
 40/348 [==>...........................] - ETA: 4s - batch_cost: 0.0147 - reader cost: 2.1331e-04
 44/348 [==>...........................] - ETA: 4s - batch_cost: 0.0146 - reader cost: 1.9392e-04
 48/348 [===>..........................] - ETA: 4s - batch_cost: 0.0148 - reader cost: 1.9859e-04
 51/348 [===>..........................] - ETA: 4s - batch_cost: 0.0151 - reader cost: 1.8691e-04
 54/348 [===>..........................] - ETA: 4s - batch_cost: 0.0154 - reader cost: 1.7653e-04
 57/348 [===>..........................] - ETA: 4s - batch_cost: 0.0157 - reader cost: 1.6724e-04
 60/348 [====>.........................] - ETA: 4s - batch_cost: 0.0158 - reader cost: 1.5887e-04
 64/348 [====>.........................] - ETA: 4s - batch_cost: 0.0159 - reader cost: 1.4894e-04
 67/348 [====>.........................] - ETA: 4s - batch_cost: 0.0162 - reader cost: 1.4228e-04
 70/348 [=====>........................] - ETA: 4s - batch_cost: 0.0164 - reader cost: 1.3618e-04
 73/348 [=====>........................] - ETA: 4s - batch_cost: 0.0165 - reader cost: 1.3058e-04
 76/348 [=====>........................] - ETA: 4s - batch_cost: 0.0166 - reader cost: 1.2543e-04
 79/348 [=====>........................] - ETA: 4s - batch_cost: 0.0166 - reader cost: 1.2066e-04
 82/348 [======>.......................] - ETA: 4s - batch_cost: 0.0167 - reader cost: 1.1625e-04
 85/348 [======>.......................] - ETA: 4s - batch_cost: 0.0167 - reader cost: 1.1215e-04
 88/348 [======>.......................] - ETA: 4s - batch_cost: 0.0167 - reader cost: 1.1969e-04
 91/348 [======>.......................] - ETA: 4s - batch_cost: 0.0167 - reader cost: 1.1574e-04
 94/348 [=======>......................] - ETA: 4s - batch_cost: 0.0168 - reader cost: 1.1205e-04
 97/348 [=======>......................] - ETA: 4s - batch_cost: 0.0168 - reader cost: 1.0858e-04
101/348 [=======>......................] - ETA: 4s - batch_cost: 0.0167 - reader cost: 1.0428e-04
105/348 [========>.....................] - ETA: 4s - batch_cost: 0.0166 - reader cost: 1.0031e-04
109/348 [========>.....................] - ETA: 4s - batch_cost: 0.0166 - reader cost: 9.6627e-05
113/348 [========>.....................] - ETA: 3s - batch_cost: 0.0165 - reader cost: 9.3207e-05
117/348 [=========>....................] - ETA: 3s - batch_cost: 0.0164 - reader cost: 9.0020e-05
120/348 [=========>....................] - ETA: 3s - batch_cost: 0.0165 - reader cost: 8.7770e-05
123/348 [=========>....................] - ETA: 3s - batch_cost: 0.0165 - reader cost: 8.5629e-05
126/348 [=========>....................] - ETA: 3s - batch_cost: 0.0166 - reader cost: 8.3590e-05
129/348 [==========>...................] - ETA: 3s - batch_cost: 0.0166 - reader cost: 8.1646e-05
132/348 [==========>...................] - ETA: 3s - batch_cost: 0.0167 - reader cost: 9.1285e-05
136/348 [==========>...................] - ETA: 3s - batch_cost: 0.0166 - reader cost: 8.8601e-05
140/348 [===========>..................] - ETA: 3s - batch_cost: 0.0165 - reader cost: 8.6069e-05
143/348 [===========>..................] - ETA: 3s - batch_cost: 0.0166 - reader cost: 8.4263e-05
147/348 [===========>..................] - ETA: 3s - batch_cost: 0.0166 - reader cost: 8.1971e-05
150/348 [===========>..................] - ETA: 3s - batch_cost: 0.0166 - reader cost: 8.0331e-05
154/348 [============>.................] - ETA: 3s - batch_cost: 0.0165 - reader cost: 8.4687e-05
158/348 [============>.................] - ETA: 3s - batch_cost: 0.0164 - reader cost: 8.2543e-05
160/348 [============>.................] - ETA: 3s - batch_cost: 0.0166 - reader cost: 8.1511e-05
163/348 [=============>................] - ETA: 3s - batch_cost: 0.0166 - reader cost: 8.6136e-05
166/348 [=============>................] - ETA: 3s - batch_cost: 0.0167 - reader cost: 8.4580e-05
169/348 [=============>................] - ETA: 3s - batch_cost: 0.0168 - reader cost: 8.3078e-05
172/348 [=============>................] - ETA: 2s - batch_cost: 0.0168 - reader cost: 8.1629e-05
175/348 [==============>...............] - ETA: 2s - batch_cost: 0.0168 - reader cost: 8.5957e-05
178/348 [==============>...............] - ETA: 2s - batch_cost: 0.0168 - reader cost: 8.4509e-05
181/348 [==============>...............] - ETA: 2s - batch_cost: 0.0168 - reader cost: 8.3108e-05
185/348 [==============>...............] - ETA: 2s - batch_cost: 0.0168 - reader cost: 8.6721e-05
189/348 [===============>..............] - ETA: 2s - batch_cost: 0.0168 - reader cost: 8.4886e-05
192/348 [===============>..............] - ETA: 2s - batch_cost: 0.0168 - reader cost: 8.3560e-05
195/348 [===============>..............] - ETA: 2s - batch_cost: 0.0168 - reader cost: 8.2274e-05
199/348 [================>.............] - ETA: 2s - batch_cost: 0.0168 - reader cost: 8.5601e-05
202/348 [================>.............] - ETA: 2s - batch_cost: 0.0168 - reader cost: 8.4329e-05
205/348 [================>.............] - ETA: 2s - batch_cost: 0.0169 - reader cost: 8.3095e-05
209/348 [=================>............] - ETA: 2s - batch_cost: 0.0168 - reader cost: 9.3524e-05
213/348 [=================>............] - ETA: 2s - batch_cost: 0.0168 - reader cost: 9.1768e-05
217/348 [=================>............] - ETA: 2s - batch_cost: 0.0168 - reader cost: 9.0076e-05
220/348 [=================>............] - ETA: 2s - batch_cost: 0.0168 - reader cost: 8.8848e-05
223/348 [==================>...........] - ETA: 2s - batch_cost: 0.0168 - reader cost: 8.7653e-05
226/348 [==================>...........] - ETA: 2s - batch_cost: 0.0168 - reader cost: 8.6489e-05
230/348 [==================>...........] - ETA: 2s - batch_cost: 0.0168 - reader cost: 8.4985e-05
234/348 [===================>..........] - ETA: 1s - batch_cost: 0.0168 - reader cost: 8.3532e-05
238/348 [===================>..........] - ETA: 1s - batch_cost: 0.0168 - reader cost: 8.9021e-05
242/348 [===================>..........] - ETA: 1s - batch_cost: 0.0167 - reader cost: 8.7550e-05
246/348 [====================>.........] - ETA: 1s - batch_cost: 0.0167 - reader cost: 8.6126e-05
250/348 [====================>.........] - ETA: 1s - batch_cost: 0.0167 - reader cost: 8.4748e-05
253/348 [====================>.........] - ETA: 1s - batch_cost: 0.0167 - reader cost: 8.7694e-05
256/348 [=====================>........] - ETA: 1s - batch_cost: 0.0167 - reader cost: 8.6666e-05
259/348 [=====================>........] - ETA: 1s - batch_cost: 0.0167 - reader cost: 8.7939e-05
262/348 [=====================>........] - ETA: 1s - batch_cost: 0.0167 - reader cost: 8.6932e-05
265/348 [=====================>........] - ETA: 1s - batch_cost: 0.0167 - reader cost: 9.3525e-05
269/348 [======================>.......] - ETA: 1s - batch_cost: 0.0167 - reader cost: 9.2134e-05
273/348 [======================>.......] - ETA: 1s - batch_cost: 0.0167 - reader cost: 9.0784e-05
277/348 [======================>.......] - ETA: 1s - batch_cost: 0.0166 - reader cost: 8.9473e-05
281/348 [=======================>......] - ETA: 1s - batch_cost: 0.0166 - reader cost: 8.8200e-05
285/348 [=======================>......] - ETA: 1s - batch_cost: 0.0165 - reader cost: 8.6962e-05
288/348 [=======================>......] - ETA: 1s - batch_cost: 0.0166 - reader cost: 8.6056e-05
291/348 [========================>.....] - ETA: 0s - batch_cost: 0.0166 - reader cost: 8.8597e-05
295/348 [========================>.....] - ETA: 0s - batch_cost: 0.0165 - reader cost: 8.7395e-05
299/348 [========================>.....] - ETA: 0s - batch_cost: 0.0165 - reader cost: 8.6226e-05
303/348 [=========================>....] - ETA: 0s - batch_cost: 0.0165 - reader cost: 8.5088e-05
306/348 [=========================>....] - ETA: 0s - batch_cost: 0.0165 - reader cost: 8.4254e-05
309/348 [=========================>....] - ETA: 0s - batch_cost: 0.0165 - reader cost: 8.3436e-05
312/348 [=========================>....] - ETA: 0s - batch_cost: 0.0166 - reader cost: 8.2633e-05
315/348 [==========================>...] - ETA: 0s - batch_cost: 0.0166 - reader cost: 8.1846e-05
318/348 [==========================>...] - ETA: 0s - batch_cost: 0.0166 - reader cost: 8.4222e-05
321/348 [==========================>...] - ETA: 0s - batch_cost: 0.0166 - reader cost: 8.3435e-05
324/348 [==========================>...] - ETA: 0s - batch_cost: 0.0166 - reader cost: 8.4213e-05
328/348 [===========================>..] - ETA: 0s - batch_cost: 0.0166 - reader cost: 8.3186e-05
332/348 [===========================>..] - ETA: 0s - batch_cost: 0.0165 - reader cost: 8.2183e-05
335/348 [===========================>..] - ETA: 0s - batch_cost: 0.0165 - reader cost: 8.1447e-05
339/348 [============================>.] - ETA: 0s - batch_cost: 0.0165 - reader cost: 8.0486e-05
342/348 [============================>.] - ETA: 0s - batch_cost: 0.0165 - reader cost: 8.1366e-05
346/348 [============================>.] - ETA: 0s - batch_cost: 0.0165 - reader cost: 8.0425e-05
348/348 [==============================] - 6s 17ms/step - batch_cost: 0.0165 - reader cost: 7.9963e-05

  1/348 [..............................] - ETA: 12s - batch_cost: 0.0353 - reader cost: 0.0110
  4/348 [..............................] - ETA: 7s - batch_cost: 0.0215 - reader cost: 0.0028 
  8/348 [..............................] - ETA: 6s - batch_cost: 0.0180 - reader cost: 0.0014
 12/348 [>.............................] - ETA: 5s - batch_cost: 0.0170 - reader cost: 9.2000e-04
 16/348 [>.............................] - ETA: 5s - batch_cost: 0.0162 - reader cost: 6.9000e-04
 20/348 [>.............................] - ETA: 5s - batch_cost: 0.0155 - reader cost: 5.5200e-04
 24/348 [=>............................] - ETA: 4s - batch_cost: 0.0150 - reader cost: 4.6000e-04
 28/348 [=>............................] - ETA: 4s - batch_cost: 0.0149 - reader cost: 4.1251e-04
 32/348 [=>............................] - ETA: 4s - batch_cost: 0.0150 - reader cost: 3.9185e-04
 36/348 [==>...........................] - ETA: 4s - batch_cost: 0.0152 - reader cost: 3.4831e-04
 39/348 [==>...........................] - ETA: 4s - batch_cost: 0.0154 - reader cost: 3.2152e-04
 42/348 [==>...........................] - ETA: 4s - batch_cost: 0.0157 - reader cost: 2.9855e-04
 46/348 [==>...........................] - ETA: 4s - batch_cost: 0.0157 - reader cost: 2.7259e-04
 50/348 [===>..........................] - ETA: 4s - batch_cost: 0.0156 - reader cost: 2.5078e-04
 54/348 [===>..........................] - ETA: 4s - batch_cost: 0.0156 - reader cost: 2.3221e-04
 57/348 [===>..........................] - ETA: 4s - batch_cost: 0.0158 - reader cost: 2.1999e-04
 60/348 [====>.........................] - ETA: 4s - batch_cost: 0.0159 - reader cost: 2.0899e-04
 63/348 [====>.........................] - ETA: 4s - batch_cost: 0.0160 - reader cost: 1.9903e-04
 66/348 [====>.........................] - ETA: 4s - batch_cost: 0.0162 - reader cost: 1.9502e-04
 70/348 [=====>........................] - ETA: 4s - batch_cost: 0.0161 - reader cost: 1.9818e-04
 74/348 [=====>........................] - ETA: 4s - batch_cost: 0.0159 - reader cost: 1.8746e-04
 78/348 [=====>........................] - ETA: 4s - batch_cost: 0.0158 - reader cost: 1.7785e-04
 81/348 [=====>........................] - ETA: 4s - batch_cost: 0.0158 - reader cost: 1.7126e-04
 85/348 [======>.......................] - ETA: 4s - batch_cost: 0.0158 - reader cost: 1.6320e-04
 88/348 [======>.......................] - ETA: 4s - batch_cost: 0.0159 - reader cost: 1.5764e-04
 91/348 [======>.......................] - ETA: 4s - batch_cost: 0.0159 - reader cost: 1.5244e-04
 95/348 [=======>......................] - ETA: 4s - batch_cost: 0.0159 - reader cost: 1.4603e-04
 98/348 [=======>......................] - ETA: 4s - batch_cost: 0.0159 - reader cost: 1.4155e-04
101/348 [=======>......................] - ETA: 4s - batch_cost: 0.0160 - reader cost: 1.4716e-04
104/348 [=======>......................] - ETA: 3s - batch_cost: 0.0161 - reader cost: 1.5253e-04
107/348 [========>.....................] - ETA: 3s - batch_cost: 0.0161 - reader cost: 1.4825e-04
110/348 [========>.....................] - ETA: 3s - batch_cost: 0.0162 - reader cost: 1.4421e-04
114/348 [========>.....................] - ETA: 3s - batch_cost: 0.0161 - reader cost: 1.4793e-04
118/348 [=========>....................] - ETA: 3s - batch_cost: 0.0160 - reader cost: 1.4291e-04
121/348 [=========>....................] - ETA: 3s - batch_cost: 0.0161 - reader cost: 1.3937e-04
124/348 [=========>....................] - ETA: 3s - batch_cost: 0.0162 - reader cost: 1.3600e-04
128/348 [==========>...................] - ETA: 3s - batch_cost: 0.0162 - reader cost: 1.3175e-04
132/348 [==========>...................] - ETA: 3s - batch_cost: 0.0162 - reader cost: 1.2775e-04
135/348 [==========>...................] - ETA: 3s - batch_cost: 0.0163 - reader cost: 1.2492e-04
138/348 [==========>...................] - ETA: 3s - batch_cost: 0.0163 - reader cost: 1.3318e-04
141/348 [===========>..................] - ETA: 3s - batch_cost: 0.0163 - reader cost: 1.3035e-04
144/348 [===========>..................] - ETA: 3s - batch_cost: 0.0164 - reader cost: 1.2763e-04
148/348 [===========>..................] - ETA: 3s - batch_cost: 0.0164 - reader cost: 1.2418e-04
151/348 [============>.................] - ETA: 3s - batch_cost: 0.0164 - reader cost: 1.2172e-04
154/348 [============>.................] - ETA: 3s - batch_cost: 0.0164 - reader cost: 1.1935e-04
158/348 [============>.................] - ETA: 3s - batch_cost: 0.0164 - reader cost: 1.1632e-04
161/348 [============>.................] - ETA: 3s - batch_cost: 0.0164 - reader cost: 1.1416e-04
164/348 [=============>................] - ETA: 3s - batch_cost: 0.0165 - reader cost: 1.1207e-04
167/348 [=============>................] - ETA: 3s - batch_cost: 0.0165 - reader cost: 1.1006e-04
170/348 [=============>................] - ETA: 2s - batch_cost: 0.0165 - reader cost: 1.0811e-04
173/348 [=============>................] - ETA: 2s - batch_cost: 0.0165 - reader cost: 1.1202e-04
176/348 [==============>...............] - ETA: 2s - batch_cost: 0.0166 - reader cost: 1.1011e-04
179/348 [==============>...............] - ETA: 2s - batch_cost: 0.0166 - reader cost: 1.0827e-04
182/348 [==============>...............] - ETA: 2s - batch_cost: 0.0166 - reader cost: 1.0648e-04
185/348 [==============>...............] - ETA: 2s - batch_cost: 0.0166 - reader cost: 1.0475e-04
189/348 [===============>..............] - ETA: 2s - batch_cost: 0.0166 - reader cost: 1.0779e-04
192/348 [===============>..............] - ETA: 2s - batch_cost: 0.0166 - reader cost: 1.0611e-04
195/348 [===============>..............] - ETA: 2s - batch_cost: 0.0166 - reader cost: 1.0448e-04
199/348 [================>.............] - ETA: 2s - batch_cost: 0.0166 - reader cost: 1.0238e-04
202/348 [================>.............] - ETA: 2s - batch_cost: 0.0166 - reader cost: 1.0085e-04
205/348 [================>.............] - ETA: 2s - batch_cost: 0.0166 - reader cost: 9.9379e-05
208/348 [================>.............] - ETA: 2s - batch_cost: 0.0167 - reader cost: 9.7945e-05
211/348 [=================>............] - ETA: 2s - batch_cost: 0.0167 - reader cost: 9.6553e-05
214/348 [=================>............] - ETA: 2s - batch_cost: 0.0167 - reader cost: 9.5199e-05
217/348 [=================>............] - ETA: 2s - batch_cost: 0.0168 - reader cost: 9.3883e-05
220/348 [=================>............] - ETA: 2s - batch_cost: 0.0168 - reader cost: 9.2603e-05
223/348 [==================>...........] - ETA: 2s - batch_cost: 0.0169 - reader cost: 9.1357e-05
226/348 [==================>...........] - ETA: 2s - batch_cost: 0.0169 - reader cost: 9.0144e-05
230/348 [==================>...........] - ETA: 2s - batch_cost: 0.0169 - reader cost: 8.8577e-05
233/348 [===================>..........] - ETA: 1s - batch_cost: 0.0169 - reader cost: 8.7436e-05
236/348 [===================>..........] - ETA: 1s - batch_cost: 0.0169 - reader cost: 9.0557e-05
239/348 [===================>..........] - ETA: 1s - batch_cost: 0.0169 - reader cost: 9.3599e-05
242/348 [===================>..........] - ETA: 1s - batch_cost: 0.0169 - reader cost: 9.2438e-05
246/348 [====================>.........] - ETA: 1s - batch_cost: 0.0169 - reader cost: 9.0935e-05
250/348 [====================>.........] - ETA: 1s - batch_cost: 0.0168 - reader cost: 8.9480e-05
254/348 [====================>.........] - ETA: 1s - batch_cost: 0.0168 - reader cost: 8.8071e-05
258/348 [=====================>........] - ETA: 1s - batch_cost: 0.0167 - reader cost: 8.6706e-05
262/348 [=====================>........] - ETA: 1s - batch_cost: 0.0167 - reader cost: 8.5382e-05
265/348 [=====================>........] - ETA: 1s - batch_cost: 0.0168 - reader cost: 8.4415e-05
268/348 [======================>.......] - ETA: 1s - batch_cost: 0.0168 - reader cost: 8.3471e-05
271/348 [======================>.......] - ETA: 1s - batch_cost: 0.0168 - reader cost: 8.6203e-05
274/348 [======================>.......] - ETA: 1s - batch_cost: 0.0168 - reader cost: 8.5259e-05
277/348 [======================>.......] - ETA: 1s - batch_cost: 0.0169 - reader cost: 8.4336e-05
280/348 [=======================>......] - ETA: 1s - batch_cost: 0.0169 - reader cost: 8.3432e-05
283/348 [=======================>......] - ETA: 1s - batch_cost: 0.0169 - reader cost: 8.2548e-05
286/348 [=======================>......] - ETA: 1s - batch_cost: 0.0169 - reader cost: 8.1682e-05
289/348 [=======================>......] - ETA: 1s - batch_cost: 0.0170 - reader cost: 8.0834e-05
292/348 [========================>.....] - ETA: 0s - batch_cost: 0.0170 - reader cost: 8.1192e-05
295/348 [========================>.....] - ETA: 0s - batch_cost: 0.0170 - reader cost: 8.0366e-05
298/348 [========================>.....] - ETA: 0s - batch_cost: 0.0170 - reader cost: 7.9557e-05
301/348 [========================>.....] - ETA: 0s - batch_cost: 0.0171 - reader cost: 7.8764e-05
304/348 [=========================>....] - ETA: 0s - batch_cost: 0.0171 - reader cost: 7.7987e-05
307/348 [=========================>....] - ETA: 0s - batch_cost: 0.0171 - reader cost: 7.7225e-05
311/348 [=========================>....] - ETA: 0s - batch_cost: 0.0170 - reader cost: 7.6232e-05
315/348 [==========================>...] - ETA: 0s - batch_cost: 0.0170 - reader cost: 7.5264e-05
319/348 [==========================>...] - ETA: 0s - batch_cost: 0.0170 - reader cost: 7.4320e-05
322/348 [==========================>...] - ETA: 0s - batch_cost: 0.0170 - reader cost: 7.3628e-05
325/348 [===========================>..] - ETA: 0s - batch_cost: 0.0171 - reader cost: 7.2948e-05
329/348 [===========================>..] - ETA: 0s - batch_cost: 0.0170 - reader cost: 7.2061e-05
333/348 [===========================>..] - ETA: 0s - batch_cost: 0.0170 - reader cost: 7.1196e-05
337/348 [============================>.] - ETA: 0s - batch_cost: 0.0170 - reader cost: 7.0350e-05
340/348 [============================>.] - ETA: 0s - batch_cost: 0.0170 - reader cost: 6.9730e-05
343/348 [============================>.] - ETA: 0s - batch_cost: 0.0170 - reader cost: 6.9120e-05
347/348 [============================>.] - ETA: 0s - batch_cost: 0.0170 - reader cost: 6.8323e-05
348/348 [==============================] - 6s 17ms/step - batch_cost: 0.0170 - reader cost: 6.8127e-05

  1/348 [..............................] - ETA: 10s - batch_cost: 0.0316 - reader cost: 0.0090
  4/348 [..............................] - ETA: 7s - batch_cost: 0.0208 - reader cost: 0.0022 
  7/348 [..............................] - ETA: 6s - batch_cost: 0.0194 - reader cost: 0.0013
 10/348 [..............................] - ETA: 6s - batch_cost: 0.0189 - reader cost: 8.9874e-04
 14/348 [>.............................] - ETA: 6s - batch_cost: 0.0180 - reader cost: 6.4196e-04
 18/348 [>.............................] - ETA: 5s - batch_cost: 0.0174 - reader cost: 4.9930e-04
 22/348 [>.............................] - ETA: 5s - batch_cost: 0.0171 - reader cost: 4.0852e-04
 26/348 [=>............................] - ETA: 5s - batch_cost: 0.0167 - reader cost: 3.8428e-04
 30/348 [=>............................] - ETA: 5s - batch_cost: 0.0162 - reader cost: 3.3305e-04
 34/348 [=>............................] - ETA: 5s - batch_cost: 0.0161 - reader cost: 2.9386e-04
 38/348 [==>...........................] - ETA: 4s - batch_cost: 0.0158 - reader cost: 2.6293e-04
 42/348 [==>...........................] - ETA: 4s - batch_cost: 0.0156 - reader cost: 2.3789e-04
 46/348 [==>...........................] - ETA: 4s - batch_cost: 0.0155 - reader cost: 2.1720e-04
 50/348 [===>..........................] - ETA: 4s - batch_cost: 0.0155 - reader cost: 1.9983e-04
 54/348 [===>..........................] - ETA: 4s - batch_cost: 0.0154 - reader cost: 1.8503e-04
 58/348 [====>.........................] - ETA: 4s - batch_cost: 0.0154 - reader cost: 1.7227e-04
 62/348 [====>.........................] - ETA: 4s - batch_cost: 0.0153 - reader cost: 1.6115e-04
 66/348 [====>.........................] - ETA: 4s - batch_cost: 0.0152 - reader cost: 1.5138e-04
 70/348 [=====>........................] - ETA: 4s - batch_cost: 0.0153 - reader cost: 1.4273e-04
 73/348 [=====>........................] - ETA: 4s - batch_cost: 0.0154 - reader cost: 1.3687e-04
 77/348 [=====>........................] - ETA: 4s - batch_cost: 0.0153 - reader cost: 1.2976e-04
 80/348 [=====>........................] - ETA: 4s - batch_cost: 0.0154 - reader cost: 1.2489e-04
 83/348 [======>.......................] - ETA: 4s - batch_cost: 0.0156 - reader cost: 1.3859e-04
 87/348 [======>.......................] - ETA: 4s - batch_cost: 0.0156 - reader cost: 1.3815e-04
 90/348 [======>.......................] - ETA: 4s - batch_cost: 0.0157 - reader cost: 1.3354e-04
 94/348 [=======>......................] - ETA: 4s - batch_cost: 0.0156 - reader cost: 1.2786e-04
 98/348 [=======>......................] - ETA: 3s - batch_cost: 0.0156 - reader cost: 1.2264e-04
101/348 [=======>......................] - ETA: 3s - batch_cost: 0.0156 - reader cost: 1.1900e-04
105/348 [========>.....................] - ETA: 3s - batch_cost: 0.0156 - reader cost: 1.1447e-04
108/348 [========>.....................] - ETA: 3s - batch_cost: 0.0156 - reader cost: 1.2054e-04
111/348 [========>.....................] - ETA: 3s - batch_cost: 0.0157 - reader cost: 1.1729e-04
114/348 [========>.....................] - ETA: 3s - batch_cost: 0.0158 - reader cost: 1.1420e-04
117/348 [=========>....................] - ETA: 3s - batch_cost: 0.0158 - reader cost: 1.1127e-04
121/348 [=========>....................] - ETA: 3s - batch_cost: 0.0158 - reader cost: 1.1579e-04
125/348 [=========>....................] - ETA: 3s - batch_cost: 0.0158 - reader cost: 1.1209e-04
129/348 [==========>...................] - ETA: 3s - batch_cost: 0.0157 - reader cost: 1.0861e-04
133/348 [==========>...................] - ETA: 3s - batch_cost: 0.0156 - reader cost: 1.0535e-04
137/348 [==========>...................] - ETA: 3s - batch_cost: 0.0156 - reader cost: 1.0227e-04
141/348 [===========>..................] - ETA: 3s - batch_cost: 0.0155 - reader cost: 9.9368e-05
145/348 [===========>..................] - ETA: 3s - batch_cost: 0.0155 - reader cost: 9.6627e-05
149/348 [===========>..................] - ETA: 3s - batch_cost: 0.0155 - reader cost: 9.4033e-05
153/348 [============>.................] - ETA: 3s - batch_cost: 0.0155 - reader cost: 9.1575e-05
157/348 [============>.................] - ETA: 2s - batch_cost: 0.0154 - reader cost: 8.9241e-05
161/348 [============>.................] - ETA: 2s - batch_cost: 0.0154 - reader cost: 8.7024e-05
165/348 [=============>................] - ETA: 2s - batch_cost: 0.0153 - reader cost: 8.4915e-05
169/348 [=============>................] - ETA: 2s - batch_cost: 0.0154 - reader cost: 8.8822e-05
173/348 [=============>................] - ETA: 2s - batch_cost: 0.0153 - reader cost: 9.2546e-05
177/348 [==============>...............] - ETA: 2s - batch_cost: 0.0153 - reader cost: 9.0455e-05
181/348 [==============>...............] - ETA: 2s - batch_cost: 0.0153 - reader cost: 8.8456e-05
185/348 [==============>...............] - ETA: 2s - batch_cost: 0.0153 - reader cost: 8.6543e-05
189/348 [===============>..............] - ETA: 2s - batch_cost: 0.0153 - reader cost: 8.4712e-05
193/348 [===============>..............] - ETA: 2s - batch_cost: 0.0153 - reader cost: 8.2956e-05
196/348 [===============>..............] - ETA: 2s - batch_cost: 0.0153 - reader cost: 8.1686e-05
199/348 [================>.............] - ETA: 2s - batch_cost: 0.0154 - reader cost: 8.0455e-05
203/348 [================>.............] - ETA: 2s - batch_cost: 0.0154 - reader cost: 7.8870e-05
207/348 [================>.............] - ETA: 2s - batch_cost: 0.0154 - reader cost: 7.7346e-05
210/348 [=================>............] - ETA: 2s - batch_cost: 0.0155 - reader cost: 7.6241e-05
213/348 [=================>............] - ETA: 2s - batch_cost: 0.0156 - reader cost: 7.5167e-05
216/348 [=================>............] - ETA: 2s - batch_cost: 0.0156 - reader cost: 7.4123e-05
220/348 [=================>............] - ETA: 2s - batch_cost: 0.0156 - reader cost: 7.2775e-05
224/348 [==================>...........] - ETA: 1s - batch_cost: 0.0156 - reader cost: 7.1476e-05
228/348 [==================>...........] - ETA: 1s - batch_cost: 0.0156 - reader cost: 7.0222e-05
232/348 [===================>..........] - ETA: 1s - batch_cost: 0.0155 - reader cost: 6.9011e-05
236/348 [===================>..........] - ETA: 1s - batch_cost: 0.0155 - reader cost: 6.7841e-05
240/348 [===================>..........] - ETA: 1s - batch_cost: 0.0155 - reader cost: 6.8814e-05
244/348 [====================>.........] - ETA: 1s - batch_cost: 0.0155 - reader cost: 7.7959e-05
248/348 [====================>.........] - ETA: 1s - batch_cost: 0.0155 - reader cost: 7.6702e-05
252/348 [====================>.........] - ETA: 1s - batch_cost: 0.0155 - reader cost: 7.5484e-05
256/348 [=====================>........] - ETA: 1s - batch_cost: 0.0155 - reader cost: 7.4305e-05
259/348 [=====================>........] - ETA: 1s - batch_cost: 0.0155 - reader cost: 7.7304e-05
262/348 [=====================>........] - ETA: 1s - batch_cost: 0.0156 - reader cost: 7.6419e-05
265/348 [=====================>........] - ETA: 1s - batch_cost: 0.0156 - reader cost: 7.7447e-05
268/348 [======================>.......] - ETA: 1s - batch_cost: 0.0156 - reader cost: 7.6580e-05
271/348 [======================>.......] - ETA: 1s - batch_cost: 0.0156 - reader cost: 7.5733e-05
275/348 [======================>.......] - ETA: 1s - batch_cost: 0.0156 - reader cost: 7.8239e-05
279/348 [=======================>......] - ETA: 1s - batch_cost: 0.0156 - reader cost: 7.7117e-05
283/348 [=======================>......] - ETA: 1s - batch_cost: 0.0156 - reader cost: 7.6027e-05
286/348 [=======================>......] - ETA: 0s - batch_cost: 0.0156 - reader cost: 7.8754e-05
290/348 [========================>.....] - ETA: 0s - batch_cost: 0.0156 - reader cost: 8.1112e-05
294/348 [========================>.....] - ETA: 0s - batch_cost: 0.0156 - reader cost: 8.0008e-05
298/348 [========================>.....] - ETA: 0s - batch_cost: 0.0156 - reader cost: 7.8934e-05
302/348 [=========================>....] - ETA: 0s - batch_cost: 0.0156 - reader cost: 7.7889e-05
305/348 [=========================>....] - ETA: 0s - batch_cost: 0.0156 - reader cost: 7.7123e-05
308/348 [=========================>....] - ETA: 0s - batch_cost: 0.0156 - reader cost: 7.9617e-05
311/348 [=========================>....] - ETA: 0s - batch_cost: 0.0156 - reader cost: 7.8849e-05
314/348 [==========================>...] - ETA: 0s - batch_cost: 0.0156 - reader cost: 7.8096e-05
317/348 [==========================>...] - ETA: 0s - batch_cost: 0.0156 - reader cost: 7.7357e-05
321/348 [==========================>...] - ETA: 0s - batch_cost: 0.0157 - reader cost: 7.9523e-05
325/348 [===========================>..] - ETA: 0s - batch_cost: 0.0157 - reader cost: 7.8544e-05
329/348 [===========================>..] - ETA: 0s - batch_cost: 0.0156 - reader cost: 7.7589e-05
333/348 [===========================>..] - ETA: 0s - batch_cost: 0.0156 - reader cost: 7.6657e-05
336/348 [===========================>..] - ETA: 0s - batch_cost: 0.0156 - reader cost: 7.5973e-05
340/348 [============================>.] - ETA: 0s - batch_cost: 0.0156 - reader cost: 7.5079e-05
343/348 [============================>.] - ETA: 0s - batch_cost: 0.0157 - reader cost: 7.4422e-05
347/348 [============================>.] - ETA: 0s - batch_cost: 0.0156 - reader cost: 7.3564e-05
348/348 [==============================] - 6s 16ms/step - batch_cost: 0.0156 - reader cost: 7.6225e-05

  1/348 [..............................] - ETA: 11s - batch_cost: 0.0326 - reader cost: 0.0121
  4/348 [..............................] - ETA: 7s - batch_cost: 0.0217 - reader cost: 0.0030 
  8/348 [..............................] - ETA: 6s - batch_cost: 0.0182 - reader cost: 0.0015
 12/348 [>.............................] - ETA: 5s - batch_cost: 0.0167 - reader cost: 0.0010
 16/348 [>.............................] - ETA: 5s - batch_cost: 0.0168 - reader cost: 7.5349e-04
 19/348 [>.............................] - ETA: 5s - batch_cost: 0.0171 - reader cost: 6.3452e-04
 22/348 [>.............................] - ETA: 5s - batch_cost: 0.0171 - reader cost: 5.7650e-04
 25/348 [=>............................] - ETA: 5s - batch_cost: 0.0172 - reader cost: 5.2810e-04
 28/348 [=>............................] - ETA: 5s - batch_cost: 0.0174 - reader cost: 4.7152e-04
 31/348 [=>............................] - ETA: 5s - batch_cost: 0.0174 - reader cost: 4.5816e-04
 34/348 [=>............................] - ETA: 5s - batch_cost: 0.0174 - reader cost: 4.1773e-04
 37/348 [==>...........................] - ETA: 5s - batch_cost: 0.0175 - reader cost: 3.8386e-04
 41/348 [==>...........................] - ETA: 5s - batch_cost: 0.0174 - reader cost: 3.4641e-04
 44/348 [==>...........................] - ETA: 5s - batch_cost: 0.0174 - reader cost: 3.2279e-04
 48/348 [===>..........................] - ETA: 5s - batch_cost: 0.0173 - reader cost: 3.1689e-04
 52/348 [===>..........................] - ETA: 5s - batch_cost: 0.0172 - reader cost: 2.9251e-04
 56/348 [===>..........................] - ETA: 5s - batch_cost: 0.0172 - reader cost: 2.7162e-04
 59/348 [====>.........................] - ETA: 5s - batch_cost: 0.0172 - reader cost: 2.5781e-04
 63/348 [====>.........................] - ETA: 4s - batch_cost: 0.0171 - reader cost: 2.4144e-04
 67/348 [====>.........................] - ETA: 4s - batch_cost: 0.0170 - reader cost: 2.4183e-04
 71/348 [=====>........................] - ETA: 4s - batch_cost: 0.0168 - reader cost: 2.2821e-04
 75/348 [=====>........................] - ETA: 4s - batch_cost: 0.0167 - reader cost: 2.1604e-04
 79/348 [=====>........................] - ETA: 4s - batch_cost: 0.0165 - reader cost: 2.1765e-04
 83/348 [======>.......................] - ETA: 4s - batch_cost: 0.0164 - reader cost: 2.1924e-04
 87/348 [======>.......................] - ETA: 4s - batch_cost: 0.0163 - reader cost: 2.0916e-04
 91/348 [======>.......................] - ETA: 4s - batch_cost: 0.0163 - reader cost: 1.9997e-04
 94/348 [=======>......................] - ETA: 4s - batch_cost: 0.0165 - reader cost: 1.9359e-04
 98/348 [=======>......................] - ETA: 4s - batch_cost: 0.0164 - reader cost: 2.0601e-04
102/348 [=======>......................] - ETA: 4s - batch_cost: 0.0164 - reader cost: 2.0775e-04
106/348 [========>.....................] - ETA: 3s - batch_cost: 0.0163 - reader cost: 2.0937e-04
110/348 [========>.....................] - ETA: 3s - batch_cost: 0.0162 - reader cost: 2.0176e-04
114/348 [========>.....................] - ETA: 3s - batch_cost: 0.0162 - reader cost: 1.9468e-04
118/348 [=========>....................] - ETA: 3s - batch_cost: 0.0161 - reader cost: 1.8808e-04
122/348 [=========>....................] - ETA: 3s - batch_cost: 0.0161 - reader cost: 1.8192e-04
125/348 [=========>....................] - ETA: 3s - batch_cost: 0.0161 - reader cost: 1.7755e-04
129/348 [==========>...................] - ETA: 3s - batch_cost: 0.0161 - reader cost: 1.7204e-04
133/348 [==========>...................] - ETA: 3s - batch_cost: 0.0160 - reader cost: 1.6687e-04
137/348 [==========>...................] - ETA: 3s - batch_cost: 0.0160 - reader cost: 1.6200e-04
141/348 [===========>..................] - ETA: 3s - batch_cost: 0.0160 - reader cost: 1.5740e-04
145/348 [===========>..................] - ETA: 3s - batch_cost: 0.0160 - reader cost: 1.5306e-04
149/348 [===========>..................] - ETA: 3s - batch_cost: 0.0159 - reader cost: 1.4895e-04
153/348 [============>.................] - ETA: 3s - batch_cost: 0.0159 - reader cost: 1.4506e-04
156/348 [============>.................] - ETA: 3s - batch_cost: 0.0159 - reader cost: 1.4227e-04
159/348 [============>.................] - ETA: 3s - batch_cost: 0.0159 - reader cost: 1.3958e-04
162/348 [============>.................] - ETA: 3s - batch_cost: 0.0160 - reader cost: 1.3700e-04
166/348 [=============>................] - ETA: 2s - batch_cost: 0.0160 - reader cost: 1.3370e-04
169/348 [=============>................] - ETA: 2s - batch_cost: 0.0160 - reader cost: 1.3132e-04
172/348 [=============>................] - ETA: 2s - batch_cost: 0.0161 - reader cost: 1.2903e-04
175/348 [==============>...............] - ETA: 2s - batch_cost: 0.0161 - reader cost: 1.2682e-04
178/348 [==============>...............] - ETA: 2s - batch_cost: 0.0161 - reader cost: 1.2468e-04
182/348 [==============>...............] - ETA: 2s - batch_cost: 0.0161 - reader cost: 1.2194e-04
186/348 [===============>..............] - ETA: 2s - batch_cost: 0.0160 - reader cost: 1.1932e-04
190/348 [===============>..............] - ETA: 2s - batch_cost: 0.0160 - reader cost: 1.1681e-04
194/348 [===============>..............] - ETA: 2s - batch_cost: 0.0159 - reader cost: 1.1440e-04
198/348 [================>.............] - ETA: 2s - batch_cost: 0.0159 - reader cost: 1.1209e-04
202/348 [================>.............] - ETA: 2s - batch_cost: 0.0159 - reader cost: 1.0987e-04
206/348 [================>.............] - ETA: 2s - batch_cost: 0.0159 - reader cost: 1.0774e-04
210/348 [=================>............] - ETA: 2s - batch_cost: 0.0158 - reader cost: 1.0568e-04
214/348 [=================>............] - ETA: 2s - batch_cost: 0.0158 - reader cost: 1.0371e-04
218/348 [=================>............] - ETA: 2s - batch_cost: 0.0158 - reader cost: 1.0639e-04
222/348 [==================>...........] - ETA: 2s - batch_cost: 0.0157 - reader cost: 1.0448e-04
225/348 [==================>...........] - ETA: 1s - batch_cost: 0.0158 - reader cost: 1.0308e-04
228/348 [==================>...........] - ETA: 1s - batch_cost: 0.0158 - reader cost: 1.0173e-04
231/348 [==================>...........] - ETA: 1s - batch_cost: 0.0158 - reader cost: 1.0041e-04
234/348 [===================>..........] - ETA: 1s - batch_cost: 0.0158 - reader cost: 1.0338e-04
238/348 [===================>..........] - ETA: 1s - batch_cost: 0.0158 - reader cost: 1.0164e-04
241/348 [===================>..........] - ETA: 1s - batch_cost: 0.0158 - reader cost: 1.0038e-04
245/348 [====================>.........] - ETA: 1s - batch_cost: 0.0158 - reader cost: 9.8736e-05
249/348 [====================>.........] - ETA: 1s - batch_cost: 0.0158 - reader cost: 9.7150e-05
253/348 [====================>.........] - ETA: 1s - batch_cost: 0.0157 - reader cost: 9.5614e-05
257/348 [=====================>........] - ETA: 1s - batch_cost: 0.0157 - reader cost: 9.4126e-05
260/348 [=====================>........] - ETA: 1s - batch_cost: 0.0158 - reader cost: 9.3040e-05
263/348 [=====================>........] - ETA: 1s - batch_cost: 0.0158 - reader cost: 9.1979e-05
267/348 [======================>.......] - ETA: 1s - batch_cost: 0.0158 - reader cost: 9.0601e-05
271/348 [======================>.......] - ETA: 1s - batch_cost: 0.0157 - reader cost: 8.9264e-05
275/348 [======================>.......] - ETA: 1s - batch_cost: 0.0157 - reader cost: 8.7965e-05
279/348 [=======================>......] - ETA: 1s - batch_cost: 0.0156 - reader cost: 8.6704e-05
283/348 [=======================>......] - ETA: 1s - batch_cost: 0.0156 - reader cost: 8.5479e-05
287/348 [=======================>......] - ETA: 0s - batch_cost: 0.0156 - reader cost: 8.7781e-05
291/348 [========================>.....] - ETA: 0s - batch_cost: 0.0155 - reader cost: 8.9992e-05
294/348 [========================>.....] - ETA: 0s - batch_cost: 0.0156 - reader cost: 8.9074e-05
297/348 [========================>.....] - ETA: 0s - batch_cost: 0.0156 - reader cost: 8.8174e-05
300/348 [========================>.....] - ETA: 0s - batch_cost: 0.0156 - reader cost: 8.7292e-05
303/348 [=========================>....] - ETA: 0s - batch_cost: 0.0157 - reader cost: 8.6428e-05
306/348 [=========================>....] - ETA: 0s - batch_cost: 0.0157 - reader cost: 8.5581e-05
310/348 [=========================>....] - ETA: 0s - batch_cost: 0.0157 - reader cost: 8.4476e-05
313/348 [=========================>....] - ETA: 0s - batch_cost: 0.0157 - reader cost: 8.3667e-05
316/348 [==========================>...] - ETA: 0s - batch_cost: 0.0157 - reader cost: 8.2872e-05
320/348 [==========================>...] - ETA: 0s - batch_cost: 0.0157 - reader cost: 8.4988e-05
324/348 [==========================>...] - ETA: 0s - batch_cost: 0.0157 - reader cost: 8.3939e-05
327/348 [===========================>..] - ETA: 0s - batch_cost: 0.0157 - reader cost: 8.6553e-05
330/348 [===========================>..] - ETA: 0s - batch_cost: 0.0158 - reader cost: 8.5766e-05
333/348 [===========================>..] - ETA: 0s - batch_cost: 0.0158 - reader cost: 8.4994e-05
337/348 [============================>.] - ETA: 0s - batch_cost: 0.0158 - reader cost: 8.3985e-05
340/348 [============================>.] - ETA: 0s - batch_cost: 0.0158 - reader cost: 8.3244e-05
343/348 [============================>.] - ETA: 0s - batch_cost: 0.0158 - reader cost: 8.2516e-05
347/348 [============================>.] - ETA: 0s - batch_cost: 0.0158 - reader cost: 8.1565e-05
348/348 [==============================] - 6s 16ms/step - batch_cost: 0.0158 - reader cost: 8.1330e-05

  1/348 [..............................] - ETA: 8s - batch_cost: 0.0247 - reader cost: 0.0070
  5/348 [..............................] - ETA: 5s - batch_cost: 0.0158 - reader cost: 0.0014
  9/348 [..............................] - ETA: 4s - batch_cost: 0.0145 - reader cost: 7.7701e-04
 13/348 [>.............................] - ETA: 4s - batch_cost: 0.0139 - reader cost: 5.3793e-04
 17/348 [>.............................] - ETA: 4s - batch_cost: 0.0136 - reader cost: 4.1136e-04
 21/348 [>.............................] - ETA: 4s - batch_cost: 0.0139 - reader cost: 3.3300e-04
 25/348 [=>............................] - ETA: 4s - batch_cost: 0.0140 - reader cost: 2.7972e-04
 28/348 [=>............................] - ETA: 4s - batch_cost: 0.0144 - reader cost: 2.4975e-04
 32/348 [=>............................] - ETA: 4s - batch_cost: 0.0144 - reader cost: 2.1853e-04
 36/348 [==>...........................] - ETA: 4s - batch_cost: 0.0141 - reader cost: 1.9425e-04
 40/348 [==>...........................] - ETA: 4s - batch_cost: 0.0141 - reader cost: 1.7483e-04
 44/348 [==>...........................] - ETA: 4s - batch_cost: 0.0140 - reader cost: 1.5893e-04
 48/348 [===>..........................] - ETA: 4s - batch_cost: 0.0139 - reader cost: 1.4569e-04
 53/348 [===>..........................] - ETA: 4s - batch_cost: 0.0138 - reader cost: 1.3194e-04
 57/348 [===>..........................] - ETA: 4s - batch_cost: 0.0140 - reader cost: 1.2269e-04
 60/348 [====>.........................] - ETA: 4s - batch_cost: 0.0143 - reader cost: 1.1655e-04
 65/348 [====>.........................] - ETA: 4s - batch_cost: 0.0141 - reader cost: 1.0759e-04
 69/348 [====>.........................] - ETA: 3s - batch_cost: 0.0141 - reader cost: 1.0135e-04
 73/348 [=====>........................] - ETA: 3s - batch_cost: 0.0140 - reader cost: 9.5795e-05
 77/348 [=====>........................] - ETA: 3s - batch_cost: 0.0139 - reader cost: 9.0819e-05
 81/348 [=====>........................] - ETA: 3s - batch_cost: 0.0139 - reader cost: 8.6334e-05
 86/348 [======>.......................] - ETA: 3s - batch_cost: 0.0138 - reader cost: 9.2931e-05
 91/348 [======>.......................] - ETA: 3s - batch_cost: 0.0137 - reader cost: 8.7824e-05
 95/348 [=======>......................] - ETA: 3s - batch_cost: 0.0136 - reader cost: 8.4127e-05
 99/348 [=======>......................] - ETA: 3s - batch_cost: 0.0136 - reader cost: 8.0728e-05
103/348 [=======>......................] - ETA: 3s - batch_cost: 0.0136 - reader cost: 7.7593e-05
107/348 [========>.....................] - ETA: 3s - batch_cost: 0.0135 - reader cost: 7.4692e-05
110/348 [========>.....................] - ETA: 3s - batch_cost: 0.0137 - reader cost: 7.2655e-05
114/348 [========>.....................] - ETA: 3s - batch_cost: 0.0137 - reader cost: 7.0106e-05
118/348 [=========>....................] - ETA: 3s - batch_cost: 0.0137 - reader cost: 6.7729e-05
121/348 [=========>....................] - ETA: 3s - batch_cost: 0.0138 - reader cost: 6.6050e-05
125/348 [=========>....................] - ETA: 3s - batch_cost: 0.0138 - reader cost: 6.3936e-05
129/348 [==========>...................] - ETA: 3s - batch_cost: 0.0138 - reader cost: 6.1954e-05
133/348 [==========>...................] - ETA: 3s - batch_cost: 0.0139 - reader cost: 6.7612e-05
137/348 [==========>...................] - ETA: 2s - batch_cost: 0.0139 - reader cost: 6.5638e-05
140/348 [===========>..................] - ETA: 2s - batch_cost: 0.0140 - reader cost: 7.1376e-05
144/348 [===========>..................] - ETA: 2s - batch_cost: 0.0140 - reader cost: 6.9393e-05
149/348 [===========>..................] - ETA: 2s - batch_cost: 0.0139 - reader cost: 6.7064e-05
154/348 [============>.................] - ETA: 2s - batch_cost: 0.0139 - reader cost: 6.4887e-05
158/348 [============>.................] - ETA: 2s - batch_cost: 0.0139 - reader cost: 6.9573e-05
163/348 [=============>................] - ETA: 2s - batch_cost: 0.0138 - reader cost: 6.7439e-05
168/348 [=============>................] - ETA: 2s - batch_cost: 0.0138 - reader cost: 6.5432e-05
173/348 [=============>................] - ETA: 2s - batch_cost: 0.0137 - reader cost: 6.3541e-05
177/348 [==============>...............] - ETA: 2s - batch_cost: 0.0137 - reader cost: 6.2105e-05
181/348 [==============>...............] - ETA: 2s - batch_cost: 0.0137 - reader cost: 6.0732e-05
186/348 [===============>..............] - ETA: 2s - batch_cost: 0.0137 - reader cost: 6.1845e-05
190/348 [===============>..............] - ETA: 2s - batch_cost: 0.0137 - reader cost: 6.0543e-05
194/348 [===============>..............] - ETA: 2s - batch_cost: 0.0137 - reader cost: 6.4452e-05
199/348 [================>.............] - ETA: 2s - batch_cost: 0.0136 - reader cost: 6.2832e-05
203/348 [================>.............] - ETA: 1s - batch_cost: 0.0136 - reader cost: 6.1594e-05
207/348 [================>.............] - ETA: 1s - batch_cost: 0.0137 - reader cost: 6.0404e-05
211/348 [=================>............] - ETA: 1s - batch_cost: 0.0136 - reader cost: 5.9259e-05
215/348 [=================>............] - ETA: 1s - batch_cost: 0.0136 - reader cost: 6.2770e-05
219/348 [=================>............] - ETA: 1s - batch_cost: 0.0137 - reader cost: 6.1623e-05
223/348 [==================>...........] - ETA: 1s - batch_cost: 0.0136 - reader cost: 6.0518e-05
227/348 [==================>...........] - ETA: 1s - batch_cost: 0.0137 - reader cost: 5.9451e-05
230/348 [==================>...........] - ETA: 1s - batch_cost: 0.0137 - reader cost: 5.8676e-05
233/348 [===================>..........] - ETA: 1s - batch_cost: 0.0137 - reader cost: 5.7920e-05
236/348 [===================>..........] - ETA: 1s - batch_cost: 0.0138 - reader cost: 5.7184e-05
240/348 [===================>..........] - ETA: 1s - batch_cost: 0.0138 - reader cost: 5.6231e-05
243/348 [===================>..........] - ETA: 1s - batch_cost: 0.0139 - reader cost: 5.5537e-05
246/348 [====================>.........] - ETA: 1s - batch_cost: 0.0139 - reader cost: 5.8955e-05
249/348 [====================>.........] - ETA: 1s - batch_cost: 0.0140 - reader cost: 5.8245e-05
253/348 [====================>.........] - ETA: 1s - batch_cost: 0.0140 - reader cost: 5.7324e-05
257/348 [=====================>........] - ETA: 1s - batch_cost: 0.0140 - reader cost: 6.0325e-05
261/348 [=====================>........] - ETA: 1s - batch_cost: 0.0140 - reader cost: 5.9400e-05
265/348 [=====================>........] - ETA: 1s - batch_cost: 0.0140 - reader cost: 5.8503e-05
270/348 [======================>.......] - ETA: 1s - batch_cost: 0.0139 - reader cost: 5.7420e-05
274/348 [======================>.......] - ETA: 1s - batch_cost: 0.0139 - reader cost: 5.6582e-05
279/348 [=======================>......] - ETA: 0s - batch_cost: 0.0139 - reader cost: 5.9194e-05
283/348 [=======================>......] - ETA: 0s - batch_cost: 0.0138 - reader cost: 6.1896e-05
287/348 [=======================>......] - ETA: 0s - batch_cost: 0.0138 - reader cost: 6.1033e-05
291/348 [========================>.....] - ETA: 0s - batch_cost: 0.0139 - reader cost: 6.0195e-05
295/348 [========================>.....] - ETA: 0s - batch_cost: 0.0139 - reader cost: 5.9378e-05
299/348 [========================>.....] - ETA: 0s - batch_cost: 0.0139 - reader cost: 5.8584e-05
303/348 [=========================>....] - ETA: 0s - batch_cost: 0.0139 - reader cost: 5.7811e-05
308/348 [=========================>....] - ETA: 0s - batch_cost: 0.0139 - reader cost: 5.6872e-05
312/348 [=========================>....] - ETA: 0s - batch_cost: 0.0139 - reader cost: 5.6143e-05
316/348 [==========================>...] - ETA: 0s - batch_cost: 0.0139 - reader cost: 5.5432e-05
320/348 [==========================>...] - ETA: 0s - batch_cost: 0.0139 - reader cost: 5.4739e-05
324/348 [==========================>...] - ETA: 0s - batch_cost: 0.0139 - reader cost: 5.4064e-05
328/348 [===========================>..] - ETA: 0s - batch_cost: 0.0139 - reader cost: 5.3404e-05
332/348 [===========================>..] - ETA: 0s - batch_cost: 0.0139 - reader cost: 5.2761e-05
336/348 [===========================>..] - ETA: 0s - batch_cost: 0.0139 - reader cost: 5.5104e-05
340/348 [============================>.] - ETA: 0s - batch_cost: 0.0138 - reader cost: 5.4456e-05
345/348 [============================>.] - ETA: 0s - batch_cost: 0.0138 - reader cost: 5.3667e-05
348/348 [==============================] - 5s 14ms/step - batch_cost: 0.0138 - reader cost: 5.7549e-05

  1/348 [..............................] - ETA: 9s - batch_cost: 0.0277 - reader cost: 0.0090
  4/348 [..............................] - ETA: 7s - batch_cost: 0.0209 - reader cost: 0.0023
  7/348 [..............................] - ETA: 6s - batch_cost: 0.0198 - reader cost: 0.0013
 11/348 [..............................] - ETA: 6s - batch_cost: 0.0179 - reader cost: 8.2022e-04
 15/348 [>.............................] - ETA: 5s - batch_cost: 0.0165 - reader cost: 6.0150e-04
 20/348 [>.............................] - ETA: 5s - batch_cost: 0.0155 - reader cost: 4.5112e-04
 25/348 [=>............................] - ETA: 4s - batch_cost: 0.0148 - reader cost: 4.0057e-04
 29/348 [=>............................] - ETA: 4s - batch_cost: 0.0145 - reader cost: 3.4532e-04
 34/348 [=>............................] - ETA: 4s - batch_cost: 0.0141 - reader cost: 2.9454e-04
 38/348 [==>...........................] - ETA: 4s - batch_cost: 0.0140 - reader cost: 2.6353e-04
 43/348 [==>...........................] - ETA: 4s - batch_cost: 0.0138 - reader cost: 2.3289e-04
 48/348 [===>..........................] - ETA: 4s - batch_cost: 0.0136 - reader cost: 2.0863e-04
 52/348 [===>..........................] - ETA: 4s - batch_cost: 0.0136 - reader cost: 1.9258e-04
 56/348 [===>..........................] - ETA: 4s - batch_cost: 0.0136 - reader cost: 1.7883e-04
 60/348 [====>.........................] - ETA: 3s - batch_cost: 0.0136 - reader cost: 1.8362e-04
 64/348 [====>.........................] - ETA: 3s - batch_cost: 0.0137 - reader cost: 1.7215e-04
 67/348 [====>.........................] - ETA: 3s - batch_cost: 0.0139 - reader cost: 1.6444e-04
 70/348 [=====>........................] - ETA: 3s - batch_cost: 0.0140 - reader cost: 1.5739e-04
 74/348 [=====>........................] - ETA: 3s - batch_cost: 0.0140 - reader cost: 1.4888e-04
 78/348 [=====>........................] - ETA: 3s - batch_cost: 0.0140 - reader cost: 1.4125e-04
 82/348 [======>.......................] - ETA: 3s - batch_cost: 0.0140 - reader cost: 1.4665e-04
 87/348 [======>.......................] - ETA: 3s - batch_cost: 0.0139 - reader cost: 1.3822e-04
 92/348 [======>.......................] - ETA: 3s - batch_cost: 0.0138 - reader cost: 1.3071e-04
 96/348 [=======>......................] - ETA: 3s - batch_cost: 0.0138 - reader cost: 1.2526e-04
101/348 [=======>......................] - ETA: 3s - batch_cost: 0.0137 - reader cost: 1.1906e-04
106/348 [========>.....................] - ETA: 3s - batch_cost: 0.0136 - reader cost: 1.1344e-04
111/348 [========>.....................] - ETA: 3s - batch_cost: 0.0135 - reader cost: 1.0833e-04
116/348 [=========>....................] - ETA: 3s - batch_cost: 0.0135 - reader cost: 1.0366e-04
120/348 [=========>....................] - ETA: 3s - batch_cost: 0.0135 - reader cost: 1.0021e-04
124/348 [=========>....................] - ETA: 3s - batch_cost: 0.0136 - reader cost: 1.0507e-04
127/348 [=========>....................] - ETA: 3s - batch_cost: 0.0137 - reader cost: 1.0259e-04
132/348 [==========>...................] - ETA: 2s - batch_cost: 0.0137 - reader cost: 9.8702e-05
136/348 [==========>...................] - ETA: 2s - batch_cost: 0.0136 - reader cost: 9.5799e-05
140/348 [===========>..................] - ETA: 2s - batch_cost: 0.0136 - reader cost: 9.3062e-05
144/348 [===========>..................] - ETA: 2s - batch_cost: 0.0136 - reader cost: 9.0477e-05
148/348 [===========>..................] - ETA: 2s - batch_cost: 0.0136 - reader cost: 8.8031e-05
152/348 [============>.................] - ETA: 2s - batch_cost: 0.0136 - reader cost: 8.5715e-05
157/348 [============>.................] - ETA: 2s - batch_cost: 0.0136 - reader cost: 8.2985e-05
162/348 [============>.................] - ETA: 2s - batch_cost: 0.0135 - reader cost: 8.6555e-05
165/348 [=============>................] - ETA: 2s - batch_cost: 0.0136 - reader cost: 8.4981e-05
169/348 [=============>................] - ETA: 2s - batch_cost: 0.0136 - reader cost: 8.2970e-05
174/348 [==============>...............] - ETA: 2s - batch_cost: 0.0136 - reader cost: 8.0585e-05
178/348 [==============>...............] - ETA: 2s - batch_cost: 0.0136 - reader cost: 7.8775e-05
182/348 [==============>...............] - ETA: 2s - batch_cost: 0.0136 - reader cost: 7.7043e-05
186/348 [===============>..............] - ETA: 2s - batch_cost: 0.0137 - reader cost: 7.5386e-05
190/348 [===============>..............] - ETA: 2s - batch_cost: 0.0137 - reader cost: 7.3799e-05
193/348 [===============>..............] - ETA: 2s - batch_cost: 0.0137 - reader cost: 7.2652e-05
197/348 [===============>..............] - ETA: 2s - batch_cost: 0.0138 - reader cost: 7.8906e-05
200/348 [================>.............] - ETA: 2s - batch_cost: 0.0138 - reader cost: 7.7722e-05
204/348 [================>.............] - ETA: 2s - batch_cost: 0.0139 - reader cost: 7.6198e-05
207/348 [================>.............] - ETA: 1s - batch_cost: 0.0140 - reader cost: 7.5094e-05
211/348 [=================>............] - ETA: 1s - batch_cost: 0.0140 - reader cost: 7.3670e-05
216/348 [=================>............] - ETA: 1s - batch_cost: 0.0139 - reader cost: 7.1965e-05
220/348 [=================>............] - ETA: 1s - batch_cost: 0.0139 - reader cost: 7.0656e-05
223/348 [==================>...........] - ETA: 1s - batch_cost: 0.0140 - reader cost: 6.9706e-05
227/348 [==================>...........] - ETA: 1s - batch_cost: 0.0140 - reader cost: 6.8478e-05
231/348 [==================>...........] - ETA: 1s - batch_cost: 0.0140 - reader cost: 7.1658e-05
234/348 [===================>..........] - ETA: 1s - batch_cost: 0.0141 - reader cost: 7.0739e-05
237/348 [===================>..........] - ETA: 1s - batch_cost: 0.0141 - reader cost: 6.9844e-05
242/348 [===================>..........] - ETA: 1s - batch_cost: 0.0141 - reader cost: 6.8401e-05
246/348 [====================>.........] - ETA: 1s - batch_cost: 0.0141 - reader cost: 7.1373e-05
250/348 [====================>.........] - ETA: 1s - batch_cost: 0.0141 - reader cost: 7.0231e-05
254/348 [====================>.........] - ETA: 1s - batch_cost: 0.0141 - reader cost: 6.9125e-05
258/348 [=====================>........] - ETA: 1s - batch_cost: 0.0141 - reader cost: 6.8054e-05
261/348 [=====================>........] - ETA: 1s - batch_cost: 0.0142 - reader cost: 6.7271e-05
264/348 [=====================>........] - ETA: 1s - batch_cost: 0.0142 - reader cost: 6.6507e-05
269/348 [======================>.......] - ETA: 1s - batch_cost: 0.0142 - reader cost: 6.5271e-05
273/348 [======================>.......] - ETA: 1s - batch_cost: 0.0142 - reader cost: 6.4315e-05
277/348 [======================>.......] - ETA: 1s - batch_cost: 0.0142 - reader cost: 6.6994e-05
282/348 [=======================>......] - ETA: 0s - batch_cost: 0.0141 - reader cost: 6.5806e-05
287/348 [=======================>......] - ETA: 0s - batch_cost: 0.0141 - reader cost: 6.4660e-05
292/348 [========================>.....] - ETA: 0s - batch_cost: 0.0141 - reader cost: 6.3552e-05
297/348 [========================>.....] - ETA: 0s - batch_cost: 0.0140 - reader cost: 6.2483e-05
301/348 [========================>.....] - ETA: 0s - batch_cost: 0.0141 - reader cost: 6.4992e-05
305/348 [=========================>....] - ETA: 0s - batch_cost: 0.0141 - reader cost: 6.5813e-05
309/348 [=========================>....] - ETA: 0s - batch_cost: 0.0141 - reader cost: 6.4961e-05
312/348 [=========================>....] - ETA: 0s - batch_cost: 0.0141 - reader cost: 6.4336e-05
316/348 [==========================>...] - ETA: 0s - batch_cost: 0.0141 - reader cost: 6.3522e-05
320/348 [==========================>...] - ETA: 0s - batch_cost: 0.0141 - reader cost: 6.2728e-05
324/348 [==========================>...] - ETA: 0s - batch_cost: 0.0141 - reader cost: 6.1954e-05
328/348 [===========================>..] - ETA: 0s - batch_cost: 0.0141 - reader cost: 6.1198e-05
332/348 [===========================>..] - ETA: 0s - batch_cost: 0.0141 - reader cost: 6.0461e-05
336/348 [===========================>..] - ETA: 0s - batch_cost: 0.0141 - reader cost: 5.9741e-05
340/348 [============================>.] - ETA: 0s - batch_cost: 0.0141 - reader cost: 5.9038e-05
344/348 [============================>.] - ETA: 0s - batch_cost: 0.0141 - reader cost: 5.8352e-05
347/348 [============================>.] - ETA: 0s - batch_cost: 0.0142 - reader cost: 6.2242e-05
348/348 [==============================] - 5s 14ms/step - batch_cost: 0.0142 - reader cost: 6.2063e-05

  1/348 [..............................] - ETA: 8s - batch_cost: 0.0250 - reader cost: 0.0075
  5/348 [..............................] - ETA: 6s - batch_cost: 0.0176 - reader cost: 0.0015
  9/348 [..............................] - ETA: 5s - batch_cost: 0.0161 - reader cost: 8.3600e-04
 13/348 [>.............................] - ETA: 5s - batch_cost: 0.0153 - reader cost: 5.7877e-04
 17/348 [>.............................] - ETA: 5s - batch_cost: 0.0151 - reader cost: 4.4259e-04
 21/348 [>.............................] - ETA: 5s - batch_cost: 0.0152 - reader cost: 3.5829e-04
 25/348 [=>............................] - ETA: 4s - batch_cost: 0.0151 - reader cost: 3.0096e-04
 29/348 [=>............................] - ETA: 4s - batch_cost: 0.0149 - reader cost: 2.5945e-04
 33/348 [=>............................] - ETA: 4s - batch_cost: 0.0148 - reader cost: 2.2800e-04
 37/348 [==>...........................] - ETA: 4s - batch_cost: 0.0149 - reader cost: 2.0335e-04
 40/348 [==>...........................] - ETA: 4s - batch_cost: 0.0150 - reader cost: 1.8810e-04
 43/348 [==>...........................] - ETA: 4s - batch_cost: 0.0152 - reader cost: 1.7498e-04
 46/348 [==>...........................] - ETA: 4s - batch_cost: 0.0155 - reader cost: 1.6357e-04
 49/348 [===>..........................] - ETA: 4s - batch_cost: 0.0157 - reader cost: 1.5355e-04
 53/348 [===>..........................] - ETA: 4s - batch_cost: 0.0156 - reader cost: 1.4196e-04
 57/348 [===>..........................] - ETA: 4s - batch_cost: 0.0156 - reader cost: 1.4954e-04
 61/348 [====>.........................] - ETA: 4s - batch_cost: 0.0156 - reader cost: 1.3973e-04
 64/348 [====>.........................] - ETA: 4s - batch_cost: 0.0156 - reader cost: 1.3318e-04
 67/348 [====>.........................] - ETA: 4s - batch_cost: 0.0158 - reader cost: 1.2722e-04
 70/348 [=====>........................] - ETA: 4s - batch_cost: 0.0161 - reader cost: 1.2177e-04
 73/348 [=====>........................] - ETA: 4s - batch_cost: 0.0163 - reader cost: 1.1676e-04
 76/348 [=====>........................] - ETA: 4s - batch_cost: 0.0164 - reader cost: 1.1215e-04
 79/348 [=====>........................] - ETA: 4s - batch_cost: 0.0165 - reader cost: 1.0789e-04
 83/348 [======>.......................] - ETA: 4s - batch_cost: 0.0165 - reader cost: 1.0270e-04
 87/348 [======>.......................] - ETA: 4s - batch_cost: 0.0164 - reader cost: 9.7974e-05
 90/348 [======>.......................] - ETA: 4s - batch_cost: 0.0165 - reader cost: 1.0036e-04
 93/348 [=======>......................] - ETA: 4s - batch_cost: 0.0165 - reader cost: 9.7121e-05
 97/348 [=======>......................] - ETA: 4s - batch_cost: 0.0164 - reader cost: 9.3116e-05
101/348 [=======>......................] - ETA: 4s - batch_cost: 0.0163 - reader cost: 8.9428e-05
105/348 [========>.....................] - ETA: 3s - batch_cost: 0.0162 - reader cost: 8.6021e-05
109/348 [========>.....................] - ETA: 3s - batch_cost: 0.0162 - reader cost: 8.2865e-05
112/348 [========>.....................] - ETA: 3s - batch_cost: 0.0162 - reader cost: 8.9652e-05
115/348 [========>.....................] - ETA: 3s - batch_cost: 0.0163 - reader cost: 8.7313e-05
119/348 [=========>....................] - ETA: 3s - batch_cost: 0.0162 - reader cost: 9.2809e-05
123/348 [=========>....................] - ETA: 3s - batch_cost: 0.0162 - reader cost: 9.7945e-05
127/348 [=========>....................] - ETA: 3s - batch_cost: 0.0161 - reader cost: 9.4861e-05
131/348 [==========>...................] - ETA: 3s - batch_cost: 0.0161 - reader cost: 9.1964e-05
135/348 [==========>...................] - ETA: 3s - batch_cost: 0.0160 - reader cost: 9.6644e-05
139/348 [==========>...................] - ETA: 3s - batch_cost: 0.0160 - reader cost: 9.3863e-05
143/348 [===========>..................] - ETA: 3s - batch_cost: 0.0160 - reader cost: 9.1238e-05
147/348 [===========>..................] - ETA: 3s - batch_cost: 0.0159 - reader cost: 8.8755e-05
150/348 [===========>..................] - ETA: 3s - batch_cost: 0.0160 - reader cost: 9.3644e-05
154/348 [============>.................] - ETA: 3s - batch_cost: 0.0160 - reader cost: 9.1212e-05
158/348 [============>.................] - ETA: 3s - batch_cost: 0.0160 - reader cost: 8.8903e-05
162/348 [============>.................] - ETA: 2s - batch_cost: 0.0159 - reader cost: 8.6708e-05
166/348 [=============>................] - ETA: 2s - batch_cost: 0.0159 - reader cost: 8.4618e-05
169/348 [=============>................] - ETA: 2s - batch_cost: 0.0160 - reader cost: 8.3116e-05
172/348 [=============>................] - ETA: 2s - batch_cost: 0.0160 - reader cost: 8.1667e-05
175/348 [==============>...............] - ETA: 2s - batch_cost: 0.0160 - reader cost: 8.0267e-05
179/348 [==============>...............] - ETA: 2s - batch_cost: 0.0160 - reader cost: 8.6943e-05
182/348 [==============>...............] - ETA: 2s - batch_cost: 0.0161 - reader cost: 8.5510e-05
185/348 [==============>...............] - ETA: 2s - batch_cost: 0.0161 - reader cost: 8.4123e-05
188/348 [===============>..............] - ETA: 2s - batch_cost: 0.0162 - reader cost: 8.2781e-05
191/348 [===============>..............] - ETA: 2s - batch_cost: 0.0162 - reader cost: 8.1480e-05
194/348 [===============>..............] - ETA: 2s - batch_cost: 0.0162 - reader cost: 8.0220e-05
197/348 [===============>..............] - ETA: 2s - batch_cost: 0.0163 - reader cost: 7.8999e-05
200/348 [================>.............] - ETA: 2s - batch_cost: 0.0163 - reader cost: 7.7814e-05
203/348 [================>.............] - ETA: 2s - batch_cost: 0.0163 - reader cost: 7.6664e-05
207/348 [================>.............] - ETA: 2s - batch_cost: 0.0163 - reader cost: 7.5182e-05
211/348 [=================>............] - ETA: 2s - batch_cost: 0.0163 - reader cost: 7.3757e-05
214/348 [=================>............] - ETA: 2s - batch_cost: 0.0163 - reader cost: 7.7392e-05
217/348 [=================>............] - ETA: 2s - batch_cost: 0.0164 - reader cost: 7.6323e-05
220/348 [=================>............] - ETA: 2s - batch_cost: 0.0165 - reader cost: 7.5282e-05
223/348 [==================>...........] - ETA: 2s - batch_cost: 0.0165 - reader cost: 7.8807e-05
226/348 [==================>...........] - ETA: 2s - batch_cost: 0.0166 - reader cost: 7.7761e-05
229/348 [==================>...........] - ETA: 2s - batch_cost: 0.0167 - reader cost: 7.6743e-05
232/348 [===================>..........] - ETA: 1s - batch_cost: 0.0167 - reader cost: 7.5750e-05
235/348 [===================>..........] - ETA: 1s - batch_cost: 0.0168 - reader cost: 7.6927e-05
238/348 [===================>..........] - ETA: 1s - batch_cost: 0.0168 - reader cost: 7.5957e-05
241/348 [===================>..........] - ETA: 1s - batch_cost: 0.0168 - reader cost: 7.5012e-05
244/348 [====================>.........] - ETA: 1s - batch_cost: 0.0169 - reader cost: 7.4090e-05
247/348 [====================>.........] - ETA: 1s - batch_cost: 0.0169 - reader cost: 7.3190e-05
250/348 [====================>.........] - ETA: 1s - batch_cost: 0.0169 - reader cost: 7.2311e-05
253/348 [====================>.........] - ETA: 1s - batch_cost: 0.0170 - reader cost: 7.5402e-05
256/348 [=====================>........] - ETA: 1s - batch_cost: 0.0170 - reader cost: 7.8430e-05
259/348 [=====================>........] - ETA: 1s - batch_cost: 0.0170 - reader cost: 8.1385e-05
263/348 [=====================>........] - ETA: 1s - batch_cost: 0.0170 - reader cost: 8.0148e-05
267/348 [======================>.......] - ETA: 1s - batch_cost: 0.0170 - reader cost: 8.2662e-05
271/348 [======================>.......] - ETA: 1s - batch_cost: 0.0169 - reader cost: 8.1441e-05
274/348 [======================>.......] - ETA: 1s - batch_cost: 0.0169 - reader cost: 8.0550e-05
277/348 [======================>.......] - ETA: 1s - batch_cost: 0.0169 - reader cost: 7.9677e-05
280/348 [=======================>......] - ETA: 1s - batch_cost: 0.0170 - reader cost: 7.8824e-05
283/348 [=======================>......] - ETA: 1s - batch_cost: 0.0170 - reader cost: 7.7988e-05
286/348 [=======================>......] - ETA: 1s - batch_cost: 0.0170 - reader cost: 7.7170e-05
289/348 [=======================>......] - ETA: 1s - batch_cost: 0.0170 - reader cost: 8.1597e-05
292/348 [========================>.....] - ETA: 0s - batch_cost: 0.0170 - reader cost: 8.0759e-05
295/348 [========================>.....] - ETA: 0s - batch_cost: 0.0170 - reader cost: 7.9937e-05
298/348 [========================>.....] - ETA: 0s - batch_cost: 0.0170 - reader cost: 7.9133e-05
301/348 [========================>.....] - ETA: 0s - batch_cost: 0.0171 - reader cost: 7.8344e-05
304/348 [=========================>....] - ETA: 0s - batch_cost: 0.0171 - reader cost: 7.7571e-05
307/348 [=========================>....] - ETA: 0s - batch_cost: 0.0171 - reader cost: 7.9035e-05
311/348 [=========================>....] - ETA: 0s - batch_cost: 0.0171 - reader cost: 8.1273e-05
315/348 [==========================>...] - ETA: 0s - batch_cost: 0.0170 - reader cost: 8.0241e-05
319/348 [==========================>...] - ETA: 0s - batch_cost: 0.0170 - reader cost: 7.9235e-05
323/348 [==========================>...] - ETA: 0s - batch_cost: 0.0170 - reader cost: 7.8254e-05
327/348 [===========================>..] - ETA: 0s - batch_cost: 0.0170 - reader cost: 7.7296e-05
331/348 [===========================>..] - ETA: 0s - batch_cost: 0.0169 - reader cost: 7.6362e-05
335/348 [===========================>..] - ETA: 0s - batch_cost: 0.0169 - reader cost: 7.5451e-05
338/348 [============================>.] - ETA: 0s - batch_cost: 0.0169 - reader cost: 7.4781e-05
342/348 [============================>.] - ETA: 0s - batch_cost: 0.0169 - reader cost: 7.3906e-05
346/348 [============================>.] - ETA: 0s - batch_cost: 0.0169 - reader cost: 7.3052e-05
348/348 [==============================] - 6s 17ms/step - batch_cost: 0.0169 - reader cost: 7.2632e-05

  1/348 [..............................] - ETA: 10s - batch_cost: 0.0302 - reader cost: 0.0100
  4/348 [..............................] - ETA: 7s - batch_cost: 0.0216 - reader cost: 0.0025 
  7/348 [..............................] - ETA: 6s - batch_cost: 0.0194 - reader cost: 0.0014
 10/348 [..............................] - ETA: 6s - batch_cost: 0.0185 - reader cost: 0.0010
 13/348 [>.............................] - ETA: 6s - batch_cost: 0.0181 - reader cost: 7.6989e-04
 16/348 [>.............................] - ETA: 5s - batch_cost: 0.0178 - reader cost: 6.2554e-04
 20/348 [>.............................] - ETA: 5s - batch_cost: 0.0172 - reader cost: 5.0043e-04
 24/348 [=>............................] - ETA: 5s - batch_cost: 0.0167 - reader cost: 4.1702e-04
 28/348 [=>............................] - ETA: 5s - batch_cost: 0.0166 - reader cost: 3.5745e-04
 31/348 [=>............................] - ETA: 5s - batch_cost: 0.0166 - reader cost: 3.2286e-04
 35/348 [==>...........................] - ETA: 5s - batch_cost: 0.0164 - reader cost: 2.8596e-04
 38/348 [==>...........................] - ETA: 5s - batch_cost: 0.0164 - reader cost: 2.6338e-04
 41/348 [==>...........................] - ETA: 5s - batch_cost: 0.0165 - reader cost: 2.4411e-04
 44/348 [==>...........................] - ETA: 5s - batch_cost: 0.0165 - reader cost: 2.2747e-04
 47/348 [===>..........................] - ETA: 5s - batch_cost: 0.0165 - reader cost: 2.1295e-04
 50/348 [===>..........................] - ETA: 5s - batch_cost: 0.0169 - reader cost: 2.0017e-04
 53/348 [===>..........................] - ETA: 5s - batch_cost: 0.0170 - reader cost: 1.8884e-04
 56/348 [===>..........................] - ETA: 5s - batch_cost: 0.0170 - reader cost: 1.7872e-04
 59/348 [====>.........................] - ETA: 4s - batch_cost: 0.0170 - reader cost: 1.6964e-04
 62/348 [====>.........................] - ETA: 4s - batch_cost: 0.0170 - reader cost: 1.6143e-04
 66/348 [====>.........................] - ETA: 4s - batch_cost: 0.0169 - reader cost: 1.6679e-04
 70/348 [=====>........................] - ETA: 4s - batch_cost: 0.0169 - reader cost: 1.5726e-04
 74/348 [=====>........................] - ETA: 4s - batch_cost: 0.0168 - reader cost: 1.4876e-04
 78/348 [=====>........................] - ETA: 4s - batch_cost: 0.0167 - reader cost: 1.4113e-04
 82/348 [======>.......................] - ETA: 4s - batch_cost: 0.0165 - reader cost: 1.3425e-04
 85/348 [======>.......................] - ETA: 4s - batch_cost: 0.0166 - reader cost: 1.2951e-04
 88/348 [======>.......................] - ETA: 4s - batch_cost: 0.0167 - reader cost: 1.2509e-04
 91/348 [======>.......................] - ETA: 4s - batch_cost: 0.0167 - reader cost: 1.2097e-04
 95/348 [=======>......................] - ETA: 4s - batch_cost: 0.0167 - reader cost: 1.1588e-04
 99/348 [=======>......................] - ETA: 4s - batch_cost: 0.0166 - reader cost: 1.2129e-04
103/348 [=======>......................] - ETA: 4s - batch_cost: 0.0166 - reader cost: 1.1658e-04
107/348 [========>.....................] - ETA: 4s - batch_cost: 0.0165 - reader cost: 1.1223e-04
111/348 [========>.....................] - ETA: 3s - batch_cost: 0.0165 - reader cost: 1.0818e-04
115/348 [========>.....................] - ETA: 3s - batch_cost: 0.0164 - reader cost: 1.0442e-04
119/348 [=========>....................] - ETA: 3s - batch_cost: 0.0164 - reader cost: 1.0091e-04
123/348 [=========>....................] - ETA: 3s - batch_cost: 0.0163 - reader cost: 9.7628e-05
127/348 [=========>....................] - ETA: 3s - batch_cost: 0.0162 - reader cost: 9.4553e-05
131/348 [==========>...................] - ETA: 3s - batch_cost: 0.0162 - reader cost: 9.1666e-05
135/348 [==========>...................] - ETA: 3s - batch_cost: 0.0162 - reader cost: 8.8950e-05
139/348 [==========>...................] - ETA: 3s - batch_cost: 0.0161 - reader cost: 8.6390e-05
143/348 [===========>..................] - ETA: 3s - batch_cost: 0.0161 - reader cost: 8.3973e-05
146/348 [===========>..................] - ETA: 3s - batch_cost: 0.0162 - reader cost: 8.9111e-05
149/348 [===========>..................] - ETA: 3s - batch_cost: 0.0162 - reader cost: 8.7317e-05
152/348 [============>.................] - ETA: 3s - batch_cost: 0.0163 - reader cost: 8.5594e-05
155/348 [============>.................] - ETA: 3s - batch_cost: 0.0164 - reader cost: 8.3937e-05
159/348 [============>.................] - ETA: 3s - batch_cost: 0.0164 - reader cost: 8.1826e-05
162/348 [============>.................] - ETA: 3s - batch_cost: 0.0164 - reader cost: 8.0310e-05
166/348 [=============>................] - ETA: 3s - batch_cost: 0.0163 - reader cost: 8.4403e-05
170/348 [=============>................] - ETA: 2s - batch_cost: 0.0163 - reader cost: 8.2417e-05
174/348 [==============>...............] - ETA: 2s - batch_cost: 0.0162 - reader cost: 8.0522e-05
178/348 [==============>...............] - ETA: 2s - batch_cost: 0.0162 - reader cost: 7.8713e-05
182/348 [==============>...............] - ETA: 2s - batch_cost: 0.0162 - reader cost: 7.6983e-05
186/348 [===============>..............] - ETA: 2s - batch_cost: 0.0161 - reader cost: 7.5327e-05
189/348 [===============>..............] - ETA: 2s - batch_cost: 0.0162 - reader cost: 7.4132e-05
192/348 [===============>..............] - ETA: 2s - batch_cost: 0.0162 - reader cost: 7.2973e-05
196/348 [===============>..............] - ETA: 2s - batch_cost: 0.0162 - reader cost: 7.6554e-05
200/348 [================>.............] - ETA: 2s - batch_cost: 0.0162 - reader cost: 7.5023e-05
204/348 [================>.............] - ETA: 2s - batch_cost: 0.0162 - reader cost: 7.3552e-05
208/348 [================>.............] - ETA: 2s - batch_cost: 0.0161 - reader cost: 7.6960e-05
212/348 [=================>............] - ETA: 2s - batch_cost: 0.0161 - reader cost: 7.5508e-05
216/348 [=================>............] - ETA: 2s - batch_cost: 0.0161 - reader cost: 7.4110e-05
220/348 [=================>............] - ETA: 2s - batch_cost: 0.0161 - reader cost: 7.2762e-05
223/348 [==================>...........] - ETA: 2s - batch_cost: 0.0161 - reader cost: 8.0747e-05
226/348 [==================>...........] - ETA: 1s - batch_cost: 0.0161 - reader cost: 7.9675e-05
229/348 [==================>...........] - ETA: 1s - batch_cost: 0.0161 - reader cost: 8.1213e-05
232/348 [===================>..........] - ETA: 1s - batch_cost: 0.0162 - reader cost: 8.0163e-05
235/348 [===================>..........] - ETA: 1s - batch_cost: 0.0162 - reader cost: 7.9140e-05
239/348 [===================>..........] - ETA: 1s - batch_cost: 0.0161 - reader cost: 7.7815e-05
243/348 [===================>..........] - ETA: 1s - batch_cost: 0.0161 - reader cost: 7.6534e-05
247/348 [====================>.........] - ETA: 1s - batch_cost: 0.0161 - reader cost: 7.5295e-05
251/348 [====================>.........] - ETA: 1s - batch_cost: 0.0161 - reader cost: 7.4095e-05
255/348 [====================>.........] - ETA: 1s - batch_cost: 0.0161 - reader cost: 7.2933e-05
258/348 [=====================>........] - ETA: 1s - batch_cost: 0.0161 - reader cost: 7.2085e-05
261/348 [=====================>........] - ETA: 1s - batch_cost: 0.0162 - reader cost: 7.1256e-05
264/348 [=====================>........] - ETA: 1s - batch_cost: 0.0163 - reader cost: 7.0446e-05
267/348 [======================>.......] - ETA: 1s - batch_cost: 0.0163 - reader cost: 6.9655e-05
270/348 [======================>.......] - ETA: 1s - batch_cost: 0.0163 - reader cost: 7.2584e-05
273/348 [======================>.......] - ETA: 1s - batch_cost: 0.0163 - reader cost: 7.9079e-05
276/348 [======================>.......] - ETA: 1s - batch_cost: 0.0164 - reader cost: 7.8219e-05
279/348 [=======================>......] - ETA: 1s - batch_cost: 0.0164 - reader cost: 7.7378e-05
282/348 [=======================>......] - ETA: 1s - batch_cost: 0.0165 - reader cost: 7.6555e-05
285/348 [=======================>......] - ETA: 1s - batch_cost: 0.0165 - reader cost: 7.5749e-05
288/348 [=======================>......] - ETA: 1s - batch_cost: 0.0165 - reader cost: 7.4960e-05
292/348 [========================>.....] - ETA: 0s - batch_cost: 0.0165 - reader cost: 7.3933e-05
295/348 [========================>.....] - ETA: 0s - batch_cost: 0.0166 - reader cost: 7.3182e-05
298/348 [========================>.....] - ETA: 0s - batch_cost: 0.0166 - reader cost: 7.2445e-05
301/348 [========================>.....] - ETA: 0s - batch_cost: 0.0166 - reader cost: 7.1723e-05
304/348 [=========================>....] - ETA: 0s - batch_cost: 0.0166 - reader cost: 7.1015e-05
307/348 [=========================>....] - ETA: 0s - batch_cost: 0.0166 - reader cost: 7.0321e-05
310/348 [=========================>....] - ETA: 0s - batch_cost: 0.0166 - reader cost: 6.9641e-05
313/348 [=========================>....] - ETA: 0s - batch_cost: 0.0167 - reader cost: 6.8973e-05
316/348 [==========================>...] - ETA: 0s - batch_cost: 0.0167 - reader cost: 6.8318e-05
319/348 [==========================>...] - ETA: 0s - batch_cost: 0.0167 - reader cost: 6.7676e-05
322/348 [==========================>...] - ETA: 0s - batch_cost: 0.0167 - reader cost: 6.7045e-05
325/348 [===========================>..] - ETA: 0s - batch_cost: 0.0168 - reader cost: 6.6426e-05
328/348 [===========================>..] - ETA: 0s - batch_cost: 0.0168 - reader cost: 6.5819e-05
331/348 [===========================>..] - ETA: 0s - batch_cost: 0.0168 - reader cost: 6.5222e-05
334/348 [===========================>..] - ETA: 0s - batch_cost: 0.0168 - reader cost: 6.4636e-05
337/348 [============================>.] - ETA: 0s - batch_cost: 0.0169 - reader cost: 6.5608e-05
340/348 [============================>.] - ETA: 0s - batch_cost: 0.0169 - reader cost: 6.5029e-05
343/348 [============================>.] - ETA: 0s - batch_cost: 0.0169 - reader cost: 6.4461e-05
347/348 [============================>.] - ETA: 0s - batch_cost: 0.0169 - reader cost: 6.3718e-05
348/348 [==============================] - 6s 17ms/step - batch_cost: 0.0169 - reader cost: 6.3534e-05

  1/348 [..............................] - ETA: 9s - batch_cost: 0.0260 - reader cost: 0.0070
  5/348 [..............................] - ETA: 6s - batch_cost: 0.0179 - reader cost: 0.0014
  9/348 [..............................] - ETA: 5s - batch_cost: 0.0163 - reader cost: 8.9134e-04
 13/348 [>.............................] - ETA: 5s - batch_cost: 0.0160 - reader cost: 6.9336e-04
 16/348 [>.............................] - ETA: 5s - batch_cost: 0.0162 - reader cost: 5.6335e-04
 19/348 [>.............................] - ETA: 5s - batch_cost: 0.0163 - reader cost: 4.7440e-04
 23/348 [>.............................] - ETA: 5s - batch_cost: 0.0159 - reader cost: 3.9190e-04
 27/348 [=>............................] - ETA: 5s - batch_cost: 0.0155 - reader cost: 3.3384e-04
 31/348 [=>............................] - ETA: 4s - batch_cost: 0.0153 - reader cost: 2.9076e-04
 35/348 [==>...........................] - ETA: 4s - batch_cost: 0.0151 - reader cost: 2.5753e-04
 39/348 [==>...........................] - ETA: 4s - batch_cost: 0.0149 - reader cost: 2.3112e-04
 43/348 [==>...........................] - ETA: 4s - batch_cost: 0.0149 - reader cost: 2.0962e-04
 46/348 [==>...........................] - ETA: 4s - batch_cost: 0.0150 - reader cost: 1.9595e-04
 50/348 [===>..........................] - ETA: 4s - batch_cost: 0.0150 - reader cost: 2.0085e-04
 54/348 [===>..........................] - ETA: 4s - batch_cost: 0.0151 - reader cost: 1.8597e-04
 57/348 [===>..........................] - ETA: 4s - batch_cost: 0.0153 - reader cost: 1.7618e-04
 60/348 [====>.........................] - ETA: 4s - batch_cost: 0.0153 - reader cost: 1.6737e-04
 63/348 [====>.........................] - ETA: 4s - batch_cost: 0.0154 - reader cost: 1.5940e-04
 67/348 [====>.........................] - ETA: 4s - batch_cost: 0.0155 - reader cost: 1.6483e-04
 71/348 [=====>........................] - ETA: 4s - batch_cost: 0.0155 - reader cost: 1.6961e-04
 75/348 [=====>........................] - ETA: 4s - batch_cost: 0.0154 - reader cost: 1.6057e-04
 79/348 [=====>........................] - ETA: 4s - batch_cost: 0.0154 - reader cost: 1.5244e-04
 83/348 [======>.......................] - ETA: 4s - batch_cost: 0.0154 - reader cost: 1.4509e-04
 87/348 [======>.......................] - ETA: 4s - batch_cost: 0.0153 - reader cost: 1.3842e-04
 91/348 [======>.......................] - ETA: 3s - batch_cost: 0.0153 - reader cost: 1.4477e-04
 95/348 [=======>......................] - ETA: 3s - batch_cost: 0.0152 - reader cost: 1.3867e-04
 99/348 [=======>......................] - ETA: 3s - batch_cost: 0.0152 - reader cost: 1.3307e-04
103/348 [=======>......................] - ETA: 3s - batch_cost: 0.0152 - reader cost: 1.2790e-04
107/348 [========>.....................] - ETA: 3s - batch_cost: 0.0151 - reader cost: 1.2312e-04
111/348 [========>.....................] - ETA: 3s - batch_cost: 0.0151 - reader cost: 1.1868e-04
115/348 [========>.....................] - ETA: 3s - batch_cost: 0.0150 - reader cost: 1.1455e-04
118/348 [=========>....................] - ETA: 3s - batch_cost: 0.0151 - reader cost: 1.1642e-04
121/348 [=========>....................] - ETA: 3s - batch_cost: 0.0151 - reader cost: 1.1353e-04
124/348 [=========>....................] - ETA: 3s - batch_cost: 0.0152 - reader cost: 1.1878e-04
128/348 [==========>...................] - ETA: 3s - batch_cost: 0.0152 - reader cost: 1.1507e-04
131/348 [==========>...................] - ETA: 3s - batch_cost: 0.0152 - reader cost: 1.1244e-04
135/348 [==========>...................] - ETA: 3s - batch_cost: 0.0152 - reader cost: 1.0911e-04
139/348 [==========>...................] - ETA: 3s - batch_cost: 0.0152 - reader cost: 1.0597e-04
143/348 [===========>..................] - ETA: 3s - batch_cost: 0.0151 - reader cost: 1.0300e-04
147/348 [===========>..................] - ETA: 3s - batch_cost: 0.0151 - reader cost: 1.0020e-04
151/348 [============>.................] - ETA: 3s - batch_cost: 0.0151 - reader cost: 9.7545e-05
155/348 [============>.................] - ETA: 2s - batch_cost: 0.0150 - reader cost: 9.5027e-05
159/348 [============>.................] - ETA: 2s - batch_cost: 0.0150 - reader cost: 1.0215e-04
162/348 [============>.................] - ETA: 2s - batch_cost: 0.0151 - reader cost: 1.0026e-04
165/348 [=============>................] - ETA: 2s - batch_cost: 0.0151 - reader cost: 9.8439e-05
169/348 [=============>................] - ETA: 2s - batch_cost: 0.0152 - reader cost: 9.6109e-05
172/348 [=============>................] - ETA: 2s - batch_cost: 0.0152 - reader cost: 9.4433e-05
176/348 [==============>...............] - ETA: 2s - batch_cost: 0.0152 - reader cost: 9.2287e-05
179/348 [==============>...............] - ETA: 2s - batch_cost: 0.0153 - reader cost: 9.6324e-05
182/348 [==============>...............] - ETA: 2s - batch_cost: 0.0153 - reader cost: 9.4736e-05
185/348 [==============>...............] - ETA: 2s - batch_cost: 0.0153 - reader cost: 9.3200e-05
189/348 [===============>..............] - ETA: 2s - batch_cost: 0.0154 - reader cost: 9.7344e-05
193/348 [===============>..............] - ETA: 2s - batch_cost: 0.0154 - reader cost: 9.5327e-05
197/348 [===============>..............] - ETA: 2s - batch_cost: 0.0153 - reader cost: 9.3391e-05
201/348 [================>.............] - ETA: 2s - batch_cost: 0.0153 - reader cost: 9.1533e-05
205/348 [================>.............] - ETA: 2s - batch_cost: 0.0153 - reader cost: 8.9747e-05
209/348 [=================>............] - ETA: 2s - batch_cost: 0.0152 - reader cost: 9.2855e-05
213/348 [=================>............] - ETA: 2s - batch_cost: 0.0152 - reader cost: 9.1112e-05
217/348 [=================>............] - ETA: 2s - batch_cost: 0.0152 - reader cost: 8.9432e-05
221/348 [==================>...........] - ETA: 1s - batch_cost: 0.0152 - reader cost: 8.7814e-05
225/348 [==================>...........] - ETA: 1s - batch_cost: 0.0152 - reader cost: 8.6252e-05
228/348 [==================>...........] - ETA: 1s - batch_cost: 0.0153 - reader cost: 8.5118e-05
232/348 [===================>..........] - ETA: 1s - batch_cost: 0.0153 - reader cost: 8.3650e-05
236/348 [===================>..........] - ETA: 1s - batch_cost: 0.0152 - reader cost: 8.2232e-05
240/348 [===================>..........] - ETA: 1s - batch_cost: 0.0152 - reader cost: 8.0862e-05
244/348 [====================>.........] - ETA: 1s - batch_cost: 0.0152 - reader cost: 7.9536e-05
247/348 [====================>.........] - ETA: 1s - batch_cost: 0.0152 - reader cost: 8.6699e-05
251/348 [====================>.........] - ETA: 1s - batch_cost: 0.0153 - reader cost: 9.4546e-05
254/348 [====================>.........] - ETA: 1s - batch_cost: 0.0153 - reader cost: 9.3429e-05
258/348 [=====================>........] - ETA: 1s - batch_cost: 0.0153 - reader cost: 9.1981e-05
262/348 [=====================>........] - ETA: 1s - batch_cost: 0.0153 - reader cost: 9.4453e-05
266/348 [=====================>........] - ETA: 1s - batch_cost: 0.0153 - reader cost: 9.6834e-05
270/348 [======================>.......] - ETA: 1s - batch_cost: 0.0152 - reader cost: 9.5399e-05
274/348 [======================>.......] - ETA: 1s - batch_cost: 0.0152 - reader cost: 9.4007e-05
278/348 [======================>.......] - ETA: 1s - batch_cost: 0.0152 - reader cost: 9.2654e-05
282/348 [=======================>......] - ETA: 1s - batch_cost: 0.0152 - reader cost: 9.1340e-05
286/348 [=======================>......] - ETA: 0s - batch_cost: 0.0152 - reader cost: 9.0062e-05
290/348 [========================>.....] - ETA: 0s - batch_cost: 0.0152 - reader cost: 8.8820e-05
294/348 [========================>.....] - ETA: 0s - batch_cost: 0.0152 - reader cost: 8.7612e-05
298/348 [========================>.....] - ETA: 0s - batch_cost: 0.0152 - reader cost: 8.6436e-05
302/348 [=========================>....] - ETA: 0s - batch_cost: 0.0152 - reader cost: 8.5291e-05
306/348 [=========================>....] - ETA: 0s - batch_cost: 0.0152 - reader cost: 8.4176e-05
310/348 [=========================>....] - ETA: 0s - batch_cost: 0.0152 - reader cost: 8.3090e-05
314/348 [==========================>...] - ETA: 0s - batch_cost: 0.0152 - reader cost: 8.2031e-05
318/348 [==========================>...] - ETA: 0s - batch_cost: 0.0152 - reader cost: 8.0999e-05
321/348 [==========================>...] - ETA: 0s - batch_cost: 0.0152 - reader cost: 8.2322e-05
324/348 [==========================>...] - ETA: 0s - batch_cost: 0.0152 - reader cost: 8.1560e-05
327/348 [===========================>..] - ETA: 0s - batch_cost: 0.0152 - reader cost: 8.0812e-05
330/348 [===========================>..] - ETA: 0s - batch_cost: 0.0153 - reader cost: 8.0077e-05
334/348 [===========================>..] - ETA: 0s - batch_cost: 0.0153 - reader cost: 7.9118e-05
338/348 [============================>.] - ETA: 0s - batch_cost: 0.0153 - reader cost: 7.8182e-05
342/348 [============================>.] - ETA: 0s - batch_cost: 0.0153 - reader cost: 7.7267e-05
346/348 [============================>.] - ETA: 0s - batch_cost: 0.0152 - reader cost: 7.6374e-05
348/348 [==============================] - 5s 15ms/step - batch_cost: 0.0152 - reader cost: 7.5935e-05

  1/348 [..............................] - ETA: 8s - batch_cost: 0.0248 - reader cost: 0.0085
  5/348 [..............................] - ETA: 5s - batch_cost: 0.0166 - reader cost: 0.0017
  9/348 [..............................] - ETA: 5s - batch_cost: 0.0162 - reader cost: 9.4893e-04
 13/348 [>.............................] - ETA: 5s - batch_cost: 0.0160 - reader cost: 6.5695e-04
 17/348 [>.............................] - ETA: 5s - batch_cost: 0.0159 - reader cost: 5.0238e-04
 21/348 [>.............................] - ETA: 5s - batch_cost: 0.0153 - reader cost: 4.0669e-04
 25/348 [=>............................] - ETA: 4s - batch_cost: 0.0151 - reader cost: 3.6171e-04
 29/348 [=>............................] - ETA: 4s - batch_cost: 0.0148 - reader cost: 3.1182e-04
 33/348 [=>............................] - ETA: 4s - batch_cost: 0.0147 - reader cost: 2.7402e-04
 37/348 [==>...........................] - ETA: 4s - batch_cost: 0.0146 - reader cost: 2.4440e-04
 41/348 [==>...........................] - ETA: 4s - batch_cost: 0.0145 - reader cost: 2.2055e-04
 45/348 [==>...........................] - ETA: 4s - batch_cost: 0.0144 - reader cost: 2.2327e-04
 49/348 [===>..........................] - ETA: 4s - batch_cost: 0.0146 - reader cost: 2.0504e-04
 53/348 [===>..........................] - ETA: 4s - batch_cost: 0.0146 - reader cost: 2.0844e-04
 57/348 [===>..........................] - ETA: 4s - batch_cost: 0.0145 - reader cost: 1.9381e-04
 61/348 [====>.........................] - ETA: 4s - batch_cost: 0.0145 - reader cost: 1.9763e-04
 65/348 [====>.........................] - ETA: 4s - batch_cost: 0.0144 - reader cost: 1.8547e-04
 69/348 [====>.........................] - ETA: 4s - batch_cost: 0.0143 - reader cost: 1.7472e-04
 73/348 [=====>........................] - ETA: 3s - batch_cost: 0.0143 - reader cost: 1.6514e-04
 77/348 [=====>........................] - ETA: 3s - batch_cost: 0.0143 - reader cost: 1.7660e-04
 81/348 [=====>........................] - ETA: 3s - batch_cost: 0.0144 - reader cost: 1.6788e-04
 84/348 [======>.......................] - ETA: 3s - batch_cost: 0.0145 - reader cost: 1.6188e-04
 87/348 [======>.......................] - ETA: 3s - batch_cost: 0.0146 - reader cost: 1.5630e-04
 91/348 [======>.......................] - ETA: 3s - batch_cost: 0.0147 - reader cost: 1.4943e-04
 94/348 [=======>......................] - ETA: 3s - batch_cost: 0.0147 - reader cost: 1.4466e-04
 97/348 [=======>......................] - ETA: 3s - batch_cost: 0.0150 - reader cost: 1.4019e-04
100/348 [=======>......................] - ETA: 3s - batch_cost: 0.0152 - reader cost: 1.3598e-04
103/348 [=======>......................] - ETA: 3s - batch_cost: 0.0154 - reader cost: 1.3202e-04
106/348 [========>.....................] - ETA: 3s - batch_cost: 0.0155 - reader cost: 1.2828e-04
109/348 [========>.....................] - ETA: 3s - batch_cost: 0.0155 - reader cost: 1.2475e-04
112/348 [========>.....................] - ETA: 3s - batch_cost: 0.0156 - reader cost: 1.2141e-04
115/348 [========>.....................] - ETA: 3s - batch_cost: 0.0157 - reader cost: 1.3008e-04
118/348 [=========>....................] - ETA: 3s - batch_cost: 0.0158 - reader cost: 1.2677e-04
122/348 [=========>....................] - ETA: 3s - batch_cost: 0.0157 - reader cost: 1.2262e-04
126/348 [=========>....................] - ETA: 3s - batch_cost: 0.0157 - reader cost: 1.1872e-04
130/348 [==========>...................] - ETA: 3s - batch_cost: 0.0156 - reader cost: 1.1507e-04
133/348 [==========>...................] - ETA: 3s - batch_cost: 0.0157 - reader cost: 1.1248e-04
136/348 [==========>...................] - ETA: 3s - batch_cost: 0.0157 - reader cost: 1.1000e-04
139/348 [==========>...................] - ETA: 3s - batch_cost: 0.0157 - reader cost: 1.0762e-04
143/348 [===========>..................] - ETA: 3s - batch_cost: 0.0157 - reader cost: 1.1155e-04
146/348 [===========>..................] - ETA: 3s - batch_cost: 0.0158 - reader cost: 1.1604e-04
149/348 [===========>..................] - ETA: 3s - batch_cost: 0.0158 - reader cost: 1.1371e-04
153/348 [============>.................] - ETA: 3s - batch_cost: 0.0158 - reader cost: 1.1074e-04
157/348 [============>.................] - ETA: 3s - batch_cost: 0.0157 - reader cost: 1.0791e-04
160/348 [============>.................] - ETA: 3s - batch_cost: 0.0158 - reader cost: 1.0589e-04
164/348 [=============>................] - ETA: 2s - batch_cost: 0.0158 - reader cost: 1.0331e-04
168/348 [=============>................] - ETA: 2s - batch_cost: 0.0158 - reader cost: 1.1279e-04
172/348 [=============>................] - ETA: 2s - batch_cost: 0.0158 - reader cost: 1.1599e-04
175/348 [==============>...............] - ETA: 2s - batch_cost: 0.0158 - reader cost: 1.1400e-04
178/348 [==============>...............] - ETA: 2s - batch_cost: 0.0158 - reader cost: 1.1208e-04
181/348 [==============>...............] - ETA: 2s - batch_cost: 0.0158 - reader cost: 1.1022e-04
185/348 [==============>...............] - ETA: 2s - batch_cost: 0.0158 - reader cost: 1.0784e-04
188/348 [===============>..............] - ETA: 2s - batch_cost: 0.0159 - reader cost: 1.0612e-04
192/348 [===============>..............] - ETA: 2s - batch_cost: 0.0158 - reader cost: 1.0910e-04
196/348 [===============>..............] - ETA: 2s - batch_cost: 0.0158 - reader cost: 1.0687e-04
200/348 [================>.............] - ETA: 2s - batch_cost: 0.0158 - reader cost: 1.0473e-04
204/348 [================>.............] - ETA: 2s - batch_cost: 0.0158 - reader cost: 1.0268e-04
208/348 [================>.............] - ETA: 2s - batch_cost: 0.0157 - reader cost: 1.0071e-04
212/348 [=================>............] - ETA: 2s - batch_cost: 0.0157 - reader cost: 9.8805e-05
215/348 [=================>............] - ETA: 2s - batch_cost: 0.0157 - reader cost: 9.7427e-05
218/348 [=================>............] - ETA: 2s - batch_cost: 0.0157 - reader cost: 9.6086e-05
221/348 [==================>...........] - ETA: 2s - batch_cost: 0.0158 - reader cost: 9.9308e-05
224/348 [==================>...........] - ETA: 1s - batch_cost: 0.0158 - reader cost: 9.7978e-05
228/348 [==================>...........] - ETA: 1s - batch_cost: 0.0158 - reader cost: 9.6259e-05
232/348 [===================>..........] - ETA: 1s - batch_cost: 0.0158 - reader cost: 1.0326e-04
236/348 [===================>..........] - ETA: 1s - batch_cost: 0.0157 - reader cost: 1.0151e-04
240/348 [===================>..........] - ETA: 1s - batch_cost: 0.0157 - reader cost: 9.9818e-05
244/348 [====================>.........] - ETA: 1s - batch_cost: 0.0157 - reader cost: 9.8182e-05
248/348 [====================>.........] - ETA: 1s - batch_cost: 0.0157 - reader cost: 9.6598e-05
252/348 [====================>.........] - ETA: 1s - batch_cost: 0.0157 - reader cost: 9.9062e-05
256/348 [=====================>........] - ETA: 1s - batch_cost: 0.0157 - reader cost: 9.7514e-05
260/348 [=====================>........] - ETA: 1s - batch_cost: 0.0156 - reader cost: 9.6014e-05
264/348 [=====================>........] - ETA: 1s - batch_cost: 0.0156 - reader cost: 9.4559e-05
268/348 [======================>.......] - ETA: 1s - batch_cost: 0.0156 - reader cost: 9.3148e-05
272/348 [======================>.......] - ETA: 1s - batch_cost: 0.0156 - reader cost: 9.9103e-05
275/348 [======================>.......] - ETA: 1s - batch_cost: 0.0157 - reader cost: 9.8022e-05
278/348 [======================>.......] - ETA: 1s - batch_cost: 0.0157 - reader cost: 9.6964e-05
281/348 [=======================>......] - ETA: 1s - batch_cost: 0.0157 - reader cost: 9.5929e-05
285/348 [=======================>......] - ETA: 1s - batch_cost: 0.0157 - reader cost: 9.4583e-05
288/348 [=======================>......] - ETA: 0s - batch_cost: 0.0158 - reader cost: 9.3598e-05
291/348 [========================>.....] - ETA: 0s - batch_cost: 0.0158 - reader cost: 9.2633e-05
294/348 [========================>.....] - ETA: 0s - batch_cost: 0.0158 - reader cost: 9.5063e-05
297/348 [========================>.....] - ETA: 0s - batch_cost: 0.0158 - reader cost: 9.4102e-05
301/348 [========================>.....] - ETA: 0s - batch_cost: 0.0158 - reader cost: 9.2852e-05
304/348 [=========================>....] - ETA: 0s - batch_cost: 0.0159 - reader cost: 9.1935e-05
308/348 [=========================>....] - ETA: 0s - batch_cost: 0.0158 - reader cost: 9.0741e-05
312/348 [=========================>....] - ETA: 0s - batch_cost: 0.0158 - reader cost: 8.9578e-05
315/348 [==========================>...] - ETA: 0s - batch_cost: 0.0158 - reader cost: 8.8725e-05
318/348 [==========================>...] - ETA: 0s - batch_cost: 0.0159 - reader cost: 8.7888e-05
323/348 [==========================>...] - ETA: 0s - batch_cost: 0.0158 - reader cost: 8.6527e-05
327/348 [===========================>..] - ETA: 0s - batch_cost: 0.0158 - reader cost: 8.5469e-05
331/348 [===========================>..] - ETA: 0s - batch_cost: 0.0158 - reader cost: 8.4436e-05
335/348 [===========================>..] - ETA: 0s - batch_cost: 0.0158 - reader cost: 8.3428e-05
339/348 [============================>.] - ETA: 0s - batch_cost: 0.0157 - reader cost: 8.2444e-05
343/348 [============================>.] - ETA: 0s - batch_cost: 0.0158 - reader cost: 8.1482e-05
348/348 [==============================] - 6s 16ms/step - batch_cost: 0.0157 - reader cost: 8.0311e-05

  1/348 [..............................] - ETA: 14s - batch_cost: 0.0410 - reader cost: 0.0138
  3/348 [..............................] - ETA: 10s - batch_cost: 0.0312 - reader cost: 0.0049
  6/348 [..............................] - ETA: 8s - batch_cost: 0.0252 - reader cost: 0.0025 
  9/348 [..............................] - ETA: 8s - batch_cost: 0.0242 - reader cost: 0.0016
 12/348 [>.............................] - ETA: 7s - batch_cost: 0.0233 - reader cost: 0.0012
 15/348 [>.............................] - ETA: 7s - batch_cost: 0.0222 - reader cost: 0.0010
 18/348 [>.............................] - ETA: 7s - batch_cost: 0.0217 - reader cost: 8.5256e-04
 21/348 [>.............................] - ETA: 7s - batch_cost: 0.0213 - reader cost: 7.3076e-04
 24/348 [=>............................] - ETA: 6s - batch_cost: 0.0207 - reader cost: 6.3942e-04
 28/348 [=>............................] - ETA: 6s - batch_cost: 0.0200 - reader cost: 5.4807e-04
 31/348 [=>............................] - ETA: 6s - batch_cost: 0.0198 - reader cost: 4.9503e-04
 34/348 [=>............................] - ETA: 6s - batch_cost: 0.0200 - reader cost: 4.8077e-04
 37/348 [==>...........................] - ETA: 6s - batch_cost: 0.0202 - reader cost: 4.6880e-04
 40/348 [==>...........................] - ETA: 6s - batch_cost: 0.0203 - reader cost: 4.3364e-04
 43/348 [==>...........................] - ETA: 6s - batch_cost: 0.0203 - reader cost: 4.0339e-04
 46/348 [==>...........................] - ETA: 6s - batch_cost: 0.0202 - reader cost: 3.7708e-04
 49/348 [===>..........................] - ETA: 6s - batch_cost: 0.0203 - reader cost: 3.5399e-04
 52/348 [===>..........................] - ETA: 6s - batch_cost: 0.0203 - reader cost: 3.3357e-04
 55/348 [===>..........................] - ETA: 5s - batch_cost: 0.0202 - reader cost: 3.1538e-04
 58/348 [====>.........................] - ETA: 5s - batch_cost: 0.0200 - reader cost: 2.9906e-04
 62/348 [====>.........................] - ETA: 5s - batch_cost: 0.0198 - reader cost: 2.9591e-04
 65/348 [====>.........................] - ETA: 5s - batch_cost: 0.0198 - reader cost: 2.8225e-04
 68/348 [====>.........................] - ETA: 5s - batch_cost: 0.0198 - reader cost: 2.6980e-04
 71/348 [=====>........................] - ETA: 5s - batch_cost: 0.0198 - reader cost: 2.5840e-04
 74/348 [=====>........................] - ETA: 5s - batch_cost: 0.0197 - reader cost: 2.4792e-04
 77/348 [=====>........................] - ETA: 5s - batch_cost: 0.0196 - reader cost: 2.5841e-04
 80/348 [=====>........................] - ETA: 5s - batch_cost: 0.0197 - reader cost: 2.6751e-04
 83/348 [======>.......................] - ETA: 5s - batch_cost: 0.0197 - reader cost: 2.5784e-04
 87/348 [======>.......................] - ETA: 5s - batch_cost: 0.0194 - reader cost: 2.4598e-04
 91/348 [======>.......................] - ETA: 4s - batch_cost: 0.0192 - reader cost: 2.3517e-04
 94/348 [=======>......................] - ETA: 4s - batch_cost: 0.0191 - reader cost: 2.2767e-04
 97/348 [=======>......................] - ETA: 4s - batch_cost: 0.0191 - reader cost: 2.2063e-04
101/348 [=======>......................] - ETA: 4s - batch_cost: 0.0189 - reader cost: 2.1189e-04
105/348 [========>.....................] - ETA: 4s - batch_cost: 0.0187 - reader cost: 2.0382e-04
109/348 [========>.....................] - ETA: 4s - batch_cost: 0.0185 - reader cost: 1.9634e-04
113/348 [========>.....................] - ETA: 4s - batch_cost: 0.0184 - reader cost: 1.8939e-04
117/348 [=========>....................] - ETA: 4s - batch_cost: 0.0183 - reader cost: 1.8291e-04
120/348 [=========>....................] - ETA: 4s - batch_cost: 0.0182 - reader cost: 1.7834e-04
123/348 [=========>....................] - ETA: 4s - batch_cost: 0.0183 - reader cost: 1.7399e-04
126/348 [=========>....................] - ETA: 4s - batch_cost: 0.0183 - reader cost: 1.6985e-04
130/348 [==========>...................] - ETA: 3s - batch_cost: 0.0181 - reader cost: 1.7225e-04
133/348 [==========>...................] - ETA: 3s - batch_cost: 0.0181 - reader cost: 1.6836e-04
136/348 [==========>...................] - ETA: 3s - batch_cost: 0.0181 - reader cost: 1.6465e-04
139/348 [==========>...................] - ETA: 3s - batch_cost: 0.0181 - reader cost: 1.6110e-04
142/348 [===========>..................] - ETA: 3s - batch_cost: 0.0182 - reader cost: 1.5769e-04
145/348 [===========>..................] - ETA: 3s - batch_cost: 0.0183 - reader cost: 1.5443e-04
148/348 [===========>..................] - ETA: 3s - batch_cost: 0.0183 - reader cost: 1.5130e-04
151/348 [============>.................] - ETA: 3s - batch_cost: 0.0183 - reader cost: 1.5492e-04
155/348 [============>.................] - ETA: 3s - batch_cost: 0.0182 - reader cost: 1.6380e-04
158/348 [============>.................] - ETA: 3s - batch_cost: 0.0182 - reader cost: 1.6069e-04
161/348 [============>.................] - ETA: 3s - batch_cost: 0.0182 - reader cost: 1.5770e-04
164/348 [=============>................] - ETA: 3s - batch_cost: 0.0182 - reader cost: 1.5481e-04
167/348 [=============>................] - ETA: 3s - batch_cost: 0.0182 - reader cost: 1.5203e-04
170/348 [=============>................] - ETA: 3s - batch_cost: 0.0182 - reader cost: 1.5519e-04
173/348 [=============>................] - ETA: 3s - batch_cost: 0.0182 - reader cost: 1.5544e-04
176/348 [==============>...............] - ETA: 3s - batch_cost: 0.0182 - reader cost: 1.5564e-04
180/348 [==============>...............] - ETA: 3s - batch_cost: 0.0181 - reader cost: 1.5219e-04
184/348 [==============>...............] - ETA: 2s - batch_cost: 0.0180 - reader cost: 1.4888e-04
188/348 [===============>..............] - ETA: 2s - batch_cost: 0.0180 - reader cost: 1.4571e-04
191/348 [===============>..............] - ETA: 2s - batch_cost: 0.0180 - reader cost: 1.4342e-04
194/348 [===============>..............] - ETA: 2s - batch_cost: 0.0180 - reader cost: 1.4120e-04
198/348 [================>.............] - ETA: 2s - batch_cost: 0.0180 - reader cost: 1.3835e-04
201/348 [================>.............] - ETA: 2s - batch_cost: 0.0179 - reader cost: 1.3629e-04
204/348 [================>.............] - ETA: 2s - batch_cost: 0.0180 - reader cost: 1.3428e-04
208/348 [================>.............] - ETA: 2s - batch_cost: 0.0180 - reader cost: 1.3170e-04
212/348 [=================>............] - ETA: 2s - batch_cost: 0.0179 - reader cost: 1.2921e-04
216/348 [=================>............] - ETA: 2s - batch_cost: 0.0179 - reader cost: 1.3145e-04
220/348 [=================>............] - ETA: 2s - batch_cost: 0.0178 - reader cost: 1.3361e-04
224/348 [==================>...........] - ETA: 2s - batch_cost: 0.0177 - reader cost: 1.3570e-04
227/348 [==================>...........] - ETA: 2s - batch_cost: 0.0177 - reader cost: 1.3391e-04
230/348 [==================>...........] - ETA: 2s - batch_cost: 0.0177 - reader cost: 1.3216e-04
234/348 [===================>..........] - ETA: 2s - batch_cost: 0.0177 - reader cost: 1.2990e-04
237/348 [===================>..........] - ETA: 1s - batch_cost: 0.0177 - reader cost: 1.2826e-04
240/348 [===================>..........] - ETA: 1s - batch_cost: 0.0177 - reader cost: 1.2665e-04
243/348 [===================>..........] - ETA: 1s - batch_cost: 0.0177 - reader cost: 1.2509e-04
246/348 [====================>.........] - ETA: 1s - batch_cost: 0.0178 - reader cost: 1.2356e-04
249/348 [====================>.........] - ETA: 1s - batch_cost: 0.0178 - reader cost: 1.2208e-04
252/348 [====================>.........] - ETA: 1s - batch_cost: 0.0178 - reader cost: 1.2062e-04
255/348 [====================>.........] - ETA: 1s - batch_cost: 0.0178 - reader cost: 1.1920e-04
258/348 [=====================>........] - ETA: 1s - batch_cost: 0.0178 - reader cost: 1.1782e-04
261/348 [=====================>........] - ETA: 1s - batch_cost: 0.0178 - reader cost: 1.2030e-04
264/348 [=====================>........] - ETA: 1s - batch_cost: 0.0178 - reader cost: 1.1893e-04
267/348 [======================>.......] - ETA: 1s - batch_cost: 0.0178 - reader cost: 1.1760e-04
270/348 [======================>.......] - ETA: 1s - batch_cost: 0.0179 - reader cost: 1.1629e-04
273/348 [======================>.......] - ETA: 1s - batch_cost: 0.0179 - reader cost: 1.1501e-04
276/348 [======================>.......] - ETA: 1s - batch_cost: 0.0179 - reader cost: 1.1376e-04
279/348 [=======================>......] - ETA: 1s - batch_cost: 0.0179 - reader cost: 1.1254e-04
282/348 [=======================>......] - ETA: 1s - batch_cost: 0.0179 - reader cost: 1.1134e-04
285/348 [=======================>......] - ETA: 1s - batch_cost: 0.0179 - reader cost: 1.1017e-04
288/348 [=======================>......] - ETA: 1s - batch_cost: 0.0179 - reader cost: 1.0902e-04
291/348 [========================>.....] - ETA: 1s - batch_cost: 0.0179 - reader cost: 1.0790e-04
294/348 [========================>.....] - ETA: 0s - batch_cost: 0.0180 - reader cost: 1.0680e-04
297/348 [========================>.....] - ETA: 0s - batch_cost: 0.0180 - reader cost: 1.0572e-04
300/348 [========================>.....] - ETA: 0s - batch_cost: 0.0180 - reader cost: 1.0466e-04
304/348 [=========================>....] - ETA: 0s - batch_cost: 0.0179 - reader cost: 1.0328e-04
308/348 [=========================>....] - ETA: 0s - batch_cost: 0.0179 - reader cost: 1.0194e-04
311/348 [=========================>....] - ETA: 0s - batch_cost: 0.0179 - reader cost: 1.0096e-04
314/348 [==========================>...] - ETA: 0s - batch_cost: 0.0179 - reader cost: 9.9995e-05
317/348 [==========================>...] - ETA: 0s - batch_cost: 0.0179 - reader cost: 9.9048e-05
321/348 [==========================>...] - ETA: 0s - batch_cost: 0.0178 - reader cost: 9.7814e-05
324/348 [==========================>...] - ETA: 0s - batch_cost: 0.0178 - reader cost: 9.6908e-05
327/348 [===========================>..] - ETA: 0s - batch_cost: 0.0178 - reader cost: 9.6019e-05
331/348 [===========================>..] - ETA: 0s - batch_cost: 0.0178 - reader cost: 9.4859e-05
335/348 [===========================>..] - ETA: 0s - batch_cost: 0.0178 - reader cost: 9.6764e-05
338/348 [============================>.] - ETA: 0s - batch_cost: 0.0178 - reader cost: 9.5905e-05
341/348 [============================>.] - ETA: 0s - batch_cost: 0.0178 - reader cost: 9.5061e-05
344/348 [============================>.] - ETA: 0s - batch_cost: 0.0178 - reader cost: 9.4232e-05
348/348 [==============================] - 6s 18ms/step - batch_cost: 0.0178 - reader cost: 9.3149e-05

  1/348 [..............................] - ETA: 7s - batch_cost: 0.0228 - reader cost: 0.0079
  4/348 [..............................] - ETA: 6s - batch_cost: 0.0189 - reader cost: 0.0020
  8/348 [..............................] - ETA: 6s - batch_cost: 0.0179 - reader cost: 9.8318e-04
 12/348 [>.............................] - ETA: 5s - batch_cost: 0.0166 - reader cost: 6.5545e-04
 16/348 [>.............................] - ETA: 5s - batch_cost: 0.0163 - reader cost: 4.9159e-04
 19/348 [>.............................] - ETA: 5s - batch_cost: 0.0165 - reader cost: 4.1397e-04
 22/348 [>.............................] - ETA: 5s - batch_cost: 0.0168 - reader cost: 4.0296e-04
 25/348 [=>............................] - ETA: 5s - batch_cost: 0.0168 - reader cost: 3.5460e-04
 28/348 [=>............................] - ETA: 5s - batch_cost: 0.0169 - reader cost: 3.1661e-04
 31/348 [=>............................] - ETA: 5s - batch_cost: 0.0170 - reader cost: 2.8597e-04
 35/348 [==>...........................] - ETA: 5s - batch_cost: 0.0168 - reader cost: 2.5329e-04
 39/348 [==>...........................] - ETA: 5s - batch_cost: 0.0166 - reader cost: 2.2731e-04
 42/348 [==>...........................] - ETA: 5s - batch_cost: 0.0167 - reader cost: 2.1107e-04
 45/348 [==>...........................] - ETA: 5s - batch_cost: 0.0169 - reader cost: 2.1449e-04
 48/348 [===>..........................] - ETA: 5s - batch_cost: 0.0171 - reader cost: 2.0109e-04
 51/348 [===>..........................] - ETA: 5s - batch_cost: 0.0175 - reader cost: 1.8926e-04
 54/348 [===>..........................] - ETA: 5s - batch_cost: 0.0177 - reader cost: 1.7874e-04
 57/348 [===>..........................] - ETA: 5s - batch_cost: 0.0178 - reader cost: 1.6934e-04
 60/348 [====>.........................] - ETA: 5s - batch_cost: 0.0180 - reader cost: 1.6087e-04
 63/348 [====>.........................] - ETA: 5s - batch_cost: 0.0180 - reader cost: 1.5321e-04
 67/348 [====>.........................] - ETA: 5s - batch_cost: 0.0178 - reader cost: 1.4406e-04
 71/348 [=====>........................] - ETA: 4s - batch_cost: 0.0177 - reader cost: 1.3595e-04
 74/348 [=====>........................] - ETA: 4s - batch_cost: 0.0178 - reader cost: 1.3043e-04
 77/348 [=====>........................] - ETA: 4s - batch_cost: 0.0178 - reader cost: 1.2535e-04
 81/348 [=====>........................] - ETA: 4s - batch_cost: 0.0177 - reader cost: 1.1916e-04
 84/348 [======>.......................] - ETA: 4s - batch_cost: 0.0177 - reader cost: 1.1491e-04
 87/348 [======>.......................] - ETA: 4s - batch_cost: 0.0177 - reader cost: 1.1094e-04
 90/348 [======>.......................] - ETA: 4s - batch_cost: 0.0178 - reader cost: 1.0725e-04
 93/348 [=======>......................] - ETA: 4s - batch_cost: 0.0179 - reader cost: 1.1463e-04
 96/348 [=======>......................] - ETA: 4s - batch_cost: 0.0179 - reader cost: 1.2147e-04
100/348 [=======>......................] - ETA: 4s - batch_cost: 0.0178 - reader cost: 1.1662e-04
104/348 [=======>......................] - ETA: 4s - batch_cost: 0.0177 - reader cost: 1.1213e-04
108/348 [========>.....................] - ETA: 4s - batch_cost: 0.0175 - reader cost: 1.0798e-04
111/348 [========>.....................] - ETA: 4s - batch_cost: 0.0176 - reader cost: 1.1407e-04
114/348 [========>.....................] - ETA: 4s - batch_cost: 0.0176 - reader cost: 1.1107e-04
117/348 [=========>....................] - ETA: 4s - batch_cost: 0.0176 - reader cost: 1.0822e-04
121/348 [=========>....................] - ETA: 4s - batch_cost: 0.0175 - reader cost: 1.0464e-04
125/348 [=========>....................] - ETA: 3s - batch_cost: 0.0173 - reader cost: 1.0129e-04
129/348 [==========>...................] - ETA: 3s - batch_cost: 0.0173 - reader cost: 9.8151e-05
132/348 [==========>...................] - ETA: 3s - batch_cost: 0.0174 - reader cost: 9.5920e-05
135/348 [==========>...................] - ETA: 3s - batch_cost: 0.0174 - reader cost: 9.3789e-05
138/348 [==========>...................] - ETA: 3s - batch_cost: 0.0175 - reader cost: 9.1750e-05
142/348 [===========>..................] - ETA: 3s - batch_cost: 0.0174 - reader cost: 8.9165e-05
145/348 [===========>..................] - ETA: 3s - batch_cost: 0.0175 - reader cost: 8.7320e-05
148/348 [===========>..................] - ETA: 3s - batch_cost: 0.0175 - reader cost: 8.5550e-05
153/348 [============>.................] - ETA: 3s - batch_cost: 0.0173 - reader cost: 8.2755e-05
157/348 [============>.................] - ETA: 3s - batch_cost: 0.0173 - reader cost: 8.0646e-05
160/348 [============>.................] - ETA: 3s - batch_cost: 0.0173 - reader cost: 8.2393e-05
163/348 [=============>................] - ETA: 3s - batch_cost: 0.0172 - reader cost: 8.0877e-05
166/348 [=============>................] - ETA: 3s - batch_cost: 0.0173 - reader cost: 8.5439e-05
170/348 [=============>................] - ETA: 3s - batch_cost: 0.0172 - reader cost: 8.3428e-05
173/348 [=============>................] - ETA: 3s - batch_cost: 0.0173 - reader cost: 9.3552e-05
176/348 [==============>...............] - ETA: 3s - batch_cost: 0.0173 - reader cost: 9.1958e-05
180/348 [==============>...............] - ETA: 2s - batch_cost: 0.0173 - reader cost: 8.9914e-05
183/348 [==============>...............] - ETA: 2s - batch_cost: 0.0173 - reader cost: 9.3861e-05
187/348 [===============>..............] - ETA: 2s - batch_cost: 0.0172 - reader cost: 9.7191e-05
190/348 [===============>..............] - ETA: 2s - batch_cost: 0.0172 - reader cost: 9.5656e-05
194/348 [===============>..............] - ETA: 2s - batch_cost: 0.0172 - reader cost: 9.3684e-05
198/348 [================>.............] - ETA: 2s - batch_cost: 0.0171 - reader cost: 9.1791e-05
202/348 [================>.............] - ETA: 2s - batch_cost: 0.0171 - reader cost: 8.9974e-05
205/348 [================>.............] - ETA: 2s - batch_cost: 0.0171 - reader cost: 8.8657e-05
209/348 [=================>............] - ETA: 2s - batch_cost: 0.0171 - reader cost: 8.6960e-05
213/348 [=================>............] - ETA: 2s - batch_cost: 0.0171 - reader cost: 8.5327e-05
216/348 [=================>............] - ETA: 2s - batch_cost: 0.0171 - reader cost: 8.4142e-05
220/348 [=================>............] - ETA: 2s - batch_cost: 0.0171 - reader cost: 8.2612e-05
224/348 [==================>...........] - ETA: 2s - batch_cost: 0.0171 - reader cost: 9.0085e-05
227/348 [==================>...........] - ETA: 2s - batch_cost: 0.0171 - reader cost: 9.5524e-05
230/348 [==================>...........] - ETA: 2s - batch_cost: 0.0172 - reader cost: 9.4278e-05
233/348 [===================>..........] - ETA: 2s - batch_cost: 0.0173 - reader cost: 9.3064e-05
236/348 [===================>..........] - ETA: 1s - batch_cost: 0.0174 - reader cost: 9.1881e-05
238/348 [===================>..........] - ETA: 1s - batch_cost: 0.0174 - reader cost: 9.1109e-05
241/348 [===================>..........] - ETA: 1s - batch_cost: 0.0175 - reader cost: 8.9975e-05
244/348 [====================>.........] - ETA: 1s - batch_cost: 0.0176 - reader cost: 9.2969e-05
246/348 [====================>.........] - ETA: 1s - batch_cost: 0.0177 - reader cost: 9.6246e-05
248/348 [====================>.........] - ETA: 1s - batch_cost: 0.0177 - reader cost: 9.5470e-05
250/348 [====================>.........] - ETA: 1s - batch_cost: 0.0178 - reader cost: 9.4707e-05
253/348 [====================>.........] - ETA: 1s - batch_cost: 0.0179 - reader cost: 9.3584e-05
256/348 [=====================>........] - ETA: 1s - batch_cost: 0.0179 - reader cost: 9.6391e-05
259/348 [=====================>........] - ETA: 1s - batch_cost: 0.0179 - reader cost: 9.5274e-05
262/348 [=====================>........] - ETA: 1s - batch_cost: 0.0179 - reader cost: 9.7972e-05
265/348 [=====================>........] - ETA: 1s - batch_cost: 0.0179 - reader cost: 9.6863e-05
268/348 [======================>.......] - ETA: 1s - batch_cost: 0.0179 - reader cost: 9.5778e-05
272/348 [======================>.......] - ETA: 1s - batch_cost: 0.0179 - reader cost: 9.4370e-05
276/348 [======================>.......] - ETA: 1s - batch_cost: 0.0178 - reader cost: 9.3002e-05
280/348 [=======================>......] - ETA: 1s - batch_cost: 0.0177 - reader cost: 9.5218e-05
283/348 [=======================>......] - ETA: 1s - batch_cost: 0.0177 - reader cost: 9.4208e-05
286/348 [=======================>......] - ETA: 1s - batch_cost: 0.0178 - reader cost: 9.3220e-05
289/348 [=======================>......] - ETA: 1s - batch_cost: 0.0178 - reader cost: 9.2252e-05
292/348 [========================>.....] - ETA: 1s - batch_cost: 0.0178 - reader cost: 9.4742e-05
295/348 [========================>.....] - ETA: 0s - batch_cost: 0.0178 - reader cost: 9.3779e-05
298/348 [========================>.....] - ETA: 0s - batch_cost: 0.0178 - reader cost: 9.2834e-05
301/348 [========================>.....] - ETA: 0s - batch_cost: 0.0178 - reader cost: 9.1909e-05
304/348 [=========================>....] - ETA: 0s - batch_cost: 0.0178 - reader cost: 9.1002e-05
308/348 [=========================>....] - ETA: 0s - batch_cost: 0.0178 - reader cost: 8.9820e-05
311/348 [=========================>....] - ETA: 0s - batch_cost: 0.0178 - reader cost: 8.8954e-05
314/348 [==========================>...] - ETA: 0s - batch_cost: 0.0178 - reader cost: 9.1293e-05
317/348 [==========================>...] - ETA: 0s - batch_cost: 0.0178 - reader cost: 9.0429e-05
320/348 [==========================>...] - ETA: 0s - batch_cost: 0.0178 - reader cost: 8.9581e-05
324/348 [==========================>...] - ETA: 0s - batch_cost: 0.0178 - reader cost: 9.0530e-05
327/348 [===========================>..] - ETA: 0s - batch_cost: 0.0178 - reader cost: 8.9699e-05
330/348 [===========================>..] - ETA: 0s - batch_cost: 0.0178 - reader cost: 8.8884e-05
334/348 [===========================>..] - ETA: 0s - batch_cost: 0.0178 - reader cost: 8.7819e-05
337/348 [============================>.] - ETA: 0s - batch_cost: 0.0178 - reader cost: 9.0005e-05
341/348 [============================>.] - ETA: 0s - batch_cost: 0.0178 - reader cost: 8.8950e-05
344/348 [============================>.] - ETA: 0s - batch_cost: 0.0178 - reader cost: 9.2547e-05
348/348 [==============================] - 6s 18ms/step - batch_cost: 0.0177 - reader cost: 9.1484e-05

  1/348 [..............................] - ETA: 11s - batch_cost: 0.0332 - reader cost: 0.0130
  3/348 [..............................] - ETA: 9s - batch_cost: 0.0281 - reader cost: 0.0047 
  6/348 [..............................] - ETA: 8s - batch_cost: 0.0242 - reader cost: 0.0025
  9/348 [..............................] - ETA: 7s - batch_cost: 0.0219 - reader cost: 0.0017
 12/348 [>.............................] - ETA: 7s - batch_cost: 0.0210 - reader cost: 0.0013
 16/348 [>.............................] - ETA: 6s - batch_cost: 0.0200 - reader cost: 9.3861e-04
 19/348 [>.............................] - ETA: 6s - batch_cost: 0.0199 - reader cost: 7.9041e-04
 23/348 [>.............................] - ETA: 6s - batch_cost: 0.0192 - reader cost: 6.5295e-04
 26/348 [=>............................] - ETA: 6s - batch_cost: 0.0189 - reader cost: 5.7761e-04
 29/348 [=>............................] - ETA: 6s - batch_cost: 0.0190 - reader cost: 5.1785e-04
 32/348 [=>............................] - ETA: 5s - batch_cost: 0.0188 - reader cost: 4.6930e-04
 36/348 [==>...........................] - ETA: 5s - batch_cost: 0.0183 - reader cost: 4.1716e-04
 40/348 [==>...........................] - ETA: 5s - batch_cost: 0.0179 - reader cost: 3.7544e-04
 44/348 [==>...........................] - ETA: 5s - batch_cost: 0.0176 - reader cost: 3.6404e-04
 48/348 [===>..........................] - ETA: 5s - batch_cost: 0.0174 - reader cost: 3.3370e-04
 52/348 [===>..........................] - ETA: 5s - batch_cost: 0.0171 - reader cost: 3.0803e-04
 56/348 [===>..........................] - ETA: 5s - batch_cost: 0.0171 - reader cost: 2.9502e-04
 60/348 [====>.........................] - ETA: 4s - batch_cost: 0.0169 - reader cost: 2.7535e-04
 64/348 [====>.........................] - ETA: 4s - batch_cost: 0.0167 - reader cost: 2.5814e-04
 68/348 [====>.........................] - ETA: 4s - batch_cost: 0.0166 - reader cost: 2.5770e-04
 72/348 [=====>........................] - ETA: 4s - batch_cost: 0.0165 - reader cost: 2.5771e-04
 76/348 [=====>........................] - ETA: 4s - batch_cost: 0.0164 - reader cost: 2.4415e-04
 80/348 [=====>........................] - ETA: 4s - batch_cost: 0.0162 - reader cost: 2.3194e-04
 84/348 [======>.......................] - ETA: 4s - batch_cost: 0.0162 - reader cost: 2.2090e-04
 88/348 [======>.......................] - ETA: 4s - batch_cost: 0.0161 - reader cost: 2.1086e-04
 92/348 [======>.......................] - ETA: 4s - batch_cost: 0.0160 - reader cost: 2.0169e-04
 96/348 [=======>......................] - ETA: 4s - batch_cost: 0.0159 - reader cost: 2.0373e-04
100/348 [=======>......................] - ETA: 3s - batch_cost: 0.0158 - reader cost: 1.9558e-04
104/348 [=======>......................] - ETA: 3s - batch_cost: 0.0159 - reader cost: 1.8805e-04
107/348 [========>.....................] - ETA: 3s - batch_cost: 0.0159 - reader cost: 1.8278e-04
111/348 [========>.....................] - ETA: 3s - batch_cost: 0.0159 - reader cost: 1.7620e-04
115/348 [========>.....................] - ETA: 3s - batch_cost: 0.0159 - reader cost: 1.7007e-04
119/348 [=========>....................] - ETA: 3s - batch_cost: 0.0158 - reader cost: 1.6435e-04
123/348 [=========>....................] - ETA: 3s - batch_cost: 0.0158 - reader cost: 1.6707e-04
126/348 [=========>....................] - ETA: 3s - batch_cost: 0.0159 - reader cost: 1.6309e-04
129/348 [==========>...................] - ETA: 3s - batch_cost: 0.0159 - reader cost: 1.5930e-04
133/348 [==========>...................] - ETA: 3s - batch_cost: 0.0159 - reader cost: 1.5451e-04
137/348 [==========>...................] - ETA: 3s - batch_cost: 0.0159 - reader cost: 1.4999e-04
141/348 [===========>..................] - ETA: 3s - batch_cost: 0.0158 - reader cost: 1.4574e-04
145/348 [===========>..................] - ETA: 3s - batch_cost: 0.0158 - reader cost: 1.4172e-04
149/348 [===========>..................] - ETA: 3s - batch_cost: 0.0157 - reader cost: 1.3791e-04
153/348 [============>.................] - ETA: 3s - batch_cost: 0.0157 - reader cost: 1.3431e-04
157/348 [============>.................] - ETA: 3s - batch_cost: 0.0157 - reader cost: 1.3089e-04
161/348 [============>.................] - ETA: 2s - batch_cost: 0.0158 - reader cost: 1.2764e-04
164/348 [=============>................] - ETA: 2s - batch_cost: 0.0158 - reader cost: 1.2530e-04
167/348 [=============>................] - ETA: 2s - batch_cost: 0.0159 - reader cost: 1.2305e-04
170/348 [=============>................] - ETA: 2s - batch_cost: 0.0159 - reader cost: 1.2088e-04
173/348 [=============>................] - ETA: 2s - batch_cost: 0.0159 - reader cost: 1.1878e-04
176/348 [==============>...............] - ETA: 2s - batch_cost: 0.0160 - reader cost: 1.1676e-04
179/348 [==============>...............] - ETA: 2s - batch_cost: 0.0160 - reader cost: 1.1480e-04
183/348 [==============>...............] - ETA: 2s - batch_cost: 0.0160 - reader cost: 1.1229e-04
187/348 [===============>..............] - ETA: 2s - batch_cost: 0.0159 - reader cost: 1.0989e-04
191/348 [===============>..............] - ETA: 2s - batch_cost: 0.0159 - reader cost: 1.0759e-04
195/348 [===============>..............] - ETA: 2s - batch_cost: 0.0159 - reader cost: 1.0538e-04
198/348 [================>.............] - ETA: 2s - batch_cost: 0.0159 - reader cost: 1.0378e-04
201/348 [================>.............] - ETA: 2s - batch_cost: 0.0160 - reader cost: 1.0224e-04
204/348 [================>.............] - ETA: 2s - batch_cost: 0.0161 - reader cost: 1.0073e-04
207/348 [================>.............] - ETA: 2s - batch_cost: 0.0161 - reader cost: 9.9272e-05
210/348 [=================>............] - ETA: 2s - batch_cost: 0.0161 - reader cost: 9.7854e-05
213/348 [=================>............] - ETA: 2s - batch_cost: 0.0161 - reader cost: 9.6476e-05
217/348 [=================>............] - ETA: 2s - batch_cost: 0.0161 - reader cost: 9.4697e-05
221/348 [==================>...........] - ETA: 2s - batch_cost: 0.0161 - reader cost: 9.2983e-05
225/348 [==================>...........] - ETA: 1s - batch_cost: 0.0161 - reader cost: 9.1330e-05
228/348 [==================>...........] - ETA: 1s - batch_cost: 0.0161 - reader cost: 9.0128e-05
232/348 [===================>..........] - ETA: 1s - batch_cost: 0.0161 - reader cost: 8.8575e-05
236/348 [===================>..........] - ETA: 1s - batch_cost: 0.0161 - reader cost: 8.7073e-05
240/348 [===================>..........] - ETA: 1s - batch_cost: 0.0160 - reader cost: 8.5622e-05
244/348 [====================>.........] - ETA: 1s - batch_cost: 0.0160 - reader cost: 8.4218e-05
247/348 [====================>.........] - ETA: 1s - batch_cost: 0.0160 - reader cost: 8.7256e-05
250/348 [====================>.........] - ETA: 1s - batch_cost: 0.0160 - reader cost: 8.6209e-05
253/348 [====================>.........] - ETA: 1s - batch_cost: 0.0161 - reader cost: 8.5187e-05
256/348 [=====================>........] - ETA: 1s - batch_cost: 0.0161 - reader cost: 8.4189e-05
259/348 [=====================>........] - ETA: 1s - batch_cost: 0.0161 - reader cost: 8.3214e-05
262/348 [=====================>........] - ETA: 1s - batch_cost: 0.0161 - reader cost: 8.2261e-05
265/348 [=====================>........] - ETA: 1s - batch_cost: 0.0162 - reader cost: 8.1330e-05
268/348 [======================>.......] - ETA: 1s - batch_cost: 0.0162 - reader cost: 8.0419e-05
272/348 [======================>.......] - ETA: 1s - batch_cost: 0.0162 - reader cost: 7.9236e-05
275/348 [======================>.......] - ETA: 1s - batch_cost: 0.0162 - reader cost: 7.8372e-05
278/348 [======================>.......] - ETA: 1s - batch_cost: 0.0162 - reader cost: 7.7526e-05
281/348 [=======================>......] - ETA: 1s - batch_cost: 0.0162 - reader cost: 7.6699e-05
284/348 [=======================>......] - ETA: 1s - batch_cost: 0.0163 - reader cost: 7.5888e-05
287/348 [=======================>......] - ETA: 1s - batch_cost: 0.0163 - reader cost: 8.2065e-05
290/348 [========================>.....] - ETA: 0s - batch_cost: 0.0164 - reader cost: 8.4665e-05
293/348 [========================>.....] - ETA: 0s - batch_cost: 0.0164 - reader cost: 8.3798e-05
297/348 [========================>.....] - ETA: 0s - batch_cost: 0.0164 - reader cost: 8.2669e-05
300/348 [========================>.....] - ETA: 0s - batch_cost: 0.0164 - reader cost: 8.1843e-05
303/348 [=========================>....] - ETA: 0s - batch_cost: 0.0164 - reader cost: 8.4359e-05
306/348 [=========================>....] - ETA: 0s - batch_cost: 0.0164 - reader cost: 8.3532e-05
309/348 [=========================>....] - ETA: 0s - batch_cost: 0.0164 - reader cost: 8.2721e-05
312/348 [=========================>....] - ETA: 0s - batch_cost: 0.0165 - reader cost: 8.1926e-05
315/348 [==========================>...] - ETA: 0s - batch_cost: 0.0165 - reader cost: 8.1146e-05
318/348 [==========================>...] - ETA: 0s - batch_cost: 0.0165 - reader cost: 8.0380e-05
322/348 [==========================>...] - ETA: 0s - batch_cost: 0.0165 - reader cost: 7.9382e-05
326/348 [===========================>..] - ETA: 0s - batch_cost: 0.0165 - reader cost: 7.8408e-05
330/348 [===========================>..] - ETA: 0s - batch_cost: 0.0165 - reader cost: 7.9073e-05
333/348 [===========================>..] - ETA: 0s - batch_cost: 0.0165 - reader cost: 7.8361e-05
337/348 [============================>.] - ETA: 0s - batch_cost: 0.0164 - reader cost: 7.7431e-05
340/348 [============================>.] - ETA: 0s - batch_cost: 0.0165 - reader cost: 7.6748e-05
343/348 [============================>.] - ETA: 0s - batch_cost: 0.0165 - reader cost: 7.6076e-05
347/348 [============================>.] - ETA: 0s - batch_cost: 0.0165 - reader cost: 7.5199e-05
348/348 [==============================] - 6s 17ms/step - batch_cost: 0.0165 - reader cost: 7.4983e-05

  1/348 [..............................] - ETA: 12s - batch_cost: 0.0346 - reader cost: 0.0110
  4/348 [..............................] - ETA: 8s - batch_cost: 0.0246 - reader cost: 0.0028 
  7/348 [..............................] - ETA: 7s - batch_cost: 0.0231 - reader cost: 0.0016
 10/348 [..............................] - ETA: 7s - batch_cost: 0.0220 - reader cost: 0.0011
 13/348 [>.............................] - ETA: 7s - batch_cost: 0.0208 - reader cost: 8.8926e-04
 16/348 [>.............................] - ETA: 6s - batch_cost: 0.0201 - reader cost: 7.2253e-04
 20/348 [>.............................] - ETA: 6s - batch_cost: 0.0189 - reader cost: 5.7802e-04
 24/348 [=>............................] - ETA: 6s - batch_cost: 0.0183 - reader cost: 4.8169e-04
 28/348 [=>............................] - ETA: 5s - batch_cost: 0.0180 - reader cost: 4.1287e-04
 32/348 [=>............................] - ETA: 5s - batch_cost: 0.0178 - reader cost: 3.9248e-04
 36/348 [==>...........................] - ETA: 5s - batch_cost: 0.0175 - reader cost: 3.4887e-04
 40/348 [==>...........................] - ETA: 5s - batch_cost: 0.0170 - reader cost: 3.6408e-04
 44/348 [==>...........................] - ETA: 5s - batch_cost: 0.0169 - reader cost: 3.3098e-04
 48/348 [===>..........................] - ETA: 5s - batch_cost: 0.0168 - reader cost: 3.3518e-04
 51/348 [===>..........................] - ETA: 5s - batch_cost: 0.0168 - reader cost: 3.1547e-04
 54/348 [===>..........................] - ETA: 5s - batch_cost: 0.0169 - reader cost: 2.9794e-04
 57/348 [===>..........................] - ETA: 4s - batch_cost: 0.0169 - reader cost: 2.9988e-04
 60/348 [====>.........................] - ETA: 4s - batch_cost: 0.0169 - reader cost: 3.0155e-04
 64/348 [====>.........................] - ETA: 4s - batch_cost: 0.0169 - reader cost: 2.8270e-04
 67/348 [====>.........................] - ETA: 4s - batch_cost: 0.0169 - reader cost: 2.8497e-04
 70/348 [=====>........................] - ETA: 4s - batch_cost: 0.0169 - reader cost: 2.8702e-04
 74/348 [=====>........................] - ETA: 4s - batch_cost: 0.0169 - reader cost: 2.8525e-04
 78/348 [=====>........................] - ETA: 4s - batch_cost: 0.0168 - reader cost: 2.7062e-04
 82/348 [======>.......................] - ETA: 4s - batch_cost: 0.0167 - reader cost: 2.5742e-04
 85/348 [======>.......................] - ETA: 4s - batch_cost: 0.0167 - reader cost: 2.6013e-04
 89/348 [======>.......................] - ETA: 4s - batch_cost: 0.0165 - reader cost: 2.4844e-04
 93/348 [=======>......................] - ETA: 4s - batch_cost: 0.0165 - reader cost: 2.3776e-04
 96/348 [=======>......................] - ETA: 4s - batch_cost: 0.0165 - reader cost: 2.3033e-04
 99/348 [=======>......................] - ETA: 4s - batch_cost: 0.0166 - reader cost: 2.2335e-04
103/348 [=======>......................] - ETA: 4s - batch_cost: 0.0165 - reader cost: 2.2428e-04
106/348 [========>.....................] - ETA: 4s - batch_cost: 0.0166 - reader cost: 2.1793e-04
109/348 [========>.....................] - ETA: 4s - batch_cost: 0.0166 - reader cost: 2.1193e-04
112/348 [========>.....................] - ETA: 3s - batch_cost: 0.0167 - reader cost: 2.0626e-04
115/348 [========>.....................] - ETA: 3s - batch_cost: 0.0167 - reader cost: 2.0088e-04
118/348 [=========>....................] - ETA: 3s - batch_cost: 0.0167 - reader cost: 1.9577e-04
121/348 [=========>....................] - ETA: 3s - batch_cost: 0.0168 - reader cost: 1.9911e-04
124/348 [=========>....................] - ETA: 3s - batch_cost: 0.0169 - reader cost: 1.9429e-04
127/348 [=========>....................] - ETA: 3s - batch_cost: 0.0169 - reader cost: 1.9394e-04
131/348 [==========>...................] - ETA: 3s - batch_cost: 0.0169 - reader cost: 1.8802e-04
135/348 [==========>...................] - ETA: 3s - batch_cost: 0.0168 - reader cost: 1.8245e-04
139/348 [==========>...................] - ETA: 3s - batch_cost: 0.0167 - reader cost: 1.7720e-04
143/348 [===========>..................] - ETA: 3s - batch_cost: 0.0167 - reader cost: 1.7224e-04
146/348 [===========>..................] - ETA: 3s - batch_cost: 0.0167 - reader cost: 1.6870e-04
150/348 [===========>..................] - ETA: 3s - batch_cost: 0.0166 - reader cost: 1.6420e-04
154/348 [============>.................] - ETA: 3s - batch_cost: 0.0166 - reader cost: 1.5994e-04
158/348 [============>.................] - ETA: 3s - batch_cost: 0.0166 - reader cost: 1.5589e-04
162/348 [============>.................] - ETA: 3s - batch_cost: 0.0166 - reader cost: 1.5204e-04
166/348 [=============>................] - ETA: 3s - batch_cost: 0.0165 - reader cost: 1.4838e-04
170/348 [=============>................] - ETA: 2s - batch_cost: 0.0164 - reader cost: 1.5665e-04
174/348 [==============>...............] - ETA: 2s - batch_cost: 0.0163 - reader cost: 1.5305e-04
178/348 [==============>...............] - ETA: 2s - batch_cost: 0.0163 - reader cost: 1.5523e-04
182/348 [==============>...............] - ETA: 2s - batch_cost: 0.0163 - reader cost: 1.5181e-04
186/348 [===============>..............] - ETA: 2s - batch_cost: 0.0163 - reader cost: 1.4855e-04
190/348 [===============>..............] - ETA: 2s - batch_cost: 0.0163 - reader cost: 1.4542e-04
193/348 [===============>..............] - ETA: 2s - batch_cost: 0.0163 - reader cost: 1.4316e-04
197/348 [===============>..............] - ETA: 2s - batch_cost: 0.0163 - reader cost: 1.4026e-04
201/348 [================>.............] - ETA: 2s - batch_cost: 0.0162 - reader cost: 1.3746e-04
205/348 [================>.............] - ETA: 2s - batch_cost: 0.0162 - reader cost: 1.3478e-04
209/348 [=================>............] - ETA: 2s - batch_cost: 0.0161 - reader cost: 1.3220e-04
213/348 [=================>............] - ETA: 2s - batch_cost: 0.0161 - reader cost: 1.2972e-04
217/348 [=================>............] - ETA: 2s - batch_cost: 0.0160 - reader cost: 1.2733e-04
220/348 [=================>............] - ETA: 2s - batch_cost: 0.0161 - reader cost: 1.3014e-04
223/348 [==================>...........] - ETA: 2s - batch_cost: 0.0161 - reader cost: 1.2839e-04
227/348 [==================>...........] - ETA: 1s - batch_cost: 0.0161 - reader cost: 1.2613e-04
231/348 [==================>...........] - ETA: 1s - batch_cost: 0.0161 - reader cost: 1.2394e-04
235/348 [===================>..........] - ETA: 1s - batch_cost: 0.0161 - reader cost: 1.2183e-04
239/348 [===================>..........] - ETA: 1s - batch_cost: 0.0160 - reader cost: 1.1979e-04
243/348 [===================>..........] - ETA: 1s - batch_cost: 0.0160 - reader cost: 1.1782e-04
246/348 [====================>.........] - ETA: 1s - batch_cost: 0.0161 - reader cost: 1.1639e-04
249/348 [====================>.........] - ETA: 1s - batch_cost: 0.0161 - reader cost: 1.1498e-04
252/348 [====================>.........] - ETA: 1s - batch_cost: 0.0161 - reader cost: 1.1361e-04
255/348 [====================>.........] - ETA: 1s - batch_cost: 0.0161 - reader cost: 1.1228e-04
258/348 [=====================>........] - ETA: 1s - batch_cost: 0.0162 - reader cost: 1.1097e-04
261/348 [=====================>........] - ETA: 1s - batch_cost: 0.0162 - reader cost: 1.1352e-04
264/348 [=====================>........] - ETA: 1s - batch_cost: 0.0162 - reader cost: 1.1223e-04
267/348 [======================>.......] - ETA: 1s - batch_cost: 0.0162 - reader cost: 1.1471e-04
271/348 [======================>.......] - ETA: 1s - batch_cost: 0.0162 - reader cost: 1.1670e-04
275/348 [======================>.......] - ETA: 1s - batch_cost: 0.0162 - reader cost: 1.1500e-04
279/348 [=======================>......] - ETA: 1s - batch_cost: 0.0162 - reader cost: 1.1336e-04
283/348 [=======================>......] - ETA: 1s - batch_cost: 0.0161 - reader cost: 1.1175e-04
287/348 [=======================>......] - ETA: 0s - batch_cost: 0.0161 - reader cost: 1.1369e-04
291/348 [========================>.....] - ETA: 0s - batch_cost: 0.0161 - reader cost: 1.1554e-04
294/348 [========================>.....] - ETA: 0s - batch_cost: 0.0161 - reader cost: 1.1436e-04
297/348 [========================>.....] - ETA: 0s - batch_cost: 0.0161 - reader cost: 1.1321e-04
301/348 [========================>.....] - ETA: 0s - batch_cost: 0.0161 - reader cost: 1.1170e-04
304/348 [=========================>....] - ETA: 0s - batch_cost: 0.0161 - reader cost: 1.1060e-04
308/348 [=========================>....] - ETA: 0s - batch_cost: 0.0161 - reader cost: 1.0916e-04
311/348 [=========================>....] - ETA: 0s - batch_cost: 0.0161 - reader cost: 1.0811e-04
315/348 [==========================>...] - ETA: 0s - batch_cost: 0.0161 - reader cost: 1.0674e-04
318/348 [==========================>...] - ETA: 0s - batch_cost: 0.0161 - reader cost: 1.0887e-04
321/348 [==========================>...] - ETA: 0s - batch_cost: 0.0161 - reader cost: 1.0786e-04
325/348 [===========================>..] - ETA: 0s - batch_cost: 0.0161 - reader cost: 1.0653e-04
329/348 [===========================>..] - ETA: 0s - batch_cost: 0.0161 - reader cost: 1.0523e-04
333/348 [===========================>..] - ETA: 0s - batch_cost: 0.0161 - reader cost: 1.0697e-04
337/348 [============================>.] - ETA: 0s - batch_cost: 0.0161 - reader cost: 1.0725e-04
341/348 [============================>.] - ETA: 0s - batch_cost: 0.0160 - reader cost: 1.0599e-04
345/348 [============================>.] - ETA: 0s - batch_cost: 0.0160 - reader cost: 1.0476e-04
348/348 [==============================] - 6s 16ms/step - batch_cost: 0.0160 - reader cost: 1.0671e-04

  1/348 [..............................] - ETA: 11s - batch_cost: 0.0335 - reader cost: 0.0095
  4/348 [..............................] - ETA: 8s - batch_cost: 0.0249 - reader cost: 0.0024 
  7/348 [..............................] - ETA: 7s - batch_cost: 0.0228 - reader cost: 0.0014
 10/348 [..............................] - ETA: 7s - batch_cost: 0.0220 - reader cost: 9.5217e-04
 13/348 [>.............................] - ETA: 7s - batch_cost: 0.0212 - reader cost: 8.0939e-04
 16/348 [>.............................] - ETA: 7s - batch_cost: 0.0210 - reader cost: 6.5763e-04
 19/348 [>.............................] - ETA: 6s - batch_cost: 0.0206 - reader cost: 5.5380e-04
 22/348 [>.............................] - ETA: 6s - batch_cost: 0.0201 - reader cost: 4.7828e-04
 25/348 [=>............................] - ETA: 6s - batch_cost: 0.0197 - reader cost: 4.2089e-04
 28/348 [=>............................] - ETA: 6s - batch_cost: 0.0199 - reader cost: 4.1143e-04
 32/348 [=>............................] - ETA: 6s - batch_cost: 0.0193 - reader cost: 3.6000e-04
 35/348 [==>...........................] - ETA: 6s - batch_cost: 0.0191 - reader cost: 3.2915e-04
 38/348 [==>...........................] - ETA: 6s - batch_cost: 0.0191 - reader cost: 3.0316e-04
 41/348 [==>...........................] - ETA: 5s - batch_cost: 0.0191 - reader cost: 2.8098e-04
 44/348 [==>...........................] - ETA: 5s - batch_cost: 0.0192 - reader cost: 2.8457e-04
 47/348 [===>..........................] - ETA: 5s - batch_cost: 0.0193 - reader cost: 2.6640e-04
 50/348 [===>..........................] - ETA: 5s - batch_cost: 0.0193 - reader cost: 2.5042e-04
 53/348 [===>..........................] - ETA: 5s - batch_cost: 0.0192 - reader cost: 2.3625e-04
 56/348 [===>..........................] - ETA: 5s - batch_cost: 0.0191 - reader cost: 2.2359e-04
 59/348 [====>.........................] - ETA: 5s - batch_cost: 0.0191 - reader cost: 2.1222e-04
 63/348 [====>.........................] - ETA: 5s - batch_cost: 0.0189 - reader cost: 1.9875e-04
 66/348 [====>.........................] - ETA: 5s - batch_cost: 0.0189 - reader cost: 1.9757e-04
 69/348 [====>.........................] - ETA: 5s - batch_cost: 0.0190 - reader cost: 1.8898e-04
 72/348 [=====>........................] - ETA: 5s - batch_cost: 0.0191 - reader cost: 1.8110e-04
 75/348 [=====>........................] - ETA: 5s - batch_cost: 0.0191 - reader cost: 1.7386e-04
 78/348 [=====>........................] - ETA: 5s - batch_cost: 0.0191 - reader cost: 1.6717e-04
 82/348 [======>.......................] - ETA: 5s - batch_cost: 0.0188 - reader cost: 1.7121e-04
 86/348 [======>.......................] - ETA: 4s - batch_cost: 0.0187 - reader cost: 1.6325e-04
 90/348 [======>.......................] - ETA: 4s - batch_cost: 0.0185 - reader cost: 1.5599e-04
 95/348 [=======>......................] - ETA: 4s - batch_cost: 0.0182 - reader cost: 1.4778e-04
 99/348 [=======>......................] - ETA: 4s - batch_cost: 0.0181 - reader cost: 1.4181e-04
102/348 [=======>......................] - ETA: 4s - batch_cost: 0.0180 - reader cost: 1.4749e-04
106/348 [========>.....................] - ETA: 4s - batch_cost: 0.0178 - reader cost: 1.4192e-04
111/348 [========>.....................] - ETA: 4s - batch_cost: 0.0176 - reader cost: 1.4454e-04
115/348 [========>.....................] - ETA: 4s - batch_cost: 0.0175 - reader cost: 1.4821e-04
118/348 [=========>....................] - ETA: 4s - batch_cost: 0.0176 - reader cost: 1.4445e-04
121/348 [=========>....................] - ETA: 4s - batch_cost: 0.0177 - reader cost: 1.4086e-04
124/348 [=========>....................] - ETA: 4s - batch_cost: 0.0179 - reader cost: 1.3746e-04
126/348 [=========>....................] - ETA: 4s - batch_cost: 0.0180 - reader cost: 1.5117e-04
129/348 [==========>...................] - ETA: 4s - batch_cost: 0.0181 - reader cost: 1.5540e-04
132/348 [==========>...................] - ETA: 3s - batch_cost: 0.0183 - reader cost: 1.5187e-04
135/348 [==========>...................] - ETA: 3s - batch_cost: 0.0183 - reader cost: 1.4850e-04
138/348 [==========>...................] - ETA: 3s - batch_cost: 0.0184 - reader cost: 1.4527e-04
141/348 [===========>..................] - ETA: 3s - batch_cost: 0.0184 - reader cost: 1.4218e-04
144/348 [===========>..................] - ETA: 3s - batch_cost: 0.0184 - reader cost: 1.3921e-04
147/348 [===========>..................] - ETA: 3s - batch_cost: 0.0185 - reader cost: 1.3637e-04
150/348 [===========>..................] - ETA: 3s - batch_cost: 0.0186 - reader cost: 1.3365e-04
152/348 [============>.................] - ETA: 3s - batch_cost: 0.0187 - reader cost: 1.3851e-04
155/348 [============>.................] - ETA: 3s - batch_cost: 0.0188 - reader cost: 1.3582e-04
157/348 [============>.................] - ETA: 3s - batch_cost: 0.0189 - reader cost: 1.3409e-04
160/348 [============>.................] - ETA: 3s - batch_cost: 0.0189 - reader cost: 1.4100e-04
163/348 [=============>................] - ETA: 3s - batch_cost: 0.0190 - reader cost: 1.4088e-04
166/348 [=============>................] - ETA: 3s - batch_cost: 0.0191 - reader cost: 1.3833e-04
169/348 [=============>................] - ETA: 3s - batch_cost: 0.0191 - reader cost: 1.3588e-04
172/348 [=============>................] - ETA: 3s - batch_cost: 0.0192 - reader cost: 1.3934e-04
174/348 [==============>...............] - ETA: 3s - batch_cost: 0.0192 - reader cost: 1.3774e-04
176/348 [==============>...............] - ETA: 3s - batch_cost: 0.0193 - reader cost: 1.3617e-04
179/348 [==============>...............] - ETA: 3s - batch_cost: 0.0194 - reader cost: 1.4229e-04
182/348 [==============>...............] - ETA: 3s - batch_cost: 0.0194 - reader cost: 1.3995e-04
185/348 [==============>...............] - ETA: 3s - batch_cost: 0.0194 - reader cost: 1.3768e-04
188/348 [===============>..............] - ETA: 3s - batch_cost: 0.0195 - reader cost: 1.3548e-04
190/348 [===============>..............] - ETA: 3s - batch_cost: 0.0195 - reader cost: 1.3406e-04
193/348 [===============>..............] - ETA: 3s - batch_cost: 0.0196 - reader cost: 1.3197e-04
196/348 [===============>..............] - ETA: 3s - batch_cost: 0.0196 - reader cost: 1.3506e-04
199/348 [================>.............] - ETA: 2s - batch_cost: 0.0197 - reader cost: 1.3303e-04
202/348 [================>.............] - ETA: 2s - batch_cost: 0.0197 - reader cost: 1.3105e-04
205/348 [================>.............] - ETA: 2s - batch_cost: 0.0197 - reader cost: 1.2913e-04
208/348 [================>.............] - ETA: 2s - batch_cost: 0.0198 - reader cost: 1.2727e-04
211/348 [=================>............] - ETA: 2s - batch_cost: 0.0198 - reader cost: 1.2546e-04
214/348 [=================>............] - ETA: 2s - batch_cost: 0.0198 - reader cost: 1.2370e-04
217/348 [=================>............] - ETA: 2s - batch_cost: 0.0198 - reader cost: 1.2199e-04
220/348 [=================>............] - ETA: 2s - batch_cost: 0.0198 - reader cost: 1.2384e-04
223/348 [==================>...........] - ETA: 2s - batch_cost: 0.0198 - reader cost: 1.2665e-04
226/348 [==================>...........] - ETA: 2s - batch_cost: 0.0197 - reader cost: 1.2941e-04
229/348 [==================>...........] - ETA: 2s - batch_cost: 0.0197 - reader cost: 1.3208e-04
232/348 [===================>..........] - ETA: 2s - batch_cost: 0.0198 - reader cost: 1.3038e-04
235/348 [===================>..........] - ETA: 2s - batch_cost: 0.0197 - reader cost: 1.2871e-04
238/348 [===================>..........] - ETA: 2s - batch_cost: 0.0197 - reader cost: 1.3036e-04
241/348 [===================>..........] - ETA: 2s - batch_cost: 0.0197 - reader cost: 1.3288e-04
244/348 [====================>.........] - ETA: 2s - batch_cost: 0.0197 - reader cost: 1.3371e-04
247/348 [====================>.........] - ETA: 2s - batch_cost: 0.0197 - reader cost: 1.3209e-04
250/348 [====================>.........] - ETA: 1s - batch_cost: 0.0197 - reader cost: 1.3451e-04
253/348 [====================>.........] - ETA: 1s - batch_cost: 0.0197 - reader cost: 1.3687e-04
256/348 [=====================>........] - ETA: 1s - batch_cost: 0.0197 - reader cost: 1.3527e-04
259/348 [=====================>........] - ETA: 1s - batch_cost: 0.0196 - reader cost: 1.3370e-04
262/348 [=====================>........] - ETA: 1s - batch_cost: 0.0196 - reader cost: 1.3217e-04
265/348 [=====================>........] - ETA: 1s - batch_cost: 0.0196 - reader cost: 1.3068e-04
268/348 [======================>.......] - ETA: 1s - batch_cost: 0.0196 - reader cost: 1.2921e-04
272/348 [======================>.......] - ETA: 1s - batch_cost: 0.0195 - reader cost: 1.2731e-04
275/348 [======================>.......] - ETA: 1s - batch_cost: 0.0195 - reader cost: 1.2955e-04
278/348 [======================>.......] - ETA: 1s - batch_cost: 0.0195 - reader cost: 1.2816e-04
282/348 [=======================>......] - ETA: 1s - batch_cost: 0.0195 - reader cost: 1.2990e-04
285/348 [=======================>......] - ETA: 1s - batch_cost: 0.0195 - reader cost: 1.2853e-04
288/348 [=======================>......] - ETA: 1s - batch_cost: 0.0195 - reader cost: 1.2719e-04
291/348 [========================>.....] - ETA: 1s - batch_cost: 0.0195 - reader cost: 1.2588e-04
294/348 [========================>.....] - ETA: 1s - batch_cost: 0.0195 - reader cost: 1.2639e-04
297/348 [========================>.....] - ETA: 1s - batch_cost: 0.0195 - reader cost: 1.2511e-04
301/348 [========================>.....] - ETA: 0s - batch_cost: 0.0194 - reader cost: 1.2345e-04
305/348 [=========================>....] - ETA: 0s - batch_cost: 0.0194 - reader cost: 1.2183e-04
308/348 [=========================>....] - ETA: 0s - batch_cost: 0.0194 - reader cost: 1.2556e-04
311/348 [=========================>....] - ETA: 0s - batch_cost: 0.0193 - reader cost: 1.2757e-04
314/348 [==========================>...] - ETA: 0s - batch_cost: 0.0193 - reader cost: 1.2635e-04
317/348 [==========================>...] - ETA: 0s - batch_cost: 0.0193 - reader cost: 1.2516e-04
320/348 [==========================>...] - ETA: 0s - batch_cost: 0.0193 - reader cost: 1.2399e-04
323/348 [==========================>...] - ETA: 0s - batch_cost: 0.0193 - reader cost: 1.2283e-04
327/348 [===========================>..] - ETA: 0s - batch_cost: 0.0193 - reader cost: 1.2133e-04
330/348 [===========================>..] - ETA: 0s - batch_cost: 0.0193 - reader cost: 1.2023e-04
333/348 [===========================>..] - ETA: 0s - batch_cost: 0.0193 - reader cost: 1.1914e-04
336/348 [===========================>..] - ETA: 0s - batch_cost: 0.0193 - reader cost: 1.1808e-04
339/348 [============================>.] - ETA: 0s - batch_cost: 0.0193 - reader cost: 1.1704e-04
342/348 [============================>.] - ETA: 0s - batch_cost: 0.0193 - reader cost: 1.1601e-04
346/348 [============================>.] - ETA: 0s - batch_cost: 0.0192 - reader cost: 1.1467e-04
348/348 [==============================] - 7s 19ms/step - batch_cost: 0.0192 - reader cost: 1.1401e-04

  1/348 [..............................] - ETA: 10s - batch_cost: 0.0304 - reader cost: 0.0102
  4/348 [..............................] - ETA: 8s - batch_cost: 0.0235 - reader cost: 0.0026 
  7/348 [..............................] - ETA: 7s - batch_cost: 0.0205 - reader cost: 0.0015
 10/348 [..............................] - ETA: 6s - batch_cost: 0.0196 - reader cost: 0.0012
 13/348 [>.............................] - ETA: 6s - batch_cost: 0.0190 - reader cost: 9.3935e-04
 17/348 [>.............................] - ETA: 6s - batch_cost: 0.0182 - reader cost: 7.1833e-04
 21/348 [>.............................] - ETA: 5s - batch_cost: 0.0177 - reader cost: 5.8150e-04
 25/348 [=>............................] - ETA: 5s - batch_cost: 0.0174 - reader cost: 4.8846e-04
 28/348 [=>............................] - ETA: 5s - batch_cost: 0.0173 - reader cost: 4.3613e-04
 32/348 [=>............................] - ETA: 5s - batch_cost: 0.0171 - reader cost: 3.8161e-04
 35/348 [==>...........................] - ETA: 5s - batch_cost: 0.0170 - reader cost: 3.6332e-04
 38/348 [==>...........................] - ETA: 5s - batch_cost: 0.0170 - reader cost: 3.6098e-04
 41/348 [==>...........................] - ETA: 5s - batch_cost: 0.0170 - reader cost: 3.8332e-04
 45/348 [==>...........................] - ETA: 5s - batch_cost: 0.0167 - reader cost: 3.4925e-04
 48/348 [===>..........................] - ETA: 5s - batch_cost: 0.0169 - reader cost: 3.2742e-04
 51/348 [===>..........................] - ETA: 5s - batch_cost: 0.0171 - reader cost: 3.0816e-04
 54/348 [===>..........................] - ETA: 5s - batch_cost: 0.0173 - reader cost: 2.9104e-04
 57/348 [===>..........................] - ETA: 5s - batch_cost: 0.0174 - reader cost: 2.7572e-04
 60/348 [====>.........................] - ETA: 5s - batch_cost: 0.0175 - reader cost: 2.7869e-04
 63/348 [====>.........................] - ETA: 5s - batch_cost: 0.0177 - reader cost: 2.6542e-04
 66/348 [====>.........................] - ETA: 5s - batch_cost: 0.0178 - reader cost: 2.5336e-04
 69/348 [====>.........................] - ETA: 5s - batch_cost: 0.0179 - reader cost: 2.4234e-04
 72/348 [=====>........................] - ETA: 5s - batch_cost: 0.0182 - reader cost: 2.3224e-04
 75/348 [=====>........................] - ETA: 5s - batch_cost: 0.0182 - reader cost: 2.2295e-04
 78/348 [=====>........................] - ETA: 5s - batch_cost: 0.0184 - reader cost: 2.1438e-04
 81/348 [=====>........................] - ETA: 4s - batch_cost: 0.0184 - reader cost: 2.0644e-04
 84/348 [======>.......................] - ETA: 4s - batch_cost: 0.0184 - reader cost: 1.9907e-04
 87/348 [======>.......................] - ETA: 4s - batch_cost: 0.0184 - reader cost: 1.9220e-04
 90/348 [======>.......................] - ETA: 4s - batch_cost: 0.0183 - reader cost: 1.8579e-04
 93/348 [=======>......................] - ETA: 4s - batch_cost: 0.0183 - reader cost: 1.7980e-04
 97/348 [=======>......................] - ETA: 4s - batch_cost: 0.0182 - reader cost: 1.7239e-04
100/348 [=======>......................] - ETA: 4s - batch_cost: 0.0181 - reader cost: 1.6721e-04
103/348 [=======>......................] - ETA: 4s - batch_cost: 0.0182 - reader cost: 1.7213e-04
106/348 [========>.....................] - ETA: 4s - batch_cost: 0.0183 - reader cost: 1.6726e-04
109/348 [========>.....................] - ETA: 4s - batch_cost: 0.0183 - reader cost: 1.6265e-04
112/348 [========>.....................] - ETA: 4s - batch_cost: 0.0184 - reader cost: 1.5830e-04
115/348 [========>.....................] - ETA: 4s - batch_cost: 0.0185 - reader cost: 1.5417e-04
118/348 [=========>....................] - ETA: 4s - batch_cost: 0.0185 - reader cost: 1.5871e-04
121/348 [=========>....................] - ETA: 4s - batch_cost: 0.0184 - reader cost: 1.5478e-04
124/348 [=========>....................] - ETA: 4s - batch_cost: 0.0184 - reader cost: 1.5912e-04
127/348 [=========>....................] - ETA: 4s - batch_cost: 0.0185 - reader cost: 1.5536e-04
130/348 [==========>...................] - ETA: 4s - batch_cost: 0.0185 - reader cost: 1.5178e-04
133/348 [==========>...................] - ETA: 4s - batch_cost: 0.0186 - reader cost: 1.4835e-04
136/348 [==========>...................] - ETA: 3s - batch_cost: 0.0186 - reader cost: 1.4508e-04
139/348 [==========>...................] - ETA: 3s - batch_cost: 0.0186 - reader cost: 1.4195e-04
143/348 [===========>..................] - ETA: 3s - batch_cost: 0.0185 - reader cost: 1.3798e-04
146/348 [===========>..................] - ETA: 3s - batch_cost: 0.0185 - reader cost: 1.4199e-04
150/348 [===========>..................] - ETA: 3s - batch_cost: 0.0184 - reader cost: 1.3821e-04
154/348 [============>.................] - ETA: 3s - batch_cost: 0.0184 - reader cost: 1.4112e-04
157/348 [============>.................] - ETA: 3s - batch_cost: 0.0183 - reader cost: 1.3842e-04
160/348 [============>.................] - ETA: 3s - batch_cost: 0.0183 - reader cost: 1.3583e-04
164/348 [=============>................] - ETA: 3s - batch_cost: 0.0183 - reader cost: 1.3251e-04
167/348 [=============>................] - ETA: 3s - batch_cost: 0.0183 - reader cost: 1.3612e-04
171/348 [=============>................] - ETA: 3s - batch_cost: 0.0182 - reader cost: 1.3294e-04
175/348 [==============>...............] - ETA: 3s - batch_cost: 0.0181 - reader cost: 1.2990e-04
178/348 [==============>...............] - ETA: 3s - batch_cost: 0.0181 - reader cost: 1.2771e-04
182/348 [==============>...............] - ETA: 3s - batch_cost: 0.0181 - reader cost: 1.2490e-04
186/348 [===============>..............] - ETA: 2s - batch_cost: 0.0180 - reader cost: 1.2222e-04
189/348 [===============>..............] - ETA: 2s - batch_cost: 0.0180 - reader cost: 1.2028e-04
192/348 [===============>..............] - ETA: 2s - batch_cost: 0.0180 - reader cost: 1.2359e-04
195/348 [===============>..............] - ETA: 2s - batch_cost: 0.0180 - reader cost: 1.2169e-04
197/348 [===============>..............] - ETA: 2s - batch_cost: 0.0181 - reader cost: 1.2046e-04
200/348 [================>.............] - ETA: 2s - batch_cost: 0.0182 - reader cost: 1.1865e-04
203/348 [================>.............] - ETA: 2s - batch_cost: 0.0182 - reader cost: 1.2182e-04
206/348 [================>.............] - ETA: 2s - batch_cost: 0.0182 - reader cost: 1.2004e-04
209/348 [=================>............] - ETA: 2s - batch_cost: 0.0182 - reader cost: 1.2310e-04
212/348 [=================>............] - ETA: 2s - batch_cost: 0.0182 - reader cost: 1.2136e-04
215/348 [=================>............] - ETA: 2s - batch_cost: 0.0183 - reader cost: 1.1967e-04
218/348 [=================>............] - ETA: 2s - batch_cost: 0.0183 - reader cost: 1.1802e-04
221/348 [==================>...........] - ETA: 2s - batch_cost: 0.0183 - reader cost: 1.1642e-04
224/348 [==================>...........] - ETA: 2s - batch_cost: 0.0183 - reader cost: 1.1486e-04
228/348 [==================>...........] - ETA: 2s - batch_cost: 0.0182 - reader cost: 1.1285e-04
232/348 [===================>..........] - ETA: 2s - batch_cost: 0.0182 - reader cost: 1.1090e-04
235/348 [===================>..........] - ETA: 2s - batch_cost: 0.0182 - reader cost: 1.0948e-04
238/348 [===================>..........] - ETA: 2s - batch_cost: 0.0182 - reader cost: 1.0810e-04
241/348 [===================>..........] - ETA: 1s - batch_cost: 0.0182 - reader cost: 1.0676e-04
244/348 [====================>.........] - ETA: 1s - batch_cost: 0.0182 - reader cost: 1.1472e-04
247/348 [====================>.........] - ETA: 1s - batch_cost: 0.0182 - reader cost: 1.1333e-04
250/348 [====================>.........] - ETA: 1s - batch_cost: 0.0182 - reader cost: 1.1598e-04
254/348 [====================>.........] - ETA: 1s - batch_cost: 0.0182 - reader cost: 1.1416e-04
258/348 [=====================>........] - ETA: 1s - batch_cost: 0.0181 - reader cost: 1.1239e-04
261/348 [=====================>........] - ETA: 1s - batch_cost: 0.0181 - reader cost: 1.1109e-04
265/348 [=====================>........] - ETA: 1s - batch_cost: 0.0181 - reader cost: 1.1319e-04
268/348 [======================>.......] - ETA: 1s - batch_cost: 0.0181 - reader cost: 1.1192e-04
272/348 [======================>.......] - ETA: 1s - batch_cost: 0.0180 - reader cost: 1.1028e-04
275/348 [======================>.......] - ETA: 1s - batch_cost: 0.0180 - reader cost: 1.0907e-04
278/348 [======================>.......] - ETA: 1s - batch_cost: 0.0180 - reader cost: 1.0790e-04
281/348 [=======================>......] - ETA: 1s - batch_cost: 0.0181 - reader cost: 1.0674e-04
285/348 [=======================>......] - ETA: 1s - batch_cost: 0.0180 - reader cost: 1.0525e-04
288/348 [=======================>......] - ETA: 1s - batch_cost: 0.0180 - reader cost: 1.0415e-04
292/348 [========================>.....] - ETA: 1s - batch_cost: 0.0180 - reader cost: 1.0272e-04
295/348 [========================>.....] - ETA: 0s - batch_cost: 0.0180 - reader cost: 1.0168e-04
298/348 [========================>.....] - ETA: 0s - batch_cost: 0.0180 - reader cost: 1.0065e-04
301/348 [========================>.....] - ETA: 0s - batch_cost: 0.0181 - reader cost: 9.9651e-05
303/348 [=========================>....] - ETA: 0s - batch_cost: 0.0181 - reader cost: 9.8993e-05
306/348 [=========================>....] - ETA: 0s - batch_cost: 0.0182 - reader cost: 9.8023e-05
309/348 [=========================>....] - ETA: 0s - batch_cost: 0.0182 - reader cost: 9.7071e-05
312/348 [=========================>....] - ETA: 0s - batch_cost: 0.0182 - reader cost: 9.9343e-05
315/348 [==========================>...] - ETA: 0s - batch_cost: 0.0182 - reader cost: 9.8396e-05
318/348 [==========================>...] - ETA: 0s - batch_cost: 0.0183 - reader cost: 1.0227e-04
321/348 [==========================>...] - ETA: 0s - batch_cost: 0.0183 - reader cost: 1.0131e-04
325/348 [===========================>..] - ETA: 0s - batch_cost: 0.0182 - reader cost: 1.0006e-04
328/348 [===========================>..] - ETA: 0s - batch_cost: 0.0182 - reader cost: 1.0136e-04
331/348 [===========================>..] - ETA: 0s - batch_cost: 0.0182 - reader cost: 1.0045e-04
335/348 [===========================>..] - ETA: 0s - batch_cost: 0.0182 - reader cost: 9.9246e-05
338/348 [============================>.] - ETA: 0s - batch_cost: 0.0182 - reader cost: 1.0132e-04
341/348 [============================>.] - ETA: 0s - batch_cost: 0.0182 - reader cost: 1.0043e-04
344/348 [============================>.] - ETA: 0s - batch_cost: 0.0182 - reader cost: 9.9556e-05
347/348 [============================>.] - ETA: 0s - batch_cost: 0.0182 - reader cost: 9.8696e-05
348/348 [==============================] - 6s 18ms/step - batch_cost: 0.0182 - reader cost: 9.8412e-05

  1/348 [..............................] - ETA: 8s - batch_cost: 0.0244 - reader cost: 0.0081
  4/348 [..............................] - ETA: 7s - batch_cost: 0.0204 - reader cost: 0.0020
  8/348 [..............................] - ETA: 5s - batch_cost: 0.0169 - reader cost: 0.0010
 11/348 [..............................] - ETA: 5s - batch_cost: 0.0167 - reader cost: 7.3687e-04
 15/348 [>.............................] - ETA: 5s - batch_cost: 0.0160 - reader cost: 5.4037e-04
 19/348 [>.............................] - ETA: 5s - batch_cost: 0.0153 - reader cost: 4.2661e-04
 23/348 [>.............................] - ETA: 4s - batch_cost: 0.0148 - reader cost: 3.5241e-04
 27/348 [=>............................] - ETA: 4s - batch_cost: 0.0147 - reader cost: 3.0020e-04
 30/348 [=>............................] - ETA: 4s - batch_cost: 0.0150 - reader cost: 2.7018e-04
 33/348 [=>............................] - ETA: 4s - batch_cost: 0.0152 - reader cost: 2.4562e-04
 36/348 [==>...........................] - ETA: 4s - batch_cost: 0.0156 - reader cost: 2.2515e-04
 39/348 [==>...........................] - ETA: 4s - batch_cost: 0.0157 - reader cost: 2.0783e-04
 43/348 [==>...........................] - ETA: 4s - batch_cost: 0.0156 - reader cost: 1.8850e-04
 47/348 [===>..........................] - ETA: 4s - batch_cost: 0.0154 - reader cost: 1.7246e-04
 51/348 [===>..........................] - ETA: 4s - batch_cost: 0.0154 - reader cost: 1.5893e-04
 55/348 [===>..........................] - ETA: 4s - batch_cost: 0.0154 - reader cost: 1.4737e-04
 59/348 [====>.........................] - ETA: 4s - batch_cost: 0.0154 - reader cost: 1.4594e-04
 63/348 [====>.........................] - ETA: 4s - batch_cost: 0.0152 - reader cost: 1.3667e-04
 66/348 [====>.........................] - ETA: 4s - batch_cost: 0.0153 - reader cost: 1.3834e-04
 70/348 [=====>........................] - ETA: 4s - batch_cost: 0.0153 - reader cost: 1.3044e-04
 74/348 [=====>........................] - ETA: 4s - batch_cost: 0.0153 - reader cost: 1.2338e-04
 77/348 [=====>........................] - ETA: 4s - batch_cost: 0.0154 - reader cost: 1.1858e-04
 80/348 [=====>........................] - ETA: 4s - batch_cost: 0.0156 - reader cost: 1.1413e-04
 83/348 [======>.......................] - ETA: 4s - batch_cost: 0.0157 - reader cost: 1.1001e-04
 87/348 [======>.......................] - ETA: 4s - batch_cost: 0.0156 - reader cost: 1.0495e-04
 91/348 [======>.......................] - ETA: 4s - batch_cost: 0.0155 - reader cost: 1.1123e-04
 95/348 [=======>......................] - ETA: 3s - batch_cost: 0.0154 - reader cost: 1.0654e-04
 99/348 [=======>......................] - ETA: 3s - batch_cost: 0.0153 - reader cost: 1.0224e-04
103/348 [=======>......................] - ETA: 3s - batch_cost: 0.0153 - reader cost: 9.8268e-05
107/348 [========>.....................] - ETA: 3s - batch_cost: 0.0154 - reader cost: 9.4594e-05
110/348 [========>.....................] - ETA: 3s - batch_cost: 0.0154 - reader cost: 1.0127e-04
113/348 [========>.....................] - ETA: 3s - batch_cost: 0.0155 - reader cost: 9.8581e-05
117/348 [=========>....................] - ETA: 3s - batch_cost: 0.0155 - reader cost: 9.5211e-05
120/348 [=========>....................] - ETA: 3s - batch_cost: 0.0156 - reader cost: 9.2830e-05
123/348 [=========>....................] - ETA: 3s - batch_cost: 0.0156 - reader cost: 9.0566e-05
126/348 [=========>....................] - ETA: 3s - batch_cost: 0.0157 - reader cost: 9.2537e-05
129/348 [==========>...................] - ETA: 3s - batch_cost: 0.0157 - reader cost: 9.0385e-05
133/348 [==========>...................] - ETA: 3s - batch_cost: 0.0157 - reader cost: 8.7666e-05
137/348 [==========>...................] - ETA: 3s - batch_cost: 0.0156 - reader cost: 8.9087e-05
141/348 [===========>..................] - ETA: 3s - batch_cost: 0.0156 - reader cost: 9.3649e-05
145/348 [===========>..................] - ETA: 3s - batch_cost: 0.0156 - reader cost: 9.8021e-05
149/348 [===========>..................] - ETA: 3s - batch_cost: 0.0155 - reader cost: 9.5390e-05
153/348 [============>.................] - ETA: 3s - batch_cost: 0.0155 - reader cost: 9.2896e-05
157/348 [============>.................] - ETA: 2s - batch_cost: 0.0155 - reader cost: 9.0529e-05
161/348 [============>.................] - ETA: 2s - batch_cost: 0.0155 - reader cost: 8.8280e-05
165/348 [=============>................] - ETA: 2s - batch_cost: 0.0154 - reader cost: 9.2275e-05
169/348 [=============>................] - ETA: 2s - batch_cost: 0.0154 - reader cost: 9.0091e-05
173/348 [=============>................] - ETA: 2s - batch_cost: 0.0153 - reader cost: 8.8008e-05
176/348 [==============>...............] - ETA: 2s - batch_cost: 0.0153 - reader cost: 9.5042e-05
179/348 [==============>...............] - ETA: 2s - batch_cost: 0.0154 - reader cost: 9.3449e-05
182/348 [==============>...............] - ETA: 2s - batch_cost: 0.0154 - reader cost: 9.1909e-05
185/348 [==============>...............] - ETA: 2s - batch_cost: 0.0155 - reader cost: 9.0419e-05
189/348 [===============>..............] - ETA: 2s - batch_cost: 0.0154 - reader cost: 8.8505e-05
193/348 [===============>..............] - ETA: 2s - batch_cost: 0.0154 - reader cost: 8.6671e-05
196/348 [===============>..............] - ETA: 2s - batch_cost: 0.0154 - reader cost: 8.5344e-05
200/348 [================>.............] - ETA: 2s - batch_cost: 0.0154 - reader cost: 8.3637e-05
203/348 [================>.............] - ETA: 2s - batch_cost: 0.0154 - reader cost: 8.2401e-05
206/348 [================>.............] - ETA: 2s - batch_cost: 0.0155 - reader cost: 8.6016e-05
209/348 [=================>............] - ETA: 2s - batch_cost: 0.0155 - reader cost: 8.4781e-05
212/348 [=================>............] - ETA: 2s - batch_cost: 0.0156 - reader cost: 8.3581e-05
215/348 [=================>............] - ETA: 2s - batch_cost: 0.0156 - reader cost: 8.2415e-05
218/348 [=================>............] - ETA: 2s - batch_cost: 0.0156 - reader cost: 8.1281e-05
221/348 [==================>...........] - ETA: 2s - batch_cost: 0.0157 - reader cost: 8.0178e-05
224/348 [==================>...........] - ETA: 1s - batch_cost: 0.0157 - reader cost: 7.9104e-05
227/348 [==================>...........] - ETA: 1s - batch_cost: 0.0157 - reader cost: 8.4843e-05
231/348 [==================>...........] - ETA: 1s - batch_cost: 0.0157 - reader cost: 8.3374e-05
234/348 [===================>..........] - ETA: 1s - batch_cost: 0.0158 - reader cost: 8.2305e-05
238/348 [===================>..........] - ETA: 1s - batch_cost: 0.0158 - reader cost: 8.0922e-05
241/348 [===================>..........] - ETA: 1s - batch_cost: 0.0158 - reader cost: 7.9915e-05
245/348 [====================>.........] - ETA: 1s - batch_cost: 0.0158 - reader cost: 7.8610e-05
249/348 [====================>.........] - ETA: 1s - batch_cost: 0.0158 - reader cost: 7.7347e-05
254/348 [====================>.........] - ETA: 1s - batch_cost: 0.0157 - reader cost: 7.9774e-05
258/348 [=====================>........] - ETA: 1s - batch_cost: 0.0157 - reader cost: 7.8537e-05
262/348 [=====================>........] - ETA: 1s - batch_cost: 0.0157 - reader cost: 7.7338e-05
266/348 [=====================>........] - ETA: 1s - batch_cost: 0.0157 - reader cost: 7.6175e-05
269/348 [======================>.......] - ETA: 1s - batch_cost: 0.0157 - reader cost: 7.5325e-05
272/348 [======================>.......] - ETA: 1s - batch_cost: 0.0158 - reader cost: 7.4494e-05
275/348 [======================>.......] - ETA: 1s - batch_cost: 0.0158 - reader cost: 7.3682e-05
279/348 [=======================>......] - ETA: 1s - batch_cost: 0.0158 - reader cost: 7.6180e-05
282/348 [=======================>......] - ETA: 1s - batch_cost: 0.0158 - reader cost: 7.5370e-05
285/348 [=======================>......] - ETA: 1s - batch_cost: 0.0158 - reader cost: 7.9850e-05
289/348 [=======================>......] - ETA: 0s - batch_cost: 0.0158 - reader cost: 8.0490e-05
292/348 [========================>.....] - ETA: 0s - batch_cost: 0.0158 - reader cost: 7.9663e-05
295/348 [========================>.....] - ETA: 0s - batch_cost: 0.0158 - reader cost: 7.8853e-05
299/348 [========================>.....] - ETA: 0s - batch_cost: 0.0158 - reader cost: 7.7798e-05
302/348 [=========================>....] - ETA: 0s - batch_cost: 0.0158 - reader cost: 7.7025e-05
306/348 [=========================>....] - ETA: 0s - batch_cost: 0.0158 - reader cost: 7.6018e-05
309/348 [=========================>....] - ETA: 0s - batch_cost: 0.0158 - reader cost: 7.5280e-05
313/348 [=========================>....] - ETA: 0s - batch_cost: 0.0158 - reader cost: 7.4318e-05
317/348 [==========================>...] - ETA: 0s - batch_cost: 0.0158 - reader cost: 7.3380e-05
321/348 [==========================>...] - ETA: 0s - batch_cost: 0.0158 - reader cost: 7.2466e-05
325/348 [===========================>..] - ETA: 0s - batch_cost: 0.0158 - reader cost: 7.1574e-05
328/348 [===========================>..] - ETA: 0s - batch_cost: 0.0158 - reader cost: 7.0919e-05
331/348 [===========================>..] - ETA: 0s - batch_cost: 0.0158 - reader cost: 7.0277e-05
334/348 [===========================>..] - ETA: 0s - batch_cost: 0.0158 - reader cost: 6.9645e-05
338/348 [============================>.] - ETA: 0s - batch_cost: 0.0158 - reader cost: 6.8821e-05
341/348 [============================>.] - ETA: 0s - batch_cost: 0.0158 - reader cost: 7.1148e-05
345/348 [============================>.] - ETA: 0s - batch_cost: 0.0158 - reader cost: 7.0323e-05
348/348 [==============================] - 6s 16ms/step - batch_cost: 0.0158 - reader cost: 6.9717e-05

  1/348 [..............................] - ETA: 8s - batch_cost: 0.0231 - reader cost: 0.0074
  4/348 [..............................] - ETA: 6s - batch_cost: 0.0191 - reader cost: 0.0018
  8/348 [..............................] - ETA: 5s - batch_cost: 0.0169 - reader cost: 9.2009e-04
 12/348 [>.............................] - ETA: 5s - batch_cost: 0.0160 - reader cost: 6.1339e-04
 16/348 [>.............................] - ETA: 5s - batch_cost: 0.0159 - reader cost: 4.6004e-04
 20/348 [>.............................] - ETA: 5s - batch_cost: 0.0159 - reader cost: 3.6803e-04
 24/348 [=>............................] - ETA: 5s - batch_cost: 0.0157 - reader cost: 3.0670e-04
 27/348 [=>............................] - ETA: 5s - batch_cost: 0.0164 - reader cost: 2.7262e-04
 30/348 [=>............................] - ETA: 5s - batch_cost: 0.0169 - reader cost: 2.4536e-04
 33/348 [=>............................] - ETA: 5s - batch_cost: 0.0169 - reader cost: 2.2305e-04
 36/348 [==>...........................] - ETA: 5s - batch_cost: 0.0172 - reader cost: 2.0446e-04
 39/348 [==>...........................] - ETA: 5s - batch_cost: 0.0173 - reader cost: 1.8874e-04
 43/348 [==>...........................] - ETA: 5s - batch_cost: 0.0172 - reader cost: 1.7118e-04
 46/348 [==>...........................] - ETA: 5s - batch_cost: 0.0172 - reader cost: 1.6002e-04
 49/348 [===>..........................] - ETA: 5s - batch_cost: 0.0172 - reader cost: 1.5022e-04
 53/348 [===>..........................] - ETA: 5s - batch_cost: 0.0169 - reader cost: 1.6727e-04
 57/348 [===>..........................] - ETA: 4s - batch_cost: 0.0169 - reader cost: 1.5553e-04
 61/348 [====>.........................] - ETA: 4s - batch_cost: 0.0168 - reader cost: 1.6159e-04
 65/348 [====>.........................] - ETA: 4s - batch_cost: 0.0166 - reader cost: 1.5165e-04
 68/348 [====>.........................] - ETA: 4s - batch_cost: 0.0166 - reader cost: 1.4495e-04
 72/348 [=====>........................] - ETA: 4s - batch_cost: 0.0165 - reader cost: 1.4837e-04
 76/348 [=====>........................] - ETA: 4s - batch_cost: 0.0164 - reader cost: 1.4056e-04
 79/348 [=====>........................] - ETA: 4s - batch_cost: 0.0164 - reader cost: 1.3522e-04
 83/348 [======>.......................] - ETA: 4s - batch_cost: 0.0163 - reader cost: 1.4078e-04
 86/348 [======>.......................] - ETA: 4s - batch_cost: 0.0164 - reader cost: 1.3587e-04
 89/348 [======>.......................] - ETA: 4s - batch_cost: 0.0164 - reader cost: 1.3129e-04
 93/348 [=======>......................] - ETA: 4s - batch_cost: 0.0163 - reader cost: 1.2564e-04
 97/348 [=======>......................] - ETA: 4s - batch_cost: 0.0163 - reader cost: 1.2046e-04
101/348 [=======>......................] - ETA: 4s - batch_cost: 0.0162 - reader cost: 1.3058e-04
104/348 [=======>......................] - ETA: 4s - batch_cost: 0.0163 - reader cost: 1.2682e-04
107/348 [========>.....................] - ETA: 3s - batch_cost: 0.0163 - reader cost: 1.2326e-04
110/348 [========>.....................] - ETA: 3s - batch_cost: 0.0164 - reader cost: 1.1990e-04
113/348 [========>.....................] - ETA: 3s - batch_cost: 0.0164 - reader cost: 1.1672e-04
116/348 [=========>....................] - ETA: 3s - batch_cost: 0.0165 - reader cost: 1.1370e-04
119/348 [=========>....................] - ETA: 3s - batch_cost: 0.0166 - reader cost: 1.1083e-04
122/348 [=========>....................] - ETA: 3s - batch_cost: 0.0167 - reader cost: 1.0811e-04
125/348 [=========>....................] - ETA: 3s - batch_cost: 0.0167 - reader cost: 1.1626e-04
128/348 [==========>...................] - ETA: 3s - batch_cost: 0.0168 - reader cost: 1.1353e-04
131/348 [==========>...................] - ETA: 3s - batch_cost: 0.0168 - reader cost: 1.1093e-04
134/348 [==========>...................] - ETA: 3s - batch_cost: 0.0168 - reader cost: 1.1587e-04
137/348 [==========>...................] - ETA: 3s - batch_cost: 0.0168 - reader cost: 1.1333e-04
140/348 [===========>..................] - ETA: 3s - batch_cost: 0.0168 - reader cost: 1.1090e-04
143/348 [===========>..................] - ETA: 3s - batch_cost: 0.0168 - reader cost: 1.0858e-04
147/348 [===========>..................] - ETA: 3s - batch_cost: 0.0168 - reader cost: 1.1925e-04
150/348 [===========>..................] - ETA: 3s - batch_cost: 0.0168 - reader cost: 1.1687e-04
153/348 [============>.................] - ETA: 3s - batch_cost: 0.0168 - reader cost: 1.2112e-04
156/348 [============>.................] - ETA: 3s - batch_cost: 0.0168 - reader cost: 1.1879e-04
160/348 [============>.................] - ETA: 3s - batch_cost: 0.0167 - reader cost: 1.1582e-04
164/348 [=============>................] - ETA: 3s - batch_cost: 0.0166 - reader cost: 1.1299e-04
168/348 [=============>................] - ETA: 3s - batch_cost: 0.0166 - reader cost: 1.1030e-04
172/348 [=============>................] - ETA: 2s - batch_cost: 0.0165 - reader cost: 1.0774e-04
176/348 [==============>...............] - ETA: 2s - batch_cost: 0.0165 - reader cost: 1.0529e-04
180/348 [==============>...............] - ETA: 2s - batch_cost: 0.0165 - reader cost: 1.0295e-04
184/348 [==============>...............] - ETA: 2s - batch_cost: 0.0164 - reader cost: 1.0071e-04
188/348 [===============>..............] - ETA: 2s - batch_cost: 0.0164 - reader cost: 9.8570e-05
191/348 [===============>..............] - ETA: 2s - batch_cost: 0.0164 - reader cost: 9.7021e-05
194/348 [===============>..............] - ETA: 2s - batch_cost: 0.0165 - reader cost: 9.5521e-05
197/348 [===============>..............] - ETA: 2s - batch_cost: 0.0165 - reader cost: 9.9285e-05
201/348 [================>.............] - ETA: 2s - batch_cost: 0.0164 - reader cost: 9.7309e-05
204/348 [================>.............] - ETA: 2s - batch_cost: 0.0164 - reader cost: 9.5878e-05
207/348 [================>.............] - ETA: 2s - batch_cost: 0.0165 - reader cost: 9.4489e-05
210/348 [=================>............] - ETA: 2s - batch_cost: 0.0165 - reader cost: 9.3139e-05
213/348 [=================>............] - ETA: 2s - batch_cost: 0.0165 - reader cost: 9.1827e-05
216/348 [=================>............] - ETA: 2s - batch_cost: 0.0165 - reader cost: 9.0552e-05
219/348 [=================>............] - ETA: 2s - batch_cost: 0.0166 - reader cost: 8.9311e-05
223/348 [==================>...........] - ETA: 2s - batch_cost: 0.0165 - reader cost: 8.7709e-05
227/348 [==================>...........] - ETA: 2s - batch_cost: 0.0165 - reader cost: 8.6164e-05
231/348 [==================>...........] - ETA: 1s - batch_cost: 0.0164 - reader cost: 8.9002e-05
235/348 [===================>..........] - ETA: 1s - batch_cost: 0.0164 - reader cost: 8.7487e-05
238/348 [===================>..........] - ETA: 1s - batch_cost: 0.0164 - reader cost: 9.0584e-05
242/348 [===================>..........] - ETA: 1s - batch_cost: 0.0164 - reader cost: 8.9087e-05
246/348 [====================>.........] - ETA: 1s - batch_cost: 0.0164 - reader cost: 9.1704e-05
250/348 [====================>.........] - ETA: 1s - batch_cost: 0.0163 - reader cost: 9.0237e-05
254/348 [====================>.........] - ETA: 1s - batch_cost: 0.0163 - reader cost: 8.8816e-05
257/348 [=====================>........] - ETA: 1s - batch_cost: 0.0163 - reader cost: 8.7779e-05
260/348 [=====================>........] - ETA: 1s - batch_cost: 0.0163 - reader cost: 8.8700e-05
264/348 [=====================>........] - ETA: 1s - batch_cost: 0.0163 - reader cost: 8.7356e-05
267/348 [======================>.......] - ETA: 1s - batch_cost: 0.0164 - reader cost: 8.6374e-05
270/348 [======================>.......] - ETA: 1s - batch_cost: 0.0164 - reader cost: 8.5415e-05
274/348 [======================>.......] - ETA: 1s - batch_cost: 0.0164 - reader cost: 8.4168e-05
278/348 [======================>.......] - ETA: 1s - batch_cost: 0.0164 - reader cost: 8.2957e-05
281/348 [=======================>......] - ETA: 1s - batch_cost: 0.0164 - reader cost: 8.2071e-05
284/348 [=======================>......] - ETA: 1s - batch_cost: 0.0164 - reader cost: 8.1204e-05
287/348 [=======================>......] - ETA: 1s - batch_cost: 0.0165 - reader cost: 8.0355e-05
290/348 [========================>.....] - ETA: 0s - batch_cost: 0.0165 - reader cost: 8.2980e-05
294/348 [========================>.....] - ETA: 0s - batch_cost: 0.0165 - reader cost: 8.1851e-05
298/348 [========================>.....] - ETA: 0s - batch_cost: 0.0165 - reader cost: 8.0753e-05
301/348 [========================>.....] - ETA: 0s - batch_cost: 0.0165 - reader cost: 7.9948e-05
304/348 [=========================>....] - ETA: 0s - batch_cost: 0.0166 - reader cost: 8.1124e-05
307/348 [=========================>....] - ETA: 0s - batch_cost: 0.0166 - reader cost: 8.0332e-05
310/348 [=========================>....] - ETA: 0s - batch_cost: 0.0166 - reader cost: 7.9554e-05
313/348 [=========================>....] - ETA: 0s - batch_cost: 0.0166 - reader cost: 7.8792e-05
316/348 [==========================>...] - ETA: 0s - batch_cost: 0.0166 - reader cost: 7.8044e-05
320/348 [==========================>...] - ETA: 0s - batch_cost: 0.0166 - reader cost: 7.7068e-05
324/348 [==========================>...] - ETA: 0s - batch_cost: 0.0166 - reader cost: 7.6117e-05
327/348 [===========================>..] - ETA: 0s - batch_cost: 0.0166 - reader cost: 7.5418e-05
331/348 [===========================>..] - ETA: 0s - batch_cost: 0.0166 - reader cost: 7.4507e-05
335/348 [===========================>..] - ETA: 0s - batch_cost: 0.0166 - reader cost: 7.3617e-05
339/348 [============================>.] - ETA: 0s - batch_cost: 0.0166 - reader cost: 7.2749e-05
342/348 [============================>.] - ETA: 0s - batch_cost: 0.0166 - reader cost: 7.2110e-05
347/348 [============================>.] - ETA: 0s - batch_cost: 0.0165 - reader cost: 7.1071e-05
348/348 [==============================] - 6s 17ms/step - batch_cost: 0.0165 - reader cost: 7.0867e-05

  1/348 [..............................] - ETA: 8s - batch_cost: 0.0235 - reader cost: 0.0070
  5/348 [..............................] - ETA: 5s - batch_cost: 0.0169 - reader cost: 0.0016
  9/348 [..............................] - ETA: 5s - batch_cost: 0.0161 - reader cost: 8.8999e-04
 13/348 [>.............................] - ETA: 5s - batch_cost: 0.0158 - reader cost: 7.0062e-04
 17/348 [>.............................] - ETA: 5s - batch_cost: 0.0155 - reader cost: 5.3577e-04
 21/348 [>.............................] - ETA: 4s - batch_cost: 0.0150 - reader cost: 4.3372e-04
 25/348 [=>............................] - ETA: 4s - batch_cost: 0.0147 - reader cost: 3.6432e-04
 29/348 [=>............................] - ETA: 4s - batch_cost: 0.0147 - reader cost: 3.1407e-04
 32/348 [=>............................] - ETA: 4s - batch_cost: 0.0149 - reader cost: 2.8463e-04
 35/348 [==>...........................] - ETA: 4s - batch_cost: 0.0152 - reader cost: 2.6023e-04
 38/348 [==>...........................] - ETA: 4s - batch_cost: 0.0154 - reader cost: 2.3969e-04
 42/348 [==>...........................] - ETA: 4s - batch_cost: 0.0154 - reader cost: 2.4080e-04
 46/348 [==>...........................] - ETA: 4s - batch_cost: 0.0154 - reader cost: 2.1986e-04
 50/348 [===>..........................] - ETA: 4s - batch_cost: 0.0152 - reader cost: 2.0227e-04
 54/348 [===>..........................] - ETA: 4s - batch_cost: 0.0151 - reader cost: 1.8729e-04
 58/348 [====>.........................] - ETA: 4s - batch_cost: 0.0150 - reader cost: 1.7437e-04
 62/348 [====>.........................] - ETA: 4s - batch_cost: 0.0150 - reader cost: 1.6312e-04
 66/348 [====>.........................] - ETA: 4s - batch_cost: 0.0151 - reader cost: 1.5324e-04
 70/348 [=====>........................] - ETA: 4s - batch_cost: 0.0151 - reader cost: 1.4448e-04
 74/348 [=====>........................] - ETA: 4s - batch_cost: 0.0151 - reader cost: 1.5018e-04
 78/348 [=====>........................] - ETA: 4s - batch_cost: 0.0151 - reader cost: 1.4248e-04
 81/348 [=====>........................] - ETA: 4s - batch_cost: 0.0152 - reader cost: 1.3721e-04
 84/348 [======>.......................] - ETA: 4s - batch_cost: 0.0153 - reader cost: 1.3231e-04
 88/348 [======>.......................] - ETA: 4s - batch_cost: 0.0153 - reader cost: 1.2629e-04
 91/348 [======>.......................] - ETA: 3s - batch_cost: 0.0153 - reader cost: 1.2213e-04
 95/348 [=======>......................] - ETA: 3s - batch_cost: 0.0154 - reader cost: 1.1699e-04
 98/348 [=======>......................] - ETA: 3s - batch_cost: 0.0154 - reader cost: 1.1340e-04
101/348 [=======>......................] - ETA: 3s - batch_cost: 0.0155 - reader cost: 1.1004e-04
105/348 [========>.....................] - ETA: 3s - batch_cost: 0.0155 - reader cost: 1.0584e-04
109/348 [========>.....................] - ETA: 3s - batch_cost: 0.0155 - reader cost: 1.0196e-04
113/348 [========>.....................] - ETA: 3s - batch_cost: 0.0155 - reader cost: 9.8351e-05
117/348 [=========>....................] - ETA: 3s - batch_cost: 0.0154 - reader cost: 9.4988e-05
121/348 [=========>....................] - ETA: 3s - batch_cost: 0.0154 - reader cost: 9.1848e-05
125/348 [=========>....................] - ETA: 3s - batch_cost: 0.0153 - reader cost: 8.8909e-05
129/348 [==========>...................] - ETA: 3s - batch_cost: 0.0154 - reader cost: 8.6152e-05
133/348 [==========>...................] - ETA: 3s - batch_cost: 0.0153 - reader cost: 9.4865e-05
137/348 [==========>...................] - ETA: 3s - batch_cost: 0.0153 - reader cost: 9.2096e-05
141/348 [===========>..................] - ETA: 3s - batch_cost: 0.0153 - reader cost: 9.6580e-05
145/348 [===========>..................] - ETA: 3s - batch_cost: 0.0153 - reader cost: 9.3916e-05
149/348 [===========>..................] - ETA: 3s - batch_cost: 0.0152 - reader cost: 9.8110e-05
153/348 [============>.................] - ETA: 3s - batch_cost: 0.0153 - reader cost: 1.0208e-04
156/348 [============>.................] - ETA: 2s - batch_cost: 0.0153 - reader cost: 1.0012e-04
160/348 [============>.................] - ETA: 2s - batch_cost: 0.0154 - reader cost: 9.7613e-05
163/348 [=============>................] - ETA: 2s - batch_cost: 0.0154 - reader cost: 9.5816e-05
166/348 [=============>................] - ETA: 2s - batch_cost: 0.0154 - reader cost: 9.4085e-05
170/348 [=============>................] - ETA: 2s - batch_cost: 0.0154 - reader cost: 9.1871e-05
173/348 [=============>................] - ETA: 2s - batch_cost: 0.0154 - reader cost: 9.0278e-05
176/348 [==============>...............] - ETA: 2s - batch_cost: 0.0154 - reader cost: 8.8739e-05
180/348 [==============>...............] - ETA: 2s - batch_cost: 0.0155 - reader cost: 8.6767e-05
183/348 [==============>...............] - ETA: 2s - batch_cost: 0.0155 - reader cost: 8.5345e-05
186/348 [===============>..............] - ETA: 2s - batch_cost: 0.0156 - reader cost: 8.3968e-05
189/348 [===============>..............] - ETA: 2s - batch_cost: 0.0157 - reader cost: 8.2635e-05
192/348 [===============>..............] - ETA: 2s - batch_cost: 0.0157 - reader cost: 8.1344e-05
195/348 [===============>..............] - ETA: 2s - batch_cost: 0.0157 - reader cost: 8.0093e-05
198/348 [================>.............] - ETA: 2s - batch_cost: 0.0158 - reader cost: 7.8879e-05
201/348 [================>.............] - ETA: 2s - batch_cost: 0.0158 - reader cost: 7.7702e-05
205/348 [================>.............] - ETA: 2s - batch_cost: 0.0158 - reader cost: 7.6186e-05
209/348 [=================>............] - ETA: 2s - batch_cost: 0.0158 - reader cost: 7.4728e-05
213/348 [=================>............] - ETA: 2s - batch_cost: 0.0157 - reader cost: 7.3324e-05
217/348 [=================>............] - ETA: 2s - batch_cost: 0.0157 - reader cost: 7.1973e-05
221/348 [==================>...........] - ETA: 2s - batch_cost: 0.0157 - reader cost: 7.0670e-05
225/348 [==================>...........] - ETA: 1s - batch_cost: 0.0157 - reader cost: 6.9414e-05
229/348 [==================>...........] - ETA: 1s - batch_cost: 0.0157 - reader cost: 6.8201e-05
233/348 [===================>..........] - ETA: 1s - batch_cost: 0.0156 - reader cost: 6.7030e-05
237/348 [===================>..........] - ETA: 1s - batch_cost: 0.0156 - reader cost: 6.5899e-05
241/348 [===================>..........] - ETA: 1s - batch_cost: 0.0156 - reader cost: 6.4805e-05
245/348 [====================>.........] - ETA: 1s - batch_cost: 0.0156 - reader cost: 6.3747e-05
248/348 [====================>.........] - ETA: 1s - batch_cost: 0.0156 - reader cost: 6.2976e-05
251/348 [====================>.........] - ETA: 1s - batch_cost: 0.0157 - reader cost: 6.2223e-05
254/348 [====================>.........] - ETA: 1s - batch_cost: 0.0157 - reader cost: 6.5417e-05
258/348 [=====================>........] - ETA: 1s - batch_cost: 0.0157 - reader cost: 6.4403e-05
262/348 [=====================>........] - ETA: 1s - batch_cost: 0.0157 - reader cost: 6.3419e-05
266/348 [=====================>........] - ETA: 1s - batch_cost: 0.0157 - reader cost: 6.6215e-05
270/348 [======================>.......] - ETA: 1s - batch_cost: 0.0156 - reader cost: 6.5234e-05
273/348 [======================>.......] - ETA: 1s - batch_cost: 0.0157 - reader cost: 6.4517e-05
276/348 [======================>.......] - ETA: 1s - batch_cost: 0.0157 - reader cost: 6.7438e-05
280/348 [=======================>......] - ETA: 1s - batch_cost: 0.0157 - reader cost: 7.0058e-05
284/348 [=======================>......] - ETA: 1s - batch_cost: 0.0157 - reader cost: 6.9071e-05
287/348 [=======================>......] - ETA: 0s - batch_cost: 0.0157 - reader cost: 6.8349e-05
290/348 [========================>.....] - ETA: 0s - batch_cost: 0.0157 - reader cost: 6.7642e-05
293/348 [========================>.....] - ETA: 0s - batch_cost: 0.0157 - reader cost: 6.6949e-05
296/348 [========================>.....] - ETA: 0s - batch_cost: 0.0158 - reader cost: 6.8003e-05
300/348 [========================>.....] - ETA: 0s - batch_cost: 0.0157 - reader cost: 6.7097e-05
304/348 [=========================>....] - ETA: 0s - batch_cost: 0.0157 - reader cost: 6.6214e-05
308/348 [=========================>....] - ETA: 0s - batch_cost: 0.0157 - reader cost: 6.5354e-05
313/348 [=========================>....] - ETA: 0s - batch_cost: 0.0156 - reader cost: 6.4310e-05
318/348 [==========================>...] - ETA: 0s - batch_cost: 0.0156 - reader cost: 6.3299e-05
322/348 [==========================>...] - ETA: 0s - batch_cost: 0.0156 - reader cost: 6.2512e-05
326/348 [===========================>..] - ETA: 0s - batch_cost: 0.0156 - reader cost: 6.1745e-05
330/348 [===========================>..] - ETA: 0s - batch_cost: 0.0156 - reader cost: 6.0997e-05
334/348 [===========================>..] - ETA: 0s - batch_cost: 0.0155 - reader cost: 6.0266e-05
338/348 [============================>.] - ETA: 0s - batch_cost: 0.0155 - reader cost: 6.2837e-05
341/348 [============================>.] - ETA: 0s - batch_cost: 0.0156 - reader cost: 6.2285e-05
345/348 [============================>.] - ETA: 0s - batch_cost: 0.0156 - reader cost: 6.1562e-05
348/348 [==============================] - 5s 16ms/step - batch_cost: 0.0155 - reader cost: 6.3906e-05

  1/348 [..............................] - ETA: 11s - batch_cost: 0.0321 - reader cost: 0.0091
  4/348 [..............................] - ETA: 7s - batch_cost: 0.0204 - reader cost: 0.0023 
  8/348 [..............................] - ETA: 6s - batch_cost: 0.0181 - reader cost: 0.0011
 12/348 [>.............................] - ETA: 5s - batch_cost: 0.0172 - reader cost: 7.6050e-04
 16/348 [>.............................] - ETA: 5s - batch_cost: 0.0164 - reader cost: 5.7037e-04
 20/348 [>.............................] - ETA: 5s - batch_cost: 0.0160 - reader cost: 4.5630e-04
 24/348 [=>............................] - ETA: 5s - batch_cost: 0.0155 - reader cost: 3.8025e-04
 28/348 [=>............................] - ETA: 4s - batch_cost: 0.0152 - reader cost: 3.2593e-04
 32/348 [=>............................] - ETA: 4s - batch_cost: 0.0151 - reader cost: 2.8519e-04
 36/348 [==>...........................] - ETA: 4s - batch_cost: 0.0150 - reader cost: 2.8136e-04
 39/348 [==>...........................] - ETA: 4s - batch_cost: 0.0152 - reader cost: 2.5972e-04
 42/348 [==>...........................] - ETA: 4s - batch_cost: 0.0155 - reader cost: 2.4117e-04
 45/348 [==>...........................] - ETA: 4s - batch_cost: 0.0157 - reader cost: 2.2509e-04
 48/348 [===>..........................] - ETA: 4s - batch_cost: 0.0158 - reader cost: 2.3188e-04
 52/348 [===>..........................] - ETA: 4s - batch_cost: 0.0157 - reader cost: 2.1404e-04
 56/348 [===>..........................] - ETA: 4s - batch_cost: 0.0156 - reader cost: 1.9875e-04
 60/348 [====>.........................] - ETA: 4s - batch_cost: 0.0156 - reader cost: 1.8550e-04
 64/348 [====>.........................] - ETA: 4s - batch_cost: 0.0156 - reader cost: 1.7391e-04
 68/348 [====>.........................] - ETA: 4s - batch_cost: 0.0156 - reader cost: 1.6368e-04
 71/348 [=====>........................] - ETA: 4s - batch_cost: 0.0158 - reader cost: 1.7087e-04
 74/348 [=====>........................] - ETA: 4s - batch_cost: 0.0159 - reader cost: 1.6394e-04
 77/348 [=====>........................] - ETA: 4s - batch_cost: 0.0160 - reader cost: 1.5755e-04
 80/348 [=====>........................] - ETA: 4s - batch_cost: 0.0162 - reader cost: 1.5164e-04
 84/348 [======>.......................] - ETA: 4s - batch_cost: 0.0161 - reader cost: 1.5633e-04
 87/348 [======>.......................] - ETA: 4s - batch_cost: 0.0162 - reader cost: 1.5094e-04
 91/348 [======>.......................] - ETA: 4s - batch_cost: 0.0161 - reader cost: 1.4430e-04
 95/348 [=======>......................] - ETA: 4s - batch_cost: 0.0161 - reader cost: 1.3823e-04
 99/348 [=======>......................] - ETA: 4s - batch_cost: 0.0160 - reader cost: 1.3264e-04
103/348 [=======>......................] - ETA: 3s - batch_cost: 0.0160 - reader cost: 1.2749e-04
106/348 [========>.....................] - ETA: 3s - batch_cost: 0.0160 - reader cost: 1.2388e-04
110/348 [========>.....................] - ETA: 3s - batch_cost: 0.0160 - reader cost: 1.1938e-04
113/348 [========>.....................] - ETA: 3s - batch_cost: 0.0160 - reader cost: 1.2505e-04
116/348 [=========>....................] - ETA: 3s - batch_cost: 0.0161 - reader cost: 1.2182e-04
119/348 [=========>....................] - ETA: 3s - batch_cost: 0.0162 - reader cost: 1.1875e-04
122/348 [=========>....................] - ETA: 3s - batch_cost: 0.0163 - reader cost: 1.1583e-04
125/348 [=========>....................] - ETA: 3s - batch_cost: 0.0163 - reader cost: 1.1305e-04
128/348 [==========>...................] - ETA: 3s - batch_cost: 0.0164 - reader cost: 1.1040e-04
131/348 [==========>...................] - ETA: 3s - batch_cost: 0.0165 - reader cost: 1.0787e-04
134/348 [==========>...................] - ETA: 3s - batch_cost: 0.0165 - reader cost: 1.0545e-04
137/348 [==========>...................] - ETA: 3s - batch_cost: 0.0165 - reader cost: 1.0314e-04
141/348 [===========>..................] - ETA: 3s - batch_cost: 0.0165 - reader cost: 1.0022e-04
145/348 [===========>..................] - ETA: 3s - batch_cost: 0.0164 - reader cost: 9.7454e-05
149/348 [===========>..................] - ETA: 3s - batch_cost: 0.0164 - reader cost: 9.4838e-05
153/348 [============>.................] - ETA: 3s - batch_cost: 0.0164 - reader cost: 9.2358e-05
157/348 [============>.................] - ETA: 3s - batch_cost: 0.0164 - reader cost: 9.0005e-05
161/348 [============>.................] - ETA: 3s - batch_cost: 0.0163 - reader cost: 8.7769e-05
165/348 [=============>................] - ETA: 3s - batch_cost: 0.0163 - reader cost: 8.5641e-05
168/348 [=============>................] - ETA: 2s - batch_cost: 0.0164 - reader cost: 8.4112e-05
171/348 [=============>................] - ETA: 2s - batch_cost: 0.0164 - reader cost: 8.2636e-05
174/348 [==============>...............] - ETA: 2s - batch_cost: 0.0164 - reader cost: 8.1212e-05
177/348 [==============>...............] - ETA: 2s - batch_cost: 0.0165 - reader cost: 7.9835e-05
180/348 [==============>...............] - ETA: 2s - batch_cost: 0.0166 - reader cost: 7.8505e-05
183/348 [==============>...............] - ETA: 2s - batch_cost: 0.0167 - reader cost: 8.2680e-05
186/348 [===============>..............] - ETA: 2s - batch_cost: 0.0167 - reader cost: 8.1347e-05
190/348 [===============>..............] - ETA: 2s - batch_cost: 0.0167 - reader cost: 7.9634e-05
193/348 [===============>..............] - ETA: 2s - batch_cost: 0.0167 - reader cost: 7.8396e-05
197/348 [===============>..............] - ETA: 2s - batch_cost: 0.0167 - reader cost: 7.6805e-05
201/348 [================>.............] - ETA: 2s - batch_cost: 0.0166 - reader cost: 7.5276e-05
205/348 [================>.............] - ETA: 2s - batch_cost: 0.0166 - reader cost: 7.3807e-05
208/348 [================>.............] - ETA: 2s - batch_cost: 0.0166 - reader cost: 7.2743e-05
212/348 [=================>............] - ETA: 2s - batch_cost: 0.0166 - reader cost: 7.1370e-05
216/348 [=================>............] - ETA: 2s - batch_cost: 0.0165 - reader cost: 7.0049e-05
219/348 [=================>............] - ETA: 2s - batch_cost: 0.0165 - reader cost: 7.8194e-05
222/348 [==================>...........] - ETA: 2s - batch_cost: 0.0166 - reader cost: 7.7137e-05
225/348 [==================>...........] - ETA: 2s - batch_cost: 0.0166 - reader cost: 7.6109e-05
228/348 [==================>...........] - ETA: 2s - batch_cost: 0.0166 - reader cost: 7.5107e-05
231/348 [==================>...........] - ETA: 1s - batch_cost: 0.0167 - reader cost: 7.4132e-05
234/348 [===================>..........] - ETA: 1s - batch_cost: 0.0167 - reader cost: 7.3181e-05
237/348 [===================>..........] - ETA: 1s - batch_cost: 0.0167 - reader cost: 7.2255e-05
241/348 [===================>..........] - ETA: 1s - batch_cost: 0.0167 - reader cost: 7.1056e-05
244/348 [====================>.........] - ETA: 1s - batch_cost: 0.0167 - reader cost: 7.0182e-05
247/348 [====================>.........] - ETA: 1s - batch_cost: 0.0167 - reader cost: 6.9330e-05
250/348 [====================>.........] - ETA: 1s - batch_cost: 0.0167 - reader cost: 6.8498e-05
254/348 [====================>.........] - ETA: 1s - batch_cost: 0.0167 - reader cost: 6.7419e-05
258/348 [=====================>........] - ETA: 1s - batch_cost: 0.0167 - reader cost: 6.6374e-05
262/348 [=====================>........] - ETA: 1s - batch_cost: 0.0166 - reader cost: 6.9176e-05
266/348 [=====================>........] - ETA: 1s - batch_cost: 0.0166 - reader cost: 7.1889e-05
270/348 [======================>.......] - ETA: 1s - batch_cost: 0.0166 - reader cost: 7.0824e-05
274/348 [======================>.......] - ETA: 1s - batch_cost: 0.0166 - reader cost: 6.9790e-05
278/348 [======================>.......] - ETA: 1s - batch_cost: 0.0166 - reader cost: 7.5946e-05
281/348 [=======================>......] - ETA: 1s - batch_cost: 0.0166 - reader cost: 7.8694e-05
284/348 [=======================>......] - ETA: 1s - batch_cost: 0.0166 - reader cost: 8.1401e-05
288/348 [=======================>......] - ETA: 1s - batch_cost: 0.0166 - reader cost: 8.3744e-05
291/348 [========================>.....] - ETA: 0s - batch_cost: 0.0166 - reader cost: 8.2880e-05
294/348 [========================>.....] - ETA: 0s - batch_cost: 0.0166 - reader cost: 8.3779e-05
298/348 [========================>.....] - ETA: 0s - batch_cost: 0.0166 - reader cost: 8.5947e-05
301/348 [========================>.....] - ETA: 0s - batch_cost: 0.0166 - reader cost: 8.5090e-05
305/348 [=========================>....] - ETA: 0s - batch_cost: 0.0166 - reader cost: 8.3974e-05
308/348 [=========================>....] - ETA: 0s - batch_cost: 0.0166 - reader cost: 8.3156e-05
311/348 [=========================>....] - ETA: 0s - batch_cost: 0.0167 - reader cost: 8.5605e-05
314/348 [==========================>...] - ETA: 0s - batch_cost: 0.0167 - reader cost: 8.4787e-05
317/348 [==========================>...] - ETA: 0s - batch_cost: 0.0167 - reader cost: 8.3984e-05
320/348 [==========================>...] - ETA: 0s - batch_cost: 0.0167 - reader cost: 8.3197e-05
323/348 [==========================>...] - ETA: 0s - batch_cost: 0.0167 - reader cost: 8.5520e-05
326/348 [===========================>..] - ETA: 0s - batch_cost: 0.0167 - reader cost: 8.4733e-05
329/348 [===========================>..] - ETA: 0s - batch_cost: 0.0167 - reader cost: 8.3960e-05
332/348 [===========================>..] - ETA: 0s - batch_cost: 0.0168 - reader cost: 8.3202e-05
335/348 [===========================>..] - ETA: 0s - batch_cost: 0.0168 - reader cost: 8.5411e-05
338/348 [============================>.] - ETA: 0s - batch_cost: 0.0168 - reader cost: 8.4653e-05
341/348 [============================>.] - ETA: 0s - batch_cost: 0.0168 - reader cost: 8.6855e-05
346/348 [============================>.] - ETA: 0s - batch_cost: 0.0167 - reader cost: 8.8491e-05
348/348 [==============================] - 6s 17ms/step - batch_cost: 0.0167 - reader cost: 8.7982e-05

  1/348 [..............................] - ETA: 12s - batch_cost: 0.0362 - reader cost: 0.0132
  4/348 [..............................] - ETA: 8s - batch_cost: 0.0251 - reader cost: 0.0033 
  7/348 [..............................] - ETA: 7s - batch_cost: 0.0227 - reader cost: 0.0019
 10/348 [..............................] - ETA: 7s - batch_cost: 0.0215 - reader cost: 0.0013
 14/348 [>.............................] - ETA: 6s - batch_cost: 0.0197 - reader cost: 9.4145e-04
 18/348 [>.............................] - ETA: 6s - batch_cost: 0.0188 - reader cost: 7.3224e-04
 22/348 [>.............................] - ETA: 5s - batch_cost: 0.0181 - reader cost: 5.9910e-04
 26/348 [=>............................] - ETA: 5s - batch_cost: 0.0175 - reader cost: 5.0693e-04
 30/348 [=>............................] - ETA: 5s - batch_cost: 0.0168 - reader cost: 4.3934e-04
 34/348 [=>............................] - ETA: 5s - batch_cost: 0.0165 - reader cost: 3.8765e-04
 38/348 [==>...........................] - ETA: 5s - batch_cost: 0.0163 - reader cost: 3.4685e-04
 42/348 [==>...........................] - ETA: 4s - batch_cost: 0.0161 - reader cost: 3.1382e-04
 45/348 [==>...........................] - ETA: 4s - batch_cost: 0.0162 - reader cost: 3.3741e-04
 48/348 [===>..........................] - ETA: 4s - batch_cost: 0.0165 - reader cost: 3.4782e-04
 52/348 [===>..........................] - ETA: 4s - batch_cost: 0.0163 - reader cost: 3.2107e-04
 56/348 [===>..........................] - ETA: 4s - batch_cost: 0.0161 - reader cost: 2.9813e-04
 60/348 [====>.........................] - ETA: 4s - batch_cost: 0.0160 - reader cost: 2.7826e-04
 64/348 [====>.........................] - ETA: 4s - batch_cost: 0.0158 - reader cost: 2.7673e-04
 68/348 [====>.........................] - ETA: 4s - batch_cost: 0.0157 - reader cost: 2.6045e-04
 72/348 [=====>........................] - ETA: 4s - batch_cost: 0.0157 - reader cost: 2.4598e-04
 76/348 [=====>........................] - ETA: 4s - batch_cost: 0.0157 - reader cost: 2.3981e-04
 80/348 [=====>........................] - ETA: 4s - batch_cost: 0.0157 - reader cost: 2.4026e-04
 84/348 [======>.......................] - ETA: 4s - batch_cost: 0.0157 - reader cost: 2.2882e-04
 88/348 [======>.......................] - ETA: 4s - batch_cost: 0.0157 - reader cost: 2.1842e-04
 92/348 [======>.......................] - ETA: 4s - batch_cost: 0.0156 - reader cost: 2.0892e-04
 95/348 [=======>......................] - ETA: 4s - batch_cost: 0.0157 - reader cost: 2.0232e-04
 98/348 [=======>......................] - ETA: 4s - batch_cost: 0.0158 - reader cost: 1.9613e-04
101/348 [=======>......................] - ETA: 3s - batch_cost: 0.0159 - reader cost: 1.9030e-04
105/348 [========>.....................] - ETA: 3s - batch_cost: 0.0157 - reader cost: 1.8305e-04
109/348 [========>.....................] - ETA: 3s - batch_cost: 0.0157 - reader cost: 1.7634e-04
113/348 [========>.....................] - ETA: 3s - batch_cost: 0.0156 - reader cost: 1.7009e-04
118/348 [=========>....................] - ETA: 3s - batch_cost: 0.0154 - reader cost: 1.6289e-04
123/348 [=========>....................] - ETA: 3s - batch_cost: 0.0153 - reader cost: 1.5626e-04
128/348 [==========>...................] - ETA: 3s - batch_cost: 0.0152 - reader cost: 1.5799e-04
133/348 [==========>...................] - ETA: 3s - batch_cost: 0.0150 - reader cost: 1.5957e-04
137/348 [==========>...................] - ETA: 3s - batch_cost: 0.0150 - reader cost: 1.5491e-04
141/348 [===========>..................] - ETA: 3s - batch_cost: 0.0149 - reader cost: 1.5052e-04
145/348 [===========>..................] - ETA: 3s - batch_cost: 0.0149 - reader cost: 1.4637e-04
150/348 [===========>..................] - ETA: 2s - batch_cost: 0.0148 - reader cost: 1.4149e-04
154/348 [============>.................] - ETA: 2s - batch_cost: 0.0148 - reader cost: 1.3781e-04
158/348 [============>.................] - ETA: 2s - batch_cost: 0.0148 - reader cost: 1.3432e-04
163/348 [=============>................] - ETA: 2s - batch_cost: 0.0147 - reader cost: 1.3020e-04
168/348 [=============>................] - ETA: 2s - batch_cost: 0.0147 - reader cost: 1.3819e-04
172/348 [=============>................] - ETA: 2s - batch_cost: 0.0147 - reader cost: 1.3497e-04
177/348 [==============>...............] - ETA: 2s - batch_cost: 0.0146 - reader cost: 1.3682e-04
181/348 [==============>...............] - ETA: 2s - batch_cost: 0.0145 - reader cost: 1.3380e-04
184/348 [==============>...............] - ETA: 2s - batch_cost: 0.0146 - reader cost: 1.3705e-04
187/348 [===============>..............] - ETA: 2s - batch_cost: 0.0146 - reader cost: 1.3485e-04
191/348 [===============>..............] - ETA: 2s - batch_cost: 0.0146 - reader cost: 1.3203e-04
195/348 [===============>..............] - ETA: 2s - batch_cost: 0.0147 - reader cost: 1.2932e-04
199/348 [================>.............] - ETA: 2s - batch_cost: 0.0147 - reader cost: 1.2672e-04
203/348 [================>.............] - ETA: 2s - batch_cost: 0.0146 - reader cost: 1.2422e-04
207/348 [================>.............] - ETA: 2s - batch_cost: 0.0146 - reader cost: 1.2182e-04
211/348 [=================>............] - ETA: 2s - batch_cost: 0.0146 - reader cost: 1.1951e-04
215/348 [=================>............] - ETA: 1s - batch_cost: 0.0146 - reader cost: 1.1729e-04
219/348 [=================>............] - ETA: 1s - batch_cost: 0.0146 - reader cost: 1.1515e-04
223/348 [==================>...........] - ETA: 1s - batch_cost: 0.0146 - reader cost: 1.1308e-04
227/348 [==================>...........] - ETA: 1s - batch_cost: 0.0146 - reader cost: 1.1109e-04
231/348 [==================>...........] - ETA: 1s - batch_cost: 0.0145 - reader cost: 1.0917e-04
235/348 [===================>..........] - ETA: 1s - batch_cost: 0.0145 - reader cost: 1.1153e-04
239/348 [===================>..........] - ETA: 1s - batch_cost: 0.0146 - reader cost: 1.0966e-04
243/348 [===================>..........] - ETA: 1s - batch_cost: 0.0146 - reader cost: 1.0786e-04
247/348 [====================>.........] - ETA: 1s - batch_cost: 0.0145 - reader cost: 1.0611e-04
251/348 [====================>.........] - ETA: 1s - batch_cost: 0.0145 - reader cost: 1.0442e-04
255/348 [====================>.........] - ETA: 1s - batch_cost: 0.0145 - reader cost: 1.0278e-04
259/348 [=====================>........] - ETA: 1s - batch_cost: 0.0145 - reader cost: 1.0119e-04
263/348 [=====================>........] - ETA: 1s - batch_cost: 0.0145 - reader cost: 9.9655e-05
268/348 [======================>.......] - ETA: 1s - batch_cost: 0.0145 - reader cost: 1.0153e-04
272/348 [======================>.......] - ETA: 1s - batch_cost: 0.0145 - reader cost: 1.0004e-04
276/348 [======================>.......] - ETA: 1s - batch_cost: 0.0145 - reader cost: 9.8585e-05
280/348 [=======================>......] - ETA: 0s - batch_cost: 0.0144 - reader cost: 1.0074e-04
284/348 [=======================>......] - ETA: 0s - batch_cost: 0.0144 - reader cost: 9.9324e-05
288/348 [=======================>......] - ETA: 0s - batch_cost: 0.0145 - reader cost: 1.0142e-04
291/348 [========================>.....] - ETA: 0s - batch_cost: 0.0145 - reader cost: 1.0037e-04
294/348 [========================>.....] - ETA: 0s - batch_cost: 0.0146 - reader cost: 9.9347e-05
297/348 [========================>.....] - ETA: 0s - batch_cost: 0.0146 - reader cost: 9.8343e-05
300/348 [========================>.....] - ETA: 0s - batch_cost: 0.0147 - reader cost: 1.0402e-04
303/348 [=========================>....] - ETA: 0s - batch_cost: 0.0147 - reader cost: 1.0299e-04
306/348 [=========================>....] - ETA: 0s - batch_cost: 0.0147 - reader cost: 1.0198e-04
310/348 [=========================>....] - ETA: 0s - batch_cost: 0.0147 - reader cost: 1.0067e-04
314/348 [==========================>...] - ETA: 0s - batch_cost: 0.0147 - reader cost: 9.9386e-05
318/348 [==========================>...] - ETA: 0s - batch_cost: 0.0147 - reader cost: 9.8136e-05
322/348 [==========================>...] - ETA: 0s - batch_cost: 0.0147 - reader cost: 9.6917e-05
326/348 [===========================>..] - ETA: 0s - batch_cost: 0.0147 - reader cost: 9.5728e-05
330/348 [===========================>..] - ETA: 0s - batch_cost: 0.0147 - reader cost: 9.7605e-05
334/348 [===========================>..] - ETA: 0s - batch_cost: 0.0147 - reader cost: 9.6436e-05
338/348 [============================>.] - ETA: 0s - batch_cost: 0.0146 - reader cost: 9.5295e-05
342/348 [============================>.] - ETA: 0s - batch_cost: 0.0146 - reader cost: 9.4180e-05
347/348 [============================>.] - ETA: 0s - batch_cost: 0.0146 - reader cost: 9.2823e-05
348/348 [==============================] - 5s 15ms/step - batch_cost: 0.0146 - reader cost: 9.2556e-05

  1/348 [..............................] - ETA: 7s - batch_cost: 0.0212 - reader cost: 0.0065
  4/348 [..............................] - ETA: 6s - batch_cost: 0.0179 - reader cost: 0.0016
  8/348 [..............................] - ETA: 5s - batch_cost: 0.0166 - reader cost: 8.1331e-04
 12/348 [>.............................] - ETA: 5s - batch_cost: 0.0157 - reader cost: 5.4220e-04
 16/348 [>.............................] - ETA: 5s - batch_cost: 0.0151 - reader cost: 4.0665e-04
 20/348 [>.............................] - ETA: 4s - batch_cost: 0.0150 - reader cost: 3.2532e-04
 24/348 [=>............................] - ETA: 4s - batch_cost: 0.0147 - reader cost: 2.7110e-04
 29/348 [=>............................] - ETA: 4s - batch_cost: 0.0143 - reader cost: 2.5896e-04
 33/348 [=>............................] - ETA: 4s - batch_cost: 0.0144 - reader cost: 2.2757e-04
 36/348 [==>...........................] - ETA: 4s - batch_cost: 0.0147 - reader cost: 2.3660e-04
 40/348 [==>...........................] - ETA: 4s - batch_cost: 0.0147 - reader cost: 2.1294e-04
 44/348 [==>...........................] - ETA: 4s - batch_cost: 0.0148 - reader cost: 1.9359e-04
 47/348 [===>..........................] - ETA: 4s - batch_cost: 0.0150 - reader cost: 1.8123e-04
 50/348 [===>..........................] - ETA: 4s - batch_cost: 0.0152 - reader cost: 1.7035e-04
 54/348 [===>..........................] - ETA: 4s - batch_cost: 0.0150 - reader cost: 1.5774e-04
 59/348 [====>.........................] - ETA: 4s - batch_cost: 0.0148 - reader cost: 1.6118e-04
 64/348 [====>.........................] - ETA: 4s - batch_cost: 0.0146 - reader cost: 1.4859e-04
 68/348 [====>.........................] - ETA: 4s - batch_cost: 0.0144 - reader cost: 1.5457e-04
 72/348 [=====>........................] - ETA: 4s - batch_cost: 0.0144 - reader cost: 1.4598e-04
 76/348 [=====>........................] - ETA: 3s - batch_cost: 0.0144 - reader cost: 1.3830e-04
 79/348 [=====>........................] - ETA: 3s - batch_cost: 0.0145 - reader cost: 1.3305e-04
 82/348 [======>.......................] - ETA: 3s - batch_cost: 0.0147 - reader cost: 1.2818e-04
 85/348 [======>.......................] - ETA: 3s - batch_cost: 0.0148 - reader cost: 1.3542e-04
 88/348 [======>.......................] - ETA: 3s - batch_cost: 0.0148 - reader cost: 1.3080e-04
 92/348 [======>.......................] - ETA: 3s - batch_cost: 0.0148 - reader cost: 1.2512e-04
 96/348 [=======>......................] - ETA: 3s - batch_cost: 0.0148 - reader cost: 1.1990e-04
100/348 [=======>......................] - ETA: 3s - batch_cost: 0.0148 - reader cost: 1.1511e-04
104/348 [=======>......................] - ETA: 3s - batch_cost: 0.0148 - reader cost: 1.1068e-04
108/348 [========>.....................] - ETA: 3s - batch_cost: 0.0149 - reader cost: 1.0658e-04
112/348 [========>.....................] - ETA: 3s - batch_cost: 0.0149 - reader cost: 1.0277e-04
115/348 [========>.....................] - ETA: 3s - batch_cost: 0.0150 - reader cost: 1.0878e-04
118/348 [=========>....................] - ETA: 3s - batch_cost: 0.0152 - reader cost: 1.1439e-04
121/348 [=========>....................] - ETA: 3s - batch_cost: 0.0153 - reader cost: 1.1981e-04
124/348 [=========>....................] - ETA: 3s - batch_cost: 0.0154 - reader cost: 1.1691e-04
127/348 [=========>....................] - ETA: 3s - batch_cost: 0.0155 - reader cost: 1.1415e-04
130/348 [==========>...................] - ETA: 3s - batch_cost: 0.0157 - reader cost: 1.2695e-04
133/348 [==========>...................] - ETA: 3s - batch_cost: 0.0157 - reader cost: 1.2409e-04
136/348 [==========>...................] - ETA: 3s - batch_cost: 0.0158 - reader cost: 1.2135e-04
139/348 [==========>...................] - ETA: 3s - batch_cost: 0.0159 - reader cost: 1.1873e-04
142/348 [===========>..................] - ETA: 3s - batch_cost: 0.0159 - reader cost: 1.1622e-04
145/348 [===========>..................] - ETA: 3s - batch_cost: 0.0159 - reader cost: 1.1382e-04
149/348 [===========>..................] - ETA: 3s - batch_cost: 0.0159 - reader cost: 1.1076e-04
152/348 [============>.................] - ETA: 3s - batch_cost: 0.0159 - reader cost: 1.0858e-04
155/348 [============>.................] - ETA: 3s - batch_cost: 0.0160 - reader cost: 1.0647e-04
158/348 [============>.................] - ETA: 3s - batch_cost: 0.0160 - reader cost: 1.1071e-04
161/348 [============>.................] - ETA: 3s - batch_cost: 0.0161 - reader cost: 1.0864e-04
164/348 [=============>................] - ETA: 3s - batch_cost: 0.0162 - reader cost: 1.0666e-04
167/348 [=============>................] - ETA: 2s - batch_cost: 0.0163 - reader cost: 1.0474e-04
170/348 [=============>................] - ETA: 2s - batch_cost: 0.0163 - reader cost: 1.0289e-04
173/348 [=============>................] - ETA: 2s - batch_cost: 0.0164 - reader cost: 1.0111e-04
175/348 [==============>...............] - ETA: 2s - batch_cost: 0.0165 - reader cost: 9.9952e-05
178/348 [==============>...............] - ETA: 2s - batch_cost: 0.0166 - reader cost: 9.8267e-05
182/348 [==============>...............] - ETA: 2s - batch_cost: 0.0166 - reader cost: 9.6108e-05
185/348 [==============>...............] - ETA: 2s - batch_cost: 0.0166 - reader cost: 9.4549e-05
188/348 [===============>..............] - ETA: 2s - batch_cost: 0.0166 - reader cost: 9.3040e-05
191/348 [===============>..............] - ETA: 2s - batch_cost: 0.0167 - reader cost: 9.6807e-05
194/348 [===============>..............] - ETA: 2s - batch_cost: 0.0168 - reader cost: 9.5310e-05
197/348 [===============>..............] - ETA: 2s - batch_cost: 0.0168 - reader cost: 9.3858e-05
200/348 [================>.............] - ETA: 2s - batch_cost: 0.0168 - reader cost: 9.2450e-05
203/348 [================>.............] - ETA: 2s - batch_cost: 0.0168 - reader cost: 9.6067e-05
206/348 [================>.............] - ETA: 2s - batch_cost: 0.0169 - reader cost: 9.4668e-05
209/348 [=================>............] - ETA: 2s - batch_cost: 0.0170 - reader cost: 9.3310e-05
212/348 [=================>............] - ETA: 2s - batch_cost: 0.0170 - reader cost: 9.1989e-05
215/348 [=================>............] - ETA: 2s - batch_cost: 0.0171 - reader cost: 9.0706e-05
218/348 [=================>............] - ETA: 2s - batch_cost: 0.0171 - reader cost: 8.9457e-05
221/348 [==================>...........] - ETA: 2s - batch_cost: 0.0172 - reader cost: 8.8243e-05
224/348 [==================>...........] - ETA: 2s - batch_cost: 0.0173 - reader cost: 8.7061e-05
227/348 [==================>...........] - ETA: 2s - batch_cost: 0.0173 - reader cost: 8.5911e-05
230/348 [==================>...........] - ETA: 2s - batch_cost: 0.0174 - reader cost: 8.4790e-05
233/348 [===================>..........] - ETA: 2s - batch_cost: 0.0174 - reader cost: 8.3698e-05
237/348 [===================>..........] - ETA: 1s - batch_cost: 0.0173 - reader cost: 8.2286e-05
241/348 [===================>..........] - ETA: 1s - batch_cost: 0.0173 - reader cost: 8.0920e-05
245/348 [====================>.........] - ETA: 1s - batch_cost: 0.0172 - reader cost: 7.9599e-05
249/348 [====================>.........] - ETA: 1s - batch_cost: 0.0172 - reader cost: 7.8320e-05
252/348 [====================>.........] - ETA: 1s - batch_cost: 0.0172 - reader cost: 7.7388e-05
255/348 [====================>.........] - ETA: 1s - batch_cost: 0.0173 - reader cost: 7.6477e-05
258/348 [=====================>........] - ETA: 1s - batch_cost: 0.0174 - reader cost: 7.9496e-05
261/348 [=====================>........] - ETA: 1s - batch_cost: 0.0174 - reader cost: 7.8582e-05
264/348 [=====================>........] - ETA: 1s - batch_cost: 0.0175 - reader cost: 7.7689e-05
267/348 [======================>.......] - ETA: 1s - batch_cost: 0.0175 - reader cost: 7.6816e-05
270/348 [======================>.......] - ETA: 1s - batch_cost: 0.0176 - reader cost: 7.9693e-05
273/348 [======================>.......] - ETA: 1s - batch_cost: 0.0176 - reader cost: 7.8817e-05
276/348 [======================>.......] - ETA: 1s - batch_cost: 0.0176 - reader cost: 7.7960e-05
279/348 [=======================>......] - ETA: 1s - batch_cost: 0.0176 - reader cost: 7.7122e-05
282/348 [=======================>......] - ETA: 1s - batch_cost: 0.0176 - reader cost: 7.6302e-05
285/348 [=======================>......] - ETA: 1s - batch_cost: 0.0177 - reader cost: 7.5498e-05
288/348 [=======================>......] - ETA: 1s - batch_cost: 0.0177 - reader cost: 7.4712e-05
291/348 [========================>.....] - ETA: 1s - batch_cost: 0.0177 - reader cost: 7.5678e-05
294/348 [========================>.....] - ETA: 0s - batch_cost: 0.0177 - reader cost: 7.4906e-05
297/348 [========================>.....] - ETA: 0s - batch_cost: 0.0177 - reader cost: 7.4149e-05
301/348 [========================>.....] - ETA: 0s - batch_cost: 0.0177 - reader cost: 7.3164e-05
305/348 [=========================>....] - ETA: 0s - batch_cost: 0.0177 - reader cost: 7.2204e-05
308/348 [=========================>....] - ETA: 0s - batch_cost: 0.0177 - reader cost: 7.1501e-05
311/348 [=========================>....] - ETA: 0s - batch_cost: 0.0177 - reader cost: 7.0811e-05
314/348 [==========================>...] - ETA: 0s - batch_cost: 0.0177 - reader cost: 7.0135e-05
317/348 [==========================>...] - ETA: 0s - batch_cost: 0.0177 - reader cost: 6.9471e-05
320/348 [==========================>...] - ETA: 0s - batch_cost: 0.0177 - reader cost: 6.8820e-05
323/348 [==========================>...] - ETA: 0s - batch_cost: 0.0177 - reader cost: 6.8180e-05
326/348 [===========================>..] - ETA: 0s - batch_cost: 0.0177 - reader cost: 6.7553e-05
329/348 [===========================>..] - ETA: 0s - batch_cost: 0.0177 - reader cost: 6.6937e-05
332/348 [===========================>..] - ETA: 0s - batch_cost: 0.0178 - reader cost: 6.6332e-05
335/348 [===========================>..] - ETA: 0s - batch_cost: 0.0178 - reader cost: 6.5738e-05
338/348 [============================>.] - ETA: 0s - batch_cost: 0.0178 - reader cost: 6.5155e-05
341/348 [============================>.] - ETA: 0s - batch_cost: 0.0178 - reader cost: 6.4581e-05
345/348 [============================>.] - ETA: 0s - batch_cost: 0.0177 - reader cost: 6.3833e-05
348/348 [==============================] - 6s 18ms/step - batch_cost: 0.0177 - reader cost: 6.3282e-05
