#< CLIXML
WARNING: Logging before InitGoogleLogging() is written to STDERR
W0930 12:13:13.126999 45356 gpu_resources.cc:116] Please NOTE: device: 0, GPU Compute Capability: 12.0, Driver API Version: 13.2, Runtime API Version: 12.9
C:\Users\user\算法实验\venv_bisenet\Lib\site-packages\paddle\nn\layer\norm.py:885: UserWarning: When training, we now always track global mean and variance.
  warnings.warn(

  1/348 [..............................] - ETA: 57s - batch_cost: 0.1668 - reader cost: 0.0077
  3/348 [..............................] - ETA: 26s - batch_cost: 0.0740 - reader cost: 0.0026
  6/348 [..............................] - ETA: 16s - batch_cost: 0.0464 - reader cost: 0.0013
  9/348 [..............................] - ETA: 13s - batch_cost: 0.0368 - reader cost: 8.5690e-04
 12/348 [>.............................] - ETA: 11s - batch_cost: 0.0330 - reader cost: 6.8812e-04
 15/348 [>.............................] - ETA: 10s - batch_cost: 0.0298 - reader cost: 6.8485e-04
 18/348 [>.............................] - ETA: 9s - batch_cost: 0.0282 - reader cost: 6.2627e-04 
 21/348 [>.............................] - ETA: 9s - batch_cost: 0.0271 - reader cost: 5.3681e-04
 24/348 [=>............................] - ETA: 8s - batch_cost: 0.0259 - reader cost: 4.6970e-04
 27/348 [=>............................] - ETA: 8s - batch_cost: 0.0249 - reader cost: 4.1752e-04
 31/348 [=>............................] - ETA: 7s - batch_cost: 0.0238 - reader cost: 3.6364e-04
 35/348 [==>...........................] - ETA: 7s - batch_cost: 0.0229 - reader cost: 3.2208e-04
 38/348 [==>...........................] - ETA: 7s - batch_cost: 0.0226 - reader cost: 2.9666e-04
 41/348 [==>...........................] - ETA: 6s - batch_cost: 0.0221 - reader cost: 2.7495e-04
 44/348 [==>...........................] - ETA: 6s - batch_cost: 0.0218 - reader cost: 2.5620e-04
 47/348 [===>..........................] - ETA: 6s - batch_cost: 0.0215 - reader cost: 2.3985e-04
 51/348 [===>..........................] - ETA: 6s - batch_cost: 0.0211 - reader cost: 2.2104e-04
 54/348 [===>..........................] - ETA: 6s - batch_cost: 0.0209 - reader cost: 2.0876e-04
 58/348 [====>.........................] - ETA: 6s - batch_cost: 0.0206 - reader cost: 1.9436e-04
 61/348 [====>.........................] - ETA: 6s - batch_cost: 0.0208 - reader cost: 1.8480e-04
 63/348 [====>.........................] - ETA: 6s - batch_cost: 0.0209 - reader cost: 1.7894e-04
 67/348 [====>.........................] - ETA: 5s - batch_cost: 0.0206 - reader cost: 1.6825e-04
 70/348 [=====>........................] - ETA: 5s - batch_cost: 0.0208 - reader cost: 1.6104e-04
 72/348 [=====>........................] - ETA: 5s - batch_cost: 0.0210 - reader cost: 1.5657e-04
 74/348 [=====>........................] - ETA: 5s - batch_cost: 0.0212 - reader cost: 1.5234e-04
 76/348 [=====>........................] - ETA: 5s - batch_cost: 0.0213 - reader cost: 1.4833e-04
 78/348 [=====>........................] - ETA: 5s - batch_cost: 0.0215 - reader cost: 1.4452e-04
 81/348 [=====>........................] - ETA: 5s - batch_cost: 0.0215 - reader cost: 1.3917e-04
 84/348 [======>.......................] - ETA: 5s - batch_cost: 0.0214 - reader cost: 1.3420e-04
 88/348 [======>.......................] - ETA: 5s - batch_cost: 0.0212 - reader cost: 1.2810e-04
 90/348 [======>.......................] - ETA: 5s - batch_cost: 0.0213 - reader cost: 1.2525e-04
 93/348 [=======>......................] - ETA: 5s - batch_cost: 0.0213 - reader cost: 1.2121e-04
 96/348 [=======>......................] - ETA: 5s - batch_cost: 0.0211 - reader cost: 1.1743e-04
 99/348 [=======>......................] - ETA: 5s - batch_cost: 0.0212 - reader cost: 1.1387e-04
102/348 [=======>......................] - ETA: 5s - batch_cost: 0.0211 - reader cost: 1.1052e-04
106/348 [========>.....................] - ETA: 5s - batch_cost: 0.0209 - reader cost: 1.0635e-04
109/348 [========>.....................] - ETA: 5s - batch_cost: 0.0208 - reader cost: 1.1259e-04
113/348 [========>.....................] - ETA: 4s - batch_cost: 0.0206 - reader cost: 1.0861e-04
116/348 [=========>....................] - ETA: 4s - batch_cost: 0.0206 - reader cost: 1.0580e-04
120/348 [=========>....................] - ETA: 4s - batch_cost: 0.0204 - reader cost: 1.0227e-04
123/348 [=========>....................] - ETA: 4s - batch_cost: 0.0203 - reader cost: 9.9779e-05
127/348 [=========>....................] - ETA: 4s - batch_cost: 0.0202 - reader cost: 9.6636e-05
130/348 [==========>...................] - ETA: 4s - batch_cost: 0.0202 - reader cost: 9.4406e-05
133/348 [==========>...................] - ETA: 4s - batch_cost: 0.0201 - reader cost: 9.2277e-05
136/348 [==========>...................] - ETA: 4s - batch_cost: 0.0201 - reader cost: 9.0241e-05
138/348 [==========>...................] - ETA: 4s - batch_cost: 0.0202 - reader cost: 8.8934e-05
140/348 [===========>..................] - ETA: 4s - batch_cost: 0.0203 - reader cost: 9.1318e-05
142/348 [===========>..................] - ETA: 4s - batch_cost: 0.0204 - reader cost: 9.7077e-05
144/348 [===========>..................] - ETA: 4s - batch_cost: 0.0204 - reader cost: 1.0267e-04
146/348 [===========>..................] - ETA: 4s - batch_cost: 0.0206 - reader cost: 1.0127e-04
148/348 [===========>..................] - ETA: 4s - batch_cost: 0.0207 - reader cost: 1.0668e-04
151/348 [============>.................] - ETA: 4s - batch_cost: 0.0207 - reader cost: 1.0456e-04
153/348 [============>.................] - ETA: 4s - batch_cost: 0.0208 - reader cost: 1.0319e-04
156/348 [============>.................] - ETA: 4s - batch_cost: 0.0208 - reader cost: 1.0121e-04
159/348 [============>.................] - ETA: 3s - batch_cost: 0.0208 - reader cost: 9.9296e-05
162/348 [============>.................] - ETA: 3s - batch_cost: 0.0208 - reader cost: 9.7457e-05
164/348 [=============>................] - ETA: 3s - batch_cost: 0.0209 - reader cost: 9.6269e-05
168/348 [=============>................] - ETA: 3s - batch_cost: 0.0208 - reader cost: 9.3977e-05
171/348 [=============>................] - ETA: 3s - batch_cost: 0.0207 - reader cost: 9.2328e-05
174/348 [==============>...............] - ETA: 3s - batch_cost: 0.0206 - reader cost: 9.0736e-05
177/348 [==============>...............] - ETA: 3s - batch_cost: 0.0206 - reader cost: 9.5873e-05
180/348 [==============>...............] - ETA: 3s - batch_cost: 0.0205 - reader cost: 9.4275e-05
183/348 [==============>...............] - ETA: 3s - batch_cost: 0.0205 - reader cost: 9.2729e-05
186/348 [===============>..............] - ETA: 3s - batch_cost: 0.0205 - reader cost: 9.1234e-05
189/348 [===============>..............] - ETA: 3s - batch_cost: 0.0205 - reader cost: 9.5076e-05
192/348 [===============>..............] - ETA: 3s - batch_cost: 0.0204 - reader cost: 9.3590e-05
195/348 [===============>..............] - ETA: 3s - batch_cost: 0.0204 - reader cost: 9.2151e-05
198/348 [================>.............] - ETA: 3s - batch_cost: 0.0204 - reader cost: 9.3305e-05
201/348 [================>.............] - ETA: 3s - batch_cost: 0.0203 - reader cost: 9.1912e-05
205/348 [================>.............] - ETA: 2s - batch_cost: 0.0202 - reader cost: 9.0119e-05
208/348 [================>.............] - ETA: 2s - batch_cost: 0.0202 - reader cost: 8.8819e-05
211/348 [=================>............] - ETA: 2s - batch_cost: 0.0203 - reader cost: 8.7556e-05
215/348 [=================>............] - ETA: 2s - batch_cost: 0.0202 - reader cost: 8.5927e-05
218/348 [=================>............] - ETA: 2s - batch_cost: 0.0201 - reader cost: 8.9333e-05
221/348 [==================>...........] - ETA: 2s - batch_cost: 0.0201 - reader cost: 8.8120e-05
224/348 [==================>...........] - ETA: 2s - batch_cost: 0.0201 - reader cost: 8.6940e-05
227/348 [==================>...........] - ETA: 2s - batch_cost: 0.0201 - reader cost: 9.0195e-05
229/348 [==================>...........] - ETA: 2s - batch_cost: 0.0202 - reader cost: 8.9407e-05
231/348 [==================>...........] - ETA: 2s - batch_cost: 0.0203 - reader cost: 8.8633e-05
233/348 [===================>..........] - ETA: 2s - batch_cost: 0.0203 - reader cost: 8.7872e-05
236/348 [===================>..........] - ETA: 2s - batch_cost: 0.0203 - reader cost: 8.6755e-05
239/348 [===================>..........] - ETA: 2s - batch_cost: 0.0203 - reader cost: 8.5666e-05
242/348 [===================>..........] - ETA: 2s - batch_cost: 0.0203 - reader cost: 8.4604e-05
245/348 [====================>.........] - ETA: 2s - batch_cost: 0.0202 - reader cost: 8.5619e-05
248/348 [====================>.........] - ETA: 2s - batch_cost: 0.0203 - reader cost: 8.8584e-05
250/348 [====================>.........] - ETA: 2s - batch_cost: 0.0203 - reader cost: 8.7875e-05
252/348 [====================>.........] - ETA: 1s - batch_cost: 0.0204 - reader cost: 8.7178e-05
255/348 [====================>.........] - ETA: 1s - batch_cost: 0.0204 - reader cost: 8.6152e-05
257/348 [=====================>........] - ETA: 1s - batch_cost: 0.0205 - reader cost: 8.5482e-05
259/348 [=====================>........] - ETA: 1s - batch_cost: 0.0205 - reader cost: 8.4822e-05
261/348 [=====================>........] - ETA: 1s - batch_cost: 0.0206 - reader cost: 8.4172e-05
263/348 [=====================>........] - ETA: 1s - batch_cost: 0.0207 - reader cost: 8.3532e-05
265/348 [=====================>........] - ETA: 1s - batch_cost: 0.0207 - reader cost: 8.2901e-05
267/348 [======================>.......] - ETA: 1s - batch_cost: 0.0208 - reader cost: 8.2280e-05
269/348 [======================>.......] - ETA: 1s - batch_cost: 0.0208 - reader cost: 8.5386e-05
272/348 [======================>.......] - ETA: 1s - batch_cost: 0.0208 - reader cost: 8.4444e-05
276/348 [======================>.......] - ETA: 1s - batch_cost: 0.0207 - reader cost: 8.3220e-05
280/348 [=======================>......] - ETA: 1s - batch_cost: 0.0206 - reader cost: 8.2031e-05
283/348 [=======================>......] - ETA: 1s - batch_cost: 0.0206 - reader cost: 8.1162e-05
286/348 [=======================>......] - ETA: 1s - batch_cost: 0.0205 - reader cost: 8.0310e-05
290/348 [========================>.....] - ETA: 1s - batch_cost: 0.0205 - reader cost: 7.9203e-05
293/348 [========================>.....] - ETA: 1s - batch_cost: 0.0205 - reader cost: 7.8392e-05
296/348 [========================>.....] - ETA: 1s - batch_cost: 0.0205 - reader cost: 7.7597e-05
300/348 [========================>.....] - ETA: 0s - batch_cost: 0.0204 - reader cost: 7.6563e-05
303/348 [=========================>....] - ETA: 0s - batch_cost: 0.0204 - reader cost: 7.5805e-05
305/348 [=========================>....] - ETA: 0s - batch_cost: 0.0204 - reader cost: 7.5307e-05
308/348 [=========================>....] - ETA: 0s - batch_cost: 0.0204 - reader cost: 7.4574e-05
311/348 [=========================>....] - ETA: 0s - batch_cost: 0.0204 - reader cost: 7.7070e-05
315/348 [==========================>...] - ETA: 0s - batch_cost: 0.0204 - reader cost: 7.6091e-05
319/348 [==========================>...] - ETA: 0s - batch_cost: 0.0203 - reader cost: 7.5137e-05
322/348 [==========================>...] - ETA: 0s - batch_cost: 0.0203 - reader cost: 7.4437e-05
325/348 [===========================>..] - ETA: 0s - batch_cost: 0.0203 - reader cost: 7.3750e-05
327/348 [===========================>..] - ETA: 0s - batch_cost: 0.0203 - reader cost: 7.3299e-05
330/348 [===========================>..] - ETA: 0s - batch_cost: 0.0203 - reader cost: 7.2632e-05
333/348 [===========================>..] - ETA: 0s - batch_cost: 0.0203 - reader cost: 7.1978e-05
336/348 [===========================>..] - ETA: 0s - batch_cost: 0.0203 - reader cost: 7.1335e-05
339/348 [============================>.] - ETA: 0s - batch_cost: 0.0203 - reader cost: 7.0704e-05
342/348 [============================>.] - ETA: 0s - batch_cost: 0.0202 - reader cost: 7.0084e-05
346/348 [============================>.] - ETA: 0s - batch_cost: 0.0202 - reader cost: 6.9274e-05
348/348 [==============================] - 7s 20ms/step - batch_cost: 0.0202 - reader cost: 7.1750e-05

  1/348 [..............................] - ETA: 8s - batch_cost: 0.0258 - reader cost: 0.0075
  4/348 [..............................] - ETA: 6s - batch_cost: 0.0196 - reader cost: 0.0019
  8/348 [..............................] - ETA: 6s - batch_cost: 0.0179 - reader cost: 9.3850e-04
 12/348 [>.............................] - ETA: 5s - batch_cost: 0.0176 - reader cost: 6.2567e-04
 14/348 [>.............................] - ETA: 6s - batch_cost: 0.0187 - reader cost: 5.3629e-04
 17/348 [>.............................] - ETA: 6s - batch_cost: 0.0188 - reader cost: 4.4165e-04
 21/348 [>.............................] - ETA: 6s - batch_cost: 0.0182 - reader cost: 3.5753e-04
 25/348 [=>............................] - ETA: 5s - batch_cost: 0.0178 - reader cost: 3.0032e-04
 29/348 [=>............................] - ETA: 5s - batch_cost: 0.0175 - reader cost: 2.5890e-04
 33/348 [=>............................] - ETA: 5s - batch_cost: 0.0174 - reader cost: 2.2752e-04
 37/348 [==>...........................] - ETA: 5s - batch_cost: 0.0172 - reader cost: 2.0292e-04
 40/348 [==>...........................] - ETA: 5s - batch_cost: 0.0173 - reader cost: 2.1286e-04
 44/348 [==>...........................] - ETA: 5s - batch_cost: 0.0171 - reader cost: 1.9351e-04
 47/348 [===>..........................] - ETA: 5s - batch_cost: 0.0171 - reader cost: 2.0250e-04
 50/348 [===>..........................] - ETA: 5s - batch_cost: 0.0176 - reader cost: 1.9035e-04
 52/348 [===>..........................] - ETA: 5s - batch_cost: 0.0180 - reader cost: 1.8303e-04
 55/348 [===>..........................] - ETA: 5s - batch_cost: 0.0179 - reader cost: 1.7304e-04
 59/348 [====>.........................] - ETA: 5s - batch_cost: 0.0179 - reader cost: 1.6131e-04
 63/348 [====>.........................] - ETA: 5s - batch_cost: 0.0178 - reader cost: 1.5107e-04
 66/348 [====>.........................] - ETA: 5s - batch_cost: 0.0177 - reader cost: 1.4420e-04
 69/348 [====>.........................] - ETA: 5s - batch_cost: 0.0179 - reader cost: 1.3793e-04
 72/348 [=====>........................] - ETA: 5s - batch_cost: 0.0181 - reader cost: 1.3219e-04
 76/348 [=====>........................] - ETA: 4s - batch_cost: 0.0180 - reader cost: 1.2523e-04
 80/348 [=====>........................] - ETA: 4s - batch_cost: 0.0179 - reader cost: 1.1897e-04
 84/348 [======>.......................] - ETA: 4s - batch_cost: 0.0178 - reader cost: 1.3120e-04
 86/348 [======>.......................] - ETA: 4s - batch_cost: 0.0180 - reader cost: 1.2815e-04
 88/348 [======>.......................] - ETA: 4s - batch_cost: 0.0182 - reader cost: 1.2524e-04
 91/348 [======>.......................] - ETA: 4s - batch_cost: 0.0181 - reader cost: 1.4310e-04
 94/348 [=======>......................] - ETA: 4s - batch_cost: 0.0181 - reader cost: 1.3853e-04
 97/348 [=======>......................] - ETA: 4s - batch_cost: 0.0181 - reader cost: 1.3424e-04
100/348 [=======>......................] - ETA: 4s - batch_cost: 0.0181 - reader cost: 1.3022e-04
103/348 [=======>......................] - ETA: 4s - batch_cost: 0.0182 - reader cost: 1.3619e-04
106/348 [========>.....................] - ETA: 4s - batch_cost: 0.0182 - reader cost: 1.3233e-04
109/348 [========>.....................] - ETA: 4s - batch_cost: 0.0183 - reader cost: 1.3780e-04
113/348 [========>.....................] - ETA: 4s - batch_cost: 0.0182 - reader cost: 1.3292e-04
117/348 [=========>....................] - ETA: 4s - batch_cost: 0.0182 - reader cost: 1.2838e-04
120/348 [=========>....................] - ETA: 4s - batch_cost: 0.0182 - reader cost: 1.2517e-04
124/348 [=========>....................] - ETA: 4s - batch_cost: 0.0181 - reader cost: 1.2113e-04
126/348 [=========>....................] - ETA: 4s - batch_cost: 0.0182 - reader cost: 1.1921e-04
129/348 [==========>...................] - ETA: 4s - batch_cost: 0.0182 - reader cost: 1.1644e-04
132/348 [==========>...................] - ETA: 3s - batch_cost: 0.0182 - reader cost: 1.1379e-04
135/348 [==========>...................] - ETA: 3s - batch_cost: 0.0182 - reader cost: 1.1126e-04
138/348 [==========>...................] - ETA: 3s - batch_cost: 0.0183 - reader cost: 1.0884e-04
140/348 [===========>..................] - ETA: 3s - batch_cost: 0.0184 - reader cost: 1.0729e-04
142/348 [===========>..................] - ETA: 3s - batch_cost: 0.0185 - reader cost: 1.0578e-04
146/348 [===========>..................] - ETA: 3s - batch_cost: 0.0185 - reader cost: 1.0288e-04
149/348 [===========>..................] - ETA: 3s - batch_cost: 0.0184 - reader cost: 1.0081e-04
152/348 [============>.................] - ETA: 3s - batch_cost: 0.0184 - reader cost: 9.8818e-05
155/348 [============>.................] - ETA: 3s - batch_cost: 0.0184 - reader cost: 9.6906e-05
159/348 [============>.................] - ETA: 3s - batch_cost: 0.0184 - reader cost: 9.4468e-05
162/348 [============>.................] - ETA: 3s - batch_cost: 0.0183 - reader cost: 9.2718e-05
165/348 [=============>................] - ETA: 3s - batch_cost: 0.0183 - reader cost: 9.1033e-05
168/348 [=============>................] - ETA: 3s - batch_cost: 0.0184 - reader cost: 8.9407e-05
171/348 [=============>................] - ETA: 3s - batch_cost: 0.0184 - reader cost: 8.7838e-05
174/348 [==============>...............] - ETA: 3s - batch_cost: 0.0184 - reader cost: 8.6324e-05
177/348 [==============>...............] - ETA: 3s - batch_cost: 0.0184 - reader cost: 8.4861e-05
180/348 [==============>...............] - ETA: 3s - batch_cost: 0.0183 - reader cost: 9.1792e-05
184/348 [==============>...............] - ETA: 3s - batch_cost: 0.0183 - reader cost: 8.9797e-05
188/348 [===============>..............] - ETA: 2s - batch_cost: 0.0182 - reader cost: 8.7886e-05
191/348 [===============>..............] - ETA: 2s - batch_cost: 0.0182 - reader cost: 8.6506e-05
194/348 [===============>..............] - ETA: 2s - batch_cost: 0.0183 - reader cost: 8.5168e-05
197/348 [===============>..............] - ETA: 2s - batch_cost: 0.0183 - reader cost: 8.3871e-05
201/348 [================>.............] - ETA: 2s - batch_cost: 0.0182 - reader cost: 8.2202e-05
205/348 [================>.............] - ETA: 2s - batch_cost: 0.0182 - reader cost: 8.0598e-05
208/348 [================>.............] - ETA: 2s - batch_cost: 0.0182 - reader cost: 7.9436e-05
211/348 [=================>............] - ETA: 2s - batch_cost: 0.0181 - reader cost: 7.8306e-05
214/348 [=================>............] - ETA: 2s - batch_cost: 0.0181 - reader cost: 7.7209e-05
217/348 [=================>............] - ETA: 2s - batch_cost: 0.0182 - reader cost: 8.0769e-05
220/348 [=================>............] - ETA: 2s - batch_cost: 0.0182 - reader cost: 7.9668e-05
224/348 [==================>...........] - ETA: 2s - batch_cost: 0.0182 - reader cost: 7.8245e-05
227/348 [==================>...........] - ETA: 2s - batch_cost: 0.0181 - reader cost: 7.7211e-05
231/348 [==================>...........] - ETA: 2s - batch_cost: 0.0181 - reader cost: 7.5874e-05
234/348 [===================>..........] - ETA: 2s - batch_cost: 0.0181 - reader cost: 7.4901e-05
237/348 [===================>..........] - ETA: 2s - batch_cost: 0.0181 - reader cost: 7.3953e-05
241/348 [===================>..........] - ETA: 1s - batch_cost: 0.0181 - reader cost: 7.2726e-05
245/348 [====================>.........] - ETA: 1s - batch_cost: 0.0180 - reader cost: 7.1538e-05
248/348 [====================>.........] - ETA: 1s - batch_cost: 0.0180 - reader cost: 7.0673e-05
250/348 [====================>.........] - ETA: 1s - batch_cost: 0.0181 - reader cost: 7.0107e-05
252/348 [====================>.........] - ETA: 1s - batch_cost: 0.0182 - reader cost: 6.9551e-05
254/348 [====================>.........] - ETA: 1s - batch_cost: 0.0183 - reader cost: 7.2941e-05
256/348 [=====================>........] - ETA: 1s - batch_cost: 0.0183 - reader cost: 7.2371e-05
259/348 [=====================>........] - ETA: 1s - batch_cost: 0.0184 - reader cost: 7.1533e-05
261/348 [=====================>........] - ETA: 1s - batch_cost: 0.0184 - reader cost: 7.0985e-05
264/348 [=====================>........] - ETA: 1s - batch_cost: 0.0185 - reader cost: 7.0178e-05
267/348 [======================>.......] - ETA: 1s - batch_cost: 0.0185 - reader cost: 6.9390e-05
270/348 [======================>.......] - ETA: 1s - batch_cost: 0.0185 - reader cost: 6.8619e-05
272/348 [======================>.......] - ETA: 1s - batch_cost: 0.0186 - reader cost: 7.3642e-05
275/348 [======================>.......] - ETA: 1s - batch_cost: 0.0186 - reader cost: 7.2838e-05
278/348 [======================>.......] - ETA: 1s - batch_cost: 0.0186 - reader cost: 7.2052e-05
281/348 [=======================>......] - ETA: 1s - batch_cost: 0.0186 - reader cost: 7.1283e-05
284/348 [=======================>......] - ETA: 1s - batch_cost: 0.0187 - reader cost: 7.0530e-05
287/348 [=======================>......] - ETA: 1s - batch_cost: 0.0187 - reader cost: 6.9793e-05
290/348 [========================>.....] - ETA: 1s - batch_cost: 0.0187 - reader cost: 6.9071e-05
293/348 [========================>.....] - ETA: 1s - batch_cost: 0.0188 - reader cost: 6.8363e-05
296/348 [========================>.....] - ETA: 0s - batch_cost: 0.0188 - reader cost: 7.1047e-05
299/348 [========================>.....] - ETA: 0s - batch_cost: 0.0188 - reader cost: 7.0334e-05
302/348 [=========================>....] - ETA: 0s - batch_cost: 0.0189 - reader cost: 6.9636e-05
305/348 [=========================>....] - ETA: 0s - batch_cost: 0.0189 - reader cost: 6.8951e-05
308/348 [=========================>....] - ETA: 0s - batch_cost: 0.0189 - reader cost: 6.8279e-05
311/348 [=========================>....] - ETA: 0s - batch_cost: 0.0189 - reader cost: 6.7620e-05
314/348 [==========================>...] - ETA: 0s - batch_cost: 0.0190 - reader cost: 6.6974e-05
317/348 [==========================>...] - ETA: 0s - batch_cost: 0.0191 - reader cost: 6.6341e-05
320/348 [==========================>...] - ETA: 0s - batch_cost: 0.0191 - reader cost: 6.5719e-05
323/348 [==========================>...] - ETA: 0s - batch_cost: 0.0191 - reader cost: 6.5108e-05
326/348 [===========================>..] - ETA: 0s - batch_cost: 0.0191 - reader cost: 6.4509e-05
328/348 [===========================>..] - ETA: 0s - batch_cost: 0.0192 - reader cost: 6.4116e-05
330/348 [===========================>..] - ETA: 0s - batch_cost: 0.0192 - reader cost: 6.3727e-05
332/348 [===========================>..] - ETA: 0s - batch_cost: 0.0193 - reader cost: 6.6356e-05
335/348 [===========================>..] - ETA: 0s - batch_cost: 0.0193 - reader cost: 6.5762e-05
338/348 [============================>.] - ETA: 0s - batch_cost: 0.0193 - reader cost: 6.5179e-05
340/348 [============================>.] - ETA: 0s - batch_cost: 0.0194 - reader cost: 6.4795e-05
342/348 [============================>.] - ETA: 0s - batch_cost: 0.0194 - reader cost: 6.4416e-05
346/348 [============================>.] - ETA: 0s - batch_cost: 0.0194 - reader cost: 6.3672e-05
348/348 [==============================] - 7s 20ms/step - batch_cost: 0.0194 - reader cost: 6.6172e-05

  1/348 [..............................] - ETA: 15s - batch_cost: 0.0428 - reader cost: 0.0135
  4/348 [..............................] - ETA: 9s - batch_cost: 0.0271 - reader cost: 0.0034 
  7/348 [..............................] - ETA: 8s - batch_cost: 0.0252 - reader cost: 0.0019
 10/348 [..............................] - ETA: 8s - batch_cost: 0.0240 - reader cost: 0.0014
 14/348 [>.............................] - ETA: 7s - batch_cost: 0.0218 - reader cost: 9.6679e-04
 17/348 [>.............................] - ETA: 7s - batch_cost: 0.0212 - reader cost: 7.9618e-04
 20/348 [>.............................] - ETA: 7s - batch_cost: 0.0218 - reader cost: 6.7675e-04
 22/348 [>.............................] - ETA: 7s - batch_cost: 0.0223 - reader cost: 6.1523e-04
 25/348 [=>............................] - ETA: 7s - batch_cost: 0.0218 - reader cost: 5.8145e-04
 28/348 [=>............................] - ETA: 7s - batch_cost: 0.0221 - reader cost: 5.1915e-04
 31/348 [=>............................] - ETA: 6s - batch_cost: 0.0219 - reader cost: 5.1735e-04
 34/348 [=>............................] - ETA: 6s - batch_cost: 0.0217 - reader cost: 5.0111e-04
 38/348 [==>...........................] - ETA: 6s - batch_cost: 0.0211 - reader cost: 4.4836e-04
 42/348 [==>...........................] - ETA: 6s - batch_cost: 0.0206 - reader cost: 4.0566e-04
 46/348 [==>...........................] - ETA: 6s - batch_cost: 0.0202 - reader cost: 3.7038e-04
 49/348 [===>..........................] - ETA: 6s - batch_cost: 0.0202 - reader cost: 3.6811e-04
 52/348 [===>..........................] - ETA: 6s - batch_cost: 0.0202 - reader cost: 3.4688e-04
 55/348 [===>..........................] - ETA: 5s - batch_cost: 0.0202 - reader cost: 3.4600e-04
 57/348 [===>..........................] - ETA: 5s - batch_cost: 0.0204 - reader cost: 3.3386e-04
 60/348 [====>.........................] - ETA: 5s - batch_cost: 0.0206 - reader cost: 3.1717e-04
 62/348 [====>.........................] - ETA: 6s - batch_cost: 0.0208 - reader cost: 3.0694e-04
 66/348 [====>.........................] - ETA: 5s - batch_cost: 0.0205 - reader cost: 2.8833e-04
 70/348 [=====>........................] - ETA: 5s - batch_cost: 0.0202 - reader cost: 2.7186e-04
 73/348 [=====>........................] - ETA: 5s - batch_cost: 0.0202 - reader cost: 2.8130e-04
 76/348 [=====>........................] - ETA: 5s - batch_cost: 0.0201 - reader cost: 2.8325e-04
 79/348 [=====>........................] - ETA: 5s - batch_cost: 0.0202 - reader cost: 2.7249e-04
 82/348 [======>.......................] - ETA: 5s - batch_cost: 0.0202 - reader cost: 2.6253e-04
 85/348 [======>.......................] - ETA: 5s - batch_cost: 0.0202 - reader cost: 2.5326e-04
 89/348 [======>.......................] - ETA: 5s - batch_cost: 0.0200 - reader cost: 2.4188e-04
 92/348 [======>.......................] - ETA: 5s - batch_cost: 0.0200 - reader cost: 2.3954e-04
 94/348 [=======>......................] - ETA: 5s - batch_cost: 0.0201 - reader cost: 2.3445e-04
 97/348 [=======>......................] - ETA: 5s - batch_cost: 0.0201 - reader cost: 2.2720e-04
101/348 [=======>......................] - ETA: 4s - batch_cost: 0.0199 - reader cost: 2.1820e-04
104/348 [=======>......................] - ETA: 4s - batch_cost: 0.0199 - reader cost: 2.1190e-04
107/348 [========>.....................] - ETA: 4s - batch_cost: 0.0199 - reader cost: 2.0596e-04
110/348 [========>.....................] - ETA: 4s - batch_cost: 0.0198 - reader cost: 2.0035e-04
113/348 [========>.....................] - ETA: 4s - batch_cost: 0.0198 - reader cost: 1.9503e-04
116/348 [=========>....................] - ETA: 4s - batch_cost: 0.0197 - reader cost: 1.8998e-04
119/348 [=========>....................] - ETA: 4s - batch_cost: 0.0197 - reader cost: 1.8519e-04
122/348 [=========>....................] - ETA: 4s - batch_cost: 0.0196 - reader cost: 1.8064e-04
125/348 [=========>....................] - ETA: 4s - batch_cost: 0.0197 - reader cost: 1.8431e-04
128/348 [==========>...................] - ETA: 4s - batch_cost: 0.0197 - reader cost: 1.7999e-04
130/348 [==========>...................] - ETA: 4s - batch_cost: 0.0198 - reader cost: 1.7722e-04
133/348 [==========>...................] - ETA: 4s - batch_cost: 0.0200 - reader cost: 1.7322e-04
136/348 [==========>...................] - ETA: 4s - batch_cost: 0.0200 - reader cost: 1.6940e-04
139/348 [==========>...................] - ETA: 4s - batch_cost: 0.0200 - reader cost: 1.6574e-04
142/348 [===========>..................] - ETA: 4s - batch_cost: 0.0200 - reader cost: 1.6224e-04
145/348 [===========>..................] - ETA: 4s - batch_cost: 0.0200 - reader cost: 1.5888e-04
148/348 [===========>..................] - ETA: 4s - batch_cost: 0.0199 - reader cost: 1.5566e-04
152/348 [============>.................] - ETA: 3s - batch_cost: 0.0199 - reader cost: 1.5815e-04
155/348 [============>.................] - ETA: 3s - batch_cost: 0.0198 - reader cost: 1.5508e-04
158/348 [============>.................] - ETA: 3s - batch_cost: 0.0198 - reader cost: 1.5214e-04
160/348 [============>.................] - ETA: 3s - batch_cost: 0.0199 - reader cost: 1.5024e-04
163/348 [=============>................] - ETA: 3s - batch_cost: 0.0199 - reader cost: 1.4747e-04
166/348 [=============>................] - ETA: 3s - batch_cost: 0.0200 - reader cost: 1.4481e-04
169/348 [=============>................] - ETA: 3s - batch_cost: 0.0201 - reader cost: 1.4224e-04
171/348 [=============>................] - ETA: 3s - batch_cost: 0.0201 - reader cost: 1.4057e-04
173/348 [=============>................] - ETA: 3s - batch_cost: 0.0202 - reader cost: 1.4474e-04
175/348 [==============>...............] - ETA: 3s - batch_cost: 0.0203 - reader cost: 1.4308e-04
178/348 [==============>...............] - ETA: 3s - batch_cost: 0.0203 - reader cost: 1.4067e-04
180/348 [==============>...............] - ETA: 3s - batch_cost: 0.0203 - reader cost: 1.3911e-04
183/348 [==============>...............] - ETA: 3s - batch_cost: 0.0203 - reader cost: 1.3683e-04
185/348 [==============>...............] - ETA: 3s - batch_cost: 0.0204 - reader cost: 1.3535e-04
187/348 [===============>..............] - ETA: 3s - batch_cost: 0.0205 - reader cost: 1.3390e-04
190/348 [===============>..............] - ETA: 3s - batch_cost: 0.0205 - reader cost: 1.3179e-04
192/348 [===============>..............] - ETA: 3s - batch_cost: 0.0206 - reader cost: 1.3041e-04
195/348 [===============>..............] - ETA: 3s - batch_cost: 0.0206 - reader cost: 1.3356e-04
198/348 [================>.............] - ETA: 3s - batch_cost: 0.0206 - reader cost: 1.3153e-04
201/348 [================>.............] - ETA: 3s - batch_cost: 0.0206 - reader cost: 1.2957e-04
203/348 [================>.............] - ETA: 3s - batch_cost: 0.0207 - reader cost: 1.2829e-04
206/348 [================>.............] - ETA: 2s - batch_cost: 0.0207 - reader cost: 1.3128e-04
209/348 [=================>............] - ETA: 2s - batch_cost: 0.0207 - reader cost: 1.2940e-04
212/348 [=================>............] - ETA: 2s - batch_cost: 0.0208 - reader cost: 1.3231e-04
214/348 [=================>............] - ETA: 2s - batch_cost: 0.0208 - reader cost: 1.3107e-04
216/348 [=================>............] - ETA: 2s - batch_cost: 0.0209 - reader cost: 1.2986e-04
219/348 [=================>............] - ETA: 2s - batch_cost: 0.0209 - reader cost: 1.2808e-04
222/348 [==================>...........] - ETA: 2s - batch_cost: 0.0208 - reader cost: 1.2635e-04
225/348 [==================>...........] - ETA: 2s - batch_cost: 0.0208 - reader cost: 1.2467e-04
228/348 [==================>...........] - ETA: 2s - batch_cost: 0.0209 - reader cost: 1.2303e-04
230/348 [==================>...........] - ETA: 2s - batch_cost: 0.0209 - reader cost: 1.2196e-04
233/348 [===================>..........] - ETA: 2s - batch_cost: 0.0209 - reader cost: 1.2039e-04
236/348 [===================>..........] - ETA: 2s - batch_cost: 0.0210 - reader cost: 1.1886e-04
238/348 [===================>..........] - ETA: 2s - batch_cost: 0.0210 - reader cost: 1.1786e-04
241/348 [===================>..........] - ETA: 2s - batch_cost: 0.0210 - reader cost: 1.1639e-04
244/348 [====================>.........] - ETA: 2s - batch_cost: 0.0210 - reader cost: 1.1496e-04
248/348 [====================>.........] - ETA: 2s - batch_cost: 0.0210 - reader cost: 1.1713e-04
251/348 [====================>.........] - ETA: 2s - batch_cost: 0.0210 - reader cost: 1.1972e-04
253/348 [====================>.........] - ETA: 2s - batch_cost: 0.0210 - reader cost: 1.1877e-04
256/348 [=====================>........] - ETA: 1s - batch_cost: 0.0210 - reader cost: 1.1738e-04
259/348 [=====================>........] - ETA: 1s - batch_cost: 0.0210 - reader cost: 1.1602e-04
262/348 [=====================>........] - ETA: 1s - batch_cost: 0.0210 - reader cost: 1.1469e-04
265/348 [=====================>........] - ETA: 1s - batch_cost: 0.0210 - reader cost: 1.1339e-04
268/348 [======================>.......] - ETA: 1s - batch_cost: 0.0209 - reader cost: 1.1212e-04
272/348 [======================>.......] - ETA: 1s - batch_cost: 0.0209 - reader cost: 1.1047e-04
275/348 [======================>.......] - ETA: 1s - batch_cost: 0.0209 - reader cost: 1.0927e-04
278/348 [======================>.......] - ETA: 1s - batch_cost: 0.0209 - reader cost: 1.0809e-04
281/348 [=======================>......] - ETA: 1s - batch_cost: 0.0209 - reader cost: 1.0694e-04
284/348 [=======================>......] - ETA: 1s - batch_cost: 0.0209 - reader cost: 1.0581e-04
287/348 [=======================>......] - ETA: 1s - batch_cost: 0.0209 - reader cost: 1.0470e-04
290/348 [========================>.....] - ETA: 1s - batch_cost: 0.0208 - reader cost: 1.0362e-04
293/348 [========================>.....] - ETA: 1s - batch_cost: 0.0209 - reader cost: 1.0256e-04
296/348 [========================>.....] - ETA: 1s - batch_cost: 0.0208 - reader cost: 1.0152e-04
299/348 [========================>.....] - ETA: 1s - batch_cost: 0.0209 - reader cost: 1.0050e-04
302/348 [=========================>....] - ETA: 0s - batch_cost: 0.0209 - reader cost: 9.9500e-05
305/348 [=========================>....] - ETA: 0s - batch_cost: 0.0209 - reader cost: 9.8522e-05
308/348 [=========================>....] - ETA: 0s - batch_cost: 0.0209 - reader cost: 9.7562e-05
310/348 [=========================>....] - ETA: 0s - batch_cost: 0.0209 - reader cost: 9.6933e-05
312/348 [=========================>....] - ETA: 0s - batch_cost: 0.0209 - reader cost: 9.6311e-05
315/348 [==========================>...] - ETA: 0s - batch_cost: 0.0209 - reader cost: 9.5394e-05
317/348 [==========================>...] - ETA: 0s - batch_cost: 0.0209 - reader cost: 9.4792e-05
320/348 [==========================>...] - ETA: 0s - batch_cost: 0.0210 - reader cost: 9.3903e-05
323/348 [==========================>...] - ETA: 0s - batch_cost: 0.0210 - reader cost: 9.3031e-05
326/348 [===========================>..] - ETA: 0s - batch_cost: 0.0210 - reader cost: 9.2175e-05
329/348 [===========================>..] - ETA: 0s - batch_cost: 0.0210 - reader cost: 9.5930e-05
332/348 [===========================>..] - ETA: 0s - batch_cost: 0.0210 - reader cost: 9.5063e-05
335/348 [===========================>..] - ETA: 0s - batch_cost: 0.0210 - reader cost: 9.4212e-05
338/348 [============================>.] - ETA: 0s - batch_cost: 0.0209 - reader cost: 9.3375e-05
340/348 [============================>.] - ETA: 0s - batch_cost: 0.0210 - reader cost: 9.2826e-05
343/348 [============================>.] - ETA: 0s - batch_cost: 0.0210 - reader cost: 9.2014e-05
347/348 [============================>.] - ETA: 0s - batch_cost: 0.0209 - reader cost: 9.0954e-05
348/348 [==============================] - 7s 21ms/step - batch_cost: 0.0209 - reader cost: 9.0692e-05

  1/348 [..............................] - ETA: 9s - batch_cost: 0.0262 - reader cost: 0.0085
  4/348 [..............................] - ETA: 7s - batch_cost: 0.0204 - reader cost: 0.0024
  7/348 [..............................] - ETA: 6s - batch_cost: 0.0200 - reader cost: 0.0014
 10/348 [..............................] - ETA: 7s - batch_cost: 0.0210 - reader cost: 9.5344e-04
 13/348 [>.............................] - ETA: 7s - batch_cost: 0.0212 - reader cost: 8.0890e-04
 16/348 [>.............................] - ETA: 7s - batch_cost: 0.0212 - reader cost: 6.5723e-04
 19/348 [>.............................] - ETA: 7s - batch_cost: 0.0211 - reader cost: 5.5346e-04
 22/348 [>.............................] - ETA: 6s - batch_cost: 0.0208 - reader cost: 4.7799e-04
 25/348 [=>............................] - ETA: 6s - batch_cost: 0.0206 - reader cost: 4.2063e-04
 28/348 [=>............................] - ETA: 6s - batch_cost: 0.0204 - reader cost: 3.7556e-04
 31/348 [=>............................] - ETA: 6s - batch_cost: 0.0202 - reader cost: 3.5885e-04
 33/348 [=>............................] - ETA: 6s - batch_cost: 0.0205 - reader cost: 3.3710e-04
 35/348 [==>...........................] - ETA: 6s - batch_cost: 0.0209 - reader cost: 3.1784e-04
 38/348 [==>...........................] - ETA: 6s - batch_cost: 0.0208 - reader cost: 2.9275e-04
 41/348 [==>...........................] - ETA: 6s - batch_cost: 0.0206 - reader cost: 2.9593e-04
 44/348 [==>...........................] - ETA: 6s - batch_cost: 0.0207 - reader cost: 2.7575e-04
 46/348 [==>...........................] - ETA: 6s - batch_cost: 0.0210 - reader cost: 2.6376e-04
 49/348 [===>..........................] - ETA: 6s - batch_cost: 0.0212 - reader cost: 2.4761e-04
 51/348 [===>..........................] - ETA: 6s - batch_cost: 0.0214 - reader cost: 2.3790e-04
 54/348 [===>..........................] - ETA: 6s - batch_cost: 0.0213 - reader cost: 2.2469e-04
 57/348 [===>..........................] - ETA: 6s - batch_cost: 0.0212 - reader cost: 2.1286e-04
 60/348 [====>.........................] - ETA: 6s - batch_cost: 0.0211 - reader cost: 2.1889e-04
 63/348 [====>.........................] - ETA: 6s - batch_cost: 0.0209 - reader cost: 2.2448e-04
 66/348 [====>.........................] - ETA: 5s - batch_cost: 0.0209 - reader cost: 2.1428e-04
 69/348 [====>.........................] - ETA: 5s - batch_cost: 0.0208 - reader cost: 2.0496e-04
 72/348 [=====>........................] - ETA: 5s - batch_cost: 0.0207 - reader cost: 1.9642e-04
 75/348 [=====>........................] - ETA: 5s - batch_cost: 0.0207 - reader cost: 2.0190e-04
 78/348 [=====>........................] - ETA: 5s - batch_cost: 0.0206 - reader cost: 1.9413e-04
 82/348 [======>.......................] - ETA: 5s - batch_cost: 0.0204 - reader cost: 1.8466e-04
 85/348 [======>.......................] - ETA: 5s - batch_cost: 0.0204 - reader cost: 1.7814e-04
 88/348 [======>.......................] - ETA: 5s - batch_cost: 0.0204 - reader cost: 1.8334e-04
 91/348 [======>.......................] - ETA: 5s - batch_cost: 0.0203 - reader cost: 1.7730e-04
 94/348 [=======>......................] - ETA: 5s - batch_cost: 0.0202 - reader cost: 1.8228e-04
 97/348 [=======>......................] - ETA: 5s - batch_cost: 0.0202 - reader cost: 1.8181e-04
 99/348 [=======>......................] - ETA: 5s - batch_cost: 0.0204 - reader cost: 1.7814e-04
101/348 [=======>......................] - ETA: 5s - batch_cost: 0.0205 - reader cost: 1.7461e-04
104/348 [=======>......................] - ETA: 5s - batch_cost: 0.0206 - reader cost: 1.6958e-04
107/348 [========>.....................] - ETA: 5s - batch_cost: 0.0205 - reader cost: 1.7887e-04
110/348 [========>.....................] - ETA: 4s - batch_cost: 0.0205 - reader cost: 1.7399e-04
113/348 [========>.....................] - ETA: 4s - batch_cost: 0.0205 - reader cost: 1.6937e-04
115/348 [========>.....................] - ETA: 4s - batch_cost: 0.0206 - reader cost: 1.6643e-04
118/348 [=========>....................] - ETA: 4s - batch_cost: 0.0206 - reader cost: 1.6220e-04
121/348 [=========>....................] - ETA: 4s - batch_cost: 0.0206 - reader cost: 1.7888e-04
124/348 [=========>....................] - ETA: 4s - batch_cost: 0.0206 - reader cost: 1.7456e-04
127/348 [=========>....................] - ETA: 4s - batch_cost: 0.0205 - reader cost: 1.7043e-04
130/348 [==========>...................] - ETA: 4s - batch_cost: 0.0205 - reader cost: 1.6650e-04
133/348 [==========>...................] - ETA: 4s - batch_cost: 0.0205 - reader cost: 1.6274e-04
136/348 [==========>...................] - ETA: 4s - batch_cost: 0.0205 - reader cost: 1.5915e-04
140/348 [===========>..................] - ETA: 4s - batch_cost: 0.0203 - reader cost: 1.5461e-04
143/348 [===========>..................] - ETA: 4s - batch_cost: 0.0203 - reader cost: 1.5136e-04
146/348 [===========>..................] - ETA: 4s - batch_cost: 0.0203 - reader cost: 1.4825e-04
149/348 [===========>..................] - ETA: 4s - batch_cost: 0.0203 - reader cost: 1.4527e-04
152/348 [============>.................] - ETA: 4s - batch_cost: 0.0203 - reader cost: 1.4240e-04
155/348 [============>.................] - ETA: 3s - batch_cost: 0.0203 - reader cost: 1.3965e-04
157/348 [============>.................] - ETA: 3s - batch_cost: 0.0203 - reader cost: 1.3787e-04
160/348 [============>.................] - ETA: 3s - batch_cost: 0.0203 - reader cost: 1.3528e-04
164/348 [=============>................] - ETA: 3s - batch_cost: 0.0202 - reader cost: 1.3505e-04
167/348 [=============>................] - ETA: 3s - batch_cost: 0.0202 - reader cost: 1.3262e-04
170/348 [=============>................] - ETA: 3s - batch_cost: 0.0202 - reader cost: 1.3028e-04
172/348 [=============>................] - ETA: 3s - batch_cost: 0.0202 - reader cost: 1.2877e-04
175/348 [==============>...............] - ETA: 3s - batch_cost: 0.0203 - reader cost: 1.3228e-04
178/348 [==============>...............] - ETA: 3s - batch_cost: 0.0203 - reader cost: 1.3005e-04
181/348 [==============>...............] - ETA: 3s - batch_cost: 0.0203 - reader cost: 1.2789e-04
184/348 [==============>...............] - ETA: 3s - batch_cost: 0.0203 - reader cost: 1.2581e-04
187/348 [===============>..............] - ETA: 3s - batch_cost: 0.0204 - reader cost: 1.2379e-04
190/348 [===============>..............] - ETA: 3s - batch_cost: 0.0204 - reader cost: 1.2183e-04
192/348 [===============>..............] - ETA: 3s - batch_cost: 0.0205 - reader cost: 1.2057e-04
195/348 [===============>..............] - ETA: 3s - batch_cost: 0.0205 - reader cost: 1.1871e-04
198/348 [================>.............] - ETA: 3s - batch_cost: 0.0205 - reader cost: 1.2200e-04
201/348 [================>.............] - ETA: 3s - batch_cost: 0.0205 - reader cost: 1.2018e-04
204/348 [================>.............] - ETA: 2s - batch_cost: 0.0205 - reader cost: 1.2331e-04
207/348 [================>.............] - ETA: 2s - batch_cost: 0.0205 - reader cost: 1.2152e-04
209/348 [=================>............] - ETA: 2s - batch_cost: 0.0206 - reader cost: 1.2036e-04
212/348 [=================>............] - ETA: 2s - batch_cost: 0.0206 - reader cost: 1.2337e-04
214/348 [=================>............] - ETA: 2s - batch_cost: 0.0207 - reader cost: 1.2222e-04
217/348 [=================>............] - ETA: 2s - batch_cost: 0.0207 - reader cost: 1.2053e-04
220/348 [=================>............] - ETA: 2s - batch_cost: 0.0207 - reader cost: 1.1889e-04
223/348 [==================>...........] - ETA: 2s - batch_cost: 0.0207 - reader cost: 1.1729e-04
226/348 [==================>...........] - ETA: 2s - batch_cost: 0.0207 - reader cost: 1.1573e-04
228/348 [==================>...........] - ETA: 2s - batch_cost: 0.0207 - reader cost: 1.1471e-04
231/348 [==================>...........] - ETA: 2s - batch_cost: 0.0207 - reader cost: 1.1323e-04
234/348 [===================>..........] - ETA: 2s - batch_cost: 0.0207 - reader cost: 1.1177e-04
237/348 [===================>..........] - ETA: 2s - batch_cost: 0.0207 - reader cost: 1.1036e-04
240/348 [===================>..........] - ETA: 2s - batch_cost: 0.0206 - reader cost: 1.0898e-04
243/348 [===================>..........] - ETA: 2s - batch_cost: 0.0206 - reader cost: 1.0763e-04
246/348 [====================>.........] - ETA: 2s - batch_cost: 0.0206 - reader cost: 1.0632e-04
248/348 [====================>.........] - ETA: 2s - batch_cost: 0.0207 - reader cost: 1.0546e-04
251/348 [====================>.........] - ETA: 2s - batch_cost: 0.0207 - reader cost: 1.0420e-04
253/348 [====================>.........] - ETA: 1s - batch_cost: 0.0207 - reader cost: 1.0338e-04
256/348 [=====================>........] - ETA: 1s - batch_cost: 0.0208 - reader cost: 1.0217e-04
258/348 [=====================>........] - ETA: 1s - batch_cost: 0.0208 - reader cost: 1.0138e-04
260/348 [=====================>........] - ETA: 1s - batch_cost: 0.0209 - reader cost: 1.0638e-04
263/348 [=====================>........] - ETA: 1s - batch_cost: 0.0209 - reader cost: 1.0517e-04
267/348 [======================>.......] - ETA: 1s - batch_cost: 0.0208 - reader cost: 1.0561e-04
270/348 [======================>.......] - ETA: 1s - batch_cost: 0.0208 - reader cost: 1.0817e-04
273/348 [======================>.......] - ETA: 1s - batch_cost: 0.0207 - reader cost: 1.1252e-04
277/348 [======================>.......] - ETA: 1s - batch_cost: 0.0207 - reader cost: 1.1089e-04
281/348 [=======================>......] - ETA: 1s - batch_cost: 0.0206 - reader cost: 1.1643e-04
284/348 [=======================>......] - ETA: 1s - batch_cost: 0.0206 - reader cost: 1.1520e-04
287/348 [=======================>......] - ETA: 1s - batch_cost: 0.0206 - reader cost: 1.1400e-04
290/348 [========================>.....] - ETA: 1s - batch_cost: 0.0206 - reader cost: 1.1282e-04
293/348 [========================>.....] - ETA: 1s - batch_cost: 0.0206 - reader cost: 1.1166e-04
296/348 [========================>.....] - ETA: 1s - batch_cost: 0.0206 - reader cost: 1.1053e-04
299/348 [========================>.....] - ETA: 1s - batch_cost: 0.0206 - reader cost: 1.0942e-04
302/348 [=========================>....] - ETA: 0s - batch_cost: 0.0206 - reader cost: 1.0834e-04
305/348 [=========================>....] - ETA: 0s - batch_cost: 0.0206 - reader cost: 1.1056e-04
308/348 [=========================>....] - ETA: 0s - batch_cost: 0.0206 - reader cost: 1.0948e-04
311/348 [=========================>....] - ETA: 0s - batch_cost: 0.0206 - reader cost: 1.0843e-04
314/348 [==========================>...] - ETA: 0s - batch_cost: 0.0206 - reader cost: 1.0739e-04
317/348 [==========================>...] - ETA: 0s - batch_cost: 0.0206 - reader cost: 1.0637e-04
320/348 [==========================>...] - ETA: 0s - batch_cost: 0.0206 - reader cost: 1.0538e-04
324/348 [==========================>...] - ETA: 0s - batch_cost: 0.0206 - reader cost: 1.0408e-04
328/348 [===========================>..] - ETA: 0s - batch_cost: 0.0205 - reader cost: 1.0281e-04
331/348 [===========================>..] - ETA: 0s - batch_cost: 0.0205 - reader cost: 1.0188e-04
334/348 [===========================>..] - ETA: 0s - batch_cost: 0.0205 - reader cost: 1.0096e-04
337/348 [============================>.] - ETA: 0s - batch_cost: 0.0205 - reader cost: 1.0006e-04
340/348 [============================>.] - ETA: 0s - batch_cost: 0.0205 - reader cost: 9.9179e-05
343/348 [============================>.] - ETA: 0s - batch_cost: 0.0205 - reader cost: 9.8311e-05
346/348 [============================>.] - ETA: 0s - batch_cost: 0.0205 - reader cost: 9.7459e-05
348/348 [==============================] - 7s 21ms/step - batch_cost: 0.0205 - reader cost: 9.6899e-05

  1/348 [..............................] - ETA: 9s - batch_cost: 0.0273 - reader cost: 0.0092
  4/348 [..............................] - ETA: 7s - batch_cost: 0.0208 - reader cost: 0.0023
  7/348 [..............................] - ETA: 6s - batch_cost: 0.0196 - reader cost: 0.0015
 10/348 [..............................] - ETA: 6s - batch_cost: 0.0193 - reader cost: 0.0010
 13/348 [>.............................] - ETA: 6s - batch_cost: 0.0195 - reader cost: 7.8601e-04
 15/348 [>.............................] - ETA: 6s - batch_cost: 0.0207 - reader cost: 7.1543e-04
 17/348 [>.............................] - ETA: 7s - batch_cost: 0.0214 - reader cost: 6.3126e-04
 20/348 [>.............................] - ETA: 6s - batch_cost: 0.0207 - reader cost: 5.8695e-04
 23/348 [>.............................] - ETA: 6s - batch_cost: 0.0207 - reader cost: 5.1039e-04
 26/348 [=>............................] - ETA: 6s - batch_cost: 0.0211 - reader cost: 4.5150e-04
 29/348 [=>............................] - ETA: 6s - batch_cost: 0.0208 - reader cost: 4.0479e-04
 32/348 [=>............................] - ETA: 6s - batch_cost: 0.0206 - reader cost: 3.6684e-04
 36/348 [==>...........................] - ETA: 6s - batch_cost: 0.0202 - reader cost: 3.2608e-04
 39/348 [==>...........................] - ETA: 6s - batch_cost: 0.0200 - reader cost: 3.0100e-04
 42/348 [==>...........................] - ETA: 6s - batch_cost: 0.0201 - reader cost: 3.0332e-04
 45/348 [==>...........................] - ETA: 6s - batch_cost: 0.0201 - reader cost: 2.8310e-04
 48/348 [===>..........................] - ETA: 6s - batch_cost: 0.0202 - reader cost: 2.6540e-04
 50/348 [===>..........................] - ETA: 6s - batch_cost: 0.0204 - reader cost: 2.5479e-04
 53/348 [===>..........................] - ETA: 6s - batch_cost: 0.0205 - reader cost: 2.4037e-04
 56/348 [===>..........................] - ETA: 6s - batch_cost: 0.0206 - reader cost: 2.2749e-04
 60/348 [====>.........................] - ETA: 5s - batch_cost: 0.0204 - reader cost: 2.1232e-04
 63/348 [====>.........................] - ETA: 5s - batch_cost: 0.0203 - reader cost: 2.0221e-04
 66/348 [====>.........................] - ETA: 5s - batch_cost: 0.0204 - reader cost: 1.9302e-04
 69/348 [====>.........................] - ETA: 5s - batch_cost: 0.0203 - reader cost: 1.8463e-04
 72/348 [=====>........................] - ETA: 5s - batch_cost: 0.0203 - reader cost: 1.8504e-04
 75/348 [=====>........................] - ETA: 5s - batch_cost: 0.0203 - reader cost: 1.7763e-04
 78/348 [=====>........................] - ETA: 5s - batch_cost: 0.0203 - reader cost: 1.7080e-04
 81/348 [=====>........................] - ETA: 5s - batch_cost: 0.0203 - reader cost: 1.6448e-04
 84/348 [======>.......................] - ETA: 5s - batch_cost: 0.0203 - reader cost: 1.5860e-04
 87/348 [======>.......................] - ETA: 5s - batch_cost: 0.0203 - reader cost: 1.7057e-04
 90/348 [======>.......................] - ETA: 5s - batch_cost: 0.0202 - reader cost: 1.6488e-04
 93/348 [=======>......................] - ETA: 5s - batch_cost: 0.0201 - reader cost: 1.7031e-04
 96/348 [=======>......................] - ETA: 5s - batch_cost: 0.0201 - reader cost: 1.6499e-04
100/348 [=======>......................] - ETA: 4s - batch_cost: 0.0199 - reader cost: 1.5839e-04
103/348 [=======>......................] - ETA: 4s - batch_cost: 0.0198 - reader cost: 1.6835e-04
105/348 [========>.....................] - ETA: 4s - batch_cost: 0.0200 - reader cost: 1.6515e-04
108/348 [========>.....................] - ETA: 4s - batch_cost: 0.0200 - reader cost: 1.6056e-04
111/348 [========>.....................] - ETA: 4s - batch_cost: 0.0200 - reader cost: 1.5622e-04
114/348 [========>.....................] - ETA: 4s - batch_cost: 0.0199 - reader cost: 1.5211e-04
117/348 [=========>....................] - ETA: 4s - batch_cost: 0.0200 - reader cost: 1.4821e-04
120/348 [=========>....................] - ETA: 4s - batch_cost: 0.0199 - reader cost: 1.4450e-04
124/348 [=========>....................] - ETA: 4s - batch_cost: 0.0198 - reader cost: 1.3984e-04
127/348 [=========>....................] - ETA: 4s - batch_cost: 0.0198 - reader cost: 1.3654e-04
130/348 [==========>...................] - ETA: 4s - batch_cost: 0.0198 - reader cost: 1.3339e-04
132/348 [==========>...................] - ETA: 4s - batch_cost: 0.0199 - reader cost: 1.3137e-04
135/348 [==========>...................] - ETA: 4s - batch_cost: 0.0200 - reader cost: 1.2845e-04
138/348 [==========>...................] - ETA: 4s - batch_cost: 0.0200 - reader cost: 1.2566e-04
141/348 [===========>..................] - ETA: 4s - batch_cost: 0.0200 - reader cost: 1.2298e-04
144/348 [===========>..................] - ETA: 4s - batch_cost: 0.0199 - reader cost: 1.2737e-04
147/348 [===========>..................] - ETA: 4s - batch_cost: 0.0199 - reader cost: 1.2477e-04
150/348 [===========>..................] - ETA: 3s - batch_cost: 0.0199 - reader cost: 1.2227e-04
153/348 [============>.................] - ETA: 3s - batch_cost: 0.0198 - reader cost: 1.1987e-04
155/348 [============>.................] - ETA: 3s - batch_cost: 0.0199 - reader cost: 1.1833e-04
158/348 [============>.................] - ETA: 3s - batch_cost: 0.0199 - reader cost: 1.1608e-04
162/348 [============>.................] - ETA: 3s - batch_cost: 0.0198 - reader cost: 1.1321e-04
165/348 [=============>................] - ETA: 3s - batch_cost: 0.0199 - reader cost: 1.1721e-04
168/348 [=============>................] - ETA: 3s - batch_cost: 0.0199 - reader cost: 1.1512e-04
172/348 [=============>................] - ETA: 3s - batch_cost: 0.0198 - reader cost: 1.1244e-04
176/348 [==============>...............] - ETA: 3s - batch_cost: 0.0197 - reader cost: 1.0989e-04
179/348 [==============>...............] - ETA: 3s - batch_cost: 0.0196 - reader cost: 1.0804e-04
182/348 [==============>...............] - ETA: 3s - batch_cost: 0.0196 - reader cost: 1.0626e-04
185/348 [==============>...............] - ETA: 3s - batch_cost: 0.0195 - reader cost: 1.0454e-04
187/348 [===============>..............] - ETA: 3s - batch_cost: 0.0196 - reader cost: 1.0342e-04
190/348 [===============>..............] - ETA: 3s - batch_cost: 0.0197 - reader cost: 1.0179e-04
194/348 [===============>..............] - ETA: 3s - batch_cost: 0.0196 - reader cost: 9.9691e-05
197/348 [===============>..............] - ETA: 3s - batch_cost: 0.0197 - reader cost: 9.8173e-05
200/348 [================>.............] - ETA: 2s - batch_cost: 0.0197 - reader cost: 9.6700e-05
204/348 [================>.............] - ETA: 2s - batch_cost: 0.0196 - reader cost: 9.4804e-05
207/348 [================>.............] - ETA: 2s - batch_cost: 0.0196 - reader cost: 9.3430e-05
210/348 [=================>............] - ETA: 2s - batch_cost: 0.0196 - reader cost: 9.2095e-05
213/348 [=================>............] - ETA: 2s - batch_cost: 0.0196 - reader cost: 9.0798e-05
216/348 [=================>............] - ETA: 2s - batch_cost: 0.0196 - reader cost: 8.9537e-05
218/348 [=================>............] - ETA: 2s - batch_cost: 0.0197 - reader cost: 9.3308e-05
221/348 [==================>...........] - ETA: 2s - batch_cost: 0.0196 - reader cost: 9.2041e-05
224/348 [==================>...........] - ETA: 2s - batch_cost: 0.0197 - reader cost: 9.0809e-05
227/348 [==================>...........] - ETA: 2s - batch_cost: 0.0196 - reader cost: 8.9609e-05
230/348 [==================>...........] - ETA: 2s - batch_cost: 0.0196 - reader cost: 8.8440e-05
232/348 [===================>..........] - ETA: 2s - batch_cost: 0.0197 - reader cost: 9.2020e-05
234/348 [===================>..........] - ETA: 2s - batch_cost: 0.0198 - reader cost: 9.1234e-05
236/348 [===================>..........] - ETA: 2s - batch_cost: 0.0198 - reader cost: 9.0461e-05
239/348 [===================>..........] - ETA: 2s - batch_cost: 0.0198 - reader cost: 9.3475e-05
242/348 [===================>..........] - ETA: 2s - batch_cost: 0.0198 - reader cost: 9.2316e-05
245/348 [====================>.........] - ETA: 2s - batch_cost: 0.0198 - reader cost: 9.1186e-05
248/348 [====================>.........] - ETA: 2s - batch_cost: 0.0198 - reader cost: 9.0083e-05
252/348 [====================>.........] - ETA: 1s - batch_cost: 0.0198 - reader cost: 8.8653e-05
255/348 [====================>.........] - ETA: 1s - batch_cost: 0.0197 - reader cost: 8.7610e-05
257/348 [=====================>........] - ETA: 1s - batch_cost: 0.0198 - reader cost: 8.6928e-05
259/348 [=====================>........] - ETA: 1s - batch_cost: 0.0199 - reader cost: 8.6257e-05
262/348 [=====================>........] - ETA: 1s - batch_cost: 0.0199 - reader cost: 8.5269e-05
265/348 [=====================>........] - ETA: 1s - batch_cost: 0.0199 - reader cost: 8.4304e-05
268/348 [======================>.......] - ETA: 1s - batch_cost: 0.0199 - reader cost: 8.3360e-05
272/348 [======================>.......] - ETA: 1s - batch_cost: 0.0199 - reader cost: 8.2134e-05
276/348 [======================>.......] - ETA: 1s - batch_cost: 0.0198 - reader cost: 8.0944e-05
279/348 [=======================>......] - ETA: 1s - batch_cost: 0.0199 - reader cost: 8.0074e-05
282/348 [=======================>......] - ETA: 1s - batch_cost: 0.0199 - reader cost: 7.9222e-05
285/348 [=======================>......] - ETA: 1s - batch_cost: 0.0199 - reader cost: 7.8388e-05
288/348 [=======================>......] - ETA: 1s - batch_cost: 0.0200 - reader cost: 7.7571e-05
291/348 [========================>.....] - ETA: 1s - batch_cost: 0.0199 - reader cost: 8.0208e-05
294/348 [========================>.....] - ETA: 1s - batch_cost: 0.0199 - reader cost: 7.9389e-05
297/348 [========================>.....] - ETA: 1s - batch_cost: 0.0199 - reader cost: 7.8587e-05
300/348 [========================>.....] - ETA: 0s - batch_cost: 0.0199 - reader cost: 8.1135e-05
303/348 [=========================>....] - ETA: 0s - batch_cost: 0.0199 - reader cost: 8.0331e-05
307/348 [=========================>....] - ETA: 0s - batch_cost: 0.0199 - reader cost: 7.9285e-05
310/348 [=========================>....] - ETA: 0s - batch_cost: 0.0199 - reader cost: 7.8517e-05
313/348 [=========================>....] - ETA: 0s - batch_cost: 0.0199 - reader cost: 7.7765e-05
316/348 [==========================>...] - ETA: 0s - batch_cost: 0.0198 - reader cost: 7.7027e-05
319/348 [==========================>...] - ETA: 0s - batch_cost: 0.0198 - reader cost: 7.6302e-05
322/348 [==========================>...] - ETA: 0s - batch_cost: 0.0198 - reader cost: 7.8677e-05
325/348 [===========================>..] - ETA: 0s - batch_cost: 0.0198 - reader cost: 7.7950e-05
327/348 [===========================>..] - ETA: 0s - batch_cost: 0.0198 - reader cost: 7.7474e-05
330/348 [===========================>..] - ETA: 0s - batch_cost: 0.0198 - reader cost: 7.6769e-05
333/348 [===========================>..] - ETA: 0s - batch_cost: 0.0198 - reader cost: 7.6078e-05
336/348 [===========================>..] - ETA: 0s - batch_cost: 0.0198 - reader cost: 7.5398e-05
339/348 [============================>.] - ETA: 0s - batch_cost: 0.0198 - reader cost: 7.4731e-05
342/348 [============================>.] - ETA: 0s - batch_cost: 0.0198 - reader cost: 7.4076e-05
344/348 [============================>.] - ETA: 0s - batch_cost: 0.0198 - reader cost: 7.3645e-05
347/348 [============================>.] - ETA: 0s - batch_cost: 0.0198 - reader cost: 7.3008e-05
348/348 [==============================] - 7s 20ms/step - batch_cost: 0.0198 - reader cost: 7.2799e-05

  1/348 [..............................] - ETA: 11s - batch_cost: 0.0319 - reader cost: 0.0079
  4/348 [..............................] - ETA: 7s - batch_cost: 0.0230 - reader cost: 0.0020 
  7/348 [..............................] - ETA: 7s - batch_cost: 0.0219 - reader cost: 0.0011
  9/348 [..............................] - ETA: 7s - batch_cost: 0.0227 - reader cost: 9.9172e-04
 12/348 [>.............................] - ETA: 7s - batch_cost: 0.0227 - reader cost: 7.4379e-04
 15/348 [>.............................] - ETA: 7s - batch_cost: 0.0226 - reader cost: 5.9503e-04
 18/348 [>.............................] - ETA: 7s - batch_cost: 0.0217 - reader cost: 4.9586e-04
 21/348 [>.............................] - ETA: 7s - batch_cost: 0.0214 - reader cost: 4.2502e-04
 24/348 [=>............................] - ETA: 6s - batch_cost: 0.0214 - reader cost: 4.1360e-04
 27/348 [=>............................] - ETA: 6s - batch_cost: 0.0215 - reader cost: 4.2350e-04
 30/348 [=>............................] - ETA: 6s - batch_cost: 0.0213 - reader cost: 3.8115e-04
 33/348 [=>............................] - ETA: 6s - batch_cost: 0.0213 - reader cost: 3.4650e-04
 36/348 [==>...........................] - ETA: 6s - batch_cost: 0.0212 - reader cost: 3.5936e-04
 39/348 [==>...........................] - ETA: 6s - batch_cost: 0.0211 - reader cost: 3.3172e-04
 42/348 [==>...........................] - ETA: 6s - batch_cost: 0.0208 - reader cost: 3.0803e-04
 46/348 [==>...........................] - ETA: 6s - batch_cost: 0.0204 - reader cost: 2.8124e-04
 49/348 [===>..........................] - ETA: 6s - batch_cost: 0.0204 - reader cost: 2.6402e-04
 52/348 [===>..........................] - ETA: 6s - batch_cost: 0.0205 - reader cost: 2.4879e-04
 55/348 [===>..........................] - ETA: 6s - batch_cost: 0.0205 - reader cost: 2.3522e-04
 58/348 [====>.........................] - ETA: 5s - batch_cost: 0.0204 - reader cost: 2.2305e-04
 61/348 [====>.........................] - ETA: 5s - batch_cost: 0.0202 - reader cost: 2.1208e-04
 64/348 [====>.........................] - ETA: 5s - batch_cost: 0.0204 - reader cost: 2.0214e-04
 67/348 [====>.........................] - ETA: 5s - batch_cost: 0.0203 - reader cost: 1.9309e-04
 70/348 [=====>........................] - ETA: 5s - batch_cost: 0.0204 - reader cost: 1.8482e-04
 73/348 [=====>........................] - ETA: 5s - batch_cost: 0.0202 - reader cost: 1.7722e-04
 76/348 [=====>........................] - ETA: 5s - batch_cost: 0.0201 - reader cost: 1.8338e-04
 79/348 [=====>........................] - ETA: 5s - batch_cost: 0.0202 - reader cost: 1.7642e-04
 82/348 [======>.......................] - ETA: 5s - batch_cost: 0.0201 - reader cost: 1.6997e-04
 85/348 [======>.......................] - ETA: 5s - batch_cost: 0.0201 - reader cost: 1.6397e-04
 87/348 [======>.......................] - ETA: 5s - batch_cost: 0.0202 - reader cost: 1.6020e-04
 90/348 [======>.......................] - ETA: 5s - batch_cost: 0.0202 - reader cost: 1.7160e-04
 92/348 [======>.......................] - ETA: 5s - batch_cost: 0.0203 - reader cost: 1.6787e-04
 94/348 [=======>......................] - ETA: 5s - batch_cost: 0.0204 - reader cost: 1.6430e-04
 97/348 [=======>......................] - ETA: 5s - batch_cost: 0.0205 - reader cost: 1.7471e-04
100/348 [=======>......................] - ETA: 5s - batch_cost: 0.0206 - reader cost: 1.6947e-04
103/348 [=======>......................] - ETA: 5s - batch_cost: 0.0205 - reader cost: 1.6453e-04
106/348 [========>.....................] - ETA: 5s - batch_cost: 0.0205 - reader cost: 1.5987e-04
109/348 [========>.....................] - ETA: 4s - batch_cost: 0.0204 - reader cost: 1.5547e-04
112/348 [========>.....................] - ETA: 4s - batch_cost: 0.0204 - reader cost: 1.5131e-04
115/348 [========>.....................] - ETA: 4s - batch_cost: 0.0205 - reader cost: 1.4736e-04
118/348 [=========>....................] - ETA: 4s - batch_cost: 0.0205 - reader cost: 1.4361e-04
121/348 [=========>....................] - ETA: 4s - batch_cost: 0.0205 - reader cost: 1.4834e-04
124/348 [=========>....................] - ETA: 4s - batch_cost: 0.0205 - reader cost: 1.4475e-04
127/348 [=========>....................] - ETA: 4s - batch_cost: 0.0205 - reader cost: 1.4133e-04
129/348 [==========>...................] - ETA: 4s - batch_cost: 0.0207 - reader cost: 1.3914e-04
132/348 [==========>...................] - ETA: 4s - batch_cost: 0.0206 - reader cost: 1.3597e-04
135/348 [==========>...................] - ETA: 4s - batch_cost: 0.0206 - reader cost: 1.3295e-04
138/348 [==========>...................] - ETA: 4s - batch_cost: 0.0206 - reader cost: 1.3006e-04
141/348 [===========>..................] - ETA: 4s - batch_cost: 0.0205 - reader cost: 1.2730e-04
144/348 [===========>..................] - ETA: 4s - batch_cost: 0.0205 - reader cost: 1.2464e-04
147/348 [===========>..................] - ETA: 4s - batch_cost: 0.0205 - reader cost: 1.2891e-04
150/348 [===========>..................] - ETA: 4s - batch_cost: 0.0205 - reader cost: 1.2633e-04
153/348 [============>.................] - ETA: 4s - batch_cost: 0.0205 - reader cost: 1.2386e-04
156/348 [============>.................] - ETA: 3s - batch_cost: 0.0205 - reader cost: 1.2636e-04
159/348 [============>.................] - ETA: 3s - batch_cost: 0.0205 - reader cost: 1.3028e-04
162/348 [============>.................] - ETA: 3s - batch_cost: 0.0205 - reader cost: 1.2786e-04
165/348 [=============>................] - ETA: 3s - batch_cost: 0.0206 - reader cost: 1.2554e-04
168/348 [=============>................] - ETA: 3s - batch_cost: 0.0206 - reader cost: 1.2330e-04
171/348 [=============>................] - ETA: 3s - batch_cost: 0.0205 - reader cost: 1.2113e-04
174/348 [==============>...............] - ETA: 3s - batch_cost: 0.0205 - reader cost: 1.2479e-04
177/348 [==============>...............] - ETA: 3s - batch_cost: 0.0204 - reader cost: 1.2268e-04
180/348 [==============>...............] - ETA: 3s - batch_cost: 0.0204 - reader cost: 1.2063e-04
183/348 [==============>...............] - ETA: 3s - batch_cost: 0.0205 - reader cost: 1.1865e-04
186/348 [===============>..............] - ETA: 3s - batch_cost: 0.0204 - reader cost: 1.2211e-04
189/348 [===============>..............] - ETA: 3s - batch_cost: 0.0204 - reader cost: 1.2018e-04
192/348 [===============>..............] - ETA: 3s - batch_cost: 0.0204 - reader cost: 1.2350e-04
194/348 [===============>..............] - ETA: 3s - batch_cost: 0.0205 - reader cost: 1.2223e-04
196/348 [===============>..............] - ETA: 3s - batch_cost: 0.0205 - reader cost: 1.2098e-04
199/348 [================>.............] - ETA: 3s - batch_cost: 0.0205 - reader cost: 1.1916e-04
201/348 [================>.............] - ETA: 3s - batch_cost: 0.0205 - reader cost: 1.1797e-04
204/348 [================>.............] - ETA: 2s - batch_cost: 0.0205 - reader cost: 1.1624e-04
207/348 [================>.............] - ETA: 2s - batch_cost: 0.0205 - reader cost: 1.1455e-04
210/348 [=================>............] - ETA: 2s - batch_cost: 0.0204 - reader cost: 1.1292e-04
213/348 [=================>............] - ETA: 2s - batch_cost: 0.0204 - reader cost: 1.1133e-04
216/348 [=================>............] - ETA: 2s - batch_cost: 0.0204 - reader cost: 1.0978e-04
219/348 [=================>............] - ETA: 2s - batch_cost: 0.0204 - reader cost: 1.0828e-04
222/348 [==================>...........] - ETA: 2s - batch_cost: 0.0204 - reader cost: 1.0681e-04
224/348 [==================>...........] - ETA: 2s - batch_cost: 0.0205 - reader cost: 1.0586e-04
227/348 [==================>...........] - ETA: 2s - batch_cost: 0.0205 - reader cost: 1.0446e-04
229/348 [==================>...........] - ETA: 2s - batch_cost: 0.0205 - reader cost: 1.0792e-04
232/348 [===================>..........] - ETA: 2s - batch_cost: 0.0205 - reader cost: 1.0652e-04
235/348 [===================>..........] - ETA: 2s - batch_cost: 0.0205 - reader cost: 1.0516e-04
238/348 [===================>..........] - ETA: 2s - batch_cost: 0.0205 - reader cost: 1.0384e-04
240/348 [===================>..........] - ETA: 2s - batch_cost: 0.0205 - reader cost: 1.0297e-04
243/348 [===================>..........] - ETA: 2s - batch_cost: 0.0206 - reader cost: 1.0170e-04
245/348 [====================>.........] - ETA: 2s - batch_cost: 0.0206 - reader cost: 1.0495e-04
247/348 [====================>.........] - ETA: 2s - batch_cost: 0.0206 - reader cost: 1.0410e-04
250/348 [====================>.........] - ETA: 2s - batch_cost: 0.0207 - reader cost: 1.0285e-04
253/348 [====================>.........] - ETA: 1s - batch_cost: 0.0207 - reader cost: 1.0163e-04
256/348 [=====================>........] - ETA: 1s - batch_cost: 0.0207 - reader cost: 1.0435e-04
258/348 [=====================>........] - ETA: 1s - batch_cost: 0.0207 - reader cost: 1.0354e-04
261/348 [=====================>........] - ETA: 1s - batch_cost: 0.0207 - reader cost: 1.0235e-04
264/348 [=====================>........] - ETA: 1s - batch_cost: 0.0207 - reader cost: 1.0119e-04
267/348 [======================>.......] - ETA: 1s - batch_cost: 0.0207 - reader cost: 1.0005e-04
270/348 [======================>.......] - ETA: 1s - batch_cost: 0.0207 - reader cost: 9.8939e-05
272/348 [======================>.......] - ETA: 1s - batch_cost: 0.0207 - reader cost: 9.8212e-05
275/348 [======================>.......] - ETA: 1s - batch_cost: 0.0208 - reader cost: 9.7140e-05
278/348 [======================>.......] - ETA: 1s - batch_cost: 0.0208 - reader cost: 9.6092e-05
281/348 [=======================>......] - ETA: 1s - batch_cost: 0.0207 - reader cost: 9.5066e-05
284/348 [=======================>......] - ETA: 1s - batch_cost: 0.0207 - reader cost: 9.4062e-05
287/348 [=======================>......] - ETA: 1s - batch_cost: 0.0207 - reader cost: 9.3079e-05
290/348 [========================>.....] - ETA: 1s - batch_cost: 0.0207 - reader cost: 9.2116e-05
293/348 [========================>.....] - ETA: 1s - batch_cost: 0.0207 - reader cost: 9.1173e-05
295/348 [========================>.....] - ETA: 1s - batch_cost: 0.0207 - reader cost: 9.0555e-05
298/348 [========================>.....] - ETA: 1s - batch_cost: 0.0207 - reader cost: 8.9643e-05
300/348 [========================>.....] - ETA: 1s - batch_cost: 0.0208 - reader cost: 8.9045e-05
302/348 [=========================>....] - ETA: 0s - batch_cost: 0.0208 - reader cost: 8.8456e-05
305/348 [=========================>....] - ETA: 0s - batch_cost: 0.0208 - reader cost: 9.0873e-05
308/348 [=========================>....] - ETA: 0s - batch_cost: 0.0208 - reader cost: 8.9988e-05
311/348 [=========================>....] - ETA: 0s - batch_cost: 0.0208 - reader cost: 8.9119e-05
313/348 [=========================>....] - ETA: 0s - batch_cost: 0.0208 - reader cost: 8.8550e-05
315/348 [==========================>...] - ETA: 0s - batch_cost: 0.0209 - reader cost: 8.7988e-05
317/348 [==========================>...] - ETA: 0s - batch_cost: 0.0209 - reader cost: 8.7433e-05
319/348 [==========================>...] - ETA: 0s - batch_cost: 0.0209 - reader cost: 8.6885e-05
322/348 [==========================>...] - ETA: 0s - batch_cost: 0.0209 - reader cost: 8.6075e-05
325/348 [===========================>..] - ETA: 0s - batch_cost: 0.0210 - reader cost: 8.5280e-05
328/348 [===========================>..] - ETA: 0s - batch_cost: 0.0210 - reader cost: 8.4500e-05
331/348 [===========================>..] - ETA: 0s - batch_cost: 0.0209 - reader cost: 8.3735e-05
334/348 [===========================>..] - ETA: 0s - batch_cost: 0.0210 - reader cost: 8.2983e-05
337/348 [============================>.] - ETA: 0s - batch_cost: 0.0210 - reader cost: 8.2244e-05
339/348 [============================>.] - ETA: 0s - batch_cost: 0.0210 - reader cost: 8.1759e-05
341/348 [============================>.] - ETA: 0s - batch_cost: 0.0211 - reader cost: 8.1279e-05
343/348 [============================>.] - ETA: 0s - batch_cost: 0.0211 - reader cost: 8.0805e-05
345/348 [============================>.] - ETA: 0s - batch_cost: 0.0211 - reader cost: 8.0337e-05
348/348 [==============================] - 7s 21ms/step - batch_cost: 0.0211 - reader cost: 7.9644e-05

  1/348 [..............................] - ETA: 12s - batch_cost: 0.0365 - reader cost: 0.0135
  4/348 [..............................] - ETA: 8s - batch_cost: 0.0251 - reader cost: 0.0034 
  7/348 [..............................] - ETA: 7s - batch_cost: 0.0215 - reader cost: 0.0019
 10/348 [..............................] - ETA: 6s - batch_cost: 0.0204 - reader cost: 0.0014
 14/348 [>.............................] - ETA: 6s - batch_cost: 0.0192 - reader cost: 9.6474e-04
 17/348 [>.............................] - ETA: 6s - batch_cost: 0.0189 - reader cost: 7.9449e-04
 20/348 [>.............................] - ETA: 6s - batch_cost: 0.0188 - reader cost: 6.7532e-04
 23/348 [>.............................] - ETA: 6s - batch_cost: 0.0188 - reader cost: 5.8724e-04
 26/348 [=>............................] - ETA: 6s - batch_cost: 0.0192 - reader cost: 5.1948e-04
 28/348 [=>............................] - ETA: 6s - batch_cost: 0.0196 - reader cost: 4.8237e-04
 32/348 [=>............................] - ETA: 6s - batch_cost: 0.0192 - reader cost: 4.5332e-04
 35/348 [==>...........................] - ETA: 6s - batch_cost: 0.0191 - reader cost: 5.0016e-04
 39/348 [==>...........................] - ETA: 5s - batch_cost: 0.0188 - reader cost: 4.4886e-04
 43/348 [==>...........................] - ETA: 5s - batch_cost: 0.0185 - reader cost: 4.0711e-04
 46/348 [==>...........................] - ETA: 5s - batch_cost: 0.0183 - reader cost: 3.8056e-04
 50/348 [===>..........................] - ETA: 5s - batch_cost: 0.0182 - reader cost: 3.5011e-04
 54/348 [===>..........................] - ETA: 5s - batch_cost: 0.0181 - reader cost: 3.2418e-04
 57/348 [===>..........................] - ETA: 5s - batch_cost: 0.0183 - reader cost: 3.0712e-04
 60/348 [====>.........................] - ETA: 5s - batch_cost: 0.0185 - reader cost: 3.0843e-04
 64/348 [====>.........................] - ETA: 5s - batch_cost: 0.0183 - reader cost: 2.8915e-04
 68/348 [====>.........................] - ETA: 5s - batch_cost: 0.0182 - reader cost: 2.7214e-04
 72/348 [=====>........................] - ETA: 5s - batch_cost: 0.0181 - reader cost: 2.5703e-04
 76/348 [=====>........................] - ETA: 4s - batch_cost: 0.0180 - reader cost: 2.4350e-04
 79/348 [=====>........................] - ETA: 4s - batch_cost: 0.0179 - reader cost: 2.3425e-04
 82/348 [======>.......................] - ETA: 4s - batch_cost: 0.0179 - reader cost: 2.2568e-04
 85/348 [======>.......................] - ETA: 4s - batch_cost: 0.0178 - reader cost: 2.1772e-04
 89/348 [======>.......................] - ETA: 4s - batch_cost: 0.0178 - reader cost: 2.0793e-04
 92/348 [======>.......................] - ETA: 4s - batch_cost: 0.0178 - reader cost: 2.0115e-04
 96/348 [=======>......................] - ETA: 4s - batch_cost: 0.0177 - reader cost: 1.9277e-04
 99/348 [=======>......................] - ETA: 4s - batch_cost: 0.0177 - reader cost: 1.9704e-04
102/348 [=======>......................] - ETA: 4s - batch_cost: 0.0177 - reader cost: 1.9124e-04
105/348 [========>.....................] - ETA: 4s - batch_cost: 0.0179 - reader cost: 1.9534e-04
108/348 [========>.....................] - ETA: 4s - batch_cost: 0.0180 - reader cost: 1.8991e-04
112/348 [========>.....................] - ETA: 4s - batch_cost: 0.0179 - reader cost: 1.8313e-04
116/348 [=========>....................] - ETA: 4s - batch_cost: 0.0179 - reader cost: 1.7681e-04
119/348 [=========>....................] - ETA: 4s - batch_cost: 0.0179 - reader cost: 1.7235e-04
122/348 [=========>....................] - ETA: 4s - batch_cost: 0.0179 - reader cost: 1.6812e-04
125/348 [=========>....................] - ETA: 4s - batch_cost: 0.0179 - reader cost: 1.6408e-04
128/348 [==========>...................] - ETA: 3s - batch_cost: 0.0179 - reader cost: 1.6808e-04
131/348 [==========>...................] - ETA: 3s - batch_cost: 0.0180 - reader cost: 1.6423e-04
133/348 [==========>...................] - ETA: 3s - batch_cost: 0.0181 - reader cost: 1.6176e-04
135/348 [==========>...................] - ETA: 3s - batch_cost: 0.0182 - reader cost: 1.7055e-04
138/348 [==========>...................] - ETA: 3s - batch_cost: 0.0182 - reader cost: 1.6684e-04
141/348 [===========>..................] - ETA: 3s - batch_cost: 0.0182 - reader cost: 1.6329e-04
144/348 [===========>..................] - ETA: 3s - batch_cost: 0.0184 - reader cost: 1.6361e-04
147/348 [===========>..................] - ETA: 3s - batch_cost: 0.0185 - reader cost: 1.6435e-04
151/348 [============>.................] - ETA: 3s - batch_cost: 0.0184 - reader cost: 1.5999e-04
154/348 [============>.................] - ETA: 3s - batch_cost: 0.0184 - reader cost: 1.5688e-04
157/348 [============>.................] - ETA: 3s - batch_cost: 0.0184 - reader cost: 1.5388e-04
161/348 [============>.................] - ETA: 3s - batch_cost: 0.0183 - reader cost: 1.5006e-04
164/348 [=============>................] - ETA: 3s - batch_cost: 0.0183 - reader cost: 1.4731e-04
167/348 [=============>................] - ETA: 3s - batch_cost: 0.0183 - reader cost: 1.4466e-04
170/348 [=============>................] - ETA: 3s - batch_cost: 0.0183 - reader cost: 1.4211e-04
173/348 [=============>................] - ETA: 3s - batch_cost: 0.0183 - reader cost: 1.3965e-04
176/348 [==============>...............] - ETA: 3s - batch_cost: 0.0183 - reader cost: 1.3727e-04
180/348 [==============>...............] - ETA: 3s - batch_cost: 0.0183 - reader cost: 1.3977e-04
183/348 [==============>...............] - ETA: 3s - batch_cost: 0.0183 - reader cost: 1.3748e-04
186/348 [===============>..............] - ETA: 2s - batch_cost: 0.0183 - reader cost: 1.3526e-04
189/348 [===============>..............] - ETA: 2s - batch_cost: 0.0183 - reader cost: 1.3312e-04
192/348 [===============>..............] - ETA: 2s - batch_cost: 0.0184 - reader cost: 1.3104e-04
195/348 [===============>..............] - ETA: 2s - batch_cost: 0.0185 - reader cost: 1.2902e-04
198/348 [================>.............] - ETA: 2s - batch_cost: 0.0185 - reader cost: 1.2707e-04
201/348 [================>.............] - ETA: 2s - batch_cost: 0.0186 - reader cost: 1.2517e-04
204/348 [================>.............] - ETA: 2s - batch_cost: 0.0186 - reader cost: 1.2823e-04
207/348 [================>.............] - ETA: 2s - batch_cost: 0.0187 - reader cost: 1.2637e-04
209/348 [=================>............] - ETA: 2s - batch_cost: 0.0187 - reader cost: 1.2516e-04
212/348 [=================>............] - ETA: 2s - batch_cost: 0.0187 - reader cost: 1.2339e-04
215/348 [=================>............] - ETA: 2s - batch_cost: 0.0187 - reader cost: 1.2167e-04
219/348 [=================>............] - ETA: 2s - batch_cost: 0.0187 - reader cost: 1.2856e-04
223/348 [==================>...........] - ETA: 2s - batch_cost: 0.0187 - reader cost: 1.2625e-04
226/348 [==================>...........] - ETA: 2s - batch_cost: 0.0186 - reader cost: 1.2458e-04
230/348 [==================>...........] - ETA: 2s - batch_cost: 0.0186 - reader cost: 1.2241e-04
233/348 [===================>..........] - ETA: 2s - batch_cost: 0.0186 - reader cost: 1.3161e-04
236/348 [===================>..........] - ETA: 2s - batch_cost: 0.0186 - reader cost: 1.3417e-04
239/348 [===================>..........] - ETA: 2s - batch_cost: 0.0186 - reader cost: 1.3249e-04
242/348 [===================>..........] - ETA: 1s - batch_cost: 0.0186 - reader cost: 1.3085e-04
245/348 [====================>.........] - ETA: 1s - batch_cost: 0.0186 - reader cost: 1.2924e-04
247/348 [====================>.........] - ETA: 1s - batch_cost: 0.0187 - reader cost: 1.2820e-04
250/348 [====================>.........] - ETA: 1s - batch_cost: 0.0187 - reader cost: 1.2666e-04
252/348 [====================>.........] - ETA: 1s - batch_cost: 0.0188 - reader cost: 1.2565e-04
255/348 [====================>.........] - ETA: 1s - batch_cost: 0.0187 - reader cost: 1.2417e-04
258/348 [=====================>........] - ETA: 1s - batch_cost: 0.0188 - reader cost: 1.2273e-04
260/348 [=====================>........] - ETA: 1s - batch_cost: 0.0188 - reader cost: 1.2179e-04
263/348 [=====================>........] - ETA: 1s - batch_cost: 0.0188 - reader cost: 1.2040e-04
266/348 [=====================>........] - ETA: 1s - batch_cost: 0.0188 - reader cost: 1.2277e-04
270/348 [======================>.......] - ETA: 1s - batch_cost: 0.0188 - reader cost: 1.2095e-04
273/348 [======================>.......] - ETA: 1s - batch_cost: 0.0187 - reader cost: 1.2329e-04
276/348 [======================>.......] - ETA: 1s - batch_cost: 0.0187 - reader cost: 1.2195e-04
280/348 [=======================>......] - ETA: 1s - batch_cost: 0.0187 - reader cost: 1.2021e-04
284/348 [=======================>......] - ETA: 1s - batch_cost: 0.0187 - reader cost: 1.1851e-04
287/348 [=======================>......] - ETA: 1s - batch_cost: 0.0187 - reader cost: 1.1727e-04
291/348 [========================>.....] - ETA: 1s - batch_cost: 0.0186 - reader cost: 1.1912e-04
293/348 [========================>.....] - ETA: 1s - batch_cost: 0.0187 - reader cost: 1.1831e-04
296/348 [========================>.....] - ETA: 0s - batch_cost: 0.0187 - reader cost: 1.1711e-04
300/348 [========================>.....] - ETA: 0s - batch_cost: 0.0187 - reader cost: 1.1554e-04
303/348 [=========================>....] - ETA: 0s - batch_cost: 0.0187 - reader cost: 1.1440e-04
306/348 [=========================>....] - ETA: 0s - batch_cost: 0.0187 - reader cost: 1.1328e-04
309/348 [=========================>....] - ETA: 0s - batch_cost: 0.0187 - reader cost: 1.1218e-04
313/348 [=========================>....] - ETA: 0s - batch_cost: 0.0186 - reader cost: 1.1075e-04
316/348 [==========================>...] - ETA: 0s - batch_cost: 0.0186 - reader cost: 1.0969e-04
320/348 [==========================>...] - ETA: 0s - batch_cost: 0.0186 - reader cost: 1.0832e-04
324/348 [==========================>...] - ETA: 0s - batch_cost: 0.0186 - reader cost: 1.0699e-04
327/348 [===========================>..] - ETA: 0s - batch_cost: 0.0186 - reader cost: 1.0600e-04
330/348 [===========================>..] - ETA: 0s - batch_cost: 0.0186 - reader cost: 1.0504e-04
333/348 [===========================>..] - ETA: 0s - batch_cost: 0.0186 - reader cost: 1.0409e-04
336/348 [===========================>..] - ETA: 0s - batch_cost: 0.0186 - reader cost: 1.0316e-04
339/348 [============================>.] - ETA: 0s - batch_cost: 0.0186 - reader cost: 1.0225e-04
342/348 [============================>.] - ETA: 0s - batch_cost: 0.0186 - reader cost: 1.0136e-04
346/348 [============================>.] - ETA: 0s - batch_cost: 0.0186 - reader cost: 1.0018e-04
348/348 [==============================] - 7s 19ms/step - batch_cost: 0.0186 - reader cost: 9.9608e-05

  1/348 [..............................] - ETA: 10s - batch_cost: 0.0312 - reader cost: 0.0085
  4/348 [..............................] - ETA: 8s - batch_cost: 0.0245 - reader cost: 0.0021 
  7/348 [..............................] - ETA: 7s - batch_cost: 0.0224 - reader cost: 0.0012
 10/348 [..............................] - ETA: 7s - batch_cost: 0.0212 - reader cost: 8.5068e-04
 13/348 [>.............................] - ETA: 7s - batch_cost: 0.0208 - reader cost: 6.5437e-04
 16/348 [>.............................] - ETA: 6s - batch_cost: 0.0206 - reader cost: 5.3167e-04
 19/348 [>.............................] - ETA: 6s - batch_cost: 0.0200 - reader cost: 5.2728e-04
 23/348 [>.............................] - ETA: 6s - batch_cost: 0.0193 - reader cost: 4.3558e-04
 26/348 [=>............................] - ETA: 6s - batch_cost: 0.0194 - reader cost: 3.8532e-04
 29/348 [=>............................] - ETA: 6s - batch_cost: 0.0197 - reader cost: 3.4546e-04
 32/348 [=>............................] - ETA: 6s - batch_cost: 0.0196 - reader cost: 3.1307e-04
 35/348 [==>...........................] - ETA: 6s - batch_cost: 0.0195 - reader cost: 3.1479e-04
 39/348 [==>...........................] - ETA: 5s - batch_cost: 0.0191 - reader cost: 2.8250e-04
 43/348 [==>...........................] - ETA: 5s - batch_cost: 0.0189 - reader cost: 2.5622e-04
 46/348 [==>...........................] - ETA: 5s - batch_cost: 0.0187 - reader cost: 2.3951e-04
 49/348 [===>..........................] - ETA: 5s - batch_cost: 0.0187 - reader cost: 2.2485e-04
 52/348 [===>..........................] - ETA: 5s - batch_cost: 0.0186 - reader cost: 2.1188e-04
 55/348 [===>..........................] - ETA: 5s - batch_cost: 0.0185 - reader cost: 2.0960e-04
 58/348 [====>.........................] - ETA: 5s - batch_cost: 0.0185 - reader cost: 1.9875e-04
 61/348 [====>.........................] - ETA: 5s - batch_cost: 0.0184 - reader cost: 1.8898e-04
 64/348 [====>.........................] - ETA: 5s - batch_cost: 0.0184 - reader cost: 1.8012e-04
 68/348 [====>.........................] - ETA: 5s - batch_cost: 0.0183 - reader cost: 1.6953e-04
 71/348 [=====>........................] - ETA: 5s - batch_cost: 0.0183 - reader cost: 1.6947e-04
 74/348 [=====>........................] - ETA: 5s - batch_cost: 0.0182 - reader cost: 1.7619e-04
 77/348 [=====>........................] - ETA: 5s - batch_cost: 0.0184 - reader cost: 1.6932e-04
 79/348 [=====>........................] - ETA: 5s - batch_cost: 0.0186 - reader cost: 1.6504e-04
 82/348 [======>.......................] - ETA: 4s - batch_cost: 0.0185 - reader cost: 1.5900e-04
 85/348 [======>.......................] - ETA: 4s - batch_cost: 0.0187 - reader cost: 1.6180e-04
 88/348 [======>.......................] - ETA: 4s - batch_cost: 0.0187 - reader cost: 1.5628e-04
 91/348 [======>.......................] - ETA: 4s - batch_cost: 0.0188 - reader cost: 1.5113e-04
 94/348 [=======>......................] - ETA: 4s - batch_cost: 0.0187 - reader cost: 1.4631e-04
 97/348 [=======>......................] - ETA: 4s - batch_cost: 0.0188 - reader cost: 1.4178e-04
100/348 [=======>......................] - ETA: 4s - batch_cost: 0.0188 - reader cost: 1.3753e-04
103/348 [=======>......................] - ETA: 4s - batch_cost: 0.0187 - reader cost: 1.3352e-04
106/348 [========>.....................] - ETA: 4s - batch_cost: 0.0187 - reader cost: 1.2974e-04
109/348 [========>.....................] - ETA: 4s - batch_cost: 0.0187 - reader cost: 1.2617e-04
112/348 [========>.....................] - ETA: 4s - batch_cost: 0.0187 - reader cost: 1.2279e-04
115/348 [========>.....................] - ETA: 4s - batch_cost: 0.0186 - reader cost: 1.1959e-04
118/348 [=========>....................] - ETA: 4s - batch_cost: 0.0186 - reader cost: 1.1655e-04
121/348 [=========>....................] - ETA: 4s - batch_cost: 0.0186 - reader cost: 1.1366e-04
124/348 [=========>....................] - ETA: 4s - batch_cost: 0.0186 - reader cost: 1.1091e-04
127/348 [=========>....................] - ETA: 4s - batch_cost: 0.0186 - reader cost: 1.0829e-04
131/348 [==========>...................] - ETA: 4s - batch_cost: 0.0185 - reader cost: 1.0498e-04
134/348 [==========>...................] - ETA: 4s - batch_cost: 0.0185 - reader cost: 1.0263e-04
136/348 [==========>...................] - ETA: 4s - batch_cost: 0.0186 - reader cost: 1.0112e-04
139/348 [==========>...................] - ETA: 3s - batch_cost: 0.0187 - reader cost: 9.8940e-05
142/348 [===========>..................] - ETA: 3s - batch_cost: 0.0187 - reader cost: 9.6850e-05
145/348 [===========>..................] - ETA: 3s - batch_cost: 0.0187 - reader cost: 1.0173e-04
148/348 [===========>..................] - ETA: 3s - batch_cost: 0.0187 - reader cost: 9.9672e-05
150/348 [===========>..................] - ETA: 3s - batch_cost: 0.0188 - reader cost: 9.8343e-05
153/348 [============>.................] - ETA: 3s - batch_cost: 0.0188 - reader cost: 9.6415e-05
156/348 [============>.................] - ETA: 3s - batch_cost: 0.0188 - reader cost: 9.4560e-05
159/348 [============>.................] - ETA: 3s - batch_cost: 0.0188 - reader cost: 9.9067e-05
162/348 [============>.................] - ETA: 3s - batch_cost: 0.0188 - reader cost: 1.0341e-04
165/348 [=============>................] - ETA: 3s - batch_cost: 0.0188 - reader cost: 1.0153e-04
167/348 [=============>................] - ETA: 3s - batch_cost: 0.0189 - reader cost: 1.0031e-04
170/348 [=============>................] - ETA: 3s - batch_cost: 0.0190 - reader cost: 9.8540e-05
173/348 [=============>................] - ETA: 3s - batch_cost: 0.0190 - reader cost: 1.0261e-04
176/348 [==============>...............] - ETA: 3s - batch_cost: 0.0190 - reader cost: 1.0086e-04
180/348 [==============>...............] - ETA: 3s - batch_cost: 0.0189 - reader cost: 9.8619e-05
183/348 [==============>...............] - ETA: 3s - batch_cost: 0.0189 - reader cost: 9.7002e-05
187/348 [===============>..............] - ETA: 3s - batch_cost: 0.0189 - reader cost: 9.4928e-05
191/348 [===============>..............] - ETA: 2s - batch_cost: 0.0188 - reader cost: 9.2940e-05
194/348 [===============>..............] - ETA: 2s - batch_cost: 0.0188 - reader cost: 9.1502e-05
197/348 [===============>..............] - ETA: 2s - batch_cost: 0.0188 - reader cost: 9.5187e-05
200/348 [================>.............] - ETA: 2s - batch_cost: 0.0187 - reader cost: 9.3759e-05
203/348 [================>.............] - ETA: 2s - batch_cost: 0.0187 - reader cost: 9.2374e-05
206/348 [================>.............] - ETA: 2s - batch_cost: 0.0187 - reader cost: 9.5845e-05
209/348 [=================>............] - ETA: 2s - batch_cost: 0.0187 - reader cost: 9.4470e-05
212/348 [=================>............] - ETA: 2s - batch_cost: 0.0187 - reader cost: 9.7813e-05
215/348 [=================>............] - ETA: 2s - batch_cost: 0.0186 - reader cost: 9.6449e-05
218/348 [=================>............] - ETA: 2s - batch_cost: 0.0186 - reader cost: 9.5121e-05
221/348 [==================>...........] - ETA: 2s - batch_cost: 0.0186 - reader cost: 9.8351e-05
224/348 [==================>...........] - ETA: 2s - batch_cost: 0.0186 - reader cost: 1.0152e-04
227/348 [==================>...........] - ETA: 2s - batch_cost: 0.0186 - reader cost: 1.0459e-04
231/348 [==================>...........] - ETA: 2s - batch_cost: 0.0186 - reader cost: 1.0278e-04
235/348 [===================>..........] - ETA: 2s - batch_cost: 0.0186 - reader cost: 1.0103e-04
238/348 [===================>..........] - ETA: 2s - batch_cost: 0.0186 - reader cost: 9.9757e-05
241/348 [===================>..........] - ETA: 2s - batch_cost: 0.0186 - reader cost: 9.8515e-05
244/348 [====================>.........] - ETA: 1s - batch_cost: 0.0186 - reader cost: 9.7304e-05
247/348 [====================>.........] - ETA: 1s - batch_cost: 0.0186 - reader cost: 9.6122e-05
250/348 [====================>.........] - ETA: 1s - batch_cost: 0.0187 - reader cost: 9.4969e-05
253/348 [====================>.........] - ETA: 1s - batch_cost: 0.0187 - reader cost: 9.3843e-05
257/348 [=====================>........] - ETA: 1s - batch_cost: 0.0187 - reader cost: 9.2382e-05
260/348 [=====================>........] - ETA: 1s - batch_cost: 0.0187 - reader cost: 9.1316e-05
263/348 [=====================>........] - ETA: 1s - batch_cost: 0.0187 - reader cost: 9.0275e-05
267/348 [======================>.......] - ETA: 1s - batch_cost: 0.0186 - reader cost: 9.2663e-05
270/348 [======================>.......] - ETA: 1s - batch_cost: 0.0186 - reader cost: 9.1633e-05
273/348 [======================>.......] - ETA: 1s - batch_cost: 0.0186 - reader cost: 9.0626e-05
276/348 [======================>.......] - ETA: 1s - batch_cost: 0.0186 - reader cost: 8.9641e-05
279/348 [=======================>......] - ETA: 1s - batch_cost: 0.0186 - reader cost: 8.8677e-05
282/348 [=======================>......] - ETA: 1s - batch_cost: 0.0186 - reader cost: 8.7734e-05
286/348 [=======================>......] - ETA: 1s - batch_cost: 0.0186 - reader cost: 8.6507e-05
290/348 [========================>.....] - ETA: 1s - batch_cost: 0.0185 - reader cost: 8.5314e-05
293/348 [========================>.....] - ETA: 1s - batch_cost: 0.0185 - reader cost: 8.4440e-05
296/348 [========================>.....] - ETA: 0s - batch_cost: 0.0185 - reader cost: 8.3584e-05
299/348 [========================>.....] - ETA: 0s - batch_cost: 0.0185 - reader cost: 8.2746e-05
302/348 [=========================>....] - ETA: 0s - batch_cost: 0.0186 - reader cost: 8.5234e-05
305/348 [=========================>....] - ETA: 0s - batch_cost: 0.0185 - reader cost: 8.4395e-05
308/348 [=========================>....] - ETA: 0s - batch_cost: 0.0186 - reader cost: 8.6818e-05
311/348 [=========================>....] - ETA: 0s - batch_cost: 0.0186 - reader cost: 8.5980e-05
314/348 [==========================>...] - ETA: 0s - batch_cost: 0.0185 - reader cost: 8.5159e-05
317/348 [==========================>...] - ETA: 0s - batch_cost: 0.0186 - reader cost: 8.4353e-05
320/348 [==========================>...] - ETA: 0s - batch_cost: 0.0186 - reader cost: 8.3562e-05
323/348 [==========================>...] - ETA: 0s - batch_cost: 0.0186 - reader cost: 8.2786e-05
326/348 [===========================>..] - ETA: 0s - batch_cost: 0.0186 - reader cost: 8.2024e-05
329/348 [===========================>..] - ETA: 0s - batch_cost: 0.0186 - reader cost: 8.1276e-05
331/348 [===========================>..] - ETA: 0s - batch_cost: 0.0186 - reader cost: 8.0785e-05
334/348 [===========================>..] - ETA: 0s - batch_cost: 0.0187 - reader cost: 8.0059e-05
336/348 [===========================>..] - ETA: 0s - batch_cost: 0.0188 - reader cost: 7.9583e-05
339/348 [============================>.] - ETA: 0s - batch_cost: 0.0188 - reader cost: 7.8879e-05
342/348 [============================>.] - ETA: 0s - batch_cost: 0.0188 - reader cost: 7.8187e-05
345/348 [============================>.] - ETA: 0s - batch_cost: 0.0188 - reader cost: 8.0419e-05
348/348 [==============================] - 7s 19ms/step - batch_cost: 0.0188 - reader cost: 7.9726e-05

  1/348 [..............................] - ETA: 11s - batch_cost: 0.0330 - reader cost: 0.0075
  4/348 [..............................] - ETA: 7s - batch_cost: 0.0214 - reader cost: 0.0019 
  7/348 [..............................] - ETA: 6s - batch_cost: 0.0193 - reader cost: 0.0011
 10/348 [..............................] - ETA: 6s - batch_cost: 0.0194 - reader cost: 7.5076e-04
 13/348 [>.............................] - ETA: 6s - batch_cost: 0.0194 - reader cost: 5.7750e-04
 16/348 [>.............................] - ETA: 6s - batch_cost: 0.0191 - reader cost: 4.6922e-04
 20/348 [>.............................] - ETA: 6s - batch_cost: 0.0185 - reader cost: 3.7538e-04
 23/348 [>.............................] - ETA: 6s - batch_cost: 0.0183 - reader cost: 3.2642e-04
 26/348 [=>............................] - ETA: 6s - batch_cost: 0.0190 - reader cost: 2.8875e-04
 29/348 [=>............................] - ETA: 6s - batch_cost: 0.0193 - reader cost: 2.9335e-04
 31/348 [=>............................] - ETA: 6s - batch_cost: 0.0197 - reader cost: 2.9274e-04
 34/348 [=>............................] - ETA: 6s - batch_cost: 0.0198 - reader cost: 2.6691e-04
 37/348 [==>...........................] - ETA: 6s - batch_cost: 0.0197 - reader cost: 2.5934e-04
 41/348 [==>...........................] - ETA: 6s - batch_cost: 0.0196 - reader cost: 2.5844e-04
 44/348 [==>...........................] - ETA: 6s - batch_cost: 0.0198 - reader cost: 2.4082e-04
 47/348 [===>..........................] - ETA: 6s - batch_cost: 0.0196 - reader cost: 2.2545e-04
 50/348 [===>..........................] - ETA: 5s - batch_cost: 0.0196 - reader cost: 2.1192e-04
 54/348 [===>..........................] - ETA: 5s - batch_cost: 0.0194 - reader cost: 1.9622e-04
 58/348 [====>.........................] - ETA: 5s - batch_cost: 0.0191 - reader cost: 1.8269e-04
 61/348 [====>.........................] - ETA: 5s - batch_cost: 0.0190 - reader cost: 1.7371e-04
 65/348 [====>.........................] - ETA: 5s - batch_cost: 0.0188 - reader cost: 1.6302e-04
 68/348 [====>.........................] - ETA: 5s - batch_cost: 0.0187 - reader cost: 1.6474e-04
 71/348 [=====>........................] - ETA: 5s - batch_cost: 0.0186 - reader cost: 1.5778e-04
 74/348 [=====>........................] - ETA: 5s - batch_cost: 0.0186 - reader cost: 1.5139e-04
 77/348 [=====>........................] - ETA: 5s - batch_cost: 0.0186 - reader cost: 1.4549e-04
 80/348 [=====>........................] - ETA: 5s - batch_cost: 0.0186 - reader cost: 1.4003e-04
 83/348 [======>.......................] - ETA: 5s - batch_cost: 0.0188 - reader cost: 1.3497e-04
 86/348 [======>.......................] - ETA: 5s - batch_cost: 0.0189 - reader cost: 1.3026e-04
 89/348 [======>.......................] - ETA: 4s - batch_cost: 0.0189 - reader cost: 1.3152e-04
 92/348 [======>.......................] - ETA: 4s - batch_cost: 0.0189 - reader cost: 1.3810e-04
 95/348 [=======>......................] - ETA: 4s - batch_cost: 0.0189 - reader cost: 1.3374e-04
 98/348 [=======>......................] - ETA: 4s - batch_cost: 0.0190 - reader cost: 1.2964e-04
101/348 [=======>......................] - ETA: 4s - batch_cost: 0.0190 - reader cost: 1.3571e-04
104/348 [=======>......................] - ETA: 4s - batch_cost: 0.0189 - reader cost: 1.3179e-04
107/348 [========>.....................] - ETA: 4s - batch_cost: 0.0190 - reader cost: 1.2810e-04
110/348 [========>.....................] - ETA: 4s - batch_cost: 0.0190 - reader cost: 1.2460e-04
113/348 [========>.....................] - ETA: 4s - batch_cost: 0.0190 - reader cost: 1.2129e-04
116/348 [=========>....................] - ETA: 4s - batch_cost: 0.0190 - reader cost: 1.1816e-04
119/348 [=========>....................] - ETA: 4s - batch_cost: 0.0190 - reader cost: 1.1518e-04
122/348 [=========>....................] - ETA: 4s - batch_cost: 0.0190 - reader cost: 1.1235e-04
125/348 [=========>....................] - ETA: 4s - batch_cost: 0.0190 - reader cost: 1.0965e-04
129/348 [==========>...................] - ETA: 4s - batch_cost: 0.0189 - reader cost: 1.0625e-04
133/348 [==========>...................] - ETA: 4s - batch_cost: 0.0188 - reader cost: 1.0305e-04
136/348 [==========>...................] - ETA: 4s - batch_cost: 0.0188 - reader cost: 1.1184e-04
140/348 [===========>..................] - ETA: 3s - batch_cost: 0.0188 - reader cost: 1.0864e-04
143/348 [===========>..................] - ETA: 3s - batch_cost: 0.0188 - reader cost: 1.0636e-04
146/348 [===========>..................] - ETA: 3s - batch_cost: 0.0189 - reader cost: 1.0418e-04
149/348 [===========>..................] - ETA: 3s - batch_cost: 0.0188 - reader cost: 1.0208e-04
152/348 [============>.................] - ETA: 3s - batch_cost: 0.0189 - reader cost: 1.0006e-04
155/348 [============>.................] - ETA: 3s - batch_cost: 0.0189 - reader cost: 9.8127e-05
158/348 [============>.................] - ETA: 3s - batch_cost: 0.0189 - reader cost: 9.6264e-05
161/348 [============>.................] - ETA: 3s - batch_cost: 0.0189 - reader cost: 9.4470e-05
164/348 [=============>................] - ETA: 3s - batch_cost: 0.0189 - reader cost: 9.2742e-05
166/348 [=============>................] - ETA: 3s - batch_cost: 0.0190 - reader cost: 9.1625e-05
169/348 [=============>................] - ETA: 3s - batch_cost: 0.0190 - reader cost: 9.5913e-05
172/348 [=============>................] - ETA: 3s - batch_cost: 0.0190 - reader cost: 9.4240e-05
175/348 [==============>...............] - ETA: 3s - batch_cost: 0.0190 - reader cost: 9.2625e-05
177/348 [==============>...............] - ETA: 3s - batch_cost: 0.0191 - reader cost: 9.1578e-05
180/348 [==============>...............] - ETA: 3s - batch_cost: 0.0190 - reader cost: 9.0052e-05
183/348 [==============>...............] - ETA: 3s - batch_cost: 0.0190 - reader cost: 8.8576e-05
186/348 [===============>..............] - ETA: 3s - batch_cost: 0.0191 - reader cost: 8.7147e-05
189/348 [===============>..............] - ETA: 3s - batch_cost: 0.0192 - reader cost: 8.5764e-05
191/348 [===============>..............] - ETA: 3s - batch_cost: 0.0192 - reader cost: 8.4866e-05
193/348 [===============>..............] - ETA: 3s - batch_cost: 0.0193 - reader cost: 8.9170e-05
196/348 [===============>..............] - ETA: 2s - batch_cost: 0.0193 - reader cost: 8.7805e-05
199/348 [================>.............] - ETA: 2s - batch_cost: 0.0193 - reader cost: 8.6481e-05
203/348 [================>.............] - ETA: 2s - batch_cost: 0.0193 - reader cost: 8.4777e-05
207/348 [================>.............] - ETA: 2s - batch_cost: 0.0192 - reader cost: 8.3139e-05
210/348 [=================>............] - ETA: 2s - batch_cost: 0.0192 - reader cost: 8.1951e-05
213/348 [=================>............] - ETA: 2s - batch_cost: 0.0192 - reader cost: 8.5564e-05
216/348 [=================>............] - ETA: 2s - batch_cost: 0.0192 - reader cost: 8.4376e-05
219/348 [=================>............] - ETA: 2s - batch_cost: 0.0192 - reader cost: 8.3220e-05
222/348 [==================>...........] - ETA: 2s - batch_cost: 0.0192 - reader cost: 8.2095e-05
226/348 [==================>...........] - ETA: 2s - batch_cost: 0.0191 - reader cost: 8.0642e-05
229/348 [==================>...........] - ETA: 2s - batch_cost: 0.0191 - reader cost: 7.9586e-05
233/348 [===================>..........] - ETA: 2s - batch_cost: 0.0190 - reader cost: 7.8220e-05
237/348 [===================>..........] - ETA: 2s - batch_cost: 0.0190 - reader cost: 8.1085e-05
239/348 [===================>..........] - ETA: 2s - batch_cost: 0.0190 - reader cost: 8.0407e-05
242/348 [===================>..........] - ETA: 2s - batch_cost: 0.0190 - reader cost: 8.3540e-05
245/348 [====================>.........] - ETA: 1s - batch_cost: 0.0190 - reader cost: 8.2517e-05
248/348 [====================>.........] - ETA: 1s - batch_cost: 0.0190 - reader cost: 8.1519e-05
251/348 [====================>.........] - ETA: 1s - batch_cost: 0.0190 - reader cost: 8.0545e-05
254/348 [====================>.........] - ETA: 1s - batch_cost: 0.0190 - reader cost: 8.3532e-05
257/348 [=====================>........] - ETA: 1s - batch_cost: 0.0190 - reader cost: 8.2557e-05
261/348 [=====================>........] - ETA: 1s - batch_cost: 0.0190 - reader cost: 8.1292e-05
264/348 [=====================>........] - ETA: 1s - batch_cost: 0.0189 - reader cost: 8.0368e-05
267/348 [======================>.......] - ETA: 1s - batch_cost: 0.0190 - reader cost: 8.3183e-05
270/348 [======================>.......] - ETA: 1s - batch_cost: 0.0190 - reader cost: 8.2259e-05
273/348 [======================>.......] - ETA: 1s - batch_cost: 0.0191 - reader cost: 8.1355e-05
276/348 [======================>.......] - ETA: 1s - batch_cost: 0.0191 - reader cost: 8.0471e-05
279/348 [=======================>......] - ETA: 1s - batch_cost: 0.0191 - reader cost: 7.9605e-05
282/348 [=======================>......] - ETA: 1s - batch_cost: 0.0191 - reader cost: 7.8758e-05
285/348 [=======================>......] - ETA: 1s - batch_cost: 0.0191 - reader cost: 7.7929e-05
288/348 [=======================>......] - ETA: 1s - batch_cost: 0.0191 - reader cost: 7.7118e-05
291/348 [========================>.....] - ETA: 1s - batch_cost: 0.0191 - reader cost: 7.6323e-05
295/348 [========================>.....] - ETA: 1s - batch_cost: 0.0190 - reader cost: 7.5288e-05
298/348 [========================>.....] - ETA: 0s - batch_cost: 0.0190 - reader cost: 7.4530e-05
301/348 [========================>.....] - ETA: 0s - batch_cost: 0.0190 - reader cost: 7.3787e-05
304/348 [=========================>....] - ETA: 0s - batch_cost: 0.0190 - reader cost: 7.6348e-05
307/348 [=========================>....] - ETA: 0s - batch_cost: 0.0190 - reader cost: 7.5602e-05
310/348 [=========================>....] - ETA: 0s - batch_cost: 0.0190 - reader cost: 7.4870e-05
313/348 [=========================>....] - ETA: 0s - batch_cost: 0.0190 - reader cost: 7.4153e-05
316/348 [==========================>...] - ETA: 0s - batch_cost: 0.0190 - reader cost: 7.3449e-05
319/348 [==========================>...] - ETA: 0s - batch_cost: 0.0191 - reader cost: 7.2758e-05
322/348 [==========================>...] - ETA: 0s - batch_cost: 0.0191 - reader cost: 7.2080e-05
325/348 [===========================>..] - ETA: 0s - batch_cost: 0.0191 - reader cost: 7.1415e-05
328/348 [===========================>..] - ETA: 0s - batch_cost: 0.0191 - reader cost: 7.5342e-05
331/348 [===========================>..] - ETA: 0s - batch_cost: 0.0191 - reader cost: 7.7678e-05
334/348 [===========================>..] - ETA: 0s - batch_cost: 0.0191 - reader cost: 8.0006e-05
338/348 [============================>.] - ETA: 0s - batch_cost: 0.0191 - reader cost: 7.9059e-05
340/348 [============================>.] - ETA: 0s - batch_cost: 0.0192 - reader cost: 7.8594e-05
342/348 [============================>.] - ETA: 0s - batch_cost: 0.0192 - reader cost: 7.8134e-05
345/348 [============================>.] - ETA: 0s - batch_cost: 0.0192 - reader cost: 7.7455e-05
348/348 [==============================] - 7s 19ms/step - batch_cost: 0.0192 - reader cost: 8.1731e-05

  1/348 [..............................] - ETA: 13s - batch_cost: 0.0397 - reader cost: 0.0112
  4/348 [..............................] - ETA: 9s - batch_cost: 0.0269 - reader cost: 0.0028 
  7/348 [..............................] - ETA: 7s - batch_cost: 0.0227 - reader cost: 0.0016
 10/348 [..............................] - ETA: 7s - batch_cost: 0.0213 - reader cost: 0.0011
 13/348 [>.............................] - ETA: 6s - batch_cost: 0.0206 - reader cost: 9.3948e-04
 16/348 [>.............................] - ETA: 6s - batch_cost: 0.0207 - reader cost: 7.6333e-04
 19/348 [>.............................] - ETA: 6s - batch_cost: 0.0204 - reader cost: 6.4280e-04
 23/348 [>.............................] - ETA: 6s - batch_cost: 0.0196 - reader cost: 5.3101e-04
 26/348 [=>............................] - ETA: 6s - batch_cost: 0.0201 - reader cost: 4.6974e-04
 29/348 [=>............................] - ETA: 6s - batch_cost: 0.0202 - reader cost: 4.2115e-04
 33/348 [=>............................] - ETA: 6s - batch_cost: 0.0200 - reader cost: 4.3069e-04
 36/348 [==>...........................] - ETA: 6s - batch_cost: 0.0199 - reader cost: 3.9479e-04
 39/348 [==>...........................] - ETA: 6s - batch_cost: 0.0199 - reader cost: 3.6443e-04
 42/348 [==>...........................] - ETA: 6s - batch_cost: 0.0199 - reader cost: 3.6228e-04
 45/348 [==>...........................] - ETA: 6s - batch_cost: 0.0198 - reader cost: 3.3813e-04
 48/348 [===>..........................] - ETA: 6s - batch_cost: 0.0199 - reader cost: 3.1700e-04
 51/348 [===>..........................] - ETA: 5s - batch_cost: 0.0198 - reader cost: 2.9835e-04
 54/348 [===>..........................] - ETA: 5s - batch_cost: 0.0197 - reader cost: 2.8178e-04
 57/348 [===>..........................] - ETA: 5s - batch_cost: 0.0198 - reader cost: 2.6695e-04
 60/348 [====>.........................] - ETA: 5s - batch_cost: 0.0198 - reader cost: 2.5360e-04
 63/348 [====>.........................] - ETA: 5s - batch_cost: 0.0198 - reader cost: 2.4152e-04
 66/348 [====>.........................] - ETA: 5s - batch_cost: 0.0197 - reader cost: 2.3054e-04
 69/348 [====>.........................] - ETA: 5s - batch_cost: 0.0197 - reader cost: 2.2052e-04
 72/348 [=====>........................] - ETA: 5s - batch_cost: 0.0195 - reader cost: 2.1133e-04
 75/348 [=====>........................] - ETA: 5s - batch_cost: 0.0195 - reader cost: 2.0288e-04
 78/348 [=====>........................] - ETA: 5s - batch_cost: 0.0195 - reader cost: 1.9508e-04
 81/348 [=====>........................] - ETA: 5s - batch_cost: 0.0195 - reader cost: 1.8785e-04
 84/348 [======>.......................] - ETA: 5s - batch_cost: 0.0196 - reader cost: 1.8114e-04
 87/348 [======>.......................] - ETA: 5s - batch_cost: 0.0197 - reader cost: 1.7490e-04
 90/348 [======>.......................] - ETA: 5s - batch_cost: 0.0196 - reader cost: 1.8018e-04
 93/348 [=======>......................] - ETA: 5s - batch_cost: 0.0195 - reader cost: 1.7437e-04
 97/348 [=======>......................] - ETA: 4s - batch_cost: 0.0194 - reader cost: 1.6718e-04
100/348 [=======>......................] - ETA: 4s - batch_cost: 0.0194 - reader cost: 1.6216e-04
103/348 [=======>......................] - ETA: 4s - batch_cost: 0.0194 - reader cost: 1.5744e-04
106/348 [========>.....................] - ETA: 4s - batch_cost: 0.0193 - reader cost: 1.5298e-04
109/348 [========>.....................] - ETA: 4s - batch_cost: 0.0193 - reader cost: 1.5797e-04
112/348 [========>.....................] - ETA: 4s - batch_cost: 0.0193 - reader cost: 1.5374e-04
115/348 [========>.....................] - ETA: 4s - batch_cost: 0.0192 - reader cost: 1.4972e-04
118/348 [=========>....................] - ETA: 4s - batch_cost: 0.0192 - reader cost: 1.4592e-04
122/348 [=========>....................] - ETA: 4s - batch_cost: 0.0191 - reader cost: 1.4113e-04
126/348 [=========>....................] - ETA: 4s - batch_cost: 0.0190 - reader cost: 1.3665e-04
129/348 [==========>...................] - ETA: 4s - batch_cost: 0.0190 - reader cost: 1.3348e-04
132/348 [==========>...................] - ETA: 4s - batch_cost: 0.0189 - reader cost: 1.3044e-04
135/348 [==========>...................] - ETA: 4s - batch_cost: 0.0189 - reader cost: 1.2754e-04
138/348 [==========>...................] - ETA: 4s - batch_cost: 0.0189 - reader cost: 1.2477e-04
141/348 [===========>..................] - ETA: 3s - batch_cost: 0.0189 - reader cost: 1.2212e-04
145/348 [===========>..................] - ETA: 3s - batch_cost: 0.0188 - reader cost: 1.1875e-04
148/348 [===========>..................] - ETA: 3s - batch_cost: 0.0188 - reader cost: 1.1634e-04
151/348 [============>.................] - ETA: 3s - batch_cost: 0.0188 - reader cost: 1.1403e-04
154/348 [============>.................] - ETA: 3s - batch_cost: 0.0187 - reader cost: 1.1830e-04
158/348 [============>.................] - ETA: 3s - batch_cost: 0.0187 - reader cost: 1.1531e-04
162/348 [============>.................] - ETA: 3s - batch_cost: 0.0186 - reader cost: 1.1246e-04
165/348 [=============>................] - ETA: 3s - batch_cost: 0.0186 - reader cost: 1.1042e-04
168/348 [=============>................] - ETA: 3s - batch_cost: 0.0187 - reader cost: 1.0844e-04
170/348 [=============>................] - ETA: 3s - batch_cost: 0.0188 - reader cost: 1.0717e-04
172/348 [=============>................] - ETA: 3s - batch_cost: 0.0189 - reader cost: 1.0592e-04
175/348 [==============>...............] - ETA: 3s - batch_cost: 0.0189 - reader cost: 1.0411e-04
178/348 [==============>...............] - ETA: 3s - batch_cost: 0.0189 - reader cost: 1.0235e-04
181/348 [==============>...............] - ETA: 3s - batch_cost: 0.0189 - reader cost: 1.0066e-04
184/348 [==============>...............] - ETA: 3s - batch_cost: 0.0189 - reader cost: 9.9015e-05
187/348 [===============>..............] - ETA: 3s - batch_cost: 0.0189 - reader cost: 9.7427e-05
190/348 [===============>..............] - ETA: 3s - batch_cost: 0.0189 - reader cost: 9.5888e-05
194/348 [===============>..............] - ETA: 2s - batch_cost: 0.0188 - reader cost: 9.9065e-05
197/348 [===============>..............] - ETA: 2s - batch_cost: 0.0189 - reader cost: 9.7557e-05
200/348 [================>.............] - ETA: 2s - batch_cost: 0.0189 - reader cost: 9.6093e-05
203/348 [================>.............] - ETA: 2s - batch_cost: 0.0190 - reader cost: 9.4673e-05
206/348 [================>.............] - ETA: 2s - batch_cost: 0.0190 - reader cost: 9.3295e-05
209/348 [=================>............] - ETA: 2s - batch_cost: 0.0190 - reader cost: 9.1955e-05
211/348 [=================>............] - ETA: 2s - batch_cost: 0.0190 - reader cost: 9.1084e-05
213/348 [=================>............] - ETA: 2s - batch_cost: 0.0191 - reader cost: 9.0229e-05
215/348 [=================>............] - ETA: 2s - batch_cost: 0.0192 - reader cost: 8.9389e-05
219/348 [=================>............] - ETA: 2s - batch_cost: 0.0191 - reader cost: 8.7757e-05
222/348 [==================>...........] - ETA: 2s - batch_cost: 0.0191 - reader cost: 8.6571e-05
225/348 [==================>...........] - ETA: 2s - batch_cost: 0.0192 - reader cost: 8.5416e-05
228/348 [==================>...........] - ETA: 2s - batch_cost: 0.0191 - reader cost: 8.4292e-05
231/348 [==================>...........] - ETA: 2s - batch_cost: 0.0192 - reader cost: 8.3198e-05
234/348 [===================>..........] - ETA: 2s - batch_cost: 0.0192 - reader cost: 8.2131e-05
236/348 [===================>..........] - ETA: 2s - batch_cost: 0.0193 - reader cost: 8.1435e-05
238/348 [===================>..........] - ETA: 2s - batch_cost: 0.0194 - reader cost: 8.0751e-05
240/348 [===================>..........] - ETA: 2s - batch_cost: 0.0194 - reader cost: 8.0078e-05
242/348 [===================>..........] - ETA: 2s - batch_cost: 0.0195 - reader cost: 8.3550e-05
244/348 [====================>.........] - ETA: 2s - batch_cost: 0.0196 - reader cost: 8.2865e-05
246/348 [====================>.........] - ETA: 2s - batch_cost: 0.0197 - reader cost: 8.2191e-05
248/348 [====================>.........] - ETA: 1s - batch_cost: 0.0197 - reader cost: 8.1529e-05
250/348 [====================>.........] - ETA: 1s - batch_cost: 0.0198 - reader cost: 8.0876e-05
252/348 [====================>.........] - ETA: 1s - batch_cost: 0.0199 - reader cost: 8.0234e-05
254/348 [====================>.........] - ETA: 1s - batch_cost: 0.0199 - reader cost: 7.9603e-05
257/348 [=====================>........] - ETA: 1s - batch_cost: 0.0200 - reader cost: 7.8673e-05
259/348 [=====================>........] - ETA: 1s - batch_cost: 0.0200 - reader cost: 7.8066e-05
262/348 [=====================>........] - ETA: 1s - batch_cost: 0.0200 - reader cost: 8.0988e-05
264/348 [=====================>........] - ETA: 1s - batch_cost: 0.0201 - reader cost: 8.0374e-05
266/348 [=====================>........] - ETA: 1s - batch_cost: 0.0202 - reader cost: 7.9770e-05
269/348 [======================>.......] - ETA: 1s - batch_cost: 0.0202 - reader cost: 7.8880e-05
271/348 [======================>.......] - ETA: 1s - batch_cost: 0.0203 - reader cost: 7.8298e-05
274/348 [======================>.......] - ETA: 1s - batch_cost: 0.0202 - reader cost: 7.7441e-05
277/348 [======================>.......] - ETA: 1s - batch_cost: 0.0203 - reader cost: 7.6602e-05
280/348 [=======================>......] - ETA: 1s - batch_cost: 0.0203 - reader cost: 7.5781e-05
283/348 [=======================>......] - ETA: 1s - batch_cost: 0.0203 - reader cost: 7.4978e-05
285/348 [=======================>......] - ETA: 1s - batch_cost: 0.0203 - reader cost: 7.4452e-05
288/348 [=======================>......] - ETA: 1s - batch_cost: 0.0203 - reader cost: 7.7145e-05
291/348 [========================>.....] - ETA: 1s - batch_cost: 0.0204 - reader cost: 7.9783e-05
294/348 [========================>.....] - ETA: 1s - batch_cost: 0.0204 - reader cost: 7.8968e-05
297/348 [========================>.....] - ETA: 1s - batch_cost: 0.0204 - reader cost: 7.8171e-05
300/348 [========================>.....] - ETA: 0s - batch_cost: 0.0204 - reader cost: 7.7389e-05
302/348 [=========================>....] - ETA: 0s - batch_cost: 0.0205 - reader cost: 7.6877e-05
305/348 [=========================>....] - ETA: 0s - batch_cost: 0.0204 - reader cost: 7.6120e-05
308/348 [=========================>....] - ETA: 0s - batch_cost: 0.0204 - reader cost: 7.7020e-05
311/348 [=========================>....] - ETA: 0s - batch_cost: 0.0204 - reader cost: 7.6277e-05
314/348 [==========================>...] - ETA: 0s - batch_cost: 0.0204 - reader cost: 7.5548e-05
317/348 [==========================>...] - ETA: 0s - batch_cost: 0.0204 - reader cost: 7.4833e-05
320/348 [==========================>...] - ETA: 0s - batch_cost: 0.0204 - reader cost: 7.4132e-05
323/348 [==========================>...] - ETA: 0s - batch_cost: 0.0204 - reader cost: 7.3443e-05
327/348 [===========================>..] - ETA: 0s - batch_cost: 0.0204 - reader cost: 7.2545e-05
331/348 [===========================>..] - ETA: 0s - batch_cost: 0.0204 - reader cost: 7.4712e-05
334/348 [===========================>..] - ETA: 0s - batch_cost: 0.0204 - reader cost: 7.4041e-05
337/348 [============================>.] - ETA: 0s - batch_cost: 0.0204 - reader cost: 7.3382e-05
340/348 [============================>.] - ETA: 0s - batch_cost: 0.0204 - reader cost: 7.2734e-05
343/348 [============================>.] - ETA: 0s - batch_cost: 0.0203 - reader cost: 7.2098e-05
345/348 [============================>.] - ETA: 0s - batch_cost: 0.0204 - reader cost: 7.1680e-05
348/348 [==============================] - 7s 21ms/step - batch_cost: 0.0203 - reader cost: 7.1062e-05

  1/348 [..............................] - ETA: 16s - batch_cost: 0.0464 - reader cost: 0.0150
  4/348 [..............................] - ETA: 9s - batch_cost: 0.0273 - reader cost: 0.0038 
  7/348 [..............................] - ETA: 8s - batch_cost: 0.0239 - reader cost: 0.0021
 10/348 [..............................] - ETA: 7s - batch_cost: 0.0228 - reader cost: 0.0015
 13/348 [>.............................] - ETA: 7s - batch_cost: 0.0222 - reader cost: 0.0012
 16/348 [>.............................] - ETA: 7s - batch_cost: 0.0222 - reader cost: 9.3776e-04
 19/348 [>.............................] - ETA: 7s - batch_cost: 0.0223 - reader cost: 7.8969e-04
 22/348 [>.............................] - ETA: 7s - batch_cost: 0.0224 - reader cost: 6.8201e-04
 25/348 [=>............................] - ETA: 7s - batch_cost: 0.0222 - reader cost: 6.0017e-04
 28/348 [=>............................] - ETA: 7s - batch_cost: 0.0219 - reader cost: 5.3586e-04
 30/348 [=>............................] - ETA: 7s - batch_cost: 0.0221 - reader cost: 5.0014e-04
 33/348 [=>............................] - ETA: 7s - batch_cost: 0.0223 - reader cost: 4.8498e-04
 36/348 [==>...........................] - ETA: 6s - batch_cost: 0.0222 - reader cost: 4.4456e-04
 38/348 [==>...........................] - ETA: 6s - batch_cost: 0.0223 - reader cost: 4.2117e-04
 41/348 [==>...........................] - ETA: 6s - batch_cost: 0.0224 - reader cost: 3.9035e-04
 44/348 [==>...........................] - ETA: 6s - batch_cost: 0.0224 - reader cost: 3.6373e-04
 47/348 [===>..........................] - ETA: 6s - batch_cost: 0.0224 - reader cost: 3.4052e-04
 50/348 [===>..........................] - ETA: 6s - batch_cost: 0.0222 - reader cost: 3.2009e-04
 53/348 [===>..........................] - ETA: 6s - batch_cost: 0.0221 - reader cost: 3.0197e-04
 56/348 [===>..........................] - ETA: 6s - batch_cost: 0.0222 - reader cost: 2.8579e-04
 59/348 [====>.........................] - ETA: 6s - batch_cost: 0.0223 - reader cost: 2.7126e-04
 62/348 [====>.........................] - ETA: 6s - batch_cost: 0.0223 - reader cost: 2.5813e-04
 65/348 [====>.........................] - ETA: 6s - batch_cost: 0.0224 - reader cost: 2.4622e-04
 68/348 [====>.........................] - ETA: 6s - batch_cost: 0.0224 - reader cost: 2.3536e-04
 71/348 [=====>........................] - ETA: 6s - batch_cost: 0.0223 - reader cost: 2.2541e-04
 74/348 [=====>........................] - ETA: 6s - batch_cost: 0.0222 - reader cost: 2.1627e-04
 76/348 [=====>........................] - ETA: 6s - batch_cost: 0.0223 - reader cost: 2.1058e-04
 78/348 [=====>........................] - ETA: 6s - batch_cost: 0.0224 - reader cost: 2.1801e-04
 81/348 [=====>........................] - ETA: 6s - batch_cost: 0.0224 - reader cost: 2.2848e-04
 83/348 [======>.......................] - ETA: 6s - batch_cost: 0.0225 - reader cost: 2.2297e-04
 85/348 [======>.......................] - ETA: 5s - batch_cost: 0.0226 - reader cost: 2.1773e-04
 88/348 [======>.......................] - ETA: 5s - batch_cost: 0.0226 - reader cost: 2.1030e-04
 91/348 [======>.......................] - ETA: 5s - batch_cost: 0.0224 - reader cost: 2.0337e-04
 94/348 [=======>......................] - ETA: 5s - batch_cost: 0.0224 - reader cost: 1.9688e-04
 97/348 [=======>......................] - ETA: 5s - batch_cost: 0.0223 - reader cost: 1.9079e-04
 99/348 [=======>......................] - ETA: 5s - batch_cost: 0.0224 - reader cost: 1.8694e-04
102/348 [=======>......................] - ETA: 5s - batch_cost: 0.0223 - reader cost: 1.8144e-04
104/348 [=======>......................] - ETA: 5s - batch_cost: 0.0224 - reader cost: 1.7795e-04
107/348 [========>.....................] - ETA: 5s - batch_cost: 0.0224 - reader cost: 1.7296e-04
110/348 [========>.....................] - ETA: 5s - batch_cost: 0.0223 - reader cost: 1.6824e-04
113/348 [========>.....................] - ETA: 5s - batch_cost: 0.0223 - reader cost: 1.6378e-04
116/348 [=========>....................] - ETA: 5s - batch_cost: 0.0222 - reader cost: 1.5954e-04
119/348 [=========>....................] - ETA: 5s - batch_cost: 0.0222 - reader cost: 1.5552e-04
122/348 [=========>....................] - ETA: 5s - batch_cost: 0.0221 - reader cost: 1.6401e-04
124/348 [=========>....................] - ETA: 5s - batch_cost: 0.0222 - reader cost: 1.6137e-04
127/348 [=========>....................] - ETA: 4s - batch_cost: 0.0222 - reader cost: 1.5756e-04
129/348 [==========>...................] - ETA: 4s - batch_cost: 0.0222 - reader cost: 1.5511e-04
132/348 [==========>...................] - ETA: 4s - batch_cost: 0.0222 - reader cost: 1.5159e-04
135/348 [==========>...................] - ETA: 4s - batch_cost: 0.0222 - reader cost: 1.5563e-04
138/348 [==========>...................] - ETA: 4s - batch_cost: 0.0222 - reader cost: 1.5224e-04
141/348 [===========>..................] - ETA: 4s - batch_cost: 0.0221 - reader cost: 1.4900e-04
144/348 [===========>..................] - ETA: 4s - batch_cost: 0.0221 - reader cost: 1.4590e-04
147/348 [===========>..................] - ETA: 4s - batch_cost: 0.0222 - reader cost: 1.4292e-04
149/348 [===========>..................] - ETA: 4s - batch_cost: 0.0222 - reader cost: 1.4100e-04
152/348 [============>.................] - ETA: 4s - batch_cost: 0.0223 - reader cost: 1.3822e-04
155/348 [============>.................] - ETA: 4s - batch_cost: 0.0222 - reader cost: 1.3555e-04
158/348 [============>.................] - ETA: 4s - batch_cost: 0.0222 - reader cost: 1.3297e-04
161/348 [============>.................] - ETA: 4s - batch_cost: 0.0222 - reader cost: 1.3666e-04
164/348 [=============>................] - ETA: 4s - batch_cost: 0.0222 - reader cost: 1.3416e-04
167/348 [=============>................] - ETA: 4s - batch_cost: 0.0222 - reader cost: 1.3175e-04
170/348 [=============>................] - ETA: 3s - batch_cost: 0.0222 - reader cost: 1.2943e-04
172/348 [=============>................] - ETA: 3s - batch_cost: 0.0222 - reader cost: 1.2792e-04
175/348 [==============>...............] - ETA: 3s - batch_cost: 0.0222 - reader cost: 1.2573e-04
178/348 [==============>...............] - ETA: 3s - batch_cost: 0.0221 - reader cost: 1.2361e-04
181/348 [==============>...............] - ETA: 3s - batch_cost: 0.0221 - reader cost: 1.2156e-04
184/348 [==============>...............] - ETA: 3s - batch_cost: 0.0221 - reader cost: 1.1958e-04
187/348 [===============>..............] - ETA: 3s - batch_cost: 0.0221 - reader cost: 1.1766e-04
190/348 [===============>..............] - ETA: 3s - batch_cost: 0.0221 - reader cost: 1.1580e-04
192/348 [===============>..............] - ETA: 3s - batch_cost: 0.0222 - reader cost: 1.1460e-04
195/348 [===============>..............] - ETA: 3s - batch_cost: 0.0221 - reader cost: 1.1283e-04
198/348 [================>.............] - ETA: 3s - batch_cost: 0.0222 - reader cost: 1.1112e-04
200/348 [================>.............] - ETA: 3s - batch_cost: 0.0222 - reader cost: 1.1001e-04
203/348 [================>.............] - ETA: 3s - batch_cost: 0.0222 - reader cost: 1.0839e-04
206/348 [================>.............] - ETA: 3s - batch_cost: 0.0223 - reader cost: 1.1166e-04
208/348 [================>.............] - ETA: 3s - batch_cost: 0.0223 - reader cost: 1.1059e-04
211/348 [=================>............] - ETA: 3s - batch_cost: 0.0223 - reader cost: 1.0902e-04
214/348 [=================>............] - ETA: 3s - batch_cost: 0.0223 - reader cost: 1.0749e-04
217/348 [=================>............] - ETA: 2s - batch_cost: 0.0223 - reader cost: 1.0600e-04
220/348 [=================>............] - ETA: 2s - batch_cost: 0.0223 - reader cost: 1.0456e-04
223/348 [==================>...........] - ETA: 2s - batch_cost: 0.0222 - reader cost: 1.0315e-04
226/348 [==================>...........] - ETA: 2s - batch_cost: 0.0222 - reader cost: 1.0178e-04
229/348 [==================>...........] - ETA: 2s - batch_cost: 0.0221 - reader cost: 1.0045e-04
232/348 [===================>..........] - ETA: 2s - batch_cost: 0.0222 - reader cost: 9.9149e-05
235/348 [===================>..........] - ETA: 2s - batch_cost: 0.0222 - reader cost: 9.7884e-05
237/348 [===================>..........] - ETA: 2s - batch_cost: 0.0222 - reader cost: 9.7057e-05
240/348 [===================>..........] - ETA: 2s - batch_cost: 0.0222 - reader cost: 9.5844e-05
243/348 [===================>..........] - ETA: 2s - batch_cost: 0.0222 - reader cost: 9.4661e-05
245/348 [====================>.........] - ETA: 2s - batch_cost: 0.0222 - reader cost: 9.3888e-05
248/348 [====================>.........] - ETA: 2s - batch_cost: 0.0222 - reader cost: 9.2753e-05
251/348 [====================>.........] - ETA: 2s - batch_cost: 0.0222 - reader cost: 9.1644e-05
254/348 [====================>.........] - ETA: 2s - batch_cost: 0.0221 - reader cost: 9.4499e-05
257/348 [=====================>........] - ETA: 2s - batch_cost: 0.0222 - reader cost: 9.3396e-05
260/348 [=====================>........] - ETA: 1s - batch_cost: 0.0222 - reader cost: 9.6165e-05
263/348 [=====================>........] - ETA: 1s - batch_cost: 0.0221 - reader cost: 9.5068e-05
266/348 [=====================>........] - ETA: 1s - batch_cost: 0.0222 - reader cost: 9.3996e-05
268/348 [======================>.......] - ETA: 1s - batch_cost: 0.0222 - reader cost: 9.3295e-05
271/348 [======================>.......] - ETA: 1s - batch_cost: 0.0222 - reader cost: 9.2262e-05
274/348 [======================>.......] - ETA: 1s - batch_cost: 0.0221 - reader cost: 9.1252e-05
277/348 [======================>.......] - ETA: 1s - batch_cost: 0.0221 - reader cost: 9.0263e-05
280/348 [=======================>......] - ETA: 1s - batch_cost: 0.0221 - reader cost: 8.9296e-05
282/348 [=======================>......] - ETA: 1s - batch_cost: 0.0221 - reader cost: 8.8663e-05
285/348 [=======================>......] - ETA: 1s - batch_cost: 0.0221 - reader cost: 8.7730e-05
288/348 [=======================>......] - ETA: 1s - batch_cost: 0.0221 - reader cost: 8.6816e-05
291/348 [========================>.....] - ETA: 1s - batch_cost: 0.0221 - reader cost: 8.7670e-05
294/348 [========================>.....] - ETA: 1s - batch_cost: 0.0221 - reader cost: 8.6775e-05
297/348 [========================>.....] - ETA: 1s - batch_cost: 0.0220 - reader cost: 8.5899e-05
300/348 [========================>.....] - ETA: 1s - batch_cost: 0.0220 - reader cost: 8.6736e-05
303/348 [=========================>....] - ETA: 1s - batch_cost: 0.0220 - reader cost: 8.5877e-05
306/348 [=========================>....] - ETA: 0s - batch_cost: 0.0220 - reader cost: 8.5035e-05
309/348 [=========================>....] - ETA: 0s - batch_cost: 0.0221 - reader cost: 8.4210e-05
312/348 [=========================>....] - ETA: 0s - batch_cost: 0.0221 - reader cost: 8.3400e-05
315/348 [==========================>...] - ETA: 0s - batch_cost: 0.0221 - reader cost: 8.2606e-05
318/348 [==========================>...] - ETA: 0s - batch_cost: 0.0221 - reader cost: 8.1826e-05
321/348 [==========================>...] - ETA: 0s - batch_cost: 0.0221 - reader cost: 8.1062e-05
324/348 [==========================>...] - ETA: 0s - batch_cost: 0.0220 - reader cost: 8.0311e-05
327/348 [===========================>..] - ETA: 0s - batch_cost: 0.0220 - reader cost: 7.9574e-05
330/348 [===========================>..] - ETA: 0s - batch_cost: 0.0220 - reader cost: 7.8851e-05
332/348 [===========================>..] - ETA: 0s - batch_cost: 0.0221 - reader cost: 7.8376e-05
334/348 [===========================>..] - ETA: 0s - batch_cost: 0.0221 - reader cost: 7.7906e-05
336/348 [===========================>..] - ETA: 0s - batch_cost: 0.0221 - reader cost: 7.7443e-05
339/348 [============================>.] - ETA: 0s - batch_cost: 0.0221 - reader cost: 8.1588e-05
342/348 [============================>.] - ETA: 0s - batch_cost: 0.0221 - reader cost: 8.0872e-05
345/348 [============================>.] - ETA: 0s - batch_cost: 0.0221 - reader cost: 8.0169e-05
348/348 [==============================] - 8s 22ms/step - batch_cost: 0.0221 - reader cost: 7.9478e-05

  1/348 [..............................] - ETA: 13s - batch_cost: 0.0399 - reader cost: 0.0091
  4/348 [..............................] - ETA: 8s - batch_cost: 0.0253 - reader cost: 0.0023 
  7/348 [..............................] - ETA: 8s - batch_cost: 0.0238 - reader cost: 0.0013
 10/348 [..............................] - ETA: 7s - batch_cost: 0.0228 - reader cost: 9.6097e-04
 13/348 [>.............................] - ETA: 7s - batch_cost: 0.0224 - reader cost: 7.3921e-04
 16/348 [>.............................] - ETA: 7s - batch_cost: 0.0224 - reader cost: 6.0061e-04
 19/348 [>.............................] - ETA: 7s - batch_cost: 0.0225 - reader cost: 5.5856e-04
 22/348 [>.............................] - ETA: 7s - batch_cost: 0.0225 - reader cost: 5.2792e-04
 24/348 [=>............................] - ETA: 7s - batch_cost: 0.0228 - reader cost: 4.8393e-04
 27/348 [=>............................] - ETA: 7s - batch_cost: 0.0222 - reader cost: 4.3016e-04
 29/348 [=>............................] - ETA: 7s - batch_cost: 0.0224 - reader cost: 4.0049e-04
 32/348 [=>............................] - ETA: 7s - batch_cost: 0.0223 - reader cost: 3.6295e-04
 35/348 [==>...........................] - ETA: 7s - batch_cost: 0.0227 - reader cost: 3.3184e-04
 37/348 [==>...........................] - ETA: 7s - batch_cost: 0.0229 - reader cost: 3.4093e-04
 40/348 [==>...........................] - ETA: 7s - batch_cost: 0.0231 - reader cost: 3.4035e-04
 42/348 [==>...........................] - ETA: 7s - batch_cost: 0.0233 - reader cost: 3.2414e-04
 44/348 [==>...........................] - ETA: 7s - batch_cost: 0.0234 - reader cost: 3.0941e-04
 47/348 [===>..........................] - ETA: 7s - batch_cost: 0.0232 - reader cost: 2.8966e-04
 50/348 [===>..........................] - ETA: 6s - batch_cost: 0.0230 - reader cost: 2.7228e-04
 53/348 [===>..........................] - ETA: 6s - batch_cost: 0.0231 - reader cost: 2.5687e-04
 55/348 [===>..........................] - ETA: 6s - batch_cost: 0.0233 - reader cost: 2.6575e-04
 58/348 [====>.........................] - ETA: 6s - batch_cost: 0.0233 - reader cost: 2.5201e-04
 60/348 [====>.........................] - ETA: 6s - batch_cost: 0.0234 - reader cost: 2.4361e-04
 63/348 [====>.........................] - ETA: 6s - batch_cost: 0.0233 - reader cost: 2.3201e-04
 66/348 [====>.........................] - ETA: 6s - batch_cost: 0.0232 - reader cost: 2.2146e-04
 69/348 [====>.........................] - ETA: 6s - batch_cost: 0.0232 - reader cost: 2.2633e-04
 72/348 [=====>........................] - ETA: 6s - batch_cost: 0.0232 - reader cost: 2.1690e-04
 75/348 [=====>........................] - ETA: 6s - batch_cost: 0.0231 - reader cost: 2.0823e-04
 78/348 [=====>........................] - ETA: 6s - batch_cost: 0.0230 - reader cost: 2.0022e-04
 81/348 [=====>........................] - ETA: 6s - batch_cost: 0.0229 - reader cost: 2.0514e-04
 84/348 [======>.......................] - ETA: 6s - batch_cost: 0.0228 - reader cost: 1.9782e-04
 87/348 [======>.......................] - ETA: 6s - batch_cost: 0.0229 - reader cost: 1.9100e-04
 90/348 [======>.......................] - ETA: 5s - batch_cost: 0.0229 - reader cost: 1.8463e-04
 93/348 [=======>......................] - ETA: 5s - batch_cost: 0.0228 - reader cost: 1.7867e-04
 96/348 [=======>......................] - ETA: 5s - batch_cost: 0.0227 - reader cost: 1.7309e-04
 99/348 [=======>......................] - ETA: 5s - batch_cost: 0.0227 - reader cost: 1.6784e-04
101/348 [=======>......................] - ETA: 5s - batch_cost: 0.0228 - reader cost: 1.6452e-04
104/348 [=======>......................] - ETA: 5s - batch_cost: 0.0228 - reader cost: 1.5977e-04
107/348 [========>.....................] - ETA: 5s - batch_cost: 0.0228 - reader cost: 1.5530e-04
110/348 [========>.....................] - ETA: 5s - batch_cost: 0.0228 - reader cost: 1.5106e-04
113/348 [========>.....................] - ETA: 5s - batch_cost: 0.0228 - reader cost: 1.4705e-04
116/348 [=========>....................] - ETA: 5s - batch_cost: 0.0227 - reader cost: 1.4325e-04
119/348 [=========>....................] - ETA: 5s - batch_cost: 0.0226 - reader cost: 1.3964e-04
122/348 [=========>....................] - ETA: 5s - batch_cost: 0.0227 - reader cost: 1.3620e-04
125/348 [=========>....................] - ETA: 5s - batch_cost: 0.0226 - reader cost: 1.4087e-04
128/348 [==========>...................] - ETA: 5s - batch_cost: 0.0226 - reader cost: 1.3757e-04
131/348 [==========>...................] - ETA: 4s - batch_cost: 0.0226 - reader cost: 1.3442e-04
134/348 [==========>...................] - ETA: 4s - batch_cost: 0.0226 - reader cost: 1.4142e-04
137/348 [==========>...................] - ETA: 4s - batch_cost: 0.0226 - reader cost: 1.3832e-04
140/348 [===========>..................] - ETA: 4s - batch_cost: 0.0225 - reader cost: 1.3536e-04
143/348 [===========>..................] - ETA: 4s - batch_cost: 0.0225 - reader cost: 1.3252e-04
146/348 [===========>..................] - ETA: 4s - batch_cost: 0.0225 - reader cost: 1.2980e-04
148/348 [===========>..................] - ETA: 4s - batch_cost: 0.0225 - reader cost: 1.2804e-04
151/348 [============>.................] - ETA: 4s - batch_cost: 0.0225 - reader cost: 1.2550e-04
154/348 [============>.................] - ETA: 4s - batch_cost: 0.0224 - reader cost: 1.2305e-04
156/348 [============>.................] - ETA: 4s - batch_cost: 0.0225 - reader cost: 1.2148e-04
159/348 [============>.................] - ETA: 4s - batch_cost: 0.0224 - reader cost: 1.2548e-04
162/348 [============>.................] - ETA: 4s - batch_cost: 0.0224 - reader cost: 1.2315e-04
165/348 [=============>................] - ETA: 4s - batch_cost: 0.0224 - reader cost: 1.2091e-04
167/348 [=============>................] - ETA: 4s - batch_cost: 0.0225 - reader cost: 1.1947e-04
169/348 [=============>................] - ETA: 4s - batch_cost: 0.0225 - reader cost: 1.1805e-04
172/348 [=============>................] - ETA: 4s - batch_cost: 0.0226 - reader cost: 1.1599e-04
175/348 [==============>...............] - ETA: 3s - batch_cost: 0.0226 - reader cost: 1.1400e-04
177/348 [==============>...............] - ETA: 3s - batch_cost: 0.0226 - reader cost: 1.1272e-04
180/348 [==============>...............] - ETA: 3s - batch_cost: 0.0226 - reader cost: 1.1084e-04
183/348 [==============>...............] - ETA: 3s - batch_cost: 0.0225 - reader cost: 1.0902e-04
186/348 [===============>..............] - ETA: 3s - batch_cost: 0.0225 - reader cost: 1.0726e-04
189/348 [===============>..............] - ETA: 3s - batch_cost: 0.0225 - reader cost: 1.0556e-04
191/348 [===============>..............] - ETA: 3s - batch_cost: 0.0225 - reader cost: 1.0445e-04
193/348 [===============>..............] - ETA: 3s - batch_cost: 0.0226 - reader cost: 1.1115e-04
196/348 [===============>..............] - ETA: 3s - batch_cost: 0.0225 - reader cost: 1.0945e-04
199/348 [================>.............] - ETA: 3s - batch_cost: 0.0225 - reader cost: 1.0780e-04
202/348 [================>.............] - ETA: 3s - batch_cost: 0.0225 - reader cost: 1.0620e-04
204/348 [================>.............] - ETA: 3s - batch_cost: 0.0226 - reader cost: 1.0516e-04
206/348 [================>.............] - ETA: 3s - batch_cost: 0.0226 - reader cost: 1.0414e-04
209/348 [=================>............] - ETA: 3s - batch_cost: 0.0226 - reader cost: 1.0265e-04
212/348 [=================>............] - ETA: 3s - batch_cost: 0.0226 - reader cost: 1.0119e-04
215/348 [=================>............] - ETA: 3s - batch_cost: 0.0226 - reader cost: 9.9781e-05
218/348 [=================>............] - ETA: 2s - batch_cost: 0.0226 - reader cost: 9.8408e-05
220/348 [=================>............] - ETA: 2s - batch_cost: 0.0226 - reader cost: 1.0434e-04
222/348 [==================>...........] - ETA: 2s - batch_cost: 0.0227 - reader cost: 1.0340e-04
225/348 [==================>...........] - ETA: 2s - batch_cost: 0.0226 - reader cost: 1.0203e-04
228/348 [==================>...........] - ETA: 2s - batch_cost: 0.0226 - reader cost: 1.0506e-04
231/348 [==================>...........] - ETA: 2s - batch_cost: 0.0226 - reader cost: 1.0370e-04
234/348 [===================>..........] - ETA: 2s - batch_cost: 0.0226 - reader cost: 1.0237e-04
237/348 [===================>..........] - ETA: 2s - batch_cost: 0.0226 - reader cost: 1.0107e-04
239/348 [===================>..........] - ETA: 2s - batch_cost: 0.0226 - reader cost: 1.0023e-04
242/348 [===================>..........] - ETA: 2s - batch_cost: 0.0226 - reader cost: 9.8986e-05
245/348 [====================>.........] - ETA: 2s - batch_cost: 0.0226 - reader cost: 1.0183e-04
248/348 [====================>.........] - ETA: 2s - batch_cost: 0.0225 - reader cost: 1.0059e-04
251/348 [====================>.........] - ETA: 2s - batch_cost: 0.0225 - reader cost: 9.9391e-05
254/348 [====================>.........] - ETA: 2s - batch_cost: 0.0225 - reader cost: 9.8217e-05
257/348 [=====================>........] - ETA: 2s - batch_cost: 0.0224 - reader cost: 9.7071e-05
260/348 [=====================>........] - ETA: 1s - batch_cost: 0.0224 - reader cost: 9.5951e-05
262/348 [=====================>........] - ETA: 1s - batch_cost: 0.0225 - reader cost: 9.5218e-05
265/348 [=====================>........] - ETA: 1s - batch_cost: 0.0224 - reader cost: 9.4140e-05
268/348 [======================>.......] - ETA: 1s - batch_cost: 0.0224 - reader cost: 9.3086e-05
271/348 [======================>.......] - ETA: 1s - batch_cost: 0.0224 - reader cost: 9.2056e-05
274/348 [======================>.......] - ETA: 1s - batch_cost: 0.0224 - reader cost: 9.1048e-05
277/348 [======================>.......] - ETA: 1s - batch_cost: 0.0224 - reader cost: 9.0062e-05
280/348 [=======================>......] - ETA: 1s - batch_cost: 0.0224 - reader cost: 8.9097e-05
282/348 [=======================>......] - ETA: 1s - batch_cost: 0.0224 - reader cost: 8.8465e-05
284/348 [=======================>......] - ETA: 1s - batch_cost: 0.0225 - reader cost: 8.7842e-05
287/348 [=======================>......] - ETA: 1s - batch_cost: 0.0224 - reader cost: 8.6924e-05
290/348 [========================>.....] - ETA: 1s - batch_cost: 0.0224 - reader cost: 8.6025e-05
293/348 [========================>.....] - ETA: 1s - batch_cost: 0.0223 - reader cost: 8.6858e-05
296/348 [========================>.....] - ETA: 1s - batch_cost: 0.0224 - reader cost: 8.5978e-05
299/348 [========================>.....] - ETA: 1s - batch_cost: 0.0223 - reader cost: 8.5115e-05
302/348 [=========================>....] - ETA: 1s - batch_cost: 0.0223 - reader cost: 8.4270e-05
304/348 [=========================>....] - ETA: 0s - batch_cost: 0.0223 - reader cost: 8.3716e-05
307/348 [=========================>....] - ETA: 0s - batch_cost: 0.0223 - reader cost: 8.2897e-05
310/348 [=========================>....] - ETA: 0s - batch_cost: 0.0223 - reader cost: 8.2095e-05
313/348 [=========================>....] - ETA: 0s - batch_cost: 0.0223 - reader cost: 8.1308e-05
316/348 [==========================>...] - ETA: 0s - batch_cost: 0.0223 - reader cost: 8.0536e-05
319/348 [==========================>...] - ETA: 0s - batch_cost: 0.0222 - reader cost: 7.9779e-05
321/348 [==========================>...] - ETA: 0s - batch_cost: 0.0223 - reader cost: 7.9282e-05
324/348 [==========================>...] - ETA: 0s - batch_cost: 0.0223 - reader cost: 7.8548e-05
326/348 [===========================>..] - ETA: 0s - batch_cost: 0.0224 - reader cost: 7.8066e-05
328/348 [===========================>..] - ETA: 0s - batch_cost: 0.0224 - reader cost: 7.7590e-05
330/348 [===========================>..] - ETA: 0s - batch_cost: 0.0225 - reader cost: 7.7120e-05
332/348 [===========================>..] - ETA: 0s - batch_cost: 0.0226 - reader cost: 7.9666e-05
334/348 [===========================>..] - ETA: 0s - batch_cost: 0.0226 - reader cost: 8.2185e-05
336/348 [===========================>..] - ETA: 0s - batch_cost: 0.0227 - reader cost: 8.1696e-05
338/348 [============================>.] - ETA: 0s - batch_cost: 0.0227 - reader cost: 8.1213e-05
340/348 [============================>.] - ETA: 0s - batch_cost: 0.0228 - reader cost: 8.0735e-05
342/348 [============================>.] - ETA: 0s - batch_cost: 0.0228 - reader cost: 8.3186e-05
344/348 [============================>.] - ETA: 0s - batch_cost: 0.0228 - reader cost: 8.2703e-05
346/348 [============================>.] - ETA: 0s - batch_cost: 0.0229 - reader cost: 8.2225e-05
348/348 [==============================] - 8s 23ms/step - batch_cost: 0.0229 - reader cost: 8.4626e-05

  1/348 [..............................] - ETA: 11s - batch_cost: 0.0327 - reader cost: 0.0100
  4/348 [..............................] - ETA: 7s - batch_cost: 0.0225 - reader cost: 0.0025 
  7/348 [..............................] - ETA: 7s - batch_cost: 0.0207 - reader cost: 0.0014
 10/348 [..............................] - ETA: 6s - batch_cost: 0.0198 - reader cost: 0.0010
 13/348 [>.............................] - ETA: 6s - batch_cost: 0.0196 - reader cost: 8.8728e-04
 17/348 [>.............................] - ETA: 6s - batch_cost: 0.0188 - reader cost: 6.7851e-04
 21/348 [>.............................] - ETA: 6s - batch_cost: 0.0182 - reader cost: 5.4927e-04
 24/348 [=>............................] - ETA: 5s - batch_cost: 0.0182 - reader cost: 4.8061e-04
 28/348 [=>............................] - ETA: 5s - batch_cost: 0.0179 - reader cost: 4.1195e-04
 32/348 [=>............................] - ETA: 5s - batch_cost: 0.0176 - reader cost: 3.6046e-04
 35/348 [==>...........................] - ETA: 5s - batch_cost: 0.0176 - reader cost: 3.2956e-04
 39/348 [==>...........................] - ETA: 5s - batch_cost: 0.0174 - reader cost: 2.9576e-04
 43/348 [==>...........................] - ETA: 5s - batch_cost: 0.0173 - reader cost: 2.6825e-04
 47/348 [===>..........................] - ETA: 5s - batch_cost: 0.0172 - reader cost: 2.4542e-04
 51/348 [===>..........................] - ETA: 5s - batch_cost: 0.0171 - reader cost: 2.2617e-04
 54/348 [===>..........................] - ETA: 5s - batch_cost: 0.0172 - reader cost: 2.1361e-04
 58/348 [====>.........................] - ETA: 5s - batch_cost: 0.0171 - reader cost: 1.9887e-04
 61/348 [====>.........................] - ETA: 4s - batch_cost: 0.0171 - reader cost: 1.8909e-04
 65/348 [====>.........................] - ETA: 4s - batch_cost: 0.0170 - reader cost: 1.7746e-04
 69/348 [====>.........................] - ETA: 4s - batch_cost: 0.0169 - reader cost: 1.6717e-04
 73/348 [=====>........................] - ETA: 4s - batch_cost: 0.0169 - reader cost: 1.5801e-04
 76/348 [=====>........................] - ETA: 4s - batch_cost: 0.0169 - reader cost: 1.5177e-04
 80/348 [=====>........................] - ETA: 4s - batch_cost: 0.0169 - reader cost: 1.4418e-04
 83/348 [======>.......................] - ETA: 4s - batch_cost: 0.0169 - reader cost: 1.3897e-04
 86/348 [======>.......................] - ETA: 4s - batch_cost: 0.0171 - reader cost: 1.3412e-04
 89/348 [======>.......................] - ETA: 4s - batch_cost: 0.0171 - reader cost: 1.4075e-04
 92/348 [======>.......................] - ETA: 4s - batch_cost: 0.0171 - reader cost: 1.5790e-04
 96/348 [=======>......................] - ETA: 4s - batch_cost: 0.0171 - reader cost: 1.5132e-04
100/348 [=======>......................] - ETA: 4s - batch_cost: 0.0170 - reader cost: 1.4527e-04
104/348 [=======>......................] - ETA: 4s - batch_cost: 0.0170 - reader cost: 1.3968e-04
107/348 [========>.....................] - ETA: 4s - batch_cost: 0.0170 - reader cost: 1.3576e-04
110/348 [========>.....................] - ETA: 4s - batch_cost: 0.0170 - reader cost: 1.4124e-04
114/348 [========>.....................] - ETA: 4s - batch_cost: 0.0170 - reader cost: 1.3628e-04
118/348 [=========>....................] - ETA: 3s - batch_cost: 0.0170 - reader cost: 1.3166e-04
121/348 [=========>....................] - ETA: 3s - batch_cost: 0.0170 - reader cost: 1.2840e-04
125/348 [=========>....................] - ETA: 3s - batch_cost: 0.0169 - reader cost: 1.2429e-04
129/348 [==========>...................] - ETA: 3s - batch_cost: 0.0170 - reader cost: 1.2812e-04
133/348 [==========>...................] - ETA: 3s - batch_cost: 0.0170 - reader cost: 1.2427e-04
137/348 [==========>...................] - ETA: 3s - batch_cost: 0.0169 - reader cost: 1.3165e-04
140/348 [===========>..................] - ETA: 3s - batch_cost: 0.0169 - reader cost: 1.2883e-04
143/348 [===========>..................] - ETA: 3s - batch_cost: 0.0169 - reader cost: 1.2613e-04
147/348 [===========>..................] - ETA: 3s - batch_cost: 0.0169 - reader cost: 1.2269e-04
150/348 [===========>..................] - ETA: 3s - batch_cost: 0.0169 - reader cost: 1.2024e-04
154/348 [============>.................] - ETA: 3s - batch_cost: 0.0169 - reader cost: 1.1712e-04
158/348 [============>.................] - ETA: 3s - batch_cost: 0.0169 - reader cost: 1.2048e-04
162/348 [============>.................] - ETA: 3s - batch_cost: 0.0168 - reader cost: 1.1751e-04
165/348 [=============>................] - ETA: 3s - batch_cost: 0.0168 - reader cost: 1.1537e-04
168/348 [=============>................] - ETA: 3s - batch_cost: 0.0169 - reader cost: 1.1331e-04
171/348 [=============>................] - ETA: 3s - batch_cost: 0.0169 - reader cost: 1.1132e-04
174/348 [==============>...............] - ETA: 2s - batch_cost: 0.0170 - reader cost: 1.1511e-04
176/348 [==============>...............] - ETA: 2s - batch_cost: 0.0171 - reader cost: 1.1380e-04
179/348 [==============>...............] - ETA: 2s - batch_cost: 0.0171 - reader cost: 1.1189e-04
183/348 [==============>...............] - ETA: 2s - batch_cost: 0.0171 - reader cost: 1.0945e-04
187/348 [===============>..............] - ETA: 2s - batch_cost: 0.0171 - reader cost: 1.0711e-04
191/348 [===============>..............] - ETA: 2s - batch_cost: 0.0171 - reader cost: 1.0486e-04
194/348 [===============>..............] - ETA: 2s - batch_cost: 0.0171 - reader cost: 1.0324e-04
197/348 [===============>..............] - ETA: 2s - batch_cost: 0.0172 - reader cost: 1.0679e-04
200/348 [================>.............] - ETA: 2s - batch_cost: 0.0172 - reader cost: 1.0519e-04
203/348 [================>.............] - ETA: 2s - batch_cost: 0.0173 - reader cost: 1.0855e-04
206/348 [================>.............] - ETA: 2s - batch_cost: 0.0174 - reader cost: 1.0697e-04
209/348 [=================>............] - ETA: 2s - batch_cost: 0.0174 - reader cost: 1.0543e-04
213/348 [=================>............] - ETA: 2s - batch_cost: 0.0174 - reader cost: 1.0345e-04
217/348 [=================>............] - ETA: 2s - batch_cost: 0.0174 - reader cost: 1.0155e-04
221/348 [==================>...........] - ETA: 2s - batch_cost: 0.0173 - reader cost: 9.9710e-05
225/348 [==================>...........] - ETA: 2s - batch_cost: 0.0173 - reader cost: 9.7937e-05
229/348 [==================>...........] - ETA: 2s - batch_cost: 0.0173 - reader cost: 9.6226e-05
233/348 [===================>..........] - ETA: 2s - batch_cost: 0.0173 - reader cost: 9.4574e-05
236/348 [===================>..........] - ETA: 1s - batch_cost: 0.0173 - reader cost: 9.3372e-05
240/348 [===================>..........] - ETA: 1s - batch_cost: 0.0172 - reader cost: 9.3943e-05
243/348 [===================>..........] - ETA: 1s - batch_cost: 0.0172 - reader cost: 9.6938e-05
246/348 [====================>.........] - ETA: 1s - batch_cost: 0.0172 - reader cost: 9.5756e-05
249/348 [====================>.........] - ETA: 1s - batch_cost: 0.0173 - reader cost: 9.4602e-05
252/348 [====================>.........] - ETA: 1s - batch_cost: 0.0173 - reader cost: 9.3476e-05
255/348 [====================>.........] - ETA: 1s - batch_cost: 0.0173 - reader cost: 9.2376e-05
258/348 [=====================>........] - ETA: 1s - batch_cost: 0.0173 - reader cost: 9.1302e-05
261/348 [=====================>........] - ETA: 1s - batch_cost: 0.0173 - reader cost: 9.0253e-05
264/348 [=====================>........] - ETA: 1s - batch_cost: 0.0174 - reader cost: 8.9227e-05
266/348 [=====================>........] - ETA: 1s - batch_cost: 0.0174 - reader cost: 8.8556e-05
269/348 [======================>.......] - ETA: 1s - batch_cost: 0.0174 - reader cost: 8.7569e-05
272/348 [======================>.......] - ETA: 1s - batch_cost: 0.0174 - reader cost: 8.6603e-05
274/348 [======================>.......] - ETA: 1s - batch_cost: 0.0175 - reader cost: 8.5971e-05
277/348 [======================>.......] - ETA: 1s - batch_cost: 0.0175 - reader cost: 8.5040e-05
281/348 [=======================>......] - ETA: 1s - batch_cost: 0.0175 - reader cost: 8.3829e-05
285/348 [=======================>......] - ETA: 1s - batch_cost: 0.0175 - reader cost: 8.2653e-05
289/348 [=======================>......] - ETA: 1s - batch_cost: 0.0175 - reader cost: 8.3560e-05
292/348 [========================>.....] - ETA: 0s - batch_cost: 0.0175 - reader cost: 8.2701e-05
296/348 [========================>.....] - ETA: 0s - batch_cost: 0.0175 - reader cost: 8.4962e-05
299/348 [========================>.....] - ETA: 0s - batch_cost: 0.0175 - reader cost: 8.7456e-05
302/348 [=========================>....] - ETA: 0s - batch_cost: 0.0175 - reader cost: 8.6587e-05
305/348 [=========================>....] - ETA: 0s - batch_cost: 0.0176 - reader cost: 8.5735e-05
307/348 [=========================>....] - ETA: 0s - batch_cost: 0.0176 - reader cost: 8.5177e-05
310/348 [=========================>....] - ETA: 0s - batch_cost: 0.0176 - reader cost: 8.4352e-05
313/348 [=========================>....] - ETA: 0s - batch_cost: 0.0177 - reader cost: 8.3544e-05
316/348 [==========================>...] - ETA: 0s - batch_cost: 0.0177 - reader cost: 8.2751e-05
319/348 [==========================>...] - ETA: 0s - batch_cost: 0.0177 - reader cost: 8.1973e-05
322/348 [==========================>...] - ETA: 0s - batch_cost: 0.0177 - reader cost: 8.1209e-05
324/348 [==========================>...] - ETA: 0s - batch_cost: 0.0178 - reader cost: 8.0708e-05
328/348 [===========================>..] - ETA: 0s - batch_cost: 0.0178 - reader cost: 7.9723e-05
332/348 [===========================>..] - ETA: 0s - batch_cost: 0.0177 - reader cost: 8.3315e-05
335/348 [===========================>..] - ETA: 0s - batch_cost: 0.0177 - reader cost: 8.2569e-05
339/348 [============================>.] - ETA: 0s - batch_cost: 0.0177 - reader cost: 8.1595e-05
342/348 [============================>.] - ETA: 0s - batch_cost: 0.0177 - reader cost: 8.0879e-05
345/348 [============================>.] - ETA: 0s - batch_cost: 0.0177 - reader cost: 8.0176e-05
348/348 [==============================] - 6s 18ms/step - batch_cost: 0.0177 - reader cost: 7.9485e-05

  1/348 [..............................] - ETA: 9s - batch_cost: 0.0269 - reader cost: 0.0074
  4/348 [..............................] - ETA: 8s - batch_cost: 0.0241 - reader cost: 0.0018
  6/348 [..............................] - ETA: 8s - batch_cost: 0.0245 - reader cost: 0.0012
  9/348 [..............................] - ETA: 8s - batch_cost: 0.0245 - reader cost: 9.3208e-04
 12/348 [>.............................] - ETA: 8s - batch_cost: 0.0236 - reader cost: 6.9906e-04
 15/348 [>.............................] - ETA: 7s - batch_cost: 0.0222 - reader cost: 5.5925e-04
 18/348 [>.............................] - ETA: 7s - batch_cost: 0.0220 - reader cost: 5.2162e-04
 21/348 [>.............................] - ETA: 7s - batch_cost: 0.0213 - reader cost: 4.9434e-04
 24/348 [=>............................] - ETA: 6s - batch_cost: 0.0208 - reader cost: 4.3255e-04
 27/348 [=>............................] - ETA: 6s - batch_cost: 0.0209 - reader cost: 3.8449e-04
 29/348 [=>............................] - ETA: 6s - batch_cost: 0.0213 - reader cost: 3.5797e-04
 32/348 [=>............................] - ETA: 6s - batch_cost: 0.0214 - reader cost: 3.2441e-04
 35/348 [==>...........................] - ETA: 6s - batch_cost: 0.0211 - reader cost: 3.1120e-04
 38/348 [==>...........................] - ETA: 6s - batch_cost: 0.0210 - reader cost: 3.1274e-04
 41/348 [==>...........................] - ETA: 6s - batch_cost: 0.0210 - reader cost: 2.8986e-04
 45/348 [==>...........................] - ETA: 6s - batch_cost: 0.0205 - reader cost: 2.6409e-04
 48/348 [===>..........................] - ETA: 6s - batch_cost: 0.0204 - reader cost: 2.4759e-04
 51/348 [===>..........................] - ETA: 6s - batch_cost: 0.0203 - reader cost: 2.3302e-04
 54/348 [===>..........................] - ETA: 6s - batch_cost: 0.0203 - reader cost: 2.2008e-04
 57/348 [===>..........................] - ETA: 5s - batch_cost: 0.0201 - reader cost: 2.0849e-04
 60/348 [====>.........................] - ETA: 5s - batch_cost: 0.0200 - reader cost: 1.9807e-04
 62/348 [====>.........................] - ETA: 5s - batch_cost: 0.0202 - reader cost: 1.9168e-04
 64/348 [====>.........................] - ETA: 5s - batch_cost: 0.0205 - reader cost: 1.8569e-04
 67/348 [====>.........................] - ETA: 5s - batch_cost: 0.0205 - reader cost: 1.7738e-04
 70/348 [=====>........................] - ETA: 5s - batch_cost: 0.0205 - reader cost: 1.6977e-04
 73/348 [=====>........................] - ETA: 5s - batch_cost: 0.0206 - reader cost: 1.6280e-04
 76/348 [=====>........................] - ETA: 5s - batch_cost: 0.0207 - reader cost: 1.5637e-04
 78/348 [=====>........................] - ETA: 5s - batch_cost: 0.0208 - reader cost: 1.5236e-04
 81/348 [=====>........................] - ETA: 5s - batch_cost: 0.0209 - reader cost: 1.4672e-04
 84/348 [======>.......................] - ETA: 5s - batch_cost: 0.0209 - reader cost: 1.4148e-04
 88/348 [======>.......................] - ETA: 5s - batch_cost: 0.0207 - reader cost: 1.3505e-04
 91/348 [======>.......................] - ETA: 5s - batch_cost: 0.0206 - reader cost: 1.3060e-04
 95/348 [=======>......................] - ETA: 5s - batch_cost: 0.0203 - reader cost: 1.2510e-04
 98/348 [=======>......................] - ETA: 5s - batch_cost: 0.0202 - reader cost: 1.2127e-04
102/348 [=======>......................] - ETA: 4s - batch_cost: 0.0201 - reader cost: 1.1651e-04
105/348 [========>.....................] - ETA: 4s - batch_cost: 0.0200 - reader cost: 1.1318e-04
109/348 [========>.....................] - ETA: 4s - batch_cost: 0.0199 - reader cost: 1.0903e-04
113/348 [========>.....................] - ETA: 4s - batch_cost: 0.0197 - reader cost: 1.0517e-04
117/348 [=========>....................] - ETA: 4s - batch_cost: 0.0196 - reader cost: 1.0690e-04
121/348 [=========>....................] - ETA: 4s - batch_cost: 0.0195 - reader cost: 1.0336e-04
124/348 [=========>....................] - ETA: 4s - batch_cost: 0.0194 - reader cost: 1.0086e-04
127/348 [=========>....................] - ETA: 4s - batch_cost: 0.0195 - reader cost: 9.8478e-05
130/348 [==========>...................] - ETA: 4s - batch_cost: 0.0195 - reader cost: 9.6206e-05
134/348 [==========>...................] - ETA: 4s - batch_cost: 0.0193 - reader cost: 9.3334e-05
138/348 [==========>...................] - ETA: 4s - batch_cost: 0.0193 - reader cost: 9.0628e-05
142/348 [===========>..................] - ETA: 3s - batch_cost: 0.0192 - reader cost: 9.8730e-05
146/348 [===========>..................] - ETA: 3s - batch_cost: 0.0191 - reader cost: 9.6026e-05
150/348 [===========>..................] - ETA: 3s - batch_cost: 0.0190 - reader cost: 9.3465e-05
154/348 [============>.................] - ETA: 3s - batch_cost: 0.0189 - reader cost: 9.7600e-05
157/348 [============>.................] - ETA: 3s - batch_cost: 0.0189 - reader cost: 9.5735e-05
161/348 [============>.................] - ETA: 3s - batch_cost: 0.0188 - reader cost: 9.3356e-05
165/348 [=============>................] - ETA: 3s - batch_cost: 0.0188 - reader cost: 9.1093e-05
168/348 [=============>................] - ETA: 3s - batch_cost: 0.0187 - reader cost: 8.9467e-05
171/348 [=============>................] - ETA: 3s - batch_cost: 0.0188 - reader cost: 8.7897e-05
174/348 [==============>...............] - ETA: 3s - batch_cost: 0.0188 - reader cost: 8.6382e-05
177/348 [==============>...............] - ETA: 3s - batch_cost: 0.0188 - reader cost: 8.4917e-05
180/348 [==============>...............] - ETA: 3s - batch_cost: 0.0188 - reader cost: 8.3502e-05
183/348 [==============>...............] - ETA: 3s - batch_cost: 0.0188 - reader cost: 8.2133e-05
186/348 [===============>..............] - ETA: 3s - batch_cost: 0.0188 - reader cost: 8.0809e-05
190/348 [===============>..............] - ETA: 2s - batch_cost: 0.0187 - reader cost: 7.9107e-05
193/348 [===============>..............] - ETA: 2s - batch_cost: 0.0188 - reader cost: 8.3029e-05
196/348 [===============>..............] - ETA: 2s - batch_cost: 0.0188 - reader cost: 8.1758e-05
199/348 [================>.............] - ETA: 2s - batch_cost: 0.0188 - reader cost: 8.0526e-05
203/348 [================>.............] - ETA: 2s - batch_cost: 0.0187 - reader cost: 7.8939e-05
207/348 [================>.............] - ETA: 2s - batch_cost: 0.0187 - reader cost: 7.7413e-05
210/348 [=================>............] - ETA: 2s - batch_cost: 0.0187 - reader cost: 7.9224e-05
214/348 [=================>............] - ETA: 2s - batch_cost: 0.0186 - reader cost: 7.7743e-05
218/348 [=================>............] - ETA: 2s - batch_cost: 0.0186 - reader cost: 8.0905e-05
222/348 [==================>...........] - ETA: 2s - batch_cost: 0.0186 - reader cost: 8.8447e-05
226/348 [==================>...........] - ETA: 2s - batch_cost: 0.0185 - reader cost: 8.6881e-05
230/348 [==================>...........] - ETA: 2s - batch_cost: 0.0184 - reader cost: 8.5370e-05
234/348 [===================>..........] - ETA: 2s - batch_cost: 0.0184 - reader cost: 8.7815e-05
238/348 [===================>..........] - ETA: 2s - batch_cost: 0.0183 - reader cost: 9.0536e-05
242/348 [===================>..........] - ETA: 1s - batch_cost: 0.0183 - reader cost: 8.9039e-05
246/348 [====================>.........] - ETA: 1s - batch_cost: 0.0183 - reader cost: 8.7592e-05
250/348 [====================>.........] - ETA: 1s - batch_cost: 0.0182 - reader cost: 8.6190e-05
254/348 [====================>.........] - ETA: 1s - batch_cost: 0.0182 - reader cost: 8.4833e-05
257/348 [=====================>........] - ETA: 1s - batch_cost: 0.0182 - reader cost: 8.3843e-05
259/348 [=====================>........] - ETA: 1s - batch_cost: 0.0183 - reader cost: 8.7056e-05
262/348 [=====================>........] - ETA: 1s - batch_cost: 0.0183 - reader cost: 8.6059e-05
265/348 [=====================>........] - ETA: 1s - batch_cost: 0.0183 - reader cost: 8.5085e-05
269/348 [======================>.......] - ETA: 1s - batch_cost: 0.0183 - reader cost: 8.3820e-05
272/348 [======================>.......] - ETA: 1s - batch_cost: 0.0184 - reader cost: 8.2895e-05
275/348 [======================>.......] - ETA: 1s - batch_cost: 0.0184 - reader cost: 8.1991e-05
278/348 [======================>.......] - ETA: 1s - batch_cost: 0.0184 - reader cost: 8.1106e-05
282/348 [=======================>......] - ETA: 1s - batch_cost: 0.0183 - reader cost: 7.9956e-05
286/348 [=======================>......] - ETA: 1s - batch_cost: 0.0183 - reader cost: 8.2309e-05
290/348 [========================>.....] - ETA: 1s - batch_cost: 0.0183 - reader cost: 8.1174e-05
294/348 [========================>.....] - ETA: 0s - batch_cost: 0.0182 - reader cost: 8.0070e-05
297/348 [========================>.....] - ETA: 0s - batch_cost: 0.0182 - reader cost: 7.9261e-05
301/348 [========================>.....] - ETA: 0s - batch_cost: 0.0182 - reader cost: 7.8208e-05
305/348 [=========================>....] - ETA: 0s - batch_cost: 0.0182 - reader cost: 7.7182e-05
308/348 [=========================>....] - ETA: 0s - batch_cost: 0.0182 - reader cost: 7.6430e-05
310/348 [=========================>....] - ETA: 0s - batch_cost: 0.0182 - reader cost: 7.5937e-05
313/348 [=========================>....] - ETA: 0s - batch_cost: 0.0183 - reader cost: 7.5209e-05
315/348 [==========================>...] - ETA: 0s - batch_cost: 0.0184 - reader cost: 7.4732e-05
317/348 [==========================>...] - ETA: 0s - batch_cost: 0.0184 - reader cost: 7.4260e-05
319/348 [==========================>...] - ETA: 0s - batch_cost: 0.0184 - reader cost: 7.3795e-05
321/348 [==========================>...] - ETA: 0s - batch_cost: 0.0185 - reader cost: 7.3335e-05
323/348 [==========================>...] - ETA: 0s - batch_cost: 0.0185 - reader cost: 7.2881e-05
325/348 [===========================>..] - ETA: 0s - batch_cost: 0.0186 - reader cost: 7.2432e-05
328/348 [===========================>..] - ETA: 0s - batch_cost: 0.0186 - reader cost: 7.1770e-05
331/348 [===========================>..] - ETA: 0s - batch_cost: 0.0186 - reader cost: 7.1119e-05
334/348 [===========================>..] - ETA: 0s - batch_cost: 0.0186 - reader cost: 7.0481e-05
336/348 [===========================>..] - ETA: 0s - batch_cost: 0.0187 - reader cost: 7.0061e-05
338/348 [============================>.] - ETA: 0s - batch_cost: 0.0188 - reader cost: 6.9646e-05
340/348 [============================>.] - ETA: 0s - batch_cost: 0.0188 - reader cost: 6.9237e-05
343/348 [============================>.] - ETA: 0s - batch_cost: 0.0189 - reader cost: 6.8631e-05
345/348 [============================>.] - ETA: 0s - batch_cost: 0.0189 - reader cost: 6.8233e-05
347/348 [============================>.] - ETA: 0s - batch_cost: 0.0190 - reader cost: 6.7840e-05
348/348 [==============================] - 7s 19ms/step - batch_cost: 0.0189 - reader cost: 6.7645e-05

  1/348 [..............................] - ETA: 11s - batch_cost: 0.0320 - reader cost: 0.0070
  3/348 [..............................] - ETA: 9s - batch_cost: 0.0275 - reader cost: 0.0023 
  5/348 [..............................] - ETA: 9s - batch_cost: 0.0269 - reader cost: 0.0014
  8/348 [..............................] - ETA: 8s - batch_cost: 0.0239 - reader cost: 8.7726e-04
 10/348 [..............................] - ETA: 8s - batch_cost: 0.0245 - reader cost: 7.0181e-04
 12/348 [>.............................] - ETA: 8s - batch_cost: 0.0247 - reader cost: 5.8484e-04
 15/348 [>.............................] - ETA: 8s - batch_cost: 0.0239 - reader cost: 5.0249e-04
 18/348 [>.............................] - ETA: 7s - batch_cost: 0.0231 - reader cost: 4.1874e-04
 21/348 [>.............................] - ETA: 7s - batch_cost: 0.0223 - reader cost: 4.0655e-04
 25/348 [=>............................] - ETA: 6s - batch_cost: 0.0216 - reader cost: 3.6170e-04
 28/348 [=>............................] - ETA: 6s - batch_cost: 0.0213 - reader cost: 3.2295e-04
 31/348 [=>............................] - ETA: 6s - batch_cost: 0.0210 - reader cost: 2.9169e-04
 35/348 [==>...........................] - ETA: 6s - batch_cost: 0.0206 - reader cost: 2.5836e-04
 38/348 [==>...........................] - ETA: 6s - batch_cost: 0.0206 - reader cost: 2.3796e-04
 41/348 [==>...........................] - ETA: 6s - batch_cost: 0.0205 - reader cost: 2.3312e-04
 44/348 [==>...........................] - ETA: 6s - batch_cost: 0.0204 - reader cost: 2.1722e-04
 47/348 [===>..........................] - ETA: 6s - batch_cost: 0.0202 - reader cost: 2.0336e-04
 50/348 [===>..........................] - ETA: 6s - batch_cost: 0.0204 - reader cost: 1.9115e-04
 52/348 [===>..........................] - ETA: 6s - batch_cost: 0.0207 - reader cost: 1.8380e-04
 55/348 [===>..........................] - ETA: 6s - batch_cost: 0.0205 - reader cost: 1.7378e-04
 58/348 [====>.........................] - ETA: 6s - batch_cost: 0.0206 - reader cost: 1.6479e-04
 61/348 [====>.........................] - ETA: 5s - batch_cost: 0.0205 - reader cost: 1.5668e-04
 64/348 [====>.........................] - ETA: 5s - batch_cost: 0.0204 - reader cost: 1.4934e-04
 67/348 [====>.........................] - ETA: 5s - batch_cost: 0.0203 - reader cost: 1.4265e-04
 70/348 [=====>........................] - ETA: 5s - batch_cost: 0.0203 - reader cost: 1.3654e-04
 72/348 [=====>........................] - ETA: 5s - batch_cost: 0.0205 - reader cost: 1.3275e-04
 75/348 [=====>........................] - ETA: 5s - batch_cost: 0.0206 - reader cost: 1.2744e-04
 78/348 [=====>........................] - ETA: 5s - batch_cost: 0.0205 - reader cost: 1.3536e-04
 81/348 [=====>........................] - ETA: 5s - batch_cost: 0.0205 - reader cost: 1.4260e-04
 84/348 [======>.......................] - ETA: 5s - batch_cost: 0.0206 - reader cost: 1.3751e-04
 87/348 [======>.......................] - ETA: 5s - batch_cost: 0.0206 - reader cost: 1.3277e-04
 90/348 [======>.......................] - ETA: 5s - batch_cost: 0.0206 - reader cost: 1.2834e-04
 93/348 [=======>......................] - ETA: 5s - batch_cost: 0.0205 - reader cost: 1.2420e-04
 96/348 [=======>......................] - ETA: 5s - batch_cost: 0.0204 - reader cost: 1.2032e-04
 99/348 [=======>......................] - ETA: 5s - batch_cost: 0.0204 - reader cost: 1.1667e-04
102/348 [=======>......................] - ETA: 5s - batch_cost: 0.0204 - reader cost: 1.1324e-04
105/348 [========>.....................] - ETA: 4s - batch_cost: 0.0204 - reader cost: 1.1001e-04
108/348 [========>.....................] - ETA: 4s - batch_cost: 0.0204 - reader cost: 1.0695e-04
112/348 [========>.....................] - ETA: 4s - batch_cost: 0.0202 - reader cost: 1.0313e-04
115/348 [========>.....................] - ETA: 4s - batch_cost: 0.0202 - reader cost: 1.0044e-04
118/348 [=========>....................] - ETA: 4s - batch_cost: 0.0202 - reader cost: 1.0637e-04
121/348 [=========>....................] - ETA: 4s - batch_cost: 0.0202 - reader cost: 1.0373e-04
124/348 [=========>....................] - ETA: 4s - batch_cost: 0.0203 - reader cost: 1.0122e-04
127/348 [=========>....................] - ETA: 4s - batch_cost: 0.0203 - reader cost: 9.8829e-05
130/348 [==========>...................] - ETA: 4s - batch_cost: 0.0202 - reader cost: 1.0425e-04
133/348 [==========>...................] - ETA: 4s - batch_cost: 0.0202 - reader cost: 1.0943e-04
136/348 [==========>...................] - ETA: 4s - batch_cost: 0.0202 - reader cost: 1.0702e-04
139/348 [==========>...................] - ETA: 4s - batch_cost: 0.0201 - reader cost: 1.1191e-04
141/348 [===========>..................] - ETA: 4s - batch_cost: 0.0202 - reader cost: 1.1032e-04
144/348 [===========>..................] - ETA: 4s - batch_cost: 0.0202 - reader cost: 1.1496e-04
147/348 [===========>..................] - ETA: 4s - batch_cost: 0.0202 - reader cost: 1.1642e-04
150/348 [===========>..................] - ETA: 4s - batch_cost: 0.0201 - reader cost: 1.1409e-04
152/348 [============>.................] - ETA: 3s - batch_cost: 0.0202 - reader cost: 1.1259e-04
154/348 [============>.................] - ETA: 3s - batch_cost: 0.0203 - reader cost: 1.1113e-04
157/348 [============>.................] - ETA: 3s - batch_cost: 0.0202 - reader cost: 1.0901e-04
160/348 [============>.................] - ETA: 3s - batch_cost: 0.0202 - reader cost: 1.0696e-04
163/348 [=============>................] - ETA: 3s - batch_cost: 0.0202 - reader cost: 1.0499e-04
166/348 [=============>................] - ETA: 3s - batch_cost: 0.0201 - reader cost: 1.0618e-04
169/348 [=============>................] - ETA: 3s - batch_cost: 0.0201 - reader cost: 1.0430e-04
172/348 [=============>................] - ETA: 3s - batch_cost: 0.0201 - reader cost: 1.0248e-04
175/348 [==============>...............] - ETA: 3s - batch_cost: 0.0201 - reader cost: 1.0644e-04
178/348 [==============>...............] - ETA: 3s - batch_cost: 0.0201 - reader cost: 1.0464e-04
180/348 [==============>...............] - ETA: 3s - batch_cost: 0.0202 - reader cost: 1.0348e-04
182/348 [==============>...............] - ETA: 3s - batch_cost: 0.0203 - reader cost: 1.0513e-04
185/348 [==============>...............] - ETA: 3s - batch_cost: 0.0203 - reader cost: 1.0343e-04
187/348 [===============>..............] - ETA: 3s - batch_cost: 0.0204 - reader cost: 1.0232e-04
190/348 [===============>..............] - ETA: 3s - batch_cost: 0.0204 - reader cost: 1.0071e-04
193/348 [===============>..............] - ETA: 3s - batch_cost: 0.0203 - reader cost: 9.9140e-05
196/348 [===============>..............] - ETA: 3s - batch_cost: 0.0203 - reader cost: 9.7623e-05
199/348 [================>.............] - ETA: 3s - batch_cost: 0.0203 - reader cost: 9.6151e-05
202/348 [================>.............] - ETA: 3s - batch_cost: 0.0204 - reader cost: 9.4723e-05
204/348 [================>.............] - ETA: 2s - batch_cost: 0.0204 - reader cost: 9.3794e-05
207/348 [================>.............] - ETA: 2s - batch_cost: 0.0204 - reader cost: 9.2435e-05
210/348 [=================>............] - ETA: 2s - batch_cost: 0.0204 - reader cost: 9.1114e-05
213/348 [=================>............] - ETA: 2s - batch_cost: 0.0204 - reader cost: 8.9831e-05
216/348 [=================>............] - ETA: 2s - batch_cost: 0.0204 - reader cost: 9.3208e-05
218/348 [=================>............] - ETA: 2s - batch_cost: 0.0205 - reader cost: 9.2353e-05
220/348 [=================>............] - ETA: 2s - batch_cost: 0.0206 - reader cost: 9.1514e-05
222/348 [==================>...........] - ETA: 2s - batch_cost: 0.0206 - reader cost: 9.0689e-05
224/348 [==================>...........] - ETA: 2s - batch_cost: 0.0207 - reader cost: 8.9880e-05
227/348 [==================>...........] - ETA: 2s - batch_cost: 0.0207 - reader cost: 8.8692e-05
230/348 [==================>...........] - ETA: 2s - batch_cost: 0.0207 - reader cost: 8.7535e-05
233/348 [===================>..........] - ETA: 2s - batch_cost: 0.0207 - reader cost: 8.6408e-05
236/348 [===================>..........] - ETA: 2s - batch_cost: 0.0206 - reader cost: 8.5309e-05
239/348 [===================>..........] - ETA: 2s - batch_cost: 0.0206 - reader cost: 8.4239e-05
242/348 [===================>..........] - ETA: 2s - batch_cost: 0.0206 - reader cost: 8.3194e-05
245/348 [====================>.........] - ETA: 2s - batch_cost: 0.0205 - reader cost: 8.6264e-05
248/348 [====================>.........] - ETA: 2s - batch_cost: 0.0206 - reader cost: 8.5220e-05
250/348 [====================>.........] - ETA: 2s - batch_cost: 0.0206 - reader cost: 8.4538e-05
253/348 [====================>.........] - ETA: 1s - batch_cost: 0.0206 - reader cost: 8.7485e-05
256/348 [=====================>........] - ETA: 1s - batch_cost: 0.0206 - reader cost: 8.6459e-05
259/348 [=====================>........] - ETA: 1s - batch_cost: 0.0206 - reader cost: 8.9341e-05
262/348 [=====================>........] - ETA: 1s - batch_cost: 0.0206 - reader cost: 8.8318e-05
265/348 [=====================>........] - ETA: 1s - batch_cost: 0.0206 - reader cost: 9.1062e-05
268/348 [======================>.......] - ETA: 1s - batch_cost: 0.0206 - reader cost: 9.0042e-05
271/348 [======================>.......] - ETA: 1s - batch_cost: 0.0206 - reader cost: 8.9045e-05
274/348 [======================>.......] - ETA: 1s - batch_cost: 0.0205 - reader cost: 8.8070e-05
277/348 [======================>.......] - ETA: 1s - batch_cost: 0.0206 - reader cost: 8.7117e-05
280/348 [=======================>......] - ETA: 1s - batch_cost: 0.0206 - reader cost: 8.6183e-05
283/348 [=======================>......] - ETA: 1s - batch_cost: 0.0206 - reader cost: 8.5270e-05
286/348 [=======================>......] - ETA: 1s - batch_cost: 0.0206 - reader cost: 8.4375e-05
289/348 [=======================>......] - ETA: 1s - batch_cost: 0.0205 - reader cost: 8.3499e-05
292/348 [========================>.....] - ETA: 1s - batch_cost: 0.0205 - reader cost: 8.2641e-05
295/348 [========================>.....] - ETA: 1s - batch_cost: 0.0205 - reader cost: 8.1801e-05
298/348 [========================>.....] - ETA: 1s - batch_cost: 0.0205 - reader cost: 8.0978e-05
301/348 [========================>.....] - ETA: 0s - batch_cost: 0.0205 - reader cost: 8.3494e-05
303/348 [=========================>....] - ETA: 0s - batch_cost: 0.0206 - reader cost: 8.2943e-05
306/348 [=========================>....] - ETA: 0s - batch_cost: 0.0206 - reader cost: 8.2130e-05
309/348 [=========================>....] - ETA: 0s - batch_cost: 0.0205 - reader cost: 8.1332e-05
312/348 [=========================>....] - ETA: 0s - batch_cost: 0.0205 - reader cost: 8.0550e-05
315/348 [==========================>...] - ETA: 0s - batch_cost: 0.0205 - reader cost: 7.9783e-05
318/348 [==========================>...] - ETA: 0s - batch_cost: 0.0205 - reader cost: 8.0644e-05
321/348 [==========================>...] - ETA: 0s - batch_cost: 0.0205 - reader cost: 7.9890e-05
324/348 [==========================>...] - ETA: 0s - batch_cost: 0.0205 - reader cost: 7.9151e-05
327/348 [===========================>..] - ETA: 0s - batch_cost: 0.0205 - reader cost: 7.8424e-05
330/348 [===========================>..] - ETA: 0s - batch_cost: 0.0205 - reader cost: 7.7711e-05
333/348 [===========================>..] - ETA: 0s - batch_cost: 0.0205 - reader cost: 7.7011e-05
335/348 [===========================>..] - ETA: 0s - batch_cost: 0.0205 - reader cost: 7.9537e-05
338/348 [============================>.] - ETA: 0s - batch_cost: 0.0205 - reader cost: 7.8831e-05
341/348 [============================>.] - ETA: 0s - batch_cost: 0.0206 - reader cost: 7.8138e-05
344/348 [============================>.] - ETA: 0s - batch_cost: 0.0206 - reader cost: 7.7456e-05
347/348 [============================>.] - ETA: 0s - batch_cost: 0.0205 - reader cost: 7.6787e-05
348/348 [==============================] - 7s 21ms/step - batch_cost: 0.0205 - reader cost: 7.6566e-05

  1/348 [..............................] - ETA: 9s - batch_cost: 0.0266 - reader cost: 0.0070
  4/348 [..............................] - ETA: 8s - batch_cost: 0.0248 - reader cost: 0.0017
  7/348 [..............................] - ETA: 7s - batch_cost: 0.0228 - reader cost: 9.9986e-04
 10/348 [..............................] - ETA: 7s - batch_cost: 0.0215 - reader cost: 6.9990e-04
 13/348 [>.............................] - ETA: 7s - batch_cost: 0.0209 - reader cost: 5.3839e-04
 16/348 [>.............................] - ETA: 7s - batch_cost: 0.0211 - reader cost: 4.3744e-04
 19/348 [>.............................] - ETA: 7s - batch_cost: 0.0211 - reader cost: 3.6837e-04
 22/348 [>.............................] - ETA: 6s - batch_cost: 0.0210 - reader cost: 3.1814e-04
 25/348 [=>............................] - ETA: 6s - batch_cost: 0.0207 - reader cost: 2.7996e-04
 28/348 [=>............................] - ETA: 6s - batch_cost: 0.0204 - reader cost: 2.4996e-04
 31/348 [=>............................] - ETA: 6s - batch_cost: 0.0200 - reader cost: 2.2577e-04
 34/348 [=>............................] - ETA: 6s - batch_cost: 0.0199 - reader cost: 2.0585e-04
 36/348 [==>...........................] - ETA: 6s - batch_cost: 0.0203 - reader cost: 1.9442e-04
 38/348 [==>...........................] - ETA: 6s - batch_cost: 0.0205 - reader cost: 1.8418e-04
 41/348 [==>...........................] - ETA: 6s - batch_cost: 0.0205 - reader cost: 1.7071e-04
 44/348 [==>...........................] - ETA: 6s - batch_cost: 0.0204 - reader cost: 1.5907e-04
 47/348 [===>..........................] - ETA: 6s - batch_cost: 0.0203 - reader cost: 1.4892e-04
 50/348 [===>..........................] - ETA: 6s - batch_cost: 0.0202 - reader cost: 1.3998e-04
 53/348 [===>..........................] - ETA: 6s - batch_cost: 0.0203 - reader cost: 1.3206e-04
 56/348 [===>..........................] - ETA: 5s - batch_cost: 0.0203 - reader cost: 1.2498e-04
 59/348 [====>.........................] - ETA: 5s - batch_cost: 0.0203 - reader cost: 1.1863e-04
 62/348 [====>.........................] - ETA: 5s - batch_cost: 0.0203 - reader cost: 1.1289e-04
 65/348 [====>.........................] - ETA: 5s - batch_cost: 0.0202 - reader cost: 1.0768e-04
 68/348 [====>.........................] - ETA: 5s - batch_cost: 0.0203 - reader cost: 1.0293e-04
 71/348 [=====>........................] - ETA: 5s - batch_cost: 0.0205 - reader cost: 9.8578e-05
 74/348 [=====>........................] - ETA: 5s - batch_cost: 0.0205 - reader cost: 9.4581e-05
 77/348 [=====>........................] - ETA: 5s - batch_cost: 0.0205 - reader cost: 9.0896e-05
 80/348 [=====>........................] - ETA: 5s - batch_cost: 0.0204 - reader cost: 8.7488e-05
 83/348 [======>.......................] - ETA: 5s - batch_cost: 0.0204 - reader cost: 9.6370e-05
 86/348 [======>.......................] - ETA: 5s - batch_cost: 0.0205 - reader cost: 9.3008e-05
 88/348 [======>.......................] - ETA: 5s - batch_cost: 0.0207 - reader cost: 9.0894e-05
 91/348 [======>.......................] - ETA: 5s - batch_cost: 0.0207 - reader cost: 9.8883e-05
 94/348 [=======>......................] - ETA: 5s - batch_cost: 0.0207 - reader cost: 9.5728e-05
 97/348 [=======>......................] - ETA: 5s - batch_cost: 0.0206 - reader cost: 9.2767e-05
100/348 [=======>......................] - ETA: 5s - batch_cost: 0.0205 - reader cost: 8.9984e-05
103/348 [=======>......................] - ETA: 5s - batch_cost: 0.0204 - reader cost: 8.7363e-05
106/348 [========>.....................] - ETA: 5s - batch_cost: 0.0204 - reader cost: 8.4891e-05
109/348 [========>.....................] - ETA: 4s - batch_cost: 0.0204 - reader cost: 8.2554e-05
111/348 [========>.....................] - ETA: 4s - batch_cost: 0.0205 - reader cost: 8.1067e-05
114/348 [========>.....................] - ETA: 4s - batch_cost: 0.0206 - reader cost: 7.8933e-05
117/348 [=========>....................] - ETA: 4s - batch_cost: 0.0207 - reader cost: 7.6909e-05
120/348 [=========>....................] - ETA: 4s - batch_cost: 0.0207 - reader cost: 7.4987e-05
123/348 [=========>....................] - ETA: 4s - batch_cost: 0.0206 - reader cost: 7.3158e-05
126/348 [=========>....................] - ETA: 4s - batch_cost: 0.0207 - reader cost: 7.1416e-05
129/348 [==========>...................] - ETA: 4s - batch_cost: 0.0206 - reader cost: 6.9755e-05
132/348 [==========>...................] - ETA: 4s - batch_cost: 0.0206 - reader cost: 7.5752e-05
135/348 [==========>...................] - ETA: 4s - batch_cost: 0.0205 - reader cost: 7.4069e-05
138/348 [==========>...................] - ETA: 4s - batch_cost: 0.0205 - reader cost: 7.2459e-05
141/348 [===========>..................] - ETA: 4s - batch_cost: 0.0205 - reader cost: 7.0917e-05
144/348 [===========>..................] - ETA: 4s - batch_cost: 0.0204 - reader cost: 6.9439e-05
147/348 [===========>..................] - ETA: 4s - batch_cost: 0.0204 - reader cost: 6.8022e-05
150/348 [===========>..................] - ETA: 4s - batch_cost: 0.0204 - reader cost: 6.6662e-05
153/348 [============>.................] - ETA: 4s - batch_cost: 0.0203 - reader cost: 7.1881e-05
156/348 [============>.................] - ETA: 3s - batch_cost: 0.0203 - reader cost: 7.0499e-05
159/348 [============>.................] - ETA: 3s - batch_cost: 0.0203 - reader cost: 6.9168e-05
162/348 [============>.................] - ETA: 3s - batch_cost: 0.0203 - reader cost: 6.7887e-05
165/348 [=============>................] - ETA: 3s - batch_cost: 0.0203 - reader cost: 6.6653e-05
168/348 [=============>................] - ETA: 3s - batch_cost: 0.0202 - reader cost: 6.5463e-05
171/348 [=============>................] - ETA: 3s - batch_cost: 0.0203 - reader cost: 6.4314e-05
174/348 [==============>...............] - ETA: 3s - batch_cost: 0.0203 - reader cost: 6.8954e-05
177/348 [==============>...............] - ETA: 3s - batch_cost: 0.0203 - reader cost: 6.7785e-05
180/348 [==============>...............] - ETA: 3s - batch_cost: 0.0203 - reader cost: 6.6655e-05
182/348 [==============>...............] - ETA: 3s - batch_cost: 0.0203 - reader cost: 6.5923e-05
184/348 [==============>...............] - ETA: 3s - batch_cost: 0.0204 - reader cost: 6.5206e-05
187/348 [===============>..............] - ETA: 3s - batch_cost: 0.0205 - reader cost: 6.4160e-05
190/348 [===============>..............] - ETA: 3s - batch_cost: 0.0204 - reader cost: 6.3147e-05
193/348 [===============>..............] - ETA: 3s - batch_cost: 0.0204 - reader cost: 6.2165e-05
196/348 [===============>..............] - ETA: 3s - batch_cost: 0.0204 - reader cost: 6.1214e-05
199/348 [================>.............] - ETA: 3s - batch_cost: 0.0204 - reader cost: 6.2855e-05
202/348 [================>.............] - ETA: 3s - batch_cost: 0.0204 - reader cost: 6.1922e-05
205/348 [================>.............] - ETA: 2s - batch_cost: 0.0204 - reader cost: 6.1015e-05
208/348 [================>.............] - ETA: 2s - batch_cost: 0.0204 - reader cost: 6.0135e-05
211/348 [=================>............] - ETA: 2s - batch_cost: 0.0204 - reader cost: 5.9280e-05
214/348 [=================>............] - ETA: 2s - batch_cost: 0.0204 - reader cost: 6.3134e-05
217/348 [=================>............] - ETA: 2s - batch_cost: 0.0204 - reader cost: 6.2261e-05
219/348 [=================>............] - ETA: 2s - batch_cost: 0.0204 - reader cost: 6.1693e-05
222/348 [==================>...........] - ETA: 2s - batch_cost: 0.0204 - reader cost: 6.0859e-05
225/348 [==================>...........] - ETA: 2s - batch_cost: 0.0204 - reader cost: 6.0048e-05
228/348 [==================>...........] - ETA: 2s - batch_cost: 0.0204 - reader cost: 6.3645e-05
231/348 [==================>...........] - ETA: 2s - batch_cost: 0.0204 - reader cost: 6.7147e-05
234/348 [===================>..........] - ETA: 2s - batch_cost: 0.0204 - reader cost: 6.6286e-05
237/348 [===================>..........] - ETA: 2s - batch_cost: 0.0203 - reader cost: 6.5447e-05
240/348 [===================>..........] - ETA: 2s - batch_cost: 0.0203 - reader cost: 6.4629e-05
243/348 [===================>..........] - ETA: 2s - batch_cost: 0.0203 - reader cost: 6.3831e-05
246/348 [====================>.........] - ETA: 2s - batch_cost: 0.0203 - reader cost: 6.3053e-05
249/348 [====================>.........] - ETA: 2s - batch_cost: 0.0202 - reader cost: 6.2293e-05
252/348 [====================>.........] - ETA: 1s - batch_cost: 0.0202 - reader cost: 6.5519e-05
255/348 [====================>.........] - ETA: 1s - batch_cost: 0.0202 - reader cost: 6.4748e-05
258/348 [=====================>........] - ETA: 1s - batch_cost: 0.0203 - reader cost: 7.1758e-05
260/348 [=====================>........] - ETA: 1s - batch_cost: 0.0203 - reader cost: 7.1206e-05
262/348 [=====================>........] - ETA: 1s - batch_cost: 0.0204 - reader cost: 7.0663e-05
265/348 [=====================>........] - ETA: 1s - batch_cost: 0.0204 - reader cost: 6.9863e-05
268/348 [======================>.......] - ETA: 1s - batch_cost: 0.0204 - reader cost: 6.9081e-05
271/348 [======================>.......] - ETA: 1s - batch_cost: 0.0203 - reader cost: 6.8316e-05
274/348 [======================>.......] - ETA: 1s - batch_cost: 0.0204 - reader cost: 6.7568e-05
277/348 [======================>.......] - ETA: 1s - batch_cost: 0.0203 - reader cost: 6.6836e-05
280/348 [=======================>......] - ETA: 1s - batch_cost: 0.0203 - reader cost: 6.6120e-05
283/348 [=======================>......] - ETA: 1s - batch_cost: 0.0203 - reader cost: 6.5419e-05
286/348 [=======================>......] - ETA: 1s - batch_cost: 0.0203 - reader cost: 6.8272e-05
289/348 [=======================>......] - ETA: 1s - batch_cost: 0.0203 - reader cost: 6.7563e-05
292/348 [========================>.....] - ETA: 1s - batch_cost: 0.0203 - reader cost: 6.6869e-05
295/348 [========================>.....] - ETA: 1s - batch_cost: 0.0203 - reader cost: 6.9606e-05
298/348 [========================>.....] - ETA: 1s - batch_cost: 0.0203 - reader cost: 6.8905e-05
301/348 [========================>.....] - ETA: 0s - batch_cost: 0.0203 - reader cost: 7.1516e-05
304/348 [=========================>....] - ETA: 0s - batch_cost: 0.0203 - reader cost: 7.0810e-05
307/348 [=========================>....] - ETA: 0s - batch_cost: 0.0203 - reader cost: 7.0118e-05
310/348 [=========================>....] - ETA: 0s - batch_cost: 0.0204 - reader cost: 6.9440e-05
313/348 [=========================>....] - ETA: 0s - batch_cost: 0.0204 - reader cost: 6.8774e-05
316/348 [==========================>...] - ETA: 0s - batch_cost: 0.0204 - reader cost: 6.8121e-05
319/348 [==========================>...] - ETA: 0s - batch_cost: 0.0204 - reader cost: 6.7481e-05
322/348 [==========================>...] - ETA: 0s - batch_cost: 0.0204 - reader cost: 6.6852e-05
325/348 [===========================>..] - ETA: 0s - batch_cost: 0.0204 - reader cost: 6.6235e-05
328/348 [===========================>..] - ETA: 0s - batch_cost: 0.0204 - reader cost: 6.5629e-05
331/348 [===========================>..] - ETA: 0s - batch_cost: 0.0204 - reader cost: 6.5034e-05
334/348 [===========================>..] - ETA: 0s - batch_cost: 0.0205 - reader cost: 6.4450e-05
336/348 [===========================>..] - ETA: 0s - batch_cost: 0.0205 - reader cost: 6.4066e-05
339/348 [============================>.] - ETA: 0s - batch_cost: 0.0205 - reader cost: 6.8042e-05
342/348 [============================>.] - ETA: 0s - batch_cost: 0.0205 - reader cost: 6.7445e-05
345/348 [============================>.] - ETA: 0s - batch_cost: 0.0205 - reader cost: 6.9759e-05
348/348 [==============================] - 7s 21ms/step - batch_cost: 0.0204 - reader cost: 6.9157e-05

  1/348 [..............................] - ETA: 8s - batch_cost: 0.0257 - reader cost: 0.0070
  4/348 [..............................] - ETA: 6s - batch_cost: 0.0193 - reader cost: 0.0018
  8/348 [..............................] - ETA: 5s - batch_cost: 0.0174 - reader cost: 8.7774e-04
 12/348 [>.............................] - ETA: 5s - batch_cost: 0.0169 - reader cost: 5.8516e-04
 16/348 [>.............................] - ETA: 5s - batch_cost: 0.0167 - reader cost: 4.3887e-04
 20/348 [>.............................] - ETA: 5s - batch_cost: 0.0165 - reader cost: 3.5110e-04
 23/348 [>.............................] - ETA: 5s - batch_cost: 0.0172 - reader cost: 3.0530e-04
 26/348 [=>............................] - ETA: 5s - batch_cost: 0.0173 - reader cost: 2.7007e-04
 29/348 [=>............................] - ETA: 5s - batch_cost: 0.0180 - reader cost: 2.7661e-04
 31/348 [=>............................] - ETA: 5s - batch_cost: 0.0185 - reader cost: 2.5877e-04
 34/348 [=>............................] - ETA: 5s - batch_cost: 0.0188 - reader cost: 2.3594e-04
 37/348 [==>...........................] - ETA: 5s - batch_cost: 0.0187 - reader cost: 2.1681e-04
 41/348 [==>...........................] - ETA: 5s - batch_cost: 0.0185 - reader cost: 1.9565e-04
 45/348 [==>...........................] - ETA: 5s - batch_cost: 0.0183 - reader cost: 1.7826e-04
 49/348 [===>..........................] - ETA: 5s - batch_cost: 0.0181 - reader cost: 1.6371e-04
 52/348 [===>..........................] - ETA: 5s - batch_cost: 0.0180 - reader cost: 1.5427e-04
 55/348 [===>..........................] - ETA: 5s - batch_cost: 0.0179 - reader cost: 1.4585e-04
 59/348 [====>.........................] - ETA: 5s - batch_cost: 0.0178 - reader cost: 1.3596e-04
 63/348 [====>.........................] - ETA: 5s - batch_cost: 0.0177 - reader cost: 1.4321e-04
 67/348 [====>.........................] - ETA: 4s - batch_cost: 0.0176 - reader cost: 1.3466e-04
 70/348 [=====>........................] - ETA: 4s - batch_cost: 0.0177 - reader cost: 1.2889e-04
 72/348 [=====>........................] - ETA: 4s - batch_cost: 0.0179 - reader cost: 1.3923e-04
 75/348 [=====>........................] - ETA: 4s - batch_cost: 0.0179 - reader cost: 1.3366e-04
 79/348 [=====>........................] - ETA: 4s - batch_cost: 0.0178 - reader cost: 1.2689e-04
 83/348 [======>.......................] - ETA: 4s - batch_cost: 0.0177 - reader cost: 1.2078e-04
 87/348 [======>.......................] - ETA: 4s - batch_cost: 0.0176 - reader cost: 1.1522e-04
 90/348 [======>.......................] - ETA: 4s - batch_cost: 0.0176 - reader cost: 1.1138e-04
 94/348 [=======>......................] - ETA: 4s - batch_cost: 0.0176 - reader cost: 1.0664e-04
 97/348 [=======>......................] - ETA: 4s - batch_cost: 0.0176 - reader cost: 1.0335e-04
100/348 [=======>......................] - ETA: 4s - batch_cost: 0.0177 - reader cost: 1.0025e-04
103/348 [=======>......................] - ETA: 4s - batch_cost: 0.0177 - reader cost: 9.7326e-05
106/348 [========>.....................] - ETA: 4s - batch_cost: 0.0177 - reader cost: 9.4571e-05
109/348 [========>.....................] - ETA: 4s - batch_cost: 0.0177 - reader cost: 1.0114e-04
112/348 [========>.....................] - ETA: 4s - batch_cost: 0.0177 - reader cost: 9.8431e-05
115/348 [========>.....................] - ETA: 4s - batch_cost: 0.0177 - reader cost: 9.5863e-05
119/348 [=========>....................] - ETA: 4s - batch_cost: 0.0177 - reader cost: 9.2641e-05
122/348 [=========>....................] - ETA: 4s - batch_cost: 0.0177 - reader cost: 9.8557e-05
125/348 [=========>....................] - ETA: 3s - batch_cost: 0.0177 - reader cost: 1.0028e-04
128/348 [==========>...................] - ETA: 3s - batch_cost: 0.0177 - reader cost: 9.7930e-05
132/348 [==========>...................] - ETA: 3s - batch_cost: 0.0177 - reader cost: 9.4963e-05
135/348 [==========>...................] - ETA: 3s - batch_cost: 0.0177 - reader cost: 9.2853e-05
138/348 [==========>...................] - ETA: 3s - batch_cost: 0.0177 - reader cost: 9.0834e-05
141/348 [===========>..................] - ETA: 3s - batch_cost: 0.0177 - reader cost: 8.8901e-05
144/348 [===========>..................] - ETA: 3s - batch_cost: 0.0177 - reader cost: 8.7049e-05
147/348 [===========>..................] - ETA: 3s - batch_cost: 0.0178 - reader cost: 8.5273e-05
149/348 [===========>..................] - ETA: 3s - batch_cost: 0.0179 - reader cost: 8.4128e-05
152/348 [============>.................] - ETA: 3s - batch_cost: 0.0179 - reader cost: 8.2468e-05
155/348 [============>.................] - ETA: 3s - batch_cost: 0.0179 - reader cost: 8.0872e-05
159/348 [============>.................] - ETA: 3s - batch_cost: 0.0178 - reader cost: 7.8837e-05
162/348 [============>.................] - ETA: 3s - batch_cost: 0.0178 - reader cost: 8.3551e-05
165/348 [=============>................] - ETA: 3s - batch_cost: 0.0179 - reader cost: 8.8075e-05
168/348 [=============>................] - ETA: 3s - batch_cost: 0.0179 - reader cost: 9.2413e-05
171/348 [=============>................] - ETA: 3s - batch_cost: 0.0179 - reader cost: 9.0791e-05
173/348 [=============>................] - ETA: 3s - batch_cost: 0.0180 - reader cost: 8.9742e-05
176/348 [==============>...............] - ETA: 3s - batch_cost: 0.0180 - reader cost: 9.3895e-05
178/348 [==============>...............] - ETA: 3s - batch_cost: 0.0182 - reader cost: 9.2840e-05
181/348 [==============>...............] - ETA: 3s - batch_cost: 0.0182 - reader cost: 9.6781e-05
183/348 [==============>...............] - ETA: 3s - batch_cost: 0.0183 - reader cost: 9.5723e-05
186/348 [===============>..............] - ETA: 3s - batch_cost: 0.0184 - reader cost: 9.9558e-05
190/348 [===============>..............] - ETA: 2s - batch_cost: 0.0183 - reader cost: 9.7462e-05
194/348 [===============>..............] - ETA: 2s - batch_cost: 0.0183 - reader cost: 9.5452e-05
197/348 [===============>..............] - ETA: 2s - batch_cost: 0.0183 - reader cost: 9.3999e-05
200/348 [================>.............] - ETA: 2s - batch_cost: 0.0183 - reader cost: 9.2589e-05
203/348 [================>.............] - ETA: 2s - batch_cost: 0.0183 - reader cost: 9.1220e-05
206/348 [================>.............] - ETA: 2s - batch_cost: 0.0183 - reader cost: 8.9892e-05
209/348 [=================>............] - ETA: 2s - batch_cost: 0.0183 - reader cost: 8.8602e-05
213/348 [=================>............] - ETA: 2s - batch_cost: 0.0182 - reader cost: 8.6938e-05
216/348 [=================>............] - ETA: 2s - batch_cost: 0.0182 - reader cost: 9.2691e-05
219/348 [=================>............] - ETA: 2s - batch_cost: 0.0183 - reader cost: 9.1421e-05
221/348 [==================>...........] - ETA: 2s - batch_cost: 0.0183 - reader cost: 9.0594e-05
224/348 [==================>...........] - ETA: 2s - batch_cost: 0.0184 - reader cost: 8.9380e-05
227/348 [==================>...........] - ETA: 2s - batch_cost: 0.0184 - reader cost: 8.8199e-05
230/348 [==================>...........] - ETA: 2s - batch_cost: 0.0183 - reader cost: 8.7049e-05
233/348 [===================>..........] - ETA: 2s - batch_cost: 0.0184 - reader cost: 8.5928e-05
236/348 [===================>..........] - ETA: 2s - batch_cost: 0.0184 - reader cost: 8.4836e-05
239/348 [===================>..........] - ETA: 2s - batch_cost: 0.0184 - reader cost: 8.3771e-05
242/348 [===================>..........] - ETA: 1s - batch_cost: 0.0184 - reader cost: 8.2732e-05
246/348 [====================>.........] - ETA: 1s - batch_cost: 0.0183 - reader cost: 8.1387e-05
250/348 [====================>.........] - ETA: 1s - batch_cost: 0.0183 - reader cost: 8.4085e-05
253/348 [====================>.........] - ETA: 1s - batch_cost: 0.0183 - reader cost: 8.3088e-05
257/348 [=====================>........] - ETA: 1s - batch_cost: 0.0182 - reader cost: 8.1795e-05
260/348 [=====================>........] - ETA: 1s - batch_cost: 0.0182 - reader cost: 8.4708e-05
263/348 [=====================>........] - ETA: 1s - batch_cost: 0.0183 - reader cost: 8.3742e-05
266/348 [=====================>........] - ETA: 1s - batch_cost: 0.0183 - reader cost: 8.2798e-05
269/348 [======================>.......] - ETA: 1s - batch_cost: 0.0183 - reader cost: 8.1874e-05
272/348 [======================>.......] - ETA: 1s - batch_cost: 0.0183 - reader cost: 8.0971e-05
276/348 [======================>.......] - ETA: 1s - batch_cost: 0.0183 - reader cost: 7.9798e-05
280/348 [=======================>......] - ETA: 1s - batch_cost: 0.0183 - reader cost: 7.8658e-05
284/348 [=======================>......] - ETA: 1s - batch_cost: 0.0182 - reader cost: 7.7550e-05
287/348 [=======================>......] - ETA: 1s - batch_cost: 0.0182 - reader cost: 7.6739e-05
290/348 [========================>.....] - ETA: 1s - batch_cost: 0.0183 - reader cost: 7.5945e-05
292/348 [========================>.....] - ETA: 1s - batch_cost: 0.0183 - reader cost: 7.5425e-05
296/348 [========================>.....] - ETA: 0s - batch_cost: 0.0183 - reader cost: 7.6195e-05
300/348 [========================>.....] - ETA: 0s - batch_cost: 0.0183 - reader cost: 7.5179e-05
304/348 [=========================>....] - ETA: 0s - batch_cost: 0.0182 - reader cost: 7.4190e-05
307/348 [=========================>....] - ETA: 0s - batch_cost: 0.0183 - reader cost: 7.3465e-05
310/348 [=========================>....] - ETA: 0s - batch_cost: 0.0183 - reader cost: 7.5979e-05
313/348 [=========================>....] - ETA: 0s - batch_cost: 0.0183 - reader cost: 7.5251e-05
317/348 [==========================>...] - ETA: 0s - batch_cost: 0.0183 - reader cost: 7.4302e-05
320/348 [==========================>...] - ETA: 0s - batch_cost: 0.0183 - reader cost: 7.3605e-05
323/348 [==========================>...] - ETA: 0s - batch_cost: 0.0183 - reader cost: 7.2921e-05
326/348 [===========================>..] - ETA: 0s - batch_cost: 0.0183 - reader cost: 7.5334e-05
329/348 [===========================>..] - ETA: 0s - batch_cost: 0.0182 - reader cost: 7.4647e-05
332/348 [===========================>..] - ETA: 0s - batch_cost: 0.0182 - reader cost: 7.3973e-05
335/348 [===========================>..] - ETA: 0s - batch_cost: 0.0182 - reader cost: 7.9282e-05
338/348 [============================>.] - ETA: 0s - batch_cost: 0.0182 - reader cost: 7.8579e-05
341/348 [============================>.] - ETA: 0s - batch_cost: 0.0182 - reader cost: 7.7887e-05
344/348 [============================>.] - ETA: 0s - batch_cost: 0.0183 - reader cost: 8.0093e-05
348/348 [==============================] - 6s 18ms/step - batch_cost: 0.0182 - reader cost: 7.9173e-05

  1/348 [..............................] - ETA: 9s - batch_cost: 0.0281 - reader cost: 0.0060
  4/348 [..............................] - ETA: 6s - batch_cost: 0.0201 - reader cost: 0.0018
  7/348 [..............................] - ETA: 6s - batch_cost: 0.0197 - reader cost: 0.0010
 10/348 [..............................] - ETA: 6s - batch_cost: 0.0190 - reader cost: 7.0014e-04
 14/348 [>.............................] - ETA: 6s - batch_cost: 0.0182 - reader cost: 5.0010e-04
 17/348 [>.............................] - ETA: 6s - batch_cost: 0.0185 - reader cost: 4.1185e-04
 20/348 [>.............................] - ETA: 6s - batch_cost: 0.0186 - reader cost: 3.5007e-04
 23/348 [>.............................] - ETA: 6s - batch_cost: 0.0186 - reader cost: 3.0441e-04
 26/348 [=>............................] - ETA: 6s - batch_cost: 0.0187 - reader cost: 2.6928e-04
 29/348 [=>............................] - ETA: 6s - batch_cost: 0.0191 - reader cost: 2.4143e-04
 32/348 [=>............................] - ETA: 6s - batch_cost: 0.0191 - reader cost: 2.5029e-04
 35/348 [==>...........................] - ETA: 6s - batch_cost: 0.0192 - reader cost: 2.2883e-04
 38/348 [==>...........................] - ETA: 6s - batch_cost: 0.0193 - reader cost: 2.1077e-04
 41/348 [==>...........................] - ETA: 5s - batch_cost: 0.0193 - reader cost: 2.3221e-04
 44/348 [==>...........................] - ETA: 5s - batch_cost: 0.0194 - reader cost: 2.1638e-04
 47/348 [===>..........................] - ETA: 5s - batch_cost: 0.0193 - reader cost: 2.0256e-04
 50/348 [===>..........................] - ETA: 5s - batch_cost: 0.0192 - reader cost: 1.9041e-04
 54/348 [===>..........................] - ETA: 5s - batch_cost: 0.0189 - reader cost: 1.7631e-04
 58/348 [====>.........................] - ETA: 5s - batch_cost: 0.0187 - reader cost: 1.8152e-04
 61/348 [====>.........................] - ETA: 5s - batch_cost: 0.0187 - reader cost: 1.7260e-04
 64/348 [====>.........................] - ETA: 5s - batch_cost: 0.0187 - reader cost: 1.6451e-04
 68/348 [====>.........................] - ETA: 5s - batch_cost: 0.0186 - reader cost: 1.5483e-04
 72/348 [=====>........................] - ETA: 5s - batch_cost: 0.0184 - reader cost: 1.4623e-04
 75/348 [=====>........................] - ETA: 5s - batch_cost: 0.0185 - reader cost: 1.4038e-04
 77/348 [=====>........................] - ETA: 5s - batch_cost: 0.0187 - reader cost: 1.3673e-04
 80/348 [=====>........................] - ETA: 5s - batch_cost: 0.0187 - reader cost: 1.3160e-04
 83/348 [======>.......................] - ETA: 4s - batch_cost: 0.0186 - reader cost: 1.5099e-04
 87/348 [======>.......................] - ETA: 4s - batch_cost: 0.0185 - reader cost: 1.5557e-04
 90/348 [======>.......................] - ETA: 4s - batch_cost: 0.0187 - reader cost: 1.5039e-04
 93/348 [=======>......................] - ETA: 4s - batch_cost: 0.0187 - reader cost: 1.4554e-04
 96/348 [=======>......................] - ETA: 4s - batch_cost: 0.0187 - reader cost: 1.4099e-04
 99/348 [=======>......................] - ETA: 4s - batch_cost: 0.0187 - reader cost: 1.3672e-04
101/348 [=======>......................] - ETA: 4s - batch_cost: 0.0188 - reader cost: 1.3401e-04
104/348 [=======>......................] - ETA: 4s - batch_cost: 0.0188 - reader cost: 1.3014e-04
107/348 [========>.....................] - ETA: 4s - batch_cost: 0.0187 - reader cost: 1.2650e-04
110/348 [========>.....................] - ETA: 4s - batch_cost: 0.0187 - reader cost: 1.2305e-04
113/348 [========>.....................] - ETA: 4s - batch_cost: 0.0187 - reader cost: 1.1978e-04
116/348 [=========>....................] - ETA: 4s - batch_cost: 0.0187 - reader cost: 1.1668e-04
120/348 [=========>....................] - ETA: 4s - batch_cost: 0.0186 - reader cost: 1.1279e-04
123/348 [=========>....................] - ETA: 4s - batch_cost: 0.0186 - reader cost: 1.1004e-04
126/348 [=========>....................] - ETA: 4s - batch_cost: 0.0187 - reader cost: 1.0742e-04
129/348 [==========>...................] - ETA: 4s - batch_cost: 0.0188 - reader cost: 1.1268e-04
132/348 [==========>...................] - ETA: 4s - batch_cost: 0.0188 - reader cost: 1.1012e-04
136/348 [==========>...................] - ETA: 3s - batch_cost: 0.0187 - reader cost: 1.0688e-04
139/348 [==========>...................] - ETA: 3s - batch_cost: 0.0186 - reader cost: 1.0457e-04
142/348 [===========>..................] - ETA: 3s - batch_cost: 0.0188 - reader cost: 1.0236e-04
144/348 [===========>..................] - ETA: 3s - batch_cost: 0.0189 - reader cost: 1.0094e-04
147/348 [===========>..................] - ETA: 3s - batch_cost: 0.0189 - reader cost: 9.8879e-05
149/348 [===========>..................] - ETA: 3s - batch_cost: 0.0190 - reader cost: 9.7552e-05
152/348 [============>.................] - ETA: 3s - batch_cost: 0.0190 - reader cost: 9.5626e-05
155/348 [============>.................] - ETA: 3s - batch_cost: 0.0190 - reader cost: 9.3775e-05
158/348 [============>.................] - ETA: 3s - batch_cost: 0.0190 - reader cost: 9.1995e-05
161/348 [============>.................] - ETA: 3s - batch_cost: 0.0190 - reader cost: 9.0281e-05
164/348 [=============>................] - ETA: 3s - batch_cost: 0.0191 - reader cost: 8.8629e-05
167/348 [=============>................] - ETA: 3s - batch_cost: 0.0191 - reader cost: 8.7037e-05
170/348 [=============>................] - ETA: 3s - batch_cost: 0.0191 - reader cost: 8.5501e-05
173/348 [=============>................] - ETA: 3s - batch_cost: 0.0191 - reader cost: 8.4018e-05
176/348 [==============>...............] - ETA: 3s - batch_cost: 0.0191 - reader cost: 8.2586e-05
179/348 [==============>...............] - ETA: 3s - batch_cost: 0.0191 - reader cost: 8.1202e-05
182/348 [==============>...............] - ETA: 3s - batch_cost: 0.0192 - reader cost: 7.9864e-05
185/348 [==============>...............] - ETA: 3s - batch_cost: 0.0192 - reader cost: 7.8569e-05
188/348 [===============>..............] - ETA: 3s - batch_cost: 0.0192 - reader cost: 8.2639e-05
191/348 [===============>..............] - ETA: 3s - batch_cost: 0.0192 - reader cost: 8.1341e-05
194/348 [===============>..............] - ETA: 2s - batch_cost: 0.0191 - reader cost: 8.5238e-05
197/348 [===============>..............] - ETA: 2s - batch_cost: 0.0192 - reader cost: 8.3940e-05
200/348 [================>.............] - ETA: 2s - batch_cost: 0.0192 - reader cost: 8.2681e-05
203/348 [================>.............] - ETA: 2s - batch_cost: 0.0193 - reader cost: 8.1459e-05
206/348 [================>.............] - ETA: 2s - batch_cost: 0.0193 - reader cost: 8.0273e-05
209/348 [=================>............] - ETA: 2s - batch_cost: 0.0193 - reader cost: 7.9121e-05
212/348 [=================>............] - ETA: 2s - batch_cost: 0.0193 - reader cost: 7.8001e-05
214/348 [=================>............] - ETA: 2s - batch_cost: 0.0193 - reader cost: 7.7272e-05
217/348 [=================>............] - ETA: 2s - batch_cost: 0.0193 - reader cost: 7.6204e-05
220/348 [=================>............] - ETA: 2s - batch_cost: 0.0193 - reader cost: 7.9710e-05
223/348 [==================>...........] - ETA: 2s - batch_cost: 0.0193 - reader cost: 7.8638e-05
226/348 [==================>...........] - ETA: 2s - batch_cost: 0.0193 - reader cost: 7.7594e-05
228/348 [==================>...........] - ETA: 2s - batch_cost: 0.0193 - reader cost: 7.6913e-05
231/348 [==================>...........] - ETA: 2s - batch_cost: 0.0194 - reader cost: 7.5914e-05
234/348 [===================>..........] - ETA: 2s - batch_cost: 0.0194 - reader cost: 7.4941e-05
237/348 [===================>..........] - ETA: 2s - batch_cost: 0.0194 - reader cost: 7.3992e-05
240/348 [===================>..........] - ETA: 2s - batch_cost: 0.0195 - reader cost: 7.7235e-05
243/348 [===================>..........] - ETA: 2s - batch_cost: 0.0195 - reader cost: 7.6281e-05
246/348 [====================>.........] - ETA: 2s - batch_cost: 0.0195 - reader cost: 7.5351e-05
249/348 [====================>.........] - ETA: 1s - batch_cost: 0.0195 - reader cost: 7.4443e-05
252/348 [====================>.........] - ETA: 1s - batch_cost: 0.0195 - reader cost: 7.3557e-05
255/348 [====================>.........] - ETA: 1s - batch_cost: 0.0195 - reader cost: 7.6609e-05
258/348 [=====================>........] - ETA: 1s - batch_cost: 0.0196 - reader cost: 8.3484e-05
261/348 [=====================>........] - ETA: 1s - batch_cost: 0.0196 - reader cost: 8.2525e-05
264/348 [=====================>........] - ETA: 1s - batch_cost: 0.0196 - reader cost: 8.1587e-05
267/348 [======================>.......] - ETA: 1s - batch_cost: 0.0196 - reader cost: 8.0670e-05
270/348 [======================>.......] - ETA: 1s - batch_cost: 0.0196 - reader cost: 7.9774e-05
273/348 [======================>.......] - ETA: 1s - batch_cost: 0.0196 - reader cost: 8.4401e-05
275/348 [======================>.......] - ETA: 1s - batch_cost: 0.0196 - reader cost: 8.3787e-05
277/348 [======================>.......] - ETA: 1s - batch_cost: 0.0197 - reader cost: 8.3182e-05
280/348 [=======================>......] - ETA: 1s - batch_cost: 0.0197 - reader cost: 8.5864e-05
283/348 [=======================>......] - ETA: 1s - batch_cost: 0.0197 - reader cost: 8.8487e-05
286/348 [=======================>......] - ETA: 1s - batch_cost: 0.0197 - reader cost: 9.1055e-05
289/348 [=======================>......] - ETA: 1s - batch_cost: 0.0197 - reader cost: 9.0110e-05
291/348 [========================>.....] - ETA: 1s - batch_cost: 0.0197 - reader cost: 8.9491e-05
293/348 [========================>.....] - ETA: 1s - batch_cost: 0.0198 - reader cost: 8.8880e-05
296/348 [========================>.....] - ETA: 1s - batch_cost: 0.0198 - reader cost: 8.7979e-05
299/348 [========================>.....] - ETA: 0s - batch_cost: 0.0198 - reader cost: 8.7096e-05
302/348 [=========================>....] - ETA: 0s - batch_cost: 0.0198 - reader cost: 8.6231e-05
305/348 [=========================>....] - ETA: 0s - batch_cost: 0.0198 - reader cost: 8.5383e-05
308/348 [=========================>....] - ETA: 0s - batch_cost: 0.0198 - reader cost: 8.9430e-05
311/348 [=========================>....] - ETA: 0s - batch_cost: 0.0197 - reader cost: 8.8568e-05
314/348 [==========================>...] - ETA: 0s - batch_cost: 0.0197 - reader cost: 8.7721e-05
317/348 [==========================>...] - ETA: 0s - batch_cost: 0.0198 - reader cost: 8.6891e-05
321/348 [==========================>...] - ETA: 0s - batch_cost: 0.0197 - reader cost: 9.2037e-05
324/348 [==========================>...] - ETA: 0s - batch_cost: 0.0197 - reader cost: 9.1185e-05
327/348 [===========================>..] - ETA: 0s - batch_cost: 0.0197 - reader cost: 9.3409e-05
330/348 [===========================>..] - ETA: 0s - batch_cost: 0.0197 - reader cost: 9.2560e-05
333/348 [===========================>..] - ETA: 0s - batch_cost: 0.0197 - reader cost: 9.1726e-05
336/348 [===========================>..] - ETA: 0s - batch_cost: 0.0197 - reader cost: 9.0907e-05
339/348 [============================>.] - ETA: 0s - batch_cost: 0.0197 - reader cost: 9.0103e-05
342/348 [============================>.] - ETA: 0s - batch_cost: 0.0197 - reader cost: 8.9312e-05
345/348 [============================>.] - ETA: 0s - batch_cost: 0.0197 - reader cost: 8.8536e-05
348/348 [==============================] - 7s 20ms/step - batch_cost: 0.0197 - reader cost: 8.7772e-05

  1/348 [..............................] - ETA: 12s - batch_cost: 0.0348 - reader cost: 0.0088
  4/348 [..............................] - ETA: 8s - batch_cost: 0.0256 - reader cost: 0.0022 
  7/348 [..............................] - ETA: 8s - batch_cost: 0.0237 - reader cost: 0.0013
 10/348 [..............................] - ETA: 8s - batch_cost: 0.0239 - reader cost: 8.7533e-04
 13/348 [>.............................] - ETA: 7s - batch_cost: 0.0231 - reader cost: 6.7333e-04
 16/348 [>.............................] - ETA: 7s - batch_cost: 0.0223 - reader cost: 5.4708e-04
 19/348 [>.............................] - ETA: 7s - batch_cost: 0.0219 - reader cost: 4.6070e-04
 23/348 [>.............................] - ETA: 6s - batch_cost: 0.0209 - reader cost: 3.8058e-04
 27/348 [=>............................] - ETA: 6s - batch_cost: 0.0202 - reader cost: 3.2420e-04
 31/348 [=>............................] - ETA: 6s - batch_cost: 0.0196 - reader cost: 2.8236e-04
 34/348 [=>............................] - ETA: 6s - batch_cost: 0.0194 - reader cost: 2.5745e-04
 37/348 [==>...........................] - ETA: 6s - batch_cost: 0.0193 - reader cost: 2.3658e-04
 40/348 [==>...........................] - ETA: 6s - batch_cost: 0.0196 - reader cost: 2.1883e-04
 42/348 [==>...........................] - ETA: 6s - batch_cost: 0.0199 - reader cost: 2.0841e-04
 45/348 [==>...........................] - ETA: 6s - batch_cost: 0.0197 - reader cost: 1.9452e-04
 48/348 [===>..........................] - ETA: 6s - batch_cost: 0.0198 - reader cost: 2.0304e-04
 50/348 [===>..........................] - ETA: 6s - batch_cost: 0.0200 - reader cost: 1.9492e-04
 53/348 [===>..........................] - ETA: 5s - batch_cost: 0.0199 - reader cost: 1.8389e-04
 57/348 [===>..........................] - ETA: 5s - batch_cost: 0.0197 - reader cost: 1.7098e-04
 61/348 [====>.........................] - ETA: 5s - batch_cost: 0.0194 - reader cost: 1.5977e-04
 64/348 [====>.........................] - ETA: 5s - batch_cost: 0.0193 - reader cost: 1.5228e-04
 67/348 [====>.........................] - ETA: 5s - batch_cost: 0.0192 - reader cost: 1.6038e-04
 70/348 [=====>........................] - ETA: 5s - batch_cost: 0.0192 - reader cost: 1.6780e-04
 73/348 [=====>........................] - ETA: 5s - batch_cost: 0.0192 - reader cost: 1.6090e-04
 76/348 [=====>........................] - ETA: 5s - batch_cost: 0.0191 - reader cost: 1.5455e-04
 79/348 [=====>........................] - ETA: 5s - batch_cost: 0.0192 - reader cost: 1.4868e-04
 83/348 [======>.......................] - ETA: 5s - batch_cost: 0.0190 - reader cost: 1.4151e-04
 87/348 [======>.......................] - ETA: 5s - batch_cost: 0.0189 - reader cost: 1.3501e-04
 90/348 [======>.......................] - ETA: 4s - batch_cost: 0.0189 - reader cost: 1.3051e-04
 94/348 [=======>......................] - ETA: 4s - batch_cost: 0.0188 - reader cost: 1.2495e-04
 98/348 [=======>......................] - ETA: 4s - batch_cost: 0.0186 - reader cost: 1.1985e-04
101/348 [=======>......................] - ETA: 4s - batch_cost: 0.0186 - reader cost: 1.1629e-04
103/348 [=======>......................] - ETA: 4s - batch_cost: 0.0187 - reader cost: 1.1404e-04
106/348 [========>.....................] - ETA: 4s - batch_cost: 0.0188 - reader cost: 1.1081e-04
109/348 [========>.....................] - ETA: 4s - batch_cost: 0.0188 - reader cost: 1.0776e-04
111/348 [========>.....................] - ETA: 4s - batch_cost: 0.0189 - reader cost: 1.0582e-04
113/348 [========>.....................] - ETA: 4s - batch_cost: 0.0191 - reader cost: 1.0394e-04
117/348 [=========>....................] - ETA: 4s - batch_cost: 0.0189 - reader cost: 1.0039e-04
121/348 [=========>....................] - ETA: 4s - batch_cost: 0.0189 - reader cost: 9.7072e-05
125/348 [=========>....................] - ETA: 4s - batch_cost: 0.0188 - reader cost: 9.3966e-05
128/348 [==========>...................] - ETA: 4s - batch_cost: 0.0188 - reader cost: 9.1763e-05
131/348 [==========>...................] - ETA: 4s - batch_cost: 0.0187 - reader cost: 8.9662e-05
134/348 [==========>...................] - ETA: 4s - batch_cost: 0.0187 - reader cost: 8.7654e-05
137/348 [==========>...................] - ETA: 3s - batch_cost: 0.0187 - reader cost: 8.5735e-05
141/348 [===========>..................] - ETA: 3s - batch_cost: 0.0186 - reader cost: 8.3303e-05
144/348 [===========>..................] - ETA: 3s - batch_cost: 0.0187 - reader cost: 8.1567e-05
146/348 [===========>..................] - ETA: 3s - batch_cost: 0.0188 - reader cost: 8.0450e-05
149/348 [===========>..................] - ETA: 3s - batch_cost: 0.0188 - reader cost: 7.8830e-05
152/348 [============>.................] - ETA: 3s - batch_cost: 0.0189 - reader cost: 7.7274e-05
155/348 [============>.................] - ETA: 3s - batch_cost: 0.0189 - reader cost: 7.5779e-05
158/348 [============>.................] - ETA: 3s - batch_cost: 0.0189 - reader cost: 8.0664e-05
161/348 [============>.................] - ETA: 3s - batch_cost: 0.0189 - reader cost: 7.9161e-05
164/348 [=============>................] - ETA: 3s - batch_cost: 0.0190 - reader cost: 7.7713e-05
167/348 [=============>................] - ETA: 3s - batch_cost: 0.0190 - reader cost: 8.2303e-05
171/348 [=============>................] - ETA: 3s - batch_cost: 0.0189 - reader cost: 8.6179e-05
174/348 [==============>...............] - ETA: 3s - batch_cost: 0.0189 - reader cost: 8.4693e-05
177/348 [==============>...............] - ETA: 3s - batch_cost: 0.0189 - reader cost: 8.3258e-05
180/348 [==============>...............] - ETA: 3s - batch_cost: 0.0189 - reader cost: 8.1870e-05
183/348 [==============>...............] - ETA: 3s - batch_cost: 0.0189 - reader cost: 8.0528e-05
186/348 [===============>..............] - ETA: 3s - batch_cost: 0.0189 - reader cost: 7.9229e-05
189/348 [===============>..............] - ETA: 3s - batch_cost: 0.0189 - reader cost: 7.7972e-05
192/348 [===============>..............] - ETA: 2s - batch_cost: 0.0189 - reader cost: 7.6753e-05
196/348 [===============>..............] - ETA: 2s - batch_cost: 0.0188 - reader cost: 7.5187e-05
200/348 [================>.............] - ETA: 2s - batch_cost: 0.0188 - reader cost: 7.8686e-05
203/348 [================>.............] - ETA: 2s - batch_cost: 0.0187 - reader cost: 7.7524e-05
206/348 [================>.............] - ETA: 2s - batch_cost: 0.0187 - reader cost: 7.6395e-05
209/348 [=================>............] - ETA: 2s - batch_cost: 0.0187 - reader cost: 7.5298e-05
212/348 [=================>............] - ETA: 2s - batch_cost: 0.0187 - reader cost: 7.4233e-05
215/348 [=================>............] - ETA: 2s - batch_cost: 0.0187 - reader cost: 7.3197e-05
218/348 [=================>............] - ETA: 2s - batch_cost: 0.0187 - reader cost: 7.2189e-05
221/348 [==================>...........] - ETA: 2s - batch_cost: 0.0187 - reader cost: 7.5701e-05
224/348 [==================>...........] - ETA: 2s - batch_cost: 0.0187 - reader cost: 7.4687e-05
227/348 [==================>...........] - ETA: 2s - batch_cost: 0.0187 - reader cost: 7.3700e-05
230/348 [==================>...........] - ETA: 2s - batch_cost: 0.0187 - reader cost: 7.2738e-05
232/348 [===================>..........] - ETA: 2s - batch_cost: 0.0188 - reader cost: 7.2111e-05
234/348 [===================>..........] - ETA: 2s - batch_cost: 0.0189 - reader cost: 7.1495e-05
236/348 [===================>..........] - ETA: 2s - batch_cost: 0.0189 - reader cost: 7.0889e-05
238/348 [===================>..........] - ETA: 2s - batch_cost: 0.0190 - reader cost: 7.0293e-05
240/348 [===================>..........] - ETA: 2s - batch_cost: 0.0190 - reader cost: 6.9708e-05
243/348 [===================>..........] - ETA: 2s - batch_cost: 0.0190 - reader cost: 6.8847e-05
246/348 [====================>.........] - ETA: 1s - batch_cost: 0.0191 - reader cost: 6.8007e-05
249/348 [====================>.........] - ETA: 1s - batch_cost: 0.0190 - reader cost: 6.7188e-05
252/348 [====================>.........] - ETA: 1s - batch_cost: 0.0191 - reader cost: 6.6388e-05
255/348 [====================>.........] - ETA: 1s - batch_cost: 0.0191 - reader cost: 6.5607e-05
258/348 [=====================>........] - ETA: 1s - batch_cost: 0.0191 - reader cost: 6.4844e-05
261/348 [=====================>........] - ETA: 1s - batch_cost: 0.0191 - reader cost: 6.4099e-05
263/348 [=====================>........] - ETA: 1s - batch_cost: 0.0192 - reader cost: 6.3612e-05
266/348 [=====================>........] - ETA: 1s - batch_cost: 0.0192 - reader cost: 6.2894e-05
269/348 [======================>.......] - ETA: 1s - batch_cost: 0.0192 - reader cost: 6.2193e-05
272/348 [======================>.......] - ETA: 1s - batch_cost: 0.0192 - reader cost: 6.1507e-05
276/348 [======================>.......] - ETA: 1s - batch_cost: 0.0191 - reader cost: 6.0615e-05
280/348 [=======================>......] - ETA: 1s - batch_cost: 0.0191 - reader cost: 5.9749e-05
283/348 [=======================>......] - ETA: 1s - batch_cost: 0.0191 - reader cost: 5.9116e-05
286/348 [=======================>......] - ETA: 1s - batch_cost: 0.0191 - reader cost: 5.8496e-05
289/348 [=======================>......] - ETA: 1s - batch_cost: 0.0191 - reader cost: 5.7889e-05
292/348 [========================>.....] - ETA: 1s - batch_cost: 0.0191 - reader cost: 5.7294e-05
295/348 [========================>.....] - ETA: 1s - batch_cost: 0.0190 - reader cost: 5.6711e-05
298/348 [========================>.....] - ETA: 0s - batch_cost: 0.0190 - reader cost: 5.6140e-05
302/348 [=========================>....] - ETA: 0s - batch_cost: 0.0190 - reader cost: 5.5397e-05
305/348 [=========================>....] - ETA: 0s - batch_cost: 0.0190 - reader cost: 5.4852e-05
308/348 [=========================>....] - ETA: 0s - batch_cost: 0.0190 - reader cost: 5.4318e-05
311/348 [=========================>....] - ETA: 0s - batch_cost: 0.0190 - reader cost: 5.3794e-05
315/348 [==========================>...] - ETA: 0s - batch_cost: 0.0189 - reader cost: 5.3111e-05
318/348 [==========================>...] - ETA: 0s - batch_cost: 0.0189 - reader cost: 5.2610e-05
321/348 [==========================>...] - ETA: 0s - batch_cost: 0.0189 - reader cost: 5.2118e-05
324/348 [==========================>...] - ETA: 0s - batch_cost: 0.0189 - reader cost: 5.1635e-05
327/348 [===========================>..] - ETA: 0s - batch_cost: 0.0189 - reader cost: 5.1162e-05
330/348 [===========================>..] - ETA: 0s - batch_cost: 0.0189 - reader cost: 5.0696e-05
333/348 [===========================>..] - ETA: 0s - batch_cost: 0.0189 - reader cost: 5.0240e-05
336/348 [===========================>..] - ETA: 0s - batch_cost: 0.0190 - reader cost: 4.9791e-05
339/348 [============================>.] - ETA: 0s - batch_cost: 0.0190 - reader cost: 4.9351e-05
342/348 [============================>.] - ETA: 0s - batch_cost: 0.0190 - reader cost: 4.8918e-05
345/348 [============================>.] - ETA: 0s - batch_cost: 0.0190 - reader cost: 4.8492e-05
348/348 [==============================] - 7s 19ms/step - batch_cost: 0.0190 - reader cost: 4.8074e-05

  1/348 [..............................] - ETA: 12s - batch_cost: 0.0347 - reader cost: 0.0077
  4/348 [..............................] - ETA: 7s - batch_cost: 0.0216 - reader cost: 0.0019 
  7/348 [..............................] - ETA: 6s - batch_cost: 0.0197 - reader cost: 0.0011
 10/348 [..............................] - ETA: 6s - batch_cost: 0.0194 - reader cost: 7.6849e-04
 14/348 [>.............................] - ETA: 6s - batch_cost: 0.0184 - reader cost: 5.4892e-04
 18/348 [>.............................] - ETA: 5s - batch_cost: 0.0178 - reader cost: 4.2694e-04
 21/348 [>.............................] - ETA: 5s - batch_cost: 0.0181 - reader cost: 3.6595e-04
 24/348 [=>............................] - ETA: 5s - batch_cost: 0.0183 - reader cost: 3.2021e-04
 27/348 [=>............................] - ETA: 5s - batch_cost: 0.0182 - reader cost: 2.8463e-04
 31/348 [=>............................] - ETA: 5s - batch_cost: 0.0179 - reader cost: 2.4790e-04
 35/348 [==>...........................] - ETA: 5s - batch_cost: 0.0177 - reader cost: 2.4813e-04
 38/348 [==>...........................] - ETA: 5s - batch_cost: 0.0177 - reader cost: 2.2854e-04
 42/348 [==>...........................] - ETA: 5s - batch_cost: 0.0176 - reader cost: 2.0677e-04
 46/348 [==>...........................] - ETA: 5s - batch_cost: 0.0175 - reader cost: 2.0338e-04
 49/348 [===>..........................] - ETA: 5s - batch_cost: 0.0175 - reader cost: 1.9093e-04
 52/348 [===>..........................] - ETA: 5s - batch_cost: 0.0176 - reader cost: 1.7991e-04
 55/348 [===>..........................] - ETA: 5s - batch_cost: 0.0177 - reader cost: 1.8828e-04
 58/348 [====>.........................] - ETA: 5s - batch_cost: 0.0178 - reader cost: 1.7854e-04
 61/348 [====>.........................] - ETA: 5s - batch_cost: 0.0180 - reader cost: 1.6976e-04
 65/348 [====>.........................] - ETA: 5s - batch_cost: 0.0178 - reader cost: 1.5931e-04
 68/348 [====>.........................] - ETA: 5s - batch_cost: 0.0178 - reader cost: 1.5229e-04
 72/348 [=====>........................] - ETA: 4s - batch_cost: 0.0178 - reader cost: 1.4383e-04
 75/348 [=====>........................] - ETA: 4s - batch_cost: 0.0180 - reader cost: 1.3807e-04
 78/348 [=====>........................] - ETA: 4s - batch_cost: 0.0180 - reader cost: 1.3276e-04
 81/348 [=====>........................] - ETA: 4s - batch_cost: 0.0180 - reader cost: 1.2785e-04
 84/348 [======>.......................] - ETA: 4s - batch_cost: 0.0180 - reader cost: 1.2328e-04
 87/348 [======>.......................] - ETA: 4s - batch_cost: 0.0180 - reader cost: 1.1903e-04
 90/348 [======>.......................] - ETA: 4s - batch_cost: 0.0180 - reader cost: 1.1506e-04
 94/348 [=======>......................] - ETA: 4s - batch_cost: 0.0179 - reader cost: 1.1016e-04
 97/348 [=======>......................] - ETA: 4s - batch_cost: 0.0179 - reader cost: 1.0676e-04
100/348 [=======>......................] - ETA: 4s - batch_cost: 0.0180 - reader cost: 1.0355e-04
103/348 [=======>......................] - ETA: 4s - batch_cost: 0.0180 - reader cost: 1.0054e-04
106/348 [========>.....................] - ETA: 4s - batch_cost: 0.0181 - reader cost: 9.7693e-05
109/348 [========>.....................] - ETA: 4s - batch_cost: 0.0182 - reader cost: 9.5004e-05
111/348 [========>.....................] - ETA: 4s - batch_cost: 0.0184 - reader cost: 9.3293e-05
114/348 [========>.....................] - ETA: 4s - batch_cost: 0.0185 - reader cost: 9.0837e-05
117/348 [=========>....................] - ETA: 4s - batch_cost: 0.0185 - reader cost: 9.7057e-05
119/348 [=========>....................] - ETA: 4s - batch_cost: 0.0186 - reader cost: 9.5426e-05
121/348 [=========>....................] - ETA: 4s - batch_cost: 0.0187 - reader cost: 9.3848e-05
124/348 [=========>....................] - ETA: 4s - batch_cost: 0.0187 - reader cost: 9.1578e-05
127/348 [=========>....................] - ETA: 4s - batch_cost: 0.0187 - reader cost: 8.9414e-05
131/348 [==========>...................] - ETA: 4s - batch_cost: 0.0186 - reader cost: 8.6684e-05
134/348 [==========>...................] - ETA: 4s - batch_cost: 0.0186 - reader cost: 8.4744e-05
138/348 [==========>...................] - ETA: 3s - batch_cost: 0.0185 - reader cost: 8.2287e-05
142/348 [===========>..................] - ETA: 3s - batch_cost: 0.0184 - reader cost: 7.9969e-05
145/348 [===========>..................] - ETA: 3s - batch_cost: 0.0184 - reader cost: 8.1784e-05
148/348 [===========>..................] - ETA: 3s - batch_cost: 0.0184 - reader cost: 8.0126e-05
151/348 [============>.................] - ETA: 3s - batch_cost: 0.0184 - reader cost: 7.8534e-05
154/348 [============>.................] - ETA: 3s - batch_cost: 0.0184 - reader cost: 8.3447e-05
158/348 [============>.................] - ETA: 3s - batch_cost: 0.0184 - reader cost: 8.1334e-05
161/348 [============>.................] - ETA: 3s - batch_cost: 0.0184 - reader cost: 8.5985e-05
164/348 [=============>................] - ETA: 3s - batch_cost: 0.0184 - reader cost: 8.4412e-05
167/348 [=============>................] - ETA: 3s - batch_cost: 0.0184 - reader cost: 8.2895e-05
170/348 [=============>................] - ETA: 3s - batch_cost: 0.0184 - reader cost: 8.1433e-05
173/348 [=============>................] - ETA: 3s - batch_cost: 0.0184 - reader cost: 8.0020e-05
176/348 [==============>...............] - ETA: 3s - batch_cost: 0.0184 - reader cost: 7.8656e-05
179/348 [==============>...............] - ETA: 3s - batch_cost: 0.0185 - reader cost: 7.7338e-05
182/348 [==============>...............] - ETA: 3s - batch_cost: 0.0185 - reader cost: 7.6063e-05
185/348 [==============>...............] - ETA: 3s - batch_cost: 0.0185 - reader cost: 7.4830e-05
189/348 [===============>..............] - ETA: 2s - batch_cost: 0.0184 - reader cost: 7.3246e-05
193/348 [===============>..............] - ETA: 2s - batch_cost: 0.0184 - reader cost: 7.1728e-05
196/348 [===============>..............] - ETA: 2s - batch_cost: 0.0184 - reader cost: 7.0630e-05
199/348 [================>.............] - ETA: 2s - batch_cost: 0.0184 - reader cost: 6.9566e-05
202/348 [================>.............] - ETA: 2s - batch_cost: 0.0185 - reader cost: 6.8532e-05
205/348 [================>.............] - ETA: 2s - batch_cost: 0.0185 - reader cost: 6.7529e-05
208/348 [================>.............] - ETA: 2s - batch_cost: 0.0185 - reader cost: 6.6555e-05
211/348 [=================>............] - ETA: 2s - batch_cost: 0.0185 - reader cost: 6.5609e-05
214/348 [=================>............] - ETA: 2s - batch_cost: 0.0185 - reader cost: 6.9360e-05
217/348 [=================>............] - ETA: 2s - batch_cost: 0.0185 - reader cost: 6.8401e-05
221/348 [==================>...........] - ETA: 2s - batch_cost: 0.0185 - reader cost: 6.7163e-05
224/348 [==================>...........] - ETA: 2s - batch_cost: 0.0185 - reader cost: 6.6263e-05
227/348 [==================>...........] - ETA: 2s - batch_cost: 0.0186 - reader cost: 6.7623e-05
230/348 [==================>...........] - ETA: 2s - batch_cost: 0.0185 - reader cost: 6.6741e-05
234/348 [===================>..........] - ETA: 2s - batch_cost: 0.0185 - reader cost: 6.5600e-05
237/348 [===================>..........] - ETA: 2s - batch_cost: 0.0185 - reader cost: 6.8991e-05
240/348 [===================>..........] - ETA: 2s - batch_cost: 0.0185 - reader cost: 6.8129e-05
243/348 [===================>..........] - ETA: 1s - batch_cost: 0.0185 - reader cost: 6.7288e-05
246/348 [====================>.........] - ETA: 1s - batch_cost: 0.0185 - reader cost: 6.6467e-05
249/348 [====================>.........] - ETA: 1s - batch_cost: 0.0185 - reader cost: 6.5667e-05
252/348 [====================>.........] - ETA: 1s - batch_cost: 0.0186 - reader cost: 6.4885e-05
256/348 [=====================>........] - ETA: 1s - batch_cost: 0.0185 - reader cost: 6.3871e-05
259/348 [=====================>........] - ETA: 1s - batch_cost: 0.0185 - reader cost: 6.3131e-05
262/348 [=====================>........] - ETA: 1s - batch_cost: 0.0186 - reader cost: 6.2408e-05
264/348 [=====================>........] - ETA: 1s - batch_cost: 0.0186 - reader cost: 6.1936e-05
266/348 [=====================>........] - ETA: 1s - batch_cost: 0.0187 - reader cost: 6.1470e-05
268/348 [======================>.......] - ETA: 1s - batch_cost: 0.0187 - reader cost: 6.1011e-05
271/348 [======================>.......] - ETA: 1s - batch_cost: 0.0188 - reader cost: 6.0336e-05
274/348 [======================>.......] - ETA: 1s - batch_cost: 0.0188 - reader cost: 5.9675e-05
277/348 [======================>.......] - ETA: 1s - batch_cost: 0.0188 - reader cost: 5.9029e-05
279/348 [=======================>......] - ETA: 1s - batch_cost: 0.0189 - reader cost: 5.8606e-05
282/348 [=======================>......] - ETA: 1s - batch_cost: 0.0189 - reader cost: 5.7982e-05
285/348 [=======================>......] - ETA: 1s - batch_cost: 0.0189 - reader cost: 5.7372e-05
288/348 [=======================>......] - ETA: 1s - batch_cost: 0.0189 - reader cost: 5.6774e-05
291/348 [========================>.....] - ETA: 1s - batch_cost: 0.0189 - reader cost: 5.6189e-05
294/348 [========================>.....] - ETA: 1s - batch_cost: 0.0189 - reader cost: 5.5616e-05
298/348 [========================>.....] - ETA: 0s - batch_cost: 0.0189 - reader cost: 5.4869e-05
301/348 [========================>.....] - ETA: 0s - batch_cost: 0.0189 - reader cost: 5.4322e-05
305/348 [=========================>....] - ETA: 0s - batch_cost: 0.0188 - reader cost: 5.3610e-05
308/348 [=========================>....] - ETA: 0s - batch_cost: 0.0188 - reader cost: 5.3088e-05
311/348 [=========================>....] - ETA: 0s - batch_cost: 0.0188 - reader cost: 5.2576e-05
314/348 [==========================>...] - ETA: 0s - batch_cost: 0.0188 - reader cost: 5.5265e-05
317/348 [==========================>...] - ETA: 0s - batch_cost: 0.0188 - reader cost: 5.4742e-05
320/348 [==========================>...] - ETA: 0s - batch_cost: 0.0188 - reader cost: 5.4229e-05
323/348 [==========================>...] - ETA: 0s - batch_cost: 0.0189 - reader cost: 5.3725e-05
325/348 [===========================>..] - ETA: 0s - batch_cost: 0.0189 - reader cost: 5.3395e-05
327/348 [===========================>..] - ETA: 0s - batch_cost: 0.0190 - reader cost: 5.3068e-05
329/348 [===========================>..] - ETA: 0s - batch_cost: 0.0190 - reader cost: 5.2746e-05
331/348 [===========================>..] - ETA: 0s - batch_cost: 0.0191 - reader cost: 5.2427e-05
333/348 [===========================>..] - ETA: 0s - batch_cost: 0.0191 - reader cost: 5.2112e-05
335/348 [===========================>..] - ETA: 0s - batch_cost: 0.0192 - reader cost: 5.1801e-05
338/348 [============================>.] - ETA: 0s - batch_cost: 0.0192 - reader cost: 5.1341e-05
341/348 [============================>.] - ETA: 0s - batch_cost: 0.0193 - reader cost: 5.0889e-05
344/348 [============================>.] - ETA: 0s - batch_cost: 0.0193 - reader cost: 5.2270e-05
346/348 [============================>.] - ETA: 0s - batch_cost: 0.0193 - reader cost: 5.1968e-05
348/348 [==============================] - 7s 20ms/step - batch_cost: 0.0193 - reader cost: 5.1669e-05

  1/348 [..............................] - ETA: 12s - batch_cost: 0.0360 - reader cost: 0.0119
  4/348 [..............................] - ETA: 8s - batch_cost: 0.0254 - reader cost: 0.0030 
  7/348 [..............................] - ETA: 8s - batch_cost: 0.0236 - reader cost: 0.0018
 10/348 [..............................] - ETA: 7s - batch_cost: 0.0226 - reader cost: 0.0013
 13/348 [>.............................] - ETA: 7s - batch_cost: 0.0218 - reader cost: 9.8951e-04
 16/348 [>.............................] - ETA: 7s - batch_cost: 0.0220 - reader cost: 8.0398e-04
 20/348 [>.............................] - ETA: 7s - batch_cost: 0.0212 - reader cost: 6.4318e-04
 23/348 [>.............................] - ETA: 6s - batch_cost: 0.0206 - reader cost: 5.5929e-04
 26/348 [=>............................] - ETA: 6s - batch_cost: 0.0202 - reader cost: 4.9476e-04
 29/348 [=>............................] - ETA: 6s - batch_cost: 0.0201 - reader cost: 4.4357e-04
 32/348 [=>............................] - ETA: 6s - batch_cost: 0.0198 - reader cost: 4.0199e-04
 35/348 [==>...........................] - ETA: 6s - batch_cost: 0.0197 - reader cost: 3.6753e-04
 38/348 [==>...........................] - ETA: 6s - batch_cost: 0.0197 - reader cost: 3.3852e-04
 41/348 [==>...........................] - ETA: 6s - batch_cost: 0.0197 - reader cost: 3.3034e-04
 44/348 [==>...........................] - ETA: 5s - batch_cost: 0.0194 - reader cost: 3.3055e-04
 47/348 [===>..........................] - ETA: 5s - batch_cost: 0.0195 - reader cost: 3.0945e-04
 50/348 [===>..........................] - ETA: 5s - batch_cost: 0.0196 - reader cost: 3.1088e-04
 53/348 [===>..........................] - ETA: 5s - batch_cost: 0.0198 - reader cost: 2.9329e-04
 56/348 [===>..........................] - ETA: 5s - batch_cost: 0.0200 - reader cost: 2.7757e-04
 59/348 [====>.........................] - ETA: 5s - batch_cost: 0.0201 - reader cost: 2.6346e-04
 62/348 [====>.........................] - ETA: 5s - batch_cost: 0.0203 - reader cost: 2.5071e-04
 64/348 [====>.........................] - ETA: 5s - batch_cost: 0.0205 - reader cost: 2.4288e-04
 67/348 [====>.........................] - ETA: 5s - batch_cost: 0.0203 - reader cost: 2.3200e-04
 70/348 [=====>........................] - ETA: 5s - batch_cost: 0.0203 - reader cost: 2.2206e-04
 73/348 [=====>........................] - ETA: 5s - batch_cost: 0.0201 - reader cost: 2.1293e-04
 76/348 [=====>........................] - ETA: 5s - batch_cost: 0.0202 - reader cost: 2.0453e-04
 79/348 [=====>........................] - ETA: 5s - batch_cost: 0.0203 - reader cost: 2.0941e-04
 82/348 [======>.......................] - ETA: 5s - batch_cost: 0.0203 - reader cost: 2.0175e-04
 85/348 [======>.......................] - ETA: 5s - batch_cost: 0.0202 - reader cost: 1.9463e-04
 88/348 [======>.......................] - ETA: 5s - batch_cost: 0.0202 - reader cost: 1.8799e-04
 91/348 [======>.......................] - ETA: 5s - batch_cost: 0.0201 - reader cost: 1.8180e-04
 94/348 [=======>......................] - ETA: 5s - batch_cost: 0.0201 - reader cost: 1.7599e-04
 97/348 [=======>......................] - ETA: 5s - batch_cost: 0.0202 - reader cost: 1.7055e-04
100/348 [=======>......................] - ETA: 5s - batch_cost: 0.0201 - reader cost: 1.6543e-04
103/348 [=======>......................] - ETA: 4s - batch_cost: 0.0201 - reader cost: 1.6062e-04
106/348 [========>.....................] - ETA: 4s - batch_cost: 0.0201 - reader cost: 1.6542e-04
109/348 [========>.....................] - ETA: 4s - batch_cost: 0.0200 - reader cost: 1.6087e-04
112/348 [========>.....................] - ETA: 4s - batch_cost: 0.0199 - reader cost: 1.5656e-04
115/348 [========>.....................] - ETA: 4s - batch_cost: 0.0200 - reader cost: 1.5248e-04
118/348 [=========>....................] - ETA: 4s - batch_cost: 0.0199 - reader cost: 1.4860e-04
121/348 [=========>....................] - ETA: 4s - batch_cost: 0.0200 - reader cost: 1.4492e-04
124/348 [=========>....................] - ETA: 4s - batch_cost: 0.0200 - reader cost: 1.4947e-04
127/348 [=========>....................] - ETA: 4s - batch_cost: 0.0200 - reader cost: 1.4594e-04
129/348 [==========>...................] - ETA: 4s - batch_cost: 0.0200 - reader cost: 1.4368e-04
132/348 [==========>...................] - ETA: 4s - batch_cost: 0.0201 - reader cost: 1.4042e-04
135/348 [==========>...................] - ETA: 4s - batch_cost: 0.0201 - reader cost: 1.3730e-04
138/348 [==========>...................] - ETA: 4s - batch_cost: 0.0201 - reader cost: 1.4159e-04
141/348 [===========>..................] - ETA: 4s - batch_cost: 0.0201 - reader cost: 1.3857e-04
144/348 [===========>..................] - ETA: 4s - batch_cost: 0.0201 - reader cost: 1.3569e-04
147/348 [===========>..................] - ETA: 4s - batch_cost: 0.0202 - reader cost: 1.3292e-04
150/348 [===========>..................] - ETA: 4s - batch_cost: 0.0201 - reader cost: 1.3026e-04
153/348 [============>.................] - ETA: 3s - batch_cost: 0.0201 - reader cost: 1.2771e-04
156/348 [============>.................] - ETA: 3s - batch_cost: 0.0201 - reader cost: 1.2525e-04
159/348 [============>.................] - ETA: 3s - batch_cost: 0.0200 - reader cost: 1.2289e-04
162/348 [============>.................] - ETA: 3s - batch_cost: 0.0200 - reader cost: 1.2061e-04
165/348 [=============>................] - ETA: 3s - batch_cost: 0.0201 - reader cost: 1.1842e-04
167/348 [=============>................] - ETA: 3s - batch_cost: 0.0202 - reader cost: 1.1700e-04
169/348 [=============>................] - ETA: 3s - batch_cost: 0.0203 - reader cost: 1.1561e-04
171/348 [=============>................] - ETA: 3s - batch_cost: 0.0204 - reader cost: 1.1426e-04
174/348 [==============>...............] - ETA: 3s - batch_cost: 0.0204 - reader cost: 1.1229e-04
176/348 [==============>...............] - ETA: 3s - batch_cost: 0.0205 - reader cost: 1.1670e-04
178/348 [==============>...............] - ETA: 3s - batch_cost: 0.0206 - reader cost: 1.1539e-04
181/348 [==============>...............] - ETA: 3s - batch_cost: 0.0205 - reader cost: 1.1348e-04
184/348 [==============>...............] - ETA: 3s - batch_cost: 0.0206 - reader cost: 1.1163e-04
187/348 [===============>..............] - ETA: 3s - batch_cost: 0.0206 - reader cost: 1.0984e-04
190/348 [===============>..............] - ETA: 3s - batch_cost: 0.0206 - reader cost: 1.0810e-04
193/348 [===============>..............] - ETA: 3s - batch_cost: 0.0206 - reader cost: 1.0642e-04
196/348 [===============>..............] - ETA: 3s - batch_cost: 0.0206 - reader cost: 1.0479e-04
199/348 [================>.............] - ETA: 3s - batch_cost: 0.0206 - reader cost: 1.0321e-04
202/348 [================>.............] - ETA: 3s - batch_cost: 0.0206 - reader cost: 1.0168e-04
204/348 [================>.............] - ETA: 3s - batch_cost: 0.0207 - reader cost: 1.0068e-04
207/348 [================>.............] - ETA: 2s - batch_cost: 0.0206 - reader cost: 9.9224e-05
210/348 [=================>............] - ETA: 2s - batch_cost: 0.0207 - reader cost: 1.0527e-04
213/348 [=================>............] - ETA: 2s - batch_cost: 0.0207 - reader cost: 1.0379e-04
216/348 [=================>............] - ETA: 2s - batch_cost: 0.0207 - reader cost: 1.0235e-04
219/348 [=================>............] - ETA: 2s - batch_cost: 0.0207 - reader cost: 1.0094e-04
222/348 [==================>...........] - ETA: 2s - batch_cost: 0.0206 - reader cost: 9.9579e-05
225/348 [==================>...........] - ETA: 2s - batch_cost: 0.0207 - reader cost: 9.8252e-05
228/348 [==================>...........] - ETA: 2s - batch_cost: 0.0206 - reader cost: 9.6959e-05
231/348 [==================>...........] - ETA: 2s - batch_cost: 0.0206 - reader cost: 9.5700e-05
234/348 [===================>..........] - ETA: 2s - batch_cost: 0.0206 - reader cost: 9.4473e-05
237/348 [===================>..........] - ETA: 2s - batch_cost: 0.0206 - reader cost: 9.3277e-05
240/348 [===================>..........] - ETA: 2s - batch_cost: 0.0206 - reader cost: 9.2111e-05
243/348 [===================>..........] - ETA: 2s - batch_cost: 0.0205 - reader cost: 9.5092e-05
246/348 [====================>.........] - ETA: 2s - batch_cost: 0.0206 - reader cost: 9.3932e-05
249/348 [====================>.........] - ETA: 2s - batch_cost: 0.0206 - reader cost: 9.2800e-05
252/348 [====================>.........] - ETA: 2s - batch_cost: 0.0206 - reader cost: 9.1696e-05
255/348 [====================>.........] - ETA: 1s - batch_cost: 0.0206 - reader cost: 9.0617e-05
257/348 [=====================>........] - ETA: 1s - batch_cost: 0.0206 - reader cost: 8.9912e-05
259/348 [=====================>........] - ETA: 1s - batch_cost: 0.0207 - reader cost: 8.9217e-05
262/348 [=====================>........] - ETA: 1s - batch_cost: 0.0207 - reader cost: 8.8196e-05
265/348 [=====================>........] - ETA: 1s - batch_cost: 0.0206 - reader cost: 8.7197e-05
268/348 [======================>.......] - ETA: 1s - batch_cost: 0.0206 - reader cost: 8.6221e-05
271/348 [======================>.......] - ETA: 1s - batch_cost: 0.0206 - reader cost: 8.5267e-05
274/348 [======================>.......] - ETA: 1s - batch_cost: 0.0207 - reader cost: 8.4333e-05
277/348 [======================>.......] - ETA: 1s - batch_cost: 0.0207 - reader cost: 8.3420e-05
280/348 [=======================>......] - ETA: 1s - batch_cost: 0.0207 - reader cost: 8.4366e-05
283/348 [=======================>......] - ETA: 1s - batch_cost: 0.0207 - reader cost: 8.3472e-05
286/348 [=======================>......] - ETA: 1s - batch_cost: 0.0208 - reader cost: 8.2596e-05
289/348 [=======================>......] - ETA: 1s - batch_cost: 0.0207 - reader cost: 8.1739e-05
291/348 [========================>.....] - ETA: 1s - batch_cost: 0.0208 - reader cost: 8.4622e-05
294/348 [========================>.....] - ETA: 1s - batch_cost: 0.0208 - reader cost: 8.3759e-05
297/348 [========================>.....] - ETA: 1s - batch_cost: 0.0208 - reader cost: 8.6280e-05
300/348 [========================>.....] - ETA: 1s - batch_cost: 0.0208 - reader cost: 8.5417e-05
303/348 [=========================>....] - ETA: 0s - batch_cost: 0.0208 - reader cost: 8.4572e-05
306/348 [=========================>....] - ETA: 0s - batch_cost: 0.0208 - reader cost: 8.3743e-05
309/348 [=========================>....] - ETA: 0s - batch_cost: 0.0208 - reader cost: 8.2930e-05
312/348 [=========================>....] - ETA: 0s - batch_cost: 0.0208 - reader cost: 8.2132e-05
315/348 [==========================>...] - ETA: 0s - batch_cost: 0.0209 - reader cost: 8.4525e-05
318/348 [==========================>...] - ETA: 0s - batch_cost: 0.0209 - reader cost: 8.3728e-05
321/348 [==========================>...] - ETA: 0s - batch_cost: 0.0209 - reader cost: 8.6063e-05
324/348 [==========================>...] - ETA: 0s - batch_cost: 0.0209 - reader cost: 8.5266e-05
327/348 [===========================>..] - ETA: 0s - batch_cost: 0.0209 - reader cost: 8.4484e-05
330/348 [===========================>..] - ETA: 0s - batch_cost: 0.0209 - reader cost: 8.3716e-05
333/348 [===========================>..] - ETA: 0s - batch_cost: 0.0209 - reader cost: 8.2962e-05
336/348 [===========================>..] - ETA: 0s - batch_cost: 0.0209 - reader cost: 8.2221e-05
339/348 [============================>.] - ETA: 0s - batch_cost: 0.0209 - reader cost: 8.3002e-05
342/348 [============================>.] - ETA: 0s - batch_cost: 0.0209 - reader cost: 8.2274e-05
346/348 [============================>.] - ETA: 0s - batch_cost: 0.0208 - reader cost: 8.1323e-05
348/348 [==============================] - 7s 21ms/step - batch_cost: 0.0208 - reader cost: 8.0855e-05

  1/348 [..............................] - ETA: 11s - batch_cost: 0.0335 - reader cost: 0.0070
  4/348 [..............................] - ETA: 8s - batch_cost: 0.0254 - reader cost: 0.0019 
  7/348 [..............................] - ETA: 7s - batch_cost: 0.0230 - reader cost: 0.0012
 10/348 [..............................] - ETA: 7s - batch_cost: 0.0222 - reader cost: 8.5182e-04
 13/348 [>.............................] - ETA: 7s - batch_cost: 0.0223 - reader cost: 6.5525e-04
 15/348 [>.............................] - ETA: 7s - batch_cost: 0.0230 - reader cost: 5.6788e-04
 17/348 [>.............................] - ETA: 7s - batch_cost: 0.0232 - reader cost: 5.0107e-04
 19/348 [>.............................] - ETA: 7s - batch_cost: 0.0239 - reader cost: 4.4833e-04
 22/348 [>.............................] - ETA: 7s - batch_cost: 0.0240 - reader cost: 3.8719e-04
 25/348 [=>............................] - ETA: 7s - batch_cost: 0.0238 - reader cost: 3.4073e-04
 27/348 [=>............................] - ETA: 7s - batch_cost: 0.0241 - reader cost: 3.1549e-04
 29/348 [=>............................] - ETA: 7s - batch_cost: 0.0244 - reader cost: 2.9373e-04
 32/348 [=>............................] - ETA: 7s - batch_cost: 0.0245 - reader cost: 2.6619e-04
 35/348 [==>...........................] - ETA: 7s - batch_cost: 0.0242 - reader cost: 2.4338e-04
 38/348 [==>...........................] - ETA: 7s - batch_cost: 0.0238 - reader cost: 2.2416e-04
 41/348 [==>...........................] - ETA: 7s - batch_cost: 0.0236 - reader cost: 2.0776e-04
 43/348 [==>...........................] - ETA: 7s - batch_cost: 0.0237 - reader cost: 1.9810e-04
 46/348 [==>...........................] - ETA: 7s - batch_cost: 0.0236 - reader cost: 1.8518e-04
 49/348 [===>..........................] - ETA: 7s - batch_cost: 0.0235 - reader cost: 1.9426e-04
 52/348 [===>..........................] - ETA: 7s - batch_cost: 0.0234 - reader cost: 1.8305e-04
 55/348 [===>..........................] - ETA: 6s - batch_cost: 0.0234 - reader cost: 1.7307e-04
 58/348 [====>.........................] - ETA: 6s - batch_cost: 0.0231 - reader cost: 1.6411e-04
 61/348 [====>.........................] - ETA: 6s - batch_cost: 0.0232 - reader cost: 1.5604e-04
 64/348 [====>.........................] - ETA: 6s - batch_cost: 0.0231 - reader cost: 1.4873e-04
 67/348 [====>.........................] - ETA: 6s - batch_cost: 0.0231 - reader cost: 1.5699e-04
 70/348 [=====>........................] - ETA: 6s - batch_cost: 0.0230 - reader cost: 1.5027e-04
 73/348 [=====>........................] - ETA: 6s - batch_cost: 0.0230 - reader cost: 1.4409e-04
 76/348 [=====>........................] - ETA: 6s - batch_cost: 0.0230 - reader cost: 1.3840e-04
 79/348 [=====>........................] - ETA: 6s - batch_cost: 0.0231 - reader cost: 1.3315e-04
 81/348 [=====>........................] - ETA: 6s - batch_cost: 0.0231 - reader cost: 1.2986e-04
 84/348 [======>.......................] - ETA: 6s - batch_cost: 0.0231 - reader cost: 1.2522e-04
 87/348 [======>.......................] - ETA: 6s - batch_cost: 0.0230 - reader cost: 1.2090e-04
 90/348 [======>.......................] - ETA: 5s - batch_cost: 0.0229 - reader cost: 1.2799e-04
 93/348 [=======>......................] - ETA: 5s - batch_cost: 0.0229 - reader cost: 1.3462e-04
 96/348 [=======>......................] - ETA: 5s - batch_cost: 0.0229 - reader cost: 1.3041e-04
 99/348 [=======>......................] - ETA: 5s - batch_cost: 0.0229 - reader cost: 1.2646e-04
102/348 [=======>......................] - ETA: 5s - batch_cost: 0.0228 - reader cost: 1.2274e-04
105/348 [========>.....................] - ETA: 5s - batch_cost: 0.0227 - reader cost: 1.1923e-04
108/348 [========>.....................] - ETA: 5s - batch_cost: 0.0227 - reader cost: 1.1592e-04
111/348 [========>.....................] - ETA: 5s - batch_cost: 0.0227 - reader cost: 1.1279e-04
114/348 [========>.....................] - ETA: 5s - batch_cost: 0.0226 - reader cost: 1.1859e-04
117/348 [=========>....................] - ETA: 5s - batch_cost: 0.0226 - reader cost: 1.1555e-04
120/348 [=========>....................] - ETA: 5s - batch_cost: 0.0226 - reader cost: 1.1266e-04
123/348 [=========>....................] - ETA: 5s - batch_cost: 0.0225 - reader cost: 1.0991e-04
126/348 [=========>....................] - ETA: 5s - batch_cost: 0.0225 - reader cost: 1.0729e-04
129/348 [==========>...................] - ETA: 4s - batch_cost: 0.0225 - reader cost: 1.0480e-04
132/348 [==========>...................] - ETA: 4s - batch_cost: 0.0225 - reader cost: 1.0623e-04
135/348 [==========>...................] - ETA: 4s - batch_cost: 0.0225 - reader cost: 1.0387e-04
138/348 [==========>...................] - ETA: 4s - batch_cost: 0.0225 - reader cost: 1.0161e-04
141/348 [===========>..................] - ETA: 4s - batch_cost: 0.0224 - reader cost: 9.9448e-05
144/348 [===========>..................] - ETA: 4s - batch_cost: 0.0224 - reader cost: 9.7376e-05
147/348 [===========>..................] - ETA: 4s - batch_cost: 0.0224 - reader cost: 1.0219e-04
149/348 [===========>..................] - ETA: 4s - batch_cost: 0.0225 - reader cost: 1.0082e-04
151/348 [============>.................] - ETA: 4s - batch_cost: 0.0225 - reader cost: 9.9485e-05
154/348 [============>.................] - ETA: 4s - batch_cost: 0.0226 - reader cost: 9.7547e-05
156/348 [============>.................] - ETA: 4s - batch_cost: 0.0226 - reader cost: 1.0270e-04
159/348 [============>.................] - ETA: 4s - batch_cost: 0.0226 - reader cost: 1.0076e-04
162/348 [============>.................] - ETA: 4s - batch_cost: 0.0225 - reader cost: 1.0511e-04
165/348 [=============>................] - ETA: 4s - batch_cost: 0.0225 - reader cost: 1.0927e-04
168/348 [=============>................] - ETA: 4s - batch_cost: 0.0225 - reader cost: 1.1329e-04
171/348 [=============>................] - ETA: 4s - batch_cost: 0.0224 - reader cost: 1.1130e-04
174/348 [==============>...............] - ETA: 3s - batch_cost: 0.0224 - reader cost: 1.1514e-04
177/348 [==============>...............] - ETA: 3s - batch_cost: 0.0223 - reader cost: 1.1319e-04
180/348 [==============>...............] - ETA: 3s - batch_cost: 0.0223 - reader cost: 1.1130e-04
183/348 [==============>...............] - ETA: 3s - batch_cost: 0.0222 - reader cost: 1.0948e-04
186/348 [===============>..............] - ETA: 3s - batch_cost: 0.0223 - reader cost: 1.1308e-04
189/348 [===============>..............] - ETA: 3s - batch_cost: 0.0222 - reader cost: 1.1129e-04
192/348 [===============>..............] - ETA: 3s - batch_cost: 0.0222 - reader cost: 1.1738e-04
195/348 [===============>..............] - ETA: 3s - batch_cost: 0.0222 - reader cost: 1.1557e-04
198/348 [================>.............] - ETA: 3s - batch_cost: 0.0222 - reader cost: 1.1382e-04
201/348 [================>.............] - ETA: 3s - batch_cost: 0.0222 - reader cost: 1.1212e-04
204/348 [================>.............] - ETA: 3s - batch_cost: 0.0222 - reader cost: 1.1047e-04
207/348 [================>.............] - ETA: 3s - batch_cost: 0.0222 - reader cost: 1.0887e-04
209/348 [=================>............] - ETA: 3s - batch_cost: 0.0222 - reader cost: 1.0783e-04
212/348 [=================>............] - ETA: 3s - batch_cost: 0.0223 - reader cost: 1.0630e-04
214/348 [=================>............] - ETA: 3s - batch_cost: 0.0223 - reader cost: 1.0531e-04
216/348 [=================>............] - ETA: 2s - batch_cost: 0.0224 - reader cost: 1.0433e-04
218/348 [=================>............] - ETA: 2s - batch_cost: 0.0224 - reader cost: 1.0338e-04
220/348 [=================>............] - ETA: 2s - batch_cost: 0.0225 - reader cost: 1.0244e-04
223/348 [==================>...........] - ETA: 2s - batch_cost: 0.0225 - reader cost: 1.0554e-04
225/348 [==================>...........] - ETA: 2s - batch_cost: 0.0225 - reader cost: 1.0460e-04
228/348 [==================>...........] - ETA: 2s - batch_cost: 0.0225 - reader cost: 1.0323e-04
231/348 [==================>...........] - ETA: 2s - batch_cost: 0.0225 - reader cost: 1.0189e-04
234/348 [===================>..........] - ETA: 2s - batch_cost: 0.0225 - reader cost: 1.0058e-04
237/348 [===================>..........] - ETA: 2s - batch_cost: 0.0225 - reader cost: 9.9308e-05
240/348 [===================>..........] - ETA: 2s - batch_cost: 0.0225 - reader cost: 9.8067e-05
243/348 [===================>..........] - ETA: 2s - batch_cost: 0.0225 - reader cost: 9.6856e-05
246/348 [====================>.........] - ETA: 2s - batch_cost: 0.0225 - reader cost: 9.5675e-05
249/348 [====================>.........] - ETA: 2s - batch_cost: 0.0224 - reader cost: 9.4522e-05
252/348 [====================>.........] - ETA: 2s - batch_cost: 0.0224 - reader cost: 9.3397e-05
255/348 [====================>.........] - ETA: 2s - batch_cost: 0.0224 - reader cost: 9.2298e-05
258/348 [=====================>........] - ETA: 2s - batch_cost: 0.0223 - reader cost: 9.1225e-05
261/348 [=====================>........] - ETA: 1s - batch_cost: 0.0223 - reader cost: 9.0176e-05
264/348 [=====================>........] - ETA: 1s - batch_cost: 0.0223 - reader cost: 8.9151e-05
266/348 [=====================>........] - ETA: 1s - batch_cost: 0.0223 - reader cost: 8.8481e-05
269/348 [======================>.......] - ETA: 1s - batch_cost: 0.0224 - reader cost: 8.7494e-05
272/348 [======================>.......] - ETA: 1s - batch_cost: 0.0224 - reader cost: 8.6529e-05
274/348 [======================>.......] - ETA: 1s - batch_cost: 0.0224 - reader cost: 8.5898e-05
277/348 [======================>.......] - ETA: 1s - batch_cost: 0.0224 - reader cost: 8.4967e-05
280/348 [=======================>......] - ETA: 1s - batch_cost: 0.0224 - reader cost: 8.4057e-05
283/348 [=======================>......] - ETA: 1s - batch_cost: 0.0224 - reader cost: 8.8478e-05
285/348 [=======================>......] - ETA: 1s - batch_cost: 0.0225 - reader cost: 8.7857e-05
287/348 [=======================>......] - ETA: 1s - batch_cost: 0.0225 - reader cost: 8.7245e-05
290/348 [========================>.....] - ETA: 1s - batch_cost: 0.0225 - reader cost: 8.6342e-05
292/348 [========================>.....] - ETA: 1s - batch_cost: 0.0225 - reader cost: 8.5751e-05
295/348 [========================>.....] - ETA: 1s - batch_cost: 0.0225 - reader cost: 8.4879e-05
298/348 [========================>.....] - ETA: 1s - batch_cost: 0.0225 - reader cost: 8.4024e-05
301/348 [========================>.....] - ETA: 1s - batch_cost: 0.0225 - reader cost: 8.3187e-05
304/348 [=========================>....] - ETA: 0s - batch_cost: 0.0225 - reader cost: 8.4021e-05
307/348 [=========================>....] - ETA: 0s - batch_cost: 0.0225 - reader cost: 8.3200e-05
310/348 [=========================>....] - ETA: 0s - batch_cost: 0.0225 - reader cost: 8.2395e-05
313/348 [=========================>....] - ETA: 0s - batch_cost: 0.0225 - reader cost: 8.1605e-05
315/348 [==========================>...] - ETA: 0s - batch_cost: 0.0225 - reader cost: 8.1087e-05
318/348 [==========================>...] - ETA: 0s - batch_cost: 0.0225 - reader cost: 8.0322e-05
321/348 [==========================>...] - ETA: 0s - batch_cost: 0.0225 - reader cost: 7.9572e-05
323/348 [==========================>...] - ETA: 0s - batch_cost: 0.0226 - reader cost: 7.9079e-05
326/348 [===========================>..] - ETA: 0s - batch_cost: 0.0226 - reader cost: 7.8351e-05
329/348 [===========================>..] - ETA: 0s - batch_cost: 0.0225 - reader cost: 7.7637e-05
332/348 [===========================>..] - ETA: 0s - batch_cost: 0.0226 - reader cost: 7.6935e-05
334/348 [===========================>..] - ETA: 0s - batch_cost: 0.0226 - reader cost: 7.6475e-05
337/348 [============================>.] - ETA: 0s - batch_cost: 0.0226 - reader cost: 7.5794e-05
340/348 [============================>.] - ETA: 0s - batch_cost: 0.0226 - reader cost: 7.5125e-05
343/348 [============================>.] - ETA: 0s - batch_cost: 0.0226 - reader cost: 7.4468e-05
346/348 [============================>.] - ETA: 0s - batch_cost: 0.0226 - reader cost: 7.3822e-05
348/348 [==============================] - 8s 23ms/step - batch_cost: 0.0226 - reader cost: 7.6271e-05

  1/348 [..............................] - ETA: 13s - batch_cost: 0.0383 - reader cost: 0.0132
  3/348 [..............................] - ETA: 11s - batch_cost: 0.0341 - reader cost: 0.0044
  6/348 [..............................] - ETA: 9s - batch_cost: 0.0268 - reader cost: 0.0022 
 10/348 [..............................] - ETA: 7s - batch_cost: 0.0226 - reader cost: 0.0013
 14/348 [>.............................] - ETA: 7s - batch_cost: 0.0209 - reader cost: 9.4475e-04
 18/348 [>.............................] - ETA: 6s - batch_cost: 0.0197 - reader cost: 7.3481e-04
 22/348 [>.............................] - ETA: 6s - batch_cost: 0.0190 - reader cost: 6.0120e-04
 25/348 [=>............................] - ETA: 6s - batch_cost: 0.0189 - reader cost: 5.2906e-04
 29/348 [=>............................] - ETA: 5s - batch_cost: 0.0186 - reader cost: 4.9058e-04
 32/348 [=>............................] - ETA: 5s - batch_cost: 0.0185 - reader cost: 4.4458e-04
 36/348 [==>...........................] - ETA: 5s - batch_cost: 0.0183 - reader cost: 3.9519e-04
 40/348 [==>...........................] - ETA: 5s - batch_cost: 0.0181 - reader cost: 3.5567e-04
 44/348 [==>...........................] - ETA: 5s - batch_cost: 0.0179 - reader cost: 3.4612e-04
 48/348 [===>..........................] - ETA: 5s - batch_cost: 0.0178 - reader cost: 3.1728e-04
 51/348 [===>..........................] - ETA: 5s - batch_cost: 0.0179 - reader cost: 2.9862e-04
 54/348 [===>..........................] - ETA: 5s - batch_cost: 0.0181 - reader cost: 2.8203e-04
 57/348 [===>..........................] - ETA: 5s - batch_cost: 0.0182 - reader cost: 2.6718e-04
 60/348 [====>.........................] - ETA: 5s - batch_cost: 0.0183 - reader cost: 2.7067e-04
 64/348 [====>.........................] - ETA: 5s - batch_cost: 0.0183 - reader cost: 2.5375e-04
 67/348 [====>.........................] - ETA: 5s - batch_cost: 0.0183 - reader cost: 2.4239e-04
 71/348 [=====>........................] - ETA: 5s - batch_cost: 0.0182 - reader cost: 2.2873e-04
 74/348 [=====>........................] - ETA: 5s - batch_cost: 0.0181 - reader cost: 2.1946e-04
 77/348 [=====>........................] - ETA: 4s - batch_cost: 0.0181 - reader cost: 2.1091e-04
 80/348 [=====>........................] - ETA: 4s - batch_cost: 0.0180 - reader cost: 2.0300e-04
 83/348 [======>.......................] - ETA: 4s - batch_cost: 0.0180 - reader cost: 1.9566e-04
 86/348 [======>.......................] - ETA: 4s - batch_cost: 0.0181 - reader cost: 1.8884e-04
 88/348 [======>.......................] - ETA: 4s - batch_cost: 0.0183 - reader cost: 1.9591e-04
 92/348 [======>.......................] - ETA: 4s - batch_cost: 0.0182 - reader cost: 1.8739e-04
 95/348 [=======>......................] - ETA: 4s - batch_cost: 0.0182 - reader cost: 1.8148e-04
 99/348 [=======>......................] - ETA: 4s - batch_cost: 0.0181 - reader cost: 1.7414e-04
103/348 [=======>......................] - ETA: 4s - batch_cost: 0.0180 - reader cost: 1.6738e-04
107/348 [========>.....................] - ETA: 4s - batch_cost: 0.0180 - reader cost: 1.6112e-04
110/348 [========>.....................] - ETA: 4s - batch_cost: 0.0179 - reader cost: 1.5673e-04
114/348 [========>.....................] - ETA: 4s - batch_cost: 0.0179 - reader cost: 1.5123e-04
117/348 [=========>....................] - ETA: 4s - batch_cost: 0.0179 - reader cost: 1.4735e-04
120/348 [=========>....................] - ETA: 4s - batch_cost: 0.0179 - reader cost: 1.4367e-04
123/348 [=========>....................] - ETA: 4s - batch_cost: 0.0179 - reader cost: 1.4016e-04
126/348 [=========>....................] - ETA: 4s - batch_cost: 0.0178 - reader cost: 1.3683e-04
129/348 [==========>...................] - ETA: 3s - batch_cost: 0.0179 - reader cost: 1.3365e-04
132/348 [==========>...................] - ETA: 3s - batch_cost: 0.0180 - reader cost: 1.3061e-04
136/348 [==========>...................] - ETA: 3s - batch_cost: 0.0179 - reader cost: 1.2677e-04
140/348 [===========>..................] - ETA: 3s - batch_cost: 0.0179 - reader cost: 1.2314e-04
143/348 [===========>..................] - ETA: 3s - batch_cost: 0.0179 - reader cost: 1.2756e-04
146/348 [===========>..................] - ETA: 3s - batch_cost: 0.0180 - reader cost: 1.2494e-04
148/348 [===========>..................] - ETA: 3s - batch_cost: 0.0181 - reader cost: 1.2325e-04
151/348 [============>.................] - ETA: 3s - batch_cost: 0.0183 - reader cost: 1.2080e-04
153/348 [============>.................] - ETA: 3s - batch_cost: 0.0183 - reader cost: 1.1922e-04
157/348 [============>.................] - ETA: 3s - batch_cost: 0.0183 - reader cost: 1.1619e-04
160/348 [============>.................] - ETA: 3s - batch_cost: 0.0183 - reader cost: 1.2025e-04
163/348 [=============>................] - ETA: 3s - batch_cost: 0.0184 - reader cost: 1.2418e-04
165/348 [=============>................] - ETA: 3s - batch_cost: 0.0185 - reader cost: 1.2267e-04
167/348 [=============>................] - ETA: 3s - batch_cost: 0.0186 - reader cost: 1.2120e-04
169/348 [=============>................] - ETA: 3s - batch_cost: 0.0187 - reader cost: 1.2572e-04
172/348 [=============>................] - ETA: 3s - batch_cost: 0.0188 - reader cost: 1.2353e-04
175/348 [==============>...............] - ETA: 3s - batch_cost: 0.0188 - reader cost: 1.2141e-04
179/348 [==============>...............] - ETA: 3s - batch_cost: 0.0188 - reader cost: 1.1870e-04
183/348 [==============>...............] - ETA: 3s - batch_cost: 0.0187 - reader cost: 1.1610e-04
187/348 [===============>..............] - ETA: 3s - batch_cost: 0.0186 - reader cost: 1.1362e-04
191/348 [===============>..............] - ETA: 2s - batch_cost: 0.0186 - reader cost: 1.1124e-04
194/348 [===============>..............] - ETA: 2s - batch_cost: 0.0186 - reader cost: 1.0952e-04
197/348 [===============>..............] - ETA: 2s - batch_cost: 0.0186 - reader cost: 1.0785e-04
199/348 [================>.............] - ETA: 2s - batch_cost: 0.0187 - reader cost: 1.0677e-04
202/348 [================>.............] - ETA: 2s - batch_cost: 0.0187 - reader cost: 1.0518e-04
206/348 [================>.............] - ETA: 2s - batch_cost: 0.0186 - reader cost: 1.0314e-04
210/348 [=================>............] - ETA: 2s - batch_cost: 0.0186 - reader cost: 1.0118e-04
213/348 [=================>............] - ETA: 2s - batch_cost: 0.0186 - reader cost: 9.9752e-05
216/348 [=================>............] - ETA: 2s - batch_cost: 0.0186 - reader cost: 9.8366e-05
219/348 [=================>............] - ETA: 2s - batch_cost: 0.0185 - reader cost: 9.7019e-05
222/348 [==================>...........] - ETA: 2s - batch_cost: 0.0185 - reader cost: 9.5708e-05
226/348 [==================>...........] - ETA: 2s - batch_cost: 0.0185 - reader cost: 9.4014e-05
229/348 [==================>...........] - ETA: 2s - batch_cost: 0.0184 - reader cost: 9.2782e-05
232/348 [===================>..........] - ETA: 2s - batch_cost: 0.0184 - reader cost: 9.1583e-05
235/348 [===================>..........] - ETA: 2s - batch_cost: 0.0184 - reader cost: 9.0413e-05
238/348 [===================>..........] - ETA: 2s - batch_cost: 0.0184 - reader cost: 8.9274e-05
241/348 [===================>..........] - ETA: 1s - batch_cost: 0.0184 - reader cost: 8.8162e-05
244/348 [====================>.........] - ETA: 1s - batch_cost: 0.0184 - reader cost: 8.7078e-05
247/348 [====================>.........] - ETA: 1s - batch_cost: 0.0184 - reader cost: 8.6021e-05
250/348 [====================>.........] - ETA: 1s - batch_cost: 0.0184 - reader cost: 8.4989e-05
254/348 [====================>.........] - ETA: 1s - batch_cost: 0.0184 - reader cost: 8.9571e-05
258/348 [=====================>........] - ETA: 1s - batch_cost: 0.0184 - reader cost: 8.8183e-05
261/348 [=====================>........] - ETA: 1s - batch_cost: 0.0184 - reader cost: 8.7169e-05
264/348 [=====================>........] - ETA: 1s - batch_cost: 0.0184 - reader cost: 8.6178e-05
267/348 [======================>.......] - ETA: 1s - batch_cost: 0.0184 - reader cost: 8.8958e-05
271/348 [======================>.......] - ETA: 1s - batch_cost: 0.0184 - reader cost: 8.7645e-05
273/348 [======================>.......] - ETA: 1s - batch_cost: 0.0184 - reader cost: 8.7003e-05
276/348 [======================>.......] - ETA: 1s - batch_cost: 0.0185 - reader cost: 8.6057e-05
280/348 [=======================>......] - ETA: 1s - batch_cost: 0.0184 - reader cost: 8.4828e-05
284/348 [=======================>......] - ETA: 1s - batch_cost: 0.0184 - reader cost: 8.7178e-05
287/348 [=======================>......] - ETA: 1s - batch_cost: 0.0184 - reader cost: 8.6267e-05
290/348 [========================>.....] - ETA: 1s - batch_cost: 0.0184 - reader cost: 8.5374e-05
293/348 [========================>.....] - ETA: 1s - batch_cost: 0.0185 - reader cost: 8.4500e-05
296/348 [========================>.....] - ETA: 0s - batch_cost: 0.0184 - reader cost: 8.3644e-05
299/348 [========================>.....] - ETA: 0s - batch_cost: 0.0184 - reader cost: 8.2805e-05
302/348 [=========================>....] - ETA: 0s - batch_cost: 0.0184 - reader cost: 8.1982e-05
305/348 [=========================>....] - ETA: 0s - batch_cost: 0.0184 - reader cost: 8.1176e-05
308/348 [=========================>....] - ETA: 0s - batch_cost: 0.0184 - reader cost: 8.0385e-05
311/348 [=========================>....] - ETA: 0s - batch_cost: 0.0184 - reader cost: 7.9610e-05
314/348 [==========================>...] - ETA: 0s - batch_cost: 0.0184 - reader cost: 7.8849e-05
317/348 [==========================>...] - ETA: 0s - batch_cost: 0.0184 - reader cost: 7.8103e-05
320/348 [==========================>...] - ETA: 0s - batch_cost: 0.0184 - reader cost: 7.7371e-05
323/348 [==========================>...] - ETA: 0s - batch_cost: 0.0184 - reader cost: 7.6652e-05
327/348 [===========================>..] - ETA: 0s - batch_cost: 0.0184 - reader cost: 7.5714e-05
330/348 [===========================>..] - ETA: 0s - batch_cost: 0.0184 - reader cost: 7.5026e-05
332/348 [===========================>..] - ETA: 0s - batch_cost: 0.0184 - reader cost: 7.4574e-05
335/348 [===========================>..] - ETA: 0s - batch_cost: 0.0185 - reader cost: 7.3906e-05
338/348 [============================>.] - ETA: 0s - batch_cost: 0.0185 - reader cost: 7.3250e-05
341/348 [============================>.] - ETA: 0s - batch_cost: 0.0185 - reader cost: 7.2606e-05
344/348 [============================>.] - ETA: 0s - batch_cost: 0.0185 - reader cost: 7.1973e-05
347/348 [============================>.] - ETA: 0s - batch_cost: 0.0185 - reader cost: 7.1350e-05
348/348 [==============================] - 7s 19ms/step - batch_cost: 0.0186 - reader cost: 7.1145e-05

  1/348 [..............................] - ETA: 8s - batch_cost: 0.0252 - reader cost: 0.0070
  4/348 [..............................] - ETA: 6s - batch_cost: 0.0203 - reader cost: 0.0018
  7/348 [..............................] - ETA: 6s - batch_cost: 0.0188 - reader cost: 0.0010
 10/348 [..............................] - ETA: 6s - batch_cost: 0.0185 - reader cost: 7.0024e-04
 13/348 [>.............................] - ETA: 6s - batch_cost: 0.0180 - reader cost: 5.3864e-04
 16/348 [>.............................] - ETA: 6s - batch_cost: 0.0178 - reader cost: 4.3765e-04
 20/348 [>.............................] - ETA: 5s - batch_cost: 0.0176 - reader cost: 3.5012e-04
 23/348 [>.............................] - ETA: 5s - batch_cost: 0.0175 - reader cost: 3.0445e-04
 26/348 [=>............................] - ETA: 5s - batch_cost: 0.0177 - reader cost: 2.6932e-04
 29/348 [=>............................] - ETA: 5s - batch_cost: 0.0177 - reader cost: 2.4146e-04
 32/348 [=>............................] - ETA: 5s - batch_cost: 0.0177 - reader cost: 2.1882e-04
 35/348 [==>...........................] - ETA: 5s - batch_cost: 0.0176 - reader cost: 2.0007e-04
 38/348 [==>...........................] - ETA: 5s - batch_cost: 0.0176 - reader cost: 1.8427e-04
 41/348 [==>...........................] - ETA: 5s - batch_cost: 0.0178 - reader cost: 1.7079e-04
 44/348 [==>...........................] - ETA: 5s - batch_cost: 0.0181 - reader cost: 1.5914e-04
 46/348 [==>...........................] - ETA: 5s - batch_cost: 0.0184 - reader cost: 1.5223e-04
 48/348 [===>..........................] - ETA: 5s - batch_cost: 0.0186 - reader cost: 1.4588e-04
 51/348 [===>..........................] - ETA: 5s - batch_cost: 0.0186 - reader cost: 1.3730e-04
 54/348 [===>..........................] - ETA: 5s - batch_cost: 0.0187 - reader cost: 1.2967e-04
 56/348 [===>..........................] - ETA: 5s - batch_cost: 0.0190 - reader cost: 1.2504e-04
 59/348 [====>.........................] - ETA: 5s - batch_cost: 0.0191 - reader cost: 1.1868e-04
 61/348 [====>.........................] - ETA: 5s - batch_cost: 0.0194 - reader cost: 1.1479e-04
 64/348 [====>.........................] - ETA: 5s - batch_cost: 0.0196 - reader cost: 1.0941e-04
 67/348 [====>.........................] - ETA: 5s - batch_cost: 0.0197 - reader cost: 1.0451e-04
 71/348 [=====>........................] - ETA: 5s - batch_cost: 0.0195 - reader cost: 9.8625e-05
 74/348 [=====>........................] - ETA: 5s - batch_cost: 0.0193 - reader cost: 1.0814e-04
 77/348 [=====>........................] - ETA: 5s - batch_cost: 0.0193 - reader cost: 1.0392e-04
 80/348 [=====>........................] - ETA: 5s - batch_cost: 0.0193 - reader cost: 1.0003e-04
 84/348 [======>.......................] - ETA: 5s - batch_cost: 0.0191 - reader cost: 9.5262e-05
 87/348 [======>.......................] - ETA: 5s - batch_cost: 0.0190 - reader cost: 9.1978e-05
 90/348 [======>.......................] - ETA: 4s - batch_cost: 0.0191 - reader cost: 8.8912e-05
 93/348 [=======>......................] - ETA: 4s - batch_cost: 0.0192 - reader cost: 9.6736e-05
 96/348 [=======>......................] - ETA: 4s - batch_cost: 0.0191 - reader cost: 9.3713e-05
100/348 [=======>......................] - ETA: 4s - batch_cost: 0.0190 - reader cost: 8.9965e-05
103/348 [=======>......................] - ETA: 4s - batch_cost: 0.0189 - reader cost: 8.7345e-05
106/348 [========>.....................] - ETA: 4s - batch_cost: 0.0189 - reader cost: 8.4873e-05
109/348 [========>.....................] - ETA: 4s - batch_cost: 0.0188 - reader cost: 8.2537e-05
112/348 [========>.....................] - ETA: 4s - batch_cost: 0.0188 - reader cost: 8.9260e-05
115/348 [========>.....................] - ETA: 4s - batch_cost: 0.0188 - reader cost: 8.6932e-05
118/348 [=========>....................] - ETA: 4s - batch_cost: 0.0188 - reader cost: 8.4721e-05
121/348 [=========>....................] - ETA: 4s - batch_cost: 0.0187 - reader cost: 8.2621e-05
125/348 [=========>....................] - ETA: 4s - batch_cost: 0.0187 - reader cost: 7.9977e-05
128/348 [==========>...................] - ETA: 4s - batch_cost: 0.0186 - reader cost: 7.8103e-05
131/348 [==========>...................] - ETA: 4s - batch_cost: 0.0186 - reader cost: 7.6314e-05
135/348 [==========>...................] - ETA: 4s - batch_cost: 0.0186 - reader cost: 7.4053e-05
138/348 [==========>...................] - ETA: 3s - batch_cost: 0.0186 - reader cost: 7.2443e-05
141/348 [===========>..................] - ETA: 3s - batch_cost: 0.0186 - reader cost: 7.0902e-05
144/348 [===========>..................] - ETA: 3s - batch_cost: 0.0187 - reader cost: 6.9425e-05
147/348 [===========>..................] - ETA: 3s - batch_cost: 0.0188 - reader cost: 6.8008e-05
150/348 [===========>..................] - ETA: 3s - batch_cost: 0.0187 - reader cost: 6.6648e-05
153/348 [============>.................] - ETA: 3s - batch_cost: 0.0187 - reader cost: 7.5170e-05
156/348 [============>.................] - ETA: 3s - batch_cost: 0.0188 - reader cost: 7.3725e-05
159/348 [============>.................] - ETA: 3s - batch_cost: 0.0188 - reader cost: 7.2334e-05
163/348 [=============>................] - ETA: 3s - batch_cost: 0.0187 - reader cost: 7.0559e-05
167/348 [=============>................] - ETA: 3s - batch_cost: 0.0187 - reader cost: 6.8869e-05
170/348 [=============>................] - ETA: 3s - batch_cost: 0.0186 - reader cost: 6.7653e-05
173/348 [=============>................] - ETA: 3s - batch_cost: 0.0186 - reader cost: 7.0431e-05
176/348 [==============>...............] - ETA: 3s - batch_cost: 0.0186 - reader cost: 6.9231e-05
179/348 [==============>...............] - ETA: 3s - batch_cost: 0.0186 - reader cost: 7.3615e-05
182/348 [==============>...............] - ETA: 3s - batch_cost: 0.0186 - reader cost: 7.2402e-05
185/348 [==============>...............] - ETA: 3s - batch_cost: 0.0186 - reader cost: 7.6598e-05
188/348 [===============>..............] - ETA: 2s - batch_cost: 0.0185 - reader cost: 8.3424e-05
192/348 [===============>..............] - ETA: 2s - batch_cost: 0.0185 - reader cost: 8.1686e-05
195/348 [===============>..............] - ETA: 2s - batch_cost: 0.0185 - reader cost: 8.0429e-05
198/348 [================>.............] - ETA: 2s - batch_cost: 0.0185 - reader cost: 8.4317e-05
201/348 [================>.............] - ETA: 2s - batch_cost: 0.0184 - reader cost: 8.3059e-05
204/348 [================>.............] - ETA: 2s - batch_cost: 0.0185 - reader cost: 8.6741e-05
207/348 [================>.............] - ETA: 2s - batch_cost: 0.0184 - reader cost: 9.2746e-05
211/348 [=================>............] - ETA: 2s - batch_cost: 0.0184 - reader cost: 9.0988e-05
214/348 [=================>............] - ETA: 2s - batch_cost: 0.0184 - reader cost: 8.9712e-05
216/348 [=================>............] - ETA: 2s - batch_cost: 0.0185 - reader cost: 8.8882e-05
219/348 [=================>............] - ETA: 2s - batch_cost: 0.0185 - reader cost: 8.7664e-05
223/348 [==================>...........] - ETA: 2s - batch_cost: 0.0185 - reader cost: 8.6092e-05
226/348 [==================>...........] - ETA: 2s - batch_cost: 0.0185 - reader cost: 8.4949e-05
229/348 [==================>...........] - ETA: 2s - batch_cost: 0.0184 - reader cost: 8.3836e-05
232/348 [===================>..........] - ETA: 2s - batch_cost: 0.0184 - reader cost: 8.7083e-05
235/348 [===================>..........] - ETA: 2s - batch_cost: 0.0185 - reader cost: 8.5972e-05
238/348 [===================>..........] - ETA: 2s - batch_cost: 0.0185 - reader cost: 8.4888e-05
241/348 [===================>..........] - ETA: 1s - batch_cost: 0.0185 - reader cost: 8.3831e-05
244/348 [====================>.........] - ETA: 1s - batch_cost: 0.0185 - reader cost: 8.2801e-05
247/348 [====================>.........] - ETA: 1s - batch_cost: 0.0185 - reader cost: 8.1795e-05
250/348 [====================>.........] - ETA: 1s - batch_cost: 0.0184 - reader cost: 8.0813e-05
254/348 [====================>.........] - ETA: 1s - batch_cost: 0.0184 - reader cost: 7.9541e-05
258/348 [=====================>........] - ETA: 1s - batch_cost: 0.0184 - reader cost: 7.8308e-05
261/348 [=====================>........] - ETA: 1s - batch_cost: 0.0184 - reader cost: 7.7407e-05
264/348 [=====================>........] - ETA: 1s - batch_cost: 0.0184 - reader cost: 7.6528e-05
267/348 [======================>.......] - ETA: 1s - batch_cost: 0.0184 - reader cost: 7.5668e-05
270/348 [======================>.......] - ETA: 1s - batch_cost: 0.0184 - reader cost: 7.8529e-05
273/348 [======================>.......] - ETA: 1s - batch_cost: 0.0184 - reader cost: 7.7666e-05
276/348 [======================>.......] - ETA: 1s - batch_cost: 0.0185 - reader cost: 7.6822e-05
278/348 [======================>.......] - ETA: 1s - batch_cost: 0.0185 - reader cost: 7.6269e-05
280/348 [=======================>......] - ETA: 1s - batch_cost: 0.0186 - reader cost: 7.5724e-05
283/348 [=======================>......] - ETA: 1s - batch_cost: 0.0186 - reader cost: 7.4922e-05
286/348 [=======================>......] - ETA: 1s - batch_cost: 0.0186 - reader cost: 7.4136e-05
289/348 [=======================>......] - ETA: 1s - batch_cost: 0.0186 - reader cost: 7.3366e-05
292/348 [========================>.....] - ETA: 1s - batch_cost: 0.0186 - reader cost: 7.2612e-05
295/348 [========================>.....] - ETA: 0s - batch_cost: 0.0186 - reader cost: 7.1874e-05
299/348 [========================>.....] - ETA: 0s - batch_cost: 0.0186 - reader cost: 7.4274e-05
302/348 [=========================>....] - ETA: 0s - batch_cost: 0.0186 - reader cost: 7.3536e-05
305/348 [=========================>....] - ETA: 0s - batch_cost: 0.0186 - reader cost: 7.2813e-05
308/348 [=========================>....] - ETA: 0s - batch_cost: 0.0186 - reader cost: 7.2104e-05
311/348 [=========================>....] - ETA: 0s - batch_cost: 0.0186 - reader cost: 7.1408e-05
314/348 [==========================>...] - ETA: 0s - batch_cost: 0.0186 - reader cost: 7.0726e-05
317/348 [==========================>...] - ETA: 0s - batch_cost: 0.0186 - reader cost: 7.3189e-05
320/348 [==========================>...] - ETA: 0s - batch_cost: 0.0186 - reader cost: 7.5626e-05
323/348 [==========================>...] - ETA: 0s - batch_cost: 0.0186 - reader cost: 7.4924e-05
326/348 [===========================>..] - ETA: 0s - batch_cost: 0.0186 - reader cost: 7.4234e-05
328/348 [===========================>..] - ETA: 0s - batch_cost: 0.0187 - reader cost: 7.3782e-05
330/348 [===========================>..] - ETA: 0s - batch_cost: 0.0187 - reader cost: 7.3335e-05
333/348 [===========================>..] - ETA: 0s - batch_cost: 0.0187 - reader cost: 7.2674e-05
336/348 [===========================>..] - ETA: 0s - batch_cost: 0.0187 - reader cost: 7.2025e-05
339/348 [============================>.] - ETA: 0s - batch_cost: 0.0187 - reader cost: 7.1388e-05
342/348 [============================>.] - ETA: 0s - batch_cost: 0.0187 - reader cost: 7.3685e-05
346/348 [============================>.] - ETA: 0s - batch_cost: 0.0187 - reader cost: 7.2833e-05
348/348 [==============================] - 7s 19ms/step - batch_cost: 0.0187 - reader cost: 7.2415e-05

  1/348 [..............................] - ETA: 10s - batch_cost: 0.0316 - reader cost: 0.0134
  4/348 [..............................] - ETA: 7s - batch_cost: 0.0213 - reader cost: 0.0034 
  8/348 [..............................] - ETA: 6s - batch_cost: 0.0184 - reader cost: 0.0017
 12/348 [>.............................] - ETA: 5s - batch_cost: 0.0178 - reader cost: 0.0011
 15/348 [>.............................] - ETA: 5s - batch_cost: 0.0176 - reader cost: 9.6202e-04
 18/348 [>.............................] - ETA: 6s - batch_cost: 0.0183 - reader cost: 8.0168e-04
 21/348 [>.............................] - ETA: 6s - batch_cost: 0.0192 - reader cost: 7.3441e-04
 23/348 [>.............................] - ETA: 6s - batch_cost: 0.0197 - reader cost: 6.7055e-04
 26/348 [=>............................] - ETA: 6s - batch_cost: 0.0200 - reader cost: 5.9318e-04
 29/348 [=>............................] - ETA: 6s - batch_cost: 0.0199 - reader cost: 5.3181e-04
 32/348 [=>............................] - ETA: 6s - batch_cost: 0.0200 - reader cost: 4.8196e-04
 35/348 [==>...........................] - ETA: 6s - batch_cost: 0.0202 - reader cost: 4.4065e-04
 39/348 [==>...........................] - ETA: 6s - batch_cost: 0.0197 - reader cost: 3.9545e-04
 42/348 [==>...........................] - ETA: 6s - batch_cost: 0.0195 - reader cost: 3.6720e-04
 46/348 [==>...........................] - ETA: 5s - batch_cost: 0.0192 - reader cost: 3.3527e-04
 50/348 [===>..........................] - ETA: 5s - batch_cost: 0.0191 - reader cost: 3.0845e-04
 53/348 [===>..........................] - ETA: 5s - batch_cost: 0.0192 - reader cost: 3.1952e-04
 56/348 [===>..........................] - ETA: 5s - batch_cost: 0.0192 - reader cost: 3.2012e-04
 59/348 [====>.........................] - ETA: 5s - batch_cost: 0.0193 - reader cost: 3.0385e-04
 62/348 [====>.........................] - ETA: 5s - batch_cost: 0.0194 - reader cost: 2.8914e-04
 66/348 [====>.........................] - ETA: 5s - batch_cost: 0.0193 - reader cost: 2.7162e-04
 70/348 [=====>........................] - ETA: 5s - batch_cost: 0.0191 - reader cost: 2.5610e-04
 74/348 [=====>........................] - ETA: 5s - batch_cost: 0.0189 - reader cost: 2.4226e-04
 77/348 [=====>........................] - ETA: 5s - batch_cost: 0.0190 - reader cost: 2.4581e-04
 80/348 [=====>........................] - ETA: 5s - batch_cost: 0.0190 - reader cost: 2.3659e-04
 83/348 [======>.......................] - ETA: 5s - batch_cost: 0.0190 - reader cost: 2.2804e-04
 86/348 [======>.......................] - ETA: 5s - batch_cost: 0.0191 - reader cost: 2.2009e-04
 89/348 [======>.......................] - ETA: 5s - batch_cost: 0.0192 - reader cost: 2.2391e-04
 91/348 [======>.......................] - ETA: 5s - batch_cost: 0.0194 - reader cost: 2.2990e-04
 94/348 [=======>......................] - ETA: 5s - batch_cost: 0.0195 - reader cost: 2.3313e-04
 97/348 [=======>......................] - ETA: 4s - batch_cost: 0.0196 - reader cost: 2.2592e-04
100/348 [=======>......................] - ETA: 4s - batch_cost: 0.0197 - reader cost: 2.1914e-04
103/348 [=======>......................] - ETA: 4s - batch_cost: 0.0197 - reader cost: 2.1276e-04
106/348 [========>.....................] - ETA: 4s - batch_cost: 0.0198 - reader cost: 2.0673e-04
109/348 [========>.....................] - ETA: 4s - batch_cost: 0.0198 - reader cost: 2.0104e-04
112/348 [========>.....................] - ETA: 4s - batch_cost: 0.0197 - reader cost: 1.9566e-04
116/348 [=========>....................] - ETA: 4s - batch_cost: 0.0196 - reader cost: 1.8891e-04
120/348 [=========>....................] - ETA: 4s - batch_cost: 0.0195 - reader cost: 1.8261e-04
123/348 [=========>....................] - ETA: 4s - batch_cost: 0.0195 - reader cost: 1.7816e-04
126/348 [=========>....................] - ETA: 4s - batch_cost: 0.0195 - reader cost: 1.7392e-04
129/348 [==========>...................] - ETA: 4s - batch_cost: 0.0196 - reader cost: 1.6987e-04
131/348 [==========>...................] - ETA: 4s - batch_cost: 0.0197 - reader cost: 1.6728e-04
134/348 [==========>...................] - ETA: 4s - batch_cost: 0.0196 - reader cost: 1.6354e-04
137/348 [==========>...................] - ETA: 4s - batch_cost: 0.0197 - reader cost: 1.5995e-04
140/348 [===========>..................] - ETA: 4s - batch_cost: 0.0197 - reader cost: 1.5653e-04
143/348 [===========>..................] - ETA: 4s - batch_cost: 0.0197 - reader cost: 1.6024e-04
146/348 [===========>..................] - ETA: 4s - batch_cost: 0.0197 - reader cost: 1.6379e-04
149/348 [===========>..................] - ETA: 3s - batch_cost: 0.0197 - reader cost: 1.6050e-04
152/348 [============>.................] - ETA: 3s - batch_cost: 0.0197 - reader cost: 1.5733e-04
155/348 [============>.................] - ETA: 3s - batch_cost: 0.0198 - reader cost: 1.5428e-04
158/348 [============>.................] - ETA: 3s - batch_cost: 0.0198 - reader cost: 1.5772e-04
161/348 [============>.................] - ETA: 3s - batch_cost: 0.0197 - reader cost: 1.5479e-04
164/348 [=============>................] - ETA: 3s - batch_cost: 0.0197 - reader cost: 1.5195e-04
167/348 [=============>................] - ETA: 3s - batch_cost: 0.0197 - reader cost: 1.4922e-04
170/348 [=============>................] - ETA: 3s - batch_cost: 0.0197 - reader cost: 1.4659e-04
174/348 [==============>...............] - ETA: 3s - batch_cost: 0.0197 - reader cost: 1.5187e-04
177/348 [==============>...............] - ETA: 3s - batch_cost: 0.0197 - reader cost: 1.4929e-04
179/348 [==============>...............] - ETA: 3s - batch_cost: 0.0198 - reader cost: 1.4763e-04
182/348 [==============>...............] - ETA: 3s - batch_cost: 0.0198 - reader cost: 1.4519e-04
185/348 [==============>...............] - ETA: 3s - batch_cost: 0.0198 - reader cost: 1.4284e-04
187/348 [===============>..............] - ETA: 3s - batch_cost: 0.0198 - reader cost: 1.4131e-04
190/348 [===============>..............] - ETA: 3s - batch_cost: 0.0199 - reader cost: 1.3908e-04
192/348 [===============>..............] - ETA: 3s - batch_cost: 0.0200 - reader cost: 1.3763e-04
195/348 [===============>..............] - ETA: 3s - batch_cost: 0.0200 - reader cost: 1.3551e-04
198/348 [================>.............] - ETA: 3s - batch_cost: 0.0200 - reader cost: 1.3346e-04
201/348 [================>.............] - ETA: 2s - batch_cost: 0.0201 - reader cost: 1.3147e-04
204/348 [================>.............] - ETA: 2s - batch_cost: 0.0201 - reader cost: 1.2953e-04
207/348 [================>.............] - ETA: 2s - batch_cost: 0.0201 - reader cost: 1.2766e-04
210/348 [=================>............] - ETA: 2s - batch_cost: 0.0201 - reader cost: 1.2583e-04
213/348 [=================>............] - ETA: 2s - batch_cost: 0.0201 - reader cost: 1.2687e-04
216/348 [=================>............] - ETA: 2s - batch_cost: 0.0201 - reader cost: 1.2511e-04
219/348 [=================>............] - ETA: 2s - batch_cost: 0.0201 - reader cost: 1.2340e-04
222/348 [==================>...........] - ETA: 2s - batch_cost: 0.0201 - reader cost: 1.2173e-04
224/348 [==================>...........] - ETA: 2s - batch_cost: 0.0202 - reader cost: 1.2064e-04
227/348 [==================>...........] - ETA: 2s - batch_cost: 0.0202 - reader cost: 1.2139e-04
230/348 [==================>...........] - ETA: 2s - batch_cost: 0.0202 - reader cost: 1.1981e-04
233/348 [===================>..........] - ETA: 2s - batch_cost: 0.0202 - reader cost: 1.1827e-04
236/348 [===================>..........] - ETA: 2s - batch_cost: 0.0202 - reader cost: 1.1676e-04
239/348 [===================>..........] - ETA: 2s - batch_cost: 0.0202 - reader cost: 1.1530e-04
242/348 [===================>..........] - ETA: 2s - batch_cost: 0.0202 - reader cost: 1.1387e-04
245/348 [====================>.........] - ETA: 2s - batch_cost: 0.0203 - reader cost: 1.1247e-04
248/348 [====================>.........] - ETA: 2s - batch_cost: 0.0203 - reader cost: 1.1111e-04
251/348 [====================>.........] - ETA: 1s - batch_cost: 0.0203 - reader cost: 1.0978e-04
254/348 [====================>.........] - ETA: 1s - batch_cost: 0.0202 - reader cost: 1.0849e-04
257/348 [=====================>........] - ETA: 1s - batch_cost: 0.0202 - reader cost: 1.0722e-04
260/348 [=====================>........] - ETA: 1s - batch_cost: 0.0203 - reader cost: 1.0983e-04
263/348 [=====================>........] - ETA: 1s - batch_cost: 0.0203 - reader cost: 1.0858e-04
266/348 [=====================>........] - ETA: 1s - batch_cost: 0.0203 - reader cost: 1.0735e-04
269/348 [======================>.......] - ETA: 1s - batch_cost: 0.0202 - reader cost: 1.0616e-04
272/348 [======================>.......] - ETA: 1s - batch_cost: 0.0202 - reader cost: 1.0499e-04
275/348 [======================>.......] - ETA: 1s - batch_cost: 0.0202 - reader cost: 1.0384e-04
278/348 [======================>.......] - ETA: 1s - batch_cost: 0.0202 - reader cost: 1.0272e-04
281/348 [=======================>......] - ETA: 1s - batch_cost: 0.0202 - reader cost: 1.0162e-04
284/348 [=======================>......] - ETA: 1s - batch_cost: 0.0202 - reader cost: 1.0055e-04
286/348 [=======================>......] - ETA: 1s - batch_cost: 0.0203 - reader cost: 9.9847e-05
288/348 [=======================>......] - ETA: 1s - batch_cost: 0.0203 - reader cost: 9.9154e-05
291/348 [========================>.....] - ETA: 1s - batch_cost: 0.0203 - reader cost: 9.8132e-05
294/348 [========================>.....] - ETA: 1s - batch_cost: 0.0203 - reader cost: 9.7130e-05
297/348 [========================>.....] - ETA: 1s - batch_cost: 0.0203 - reader cost: 9.6149e-05
299/348 [========================>.....] - ETA: 1s - batch_cost: 0.0203 - reader cost: 9.5506e-05
302/348 [=========================>....] - ETA: 0s - batch_cost: 0.0203 - reader cost: 9.4557e-05
305/348 [=========================>....] - ETA: 0s - batch_cost: 0.0203 - reader cost: 9.3627e-05
308/348 [=========================>....] - ETA: 0s - batch_cost: 0.0203 - reader cost: 9.2715e-05
311/348 [=========================>....] - ETA: 0s - batch_cost: 0.0203 - reader cost: 9.1821e-05
315/348 [==========================>...] - ETA: 0s - batch_cost: 0.0202 - reader cost: 9.0655e-05
318/348 [==========================>...] - ETA: 0s - batch_cost: 0.0202 - reader cost: 8.9800e-05
321/348 [==========================>...] - ETA: 0s - batch_cost: 0.0202 - reader cost: 8.8961e-05
323/348 [==========================>...] - ETA: 0s - batch_cost: 0.0203 - reader cost: 8.8410e-05
326/348 [===========================>..] - ETA: 0s - batch_cost: 0.0202 - reader cost: 8.7596e-05
329/348 [===========================>..] - ETA: 0s - batch_cost: 0.0202 - reader cost: 8.6797e-05
332/348 [===========================>..] - ETA: 0s - batch_cost: 0.0202 - reader cost: 8.9023e-05
335/348 [===========================>..] - ETA: 0s - batch_cost: 0.0202 - reader cost: 8.8226e-05
338/348 [============================>.] - ETA: 0s - batch_cost: 0.0202 - reader cost: 8.7443e-05
341/348 [============================>.] - ETA: 0s - batch_cost: 0.0202 - reader cost: 8.6674e-05
344/348 [============================>.] - ETA: 0s - batch_cost: 0.0202 - reader cost: 8.5918e-05
347/348 [============================>.] - ETA: 0s - batch_cost: 0.0201 - reader cost: 8.5175e-05
348/348 [==============================] - 7s 20ms/step - batch_cost: 0.0201 - reader cost: 8.4930e-05

  1/348 [..............................] - ETA: 11s - batch_cost: 0.0319 - reader cost: 0.0081
  3/348 [..............................] - ETA: 10s - batch_cost: 0.0304 - reader cost: 0.0027
  6/348 [..............................] - ETA: 8s - batch_cost: 0.0259 - reader cost: 0.0014 
  9/348 [..............................] - ETA: 7s - batch_cost: 0.0227 - reader cost: 9.0202e-04
 13/348 [>.............................] - ETA: 7s - batch_cost: 0.0208 - reader cost: 6.2447e-04
 16/348 [>.............................] - ETA: 6s - batch_cost: 0.0202 - reader cost: 5.0738e-04
 19/348 [>.............................] - ETA: 6s - batch_cost: 0.0201 - reader cost: 4.2727e-04
 22/348 [>.............................] - ETA: 6s - batch_cost: 0.0200 - reader cost: 3.6901e-04
 25/348 [=>............................] - ETA: 6s - batch_cost: 0.0201 - reader cost: 3.2473e-04
 28/348 [=>............................] - ETA: 6s - batch_cost: 0.0202 - reader cost: 2.8993e-04
 31/348 [=>............................] - ETA: 6s - batch_cost: 0.0202 - reader cost: 2.6188e-04
 34/348 [=>............................] - ETA: 6s - batch_cost: 0.0202 - reader cost: 2.3877e-04
 37/348 [==>...........................] - ETA: 6s - batch_cost: 0.0202 - reader cost: 2.1941e-04
 40/348 [==>...........................] - ETA: 6s - batch_cost: 0.0202 - reader cost: 2.2796e-04
 43/348 [==>...........................] - ETA: 6s - batch_cost: 0.0202 - reader cost: 2.1205e-04
 45/348 [==>...........................] - ETA: 6s - batch_cost: 0.0205 - reader cost: 2.0263e-04
 48/348 [===>..........................] - ETA: 6s - batch_cost: 0.0206 - reader cost: 1.8996e-04
 50/348 [===>..........................] - ETA: 6s - batch_cost: 0.0208 - reader cost: 1.8237e-04
 53/348 [===>..........................] - ETA: 6s - batch_cost: 0.0209 - reader cost: 1.7204e-04
 55/348 [===>..........................] - ETA: 6s - batch_cost: 0.0211 - reader cost: 1.6579e-04
 57/348 [===>..........................] - ETA: 6s - batch_cost: 0.0214 - reader cost: 1.5997e-04
 59/348 [====>.........................] - ETA: 6s - batch_cost: 0.0215 - reader cost: 1.5455e-04
 62/348 [====>.........................] - ETA: 6s - batch_cost: 0.0217 - reader cost: 1.4707e-04
 65/348 [====>.........................] - ETA: 6s - batch_cost: 0.0218 - reader cost: 1.5572e-04
 68/348 [====>.........................] - ETA: 6s - batch_cost: 0.0217 - reader cost: 1.4885e-04
 71/348 [=====>........................] - ETA: 6s - batch_cost: 0.0216 - reader cost: 1.4256e-04
 74/348 [=====>........................] - ETA: 6s - batch_cost: 0.0216 - reader cost: 1.3678e-04
 77/348 [=====>........................] - ETA: 5s - batch_cost: 0.0214 - reader cost: 1.3145e-04
 80/348 [=====>........................] - ETA: 5s - batch_cost: 0.0213 - reader cost: 1.2652e-04
 83/348 [======>.......................] - ETA: 5s - batch_cost: 0.0212 - reader cost: 1.2195e-04
 86/348 [======>.......................] - ETA: 5s - batch_cost: 0.0212 - reader cost: 1.2933e-04
 89/348 [======>.......................] - ETA: 5s - batch_cost: 0.0212 - reader cost: 1.2497e-04
 92/348 [======>.......................] - ETA: 5s - batch_cost: 0.0211 - reader cost: 1.2089e-04
 95/348 [=======>......................] - ETA: 5s - batch_cost: 0.0211 - reader cost: 1.1708e-04
 98/348 [=======>......................] - ETA: 5s - batch_cost: 0.0210 - reader cost: 1.1349e-04
101/348 [=======>......................] - ETA: 5s - batch_cost: 0.0211 - reader cost: 1.1012e-04
104/348 [=======>......................] - ETA: 5s - batch_cost: 0.0210 - reader cost: 1.0694e-04
108/348 [========>.....................] - ETA: 5s - batch_cost: 0.0208 - reader cost: 1.0298e-04
111/348 [========>.....................] - ETA: 4s - batch_cost: 0.0207 - reader cost: 1.0921e-04
114/348 [========>.....................] - ETA: 4s - batch_cost: 0.0207 - reader cost: 1.1515e-04
117/348 [=========>....................] - ETA: 4s - batch_cost: 0.0207 - reader cost: 1.1220e-04
120/348 [=========>....................] - ETA: 4s - batch_cost: 0.0207 - reader cost: 1.0939e-04
123/348 [=========>....................] - ETA: 4s - batch_cost: 0.0207 - reader cost: 1.0672e-04
126/348 [=========>....................] - ETA: 4s - batch_cost: 0.0208 - reader cost: 1.0418e-04
129/348 [==========>...................] - ETA: 4s - batch_cost: 0.0208 - reader cost: 1.0959e-04
132/348 [==========>...................] - ETA: 4s - batch_cost: 0.0208 - reader cost: 1.0710e-04
134/348 [==========>...................] - ETA: 4s - batch_cost: 0.0209 - reader cost: 1.0550e-04
136/348 [==========>...................] - ETA: 4s - batch_cost: 0.0210 - reader cost: 1.0395e-04
139/348 [==========>...................] - ETA: 4s - batch_cost: 0.0211 - reader cost: 1.0171e-04
142/348 [===========>..................] - ETA: 4s - batch_cost: 0.0211 - reader cost: 9.9557e-05
145/348 [===========>..................] - ETA: 4s - batch_cost: 0.0210 - reader cost: 1.0439e-04
148/348 [===========>..................] - ETA: 4s - batch_cost: 0.0209 - reader cost: 1.0228e-04
151/348 [============>.................] - ETA: 4s - batch_cost: 0.0208 - reader cost: 1.0024e-04
154/348 [============>.................] - ETA: 4s - batch_cost: 0.0209 - reader cost: 9.8292e-05
157/348 [============>.................] - ETA: 4s - batch_cost: 0.0209 - reader cost: 9.6414e-05
160/348 [============>.................] - ETA: 3s - batch_cost: 0.0209 - reader cost: 1.0090e-04
164/348 [=============>................] - ETA: 3s - batch_cost: 0.0208 - reader cost: 9.8441e-05
167/348 [=============>................] - ETA: 3s - batch_cost: 0.0207 - reader cost: 9.6672e-05
170/348 [=============>................] - ETA: 3s - batch_cost: 0.0207 - reader cost: 9.4966e-05
173/348 [=============>................] - ETA: 3s - batch_cost: 0.0207 - reader cost: 9.9087e-05
176/348 [==============>...............] - ETA: 3s - batch_cost: 0.0207 - reader cost: 9.7398e-05
179/348 [==============>...............] - ETA: 3s - batch_cost: 0.0207 - reader cost: 1.0131e-04
182/348 [==============>...............] - ETA: 3s - batch_cost: 0.0207 - reader cost: 9.9645e-05
185/348 [==============>...............] - ETA: 3s - batch_cost: 0.0207 - reader cost: 1.0347e-04
189/348 [===============>..............] - ETA: 3s - batch_cost: 0.0206 - reader cost: 1.0128e-04
191/348 [===============>..............] - ETA: 3s - batch_cost: 0.0207 - reader cost: 1.0022e-04
193/348 [===============>..............] - ETA: 3s - batch_cost: 0.0207 - reader cost: 1.0436e-04
196/348 [===============>..............] - ETA: 3s - batch_cost: 0.0207 - reader cost: 1.0277e-04
199/348 [================>.............] - ETA: 3s - batch_cost: 0.0207 - reader cost: 1.0122e-04
202/348 [================>.............] - ETA: 3s - batch_cost: 0.0208 - reader cost: 9.9714e-05
205/348 [================>.............] - ETA: 3s - batch_cost: 0.0208 - reader cost: 1.0804e-04
208/348 [================>.............] - ETA: 2s - batch_cost: 0.0208 - reader cost: 1.0648e-04
211/348 [=================>............] - ETA: 2s - batch_cost: 0.0208 - reader cost: 1.0497e-04
214/348 [=================>............] - ETA: 2s - batch_cost: 0.0209 - reader cost: 1.1052e-04
217/348 [=================>............] - ETA: 2s - batch_cost: 0.0209 - reader cost: 1.0899e-04
220/348 [=================>............] - ETA: 2s - batch_cost: 0.0209 - reader cost: 1.0750e-04
223/348 [==================>...........] - ETA: 2s - batch_cost: 0.0209 - reader cost: 1.0606e-04
226/348 [==================>...........] - ETA: 2s - batch_cost: 0.0209 - reader cost: 1.0465e-04
229/348 [==================>...........] - ETA: 2s - batch_cost: 0.0209 - reader cost: 1.0328e-04
231/348 [==================>...........] - ETA: 2s - batch_cost: 0.0210 - reader cost: 1.0238e-04
234/348 [===================>..........] - ETA: 2s - batch_cost: 0.0210 - reader cost: 1.0107e-04
237/348 [===================>..........] - ETA: 2s - batch_cost: 0.0210 - reader cost: 9.9793e-05
240/348 [===================>..........] - ETA: 2s - batch_cost: 0.0210 - reader cost: 9.8545e-05
243/348 [===================>..........] - ETA: 2s - batch_cost: 0.0210 - reader cost: 9.7329e-05
246/348 [====================>.........] - ETA: 2s - batch_cost: 0.0210 - reader cost: 9.6142e-05
249/348 [====================>.........] - ETA: 2s - batch_cost: 0.0210 - reader cost: 9.4983e-05
251/348 [====================>.........] - ETA: 2s - batch_cost: 0.0210 - reader cost: 9.6276e-05
254/348 [====================>.........] - ETA: 2s - batch_cost: 0.0210 - reader cost: 9.9076e-05
257/348 [=====================>........] - ETA: 1s - batch_cost: 0.0210 - reader cost: 9.7920e-05
260/348 [=====================>........] - ETA: 1s - batch_cost: 0.0211 - reader cost: 9.6790e-05
262/348 [=====================>........] - ETA: 1s - batch_cost: 0.0211 - reader cost: 9.6051e-05
265/348 [=====================>........] - ETA: 1s - batch_cost: 0.0211 - reader cost: 9.4963e-05
267/348 [======================>.......] - ETA: 1s - batch_cost: 0.0211 - reader cost: 9.4252e-05
269/348 [======================>.......] - ETA: 1s - batch_cost: 0.0212 - reader cost: 9.7239e-05
272/348 [======================>.......] - ETA: 1s - batch_cost: 0.0212 - reader cost: 9.6167e-05
275/348 [======================>.......] - ETA: 1s - batch_cost: 0.0212 - reader cost: 9.5118e-05
278/348 [======================>.......] - ETA: 1s - batch_cost: 0.0212 - reader cost: 9.4091e-05
281/348 [=======================>......] - ETA: 1s - batch_cost: 0.0212 - reader cost: 9.3087e-05
284/348 [=======================>......] - ETA: 1s - batch_cost: 0.0212 - reader cost: 9.2103e-05
287/348 [=======================>......] - ETA: 1s - batch_cost: 0.0212 - reader cost: 9.1141e-05
290/348 [========================>.....] - ETA: 1s - batch_cost: 0.0211 - reader cost: 9.0198e-05
293/348 [========================>.....] - ETA: 1s - batch_cost: 0.0212 - reader cost: 8.9274e-05
296/348 [========================>.....] - ETA: 1s - batch_cost: 0.0212 - reader cost: 9.1442e-05
299/348 [========================>.....] - ETA: 1s - batch_cost: 0.0212 - reader cost: 9.0525e-05
302/348 [=========================>....] - ETA: 0s - batch_cost: 0.0212 - reader cost: 8.9626e-05
305/348 [=========================>....] - ETA: 0s - batch_cost: 0.0211 - reader cost: 8.8744e-05
308/348 [=========================>....] - ETA: 0s - batch_cost: 0.0211 - reader cost: 8.7880e-05
311/348 [=========================>....] - ETA: 0s - batch_cost: 0.0211 - reader cost: 9.0247e-05
314/348 [==========================>...] - ETA: 0s - batch_cost: 0.0212 - reader cost: 8.9385e-05
316/348 [==========================>...] - ETA: 0s - batch_cost: 0.0212 - reader cost: 8.8819e-05
319/348 [==========================>...] - ETA: 0s - batch_cost: 0.0212 - reader cost: 8.7984e-05
322/348 [==========================>...] - ETA: 0s - batch_cost: 0.0212 - reader cost: 8.7164e-05
324/348 [==========================>...] - ETA: 0s - batch_cost: 0.0212 - reader cost: 8.6626e-05
327/348 [===========================>..] - ETA: 0s - batch_cost: 0.0212 - reader cost: 8.5831e-05
330/348 [===========================>..] - ETA: 0s - batch_cost: 0.0212 - reader cost: 8.5051e-05
333/348 [===========================>..] - ETA: 0s - batch_cost: 0.0212 - reader cost: 8.4285e-05
336/348 [===========================>..] - ETA: 0s - batch_cost: 0.0213 - reader cost: 8.3532e-05
339/348 [============================>.] - ETA: 0s - batch_cost: 0.0213 - reader cost: 8.2793e-05
342/348 [============================>.] - ETA: 0s - batch_cost: 0.0213 - reader cost: 8.2067e-05
345/348 [============================>.] - ETA: 0s - batch_cost: 0.0213 - reader cost: 8.4273e-05
348/348 [==============================] - 7s 22ms/step - batch_cost: 0.0212 - reader cost: 8.3547e-05

  1/348 [..............................] - ETA: 10s - batch_cost: 0.0291 - reader cost: 0.0060
  4/348 [..............................] - ETA: 7s - batch_cost: 0.0221 - reader cost: 0.0015 
  7/348 [..............................] - ETA: 7s - batch_cost: 0.0211 - reader cost: 0.0011
 10/348 [..............................] - ETA: 7s - batch_cost: 0.0206 - reader cost: 8.0006e-04
 13/348 [>.............................] - ETA: 6s - batch_cost: 0.0205 - reader cost: 6.1543e-04
 16/348 [>.............................] - ETA: 6s - batch_cost: 0.0204 - reader cost: 5.0004e-04
 19/348 [>.............................] - ETA: 6s - batch_cost: 0.0206 - reader cost: 4.2108e-04
 22/348 [>.............................] - ETA: 6s - batch_cost: 0.0209 - reader cost: 3.6366e-04
 24/348 [=>............................] - ETA: 7s - batch_cost: 0.0215 - reader cost: 3.3336e-04
 27/348 [=>............................] - ETA: 6s - batch_cost: 0.0215 - reader cost: 2.9632e-04
 30/348 [=>............................] - ETA: 6s - batch_cost: 0.0213 - reader cost: 2.6669e-04
 33/348 [=>............................] - ETA: 6s - batch_cost: 0.0214 - reader cost: 2.4244e-04
 36/348 [==>...........................] - ETA: 6s - batch_cost: 0.0212 - reader cost: 2.2224e-04
 39/348 [==>...........................] - ETA: 6s - batch_cost: 0.0214 - reader cost: 2.0514e-04
 42/348 [==>...........................] - ETA: 6s - batch_cost: 0.0215 - reader cost: 2.1431e-04
 45/348 [==>...........................] - ETA: 6s - batch_cost: 0.0213 - reader cost: 2.0002e-04
 48/348 [===>..........................] - ETA: 6s - batch_cost: 0.0212 - reader cost: 1.8752e-04
 51/348 [===>..........................] - ETA: 6s - batch_cost: 0.0212 - reader cost: 1.7649e-04
 54/348 [===>..........................] - ETA: 6s - batch_cost: 0.0211 - reader cost: 1.6669e-04
 57/348 [===>..........................] - ETA: 6s - batch_cost: 0.0210 - reader cost: 1.5791e-04
 60/348 [====>.........................] - ETA: 6s - batch_cost: 0.0208 - reader cost: 1.5002e-04
 63/348 [====>.........................] - ETA: 5s - batch_cost: 0.0208 - reader cost: 1.5875e-04
 66/348 [====>.........................] - ETA: 5s - batch_cost: 0.0208 - reader cost: 1.6660e-04
 69/348 [====>.........................] - ETA: 5s - batch_cost: 0.0207 - reader cost: 1.5936e-04
 72/348 [=====>........................] - ETA: 5s - batch_cost: 0.0207 - reader cost: 1.7360e-04
 75/348 [=====>........................] - ETA: 5s - batch_cost: 0.0209 - reader cost: 1.6666e-04
 78/348 [=====>........................] - ETA: 5s - batch_cost: 0.0209 - reader cost: 1.6025e-04
 81/348 [=====>........................] - ETA: 5s - batch_cost: 0.0209 - reader cost: 1.5431e-04
 84/348 [======>.......................] - ETA: 5s - batch_cost: 0.0210 - reader cost: 1.4880e-04
 87/348 [======>.......................] - ETA: 5s - batch_cost: 0.0210 - reader cost: 1.4367e-04
 90/348 [======>.......................] - ETA: 5s - batch_cost: 0.0210 - reader cost: 1.3888e-04
 93/348 [=======>......................] - ETA: 5s - batch_cost: 0.0211 - reader cost: 1.3440e-04
 95/348 [=======>......................] - ETA: 5s - batch_cost: 0.0212 - reader cost: 1.3157e-04
 98/348 [=======>......................] - ETA: 5s - batch_cost: 0.0211 - reader cost: 1.2754e-04
101/348 [=======>......................] - ETA: 5s - batch_cost: 0.0212 - reader cost: 1.3366e-04
104/348 [=======>......................] - ETA: 5s - batch_cost: 0.0211 - reader cost: 1.2981e-04
107/348 [========>.....................] - ETA: 5s - batch_cost: 0.0211 - reader cost: 1.3552e-04
110/348 [========>.....................] - ETA: 5s - batch_cost: 0.0209 - reader cost: 1.3182e-04
113/348 [========>.....................] - ETA: 4s - batch_cost: 0.0208 - reader cost: 1.2832e-04
116/348 [=========>....................] - ETA: 4s - batch_cost: 0.0208 - reader cost: 1.2501e-04
119/348 [=========>....................] - ETA: 4s - batch_cost: 0.0208 - reader cost: 1.2185e-04
122/348 [=========>....................] - ETA: 4s - batch_cost: 0.0208 - reader cost: 1.1886e-04
125/348 [=========>....................] - ETA: 4s - batch_cost: 0.0208 - reader cost: 1.2403e-04
128/348 [==========>...................] - ETA: 4s - batch_cost: 0.0207 - reader cost: 1.2113e-04
131/348 [==========>...................] - ETA: 4s - batch_cost: 0.0207 - reader cost: 1.1835e-04
134/348 [==========>...................] - ETA: 4s - batch_cost: 0.0207 - reader cost: 1.1570e-04
137/348 [==========>...................] - ETA: 4s - batch_cost: 0.0207 - reader cost: 1.1317e-04
140/348 [===========>..................] - ETA: 4s - batch_cost: 0.0207 - reader cost: 1.1075e-04
143/348 [===========>..................] - ETA: 4s - batch_cost: 0.0207 - reader cost: 1.0842e-04
146/348 [===========>..................] - ETA: 4s - batch_cost: 0.0206 - reader cost: 1.0619e-04
149/348 [===========>..................] - ETA: 4s - batch_cost: 0.0206 - reader cost: 1.0406e-04
152/348 [============>.................] - ETA: 4s - batch_cost: 0.0206 - reader cost: 1.0200e-04
154/348 [============>.................] - ETA: 4s - batch_cost: 0.0207 - reader cost: 1.0068e-04
157/348 [============>.................] - ETA: 4s - batch_cost: 0.0208 - reader cost: 9.8754e-05
160/348 [============>.................] - ETA: 3s - batch_cost: 0.0208 - reader cost: 9.6902e-05
162/348 [============>.................] - ETA: 3s - batch_cost: 0.0208 - reader cost: 9.5706e-05
165/348 [=============>................] - ETA: 3s - batch_cost: 0.0208 - reader cost: 9.3966e-05
168/348 [=============>................] - ETA: 3s - batch_cost: 0.0208 - reader cost: 9.2288e-05
171/348 [=============>................] - ETA: 3s - batch_cost: 0.0208 - reader cost: 9.0669e-05
174/348 [==============>...............] - ETA: 3s - batch_cost: 0.0207 - reader cost: 9.4874e-05
177/348 [==============>...............] - ETA: 3s - batch_cost: 0.0207 - reader cost: 9.3266e-05
180/348 [==============>...............] - ETA: 3s - batch_cost: 0.0206 - reader cost: 9.1712e-05
183/348 [==============>...............] - ETA: 3s - batch_cost: 0.0206 - reader cost: 9.0208e-05
186/348 [===============>..............] - ETA: 3s - batch_cost: 0.0206 - reader cost: 8.8753e-05
189/348 [===============>..............] - ETA: 3s - batch_cost: 0.0206 - reader cost: 8.7344e-05
192/348 [===============>..............] - ETA: 3s - batch_cost: 0.0205 - reader cost: 8.5980e-05
195/348 [===============>..............] - ETA: 3s - batch_cost: 0.0205 - reader cost: 8.9782e-05
198/348 [================>.............] - ETA: 3s - batch_cost: 0.0205 - reader cost: 8.8422e-05
201/348 [================>.............] - ETA: 3s - batch_cost: 0.0205 - reader cost: 8.7102e-05
204/348 [================>.............] - ETA: 2s - batch_cost: 0.0205 - reader cost: 8.5821e-05
207/348 [================>.............] - ETA: 2s - batch_cost: 0.0205 - reader cost: 8.4578e-05
210/348 [=================>............] - ETA: 2s - batch_cost: 0.0206 - reader cost: 8.3369e-05
213/348 [=================>............] - ETA: 2s - batch_cost: 0.0206 - reader cost: 8.2195e-05
216/348 [=================>............] - ETA: 2s - batch_cost: 0.0206 - reader cost: 8.1053e-05
219/348 [=================>............] - ETA: 2s - batch_cost: 0.0206 - reader cost: 7.9943e-05
221/348 [==================>...........] - ETA: 2s - batch_cost: 0.0207 - reader cost: 7.9220e-05
224/348 [==================>...........] - ETA: 2s - batch_cost: 0.0207 - reader cost: 7.8159e-05
227/348 [==================>...........] - ETA: 2s - batch_cost: 0.0207 - reader cost: 7.7126e-05
230/348 [==================>...........] - ETA: 2s - batch_cost: 0.0207 - reader cost: 7.6120e-05
233/348 [===================>..........] - ETA: 2s - batch_cost: 0.0207 - reader cost: 7.5140e-05
236/348 [===================>..........] - ETA: 2s - batch_cost: 0.0206 - reader cost: 7.4185e-05
239/348 [===================>..........] - ETA: 2s - batch_cost: 0.0206 - reader cost: 7.3253e-05
242/348 [===================>..........] - ETA: 2s - batch_cost: 0.0207 - reader cost: 7.2345e-05
245/348 [====================>.........] - ETA: 2s - batch_cost: 0.0207 - reader cost: 7.1459e-05
248/348 [====================>.........] - ETA: 2s - batch_cost: 0.0206 - reader cost: 7.0595e-05
251/348 [====================>.........] - ETA: 2s - batch_cost: 0.0206 - reader cost: 6.9751e-05
254/348 [====================>.........] - ETA: 1s - batch_cost: 0.0206 - reader cost: 6.8927e-05
257/348 [=====================>........] - ETA: 1s - batch_cost: 0.0206 - reader cost: 6.8123e-05
260/348 [=====================>........] - ETA: 1s - batch_cost: 0.0206 - reader cost: 6.7337e-05
263/348 [=====================>........] - ETA: 1s - batch_cost: 0.0206 - reader cost: 6.8479e-05
266/348 [=====================>........] - ETA: 1s - batch_cost: 0.0206 - reader cost: 6.7706e-05
269/348 [======================>.......] - ETA: 1s - batch_cost: 0.0206 - reader cost: 6.6951e-05
272/348 [======================>.......] - ETA: 1s - batch_cost: 0.0206 - reader cost: 6.6213e-05
275/348 [======================>.......] - ETA: 1s - batch_cost: 0.0207 - reader cost: 6.9127e-05
278/348 [======================>.......] - ETA: 1s - batch_cost: 0.0206 - reader cost: 7.1978e-05
281/348 [=======================>......] - ETA: 1s - batch_cost: 0.0206 - reader cost: 7.1209e-05
284/348 [=======================>......] - ETA: 1s - batch_cost: 0.0206 - reader cost: 7.0457e-05
286/348 [=======================>......] - ETA: 1s - batch_cost: 0.0207 - reader cost: 6.9964e-05
289/348 [=======================>......] - ETA: 1s - batch_cost: 0.0207 - reader cost: 6.9238e-05
292/348 [========================>.....] - ETA: 1s - batch_cost: 0.0207 - reader cost: 6.8527e-05
295/348 [========================>.....] - ETA: 1s - batch_cost: 0.0208 - reader cost: 6.7830e-05
298/348 [========================>.....] - ETA: 1s - batch_cost: 0.0207 - reader cost: 7.0501e-05
301/348 [========================>.....] - ETA: 0s - batch_cost: 0.0208 - reader cost: 6.9799e-05
304/348 [=========================>....] - ETA: 0s - batch_cost: 0.0208 - reader cost: 6.9110e-05
307/348 [=========================>....] - ETA: 0s - batch_cost: 0.0208 - reader cost: 6.8435e-05
310/348 [=========================>....] - ETA: 0s - batch_cost: 0.0208 - reader cost: 6.7772e-05
313/348 [=========================>....] - ETA: 0s - batch_cost: 0.0207 - reader cost: 6.7123e-05
316/348 [==========================>...] - ETA: 0s - batch_cost: 0.0207 - reader cost: 6.6486e-05
319/348 [==========================>...] - ETA: 0s - batch_cost: 0.0207 - reader cost: 6.5860e-05
322/348 [==========================>...] - ETA: 0s - batch_cost: 0.0207 - reader cost: 6.8352e-05
325/348 [===========================>..] - ETA: 0s - batch_cost: 0.0207 - reader cost: 6.7721e-05
328/348 [===========================>..] - ETA: 0s - batch_cost: 0.0207 - reader cost: 6.7102e-05
331/348 [===========================>..] - ETA: 0s - batch_cost: 0.0207 - reader cost: 6.6494e-05
334/348 [===========================>..] - ETA: 0s - batch_cost: 0.0207 - reader cost: 6.5896e-05
337/348 [============================>.] - ETA: 0s - batch_cost: 0.0207 - reader cost: 6.7349e-05
340/348 [============================>.] - ETA: 0s - batch_cost: 0.0207 - reader cost: 6.6755e-05
343/348 [============================>.] - ETA: 0s - batch_cost: 0.0207 - reader cost: 6.6171e-05
345/348 [============================>.] - ETA: 0s - batch_cost: 0.0207 - reader cost: 6.5788e-05
348/348 [==============================] - 7s 21ms/step - batch_cost: 0.0207 - reader cost: 6.5220e-05

  1/348 [..............................] - ETA: 9s - batch_cost: 0.0282 - reader cost: 0.0067
  4/348 [..............................] - ETA: 7s - batch_cost: 0.0204 - reader cost: 0.0017
  7/348 [..............................] - ETA: 7s - batch_cost: 0.0213 - reader cost: 9.5681e-04
 10/348 [..............................] - ETA: 7s - batch_cost: 0.0214 - reader cost: 6.6977e-04
 13/348 [>.............................] - ETA: 7s - batch_cost: 0.0208 - reader cost: 5.1520e-04
 16/348 [>.............................] - ETA: 6s - batch_cost: 0.0202 - reader cost: 4.1860e-04
 19/348 [>.............................] - ETA: 6s - batch_cost: 0.0200 - reader cost: 3.5251e-04
 22/348 [>.............................] - ETA: 6s - batch_cost: 0.0197 - reader cost: 3.5038e-04
 25/348 [=>............................] - ETA: 6s - batch_cost: 0.0198 - reader cost: 3.0833e-04
 29/348 [=>............................] - ETA: 6s - batch_cost: 0.0193 - reader cost: 2.6580e-04
 32/348 [=>............................] - ETA: 6s - batch_cost: 0.0191 - reader cost: 2.4088e-04
 35/348 [==>...........................] - ETA: 6s - batch_cost: 0.0190 - reader cost: 2.2024e-04
 38/348 [==>...........................] - ETA: 5s - batch_cost: 0.0190 - reader cost: 2.0285e-04
 41/348 [==>...........................] - ETA: 5s - batch_cost: 0.0191 - reader cost: 1.8801e-04
 44/348 [==>...........................] - ETA: 5s - batch_cost: 0.0190 - reader cost: 1.7519e-04
 46/348 [==>...........................] - ETA: 5s - batch_cost: 0.0193 - reader cost: 1.6757e-04
 48/348 [===>..........................] - ETA: 5s - batch_cost: 0.0197 - reader cost: 1.6059e-04
 50/348 [===>..........................] - ETA: 6s - batch_cost: 0.0200 - reader cost: 1.5417e-04
 54/348 [===>..........................] - ETA: 5s - batch_cost: 0.0199 - reader cost: 1.6125e-04
 57/348 [===>..........................] - ETA: 5s - batch_cost: 0.0197 - reader cost: 1.5276e-04
 60/348 [====>.........................] - ETA: 5s - batch_cost: 0.0197 - reader cost: 1.4512e-04
 63/348 [====>.........................] - ETA: 5s - batch_cost: 0.0197 - reader cost: 1.3821e-04
 66/348 [====>.........................] - ETA: 5s - batch_cost: 0.0196 - reader cost: 1.3193e-04
 69/348 [====>.........................] - ETA: 5s - batch_cost: 0.0197 - reader cost: 1.2619e-04
 71/348 [=====>........................] - ETA: 5s - batch_cost: 0.0199 - reader cost: 1.2264e-04
 74/348 [=====>........................] - ETA: 5s - batch_cost: 0.0199 - reader cost: 1.1767e-04
 77/348 [=====>........................] - ETA: 5s - batch_cost: 0.0198 - reader cost: 1.1308e-04
 80/348 [=====>........................] - ETA: 5s - batch_cost: 0.0198 - reader cost: 1.0884e-04
 83/348 [======>.......................] - ETA: 5s - batch_cost: 0.0198 - reader cost: 1.0491e-04
 86/348 [======>.......................] - ETA: 5s - batch_cost: 0.0198 - reader cost: 1.2502e-04
 89/348 [======>.......................] - ETA: 5s - batch_cost: 0.0198 - reader cost: 1.2080e-04
 92/348 [======>.......................] - ETA: 5s - batch_cost: 0.0198 - reader cost: 1.1686e-04
 95/348 [=======>......................] - ETA: 5s - batch_cost: 0.0198 - reader cost: 1.1317e-04
 98/348 [=======>......................] - ETA: 4s - batch_cost: 0.0198 - reader cost: 1.1992e-04
101/348 [=======>......................] - ETA: 4s - batch_cost: 0.0199 - reader cost: 1.1636e-04
103/348 [=======>......................] - ETA: 4s - batch_cost: 0.0200 - reader cost: 1.1410e-04
106/348 [========>.....................] - ETA: 4s - batch_cost: 0.0200 - reader cost: 1.2030e-04
109/348 [========>.....................] - ETA: 4s - batch_cost: 0.0200 - reader cost: 1.1699e-04
112/348 [========>.....................] - ETA: 4s - batch_cost: 0.0199 - reader cost: 1.1386e-04
115/348 [========>.....................] - ETA: 4s - batch_cost: 0.0199 - reader cost: 1.1528e-04
118/348 [=========>....................] - ETA: 4s - batch_cost: 0.0198 - reader cost: 1.1235e-04
121/348 [=========>....................] - ETA: 4s - batch_cost: 0.0198 - reader cost: 1.0956e-04
124/348 [=========>....................] - ETA: 4s - batch_cost: 0.0198 - reader cost: 1.0691e-04
127/348 [=========>....................] - ETA: 4s - batch_cost: 0.0197 - reader cost: 1.0438e-04
130/348 [==========>...................] - ETA: 4s - batch_cost: 0.0197 - reader cost: 1.0198e-04
133/348 [==========>...................] - ETA: 4s - batch_cost: 0.0197 - reader cost: 9.9675e-05
136/348 [==========>...................] - ETA: 4s - batch_cost: 0.0196 - reader cost: 9.7476e-05
139/348 [==========>...................] - ETA: 4s - batch_cost: 0.0197 - reader cost: 9.5373e-05
142/348 [===========>..................] - ETA: 4s - batch_cost: 0.0197 - reader cost: 9.3358e-05
145/348 [===========>..................] - ETA: 4s - batch_cost: 0.0197 - reader cost: 9.1426e-05
148/348 [===========>..................] - ETA: 3s - batch_cost: 0.0197 - reader cost: 8.9573e-05
151/348 [============>.................] - ETA: 3s - batch_cost: 0.0198 - reader cost: 8.7793e-05
154/348 [============>.................] - ETA: 3s - batch_cost: 0.0198 - reader cost: 9.5844e-05
157/348 [============>.................] - ETA: 3s - batch_cost: 0.0199 - reader cost: 9.4013e-05
160/348 [============>.................] - ETA: 3s - batch_cost: 0.0199 - reader cost: 9.2250e-05
163/348 [=============>................] - ETA: 3s - batch_cost: 0.0199 - reader cost: 9.0552e-05
166/348 [=============>................] - ETA: 3s - batch_cost: 0.0199 - reader cost: 9.4944e-05
169/348 [=============>................] - ETA: 3s - batch_cost: 0.0199 - reader cost: 9.3258e-05
172/348 [=============>................] - ETA: 3s - batch_cost: 0.0199 - reader cost: 9.1632e-05
175/348 [==============>...............] - ETA: 3s - batch_cost: 0.0199 - reader cost: 9.0061e-05
178/348 [==============>...............] - ETA: 3s - batch_cost: 0.0199 - reader cost: 8.8543e-05
181/348 [==============>...............] - ETA: 3s - batch_cost: 0.0199 - reader cost: 8.7075e-05
184/348 [==============>...............] - ETA: 3s - batch_cost: 0.0199 - reader cost: 9.1094e-05
187/348 [===============>..............] - ETA: 3s - batch_cost: 0.0198 - reader cost: 8.9633e-05
190/348 [===============>..............] - ETA: 3s - batch_cost: 0.0198 - reader cost: 8.8217e-05
193/348 [===============>..............] - ETA: 3s - batch_cost: 0.0199 - reader cost: 8.6846e-05
195/348 [===============>..............] - ETA: 3s - batch_cost: 0.0200 - reader cost: 8.5955e-05
197/348 [===============>..............] - ETA: 3s - batch_cost: 0.0201 - reader cost: 8.5083e-05
199/348 [================>.............] - ETA: 3s - batch_cost: 0.0202 - reader cost: 8.4228e-05
201/348 [================>.............] - ETA: 3s - batch_cost: 0.0202 - reader cost: 8.3390e-05
203/348 [================>.............] - ETA: 2s - batch_cost: 0.0203 - reader cost: 8.2568e-05
206/348 [================>.............] - ETA: 2s - batch_cost: 0.0204 - reader cost: 8.1366e-05
208/348 [================>.............] - ETA: 2s - batch_cost: 0.0205 - reader cost: 8.0583e-05
210/348 [=================>............] - ETA: 2s - batch_cost: 0.0205 - reader cost: 7.9816e-05
213/348 [=================>............] - ETA: 2s - batch_cost: 0.0206 - reader cost: 8.3352e-05
215/348 [=================>............] - ETA: 2s - batch_cost: 0.0206 - reader cost: 8.2577e-05
218/348 [=================>............] - ETA: 2s - batch_cost: 0.0207 - reader cost: 8.1441e-05
221/348 [==================>...........] - ETA: 2s - batch_cost: 0.0206 - reader cost: 8.0335e-05
225/348 [==================>...........] - ETA: 2s - batch_cost: 0.0206 - reader cost: 7.8907e-05
228/348 [==================>...........] - ETA: 2s - batch_cost: 0.0205 - reader cost: 7.7869e-05
231/348 [==================>...........] - ETA: 2s - batch_cost: 0.0205 - reader cost: 7.6857e-05
234/348 [===================>..........] - ETA: 2s - batch_cost: 0.0205 - reader cost: 7.5872e-05
237/348 [===================>..........] - ETA: 2s - batch_cost: 0.0205 - reader cost: 7.4912e-05
240/348 [===================>..........] - ETA: 2s - batch_cost: 0.0205 - reader cost: 7.3975e-05
243/348 [===================>..........] - ETA: 2s - batch_cost: 0.0205 - reader cost: 7.3062e-05
247/348 [====================>.........] - ETA: 2s - batch_cost: 0.0205 - reader cost: 7.5929e-05
250/348 [====================>.........] - ETA: 2s - batch_cost: 0.0204 - reader cost: 7.9015e-05
253/348 [====================>.........] - ETA: 1s - batch_cost: 0.0205 - reader cost: 7.8078e-05
255/348 [====================>.........] - ETA: 1s - batch_cost: 0.0205 - reader cost: 7.7465e-05
258/348 [=====================>........] - ETA: 1s - batch_cost: 0.0205 - reader cost: 7.6565e-05
261/348 [=====================>........] - ETA: 1s - batch_cost: 0.0205 - reader cost: 7.5685e-05
264/348 [=====================>........] - ETA: 1s - batch_cost: 0.0205 - reader cost: 7.4825e-05
267/348 [======================>.......] - ETA: 1s - batch_cost: 0.0206 - reader cost: 7.3984e-05
270/348 [======================>.......] - ETA: 1s - batch_cost: 0.0206 - reader cost: 7.3162e-05
274/348 [======================>.......] - ETA: 1s - batch_cost: 0.0205 - reader cost: 7.2094e-05
277/348 [======================>.......] - ETA: 1s - batch_cost: 0.0205 - reader cost: 7.1313e-05
280/348 [=======================>......] - ETA: 1s - batch_cost: 0.0205 - reader cost: 7.0549e-05
282/348 [=======================>......] - ETA: 1s - batch_cost: 0.0206 - reader cost: 7.0049e-05
285/348 [=======================>......] - ETA: 1s - batch_cost: 0.0206 - reader cost: 7.1099e-05
287/348 [=======================>......] - ETA: 1s - batch_cost: 0.0206 - reader cost: 7.0603e-05
290/348 [========================>.....] - ETA: 1s - batch_cost: 0.0206 - reader cost: 6.9873e-05
292/348 [========================>.....] - ETA: 1s - batch_cost: 0.0207 - reader cost: 6.9395e-05
294/348 [========================>.....] - ETA: 1s - batch_cost: 0.0207 - reader cost: 6.8922e-05
297/348 [========================>.....] - ETA: 1s - batch_cost: 0.0208 - reader cost: 6.8226e-05
299/348 [========================>.....] - ETA: 1s - batch_cost: 0.0208 - reader cost: 6.7770e-05
301/348 [========================>.....] - ETA: 0s - batch_cost: 0.0208 - reader cost: 6.7320e-05
303/348 [=========================>....] - ETA: 0s - batch_cost: 0.0209 - reader cost: 6.6875e-05
305/348 [=========================>....] - ETA: 0s - batch_cost: 0.0209 - reader cost: 6.6437e-05
307/348 [=========================>....] - ETA: 0s - batch_cost: 0.0210 - reader cost: 6.9261e-05
309/348 [=========================>....] - ETA: 0s - batch_cost: 0.0210 - reader cost: 6.8813e-05
311/348 [=========================>....] - ETA: 0s - batch_cost: 0.0211 - reader cost: 6.8370e-05
313/348 [=========================>....] - ETA: 0s - batch_cost: 0.0211 - reader cost: 7.1130e-05
316/348 [==========================>...] - ETA: 0s - batch_cost: 0.0211 - reader cost: 7.0455e-05
319/348 [==========================>...] - ETA: 0s - batch_cost: 0.0211 - reader cost: 6.9792e-05
322/348 [==========================>...] - ETA: 0s - batch_cost: 0.0212 - reader cost: 6.9142e-05
326/348 [===========================>..] - ETA: 0s - batch_cost: 0.0211 - reader cost: 6.8294e-05
329/348 [===========================>..] - ETA: 0s - batch_cost: 0.0211 - reader cost: 6.7671e-05
332/348 [===========================>..] - ETA: 0s - batch_cost: 0.0211 - reader cost: 6.8605e-05
335/348 [===========================>..] - ETA: 0s - batch_cost: 0.0211 - reader cost: 7.0977e-05
338/348 [============================>.] - ETA: 0s - batch_cost: 0.0211 - reader cost: 7.0347e-05
340/348 [============================>.] - ETA: 0s - batch_cost: 0.0212 - reader cost: 6.9933e-05
343/348 [============================>.] - ETA: 0s - batch_cost: 0.0212 - reader cost: 7.2237e-05
346/348 [============================>.] - ETA: 0s - batch_cost: 0.0212 - reader cost: 7.1611e-05
348/348 [==============================] - 7s 21ms/step - batch_cost: 0.0212 - reader cost: 7.1199e-05

  1/348 [..............................] - ETA: 10s - batch_cost: 0.0312 - reader cost: 0.0080
  3/348 [..............................] - ETA: 9s - batch_cost: 0.0274 - reader cost: 0.0027 
  6/348 [..............................] - ETA: 7s - batch_cost: 0.0227 - reader cost: 0.0013
  9/348 [..............................] - ETA: 7s - batch_cost: 0.0221 - reader cost: 8.8943e-04
 12/348 [>.............................] - ETA: 7s - batch_cost: 0.0216 - reader cost: 7.1009e-04
 16/348 [>.............................] - ETA: 6s - batch_cost: 0.0201 - reader cost: 5.3257e-04
 20/348 [>.............................] - ETA: 6s - batch_cost: 0.0193 - reader cost: 4.2605e-04
 23/348 [>.............................] - ETA: 6s - batch_cost: 0.0192 - reader cost: 3.7048e-04
 26/348 [=>............................] - ETA: 6s - batch_cost: 0.0190 - reader cost: 3.6592e-04
 29/348 [=>............................] - ETA: 6s - batch_cost: 0.0188 - reader cost: 3.2806e-04
 32/348 [=>............................] - ETA: 5s - batch_cost: 0.0187 - reader cost: 2.9731e-04
 35/348 [==>...........................] - ETA: 5s - batch_cost: 0.0187 - reader cost: 2.7182e-04
 38/348 [==>...........................] - ETA: 5s - batch_cost: 0.0186 - reader cost: 2.5036e-04
 42/348 [==>...........................] - ETA: 5s - batch_cost: 0.0183 - reader cost: 2.2652e-04
 46/348 [==>...........................] - ETA: 5s - batch_cost: 0.0181 - reader cost: 2.0682e-04
 49/348 [===>..........................] - ETA: 5s - batch_cost: 0.0181 - reader cost: 1.9416e-04
 52/348 [===>..........................] - ETA: 5s - batch_cost: 0.0181 - reader cost: 1.8296e-04
 54/348 [===>..........................] - ETA: 5s - batch_cost: 0.0184 - reader cost: 1.7618e-04
 56/348 [===>..........................] - ETA: 5s - batch_cost: 0.0186 - reader cost: 1.6989e-04
 58/348 [====>.........................] - ETA: 5s - batch_cost: 0.0189 - reader cost: 1.6403e-04
 61/348 [====>.........................] - ETA: 5s - batch_cost: 0.0190 - reader cost: 1.5596e-04
 64/348 [====>.........................] - ETA: 5s - batch_cost: 0.0189 - reader cost: 1.4865e-04
 67/348 [====>.........................] - ETA: 5s - batch_cost: 0.0188 - reader cost: 1.4200e-04
 71/348 [=====>........................] - ETA: 5s - batch_cost: 0.0187 - reader cost: 1.3400e-04
 74/348 [=====>........................] - ETA: 5s - batch_cost: 0.0187 - reader cost: 1.2857e-04
 77/348 [=====>........................] - ETA: 5s - batch_cost: 0.0187 - reader cost: 1.2356e-04
 80/348 [=====>........................] - ETA: 5s - batch_cost: 0.0186 - reader cost: 1.1892e-04
 83/348 [======>.......................] - ETA: 4s - batch_cost: 0.0186 - reader cost: 1.1462e-04
 86/348 [======>.......................] - ETA: 4s - batch_cost: 0.0186 - reader cost: 1.2217e-04
 90/348 [======>.......................] - ETA: 4s - batch_cost: 0.0185 - reader cost: 1.2785e-04
 93/348 [=======>......................] - ETA: 4s - batch_cost: 0.0184 - reader cost: 1.2372e-04
 96/348 [=======>......................] - ETA: 4s - batch_cost: 0.0185 - reader cost: 1.1986e-04
100/348 [=======>......................] - ETA: 4s - batch_cost: 0.0185 - reader cost: 1.1506e-04
104/348 [=======>......................] - ETA: 4s - batch_cost: 0.0184 - reader cost: 1.1064e-04
108/348 [========>.....................] - ETA: 4s - batch_cost: 0.0183 - reader cost: 1.0654e-04
111/348 [========>.....................] - ETA: 4s - batch_cost: 0.0183 - reader cost: 1.0366e-04
114/348 [========>.....................] - ETA: 4s - batch_cost: 0.0184 - reader cost: 1.0093e-04
117/348 [=========>....................] - ETA: 4s - batch_cost: 0.0184 - reader cost: 9.8345e-05
120/348 [=========>....................] - ETA: 4s - batch_cost: 0.0185 - reader cost: 9.5886e-05
123/348 [=========>....................] - ETA: 4s - batch_cost: 0.0185 - reader cost: 9.3547e-05
125/348 [=========>....................] - ETA: 4s - batch_cost: 0.0186 - reader cost: 9.2051e-05
128/348 [==========>...................] - ETA: 4s - batch_cost: 0.0188 - reader cost: 8.9893e-05
131/348 [==========>...................] - ETA: 4s - batch_cost: 0.0188 - reader cost: 8.7834e-05
133/348 [==========>...................] - ETA: 4s - batch_cost: 0.0189 - reader cost: 8.6514e-05
135/348 [==========>...................] - ETA: 4s - batch_cost: 0.0190 - reader cost: 8.5232e-05
138/348 [==========>...................] - ETA: 4s - batch_cost: 0.0190 - reader cost: 8.3379e-05
141/348 [===========>..................] - ETA: 3s - batch_cost: 0.0189 - reader cost: 8.1605e-05
144/348 [===========>..................] - ETA: 3s - batch_cost: 0.0189 - reader cost: 7.9905e-05
148/348 [===========>..................] - ETA: 3s - batch_cost: 0.0188 - reader cost: 7.7745e-05
152/348 [============>.................] - ETA: 3s - batch_cost: 0.0188 - reader cost: 8.2276e-05
156/348 [============>.................] - ETA: 3s - batch_cost: 0.0188 - reader cost: 8.0167e-05
159/348 [============>.................] - ETA: 3s - batch_cost: 0.0187 - reader cost: 8.4903e-05
163/348 [=============>................] - ETA: 3s - batch_cost: 0.0187 - reader cost: 8.2819e-05
167/348 [=============>................] - ETA: 3s - batch_cost: 0.0187 - reader cost: 8.0835e-05
171/348 [=============>................] - ETA: 3s - batch_cost: 0.0186 - reader cost: 7.8944e-05
174/348 [==============>...............] - ETA: 3s - batch_cost: 0.0186 - reader cost: 8.3344e-05
177/348 [==============>...............] - ETA: 3s - batch_cost: 0.0186 - reader cost: 8.1931e-05
180/348 [==============>...............] - ETA: 3s - batch_cost: 0.0185 - reader cost: 8.0566e-05
183/348 [==============>...............] - ETA: 3s - batch_cost: 0.0185 - reader cost: 7.9245e-05
187/348 [===============>..............] - ETA: 3s - batch_cost: 0.0185 - reader cost: 7.7550e-05
190/348 [===============>..............] - ETA: 2s - batch_cost: 0.0184 - reader cost: 8.1587e-05
194/348 [===============>..............] - ETA: 2s - batch_cost: 0.0184 - reader cost: 7.9905e-05
197/348 [===============>..............] - ETA: 2s - batch_cost: 0.0184 - reader cost: 7.8688e-05
201/348 [================>.............] - ETA: 2s - batch_cost: 0.0183 - reader cost: 7.7122e-05
204/348 [================>.............] - ETA: 2s - batch_cost: 0.0184 - reader cost: 7.5988e-05
207/348 [================>.............] - ETA: 2s - batch_cost: 0.0184 - reader cost: 7.4886e-05
211/348 [=================>............] - ETA: 2s - batch_cost: 0.0184 - reader cost: 7.3467e-05
214/348 [=================>............] - ETA: 2s - batch_cost: 0.0184 - reader cost: 7.2437e-05
217/348 [=================>............] - ETA: 2s - batch_cost: 0.0184 - reader cost: 7.1435e-05
220/348 [=================>............] - ETA: 2s - batch_cost: 0.0183 - reader cost: 7.0461e-05
223/348 [==================>...........] - ETA: 2s - batch_cost: 0.0183 - reader cost: 6.9513e-05
226/348 [==================>...........] - ETA: 2s - batch_cost: 0.0184 - reader cost: 6.8591e-05
228/348 [==================>...........] - ETA: 2s - batch_cost: 0.0184 - reader cost: 6.7989e-05
232/348 [===================>..........] - ETA: 2s - batch_cost: 0.0184 - reader cost: 6.6817e-05
236/348 [===================>..........] - ETA: 2s - batch_cost: 0.0184 - reader cost: 6.5684e-05
239/348 [===================>..........] - ETA: 2s - batch_cost: 0.0184 - reader cost: 6.4860e-05
242/348 [===================>..........] - ETA: 1s - batch_cost: 0.0183 - reader cost: 6.4056e-05
246/348 [====================>.........] - ETA: 1s - batch_cost: 0.0183 - reader cost: 6.7111e-05
249/348 [====================>.........] - ETA: 1s - batch_cost: 0.0183 - reader cost: 6.6302e-05
251/348 [====================>.........] - ETA: 1s - batch_cost: 0.0183 - reader cost: 6.5774e-05
254/348 [====================>.........] - ETA: 1s - batch_cost: 0.0183 - reader cost: 6.4997e-05
257/348 [=====================>........] - ETA: 1s - batch_cost: 0.0183 - reader cost: 6.4239e-05
260/348 [=====================>........] - ETA: 1s - batch_cost: 0.0183 - reader cost: 6.3497e-05
263/348 [=====================>........] - ETA: 1s - batch_cost: 0.0183 - reader cost: 6.2773e-05
266/348 [=====================>........] - ETA: 1s - batch_cost: 0.0183 - reader cost: 6.4088e-05
269/348 [======================>.......] - ETA: 1s - batch_cost: 0.0184 - reader cost: 6.3373e-05
273/348 [======================>.......] - ETA: 1s - batch_cost: 0.0183 - reader cost: 6.2445e-05
277/348 [======================>.......] - ETA: 1s - batch_cost: 0.0183 - reader cost: 6.5185e-05
279/348 [=======================>......] - ETA: 1s - batch_cost: 0.0183 - reader cost: 6.4717e-05
282/348 [=======================>......] - ETA: 1s - batch_cost: 0.0183 - reader cost: 6.8215e-05
285/348 [=======================>......] - ETA: 1s - batch_cost: 0.0183 - reader cost: 6.7497e-05
288/348 [=======================>......] - ETA: 1s - batch_cost: 0.0183 - reader cost: 7.0266e-05
292/348 [========================>.....] - ETA: 1s - batch_cost: 0.0183 - reader cost: 6.9303e-05
295/348 [========================>.....] - ETA: 0s - batch_cost: 0.0183 - reader cost: 6.8598e-05
298/348 [========================>.....] - ETA: 0s - batch_cost: 0.0182 - reader cost: 6.7908e-05
301/348 [========================>.....] - ETA: 0s - batch_cost: 0.0183 - reader cost: 6.7231e-05
304/348 [=========================>....] - ETA: 0s - batch_cost: 0.0182 - reader cost: 6.6567e-05
307/348 [=========================>....] - ETA: 0s - batch_cost: 0.0182 - reader cost: 6.5917e-05
310/348 [=========================>....] - ETA: 0s - batch_cost: 0.0182 - reader cost: 6.8505e-05
314/348 [==========================>...] - ETA: 0s - batch_cost: 0.0182 - reader cost: 6.7632e-05
317/348 [==========================>...] - ETA: 0s - batch_cost: 0.0182 - reader cost: 6.6992e-05
320/348 [==========================>...] - ETA: 0s - batch_cost: 0.0182 - reader cost: 6.6364e-05
324/348 [==========================>...] - ETA: 0s - batch_cost: 0.0181 - reader cost: 6.5545e-05
328/348 [===========================>..] - ETA: 0s - batch_cost: 0.0181 - reader cost: 6.7825e-05
332/348 [===========================>..] - ETA: 0s - batch_cost: 0.0181 - reader cost: 6.7008e-05
335/348 [===========================>..] - ETA: 0s - batch_cost: 0.0181 - reader cost: 6.6408e-05
338/348 [============================>.] - ETA: 0s - batch_cost: 0.0181 - reader cost: 6.5818e-05
341/348 [============================>.] - ETA: 0s - batch_cost: 0.0181 - reader cost: 6.5239e-05
345/348 [============================>.] - ETA: 0s - batch_cost: 0.0180 - reader cost: 6.4483e-05
348/348 [==============================] - 6s 18ms/step - batch_cost: 0.0180 - reader cost: 6.3927e-05

  1/348 [..............................] - ETA: 8s - batch_cost: 0.0235 - reader cost: 0.0070
  4/348 [..............................] - ETA: 8s - batch_cost: 0.0237 - reader cost: 0.0020
  6/348 [..............................] - ETA: 8s - batch_cost: 0.0258 - reader cost: 0.0013
  8/348 [..............................] - ETA: 9s - batch_cost: 0.0263 - reader cost: 0.0010
 10/348 [..............................] - ETA: 8s - batch_cost: 0.0262 - reader cost: 8.0094e-04
 12/348 [>.............................] - ETA: 8s - batch_cost: 0.0263 - reader cost: 6.6745e-04
 15/348 [>.............................] - ETA: 8s - batch_cost: 0.0246 - reader cost: 5.3396e-04
 18/348 [>.............................] - ETA: 7s - batch_cost: 0.0233 - reader cost: 4.4497e-04
 20/348 [>.............................] - ETA: 7s - batch_cost: 0.0235 - reader cost: 4.0047e-04
 23/348 [>.............................] - ETA: 7s - batch_cost: 0.0233 - reader cost: 3.4824e-04
 26/348 [=>............................] - ETA: 7s - batch_cost: 0.0232 - reader cost: 3.0806e-04
 29/348 [=>............................] - ETA: 7s - batch_cost: 0.0225 - reader cost: 2.7619e-04
 32/348 [=>............................] - ETA: 7s - batch_cost: 0.0219 - reader cost: 2.5029e-04
 36/348 [==>...........................] - ETA: 6s - batch_cost: 0.0213 - reader cost: 2.2248e-04
 39/348 [==>...........................] - ETA: 6s - batch_cost: 0.0212 - reader cost: 2.0537e-04
 42/348 [==>...........................] - ETA: 6s - batch_cost: 0.0208 - reader cost: 1.9070e-04
 45/348 [==>...........................] - ETA: 6s - batch_cost: 0.0208 - reader cost: 1.7799e-04
 48/348 [===>..........................] - ETA: 6s - batch_cost: 0.0206 - reader cost: 1.6686e-04
 51/348 [===>..........................] - ETA: 6s - batch_cost: 0.0207 - reader cost: 1.7653e-04
 53/348 [===>..........................] - ETA: 6s - batch_cost: 0.0210 - reader cost: 1.6987e-04
 56/348 [===>..........................] - ETA: 6s - batch_cost: 0.0210 - reader cost: 1.6077e-04
 58/348 [====>.........................] - ETA: 6s - batch_cost: 0.0213 - reader cost: 1.5522e-04
 61/348 [====>.........................] - ETA: 6s - batch_cost: 0.0212 - reader cost: 1.4759e-04
 65/348 [====>.........................] - ETA: 5s - batch_cost: 0.0208 - reader cost: 1.3851e-04
 69/348 [====>.........................] - ETA: 5s - batch_cost: 0.0205 - reader cost: 1.3048e-04
 73/348 [=====>........................] - ETA: 5s - batch_cost: 0.0203 - reader cost: 1.2333e-04
 76/348 [=====>........................] - ETA: 5s - batch_cost: 0.0202 - reader cost: 1.2507e-04
 79/348 [=====>........................] - ETA: 5s - batch_cost: 0.0200 - reader cost: 1.2032e-04
 82/348 [======>.......................] - ETA: 5s - batch_cost: 0.0199 - reader cost: 1.1592e-04
 85/348 [======>.......................] - ETA: 5s - batch_cost: 0.0198 - reader cost: 1.1183e-04
 89/348 [======>.......................] - ETA: 5s - batch_cost: 0.0196 - reader cost: 1.0680e-04
 93/348 [=======>......................] - ETA: 5s - batch_cost: 0.0194 - reader cost: 1.0221e-04
 97/348 [=======>......................] - ETA: 4s - batch_cost: 0.0193 - reader cost: 9.7992e-05
100/348 [=======>......................] - ETA: 4s - batch_cost: 0.0192 - reader cost: 9.5053e-05
103/348 [=======>......................] - ETA: 4s - batch_cost: 0.0192 - reader cost: 9.2284e-05
106/348 [========>.....................] - ETA: 4s - batch_cost: 0.0191 - reader cost: 8.9672e-05
110/348 [========>.....................] - ETA: 4s - batch_cost: 0.0190 - reader cost: 8.6412e-05
114/348 [========>.....................] - ETA: 4s - batch_cost: 0.0189 - reader cost: 9.2222e-05
118/348 [=========>....................] - ETA: 4s - batch_cost: 0.0188 - reader cost: 8.9096e-05
122/348 [=========>....................] - ETA: 4s - batch_cost: 0.0187 - reader cost: 8.6175e-05
125/348 [=========>....................] - ETA: 4s - batch_cost: 0.0188 - reader cost: 8.4106e-05
128/348 [==========>...................] - ETA: 4s - batch_cost: 0.0189 - reader cost: 8.9956e-05
132/348 [==========>...................] - ETA: 4s - batch_cost: 0.0188 - reader cost: 8.7230e-05
136/348 [==========>...................] - ETA: 4s - batch_cost: 0.0187 - reader cost: 8.4665e-05
140/348 [===========>..................] - ETA: 3s - batch_cost: 0.0186 - reader cost: 8.2246e-05
144/348 [===========>..................] - ETA: 3s - batch_cost: 0.0185 - reader cost: 7.9961e-05
148/348 [===========>..................] - ETA: 3s - batch_cost: 0.0185 - reader cost: 7.7800e-05
151/348 [============>.................] - ETA: 3s - batch_cost: 0.0185 - reader cost: 8.2927e-05
154/348 [============>.................] - ETA: 3s - batch_cost: 0.0185 - reader cost: 8.1312e-05
156/348 [============>.................] - ETA: 3s - batch_cost: 0.0186 - reader cost: 8.0269e-05
159/348 [============>.................] - ETA: 3s - batch_cost: 0.0186 - reader cost: 7.8755e-05
162/348 [============>.................] - ETA: 3s - batch_cost: 0.0186 - reader cost: 7.7296e-05
165/348 [=============>................] - ETA: 3s - batch_cost: 0.0186 - reader cost: 7.5891e-05
168/348 [=============>................] - ETA: 3s - batch_cost: 0.0186 - reader cost: 7.4536e-05
171/348 [=============>................] - ETA: 3s - batch_cost: 0.0186 - reader cost: 7.3228e-05
174/348 [==============>...............] - ETA: 3s - batch_cost: 0.0186 - reader cost: 7.1965e-05
178/348 [==============>...............] - ETA: 3s - batch_cost: 0.0185 - reader cost: 7.0348e-05
181/348 [==============>...............] - ETA: 3s - batch_cost: 0.0185 - reader cost: 6.9182e-05
184/348 [==============>...............] - ETA: 3s - batch_cost: 0.0185 - reader cost: 6.8054e-05
187/348 [===============>..............] - ETA: 3s - batch_cost: 0.0185 - reader cost: 6.6962e-05
190/348 [===============>..............] - ETA: 2s - batch_cost: 0.0185 - reader cost: 7.1167e-05
193/348 [===============>..............] - ETA: 2s - batch_cost: 0.0185 - reader cost: 7.0060e-05
196/348 [===============>..............] - ETA: 2s - batch_cost: 0.0185 - reader cost: 6.8988e-05
199/348 [================>.............] - ETA: 2s - batch_cost: 0.0185 - reader cost: 6.7948e-05
202/348 [================>.............] - ETA: 2s - batch_cost: 0.0185 - reader cost: 6.6939e-05
205/348 [================>.............] - ETA: 2s - batch_cost: 0.0185 - reader cost: 6.5959e-05
208/348 [================>.............] - ETA: 2s - batch_cost: 0.0185 - reader cost: 6.5008e-05
211/348 [=================>............] - ETA: 2s - batch_cost: 0.0185 - reader cost: 6.8830e-05
214/348 [=================>............] - ETA: 2s - batch_cost: 0.0186 - reader cost: 6.7865e-05
217/348 [=================>............] - ETA: 2s - batch_cost: 0.0186 - reader cost: 6.6926e-05
221/348 [==================>...........] - ETA: 2s - batch_cost: 0.0185 - reader cost: 7.0241e-05
224/348 [==================>...........] - ETA: 2s - batch_cost: 0.0185 - reader cost: 6.9300e-05
226/348 [==================>...........] - ETA: 2s - batch_cost: 0.0186 - reader cost: 6.8687e-05
228/348 [==================>...........] - ETA: 2s - batch_cost: 0.0186 - reader cost: 7.4715e-05
231/348 [==================>...........] - ETA: 2s - batch_cost: 0.0187 - reader cost: 7.3745e-05
234/348 [===================>..........] - ETA: 2s - batch_cost: 0.0187 - reader cost: 7.2799e-05
237/348 [===================>..........] - ETA: 2s - batch_cost: 0.0187 - reader cost: 7.1878e-05
239/348 [===================>..........] - ETA: 2s - batch_cost: 0.0188 - reader cost: 7.1276e-05
242/348 [===================>..........] - ETA: 2s - batch_cost: 0.0189 - reader cost: 7.6636e-05
244/348 [====================>.........] - ETA: 1s - batch_cost: 0.0190 - reader cost: 7.6008e-05
247/348 [====================>.........] - ETA: 1s - batch_cost: 0.0189 - reader cost: 7.5084e-05
250/348 [====================>.........] - ETA: 1s - batch_cost: 0.0189 - reader cost: 7.4183e-05
253/348 [====================>.........] - ETA: 1s - batch_cost: 0.0189 - reader cost: 7.7257e-05
256/348 [=====================>........] - ETA: 1s - batch_cost: 0.0189 - reader cost: 7.6352e-05
259/348 [=====================>........] - ETA: 1s - batch_cost: 0.0189 - reader cost: 7.5467e-05
263/348 [=====================>........] - ETA: 1s - batch_cost: 0.0188 - reader cost: 8.0029e-05
267/348 [======================>.......] - ETA: 1s - batch_cost: 0.0188 - reader cost: 7.8830e-05
271/348 [======================>.......] - ETA: 1s - batch_cost: 0.0188 - reader cost: 7.7666e-05
274/348 [======================>.......] - ETA: 1s - batch_cost: 0.0188 - reader cost: 7.6816e-05
277/348 [======================>.......] - ETA: 1s - batch_cost: 0.0188 - reader cost: 7.5984e-05
279/348 [=======================>......] - ETA: 1s - batch_cost: 0.0188 - reader cost: 7.5439e-05
282/348 [=======================>......] - ETA: 1s - batch_cost: 0.0188 - reader cost: 7.8182e-05
285/348 [=======================>......] - ETA: 1s - batch_cost: 0.0188 - reader cost: 7.7359e-05
289/348 [=======================>......] - ETA: 1s - batch_cost: 0.0188 - reader cost: 7.6288e-05
292/348 [========================>.....] - ETA: 1s - batch_cost: 0.0188 - reader cost: 7.5504e-05
295/348 [========================>.....] - ETA: 1s - batch_cost: 0.0188 - reader cost: 7.8129e-05
297/348 [========================>.....] - ETA: 0s - batch_cost: 0.0188 - reader cost: 8.0964e-05
300/348 [========================>.....] - ETA: 0s - batch_cost: 0.0188 - reader cost: 8.0154e-05
303/348 [=========================>....] - ETA: 0s - batch_cost: 0.0188 - reader cost: 7.9360e-05
306/348 [=========================>....] - ETA: 0s - batch_cost: 0.0188 - reader cost: 7.8582e-05
309/348 [=========================>....] - ETA: 0s - batch_cost: 0.0188 - reader cost: 7.7819e-05
312/348 [=========================>....] - ETA: 0s - batch_cost: 0.0188 - reader cost: 7.7071e-05
315/348 [==========================>...] - ETA: 0s - batch_cost: 0.0188 - reader cost: 7.6337e-05
318/348 [==========================>...] - ETA: 0s - batch_cost: 0.0188 - reader cost: 7.5617e-05
321/348 [==========================>...] - ETA: 0s - batch_cost: 0.0188 - reader cost: 7.4910e-05
324/348 [==========================>...] - ETA: 0s - batch_cost: 0.0188 - reader cost: 7.4217e-05
327/348 [===========================>..] - ETA: 0s - batch_cost: 0.0188 - reader cost: 7.3536e-05
330/348 [===========================>..] - ETA: 0s - batch_cost: 0.0189 - reader cost: 7.2867e-05
334/348 [===========================>..] - ETA: 0s - batch_cost: 0.0188 - reader cost: 7.1995e-05
337/348 [============================>.] - ETA: 0s - batch_cost: 0.0188 - reader cost: 7.1354e-05
340/348 [============================>.] - ETA: 0s - batch_cost: 0.0188 - reader cost: 7.0724e-05
343/348 [============================>.] - ETA: 0s - batch_cost: 0.0188 - reader cost: 7.0105e-05
346/348 [============================>.] - ETA: 0s - batch_cost: 0.0188 - reader cost: 6.9498e-05
348/348 [==============================] - 7s 19ms/step - batch_cost: 0.0188 - reader cost: 6.9098e-05

  1/348 [..............................] - ETA: 11s - batch_cost: 0.0324 - reader cost: 0.0067
  4/348 [..............................] - ETA: 7s - batch_cost: 0.0218 - reader cost: 0.0019 
  7/348 [..............................] - ETA: 6s - batch_cost: 0.0197 - reader cost: 0.0012
 10/348 [..............................] - ETA: 6s - batch_cost: 0.0192 - reader cost: 9.6672e-04
 13/348 [>.............................] - ETA: 6s - batch_cost: 0.0193 - reader cost: 7.4363e-04
 16/348 [>.............................] - ETA: 6s - batch_cost: 0.0193 - reader cost: 6.0420e-04
 19/348 [>.............................] - ETA: 6s - batch_cost: 0.0196 - reader cost: 5.0880e-04
 22/348 [>.............................] - ETA: 6s - batch_cost: 0.0202 - reader cost: 4.8486e-04
 25/348 [=>............................] - ETA: 6s - batch_cost: 0.0204 - reader cost: 4.2667e-04
 28/348 [=>............................] - ETA: 6s - batch_cost: 0.0203 - reader cost: 4.5237e-04
 31/348 [=>............................] - ETA: 6s - batch_cost: 0.0200 - reader cost: 4.4066e-04
 34/348 [=>............................] - ETA: 6s - batch_cost: 0.0198 - reader cost: 4.3124e-04
 37/348 [==>...........................] - ETA: 6s - batch_cost: 0.0199 - reader cost: 3.9628e-04
 40/348 [==>...........................] - ETA: 6s - batch_cost: 0.0198 - reader cost: 3.6656e-04
 43/348 [==>...........................] - ETA: 6s - batch_cost: 0.0197 - reader cost: 3.4098e-04
 46/348 [==>...........................] - ETA: 5s - batch_cost: 0.0196 - reader cost: 3.1874e-04
 48/348 [===>..........................] - ETA: 6s - batch_cost: 0.0199 - reader cost: 3.0546e-04
 51/348 [===>..........................] - ETA: 5s - batch_cost: 0.0198 - reader cost: 2.9944e-04
 54/348 [===>..........................] - ETA: 5s - batch_cost: 0.0199 - reader cost: 2.8280e-04
 57/348 [===>..........................] - ETA: 5s - batch_cost: 0.0202 - reader cost: 2.6792e-04
 60/348 [====>.........................] - ETA: 5s - batch_cost: 0.0201 - reader cost: 2.5452e-04
 62/348 [====>.........................] - ETA: 5s - batch_cost: 0.0203 - reader cost: 2.4631e-04
 65/348 [====>.........................] - ETA: 5s - batch_cost: 0.0202 - reader cost: 2.5034e-04
 68/348 [====>.........................] - ETA: 5s - batch_cost: 0.0205 - reader cost: 2.3929e-04
 70/348 [=====>........................] - ETA: 5s - batch_cost: 0.0207 - reader cost: 2.3245e-04
 73/348 [=====>........................] - ETA: 5s - batch_cost: 0.0209 - reader cost: 2.2290e-04
 76/348 [=====>........................] - ETA: 5s - batch_cost: 0.0209 - reader cost: 2.1410e-04
 79/348 [=====>........................] - ETA: 5s - batch_cost: 0.0211 - reader cost: 2.1863e-04
 82/348 [======>.......................] - ETA: 5s - batch_cost: 0.0210 - reader cost: 2.1063e-04
 85/348 [======>.......................] - ETA: 5s - batch_cost: 0.0209 - reader cost: 2.0320e-04
 88/348 [======>.......................] - ETA: 5s - batch_cost: 0.0208 - reader cost: 1.9627e-04
 91/348 [======>.......................] - ETA: 5s - batch_cost: 0.0209 - reader cost: 1.8980e-04
 93/348 [=======>......................] - ETA: 5s - batch_cost: 0.0210 - reader cost: 1.8572e-04
 96/348 [=======>......................] - ETA: 5s - batch_cost: 0.0210 - reader cost: 1.7991e-04
 99/348 [=======>......................] - ETA: 5s - batch_cost: 0.0209 - reader cost: 1.7446e-04
102/348 [=======>......................] - ETA: 5s - batch_cost: 0.0209 - reader cost: 1.6933e-04
105/348 [========>.....................] - ETA: 5s - batch_cost: 0.0208 - reader cost: 1.6449e-04
108/348 [========>.....................] - ETA: 5s - batch_cost: 0.0207 - reader cost: 1.6918e-04
111/348 [========>.....................] - ETA: 4s - batch_cost: 0.0207 - reader cost: 1.6461e-04
113/348 [========>.....................] - ETA: 4s - batch_cost: 0.0208 - reader cost: 1.6170e-04
115/348 [========>.....................] - ETA: 4s - batch_cost: 0.0209 - reader cost: 1.5888e-04
117/348 [=========>....................] - ETA: 4s - batch_cost: 0.0210 - reader cost: 1.5617e-04
120/348 [=========>....................] - ETA: 4s - batch_cost: 0.0210 - reader cost: 1.5226e-04
123/348 [=========>....................] - ETA: 4s - batch_cost: 0.0210 - reader cost: 1.5669e-04
126/348 [=========>....................] - ETA: 4s - batch_cost: 0.0209 - reader cost: 1.5296e-04
129/348 [==========>...................] - ETA: 4s - batch_cost: 0.0209 - reader cost: 1.4940e-04
132/348 [==========>...................] - ETA: 4s - batch_cost: 0.0209 - reader cost: 1.5358e-04
135/348 [==========>...................] - ETA: 4s - batch_cost: 0.0210 - reader cost: 1.5017e-04
138/348 [==========>...................] - ETA: 4s - batch_cost: 0.0210 - reader cost: 1.4690e-04
140/348 [===========>..................] - ETA: 4s - batch_cost: 0.0210 - reader cost: 1.4480e-04
142/348 [===========>..................] - ETA: 4s - batch_cost: 0.0211 - reader cost: 1.4276e-04
144/348 [===========>..................] - ETA: 4s - batch_cost: 0.0212 - reader cost: 1.4078e-04
146/348 [===========>..................] - ETA: 4s - batch_cost: 0.0213 - reader cost: 1.3885e-04
148/348 [===========>..................] - ETA: 4s - batch_cost: 0.0213 - reader cost: 1.3698e-04
150/348 [===========>..................] - ETA: 4s - batch_cost: 0.0214 - reader cost: 1.3515e-04
153/348 [============>.................] - ETA: 4s - batch_cost: 0.0214 - reader cost: 1.3250e-04
156/348 [============>.................] - ETA: 4s - batch_cost: 0.0214 - reader cost: 1.2995e-04
159/348 [============>.................] - ETA: 4s - batch_cost: 0.0214 - reader cost: 1.2750e-04
162/348 [============>.................] - ETA: 4s - batch_cost: 0.0214 - reader cost: 1.2514e-04
165/348 [=============>................] - ETA: 3s - batch_cost: 0.0213 - reader cost: 1.2286e-04
168/348 [=============>................] - ETA: 3s - batch_cost: 0.0213 - reader cost: 1.2067e-04
171/348 [=============>................] - ETA: 3s - batch_cost: 0.0213 - reader cost: 1.1855e-04
174/348 [==============>...............] - ETA: 3s - batch_cost: 0.0212 - reader cost: 1.1651e-04
176/348 [==============>...............] - ETA: 3s - batch_cost: 0.0213 - reader cost: 1.1518e-04
179/348 [==============>...............] - ETA: 3s - batch_cost: 0.0213 - reader cost: 1.1885e-04
182/348 [==============>...............] - ETA: 3s - batch_cost: 0.0213 - reader cost: 1.1689e-04
185/348 [==============>...............] - ETA: 3s - batch_cost: 0.0212 - reader cost: 1.1500e-04
188/348 [===============>..............] - ETA: 3s - batch_cost: 0.0212 - reader cost: 1.1316e-04
191/348 [===============>..............] - ETA: 3s - batch_cost: 0.0212 - reader cost: 1.1139e-04
194/348 [===============>..............] - ETA: 3s - batch_cost: 0.0212 - reader cost: 1.0966e-04
198/348 [================>.............] - ETA: 3s - batch_cost: 0.0212 - reader cost: 1.1316e-04
201/348 [================>.............] - ETA: 3s - batch_cost: 0.0211 - reader cost: 1.1147e-04
204/348 [================>.............] - ETA: 3s - batch_cost: 0.0211 - reader cost: 1.0983e-04
207/348 [================>.............] - ETA: 3s - batch_cost: 0.0211 - reader cost: 1.1307e-04
209/348 [=================>............] - ETA: 2s - batch_cost: 0.0212 - reader cost: 1.1199e-04
212/348 [=================>............] - ETA: 2s - batch_cost: 0.0212 - reader cost: 1.1040e-04
215/348 [=================>............] - ETA: 2s - batch_cost: 0.0212 - reader cost: 1.0886e-04
218/348 [=================>............] - ETA: 2s - batch_cost: 0.0211 - reader cost: 1.0736e-04
220/348 [=================>............] - ETA: 2s - batch_cost: 0.0212 - reader cost: 1.0639e-04
223/348 [==================>...........] - ETA: 2s - batch_cost: 0.0212 - reader cost: 1.0496e-04
226/348 [==================>...........] - ETA: 2s - batch_cost: 0.0212 - reader cost: 1.0356e-04
229/348 [==================>...........] - ETA: 2s - batch_cost: 0.0212 - reader cost: 1.0221e-04
232/348 [===================>..........] - ETA: 2s - batch_cost: 0.0212 - reader cost: 1.0089e-04
235/348 [===================>..........] - ETA: 2s - batch_cost: 0.0211 - reader cost: 1.0174e-04
238/348 [===================>..........] - ETA: 2s - batch_cost: 0.0211 - reader cost: 1.0046e-04
241/348 [===================>..........] - ETA: 2s - batch_cost: 0.0211 - reader cost: 9.9206e-05
244/348 [====================>.........] - ETA: 2s - batch_cost: 0.0210 - reader cost: 9.7986e-05
247/348 [====================>.........] - ETA: 2s - batch_cost: 0.0210 - reader cost: 9.6796e-05
250/348 [====================>.........] - ETA: 2s - batch_cost: 0.0210 - reader cost: 9.5634e-05
253/348 [====================>.........] - ETA: 2s - batch_cost: 0.0210 - reader cost: 9.4500e-05
256/348 [=====================>........] - ETA: 1s - batch_cost: 0.0209 - reader cost: 9.3393e-05
260/348 [=====================>........] - ETA: 1s - batch_cost: 0.0209 - reader cost: 9.1956e-05
263/348 [=====================>........] - ETA: 1s - batch_cost: 0.0208 - reader cost: 9.0907e-05
266/348 [=====================>........] - ETA: 1s - batch_cost: 0.0208 - reader cost: 8.9882e-05
269/348 [======================>.......] - ETA: 1s - batch_cost: 0.0207 - reader cost: 8.8880e-05
271/348 [======================>.......] - ETA: 1s - batch_cost: 0.0208 - reader cost: 8.8224e-05
274/348 [======================>.......] - ETA: 1s - batch_cost: 0.0208 - reader cost: 8.7258e-05
277/348 [======================>.......] - ETA: 1s - batch_cost: 0.0208 - reader cost: 8.6313e-05
279/348 [=======================>......] - ETA: 1s - batch_cost: 0.0208 - reader cost: 8.5694e-05
282/348 [=======================>......] - ETA: 1s - batch_cost: 0.0208 - reader cost: 8.4782e-05
285/348 [=======================>......] - ETA: 1s - batch_cost: 0.0208 - reader cost: 8.3890e-05
288/348 [=======================>......] - ETA: 1s - batch_cost: 0.0208 - reader cost: 8.3016e-05
291/348 [========================>.....] - ETA: 1s - batch_cost: 0.0208 - reader cost: 8.2160e-05
294/348 [========================>.....] - ETA: 1s - batch_cost: 0.0208 - reader cost: 8.1322e-05
297/348 [========================>.....] - ETA: 1s - batch_cost: 0.0208 - reader cost: 8.0500e-05
300/348 [========================>.....] - ETA: 1s - batch_cost: 0.0208 - reader cost: 7.9695e-05
303/348 [=========================>....] - ETA: 0s - batch_cost: 0.0208 - reader cost: 7.8906e-05
306/348 [=========================>....] - ETA: 0s - batch_cost: 0.0208 - reader cost: 7.8133e-05
309/348 [=========================>....] - ETA: 0s - batch_cost: 0.0207 - reader cost: 7.7374e-05
312/348 [=========================>....] - ETA: 0s - batch_cost: 0.0207 - reader cost: 7.6630e-05
315/348 [==========================>...] - ETA: 0s - batch_cost: 0.0207 - reader cost: 7.5900e-05
318/348 [==========================>...] - ETA: 0s - batch_cost: 0.0207 - reader cost: 7.5184e-05
320/348 [==========================>...] - ETA: 0s - batch_cost: 0.0207 - reader cost: 7.7839e-05
323/348 [==========================>...] - ETA: 0s - batch_cost: 0.0207 - reader cost: 7.7116e-05
326/348 [===========================>..] - ETA: 0s - batch_cost: 0.0207 - reader cost: 7.6407e-05
329/348 [===========================>..] - ETA: 0s - batch_cost: 0.0207 - reader cost: 7.5710e-05
332/348 [===========================>..] - ETA: 0s - batch_cost: 0.0206 - reader cost: 7.5026e-05
335/348 [===========================>..] - ETA: 0s - batch_cost: 0.0206 - reader cost: 7.4354e-05
338/348 [============================>.] - ETA: 0s - batch_cost: 0.0206 - reader cost: 7.3694e-05
340/348 [============================>.] - ETA: 0s - batch_cost: 0.0207 - reader cost: 7.3260e-05
342/348 [============================>.] - ETA: 0s - batch_cost: 0.0207 - reader cost: 7.2832e-05
344/348 [============================>.] - ETA: 0s - batch_cost: 0.0208 - reader cost: 7.2409e-05
347/348 [============================>.] - ETA: 0s - batch_cost: 0.0208 - reader cost: 7.1783e-05
348/348 [==============================] - 7s 21ms/step - batch_cost: 0.0208 - reader cost: 7.1576e-05

  1/348 [..............................] - ETA: 12s - batch_cost: 0.0350 - reader cost: 0.0084
  4/348 [..............................] - ETA: 8s - batch_cost: 0.0230 - reader cost: 0.0021 
  7/348 [..............................] - ETA: 8s - batch_cost: 0.0235 - reader cost: 0.0012
 10/348 [..............................] - ETA: 7s - batch_cost: 0.0229 - reader cost: 8.4238e-04
 13/348 [>.............................] - ETA: 7s - batch_cost: 0.0215 - reader cost: 6.4799e-04
 16/348 [>.............................] - ETA: 7s - batch_cost: 0.0217 - reader cost: 5.2649e-04
 18/348 [>.............................] - ETA: 7s - batch_cost: 0.0221 - reader cost: 4.6799e-04
 21/348 [>.............................] - ETA: 7s - batch_cost: 0.0216 - reader cost: 4.0113e-04
 24/348 [=>............................] - ETA: 7s - batch_cost: 0.0217 - reader cost: 3.5099e-04
 27/348 [=>............................] - ETA: 7s - batch_cost: 0.0216 - reader cost: 3.1199e-04
 30/348 [=>............................] - ETA: 6s - batch_cost: 0.0215 - reader cost: 2.8079e-04
 33/348 [=>............................] - ETA: 6s - batch_cost: 0.0214 - reader cost: 2.5527e-04
 36/348 [==>...........................] - ETA: 6s - batch_cost: 0.0213 - reader cost: 2.6188e-04
 39/348 [==>...........................] - ETA: 6s - batch_cost: 0.0211 - reader cost: 2.4174e-04
 42/348 [==>...........................] - ETA: 6s - batch_cost: 0.0210 - reader cost: 2.2447e-04
 45/348 [==>...........................] - ETA: 6s - batch_cost: 0.0211 - reader cost: 2.0951e-04
 48/348 [===>..........................] - ETA: 6s - batch_cost: 0.0208 - reader cost: 2.1724e-04
 51/348 [===>..........................] - ETA: 6s - batch_cost: 0.0208 - reader cost: 2.2407e-04
 54/348 [===>..........................] - ETA: 6s - batch_cost: 0.0207 - reader cost: 2.1162e-04
 57/348 [===>..........................] - ETA: 6s - batch_cost: 0.0206 - reader cost: 2.0048e-04
 60/348 [====>.........................] - ETA: 6s - batch_cost: 0.0208 - reader cost: 1.9046e-04
 63/348 [====>.........................] - ETA: 6s - batch_cost: 0.0209 - reader cost: 1.8139e-04
 66/348 [====>.........................] - ETA: 5s - batch_cost: 0.0209 - reader cost: 1.7315e-04
 69/348 [====>.........................] - ETA: 5s - batch_cost: 0.0209 - reader cost: 1.6562e-04
 72/348 [=====>........................] - ETA: 5s - batch_cost: 0.0209 - reader cost: 1.5872e-04
 75/348 [=====>........................] - ETA: 5s - batch_cost: 0.0207 - reader cost: 1.5237e-04
 78/348 [=====>........................] - ETA: 5s - batch_cost: 0.0206 - reader cost: 1.4651e-04
 81/348 [=====>........................] - ETA: 5s - batch_cost: 0.0206 - reader cost: 1.5014e-04
 84/348 [======>.......................] - ETA: 5s - batch_cost: 0.0206 - reader cost: 1.4478e-04
 87/348 [======>.......................] - ETA: 5s - batch_cost: 0.0206 - reader cost: 1.6280e-04
 90/348 [======>.......................] - ETA: 5s - batch_cost: 0.0205 - reader cost: 1.5737e-04
 93/348 [=======>......................] - ETA: 5s - batch_cost: 0.0205 - reader cost: 1.5230e-04
 95/348 [=======>......................] - ETA: 5s - batch_cost: 0.0205 - reader cost: 1.4909e-04
 98/348 [=======>......................] - ETA: 5s - batch_cost: 0.0205 - reader cost: 1.4453e-04
101/348 [=======>......................] - ETA: 5s - batch_cost: 0.0206 - reader cost: 1.4023e-04
104/348 [=======>......................] - ETA: 5s - batch_cost: 0.0207 - reader cost: 1.3619e-04
107/348 [========>.....................] - ETA: 5s - batch_cost: 0.0208 - reader cost: 1.4171e-04
109/348 [========>.....................] - ETA: 5s - batch_cost: 0.0208 - reader cost: 1.3911e-04
112/348 [========>.....................] - ETA: 4s - batch_cost: 0.0208 - reader cost: 1.3539e-04
115/348 [========>.....................] - ETA: 4s - batch_cost: 0.0208 - reader cost: 1.3186e-04
118/348 [=========>....................] - ETA: 4s - batch_cost: 0.0208 - reader cost: 1.2850e-04
120/348 [=========>....................] - ETA: 4s - batch_cost: 0.0209 - reader cost: 1.2636e-04
123/348 [=========>....................] - ETA: 4s - batch_cost: 0.0209 - reader cost: 1.2328e-04
126/348 [=========>....................] - ETA: 4s - batch_cost: 0.0209 - reader cost: 1.2034e-04
129/348 [==========>...................] - ETA: 4s - batch_cost: 0.0208 - reader cost: 1.1755e-04
132/348 [==========>...................] - ETA: 4s - batch_cost: 0.0208 - reader cost: 1.2245e-04
134/348 [==========>...................] - ETA: 4s - batch_cost: 0.0208 - reader cost: 1.2063e-04
137/348 [==========>...................] - ETA: 4s - batch_cost: 0.0209 - reader cost: 1.1798e-04
140/348 [===========>..................] - ETA: 4s - batch_cost: 0.0209 - reader cost: 1.1546e-04
143/348 [===========>..................] - ETA: 4s - batch_cost: 0.0209 - reader cost: 1.1303e-04
146/348 [===========>..................] - ETA: 4s - batch_cost: 0.0209 - reader cost: 1.1071e-04
149/348 [===========>..................] - ETA: 4s - batch_cost: 0.0209 - reader cost: 1.0848e-04
152/348 [============>.................] - ETA: 4s - batch_cost: 0.0209 - reader cost: 1.0634e-04
155/348 [============>.................] - ETA: 4s - batch_cost: 0.0209 - reader cost: 1.0428e-04
158/348 [============>.................] - ETA: 4s - batch_cost: 0.0209 - reader cost: 1.0230e-04
161/348 [============>.................] - ETA: 3s - batch_cost: 0.0209 - reader cost: 1.0040e-04
164/348 [=============>................] - ETA: 3s - batch_cost: 0.0209 - reader cost: 9.8560e-05
167/348 [=============>................] - ETA: 3s - batch_cost: 0.0208 - reader cost: 9.6789e-05
170/348 [=============>................] - ETA: 3s - batch_cost: 0.0208 - reader cost: 9.5081e-05
173/348 [=============>................] - ETA: 3s - batch_cost: 0.0208 - reader cost: 9.3433e-05
176/348 [==============>...............] - ETA: 3s - batch_cost: 0.0208 - reader cost: 9.7521e-05
179/348 [==============>...............] - ETA: 3s - batch_cost: 0.0208 - reader cost: 9.5887e-05
182/348 [==============>...............] - ETA: 3s - batch_cost: 0.0208 - reader cost: 9.4306e-05
185/348 [==============>...............] - ETA: 3s - batch_cost: 0.0209 - reader cost: 9.2777e-05
188/348 [===============>..............] - ETA: 3s - batch_cost: 0.0209 - reader cost: 9.1297e-05
191/348 [===============>..............] - ETA: 3s - batch_cost: 0.0209 - reader cost: 8.9863e-05
194/348 [===============>..............] - ETA: 3s - batch_cost: 0.0209 - reader cost: 8.8473e-05
197/348 [===============>..............] - ETA: 3s - batch_cost: 0.0209 - reader cost: 8.7126e-05
200/348 [================>.............] - ETA: 3s - batch_cost: 0.0209 - reader cost: 8.5819e-05
202/348 [================>.............] - ETA: 3s - batch_cost: 0.0210 - reader cost: 8.4969e-05
205/348 [================>.............] - ETA: 3s - batch_cost: 0.0210 - reader cost: 8.9185e-05
208/348 [================>.............] - ETA: 2s - batch_cost: 0.0210 - reader cost: 8.7899e-05
210/348 [=================>............] - ETA: 2s - batch_cost: 0.0210 - reader cost: 8.7061e-05
213/348 [=================>............] - ETA: 2s - batch_cost: 0.0211 - reader cost: 8.5835e-05
216/348 [=================>............] - ETA: 2s - batch_cost: 0.0210 - reader cost: 8.4643e-05
219/348 [=================>............] - ETA: 2s - batch_cost: 0.0210 - reader cost: 8.8050e-05
222/348 [==================>...........] - ETA: 2s - batch_cost: 0.0209 - reader cost: 8.6861e-05
225/348 [==================>...........] - ETA: 2s - batch_cost: 0.0209 - reader cost: 8.5702e-05
228/348 [==================>...........] - ETA: 2s - batch_cost: 0.0209 - reader cost: 8.4575e-05
231/348 [==================>...........] - ETA: 2s - batch_cost: 0.0209 - reader cost: 8.3476e-05
234/348 [===================>..........] - ETA: 2s - batch_cost: 0.0208 - reader cost: 8.2406e-05
237/348 [===================>..........] - ETA: 2s - batch_cost: 0.0209 - reader cost: 8.5584e-05
240/348 [===================>..........] - ETA: 2s - batch_cost: 0.0209 - reader cost: 8.4514e-05
243/348 [===================>..........] - ETA: 2s - batch_cost: 0.0208 - reader cost: 8.7600e-05
246/348 [====================>.........] - ETA: 2s - batch_cost: 0.0209 - reader cost: 8.6531e-05
249/348 [====================>.........] - ETA: 2s - batch_cost: 0.0209 - reader cost: 8.9506e-05
252/348 [====================>.........] - ETA: 2s - batch_cost: 0.0209 - reader cost: 8.8440e-05
255/348 [====================>.........] - ETA: 1s - batch_cost: 0.0209 - reader cost: 8.7400e-05
258/348 [=====================>........] - ETA: 1s - batch_cost: 0.0209 - reader cost: 8.6383e-05
261/348 [=====================>........] - ETA: 1s - batch_cost: 0.0209 - reader cost: 8.5390e-05
264/348 [=====================>........] - ETA: 1s - batch_cost: 0.0209 - reader cost: 8.4420e-05
267/348 [======================>.......] - ETA: 1s - batch_cost: 0.0208 - reader cost: 8.3472e-05
270/348 [======================>.......] - ETA: 1s - batch_cost: 0.0208 - reader cost: 8.2544e-05
273/348 [======================>.......] - ETA: 1s - batch_cost: 0.0208 - reader cost: 8.1637e-05
276/348 [======================>.......] - ETA: 1s - batch_cost: 0.0208 - reader cost: 8.0750e-05
279/348 [=======================>......] - ETA: 1s - batch_cost: 0.0208 - reader cost: 7.9881e-05
281/348 [=======================>......] - ETA: 1s - batch_cost: 0.0209 - reader cost: 7.9313e-05
284/348 [=======================>......] - ETA: 1s - batch_cost: 0.0209 - reader cost: 7.8475e-05
287/348 [=======================>......] - ETA: 1s - batch_cost: 0.0209 - reader cost: 7.7655e-05
290/348 [========================>.....] - ETA: 1s - batch_cost: 0.0209 - reader cost: 7.6851e-05
293/348 [========================>.....] - ETA: 1s - batch_cost: 0.0209 - reader cost: 7.6064e-05
296/348 [========================>.....] - ETA: 1s - batch_cost: 0.0209 - reader cost: 7.5294e-05
299/348 [========================>.....] - ETA: 1s - batch_cost: 0.0209 - reader cost: 7.4538e-05
302/348 [=========================>....] - ETA: 0s - batch_cost: 0.0209 - reader cost: 7.3798e-05
305/348 [=========================>....] - ETA: 0s - batch_cost: 0.0209 - reader cost: 7.3072e-05
308/348 [=========================>....] - ETA: 0s - batch_cost: 0.0209 - reader cost: 8.0487e-05
311/348 [=========================>....] - ETA: 0s - batch_cost: 0.0209 - reader cost: 7.9711e-05
314/348 [==========================>...] - ETA: 0s - batch_cost: 0.0209 - reader cost: 7.8949e-05
317/348 [==========================>...] - ETA: 0s - batch_cost: 0.0209 - reader cost: 7.8202e-05
320/348 [==========================>...] - ETA: 0s - batch_cost: 0.0209 - reader cost: 7.7469e-05
323/348 [==========================>...] - ETA: 0s - batch_cost: 0.0209 - reader cost: 7.6749e-05
326/348 [===========================>..] - ETA: 0s - batch_cost: 0.0209 - reader cost: 7.9121e-05
329/348 [===========================>..] - ETA: 0s - batch_cost: 0.0209 - reader cost: 7.8399e-05
332/348 [===========================>..] - ETA: 0s - batch_cost: 0.0209 - reader cost: 7.7691e-05
335/348 [===========================>..] - ETA: 0s - batch_cost: 0.0209 - reader cost: 7.6995e-05
338/348 [============================>.] - ETA: 0s - batch_cost: 0.0209 - reader cost: 7.6312e-05
341/348 [============================>.] - ETA: 0s - batch_cost: 0.0209 - reader cost: 7.5640e-05
344/348 [============================>.] - ETA: 0s - batch_cost: 0.0210 - reader cost: 7.4981e-05
347/348 [============================>.] - ETA: 0s - batch_cost: 0.0209 - reader cost: 7.4332e-05
348/348 [==============================] - 7s 21ms/step - batch_cost: 0.0209 - reader cost: 7.4119e-05

  1/348 [..............................] - ETA: 9s - batch_cost: 0.0275 - reader cost: 0.0070
  4/348 [..............................] - ETA: 6s - batch_cost: 0.0200 - reader cost: 0.0017
  8/348 [..............................] - ETA: 6s - batch_cost: 0.0183 - reader cost: 8.7461e-04
 11/348 [..............................] - ETA: 6s - batch_cost: 0.0178 - reader cost: 6.3608e-04
 15/348 [>.............................] - ETA: 5s - batch_cost: 0.0174 - reader cost: 5.3312e-04
 19/348 [>.............................] - ETA: 5s - batch_cost: 0.0171 - reader cost: 4.2088e-04
 23/348 [>.............................] - ETA: 5s - batch_cost: 0.0169 - reader cost: 3.4769e-04
 27/348 [=>............................] - ETA: 5s - batch_cost: 0.0167 - reader cost: 2.9618e-04
 30/348 [=>............................] - ETA: 5s - batch_cost: 0.0168 - reader cost: 2.6656e-04
 34/348 [=>............................] - ETA: 5s - batch_cost: 0.0166 - reader cost: 2.3520e-04
 37/348 [==>...........................] - ETA: 5s - batch_cost: 0.0168 - reader cost: 2.1613e-04
 40/348 [==>...........................] - ETA: 5s - batch_cost: 0.0169 - reader cost: 1.9992e-04
 43/348 [==>...........................] - ETA: 5s - batch_cost: 0.0171 - reader cost: 1.8597e-04
 45/348 [==>...........................] - ETA: 5s - batch_cost: 0.0174 - reader cost: 1.7771e-04
 48/348 [===>..........................] - ETA: 5s - batch_cost: 0.0174 - reader cost: 1.6660e-04
 52/348 [===>..........................] - ETA: 5s - batch_cost: 0.0173 - reader cost: 1.5378e-04
 56/348 [===>..........................] - ETA: 5s - batch_cost: 0.0173 - reader cost: 1.4280e-04
 59/348 [====>.........................] - ETA: 5s - batch_cost: 0.0173 - reader cost: 1.3554e-04
 62/348 [====>.........................] - ETA: 4s - batch_cost: 0.0173 - reader cost: 1.4515e-04
 66/348 [====>.........................] - ETA: 4s - batch_cost: 0.0172 - reader cost: 1.3636e-04
 69/348 [====>.........................] - ETA: 4s - batch_cost: 0.0172 - reader cost: 1.3043e-04
 72/348 [=====>........................] - ETA: 4s - batch_cost: 0.0175 - reader cost: 1.2499e-04
 74/348 [=====>........................] - ETA: 4s - batch_cost: 0.0177 - reader cost: 1.2162e-04
 77/348 [=====>........................] - ETA: 4s - batch_cost: 0.0177 - reader cost: 1.1688e-04
 81/348 [=====>........................] - ETA: 4s - batch_cost: 0.0176 - reader cost: 1.1111e-04
 84/348 [======>.......................] - ETA: 4s - batch_cost: 0.0175 - reader cost: 1.0714e-04
 87/348 [======>.......................] - ETA: 4s - batch_cost: 0.0175 - reader cost: 1.0344e-04
 90/348 [======>.......................] - ETA: 4s - batch_cost: 0.0176 - reader cost: 9.9995e-05
 93/348 [=======>......................] - ETA: 4s - batch_cost: 0.0176 - reader cost: 9.6770e-05
 97/348 [=======>......................] - ETA: 4s - batch_cost: 0.0176 - reader cost: 9.2779e-05
100/348 [=======>......................] - ETA: 4s - batch_cost: 0.0176 - reader cost: 8.9996e-05
103/348 [=======>......................] - ETA: 4s - batch_cost: 0.0176 - reader cost: 8.7375e-05
107/348 [========>.....................] - ETA: 4s - batch_cost: 0.0176 - reader cost: 9.3451e-05
110/348 [========>.....................] - ETA: 4s - batch_cost: 0.0176 - reader cost: 9.9932e-05
113/348 [========>.....................] - ETA: 4s - batch_cost: 0.0177 - reader cost: 9.7279e-05
116/348 [=========>....................] - ETA: 4s - batch_cost: 0.0177 - reader cost: 9.4763e-05
119/348 [=========>....................] - ETA: 4s - batch_cost: 0.0178 - reader cost: 1.0080e-04
122/348 [=========>....................] - ETA: 4s - batch_cost: 0.0178 - reader cost: 1.0653e-04
125/348 [=========>....................] - ETA: 4s - batch_cost: 0.0179 - reader cost: 1.0398e-04
128/348 [==========>...................] - ETA: 3s - batch_cost: 0.0179 - reader cost: 1.0154e-04
131/348 [==========>...................] - ETA: 3s - batch_cost: 0.0181 - reader cost: 9.9215e-05
134/348 [==========>...................] - ETA: 3s - batch_cost: 0.0180 - reader cost: 9.6994e-05
136/348 [==========>...................] - ETA: 3s - batch_cost: 0.0181 - reader cost: 9.5567e-05
139/348 [==========>...................] - ETA: 3s - batch_cost: 0.0181 - reader cost: 9.3505e-05
143/348 [===========>..................] - ETA: 3s - batch_cost: 0.0181 - reader cost: 9.0889e-05
147/348 [===========>..................] - ETA: 3s - batch_cost: 0.0181 - reader cost: 9.5225e-05
150/348 [===========>..................] - ETA: 3s - batch_cost: 0.0180 - reader cost: 9.3320e-05
153/348 [============>.................] - ETA: 3s - batch_cost: 0.0181 - reader cost: 9.1490e-05
157/348 [============>.................] - ETA: 3s - batch_cost: 0.0180 - reader cost: 9.5522e-05
161/348 [============>.................] - ETA: 3s - batch_cost: 0.0180 - reader cost: 9.3149e-05
165/348 [=============>................] - ETA: 3s - batch_cost: 0.0179 - reader cost: 9.0891e-05
169/348 [=============>................] - ETA: 3s - batch_cost: 0.0179 - reader cost: 8.8740e-05
172/348 [=============>................] - ETA: 3s - batch_cost: 0.0178 - reader cost: 9.3005e-05
175/348 [==============>...............] - ETA: 3s - batch_cost: 0.0178 - reader cost: 9.1411e-05
179/348 [==============>...............] - ETA: 3s - batch_cost: 0.0178 - reader cost: 9.4986e-05
182/348 [==============>...............] - ETA: 2s - batch_cost: 0.0178 - reader cost: 9.3421e-05
185/348 [==============>...............] - ETA: 2s - batch_cost: 0.0179 - reader cost: 9.1906e-05
188/348 [===============>..............] - ETA: 2s - batch_cost: 0.0179 - reader cost: 9.0439e-05
191/348 [===============>..............] - ETA: 2s - batch_cost: 0.0179 - reader cost: 8.9019e-05
195/348 [===============>..............] - ETA: 2s - batch_cost: 0.0179 - reader cost: 8.7193e-05
198/348 [================>.............] - ETA: 2s - batch_cost: 0.0178 - reader cost: 8.5872e-05
201/348 [================>.............] - ETA: 2s - batch_cost: 0.0179 - reader cost: 8.4590e-05
205/348 [================>.............] - ETA: 2s - batch_cost: 0.0178 - reader cost: 8.2939e-05
209/348 [=================>............] - ETA: 2s - batch_cost: 0.0178 - reader cost: 8.1352e-05
213/348 [=================>............] - ETA: 2s - batch_cost: 0.0178 - reader cost: 7.9824e-05
216/348 [=================>............] - ETA: 2s - batch_cost: 0.0178 - reader cost: 7.8716e-05
220/348 [=================>............] - ETA: 2s - batch_cost: 0.0178 - reader cost: 7.7284e-05
223/348 [==================>...........] - ETA: 2s - batch_cost: 0.0178 - reader cost: 7.6245e-05
226/348 [==================>...........] - ETA: 2s - batch_cost: 0.0178 - reader cost: 7.5233e-05
229/348 [==================>...........] - ETA: 2s - batch_cost: 0.0178 - reader cost: 7.8689e-05
232/348 [===================>..........] - ETA: 2s - batch_cost: 0.0177 - reader cost: 7.7671e-05
235/348 [===================>..........] - ETA: 2s - batch_cost: 0.0177 - reader cost: 7.6679e-05
239/348 [===================>..........] - ETA: 1s - batch_cost: 0.0177 - reader cost: 7.9578e-05
243/348 [===================>..........] - ETA: 1s - batch_cost: 0.0177 - reader cost: 8.4448e-05
246/348 [====================>.........] - ETA: 1s - batch_cost: 0.0177 - reader cost: 8.7483e-05
248/348 [====================>.........] - ETA: 1s - batch_cost: 0.0178 - reader cost: 8.6778e-05
250/348 [====================>.........] - ETA: 1s - batch_cost: 0.0178 - reader cost: 8.6083e-05
253/348 [====================>.........] - ETA: 1s - batch_cost: 0.0178 - reader cost: 8.5063e-05
257/348 [=====================>........] - ETA: 1s - batch_cost: 0.0178 - reader cost: 8.7632e-05
261/348 [=====================>........] - ETA: 1s - batch_cost: 0.0178 - reader cost: 8.6289e-05
264/348 [=====================>........] - ETA: 1s - batch_cost: 0.0178 - reader cost: 8.5309e-05
268/348 [======================>.......] - ETA: 1s - batch_cost: 0.0178 - reader cost: 8.4035e-05
272/348 [======================>.......] - ETA: 1s - batch_cost: 0.0177 - reader cost: 8.2800e-05
275/348 [======================>.......] - ETA: 1s - batch_cost: 0.0177 - reader cost: 8.1896e-05
278/348 [======================>.......] - ETA: 1s - batch_cost: 0.0177 - reader cost: 8.1013e-05
281/348 [=======================>......] - ETA: 1s - batch_cost: 0.0177 - reader cost: 8.0148e-05
284/348 [=======================>......] - ETA: 1s - batch_cost: 0.0177 - reader cost: 8.2795e-05
287/348 [=======================>......] - ETA: 1s - batch_cost: 0.0177 - reader cost: 8.1930e-05
289/348 [=======================>......] - ETA: 1s - batch_cost: 0.0178 - reader cost: 8.1363e-05
292/348 [========================>.....] - ETA: 1s - batch_cost: 0.0178 - reader cost: 8.0527e-05
296/348 [========================>.....] - ETA: 0s - batch_cost: 0.0178 - reader cost: 7.9438e-05
300/348 [========================>.....] - ETA: 0s - batch_cost: 0.0178 - reader cost: 8.1713e-05
304/348 [=========================>....] - ETA: 0s - batch_cost: 0.0177 - reader cost: 8.0638e-05
307/348 [=========================>....] - ETA: 0s - batch_cost: 0.0177 - reader cost: 8.3109e-05
310/348 [=========================>....] - ETA: 0s - batch_cost: 0.0177 - reader cost: 8.3935e-05
314/348 [==========================>...] - ETA: 0s - batch_cost: 0.0177 - reader cost: 8.2866e-05
318/348 [==========================>...] - ETA: 0s - batch_cost: 0.0177 - reader cost: 8.1823e-05
321/348 [==========================>...] - ETA: 0s - batch_cost: 0.0177 - reader cost: 8.4176e-05
325/348 [===========================>..] - ETA: 0s - batch_cost: 0.0177 - reader cost: 8.3140e-05
329/348 [===========================>..] - ETA: 0s - batch_cost: 0.0176 - reader cost: 8.5252e-05
332/348 [===========================>..] - ETA: 0s - batch_cost: 0.0177 - reader cost: 8.7487e-05
334/348 [===========================>..] - ETA: 0s - batch_cost: 0.0177 - reader cost: 8.6964e-05
337/348 [============================>.] - ETA: 0s - batch_cost: 0.0178 - reader cost: 8.6189e-05
341/348 [============================>.] - ETA: 0s - batch_cost: 0.0177 - reader cost: 8.5178e-05
345/348 [============================>.] - ETA: 0s - batch_cost: 0.0177 - reader cost: 8.4191e-05
348/348 [==============================] - 6s 18ms/step - batch_cost: 0.0177 - reader cost: 8.3465e-05

  1/348 [..............................] - ETA: 10s - batch_cost: 0.0300 - reader cost: 0.0075
  4/348 [..............................] - ETA: 7s - batch_cost: 0.0206 - reader cost: 0.0021 
  7/348 [..............................] - ETA: 6s - batch_cost: 0.0193 - reader cost: 0.0012
 10/348 [..............................] - ETA: 6s - batch_cost: 0.0195 - reader cost: 9.5181e-04
 13/348 [>.............................] - ETA: 6s - batch_cost: 0.0192 - reader cost: 7.3217e-04
 15/348 [>.............................] - ETA: 6s - batch_cost: 0.0203 - reader cost: 6.3454e-04
 18/348 [>.............................] - ETA: 6s - batch_cost: 0.0204 - reader cost: 5.2879e-04
 21/348 [>.............................] - ETA: 6s - batch_cost: 0.0199 - reader cost: 4.5325e-04
 24/348 [=>............................] - ETA: 6s - batch_cost: 0.0197 - reader cost: 4.3792e-04
 27/348 [=>............................] - ETA: 6s - batch_cost: 0.0194 - reader cost: 3.8926e-04
 30/348 [=>............................] - ETA: 6s - batch_cost: 0.0194 - reader cost: 3.5033e-04
 34/348 [=>............................] - ETA: 6s - batch_cost: 0.0190 - reader cost: 3.0912e-04
 37/348 [==>...........................] - ETA: 5s - batch_cost: 0.0189 - reader cost: 2.8405e-04
 40/348 [==>...........................] - ETA: 5s - batch_cost: 0.0188 - reader cost: 2.6275e-04
 43/348 [==>...........................] - ETA: 5s - batch_cost: 0.0187 - reader cost: 2.4442e-04
 46/348 [==>...........................] - ETA: 5s - batch_cost: 0.0188 - reader cost: 2.2848e-04
 50/348 [===>..........................] - ETA: 5s - batch_cost: 0.0186 - reader cost: 2.1020e-04
 53/348 [===>..........................] - ETA: 5s - batch_cost: 0.0185 - reader cost: 1.9830e-04
 57/348 [===>..........................] - ETA: 5s - batch_cost: 0.0183 - reader cost: 1.8439e-04
 60/348 [====>.........................] - ETA: 5s - batch_cost: 0.0183 - reader cost: 1.7517e-04
 62/348 [====>.........................] - ETA: 5s - batch_cost: 0.0185 - reader cost: 1.6952e-04
 65/348 [====>.........................] - ETA: 5s - batch_cost: 0.0188 - reader cost: 1.6169e-04
 68/348 [====>.........................] - ETA: 5s - batch_cost: 0.0187 - reader cost: 1.5456e-04
 71/348 [=====>........................] - ETA: 5s - batch_cost: 0.0188 - reader cost: 1.6763e-04
 74/348 [=====>........................] - ETA: 5s - batch_cost: 0.0188 - reader cost: 1.6084e-04
 78/348 [=====>........................] - ETA: 5s - batch_cost: 0.0187 - reader cost: 1.5259e-04
 82/348 [======>.......................] - ETA: 4s - batch_cost: 0.0186 - reader cost: 1.4514e-04
 86/348 [======>.......................] - ETA: 4s - batch_cost: 0.0184 - reader cost: 1.5002e-04
 90/348 [======>.......................] - ETA: 4s - batch_cost: 0.0183 - reader cost: 1.4335e-04
 93/348 [=======>......................] - ETA: 4s - batch_cost: 0.0183 - reader cost: 1.3873e-04
 96/348 [=======>......................] - ETA: 4s - batch_cost: 0.0183 - reader cost: 1.3439e-04
100/348 [=======>......................] - ETA: 4s - batch_cost: 0.0182 - reader cost: 1.3901e-04
103/348 [=======>......................] - ETA: 4s - batch_cost: 0.0182 - reader cost: 1.3497e-04
106/348 [========>.....................] - ETA: 4s - batch_cost: 0.0182 - reader cost: 1.3115e-04
110/348 [========>.....................] - ETA: 4s - batch_cost: 0.0181 - reader cost: 1.3547e-04
114/348 [========>.....................] - ETA: 4s - batch_cost: 0.0180 - reader cost: 1.3953e-04
118/348 [=========>....................] - ETA: 4s - batch_cost: 0.0180 - reader cost: 1.3480e-04
121/348 [=========>....................] - ETA: 4s - batch_cost: 0.0180 - reader cost: 1.3146e-04
124/348 [=========>....................] - ETA: 4s - batch_cost: 0.0180 - reader cost: 1.2828e-04
127/348 [=========>....................] - ETA: 4s - batch_cost: 0.0180 - reader cost: 1.2525e-04
131/348 [==========>...................] - ETA: 3s - batch_cost: 0.0179 - reader cost: 1.2526e-04
135/348 [==========>...................] - ETA: 3s - batch_cost: 0.0179 - reader cost: 1.2155e-04
139/348 [==========>...................] - ETA: 3s - batch_cost: 0.0178 - reader cost: 1.1805e-04
142/348 [===========>..................] - ETA: 3s - batch_cost: 0.0180 - reader cost: 1.1556e-04
145/348 [===========>..................] - ETA: 3s - batch_cost: 0.0181 - reader cost: 1.1317e-04
148/348 [===========>..................] - ETA: 3s - batch_cost: 0.0180 - reader cost: 1.1087e-04
151/348 [============>.................] - ETA: 3s - batch_cost: 0.0180 - reader cost: 1.0867e-04
154/348 [============>.................] - ETA: 3s - batch_cost: 0.0181 - reader cost: 1.0655e-04
157/348 [============>.................] - ETA: 3s - batch_cost: 0.0182 - reader cost: 1.0452e-04
160/348 [============>.................] - ETA: 3s - batch_cost: 0.0183 - reader cost: 1.0256e-04
163/348 [=============>................] - ETA: 3s - batch_cost: 0.0183 - reader cost: 1.0067e-04
166/348 [=============>................] - ETA: 3s - batch_cost: 0.0183 - reader cost: 9.8850e-05
169/348 [=============>................] - ETA: 3s - batch_cost: 0.0184 - reader cost: 9.7096e-05
172/348 [=============>................] - ETA: 3s - batch_cost: 0.0184 - reader cost: 9.5402e-05
175/348 [==============>...............] - ETA: 3s - batch_cost: 0.0184 - reader cost: 9.3767e-05
178/348 [==============>...............] - ETA: 3s - batch_cost: 0.0184 - reader cost: 9.2186e-05
181/348 [==============>...............] - ETA: 3s - batch_cost: 0.0185 - reader cost: 9.0658e-05
183/348 [==============>...............] - ETA: 3s - batch_cost: 0.0186 - reader cost: 8.9668e-05
186/348 [===============>..............] - ETA: 3s - batch_cost: 0.0186 - reader cost: 8.8221e-05
189/348 [===============>..............] - ETA: 2s - batch_cost: 0.0185 - reader cost: 8.6821e-05
192/348 [===============>..............] - ETA: 2s - batch_cost: 0.0186 - reader cost: 8.5464e-05
195/348 [===============>..............] - ETA: 2s - batch_cost: 0.0186 - reader cost: 8.4150e-05
198/348 [================>.............] - ETA: 2s - batch_cost: 0.0187 - reader cost: 8.2875e-05
201/348 [================>.............] - ETA: 2s - batch_cost: 0.0187 - reader cost: 8.1638e-05
204/348 [================>.............] - ETA: 2s - batch_cost: 0.0188 - reader cost: 8.0437e-05
207/348 [================>.............] - ETA: 2s - batch_cost: 0.0188 - reader cost: 7.9271e-05
209/348 [=================>............] - ETA: 2s - batch_cost: 0.0189 - reader cost: 7.8513e-05
212/348 [=================>............] - ETA: 2s - batch_cost: 0.0189 - reader cost: 7.7402e-05
215/348 [=================>............] - ETA: 2s - batch_cost: 0.0189 - reader cost: 7.6322e-05
218/348 [=================>............] - ETA: 2s - batch_cost: 0.0189 - reader cost: 7.5271e-05
221/348 [==================>...........] - ETA: 2s - batch_cost: 0.0189 - reader cost: 7.4250e-05
224/348 [==================>...........] - ETA: 2s - batch_cost: 0.0189 - reader cost: 7.3255e-05
227/348 [==================>...........] - ETA: 2s - batch_cost: 0.0189 - reader cost: 7.2287e-05
230/348 [==================>...........] - ETA: 2s - batch_cost: 0.0190 - reader cost: 7.5691e-05
232/348 [===================>..........] - ETA: 2s - batch_cost: 0.0191 - reader cost: 7.5038e-05
235/348 [===================>..........] - ETA: 2s - batch_cost: 0.0192 - reader cost: 7.4080e-05
237/348 [===================>..........] - ETA: 2s - batch_cost: 0.0192 - reader cost: 7.7679e-05
240/348 [===================>..........] - ETA: 2s - batch_cost: 0.0193 - reader cost: 7.6708e-05
243/348 [===================>..........] - ETA: 2s - batch_cost: 0.0193 - reader cost: 7.5761e-05
246/348 [====================>.........] - ETA: 1s - batch_cost: 0.0193 - reader cost: 8.2972e-05
249/348 [====================>.........] - ETA: 1s - batch_cost: 0.0193 - reader cost: 8.1972e-05
251/348 [====================>.........] - ETA: 1s - batch_cost: 0.0194 - reader cost: 8.1319e-05
254/348 [====================>.........] - ETA: 1s - batch_cost: 0.0194 - reader cost: 8.0358e-05
257/348 [=====================>........] - ETA: 1s - batch_cost: 0.0194 - reader cost: 7.9420e-05
260/348 [=====================>........] - ETA: 1s - batch_cost: 0.0194 - reader cost: 7.8504e-05
263/348 [=====================>........] - ETA: 1s - batch_cost: 0.0194 - reader cost: 7.7608e-05
266/348 [=====================>........] - ETA: 1s - batch_cost: 0.0194 - reader cost: 7.6733e-05
269/348 [======================>.......] - ETA: 1s - batch_cost: 0.0194 - reader cost: 7.5877e-05
272/348 [======================>.......] - ETA: 1s - batch_cost: 0.0195 - reader cost: 7.5040e-05
275/348 [======================>.......] - ETA: 1s - batch_cost: 0.0195 - reader cost: 7.4222e-05
278/348 [======================>.......] - ETA: 1s - batch_cost: 0.0195 - reader cost: 7.7022e-05
281/348 [=======================>......] - ETA: 1s - batch_cost: 0.0195 - reader cost: 7.6200e-05
283/348 [=======================>......] - ETA: 1s - batch_cost: 0.0195 - reader cost: 7.5661e-05
286/348 [=======================>......] - ETA: 1s - batch_cost: 0.0195 - reader cost: 7.4868e-05
289/348 [=======================>......] - ETA: 1s - batch_cost: 0.0195 - reader cost: 7.4090e-05
292/348 [========================>.....] - ETA: 1s - batch_cost: 0.0195 - reader cost: 7.3329e-05
295/348 [========================>.....] - ETA: 1s - batch_cost: 0.0195 - reader cost: 7.2584e-05
298/348 [========================>.....] - ETA: 0s - batch_cost: 0.0196 - reader cost: 7.1853e-05
300/348 [========================>.....] - ETA: 0s - batch_cost: 0.0196 - reader cost: 7.4707e-05
303/348 [=========================>....] - ETA: 0s - batch_cost: 0.0196 - reader cost: 7.3967e-05
306/348 [=========================>....] - ETA: 0s - batch_cost: 0.0196 - reader cost: 7.3242e-05
309/348 [=========================>....] - ETA: 0s - batch_cost: 0.0196 - reader cost: 7.2531e-05
312/348 [=========================>....] - ETA: 0s - batch_cost: 0.0196 - reader cost: 7.1834e-05
315/348 [==========================>...] - ETA: 0s - batch_cost: 0.0196 - reader cost: 7.1149e-05
318/348 [==========================>...] - ETA: 0s - batch_cost: 0.0196 - reader cost: 7.0478e-05
321/348 [==========================>...] - ETA: 0s - batch_cost: 0.0196 - reader cost: 6.9820e-05
324/348 [==========================>...] - ETA: 0s - batch_cost: 0.0196 - reader cost: 6.9173e-05
327/348 [===========================>..] - ETA: 0s - batch_cost: 0.0196 - reader cost: 6.8538e-05
330/348 [===========================>..] - ETA: 0s - batch_cost: 0.0196 - reader cost: 6.7915e-05
333/348 [===========================>..] - ETA: 0s - batch_cost: 0.0196 - reader cost: 6.7303e-05
335/348 [===========================>..] - ETA: 0s - batch_cost: 0.0196 - reader cost: 6.9878e-05
338/348 [============================>.] - ETA: 0s - batch_cost: 0.0197 - reader cost: 7.3702e-05
341/348 [============================>.] - ETA: 0s - batch_cost: 0.0197 - reader cost: 7.5984e-05
344/348 [============================>.] - ETA: 0s - batch_cost: 0.0197 - reader cost: 7.5322e-05
347/348 [============================>.] - ETA: 0s - batch_cost: 0.0197 - reader cost: 7.4670e-05
348/348 [==============================] - 7s 20ms/step - batch_cost: 0.0197 - reader cost: 7.4456e-05

  1/348 [..............................] - ETA: 10s - batch_cost: 0.0305 - reader cost: 0.0123
  4/348 [..............................] - ETA: 7s - batch_cost: 0.0221 - reader cost: 0.0031 
  8/348 [..............................] - ETA: 6s - batch_cost: 0.0194 - reader cost: 0.0015
 11/348 [..............................] - ETA: 6s - batch_cost: 0.0193 - reader cost: 0.0011
 14/348 [>.............................] - ETA: 6s - batch_cost: 0.0201 - reader cost: 8.7583e-04
 16/348 [>.............................] - ETA: 7s - batch_cost: 0.0210 - reader cost: 7.6635e-04
 18/348 [>.............................] - ETA: 7s - batch_cost: 0.0217 - reader cost: 6.8120e-04
 21/348 [>.............................] - ETA: 7s - batch_cost: 0.0213 - reader cost: 6.0785e-04
 24/348 [=>............................] - ETA: 6s - batch_cost: 0.0211 - reader cost: 5.3187e-04
 27/348 [=>............................] - ETA: 6s - batch_cost: 0.0210 - reader cost: 4.7278e-04
 30/348 [=>............................] - ETA: 6s - batch_cost: 0.0206 - reader cost: 4.2550e-04
 33/348 [=>............................] - ETA: 6s - batch_cost: 0.0203 - reader cost: 3.8682e-04
 37/348 [==>...........................] - ETA: 6s - batch_cost: 0.0198 - reader cost: 3.4500e-04
 41/348 [==>...........................] - ETA: 6s - batch_cost: 0.0195 - reader cost: 3.6009e-04
 44/348 [==>...........................] - ETA: 5s - batch_cost: 0.0193 - reader cost: 3.3554e-04
 47/348 [===>..........................] - ETA: 5s - batch_cost: 0.0193 - reader cost: 3.1412e-04
 50/348 [===>..........................] - ETA: 5s - batch_cost: 0.0192 - reader cost: 3.1527e-04
 53/348 [===>..........................] - ETA: 5s - batch_cost: 0.0193 - reader cost: 2.9742e-04
 56/348 [===>..........................] - ETA: 5s - batch_cost: 0.0192 - reader cost: 2.8149e-04
 60/348 [====>.........................] - ETA: 5s - batch_cost: 0.0190 - reader cost: 2.6272e-04
 63/348 [====>.........................] - ETA: 5s - batch_cost: 0.0192 - reader cost: 2.5021e-04
 66/348 [====>.........................] - ETA: 5s - batch_cost: 0.0192 - reader cost: 2.5398e-04
 69/348 [====>.........................] - ETA: 5s - batch_cost: 0.0191 - reader cost: 2.5745e-04
 72/348 [=====>........................] - ETA: 5s - batch_cost: 0.0190 - reader cost: 2.4673e-04
 75/348 [=====>........................] - ETA: 5s - batch_cost: 0.0191 - reader cost: 2.3686e-04
 77/348 [=====>........................] - ETA: 5s - batch_cost: 0.0193 - reader cost: 2.3071e-04
 79/348 [=====>........................] - ETA: 5s - batch_cost: 0.0194 - reader cost: 2.2486e-04
 82/348 [======>.......................] - ETA: 5s - batch_cost: 0.0194 - reader cost: 2.2882e-04
 85/348 [======>.......................] - ETA: 5s - batch_cost: 0.0194 - reader cost: 2.2074e-04
 88/348 [======>.......................] - ETA: 5s - batch_cost: 0.0193 - reader cost: 2.2460e-04
 91/348 [======>.......................] - ETA: 5s - batch_cost: 0.0193 - reader cost: 2.1719e-04
 94/348 [=======>......................] - ETA: 4s - batch_cost: 0.0192 - reader cost: 2.1026e-04
 98/348 [=======>......................] - ETA: 4s - batch_cost: 0.0191 - reader cost: 2.0168e-04
101/348 [=======>......................] - ETA: 4s - batch_cost: 0.0191 - reader cost: 1.9569e-04
104/348 [=======>......................] - ETA: 4s - batch_cost: 0.0190 - reader cost: 1.9004e-04
107/348 [========>.....................] - ETA: 4s - batch_cost: 0.0190 - reader cost: 1.9416e-04
109/348 [========>.....................] - ETA: 4s - batch_cost: 0.0192 - reader cost: 1.9060e-04
112/348 [========>.....................] - ETA: 4s - batch_cost: 0.0192 - reader cost: 1.8549e-04
116/348 [=========>....................] - ETA: 4s - batch_cost: 0.0191 - reader cost: 1.7910e-04
119/348 [=========>....................] - ETA: 4s - batch_cost: 0.0191 - reader cost: 1.8298e-04
122/348 [=========>....................] - ETA: 4s - batch_cost: 0.0191 - reader cost: 1.7848e-04
125/348 [=========>....................] - ETA: 4s - batch_cost: 0.0191 - reader cost: 1.7420e-04
128/348 [==========>...................] - ETA: 4s - batch_cost: 0.0191 - reader cost: 1.7012e-04
131/348 [==========>...................] - ETA: 4s - batch_cost: 0.0191 - reader cost: 1.6622e-04
134/348 [==========>...................] - ETA: 4s - batch_cost: 0.0191 - reader cost: 1.6250e-04
137/348 [==========>...................] - ETA: 4s - batch_cost: 0.0191 - reader cost: 1.5894e-04
140/348 [===========>..................] - ETA: 4s - batch_cost: 0.0191 - reader cost: 1.5554e-04
144/348 [===========>..................] - ETA: 3s - batch_cost: 0.0191 - reader cost: 1.5122e-04
147/348 [===========>..................] - ETA: 3s - batch_cost: 0.0190 - reader cost: 1.4813e-04
150/348 [===========>..................] - ETA: 3s - batch_cost: 0.0190 - reader cost: 1.5184e-04
153/348 [============>.................] - ETA: 3s - batch_cost: 0.0191 - reader cost: 1.4886e-04
155/348 [============>.................] - ETA: 3s - batch_cost: 0.0192 - reader cost: 1.4694e-04
157/348 [============>.................] - ETA: 3s - batch_cost: 0.0193 - reader cost: 1.4507e-04
159/348 [============>.................] - ETA: 3s - batch_cost: 0.0194 - reader cost: 1.4324e-04
161/348 [============>.................] - ETA: 3s - batch_cost: 0.0195 - reader cost: 1.4146e-04
164/348 [=============>................] - ETA: 3s - batch_cost: 0.0194 - reader cost: 1.4497e-04
167/348 [=============>................] - ETA: 3s - batch_cost: 0.0194 - reader cost: 1.4837e-04
170/348 [=============>................] - ETA: 3s - batch_cost: 0.0193 - reader cost: 1.4837e-04
173/348 [=============>................] - ETA: 3s - batch_cost: 0.0194 - reader cost: 1.4580e-04
177/348 [==============>...............] - ETA: 3s - batch_cost: 0.0193 - reader cost: 1.4250e-04
180/348 [==============>...............] - ETA: 3s - batch_cost: 0.0193 - reader cost: 1.4013e-04
183/348 [==============>...............] - ETA: 3s - batch_cost: 0.0194 - reader cost: 1.3783e-04
186/348 [===============>..............] - ETA: 3s - batch_cost: 0.0194 - reader cost: 1.3561e-04
189/348 [===============>..............] - ETA: 3s - batch_cost: 0.0195 - reader cost: 1.3345e-04
192/348 [===============>..............] - ETA: 3s - batch_cost: 0.0195 - reader cost: 1.3137e-04
195/348 [===============>..............] - ETA: 3s - batch_cost: 0.0195 - reader cost: 1.2935e-04
197/348 [===============>..............] - ETA: 2s - batch_cost: 0.0195 - reader cost: 1.2803e-04
200/348 [================>.............] - ETA: 2s - batch_cost: 0.0195 - reader cost: 1.2611e-04
203/348 [================>.............] - ETA: 2s - batch_cost: 0.0195 - reader cost: 1.2977e-04
207/348 [================>.............] - ETA: 2s - batch_cost: 0.0195 - reader cost: 1.2726e-04
210/348 [=================>............] - ETA: 2s - batch_cost: 0.0195 - reader cost: 1.2545e-04
212/348 [=================>............] - ETA: 2s - batch_cost: 0.0195 - reader cost: 1.2426e-04
215/348 [=================>............] - ETA: 2s - batch_cost: 0.0195 - reader cost: 1.2253e-04
218/348 [=================>............] - ETA: 2s - batch_cost: 0.0195 - reader cost: 1.2084e-04
221/348 [==================>...........] - ETA: 2s - batch_cost: 0.0195 - reader cost: 1.1920e-04
224/348 [==================>...........] - ETA: 2s - batch_cost: 0.0195 - reader cost: 1.2205e-04
226/348 [==================>...........] - ETA: 2s - batch_cost: 0.0196 - reader cost: 1.2097e-04
229/348 [==================>...........] - ETA: 2s - batch_cost: 0.0196 - reader cost: 1.1939e-04
231/348 [==================>...........] - ETA: 2s - batch_cost: 0.0197 - reader cost: 1.1835e-04
233/348 [===================>..........] - ETA: 2s - batch_cost: 0.0197 - reader cost: 1.1734e-04
236/348 [===================>..........] - ETA: 2s - batch_cost: 0.0197 - reader cost: 1.1585e-04
239/348 [===================>..........] - ETA: 2s - batch_cost: 0.0197 - reader cost: 1.1650e-04
242/348 [===================>..........] - ETA: 2s - batch_cost: 0.0197 - reader cost: 1.1506e-04
246/348 [====================>.........] - ETA: 2s - batch_cost: 0.0197 - reader cost: 1.1319e-04
249/348 [====================>.........] - ETA: 1s - batch_cost: 0.0197 - reader cost: 1.1183e-04
252/348 [====================>.........] - ETA: 1s - batch_cost: 0.0197 - reader cost: 1.1049e-04
256/348 [=====================>........] - ETA: 1s - batch_cost: 0.0196 - reader cost: 1.0877e-04
259/348 [=====================>........] - ETA: 1s - batch_cost: 0.0196 - reader cost: 1.0751e-04
262/348 [=====================>........] - ETA: 1s - batch_cost: 0.0196 - reader cost: 1.0628e-04
265/348 [=====================>........] - ETA: 1s - batch_cost: 0.0196 - reader cost: 1.0882e-04
268/348 [======================>.......] - ETA: 1s - batch_cost: 0.0196 - reader cost: 1.0760e-04
271/348 [======================>.......] - ETA: 1s - batch_cost: 0.0196 - reader cost: 1.0641e-04
275/348 [======================>.......] - ETA: 1s - batch_cost: 0.0195 - reader cost: 1.1214e-04
278/348 [======================>.......] - ETA: 1s - batch_cost: 0.0195 - reader cost: 1.1093e-04
282/348 [=======================>......] - ETA: 1s - batch_cost: 0.0195 - reader cost: 1.0935e-04
285/348 [=======================>......] - ETA: 1s - batch_cost: 0.0195 - reader cost: 1.0820e-04
288/348 [=======================>......] - ETA: 1s - batch_cost: 0.0195 - reader cost: 1.0707e-04
291/348 [========================>.....] - ETA: 1s - batch_cost: 0.0195 - reader cost: 1.0597e-04
294/348 [========================>.....] - ETA: 1s - batch_cost: 0.0194 - reader cost: 1.0489e-04
297/348 [========================>.....] - ETA: 1s - batch_cost: 0.0194 - reader cost: 1.0383e-04
300/348 [========================>.....] - ETA: 0s - batch_cost: 0.0194 - reader cost: 1.0279e-04
303/348 [=========================>....] - ETA: 0s - batch_cost: 0.0194 - reader cost: 1.0177e-04
306/348 [=========================>....] - ETA: 0s - batch_cost: 0.0194 - reader cost: 1.0078e-04
309/348 [=========================>....] - ETA: 0s - batch_cost: 0.0194 - reader cost: 9.9797e-05
312/348 [=========================>....] - ETA: 0s - batch_cost: 0.0194 - reader cost: 9.8837e-05
315/348 [==========================>...] - ETA: 0s - batch_cost: 0.0194 - reader cost: 9.7896e-05
318/348 [==========================>...] - ETA: 0s - batch_cost: 0.0194 - reader cost: 9.6973e-05
321/348 [==========================>...] - ETA: 0s - batch_cost: 0.0194 - reader cost: 9.6066e-05
324/348 [==========================>...] - ETA: 0s - batch_cost: 0.0194 - reader cost: 9.5177e-05
327/348 [===========================>..] - ETA: 0s - batch_cost: 0.0194 - reader cost: 9.4304e-05
330/348 [===========================>..] - ETA: 0s - batch_cost: 0.0194 - reader cost: 9.3446e-05
334/348 [===========================>..] - ETA: 0s - batch_cost: 0.0194 - reader cost: 9.2327e-05
337/348 [============================>.] - ETA: 0s - batch_cost: 0.0194 - reader cost: 9.4473e-05
340/348 [============================>.] - ETA: 0s - batch_cost: 0.0194 - reader cost: 9.3640e-05
343/348 [============================>.] - ETA: 0s - batch_cost: 0.0194 - reader cost: 9.2821e-05
346/348 [============================>.] - ETA: 0s - batch_cost: 0.0194 - reader cost: 9.4911e-05
348/348 [==============================] - 7s 20ms/step - batch_cost: 0.0193 - reader cost: 9.4366e-05

  1/348 [..............................] - ETA: 11s - batch_cost: 0.0325 - reader cost: 0.0075
  4/348 [..............................] - ETA: 8s - batch_cost: 0.0240 - reader cost: 0.0021 
  7/348 [..............................] - ETA: 7s - batch_cost: 0.0222 - reader cost: 0.0012
  9/348 [..............................] - ETA: 7s - batch_cost: 0.0229 - reader cost: 9.4710e-04
 12/348 [>.............................] - ETA: 7s - batch_cost: 0.0221 - reader cost: 7.1033e-04
 15/348 [>.............................] - ETA: 7s - batch_cost: 0.0221 - reader cost: 5.6826e-04
 17/348 [>.............................] - ETA: 7s - batch_cost: 0.0226 - reader cost: 5.0141e-04
 20/348 [>.............................] - ETA: 7s - batch_cost: 0.0224 - reader cost: 4.2620e-04
 22/348 [>.............................] - ETA: 7s - batch_cost: 0.0227 - reader cost: 3.8745e-04
 24/348 [=>............................] - ETA: 7s - batch_cost: 0.0231 - reader cost: 3.5516e-04
 27/348 [=>............................] - ETA: 7s - batch_cost: 0.0227 - reader cost: 3.1570e-04
 30/348 [=>............................] - ETA: 7s - batch_cost: 0.0227 - reader cost: 3.1744e-04
 32/348 [=>............................] - ETA: 7s - batch_cost: 0.0229 - reader cost: 2.9760e-04
 36/348 [==>...........................] - ETA: 6s - batch_cost: 0.0221 - reader cost: 2.6453e-04
 39/348 [==>...........................] - ETA: 6s - batch_cost: 0.0219 - reader cost: 2.4418e-04
 42/348 [==>...........................] - ETA: 6s - batch_cost: 0.0217 - reader cost: 2.2674e-04
 45/348 [==>...........................] - ETA: 6s - batch_cost: 0.0216 - reader cost: 2.1163e-04
 48/348 [===>..........................] - ETA: 6s - batch_cost: 0.0214 - reader cost: 1.9840e-04
 51/348 [===>..........................] - ETA: 6s - batch_cost: 0.0215 - reader cost: 1.8673e-04
 53/348 [===>..........................] - ETA: 6s - batch_cost: 0.0216 - reader cost: 1.7968e-04
 56/348 [===>..........................] - ETA: 6s - batch_cost: 0.0217 - reader cost: 1.7006e-04
 59/348 [====>.........................] - ETA: 6s - batch_cost: 0.0216 - reader cost: 1.6141e-04
 62/348 [====>.........................] - ETA: 6s - batch_cost: 0.0214 - reader cost: 1.5360e-04
 65/348 [====>.........................] - ETA: 6s - batch_cost: 0.0213 - reader cost: 1.4651e-04
 68/348 [====>.........................] - ETA: 6s - batch_cost: 0.0213 - reader cost: 1.4005e-04
 71/348 [=====>........................] - ETA: 5s - batch_cost: 0.0211 - reader cost: 1.3413e-04
 74/348 [=====>........................] - ETA: 5s - batch_cost: 0.0211 - reader cost: 1.2869e-04
 77/348 [=====>........................] - ETA: 5s - batch_cost: 0.0210 - reader cost: 1.2368e-04
 80/348 [=====>........................] - ETA: 5s - batch_cost: 0.0209 - reader cost: 1.1904e-04
 83/348 [======>.......................] - ETA: 5s - batch_cost: 0.0208 - reader cost: 1.1474e-04
 86/348 [======>.......................] - ETA: 5s - batch_cost: 0.0207 - reader cost: 1.1073e-04
 90/348 [======>.......................] - ETA: 5s - batch_cost: 0.0205 - reader cost: 1.1692e-04
 93/348 [=======>......................] - ETA: 5s - batch_cost: 0.0205 - reader cost: 1.2437e-04
 96/348 [=======>......................] - ETA: 5s - batch_cost: 0.0206 - reader cost: 1.2048e-04
 99/348 [=======>......................] - ETA: 5s - batch_cost: 0.0206 - reader cost: 1.1683e-04
102/348 [=======>......................] - ETA: 5s - batch_cost: 0.0205 - reader cost: 1.1339e-04
105/348 [========>.....................] - ETA: 5s - batch_cost: 0.0204 - reader cost: 1.1015e-04
108/348 [========>.....................] - ETA: 4s - batch_cost: 0.0204 - reader cost: 1.1031e-04
111/348 [========>.....................] - ETA: 4s - batch_cost: 0.0204 - reader cost: 1.0733e-04
114/348 [========>.....................] - ETA: 4s - batch_cost: 0.0205 - reader cost: 1.0450e-04
117/348 [=========>....................] - ETA: 4s - batch_cost: 0.0205 - reader cost: 1.0183e-04
120/348 [=========>....................] - ETA: 4s - batch_cost: 0.0206 - reader cost: 1.0761e-04
123/348 [=========>....................] - ETA: 4s - batch_cost: 0.0206 - reader cost: 1.0498e-04
126/348 [=========>....................] - ETA: 4s - batch_cost: 0.0205 - reader cost: 1.0248e-04
129/348 [==========>...................] - ETA: 4s - batch_cost: 0.0205 - reader cost: 1.0010e-04
132/348 [==========>...................] - ETA: 4s - batch_cost: 0.0206 - reader cost: 9.7826e-05
135/348 [==========>...................] - ETA: 4s - batch_cost: 0.0206 - reader cost: 9.5652e-05
138/348 [==========>...................] - ETA: 4s - batch_cost: 0.0206 - reader cost: 9.3572e-05
141/348 [===========>..................] - ETA: 4s - batch_cost: 0.0205 - reader cost: 9.1581e-05
144/348 [===========>..................] - ETA: 4s - batch_cost: 0.0205 - reader cost: 8.9674e-05
147/348 [===========>..................] - ETA: 4s - batch_cost: 0.0205 - reader cost: 8.7843e-05
150/348 [===========>..................] - ETA: 4s - batch_cost: 0.0205 - reader cost: 8.6087e-05
152/348 [============>.................] - ETA: 4s - batch_cost: 0.0205 - reader cost: 8.4954e-05
155/348 [============>.................] - ETA: 3s - batch_cost: 0.0205 - reader cost: 8.3310e-05
158/348 [============>.................] - ETA: 3s - batch_cost: 0.0204 - reader cost: 8.1728e-05
161/348 [============>.................] - ETA: 3s - batch_cost: 0.0204 - reader cost: 8.0205e-05
164/348 [=============>................] - ETA: 3s - batch_cost: 0.0204 - reader cost: 7.8738e-05
167/348 [=============>................] - ETA: 3s - batch_cost: 0.0204 - reader cost: 7.7323e-05
170/348 [=============>................] - ETA: 3s - batch_cost: 0.0203 - reader cost: 7.5959e-05
173/348 [=============>................] - ETA: 3s - batch_cost: 0.0204 - reader cost: 7.4642e-05
176/348 [==============>...............] - ETA: 3s - batch_cost: 0.0204 - reader cost: 7.3369e-05
179/348 [==============>...............] - ETA: 3s - batch_cost: 0.0204 - reader cost: 7.2140e-05
182/348 [==============>...............] - ETA: 3s - batch_cost: 0.0204 - reader cost: 7.0950e-05
185/348 [==============>...............] - ETA: 3s - batch_cost: 0.0204 - reader cost: 6.9800e-05
188/348 [===============>..............] - ETA: 3s - batch_cost: 0.0204 - reader cost: 6.8686e-05
191/348 [===============>..............] - ETA: 3s - batch_cost: 0.0204 - reader cost: 6.7607e-05
193/348 [===============>..............] - ETA: 3s - batch_cost: 0.0204 - reader cost: 6.6907e-05
196/348 [===============>..............] - ETA: 3s - batch_cost: 0.0205 - reader cost: 6.5883e-05
199/348 [================>.............] - ETA: 3s - batch_cost: 0.0204 - reader cost: 6.4889e-05
202/348 [================>.............] - ETA: 3s - batch_cost: 0.0204 - reader cost: 6.3926e-05
205/348 [================>.............] - ETA: 2s - batch_cost: 0.0204 - reader cost: 6.2990e-05
208/348 [================>.............] - ETA: 2s - batch_cost: 0.0204 - reader cost: 6.2082e-05
211/348 [=================>............] - ETA: 2s - batch_cost: 0.0204 - reader cost: 6.1199e-05
214/348 [=================>............] - ETA: 2s - batch_cost: 0.0204 - reader cost: 6.0341e-05
217/348 [=================>............] - ETA: 2s - batch_cost: 0.0204 - reader cost: 5.9507e-05
220/348 [=================>............] - ETA: 2s - batch_cost: 0.0204 - reader cost: 5.8695e-05
223/348 [==================>...........] - ETA: 2s - batch_cost: 0.0205 - reader cost: 5.7906e-05
226/348 [==================>...........] - ETA: 2s - batch_cost: 0.0204 - reader cost: 5.7137e-05
229/348 [==================>...........] - ETA: 2s - batch_cost: 0.0204 - reader cost: 6.0758e-05
231/348 [==================>...........] - ETA: 2s - batch_cost: 0.0205 - reader cost: 6.0232e-05
233/348 [===================>..........] - ETA: 2s - batch_cost: 0.0205 - reader cost: 5.9715e-05
236/348 [===================>..........] - ETA: 2s - batch_cost: 0.0205 - reader cost: 6.3193e-05
239/348 [===================>..........] - ETA: 2s - batch_cost: 0.0205 - reader cost: 6.2400e-05
242/348 [===================>..........] - ETA: 2s - batch_cost: 0.0205 - reader cost: 6.8527e-05
245/348 [====================>.........] - ETA: 2s - batch_cost: 0.0205 - reader cost: 6.7688e-05
248/348 [====================>.........] - ETA: 2s - batch_cost: 0.0205 - reader cost: 6.6869e-05
251/348 [====================>.........] - ETA: 2s - batch_cost: 0.0205 - reader cost: 6.6069e-05
254/348 [====================>.........] - ETA: 1s - batch_cost: 0.0205 - reader cost: 6.5289e-05
257/348 [=====================>........] - ETA: 1s - batch_cost: 0.0205 - reader cost: 6.4527e-05
260/348 [=====================>........] - ETA: 1s - batch_cost: 0.0205 - reader cost: 6.3782e-05
262/348 [=====================>........] - ETA: 1s - batch_cost: 0.0206 - reader cost: 6.3296e-05
264/348 [=====================>........] - ETA: 1s - batch_cost: 0.0207 - reader cost: 6.2816e-05
266/348 [=====================>........] - ETA: 1s - batch_cost: 0.0207 - reader cost: 6.2344e-05
269/348 [======================>.......] - ETA: 1s - batch_cost: 0.0207 - reader cost: 6.1648e-05
272/348 [======================>.......] - ETA: 1s - batch_cost: 0.0207 - reader cost: 6.0969e-05
275/348 [======================>.......] - ETA: 1s - batch_cost: 0.0207 - reader cost: 6.0303e-05
278/348 [======================>.......] - ETA: 1s - batch_cost: 0.0207 - reader cost: 5.9653e-05
281/348 [=======================>......] - ETA: 1s - batch_cost: 0.0207 - reader cost: 5.9016e-05
284/348 [=======================>......] - ETA: 1s - batch_cost: 0.0207 - reader cost: 5.8392e-05
287/348 [=======================>......] - ETA: 1s - batch_cost: 0.0207 - reader cost: 5.7782e-05
290/348 [========================>.....] - ETA: 1s - batch_cost: 0.0207 - reader cost: 5.7184e-05
294/348 [========================>.....] - ETA: 1s - batch_cost: 0.0206 - reader cost: 5.6406e-05
298/348 [========================>.....] - ETA: 1s - batch_cost: 0.0205 - reader cost: 5.5649e-05
301/348 [========================>.....] - ETA: 0s - batch_cost: 0.0205 - reader cost: 5.5094e-05
304/348 [=========================>....] - ETA: 0s - batch_cost: 0.0205 - reader cost: 5.4551e-05
307/348 [=========================>....] - ETA: 0s - batch_cost: 0.0205 - reader cost: 5.4018e-05
310/348 [=========================>....] - ETA: 0s - batch_cost: 0.0205 - reader cost: 5.3495e-05
313/348 [=========================>....] - ETA: 0s - batch_cost: 0.0205 - reader cost: 5.2982e-05
316/348 [==========================>...] - ETA: 0s - batch_cost: 0.0204 - reader cost: 5.2479e-05
319/348 [==========================>...] - ETA: 0s - batch_cost: 0.0204 - reader cost: 5.1986e-05
321/348 [==========================>...] - ETA: 0s - batch_cost: 0.0204 - reader cost: 5.3313e-05
324/348 [==========================>...] - ETA: 0s - batch_cost: 0.0204 - reader cost: 5.2819e-05
327/348 [===========================>..] - ETA: 0s - batch_cost: 0.0205 - reader cost: 5.2335e-05
330/348 [===========================>..] - ETA: 0s - batch_cost: 0.0205 - reader cost: 5.1859e-05
333/348 [===========================>..] - ETA: 0s - batch_cost: 0.0205 - reader cost: 5.1392e-05
336/348 [===========================>..] - ETA: 0s - batch_cost: 0.0205 - reader cost: 5.3941e-05
339/348 [============================>.] - ETA: 0s - batch_cost: 0.0205 - reader cost: 5.3463e-05
342/348 [============================>.] - ETA: 0s - batch_cost: 0.0204 - reader cost: 5.2994e-05
345/348 [============================>.] - ETA: 0s - batch_cost: 0.0205 - reader cost: 5.2534e-05
348/348 [==============================] - 7s 21ms/step - batch_cost: 0.0205 - reader cost: 5.2081e-05
<Objs Version="1.1.0.1" xmlns="http://schemas.microsoft.com/powershell/2004/04"><Obj S="progress" RefId="0"><TN RefId="0"><T>System.Management.Automation.PSCustomObject</T><T>System.Object</T></TN><MS><I64 N="SourceId">1</I64><PR N="Record"><AV>����׼���״�ʹ��ģ�顣</AV><AI>0</AI><Nil /><PI>-1</PI><PC>-1</PC><T>Completed</T><SR>-1</SR><SD> </SD></PR></MS></Obj><Obj S="progress" RefId="1"><TNRef RefId="0" /><MS><I64 N="SourceId">1</I64><PR N="Record"><AV>����׼���״�ʹ��ģ�顣</AV><AI>0</AI><Nil /><PI>-1</PI><PC>-1</PC><T>Completed</T><SR>-1</SR><SD> </SD></PR></MS></Obj></Objs>