WARNING: Logging before InitGoogleLogging() is written to STDERR
W0930 02:52:06.831604  5464 gpu_resources.cc:116] Please NOTE: device: 0, GPU Compute Capability: 12.0, Driver API Version: 13.2, Runtime API Version: 12.9
C:\Users\user\算法实验\venv_bisenet\Lib\site-packages\paddle\nn\layer\norm.py:885: UserWarning: When training, we now always track global mean and variance.
  warnings.warn(

  1/348 [..............................] - ETA: 44s - batch_cost: 0.1283 - reader cost: 0.0096
  3/348 [..............................] - ETA: 21s - batch_cost: 0.0617 - reader cost: 0.0032
  5/348 [..............................] - ETA: 17s - batch_cost: 0.0484 - reader cost: 0.0020
  7/348 [..............................] - ETA: 15s - batch_cost: 0.0429 - reader cost: 0.0016
  9/348 [..............................] - ETA: 14s - batch_cost: 0.0392 - reader cost: 0.0012
 11/348 [..............................] - ETA: 13s - batch_cost: 0.0375 - reader cost: 0.0010
 13/348 [>.............................] - ETA: 12s - batch_cost: 0.0358 - reader cost: 8.5191e-04
 15/348 [>.............................] - ETA: 12s - batch_cost: 0.0347 - reader cost: 7.3832e-04
 17/348 [>.............................] - ETA: 11s - batch_cost: 0.0341 - reader cost: 7.1026e-04
 19/348 [>.............................] - ETA: 11s - batch_cost: 0.0335 - reader cost: 6.3550e-04
 21/348 [>.............................] - ETA: 11s - batch_cost: 0.0329 - reader cost: 5.7497e-04
 23/348 [>.............................] - ETA: 10s - batch_cost: 0.0326 - reader cost: 5.6845e-04
 25/348 [=>............................] - ETA: 10s - batch_cost: 0.0323 - reader cost: 5.2298e-04
 27/348 [=>............................] - ETA: 10s - batch_cost: 0.0319 - reader cost: 4.8424e-04
 29/348 [=>............................] - ETA: 10s - batch_cost: 0.0315 - reader cost: 4.5084e-04
 32/348 [=>............................] - ETA: 9s - batch_cost: 0.0305 - reader cost: 4.0857e-04 
 35/348 [==>...........................] - ETA: 9s - batch_cost: 0.0297 - reader cost: 3.7355e-04
 39/348 [==>...........................] - ETA: 8s - batch_cost: 0.0281 - reader cost: 3.3524e-04
 42/348 [==>...........................] - ETA: 8s - batch_cost: 0.0273 - reader cost: 3.1130e-04
 45/348 [==>...........................] - ETA: 8s - batch_cost: 0.0267 - reader cost: 2.9054e-04
 49/348 [===>..........................] - ETA: 7s - batch_cost: 0.0257 - reader cost: 2.6682e-04
 52/348 [===>..........................] - ETA: 7s - batch_cost: 0.0253 - reader cost: 2.5143e-04
 55/348 [===>..........................] - ETA: 7s - batch_cost: 0.0249 - reader cost: 2.3772e-04
 59/348 [====>.........................] - ETA: 7s - batch_cost: 0.0243 - reader cost: 2.2160e-04
 62/348 [====>.........................] - ETA: 7s - batch_cost: 0.0240 - reader cost: 2.1088e-04
 65/348 [====>.........................] - ETA: 6s - batch_cost: 0.0238 - reader cost: 2.0114e-04
 68/348 [====>.........................] - ETA: 6s - batch_cost: 0.0237 - reader cost: 1.9227e-04
 71/348 [=====>........................] - ETA: 6s - batch_cost: 0.0235 - reader cost: 1.8415e-04
 74/348 [=====>........................] - ETA: 6s - batch_cost: 0.0233 - reader cost: 1.7668e-04
 77/348 [=====>........................] - ETA: 6s - batch_cost: 0.0231 - reader cost: 1.6980e-04
 80/348 [=====>........................] - ETA: 6s - batch_cost: 0.0229 - reader cost: 1.6343e-04
 83/348 [======>.......................] - ETA: 6s - batch_cost: 0.0228 - reader cost: 1.5752e-04
 86/348 [======>.......................] - ETA: 6s - batch_cost: 0.0226 - reader cost: 1.5203e-04
 90/348 [======>.......................] - ETA: 5s - batch_cost: 0.0223 - reader cost: 1.4527e-04
 93/348 [=======>......................] - ETA: 5s - batch_cost: 0.0222 - reader cost: 1.4058e-04
 96/348 [=======>......................] - ETA: 5s - batch_cost: 0.0222 - reader cost: 1.3619e-04
 99/348 [=======>......................] - ETA: 5s - batch_cost: 0.0221 - reader cost: 1.3837e-04
102/348 [=======>......................] - ETA: 5s - batch_cost: 0.0220 - reader cost: 1.3430e-04
106/348 [========>.....................] - ETA: 5s - batch_cost: 0.0217 - reader cost: 1.2923e-04
110/348 [========>.....................] - ETA: 5s - batch_cost: 0.0215 - reader cost: 1.2453e-04
113/348 [========>.....................] - ETA: 5s - batch_cost: 0.0214 - reader cost: 1.2122e-04
116/348 [=========>....................] - ETA: 5s - batch_cost: 0.0215 - reader cost: 1.1809e-04
119/348 [=========>....................] - ETA: 5s - batch_cost: 0.0215 - reader cost: 1.1511e-04
122/348 [=========>....................] - ETA: 4s - batch_cost: 0.0214 - reader cost: 1.2057e-04
126/348 [=========>....................] - ETA: 4s - batch_cost: 0.0212 - reader cost: 1.1674e-04
130/348 [==========>...................] - ETA: 4s - batch_cost: 0.0211 - reader cost: 1.1315e-04
134/348 [==========>...................] - ETA: 4s - batch_cost: 0.0209 - reader cost: 1.0977e-04
138/348 [==========>...................] - ETA: 4s - batch_cost: 0.0207 - reader cost: 1.0659e-04
142/348 [===========>..................] - ETA: 4s - batch_cost: 0.0206 - reader cost: 1.0359e-04
145/348 [===========>..................] - ETA: 4s - batch_cost: 0.0207 - reader cost: 1.0145e-04
148/348 [===========>..................] - ETA: 4s - batch_cost: 0.0206 - reader cost: 9.9390e-05
151/348 [============>.................] - ETA: 4s - batch_cost: 0.0206 - reader cost: 9.7415e-05
154/348 [============>.................] - ETA: 4s - batch_cost: 0.0207 - reader cost: 9.5518e-05
157/348 [============>.................] - ETA: 4s - batch_cost: 0.0206 - reader cost: 9.3692e-05
160/348 [============>.................] - ETA: 3s - batch_cost: 0.0207 - reader cost: 9.1936e-05
163/348 [=============>................] - ETA: 3s - batch_cost: 0.0207 - reader cost: 9.0244e-05
166/348 [=============>................] - ETA: 3s - batch_cost: 0.0206 - reader cost: 8.8613e-05
169/348 [=============>................] - ETA: 3s - batch_cost: 0.0206 - reader cost: 8.7040e-05
172/348 [=============>................] - ETA: 3s - batch_cost: 0.0207 - reader cost: 9.1348e-05
175/348 [==============>...............] - ETA: 3s - batch_cost: 0.0207 - reader cost: 8.9782e-05
178/348 [==============>...............] - ETA: 3s - batch_cost: 0.0207 - reader cost: 8.8268e-05
181/348 [==============>...............] - ETA: 3s - batch_cost: 0.0206 - reader cost: 8.6805e-05
185/348 [==============>...............] - ETA: 3s - batch_cost: 0.0205 - reader cost: 8.4929e-05
188/348 [===============>..............] - ETA: 3s - batch_cost: 0.0205 - reader cost: 8.3573e-05
191/348 [===============>..............] - ETA: 3s - batch_cost: 0.0205 - reader cost: 8.2261e-05
194/348 [===============>..............] - ETA: 3s - batch_cost: 0.0205 - reader cost: 8.0989e-05
197/348 [===============>..............] - ETA: 3s - batch_cost: 0.0205 - reader cost: 7.9755e-05
200/348 [================>.............] - ETA: 3s - batch_cost: 0.0205 - reader cost: 7.8559e-05
203/348 [================>.............] - ETA: 3s - batch_cost: 0.0205 - reader cost: 7.7398e-05
206/348 [================>.............] - ETA: 2s - batch_cost: 0.0204 - reader cost: 7.6271e-05
209/348 [=================>............] - ETA: 2s - batch_cost: 0.0204 - reader cost: 7.7634e-05
212/348 [=================>............] - ETA: 2s - batch_cost: 0.0204 - reader cost: 7.6536e-05
215/348 [=================>............] - ETA: 2s - batch_cost: 0.0203 - reader cost: 7.5468e-05
219/348 [=================>............] - ETA: 2s - batch_cost: 0.0202 - reader cost: 7.4089e-05
222/348 [==================>...........] - ETA: 2s - batch_cost: 0.0202 - reader cost: 7.3088e-05
225/348 [==================>...........] - ETA: 2s - batch_cost: 0.0202 - reader cost: 7.2114e-05
228/348 [==================>...........] - ETA: 2s - batch_cost: 0.0202 - reader cost: 7.1165e-05
232/348 [===================>..........] - ETA: 2s - batch_cost: 0.0201 - reader cost: 6.9938e-05
236/348 [===================>..........] - ETA: 2s - batch_cost: 0.0200 - reader cost: 6.8752e-05
239/348 [===================>..........] - ETA: 2s - batch_cost: 0.0200 - reader cost: 6.7889e-05
243/348 [===================>..........] - ETA: 2s - batch_cost: 0.0199 - reader cost: 6.6772e-05
246/348 [====================>.........] - ETA: 2s - batch_cost: 0.0199 - reader cost: 6.5958e-05
249/348 [====================>.........] - ETA: 1s - batch_cost: 0.0199 - reader cost: 6.5163e-05
252/348 [====================>.........] - ETA: 1s - batch_cost: 0.0198 - reader cost: 6.4387e-05
255/348 [====================>.........] - ETA: 1s - batch_cost: 0.0198 - reader cost: 6.7551e-05
257/348 [=====================>........] - ETA: 1s - batch_cost: 0.0199 - reader cost: 7.0951e-05
260/348 [=====================>........] - ETA: 1s - batch_cost: 0.0199 - reader cost: 7.0133e-05
264/348 [=====================>........] - ETA: 1s - batch_cost: 0.0198 - reader cost: 6.9070e-05
268/348 [======================>.......] - ETA: 1s - batch_cost: 0.0198 - reader cost: 7.1770e-05
271/348 [======================>.......] - ETA: 1s - batch_cost: 0.0198 - reader cost: 7.4629e-05
274/348 [======================>.......] - ETA: 1s - batch_cost: 0.0198 - reader cost: 7.3812e-05
277/348 [======================>.......] - ETA: 1s - batch_cost: 0.0198 - reader cost: 7.3013e-05
280/348 [=======================>......] - ETA: 1s - batch_cost: 0.0198 - reader cost: 7.5814e-05
283/348 [=======================>......] - ETA: 1s - batch_cost: 0.0198 - reader cost: 7.5010e-05
286/348 [=======================>......] - ETA: 1s - batch_cost: 0.0198 - reader cost: 7.4223e-05
289/348 [=======================>......] - ETA: 1s - batch_cost: 0.0198 - reader cost: 7.3453e-05
292/348 [========================>.....] - ETA: 1s - batch_cost: 0.0197 - reader cost: 7.2698e-05
296/348 [========================>.....] - ETA: 1s - batch_cost: 0.0197 - reader cost: 7.1716e-05
299/348 [========================>.....] - ETA: 0s - batch_cost: 0.0197 - reader cost: 7.0996e-05
302/348 [=========================>....] - ETA: 0s - batch_cost: 0.0197 - reader cost: 7.0291e-05
305/348 [=========================>....] - ETA: 0s - batch_cost: 0.0196 - reader cost: 6.9599e-05
308/348 [=========================>....] - ETA: 0s - batch_cost: 0.0196 - reader cost: 6.8922e-05
312/348 [=========================>....] - ETA: 0s - batch_cost: 0.0196 - reader cost: 6.8038e-05
315/348 [==========================>...] - ETA: 0s - batch_cost: 0.0196 - reader cost: 6.7390e-05
318/348 [==========================>...] - ETA: 0s - batch_cost: 0.0196 - reader cost: 6.6754e-05
321/348 [==========================>...] - ETA: 0s - batch_cost: 0.0196 - reader cost: 6.6130e-05
324/348 [==========================>...] - ETA: 0s - batch_cost: 0.0195 - reader cost: 6.5518e-05
327/348 [===========================>..] - ETA: 0s - batch_cost: 0.0195 - reader cost: 6.4917e-05
331/348 [===========================>..] - ETA: 0s - batch_cost: 0.0195 - reader cost: 6.7178e-05
333/348 [===========================>..] - ETA: 0s - batch_cost: 0.0196 - reader cost: 6.6774e-05
336/348 [===========================>..] - ETA: 0s - batch_cost: 0.0196 - reader cost: 6.6178e-05
339/348 [============================>.] - ETA: 0s - batch_cost: 0.0196 - reader cost: 6.5593e-05
342/348 [============================>.] - ETA: 0s - batch_cost: 0.0196 - reader cost: 6.5017e-05
345/348 [============================>.] - ETA: 0s - batch_cost: 0.0196 - reader cost: 6.4452e-05
348/348 [==============================] - 7s 20ms/step - batch_cost: 0.0196 - reader cost: 6.3896e-05

  1/348 [..............................] - ETA: 9s - batch_cost: 0.0263 - reader cost: 0.0077
  4/348 [..............................] - ETA: 7s - batch_cost: 0.0206 - reader cost: 0.0019
  7/348 [..............................] - ETA: 7s - batch_cost: 0.0208 - reader cost: 0.0011
  9/348 [..............................] - ETA: 7s - batch_cost: 0.0213 - reader cost: 9.1161e-04
 12/348 [>.............................] - ETA: 7s - batch_cost: 0.0219 - reader cost: 6.8371e-04
 15/348 [>.............................] - ETA: 7s - batch_cost: 0.0218 - reader cost: 5.8737e-04
 18/348 [>.............................] - ETA: 7s - batch_cost: 0.0216 - reader cost: 4.8947e-04
 21/348 [>.............................] - ETA: 7s - batch_cost: 0.0212 - reader cost: 4.1955e-04
 25/348 [=>............................] - ETA: 6s - batch_cost: 0.0203 - reader cost: 3.5242e-04
 28/348 [=>............................] - ETA: 6s - batch_cost: 0.0204 - reader cost: 4.2207e-04
 31/348 [=>............................] - ETA: 6s - batch_cost: 0.0207 - reader cost: 3.8122e-04
 34/348 [=>............................] - ETA: 6s - batch_cost: 0.0209 - reader cost: 3.4759e-04
 37/348 [==>...........................] - ETA: 6s - batch_cost: 0.0210 - reader cost: 3.1940e-04
 40/348 [==>...........................] - ETA: 6s - batch_cost: 0.0210 - reader cost: 2.9545e-04
 43/348 [==>...........................] - ETA: 6s - batch_cost: 0.0207 - reader cost: 2.7484e-04
 46/348 [==>...........................] - ETA: 6s - batch_cost: 0.0205 - reader cost: 2.5691e-04
 50/348 [===>..........................] - ETA: 6s - batch_cost: 0.0202 - reader cost: 2.3636e-04
 53/348 [===>..........................] - ETA: 6s - batch_cost: 0.0201 - reader cost: 2.2298e-04
 57/348 [===>..........................] - ETA: 5s - batch_cost: 0.0197 - reader cost: 2.0733e-04
 60/348 [====>.........................] - ETA: 5s - batch_cost: 0.0197 - reader cost: 1.9697e-04
 63/348 [====>.........................] - ETA: 5s - batch_cost: 0.0197 - reader cost: 1.8759e-04
 66/348 [====>.........................] - ETA: 5s - batch_cost: 0.0196 - reader cost: 1.7906e-04
 69/348 [====>.........................] - ETA: 5s - batch_cost: 0.0195 - reader cost: 1.7127e-04
 72/348 [=====>........................] - ETA: 5s - batch_cost: 0.0195 - reader cost: 1.6414e-04
 75/348 [=====>........................] - ETA: 5s - batch_cost: 0.0196 - reader cost: 1.5757e-04
 78/348 [=====>........................] - ETA: 5s - batch_cost: 0.0195 - reader cost: 1.5151e-04
 81/348 [=====>........................] - ETA: 5s - batch_cost: 0.0195 - reader cost: 1.5212e-04
 85/348 [======>.......................] - ETA: 5s - batch_cost: 0.0194 - reader cost: 1.5672e-04
 88/348 [======>.......................] - ETA: 5s - batch_cost: 0.0195 - reader cost: 1.5713e-04
 91/348 [======>.......................] - ETA: 5s - batch_cost: 0.0195 - reader cost: 1.5195e-04
 94/348 [=======>......................] - ETA: 5s - batch_cost: 0.0195 - reader cost: 1.4710e-04
 97/348 [=======>......................] - ETA: 4s - batch_cost: 0.0194 - reader cost: 1.4255e-04
100/348 [=======>......................] - ETA: 4s - batch_cost: 0.0193 - reader cost: 1.3827e-04
103/348 [=======>......................] - ETA: 4s - batch_cost: 0.0193 - reader cost: 1.3425e-04
106/348 [========>.....................] - ETA: 4s - batch_cost: 0.0193 - reader cost: 1.3045e-04
109/348 [========>.....................] - ETA: 4s - batch_cost: 0.0193 - reader cost: 1.2686e-04
112/348 [========>.....................] - ETA: 4s - batch_cost: 0.0193 - reader cost: 1.2346e-04
116/348 [=========>....................] - ETA: 4s - batch_cost: 0.0192 - reader cost: 1.3224e-04
119/348 [=========>....................] - ETA: 4s - batch_cost: 0.0191 - reader cost: 1.2890e-04
122/348 [=========>....................] - ETA: 4s - batch_cost: 0.0191 - reader cost: 1.3391e-04
125/348 [=========>....................] - ETA: 4s - batch_cost: 0.0191 - reader cost: 1.3070e-04
128/348 [==========>...................] - ETA: 4s - batch_cost: 0.0191 - reader cost: 1.2763e-04
131/348 [==========>...................] - ETA: 4s - batch_cost: 0.0191 - reader cost: 1.2471e-04
134/348 [==========>...................] - ETA: 4s - batch_cost: 0.0190 - reader cost: 1.2192e-04
137/348 [==========>...................] - ETA: 4s - batch_cost: 0.0190 - reader cost: 1.1925e-04
140/348 [===========>..................] - ETA: 3s - batch_cost: 0.0189 - reader cost: 1.1669e-04
144/348 [===========>..................] - ETA: 3s - batch_cost: 0.0189 - reader cost: 1.1345e-04
147/348 [===========>..................] - ETA: 3s - batch_cost: 0.0189 - reader cost: 1.1114e-04
150/348 [===========>..................] - ETA: 3s - batch_cost: 0.0189 - reader cost: 1.0891e-04
153/348 [============>.................] - ETA: 3s - batch_cost: 0.0189 - reader cost: 1.1114e-04
156/348 [============>.................] - ETA: 3s - batch_cost: 0.0190 - reader cost: 1.0900e-04
160/348 [============>.................] - ETA: 3s - batch_cost: 0.0189 - reader cost: 1.1253e-04
163/348 [=============>................] - ETA: 3s - batch_cost: 0.0189 - reader cost: 1.1046e-04
166/348 [=============>................] - ETA: 3s - batch_cost: 0.0189 - reader cost: 1.0846e-04
169/348 [=============>................] - ETA: 3s - batch_cost: 0.0189 - reader cost: 1.0653e-04
172/348 [=============>................] - ETA: 3s - batch_cost: 0.0189 - reader cost: 1.0468e-04
175/348 [==============>...............] - ETA: 3s - batch_cost: 0.0189 - reader cost: 1.0288e-04
178/348 [==============>...............] - ETA: 3s - batch_cost: 0.0189 - reader cost: 1.0115e-04
181/348 [==============>...............] - ETA: 3s - batch_cost: 0.0189 - reader cost: 9.9471e-05
184/348 [==============>...............] - ETA: 3s - batch_cost: 0.0189 - reader cost: 9.7849e-05
187/348 [===============>..............] - ETA: 3s - batch_cost: 0.0189 - reader cost: 9.6279e-05
190/348 [===============>..............] - ETA: 3s - batch_cost: 0.0189 - reader cost: 9.4759e-05
194/348 [===============>..............] - ETA: 2s - batch_cost: 0.0188 - reader cost: 9.2805e-05
198/348 [================>.............] - ETA: 2s - batch_cost: 0.0188 - reader cost: 9.0930e-05
201/348 [================>.............] - ETA: 2s - batch_cost: 0.0187 - reader cost: 9.4550e-05
204/348 [================>.............] - ETA: 2s - batch_cost: 0.0187 - reader cost: 9.3160e-05
207/348 [================>.............] - ETA: 2s - batch_cost: 0.0187 - reader cost: 9.1810e-05
210/348 [=================>............] - ETA: 2s - batch_cost: 0.0187 - reader cost: 9.0498e-05
213/348 [=================>............] - ETA: 2s - batch_cost: 0.0187 - reader cost: 8.9223e-05
217/348 [=================>............] - ETA: 2s - batch_cost: 0.0187 - reader cost: 9.2186e-05
221/348 [==================>...........] - ETA: 2s - batch_cost: 0.0186 - reader cost: 9.0517e-05
225/348 [==================>...........] - ETA: 2s - batch_cost: 0.0186 - reader cost: 8.8908e-05
228/348 [==================>...........] - ETA: 2s - batch_cost: 0.0186 - reader cost: 8.7738e-05
231/348 [==================>...........] - ETA: 2s - batch_cost: 0.0186 - reader cost: 8.6599e-05
235/348 [===================>..........] - ETA: 2s - batch_cost: 0.0185 - reader cost: 8.9384e-05
239/348 [===================>..........] - ETA: 2s - batch_cost: 0.0185 - reader cost: 8.7888e-05
242/348 [===================>..........] - ETA: 1s - batch_cost: 0.0184 - reader cost: 8.6798e-05
245/348 [====================>.........] - ETA: 1s - batch_cost: 0.0184 - reader cost: 8.5735e-05
248/348 [====================>.........] - ETA: 1s - batch_cost: 0.0184 - reader cost: 8.4698e-05
251/348 [====================>.........] - ETA: 1s - batch_cost: 0.0184 - reader cost: 8.3686e-05
254/348 [====================>.........] - ETA: 1s - batch_cost: 0.0185 - reader cost: 8.2697e-05
257/348 [=====================>........] - ETA: 1s - batch_cost: 0.0185 - reader cost: 8.1732e-05
260/348 [=====================>........] - ETA: 1s - batch_cost: 0.0184 - reader cost: 8.0789e-05
263/348 [=====================>........] - ETA: 1s - batch_cost: 0.0184 - reader cost: 8.3662e-05
266/348 [=====================>........] - ETA: 1s - batch_cost: 0.0185 - reader cost: 8.2719e-05
269/348 [======================>.......] - ETA: 1s - batch_cost: 0.0185 - reader cost: 8.1796e-05
272/348 [======================>.......] - ETA: 1s - batch_cost: 0.0185 - reader cost: 8.4569e-05
275/348 [======================>.......] - ETA: 1s - batch_cost: 0.0186 - reader cost: 8.3647e-05
278/348 [======================>.......] - ETA: 1s - batch_cost: 0.0186 - reader cost: 8.2744e-05
281/348 [=======================>......] - ETA: 1s - batch_cost: 0.0186 - reader cost: 8.1861e-05
284/348 [=======================>......] - ETA: 1s - batch_cost: 0.0186 - reader cost: 8.0996e-05
287/348 [=======================>......] - ETA: 1s - batch_cost: 0.0187 - reader cost: 8.0149e-05
290/348 [========================>.....] - ETA: 1s - batch_cost: 0.0187 - reader cost: 7.9320e-05
293/348 [========================>.....] - ETA: 1s - batch_cost: 0.0186 - reader cost: 7.8508e-05
297/348 [========================>.....] - ETA: 0s - batch_cost: 0.0186 - reader cost: 7.7451e-05
300/348 [========================>.....] - ETA: 0s - batch_cost: 0.0186 - reader cost: 7.6676e-05
303/348 [=========================>....] - ETA: 0s - batch_cost: 0.0186 - reader cost: 7.5917e-05
306/348 [=========================>....] - ETA: 0s - batch_cost: 0.0186 - reader cost: 7.5173e-05
310/348 [=========================>....] - ETA: 0s - batch_cost: 0.0186 - reader cost: 7.4203e-05
313/348 [=========================>....] - ETA: 0s - batch_cost: 0.0185 - reader cost: 7.3492e-05
316/348 [==========================>...] - ETA: 0s - batch_cost: 0.0185 - reader cost: 7.2794e-05
319/348 [==========================>...] - ETA: 0s - batch_cost: 0.0185 - reader cost: 7.2109e-05
323/348 [==========================>...] - ETA: 0s - batch_cost: 0.0185 - reader cost: 7.1216e-05
326/348 [===========================>..] - ETA: 0s - batch_cost: 0.0185 - reader cost: 7.0561e-05
329/348 [===========================>..] - ETA: 0s - batch_cost: 0.0185 - reader cost: 6.9918e-05
332/348 [===========================>..] - ETA: 0s - batch_cost: 0.0185 - reader cost: 7.0803e-05
335/348 [===========================>..] - ETA: 0s - batch_cost: 0.0185 - reader cost: 7.0169e-05
338/348 [============================>.] - ETA: 0s - batch_cost: 0.0185 - reader cost: 7.2506e-05
341/348 [============================>.] - ETA: 0s - batch_cost: 0.0185 - reader cost: 7.1868e-05
344/348 [============================>.] - ETA: 0s - batch_cost: 0.0185 - reader cost: 7.1241e-05
347/348 [============================>.] - ETA: 0s - batch_cost: 0.0185 - reader cost: 7.0625e-05
348/348 [==============================] - 7s 19ms/step - batch_cost: 0.0185 - reader cost: 7.0423e-05

  1/348 [..............................] - ETA: 15s - batch_cost: 0.0435 - reader cost: 0.0117
  3/348 [..............................] - ETA: 13s - batch_cost: 0.0377 - reader cost: 0.0039
  5/348 [..............................] - ETA: 11s - batch_cost: 0.0340 - reader cost: 0.0023
  7/348 [..............................] - ETA: 10s - batch_cost: 0.0318 - reader cost: 0.0017
  9/348 [..............................] - ETA: 10s - batch_cost: 0.0310 - reader cost: 0.0013
 11/348 [..............................] - ETA: 10s - batch_cost: 0.0309 - reader cost: 0.0011
 13/348 [>.............................] - ETA: 10s - batch_cost: 0.0302 - reader cost: 8.9820e-04
 15/348 [>.............................] - ETA: 9s - batch_cost: 0.0298 - reader cost: 7.7844e-04 
 17/348 [>.............................] - ETA: 9s - batch_cost: 0.0293 - reader cost: 6.8686e-04
 19/348 [>.............................] - ETA: 9s - batch_cost: 0.0289 - reader cost: 6.1456e-04
 22/348 [>.............................] - ETA: 9s - batch_cost: 0.0283 - reader cost: 5.3075e-04
 24/348 [=>............................] - ETA: 9s - batch_cost: 0.0281 - reader cost: 4.8652e-04
 26/348 [=>............................] - ETA: 9s - batch_cost: 0.0281 - reader cost: 4.4910e-04
 28/348 [=>............................] - ETA: 9s - batch_cost: 0.0279 - reader cost: 4.1702e-04
 30/348 [=>............................] - ETA: 9s - batch_cost: 0.0280 - reader cost: 4.2229e-04
 32/348 [=>............................] - ETA: 8s - batch_cost: 0.0279 - reader cost: 3.9589e-04
 34/348 [=>............................] - ETA: 8s - batch_cost: 0.0277 - reader cost: 3.7261e-04
 38/348 [==>...........................] - ETA: 8s - batch_cost: 0.0264 - reader cost: 3.3338e-04
 42/348 [==>...........................] - ETA: 7s - batch_cost: 0.0254 - reader cost: 3.0163e-04
 46/348 [==>...........................] - ETA: 7s - batch_cost: 0.0245 - reader cost: 2.7540e-04
 49/348 [===>..........................] - ETA: 7s - batch_cost: 0.0242 - reader cost: 2.5854e-04
 52/348 [===>..........................] - ETA: 7s - batch_cost: 0.0240 - reader cost: 2.4363e-04
 55/348 [===>..........................] - ETA: 7s - batch_cost: 0.0236 - reader cost: 2.3034e-04
 59/348 [====>.........................] - ETA: 6s - batch_cost: 0.0229 - reader cost: 2.1472e-04
 63/348 [====>.........................] - ETA: 6s - batch_cost: 0.0223 - reader cost: 2.1698e-04
 66/348 [====>.........................] - ETA: 6s - batch_cost: 0.0221 - reader cost: 2.0711e-04
 70/348 [=====>........................] - ETA: 6s - batch_cost: 0.0217 - reader cost: 1.9528e-04
 74/348 [=====>........................] - ETA: 5s - batch_cost: 0.0214 - reader cost: 1.8472e-04
 77/348 [=====>........................] - ETA: 5s - batch_cost: 0.0213 - reader cost: 1.7753e-04
 81/348 [=====>........................] - ETA: 5s - batch_cost: 0.0211 - reader cost: 1.6876e-04
 85/348 [======>.......................] - ETA: 5s - batch_cost: 0.0208 - reader cost: 1.7250e-04
 88/348 [======>.......................] - ETA: 5s - batch_cost: 0.0207 - reader cost: 1.6662e-04
 92/348 [======>.......................] - ETA: 5s - batch_cost: 0.0204 - reader cost: 1.5938e-04
 96/348 [=======>......................] - ETA: 5s - batch_cost: 0.0202 - reader cost: 1.5274e-04
 99/348 [=======>......................] - ETA: 5s - batch_cost: 0.0201 - reader cost: 1.4811e-04
103/348 [=======>......................] - ETA: 4s - batch_cost: 0.0199 - reader cost: 1.4236e-04
107/348 [========>.....................] - ETA: 4s - batch_cost: 0.0197 - reader cost: 1.3703e-04
110/348 [========>.....................] - ETA: 4s - batch_cost: 0.0197 - reader cost: 1.4231e-04
114/348 [========>.....................] - ETA: 4s - batch_cost: 0.0195 - reader cost: 1.3732e-04
117/348 [=========>....................] - ETA: 4s - batch_cost: 0.0195 - reader cost: 1.4242e-04
120/348 [=========>....................] - ETA: 4s - batch_cost: 0.0196 - reader cost: 1.3885e-04
123/348 [=========>....................] - ETA: 4s - batch_cost: 0.0195 - reader cost: 1.3547e-04
126/348 [=========>....................] - ETA: 4s - batch_cost: 0.0195 - reader cost: 1.3224e-04
129/348 [==========>...................] - ETA: 4s - batch_cost: 0.0194 - reader cost: 1.2917e-04
133/348 [==========>...................] - ETA: 4s - batch_cost: 0.0193 - reader cost: 1.2528e-04
137/348 [==========>...................] - ETA: 4s - batch_cost: 0.0192 - reader cost: 1.2162e-04
140/348 [===========>..................] - ETA: 4s - batch_cost: 0.0192 - reader cost: 1.1902e-04
143/348 [===========>..................] - ETA: 3s - batch_cost: 0.0193 - reader cost: 1.1652e-04
146/348 [===========>..................] - ETA: 3s - batch_cost: 0.0194 - reader cost: 1.1413e-04
149/348 [===========>..................] - ETA: 3s - batch_cost: 0.0193 - reader cost: 1.1183e-04
152/348 [============>.................] - ETA: 3s - batch_cost: 0.0192 - reader cost: 1.0962e-04
155/348 [============>.................] - ETA: 3s - batch_cost: 0.0192 - reader cost: 1.0750e-04
158/348 [============>.................] - ETA: 3s - batch_cost: 0.0191 - reader cost: 1.0546e-04
161/348 [============>.................] - ETA: 3s - batch_cost: 0.0191 - reader cost: 1.0349e-04
165/348 [=============>................] - ETA: 3s - batch_cost: 0.0190 - reader cost: 1.0099e-04
169/348 [=============>................] - ETA: 3s - batch_cost: 0.0189 - reader cost: 9.8595e-05
173/348 [=============>................] - ETA: 3s - batch_cost: 0.0189 - reader cost: 9.6316e-05
176/348 [==============>...............] - ETA: 3s - batch_cost: 0.0189 - reader cost: 9.4674e-05
179/348 [==============>...............] - ETA: 3s - batch_cost: 0.0189 - reader cost: 9.3087e-05
183/348 [==============>...............] - ETA: 3s - batch_cost: 0.0188 - reader cost: 9.6471e-05
187/348 [===============>..............] - ETA: 3s - batch_cost: 0.0188 - reader cost: 9.4407e-05
191/348 [===============>..............] - ETA: 2s - batch_cost: 0.0187 - reader cost: 9.2430e-05
194/348 [===============>..............] - ETA: 2s - batch_cost: 0.0188 - reader cost: 9.1001e-05
198/348 [================>.............] - ETA: 2s - batch_cost: 0.0187 - reader cost: 8.9163e-05
202/348 [================>.............] - ETA: 2s - batch_cost: 0.0186 - reader cost: 8.7397e-05
205/348 [================>.............] - ETA: 2s - batch_cost: 0.0186 - reader cost: 8.6118e-05
208/348 [================>.............] - ETA: 2s - batch_cost: 0.0187 - reader cost: 8.4876e-05
211/348 [=================>............] - ETA: 2s - batch_cost: 0.0186 - reader cost: 9.0797e-05
214/348 [=================>............] - ETA: 2s - batch_cost: 0.0186 - reader cost: 8.9524e-05
218/348 [=================>............] - ETA: 2s - batch_cost: 0.0186 - reader cost: 8.7881e-05
222/348 [==================>...........] - ETA: 2s - batch_cost: 0.0185 - reader cost: 8.6298e-05
225/348 [==================>...........] - ETA: 2s - batch_cost: 0.0185 - reader cost: 8.7440e-05
228/348 [==================>...........] - ETA: 2s - batch_cost: 0.0185 - reader cost: 8.6290e-05
231/348 [==================>...........] - ETA: 2s - batch_cost: 0.0186 - reader cost: 8.5169e-05
234/348 [===================>..........] - ETA: 2s - batch_cost: 0.0186 - reader cost: 8.4077e-05
237/348 [===================>..........] - ETA: 2s - batch_cost: 0.0186 - reader cost: 8.3013e-05
240/348 [===================>..........] - ETA: 2s - batch_cost: 0.0186 - reader cost: 8.1975e-05
243/348 [===================>..........] - ETA: 1s - batch_cost: 0.0187 - reader cost: 8.5057e-05
246/348 [====================>.........] - ETA: 1s - batch_cost: 0.0187 - reader cost: 8.8401e-05
249/348 [====================>.........] - ETA: 1s - batch_cost: 0.0187 - reader cost: 8.7336e-05
252/348 [====================>.........] - ETA: 1s - batch_cost: 0.0187 - reader cost: 8.6296e-05
256/348 [=====================>........] - ETA: 1s - batch_cost: 0.0187 - reader cost: 8.4948e-05
260/348 [=====================>........] - ETA: 1s - batch_cost: 0.0186 - reader cost: 8.3641e-05
263/348 [=====================>........] - ETA: 1s - batch_cost: 0.0186 - reader cost: 8.2687e-05
266/348 [=====================>........] - ETA: 1s - batch_cost: 0.0186 - reader cost: 8.1754e-05
269/348 [======================>.......] - ETA: 1s - batch_cost: 0.0186 - reader cost: 8.0843e-05
272/348 [======================>.......] - ETA: 1s - batch_cost: 0.0186 - reader cost: 8.3598e-05
276/348 [======================>.......] - ETA: 1s - batch_cost: 0.0186 - reader cost: 8.2387e-05
279/348 [=======================>......] - ETA: 1s - batch_cost: 0.0186 - reader cost: 8.1501e-05
283/348 [=======================>......] - ETA: 1s - batch_cost: 0.0185 - reader cost: 8.0349e-05
286/348 [=======================>......] - ETA: 1s - batch_cost: 0.0186 - reader cost: 8.3004e-05
289/348 [=======================>......] - ETA: 1s - batch_cost: 0.0186 - reader cost: 8.2142e-05
292/348 [========================>.....] - ETA: 1s - batch_cost: 0.0186 - reader cost: 8.1298e-05
295/348 [========================>.....] - ETA: 0s - batch_cost: 0.0185 - reader cost: 8.2311e-05
299/348 [========================>.....] - ETA: 0s - batch_cost: 0.0185 - reader cost: 8.1210e-05
303/348 [=========================>....] - ETA: 0s - batch_cost: 0.0185 - reader cost: 8.0138e-05
306/348 [=========================>....] - ETA: 0s - batch_cost: 0.0184 - reader cost: 8.5859e-05
309/348 [=========================>....] - ETA: 0s - batch_cost: 0.0184 - reader cost: 8.5025e-05
312/348 [=========================>....] - ETA: 0s - batch_cost: 0.0184 - reader cost: 8.4208e-05
315/348 [==========================>...] - ETA: 0s - batch_cost: 0.0184 - reader cost: 8.3406e-05
318/348 [==========================>...] - ETA: 0s - batch_cost: 0.0184 - reader cost: 8.2619e-05
321/348 [==========================>...] - ETA: 0s - batch_cost: 0.0184 - reader cost: 8.4962e-05
324/348 [==========================>...] - ETA: 0s - batch_cost: 0.0184 - reader cost: 8.4176e-05
327/348 [===========================>..] - ETA: 0s - batch_cost: 0.0184 - reader cost: 8.6485e-05
330/348 [===========================>..] - ETA: 0s - batch_cost: 0.0184 - reader cost: 8.5699e-05
333/348 [===========================>..] - ETA: 0s - batch_cost: 0.0184 - reader cost: 8.4927e-05
336/348 [===========================>..] - ETA: 0s - batch_cost: 0.0184 - reader cost: 8.4169e-05
339/348 [============================>.] - ETA: 0s - batch_cost: 0.0184 - reader cost: 8.3424e-05
342/348 [============================>.] - ETA: 0s - batch_cost: 0.0184 - reader cost: 8.2692e-05
345/348 [============================>.] - ETA: 0s - batch_cost: 0.0185 - reader cost: 8.1973e-05
348/348 [==============================] - 6s 19ms/step - batch_cost: 0.0184 - reader cost: 8.4160e-05

  1/348 [..............................] - ETA: 8s - batch_cost: 0.0235 - reader cost: 0.0075
  5/348 [..............................] - ETA: 6s - batch_cost: 0.0174 - reader cost: 0.0015
  9/348 [..............................] - ETA: 6s - batch_cost: 0.0177 - reader cost: 8.3163e-04
 12/348 [>.............................] - ETA: 6s - batch_cost: 0.0186 - reader cost: 6.2372e-04
 15/348 [>.............................] - ETA: 6s - batch_cost: 0.0188 - reader cost: 4.9898e-04
 18/348 [>.............................] - ETA: 6s - batch_cost: 0.0191 - reader cost: 4.1582e-04
 21/348 [>.............................] - ETA: 6s - batch_cost: 0.0192 - reader cost: 3.5641e-04
 24/348 [=>............................] - ETA: 6s - batch_cost: 0.0191 - reader cost: 3.1186e-04
 27/348 [=>............................] - ETA: 6s - batch_cost: 0.0190 - reader cost: 3.1455e-04
 30/348 [=>............................] - ETA: 6s - batch_cost: 0.0188 - reader cost: 2.8310e-04
 33/348 [=>............................] - ETA: 5s - batch_cost: 0.0187 - reader cost: 2.5736e-04
 36/348 [==>...........................] - ETA: 5s - batch_cost: 0.0187 - reader cost: 2.3592e-04
 39/348 [==>...........................] - ETA: 5s - batch_cost: 0.0186 - reader cost: 2.1777e-04
 42/348 [==>...........................] - ETA: 5s - batch_cost: 0.0187 - reader cost: 2.2578e-04
 45/348 [==>...........................] - ETA: 5s - batch_cost: 0.0190 - reader cost: 2.3313e-04
 48/348 [===>..........................] - ETA: 5s - batch_cost: 0.0189 - reader cost: 2.1856e-04
 51/348 [===>..........................] - ETA: 5s - batch_cost: 0.0188 - reader cost: 2.0570e-04
 55/348 [===>..........................] - ETA: 5s - batch_cost: 0.0184 - reader cost: 2.0907e-04
 59/348 [====>.........................] - ETA: 5s - batch_cost: 0.0182 - reader cost: 1.9489e-04
 63/348 [====>.........................] - ETA: 5s - batch_cost: 0.0181 - reader cost: 1.8252e-04
 66/348 [====>.........................] - ETA: 5s - batch_cost: 0.0182 - reader cost: 1.7422e-04
 69/348 [====>.........................] - ETA: 5s - batch_cost: 0.0183 - reader cost: 1.6665e-04
 72/348 [=====>........................] - ETA: 5s - batch_cost: 0.0184 - reader cost: 1.5970e-04
 75/348 [=====>........................] - ETA: 5s - batch_cost: 0.0183 - reader cost: 1.5332e-04
 78/348 [=====>........................] - ETA: 4s - batch_cost: 0.0183 - reader cost: 1.4742e-04
 82/348 [======>.......................] - ETA: 4s - batch_cost: 0.0182 - reader cost: 1.4023e-04
 86/348 [======>.......................] - ETA: 4s - batch_cost: 0.0180 - reader cost: 1.3371e-04
 90/348 [======>.......................] - ETA: 4s - batch_cost: 0.0179 - reader cost: 1.2776e-04
 93/348 [=======>......................] - ETA: 4s - batch_cost: 0.0179 - reader cost: 1.2364e-04
 96/348 [=======>......................] - ETA: 4s - batch_cost: 0.0178 - reader cost: 1.1978e-04
 99/348 [=======>......................] - ETA: 4s - batch_cost: 0.0179 - reader cost: 1.1615e-04
102/348 [=======>......................] - ETA: 4s - batch_cost: 0.0179 - reader cost: 1.2262e-04
105/348 [========>.....................] - ETA: 4s - batch_cost: 0.0179 - reader cost: 1.1912e-04
108/348 [========>.....................] - ETA: 4s - batch_cost: 0.0180 - reader cost: 1.2103e-04
111/348 [========>.....................] - ETA: 4s - batch_cost: 0.0179 - reader cost: 1.1776e-04
114/348 [========>.....................] - ETA: 4s - batch_cost: 0.0179 - reader cost: 1.1466e-04
118/348 [=========>....................] - ETA: 4s - batch_cost: 0.0178 - reader cost: 1.1924e-04
121/348 [=========>....................] - ETA: 4s - batch_cost: 0.0179 - reader cost: 1.1628e-04
124/348 [=========>....................] - ETA: 4s - batch_cost: 0.0180 - reader cost: 1.1347e-04
126/348 [=========>....................] - ETA: 4s - batch_cost: 0.0181 - reader cost: 1.1167e-04
128/348 [==========>...................] - ETA: 4s - batch_cost: 0.0183 - reader cost: 1.0992e-04
131/348 [==========>...................] - ETA: 4s - batch_cost: 0.0183 - reader cost: 1.0740e-04
134/348 [==========>...................] - ETA: 3s - batch_cost: 0.0184 - reader cost: 1.1246e-04
137/348 [==========>...................] - ETA: 3s - batch_cost: 0.0184 - reader cost: 1.1730e-04
140/348 [===========>..................] - ETA: 3s - batch_cost: 0.0185 - reader cost: 1.1479e-04
143/348 [===========>..................] - ETA: 3s - batch_cost: 0.0185 - reader cost: 1.1238e-04
147/348 [===========>..................] - ETA: 3s - batch_cost: 0.0184 - reader cost: 1.0932e-04
151/348 [============>.................] - ETA: 3s - batch_cost: 0.0184 - reader cost: 1.0642e-04
154/348 [============>.................] - ETA: 3s - batch_cost: 0.0184 - reader cost: 1.0435e-04
157/348 [============>.................] - ETA: 3s - batch_cost: 0.0184 - reader cost: 1.0236e-04
161/348 [============>.................] - ETA: 3s - batch_cost: 0.0183 - reader cost: 9.9814e-05
165/348 [=============>................] - ETA: 3s - batch_cost: 0.0182 - reader cost: 9.7395e-05
169/348 [=============>................] - ETA: 3s - batch_cost: 0.0181 - reader cost: 9.5090e-05
173/348 [=============>................] - ETA: 3s - batch_cost: 0.0181 - reader cost: 9.2891e-05
177/348 [==============>...............] - ETA: 3s - batch_cost: 0.0180 - reader cost: 9.0792e-05
180/348 [==============>...............] - ETA: 3s - batch_cost: 0.0180 - reader cost: 8.9278e-05
184/348 [==============>...............] - ETA: 2s - batch_cost: 0.0179 - reader cost: 9.2728e-05
188/348 [===============>..............] - ETA: 2s - batch_cost: 0.0179 - reader cost: 9.6109e-05
192/348 [===============>..............] - ETA: 2s - batch_cost: 0.0179 - reader cost: 9.4107e-05
196/348 [===============>..............] - ETA: 2s - batch_cost: 0.0178 - reader cost: 9.2186e-05
200/348 [================>.............] - ETA: 2s - batch_cost: 0.0178 - reader cost: 9.0343e-05
204/348 [================>.............] - ETA: 2s - batch_cost: 0.0178 - reader cost: 8.8571e-05
208/348 [================>.............] - ETA: 2s - batch_cost: 0.0177 - reader cost: 8.6868e-05
212/348 [=================>............] - ETA: 2s - batch_cost: 0.0177 - reader cost: 8.5229e-05
215/348 [=================>............] - ETA: 2s - batch_cost: 0.0177 - reader cost: 8.4040e-05
218/348 [=================>............] - ETA: 2s - batch_cost: 0.0178 - reader cost: 8.7469e-05
221/348 [==================>...........] - ETA: 2s - batch_cost: 0.0179 - reader cost: 8.6282e-05
225/348 [==================>...........] - ETA: 2s - batch_cost: 0.0178 - reader cost: 8.4748e-05
228/348 [==================>...........] - ETA: 2s - batch_cost: 0.0178 - reader cost: 8.8013e-05
232/348 [===================>..........] - ETA: 2s - batch_cost: 0.0177 - reader cost: 8.6496e-05
236/348 [===================>..........] - ETA: 2s - batch_cost: 0.0177 - reader cost: 8.5030e-05
239/348 [===================>..........] - ETA: 1s - batch_cost: 0.0177 - reader cost: 8.3962e-05
242/348 [===================>..........] - ETA: 1s - batch_cost: 0.0177 - reader cost: 8.7001e-05
245/348 [====================>.........] - ETA: 1s - batch_cost: 0.0178 - reader cost: 8.9984e-05
248/348 [====================>.........] - ETA: 1s - batch_cost: 0.0178 - reader cost: 9.2897e-05
252/348 [====================>.........] - ETA: 1s - batch_cost: 0.0177 - reader cost: 9.1422e-05
255/348 [====================>.........] - ETA: 1s - batch_cost: 0.0177 - reader cost: 9.0347e-05
258/348 [=====================>........] - ETA: 1s - batch_cost: 0.0178 - reader cost: 8.9296e-05
262/348 [=====================>........] - ETA: 1s - batch_cost: 0.0177 - reader cost: 8.9933e-05
266/348 [=====================>........] - ETA: 1s - batch_cost: 0.0177 - reader cost: 9.0517e-05
269/348 [======================>.......] - ETA: 1s - batch_cost: 0.0176 - reader cost: 8.9507e-05
272/348 [======================>.......] - ETA: 1s - batch_cost: 0.0177 - reader cost: 9.2193e-05
275/348 [======================>.......] - ETA: 1s - batch_cost: 0.0178 - reader cost: 9.1188e-05
278/348 [======================>.......] - ETA: 1s - batch_cost: 0.0178 - reader cost: 9.0204e-05
282/348 [=======================>......] - ETA: 1s - batch_cost: 0.0177 - reader cost: 8.8924e-05
286/348 [=======================>......] - ETA: 1s - batch_cost: 0.0177 - reader cost: 9.1178e-05
289/348 [=======================>......] - ETA: 1s - batch_cost: 0.0178 - reader cost: 9.0231e-05
292/348 [========================>.....] - ETA: 1s - batch_cost: 0.0178 - reader cost: 8.9304e-05
295/348 [========================>.....] - ETA: 0s - batch_cost: 0.0178 - reader cost: 8.8396e-05
298/348 [========================>.....] - ETA: 0s - batch_cost: 0.0178 - reader cost: 8.7506e-05
301/348 [========================>.....] - ETA: 0s - batch_cost: 0.0179 - reader cost: 8.6634e-05
304/348 [=========================>....] - ETA: 0s - batch_cost: 0.0179 - reader cost: 8.9067e-05
307/348 [=========================>....] - ETA: 0s - batch_cost: 0.0179 - reader cost: 8.8197e-05
311/348 [=========================>....] - ETA: 0s - batch_cost: 0.0179 - reader cost: 8.7063e-05
315/348 [==========================>...] - ETA: 0s - batch_cost: 0.0179 - reader cost: 8.7585e-05
318/348 [==========================>...] - ETA: 0s - batch_cost: 0.0179 - reader cost: 8.6759e-05
321/348 [==========================>...] - ETA: 0s - batch_cost: 0.0179 - reader cost: 8.5948e-05
324/348 [==========================>...] - ETA: 0s - batch_cost: 0.0179 - reader cost: 8.8241e-05
327/348 [===========================>..] - ETA: 0s - batch_cost: 0.0179 - reader cost: 8.7432e-05
330/348 [===========================>..] - ETA: 0s - batch_cost: 0.0179 - reader cost: 8.9721e-05
334/348 [===========================>..] - ETA: 0s - batch_cost: 0.0179 - reader cost: 8.8646e-05
338/348 [============================>.] - ETA: 0s - batch_cost: 0.0178 - reader cost: 8.7597e-05
342/348 [============================>.] - ETA: 0s - batch_cost: 0.0178 - reader cost: 8.6572e-05
345/348 [============================>.] - ETA: 0s - batch_cost: 0.0178 - reader cost: 8.5820e-05
348/348 [==============================] - 6s 18ms/step - batch_cost: 0.0178 - reader cost: 8.7929e-05

  1/348 [..............................] - ETA: 12s - batch_cost: 0.0366 - reader cost: 0.0111
  3/348 [..............................] - ETA: 11s - batch_cost: 0.0340 - reader cost: 0.0044
  5/348 [..............................] - ETA: 10s - batch_cost: 0.0314 - reader cost: 0.0026
  8/348 [..............................] - ETA: 10s - batch_cost: 0.0299 - reader cost: 0.0016
 10/348 [..............................] - ETA: 10s - batch_cost: 0.0298 - reader cost: 0.0014
 12/348 [>.............................] - ETA: 9s - batch_cost: 0.0295 - reader cost: 0.0012 
 14/348 [>.............................] - ETA: 9s - batch_cost: 0.0292 - reader cost: 0.0010
 16/348 [>.............................] - ETA: 9s - batch_cost: 0.0294 - reader cost: 9.4210e-04
 18/348 [>.............................] - ETA: 9s - batch_cost: 0.0292 - reader cost: 8.3742e-04
 20/348 [>.............................] - ETA: 9s - batch_cost: 0.0292 - reader cost: 7.5368e-04
 23/348 [>.............................] - ETA: 9s - batch_cost: 0.0288 - reader cost: 6.5537e-04
 26/348 [=>............................] - ETA: 9s - batch_cost: 0.0280 - reader cost: 5.7975e-04
 28/348 [=>............................] - ETA: 8s - batch_cost: 0.0279 - reader cost: 5.3834e-04
 30/348 [=>............................] - ETA: 8s - batch_cost: 0.0281 - reader cost: 5.0245e-04
 33/348 [=>............................] - ETA: 8s - batch_cost: 0.0277 - reader cost: 4.5677e-04
 36/348 [==>...........................] - ETA: 8s - batch_cost: 0.0272 - reader cost: 4.1871e-04
 39/348 [==>...........................] - ETA: 8s - batch_cost: 0.0264 - reader cost: 3.8650e-04
 43/348 [==>...........................] - ETA: 7s - batch_cost: 0.0255 - reader cost: 3.5055e-04
 47/348 [===>..........................] - ETA: 7s - batch_cost: 0.0247 - reader cost: 3.2071e-04
 51/348 [===>..........................] - ETA: 7s - batch_cost: 0.0239 - reader cost: 2.9556e-04
 54/348 [===>..........................] - ETA: 7s - batch_cost: 0.0237 - reader cost: 2.7914e-04
 57/348 [===>..........................] - ETA: 6s - batch_cost: 0.0236 - reader cost: 2.6445e-04
 60/348 [====>.........................] - ETA: 6s - batch_cost: 0.0236 - reader cost: 2.5123e-04
 63/348 [====>.........................] - ETA: 6s - batch_cost: 0.0233 - reader cost: 2.3926e-04
 66/348 [====>.........................] - ETA: 6s - batch_cost: 0.0230 - reader cost: 2.3725e-04
 69/348 [====>.........................] - ETA: 6s - batch_cost: 0.0228 - reader cost: 2.2694e-04
 72/348 [=====>........................] - ETA: 6s - batch_cost: 0.0226 - reader cost: 2.1748e-04
 76/348 [=====>........................] - ETA: 6s - batch_cost: 0.0222 - reader cost: 2.1919e-04
 80/348 [=====>........................] - ETA: 5s - batch_cost: 0.0219 - reader cost: 2.0823e-04
 84/348 [======>.......................] - ETA: 5s - batch_cost: 0.0215 - reader cost: 1.9832e-04
 87/348 [======>.......................] - ETA: 5s - batch_cost: 0.0214 - reader cost: 1.9148e-04
 90/348 [======>.......................] - ETA: 5s - batch_cost: 0.0213 - reader cost: 1.8510e-04
 93/348 [=======>......................] - ETA: 5s - batch_cost: 0.0212 - reader cost: 1.7913e-04
 96/348 [=======>......................] - ETA: 5s - batch_cost: 0.0211 - reader cost: 1.7353e-04
100/348 [=======>......................] - ETA: 5s - batch_cost: 0.0209 - reader cost: 1.6659e-04
103/348 [=======>......................] - ETA: 5s - batch_cost: 0.0209 - reader cost: 1.6174e-04
106/348 [========>.....................] - ETA: 5s - batch_cost: 0.0209 - reader cost: 1.6660e-04
109/348 [========>.....................] - ETA: 5s - batch_cost: 0.0208 - reader cost: 1.6201e-04
111/348 [========>.....................] - ETA: 5s - batch_cost: 0.0210 - reader cost: 1.7712e-04
113/348 [========>.....................] - ETA: 5s - batch_cost: 0.0211 - reader cost: 1.8283e-04
115/348 [========>.....................] - ETA: 4s - batch_cost: 0.0211 - reader cost: 1.7965e-04
118/348 [=========>....................] - ETA: 4s - batch_cost: 0.0211 - reader cost: 1.7509e-04
121/348 [=========>....................] - ETA: 4s - batch_cost: 0.0211 - reader cost: 1.8726e-04
124/348 [=========>....................] - ETA: 4s - batch_cost: 0.0210 - reader cost: 1.8273e-04
127/348 [=========>....................] - ETA: 4s - batch_cost: 0.0211 - reader cost: 1.9026e-04
130/348 [==========>...................] - ETA: 4s - batch_cost: 0.0211 - reader cost: 1.8587e-04
133/348 [==========>...................] - ETA: 4s - batch_cost: 0.0211 - reader cost: 1.8919e-04
136/348 [==========>...................] - ETA: 4s - batch_cost: 0.0211 - reader cost: 1.9230e-04
139/348 [==========>...................] - ETA: 4s - batch_cost: 0.0210 - reader cost: 1.8815e-04
143/348 [===========>..................] - ETA: 4s - batch_cost: 0.0208 - reader cost: 1.8289e-04
147/348 [===========>..................] - ETA: 4s - batch_cost: 0.0207 - reader cost: 1.8472e-04
151/348 [============>.................] - ETA: 4s - batch_cost: 0.0206 - reader cost: 1.7982e-04
155/348 [============>.................] - ETA: 3s - batch_cost: 0.0205 - reader cost: 1.8592e-04
158/348 [============>.................] - ETA: 3s - batch_cost: 0.0204 - reader cost: 1.8239e-04
162/348 [============>.................] - ETA: 3s - batch_cost: 0.0203 - reader cost: 1.7789e-04
166/348 [=============>................] - ETA: 3s - batch_cost: 0.0202 - reader cost: 1.7360e-04
170/348 [=============>................] - ETA: 3s - batch_cost: 0.0202 - reader cost: 1.6952e-04
173/348 [=============>................] - ETA: 3s - batch_cost: 0.0201 - reader cost: 1.6658e-04
177/348 [==============>...............] - ETA: 3s - batch_cost: 0.0201 - reader cost: 1.6281e-04
180/348 [==============>...............] - ETA: 3s - batch_cost: 0.0200 - reader cost: 1.6010e-04
184/348 [==============>...............] - ETA: 3s - batch_cost: 0.0199 - reader cost: 1.5662e-04
187/348 [===============>..............] - ETA: 3s - batch_cost: 0.0199 - reader cost: 1.5411e-04
191/348 [===============>..............] - ETA: 3s - batch_cost: 0.0198 - reader cost: 1.5875e-04
195/348 [===============>..............] - ETA: 3s - batch_cost: 0.0197 - reader cost: 1.5549e-04
199/348 [================>.............] - ETA: 2s - batch_cost: 0.0196 - reader cost: 1.5739e-04
202/348 [================>.............] - ETA: 2s - batch_cost: 0.0196 - reader cost: 1.6000e-04
205/348 [================>.............] - ETA: 2s - batch_cost: 0.0195 - reader cost: 1.5766e-04
208/348 [================>.............] - ETA: 2s - batch_cost: 0.0196 - reader cost: 1.6015e-04
211/348 [=================>............] - ETA: 2s - batch_cost: 0.0196 - reader cost: 1.5787e-04
214/348 [=================>............] - ETA: 2s - batch_cost: 0.0196 - reader cost: 1.5566e-04
218/348 [=================>............] - ETA: 2s - batch_cost: 0.0195 - reader cost: 1.5280e-04
221/348 [==================>...........] - ETA: 2s - batch_cost: 0.0195 - reader cost: 1.5073e-04
224/348 [==================>...........] - ETA: 2s - batch_cost: 0.0195 - reader cost: 1.4871e-04
227/348 [==================>...........] - ETA: 2s - batch_cost: 0.0195 - reader cost: 1.4675e-04
230/348 [==================>...........] - ETA: 2s - batch_cost: 0.0195 - reader cost: 1.4483e-04
233/348 [===================>..........] - ETA: 2s - batch_cost: 0.0195 - reader cost: 1.4297e-04
237/348 [===================>..........] - ETA: 2s - batch_cost: 0.0194 - reader cost: 1.4055e-04
240/348 [===================>..........] - ETA: 2s - batch_cost: 0.0194 - reader cost: 1.3880e-04
244/348 [====================>.........] - ETA: 2s - batch_cost: 0.0194 - reader cost: 1.3652e-04
247/348 [====================>.........] - ETA: 1s - batch_cost: 0.0194 - reader cost: 1.3486e-04
250/348 [====================>.........] - ETA: 1s - batch_cost: 0.0193 - reader cost: 1.3325e-04
254/348 [====================>.........] - ETA: 1s - batch_cost: 0.0193 - reader cost: 1.3115e-04
258/348 [=====================>........] - ETA: 1s - batch_cost: 0.0192 - reader cost: 1.2911e-04
261/348 [=====================>........] - ETA: 1s - batch_cost: 0.0192 - reader cost: 1.2763e-04
265/348 [=====================>........] - ETA: 1s - batch_cost: 0.0191 - reader cost: 1.2570e-04
268/348 [======================>.......] - ETA: 1s - batch_cost: 0.0191 - reader cost: 1.2430e-04
271/348 [======================>.......] - ETA: 1s - batch_cost: 0.0191 - reader cost: 1.2292e-04
275/348 [======================>.......] - ETA: 1s - batch_cost: 0.0190 - reader cost: 1.2113e-04
278/348 [======================>.......] - ETA: 1s - batch_cost: 0.0190 - reader cost: 1.1983e-04
281/348 [=======================>......] - ETA: 1s - batch_cost: 0.0191 - reader cost: 1.1855e-04
285/348 [=======================>......] - ETA: 1s - batch_cost: 0.0190 - reader cost: 1.2039e-04
288/348 [=======================>......] - ETA: 1s - batch_cost: 0.0190 - reader cost: 1.1914e-04
291/348 [========================>.....] - ETA: 1s - batch_cost: 0.0190 - reader cost: 1.1791e-04
295/348 [========================>.....] - ETA: 1s - batch_cost: 0.0189 - reader cost: 1.1973e-04
298/348 [========================>.....] - ETA: 0s - batch_cost: 0.0189 - reader cost: 1.2190e-04
301/348 [========================>.....] - ETA: 0s - batch_cost: 0.0189 - reader cost: 1.2069e-04
305/348 [=========================>....] - ETA: 0s - batch_cost: 0.0188 - reader cost: 1.1911e-04
308/348 [=========================>....] - ETA: 0s - batch_cost: 0.0189 - reader cost: 1.1795e-04
311/348 [=========================>....] - ETA: 0s - batch_cost: 0.0188 - reader cost: 1.1681e-04
315/348 [==========================>...] - ETA: 0s - batch_cost: 0.0188 - reader cost: 1.1533e-04
319/348 [==========================>...] - ETA: 0s - batch_cost: 0.0188 - reader cost: 1.1388e-04
322/348 [==========================>...] - ETA: 0s - batch_cost: 0.0188 - reader cost: 1.1282e-04
325/348 [===========================>..] - ETA: 0s - batch_cost: 0.0188 - reader cost: 1.1178e-04
328/348 [===========================>..] - ETA: 0s - batch_cost: 0.0188 - reader cost: 1.1075e-04
332/348 [===========================>..] - ETA: 0s - batch_cost: 0.0188 - reader cost: 1.1243e-04
336/348 [===========================>..] - ETA: 0s - batch_cost: 0.0187 - reader cost: 1.1109e-04
339/348 [============================>.] - ETA: 0s - batch_cost: 0.0188 - reader cost: 1.1455e-04
341/348 [============================>.] - ETA: 0s - batch_cost: 0.0188 - reader cost: 1.1388e-04
344/348 [============================>.] - ETA: 0s - batch_cost: 0.0188 - reader cost: 1.1579e-04
347/348 [============================>.] - ETA: 0s - batch_cost: 0.0188 - reader cost: 1.1479e-04
348/348 [==============================] - 7s 19ms/step - batch_cost: 0.0188 - reader cost: 1.1446e-04

  1/348 [..............................] - ETA: 10s - batch_cost: 0.0285 - reader cost: 0.0085
  3/348 [..............................] - ETA: 9s - batch_cost: 0.0267 - reader cost: 0.0032 
  6/348 [..............................] - ETA: 8s - batch_cost: 0.0248 - reader cost: 0.0016
  9/348 [..............................] - ETA: 8s - batch_cost: 0.0237 - reader cost: 0.0011
 12/348 [>.............................] - ETA: 7s - batch_cost: 0.0225 - reader cost: 7.9123e-04
 15/348 [>.............................] - ETA: 7s - batch_cost: 0.0221 - reader cost: 6.3299e-04
 18/348 [>.............................] - ETA: 7s - batch_cost: 0.0217 - reader cost: 5.2749e-04
 22/348 [>.............................] - ETA: 6s - batch_cost: 0.0205 - reader cost: 4.7702e-04
 26/348 [=>............................] - ETA: 6s - batch_cost: 0.0199 - reader cost: 4.0363e-04
 29/348 [=>............................] - ETA: 6s - batch_cost: 0.0197 - reader cost: 3.6188e-04
 32/348 [=>............................] - ETA: 6s - batch_cost: 0.0195 - reader cost: 3.2795e-04
 35/348 [==>...........................] - ETA: 6s - batch_cost: 0.0197 - reader cost: 3.2838e-04
 38/348 [==>...........................] - ETA: 6s - batch_cost: 0.0196 - reader cost: 3.0245e-04
 41/348 [==>...........................] - ETA: 6s - batch_cost: 0.0194 - reader cost: 2.8032e-04
 44/348 [==>...........................] - ETA: 5s - batch_cost: 0.0193 - reader cost: 2.6121e-04
 47/348 [===>..........................] - ETA: 5s - batch_cost: 0.0192 - reader cost: 2.4454e-04
 51/348 [===>..........................] - ETA: 5s - batch_cost: 0.0191 - reader cost: 2.2536e-04
 54/348 [===>..........................] - ETA: 5s - batch_cost: 0.0190 - reader cost: 2.1284e-04
 57/348 [===>..........................] - ETA: 5s - batch_cost: 0.0188 - reader cost: 2.0164e-04
 61/348 [====>.........................] - ETA: 5s - batch_cost: 0.0187 - reader cost: 1.8841e-04
 64/348 [====>.........................] - ETA: 5s - batch_cost: 0.0186 - reader cost: 1.7958e-04
 68/348 [====>.........................] - ETA: 5s - batch_cost: 0.0185 - reader cost: 1.6902e-04
 71/348 [=====>........................] - ETA: 5s - batch_cost: 0.0185 - reader cost: 1.6188e-04
 74/348 [=====>........................] - ETA: 5s - batch_cost: 0.0186 - reader cost: 1.5531e-04
 77/348 [=====>........................] - ETA: 5s - batch_cost: 0.0185 - reader cost: 1.4926e-04
 80/348 [=====>........................] - ETA: 5s - batch_cost: 0.0185 - reader cost: 1.4994e-04
 83/348 [======>.......................] - ETA: 4s - batch_cost: 0.0185 - reader cost: 1.4452e-04
 86/348 [======>.......................] - ETA: 4s - batch_cost: 0.0186 - reader cost: 1.3948e-04
 89/348 [======>.......................] - ETA: 4s - batch_cost: 0.0186 - reader cost: 1.4602e-04
 92/348 [======>.......................] - ETA: 4s - batch_cost: 0.0185 - reader cost: 1.4126e-04
 95/348 [=======>......................] - ETA: 4s - batch_cost: 0.0185 - reader cost: 1.3679e-04
 98/348 [=======>......................] - ETA: 4s - batch_cost: 0.0185 - reader cost: 1.3261e-04
101/348 [=======>......................] - ETA: 4s - batch_cost: 0.0186 - reader cost: 1.2867e-04
104/348 [=======>......................] - ETA: 4s - batch_cost: 0.0186 - reader cost: 1.2496e-04
107/348 [========>.....................] - ETA: 4s - batch_cost: 0.0186 - reader cost: 1.2145e-04
110/348 [========>.....................] - ETA: 4s - batch_cost: 0.0185 - reader cost: 1.2731e-04
114/348 [========>.....................] - ETA: 4s - batch_cost: 0.0184 - reader cost: 1.2284e-04
117/348 [=========>....................] - ETA: 4s - batch_cost: 0.0184 - reader cost: 1.1969e-04
120/348 [=========>....................] - ETA: 4s - batch_cost: 0.0185 - reader cost: 1.1670e-04
123/348 [=========>....................] - ETA: 4s - batch_cost: 0.0185 - reader cost: 1.1385e-04
126/348 [=========>....................] - ETA: 4s - batch_cost: 0.0185 - reader cost: 1.1908e-04
129/348 [==========>...................] - ETA: 4s - batch_cost: 0.0185 - reader cost: 1.1631e-04
132/348 [==========>...................] - ETA: 4s - batch_cost: 0.0184 - reader cost: 1.2123e-04
136/348 [==========>...................] - ETA: 3s - batch_cost: 0.0184 - reader cost: 1.1766e-04
139/348 [==========>...................] - ETA: 3s - batch_cost: 0.0184 - reader cost: 1.1513e-04
142/348 [===========>..................] - ETA: 3s - batch_cost: 0.0184 - reader cost: 1.1269e-04
145/348 [===========>..................] - ETA: 3s - batch_cost: 0.0183 - reader cost: 1.1036e-04
148/348 [===========>..................] - ETA: 3s - batch_cost: 0.0184 - reader cost: 1.0812e-04
151/348 [============>.................] - ETA: 3s - batch_cost: 0.0184 - reader cost: 1.0598e-04
155/348 [============>.................] - ETA: 3s - batch_cost: 0.0183 - reader cost: 1.0324e-04
158/348 [============>.................] - ETA: 3s - batch_cost: 0.0182 - reader cost: 1.0447e-04
161/348 [============>.................] - ETA: 3s - batch_cost: 0.0183 - reader cost: 1.0253e-04
164/348 [=============>................] - ETA: 3s - batch_cost: 0.0183 - reader cost: 1.0065e-04
167/348 [=============>................] - ETA: 3s - batch_cost: 0.0183 - reader cost: 9.8842e-05
170/348 [=============>................] - ETA: 3s - batch_cost: 0.0183 - reader cost: 9.7098e-05
173/348 [=============>................] - ETA: 3s - batch_cost: 0.0183 - reader cost: 9.5414e-05
176/348 [==============>...............] - ETA: 3s - batch_cost: 0.0183 - reader cost: 9.3788e-05
179/348 [==============>...............] - ETA: 3s - batch_cost: 0.0183 - reader cost: 9.2216e-05
182/348 [==============>...............] - ETA: 3s - batch_cost: 0.0183 - reader cost: 9.0696e-05
186/348 [===============>..............] - ETA: 2s - batch_cost: 0.0183 - reader cost: 8.8746e-05
189/348 [===============>..............] - ETA: 2s - batch_cost: 0.0183 - reader cost: 8.7337e-05
192/348 [===============>..............] - ETA: 2s - batch_cost: 0.0182 - reader cost: 8.5972e-05
196/348 [===============>..............] - ETA: 2s - batch_cost: 0.0182 - reader cost: 8.4218e-05
199/348 [================>.............] - ETA: 2s - batch_cost: 0.0182 - reader cost: 8.2948e-05
202/348 [================>.............] - ETA: 2s - batch_cost: 0.0183 - reader cost: 8.1716e-05
205/348 [================>.............] - ETA: 2s - batch_cost: 0.0183 - reader cost: 8.0520e-05
208/348 [================>.............] - ETA: 2s - batch_cost: 0.0183 - reader cost: 7.9359e-05
212/348 [=================>............] - ETA: 2s - batch_cost: 0.0183 - reader cost: 7.7862e-05
215/348 [=================>............] - ETA: 2s - batch_cost: 0.0183 - reader cost: 7.6775e-05
219/348 [=================>............] - ETA: 2s - batch_cost: 0.0182 - reader cost: 7.5373e-05
223/348 [==================>...........] - ETA: 2s - batch_cost: 0.0182 - reader cost: 7.4021e-05
226/348 [==================>...........] - ETA: 2s - batch_cost: 0.0182 - reader cost: 8.6266e-05
229/348 [==================>...........] - ETA: 2s - batch_cost: 0.0183 - reader cost: 8.5136e-05
232/348 [===================>..........] - ETA: 2s - batch_cost: 0.0183 - reader cost: 8.4035e-05
234/348 [===================>..........] - ETA: 2s - batch_cost: 0.0184 - reader cost: 8.3317e-05
237/348 [===================>..........] - ETA: 2s - batch_cost: 0.0184 - reader cost: 8.2262e-05
240/348 [===================>..........] - ETA: 2s - batch_cost: 0.0185 - reader cost: 8.1234e-05
243/348 [===================>..........] - ETA: 1s - batch_cost: 0.0185 - reader cost: 8.0231e-05
246/348 [====================>.........] - ETA: 1s - batch_cost: 0.0185 - reader cost: 7.9253e-05
249/348 [====================>.........] - ETA: 1s - batch_cost: 0.0185 - reader cost: 7.8298e-05
252/348 [====================>.........] - ETA: 1s - batch_cost: 0.0185 - reader cost: 7.7366e-05
255/348 [====================>.........] - ETA: 1s - batch_cost: 0.0186 - reader cost: 7.6456e-05
258/348 [=====================>........] - ETA: 1s - batch_cost: 0.0186 - reader cost: 7.5567e-05
261/348 [=====================>........] - ETA: 1s - batch_cost: 0.0186 - reader cost: 7.4698e-05
265/348 [=====================>........] - ETA: 1s - batch_cost: 0.0186 - reader cost: 7.3571e-05
268/348 [======================>.......] - ETA: 1s - batch_cost: 0.0186 - reader cost: 7.2747e-05
271/348 [======================>.......] - ETA: 1s - batch_cost: 0.0186 - reader cost: 7.1942e-05
274/348 [======================>.......] - ETA: 1s - batch_cost: 0.0186 - reader cost: 7.1154e-05
277/348 [======================>.......] - ETA: 1s - batch_cost: 0.0186 - reader cost: 7.0383e-05
280/348 [=======================>......] - ETA: 1s - batch_cost: 0.0187 - reader cost: 6.9629e-05
284/348 [=======================>......] - ETA: 1s - batch_cost: 0.0186 - reader cost: 6.8649e-05
287/348 [=======================>......] - ETA: 1s - batch_cost: 0.0187 - reader cost: 6.7931e-05
290/348 [========================>.....] - ETA: 1s - batch_cost: 0.0186 - reader cost: 6.7228e-05
293/348 [========================>.....] - ETA: 1s - batch_cost: 0.0187 - reader cost: 6.6540e-05
296/348 [========================>.....] - ETA: 0s - batch_cost: 0.0187 - reader cost: 6.5866e-05
299/348 [========================>.....] - ETA: 0s - batch_cost: 0.0187 - reader cost: 6.6261e-05
302/348 [=========================>....] - ETA: 0s - batch_cost: 0.0187 - reader cost: 6.6681e-05
306/348 [=========================>....] - ETA: 0s - batch_cost: 0.0186 - reader cost: 6.7831e-05
310/348 [=========================>....] - ETA: 0s - batch_cost: 0.0186 - reader cost: 7.0177e-05
314/348 [==========================>...] - ETA: 0s - batch_cost: 0.0186 - reader cost: 6.9283e-05
317/348 [==========================>...] - ETA: 0s - batch_cost: 0.0185 - reader cost: 6.8628e-05
320/348 [==========================>...] - ETA: 0s - batch_cost: 0.0185 - reader cost: 6.7984e-05
323/348 [==========================>...] - ETA: 0s - batch_cost: 0.0185 - reader cost: 6.7353e-05
327/348 [===========================>..] - ETA: 0s - batch_cost: 0.0185 - reader cost: 6.6529e-05
330/348 [===========================>..] - ETA: 0s - batch_cost: 0.0185 - reader cost: 6.5924e-05
333/348 [===========================>..] - ETA: 0s - batch_cost: 0.0185 - reader cost: 6.5330e-05
336/348 [===========================>..] - ETA: 0s - batch_cost: 0.0185 - reader cost: 6.4747e-05
339/348 [============================>.] - ETA: 0s - batch_cost: 0.0185 - reader cost: 6.4174e-05
342/348 [============================>.] - ETA: 0s - batch_cost: 0.0185 - reader cost: 6.3611e-05
346/348 [============================>.] - ETA: 0s - batch_cost: 0.0185 - reader cost: 6.2876e-05
348/348 [==============================] - 6s 19ms/step - batch_cost: 0.0184 - reader cost: 6.2514e-05

  1/348 [..............................] - ETA: 15s - batch_cost: 0.0436 - reader cost: 0.0125
  3/348 [..............................] - ETA: 11s - batch_cost: 0.0342 - reader cost: 0.0042
  6/348 [..............................] - ETA: 10s - batch_cost: 0.0298 - reader cost: 0.0021
  8/348 [..............................] - ETA: 10s - batch_cost: 0.0292 - reader cost: 0.0016
 10/348 [..............................] - ETA: 10s - batch_cost: 0.0297 - reader cost: 0.0013
 12/348 [>.............................] - ETA: 10s - batch_cost: 0.0296 - reader cost: 0.0010
 14/348 [>.............................] - ETA: 10s - batch_cost: 0.0300 - reader cost: 8.9470e-04
 16/348 [>.............................] - ETA: 10s - batch_cost: 0.0301 - reader cost: 7.8286e-04
 18/348 [>.............................] - ETA: 10s - batch_cost: 0.0302 - reader cost: 6.9588e-04
 20/348 [>.............................] - ETA: 9s - batch_cost: 0.0299 - reader cost: 6.2629e-04 
 22/348 [>.............................] - ETA: 9s - batch_cost: 0.0295 - reader cost: 5.6935e-04
 25/348 [=>............................] - ETA: 9s - batch_cost: 0.0292 - reader cost: 5.0103e-04
 27/348 [=>............................] - ETA: 9s - batch_cost: 0.0291 - reader cost: 5.0063e-04
 29/348 [=>............................] - ETA: 9s - batch_cost: 0.0289 - reader cost: 4.6611e-04
 32/348 [=>............................] - ETA: 9s - batch_cost: 0.0285 - reader cost: 4.2241e-04
 35/348 [==>...........................] - ETA: 8s - batch_cost: 0.0277 - reader cost: 3.8620e-04
 38/348 [==>...........................] - ETA: 8s - batch_cost: 0.0268 - reader cost: 3.5571e-04
 41/348 [==>...........................] - ETA: 8s - batch_cost: 0.0263 - reader cost: 3.2969e-04
 44/348 [==>...........................] - ETA: 7s - batch_cost: 0.0259 - reader cost: 3.0721e-04
 48/348 [===>..........................] - ETA: 7s - batch_cost: 0.0251 - reader cost: 2.8161e-04
 52/348 [===>..........................] - ETA: 7s - batch_cost: 0.0243 - reader cost: 2.5995e-04
 55/348 [===>..........................] - ETA: 7s - batch_cost: 0.0239 - reader cost: 2.4577e-04
 58/348 [====>.........................] - ETA: 6s - batch_cost: 0.0236 - reader cost: 2.3305e-04
 62/348 [====>.........................] - ETA: 6s - batch_cost: 0.0231 - reader cost: 2.1802e-04
 65/348 [====>.........................] - ETA: 6s - batch_cost: 0.0228 - reader cost: 2.0796e-04
 68/348 [====>.........................] - ETA: 6s - batch_cost: 0.0226 - reader cost: 1.9878e-04
 71/348 [=====>........................] - ETA: 6s - batch_cost: 0.0224 - reader cost: 1.9038e-04
 74/348 [=====>........................] - ETA: 6s - batch_cost: 0.0223 - reader cost: 1.8266e-04
 77/348 [=====>........................] - ETA: 6s - batch_cost: 0.0222 - reader cost: 1.8857e-04
 80/348 [=====>........................] - ETA: 5s - batch_cost: 0.0222 - reader cost: 1.8150e-04
 84/348 [======>.......................] - ETA: 5s - batch_cost: 0.0218 - reader cost: 1.7285e-04
 87/348 [======>.......................] - ETA: 5s - batch_cost: 0.0217 - reader cost: 1.6689e-04
 90/348 [======>.......................] - ETA: 5s - batch_cost: 0.0217 - reader cost: 1.6133e-04
 93/348 [=======>......................] - ETA: 5s - batch_cost: 0.0216 - reader cost: 1.5613e-04
 97/348 [=======>......................] - ETA: 5s - batch_cost: 0.0214 - reader cost: 1.4969e-04
100/348 [=======>......................] - ETA: 5s - batch_cost: 0.0213 - reader cost: 1.4520e-04
103/348 [=======>......................] - ETA: 5s - batch_cost: 0.0211 - reader cost: 1.5060e-04
106/348 [========>.....................] - ETA: 5s - batch_cost: 0.0211 - reader cost: 1.4634e-04
109/348 [========>.....................] - ETA: 5s - batch_cost: 0.0210 - reader cost: 1.4231e-04
112/348 [========>.....................] - ETA: 4s - batch_cost: 0.0209 - reader cost: 1.3850e-04
115/348 [========>.....................] - ETA: 4s - batch_cost: 0.0209 - reader cost: 1.3488e-04
118/348 [=========>....................] - ETA: 4s - batch_cost: 0.0209 - reader cost: 1.3986e-04
122/348 [=========>....................] - ETA: 4s - batch_cost: 0.0208 - reader cost: 1.3527e-04
126/348 [=========>....................] - ETA: 4s - batch_cost: 0.0206 - reader cost: 1.3098e-04
130/348 [==========>...................] - ETA: 4s - batch_cost: 0.0205 - reader cost: 1.2695e-04
133/348 [==========>...................] - ETA: 4s - batch_cost: 0.0204 - reader cost: 1.2408e-04
136/348 [==========>...................] - ETA: 4s - batch_cost: 0.0203 - reader cost: 1.2135e-04
140/348 [===========>..................] - ETA: 4s - batch_cost: 0.0202 - reader cost: 1.1788e-04
144/348 [===========>..................] - ETA: 4s - batch_cost: 0.0200 - reader cost: 1.1460e-04
148/348 [===========>..................] - ETA: 4s - batch_cost: 0.0199 - reader cost: 1.1151e-04
151/348 [============>.................] - ETA: 3s - batch_cost: 0.0199 - reader cost: 1.0929e-04
154/348 [============>.................] - ETA: 3s - batch_cost: 0.0198 - reader cost: 1.0716e-04
157/348 [============>.................] - ETA: 3s - batch_cost: 0.0199 - reader cost: 1.0512e-04
160/348 [============>.................] - ETA: 3s - batch_cost: 0.0199 - reader cost: 1.0314e-04
163/348 [=============>................] - ETA: 3s - batch_cost: 0.0199 - reader cost: 1.0125e-04
166/348 [=============>................] - ETA: 3s - batch_cost: 0.0199 - reader cost: 9.9416e-05
169/348 [=============>................] - ETA: 3s - batch_cost: 0.0199 - reader cost: 9.7651e-05
172/348 [=============>................] - ETA: 3s - batch_cost: 0.0200 - reader cost: 9.5948e-05
175/348 [==============>...............] - ETA: 3s - batch_cost: 0.0200 - reader cost: 1.0002e-04
178/348 [==============>...............] - ETA: 3s - batch_cost: 0.0200 - reader cost: 9.8333e-05
181/348 [==============>...............] - ETA: 3s - batch_cost: 0.0200 - reader cost: 9.6703e-05
185/348 [==============>...............] - ETA: 3s - batch_cost: 0.0199 - reader cost: 9.4612e-05
188/348 [===============>..............] - ETA: 3s - batch_cost: 0.0198 - reader cost: 9.3102e-05
191/348 [===============>..............] - ETA: 3s - batch_cost: 0.0198 - reader cost: 9.1640e-05
194/348 [===============>..............] - ETA: 3s - batch_cost: 0.0198 - reader cost: 9.0223e-05
197/348 [===============>..............] - ETA: 3s - batch_cost: 0.0197 - reader cost: 8.8849e-05
200/348 [================>.............] - ETA: 2s - batch_cost: 0.0197 - reader cost: 8.7516e-05
203/348 [================>.............] - ETA: 2s - batch_cost: 0.0197 - reader cost: 8.6223e-05
207/348 [================>.............] - ETA: 2s - batch_cost: 0.0196 - reader cost: 8.4557e-05
210/348 [=================>............] - ETA: 2s - batch_cost: 0.0196 - reader cost: 8.8148e-05
213/348 [=================>............] - ETA: 2s - batch_cost: 0.0196 - reader cost: 8.6906e-05
216/348 [=================>............] - ETA: 2s - batch_cost: 0.0196 - reader cost: 9.0342e-05
219/348 [=================>............] - ETA: 2s - batch_cost: 0.0195 - reader cost: 8.9104e-05
222/348 [==================>...........] - ETA: 2s - batch_cost: 0.0195 - reader cost: 9.2369e-05
225/348 [==================>...........] - ETA: 2s - batch_cost: 0.0195 - reader cost: 9.1137e-05
228/348 [==================>...........] - ETA: 2s - batch_cost: 0.0195 - reader cost: 8.9938e-05
231/348 [==================>...........] - ETA: 2s - batch_cost: 0.0195 - reader cost: 8.8770e-05
234/348 [===================>..........] - ETA: 2s - batch_cost: 0.0196 - reader cost: 8.7632e-05
237/348 [===================>..........] - ETA: 2s - batch_cost: 0.0195 - reader cost: 8.6523e-05
240/348 [===================>..........] - ETA: 2s - batch_cost: 0.0195 - reader cost: 8.5441e-05
243/348 [===================>..........] - ETA: 2s - batch_cost: 0.0195 - reader cost: 8.4386e-05
247/348 [====================>.........] - ETA: 1s - batch_cost: 0.0195 - reader cost: 8.3020e-05
250/348 [====================>.........] - ETA: 1s - batch_cost: 0.0194 - reader cost: 8.2024e-05
253/348 [====================>.........] - ETA: 1s - batch_cost: 0.0194 - reader cost: 8.1051e-05
256/348 [=====================>........] - ETA: 1s - batch_cost: 0.0194 - reader cost: 8.0101e-05
259/348 [=====================>........] - ETA: 1s - batch_cost: 0.0195 - reader cost: 7.9173e-05
262/348 [=====================>........] - ETA: 1s - batch_cost: 0.0195 - reader cost: 7.8267e-05
265/348 [=====================>........] - ETA: 1s - batch_cost: 0.0195 - reader cost: 7.7381e-05
269/348 [======================>.......] - ETA: 1s - batch_cost: 0.0194 - reader cost: 7.6230e-05
273/348 [======================>.......] - ETA: 1s - batch_cost: 0.0194 - reader cost: 8.2454e-05
276/348 [======================>.......] - ETA: 1s - batch_cost: 0.0194 - reader cost: 8.1557e-05
279/348 [=======================>......] - ETA: 1s - batch_cost: 0.0193 - reader cost: 8.0680e-05
282/348 [=======================>......] - ETA: 1s - batch_cost: 0.0193 - reader cost: 8.5148e-05
285/348 [=======================>......] - ETA: 1s - batch_cost: 0.0193 - reader cost: 8.4252e-05
288/348 [=======================>......] - ETA: 1s - batch_cost: 0.0193 - reader cost: 8.3374e-05
291/348 [========================>.....] - ETA: 1s - batch_cost: 0.0193 - reader cost: 8.2515e-05
294/348 [========================>.....] - ETA: 1s - batch_cost: 0.0193 - reader cost: 8.1673e-05
297/348 [========================>.....] - ETA: 0s - batch_cost: 0.0193 - reader cost: 8.0848e-05
300/348 [========================>.....] - ETA: 0s - batch_cost: 0.0192 - reader cost: 8.0040e-05
303/348 [=========================>....] - ETA: 0s - batch_cost: 0.0192 - reader cost: 7.9247e-05
307/348 [=========================>....] - ETA: 0s - batch_cost: 0.0192 - reader cost: 7.8214e-05
311/348 [=========================>....] - ETA: 0s - batch_cost: 0.0191 - reader cost: 7.7209e-05
314/348 [==========================>...] - ETA: 0s - batch_cost: 0.0191 - reader cost: 7.6471e-05
317/348 [==========================>...] - ETA: 0s - batch_cost: 0.0191 - reader cost: 7.5747e-05
321/348 [==========================>...] - ETA: 0s - batch_cost: 0.0191 - reader cost: 7.4803e-05
324/348 [==========================>...] - ETA: 0s - batch_cost: 0.0191 - reader cost: 7.4111e-05
327/348 [===========================>..] - ETA: 0s - batch_cost: 0.0191 - reader cost: 7.3431e-05
330/348 [===========================>..] - ETA: 0s - batch_cost: 0.0191 - reader cost: 7.2763e-05
333/348 [===========================>..] - ETA: 0s - batch_cost: 0.0190 - reader cost: 7.2108e-05
336/348 [===========================>..] - ETA: 0s - batch_cost: 0.0191 - reader cost: 7.1464e-05
339/348 [============================>.] - ETA: 0s - batch_cost: 0.0191 - reader cost: 7.0831e-05
342/348 [============================>.] - ETA: 0s - batch_cost: 0.0191 - reader cost: 7.3112e-05
345/348 [============================>.] - ETA: 0s - batch_cost: 0.0191 - reader cost: 7.2476e-05
348/348 [==============================] - 7s 19ms/step - batch_cost: 0.0191 - reader cost: 7.1851e-05

  1/348 [..............................] - ETA: 10s - batch_cost: 0.0297 - reader cost: 0.0075
  4/348 [..............................] - ETA: 8s - batch_cost: 0.0234 - reader cost: 0.0021 
  7/348 [..............................] - ETA: 7s - batch_cost: 0.0211 - reader cost: 0.0012
 11/348 [..............................] - ETA: 6s - batch_cost: 0.0190 - reader cost: 7.7406e-04
 14/348 [>.............................] - ETA: 6s - batch_cost: 0.0185 - reader cost: 6.0819e-04
 18/348 [>.............................] - ETA: 6s - batch_cost: 0.0180 - reader cost: 4.7304e-04
 22/348 [>.............................] - ETA: 5s - batch_cost: 0.0178 - reader cost: 3.8703e-04
 25/348 [=>............................] - ETA: 5s - batch_cost: 0.0181 - reader cost: 3.6073e-04
 28/348 [=>............................] - ETA: 5s - batch_cost: 0.0184 - reader cost: 3.2208e-04
 31/348 [=>............................] - ETA: 5s - batch_cost: 0.0185 - reader cost: 2.9091e-04
 35/348 [==>...........................] - ETA: 5s - batch_cost: 0.0183 - reader cost: 2.5766e-04
 38/348 [==>...........................] - ETA: 5s - batch_cost: 0.0184 - reader cost: 2.3732e-04
 41/348 [==>...........................] - ETA: 5s - batch_cost: 0.0184 - reader cost: 2.4440e-04
 44/348 [==>...........................] - ETA: 5s - batch_cost: 0.0185 - reader cost: 2.5071e-04
 47/348 [===>..........................] - ETA: 5s - batch_cost: 0.0187 - reader cost: 2.3471e-04
 50/348 [===>..........................] - ETA: 5s - batch_cost: 0.0190 - reader cost: 2.2063e-04
 53/348 [===>..........................] - ETA: 5s - batch_cost: 0.0193 - reader cost: 2.0814e-04
 56/348 [===>..........................] - ETA: 5s - batch_cost: 0.0193 - reader cost: 1.9699e-04
 59/348 [====>.........................] - ETA: 5s - batch_cost: 0.0194 - reader cost: 1.8697e-04
 62/348 [====>.........................] - ETA: 5s - batch_cost: 0.0193 - reader cost: 1.7793e-04
 65/348 [====>.........................] - ETA: 5s - batch_cost: 0.0193 - reader cost: 1.6971e-04
 68/348 [====>.........................] - ETA: 5s - batch_cost: 0.0194 - reader cost: 1.7693e-04
 71/348 [=====>........................] - ETA: 5s - batch_cost: 0.0193 - reader cost: 1.6945e-04
 74/348 [=====>........................] - ETA: 5s - batch_cost: 0.0193 - reader cost: 1.6258e-04
 77/348 [=====>........................] - ETA: 5s - batch_cost: 0.0192 - reader cost: 1.5625e-04
 80/348 [=====>........................] - ETA: 5s - batch_cost: 0.0192 - reader cost: 1.6278e-04
 83/348 [======>.......................] - ETA: 5s - batch_cost: 0.0191 - reader cost: 1.5690e-04
 87/348 [======>.......................] - ETA: 5s - batch_cost: 0.0190 - reader cost: 1.4969e-04
 90/348 [======>.......................] - ETA: 4s - batch_cost: 0.0190 - reader cost: 1.4470e-04
 93/348 [=======>......................] - ETA: 4s - batch_cost: 0.0189 - reader cost: 1.4003e-04
 97/348 [=======>......................] - ETA: 4s - batch_cost: 0.0188 - reader cost: 1.3425e-04
101/348 [=======>......................] - ETA: 4s - batch_cost: 0.0187 - reader cost: 1.2894e-04
104/348 [=======>......................] - ETA: 4s - batch_cost: 0.0187 - reader cost: 1.3486e-04
108/348 [========>.....................] - ETA: 4s - batch_cost: 0.0187 - reader cost: 1.2987e-04
111/348 [========>.....................] - ETA: 4s - batch_cost: 0.0187 - reader cost: 1.2636e-04
114/348 [========>.....................] - ETA: 4s - batch_cost: 0.0187 - reader cost: 1.2303e-04
118/348 [=========>....................] - ETA: 4s - batch_cost: 0.0187 - reader cost: 1.1886e-04
122/348 [=========>....................] - ETA: 4s - batch_cost: 0.0186 - reader cost: 1.2308e-04
126/348 [=========>....................] - ETA: 4s - batch_cost: 0.0185 - reader cost: 1.1917e-04
129/348 [==========>...................] - ETA: 4s - batch_cost: 0.0185 - reader cost: 1.1640e-04
132/348 [==========>...................] - ETA: 4s - batch_cost: 0.0185 - reader cost: 1.1376e-04
135/348 [==========>...................] - ETA: 3s - batch_cost: 0.0185 - reader cost: 1.1871e-04
138/348 [==========>...................] - ETA: 3s - batch_cost: 0.0186 - reader cost: 1.1613e-04
141/348 [===========>..................] - ETA: 3s - batch_cost: 0.0186 - reader cost: 1.1366e-04
145/348 [===========>..................] - ETA: 3s - batch_cost: 0.0185 - reader cost: 1.1053e-04
148/348 [===========>..................] - ETA: 3s - batch_cost: 0.0185 - reader cost: 1.0829e-04
151/348 [============>.................] - ETA: 3s - batch_cost: 0.0185 - reader cost: 1.0614e-04
154/348 [============>.................] - ETA: 3s - batch_cost: 0.0186 - reader cost: 1.0407e-04
157/348 [============>.................] - ETA: 3s - batch_cost: 0.0186 - reader cost: 1.0208e-04
160/348 [============>.................] - ETA: 3s - batch_cost: 0.0186 - reader cost: 1.0017e-04
163/348 [=============>................] - ETA: 3s - batch_cost: 0.0186 - reader cost: 9.8322e-05
166/348 [=============>................] - ETA: 3s - batch_cost: 0.0186 - reader cost: 9.6545e-05
170/348 [=============>................] - ETA: 3s - batch_cost: 0.0186 - reader cost: 1.0020e-04
174/348 [==============>...............] - ETA: 3s - batch_cost: 0.0185 - reader cost: 9.7901e-05
178/348 [==============>...............] - ETA: 3s - batch_cost: 0.0184 - reader cost: 9.5701e-05
181/348 [==============>...............] - ETA: 3s - batch_cost: 0.0184 - reader cost: 9.4115e-05
184/348 [==============>...............] - ETA: 3s - batch_cost: 0.0184 - reader cost: 9.2580e-05
188/348 [===============>..............] - ETA: 2s - batch_cost: 0.0183 - reader cost: 9.0610e-05
191/348 [===============>..............] - ETA: 2s - batch_cost: 0.0183 - reader cost: 8.9187e-05
195/348 [===============>..............] - ETA: 2s - batch_cost: 0.0183 - reader cost: 8.7358e-05
199/348 [================>.............] - ETA: 2s - batch_cost: 0.0182 - reader cost: 8.5602e-05
203/348 [================>.............] - ETA: 2s - batch_cost: 0.0182 - reader cost: 8.3915e-05
206/348 [================>.............] - ETA: 2s - batch_cost: 0.0181 - reader cost: 8.7541e-05
209/348 [=================>............] - ETA: 2s - batch_cost: 0.0181 - reader cost: 8.6285e-05
212/348 [=================>............] - ETA: 2s - batch_cost: 0.0182 - reader cost: 8.5064e-05
215/348 [=================>............] - ETA: 2s - batch_cost: 0.0182 - reader cost: 8.3877e-05
218/348 [=================>............] - ETA: 2s - batch_cost: 0.0182 - reader cost: 8.2722e-05
221/348 [==================>...........] - ETA: 2s - batch_cost: 0.0182 - reader cost: 8.6120e-05
224/348 [==================>...........] - ETA: 2s - batch_cost: 0.0182 - reader cost: 8.4966e-05
227/348 [==================>...........] - ETA: 2s - batch_cost: 0.0182 - reader cost: 8.3844e-05
230/348 [==================>...........] - ETA: 2s - batch_cost: 0.0182 - reader cost: 8.2750e-05
233/348 [===================>..........] - ETA: 2s - batch_cost: 0.0182 - reader cost: 8.1684e-05
236/348 [===================>..........] - ETA: 2s - batch_cost: 0.0182 - reader cost: 9.1248e-05
240/348 [===================>..........] - ETA: 1s - batch_cost: 0.0182 - reader cost: 8.9727e-05
244/348 [====================>.........] - ETA: 1s - batch_cost: 0.0182 - reader cost: 8.8256e-05
247/348 [====================>.........] - ETA: 1s - batch_cost: 0.0182 - reader cost: 8.7184e-05
250/348 [====================>.........] - ETA: 1s - batch_cost: 0.0181 - reader cost: 9.0106e-05
253/348 [====================>.........] - ETA: 1s - batch_cost: 0.0182 - reader cost: 8.9038e-05
256/348 [=====================>........] - ETA: 1s - batch_cost: 0.0182 - reader cost: 8.7994e-05
259/348 [=====================>........] - ETA: 1s - batch_cost: 0.0182 - reader cost: 8.6975e-05
263/348 [=====================>........] - ETA: 1s - batch_cost: 0.0181 - reader cost: 8.5652e-05
266/348 [=====================>........] - ETA: 1s - batch_cost: 0.0181 - reader cost: 8.4686e-05
269/348 [======================>.......] - ETA: 1s - batch_cost: 0.0181 - reader cost: 8.3742e-05
272/348 [======================>.......] - ETA: 1s - batch_cost: 0.0181 - reader cost: 8.2818e-05
275/348 [======================>.......] - ETA: 1s - batch_cost: 0.0181 - reader cost: 8.1915e-05
278/348 [======================>.......] - ETA: 1s - batch_cost: 0.0181 - reader cost: 8.1031e-05
281/348 [=======================>......] - ETA: 1s - batch_cost: 0.0182 - reader cost: 8.0165e-05
284/348 [=======================>......] - ETA: 1s - batch_cost: 0.0182 - reader cost: 7.9319e-05
286/348 [=======================>......] - ETA: 1s - batch_cost: 0.0183 - reader cost: 7.8764e-05
289/348 [=======================>......] - ETA: 1s - batch_cost: 0.0183 - reader cost: 7.7946e-05
292/348 [========================>.....] - ETA: 1s - batch_cost: 0.0183 - reader cost: 7.7146e-05
295/348 [========================>.....] - ETA: 0s - batch_cost: 0.0184 - reader cost: 7.6361e-05
298/348 [========================>.....] - ETA: 0s - batch_cost: 0.0184 - reader cost: 7.5592e-05
301/348 [========================>.....] - ETA: 0s - batch_cost: 0.0184 - reader cost: 7.4839e-05
304/348 [=========================>....] - ETA: 0s - batch_cost: 0.0184 - reader cost: 7.7363e-05
307/348 [=========================>....] - ETA: 0s - batch_cost: 0.0184 - reader cost: 7.6607e-05
310/348 [=========================>....] - ETA: 0s - batch_cost: 0.0184 - reader cost: 7.5866e-05
313/348 [=========================>....] - ETA: 0s - batch_cost: 0.0184 - reader cost: 7.5138e-05
316/348 [==========================>...] - ETA: 0s - batch_cost: 0.0184 - reader cost: 7.4425e-05
319/348 [==========================>...] - ETA: 0s - batch_cost: 0.0184 - reader cost: 7.3725e-05
322/348 [==========================>...] - ETA: 0s - batch_cost: 0.0184 - reader cost: 7.6144e-05
325/348 [===========================>..] - ETA: 0s - batch_cost: 0.0184 - reader cost: 7.5442e-05
328/348 [===========================>..] - ETA: 0s - batch_cost: 0.0185 - reader cost: 7.4751e-05
331/348 [===========================>..] - ETA: 0s - batch_cost: 0.0185 - reader cost: 7.4074e-05
334/348 [===========================>..] - ETA: 0s - batch_cost: 0.0185 - reader cost: 7.3409e-05
337/348 [============================>.] - ETA: 0s - batch_cost: 0.0185 - reader cost: 7.2755e-05
340/348 [============================>.] - ETA: 0s - batch_cost: 0.0185 - reader cost: 7.2113e-05
343/348 [============================>.] - ETA: 0s - batch_cost: 0.0185 - reader cost: 7.1482e-05
347/348 [============================>.] - ETA: 0s - batch_cost: 0.0185 - reader cost: 7.2109e-05
348/348 [==============================] - 6s 19ms/step - batch_cost: 0.0185 - reader cost: 7.1902e-05

  1/348 [..............................] - ETA: 15s - batch_cost: 0.0460 - reader cost: 0.0075
  3/348 [..............................] - ETA: 13s - batch_cost: 0.0385 - reader cost: 0.0025
  5/348 [..............................] - ETA: 12s - batch_cost: 0.0359 - reader cost: 0.0015
  7/348 [..............................] - ETA: 11s - batch_cost: 0.0333 - reader cost: 0.0012
  9/348 [..............................] - ETA: 11s - batch_cost: 0.0332 - reader cost: 9.0167e-04
 11/348 [..............................] - ETA: 11s - batch_cost: 0.0324 - reader cost: 7.3773e-04
 13/348 [>.............................] - ETA: 10s - batch_cost: 0.0317 - reader cost: 6.2423e-04
 16/348 [>.............................] - ETA: 10s - batch_cost: 0.0304 - reader cost: 5.6966e-04
 18/348 [>.............................] - ETA: 10s - batch_cost: 0.0303 - reader cost: 5.6197e-04
 20/348 [>.............................] - ETA: 10s - batch_cost: 0.0306 - reader cost: 5.0577e-04
 22/348 [>.............................] - ETA: 10s - batch_cost: 0.0303 - reader cost: 4.5979e-04
 24/348 [=>............................] - ETA: 9s - batch_cost: 0.0303 - reader cost: 4.2147e-04 
 26/348 [=>............................] - ETA: 9s - batch_cost: 0.0301 - reader cost: 3.8905e-04
 28/348 [=>............................] - ETA: 9s - batch_cost: 0.0299 - reader cost: 3.6126e-04
 30/348 [=>............................] - ETA: 9s - batch_cost: 0.0297 - reader cost: 3.3718e-04
 32/348 [=>............................] - ETA: 9s - batch_cost: 0.0295 - reader cost: 3.1611e-04
 35/348 [==>...........................] - ETA: 9s - batch_cost: 0.0285 - reader cost: 2.8901e-04
 38/348 [==>...........................] - ETA: 8s - batch_cost: 0.0276 - reader cost: 2.6619e-04
 41/348 [==>...........................] - ETA: 8s - batch_cost: 0.0270 - reader cost: 2.4672e-04
 45/348 [==>...........................] - ETA: 7s - batch_cost: 0.0261 - reader cost: 2.2479e-04
 48/348 [===>..........................] - ETA: 7s - batch_cost: 0.0257 - reader cost: 2.1074e-04
 51/348 [===>..........................] - ETA: 7s - batch_cost: 0.0253 - reader cost: 1.9834e-04
 55/348 [===>..........................] - ETA: 7s - batch_cost: 0.0246 - reader cost: 1.8392e-04
 58/348 [====>.........................] - ETA: 7s - batch_cost: 0.0242 - reader cost: 1.7440e-04
 61/348 [====>.........................] - ETA: 6s - batch_cost: 0.0239 - reader cost: 1.6583e-04
 65/348 [====>.........................] - ETA: 6s - batch_cost: 0.0234 - reader cost: 1.5562e-04
 69/348 [====>.........................] - ETA: 6s - batch_cost: 0.0229 - reader cost: 1.4660e-04
 73/348 [=====>........................] - ETA: 6s - batch_cost: 0.0226 - reader cost: 1.3857e-04
 77/348 [=====>........................] - ETA: 6s - batch_cost: 0.0223 - reader cost: 1.3137e-04
 80/348 [=====>........................] - ETA: 6s - batch_cost: 0.0222 - reader cost: 1.4523e-04
 83/348 [======>.......................] - ETA: 5s - batch_cost: 0.0220 - reader cost: 1.3998e-04
 86/348 [======>.......................] - ETA: 5s - batch_cost: 0.0219 - reader cost: 1.3510e-04
 90/348 [======>.......................] - ETA: 5s - batch_cost: 0.0216 - reader cost: 1.4020e-04
 94/348 [=======>......................] - ETA: 5s - batch_cost: 0.0214 - reader cost: 1.3423e-04
 97/348 [=======>......................] - ETA: 5s - batch_cost: 0.0212 - reader cost: 1.3008e-04
100/348 [=======>......................] - ETA: 5s - batch_cost: 0.0211 - reader cost: 1.2618e-04
103/348 [=======>......................] - ETA: 5s - batch_cost: 0.0211 - reader cost: 1.2251e-04
106/348 [========>.....................] - ETA: 5s - batch_cost: 0.0211 - reader cost: 1.2850e-04
109/348 [========>.....................] - ETA: 5s - batch_cost: 0.0211 - reader cost: 1.3428e-04
112/348 [========>.....................] - ETA: 5s - batch_cost: 0.0211 - reader cost: 1.3068e-04
115/348 [========>.....................] - ETA: 4s - batch_cost: 0.0210 - reader cost: 1.2727e-04
119/348 [=========>....................] - ETA: 4s - batch_cost: 0.0208 - reader cost: 1.2299e-04
123/348 [=========>....................] - ETA: 4s - batch_cost: 0.0206 - reader cost: 1.1899e-04
126/348 [=========>....................] - ETA: 4s - batch_cost: 0.0206 - reader cost: 1.1616e-04
129/348 [==========>...................] - ETA: 4s - batch_cost: 0.0205 - reader cost: 1.1346e-04
133/348 [==========>...................] - ETA: 4s - batch_cost: 0.0204 - reader cost: 1.1005e-04
136/348 [==========>...................] - ETA: 4s - batch_cost: 0.0203 - reader cost: 1.0762e-04
139/348 [==========>...................] - ETA: 4s - batch_cost: 0.0202 - reader cost: 1.0530e-04
142/348 [===========>..................] - ETA: 4s - batch_cost: 0.0202 - reader cost: 1.0307e-04
146/348 [===========>..................] - ETA: 4s - batch_cost: 0.0200 - reader cost: 1.0025e-04
150/348 [===========>..................] - ETA: 3s - batch_cost: 0.0199 - reader cost: 9.7574e-05
154/348 [============>.................] - ETA: 3s - batch_cost: 0.0198 - reader cost: 9.5039e-05
157/348 [============>.................] - ETA: 3s - batch_cost: 0.0198 - reader cost: 9.3223e-05
161/348 [============>.................] - ETA: 3s - batch_cost: 0.0197 - reader cost: 9.0907e-05
164/348 [=============>................] - ETA: 3s - batch_cost: 0.0197 - reader cost: 8.9244e-05
167/348 [=============>................] - ETA: 3s - batch_cost: 0.0197 - reader cost: 8.7641e-05
171/348 [=============>................] - ETA: 3s - batch_cost: 0.0196 - reader cost: 8.5591e-05
174/348 [==============>...............] - ETA: 3s - batch_cost: 0.0196 - reader cost: 8.4115e-05
178/348 [==============>...............] - ETA: 3s - batch_cost: 0.0195 - reader cost: 8.2225e-05
181/348 [==============>...............] - ETA: 3s - batch_cost: 0.0195 - reader cost: 8.0862e-05
184/348 [==============>...............] - ETA: 3s - batch_cost: 0.0194 - reader cost: 7.9544e-05
187/348 [===============>..............] - ETA: 3s - batch_cost: 0.0194 - reader cost: 8.3619e-05
190/348 [===============>..............] - ETA: 3s - batch_cost: 0.0194 - reader cost: 8.2298e-05
193/348 [===============>..............] - ETA: 3s - batch_cost: 0.0195 - reader cost: 8.1019e-05
196/348 [===============>..............] - ETA: 2s - batch_cost: 0.0194 - reader cost: 7.9779e-05
199/348 [================>.............] - ETA: 2s - batch_cost: 0.0194 - reader cost: 7.8576e-05
202/348 [================>.............] - ETA: 2s - batch_cost: 0.0194 - reader cost: 7.7409e-05
205/348 [================>.............] - ETA: 2s - batch_cost: 0.0194 - reader cost: 7.6277e-05
208/348 [================>.............] - ETA: 2s - batch_cost: 0.0194 - reader cost: 7.9984e-05
212/348 [=================>............] - ETA: 2s - batch_cost: 0.0193 - reader cost: 7.8475e-05
216/348 [=================>............] - ETA: 2s - batch_cost: 0.0192 - reader cost: 7.7021e-05
220/348 [=================>............] - ETA: 2s - batch_cost: 0.0192 - reader cost: 7.5621e-05
223/348 [==================>...........] - ETA: 2s - batch_cost: 0.0192 - reader cost: 7.4604e-05
226/348 [==================>...........] - ETA: 2s - batch_cost: 0.0192 - reader cost: 7.3613e-05
229/348 [==================>...........] - ETA: 2s - batch_cost: 0.0192 - reader cost: 7.2649e-05
232/348 [===================>..........] - ETA: 2s - batch_cost: 0.0192 - reader cost: 7.1710e-05
235/348 [===================>..........] - ETA: 2s - batch_cost: 0.0192 - reader cost: 7.0794e-05
238/348 [===================>..........] - ETA: 2s - batch_cost: 0.0192 - reader cost: 6.9902e-05
241/348 [===================>..........] - ETA: 2s - batch_cost: 0.0192 - reader cost: 6.9032e-05
245/348 [====================>.........] - ETA: 1s - batch_cost: 0.0191 - reader cost: 6.7905e-05
248/348 [====================>.........] - ETA: 1s - batch_cost: 0.0192 - reader cost: 6.7083e-05
251/348 [====================>.........] - ETA: 1s - batch_cost: 0.0192 - reader cost: 6.6281e-05
254/348 [====================>.........] - ETA: 1s - batch_cost: 0.0192 - reader cost: 6.5498e-05
257/348 [=====================>........] - ETA: 1s - batch_cost: 0.0192 - reader cost: 7.2481e-05
260/348 [=====================>........] - ETA: 1s - batch_cost: 0.0192 - reader cost: 7.1645e-05
263/348 [=====================>........] - ETA: 1s - batch_cost: 0.0192 - reader cost: 7.0828e-05
266/348 [=====================>........] - ETA: 1s - batch_cost: 0.0192 - reader cost: 7.0029e-05
269/348 [======================>.......] - ETA: 1s - batch_cost: 0.0193 - reader cost: 7.6683e-05
272/348 [======================>.......] - ETA: 1s - batch_cost: 0.0193 - reader cost: 7.5837e-05
275/348 [======================>.......] - ETA: 1s - batch_cost: 0.0193 - reader cost: 7.5010e-05
278/348 [======================>.......] - ETA: 1s - batch_cost: 0.0193 - reader cost: 7.4200e-05
281/348 [=======================>......] - ETA: 1s - batch_cost: 0.0193 - reader cost: 7.3408e-05
284/348 [=======================>......] - ETA: 1s - batch_cost: 0.0193 - reader cost: 7.2633e-05
288/348 [=======================>......] - ETA: 1s - batch_cost: 0.0192 - reader cost: 7.5070e-05
292/348 [========================>.....] - ETA: 1s - batch_cost: 0.0192 - reader cost: 7.4042e-05
295/348 [========================>.....] - ETA: 1s - batch_cost: 0.0192 - reader cost: 7.3289e-05
299/348 [========================>.....] - ETA: 0s - batch_cost: 0.0191 - reader cost: 7.2309e-05
303/348 [=========================>....] - ETA: 0s - batch_cost: 0.0191 - reader cost: 7.1354e-05
306/348 [=========================>....] - ETA: 0s - batch_cost: 0.0191 - reader cost: 7.3896e-05
309/348 [=========================>....] - ETA: 0s - batch_cost: 0.0191 - reader cost: 7.3178e-05
313/348 [=========================>....] - ETA: 0s - batch_cost: 0.0190 - reader cost: 7.2243e-05
317/348 [==========================>...] - ETA: 0s - batch_cost: 0.0190 - reader cost: 7.1332e-05
320/348 [==========================>...] - ETA: 0s - batch_cost: 0.0190 - reader cost: 7.0663e-05
323/348 [==========================>...] - ETA: 0s - batch_cost: 0.0190 - reader cost: 7.0006e-05
327/348 [===========================>..] - ETA: 0s - batch_cost: 0.0190 - reader cost: 7.5245e-05
330/348 [===========================>..] - ETA: 0s - batch_cost: 0.0190 - reader cost: 7.4561e-05
332/348 [===========================>..] - ETA: 0s - batch_cost: 0.0190 - reader cost: 7.4112e-05
335/348 [===========================>..] - ETA: 0s - batch_cost: 0.0190 - reader cost: 7.3448e-05
338/348 [============================>.] - ETA: 0s - batch_cost: 0.0190 - reader cost: 7.2796e-05
341/348 [============================>.] - ETA: 0s - batch_cost: 0.0190 - reader cost: 7.2156e-05
344/348 [============================>.] - ETA: 0s - batch_cost: 0.0190 - reader cost: 7.1526e-05
347/348 [============================>.] - ETA: 0s - batch_cost: 0.0190 - reader cost: 7.0908e-05
348/348 [==============================] - 7s 19ms/step - batch_cost: 0.0190 - reader cost: 7.0704e-05

  1/348 [..............................] - ETA: 10s - batch_cost: 0.0308 - reader cost: 0.0090
  3/348 [..............................] - ETA: 9s - batch_cost: 0.0269 - reader cost: 0.0030 
  6/348 [..............................] - ETA: 8s - batch_cost: 0.0237 - reader cost: 0.0015
  9/348 [..............................] - ETA: 7s - batch_cost: 0.0228 - reader cost: 9.9995e-04
 12/348 [>.............................] - ETA: 7s - batch_cost: 0.0224 - reader cost: 7.4997e-04
 16/348 [>.............................] - ETA: 7s - batch_cost: 0.0208 - reader cost: 5.6247e-04
 19/348 [>.............................] - ETA: 6s - batch_cost: 0.0204 - reader cost: 4.7366e-04
 23/348 [>.............................] - ETA: 6s - batch_cost: 0.0196 - reader cost: 3.9129e-04
 26/348 [=>............................] - ETA: 6s - batch_cost: 0.0193 - reader cost: 3.6563e-04
 29/348 [=>............................] - ETA: 6s - batch_cost: 0.0195 - reader cost: 3.6201e-04
 32/348 [=>............................] - ETA: 6s - batch_cost: 0.0196 - reader cost: 3.2807e-04
 35/348 [==>...........................] - ETA: 6s - batch_cost: 0.0193 - reader cost: 2.9995e-04
 38/348 [==>...........................] - ETA: 6s - batch_cost: 0.0192 - reader cost: 3.0267e-04
 41/348 [==>...........................] - ETA: 5s - batch_cost: 0.0191 - reader cost: 2.8052e-04
 44/348 [==>...........................] - ETA: 5s - batch_cost: 0.0190 - reader cost: 2.6139e-04
 47/348 [===>..........................] - ETA: 5s - batch_cost: 0.0189 - reader cost: 2.4471e-04
 50/348 [===>..........................] - ETA: 5s - batch_cost: 0.0191 - reader cost: 2.3003e-04
 53/348 [===>..........................] - ETA: 5s - batch_cost: 0.0192 - reader cost: 2.3594e-04
 56/348 [===>..........................] - ETA: 5s - batch_cost: 0.0191 - reader cost: 2.2330e-04
 59/348 [====>.........................] - ETA: 5s - batch_cost: 0.0192 - reader cost: 2.1194e-04
 62/348 [====>.........................] - ETA: 5s - batch_cost: 0.0194 - reader cost: 2.0169e-04
 65/348 [====>.........................] - ETA: 5s - batch_cost: 0.0196 - reader cost: 1.9238e-04
 68/348 [====>.........................] - ETA: 5s - batch_cost: 0.0197 - reader cost: 1.8389e-04
 72/348 [=====>........................] - ETA: 5s - batch_cost: 0.0195 - reader cost: 1.7367e-04
 75/348 [=====>........................] - ETA: 5s - batch_cost: 0.0195 - reader cost: 1.6673e-04
 78/348 [=====>........................] - ETA: 5s - batch_cost: 0.0196 - reader cost: 1.6032e-04
 81/348 [=====>........................] - ETA: 5s - batch_cost: 0.0196 - reader cost: 1.5438e-04
 84/348 [======>.......................] - ETA: 5s - batch_cost: 0.0196 - reader cost: 1.6678e-04
 87/348 [======>.......................] - ETA: 5s - batch_cost: 0.0196 - reader cost: 1.6103e-04
 90/348 [======>.......................] - ETA: 5s - batch_cost: 0.0196 - reader cost: 1.5566e-04
 93/348 [=======>......................] - ETA: 5s - batch_cost: 0.0196 - reader cost: 1.5064e-04
 97/348 [=======>......................] - ETA: 4s - batch_cost: 0.0194 - reader cost: 1.5482e-04
100/348 [=======>......................] - ETA: 4s - batch_cost: 0.0194 - reader cost: 1.5018e-04
103/348 [=======>......................] - ETA: 4s - batch_cost: 0.0194 - reader cost: 1.4580e-04
106/348 [========>.....................] - ETA: 4s - batch_cost: 0.0195 - reader cost: 1.4680e-04
109/348 [========>.....................] - ETA: 4s - batch_cost: 0.0195 - reader cost: 1.4276e-04
112/348 [========>.....................] - ETA: 4s - batch_cost: 0.0195 - reader cost: 1.3894e-04
115/348 [========>.....................] - ETA: 4s - batch_cost: 0.0195 - reader cost: 1.3531e-04
118/348 [=========>....................] - ETA: 4s - batch_cost: 0.0195 - reader cost: 1.3187e-04
121/348 [=========>....................] - ETA: 4s - batch_cost: 0.0195 - reader cost: 1.2860e-04
124/348 [=========>....................] - ETA: 4s - batch_cost: 0.0195 - reader cost: 1.3358e-04
127/348 [=========>....................] - ETA: 4s - batch_cost: 0.0195 - reader cost: 1.3043e-04
130/348 [==========>...................] - ETA: 4s - batch_cost: 0.0196 - reader cost: 1.2742e-04
133/348 [==========>...................] - ETA: 4s - batch_cost: 0.0196 - reader cost: 1.3206e-04
136/348 [==========>...................] - ETA: 4s - batch_cost: 0.0197 - reader cost: 1.2914e-04
139/348 [==========>...................] - ETA: 4s - batch_cost: 0.0197 - reader cost: 1.2636e-04
142/348 [===========>..................] - ETA: 4s - batch_cost: 0.0197 - reader cost: 1.3072e-04
145/348 [===========>..................] - ETA: 4s - batch_cost: 0.0197 - reader cost: 1.2802e-04
149/348 [===========>..................] - ETA: 3s - batch_cost: 0.0196 - reader cost: 1.2458e-04
152/348 [============>.................] - ETA: 3s - batch_cost: 0.0195 - reader cost: 1.2212e-04
155/348 [============>.................] - ETA: 3s - batch_cost: 0.0196 - reader cost: 1.1976e-04
158/348 [============>.................] - ETA: 3s - batch_cost: 0.0196 - reader cost: 1.1749e-04
161/348 [============>.................] - ETA: 3s - batch_cost: 0.0196 - reader cost: 1.1530e-04
164/348 [=============>................] - ETA: 3s - batch_cost: 0.0196 - reader cost: 1.1319e-04
167/348 [=============>................] - ETA: 3s - batch_cost: 0.0196 - reader cost: 1.1115e-04
170/348 [=============>................] - ETA: 3s - batch_cost: 0.0196 - reader cost: 1.0919e-04
173/348 [=============>................] - ETA: 3s - batch_cost: 0.0195 - reader cost: 1.0730e-04
176/348 [==============>...............] - ETA: 3s - batch_cost: 0.0195 - reader cost: 1.0547e-04
179/348 [==============>...............] - ETA: 3s - batch_cost: 0.0196 - reader cost: 1.0370e-04
182/348 [==============>...............] - ETA: 3s - batch_cost: 0.0196 - reader cost: 1.0199e-04
185/348 [==============>...............] - ETA: 3s - batch_cost: 0.0196 - reader cost: 1.0034e-04
188/348 [===============>..............] - ETA: 3s - batch_cost: 0.0195 - reader cost: 9.8738e-05
191/348 [===============>..............] - ETA: 3s - batch_cost: 0.0195 - reader cost: 9.7187e-05
194/348 [===============>..............] - ETA: 3s - batch_cost: 0.0195 - reader cost: 9.5685e-05
197/348 [===============>..............] - ETA: 2s - batch_cost: 0.0195 - reader cost: 9.4227e-05
200/348 [================>.............] - ETA: 2s - batch_cost: 0.0195 - reader cost: 9.2814e-05
203/348 [================>.............] - ETA: 2s - batch_cost: 0.0195 - reader cost: 9.1442e-05
206/348 [================>.............] - ETA: 2s - batch_cost: 0.0195 - reader cost: 9.4966e-05
210/348 [=================>............] - ETA: 2s - batch_cost: 0.0194 - reader cost: 9.3157e-05
213/348 [=================>............] - ETA: 2s - batch_cost: 0.0194 - reader cost: 9.1845e-05
216/348 [=================>............] - ETA: 2s - batch_cost: 0.0194 - reader cost: 9.5200e-05
219/348 [=================>............] - ETA: 2s - batch_cost: 0.0195 - reader cost: 9.3896e-05
222/348 [==================>...........] - ETA: 2s - batch_cost: 0.0194 - reader cost: 9.2627e-05
225/348 [==================>...........] - ETA: 2s - batch_cost: 0.0194 - reader cost: 9.1392e-05
228/348 [==================>...........] - ETA: 2s - batch_cost: 0.0194 - reader cost: 9.8952e-05
232/348 [===================>..........] - ETA: 2s - batch_cost: 0.0193 - reader cost: 9.7246e-05
235/348 [===================>..........] - ETA: 2s - batch_cost: 0.0193 - reader cost: 9.6005e-05
238/348 [===================>..........] - ETA: 2s - batch_cost: 0.0193 - reader cost: 9.4794e-05
241/348 [===================>..........] - ETA: 2s - batch_cost: 0.0193 - reader cost: 9.3614e-05
244/348 [====================>.........] - ETA: 2s - batch_cost: 0.0194 - reader cost: 9.2463e-05
247/348 [====================>.........] - ETA: 1s - batch_cost: 0.0194 - reader cost: 9.5433e-05
250/348 [====================>.........] - ETA: 1s - batch_cost: 0.0194 - reader cost: 9.4288e-05
254/348 [====================>.........] - ETA: 1s - batch_cost: 0.0194 - reader cost: 9.2803e-05
257/348 [=====================>........] - ETA: 1s - batch_cost: 0.0194 - reader cost: 9.1720e-05
260/348 [=====================>........] - ETA: 1s - batch_cost: 0.0194 - reader cost: 9.0661e-05
263/348 [=====================>........] - ETA: 1s - batch_cost: 0.0194 - reader cost: 8.9627e-05
266/348 [=====================>........] - ETA: 1s - batch_cost: 0.0194 - reader cost: 9.2312e-05
268/348 [======================>.......] - ETA: 1s - batch_cost: 0.0194 - reader cost: 9.1623e-05
270/348 [======================>.......] - ETA: 1s - batch_cost: 0.0195 - reader cost: 9.0944e-05
273/348 [======================>.......] - ETA: 1s - batch_cost: 0.0195 - reader cost: 9.3608e-05
276/348 [======================>.......] - ETA: 1s - batch_cost: 0.0195 - reader cost: 9.6223e-05
279/348 [=======================>......] - ETA: 1s - batch_cost: 0.0195 - reader cost: 9.5189e-05
283/348 [=======================>......] - ETA: 1s - batch_cost: 0.0194 - reader cost: 9.9189e-05
286/348 [=======================>......] - ETA: 1s - batch_cost: 0.0194 - reader cost: 9.8148e-05
289/348 [=======================>......] - ETA: 1s - batch_cost: 0.0194 - reader cost: 9.7130e-05
292/348 [========================>.....] - ETA: 1s - batch_cost: 0.0193 - reader cost: 9.6132e-05
295/348 [========================>.....] - ETA: 1s - batch_cost: 0.0193 - reader cost: 9.5154e-05
298/348 [========================>.....] - ETA: 0s - batch_cost: 0.0193 - reader cost: 9.7569e-05
301/348 [========================>.....] - ETA: 0s - batch_cost: 0.0193 - reader cost: 9.6597e-05
304/348 [=========================>....] - ETA: 0s - batch_cost: 0.0193 - reader cost: 9.5643e-05
307/348 [=========================>....] - ETA: 0s - batch_cost: 0.0193 - reader cost: 9.7976e-05
310/348 [=========================>....] - ETA: 0s - batch_cost: 0.0193 - reader cost: 9.7028e-05
313/348 [=========================>....] - ETA: 0s - batch_cost: 0.0192 - reader cost: 9.6098e-05
316/348 [==========================>...] - ETA: 0s - batch_cost: 0.0192 - reader cost: 9.5186e-05
319/348 [==========================>...] - ETA: 0s - batch_cost: 0.0192 - reader cost: 9.6008e-05
322/348 [==========================>...] - ETA: 0s - batch_cost: 0.0192 - reader cost: 9.5113e-05
324/348 [==========================>...] - ETA: 0s - batch_cost: 0.0193 - reader cost: 9.4526e-05
327/348 [===========================>..] - ETA: 0s - batch_cost: 0.0193 - reader cost: 9.3659e-05
330/348 [===========================>..] - ETA: 0s - batch_cost: 0.0193 - reader cost: 9.2808e-05
332/348 [===========================>..] - ETA: 0s - batch_cost: 0.0194 - reader cost: 9.5291e-05
335/348 [===========================>..] - ETA: 0s - batch_cost: 0.0194 - reader cost: 9.4438e-05
338/348 [============================>.] - ETA: 0s - batch_cost: 0.0194 - reader cost: 9.3600e-05
341/348 [============================>.] - ETA: 0s - batch_cost: 0.0194 - reader cost: 9.2776e-05
344/348 [============================>.] - ETA: 0s - batch_cost: 0.0194 - reader cost: 9.1967e-05
348/348 [==============================] - 7s 20ms/step - batch_cost: 0.0194 - reader cost: 9.0910e-05

  1/348 [..............................] - ETA: 17s - batch_cost: 0.0497 - reader cost: 0.0150
  3/348 [..............................] - ETA: 13s - batch_cost: 0.0378 - reader cost: 0.0050
  5/348 [..............................] - ETA: 11s - batch_cost: 0.0338 - reader cost: 0.0030
  7/348 [..............................] - ETA: 11s - batch_cost: 0.0323 - reader cost: 0.0021
  9/348 [..............................] - ETA: 10s - batch_cost: 0.0318 - reader cost: 0.0017
 11/348 [..............................] - ETA: 10s - batch_cost: 0.0308 - reader cost: 0.0014
 14/348 [>.............................] - ETA: 9s - batch_cost: 0.0292 - reader cost: 0.0011 
 16/348 [>.............................] - ETA: 9s - batch_cost: 0.0290 - reader cost: 0.0010
 18/348 [>.............................] - ETA: 9s - batch_cost: 0.0290 - reader cost: 8.8986e-04
 20/348 [>.............................] - ETA: 9s - batch_cost: 0.0290 - reader cost: 8.0087e-04
 22/348 [>.............................] - ETA: 9s - batch_cost: 0.0289 - reader cost: 7.2807e-04
 24/348 [=>............................] - ETA: 9s - batch_cost: 0.0286 - reader cost: 7.0868e-04
 26/348 [=>............................] - ETA: 9s - batch_cost: 0.0287 - reader cost: 6.5417e-04
 28/348 [=>............................] - ETA: 9s - batch_cost: 0.0285 - reader cost: 6.0744e-04
 30/348 [=>............................] - ETA: 9s - batch_cost: 0.0283 - reader cost: 5.6694e-04
 32/348 [=>............................] - ETA: 9s - batch_cost: 0.0284 - reader cost: 5.3151e-04
 34/348 [=>............................] - ETA: 8s - batch_cost: 0.0282 - reader cost: 5.0024e-04
 37/348 [==>...........................] - ETA: 8s - batch_cost: 0.0278 - reader cost: 4.8678e-04
 40/348 [==>...........................] - ETA: 8s - batch_cost: 0.0271 - reader cost: 4.5027e-04
 43/348 [==>...........................] - ETA: 8s - batch_cost: 0.0265 - reader cost: 4.1886e-04
 46/348 [==>...........................] - ETA: 7s - batch_cost: 0.0259 - reader cost: 3.9154e-04
 50/348 [===>..........................] - ETA: 7s - batch_cost: 0.0251 - reader cost: 3.6022e-04
 53/348 [===>..........................] - ETA: 7s - batch_cost: 0.0246 - reader cost: 3.3983e-04
 56/348 [===>..........................] - ETA: 7s - batch_cost: 0.0243 - reader cost: 3.2162e-04
 59/348 [====>.........................] - ETA: 7s - batch_cost: 0.0240 - reader cost: 3.0527e-04
 62/348 [====>.........................] - ETA: 6s - batch_cost: 0.0236 - reader cost: 2.9050e-04
 66/348 [====>.........................] - ETA: 6s - batch_cost: 0.0232 - reader cost: 2.7289e-04
 69/348 [====>.........................] - ETA: 6s - batch_cost: 0.0230 - reader cost: 2.6103e-04
 72/348 [=====>........................] - ETA: 6s - batch_cost: 0.0229 - reader cost: 2.5015e-04
 76/348 [=====>........................] - ETA: 6s - batch_cost: 0.0226 - reader cost: 2.4376e-04
 79/348 [=====>........................] - ETA: 6s - batch_cost: 0.0223 - reader cost: 2.3450e-04
 83/348 [======>.......................] - ETA: 5s - batch_cost: 0.0221 - reader cost: 2.2320e-04
 86/348 [======>.......................] - ETA: 5s - batch_cost: 0.0220 - reader cost: 2.1541e-04
 89/348 [======>.......................] - ETA: 5s - batch_cost: 0.0220 - reader cost: 2.0815e-04
 92/348 [======>.......................] - ETA: 5s - batch_cost: 0.0219 - reader cost: 2.0137e-04
 95/348 [=======>......................] - ETA: 5s - batch_cost: 0.0218 - reader cost: 1.9501e-04
 98/348 [=======>......................] - ETA: 5s - batch_cost: 0.0217 - reader cost: 1.8904e-04
102/348 [=======>......................] - ETA: 5s - batch_cost: 0.0215 - reader cost: 1.8162e-04
106/348 [========>.....................] - ETA: 5s - batch_cost: 0.0212 - reader cost: 1.8421e-04
109/348 [========>.....................] - ETA: 5s - batch_cost: 0.0211 - reader cost: 1.7914e-04
112/348 [========>.....................] - ETA: 5s - batch_cost: 0.0210 - reader cost: 1.7434e-04
115/348 [========>.....................] - ETA: 4s - batch_cost: 0.0209 - reader cost: 1.8719e-04
118/348 [=========>....................] - ETA: 4s - batch_cost: 0.0208 - reader cost: 1.8243e-04
121/348 [=========>....................] - ETA: 4s - batch_cost: 0.0208 - reader cost: 1.7791e-04
124/348 [=========>....................] - ETA: 4s - batch_cost: 0.0208 - reader cost: 1.7360e-04
127/348 [=========>....................] - ETA: 4s - batch_cost: 0.0208 - reader cost: 1.6950e-04
130/348 [==========>...................] - ETA: 4s - batch_cost: 0.0207 - reader cost: 1.6559e-04
133/348 [==========>...................] - ETA: 4s - batch_cost: 0.0207 - reader cost: 1.6185e-04
136/348 [==========>...................] - ETA: 4s - batch_cost: 0.0207 - reader cost: 1.5828e-04
139/348 [==========>...................] - ETA: 4s - batch_cost: 0.0206 - reader cost: 1.5487e-04
143/348 [===========>..................] - ETA: 4s - batch_cost: 0.0205 - reader cost: 1.5054e-04
146/348 [===========>..................] - ETA: 4s - batch_cost: 0.0204 - reader cost: 1.4744e-04
149/348 [===========>..................] - ETA: 4s - batch_cost: 0.0204 - reader cost: 1.4447e-04
153/348 [============>.................] - ETA: 3s - batch_cost: 0.0202 - reader cost: 1.4070e-04
156/348 [============>.................] - ETA: 3s - batch_cost: 0.0202 - reader cost: 1.3799e-04
159/348 [============>.................] - ETA: 3s - batch_cost: 0.0202 - reader cost: 1.3539e-04
162/348 [============>.................] - ETA: 3s - batch_cost: 0.0202 - reader cost: 1.3288e-04
166/348 [=============>................] - ETA: 3s - batch_cost: 0.0200 - reader cost: 1.3569e-04
170/348 [=============>................] - ETA: 3s - batch_cost: 0.0200 - reader cost: 1.3833e-04
174/348 [==============>...............] - ETA: 3s - batch_cost: 0.0199 - reader cost: 1.3515e-04
177/348 [==============>...............] - ETA: 3s - batch_cost: 0.0198 - reader cost: 1.3286e-04
180/348 [==============>...............] - ETA: 3s - batch_cost: 0.0198 - reader cost: 1.3621e-04
183/348 [==============>...............] - ETA: 3s - batch_cost: 0.0198 - reader cost: 1.3398e-04
186/348 [===============>..............] - ETA: 3s - batch_cost: 0.0197 - reader cost: 1.3182e-04
190/348 [===============>..............] - ETA: 3s - batch_cost: 0.0197 - reader cost: 1.2904e-04
193/348 [===============>..............] - ETA: 3s - batch_cost: 0.0196 - reader cost: 1.2704e-04
196/348 [===============>..............] - ETA: 3s - batch_cost: 0.0196 - reader cost: 1.2509e-04
199/348 [================>.............] - ETA: 2s - batch_cost: 0.0197 - reader cost: 1.2321e-04
202/348 [================>.............] - ETA: 2s - batch_cost: 0.0197 - reader cost: 1.2138e-04
205/348 [================>.............] - ETA: 2s - batch_cost: 0.0197 - reader cost: 1.1960e-04
208/348 [================>.............] - ETA: 2s - batch_cost: 0.0198 - reader cost: 1.1788e-04
211/348 [=================>............] - ETA: 2s - batch_cost: 0.0198 - reader cost: 1.1620e-04
214/348 [=================>............] - ETA: 2s - batch_cost: 0.0198 - reader cost: 1.1457e-04
217/348 [=================>............] - ETA: 2s - batch_cost: 0.0197 - reader cost: 1.1299e-04
220/348 [=================>............] - ETA: 2s - batch_cost: 0.0197 - reader cost: 1.1145e-04
224/348 [==================>...........] - ETA: 2s - batch_cost: 0.0197 - reader cost: 1.0946e-04
227/348 [==================>...........] - ETA: 2s - batch_cost: 0.0196 - reader cost: 1.0801e-04
230/348 [==================>...........] - ETA: 2s - batch_cost: 0.0196 - reader cost: 1.0660e-04
233/348 [===================>..........] - ETA: 2s - batch_cost: 0.0196 - reader cost: 1.0523e-04
236/348 [===================>..........] - ETA: 2s - batch_cost: 0.0196 - reader cost: 1.0389e-04
240/348 [===================>..........] - ETA: 2s - batch_cost: 0.0195 - reader cost: 1.0633e-04
244/348 [====================>.........] - ETA: 2s - batch_cost: 0.0195 - reader cost: 1.0458e-04
248/348 [====================>.........] - ETA: 1s - batch_cost: 0.0194 - reader cost: 1.0290e-04
252/348 [====================>.........] - ETA: 1s - batch_cost: 0.0194 - reader cost: 1.0126e-04
256/348 [=====================>........] - ETA: 1s - batch_cost: 0.0193 - reader cost: 1.0359e-04
259/348 [=====================>........] - ETA: 1s - batch_cost: 0.0194 - reader cost: 1.0625e-04
262/348 [=====================>........] - ETA: 1s - batch_cost: 0.0193 - reader cost: 1.0504e-04
265/348 [=====================>........] - ETA: 1s - batch_cost: 0.0193 - reader cost: 1.0385e-04
268/348 [======================>.......] - ETA: 1s - batch_cost: 0.0193 - reader cost: 1.0268e-04
271/348 [======================>.......] - ETA: 1s - batch_cost: 0.0193 - reader cost: 1.0155e-04
275/348 [======================>.......] - ETA: 1s - batch_cost: 0.0193 - reader cost: 1.0007e-04
278/348 [======================>.......] - ETA: 1s - batch_cost: 0.0193 - reader cost: 9.8990e-05
281/348 [=======================>......] - ETA: 1s - batch_cost: 0.0193 - reader cost: 9.7933e-05
284/348 [=======================>......] - ETA: 1s - batch_cost: 0.0193 - reader cost: 9.6899e-05
288/348 [=======================>......] - ETA: 1s - batch_cost: 0.0193 - reader cost: 1.0249e-04
291/348 [========================>.....] - ETA: 1s - batch_cost: 0.0192 - reader cost: 1.0143e-04
295/348 [========================>.....] - ETA: 1s - batch_cost: 0.0192 - reader cost: 1.0345e-04
299/348 [========================>.....] - ETA: 0s - batch_cost: 0.0191 - reader cost: 1.0206e-04
303/348 [=========================>....] - ETA: 0s - batch_cost: 0.0191 - reader cost: 1.0072e-04
307/348 [=========================>....] - ETA: 0s - batch_cost: 0.0191 - reader cost: 9.9403e-05
310/348 [=========================>....] - ETA: 0s - batch_cost: 0.0191 - reader cost: 9.8441e-05
313/348 [=========================>....] - ETA: 0s - batch_cost: 0.0191 - reader cost: 9.9597e-05
317/348 [==========================>...] - ETA: 0s - batch_cost: 0.0190 - reader cost: 9.8340e-05
320/348 [==========================>...] - ETA: 0s - batch_cost: 0.0191 - reader cost: 9.7418e-05
323/348 [==========================>...] - ETA: 0s - batch_cost: 0.0190 - reader cost: 9.9609e-05
327/348 [===========================>..] - ETA: 0s - batch_cost: 0.0190 - reader cost: 9.8390e-05
330/348 [===========================>..] - ETA: 0s - batch_cost: 0.0190 - reader cost: 9.9218e-05
333/348 [===========================>..] - ETA: 0s - batch_cost: 0.0190 - reader cost: 9.8324e-05
336/348 [===========================>..] - ETA: 0s - batch_cost: 0.0190 - reader cost: 9.7446e-05
339/348 [============================>.] - ETA: 0s - batch_cost: 0.0190 - reader cost: 9.9532e-05
342/348 [============================>.] - ETA: 0s - batch_cost: 0.0190 - reader cost: 9.8659e-05
345/348 [============================>.] - ETA: 0s - batch_cost: 0.0190 - reader cost: 9.7801e-05
348/348 [==============================] - 7s 19ms/step - batch_cost: 0.0190 - reader cost: 9.6958e-05

  1/348 [..............................] - ETA: 11s - batch_cost: 0.0326 - reader cost: 0.0083
  4/348 [..............................] - ETA: 8s - batch_cost: 0.0234 - reader cost: 0.0021 
  7/348 [..............................] - ETA: 7s - batch_cost: 0.0205 - reader cost: 0.0012
 10/348 [..............................] - ETA: 6s - batch_cost: 0.0195 - reader cost: 8.3420e-04
 13/348 [>.............................] - ETA: 6s - batch_cost: 0.0194 - reader cost: 6.4169e-04
 16/348 [>.............................] - ETA: 6s - batch_cost: 0.0196 - reader cost: 5.2138e-04
 19/348 [>.............................] - ETA: 6s - batch_cost: 0.0197 - reader cost: 4.3905e-04
 22/348 [>.............................] - ETA: 6s - batch_cost: 0.0196 - reader cost: 3.7918e-04
 25/348 [=>............................] - ETA: 6s - batch_cost: 0.0196 - reader cost: 3.3368e-04
 28/348 [=>............................] - ETA: 6s - batch_cost: 0.0192 - reader cost: 3.3334e-04
 32/348 [=>............................] - ETA: 6s - batch_cost: 0.0190 - reader cost: 2.9168e-04
 35/348 [==>...........................] - ETA: 6s - batch_cost: 0.0191 - reader cost: 2.6667e-04
 38/348 [==>...........................] - ETA: 5s - batch_cost: 0.0191 - reader cost: 2.4562e-04
 41/348 [==>...........................] - ETA: 5s - batch_cost: 0.0191 - reader cost: 2.2765e-04
 45/348 [==>...........................] - ETA: 5s - batch_cost: 0.0189 - reader cost: 2.0741e-04
 49/348 [===>..........................] - ETA: 5s - batch_cost: 0.0187 - reader cost: 2.1090e-04
 53/348 [===>..........................] - ETA: 5s - batch_cost: 0.0186 - reader cost: 1.9498e-04
 56/348 [===>..........................] - ETA: 5s - batch_cost: 0.0185 - reader cost: 1.8454e-04
 59/348 [====>.........................] - ETA: 5s - batch_cost: 0.0185 - reader cost: 1.9229e-04
 62/348 [====>.........................] - ETA: 5s - batch_cost: 0.0185 - reader cost: 1.8299e-04
 65/348 [====>.........................] - ETA: 5s - batch_cost: 0.0185 - reader cost: 1.7454e-04
 68/348 [====>.........................] - ETA: 5s - batch_cost: 0.0185 - reader cost: 1.8155e-04
 71/348 [=====>........................] - ETA: 5s - batch_cost: 0.0184 - reader cost: 1.7388e-04
 74/348 [=====>........................] - ETA: 5s - batch_cost: 0.0185 - reader cost: 1.6683e-04
 77/348 [=====>........................] - ETA: 5s - batch_cost: 0.0185 - reader cost: 1.6033e-04
 80/348 [=====>........................] - ETA: 5s - batch_cost: 0.0185 - reader cost: 1.5432e-04
 83/348 [======>.......................] - ETA: 4s - batch_cost: 0.0186 - reader cost: 1.6705e-04
 85/348 [======>.......................] - ETA: 4s - batch_cost: 0.0188 - reader cost: 1.6312e-04
 88/348 [======>.......................] - ETA: 4s - batch_cost: 0.0189 - reader cost: 1.5756e-04
 91/348 [======>.......................] - ETA: 4s - batch_cost: 0.0191 - reader cost: 1.6890e-04
 94/348 [=======>......................] - ETA: 4s - batch_cost: 0.0192 - reader cost: 1.6351e-04
 97/348 [=======>......................] - ETA: 4s - batch_cost: 0.0193 - reader cost: 1.5845e-04
100/348 [=======>......................] - ETA: 4s - batch_cost: 0.0194 - reader cost: 1.5370e-04
103/348 [=======>......................] - ETA: 4s - batch_cost: 0.0194 - reader cost: 1.4922e-04
106/348 [========>.....................] - ETA: 4s - batch_cost: 0.0194 - reader cost: 1.5444e-04
109/348 [========>.....................] - ETA: 4s - batch_cost: 0.0195 - reader cost: 1.5019e-04
112/348 [========>.....................] - ETA: 4s - batch_cost: 0.0195 - reader cost: 1.4616e-04
115/348 [========>.....................] - ETA: 4s - batch_cost: 0.0194 - reader cost: 1.4235e-04
118/348 [=========>....................] - ETA: 4s - batch_cost: 0.0194 - reader cost: 1.3873e-04
121/348 [=========>....................] - ETA: 4s - batch_cost: 0.0193 - reader cost: 1.3529e-04
124/348 [=========>....................] - ETA: 4s - batch_cost: 0.0193 - reader cost: 1.3608e-04
128/348 [==========>...................] - ETA: 4s - batch_cost: 0.0192 - reader cost: 1.3183e-04
132/348 [==========>...................] - ETA: 4s - batch_cost: 0.0191 - reader cost: 1.2783e-04
135/348 [==========>...................] - ETA: 4s - batch_cost: 0.0191 - reader cost: 1.2499e-04
138/348 [==========>...................] - ETA: 4s - batch_cost: 0.0191 - reader cost: 1.2952e-04
141/348 [===========>..................] - ETA: 3s - batch_cost: 0.0191 - reader cost: 1.3380e-04
144/348 [===========>..................] - ETA: 3s - batch_cost: 0.0190 - reader cost: 1.3101e-04
148/348 [===========>..................] - ETA: 3s - batch_cost: 0.0189 - reader cost: 1.2747e-04
151/348 [============>.................] - ETA: 3s - batch_cost: 0.0190 - reader cost: 1.2494e-04
154/348 [============>.................] - ETA: 3s - batch_cost: 0.0190 - reader cost: 1.2250e-04
158/348 [============>.................] - ETA: 3s - batch_cost: 0.0189 - reader cost: 1.2615e-04
161/348 [============>.................] - ETA: 3s - batch_cost: 0.0189 - reader cost: 1.2380e-04
164/348 [=============>................] - ETA: 3s - batch_cost: 0.0189 - reader cost: 1.2154e-04
167/348 [=============>................] - ETA: 3s - batch_cost: 0.0189 - reader cost: 1.1935e-04
170/348 [=============>................] - ETA: 3s - batch_cost: 0.0190 - reader cost: 1.2354e-04
173/348 [=============>................] - ETA: 3s - batch_cost: 0.0191 - reader cost: 1.2723e-04
176/348 [==============>...............] - ETA: 3s - batch_cost: 0.0191 - reader cost: 1.2506e-04
179/348 [==============>...............] - ETA: 3s - batch_cost: 0.0191 - reader cost: 1.2296e-04
182/348 [==============>...............] - ETA: 3s - batch_cost: 0.0191 - reader cost: 1.2094e-04
185/348 [==============>...............] - ETA: 3s - batch_cost: 0.0191 - reader cost: 1.2438e-04
188/348 [===============>..............] - ETA: 3s - batch_cost: 0.0192 - reader cost: 1.2239e-04
191/348 [===============>..............] - ETA: 3s - batch_cost: 0.0192 - reader cost: 1.2571e-04
194/348 [===============>..............] - ETA: 2s - batch_cost: 0.0191 - reader cost: 1.2376e-04
198/348 [================>.............] - ETA: 2s - batch_cost: 0.0191 - reader cost: 1.2628e-04
201/348 [================>.............] - ETA: 2s - batch_cost: 0.0190 - reader cost: 1.2439e-04
204/348 [================>.............] - ETA: 2s - batch_cost: 0.0190 - reader cost: 1.2256e-04
207/348 [================>.............] - ETA: 2s - batch_cost: 0.0190 - reader cost: 1.2078e-04
210/348 [=================>............] - ETA: 2s - batch_cost: 0.0190 - reader cost: 1.1906e-04
213/348 [=================>............] - ETA: 2s - batch_cost: 0.0190 - reader cost: 1.1738e-04
216/348 [=================>............] - ETA: 2s - batch_cost: 0.0190 - reader cost: 1.1575e-04
219/348 [=================>............] - ETA: 2s - batch_cost: 0.0190 - reader cost: 1.1869e-04
222/348 [==================>...........] - ETA: 2s - batch_cost: 0.0190 - reader cost: 1.1709e-04
225/348 [==================>...........] - ETA: 2s - batch_cost: 0.0190 - reader cost: 1.1553e-04
229/348 [==================>...........] - ETA: 2s - batch_cost: 0.0190 - reader cost: 1.1789e-04
232/348 [===================>..........] - ETA: 2s - batch_cost: 0.0190 - reader cost: 1.1636e-04
235/348 [===================>..........] - ETA: 2s - batch_cost: 0.0190 - reader cost: 1.1488e-04
238/348 [===================>..........] - ETA: 2s - batch_cost: 0.0190 - reader cost: 1.1760e-04
241/348 [===================>..........] - ETA: 2s - batch_cost: 0.0190 - reader cost: 1.1613e-04
244/348 [====================>.........] - ETA: 1s - batch_cost: 0.0190 - reader cost: 1.1880e-04
247/348 [====================>.........] - ETA: 1s - batch_cost: 0.0190 - reader cost: 1.1736e-04
250/348 [====================>.........] - ETA: 1s - batch_cost: 0.0190 - reader cost: 1.1595e-04
253/348 [====================>.........] - ETA: 1s - batch_cost: 0.0190 - reader cost: 1.1657e-04
256/348 [=====================>........] - ETA: 1s - batch_cost: 0.0190 - reader cost: 1.1521e-04
259/348 [=====================>........] - ETA: 1s - batch_cost: 0.0191 - reader cost: 1.1387e-04
262/348 [=====================>........] - ETA: 1s - batch_cost: 0.0190 - reader cost: 1.1257e-04
265/348 [=====================>........] - ETA: 1s - batch_cost: 0.0190 - reader cost: 1.1129e-04
268/348 [======================>.......] - ETA: 1s - batch_cost: 0.0190 - reader cost: 1.1005e-04
271/348 [======================>.......] - ETA: 1s - batch_cost: 0.0190 - reader cost: 1.0883e-04
274/348 [======================>.......] - ETA: 1s - batch_cost: 0.0190 - reader cost: 1.0764e-04
277/348 [======================>.......] - ETA: 1s - batch_cost: 0.0190 - reader cost: 1.0647e-04
280/348 [=======================>......] - ETA: 1s - batch_cost: 0.0190 - reader cost: 1.0533e-04
283/348 [=======================>......] - ETA: 1s - batch_cost: 0.0190 - reader cost: 1.0422e-04
287/348 [=======================>......] - ETA: 1s - batch_cost: 0.0190 - reader cost: 1.0276e-04
290/348 [========================>.....] - ETA: 1s - batch_cost: 0.0190 - reader cost: 1.0170e-04
293/348 [========================>.....] - ETA: 1s - batch_cost: 0.0190 - reader cost: 1.0066e-04
297/348 [========================>.....] - ETA: 0s - batch_cost: 0.0189 - reader cost: 9.9303e-05
300/348 [========================>.....] - ETA: 0s - batch_cost: 0.0189 - reader cost: 9.8310e-05
303/348 [=========================>....] - ETA: 0s - batch_cost: 0.0189 - reader cost: 9.7336e-05
306/348 [=========================>....] - ETA: 0s - batch_cost: 0.0189 - reader cost: 9.6382e-05
309/348 [=========================>....] - ETA: 0s - batch_cost: 0.0189 - reader cost: 9.7111e-05
312/348 [=========================>....] - ETA: 0s - batch_cost: 0.0189 - reader cost: 9.9404e-05
315/348 [==========================>...] - ETA: 0s - batch_cost: 0.0190 - reader cost: 9.8457e-05
318/348 [==========================>...] - ETA: 0s - batch_cost: 0.0190 - reader cost: 9.7528e-05
321/348 [==========================>...] - ETA: 0s - batch_cost: 0.0190 - reader cost: 9.6617e-05
323/348 [==========================>...] - ETA: 0s - batch_cost: 0.0191 - reader cost: 9.6018e-05
326/348 [===========================>..] - ETA: 0s - batch_cost: 0.0191 - reader cost: 9.5135e-05
329/348 [===========================>..] - ETA: 0s - batch_cost: 0.0191 - reader cost: 9.4267e-05
331/348 [===========================>..] - ETA: 0s - batch_cost: 0.0191 - reader cost: 9.3698e-05
334/348 [===========================>..] - ETA: 0s - batch_cost: 0.0192 - reader cost: 9.2856e-05
337/348 [============================>.] - ETA: 0s - batch_cost: 0.0192 - reader cost: 9.2030e-05
340/348 [============================>.] - ETA: 0s - batch_cost: 0.0192 - reader cost: 9.1218e-05
343/348 [============================>.] - ETA: 0s - batch_cost: 0.0192 - reader cost: 9.0420e-05
347/348 [============================>.] - ETA: 0s - batch_cost: 0.0191 - reader cost: 8.9377e-05
348/348 [==============================] - 7s 19ms/step - batch_cost: 0.0191 - reader cost: 8.9121e-05

  1/348 [..............................] - ETA: 14s - batch_cost: 0.0411 - reader cost: 0.0089
  3/348 [..............................] - ETA: 12s - batch_cost: 0.0344 - reader cost: 0.0030
  5/348 [..............................] - ETA: 11s - batch_cost: 0.0320 - reader cost: 0.0018
  7/348 [..............................] - ETA: 10s - batch_cost: 0.0300 - reader cost: 0.0013
  9/348 [..............................] - ETA: 9s - batch_cost: 0.0289 - reader cost: 9.8382e-04
 12/348 [>.............................] - ETA: 9s - batch_cost: 0.0275 - reader cost: 8.2137e-04
 14/348 [>.............................] - ETA: 9s - batch_cost: 0.0276 - reader cost: 7.0403e-04
 17/348 [>.............................] - ETA: 9s - batch_cost: 0.0277 - reader cost: 6.3861e-04
 19/348 [>.............................] - ETA: 9s - batch_cost: 0.0278 - reader cost: 5.7139e-04
 21/348 [>.............................] - ETA: 9s - batch_cost: 0.0279 - reader cost: 5.1697e-04
 23/348 [>.............................] - ETA: 9s - batch_cost: 0.0281 - reader cost: 4.7202e-04
 26/348 [=>............................] - ETA: 9s - batch_cost: 0.0277 - reader cost: 4.1755e-04
 28/348 [=>............................] - ETA: 8s - batch_cost: 0.0276 - reader cost: 3.8773e-04
 30/348 [=>............................] - ETA: 8s - batch_cost: 0.0278 - reader cost: 3.6188e-04
 32/348 [=>............................] - ETA: 8s - batch_cost: 0.0278 - reader cost: 3.3926e-04
 35/348 [==>...........................] - ETA: 8s - batch_cost: 0.0272 - reader cost: 3.1018e-04
 38/348 [==>...........................] - ETA: 8s - batch_cost: 0.0264 - reader cost: 2.9947e-04
 42/348 [==>...........................] - ETA: 7s - batch_cost: 0.0254 - reader cost: 2.7095e-04
 46/348 [==>...........................] - ETA: 7s - batch_cost: 0.0246 - reader cost: 2.8006e-04
 50/348 [===>..........................] - ETA: 7s - batch_cost: 0.0239 - reader cost: 2.5766e-04
 54/348 [===>..........................] - ETA: 6s - batch_cost: 0.0232 - reader cost: 2.3857e-04
 57/348 [===>..........................] - ETA: 6s - batch_cost: 0.0229 - reader cost: 2.2602e-04
 61/348 [====>.........................] - ETA: 6s - batch_cost: 0.0225 - reader cost: 2.1120e-04
 64/348 [====>.........................] - ETA: 6s - batch_cost: 0.0223 - reader cost: 2.0130e-04
 68/348 [====>.........................] - ETA: 6s - batch_cost: 0.0220 - reader cost: 1.8946e-04
 71/348 [=====>........................] - ETA: 6s - batch_cost: 0.0218 - reader cost: 1.8145e-04
 75/348 [=====>........................] - ETA: 5s - batch_cost: 0.0214 - reader cost: 1.7177e-04
 79/348 [=====>........................] - ETA: 5s - batch_cost: 0.0212 - reader cost: 1.6308e-04
 82/348 [======>.......................] - ETA: 5s - batch_cost: 0.0210 - reader cost: 1.5711e-04
 85/348 [======>.......................] - ETA: 5s - batch_cost: 0.0209 - reader cost: 1.5156e-04
 88/348 [======>.......................] - ETA: 5s - batch_cost: 0.0208 - reader cost: 1.5776e-04
 91/348 [======>.......................] - ETA: 5s - batch_cost: 0.0206 - reader cost: 1.5256e-04
 94/348 [=======>......................] - ETA: 5s - batch_cost: 0.0206 - reader cost: 1.5834e-04
 97/348 [=======>......................] - ETA: 5s - batch_cost: 0.0206 - reader cost: 1.5344e-04
100/348 [=======>......................] - ETA: 5s - batch_cost: 0.0206 - reader cost: 1.4884e-04
104/348 [=======>......................] - ETA: 5s - batch_cost: 0.0205 - reader cost: 1.4312e-04
108/348 [========>.....................] - ETA: 4s - batch_cost: 0.0203 - reader cost: 1.4700e-04
112/348 [========>.....................] - ETA: 4s - batch_cost: 0.0201 - reader cost: 1.5072e-04
115/348 [========>.....................] - ETA: 4s - batch_cost: 0.0201 - reader cost: 1.4678e-04
119/348 [=========>....................] - ETA: 4s - batch_cost: 0.0199 - reader cost: 1.4185e-04
122/348 [=========>....................] - ETA: 4s - batch_cost: 0.0198 - reader cost: 1.3836e-04
126/348 [=========>....................] - ETA: 4s - batch_cost: 0.0197 - reader cost: 1.3397e-04
130/348 [==========>...................] - ETA: 4s - batch_cost: 0.0196 - reader cost: 1.2985e-04
134/348 [==========>...................] - ETA: 4s - batch_cost: 0.0194 - reader cost: 1.2597e-04
138/348 [==========>...................] - ETA: 4s - batch_cost: 0.0193 - reader cost: 1.2232e-04
141/348 [===========>..................] - ETA: 4s - batch_cost: 0.0193 - reader cost: 1.1972e-04
144/348 [===========>..................] - ETA: 3s - batch_cost: 0.0193 - reader cost: 1.1722e-04
148/348 [===========>..................] - ETA: 3s - batch_cost: 0.0192 - reader cost: 1.1406e-04
151/348 [============>.................] - ETA: 3s - batch_cost: 0.0192 - reader cost: 1.1179e-04
155/348 [============>.................] - ETA: 3s - batch_cost: 0.0191 - reader cost: 1.0890e-04
158/348 [============>.................] - ETA: 3s - batch_cost: 0.0190 - reader cost: 1.0684e-04
161/348 [============>.................] - ETA: 3s - batch_cost: 0.0190 - reader cost: 1.0485e-04
164/348 [=============>................] - ETA: 3s - batch_cost: 0.0191 - reader cost: 1.0293e-04
167/348 [=============>................] - ETA: 3s - batch_cost: 0.0192 - reader cost: 1.0108e-04
170/348 [=============>................] - ETA: 3s - batch_cost: 0.0193 - reader cost: 9.9296e-05
173/348 [=============>................] - ETA: 3s - batch_cost: 0.0193 - reader cost: 9.7574e-05
177/348 [==============>...............] - ETA: 3s - batch_cost: 0.0192 - reader cost: 9.5369e-05
180/348 [==============>...............] - ETA: 3s - batch_cost: 0.0192 - reader cost: 9.3779e-05
183/348 [==============>...............] - ETA: 3s - batch_cost: 0.0192 - reader cost: 9.2242e-05
186/348 [===============>..............] - ETA: 3s - batch_cost: 0.0193 - reader cost: 9.0754e-05
189/348 [===============>..............] - ETA: 3s - batch_cost: 0.0193 - reader cost: 8.9314e-05
192/348 [===============>..............] - ETA: 3s - batch_cost: 0.0193 - reader cost: 8.7918e-05
195/348 [===============>..............] - ETA: 2s - batch_cost: 0.0192 - reader cost: 8.6566e-05
198/348 [================>.............] - ETA: 2s - batch_cost: 0.0193 - reader cost: 8.5254e-05
201/348 [================>.............] - ETA: 2s - batch_cost: 0.0192 - reader cost: 8.3981e-05
204/348 [================>.............] - ETA: 2s - batch_cost: 0.0193 - reader cost: 8.2746e-05
207/348 [================>.............] - ETA: 2s - batch_cost: 0.0194 - reader cost: 8.1547e-05
210/348 [=================>............] - ETA: 2s - batch_cost: 0.0194 - reader cost: 8.0382e-05
213/348 [=================>............] - ETA: 2s - batch_cost: 0.0194 - reader cost: 7.9250e-05
216/348 [=================>............] - ETA: 2s - batch_cost: 0.0195 - reader cost: 8.2781e-05
219/348 [=================>............] - ETA: 2s - batch_cost: 0.0195 - reader cost: 8.1647e-05
223/348 [==================>...........] - ETA: 2s - batch_cost: 0.0194 - reader cost: 8.0182e-05
226/348 [==================>...........] - ETA: 2s - batch_cost: 0.0194 - reader cost: 7.9118e-05
230/348 [==================>...........] - ETA: 2s - batch_cost: 0.0193 - reader cost: 7.7742e-05
234/348 [===================>..........] - ETA: 2s - batch_cost: 0.0193 - reader cost: 7.6413e-05
237/348 [===================>..........] - ETA: 2s - batch_cost: 0.0192 - reader cost: 7.5446e-05
240/348 [===================>..........] - ETA: 2s - batch_cost: 0.0193 - reader cost: 7.8635e-05
243/348 [===================>..........] - ETA: 2s - batch_cost: 0.0192 - reader cost: 7.7665e-05
247/348 [====================>.........] - ETA: 1s - batch_cost: 0.0192 - reader cost: 8.0511e-05
250/348 [====================>.........] - ETA: 1s - batch_cost: 0.0191 - reader cost: 7.9545e-05
254/348 [====================>.........] - ETA: 1s - batch_cost: 0.0191 - reader cost: 7.8292e-05
257/348 [=====================>........] - ETA: 1s - batch_cost: 0.0191 - reader cost: 7.7378e-05
260/348 [=====================>........] - ETA: 1s - batch_cost: 0.0191 - reader cost: 7.6486e-05
263/348 [=====================>........] - ETA: 1s - batch_cost: 0.0191 - reader cost: 7.5613e-05
266/348 [=====================>........] - ETA: 1s - batch_cost: 0.0191 - reader cost: 7.4760e-05
269/348 [======================>.......] - ETA: 1s - batch_cost: 0.0191 - reader cost: 7.3927e-05
272/348 [======================>.......] - ETA: 1s - batch_cost: 0.0191 - reader cost: 7.3111e-05
275/348 [======================>.......] - ETA: 1s - batch_cost: 0.0191 - reader cost: 7.2314e-05
278/348 [======================>.......] - ETA: 1s - batch_cost: 0.0191 - reader cost: 7.1533e-05
282/348 [=======================>......] - ETA: 1s - batch_cost: 0.0191 - reader cost: 7.0519e-05
285/348 [=======================>......] - ETA: 1s - batch_cost: 0.0191 - reader cost: 6.9776e-05
288/348 [=======================>......] - ETA: 1s - batch_cost: 0.0191 - reader cost: 6.9049e-05
291/348 [========================>.....] - ETA: 1s - batch_cost: 0.0191 - reader cost: 6.8338e-05
295/348 [========================>.....] - ETA: 1s - batch_cost: 0.0190 - reader cost: 6.7411e-05
298/348 [========================>.....] - ETA: 0s - batch_cost: 0.0190 - reader cost: 6.6732e-05
302/348 [=========================>....] - ETA: 0s - batch_cost: 0.0190 - reader cost: 6.5849e-05
305/348 [=========================>....] - ETA: 0s - batch_cost: 0.0190 - reader cost: 6.8482e-05
308/348 [=========================>....] - ETA: 0s - batch_cost: 0.0190 - reader cost: 6.7815e-05
311/348 [=========================>....] - ETA: 0s - batch_cost: 0.0190 - reader cost: 6.7160e-05
314/348 [==========================>...] - ETA: 0s - batch_cost: 0.0191 - reader cost: 6.6519e-05
317/348 [==========================>...] - ETA: 0s - batch_cost: 0.0190 - reader cost: 6.5889e-05
321/348 [==========================>...] - ETA: 0s - batch_cost: 0.0190 - reader cost: 6.5068e-05
324/348 [==========================>...] - ETA: 0s - batch_cost: 0.0190 - reader cost: 6.4466e-05
327/348 [===========================>..] - ETA: 0s - batch_cost: 0.0190 - reader cost: 6.3874e-05
330/348 [===========================>..] - ETA: 0s - batch_cost: 0.0190 - reader cost: 6.3294e-05
333/348 [===========================>..] - ETA: 0s - batch_cost: 0.0190 - reader cost: 6.2723e-05
337/348 [============================>.] - ETA: 0s - batch_cost: 0.0189 - reader cost: 6.1979e-05
341/348 [============================>.] - ETA: 0s - batch_cost: 0.0189 - reader cost: 6.1252e-05
344/348 [============================>.] - ETA: 0s - batch_cost: 0.0189 - reader cost: 6.0718e-05
348/348 [==============================] - 7s 19ms/step - batch_cost: 0.0189 - reader cost: 6.0020e-05

  1/348 [..............................] - ETA: 13s - batch_cost: 0.0383 - reader cost: 0.0095
  3/348 [..............................] - ETA: 10s - batch_cost: 0.0301 - reader cost: 0.0032
  6/348 [..............................] - ETA: 8s - batch_cost: 0.0244 - reader cost: 0.0016 
  9/348 [..............................] - ETA: 7s - batch_cost: 0.0229 - reader cost: 0.0011
 12/348 [>.............................] - ETA: 7s - batch_cost: 0.0216 - reader cost: 7.9225e-04
 15/348 [>.............................] - ETA: 6s - batch_cost: 0.0206 - reader cost: 6.3380e-04
 18/348 [>.............................] - ETA: 6s - batch_cost: 0.0200 - reader cost: 5.2816e-04
 21/348 [>.............................] - ETA: 6s - batch_cost: 0.0202 - reader cost: 4.5271e-04
 24/348 [=>............................] - ETA: 6s - batch_cost: 0.0199 - reader cost: 4.3746e-04
 28/348 [=>............................] - ETA: 6s - batch_cost: 0.0196 - reader cost: 3.7496e-04
 31/348 [=>............................] - ETA: 6s - batch_cost: 0.0196 - reader cost: 3.7093e-04
 34/348 [=>............................] - ETA: 6s - batch_cost: 0.0198 - reader cost: 3.6770e-04
 37/348 [==>...........................] - ETA: 6s - batch_cost: 0.0197 - reader cost: 3.3788e-04
 40/348 [==>...........................] - ETA: 6s - batch_cost: 0.0195 - reader cost: 3.1254e-04
 43/348 [==>...........................] - ETA: 5s - batch_cost: 0.0193 - reader cost: 2.9074e-04
 47/348 [===>..........................] - ETA: 5s - batch_cost: 0.0190 - reader cost: 2.6599e-04
 51/348 [===>..........................] - ETA: 5s - batch_cost: 0.0187 - reader cost: 2.4513e-04
 55/348 [===>..........................] - ETA: 5s - batch_cost: 0.0184 - reader cost: 2.2730e-04
 58/348 [====>.........................] - ETA: 5s - batch_cost: 0.0185 - reader cost: 2.1555e-04
 62/348 [====>.........................] - ETA: 5s - batch_cost: 0.0184 - reader cost: 2.0164e-04
 65/348 [====>.........................] - ETA: 5s - batch_cost: 0.0184 - reader cost: 1.9233e-04
 68/348 [====>.........................] - ETA: 5s - batch_cost: 0.0183 - reader cost: 1.8385e-04
 72/348 [=====>........................] - ETA: 5s - batch_cost: 0.0182 - reader cost: 1.7363e-04
 75/348 [=====>........................] - ETA: 5s - batch_cost: 0.0182 - reader cost: 1.6669e-04
 78/348 [=====>........................] - ETA: 5s - batch_cost: 0.0183 - reader cost: 1.6028e-04
 80/348 [=====>........................] - ETA: 5s - batch_cost: 0.0185 - reader cost: 1.6876e-04
 82/348 [======>.......................] - ETA: 5s - batch_cost: 0.0187 - reader cost: 1.6465e-04
 85/348 [======>.......................] - ETA: 5s - batch_cost: 0.0188 - reader cost: 1.5884e-04
 88/348 [======>.......................] - ETA: 4s - batch_cost: 0.0189 - reader cost: 1.5342e-04
 91/348 [======>.......................] - ETA: 4s - batch_cost: 0.0191 - reader cost: 1.4836e-04
 94/348 [=======>......................] - ETA: 4s - batch_cost: 0.0190 - reader cost: 1.4363e-04
 97/348 [=======>......................] - ETA: 4s - batch_cost: 0.0190 - reader cost: 1.3919e-04
100/348 [=======>......................] - ETA: 4s - batch_cost: 0.0191 - reader cost: 1.3501e-04
103/348 [=======>......................] - ETA: 4s - batch_cost: 0.0191 - reader cost: 1.3108e-04
106/348 [========>.....................] - ETA: 4s - batch_cost: 0.0193 - reader cost: 1.2737e-04
109/348 [========>.....................] - ETA: 4s - batch_cost: 0.0192 - reader cost: 1.2386e-04
112/348 [========>.....................] - ETA: 4s - batch_cost: 0.0193 - reader cost: 1.2055e-04
116/348 [=========>....................] - ETA: 4s - batch_cost: 0.0192 - reader cost: 1.3371e-04
120/348 [=========>....................] - ETA: 4s - batch_cost: 0.0191 - reader cost: 1.2925e-04
123/348 [=========>....................] - ETA: 4s - batch_cost: 0.0190 - reader cost: 1.3027e-04
126/348 [=========>....................] - ETA: 4s - batch_cost: 0.0190 - reader cost: 1.2717e-04
129/348 [==========>...................] - ETA: 4s - batch_cost: 0.0190 - reader cost: 1.2421e-04
132/348 [==========>...................] - ETA: 4s - batch_cost: 0.0190 - reader cost: 1.2139e-04
135/348 [==========>...................] - ETA: 4s - batch_cost: 0.0190 - reader cost: 1.1869e-04
138/348 [==========>...................] - ETA: 4s - batch_cost: 0.0189 - reader cost: 1.1611e-04
141/348 [===========>..................] - ETA: 3s - batch_cost: 0.0189 - reader cost: 1.1364e-04
145/348 [===========>..................] - ETA: 3s - batch_cost: 0.0188 - reader cost: 1.1734e-04
148/348 [===========>..................] - ETA: 3s - batch_cost: 0.0188 - reader cost: 1.1496e-04
151/348 [============>.................] - ETA: 3s - batch_cost: 0.0188 - reader cost: 1.1268e-04
154/348 [============>.................] - ETA: 3s - batch_cost: 0.0188 - reader cost: 1.1048e-04
157/348 [============>.................] - ETA: 3s - batch_cost: 0.0189 - reader cost: 1.0837e-04
159/348 [============>.................] - ETA: 3s - batch_cost: 0.0190 - reader cost: 1.0701e-04
161/348 [============>.................] - ETA: 3s - batch_cost: 0.0190 - reader cost: 1.0568e-04
163/348 [=============>................] - ETA: 3s - batch_cost: 0.0191 - reader cost: 1.1360e-04
166/348 [=============>................] - ETA: 3s - batch_cost: 0.0192 - reader cost: 1.1155e-04
169/348 [=============>................] - ETA: 3s - batch_cost: 0.0192 - reader cost: 1.0957e-04
172/348 [=============>................] - ETA: 3s - batch_cost: 0.0192 - reader cost: 1.0766e-04
175/348 [==============>...............] - ETA: 3s - batch_cost: 0.0192 - reader cost: 1.0581e-04
178/348 [==============>...............] - ETA: 3s - batch_cost: 0.0193 - reader cost: 1.0403e-04
181/348 [==============>...............] - ETA: 3s - batch_cost: 0.0193 - reader cost: 1.0230e-04
185/348 [==============>...............] - ETA: 3s - batch_cost: 0.0192 - reader cost: 1.0009e-04
188/348 [===============>..............] - ETA: 3s - batch_cost: 0.0192 - reader cost: 9.8495e-05
191/348 [===============>..............] - ETA: 3s - batch_cost: 0.0192 - reader cost: 9.6948e-05
194/348 [===============>..............] - ETA: 2s - batch_cost: 0.0192 - reader cost: 1.0056e-04
197/348 [===============>..............] - ETA: 2s - batch_cost: 0.0192 - reader cost: 9.9030e-05
200/348 [================>.............] - ETA: 2s - batch_cost: 0.0192 - reader cost: 9.7544e-05
203/348 [================>.............] - ETA: 2s - batch_cost: 0.0192 - reader cost: 1.0102e-04
206/348 [================>.............] - ETA: 2s - batch_cost: 0.0192 - reader cost: 1.0473e-04
209/348 [=================>............] - ETA: 2s - batch_cost: 0.0192 - reader cost: 1.0322e-04
212/348 [=================>............] - ETA: 2s - batch_cost: 0.0192 - reader cost: 1.0650e-04
216/348 [=================>............] - ETA: 2s - batch_cost: 0.0191 - reader cost: 1.0452e-04
220/348 [=================>............] - ETA: 2s - batch_cost: 0.0190 - reader cost: 1.0262e-04
223/348 [==================>...........] - ETA: 2s - batch_cost: 0.0190 - reader cost: 1.0124e-04
226/348 [==================>...........] - ETA: 2s - batch_cost: 0.0191 - reader cost: 9.9899e-05
229/348 [==================>...........] - ETA: 2s - batch_cost: 0.0191 - reader cost: 9.8591e-05
232/348 [===================>..........] - ETA: 2s - batch_cost: 0.0191 - reader cost: 9.7316e-05
235/348 [===================>..........] - ETA: 2s - batch_cost: 0.0192 - reader cost: 9.6074e-05
238/348 [===================>..........] - ETA: 2s - batch_cost: 0.0192 - reader cost: 9.4863e-05
242/348 [===================>..........] - ETA: 2s - batch_cost: 0.0191 - reader cost: 9.3295e-05
245/348 [====================>.........] - ETA: 1s - batch_cost: 0.0191 - reader cost: 9.2152e-05
248/348 [====================>.........] - ETA: 1s - batch_cost: 0.0192 - reader cost: 9.1037e-05
251/348 [====================>.........] - ETA: 1s - batch_cost: 0.0191 - reader cost: 8.9949e-05
254/348 [====================>.........] - ETA: 1s - batch_cost: 0.0192 - reader cost: 8.8887e-05
257/348 [=====================>........] - ETA: 1s - batch_cost: 0.0191 - reader cost: 9.1784e-05
260/348 [=====================>........] - ETA: 1s - batch_cost: 0.0191 - reader cost: 9.3323e-05
263/348 [=====================>........] - ETA: 1s - batch_cost: 0.0192 - reader cost: 9.2259e-05
266/348 [=====================>........] - ETA: 1s - batch_cost: 0.0192 - reader cost: 9.1218e-05
270/348 [======================>.......] - ETA: 1s - batch_cost: 0.0192 - reader cost: 8.9867e-05
274/348 [======================>.......] - ETA: 1s - batch_cost: 0.0191 - reader cost: 8.8555e-05
278/348 [======================>.......] - ETA: 1s - batch_cost: 0.0190 - reader cost: 8.7281e-05
282/348 [=======================>......] - ETA: 1s - batch_cost: 0.0190 - reader cost: 8.6043e-05
285/348 [=======================>......] - ETA: 1s - batch_cost: 0.0190 - reader cost: 8.5137e-05
288/348 [=======================>......] - ETA: 1s - batch_cost: 0.0190 - reader cost: 8.4250e-05
291/348 [========================>.....] - ETA: 1s - batch_cost: 0.0190 - reader cost: 8.3382e-05
294/348 [========================>.....] - ETA: 1s - batch_cost: 0.0189 - reader cost: 8.2531e-05
297/348 [========================>.....] - ETA: 0s - batch_cost: 0.0190 - reader cost: 8.1697e-05
301/348 [========================>.....] - ETA: 0s - batch_cost: 0.0189 - reader cost: 8.3962e-05
304/348 [=========================>....] - ETA: 0s - batch_cost: 0.0189 - reader cost: 8.3134e-05
307/348 [=========================>....] - ETA: 0s - batch_cost: 0.0190 - reader cost: 8.2321e-05
310/348 [=========================>....] - ETA: 0s - batch_cost: 0.0190 - reader cost: 8.1525e-05
313/348 [=========================>....] - ETA: 0s - batch_cost: 0.0191 - reader cost: 8.0743e-05
316/348 [==========================>...] - ETA: 0s - batch_cost: 0.0191 - reader cost: 7.9977e-05
319/348 [==========================>...] - ETA: 0s - batch_cost: 0.0191 - reader cost: 7.9224e-05
322/348 [==========================>...] - ETA: 0s - batch_cost: 0.0191 - reader cost: 7.8486e-05
325/348 [===========================>..] - ETA: 0s - batch_cost: 0.0191 - reader cost: 7.7762e-05
329/348 [===========================>..] - ETA: 0s - batch_cost: 0.0191 - reader cost: 7.9852e-05
333/348 [===========================>..] - ETA: 0s - batch_cost: 0.0191 - reader cost: 7.8893e-05
336/348 [===========================>..] - ETA: 0s - batch_cost: 0.0191 - reader cost: 7.8189e-05
339/348 [============================>.] - ETA: 0s - batch_cost: 0.0191 - reader cost: 7.7497e-05
342/348 [============================>.] - ETA: 0s - batch_cost: 0.0191 - reader cost: 7.6817e-05
345/348 [============================>.] - ETA: 0s - batch_cost: 0.0191 - reader cost: 7.6149e-05
348/348 [==============================] - 7s 19ms/step - batch_cost: 0.0190 - reader cost: 7.5492e-05

  1/348 [..............................] - ETA: 14s - batch_cost: 0.0429 - reader cost: 0.0135
  3/348 [..............................] - ETA: 11s - batch_cost: 0.0344 - reader cost: 0.0045
  5/348 [..............................] - ETA: 10s - batch_cost: 0.0307 - reader cost: 0.0027
  8/348 [..............................] - ETA: 9s - batch_cost: 0.0275 - reader cost: 0.0017 
 11/348 [..............................] - ETA: 9s - batch_cost: 0.0268 - reader cost: 0.0012
 13/348 [>.............................] - ETA: 9s - batch_cost: 0.0266 - reader cost: 0.0010
 15/348 [>.............................] - ETA: 9s - batch_cost: 0.0266 - reader cost: 9.0214e-04
 17/348 [>.............................] - ETA: 8s - batch_cost: 0.0267 - reader cost: 7.9601e-04
 19/348 [>.............................] - ETA: 8s - batch_cost: 0.0269 - reader cost: 7.1222e-04
 21/348 [>.............................] - ETA: 8s - batch_cost: 0.0269 - reader cost: 6.4439e-04
 23/348 [>.............................] - ETA: 8s - batch_cost: 0.0267 - reader cost: 5.8835e-04
 25/348 [=>............................] - ETA: 8s - batch_cost: 0.0266 - reader cost: 5.4129e-04
 27/348 [=>............................] - ETA: 8s - batch_cost: 0.0269 - reader cost: 5.2397e-04
 29/348 [=>............................] - ETA: 8s - batch_cost: 0.0271 - reader cost: 4.8784e-04
 31/348 [=>............................] - ETA: 8s - batch_cost: 0.0270 - reader cost: 4.5636e-04
 34/348 [=>............................] - ETA: 8s - batch_cost: 0.0263 - reader cost: 4.1610e-04
 37/348 [==>...........................] - ETA: 8s - batch_cost: 0.0256 - reader cost: 3.8236e-04
 40/348 [==>...........................] - ETA: 7s - batch_cost: 0.0250 - reader cost: 3.5368e-04
 43/348 [==>...........................] - ETA: 7s - batch_cost: 0.0245 - reader cost: 3.2901e-04
 45/348 [==>...........................] - ETA: 7s - batch_cost: 0.0246 - reader cost: 3.3659e-04
 48/348 [===>..........................] - ETA: 7s - batch_cost: 0.0244 - reader cost: 3.1555e-04
 52/348 [===>..........................] - ETA: 7s - batch_cost: 0.0238 - reader cost: 2.9128e-04
 55/348 [===>..........................] - ETA: 6s - batch_cost: 0.0234 - reader cost: 2.7539e-04
 58/348 [====>.........................] - ETA: 6s - batch_cost: 0.0231 - reader cost: 2.6115e-04
 61/348 [====>.........................] - ETA: 6s - batch_cost: 0.0229 - reader cost: 2.5657e-04
 64/348 [====>.........................] - ETA: 6s - batch_cost: 0.0227 - reader cost: 2.6800e-04
 67/348 [====>.........................] - ETA: 6s - batch_cost: 0.0225 - reader cost: 2.7096e-04
 70/348 [=====>........................] - ETA: 6s - batch_cost: 0.0222 - reader cost: 2.7351e-04
 73/348 [=====>........................] - ETA: 6s - batch_cost: 0.0220 - reader cost: 2.6227e-04
 77/348 [=====>........................] - ETA: 5s - batch_cost: 0.0217 - reader cost: 2.4864e-04
 81/348 [=====>........................] - ETA: 5s - batch_cost: 0.0214 - reader cost: 2.3636e-04
 84/348 [======>.......................] - ETA: 5s - batch_cost: 0.0213 - reader cost: 2.2792e-04
 88/348 [======>.......................] - ETA: 5s - batch_cost: 0.0211 - reader cost: 2.1756e-04
 91/348 [======>.......................] - ETA: 5s - batch_cost: 0.0210 - reader cost: 2.1039e-04
 94/348 [=======>......................] - ETA: 5s - batch_cost: 0.0209 - reader cost: 2.0368e-04
 98/348 [=======>......................] - ETA: 5s - batch_cost: 0.0207 - reader cost: 1.9536e-04
101/348 [=======>......................] - ETA: 5s - batch_cost: 0.0207 - reader cost: 1.8956e-04
104/348 [=======>......................] - ETA: 5s - batch_cost: 0.0207 - reader cost: 1.8409e-04
107/348 [========>.....................] - ETA: 5s - batch_cost: 0.0208 - reader cost: 1.7893e-04
110/348 [========>.....................] - ETA: 5s - batch_cost: 0.0208 - reader cost: 1.7863e-04
113/348 [========>.....................] - ETA: 4s - batch_cost: 0.0208 - reader cost: 1.7388e-04
116/348 [=========>....................] - ETA: 4s - batch_cost: 0.0208 - reader cost: 1.6939e-04
119/348 [=========>....................] - ETA: 4s - batch_cost: 0.0208 - reader cost: 1.6512e-04
122/348 [=========>....................] - ETA: 4s - batch_cost: 0.0207 - reader cost: 1.6106e-04
125/348 [=========>....................] - ETA: 4s - batch_cost: 0.0207 - reader cost: 1.5719e-04
128/348 [==========>...................] - ETA: 4s - batch_cost: 0.0206 - reader cost: 1.5351e-04
132/348 [==========>...................] - ETA: 4s - batch_cost: 0.0205 - reader cost: 1.4885e-04
136/348 [==========>...................] - ETA: 4s - batch_cost: 0.0203 - reader cost: 1.4448e-04
139/348 [==========>...................] - ETA: 4s - batch_cost: 0.0203 - reader cost: 1.4136e-04
142/348 [===========>..................] - ETA: 4s - batch_cost: 0.0203 - reader cost: 1.4199e-04
145/348 [===========>..................] - ETA: 4s - batch_cost: 0.0203 - reader cost: 1.4264e-04
148/348 [===========>..................] - ETA: 4s - batch_cost: 0.0204 - reader cost: 1.4661e-04
151/348 [============>.................] - ETA: 4s - batch_cost: 0.0204 - reader cost: 1.4370e-04
154/348 [============>.................] - ETA: 3s - batch_cost: 0.0204 - reader cost: 1.4090e-04
157/348 [============>.................] - ETA: 3s - batch_cost: 0.0204 - reader cost: 1.3821e-04
160/348 [============>.................] - ETA: 3s - batch_cost: 0.0204 - reader cost: 1.3562e-04
163/348 [=============>................] - ETA: 3s - batch_cost: 0.0204 - reader cost: 1.3312e-04
166/348 [=============>................] - ETA: 3s - batch_cost: 0.0205 - reader cost: 1.3072e-04
169/348 [=============>................] - ETA: 3s - batch_cost: 0.0204 - reader cost: 1.2839e-04
172/348 [=============>................] - ETA: 3s - batch_cost: 0.0204 - reader cost: 1.2616e-04
175/348 [==============>...............] - ETA: 3s - batch_cost: 0.0204 - reader cost: 1.2971e-04
177/348 [==============>...............] - ETA: 3s - batch_cost: 0.0205 - reader cost: 1.3390e-04
180/348 [==============>...............] - ETA: 3s - batch_cost: 0.0205 - reader cost: 1.3167e-04
183/348 [==============>...............] - ETA: 3s - batch_cost: 0.0205 - reader cost: 1.2951e-04
186/348 [===============>..............] - ETA: 3s - batch_cost: 0.0205 - reader cost: 1.2742e-04
189/348 [===============>..............] - ETA: 3s - batch_cost: 0.0205 - reader cost: 1.2540e-04
192/348 [===============>..............] - ETA: 3s - batch_cost: 0.0205 - reader cost: 1.2344e-04
195/348 [===============>..............] - ETA: 3s - batch_cost: 0.0204 - reader cost: 1.2154e-04
199/348 [================>.............] - ETA: 3s - batch_cost: 0.0203 - reader cost: 1.1909e-04
203/348 [================>.............] - ETA: 2s - batch_cost: 0.0202 - reader cost: 1.1675e-04
206/348 [================>.............] - ETA: 2s - batch_cost: 0.0202 - reader cost: 1.1505e-04
209/348 [=================>............] - ETA: 2s - batch_cost: 0.0202 - reader cost: 1.1340e-04
213/348 [=================>............] - ETA: 2s - batch_cost: 0.0201 - reader cost: 1.1127e-04
217/348 [=================>............] - ETA: 2s - batch_cost: 0.0200 - reader cost: 1.1382e-04
220/348 [=================>............] - ETA: 2s - batch_cost: 0.0200 - reader cost: 1.1227e-04
223/348 [==================>...........] - ETA: 2s - batch_cost: 0.0200 - reader cost: 1.1076e-04
226/348 [==================>...........] - ETA: 2s - batch_cost: 0.0200 - reader cost: 1.0929e-04
229/348 [==================>...........] - ETA: 2s - batch_cost: 0.0200 - reader cost: 1.0786e-04
233/348 [===================>..........] - ETA: 2s - batch_cost: 0.0199 - reader cost: 1.0601e-04
236/348 [===================>..........] - ETA: 2s - batch_cost: 0.0199 - reader cost: 1.0466e-04
240/348 [===================>..........] - ETA: 2s - batch_cost: 0.0198 - reader cost: 1.0291e-04
243/348 [===================>..........] - ETA: 2s - batch_cost: 0.0198 - reader cost: 1.0164e-04
246/348 [====================>.........] - ETA: 2s - batch_cost: 0.0198 - reader cost: 1.0447e-04
249/348 [====================>.........] - ETA: 1s - batch_cost: 0.0198 - reader cost: 1.0322e-04
252/348 [====================>.........] - ETA: 1s - batch_cost: 0.0198 - reader cost: 1.0199e-04
255/348 [====================>.........] - ETA: 1s - batch_cost: 0.0198 - reader cost: 1.0079e-04
258/348 [=====================>........] - ETA: 1s - batch_cost: 0.0198 - reader cost: 1.0349e-04
261/348 [=====================>........] - ETA: 1s - batch_cost: 0.0199 - reader cost: 1.0230e-04
264/348 [=====================>........] - ETA: 1s - batch_cost: 0.0199 - reader cost: 1.0114e-04
267/348 [======================>.......] - ETA: 1s - batch_cost: 0.0199 - reader cost: 1.0375e-04
270/348 [======================>.......] - ETA: 1s - batch_cost: 0.0199 - reader cost: 1.0260e-04
273/348 [======================>.......] - ETA: 1s - batch_cost: 0.0198 - reader cost: 1.0513e-04
276/348 [======================>.......] - ETA: 1s - batch_cost: 0.0198 - reader cost: 1.0399e-04
280/348 [=======================>......] - ETA: 1s - batch_cost: 0.0198 - reader cost: 1.0250e-04
284/348 [=======================>......] - ETA: 1s - batch_cost: 0.0197 - reader cost: 1.0106e-04
287/348 [=======================>......] - ETA: 1s - batch_cost: 0.0197 - reader cost: 1.0000e-04
291/348 [========================>.....] - ETA: 1s - batch_cost: 0.0196 - reader cost: 1.0207e-04
295/348 [========================>.....] - ETA: 1s - batch_cost: 0.0196 - reader cost: 1.0069e-04
298/348 [========================>.....] - ETA: 0s - batch_cost: 0.0195 - reader cost: 9.9675e-05
302/348 [=========================>....] - ETA: 0s - batch_cost: 0.0195 - reader cost: 9.8355e-05
306/348 [=========================>....] - ETA: 0s - batch_cost: 0.0194 - reader cost: 9.7069e-05
309/348 [=========================>....] - ETA: 0s - batch_cost: 0.0194 - reader cost: 9.6127e-05
312/348 [=========================>....] - ETA: 0s - batch_cost: 0.0194 - reader cost: 9.5202e-05
316/348 [==========================>...] - ETA: 0s - batch_cost: 0.0194 - reader cost: 9.7197e-05
320/348 [==========================>...] - ETA: 0s - batch_cost: 0.0194 - reader cost: 9.5982e-05
324/348 [==========================>...] - ETA: 0s - batch_cost: 0.0193 - reader cost: 9.4797e-05
328/348 [===========================>..] - ETA: 0s - batch_cost: 0.0193 - reader cost: 9.3641e-05
331/348 [===========================>..] - ETA: 0s - batch_cost: 0.0193 - reader cost: 9.2792e-05
334/348 [===========================>..] - ETA: 0s - batch_cost: 0.0193 - reader cost: 9.1959e-05
337/348 [============================>.] - ETA: 0s - batch_cost: 0.0194 - reader cost: 9.1140e-05
340/348 [============================>.] - ETA: 0s - batch_cost: 0.0193 - reader cost: 9.0336e-05
343/348 [============================>.] - ETA: 0s - batch_cost: 0.0193 - reader cost: 8.9546e-05
347/348 [============================>.] - ETA: 0s - batch_cost: 0.0193 - reader cost: 8.8514e-05
348/348 [==============================] - 7s 19ms/step - batch_cost: 0.0193 - reader cost: 8.8259e-05

  1/348 [..............................] - ETA: 11s - batch_cost: 0.0343 - reader cost: 0.0116
  3/348 [..............................] - ETA: 9s - batch_cost: 0.0281 - reader cost: 0.0039 
  6/348 [..............................] - ETA: 8s - batch_cost: 0.0241 - reader cost: 0.0019
  9/348 [..............................] - ETA: 7s - batch_cost: 0.0220 - reader cost: 0.0013
 12/348 [>.............................] - ETA: 7s - batch_cost: 0.0209 - reader cost: 9.6411e-04
 15/348 [>.............................] - ETA: 6s - batch_cost: 0.0207 - reader cost: 8.3752e-04
 18/348 [>.............................] - ETA: 6s - batch_cost: 0.0201 - reader cost: 6.9793e-04
 21/348 [>.............................] - ETA: 6s - batch_cost: 0.0201 - reader cost: 5.9823e-04
 24/348 [=>............................] - ETA: 6s - batch_cost: 0.0204 - reader cost: 5.2345e-04
 27/348 [=>............................] - ETA: 6s - batch_cost: 0.0204 - reader cost: 4.6529e-04
 30/348 [=>............................] - ETA: 6s - batch_cost: 0.0203 - reader cost: 4.1876e-04
 33/348 [=>............................] - ETA: 6s - batch_cost: 0.0205 - reader cost: 3.8069e-04
 36/348 [==>...........................] - ETA: 6s - batch_cost: 0.0206 - reader cost: 3.4897e-04
 39/348 [==>...........................] - ETA: 6s - batch_cost: 0.0206 - reader cost: 3.2212e-04
 42/348 [==>...........................] - ETA: 6s - batch_cost: 0.0206 - reader cost: 2.9911e-04
 45/348 [==>...........................] - ETA: 6s - batch_cost: 0.0206 - reader cost: 2.7917e-04
 48/348 [===>..........................] - ETA: 6s - batch_cost: 0.0206 - reader cost: 2.6172e-04
 51/348 [===>..........................] - ETA: 6s - batch_cost: 0.0205 - reader cost: 2.4633e-04
 54/348 [===>..........................] - ETA: 6s - batch_cost: 0.0204 - reader cost: 2.5101e-04
 57/348 [===>..........................] - ETA: 5s - batch_cost: 0.0203 - reader cost: 2.3780e-04
 60/348 [====>.........................] - ETA: 5s - batch_cost: 0.0202 - reader cost: 2.2591e-04
 63/348 [====>.........................] - ETA: 5s - batch_cost: 0.0201 - reader cost: 2.1515e-04
 67/348 [====>.........................] - ETA: 5s - batch_cost: 0.0198 - reader cost: 2.0231e-04
 70/348 [=====>........................] - ETA: 5s - batch_cost: 0.0197 - reader cost: 2.0796e-04
 73/348 [=====>........................] - ETA: 5s - batch_cost: 0.0197 - reader cost: 1.9941e-04
 76/348 [=====>........................] - ETA: 5s - batch_cost: 0.0196 - reader cost: 1.9154e-04
 79/348 [=====>........................] - ETA: 5s - batch_cost: 0.0196 - reader cost: 1.8427e-04
 82/348 [======>.......................] - ETA: 5s - batch_cost: 0.0197 - reader cost: 1.7753e-04
 85/348 [======>.......................] - ETA: 5s - batch_cost: 0.0197 - reader cost: 1.7126e-04
 89/348 [======>.......................] - ETA: 5s - batch_cost: 0.0196 - reader cost: 1.6356e-04
 93/348 [=======>......................] - ETA: 5s - batch_cost: 0.0194 - reader cost: 1.6721e-04
 96/348 [=======>......................] - ETA: 4s - batch_cost: 0.0194 - reader cost: 1.6198e-04
100/348 [=======>......................] - ETA: 4s - batch_cost: 0.0193 - reader cost: 1.5550e-04
103/348 [=======>......................] - ETA: 4s - batch_cost: 0.0192 - reader cost: 1.5097e-04
106/348 [========>.....................] - ETA: 4s - batch_cost: 0.0191 - reader cost: 1.4670e-04
110/348 [========>.....................] - ETA: 4s - batch_cost: 0.0190 - reader cost: 1.4137e-04
113/348 [========>.....................] - ETA: 4s - batch_cost: 0.0190 - reader cost: 1.4718e-04
116/348 [=========>....................] - ETA: 4s - batch_cost: 0.0190 - reader cost: 1.4337e-04
119/348 [=========>....................] - ETA: 4s - batch_cost: 0.0190 - reader cost: 1.3976e-04
122/348 [=========>....................] - ETA: 4s - batch_cost: 0.0190 - reader cost: 1.3632e-04
125/348 [=========>....................] - ETA: 4s - batch_cost: 0.0189 - reader cost: 1.3305e-04
129/348 [==========>...................] - ETA: 4s - batch_cost: 0.0189 - reader cost: 1.2892e-04
132/348 [==========>...................] - ETA: 4s - batch_cost: 0.0189 - reader cost: 1.3357e-04
135/348 [==========>...................] - ETA: 4s - batch_cost: 0.0190 - reader cost: 1.3801e-04
138/348 [==========>...................] - ETA: 4s - batch_cost: 0.0189 - reader cost: 1.3501e-04
141/348 [===========>..................] - ETA: 3s - batch_cost: 0.0189 - reader cost: 1.3931e-04
145/348 [===========>..................] - ETA: 3s - batch_cost: 0.0188 - reader cost: 1.3547e-04
149/348 [===========>..................] - ETA: 3s - batch_cost: 0.0188 - reader cost: 1.3183e-04
152/348 [============>.................] - ETA: 3s - batch_cost: 0.0187 - reader cost: 1.2923e-04
156/348 [============>.................] - ETA: 3s - batch_cost: 0.0187 - reader cost: 1.2917e-04
159/348 [============>.................] - ETA: 3s - batch_cost: 0.0187 - reader cost: 1.2674e-04
162/348 [============>.................] - ETA: 3s - batch_cost: 0.0187 - reader cost: 1.2439e-04
165/348 [=============>................] - ETA: 3s - batch_cost: 0.0187 - reader cost: 1.2213e-04
168/348 [=============>................] - ETA: 3s - batch_cost: 0.0188 - reader cost: 1.1995e-04
171/348 [=============>................] - ETA: 3s - batch_cost: 0.0188 - reader cost: 1.1784e-04
174/348 [==============>...............] - ETA: 3s - batch_cost: 0.0188 - reader cost: 1.1581e-04
177/348 [==============>...............] - ETA: 3s - batch_cost: 0.0188 - reader cost: 1.1385e-04
180/348 [==============>...............] - ETA: 3s - batch_cost: 0.0188 - reader cost: 1.1195e-04
183/348 [==============>...............] - ETA: 3s - batch_cost: 0.0189 - reader cost: 1.1011e-04
186/348 [===============>..............] - ETA: 3s - batch_cost: 0.0189 - reader cost: 1.0834e-04
189/348 [===============>..............] - ETA: 3s - batch_cost: 0.0188 - reader cost: 1.0662e-04
192/348 [===============>..............] - ETA: 2s - batch_cost: 0.0188 - reader cost: 1.0495e-04
195/348 [===============>..............] - ETA: 2s - batch_cost: 0.0188 - reader cost: 1.0334e-04
198/348 [================>.............] - ETA: 2s - batch_cost: 0.0188 - reader cost: 1.0177e-04
201/348 [================>.............] - ETA: 2s - batch_cost: 0.0188 - reader cost: 1.0025e-04
204/348 [================>.............] - ETA: 2s - batch_cost: 0.0188 - reader cost: 9.8779e-05
207/348 [================>.............] - ETA: 2s - batch_cost: 0.0188 - reader cost: 1.0218e-04
210/348 [=================>............] - ETA: 2s - batch_cost: 0.0188 - reader cost: 1.0072e-04
214/348 [=================>............] - ETA: 2s - batch_cost: 0.0187 - reader cost: 9.8836e-05
217/348 [=================>............] - ETA: 2s - batch_cost: 0.0187 - reader cost: 9.7469e-05
220/348 [=================>............] - ETA: 2s - batch_cost: 0.0187 - reader cost: 9.6140e-05
223/348 [==================>...........] - ETA: 2s - batch_cost: 0.0187 - reader cost: 9.4847e-05
226/348 [==================>...........] - ETA: 2s - batch_cost: 0.0187 - reader cost: 9.3588e-05
229/348 [==================>...........] - ETA: 2s - batch_cost: 0.0187 - reader cost: 9.2362e-05
232/348 [===================>..........] - ETA: 2s - batch_cost: 0.0187 - reader cost: 9.5478e-05
235/348 [===================>..........] - ETA: 2s - batch_cost: 0.0187 - reader cost: 9.4260e-05
239/348 [===================>..........] - ETA: 2s - batch_cost: 0.0187 - reader cost: 9.6868e-05
242/348 [===================>..........] - ETA: 2s - batch_cost: 0.0186 - reader cost: 9.5667e-05
245/348 [====================>.........] - ETA: 1s - batch_cost: 0.0187 - reader cost: 9.4496e-05
248/348 [====================>.........] - ETA: 1s - batch_cost: 0.0187 - reader cost: 9.3352e-05
251/348 [====================>.........] - ETA: 1s - batch_cost: 0.0187 - reader cost: 9.2237e-05
254/348 [====================>.........] - ETA: 1s - batch_cost: 0.0187 - reader cost: 9.1147e-05
256/348 [=====================>........] - ETA: 1s - batch_cost: 0.0188 - reader cost: 9.0435e-05
259/348 [=====================>........] - ETA: 1s - batch_cost: 0.0188 - reader cost: 8.9388e-05
262/348 [=====================>........] - ETA: 1s - batch_cost: 0.0188 - reader cost: 8.8364e-05
265/348 [=====================>........] - ETA: 1s - batch_cost: 0.0189 - reader cost: 9.1198e-05
268/348 [======================>.......] - ETA: 1s - batch_cost: 0.0189 - reader cost: 9.0177e-05
271/348 [======================>.......] - ETA: 1s - batch_cost: 0.0189 - reader cost: 8.9179e-05
274/348 [======================>.......] - ETA: 1s - batch_cost: 0.0190 - reader cost: 8.8203e-05
277/348 [======================>.......] - ETA: 1s - batch_cost: 0.0190 - reader cost: 8.7247e-05
280/348 [=======================>......] - ETA: 1s - batch_cost: 0.0190 - reader cost: 8.6313e-05
283/348 [=======================>......] - ETA: 1s - batch_cost: 0.0190 - reader cost: 8.5398e-05
286/348 [=======================>......] - ETA: 1s - batch_cost: 0.0190 - reader cost: 8.4502e-05
290/348 [========================>.....] - ETA: 1s - batch_cost: 0.0190 - reader cost: 8.3336e-05
293/348 [========================>.....] - ETA: 1s - batch_cost: 0.0190 - reader cost: 8.2483e-05
296/348 [========================>.....] - ETA: 0s - batch_cost: 0.0190 - reader cost: 8.1647e-05
299/348 [========================>.....] - ETA: 0s - batch_cost: 0.0190 - reader cost: 8.0828e-05
302/348 [=========================>....] - ETA: 0s - batch_cost: 0.0190 - reader cost: 8.0025e-05
305/348 [=========================>....] - ETA: 0s - batch_cost: 0.0190 - reader cost: 8.2500e-05
308/348 [=========================>....] - ETA: 0s - batch_cost: 0.0189 - reader cost: 8.1696e-05
311/348 [=========================>....] - ETA: 0s - batch_cost: 0.0190 - reader cost: 8.0908e-05
314/348 [==========================>...] - ETA: 0s - batch_cost: 0.0190 - reader cost: 8.3292e-05
317/348 [==========================>...] - ETA: 0s - batch_cost: 0.0189 - reader cost: 8.2504e-05
320/348 [==========================>...] - ETA: 0s - batch_cost: 0.0190 - reader cost: 8.1731e-05
323/348 [==========================>...] - ETA: 0s - batch_cost: 0.0190 - reader cost: 8.4075e-05
327/348 [===========================>..] - ETA: 0s - batch_cost: 0.0190 - reader cost: 8.3046e-05
330/348 [===========================>..] - ETA: 0s - batch_cost: 0.0190 - reader cost: 8.2291e-05
333/348 [===========================>..] - ETA: 0s - batch_cost: 0.0189 - reader cost: 8.1550e-05
336/348 [===========================>..] - ETA: 0s - batch_cost: 0.0189 - reader cost: 8.0822e-05
339/348 [============================>.] - ETA: 0s - batch_cost: 0.0190 - reader cost: 8.0107e-05
342/348 [============================>.] - ETA: 0s - batch_cost: 0.0189 - reader cost: 7.9404e-05
345/348 [============================>.] - ETA: 0s - batch_cost: 0.0190 - reader cost: 7.8713e-05
348/348 [==============================] - 7s 19ms/step - batch_cost: 0.0190 - reader cost: 7.8035e-05

  1/348 [..............................] - ETA: 15s - batch_cost: 0.0441 - reader cost: 0.0127
  3/348 [..............................] - ETA: 13s - batch_cost: 0.0377 - reader cost: 0.0042
  5/348 [..............................] - ETA: 11s - batch_cost: 0.0342 - reader cost: 0.0025
  7/348 [..............................] - ETA: 11s - batch_cost: 0.0327 - reader cost: 0.0018
  9/348 [..............................] - ETA: 10s - batch_cost: 0.0316 - reader cost: 0.0014
 11/348 [..............................] - ETA: 10s - batch_cost: 0.0315 - reader cost: 0.0012
 13/348 [>.............................] - ETA: 10s - batch_cost: 0.0316 - reader cost: 9.7897e-04
 15/348 [>.............................] - ETA: 10s - batch_cost: 0.0314 - reader cost: 8.8267e-04
 17/348 [>.............................] - ETA: 10s - batch_cost: 0.0311 - reader cost: 7.7883e-04
 20/348 [>.............................] - ETA: 10s - batch_cost: 0.0305 - reader cost: 6.6200e-04
 22/348 [>.............................] - ETA: 10s - batch_cost: 0.0304 - reader cost: 6.0182e-04
 24/348 [=>............................] - ETA: 9s - batch_cost: 0.0305 - reader cost: 5.9299e-04 
 26/348 [=>............................] - ETA: 9s - batch_cost: 0.0301 - reader cost: 5.4737e-04
 28/348 [=>............................] - ETA: 9s - batch_cost: 0.0299 - reader cost: 5.0827e-04
 30/348 [=>............................] - ETA: 9s - batch_cost: 0.0296 - reader cost: 4.7439e-04
 33/348 [=>............................] - ETA: 9s - batch_cost: 0.0290 - reader cost: 4.3126e-04
 36/348 [==>...........................] - ETA: 8s - batch_cost: 0.0280 - reader cost: 3.9532e-04
 39/348 [==>...........................] - ETA: 8s - batch_cost: 0.0274 - reader cost: 3.6491e-04
 42/348 [==>...........................] - ETA: 8s - batch_cost: 0.0268 - reader cost: 3.6292e-04
 45/348 [==>...........................] - ETA: 8s - batch_cost: 0.0265 - reader cost: 3.3873e-04
 48/348 [===>..........................] - ETA: 7s - batch_cost: 0.0260 - reader cost: 3.4886e-04
 51/348 [===>..........................] - ETA: 7s - batch_cost: 0.0255 - reader cost: 3.2834e-04
 55/348 [===>..........................] - ETA: 7s - batch_cost: 0.0247 - reader cost: 3.0446e-04
 59/348 [====>.........................] - ETA: 7s - batch_cost: 0.0240 - reader cost: 2.8382e-04
 62/348 [====>.........................] - ETA: 6s - batch_cost: 0.0237 - reader cost: 2.7008e-04
 65/348 [====>.........................] - ETA: 6s - batch_cost: 0.0235 - reader cost: 2.5762e-04
 68/348 [====>.........................] - ETA: 6s - batch_cost: 0.0233 - reader cost: 2.4625e-04
 72/348 [=====>........................] - ETA: 6s - batch_cost: 0.0230 - reader cost: 2.3257e-04
 75/348 [=====>........................] - ETA: 6s - batch_cost: 0.0229 - reader cost: 2.2327e-04
 78/348 [=====>........................] - ETA: 6s - batch_cost: 0.0228 - reader cost: 2.1468e-04
 81/348 [=====>........................] - ETA: 6s - batch_cost: 0.0228 - reader cost: 2.0673e-04
 84/348 [======>.......................] - ETA: 6s - batch_cost: 0.0227 - reader cost: 1.9935e-04
 86/348 [======>.......................] - ETA: 6s - batch_cost: 0.0228 - reader cost: 1.9471e-04
 89/348 [======>.......................] - ETA: 5s - batch_cost: 0.0228 - reader cost: 1.8815e-04
 92/348 [======>.......................] - ETA: 5s - batch_cost: 0.0228 - reader cost: 1.9297e-04
 95/348 [=======>......................] - ETA: 5s - batch_cost: 0.0227 - reader cost: 1.8687e-04
 98/348 [=======>......................] - ETA: 5s - batch_cost: 0.0226 - reader cost: 1.8115e-04
102/348 [=======>......................] - ETA: 5s - batch_cost: 0.0223 - reader cost: 1.7405e-04
106/348 [========>.....................] - ETA: 5s - batch_cost: 0.0221 - reader cost: 1.6748e-04
109/348 [========>.....................] - ETA: 5s - batch_cost: 0.0220 - reader cost: 1.6287e-04
112/348 [========>.....................] - ETA: 5s - batch_cost: 0.0220 - reader cost: 1.5851e-04
114/348 [========>.....................] - ETA: 5s - batch_cost: 0.0220 - reader cost: 1.5573e-04
117/348 [=========>....................] - ETA: 5s - batch_cost: 0.0219 - reader cost: 1.5173e-04
121/348 [=========>....................] - ETA: 4s - batch_cost: 0.0217 - reader cost: 1.4672e-04
125/348 [=========>....................] - ETA: 4s - batch_cost: 0.0215 - reader cost: 1.4202e-04
128/348 [==========>...................] - ETA: 4s - batch_cost: 0.0214 - reader cost: 1.3869e-04
131/348 [==========>...................] - ETA: 4s - batch_cost: 0.0214 - reader cost: 1.3552e-04
134/348 [==========>...................] - ETA: 4s - batch_cost: 0.0213 - reader cost: 1.3248e-04
138/348 [==========>...................] - ETA: 4s - batch_cost: 0.0211 - reader cost: 1.2864e-04
142/348 [===========>..................] - ETA: 4s - batch_cost: 0.0209 - reader cost: 1.2502e-04
145/348 [===========>..................] - ETA: 4s - batch_cost: 0.0208 - reader cost: 1.2243e-04
148/348 [===========>..................] - ETA: 4s - batch_cost: 0.0208 - reader cost: 1.2551e-04
151/348 [============>.................] - ETA: 4s - batch_cost: 0.0207 - reader cost: 1.2302e-04
154/348 [============>.................] - ETA: 4s - batch_cost: 0.0207 - reader cost: 1.2062e-04
157/348 [============>.................] - ETA: 3s - batch_cost: 0.0206 - reader cost: 1.1831e-04
160/348 [============>.................] - ETA: 3s - batch_cost: 0.0206 - reader cost: 1.1610e-04
163/348 [=============>................] - ETA: 3s - batch_cost: 0.0205 - reader cost: 1.1396e-04
166/348 [=============>................] - ETA: 3s - batch_cost: 0.0205 - reader cost: 1.1190e-04
169/348 [=============>................] - ETA: 3s - batch_cost: 0.0205 - reader cost: 1.1290e-04
172/348 [=============>................] - ETA: 3s - batch_cost: 0.0205 - reader cost: 1.1093e-04
175/348 [==============>...............] - ETA: 3s - batch_cost: 0.0205 - reader cost: 1.0903e-04
178/348 [==============>...............] - ETA: 3s - batch_cost: 0.0204 - reader cost: 1.0719e-04
181/348 [==============>...............] - ETA: 3s - batch_cost: 0.0204 - reader cost: 1.0541e-04
184/348 [==============>...............] - ETA: 3s - batch_cost: 0.0203 - reader cost: 1.0369e-04
187/348 [===============>..............] - ETA: 3s - batch_cost: 0.0203 - reader cost: 1.0203e-04
190/348 [===============>..............] - ETA: 3s - batch_cost: 0.0203 - reader cost: 1.0042e-04
193/348 [===============>..............] - ETA: 3s - batch_cost: 0.0203 - reader cost: 9.8857e-05
196/348 [===============>..............] - ETA: 3s - batch_cost: 0.0203 - reader cost: 9.7344e-05
199/348 [================>.............] - ETA: 3s - batch_cost: 0.0203 - reader cost: 9.5877e-05
202/348 [================>.............] - ETA: 3s - batch_cost: 0.0203 - reader cost: 9.4453e-05
205/348 [================>.............] - ETA: 2s - batch_cost: 0.0203 - reader cost: 9.3070e-05
209/348 [=================>............] - ETA: 2s - batch_cost: 0.0202 - reader cost: 9.1289e-05
212/348 [=================>............] - ETA: 2s - batch_cost: 0.0202 - reader cost: 8.9997e-05
215/348 [=================>............] - ETA: 2s - batch_cost: 0.0202 - reader cost: 9.3394e-05
218/348 [=================>............] - ETA: 2s - batch_cost: 0.0202 - reader cost: 9.2108e-05
222/348 [==================>...........] - ETA: 2s - batch_cost: 0.0201 - reader cost: 9.0449e-05
225/348 [==================>...........] - ETA: 2s - batch_cost: 0.0201 - reader cost: 8.9243e-05
228/348 [==================>...........] - ETA: 2s - batch_cost: 0.0201 - reader cost: 8.8068e-05
231/348 [==================>...........] - ETA: 2s - batch_cost: 0.0201 - reader cost: 8.6925e-05
234/348 [===================>..........] - ETA: 2s - batch_cost: 0.0200 - reader cost: 9.0079e-05
237/348 [===================>..........] - ETA: 2s - batch_cost: 0.0200 - reader cost: 9.3158e-05
240/348 [===================>..........] - ETA: 2s - batch_cost: 0.0200 - reader cost: 9.1994e-05
244/348 [====================>.........] - ETA: 2s - batch_cost: 0.0199 - reader cost: 9.0486e-05
247/348 [====================>.........] - ETA: 2s - batch_cost: 0.0199 - reader cost: 8.9387e-05
250/348 [====================>.........] - ETA: 1s - batch_cost: 0.0199 - reader cost: 8.8314e-05
253/348 [====================>.........] - ETA: 1s - batch_cost: 0.0199 - reader cost: 8.7267e-05
256/348 [=====================>........] - ETA: 1s - batch_cost: 0.0198 - reader cost: 8.6244e-05
259/348 [=====================>........] - ETA: 1s - batch_cost: 0.0198 - reader cost: 8.7209e-05
262/348 [=====================>........] - ETA: 1s - batch_cost: 0.0198 - reader cost: 8.6210e-05
265/348 [=====================>........] - ETA: 1s - batch_cost: 0.0199 - reader cost: 8.5234e-05
268/348 [======================>.......] - ETA: 1s - batch_cost: 0.0198 - reader cost: 8.4280e-05
271/348 [======================>.......] - ETA: 1s - batch_cost: 0.0198 - reader cost: 8.3347e-05
274/348 [======================>.......] - ETA: 1s - batch_cost: 0.0198 - reader cost: 8.2435e-05
277/348 [======================>.......] - ETA: 1s - batch_cost: 0.0197 - reader cost: 8.1542e-05
280/348 [=======================>......] - ETA: 1s - batch_cost: 0.0197 - reader cost: 8.0668e-05
283/348 [=======================>......] - ETA: 1s - batch_cost: 0.0197 - reader cost: 7.9813e-05
286/348 [=======================>......] - ETA: 1s - batch_cost: 0.0197 - reader cost: 7.8976e-05
290/348 [========================>.....] - ETA: 1s - batch_cost: 0.0197 - reader cost: 8.1365e-05
294/348 [========================>.....] - ETA: 1s - batch_cost: 0.0196 - reader cost: 8.0258e-05
297/348 [========================>.....] - ETA: 1s - batch_cost: 0.0196 - reader cost: 7.9447e-05
301/348 [========================>.....] - ETA: 0s - batch_cost: 0.0195 - reader cost: 7.8391e-05
305/348 [=========================>....] - ETA: 0s - batch_cost: 0.0195 - reader cost: 7.7363e-05
308/348 [=========================>....] - ETA: 0s - batch_cost: 0.0195 - reader cost: 7.6610e-05
311/348 [=========================>....] - ETA: 0s - batch_cost: 0.0195 - reader cost: 7.5871e-05
314/348 [==========================>...] - ETA: 0s - batch_cost: 0.0195 - reader cost: 7.5146e-05
317/348 [==========================>...] - ETA: 0s - batch_cost: 0.0195 - reader cost: 7.4435e-05
320/348 [==========================>...] - ETA: 0s - batch_cost: 0.0196 - reader cost: 7.5317e-05
323/348 [==========================>...] - ETA: 0s - batch_cost: 0.0196 - reader cost: 7.4618e-05
326/348 [===========================>..] - ETA: 0s - batch_cost: 0.0196 - reader cost: 7.3931e-05
329/348 [===========================>..] - ETA: 0s - batch_cost: 0.0196 - reader cost: 7.3257e-05
331/348 [===========================>..] - ETA: 0s - batch_cost: 0.0197 - reader cost: 7.2814e-05
334/348 [===========================>..] - ETA: 0s - batch_cost: 0.0197 - reader cost: 7.2160e-05
338/348 [============================>.] - ETA: 0s - batch_cost: 0.0197 - reader cost: 7.1306e-05
342/348 [============================>.] - ETA: 0s - batch_cost: 0.0196 - reader cost: 7.0472e-05
346/348 [============================>.] - ETA: 0s - batch_cost: 0.0196 - reader cost: 6.9658e-05
348/348 [==============================] - 7s 20ms/step - batch_cost: 0.0195 - reader cost: 6.9257e-05

  1/348 [..............................] - ETA: 10s - batch_cost: 0.0301 - reader cost: 0.0086
  4/348 [..............................] - ETA: 7s - batch_cost: 0.0211 - reader cost: 0.0022 
  8/348 [..............................] - ETA: 6s - batch_cost: 0.0187 - reader cost: 0.0011
 11/348 [..............................] - ETA: 6s - batch_cost: 0.0183 - reader cost: 7.8305e-04
 15/348 [>.............................] - ETA: 5s - batch_cost: 0.0174 - reader cost: 5.7424e-04
 18/348 [>.............................] - ETA: 5s - batch_cost: 0.0178 - reader cost: 4.7853e-04
 21/348 [>.............................] - ETA: 6s - batch_cost: 0.0185 - reader cost: 4.1017e-04
 25/348 [=>............................] - ETA: 5s - batch_cost: 0.0181 - reader cost: 3.4454e-04
 29/348 [=>............................] - ETA: 5s - batch_cost: 0.0178 - reader cost: 3.3176e-04
 32/348 [=>............................] - ETA: 5s - batch_cost: 0.0179 - reader cost: 3.0066e-04
 36/348 [==>...........................] - ETA: 5s - batch_cost: 0.0177 - reader cost: 2.6725e-04
 40/348 [==>...........................] - ETA: 5s - batch_cost: 0.0175 - reader cost: 2.4053e-04
 43/348 [==>...........................] - ETA: 5s - batch_cost: 0.0177 - reader cost: 2.4720e-04
 46/348 [==>...........................] - ETA: 5s - batch_cost: 0.0180 - reader cost: 2.3108e-04
 49/348 [===>..........................] - ETA: 5s - batch_cost: 0.0180 - reader cost: 2.1693e-04
 53/348 [===>..........................] - ETA: 5s - batch_cost: 0.0178 - reader cost: 2.0056e-04
 57/348 [===>..........................] - ETA: 5s - batch_cost: 0.0177 - reader cost: 1.8649e-04
 60/348 [====>.........................] - ETA: 5s - batch_cost: 0.0177 - reader cost: 1.7716e-04
 63/348 [====>.........................] - ETA: 5s - batch_cost: 0.0178 - reader cost: 1.6872e-04
 66/348 [====>.........................] - ETA: 5s - batch_cost: 0.0180 - reader cost: 1.6106e-04
 69/348 [====>.........................] - ETA: 5s - batch_cost: 0.0181 - reader cost: 1.5405e-04
 72/348 [=====>........................] - ETA: 5s - batch_cost: 0.0181 - reader cost: 1.6152e-04
 76/348 [=====>........................] - ETA: 4s - batch_cost: 0.0180 - reader cost: 1.5301e-04
 79/348 [=====>........................] - ETA: 4s - batch_cost: 0.0179 - reader cost: 1.4720e-04
 82/348 [======>.......................] - ETA: 4s - batch_cost: 0.0179 - reader cost: 1.4182e-04
 85/348 [======>.......................] - ETA: 4s - batch_cost: 0.0179 - reader cost: 1.4384e-04
 88/348 [======>.......................] - ETA: 4s - batch_cost: 0.0179 - reader cost: 1.3894e-04
 91/348 [======>.......................] - ETA: 4s - batch_cost: 0.0179 - reader cost: 1.3436e-04
 94/348 [=======>......................] - ETA: 4s - batch_cost: 0.0179 - reader cost: 1.3007e-04
 97/348 [=======>......................] - ETA: 4s - batch_cost: 0.0179 - reader cost: 1.3123e-04
100/348 [=======>......................] - ETA: 4s - batch_cost: 0.0179 - reader cost: 1.2729e-04
103/348 [=======>......................] - ETA: 4s - batch_cost: 0.0178 - reader cost: 1.2359e-04
106/348 [========>.....................] - ETA: 4s - batch_cost: 0.0178 - reader cost: 1.2009e-04
109/348 [========>.....................] - ETA: 4s - batch_cost: 0.0179 - reader cost: 1.2603e-04
112/348 [========>.....................] - ETA: 4s - batch_cost: 0.0179 - reader cost: 1.2266e-04
116/348 [=========>....................] - ETA: 4s - batch_cost: 0.0179 - reader cost: 1.1843e-04
119/348 [=========>....................] - ETA: 4s - batch_cost: 0.0179 - reader cost: 1.1544e-04
123/348 [=========>....................] - ETA: 4s - batch_cost: 0.0178 - reader cost: 1.1169e-04
127/348 [=========>....................] - ETA: 3s - batch_cost: 0.0177 - reader cost: 1.0817e-04
130/348 [==========>...................] - ETA: 3s - batch_cost: 0.0178 - reader cost: 1.0567e-04
133/348 [==========>...................] - ETA: 3s - batch_cost: 0.0178 - reader cost: 1.0329e-04
136/348 [==========>...................] - ETA: 3s - batch_cost: 0.0179 - reader cost: 1.0101e-04
139/348 [==========>...................] - ETA: 3s - batch_cost: 0.0179 - reader cost: 9.8831e-05
142/348 [===========>..................] - ETA: 3s - batch_cost: 0.0180 - reader cost: 9.6743e-05
145/348 [===========>..................] - ETA: 3s - batch_cost: 0.0180 - reader cost: 9.4741e-05
148/348 [===========>..................] - ETA: 3s - batch_cost: 0.0180 - reader cost: 9.2821e-05
151/348 [============>.................] - ETA: 3s - batch_cost: 0.0180 - reader cost: 9.7603e-05
154/348 [============>.................] - ETA: 3s - batch_cost: 0.0181 - reader cost: 9.5702e-05
157/348 [============>.................] - ETA: 3s - batch_cost: 0.0181 - reader cost: 9.3873e-05
160/348 [============>.................] - ETA: 3s - batch_cost: 0.0181 - reader cost: 9.2113e-05
164/348 [=============>................] - ETA: 3s - batch_cost: 0.0180 - reader cost: 9.5933e-05
168/348 [=============>................] - ETA: 3s - batch_cost: 0.0180 - reader cost: 9.9599e-05
172/348 [=============>................] - ETA: 3s - batch_cost: 0.0179 - reader cost: 9.7283e-05
176/348 [==============>...............] - ETA: 3s - batch_cost: 0.0178 - reader cost: 9.5072e-05
180/348 [==============>...............] - ETA: 3s - batch_cost: 0.0178 - reader cost: 9.2959e-05
183/348 [==============>...............] - ETA: 2s - batch_cost: 0.0178 - reader cost: 9.1435e-05
186/348 [===============>..............] - ETA: 2s - batch_cost: 0.0178 - reader cost: 9.5334e-05
189/348 [===============>..............] - ETA: 2s - batch_cost: 0.0179 - reader cost: 1.0182e-04
192/348 [===============>..............] - ETA: 2s - batch_cost: 0.0179 - reader cost: 1.0023e-04
195/348 [===============>..............] - ETA: 2s - batch_cost: 0.0179 - reader cost: 9.8685e-05
198/348 [================>.............] - ETA: 2s - batch_cost: 0.0179 - reader cost: 1.0230e-04
201/348 [================>.............] - ETA: 2s - batch_cost: 0.0179 - reader cost: 1.0077e-04
204/348 [================>.............] - ETA: 2s - batch_cost: 0.0180 - reader cost: 9.9287e-05
207/348 [================>.............] - ETA: 2s - batch_cost: 0.0181 - reader cost: 1.0268e-04
210/348 [=================>............] - ETA: 2s - batch_cost: 0.0182 - reader cost: 1.0121e-04
213/348 [=================>............] - ETA: 2s - batch_cost: 0.0182 - reader cost: 9.9789e-05
216/348 [=================>............] - ETA: 2s - batch_cost: 0.0183 - reader cost: 9.8403e-05
219/348 [=================>............] - ETA: 2s - batch_cost: 0.0183 - reader cost: 9.7055e-05
223/348 [==================>...........] - ETA: 2s - batch_cost: 0.0183 - reader cost: 9.5314e-05
226/348 [==================>...........] - ETA: 2s - batch_cost: 0.0183 - reader cost: 9.4049e-05
230/348 [==================>...........] - ETA: 2s - batch_cost: 0.0182 - reader cost: 9.6770e-05
233/348 [===================>..........] - ETA: 2s - batch_cost: 0.0183 - reader cost: 9.5524e-05
236/348 [===================>..........] - ETA: 2s - batch_cost: 0.0183 - reader cost: 9.4310e-05
240/348 [===================>..........] - ETA: 1s - batch_cost: 0.0183 - reader cost: 9.6898e-05
244/348 [====================>.........] - ETA: 1s - batch_cost: 0.0182 - reader cost: 9.5310e-05
247/348 [====================>.........] - ETA: 1s - batch_cost: 0.0182 - reader cost: 9.8170e-05
250/348 [====================>.........] - ETA: 1s - batch_cost: 0.0182 - reader cost: 1.0099e-04
253/348 [====================>.........] - ETA: 1s - batch_cost: 0.0182 - reader cost: 9.9794e-05
256/348 [=====================>........] - ETA: 1s - batch_cost: 0.0183 - reader cost: 9.8624e-05
258/348 [=====================>........] - ETA: 1s - batch_cost: 0.0183 - reader cost: 9.7860e-05
262/348 [=====================>........] - ETA: 1s - batch_cost: 0.0183 - reader cost: 9.6366e-05
266/348 [=====================>........] - ETA: 1s - batch_cost: 0.0182 - reader cost: 9.8719e-05
269/348 [======================>.......] - ETA: 1s - batch_cost: 0.0182 - reader cost: 9.7618e-05
272/348 [======================>.......] - ETA: 1s - batch_cost: 0.0182 - reader cost: 9.6541e-05
275/348 [======================>.......] - ETA: 1s - batch_cost: 0.0182 - reader cost: 9.5488e-05
278/348 [======================>.......] - ETA: 1s - batch_cost: 0.0182 - reader cost: 9.8053e-05
281/348 [=======================>......] - ETA: 1s - batch_cost: 0.0182 - reader cost: 1.0059e-04
284/348 [=======================>......] - ETA: 1s - batch_cost: 0.0182 - reader cost: 1.0840e-04
288/348 [=======================>......] - ETA: 1s - batch_cost: 0.0182 - reader cost: 1.0870e-04
291/348 [========================>.....] - ETA: 1s - batch_cost: 0.0182 - reader cost: 1.0758e-04
294/348 [========================>.....] - ETA: 0s - batch_cost: 0.0182 - reader cost: 1.0648e-04
297/348 [========================>.....] - ETA: 0s - batch_cost: 0.0182 - reader cost: 1.0540e-04
300/348 [========================>.....] - ETA: 0s - batch_cost: 0.0182 - reader cost: 1.0435e-04
303/348 [=========================>....] - ETA: 0s - batch_cost: 0.0182 - reader cost: 1.0332e-04
306/348 [=========================>....] - ETA: 0s - batch_cost: 0.0182 - reader cost: 1.0230e-04
309/348 [=========================>....] - ETA: 0s - batch_cost: 0.0182 - reader cost: 1.0131e-04
312/348 [=========================>....] - ETA: 0s - batch_cost: 0.0182 - reader cost: 1.0034e-04
315/348 [==========================>...] - ETA: 0s - batch_cost: 0.0182 - reader cost: 9.9381e-05
318/348 [==========================>...] - ETA: 0s - batch_cost: 0.0182 - reader cost: 9.8444e-05
322/348 [==========================>...] - ETA: 0s - batch_cost: 0.0182 - reader cost: 9.7221e-05
325/348 [===========================>..] - ETA: 0s - batch_cost: 0.0182 - reader cost: 9.6323e-05
328/348 [===========================>..] - ETA: 0s - batch_cost: 0.0182 - reader cost: 9.5442e-05
331/348 [===========================>..] - ETA: 0s - batch_cost: 0.0182 - reader cost: 9.4577e-05
334/348 [===========================>..] - ETA: 0s - batch_cost: 0.0182 - reader cost: 9.3728e-05
337/348 [============================>.] - ETA: 0s - batch_cost: 0.0182 - reader cost: 9.2893e-05
340/348 [============================>.] - ETA: 0s - batch_cost: 0.0182 - reader cost: 9.2074e-05
343/348 [============================>.] - ETA: 0s - batch_cost: 0.0182 - reader cost: 9.1268e-05
346/348 [============================>.] - ETA: 0s - batch_cost: 0.0182 - reader cost: 9.0477e-05
348/348 [==============================] - 6s 18ms/step - batch_cost: 0.0182 - reader cost: 8.9957e-05

  1/348 [..............................] - ETA: 17s - batch_cost: 0.0503 - reader cost: 0.0140
  3/348 [..............................] - ETA: 13s - batch_cost: 0.0386 - reader cost: 0.0047
  5/348 [..............................] - ETA: 12s - batch_cost: 0.0348 - reader cost: 0.0028
  7/348 [..............................] - ETA: 11s - batch_cost: 0.0336 - reader cost: 0.0020
  9/348 [..............................] - ETA: 11s - batch_cost: 0.0326 - reader cost: 0.0016
 11/348 [..............................] - ETA: 10s - batch_cost: 0.0319 - reader cost: 0.0013
 13/348 [>.............................] - ETA: 10s - batch_cost: 0.0315 - reader cost: 0.0011
 15/348 [>.............................] - ETA: 10s - batch_cost: 0.0309 - reader cost: 9.3018e-04
 17/348 [>.............................] - ETA: 10s - batch_cost: 0.0304 - reader cost: 8.2075e-04
 19/348 [>.............................] - ETA: 10s - batch_cost: 0.0304 - reader cost: 7.3435e-04
 21/348 [>.............................] - ETA: 10s - batch_cost: 0.0303 - reader cost: 6.6442e-04
 23/348 [>.............................] - ETA: 9s - batch_cost: 0.0301 - reader cost: 6.0664e-04 
 25/348 [=>............................] - ETA: 9s - batch_cost: 0.0301 - reader cost: 5.5811e-04
 27/348 [=>............................] - ETA: 9s - batch_cost: 0.0304 - reader cost: 5.7245e-04
 29/348 [=>............................] - ETA: 9s - batch_cost: 0.0305 - reader cost: 5.3297e-04
 31/348 [=>............................] - ETA: 9s - batch_cost: 0.0306 - reader cost: 5.3060e-04
 33/348 [=>............................] - ETA: 9s - batch_cost: 0.0309 - reader cost: 4.9844e-04
 35/348 [==>...........................] - ETA: 9s - batch_cost: 0.0309 - reader cost: 4.6996e-04
 37/348 [==>...........................] - ETA: 9s - batch_cost: 0.0304 - reader cost: 4.4455e-04
 39/348 [==>...........................] - ETA: 9s - batch_cost: 0.0301 - reader cost: 4.2176e-04
 41/348 [==>...........................] - ETA: 9s - batch_cost: 0.0299 - reader cost: 4.0118e-04
 43/348 [==>...........................] - ETA: 9s - batch_cost: 0.0298 - reader cost: 4.0586e-04
 46/348 [==>...........................] - ETA: 8s - batch_cost: 0.0292 - reader cost: 3.7939e-04
 49/348 [===>..........................] - ETA: 8s - batch_cost: 0.0287 - reader cost: 3.5616e-04
 52/348 [===>..........................] - ETA: 8s - batch_cost: 0.0284 - reader cost: 3.3562e-04
 55/348 [===>..........................] - ETA: 8s - batch_cost: 0.0282 - reader cost: 3.1731e-04
 58/348 [====>.........................] - ETA: 8s - batch_cost: 0.0278 - reader cost: 3.0090e-04
 61/348 [====>.........................] - ETA: 7s - batch_cost: 0.0274 - reader cost: 2.8610e-04
 64/348 [====>.........................] - ETA: 7s - batch_cost: 0.0271 - reader cost: 2.7269e-04
 67/348 [====>.........................] - ETA: 7s - batch_cost: 0.0267 - reader cost: 2.6048e-04
 70/348 [=====>........................] - ETA: 7s - batch_cost: 0.0264 - reader cost: 2.4931e-04
 73/348 [=====>........................] - ETA: 7s - batch_cost: 0.0262 - reader cost: 2.3907e-04
 76/348 [=====>........................] - ETA: 7s - batch_cost: 0.0260 - reader cost: 2.2963e-04
 79/348 [=====>........................] - ETA: 7s - batch_cost: 0.0258 - reader cost: 2.3359e-04
 82/348 [======>.......................] - ETA: 6s - batch_cost: 0.0257 - reader cost: 2.2505e-04
 85/348 [======>.......................] - ETA: 6s - batch_cost: 0.0255 - reader cost: 2.1710e-04
 88/348 [======>.......................] - ETA: 6s - batch_cost: 0.0253 - reader cost: 2.0970e-04
 91/348 [======>.......................] - ETA: 6s - batch_cost: 0.0252 - reader cost: 2.1381e-04
 93/348 [=======>......................] - ETA: 6s - batch_cost: 0.0252 - reader cost: 2.0921e-04
 96/348 [=======>......................] - ETA: 6s - batch_cost: 0.0252 - reader cost: 2.0267e-04
100/348 [=======>......................] - ETA: 6s - batch_cost: 0.0248 - reader cost: 1.9457e-04
103/348 [=======>......................] - ETA: 6s - batch_cost: 0.0246 - reader cost: 1.8890e-04
106/348 [========>.....................] - ETA: 5s - batch_cost: 0.0244 - reader cost: 1.8355e-04
109/348 [========>.....................] - ETA: 5s - batch_cost: 0.0242 - reader cost: 1.7850e-04
112/348 [========>.....................] - ETA: 5s - batch_cost: 0.0241 - reader cost: 1.7372e-04
115/348 [========>.....................] - ETA: 5s - batch_cost: 0.0241 - reader cost: 1.7356e-04
118/348 [=========>....................] - ETA: 5s - batch_cost: 0.0240 - reader cost: 1.6915e-04
121/348 [=========>....................] - ETA: 5s - batch_cost: 0.0239 - reader cost: 1.6911e-04
124/348 [=========>....................] - ETA: 5s - batch_cost: 0.0238 - reader cost: 1.6502e-04
128/348 [==========>...................] - ETA: 5s - batch_cost: 0.0235 - reader cost: 1.6769e-04
131/348 [==========>...................] - ETA: 5s - batch_cost: 0.0234 - reader cost: 1.6385e-04
135/348 [==========>...................] - ETA: 4s - batch_cost: 0.0231 - reader cost: 1.6474e-04
138/348 [==========>...................] - ETA: 4s - batch_cost: 0.0230 - reader cost: 1.6116e-04
141/348 [===========>..................] - ETA: 4s - batch_cost: 0.0230 - reader cost: 1.5773e-04
144/348 [===========>..................] - ETA: 4s - batch_cost: 0.0229 - reader cost: 1.5444e-04
147/348 [===========>..................] - ETA: 4s - batch_cost: 0.0228 - reader cost: 1.6170e-04
150/348 [===========>..................] - ETA: 4s - batch_cost: 0.0227 - reader cost: 1.6190e-04
153/348 [============>.................] - ETA: 4s - batch_cost: 0.0227 - reader cost: 1.5872e-04
156/348 [============>.................] - ETA: 4s - batch_cost: 0.0226 - reader cost: 1.5567e-04
159/348 [============>.................] - ETA: 4s - batch_cost: 0.0226 - reader cost: 1.6490e-04
162/348 [============>.................] - ETA: 4s - batch_cost: 0.0226 - reader cost: 1.6185e-04
165/348 [=============>................] - ETA: 4s - batch_cost: 0.0225 - reader cost: 1.6285e-04
168/348 [=============>................] - ETA: 4s - batch_cost: 0.0225 - reader cost: 1.5994e-04
171/348 [=============>................] - ETA: 4s - batch_cost: 0.0225 - reader cost: 1.5714e-04
174/348 [==============>...............] - ETA: 3s - batch_cost: 0.0224 - reader cost: 1.5691e-04
177/348 [==============>...............] - ETA: 3s - batch_cost: 0.0224 - reader cost: 1.5425e-04
180/348 [==============>...............] - ETA: 3s - batch_cost: 0.0224 - reader cost: 1.5168e-04
183/348 [==============>...............] - ETA: 3s - batch_cost: 0.0224 - reader cost: 1.4919e-04
186/348 [===============>..............] - ETA: 3s - batch_cost: 0.0224 - reader cost: 1.4678e-04
189/348 [===============>..............] - ETA: 3s - batch_cost: 0.0224 - reader cost: 1.4980e-04
192/348 [===============>..............] - ETA: 3s - batch_cost: 0.0224 - reader cost: 1.4746e-04
196/348 [===============>..............] - ETA: 3s - batch_cost: 0.0223 - reader cost: 1.4445e-04
199/348 [================>.............] - ETA: 3s - batch_cost: 0.0223 - reader cost: 1.4228e-04
202/348 [================>.............] - ETA: 3s - batch_cost: 0.0222 - reader cost: 1.4349e-04
205/348 [================>.............] - ETA: 3s - batch_cost: 0.0222 - reader cost: 1.4139e-04
208/348 [================>.............] - ETA: 3s - batch_cost: 0.0221 - reader cost: 1.3935e-04
211/348 [=================>............] - ETA: 3s - batch_cost: 0.0220 - reader cost: 1.3737e-04
214/348 [=================>............] - ETA: 2s - batch_cost: 0.0220 - reader cost: 1.3545e-04
217/348 [=================>............] - ETA: 2s - batch_cost: 0.0219 - reader cost: 1.3357e-04
220/348 [=================>............] - ETA: 2s - batch_cost: 0.0219 - reader cost: 1.3175e-04
223/348 [==================>...........] - ETA: 2s - batch_cost: 0.0219 - reader cost: 1.2998e-04
226/348 [==================>...........] - ETA: 2s - batch_cost: 0.0218 - reader cost: 1.2825e-04
229/348 [==================>...........] - ETA: 2s - batch_cost: 0.0218 - reader cost: 1.2657e-04
232/348 [===================>..........] - ETA: 2s - batch_cost: 0.0218 - reader cost: 1.2494e-04
234/348 [===================>..........] - ETA: 2s - batch_cost: 0.0218 - reader cost: 1.2387e-04
236/348 [===================>..........] - ETA: 2s - batch_cost: 0.0219 - reader cost: 1.2282e-04
238/348 [===================>..........] - ETA: 2s - batch_cost: 0.0219 - reader cost: 1.2179e-04
240/348 [===================>..........] - ETA: 2s - batch_cost: 0.0219 - reader cost: 1.2077e-04
243/348 [===================>..........] - ETA: 2s - batch_cost: 0.0220 - reader cost: 1.1928e-04
246/348 [====================>.........] - ETA: 2s - batch_cost: 0.0220 - reader cost: 1.1783e-04
249/348 [====================>.........] - ETA: 2s - batch_cost: 0.0220 - reader cost: 1.2044e-04
252/348 [====================>.........] - ETA: 2s - batch_cost: 0.0220 - reader cost: 1.1901e-04
254/348 [====================>.........] - ETA: 2s - batch_cost: 0.0220 - reader cost: 1.2204e-04
256/348 [=====================>........] - ETA: 2s - batch_cost: 0.0220 - reader cost: 1.2109e-04
259/348 [=====================>........] - ETA: 1s - batch_cost: 0.0221 - reader cost: 1.1969e-04
261/348 [=====================>........] - ETA: 1s - batch_cost: 0.0221 - reader cost: 1.2261e-04
264/348 [=====================>........] - ETA: 1s - batch_cost: 0.0221 - reader cost: 1.2122e-04
267/348 [======================>.......] - ETA: 1s - batch_cost: 0.0221 - reader cost: 1.1986e-04
270/348 [======================>.......] - ETA: 1s - batch_cost: 0.0221 - reader cost: 1.1852e-04
272/348 [======================>.......] - ETA: 1s - batch_cost: 0.0221 - reader cost: 1.1765e-04
275/348 [======================>.......] - ETA: 1s - batch_cost: 0.0221 - reader cost: 1.2003e-04
278/348 [======================>.......] - ETA: 1s - batch_cost: 0.0221 - reader cost: 1.1874e-04
281/348 [=======================>......] - ETA: 1s - batch_cost: 0.0221 - reader cost: 1.1747e-04
285/348 [=======================>......] - ETA: 1s - batch_cost: 0.0220 - reader cost: 1.1582e-04
289/348 [=======================>......] - ETA: 1s - batch_cost: 0.0219 - reader cost: 1.1765e-04
292/348 [========================>.....] - ETA: 1s - batch_cost: 0.0219 - reader cost: 1.1644e-04
295/348 [========================>.....] - ETA: 1s - batch_cost: 0.0219 - reader cost: 1.1526e-04
298/348 [========================>.....] - ETA: 1s - batch_cost: 0.0219 - reader cost: 1.1410e-04
302/348 [=========================>....] - ETA: 1s - batch_cost: 0.0218 - reader cost: 1.1259e-04
305/348 [=========================>....] - ETA: 0s - batch_cost: 0.0217 - reader cost: 1.1148e-04
308/348 [=========================>....] - ETA: 0s - batch_cost: 0.0217 - reader cost: 1.1364e-04
311/348 [=========================>....] - ETA: 0s - batch_cost: 0.0217 - reader cost: 1.1254e-04
314/348 [==========================>...] - ETA: 0s - batch_cost: 0.0217 - reader cost: 1.1147e-04
317/348 [==========================>...] - ETA: 0s - batch_cost: 0.0217 - reader cost: 1.1041e-04
320/348 [==========================>...] - ETA: 0s - batch_cost: 0.0216 - reader cost: 1.1250e-04
323/348 [==========================>...] - ETA: 0s - batch_cost: 0.0216 - reader cost: 1.1350e-04
326/348 [===========================>..] - ETA: 0s - batch_cost: 0.0216 - reader cost: 1.1245e-04
329/348 [===========================>..] - ETA: 0s - batch_cost: 0.0216 - reader cost: 1.1602e-04
332/348 [===========================>..] - ETA: 0s - batch_cost: 0.0216 - reader cost: 1.1498e-04
335/348 [===========================>..] - ETA: 0s - batch_cost: 0.0216 - reader cost: 1.1395e-04
338/348 [============================>.] - ETA: 0s - batch_cost: 0.0216 - reader cost: 1.1293e-04
341/348 [============================>.] - ETA: 0s - batch_cost: 0.0216 - reader cost: 1.1194e-04
344/348 [============================>.] - ETA: 0s - batch_cost: 0.0215 - reader cost: 1.1097e-04
348/348 [==============================] - 8s 22ms/step - batch_cost: 0.0214 - reader cost: 1.0969e-04

  1/348 [..............................] - ETA: 9s - batch_cost: 0.0265 - reader cost: 0.0085
  4/348 [..............................] - ETA: 8s - batch_cost: 0.0241 - reader cost: 0.0021
  7/348 [..............................] - ETA: 7s - batch_cost: 0.0227 - reader cost: 0.0012
 10/348 [..............................] - ETA: 7s - batch_cost: 0.0223 - reader cost: 8.5046e-04
 12/348 [>.............................] - ETA: 7s - batch_cost: 0.0230 - reader cost: 7.0872e-04
 14/348 [>.............................] - ETA: 7s - batch_cost: 0.0233 - reader cost: 6.0747e-04
 17/348 [>.............................] - ETA: 7s - batch_cost: 0.0230 - reader cost: 5.0027e-04
 20/348 [>.............................] - ETA: 7s - batch_cost: 0.0232 - reader cost: 4.2523e-04
 22/348 [>.............................] - ETA: 7s - batch_cost: 0.0233 - reader cost: 3.8657e-04
 25/348 [=>............................] - ETA: 7s - batch_cost: 0.0233 - reader cost: 3.4019e-04
 28/348 [=>............................] - ETA: 7s - batch_cost: 0.0229 - reader cost: 3.0374e-04
 31/348 [=>............................] - ETA: 7s - batch_cost: 0.0226 - reader cost: 2.7434e-04
 34/348 [=>............................] - ETA: 7s - batch_cost: 0.0222 - reader cost: 2.5014e-04
 38/348 [==>...........................] - ETA: 6s - batch_cost: 0.0216 - reader cost: 2.2381e-04
 41/348 [==>...........................] - ETA: 6s - batch_cost: 0.0213 - reader cost: 2.0743e-04
 44/348 [==>...........................] - ETA: 6s - batch_cost: 0.0212 - reader cost: 1.9329e-04
 47/348 [===>..........................] - ETA: 6s - batch_cost: 0.0212 - reader cost: 1.8095e-04
 50/348 [===>..........................] - ETA: 6s - batch_cost: 0.0211 - reader cost: 1.7009e-04
 54/348 [===>..........................] - ETA: 6s - batch_cost: 0.0207 - reader cost: 1.7601e-04
 58/348 [====>.........................] - ETA: 5s - batch_cost: 0.0204 - reader cost: 1.6388e-04
 62/348 [====>.........................] - ETA: 5s - batch_cost: 0.0201 - reader cost: 1.5330e-04
 65/348 [====>.........................] - ETA: 5s - batch_cost: 0.0202 - reader cost: 1.4623e-04
 68/348 [====>.........................] - ETA: 5s - batch_cost: 0.0202 - reader cost: 1.3978e-04
 71/348 [=====>........................] - ETA: 5s - batch_cost: 0.0201 - reader cost: 1.3387e-04
 75/348 [=====>........................] - ETA: 5s - batch_cost: 0.0198 - reader cost: 1.2673e-04
 78/348 [=====>........................] - ETA: 5s - batch_cost: 0.0199 - reader cost: 1.2186e-04
 81/348 [=====>........................] - ETA: 5s - batch_cost: 0.0200 - reader cost: 1.1734e-04
 84/348 [======>.......................] - ETA: 5s - batch_cost: 0.0201 - reader cost: 1.1315e-04
 88/348 [======>.......................] - ETA: 5s - batch_cost: 0.0199 - reader cost: 1.0801e-04
 91/348 [======>.......................] - ETA: 5s - batch_cost: 0.0199 - reader cost: 1.0445e-04
 95/348 [=======>......................] - ETA: 5s - batch_cost: 0.0197 - reader cost: 1.0005e-04
 98/348 [=======>......................] - ETA: 4s - batch_cost: 0.0198 - reader cost: 9.6988e-05
101/348 [=======>......................] - ETA: 4s - batch_cost: 0.0198 - reader cost: 9.4107e-05
105/348 [========>.....................] - ETA: 4s - batch_cost: 0.0197 - reader cost: 9.0522e-05
109/348 [========>.....................] - ETA: 4s - batch_cost: 0.0195 - reader cost: 8.7200e-05
113/348 [========>.....................] - ETA: 4s - batch_cost: 0.0194 - reader cost: 8.4113e-05
116/348 [=========>....................] - ETA: 4s - batch_cost: 0.0194 - reader cost: 8.1938e-05
120/348 [=========>....................] - ETA: 4s - batch_cost: 0.0192 - reader cost: 7.9207e-05
124/348 [=========>....................] - ETA: 4s - batch_cost: 0.0191 - reader cost: 8.4623e-05
127/348 [=========>....................] - ETA: 4s - batch_cost: 0.0191 - reader cost: 8.2624e-05
130/348 [==========>...................] - ETA: 4s - batch_cost: 0.0192 - reader cost: 8.0718e-05
133/348 [==========>...................] - ETA: 4s - batch_cost: 0.0193 - reader cost: 7.8897e-05
136/348 [==========>...................] - ETA: 4s - batch_cost: 0.0193 - reader cost: 8.4448e-05
139/348 [==========>...................] - ETA: 4s - batch_cost: 0.0193 - reader cost: 8.2625e-05
142/348 [===========>..................] - ETA: 4s - batch_cost: 0.0193 - reader cost: 8.0879e-05
145/348 [===========>..................] - ETA: 3s - batch_cost: 0.0194 - reader cost: 8.3828e-05
148/348 [===========>..................] - ETA: 3s - batch_cost: 0.0195 - reader cost: 8.2129e-05
151/348 [============>.................] - ETA: 3s - batch_cost: 0.0195 - reader cost: 8.7118e-05
154/348 [============>.................] - ETA: 3s - batch_cost: 0.0195 - reader cost: 8.5420e-05
157/348 [============>.................] - ETA: 3s - batch_cost: 0.0195 - reader cost: 8.3788e-05
160/348 [============>.................] - ETA: 3s - batch_cost: 0.0195 - reader cost: 8.8471e-05
164/348 [=============>................] - ETA: 3s - batch_cost: 0.0194 - reader cost: 8.6313e-05
167/348 [=============>................] - ETA: 3s - batch_cost: 0.0194 - reader cost: 9.0742e-05
171/348 [=============>................] - ETA: 3s - batch_cost: 0.0193 - reader cost: 8.8619e-05
174/348 [==============>...............] - ETA: 3s - batch_cost: 0.0192 - reader cost: 8.7091e-05
178/348 [==============>...............] - ETA: 3s - batch_cost: 0.0192 - reader cost: 9.0705e-05
181/348 [==============>...............] - ETA: 3s - batch_cost: 0.0192 - reader cost: 1.0020e-04
184/348 [==============>...............] - ETA: 3s - batch_cost: 0.0192 - reader cost: 1.0069e-04
188/348 [===============>..............] - ETA: 3s - batch_cost: 0.0191 - reader cost: 9.8552e-05
192/348 [===============>..............] - ETA: 2s - batch_cost: 0.0190 - reader cost: 9.6499e-05
195/348 [===============>..............] - ETA: 2s - batch_cost: 0.0190 - reader cost: 9.5014e-05
198/348 [================>.............] - ETA: 2s - batch_cost: 0.0190 - reader cost: 9.3574e-05
201/348 [================>.............] - ETA: 2s - batch_cost: 0.0190 - reader cost: 9.2178e-05
204/348 [================>.............] - ETA: 2s - batch_cost: 0.0190 - reader cost: 9.5727e-05
207/348 [================>.............] - ETA: 2s - batch_cost: 0.0190 - reader cost: 9.4340e-05
210/348 [=================>............] - ETA: 2s - batch_cost: 0.0190 - reader cost: 9.2992e-05
213/348 [=================>............] - ETA: 2s - batch_cost: 0.0190 - reader cost: 9.1683e-05
216/348 [=================>............] - ETA: 2s - batch_cost: 0.0190 - reader cost: 9.5039e-05
220/348 [=================>............] - ETA: 2s - batch_cost: 0.0189 - reader cost: 9.3311e-05
223/348 [==================>...........] - ETA: 2s - batch_cost: 0.0189 - reader cost: 9.2055e-05
226/348 [==================>...........] - ETA: 2s - batch_cost: 0.0189 - reader cost: 9.0833e-05
229/348 [==================>...........] - ETA: 2s - batch_cost: 0.0190 - reader cost: 8.9643e-05
232/348 [===================>..........] - ETA: 2s - batch_cost: 0.0190 - reader cost: 8.8484e-05
236/348 [===================>..........] - ETA: 2s - batch_cost: 0.0189 - reader cost: 8.6984e-05
239/348 [===================>..........] - ETA: 2s - batch_cost: 0.0189 - reader cost: 8.5893e-05
242/348 [===================>..........] - ETA: 2s - batch_cost: 0.0189 - reader cost: 8.4828e-05
245/348 [====================>.........] - ETA: 1s - batch_cost: 0.0189 - reader cost: 8.3789e-05
248/348 [====================>.........] - ETA: 1s - batch_cost: 0.0189 - reader cost: 8.2775e-05
251/348 [====================>.........] - ETA: 1s - batch_cost: 0.0189 - reader cost: 8.1786e-05
255/348 [====================>.........] - ETA: 1s - batch_cost: 0.0189 - reader cost: 8.0503e-05
258/348 [=====================>........] - ETA: 1s - batch_cost: 0.0189 - reader cost: 7.9567e-05
261/348 [=====================>........] - ETA: 1s - batch_cost: 0.0189 - reader cost: 7.8653e-05
264/348 [=====================>........] - ETA: 1s - batch_cost: 0.0189 - reader cost: 7.7759e-05
267/348 [======================>.......] - ETA: 1s - batch_cost: 0.0189 - reader cost: 7.6885e-05
270/348 [======================>.......] - ETA: 1s - batch_cost: 0.0189 - reader cost: 7.9733e-05
273/348 [======================>.......] - ETA: 1s - batch_cost: 0.0189 - reader cost: 7.8857e-05
276/348 [======================>.......] - ETA: 1s - batch_cost: 0.0189 - reader cost: 7.8000e-05
279/348 [=======================>......] - ETA: 1s - batch_cost: 0.0189 - reader cost: 7.7161e-05
282/348 [=======================>......] - ETA: 1s - batch_cost: 0.0189 - reader cost: 7.6340e-05
285/348 [=======================>......] - ETA: 1s - batch_cost: 0.0189 - reader cost: 7.5537e-05
288/348 [=======================>......] - ETA: 1s - batch_cost: 0.0190 - reader cost: 7.4750e-05
291/348 [========================>.....] - ETA: 1s - batch_cost: 0.0189 - reader cost: 7.3979e-05
294/348 [========================>.....] - ETA: 1s - batch_cost: 0.0189 - reader cost: 7.3225e-05
297/348 [========================>.....] - ETA: 0s - batch_cost: 0.0189 - reader cost: 7.2485e-05
300/348 [========================>.....] - ETA: 0s - batch_cost: 0.0190 - reader cost: 7.1760e-05
303/348 [=========================>....] - ETA: 0s - batch_cost: 0.0190 - reader cost: 7.1050e-05
306/348 [=========================>....] - ETA: 0s - batch_cost: 0.0190 - reader cost: 7.0353e-05
309/348 [=========================>....] - ETA: 0s - batch_cost: 0.0190 - reader cost: 6.9670e-05
312/348 [=========================>....] - ETA: 0s - batch_cost: 0.0190 - reader cost: 6.9000e-05
315/348 [==========================>...] - ETA: 0s - batch_cost: 0.0190 - reader cost: 6.8343e-05
319/348 [==========================>...] - ETA: 0s - batch_cost: 0.0190 - reader cost: 7.0620e-05
323/348 [==========================>...] - ETA: 0s - batch_cost: 0.0190 - reader cost: 6.9745e-05
327/348 [===========================>..] - ETA: 0s - batch_cost: 0.0189 - reader cost: 6.8892e-05
330/348 [===========================>..] - ETA: 0s - batch_cost: 0.0189 - reader cost: 6.8266e-05
333/348 [===========================>..] - ETA: 0s - batch_cost: 0.0189 - reader cost: 6.7651e-05
336/348 [===========================>..] - ETA: 0s - batch_cost: 0.0189 - reader cost: 6.7047e-05
339/348 [============================>.] - ETA: 0s - batch_cost: 0.0189 - reader cost: 6.6453e-05
342/348 [============================>.] - ETA: 0s - batch_cost: 0.0189 - reader cost: 6.8820e-05
345/348 [============================>.] - ETA: 0s - batch_cost: 0.0190 - reader cost: 6.8222e-05
348/348 [==============================] - 7s 19ms/step - batch_cost: 0.0189 - reader cost: 6.7633e-05

  1/348 [..............................] - ETA: 16s - batch_cost: 0.0470 - reader cost: 0.0150
  3/348 [..............................] - ETA: 14s - batch_cost: 0.0404 - reader cost: 0.0050
  5/348 [..............................] - ETA: 12s - batch_cost: 0.0343 - reader cost: 0.0030
  7/348 [..............................] - ETA: 11s - batch_cost: 0.0318 - reader cost: 0.0021
  9/348 [..............................] - ETA: 10s - batch_cost: 0.0305 - reader cost: 0.0017
 11/348 [..............................] - ETA: 10s - batch_cost: 0.0302 - reader cost: 0.0014
 13/348 [>.............................] - ETA: 10s - batch_cost: 0.0295 - reader cost: 0.0012
 15/348 [>.............................] - ETA: 10s - batch_cost: 0.0295 - reader cost: 9.9775e-04
 17/348 [>.............................] - ETA: 10s - batch_cost: 0.0299 - reader cost: 9.3916e-04
 19/348 [>.............................] - ETA: 9s - batch_cost: 0.0296 - reader cost: 8.9294e-04 
 21/348 [>.............................] - ETA: 9s - batch_cost: 0.0294 - reader cost: 8.0790e-04
 24/348 [=>............................] - ETA: 9s - batch_cost: 0.0288 - reader cost: 7.0691e-04
 26/348 [=>............................] - ETA: 9s - batch_cost: 0.0292 - reader cost: 6.5253e-04
 28/348 [=>............................] - ETA: 9s - batch_cost: 0.0290 - reader cost: 6.0592e-04
 31/348 [=>............................] - ETA: 9s - batch_cost: 0.0286 - reader cost: 5.4729e-04
 33/348 [=>............................] - ETA: 9s - batch_cost: 0.0286 - reader cost: 5.1412e-04
 35/348 [==>...........................] - ETA: 9s - batch_cost: 0.0286 - reader cost: 5.1364e-04
 38/348 [==>...........................] - ETA: 8s - batch_cost: 0.0280 - reader cost: 4.7309e-04
 41/348 [==>...........................] - ETA: 8s - batch_cost: 0.0272 - reader cost: 4.3847e-04
 44/348 [==>...........................] - ETA: 8s - batch_cost: 0.0265 - reader cost: 4.0857e-04
 47/348 [===>..........................] - ETA: 7s - batch_cost: 0.0259 - reader cost: 3.8249e-04
 50/348 [===>..........................] - ETA: 7s - batch_cost: 0.0255 - reader cost: 3.5954e-04
 53/348 [===>..........................] - ETA: 7s - batch_cost: 0.0250 - reader cost: 3.3919e-04
 56/348 [===>..........................] - ETA: 7s - batch_cost: 0.0250 - reader cost: 3.3890e-04
 59/348 [====>.........................] - ETA: 7s - batch_cost: 0.0249 - reader cost: 3.2167e-04
 61/348 [====>.........................] - ETA: 7s - batch_cost: 0.0249 - reader cost: 3.1112e-04
 64/348 [====>.........................] - ETA: 7s - batch_cost: 0.0247 - reader cost: 2.9654e-04
 67/348 [====>.........................] - ETA: 7s - batch_cost: 0.0247 - reader cost: 2.8326e-04
 70/348 [=====>........................] - ETA: 6s - batch_cost: 0.0245 - reader cost: 2.7112e-04
 73/348 [=====>........................] - ETA: 6s - batch_cost: 0.0243 - reader cost: 2.5998e-04
 76/348 [=====>........................] - ETA: 6s - batch_cost: 0.0241 - reader cost: 2.4972e-04
 79/348 [=====>........................] - ETA: 6s - batch_cost: 0.0240 - reader cost: 2.4024e-04
 82/348 [======>.......................] - ETA: 6s - batch_cost: 0.0237 - reader cost: 2.3145e-04
 85/348 [======>.......................] - ETA: 6s - batch_cost: 0.0235 - reader cost: 2.2328e-04
 88/348 [======>.......................] - ETA: 6s - batch_cost: 0.0233 - reader cost: 2.2148e-04
 91/348 [======>.......................] - ETA: 6s - batch_cost: 0.0232 - reader cost: 2.1418e-04
 94/348 [=======>......................] - ETA: 5s - batch_cost: 0.0231 - reader cost: 2.0735e-04
 97/348 [=======>......................] - ETA: 5s - batch_cost: 0.0230 - reader cost: 2.0093e-04
100/348 [=======>......................] - ETA: 5s - batch_cost: 0.0230 - reader cost: 1.9490e-04
103/348 [=======>......................] - ETA: 5s - batch_cost: 0.0229 - reader cost: 1.8923e-04
106/348 [========>.....................] - ETA: 5s - batch_cost: 0.0227 - reader cost: 1.8387e-04
109/348 [========>.....................] - ETA: 5s - batch_cost: 0.0225 - reader cost: 1.7881e-04
112/348 [========>.....................] - ETA: 5s - batch_cost: 0.0225 - reader cost: 1.7402e-04
115/348 [========>.....................] - ETA: 5s - batch_cost: 0.0223 - reader cost: 1.6948e-04
118/348 [=========>....................] - ETA: 5s - batch_cost: 0.0222 - reader cost: 1.6517e-04
121/348 [=========>....................] - ETA: 5s - batch_cost: 0.0222 - reader cost: 1.6928e-04
125/348 [=========>....................] - ETA: 4s - batch_cost: 0.0220 - reader cost: 1.7186e-04
128/348 [==========>...................] - ETA: 4s - batch_cost: 0.0219 - reader cost: 1.6783e-04
131/348 [==========>...................] - ETA: 4s - batch_cost: 0.0219 - reader cost: 1.6399e-04
133/348 [==========>...................] - ETA: 4s - batch_cost: 0.0219 - reader cost: 1.6152e-04
136/348 [==========>...................] - ETA: 4s - batch_cost: 0.0219 - reader cost: 1.5796e-04
139/348 [==========>...................] - ETA: 4s - batch_cost: 0.0219 - reader cost: 1.5455e-04
142/348 [===========>..................] - ETA: 4s - batch_cost: 0.0218 - reader cost: 1.5128e-04
145/348 [===========>..................] - ETA: 4s - batch_cost: 0.0218 - reader cost: 1.4815e-04
148/348 [===========>..................] - ETA: 4s - batch_cost: 0.0217 - reader cost: 1.4515e-04
151/348 [============>.................] - ETA: 4s - batch_cost: 0.0216 - reader cost: 1.4227e-04
154/348 [============>.................] - ETA: 4s - batch_cost: 0.0216 - reader cost: 1.3950e-04
157/348 [============>.................] - ETA: 4s - batch_cost: 0.0215 - reader cost: 1.3683e-04
160/348 [============>.................] - ETA: 4s - batch_cost: 0.0215 - reader cost: 1.3427e-04
164/348 [=============>................] - ETA: 3s - batch_cost: 0.0214 - reader cost: 1.3704e-04
167/348 [=============>................] - ETA: 3s - batch_cost: 0.0213 - reader cost: 1.3458e-04
170/348 [=============>................] - ETA: 3s - batch_cost: 0.0213 - reader cost: 1.3809e-04
173/348 [=============>................] - ETA: 3s - batch_cost: 0.0213 - reader cost: 1.3570e-04
176/348 [==============>...............] - ETA: 3s - batch_cost: 0.0213 - reader cost: 1.3907e-04
179/348 [==============>...............] - ETA: 3s - batch_cost: 0.0212 - reader cost: 1.3962e-04
182/348 [==============>...............] - ETA: 3s - batch_cost: 0.0212 - reader cost: 1.3732e-04
185/348 [==============>...............] - ETA: 3s - batch_cost: 0.0211 - reader cost: 1.3509e-04
188/348 [===============>..............] - ETA: 3s - batch_cost: 0.0211 - reader cost: 1.3294e-04
191/348 [===============>..............] - ETA: 3s - batch_cost: 0.0211 - reader cost: 1.3085e-04
194/348 [===============>..............] - ETA: 3s - batch_cost: 0.0210 - reader cost: 1.2883e-04
197/348 [===============>..............] - ETA: 3s - batch_cost: 0.0210 - reader cost: 1.2686e-04
200/348 [================>.............] - ETA: 3s - batch_cost: 0.0210 - reader cost: 1.2496e-04
203/348 [================>.............] - ETA: 3s - batch_cost: 0.0210 - reader cost: 1.2808e-04
206/348 [================>.............] - ETA: 3s - batch_cost: 0.0209 - reader cost: 1.2622e-04
209/348 [=================>............] - ETA: 2s - batch_cost: 0.0209 - reader cost: 1.2441e-04
212/348 [=================>............] - ETA: 2s - batch_cost: 0.0209 - reader cost: 1.2264e-04
215/348 [=================>............] - ETA: 2s - batch_cost: 0.0209 - reader cost: 1.2093e-04
218/348 [=================>............] - ETA: 2s - batch_cost: 0.0209 - reader cost: 1.1927e-04
221/348 [==================>...........] - ETA: 2s - batch_cost: 0.0209 - reader cost: 1.1765e-04
224/348 [==================>...........] - ETA: 2s - batch_cost: 0.0210 - reader cost: 1.1607e-04
227/348 [==================>...........] - ETA: 2s - batch_cost: 0.0210 - reader cost: 1.1895e-04
230/348 [==================>...........] - ETA: 2s - batch_cost: 0.0210 - reader cost: 1.1739e-04
233/348 [===================>..........] - ETA: 2s - batch_cost: 0.0210 - reader cost: 1.1588e-04
236/348 [===================>..........] - ETA: 2s - batch_cost: 0.0210 - reader cost: 1.1441e-04
239/348 [===================>..........] - ETA: 2s - batch_cost: 0.0210 - reader cost: 1.1297e-04
242/348 [===================>..........] - ETA: 2s - batch_cost: 0.0210 - reader cost: 1.1365e-04
245/348 [====================>.........] - ETA: 2s - batch_cost: 0.0210 - reader cost: 1.1226e-04
248/348 [====================>.........] - ETA: 2s - batch_cost: 0.0210 - reader cost: 1.1090e-04
251/348 [====================>.........] - ETA: 2s - batch_cost: 0.0210 - reader cost: 1.0958e-04
254/348 [====================>.........] - ETA: 2s - batch_cost: 0.0211 - reader cost: 1.1222e-04
257/348 [=====================>........] - ETA: 1s - batch_cost: 0.0210 - reader cost: 1.1091e-04
260/348 [=====================>........] - ETA: 1s - batch_cost: 0.0210 - reader cost: 1.0963e-04
263/348 [=====================>........] - ETA: 1s - batch_cost: 0.0210 - reader cost: 1.0838e-04
266/348 [=====================>........] - ETA: 1s - batch_cost: 0.0210 - reader cost: 1.0716e-04
269/348 [======================>.......] - ETA: 1s - batch_cost: 0.0210 - reader cost: 1.1154e-04
272/348 [======================>.......] - ETA: 1s - batch_cost: 0.0209 - reader cost: 1.1402e-04
275/348 [======================>.......] - ETA: 1s - batch_cost: 0.0209 - reader cost: 1.1278e-04
277/348 [======================>.......] - ETA: 1s - batch_cost: 0.0209 - reader cost: 1.1196e-04
280/348 [=======================>......] - ETA: 1s - batch_cost: 0.0210 - reader cost: 1.1076e-04
283/348 [=======================>......] - ETA: 1s - batch_cost: 0.0210 - reader cost: 1.1137e-04
286/348 [=======================>......] - ETA: 1s - batch_cost: 0.0210 - reader cost: 1.1020e-04
289/348 [=======================>......] - ETA: 1s - batch_cost: 0.0210 - reader cost: 1.0905e-04
292/348 [========================>.....] - ETA: 1s - batch_cost: 0.0210 - reader cost: 1.0793e-04
295/348 [========================>.....] - ETA: 1s - batch_cost: 0.0210 - reader cost: 1.0684e-04
298/348 [========================>.....] - ETA: 1s - batch_cost: 0.0210 - reader cost: 1.0909e-04
301/348 [========================>.....] - ETA: 0s - batch_cost: 0.0210 - reader cost: 1.0800e-04
304/348 [=========================>....] - ETA: 0s - batch_cost: 0.0210 - reader cost: 1.0694e-04
307/348 [=========================>....] - ETA: 0s - batch_cost: 0.0209 - reader cost: 1.0589e-04
310/348 [=========================>....] - ETA: 0s - batch_cost: 0.0209 - reader cost: 1.0487e-04
313/348 [=========================>....] - ETA: 0s - batch_cost: 0.0209 - reader cost: 1.0386e-04
316/348 [==========================>...] - ETA: 0s - batch_cost: 0.0209 - reader cost: 1.0287e-04
319/348 [==========================>...] - ETA: 0s - batch_cost: 0.0208 - reader cost: 1.0191e-04
323/348 [==========================>...] - ETA: 0s - batch_cost: 0.0208 - reader cost: 1.0065e-04
326/348 [===========================>..] - ETA: 0s - batch_cost: 0.0207 - reader cost: 1.0433e-04
329/348 [===========================>..] - ETA: 0s - batch_cost: 0.0207 - reader cost: 1.0338e-04
332/348 [===========================>..] - ETA: 0s - batch_cost: 0.0207 - reader cost: 1.0244e-04
335/348 [===========================>..] - ETA: 0s - batch_cost: 0.0207 - reader cost: 1.0284e-04
338/348 [============================>.] - ETA: 0s - batch_cost: 0.0207 - reader cost: 1.0193e-04
341/348 [============================>.] - ETA: 0s - batch_cost: 0.0207 - reader cost: 1.0399e-04
344/348 [============================>.] - ETA: 0s - batch_cost: 0.0207 - reader cost: 1.0308e-04
348/348 [==============================] - 7s 21ms/step - batch_cost: 0.0207 - reader cost: 1.0477e-04

  1/348 [..............................] - ETA: 10s - batch_cost: 0.0305 - reader cost: 0.0085
  4/348 [..............................] - ETA: 7s - batch_cost: 0.0219 - reader cost: 0.0021 
  7/348 [..............................] - ETA: 7s - batch_cost: 0.0222 - reader cost: 0.0012
 10/348 [..............................] - ETA: 7s - batch_cost: 0.0225 - reader cost: 8.5065e-04
 13/348 [>.............................] - ETA: 7s - batch_cost: 0.0222 - reader cost: 6.5435e-04
 16/348 [>.............................] - ETA: 7s - batch_cost: 0.0219 - reader cost: 5.3166e-04
 19/348 [>.............................] - ETA: 7s - batch_cost: 0.0212 - reader cost: 4.4771e-04
 22/348 [>.............................] - ETA: 7s - batch_cost: 0.0213 - reader cost: 3.8666e-04
 25/348 [=>............................] - ETA: 6s - batch_cost: 0.0211 - reader cost: 4.2067e-04
 28/348 [=>............................] - ETA: 6s - batch_cost: 0.0207 - reader cost: 4.1128e-04
 31/348 [=>............................] - ETA: 6s - batch_cost: 0.0206 - reader cost: 3.7148e-04
 34/348 [=>............................] - ETA: 6s - batch_cost: 0.0205 - reader cost: 3.3870e-04
 37/348 [==>...........................] - ETA: 6s - batch_cost: 0.0204 - reader cost: 3.1124e-04
 40/348 [==>...........................] - ETA: 6s - batch_cost: 0.0204 - reader cost: 2.8790e-04
 43/348 [==>...........................] - ETA: 6s - batch_cost: 0.0201 - reader cost: 2.6781e-04
 46/348 [==>...........................] - ETA: 6s - batch_cost: 0.0200 - reader cost: 2.5034e-04
 49/348 [===>..........................] - ETA: 6s - batch_cost: 0.0200 - reader cost: 2.5540e-04
 52/348 [===>..........................] - ETA: 5s - batch_cost: 0.0200 - reader cost: 2.4067e-04
 55/348 [===>..........................] - ETA: 5s - batch_cost: 0.0200 - reader cost: 2.6941e-04
 58/348 [====>.........................] - ETA: 5s - batch_cost: 0.0199 - reader cost: 2.7273e-04
 61/348 [====>.........................] - ETA: 5s - batch_cost: 0.0199 - reader cost: 2.5931e-04
 64/348 [====>.........................] - ETA: 5s - batch_cost: 0.0199 - reader cost: 2.6299e-04
 67/348 [====>.........................] - ETA: 5s - batch_cost: 0.0198 - reader cost: 2.5121e-04
 70/348 [=====>........................] - ETA: 5s - batch_cost: 0.0197 - reader cost: 2.4045e-04
 73/348 [=====>........................] - ETA: 5s - batch_cost: 0.0198 - reader cost: 2.4426e-04
 76/348 [=====>........................] - ETA: 5s - batch_cost: 0.0197 - reader cost: 2.3462e-04
 79/348 [=====>........................] - ETA: 5s - batch_cost: 0.0197 - reader cost: 2.2571e-04
 82/348 [======>.......................] - ETA: 5s - batch_cost: 0.0197 - reader cost: 2.1745e-04
 84/348 [======>.......................] - ETA: 5s - batch_cost: 0.0198 - reader cost: 2.1227e-04
 87/348 [======>.......................] - ETA: 5s - batch_cost: 0.0199 - reader cost: 2.0495e-04
 90/348 [======>.......................] - ETA: 5s - batch_cost: 0.0200 - reader cost: 1.9812e-04
 92/348 [======>.......................] - ETA: 5s - batch_cost: 0.0202 - reader cost: 1.9381e-04
 94/348 [=======>......................] - ETA: 5s - batch_cost: 0.0203 - reader cost: 1.8969e-04
 96/348 [=======>......................] - ETA: 5s - batch_cost: 0.0204 - reader cost: 1.8574e-04
 99/348 [=======>......................] - ETA: 5s - batch_cost: 0.0205 - reader cost: 1.8011e-04
101/348 [=======>......................] - ETA: 5s - batch_cost: 0.0206 - reader cost: 1.7654e-04
104/348 [=======>......................] - ETA: 5s - batch_cost: 0.0207 - reader cost: 1.7145e-04
107/348 [========>.....................] - ETA: 5s - batch_cost: 0.0207 - reader cost: 1.6664e-04
110/348 [========>.....................] - ETA: 4s - batch_cost: 0.0207 - reader cost: 1.7116e-04
113/348 [========>.....................] - ETA: 4s - batch_cost: 0.0207 - reader cost: 1.7136e-04
116/348 [=========>....................] - ETA: 4s - batch_cost: 0.0208 - reader cost: 1.7560e-04
119/348 [=========>....................] - ETA: 4s - batch_cost: 0.0208 - reader cost: 1.7117e-04
122/348 [=========>....................] - ETA: 4s - batch_cost: 0.0208 - reader cost: 1.6696e-04
125/348 [=========>....................] - ETA: 4s - batch_cost: 0.0208 - reader cost: 1.7096e-04
128/348 [==========>...................] - ETA: 4s - batch_cost: 0.0208 - reader cost: 1.7470e-04
131/348 [==========>...................] - ETA: 4s - batch_cost: 0.0207 - reader cost: 1.7070e-04
134/348 [==========>...................] - ETA: 4s - batch_cost: 0.0207 - reader cost: 1.6688e-04
137/348 [==========>...................] - ETA: 4s - batch_cost: 0.0207 - reader cost: 1.6322e-04
140/348 [===========>..................] - ETA: 4s - batch_cost: 0.0207 - reader cost: 1.5972e-04
143/348 [===========>..................] - ETA: 4s - batch_cost: 0.0208 - reader cost: 1.5637e-04
145/348 [===========>..................] - ETA: 4s - batch_cost: 0.0209 - reader cost: 1.6112e-04
147/348 [===========>..................] - ETA: 4s - batch_cost: 0.0209 - reader cost: 1.5893e-04
149/348 [===========>..................] - ETA: 4s - batch_cost: 0.0210 - reader cost: 1.5679e-04
151/348 [============>.................] - ETA: 4s - batch_cost: 0.0211 - reader cost: 1.5472e-04
153/348 [============>.................] - ETA: 4s - batch_cost: 0.0211 - reader cost: 1.5925e-04
155/348 [============>.................] - ETA: 4s - batch_cost: 0.0212 - reader cost: 1.5719e-04
158/348 [============>.................] - ETA: 4s - batch_cost: 0.0212 - reader cost: 1.5421e-04
161/348 [============>.................] - ETA: 4s - batch_cost: 0.0213 - reader cost: 1.6067e-04
164/348 [=============>................] - ETA: 3s - batch_cost: 0.0213 - reader cost: 1.5773e-04
167/348 [=============>................] - ETA: 3s - batch_cost: 0.0213 - reader cost: 1.5490e-04
169/348 [=============>................] - ETA: 3s - batch_cost: 0.0213 - reader cost: 1.5306e-04
172/348 [=============>................] - ETA: 3s - batch_cost: 0.0213 - reader cost: 1.5039e-04
175/348 [==============>...............] - ETA: 3s - batch_cost: 0.0213 - reader cost: 1.5205e-04
178/348 [==============>...............] - ETA: 3s - batch_cost: 0.0212 - reader cost: 1.4948e-04
181/348 [==============>...............] - ETA: 3s - batch_cost: 0.0213 - reader cost: 1.4701e-04
184/348 [==============>...............] - ETA: 3s - batch_cost: 0.0213 - reader cost: 1.5004e-04
187/348 [===============>..............] - ETA: 3s - batch_cost: 0.0213 - reader cost: 1.4763e-04
190/348 [===============>..............] - ETA: 3s - batch_cost: 0.0213 - reader cost: 1.4530e-04
193/348 [===============>..............] - ETA: 3s - batch_cost: 0.0213 - reader cost: 1.4304e-04
196/348 [===============>..............] - ETA: 3s - batch_cost: 0.0213 - reader cost: 1.4086e-04
199/348 [================>.............] - ETA: 3s - batch_cost: 0.0212 - reader cost: 1.3873e-04
202/348 [================>.............] - ETA: 3s - batch_cost: 0.0212 - reader cost: 1.3667e-04
205/348 [================>.............] - ETA: 3s - batch_cost: 0.0212 - reader cost: 1.3467e-04
208/348 [================>.............] - ETA: 3s - batch_cost: 0.0212 - reader cost: 1.3273e-04
211/348 [=================>............] - ETA: 2s - batch_cost: 0.0211 - reader cost: 1.3084e-04
214/348 [=================>............] - ETA: 2s - batch_cost: 0.0211 - reader cost: 1.2901e-04
217/348 [=================>............] - ETA: 2s - batch_cost: 0.0211 - reader cost: 1.2722e-04
220/348 [=================>............] - ETA: 2s - batch_cost: 0.0211 - reader cost: 1.2549e-04
223/348 [==================>...........] - ETA: 2s - batch_cost: 0.0211 - reader cost: 1.2380e-04
226/348 [==================>...........] - ETA: 2s - batch_cost: 0.0211 - reader cost: 1.2216e-04
229/348 [==================>...........] - ETA: 2s - batch_cost: 0.0211 - reader cost: 1.2056e-04
232/348 [===================>..........] - ETA: 2s - batch_cost: 0.0211 - reader cost: 1.1900e-04
235/348 [===================>..........] - ETA: 2s - batch_cost: 0.0211 - reader cost: 1.2172e-04
238/348 [===================>..........] - ETA: 2s - batch_cost: 0.0211 - reader cost: 1.2019e-04
241/348 [===================>..........] - ETA: 2s - batch_cost: 0.0211 - reader cost: 1.1869e-04
245/348 [====================>.........] - ETA: 2s - batch_cost: 0.0210 - reader cost: 1.1676e-04
248/348 [====================>.........] - ETA: 2s - batch_cost: 0.0210 - reader cost: 1.1534e-04
251/348 [====================>.........] - ETA: 2s - batch_cost: 0.0210 - reader cost: 1.1397e-04
254/348 [====================>.........] - ETA: 2s - batch_cost: 0.0210 - reader cost: 1.1262e-04
257/348 [=====================>........] - ETA: 1s - batch_cost: 0.0210 - reader cost: 1.1130e-04
260/348 [=====================>........] - ETA: 1s - batch_cost: 0.0210 - reader cost: 1.1002e-04
263/348 [=====================>........] - ETA: 1s - batch_cost: 0.0211 - reader cost: 1.0877e-04
266/348 [=====================>........] - ETA: 1s - batch_cost: 0.0211 - reader cost: 1.0754e-04
269/348 [======================>.......] - ETA: 1s - batch_cost: 0.0211 - reader cost: 1.1377e-04
271/348 [======================>.......] - ETA: 1s - batch_cost: 0.0211 - reader cost: 1.1293e-04
274/348 [======================>.......] - ETA: 1s - batch_cost: 0.0211 - reader cost: 1.1537e-04
277/348 [======================>.......] - ETA: 1s - batch_cost: 0.0211 - reader cost: 1.1413e-04
280/348 [=======================>......] - ETA: 1s - batch_cost: 0.0211 - reader cost: 1.1290e-04
283/348 [=======================>......] - ETA: 1s - batch_cost: 0.0211 - reader cost: 1.1171e-04
286/348 [=======================>......] - ETA: 1s - batch_cost: 0.0210 - reader cost: 1.1053e-04
289/348 [=======================>......] - ETA: 1s - batch_cost: 0.0210 - reader cost: 1.0939e-04
292/348 [========================>.....] - ETA: 1s - batch_cost: 0.0210 - reader cost: 1.0826e-04
295/348 [========================>.....] - ETA: 1s - batch_cost: 0.0210 - reader cost: 1.0716e-04
298/348 [========================>.....] - ETA: 1s - batch_cost: 0.0210 - reader cost: 1.0608e-04
301/348 [========================>.....] - ETA: 0s - batch_cost: 0.0210 - reader cost: 1.0838e-04
304/348 [=========================>....] - ETA: 0s - batch_cost: 0.0209 - reader cost: 1.0731e-04
307/348 [=========================>....] - ETA: 0s - batch_cost: 0.0209 - reader cost: 1.0626e-04
310/348 [=========================>....] - ETA: 0s - batch_cost: 0.0209 - reader cost: 1.0523e-04
313/348 [=========================>....] - ETA: 0s - batch_cost: 0.0208 - reader cost: 1.0586e-04
316/348 [==========================>...] - ETA: 0s - batch_cost: 0.0208 - reader cost: 1.0485e-04
319/348 [==========================>...] - ETA: 0s - batch_cost: 0.0208 - reader cost: 1.0387e-04
322/348 [==========================>...] - ETA: 0s - batch_cost: 0.0209 - reader cost: 1.0602e-04
324/348 [==========================>...] - ETA: 0s - batch_cost: 0.0209 - reader cost: 1.0845e-04
326/348 [===========================>..] - ETA: 0s - batch_cost: 0.0209 - reader cost: 1.0778e-04
328/348 [===========================>..] - ETA: 0s - batch_cost: 0.0210 - reader cost: 1.0713e-04
330/348 [===========================>..] - ETA: 0s - batch_cost: 0.0210 - reader cost: 1.0648e-04
332/348 [===========================>..] - ETA: 0s - batch_cost: 0.0211 - reader cost: 1.0584e-04
334/348 [===========================>..] - ETA: 0s - batch_cost: 0.0211 - reader cost: 1.0520e-04
336/348 [===========================>..] - ETA: 0s - batch_cost: 0.0212 - reader cost: 1.0458e-04
338/348 [============================>.] - ETA: 0s - batch_cost: 0.0212 - reader cost: 1.0396e-04
340/348 [============================>.] - ETA: 0s - batch_cost: 0.0213 - reader cost: 1.0335e-04
342/348 [============================>.] - ETA: 0s - batch_cost: 0.0213 - reader cost: 1.0274e-04
344/348 [============================>.] - ETA: 0s - batch_cost: 0.0213 - reader cost: 1.0215e-04
347/348 [============================>.] - ETA: 0s - batch_cost: 0.0213 - reader cost: 1.0126e-04
348/348 [==============================] - 8s 22ms/step - batch_cost: 0.0213 - reader cost: 1.0097e-04

  1/348 [..............................] - ETA: 13s - batch_cost: 0.0376 - reader cost: 0.0080
  3/348 [..............................] - ETA: 10s - batch_cost: 0.0295 - reader cost: 0.0027
  6/348 [..............................] - ETA: 8s - batch_cost: 0.0260 - reader cost: 0.0013 
  8/348 [..............................] - ETA: 9s - batch_cost: 0.0268 - reader cost: 0.0011
 10/348 [..............................] - ETA: 9s - batch_cost: 0.0268 - reader cost: 9.0005e-04
 12/348 [>.............................] - ETA: 9s - batch_cost: 0.0270 - reader cost: 8.3331e-04
 14/348 [>.............................] - ETA: 8s - batch_cost: 0.0268 - reader cost: 7.1427e-04
 16/348 [>.............................] - ETA: 9s - batch_cost: 0.0274 - reader cost: 6.2498e-04
 18/348 [>.............................] - ETA: 9s - batch_cost: 0.0277 - reader cost: 5.5554e-04
 20/348 [>.............................] - ETA: 9s - batch_cost: 0.0279 - reader cost: 4.9999e-04
 22/348 [>.............................] - ETA: 9s - batch_cost: 0.0280 - reader cost: 4.5453e-04
 24/348 [=>............................] - ETA: 9s - batch_cost: 0.0281 - reader cost: 4.1666e-04
 26/348 [=>............................] - ETA: 9s - batch_cost: 0.0282 - reader cost: 3.8461e-04
 28/348 [=>............................] - ETA: 9s - batch_cost: 0.0281 - reader cost: 3.9258e-04
 30/348 [=>............................] - ETA: 8s - batch_cost: 0.0280 - reader cost: 3.6641e-04
 33/348 [=>............................] - ETA: 8s - batch_cost: 0.0270 - reader cost: 3.6347e-04
 37/348 [==>...........................] - ETA: 8s - batch_cost: 0.0258 - reader cost: 3.2417e-04
 41/348 [==>...........................] - ETA: 7s - batch_cost: 0.0247 - reader cost: 2.9255e-04
 45/348 [==>...........................] - ETA: 7s - batch_cost: 0.0239 - reader cost: 2.6654e-04
 49/348 [===>..........................] - ETA: 6s - batch_cost: 0.0231 - reader cost: 2.4478e-04
 52/348 [===>..........................] - ETA: 6s - batch_cost: 0.0228 - reader cost: 2.3066e-04
 55/348 [===>..........................] - ETA: 6s - batch_cost: 0.0226 - reader cost: 2.1808e-04
 58/348 [====>.........................] - ETA: 6s - batch_cost: 0.0225 - reader cost: 2.0680e-04
 61/348 [====>.........................] - ETA: 6s - batch_cost: 0.0225 - reader cost: 1.9663e-04
 64/348 [====>.........................] - ETA: 6s - batch_cost: 0.0225 - reader cost: 1.8741e-04
 67/348 [====>.........................] - ETA: 6s - batch_cost: 0.0224 - reader cost: 1.7902e-04
 70/348 [=====>........................] - ETA: 6s - batch_cost: 0.0224 - reader cost: 1.9992e-04
 73/348 [=====>........................] - ETA: 6s - batch_cost: 0.0224 - reader cost: 1.9170e-04
 76/348 [=====>........................] - ETA: 6s - batch_cost: 0.0223 - reader cost: 1.8413e-04
 79/348 [=====>........................] - ETA: 6s - batch_cost: 0.0221 - reader cost: 1.7714e-04
 83/348 [======>.......................] - ETA: 5s - batch_cost: 0.0218 - reader cost: 1.6861e-04
 87/348 [======>.......................] - ETA: 5s - batch_cost: 0.0216 - reader cost: 1.6085e-04
 90/348 [======>.......................] - ETA: 5s - batch_cost: 0.0216 - reader cost: 1.6661e-04
 93/348 [=======>......................] - ETA: 5s - batch_cost: 0.0215 - reader cost: 1.6124e-04
 97/348 [=======>......................] - ETA: 5s - batch_cost: 0.0212 - reader cost: 1.5459e-04
101/348 [=======>......................] - ETA: 5s - batch_cost: 0.0210 - reader cost: 1.4847e-04
105/348 [========>.....................] - ETA: 5s - batch_cost: 0.0207 - reader cost: 1.5231e-04
109/348 [========>.....................] - ETA: 4s - batch_cost: 0.0206 - reader cost: 1.4672e-04
112/348 [========>.....................] - ETA: 4s - batch_cost: 0.0204 - reader cost: 1.4279e-04
116/348 [=========>....................] - ETA: 4s - batch_cost: 0.0203 - reader cost: 1.3787e-04
120/348 [=========>....................] - ETA: 4s - batch_cost: 0.0201 - reader cost: 1.3327e-04
124/348 [=========>....................] - ETA: 4s - batch_cost: 0.0200 - reader cost: 1.3711e-04
127/348 [=========>....................] - ETA: 4s - batch_cost: 0.0200 - reader cost: 1.3387e-04
130/348 [==========>...................] - ETA: 4s - batch_cost: 0.0199 - reader cost: 1.4623e-04
133/348 [==========>...................] - ETA: 4s - batch_cost: 0.0199 - reader cost: 1.5246e-04
137/348 [==========>...................] - ETA: 4s - batch_cost: 0.0198 - reader cost: 1.4801e-04
141/348 [===========>..................] - ETA: 4s - batch_cost: 0.0196 - reader cost: 1.5085e-04
145/348 [===========>..................] - ETA: 4s - batch_cost: 0.0195 - reader cost: 1.6055e-04
149/348 [===========>..................] - ETA: 3s - batch_cost: 0.0195 - reader cost: 1.5624e-04
152/348 [============>.................] - ETA: 3s - batch_cost: 0.0195 - reader cost: 1.5315e-04
155/348 [============>.................] - ETA: 3s - batch_cost: 0.0194 - reader cost: 1.5019e-04
158/348 [============>.................] - ETA: 3s - batch_cost: 0.0195 - reader cost: 1.4734e-04
161/348 [============>.................] - ETA: 3s - batch_cost: 0.0195 - reader cost: 1.4459e-04
165/348 [=============>................] - ETA: 3s - batch_cost: 0.0194 - reader cost: 1.4109e-04
169/348 [=============>................] - ETA: 3s - batch_cost: 0.0193 - reader cost: 1.3775e-04
173/348 [=============>................] - ETA: 3s - batch_cost: 0.0192 - reader cost: 1.3456e-04
177/348 [==============>...............] - ETA: 3s - batch_cost: 0.0191 - reader cost: 1.3152e-04
181/348 [==============>...............] - ETA: 3s - batch_cost: 0.0190 - reader cost: 1.2861e-04
184/348 [==============>...............] - ETA: 3s - batch_cost: 0.0189 - reader cost: 1.2652e-04
187/348 [===============>..............] - ETA: 3s - batch_cost: 0.0190 - reader cost: 1.2449e-04
191/348 [===============>..............] - ETA: 2s - batch_cost: 0.0189 - reader cost: 1.2188e-04
195/348 [===============>..............] - ETA: 2s - batch_cost: 0.0188 - reader cost: 1.2711e-04
199/348 [================>.............] - ETA: 2s - batch_cost: 0.0187 - reader cost: 1.2455e-04
203/348 [================>.............] - ETA: 2s - batch_cost: 0.0187 - reader cost: 1.2703e-04
207/348 [================>.............] - ETA: 2s - batch_cost: 0.0186 - reader cost: 1.2458e-04
211/348 [=================>............] - ETA: 2s - batch_cost: 0.0185 - reader cost: 1.2221e-04
214/348 [=================>............] - ETA: 2s - batch_cost: 0.0185 - reader cost: 1.2514e-04
217/348 [=================>............] - ETA: 2s - batch_cost: 0.0185 - reader cost: 1.2341e-04
220/348 [=================>............] - ETA: 2s - batch_cost: 0.0185 - reader cost: 1.2172e-04
223/348 [==================>...........] - ETA: 2s - batch_cost: 0.0185 - reader cost: 1.2009e-04
227/348 [==================>...........] - ETA: 2s - batch_cost: 0.0184 - reader cost: 1.1797e-04
231/348 [==================>...........] - ETA: 2s - batch_cost: 0.0183 - reader cost: 1.1593e-04
235/348 [===================>..........] - ETA: 2s - batch_cost: 0.0183 - reader cost: 1.1395e-04
239/348 [===================>..........] - ETA: 2s - batch_cost: 0.0182 - reader cost: 1.1205e-04
242/348 [===================>..........] - ETA: 1s - batch_cost: 0.0182 - reader cost: 1.1066e-04
245/348 [====================>.........] - ETA: 1s - batch_cost: 0.0182 - reader cost: 1.1343e-04
248/348 [====================>.........] - ETA: 1s - batch_cost: 0.0183 - reader cost: 1.1205e-04
251/348 [====================>.........] - ETA: 1s - batch_cost: 0.0183 - reader cost: 1.1071e-04
255/348 [====================>.........] - ETA: 1s - batch_cost: 0.0183 - reader cost: 1.0898e-04
259/348 [=====================>........] - ETA: 1s - batch_cost: 0.0182 - reader cost: 1.0729e-04
263/348 [=====================>........] - ETA: 1s - batch_cost: 0.0182 - reader cost: 1.0765e-04
266/348 [=====================>........] - ETA: 1s - batch_cost: 0.0182 - reader cost: 1.0644e-04
269/348 [======================>.......] - ETA: 1s - batch_cost: 0.0182 - reader cost: 1.0525e-04
273/348 [======================>.......] - ETA: 1s - batch_cost: 0.0182 - reader cost: 1.0371e-04
276/348 [======================>.......] - ETA: 1s - batch_cost: 0.0181 - reader cost: 1.0258e-04
279/348 [=======================>......] - ETA: 1s - batch_cost: 0.0182 - reader cost: 1.0148e-04
282/348 [=======================>......] - ETA: 1s - batch_cost: 0.0182 - reader cost: 1.0040e-04
285/348 [=======================>......] - ETA: 1s - batch_cost: 0.0182 - reader cost: 9.9342e-05
288/348 [=======================>......] - ETA: 1s - batch_cost: 0.0181 - reader cost: 9.8307e-05
291/348 [========================>.....] - ETA: 1s - batch_cost: 0.0181 - reader cost: 9.7294e-05
295/348 [========================>.....] - ETA: 0s - batch_cost: 0.0181 - reader cost: 9.9363e-05
298/348 [========================>.....] - ETA: 0s - batch_cost: 0.0181 - reader cost: 9.8363e-05
301/348 [========================>.....] - ETA: 0s - batch_cost: 0.0181 - reader cost: 9.7383e-05
304/348 [=========================>....] - ETA: 0s - batch_cost: 0.0181 - reader cost: 1.0301e-04
307/348 [=========================>....] - ETA: 0s - batch_cost: 0.0181 - reader cost: 1.0200e-04
310/348 [=========================>....] - ETA: 0s - batch_cost: 0.0182 - reader cost: 1.0102e-04
313/348 [=========================>....] - ETA: 0s - batch_cost: 0.0182 - reader cost: 1.0005e-04
316/348 [==========================>...] - ETA: 0s - batch_cost: 0.0182 - reader cost: 9.9098e-05
319/348 [==========================>...] - ETA: 0s - batch_cost: 0.0182 - reader cost: 1.0288e-04
322/348 [==========================>...] - ETA: 0s - batch_cost: 0.0182 - reader cost: 1.0192e-04
325/348 [===========================>..] - ETA: 0s - batch_cost: 0.0182 - reader cost: 1.0406e-04
327/348 [===========================>..] - ETA: 0s - batch_cost: 0.0183 - reader cost: 1.0342e-04
330/348 [===========================>..] - ETA: 0s - batch_cost: 0.0183 - reader cost: 1.0248e-04
333/348 [===========================>..] - ETA: 0s - batch_cost: 0.0183 - reader cost: 1.0156e-04
336/348 [===========================>..] - ETA: 0s - batch_cost: 0.0183 - reader cost: 1.0065e-04
339/348 [============================>.] - ETA: 0s - batch_cost: 0.0183 - reader cost: 9.9759e-05
342/348 [============================>.] - ETA: 0s - batch_cost: 0.0184 - reader cost: 1.0183e-04
345/348 [============================>.] - ETA: 0s - batch_cost: 0.0184 - reader cost: 1.0094e-04
348/348 [==============================] - 6s 19ms/step - batch_cost: 0.0183 - reader cost: 1.0007e-04

  1/348 [..............................] - ETA: 9s - batch_cost: 0.0272 - reader cost: 0.0075
  4/348 [..............................] - ETA: 7s - batch_cost: 0.0201 - reader cost: 0.0021
  8/348 [..............................] - ETA: 6s - batch_cost: 0.0182 - reader cost: 0.0011
 11/348 [..............................] - ETA: 6s - batch_cost: 0.0182 - reader cost: 7.7694e-04
 14/348 [>.............................] - ETA: 6s - batch_cost: 0.0179 - reader cost: 6.1045e-04
 17/348 [>.............................] - ETA: 6s - batch_cost: 0.0183 - reader cost: 5.0273e-04
 20/348 [>.............................] - ETA: 6s - batch_cost: 0.0185 - reader cost: 4.2732e-04
 23/348 [>.............................] - ETA: 6s - batch_cost: 0.0183 - reader cost: 3.7158e-04
 27/348 [=>............................] - ETA: 5s - batch_cost: 0.0179 - reader cost: 3.1653e-04
 31/348 [=>............................] - ETA: 5s - batch_cost: 0.0177 - reader cost: 2.7569e-04
 35/348 [==>...........................] - ETA: 5s - batch_cost: 0.0173 - reader cost: 2.4418e-04
 39/348 [==>...........................] - ETA: 5s - batch_cost: 0.0173 - reader cost: 2.1914e-04
 42/348 [==>...........................] - ETA: 5s - batch_cost: 0.0174 - reader cost: 2.0348e-04
 46/348 [==>...........................] - ETA: 5s - batch_cost: 0.0171 - reader cost: 1.9953e-04
 49/348 [===>..........................] - ETA: 5s - batch_cost: 0.0171 - reader cost: 2.0772e-04
 52/348 [===>..........................] - ETA: 5s - batch_cost: 0.0174 - reader cost: 1.9573e-04
 55/348 [===>..........................] - ETA: 5s - batch_cost: 0.0177 - reader cost: 1.8506e-04
 59/348 [====>.........................] - ETA: 5s - batch_cost: 0.0176 - reader cost: 1.8947e-04
 62/348 [====>.........................] - ETA: 5s - batch_cost: 0.0177 - reader cost: 1.8031e-04
 65/348 [====>.........................] - ETA: 5s - batch_cost: 0.0178 - reader cost: 1.7198e-04
 68/348 [====>.........................] - ETA: 5s - batch_cost: 0.0180 - reader cost: 1.6440e-04
 72/348 [=====>........................] - ETA: 4s - batch_cost: 0.0179 - reader cost: 1.5526e-04
 76/348 [=====>........................] - ETA: 4s - batch_cost: 0.0178 - reader cost: 1.6025e-04
 80/348 [=====>........................] - ETA: 4s - batch_cost: 0.0177 - reader cost: 1.6474e-04
 84/348 [======>.......................] - ETA: 4s - batch_cost: 0.0175 - reader cost: 1.6880e-04
 88/348 [======>.......................] - ETA: 4s - batch_cost: 0.0174 - reader cost: 1.6112e-04
 92/348 [======>.......................] - ETA: 4s - batch_cost: 0.0173 - reader cost: 1.5412e-04
 96/348 [=======>......................] - ETA: 4s - batch_cost: 0.0172 - reader cost: 1.4770e-04
 99/348 [=======>......................] - ETA: 4s - batch_cost: 0.0173 - reader cost: 1.4322e-04
102/348 [=======>......................] - ETA: 4s - batch_cost: 0.0174 - reader cost: 1.3901e-04
105/348 [========>.....................] - ETA: 4s - batch_cost: 0.0175 - reader cost: 1.4936e-04
109/348 [========>.....................] - ETA: 4s - batch_cost: 0.0175 - reader cost: 1.4388e-04
113/348 [========>.....................] - ETA: 4s - batch_cost: 0.0174 - reader cost: 1.3878e-04
117/348 [=========>....................] - ETA: 4s - batch_cost: 0.0174 - reader cost: 1.3404e-04
121/348 [=========>....................] - ETA: 3s - batch_cost: 0.0173 - reader cost: 1.3779e-04
125/348 [=========>....................] - ETA: 3s - batch_cost: 0.0172 - reader cost: 1.3338e-04
129/348 [==========>...................] - ETA: 3s - batch_cost: 0.0171 - reader cost: 1.2925e-04
133/348 [==========>...................] - ETA: 3s - batch_cost: 0.0171 - reader cost: 1.2536e-04
137/348 [==========>...................] - ETA: 3s - batch_cost: 0.0171 - reader cost: 1.2170e-04
141/348 [===========>..................] - ETA: 3s - batch_cost: 0.0170 - reader cost: 1.1825e-04
144/348 [===========>..................] - ETA: 3s - batch_cost: 0.0170 - reader cost: 1.1578e-04
147/348 [===========>..................] - ETA: 3s - batch_cost: 0.0171 - reader cost: 1.1342e-04
150/348 [===========>..................] - ETA: 3s - batch_cost: 0.0172 - reader cost: 1.1461e-04
153/348 [============>.................] - ETA: 3s - batch_cost: 0.0172 - reader cost: 1.1236e-04
156/348 [============>.................] - ETA: 3s - batch_cost: 0.0173 - reader cost: 1.1020e-04
159/348 [============>.................] - ETA: 3s - batch_cost: 0.0174 - reader cost: 1.0812e-04
162/348 [============>.................] - ETA: 3s - batch_cost: 0.0174 - reader cost: 1.0612e-04
165/348 [=============>................] - ETA: 3s - batch_cost: 0.0174 - reader cost: 1.0419e-04
168/348 [=============>................] - ETA: 3s - batch_cost: 0.0174 - reader cost: 1.0233e-04
172/348 [=============>................] - ETA: 3s - batch_cost: 0.0174 - reader cost: 9.9947e-05
176/348 [==============>...............] - ETA: 3s - batch_cost: 0.0173 - reader cost: 1.0336e-04
179/348 [==============>...............] - ETA: 2s - batch_cost: 0.0174 - reader cost: 1.0162e-04
183/348 [==============>...............] - ETA: 2s - batch_cost: 0.0174 - reader cost: 9.9404e-05
187/348 [===============>..............] - ETA: 2s - batch_cost: 0.0173 - reader cost: 9.7277e-05
191/348 [===============>..............] - ETA: 2s - batch_cost: 0.0173 - reader cost: 9.5240e-05
194/348 [===============>..............] - ETA: 2s - batch_cost: 0.0173 - reader cost: 9.3767e-05
197/348 [===============>..............] - ETA: 2s - batch_cost: 0.0173 - reader cost: 9.2339e-05
200/348 [================>.............] - ETA: 2s - batch_cost: 0.0173 - reader cost: 9.0954e-05
203/348 [================>.............] - ETA: 2s - batch_cost: 0.0174 - reader cost: 8.9610e-05
206/348 [================>.............] - ETA: 2s - batch_cost: 0.0175 - reader cost: 8.8305e-05
209/348 [=================>............] - ETA: 2s - batch_cost: 0.0175 - reader cost: 8.7038e-05
212/348 [=================>............] - ETA: 2s - batch_cost: 0.0176 - reader cost: 8.5806e-05
215/348 [=================>............] - ETA: 2s - batch_cost: 0.0176 - reader cost: 8.4609e-05
218/348 [=================>............] - ETA: 2s - batch_cost: 0.0176 - reader cost: 8.3444e-05
221/348 [==================>...........] - ETA: 2s - batch_cost: 0.0177 - reader cost: 8.2312e-05
224/348 [==================>...........] - ETA: 2s - batch_cost: 0.0177 - reader cost: 8.1209e-05
228/348 [==================>...........] - ETA: 2s - batch_cost: 0.0176 - reader cost: 7.9784e-05
231/348 [==================>...........] - ETA: 2s - batch_cost: 0.0176 - reader cost: 7.8748e-05
234/348 [===================>..........] - ETA: 2s - batch_cost: 0.0177 - reader cost: 7.7739e-05
237/348 [===================>..........] - ETA: 1s - batch_cost: 0.0177 - reader cost: 7.6755e-05
240/348 [===================>..........] - ETA: 1s - batch_cost: 0.0177 - reader cost: 7.5795e-05
243/348 [===================>..........] - ETA: 1s - batch_cost: 0.0177 - reader cost: 8.1045e-05
247/348 [====================>.........] - ETA: 1s - batch_cost: 0.0177 - reader cost: 8.2312e-05
251/348 [====================>.........] - ETA: 1s - batch_cost: 0.0177 - reader cost: 8.4983e-05
255/348 [====================>.........] - ETA: 1s - batch_cost: 0.0176 - reader cost: 8.3650e-05
259/348 [=====================>........] - ETA: 1s - batch_cost: 0.0176 - reader cost: 8.2358e-05
263/348 [=====================>........] - ETA: 1s - batch_cost: 0.0175 - reader cost: 8.1106e-05
267/348 [======================>.......] - ETA: 1s - batch_cost: 0.0175 - reader cost: 8.1828e-05
271/348 [======================>.......] - ETA: 1s - batch_cost: 0.0175 - reader cost: 8.0621e-05
275/348 [======================>.......] - ETA: 1s - batch_cost: 0.0174 - reader cost: 8.1764e-05
279/348 [=======================>......] - ETA: 1s - batch_cost: 0.0174 - reader cost: 8.4175e-05
283/348 [=======================>......] - ETA: 1s - batch_cost: 0.0173 - reader cost: 8.2986e-05
287/348 [=======================>......] - ETA: 1s - batch_cost: 0.0173 - reader cost: 8.1829e-05
291/348 [========================>.....] - ETA: 0s - batch_cost: 0.0173 - reader cost: 8.0704e-05
294/348 [========================>.....] - ETA: 0s - batch_cost: 0.0173 - reader cost: 7.9881e-05
297/348 [========================>.....] - ETA: 0s - batch_cost: 0.0173 - reader cost: 7.9074e-05
300/348 [========================>.....] - ETA: 0s - batch_cost: 0.0173 - reader cost: 7.8283e-05
303/348 [=========================>....] - ETA: 0s - batch_cost: 0.0174 - reader cost: 7.9223e-05
306/348 [=========================>....] - ETA: 0s - batch_cost: 0.0174 - reader cost: 7.8446e-05
309/348 [=========================>....] - ETA: 0s - batch_cost: 0.0174 - reader cost: 7.7684e-05
313/348 [=========================>....] - ETA: 0s - batch_cost: 0.0174 - reader cost: 7.6692e-05
316/348 [==========================>...] - ETA: 0s - batch_cost: 0.0174 - reader cost: 7.5963e-05
319/348 [==========================>...] - ETA: 0s - batch_cost: 0.0174 - reader cost: 7.8409e-05
322/348 [==========================>...] - ETA: 0s - batch_cost: 0.0175 - reader cost: 8.0785e-05
326/348 [===========================>..] - ETA: 0s - batch_cost: 0.0175 - reader cost: 7.9793e-05
329/348 [===========================>..] - ETA: 0s - batch_cost: 0.0175 - reader cost: 7.9066e-05
333/348 [===========================>..] - ETA: 0s - batch_cost: 0.0175 - reader cost: 7.8116e-05
336/348 [===========================>..] - ETA: 0s - batch_cost: 0.0175 - reader cost: 8.0370e-05
340/348 [============================>.] - ETA: 0s - batch_cost: 0.0174 - reader cost: 7.9425e-05
343/348 [============================>.] - ETA: 0s - batch_cost: 0.0175 - reader cost: 7.8730e-05
347/348 [============================>.] - ETA: 0s - batch_cost: 0.0174 - reader cost: 7.7823e-05
348/348 [==============================] - 6s 18ms/step - batch_cost: 0.0174 - reader cost: 7.7599e-05

  1/348 [..............................] - ETA: 14s - batch_cost: 0.0408 - reader cost: 0.0081
  3/348 [..............................] - ETA: 11s - batch_cost: 0.0344 - reader cost: 0.0027
  5/348 [..............................] - ETA: 10s - batch_cost: 0.0314 - reader cost: 0.0016
  7/348 [..............................] - ETA: 10s - batch_cost: 0.0305 - reader cost: 0.0012
  9/348 [..............................] - ETA: 10s - batch_cost: 0.0310 - reader cost: 9.0337e-04
 11/348 [..............................] - ETA: 10s - batch_cost: 0.0301 - reader cost: 7.3912e-04
 13/348 [>.............................] - ETA: 10s - batch_cost: 0.0296 - reader cost: 6.2541e-04
 15/348 [>.............................] - ETA: 9s - batch_cost: 0.0295 - reader cost: 5.4202e-04 
 17/348 [>.............................] - ETA: 9s - batch_cost: 0.0296 - reader cost: 4.7825e-04
 19/348 [>.............................] - ETA: 9s - batch_cost: 0.0297 - reader cost: 4.8060e-04
 21/348 [>.............................] - ETA: 9s - batch_cost: 0.0293 - reader cost: 4.3483e-04
 24/348 [=>............................] - ETA: 9s - batch_cost: 0.0284 - reader cost: 4.2208e-04
 27/348 [=>............................] - ETA: 9s - batch_cost: 0.0278 - reader cost: 3.7518e-04
 30/348 [=>............................] - ETA: 8s - batch_cost: 0.0269 - reader cost: 3.3766e-04
 33/348 [=>............................] - ETA: 8s - batch_cost: 0.0260 - reader cost: 3.0697e-04
 36/348 [==>...........................] - ETA: 7s - batch_cost: 0.0254 - reader cost: 2.8139e-04
 39/348 [==>...........................] - ETA: 7s - batch_cost: 0.0247 - reader cost: 2.5974e-04
 43/348 [==>...........................] - ETA: 7s - batch_cost: 0.0239 - reader cost: 2.3558e-04
 47/348 [===>..........................] - ETA: 7s - batch_cost: 0.0232 - reader cost: 2.3679e-04
 51/348 [===>..........................] - ETA: 6s - batch_cost: 0.0225 - reader cost: 2.4768e-04
 55/348 [===>..........................] - ETA: 6s - batch_cost: 0.0220 - reader cost: 2.2967e-04
 58/348 [====>.........................] - ETA: 6s - batch_cost: 0.0217 - reader cost: 2.1779e-04
 61/348 [====>.........................] - ETA: 6s - batch_cost: 0.0215 - reader cost: 2.0708e-04
 65/348 [====>.........................] - ETA: 6s - batch_cost: 0.0210 - reader cost: 1.9433e-04
 69/348 [====>.........................] - ETA: 5s - batch_cost: 0.0206 - reader cost: 1.8307e-04
 72/348 [=====>........................] - ETA: 5s - batch_cost: 0.0205 - reader cost: 1.7544e-04
 75/348 [=====>........................] - ETA: 5s - batch_cost: 0.0204 - reader cost: 1.6842e-04
 78/348 [=====>........................] - ETA: 5s - batch_cost: 0.0203 - reader cost: 1.6194e-04
 82/348 [======>.......................] - ETA: 5s - batch_cost: 0.0200 - reader cost: 1.6625e-04
 86/348 [======>.......................] - ETA: 5s - batch_cost: 0.0198 - reader cost: 1.7014e-04
 90/348 [======>.......................] - ETA: 5s - batch_cost: 0.0196 - reader cost: 1.6258e-04
 94/348 [=======>......................] - ETA: 4s - batch_cost: 0.0194 - reader cost: 1.5566e-04
 98/348 [=======>......................] - ETA: 4s - batch_cost: 0.0193 - reader cost: 1.4931e-04
101/348 [=======>......................] - ETA: 4s - batch_cost: 0.0193 - reader cost: 1.4488e-04
104/348 [=======>......................] - ETA: 4s - batch_cost: 0.0193 - reader cost: 1.4070e-04
108/348 [========>.....................] - ETA: 4s - batch_cost: 0.0192 - reader cost: 1.3549e-04
112/348 [========>.....................] - ETA: 4s - batch_cost: 0.0190 - reader cost: 1.3065e-04
115/348 [========>.....................] - ETA: 4s - batch_cost: 0.0190 - reader cost: 1.2724e-04
119/348 [=========>....................] - ETA: 4s - batch_cost: 0.0188 - reader cost: 1.2296e-04
123/348 [=========>....................] - ETA: 4s - batch_cost: 0.0187 - reader cost: 1.1896e-04
127/348 [=========>....................] - ETA: 4s - batch_cost: 0.0186 - reader cost: 1.2308e-04
131/348 [==========>...................] - ETA: 4s - batch_cost: 0.0185 - reader cost: 1.2703e-04
135/348 [==========>...................] - ETA: 3s - batch_cost: 0.0184 - reader cost: 1.2327e-04
139/348 [==========>...................] - ETA: 3s - batch_cost: 0.0183 - reader cost: 1.1972e-04
143/348 [===========>..................] - ETA: 3s - batch_cost: 0.0182 - reader cost: 1.1637e-04
146/348 [===========>..................] - ETA: 3s - batch_cost: 0.0182 - reader cost: 1.2769e-04
149/348 [===========>..................] - ETA: 3s - batch_cost: 0.0182 - reader cost: 1.2512e-04
153/348 [============>.................] - ETA: 3s - batch_cost: 0.0181 - reader cost: 1.2185e-04
156/348 [============>.................] - ETA: 3s - batch_cost: 0.0181 - reader cost: 1.2913e-04
160/348 [============>.................] - ETA: 3s - batch_cost: 0.0181 - reader cost: 1.2590e-04
164/348 [=============>................] - ETA: 3s - batch_cost: 0.0180 - reader cost: 1.2283e-04
168/348 [=============>................] - ETA: 3s - batch_cost: 0.0180 - reader cost: 1.1990e-04
171/348 [=============>................] - ETA: 3s - batch_cost: 0.0180 - reader cost: 1.1780e-04
175/348 [==============>...............] - ETA: 3s - batch_cost: 0.0179 - reader cost: 1.1511e-04
179/348 [==============>...............] - ETA: 3s - batch_cost: 0.0178 - reader cost: 1.1840e-04
182/348 [==============>...............] - ETA: 2s - batch_cost: 0.0178 - reader cost: 1.1645e-04
186/348 [===============>..............] - ETA: 2s - batch_cost: 0.0178 - reader cost: 1.1394e-04
190/348 [===============>..............] - ETA: 2s - batch_cost: 0.0177 - reader cost: 1.1155e-04
194/348 [===============>..............] - ETA: 2s - batch_cost: 0.0177 - reader cost: 1.0925e-04
197/348 [===============>..............] - ETA: 2s - batch_cost: 0.0176 - reader cost: 1.0758e-04
200/348 [================>.............] - ETA: 2s - batch_cost: 0.0177 - reader cost: 1.0597e-04
204/348 [================>.............] - ETA: 2s - batch_cost: 0.0176 - reader cost: 1.0389e-04
207/348 [================>.............] - ETA: 2s - batch_cost: 0.0176 - reader cost: 1.0239e-04
211/348 [=================>............] - ETA: 2s - batch_cost: 0.0176 - reader cost: 1.0518e-04
215/348 [=================>............] - ETA: 2s - batch_cost: 0.0175 - reader cost: 1.0322e-04
219/348 [=================>............] - ETA: 2s - batch_cost: 0.0175 - reader cost: 1.0134e-04
223/348 [==================>...........] - ETA: 2s - batch_cost: 0.0174 - reader cost: 9.9518e-05
227/348 [==================>...........] - ETA: 2s - batch_cost: 0.0174 - reader cost: 1.0217e-04
231/348 [==================>...........] - ETA: 2s - batch_cost: 0.0173 - reader cost: 1.0040e-04
234/348 [===================>..........] - ETA: 1s - batch_cost: 0.0173 - reader cost: 9.9111e-05
238/348 [===================>..........] - ETA: 1s - batch_cost: 0.0173 - reader cost: 9.7445e-05
242/348 [===================>..........] - ETA: 1s - batch_cost: 0.0173 - reader cost: 9.5834e-05
245/348 [====================>.........] - ETA: 1s - batch_cost: 0.0173 - reader cost: 9.4661e-05
249/348 [====================>.........] - ETA: 1s - batch_cost: 0.0172 - reader cost: 9.3140e-05
253/348 [====================>.........] - ETA: 1s - batch_cost: 0.0172 - reader cost: 9.1668e-05
257/348 [=====================>........] - ETA: 1s - batch_cost: 0.0172 - reader cost: 9.0241e-05
260/348 [=====================>........] - ETA: 1s - batch_cost: 0.0172 - reader cost: 8.9200e-05
263/348 [=====================>........] - ETA: 1s - batch_cost: 0.0172 - reader cost: 8.8182e-05
267/348 [======================>.......] - ETA: 1s - batch_cost: 0.0171 - reader cost: 8.6861e-05
270/348 [======================>.......] - ETA: 1s - batch_cost: 0.0171 - reader cost: 8.5896e-05
274/348 [======================>.......] - ETA: 1s - batch_cost: 0.0171 - reader cost: 8.8291e-05
278/348 [======================>.......] - ETA: 1s - batch_cost: 0.0171 - reader cost: 8.7021e-05
282/348 [=======================>......] - ETA: 1s - batch_cost: 0.0171 - reader cost: 8.5787e-05
285/348 [=======================>......] - ETA: 1s - batch_cost: 0.0171 - reader cost: 8.4884e-05
288/348 [=======================>......] - ETA: 1s - batch_cost: 0.0172 - reader cost: 8.4000e-05
291/348 [========================>.....] - ETA: 0s - batch_cost: 0.0172 - reader cost: 8.3134e-05
295/348 [========================>.....] - ETA: 0s - batch_cost: 0.0172 - reader cost: 8.2006e-05
299/348 [========================>.....] - ETA: 0s - batch_cost: 0.0172 - reader cost: 8.0909e-05
303/348 [=========================>....] - ETA: 0s - batch_cost: 0.0171 - reader cost: 7.9841e-05
307/348 [=========================>....] - ETA: 0s - batch_cost: 0.0171 - reader cost: 7.8801e-05
311/348 [=========================>....] - ETA: 0s - batch_cost: 0.0171 - reader cost: 7.7787e-05
315/348 [==========================>...] - ETA: 0s - batch_cost: 0.0171 - reader cost: 7.6800e-05
319/348 [==========================>...] - ETA: 0s - batch_cost: 0.0171 - reader cost: 7.5837e-05
323/348 [==========================>...] - ETA: 0s - batch_cost: 0.0170 - reader cost: 7.4897e-05
327/348 [===========================>..] - ETA: 0s - batch_cost: 0.0170 - reader cost: 7.3981e-05
331/348 [===========================>..] - ETA: 0s - batch_cost: 0.0170 - reader cost: 7.3087e-05
335/348 [===========================>..] - ETA: 0s - batch_cost: 0.0170 - reader cost: 7.5201e-05
339/348 [============================>.] - ETA: 0s - batch_cost: 0.0169 - reader cost: 7.4314e-05
343/348 [============================>.] - ETA: 0s - batch_cost: 0.0170 - reader cost: 7.3448e-05
348/348 [==============================] - 6s 17ms/step - batch_cost: 0.0169 - reader cost: 7.2392e-05

  1/348 [..............................] - ETA: 9s - batch_cost: 0.0281 - reader cost: 0.0065
  5/348 [..............................] - ETA: 6s - batch_cost: 0.0181 - reader cost: 0.0013
  9/348 [..............................] - ETA: 5s - batch_cost: 0.0165 - reader cost: 7.2752e-04
 13/348 [>.............................] - ETA: 5s - batch_cost: 0.0162 - reader cost: 5.0367e-04
 17/348 [>.............................] - ETA: 5s - batch_cost: 0.0160 - reader cost: 3.8516e-04
 21/348 [>.............................] - ETA: 5s - batch_cost: 0.0158 - reader cost: 3.1179e-04
 25/348 [=>............................] - ETA: 5s - batch_cost: 0.0157 - reader cost: 2.6191e-04
 29/348 [=>............................] - ETA: 5s - batch_cost: 0.0157 - reader cost: 2.2578e-04
 33/348 [=>............................] - ETA: 4s - batch_cost: 0.0156 - reader cost: 1.9841e-04
 37/348 [==>...........................] - ETA: 4s - batch_cost: 0.0157 - reader cost: 1.7696e-04
 41/348 [==>...........................] - ETA: 4s - batch_cost: 0.0157 - reader cost: 1.5970e-04
 45/348 [==>...........................] - ETA: 4s - batch_cost: 0.0156 - reader cost: 1.4550e-04
 49/348 [===>..........................] - ETA: 4s - batch_cost: 0.0155 - reader cost: 1.3363e-04
 53/348 [===>..........................] - ETA: 4s - batch_cost: 0.0156 - reader cost: 1.2354e-04
 56/348 [===>..........................] - ETA: 4s - batch_cost: 0.0156 - reader cost: 1.1692e-04
 60/348 [====>.........................] - ETA: 4s - batch_cost: 0.0156 - reader cost: 1.0913e-04
 64/348 [====>.........................] - ETA: 4s - batch_cost: 0.0155 - reader cost: 1.0231e-04
 67/348 [====>.........................] - ETA: 4s - batch_cost: 0.0156 - reader cost: 9.7727e-05
 71/348 [=====>........................] - ETA: 4s - batch_cost: 0.0156 - reader cost: 9.2221e-05
 74/348 [=====>........................] - ETA: 4s - batch_cost: 0.0157 - reader cost: 8.8482e-05
 77/348 [=====>........................] - ETA: 4s - batch_cost: 0.0157 - reader cost: 8.5035e-05
 81/348 [=====>........................] - ETA: 4s - batch_cost: 0.0157 - reader cost: 8.0836e-05
 85/348 [======>.......................] - ETA: 4s - batch_cost: 0.0157 - reader cost: 7.7032e-05
 89/348 [======>.......................] - ETA: 4s - batch_cost: 0.0157 - reader cost: 7.3570e-05
 93/348 [=======>......................] - ETA: 4s - batch_cost: 0.0156 - reader cost: 8.1147e-05
 97/348 [=======>......................] - ETA: 3s - batch_cost: 0.0156 - reader cost: 7.7801e-05
100/348 [=======>......................] - ETA: 3s - batch_cost: 0.0156 - reader cost: 7.5467e-05
103/348 [=======>......................] - ETA: 3s - batch_cost: 0.0157 - reader cost: 7.3269e-05
106/348 [========>.....................] - ETA: 3s - batch_cost: 0.0157 - reader cost: 7.1195e-05
110/348 [========>.....................] - ETA: 3s - batch_cost: 0.0157 - reader cost: 6.8606e-05
113/348 [========>.....................] - ETA: 3s - batch_cost: 0.0157 - reader cost: 6.6785e-05
117/348 [=========>....................] - ETA: 3s - batch_cost: 0.0157 - reader cost: 6.4501e-05
121/348 [=========>....................] - ETA: 3s - batch_cost: 0.0157 - reader cost: 6.2369e-05
125/348 [=========>....................] - ETA: 3s - batch_cost: 0.0157 - reader cost: 6.0373e-05
129/348 [==========>...................] - ETA: 3s - batch_cost: 0.0157 - reader cost: 5.8501e-05
133/348 [==========>...................] - ETA: 3s - batch_cost: 0.0156 - reader cost: 5.6742e-05
137/348 [==========>...................] - ETA: 3s - batch_cost: 0.0156 - reader cost: 5.5085e-05
141/348 [===========>..................] - ETA: 3s - batch_cost: 0.0156 - reader cost: 5.3522e-05
145/348 [===========>..................] - ETA: 3s - batch_cost: 0.0156 - reader cost: 5.2046e-05
149/348 [===========>..................] - ETA: 3s - batch_cost: 0.0156 - reader cost: 5.0649e-05
152/348 [============>.................] - ETA: 3s - batch_cost: 0.0157 - reader cost: 4.9649e-05
156/348 [============>.................] - ETA: 3s - batch_cost: 0.0156 - reader cost: 4.8376e-05
159/348 [============>.................] - ETA: 3s - batch_cost: 0.0157 - reader cost: 4.7463e-05
163/348 [=============>................] - ETA: 2s - batch_cost: 0.0157 - reader cost: 4.6299e-05
167/348 [=============>................] - ETA: 2s - batch_cost: 0.0157 - reader cost: 4.9481e-05
171/348 [=============>................] - ETA: 2s - batch_cost: 0.0157 - reader cost: 4.8324e-05
174/348 [==============>...............] - ETA: 2s - batch_cost: 0.0157 - reader cost: 4.7491e-05
177/348 [==============>...............] - ETA: 2s - batch_cost: 0.0157 - reader cost: 4.6686e-05
180/348 [==============>...............] - ETA: 2s - batch_cost: 0.0157 - reader cost: 4.5907e-05
184/348 [==============>...............] - ETA: 2s - batch_cost: 0.0157 - reader cost: 4.4910e-05
188/348 [===============>..............] - ETA: 2s - batch_cost: 0.0157 - reader cost: 4.3954e-05
192/348 [===============>..............] - ETA: 2s - batch_cost: 0.0157 - reader cost: 4.3038e-05
196/348 [===============>..............] - ETA: 2s - batch_cost: 0.0157 - reader cost: 4.2160e-05
200/348 [================>.............] - ETA: 2s - batch_cost: 0.0157 - reader cost: 4.1317e-05
204/348 [================>.............] - ETA: 2s - batch_cost: 0.0157 - reader cost: 4.0507e-05
208/348 [================>.............] - ETA: 2s - batch_cost: 0.0157 - reader cost: 3.9728e-05
212/348 [=================>............] - ETA: 2s - batch_cost: 0.0157 - reader cost: 3.8978e-05
215/348 [=================>............] - ETA: 2s - batch_cost: 0.0158 - reader cost: 3.8434e-05
218/348 [=================>............] - ETA: 2s - batch_cost: 0.0158 - reader cost: 3.7905e-05
221/348 [==================>...........] - ETA: 2s - batch_cost: 0.0158 - reader cost: 3.7391e-05
225/348 [==================>...........] - ETA: 1s - batch_cost: 0.0158 - reader cost: 3.6726e-05
229/348 [==================>...........] - ETA: 1s - batch_cost: 0.0158 - reader cost: 3.6084e-05
233/348 [===================>..........] - ETA: 1s - batch_cost: 0.0158 - reader cost: 3.9753e-05
237/348 [===================>..........] - ETA: 1s - batch_cost: 0.0158 - reader cost: 3.9083e-05
241/348 [===================>..........] - ETA: 1s - batch_cost: 0.0158 - reader cost: 3.8434e-05
245/348 [====================>.........] - ETA: 1s - batch_cost: 0.0158 - reader cost: 3.7806e-05
249/348 [====================>.........] - ETA: 1s - batch_cost: 0.0158 - reader cost: 4.1215e-05
253/348 [====================>.........] - ETA: 1s - batch_cost: 0.0158 - reader cost: 4.0563e-05
257/348 [=====================>........] - ETA: 1s - batch_cost: 0.0158 - reader cost: 3.9932e-05
261/348 [=====================>........] - ETA: 1s - batch_cost: 0.0158 - reader cost: 3.9320e-05
264/348 [=====================>........] - ETA: 1s - batch_cost: 0.0158 - reader cost: 3.8873e-05
268/348 [======================>.......] - ETA: 1s - batch_cost: 0.0158 - reader cost: 3.8293e-05
272/348 [======================>.......] - ETA: 1s - batch_cost: 0.0158 - reader cost: 3.7730e-05
276/348 [======================>.......] - ETA: 1s - batch_cost: 0.0158 - reader cost: 3.7183e-05
280/348 [=======================>......] - ETA: 1s - batch_cost: 0.0158 - reader cost: 3.6652e-05
283/348 [=======================>......] - ETA: 1s - batch_cost: 0.0158 - reader cost: 3.6263e-05
287/348 [=======================>......] - ETA: 0s - batch_cost: 0.0158 - reader cost: 3.9243e-05
290/348 [========================>.....] - ETA: 0s - batch_cost: 0.0159 - reader cost: 3.8837e-05
294/348 [========================>.....] - ETA: 0s - batch_cost: 0.0159 - reader cost: 3.8308e-05
297/348 [========================>.....] - ETA: 0s - batch_cost: 0.0159 - reader cost: 4.1288e-05
301/348 [========================>.....] - ETA: 0s - batch_cost: 0.0158 - reader cost: 4.0739e-05
304/348 [=========================>....] - ETA: 0s - batch_cost: 0.0159 - reader cost: 4.0337e-05
308/348 [=========================>....] - ETA: 0s - batch_cost: 0.0158 - reader cost: 3.9814e-05
312/348 [=========================>....] - ETA: 0s - batch_cost: 0.0158 - reader cost: 3.9303e-05
316/348 [==========================>...] - ETA: 0s - batch_cost: 0.0158 - reader cost: 3.8806e-05
320/348 [==========================>...] - ETA: 0s - batch_cost: 0.0158 - reader cost: 3.8321e-05
324/348 [==========================>...] - ETA: 0s - batch_cost: 0.0158 - reader cost: 3.7847e-05
328/348 [===========================>..] - ETA: 0s - batch_cost: 0.0158 - reader cost: 4.0435e-05
332/348 [===========================>..] - ETA: 0s - batch_cost: 0.0158 - reader cost: 3.9948e-05
336/348 [===========================>..] - ETA: 0s - batch_cost: 0.0158 - reader cost: 3.9472e-05
340/348 [============================>.] - ETA: 0s - batch_cost: 0.0158 - reader cost: 3.9008e-05
344/348 [============================>.] - ETA: 0s - batch_cost: 0.0158 - reader cost: 3.8555e-05
348/348 [==============================] - 6s 16ms/step - batch_cost: 0.0158 - reader cost: 3.8111e-05

  1/348 [..............................] - ETA: 9s - batch_cost: 0.0270 - reader cost: 0.0080
  4/348 [..............................] - ETA: 7s - batch_cost: 0.0227 - reader cost: 0.0020
  7/348 [..............................] - ETA: 7s - batch_cost: 0.0205 - reader cost: 0.0011
 10/348 [..............................] - ETA: 7s - batch_cost: 0.0208 - reader cost: 8.0028e-04
 13/348 [>.............................] - ETA: 7s - batch_cost: 0.0207 - reader cost: 7.6998e-04
 16/348 [>.............................] - ETA: 6s - batch_cost: 0.0207 - reader cost: 6.2561e-04
 18/348 [>.............................] - ETA: 7s - batch_cost: 0.0212 - reader cost: 5.5610e-04
 21/348 [>.............................] - ETA: 6s - batch_cost: 0.0210 - reader cost: 5.2427e-04
 24/348 [=>............................] - ETA: 6s - batch_cost: 0.0208 - reader cost: 4.5874e-04
 26/348 [=>............................] - ETA: 6s - batch_cost: 0.0212 - reader cost: 4.2345e-04
 29/348 [=>............................] - ETA: 6s - batch_cost: 0.0210 - reader cost: 3.7964e-04
 32/348 [=>............................] - ETA: 6s - batch_cost: 0.0210 - reader cost: 3.7562e-04
 36/348 [==>...........................] - ETA: 6s - batch_cost: 0.0203 - reader cost: 3.3389e-04
 40/348 [==>...........................] - ETA: 6s - batch_cost: 0.0196 - reader cost: 3.0050e-04
 44/348 [==>...........................] - ETA: 5s - batch_cost: 0.0190 - reader cost: 2.7318e-04
 48/348 [===>..........................] - ETA: 5s - batch_cost: 0.0186 - reader cost: 2.5041e-04
 52/348 [===>..........................] - ETA: 5s - batch_cost: 0.0182 - reader cost: 2.3115e-04
 56/348 [===>..........................] - ETA: 5s - batch_cost: 0.0178 - reader cost: 2.1464e-04
 60/348 [====>.........................] - ETA: 5s - batch_cost: 0.0176 - reader cost: 2.0033e-04
 64/348 [====>.........................] - ETA: 4s - batch_cost: 0.0173 - reader cost: 2.0343e-04
 68/348 [====>.........................] - ETA: 4s - batch_cost: 0.0171 - reader cost: 1.9146e-04
 72/348 [=====>........................] - ETA: 4s - batch_cost: 0.0170 - reader cost: 1.8083e-04
 76/348 [=====>........................] - ETA: 4s - batch_cost: 0.0168 - reader cost: 1.7131e-04
 80/348 [=====>........................] - ETA: 4s - batch_cost: 0.0167 - reader cost: 1.6274e-04
 84/348 [======>.......................] - ETA: 4s - batch_cost: 0.0166 - reader cost: 1.5499e-04
 88/348 [======>.......................] - ETA: 4s - batch_cost: 0.0165 - reader cost: 1.5934e-04
 92/348 [======>.......................] - ETA: 4s - batch_cost: 0.0163 - reader cost: 1.5241e-04
 96/348 [=======>......................] - ETA: 4s - batch_cost: 0.0162 - reader cost: 1.4606e-04
100/348 [=======>......................] - ETA: 4s - batch_cost: 0.0161 - reader cost: 1.4022e-04
104/348 [=======>......................] - ETA: 3s - batch_cost: 0.0160 - reader cost: 1.3483e-04
108/348 [========>.....................] - ETA: 3s - batch_cost: 0.0159 - reader cost: 1.3910e-04
112/348 [========>.....................] - ETA: 3s - batch_cost: 0.0158 - reader cost: 1.3413e-04
116/348 [=========>....................] - ETA: 3s - batch_cost: 0.0157 - reader cost: 1.2951e-04
120/348 [=========>....................] - ETA: 3s - batch_cost: 0.0156 - reader cost: 1.2519e-04
124/348 [=========>....................] - ETA: 3s - batch_cost: 0.0156 - reader cost: 1.2115e-04
128/348 [==========>...................] - ETA: 3s - batch_cost: 0.0155 - reader cost: 1.1737e-04
132/348 [==========>...................] - ETA: 3s - batch_cost: 0.0154 - reader cost: 1.2138e-04
136/348 [==========>...................] - ETA: 3s - batch_cost: 0.0153 - reader cost: 1.1781e-04
140/348 [===========>..................] - ETA: 3s - batch_cost: 0.0153 - reader cost: 1.1444e-04
144/348 [===========>..................] - ETA: 3s - batch_cost: 0.0152 - reader cost: 1.1126e-04
148/348 [===========>..................] - ETA: 3s - batch_cost: 0.0152 - reader cost: 1.0825e-04
152/348 [============>.................] - ETA: 3s - batch_cost: 0.0152 - reader cost: 1.0541e-04
156/348 [============>.................] - ETA: 2s - batch_cost: 0.0151 - reader cost: 1.0270e-04
160/348 [============>.................] - ETA: 2s - batch_cost: 0.0150 - reader cost: 1.0014e-04
164/348 [=============>................] - ETA: 2s - batch_cost: 0.0150 - reader cost: 1.0685e-04
168/348 [=============>................] - ETA: 2s - batch_cost: 0.0150 - reader cost: 1.0431e-04
172/348 [=============>................] - ETA: 2s - batch_cost: 0.0149 - reader cost: 1.0188e-04
176/348 [==============>...............] - ETA: 2s - batch_cost: 0.0149 - reader cost: 1.0525e-04
180/348 [==============>...............] - ETA: 2s - batch_cost: 0.0148 - reader cost: 1.0291e-04
184/348 [==============>...............] - ETA: 2s - batch_cost: 0.0148 - reader cost: 1.0067e-04
188/348 [===============>..............] - ETA: 2s - batch_cost: 0.0147 - reader cost: 9.8529e-05
192/348 [===============>..............] - ETA: 2s - batch_cost: 0.0148 - reader cost: 9.6476e-05
195/348 [===============>..............] - ETA: 2s - batch_cost: 0.0148 - reader cost: 9.4992e-05
198/348 [================>.............] - ETA: 2s - batch_cost: 0.0149 - reader cost: 9.3553e-05
201/348 [================>.............] - ETA: 2s - batch_cost: 0.0149 - reader cost: 9.2156e-05
205/348 [================>.............] - ETA: 2s - batch_cost: 0.0149 - reader cost: 9.0358e-05
209/348 [=================>............] - ETA: 2s - batch_cost: 0.0148 - reader cost: 8.8629e-05
213/348 [=================>............] - ETA: 2s - batch_cost: 0.0148 - reader cost: 8.6965e-05
217/348 [=================>............] - ETA: 1s - batch_cost: 0.0148 - reader cost: 8.5362e-05
221/348 [==================>...........] - ETA: 1s - batch_cost: 0.0147 - reader cost: 8.3817e-05
225/348 [==================>...........] - ETA: 1s - batch_cost: 0.0148 - reader cost: 8.2326e-05
229/348 [==================>...........] - ETA: 1s - batch_cost: 0.0148 - reader cost: 8.0888e-05
233/348 [===================>..........] - ETA: 1s - batch_cost: 0.0148 - reader cost: 7.9500e-05
237/348 [===================>..........] - ETA: 1s - batch_cost: 0.0148 - reader cost: 7.8158e-05
241/348 [===================>..........] - ETA: 1s - batch_cost: 0.0148 - reader cost: 7.6861e-05
244/348 [====================>.........] - ETA: 1s - batch_cost: 0.0148 - reader cost: 7.5916e-05
248/348 [====================>.........] - ETA: 1s - batch_cost: 0.0148 - reader cost: 7.4691e-05
252/348 [====================>.........] - ETA: 1s - batch_cost: 0.0148 - reader cost: 7.5532e-05
256/348 [=====================>........] - ETA: 1s - batch_cost: 0.0149 - reader cost: 7.4352e-05
260/348 [=====================>........] - ETA: 1s - batch_cost: 0.0149 - reader cost: 7.3208e-05
264/348 [=====================>........] - ETA: 1s - batch_cost: 0.0148 - reader cost: 7.2099e-05
268/348 [======================>.......] - ETA: 1s - batch_cost: 0.0148 - reader cost: 7.1023e-05
272/348 [======================>.......] - ETA: 1s - batch_cost: 0.0148 - reader cost: 6.9978e-05
276/348 [======================>.......] - ETA: 1s - batch_cost: 0.0148 - reader cost: 6.8964e-05
280/348 [=======================>......] - ETA: 1s - batch_cost: 0.0147 - reader cost: 6.7979e-05
284/348 [=======================>......] - ETA: 0s - batch_cost: 0.0147 - reader cost: 6.7022e-05
288/348 [=======================>......] - ETA: 0s - batch_cost: 0.0147 - reader cost: 6.6091e-05
292/348 [========================>.....] - ETA: 0s - batch_cost: 0.0147 - reader cost: 6.5185e-05
296/348 [========================>.....] - ETA: 0s - batch_cost: 0.0147 - reader cost: 6.7683e-05
300/348 [========================>.....] - ETA: 0s - batch_cost: 0.0147 - reader cost: 6.6781e-05
304/348 [=========================>....] - ETA: 0s - batch_cost: 0.0147 - reader cost: 6.5902e-05
308/348 [=========================>....] - ETA: 0s - batch_cost: 0.0147 - reader cost: 6.8320e-05
312/348 [=========================>....] - ETA: 0s - batch_cost: 0.0147 - reader cost: 6.7444e-05
316/348 [==========================>...] - ETA: 0s - batch_cost: 0.0147 - reader cost: 6.6590e-05
320/348 [==========================>...] - ETA: 0s - batch_cost: 0.0147 - reader cost: 7.2016e-05
324/348 [==========================>...] - ETA: 0s - batch_cost: 0.0146 - reader cost: 7.1127e-05
327/348 [===========================>..] - ETA: 0s - batch_cost: 0.0147 - reader cost: 7.0474e-05
331/348 [===========================>..] - ETA: 0s - batch_cost: 0.0146 - reader cost: 7.2643e-05
335/348 [===========================>..] - ETA: 0s - batch_cost: 0.0146 - reader cost: 7.1776e-05
339/348 [============================>.] - ETA: 0s - batch_cost: 0.0146 - reader cost: 7.0929e-05
343/348 [============================>.] - ETA: 0s - batch_cost: 0.0146 - reader cost: 7.0102e-05
348/348 [==============================] - 5s 15ms/step - batch_cost: 0.0146 - reader cost: 6.9095e-05

  1/348 [..............................] - ETA: 7s - batch_cost: 0.0210 - reader cost: 0.0065
  4/348 [..............................] - ETA: 6s - batch_cost: 0.0178 - reader cost: 0.0016
  8/348 [..............................] - ETA: 5s - batch_cost: 0.0159 - reader cost: 8.1488e-04
 12/348 [>.............................] - ETA: 5s - batch_cost: 0.0151 - reader cost: 5.4326e-04
 16/348 [>.............................] - ETA: 4s - batch_cost: 0.0146 - reader cost: 4.0744e-04
 20/348 [>.............................] - ETA: 4s - batch_cost: 0.0147 - reader cost: 3.2595e-04
 24/348 [=>............................] - ETA: 4s - batch_cost: 0.0144 - reader cost: 2.7163e-04
 28/348 [=>............................] - ETA: 4s - batch_cost: 0.0142 - reader cost: 2.3282e-04
 32/348 [=>............................] - ETA: 4s - batch_cost: 0.0142 - reader cost: 2.0372e-04
 36/348 [==>...........................] - ETA: 4s - batch_cost: 0.0140 - reader cost: 1.8109e-04
 40/348 [==>...........................] - ETA: 4s - batch_cost: 0.0139 - reader cost: 1.6298e-04
 44/348 [==>...........................] - ETA: 4s - batch_cost: 0.0139 - reader cost: 1.4816e-04
 48/348 [===>..........................] - ETA: 4s - batch_cost: 0.0140 - reader cost: 1.3581e-04
 52/348 [===>..........................] - ETA: 4s - batch_cost: 0.0139 - reader cost: 1.2537e-04
 56/348 [===>..........................] - ETA: 4s - batch_cost: 0.0140 - reader cost: 1.1641e-04
 60/348 [====>.........................] - ETA: 4s - batch_cost: 0.0140 - reader cost: 1.0865e-04
 64/348 [====>.........................] - ETA: 4s - batch_cost: 0.0140 - reader cost: 1.0186e-04
 68/348 [====>.........................] - ETA: 3s - batch_cost: 0.0140 - reader cost: 1.1058e-04
 72/348 [=====>........................] - ETA: 3s - batch_cost: 0.0140 - reader cost: 1.0443e-04
 76/348 [=====>........................] - ETA: 3s - batch_cost: 0.0140 - reader cost: 1.1209e-04
 80/348 [=====>........................] - ETA: 3s - batch_cost: 0.0140 - reader cost: 1.0648e-04
 84/348 [======>.......................] - ETA: 3s - batch_cost: 0.0140 - reader cost: 1.0748e-04
 88/348 [======>.......................] - ETA: 3s - batch_cost: 0.0140 - reader cost: 1.0260e-04
 92/348 [======>.......................] - ETA: 3s - batch_cost: 0.0140 - reader cost: 9.8135e-05
 96/348 [=======>......................] - ETA: 3s - batch_cost: 0.0139 - reader cost: 9.4046e-05
100/348 [=======>......................] - ETA: 3s - batch_cost: 0.0139 - reader cost: 9.0284e-05
104/348 [=======>......................] - ETA: 3s - batch_cost: 0.0139 - reader cost: 8.6812e-05
108/348 [========>.....................] - ETA: 3s - batch_cost: 0.0138 - reader cost: 8.3597e-05
112/348 [========>.....................] - ETA: 3s - batch_cost: 0.0138 - reader cost: 8.0611e-05
116/348 [=========>....................] - ETA: 3s - batch_cost: 0.0138 - reader cost: 7.7831e-05
120/348 [=========>....................] - ETA: 3s - batch_cost: 0.0138 - reader cost: 7.5237e-05
124/348 [=========>....................] - ETA: 3s - batch_cost: 0.0138 - reader cost: 7.2810e-05
128/348 [==========>...................] - ETA: 3s - batch_cost: 0.0138 - reader cost: 7.0535e-05
132/348 [==========>...................] - ETA: 3s - batch_cost: 0.0138 - reader cost: 6.8397e-05
136/348 [==========>...................] - ETA: 2s - batch_cost: 0.0138 - reader cost: 6.6386e-05
140/348 [===========>..................] - ETA: 2s - batch_cost: 0.0139 - reader cost: 7.1580e-05
144/348 [===========>..................] - ETA: 2s - batch_cost: 0.0140 - reader cost: 6.9592e-05
148/348 [===========>..................] - ETA: 2s - batch_cost: 0.0140 - reader cost: 6.7711e-05
152/348 [============>.................] - ETA: 2s - batch_cost: 0.0140 - reader cost: 6.5929e-05
155/348 [============>.................] - ETA: 2s - batch_cost: 0.0141 - reader cost: 6.4653e-05
158/348 [============>.................] - ETA: 2s - batch_cost: 0.0142 - reader cost: 6.3425e-05
162/348 [============>.................] - ETA: 2s - batch_cost: 0.0142 - reader cost: 6.1859e-05
165/348 [=============>................] - ETA: 2s - batch_cost: 0.0143 - reader cost: 6.0735e-05
169/348 [=============>................] - ETA: 2s - batch_cost: 0.0143 - reader cost: 5.9297e-05
172/348 [=============>................] - ETA: 2s - batch_cost: 0.0144 - reader cost: 5.8263e-05
176/348 [==============>...............] - ETA: 2s - batch_cost: 0.0144 - reader cost: 5.6939e-05
179/348 [==============>...............] - ETA: 2s - batch_cost: 0.0145 - reader cost: 5.5984e-05
182/348 [==============>...............] - ETA: 2s - batch_cost: 0.0146 - reader cost: 5.5062e-05
184/348 [==============>...............] - ETA: 2s - batch_cost: 0.0148 - reader cost: 5.4463e-05
186/348 [===============>..............] - ETA: 2s - batch_cost: 0.0150 - reader cost: 5.3877e-05
188/348 [===============>..............] - ETA: 2s - batch_cost: 0.0151 - reader cost: 5.3304e-05
190/348 [===============>..............] - ETA: 2s - batch_cost: 0.0153 - reader cost: 5.2743e-05
193/348 [===============>..............] - ETA: 2s - batch_cost: 0.0153 - reader cost: 5.1923e-05
196/348 [===============>..............] - ETA: 2s - batch_cost: 0.0155 - reader cost: 5.1129e-05
199/348 [================>.............] - ETA: 2s - batch_cost: 0.0155 - reader cost: 5.0358e-05
202/348 [================>.............] - ETA: 2s - batch_cost: 0.0156 - reader cost: 4.9610e-05
205/348 [================>.............] - ETA: 2s - batch_cost: 0.0157 - reader cost: 4.8884e-05
209/348 [=================>............] - ETA: 2s - batch_cost: 0.0157 - reader cost: 4.7948e-05
213/348 [=================>............] - ETA: 2s - batch_cost: 0.0157 - reader cost: 4.7048e-05
217/348 [=================>............] - ETA: 2s - batch_cost: 0.0157 - reader cost: 4.6181e-05
221/348 [==================>...........] - ETA: 2s - batch_cost: 0.0157 - reader cost: 4.5345e-05
225/348 [==================>...........] - ETA: 1s - batch_cost: 0.0156 - reader cost: 4.9000e-05
229/348 [==================>...........] - ETA: 1s - batch_cost: 0.0156 - reader cost: 4.8144e-05
232/348 [===================>..........] - ETA: 1s - batch_cost: 0.0156 - reader cost: 4.7521e-05
236/348 [===================>..........] - ETA: 1s - batch_cost: 0.0156 - reader cost: 4.6716e-05
240/348 [===================>..........] - ETA: 1s - batch_cost: 0.0156 - reader cost: 4.5937e-05
244/348 [====================>.........] - ETA: 1s - batch_cost: 0.0156 - reader cost: 4.5184e-05
247/348 [====================>.........] - ETA: 1s - batch_cost: 0.0156 - reader cost: 4.4635e-05
251/348 [====================>.........] - ETA: 1s - batch_cost: 0.0157 - reader cost: 4.3924e-05
255/348 [====================>.........] - ETA: 1s - batch_cost: 0.0157 - reader cost: 4.3235e-05
258/348 [=====================>........] - ETA: 1s - batch_cost: 0.0157 - reader cost: 4.2732e-05
262/348 [=====================>........] - ETA: 1s - batch_cost: 0.0157 - reader cost: 4.2080e-05
266/348 [=====================>........] - ETA: 1s - batch_cost: 0.0157 - reader cost: 4.1447e-05
269/348 [======================>.......] - ETA: 1s - batch_cost: 0.0157 - reader cost: 4.0985e-05
273/348 [======================>.......] - ETA: 1s - batch_cost: 0.0157 - reader cost: 4.0384e-05
277/348 [======================>.......] - ETA: 1s - batch_cost: 0.0157 - reader cost: 4.1685e-05
281/348 [=======================>......] - ETA: 1s - batch_cost: 0.0157 - reader cost: 4.1092e-05
285/348 [=======================>......] - ETA: 0s - batch_cost: 0.0156 - reader cost: 4.0515e-05
289/348 [=======================>......] - ETA: 0s - batch_cost: 0.0156 - reader cost: 3.9954e-05
293/348 [========================>.....] - ETA: 0s - batch_cost: 0.0157 - reader cost: 4.2832e-05
297/348 [========================>.....] - ETA: 0s - batch_cost: 0.0157 - reader cost: 4.2255e-05
301/348 [========================>.....] - ETA: 0s - batch_cost: 0.0157 - reader cost: 4.5018e-05
305/348 [=========================>....] - ETA: 0s - batch_cost: 0.0157 - reader cost: 4.4427e-05
309/348 [=========================>....] - ETA: 0s - batch_cost: 0.0157 - reader cost: 4.3852e-05
313/348 [=========================>....] - ETA: 0s - batch_cost: 0.0156 - reader cost: 4.3292e-05
317/348 [==========================>...] - ETA: 0s - batch_cost: 0.0156 - reader cost: 4.2745e-05
321/348 [==========================>...] - ETA: 0s - batch_cost: 0.0156 - reader cost: 4.2213e-05
324/348 [==========================>...] - ETA: 0s - batch_cost: 0.0157 - reader cost: 4.1822e-05
327/348 [===========================>..] - ETA: 0s - batch_cost: 0.0157 - reader cost: 4.1438e-05
330/348 [===========================>..] - ETA: 0s - batch_cost: 0.0157 - reader cost: 4.1061e-05
334/348 [===========================>..] - ETA: 0s - batch_cost: 0.0157 - reader cost: 4.0570e-05
337/348 [============================>.] - ETA: 0s - batch_cost: 0.0157 - reader cost: 4.0209e-05
340/348 [============================>.] - ETA: 0s - batch_cost: 0.0157 - reader cost: 3.9854e-05
343/348 [============================>.] - ETA: 0s - batch_cost: 0.0157 - reader cost: 3.9505e-05
347/348 [============================>.] - ETA: 0s - batch_cost: 0.0157 - reader cost: 3.9050e-05
348/348 [==============================] - 6s 16ms/step - batch_cost: 0.0157 - reader cost: 3.8938e-05

  1/348 [..............................] - ETA: 14s - batch_cost: 0.0420 - reader cost: 0.0085
  3/348 [..............................] - ETA: 10s - batch_cost: 0.0315 - reader cost: 0.0028
  6/348 [..............................] - ETA: 9s - batch_cost: 0.0275 - reader cost: 0.0014 
  9/348 [..............................] - ETA: 8s - batch_cost: 0.0263 - reader cost: 9.4830e-04
 12/348 [>.............................] - ETA: 8s - batch_cost: 0.0260 - reader cost: 7.9449e-04
 14/348 [>.............................] - ETA: 8s - batch_cost: 0.0265 - reader cost: 6.8099e-04
 17/348 [>.............................] - ETA: 8s - batch_cost: 0.0268 - reader cost: 5.6082e-04
 19/348 [>.............................] - ETA: 8s - batch_cost: 0.0273 - reader cost: 5.0178e-04
 21/348 [>.............................] - ETA: 9s - batch_cost: 0.0277 - reader cost: 4.5399e-04
 23/348 [>.............................] - ETA: 9s - batch_cost: 0.0280 - reader cost: 4.1452e-04
 25/348 [=>............................] - ETA: 9s - batch_cost: 0.0280 - reader cost: 3.8136e-04
 29/348 [=>............................] - ETA: 8s - batch_cost: 0.0263 - reader cost: 3.6323e-04
 33/348 [=>............................] - ETA: 7s - batch_cost: 0.0251 - reader cost: 3.1920e-04
 37/348 [==>...........................] - ETA: 7s - batch_cost: 0.0240 - reader cost: 2.8469e-04
 41/348 [==>...........................] - ETA: 7s - batch_cost: 0.0232 - reader cost: 2.5692e-04
 45/348 [==>...........................] - ETA: 6s - batch_cost: 0.0224 - reader cost: 2.3408e-04
 49/348 [===>..........................] - ETA: 6s - batch_cost: 0.0218 - reader cost: 2.1497e-04
 53/348 [===>..........................] - ETA: 6s - batch_cost: 0.0214 - reader cost: 1.9875e-04
 57/348 [===>..........................] - ETA: 6s - batch_cost: 0.0210 - reader cost: 1.8480e-04
 61/348 [====>.........................] - ETA: 5s - batch_cost: 0.0206 - reader cost: 1.7268e-04
 65/348 [====>.........................] - ETA: 5s - batch_cost: 0.0203 - reader cost: 1.6205e-04
 69/348 [====>.........................] - ETA: 5s - batch_cost: 0.0200 - reader cost: 1.5266e-04
 73/348 [=====>........................] - ETA: 5s - batch_cost: 0.0198 - reader cost: 1.5799e-04
 77/348 [=====>........................] - ETA: 5s - batch_cost: 0.0195 - reader cost: 1.4979e-04
 80/348 [=====>........................] - ETA: 5s - batch_cost: 0.0194 - reader cost: 1.4417e-04
 84/348 [======>.......................] - ETA: 5s - batch_cost: 0.0192 - reader cost: 1.3730e-04
 88/348 [======>.......................] - ETA: 4s - batch_cost: 0.0190 - reader cost: 1.3106e-04
 92/348 [======>.......................] - ETA: 4s - batch_cost: 0.0188 - reader cost: 1.2536e-04
 96/348 [=======>......................] - ETA: 4s - batch_cost: 0.0187 - reader cost: 1.3057e-04
 99/348 [=======>......................] - ETA: 4s - batch_cost: 0.0187 - reader cost: 1.2661e-04
102/348 [=======>......................] - ETA: 4s - batch_cost: 0.0186 - reader cost: 1.2289e-04
106/348 [========>.....................] - ETA: 4s - batch_cost: 0.0185 - reader cost: 1.1825e-04
110/348 [========>.....................] - ETA: 4s - batch_cost: 0.0184 - reader cost: 1.1395e-04
114/348 [========>.....................] - ETA: 4s - batch_cost: 0.0183 - reader cost: 1.0995e-04
118/348 [=========>....................] - ETA: 4s - batch_cost: 0.0182 - reader cost: 1.0622e-04
121/348 [=========>....................] - ETA: 4s - batch_cost: 0.0181 - reader cost: 1.0359e-04
125/348 [=========>....................] - ETA: 4s - batch_cost: 0.0180 - reader cost: 1.0028e-04
128/348 [==========>...................] - ETA: 4s - batch_cost: 0.0180 - reader cost: 9.7925e-05
132/348 [==========>...................] - ETA: 3s - batch_cost: 0.0179 - reader cost: 9.4957e-05
136/348 [==========>...................] - ETA: 3s - batch_cost: 0.0179 - reader cost: 9.2165e-05
139/348 [==========>...................] - ETA: 3s - batch_cost: 0.0179 - reader cost: 9.0175e-05
143/348 [===========>..................] - ETA: 3s - batch_cost: 0.0178 - reader cost: 8.7653e-05
147/348 [===========>..................] - ETA: 3s - batch_cost: 0.0177 - reader cost: 8.5268e-05
151/348 [============>.................] - ETA: 3s - batch_cost: 0.0177 - reader cost: 8.3009e-05
155/348 [============>.................] - ETA: 3s - batch_cost: 0.0176 - reader cost: 8.0867e-05
159/348 [============>.................] - ETA: 3s - batch_cost: 0.0176 - reader cost: 8.5129e-05
163/348 [=============>................] - ETA: 3s - batch_cost: 0.0175 - reader cost: 8.3040e-05
167/348 [=============>................] - ETA: 3s - batch_cost: 0.0175 - reader cost: 8.1051e-05
171/348 [=============>................] - ETA: 3s - batch_cost: 0.0174 - reader cost: 7.9155e-05
174/348 [==============>...............] - ETA: 3s - batch_cost: 0.0174 - reader cost: 8.3526e-05
177/348 [==============>...............] - ETA: 3s - batch_cost: 0.0174 - reader cost: 8.2110e-05
180/348 [==============>...............] - ETA: 2s - batch_cost: 0.0174 - reader cost: 8.0742e-05
183/348 [==============>...............] - ETA: 2s - batch_cost: 0.0174 - reader cost: 8.4877e-05
187/348 [===============>..............] - ETA: 2s - batch_cost: 0.0174 - reader cost: 8.3061e-05
191/348 [===============>..............] - ETA: 2s - batch_cost: 0.0173 - reader cost: 8.1322e-05
194/348 [===============>..............] - ETA: 2s - batch_cost: 0.0173 - reader cost: 8.0064e-05
197/348 [===============>..............] - ETA: 2s - batch_cost: 0.0174 - reader cost: 7.8845e-05
200/348 [================>.............] - ETA: 2s - batch_cost: 0.0173 - reader cost: 7.7662e-05
203/348 [================>.............] - ETA: 2s - batch_cost: 0.0173 - reader cost: 8.1440e-05
207/348 [================>.............] - ETA: 2s - batch_cost: 0.0173 - reader cost: 7.9867e-05
211/348 [=================>............] - ETA: 2s - batch_cost: 0.0173 - reader cost: 8.5472e-05
215/348 [=================>............] - ETA: 2s - batch_cost: 0.0172 - reader cost: 9.3196e-05
219/348 [=================>............] - ETA: 2s - batch_cost: 0.0172 - reader cost: 9.1494e-05
222/348 [==================>...........] - ETA: 2s - batch_cost: 0.0172 - reader cost: 9.0258e-05
226/348 [==================>...........] - ETA: 2s - batch_cost: 0.0171 - reader cost: 8.8660e-05
229/348 [==================>...........] - ETA: 2s - batch_cost: 0.0172 - reader cost: 8.7499e-05
232/348 [===================>..........] - ETA: 2s - batch_cost: 0.0172 - reader cost: 8.6367e-05
236/348 [===================>..........] - ETA: 1s - batch_cost: 0.0171 - reader cost: 8.4903e-05
240/348 [===================>..........] - ETA: 1s - batch_cost: 0.0171 - reader cost: 8.3488e-05
244/348 [====================>.........] - ETA: 1s - batch_cost: 0.0171 - reader cost: 8.2120e-05
248/348 [====================>.........] - ETA: 1s - batch_cost: 0.0171 - reader cost: 8.0795e-05
252/348 [====================>.........] - ETA: 1s - batch_cost: 0.0170 - reader cost: 7.9513e-05
256/348 [=====================>........] - ETA: 1s - batch_cost: 0.0170 - reader cost: 7.8270e-05
259/348 [=====================>........] - ETA: 1s - batch_cost: 0.0170 - reader cost: 7.7364e-05
262/348 [=====================>........] - ETA: 1s - batch_cost: 0.0170 - reader cost: 7.6478e-05
266/348 [=====================>........] - ETA: 1s - batch_cost: 0.0170 - reader cost: 7.5328e-05
270/348 [======================>.......] - ETA: 1s - batch_cost: 0.0170 - reader cost: 7.7915e-05
274/348 [======================>.......] - ETA: 1s - batch_cost: 0.0169 - reader cost: 7.6778e-05
278/348 [======================>.......] - ETA: 1s - batch_cost: 0.0169 - reader cost: 7.9272e-05
281/348 [=======================>......] - ETA: 1s - batch_cost: 0.0169 - reader cost: 8.1985e-05
284/348 [=======================>......] - ETA: 1s - batch_cost: 0.0170 - reader cost: 8.1119e-05
287/348 [=======================>......] - ETA: 1s - batch_cost: 0.0170 - reader cost: 8.0271e-05
290/348 [========================>.....] - ETA: 0s - batch_cost: 0.0170 - reader cost: 7.9440e-05
293/348 [========================>.....] - ETA: 0s - batch_cost: 0.0170 - reader cost: 7.8627e-05
297/348 [========================>.....] - ETA: 0s - batch_cost: 0.0170 - reader cost: 7.7568e-05
300/348 [========================>.....] - ETA: 0s - batch_cost: 0.0170 - reader cost: 8.0124e-05
303/348 [=========================>....] - ETA: 0s - batch_cost: 0.0170 - reader cost: 7.9330e-05
306/348 [=========================>....] - ETA: 0s - batch_cost: 0.0170 - reader cost: 7.8553e-05
309/348 [=========================>....] - ETA: 0s - batch_cost: 0.0170 - reader cost: 7.7790e-05
313/348 [=========================>....] - ETA: 0s - batch_cost: 0.0170 - reader cost: 7.6796e-05
317/348 [==========================>...] - ETA: 0s - batch_cost: 0.0170 - reader cost: 7.5827e-05
321/348 [==========================>...] - ETA: 0s - batch_cost: 0.0170 - reader cost: 7.4882e-05
325/348 [===========================>..] - ETA: 0s - batch_cost: 0.0170 - reader cost: 7.7041e-05
329/348 [===========================>..] - ETA: 0s - batch_cost: 0.0170 - reader cost: 7.6105e-05
333/348 [===========================>..] - ETA: 0s - batch_cost: 0.0169 - reader cost: 7.5191e-05
337/348 [============================>.] - ETA: 0s - batch_cost: 0.0169 - reader cost: 7.8759e-05
341/348 [============================>.] - ETA: 0s - batch_cost: 0.0169 - reader cost: 7.7836e-05
345/348 [============================>.] - ETA: 0s - batch_cost: 0.0169 - reader cost: 7.6933e-05
348/348 [==============================] - 6s 17ms/step - batch_cost: 0.0168 - reader cost: 7.6270e-05

  1/348 [..............................] - ETA: 11s - batch_cost: 0.0339 - reader cost: 0.0080
  4/348 [..............................] - ETA: 7s - batch_cost: 0.0222 - reader cost: 0.0020 
  8/348 [..............................] - ETA: 6s - batch_cost: 0.0191 - reader cost: 0.0010
 11/348 [..............................] - ETA: 6s - batch_cost: 0.0189 - reader cost: 7.2874e-04
 14/348 [>.............................] - ETA: 6s - batch_cost: 0.0184 - reader cost: 5.7258e-04
 18/348 [>.............................] - ETA: 5s - batch_cost: 0.0175 - reader cost: 4.4534e-04
 21/348 [>.............................] - ETA: 5s - batch_cost: 0.0174 - reader cost: 3.8172e-04
 25/348 [=>............................] - ETA: 5s - batch_cost: 0.0173 - reader cost: 3.2064e-04
 28/348 [=>............................] - ETA: 5s - batch_cost: 0.0175 - reader cost: 2.8629e-04
 32/348 [=>............................] - ETA: 5s - batch_cost: 0.0173 - reader cost: 2.5050e-04
 36/348 [==>...........................] - ETA: 5s - batch_cost: 0.0170 - reader cost: 2.2267e-04
 40/348 [==>...........................] - ETA: 5s - batch_cost: 0.0168 - reader cost: 2.0040e-04
 44/348 [==>...........................] - ETA: 5s - batch_cost: 0.0167 - reader cost: 1.8218e-04
 48/348 [===>..........................] - ETA: 5s - batch_cost: 0.0166 - reader cost: 1.8785e-04
 51/348 [===>..........................] - ETA: 5s - batch_cost: 0.0167 - reader cost: 1.9642e-04
 55/348 [===>..........................] - ETA: 4s - batch_cost: 0.0166 - reader cost: 1.8214e-04
 59/348 [====>.........................] - ETA: 4s - batch_cost: 0.0165 - reader cost: 1.6979e-04
 63/348 [====>.........................] - ETA: 4s - batch_cost: 0.0164 - reader cost: 1.5901e-04
 67/348 [====>.........................] - ETA: 4s - batch_cost: 0.0165 - reader cost: 1.4952e-04
 71/348 [=====>........................] - ETA: 4s - batch_cost: 0.0164 - reader cost: 1.5518e-04
 75/348 [=====>........................] - ETA: 4s - batch_cost: 0.0163 - reader cost: 1.4690e-04
 79/348 [=====>........................] - ETA: 4s - batch_cost: 0.0163 - reader cost: 1.3946e-04
 83/348 [======>.......................] - ETA: 4s - batch_cost: 0.0163 - reader cost: 1.3274e-04
 87/348 [======>.......................] - ETA: 4s - batch_cost: 0.0162 - reader cost: 1.2664e-04
 91/348 [======>.......................] - ETA: 4s - batch_cost: 0.0162 - reader cost: 1.2107e-04
 95/348 [=======>......................] - ETA: 4s - batch_cost: 0.0162 - reader cost: 1.1597e-04
 98/348 [=======>......................] - ETA: 4s - batch_cost: 0.0162 - reader cost: 1.1242e-04
101/348 [=======>......................] - ETA: 4s - batch_cost: 0.0162 - reader cost: 1.0908e-04
105/348 [========>.....................] - ETA: 3s - batch_cost: 0.0162 - reader cost: 1.0493e-04
109/348 [========>.....................] - ETA: 3s - batch_cost: 0.0162 - reader cost: 1.0108e-04
113/348 [========>.....................] - ETA: 3s - batch_cost: 0.0162 - reader cost: 1.0635e-04
117/348 [=========>....................] - ETA: 3s - batch_cost: 0.0161 - reader cost: 1.0271e-04
121/348 [=========>....................] - ETA: 3s - batch_cost: 0.0161 - reader cost: 1.0377e-04
125/348 [=========>....................] - ETA: 3s - batch_cost: 0.0161 - reader cost: 1.0044e-04
129/348 [==========>...................] - ETA: 3s - batch_cost: 0.0161 - reader cost: 1.0510e-04
133/348 [==========>...................] - ETA: 3s - batch_cost: 0.0161 - reader cost: 1.0194e-04
137/348 [==========>...................] - ETA: 3s - batch_cost: 0.0160 - reader cost: 9.8959e-05
140/348 [===========>..................] - ETA: 3s - batch_cost: 0.0161 - reader cost: 9.6839e-05
144/348 [===========>..................] - ETA: 3s - batch_cost: 0.0161 - reader cost: 9.4149e-05
148/348 [===========>..................] - ETA: 3s - batch_cost: 0.0161 - reader cost: 9.1604e-05
152/348 [============>.................] - ETA: 3s - batch_cost: 0.0161 - reader cost: 8.9194e-05
156/348 [============>.................] - ETA: 3s - batch_cost: 0.0161 - reader cost: 8.6907e-05
160/348 [============>.................] - ETA: 3s - batch_cost: 0.0161 - reader cost: 8.4734e-05
164/348 [=============>................] - ETA: 2s - batch_cost: 0.0160 - reader cost: 8.2667e-05
168/348 [=============>................] - ETA: 2s - batch_cost: 0.0160 - reader cost: 8.0699e-05
172/348 [=============>................] - ETA: 2s - batch_cost: 0.0160 - reader cost: 7.8822e-05
176/348 [==============>...............] - ETA: 2s - batch_cost: 0.0160 - reader cost: 7.7031e-05
180/348 [==============>...............] - ETA: 2s - batch_cost: 0.0160 - reader cost: 7.5319e-05
184/348 [==============>...............] - ETA: 2s - batch_cost: 0.0160 - reader cost: 7.3682e-05
188/348 [===============>..............] - ETA: 2s - batch_cost: 0.0159 - reader cost: 7.9519e-05
192/348 [===============>..............] - ETA: 2s - batch_cost: 0.0159 - reader cost: 7.7862e-05
195/348 [===============>..............] - ETA: 2s - batch_cost: 0.0160 - reader cost: 7.6664e-05
199/348 [================>.............] - ETA: 2s - batch_cost: 0.0160 - reader cost: 7.5123e-05
202/348 [================>.............] - ETA: 2s - batch_cost: 0.0160 - reader cost: 7.6496e-05
205/348 [================>.............] - ETA: 2s - batch_cost: 0.0161 - reader cost: 7.5376e-05
208/348 [================>.............] - ETA: 2s - batch_cost: 0.0162 - reader cost: 7.4289e-05
211/348 [=================>............] - ETA: 2s - batch_cost: 0.0162 - reader cost: 7.3233e-05
214/348 [=================>............] - ETA: 2s - batch_cost: 0.0162 - reader cost: 7.2206e-05
218/348 [=================>............] - ETA: 2s - batch_cost: 0.0162 - reader cost: 7.5467e-05
222/348 [==================>...........] - ETA: 2s - batch_cost: 0.0162 - reader cost: 7.4107e-05
226/348 [==================>...........] - ETA: 1s - batch_cost: 0.0162 - reader cost: 7.2796e-05
230/348 [==================>...........] - ETA: 1s - batch_cost: 0.0161 - reader cost: 7.1530e-05
234/348 [===================>..........] - ETA: 1s - batch_cost: 0.0162 - reader cost: 7.0307e-05
238/348 [===================>..........] - ETA: 1s - batch_cost: 0.0162 - reader cost: 6.9125e-05
241/348 [===================>..........] - ETA: 1s - batch_cost: 0.0162 - reader cost: 7.0933e-05
245/348 [====================>.........] - ETA: 1s - batch_cost: 0.0162 - reader cost: 6.9775e-05
249/348 [====================>.........] - ETA: 1s - batch_cost: 0.0161 - reader cost: 6.8654e-05
253/348 [====================>.........] - ETA: 1s - batch_cost: 0.0161 - reader cost: 6.7569e-05
257/348 [=====================>........] - ETA: 1s - batch_cost: 0.0161 - reader cost: 6.6517e-05
261/348 [=====================>........] - ETA: 1s - batch_cost: 0.0161 - reader cost: 6.9330e-05
265/348 [=====================>........] - ETA: 1s - batch_cost: 0.0161 - reader cost: 6.8283e-05
269/348 [======================>.......] - ETA: 1s - batch_cost: 0.0161 - reader cost: 6.7268e-05
273/348 [======================>.......] - ETA: 1s - batch_cost: 0.0161 - reader cost: 6.6282e-05
277/348 [======================>.......] - ETA: 1s - batch_cost: 0.0161 - reader cost: 6.5325e-05
281/348 [=======================>......] - ETA: 1s - batch_cost: 0.0161 - reader cost: 6.4395e-05
285/348 [=======================>......] - ETA: 1s - batch_cost: 0.0160 - reader cost: 6.3491e-05
289/348 [=======================>......] - ETA: 0s - batch_cost: 0.0160 - reader cost: 6.2613e-05
292/348 [========================>.....] - ETA: 0s - batch_cost: 0.0160 - reader cost: 6.1969e-05
295/348 [========================>.....] - ETA: 0s - batch_cost: 0.0161 - reader cost: 6.3078e-05
299/348 [========================>.....] - ETA: 0s - batch_cost: 0.0161 - reader cost: 6.2234e-05
303/348 [=========================>....] - ETA: 0s - batch_cost: 0.0160 - reader cost: 6.1413e-05
306/348 [=========================>....] - ETA: 0s - batch_cost: 0.0161 - reader cost: 6.0811e-05
310/348 [=========================>....] - ETA: 0s - batch_cost: 0.0161 - reader cost: 6.0026e-05
314/348 [==========================>...] - ETA: 0s - batch_cost: 0.0161 - reader cost: 5.9261e-05
318/348 [==========================>...] - ETA: 0s - batch_cost: 0.0161 - reader cost: 6.0114e-05
322/348 [==========================>...] - ETA: 0s - batch_cost: 0.0160 - reader cost: 5.9367e-05
326/348 [===========================>..] - ETA: 0s - batch_cost: 0.0160 - reader cost: 5.8639e-05
330/348 [===========================>..] - ETA: 0s - batch_cost: 0.0160 - reader cost: 5.7928e-05
334/348 [===========================>..] - ETA: 0s - batch_cost: 0.0160 - reader cost: 5.7234e-05
338/348 [============================>.] - ETA: 0s - batch_cost: 0.0160 - reader cost: 5.6557e-05
341/348 [============================>.] - ETA: 0s - batch_cost: 0.0160 - reader cost: 5.6059e-05
345/348 [============================>.] - ETA: 0s - batch_cost: 0.0160 - reader cost: 5.5409e-05
348/348 [==============================] - 6s 16ms/step - batch_cost: 0.0160 - reader cost: 5.4932e-05

  1/348 [..............................] - ETA: 18s - batch_cost: 0.0531 - reader cost: 0.0160
  3/348 [..............................] - ETA: 13s - batch_cost: 0.0383 - reader cost: 0.0053
  5/348 [..............................] - ETA: 13s - batch_cost: 0.0395 - reader cost: 0.0032
  7/348 [..............................] - ETA: 12s - batch_cost: 0.0377 - reader cost: 0.0023
  9/348 [..............................] - ETA: 12s - batch_cost: 0.0360 - reader cost: 0.0019
 11/348 [..............................] - ETA: 11s - batch_cost: 0.0340 - reader cost: 0.0015
 13/348 [>.............................] - ETA: 11s - batch_cost: 0.0333 - reader cost: 0.0013
 14/348 [>.............................] - ETA: 11s - batch_cost: 0.0346 - reader cost: 0.0013
 17/348 [>.............................] - ETA: 10s - batch_cost: 0.0321 - reader cost: 0.0011
 20/348 [>.............................] - ETA: 10s - batch_cost: 0.0307 - reader cost: 9.0197e-04
 23/348 [>.............................] - ETA: 9s - batch_cost: 0.0296 - reader cost: 7.8432e-04 
 26/348 [=>............................] - ETA: 9s - batch_cost: 0.0285 - reader cost: 7.3227e-04
 29/348 [=>............................] - ETA: 8s - batch_cost: 0.0274 - reader cost: 6.5651e-04
 32/348 [=>............................] - ETA: 8s - batch_cost: 0.0265 - reader cost: 5.9497e-04
 36/348 [==>...........................] - ETA: 7s - batch_cost: 0.0251 - reader cost: 5.2886e-04
 40/348 [==>...........................] - ETA: 7s - batch_cost: 0.0240 - reader cost: 4.7597e-04
 44/348 [==>...........................] - ETA: 7s - batch_cost: 0.0231 - reader cost: 4.3270e-04
 48/348 [===>..........................] - ETA: 6s - batch_cost: 0.0224 - reader cost: 3.9664e-04
 52/348 [===>..........................] - ETA: 6s - batch_cost: 0.0216 - reader cost: 3.6613e-04
 56/348 [===>..........................] - ETA: 6s - batch_cost: 0.0212 - reader cost: 3.3998e-04
 60/348 [====>.........................] - ETA: 6s - batch_cost: 0.0208 - reader cost: 3.1732e-04
 64/348 [====>.........................] - ETA: 5s - batch_cost: 0.0204 - reader cost: 2.9748e-04
 68/348 [====>.........................] - ETA: 5s - batch_cost: 0.0200 - reader cost: 2.7998e-04
 72/348 [=====>........................] - ETA: 5s - batch_cost: 0.0197 - reader cost: 2.6443e-04
 76/348 [=====>........................] - ETA: 5s - batch_cost: 0.0193 - reader cost: 2.5051e-04
 80/348 [=====>........................] - ETA: 5s - batch_cost: 0.0190 - reader cost: 2.3799e-04
 84/348 [======>.......................] - ETA: 4s - batch_cost: 0.0187 - reader cost: 2.2665e-04
 88/348 [======>.......................] - ETA: 4s - batch_cost: 0.0184 - reader cost: 2.1635e-04
 92/348 [======>.......................] - ETA: 4s - batch_cost: 0.0183 - reader cost: 2.0694e-04
 96/348 [=======>......................] - ETA: 4s - batch_cost: 0.0182 - reader cost: 2.0562e-04
100/348 [=======>......................] - ETA: 4s - batch_cost: 0.0180 - reader cost: 1.9740e-04
104/348 [=======>......................] - ETA: 4s - batch_cost: 0.0179 - reader cost: 1.8980e-04
108/348 [========>.....................] - ETA: 4s - batch_cost: 0.0177 - reader cost: 1.9204e-04
112/348 [========>.....................] - ETA: 4s - batch_cost: 0.0176 - reader cost: 1.8518e-04
116/348 [=========>....................] - ETA: 4s - batch_cost: 0.0174 - reader cost: 1.8752e-04
120/348 [=========>....................] - ETA: 3s - batch_cost: 0.0173 - reader cost: 1.8127e-04
124/348 [=========>....................] - ETA: 3s - batch_cost: 0.0171 - reader cost: 1.7543e-04
128/348 [==========>...................] - ETA: 3s - batch_cost: 0.0170 - reader cost: 1.6994e-04
132/348 [==========>...................] - ETA: 3s - batch_cost: 0.0169 - reader cost: 1.6479e-04
136/348 [==========>...................] - ETA: 3s - batch_cost: 0.0168 - reader cost: 1.5995e-04
139/348 [==========>...................] - ETA: 3s - batch_cost: 0.0169 - reader cost: 1.5650e-04
143/348 [===========>..................] - ETA: 3s - batch_cost: 0.0168 - reader cost: 1.5212e-04
147/348 [===========>..................] - ETA: 3s - batch_cost: 0.0167 - reader cost: 1.4798e-04
151/348 [============>.................] - ETA: 3s - batch_cost: 0.0167 - reader cost: 1.4406e-04
155/348 [============>.................] - ETA: 3s - batch_cost: 0.0166 - reader cost: 1.4034e-04
159/348 [============>.................] - ETA: 3s - batch_cost: 0.0165 - reader cost: 1.3681e-04
163/348 [=============>................] - ETA: 3s - batch_cost: 0.0165 - reader cost: 1.3345e-04
166/348 [=============>................] - ETA: 3s - batch_cost: 0.0165 - reader cost: 1.3104e-04
170/348 [=============>................] - ETA: 2s - batch_cost: 0.0164 - reader cost: 1.2796e-04
175/348 [==============>...............] - ETA: 2s - batch_cost: 0.0163 - reader cost: 1.2430e-04
179/348 [==============>...............] - ETA: 2s - batch_cost: 0.0163 - reader cost: 1.2152e-04
183/348 [==============>...............] - ETA: 2s - batch_cost: 0.0162 - reader cost: 1.1887e-04
187/348 [===============>..............] - ETA: 2s - batch_cost: 0.0162 - reader cost: 1.1633e-04
191/348 [===============>..............] - ETA: 2s - batch_cost: 0.0161 - reader cost: 1.1389e-04
195/348 [===============>..............] - ETA: 2s - batch_cost: 0.0161 - reader cost: 1.1155e-04
198/348 [================>.............] - ETA: 2s - batch_cost: 0.0161 - reader cost: 1.0986e-04
202/348 [================>.............] - ETA: 2s - batch_cost: 0.0160 - reader cost: 1.0769e-04
206/348 [================>.............] - ETA: 2s - batch_cost: 0.0160 - reader cost: 1.1530e-04
210/348 [=================>............] - ETA: 2s - batch_cost: 0.0159 - reader cost: 1.1310e-04
214/348 [=================>............] - ETA: 2s - batch_cost: 0.0159 - reader cost: 1.1099e-04
218/348 [=================>............] - ETA: 2s - batch_cost: 0.0159 - reader cost: 1.0895e-04
222/348 [==================>...........] - ETA: 2s - batch_cost: 0.0158 - reader cost: 1.0699e-04
226/348 [==================>...........] - ETA: 1s - batch_cost: 0.0157 - reader cost: 1.0509e-04
230/348 [==================>...........] - ETA: 1s - batch_cost: 0.0157 - reader cost: 1.0327e-04
234/348 [===================>..........] - ETA: 1s - batch_cost: 0.0157 - reader cost: 1.0578e-04
238/348 [===================>..........] - ETA: 1s - batch_cost: 0.0156 - reader cost: 1.0400e-04
242/348 [===================>..........] - ETA: 1s - batch_cost: 0.0156 - reader cost: 1.0228e-04
246/348 [====================>.........] - ETA: 1s - batch_cost: 0.0156 - reader cost: 1.0062e-04
250/348 [====================>.........] - ETA: 1s - batch_cost: 0.0155 - reader cost: 9.9006e-05
254/348 [====================>.........] - ETA: 1s - batch_cost: 0.0155 - reader cost: 9.7447e-05
258/348 [=====================>........] - ETA: 1s - batch_cost: 0.0154 - reader cost: 9.5936e-05
262/348 [=====================>........] - ETA: 1s - batch_cost: 0.0154 - reader cost: 9.4471e-05
266/348 [=====================>........] - ETA: 1s - batch_cost: 0.0154 - reader cost: 9.3050e-05
270/348 [======================>.......] - ETA: 1s - batch_cost: 0.0154 - reader cost: 9.1672e-05
274/348 [======================>.......] - ETA: 1s - batch_cost: 0.0153 - reader cost: 9.0334e-05
278/348 [======================>.......] - ETA: 1s - batch_cost: 0.0153 - reader cost: 8.9034e-05
281/348 [=======================>......] - ETA: 1s - batch_cost: 0.0154 - reader cost: 8.8083e-05
284/348 [=======================>......] - ETA: 0s - batch_cost: 0.0154 - reader cost: 8.7153e-05
287/348 [=======================>......] - ETA: 0s - batch_cost: 0.0155 - reader cost: 8.6242e-05
291/348 [========================>.....] - ETA: 0s - batch_cost: 0.0155 - reader cost: 8.5056e-05
294/348 [========================>.....] - ETA: 0s - batch_cost: 0.0155 - reader cost: 8.4189e-05
298/348 [========================>.....] - ETA: 0s - batch_cost: 0.0155 - reader cost: 8.6420e-05
301/348 [========================>.....] - ETA: 0s - batch_cost: 0.0155 - reader cost: 8.5559e-05
304/348 [=========================>....] - ETA: 0s - batch_cost: 0.0156 - reader cost: 8.4715e-05
307/348 [=========================>....] - ETA: 0s - batch_cost: 0.0156 - reader cost: 8.3887e-05
310/348 [=========================>....] - ETA: 0s - batch_cost: 0.0156 - reader cost: 8.6301e-05
314/348 [==========================>...] - ETA: 0s - batch_cost: 0.0156 - reader cost: 8.5202e-05
318/348 [==========================>...] - ETA: 0s - batch_cost: 0.0155 - reader cost: 8.4130e-05
322/348 [==========================>...] - ETA: 0s - batch_cost: 0.0155 - reader cost: 8.6191e-05
326/348 [===========================>..] - ETA: 0s - batch_cost: 0.0155 - reader cost: 8.5133e-05
330/348 [===========================>..] - ETA: 0s - batch_cost: 0.0155 - reader cost: 8.7158e-05
334/348 [===========================>..] - ETA: 0s - batch_cost: 0.0154 - reader cost: 8.6114e-05
338/348 [============================>.] - ETA: 0s - batch_cost: 0.0154 - reader cost: 8.5095e-05
341/348 [============================>.] - ETA: 0s - batch_cost: 0.0155 - reader cost: 8.8750e-05
345/348 [============================>.] - ETA: 0s - batch_cost: 0.0154 - reader cost: 9.0618e-05
348/348 [==============================] - 5s 16ms/step - batch_cost: 0.0154 - reader cost: 8.9837e-05

  1/348 [..............................] - ETA: 8s - batch_cost: 0.0227 - reader cost: 0.0065
  5/348 [..............................] - ETA: 5s - batch_cost: 0.0161 - reader cost: 0.0013
  9/348 [..............................] - ETA: 5s - batch_cost: 0.0146 - reader cost: 7.2479e-04
 13/348 [>.............................] - ETA: 4s - batch_cost: 0.0144 - reader cost: 5.0178e-04
 17/348 [>.............................] - ETA: 4s - batch_cost: 0.0144 - reader cost: 3.8371e-04
 21/348 [>.............................] - ETA: 4s - batch_cost: 0.0143 - reader cost: 3.1063e-04
 25/348 [=>............................] - ETA: 4s - batch_cost: 0.0141 - reader cost: 2.6093e-04
 29/348 [=>............................] - ETA: 4s - batch_cost: 0.0142 - reader cost: 2.2494e-04
 33/348 [=>............................] - ETA: 4s - batch_cost: 0.0142 - reader cost: 2.2799e-04
 37/348 [==>...........................] - ETA: 4s - batch_cost: 0.0142 - reader cost: 2.0335e-04
 41/348 [==>...........................] - ETA: 4s - batch_cost: 0.0143 - reader cost: 2.0899e-04
 45/348 [==>...........................] - ETA: 4s - batch_cost: 0.0142 - reader cost: 1.9042e-04
 49/348 [===>..........................] - ETA: 4s - batch_cost: 0.0141 - reader cost: 1.7487e-04
 53/348 [===>..........................] - ETA: 4s - batch_cost: 0.0140 - reader cost: 1.6167e-04
 57/348 [===>..........................] - ETA: 4s - batch_cost: 0.0140 - reader cost: 1.5033e-04
 61/348 [====>.........................] - ETA: 4s - batch_cost: 0.0140 - reader cost: 1.4047e-04
 64/348 [====>.........................] - ETA: 4s - batch_cost: 0.0143 - reader cost: 1.3389e-04
 67/348 [====>.........................] - ETA: 4s - batch_cost: 0.0144 - reader cost: 1.2789e-04
 71/348 [=====>........................] - ETA: 4s - batch_cost: 0.0145 - reader cost: 1.2069e-04
 75/348 [=====>........................] - ETA: 4s - batch_cost: 0.0145 - reader cost: 1.1425e-04
 79/348 [=====>........................] - ETA: 3s - batch_cost: 0.0144 - reader cost: 1.2112e-04
 83/348 [======>.......................] - ETA: 3s - batch_cost: 0.0144 - reader cost: 1.1528e-04
 87/348 [======>.......................] - ETA: 3s - batch_cost: 0.0144 - reader cost: 1.0998e-04
 91/348 [======>.......................] - ETA: 3s - batch_cost: 0.0144 - reader cost: 1.0515e-04
 95/348 [=======>......................] - ETA: 3s - batch_cost: 0.0144 - reader cost: 1.0072e-04
 99/348 [=======>......................] - ETA: 3s - batch_cost: 0.0143 - reader cost: 9.6651e-05
103/348 [=======>......................] - ETA: 3s - batch_cost: 0.0143 - reader cost: 1.0261e-04
107/348 [========>.....................] - ETA: 3s - batch_cost: 0.0143 - reader cost: 9.8770e-05
111/348 [========>.....................] - ETA: 3s - batch_cost: 0.0142 - reader cost: 9.5211e-05
115/348 [========>.....................] - ETA: 3s - batch_cost: 0.0143 - reader cost: 9.1899e-05
119/348 [=========>....................] - ETA: 3s - batch_cost: 0.0143 - reader cost: 8.8810e-05
123/348 [=========>....................] - ETA: 3s - batch_cost: 0.0143 - reader cost: 8.5922e-05
127/348 [=========>....................] - ETA: 3s - batch_cost: 0.0143 - reader cost: 9.1080e-05
130/348 [==========>...................] - ETA: 3s - batch_cost: 0.0143 - reader cost: 8.8978e-05
134/348 [==========>...................] - ETA: 3s - batch_cost: 0.0143 - reader cost: 8.6322e-05
138/348 [==========>...................] - ETA: 3s - batch_cost: 0.0143 - reader cost: 8.3820e-05
142/348 [===========>..................] - ETA: 2s - batch_cost: 0.0143 - reader cost: 8.1459e-05
146/348 [===========>..................] - ETA: 2s - batch_cost: 0.0143 - reader cost: 7.9227e-05
150/348 [===========>..................] - ETA: 2s - batch_cost: 0.0143 - reader cost: 8.3779e-05
154/348 [============>.................] - ETA: 2s - batch_cost: 0.0143 - reader cost: 8.1603e-05
158/348 [============>.................] - ETA: 2s - batch_cost: 0.0142 - reader cost: 7.9537e-05
162/348 [============>.................] - ETA: 2s - batch_cost: 0.0142 - reader cost: 7.7573e-05
166/348 [=============>................] - ETA: 2s - batch_cost: 0.0142 - reader cost: 7.5704e-05
170/348 [=============>................] - ETA: 2s - batch_cost: 0.0141 - reader cost: 7.3922e-05
174/348 [==============>...............] - ETA: 2s - batch_cost: 0.0141 - reader cost: 7.2223e-05
178/348 [==============>...............] - ETA: 2s - batch_cost: 0.0141 - reader cost: 7.0600e-05
182/348 [==============>...............] - ETA: 2s - batch_cost: 0.0141 - reader cost: 6.9048e-05
186/348 [===============>..............] - ETA: 2s - batch_cost: 0.0140 - reader cost: 6.7563e-05
190/348 [===============>..............] - ETA: 2s - batch_cost: 0.0140 - reader cost: 6.6141e-05
194/348 [===============>..............] - ETA: 2s - batch_cost: 0.0140 - reader cost: 6.4777e-05
198/348 [================>.............] - ETA: 2s - batch_cost: 0.0140 - reader cost: 6.3469e-05
202/348 [================>.............] - ETA: 2s - batch_cost: 0.0139 - reader cost: 6.7179e-05
206/348 [================>.............] - ETA: 2s - batch_cost: 0.0139 - reader cost: 6.5874e-05
210/348 [=================>............] - ETA: 1s - batch_cost: 0.0139 - reader cost: 6.4619e-05
214/348 [=================>............] - ETA: 1s - batch_cost: 0.0139 - reader cost: 6.3412e-05
218/348 [=================>............] - ETA: 1s - batch_cost: 0.0139 - reader cost: 6.2248e-05
222/348 [==================>...........] - ETA: 1s - batch_cost: 0.0139 - reader cost: 6.1126e-05
226/348 [==================>...........] - ETA: 1s - batch_cost: 0.0139 - reader cost: 6.0045e-05
230/348 [==================>...........] - ETA: 1s - batch_cost: 0.0139 - reader cost: 6.5579e-05
234/348 [===================>..........] - ETA: 1s - batch_cost: 0.0139 - reader cost: 6.4458e-05
237/348 [===================>..........] - ETA: 1s - batch_cost: 0.0140 - reader cost: 6.3642e-05
240/348 [===================>..........] - ETA: 1s - batch_cost: 0.0141 - reader cost: 7.1381e-05
243/348 [===================>..........] - ETA: 1s - batch_cost: 0.0142 - reader cost: 7.4612e-05
246/348 [====================>.........] - ETA: 1s - batch_cost: 0.0143 - reader cost: 7.3702e-05
249/348 [====================>.........] - ETA: 1s - batch_cost: 0.0143 - reader cost: 8.0850e-05
253/348 [====================>.........] - ETA: 1s - batch_cost: 0.0143 - reader cost: 7.9571e-05
257/348 [=====================>........] - ETA: 1s - batch_cost: 0.0143 - reader cost: 7.8333e-05
261/348 [=====================>........] - ETA: 1s - batch_cost: 0.0143 - reader cost: 7.7133e-05
265/348 [=====================>........] - ETA: 1s - batch_cost: 0.0143 - reader cost: 7.5968e-05
269/348 [======================>.......] - ETA: 1s - batch_cost: 0.0142 - reader cost: 7.4839e-05
273/348 [======================>.......] - ETA: 1s - batch_cost: 0.0142 - reader cost: 7.3742e-05
277/348 [======================>.......] - ETA: 1s - batch_cost: 0.0142 - reader cost: 7.2677e-05
281/348 [=======================>......] - ETA: 0s - batch_cost: 0.0142 - reader cost: 7.5245e-05
285/348 [=======================>......] - ETA: 0s - batch_cost: 0.0142 - reader cost: 7.4189e-05
289/348 [=======================>......] - ETA: 0s - batch_cost: 0.0142 - reader cost: 7.3162e-05
293/348 [========================>.....] - ETA: 0s - batch_cost: 0.0142 - reader cost: 7.2164e-05
297/348 [========================>.....] - ETA: 0s - batch_cost: 0.0141 - reader cost: 7.1192e-05
301/348 [========================>.....] - ETA: 0s - batch_cost: 0.0142 - reader cost: 7.0246e-05
305/348 [=========================>....] - ETA: 0s - batch_cost: 0.0142 - reader cost: 7.4251e-05
309/348 [=========================>....] - ETA: 0s - batch_cost: 0.0142 - reader cost: 7.3289e-05
313/348 [=========================>....] - ETA: 0s - batch_cost: 0.0142 - reader cost: 7.2353e-05
317/348 [==========================>...] - ETA: 0s - batch_cost: 0.0142 - reader cost: 7.1440e-05
321/348 [==========================>...] - ETA: 0s - batch_cost: 0.0142 - reader cost: 7.0550e-05
325/348 [===========================>..] - ETA: 0s - batch_cost: 0.0141 - reader cost: 7.2762e-05
329/348 [===========================>..] - ETA: 0s - batch_cost: 0.0141 - reader cost: 7.1877e-05
333/348 [===========================>..] - ETA: 0s - batch_cost: 0.0141 - reader cost: 7.1014e-05
337/348 [============================>.] - ETA: 0s - batch_cost: 0.0141 - reader cost: 7.0171e-05
340/348 [============================>.] - ETA: 0s - batch_cost: 0.0141 - reader cost: 6.9552e-05
344/348 [============================>.] - ETA: 0s - batch_cost: 0.0141 - reader cost: 6.8743e-05
348/348 [==============================] - 5s 14ms/step - batch_cost: 0.0141 - reader cost: 6.7953e-05

  1/348 [..............................] - ETA: 14s - batch_cost: 0.0415 - reader cost: 0.0127
  3/348 [..............................] - ETA: 11s - batch_cost: 0.0336 - reader cost: 0.0046
  5/348 [..............................] - ETA: 11s - batch_cost: 0.0322 - reader cost: 0.0027
  7/348 [..............................] - ETA: 10s - batch_cost: 0.0313 - reader cost: 0.0020
 10/348 [..............................] - ETA: 9s - batch_cost: 0.0285 - reader cost: 0.0014 
 13/348 [>.............................] - ETA: 9s - batch_cost: 0.0267 - reader cost: 0.0011
 15/348 [>.............................] - ETA: 9s - batch_cost: 0.0275 - reader cost: 9.1623e-04
 17/348 [>.............................] - ETA: 9s - batch_cost: 0.0288 - reader cost: 8.0844e-04
 19/348 [>.............................] - ETA: 9s - batch_cost: 0.0292 - reader cost: 7.2334e-04
 20/348 [>.............................] - ETA: 10s - batch_cost: 0.0310 - reader cost: 7.3723e-04
 22/348 [>.............................] - ETA: 10s - batch_cost: 0.0313 - reader cost: 6.7021e-04
 24/348 [=>............................] - ETA: 10s - batch_cost: 0.0308 - reader cost: 6.5605e-04
 26/348 [=>............................] - ETA: 10s - batch_cost: 0.0309 - reader cost: 6.0558e-04
 28/348 [=>............................] - ETA: 9s - batch_cost: 0.0304 - reader cost: 5.6233e-04 
 32/348 [=>............................] - ETA: 9s - batch_cost: 0.0285 - reader cost: 4.9204e-04
 36/348 [==>...........................] - ETA: 8s - batch_cost: 0.0272 - reader cost: 4.3737e-04
 39/348 [==>...........................] - ETA: 8s - batch_cost: 0.0265 - reader cost: 4.0372e-04
 43/348 [==>...........................] - ETA: 7s - batch_cost: 0.0255 - reader cost: 3.6617e-04
 47/348 [===>..........................] - ETA: 7s - batch_cost: 0.0246 - reader cost: 3.3500e-04
 51/348 [===>..........................] - ETA: 7s - batch_cost: 0.0239 - reader cost: 3.0873e-04
 55/348 [===>..........................] - ETA: 6s - batch_cost: 0.0232 - reader cost: 2.9572e-04
 58/348 [====>.........................] - ETA: 6s - batch_cost: 0.0229 - reader cost: 2.8042e-04
 62/348 [====>.........................] - ETA: 6s - batch_cost: 0.0224 - reader cost: 2.6233e-04
 66/348 [====>.........................] - ETA: 6s - batch_cost: 0.0219 - reader cost: 2.4643e-04
 70/348 [=====>........................] - ETA: 6s - batch_cost: 0.0215 - reader cost: 2.4763e-04
 73/348 [=====>........................] - ETA: 5s - batch_cost: 0.0213 - reader cost: 2.3746e-04
 77/348 [=====>........................] - ETA: 5s - batch_cost: 0.0210 - reader cost: 2.2512e-04
 81/348 [=====>........................] - ETA: 5s - batch_cost: 0.0208 - reader cost: 2.2635e-04
 85/348 [======>.......................] - ETA: 5s - batch_cost: 0.0205 - reader cost: 2.1570e-04
 89/348 [======>.......................] - ETA: 5s - batch_cost: 0.0202 - reader cost: 2.0600e-04
 93/348 [=======>......................] - ETA: 5s - batch_cost: 0.0200 - reader cost: 1.9714e-04
 97/348 [=======>......................] - ETA: 5s - batch_cost: 0.0199 - reader cost: 1.8901e-04
101/348 [=======>......................] - ETA: 4s - batch_cost: 0.0197 - reader cost: 1.8153e-04
104/348 [=======>......................] - ETA: 4s - batch_cost: 0.0196 - reader cost: 1.7629e-04
108/348 [========>.....................] - ETA: 4s - batch_cost: 0.0194 - reader cost: 1.6976e-04
112/348 [========>.....................] - ETA: 4s - batch_cost: 0.0193 - reader cost: 1.7263e-04
116/348 [=========>....................] - ETA: 4s - batch_cost: 0.0191 - reader cost: 1.6667e-04
120/348 [=========>....................] - ETA: 4s - batch_cost: 0.0190 - reader cost: 1.6112e-04
124/348 [=========>....................] - ETA: 4s - batch_cost: 0.0188 - reader cost: 1.5592e-04
127/348 [=========>....................] - ETA: 4s - batch_cost: 0.0188 - reader cost: 1.5224e-04
131/348 [==========>...................] - ETA: 4s - batch_cost: 0.0187 - reader cost: 1.4759e-04
135/348 [==========>...................] - ETA: 4s - batch_cost: 0.0186 - reader cost: 1.4322e-04
139/348 [==========>...................] - ETA: 3s - batch_cost: 0.0185 - reader cost: 1.3909e-04
143/348 [===========>..................] - ETA: 3s - batch_cost: 0.0184 - reader cost: 1.3520e-04
147/348 [===========>..................] - ETA: 3s - batch_cost: 0.0183 - reader cost: 1.3832e-04
151/348 [============>.................] - ETA: 3s - batch_cost: 0.0182 - reader cost: 1.3466e-04
155/348 [============>.................] - ETA: 3s - batch_cost: 0.0182 - reader cost: 1.3119e-04
159/348 [============>.................] - ETA: 3s - batch_cost: 0.0181 - reader cost: 1.2789e-04
163/348 [=============>................] - ETA: 3s - batch_cost: 0.0180 - reader cost: 1.3088e-04
167/348 [=============>................] - ETA: 3s - batch_cost: 0.0180 - reader cost: 1.2775e-04
171/348 [=============>................] - ETA: 3s - batch_cost: 0.0179 - reader cost: 1.2476e-04
175/348 [==============>...............] - ETA: 3s - batch_cost: 0.0178 - reader cost: 1.2191e-04
179/348 [==============>...............] - ETA: 3s - batch_cost: 0.0178 - reader cost: 1.1919e-04
183/348 [==============>...............] - ETA: 2s - batch_cost: 0.0177 - reader cost: 1.2204e-04
186/348 [===============>..............] - ETA: 2s - batch_cost: 0.0177 - reader cost: 1.2007e-04
190/348 [===============>..............] - ETA: 2s - batch_cost: 0.0177 - reader cost: 1.1754e-04
193/348 [===============>..............] - ETA: 2s - batch_cost: 0.0177 - reader cost: 1.1571e-04
196/348 [===============>..............] - ETA: 2s - batch_cost: 0.0176 - reader cost: 1.1394e-04
200/348 [================>.............] - ETA: 2s - batch_cost: 0.0176 - reader cost: 1.1166e-04
204/348 [================>.............] - ETA: 2s - batch_cost: 0.0176 - reader cost: 1.0948e-04
208/348 [================>.............] - ETA: 2s - batch_cost: 0.0175 - reader cost: 1.0737e-04
212/348 [=================>............] - ETA: 2s - batch_cost: 0.0175 - reader cost: 1.0534e-04
216/348 [=================>............] - ETA: 2s - batch_cost: 0.0175 - reader cost: 1.0339e-04
220/348 [=================>............] - ETA: 2s - batch_cost: 0.0174 - reader cost: 1.0151e-04
224/348 [==================>...........] - ETA: 2s - batch_cost: 0.0174 - reader cost: 9.9700e-05
227/348 [==================>...........] - ETA: 2s - batch_cost: 0.0174 - reader cost: 9.8383e-05
231/348 [==================>...........] - ETA: 2s - batch_cost: 0.0173 - reader cost: 9.6679e-05
235/348 [===================>..........] - ETA: 1s - batch_cost: 0.0173 - reader cost: 9.5034e-05
239/348 [===================>..........] - ETA: 1s - batch_cost: 0.0173 - reader cost: 9.9733e-05
243/348 [===================>..........] - ETA: 1s - batch_cost: 0.0172 - reader cost: 9.8091e-05
247/348 [====================>.........] - ETA: 1s - batch_cost: 0.0172 - reader cost: 1.0055e-04
251/348 [====================>.........] - ETA: 1s - batch_cost: 0.0172 - reader cost: 9.8951e-05
255/348 [====================>.........] - ETA: 1s - batch_cost: 0.0171 - reader cost: 9.7399e-05
259/348 [=====================>........] - ETA: 1s - batch_cost: 0.0171 - reader cost: 9.5895e-05
263/348 [=====================>........] - ETA: 1s - batch_cost: 0.0171 - reader cost: 9.4436e-05
267/348 [======================>.......] - ETA: 1s - batch_cost: 0.0170 - reader cost: 9.3022e-05
271/348 [======================>.......] - ETA: 1s - batch_cost: 0.0170 - reader cost: 9.1649e-05
275/348 [======================>.......] - ETA: 1s - batch_cost: 0.0170 - reader cost: 9.3951e-05
279/348 [=======================>......] - ETA: 1s - batch_cost: 0.0170 - reader cost: 9.2604e-05
283/348 [=======================>......] - ETA: 1s - batch_cost: 0.0169 - reader cost: 9.1295e-05
286/348 [=======================>......] - ETA: 1s - batch_cost: 0.0170 - reader cost: 9.2136e-05
289/348 [=======================>......] - ETA: 1s - batch_cost: 0.0170 - reader cost: 9.4640e-05
292/348 [========================>.....] - ETA: 0s - batch_cost: 0.0171 - reader cost: 9.3667e-05
295/348 [========================>.....] - ETA: 0s - batch_cost: 0.0171 - reader cost: 9.2715e-05
298/348 [========================>.....] - ETA: 0s - batch_cost: 0.0171 - reader cost: 9.1782e-05
301/348 [========================>.....] - ETA: 0s - batch_cost: 0.0171 - reader cost: 9.0867e-05
305/348 [=========================>....] - ETA: 0s - batch_cost: 0.0171 - reader cost: 8.9675e-05
309/348 [=========================>....] - ETA: 0s - batch_cost: 0.0171 - reader cost: 8.8514e-05
312/348 [=========================>....] - ETA: 0s - batch_cost: 0.0171 - reader cost: 8.7663e-05
315/348 [==========================>...] - ETA: 0s - batch_cost: 0.0171 - reader cost: 8.6828e-05
319/348 [==========================>...] - ETA: 0s - batch_cost: 0.0171 - reader cost: 8.8875e-05
323/348 [==========================>...] - ETA: 0s - batch_cost: 0.0170 - reader cost: 8.7774e-05
327/348 [===========================>..] - ETA: 0s - batch_cost: 0.0170 - reader cost: 8.6701e-05
330/348 [===========================>..] - ETA: 0s - batch_cost: 0.0170 - reader cost: 8.5912e-05
333/348 [===========================>..] - ETA: 0s - batch_cost: 0.0170 - reader cost: 8.5138e-05
337/348 [============================>.] - ETA: 0s - batch_cost: 0.0170 - reader cost: 8.4128e-05
340/348 [============================>.] - ETA: 0s - batch_cost: 0.0170 - reader cost: 8.3385e-05
344/348 [============================>.] - ETA: 0s - batch_cost: 0.0170 - reader cost: 8.2416e-05
348/348 [==============================] - 6s 17ms/step - batch_cost: 0.0169 - reader cost: 8.1469e-05

  1/348 [..............................] - ETA: 9s - batch_cost: 0.0277 - reader cost: 0.0072
  4/348 [..............................] - ETA: 7s - batch_cost: 0.0210 - reader cost: 0.0018
  8/348 [..............................] - ETA: 6s - batch_cost: 0.0185 - reader cost: 9.0462e-04
 12/348 [>.............................] - ETA: 5s - batch_cost: 0.0174 - reader cost: 6.0308e-04
 16/348 [>.............................] - ETA: 5s - batch_cost: 0.0169 - reader cost: 4.5231e-04
 20/348 [>.............................] - ETA: 5s - batch_cost: 0.0166 - reader cost: 3.6185e-04
 24/348 [=>............................] - ETA: 5s - batch_cost: 0.0164 - reader cost: 3.0154e-04
 27/348 [=>............................] - ETA: 5s - batch_cost: 0.0164 - reader cost: 2.6804e-04
 30/348 [=>............................] - ETA: 5s - batch_cost: 0.0166 - reader cost: 2.4123e-04
 34/348 [=>............................] - ETA: 5s - batch_cost: 0.0165 - reader cost: 2.1285e-04
 38/348 [==>...........................] - ETA: 5s - batch_cost: 0.0164 - reader cost: 1.9045e-04
 42/348 [==>...........................] - ETA: 5s - batch_cost: 0.0161 - reader cost: 1.7231e-04
 46/348 [==>...........................] - ETA: 4s - batch_cost: 0.0161 - reader cost: 1.7905e-04
 50/348 [===>..........................] - ETA: 4s - batch_cost: 0.0160 - reader cost: 1.6473e-04
 53/348 [===>..........................] - ETA: 4s - batch_cost: 0.0160 - reader cost: 1.5540e-04
 57/348 [===>..........................] - ETA: 4s - batch_cost: 0.0160 - reader cost: 1.4450e-04
 61/348 [====>.........................] - ETA: 4s - batch_cost: 0.0160 - reader cost: 1.3502e-04
 65/348 [====>.........................] - ETA: 4s - batch_cost: 0.0160 - reader cost: 1.2671e-04
 69/348 [====>.........................] - ETA: 4s - batch_cost: 0.0159 - reader cost: 1.1937e-04
 73/348 [=====>........................] - ETA: 4s - batch_cost: 0.0159 - reader cost: 1.1283e-04
 76/348 [=====>........................] - ETA: 4s - batch_cost: 0.0160 - reader cost: 1.0837e-04
 80/348 [=====>........................] - ETA: 4s - batch_cost: 0.0159 - reader cost: 1.0296e-04
 84/348 [======>.......................] - ETA: 4s - batch_cost: 0.0160 - reader cost: 9.8052e-05
 88/348 [======>.......................] - ETA: 4s - batch_cost: 0.0159 - reader cost: 9.3596e-05
 92/348 [======>.......................] - ETA: 4s - batch_cost: 0.0159 - reader cost: 8.9526e-05
 96/348 [=======>......................] - ETA: 4s - batch_cost: 0.0159 - reader cost: 8.5796e-05
100/348 [=======>......................] - ETA: 3s - batch_cost: 0.0159 - reader cost: 8.2364e-05
104/348 [=======>......................] - ETA: 3s - batch_cost: 0.0159 - reader cost: 7.9196e-05
108/348 [========>.....................] - ETA: 3s - batch_cost: 0.0159 - reader cost: 8.5519e-05
112/348 [========>.....................] - ETA: 3s - batch_cost: 0.0158 - reader cost: 8.2465e-05
116/348 [=========>....................] - ETA: 3s - batch_cost: 0.0158 - reader cost: 7.9622e-05
120/348 [=========>....................] - ETA: 3s - batch_cost: 0.0158 - reader cost: 7.6967e-05
123/348 [=========>....................] - ETA: 3s - batch_cost: 0.0159 - reader cost: 7.5090e-05
127/348 [=========>....................] - ETA: 3s - batch_cost: 0.0159 - reader cost: 7.2725e-05
130/348 [==========>...................] - ETA: 3s - batch_cost: 0.0159 - reader cost: 7.1047e-05
134/348 [==========>...................] - ETA: 3s - batch_cost: 0.0159 - reader cost: 6.8926e-05
137/348 [==========>...................] - ETA: 3s - batch_cost: 0.0159 - reader cost: 6.7417e-05
140/348 [===========>..................] - ETA: 3s - batch_cost: 0.0159 - reader cost: 6.5972e-05
144/348 [===========>..................] - ETA: 3s - batch_cost: 0.0159 - reader cost: 6.4140e-05
148/348 [===========>..................] - ETA: 3s - batch_cost: 0.0158 - reader cost: 6.2406e-05
152/348 [============>.................] - ETA: 3s - batch_cost: 0.0159 - reader cost: 6.0764e-05
155/348 [============>.................] - ETA: 3s - batch_cost: 0.0160 - reader cost: 7.2505e-05
158/348 [============>.................] - ETA: 3s - batch_cost: 0.0160 - reader cost: 7.1129e-05
162/348 [============>.................] - ETA: 3s - batch_cost: 0.0160 - reader cost: 6.9372e-05
165/348 [=============>................] - ETA: 2s - batch_cost: 0.0160 - reader cost: 6.8111e-05
168/348 [=============>................] - ETA: 2s - batch_cost: 0.0161 - reader cost: 6.6895e-05
172/348 [=============>................] - ETA: 2s - batch_cost: 0.0161 - reader cost: 7.1164e-05
176/348 [==============>...............] - ETA: 2s - batch_cost: 0.0161 - reader cost: 6.9546e-05
180/348 [==============>...............] - ETA: 2s - batch_cost: 0.0160 - reader cost: 6.8001e-05
183/348 [==============>...............] - ETA: 2s - batch_cost: 0.0161 - reader cost: 6.9786e-05
186/348 [===============>..............] - ETA: 2s - batch_cost: 0.0161 - reader cost: 6.8661e-05
190/348 [===============>..............] - ETA: 2s - batch_cost: 0.0161 - reader cost: 6.7215e-05
194/348 [===============>..............] - ETA: 2s - batch_cost: 0.0161 - reader cost: 6.5829e-05
198/348 [================>.............] - ETA: 2s - batch_cost: 0.0160 - reader cost: 6.4499e-05
201/348 [================>.............] - ETA: 2s - batch_cost: 0.0160 - reader cost: 6.3537e-05
205/348 [================>.............] - ETA: 2s - batch_cost: 0.0160 - reader cost: 6.2297e-05
208/348 [================>.............] - ETA: 2s - batch_cost: 0.0161 - reader cost: 6.1399e-05
211/348 [=================>............] - ETA: 2s - batch_cost: 0.0162 - reader cost: 6.2992e-05
214/348 [=================>............] - ETA: 2s - batch_cost: 0.0162 - reader cost: 6.2109e-05
217/348 [=================>............] - ETA: 2s - batch_cost: 0.0162 - reader cost: 6.1251e-05
220/348 [=================>............] - ETA: 2s - batch_cost: 0.0162 - reader cost: 6.0415e-05
224/348 [==================>...........] - ETA: 2s - batch_cost: 0.0162 - reader cost: 5.9336e-05
228/348 [==================>...........] - ETA: 1s - batch_cost: 0.0162 - reader cost: 6.2679e-05
231/348 [==================>...........] - ETA: 1s - batch_cost: 0.0162 - reader cost: 6.1865e-05
235/348 [===================>..........] - ETA: 1s - batch_cost: 0.0162 - reader cost: 6.0812e-05
239/348 [===================>..........] - ETA: 1s - batch_cost: 0.0162 - reader cost: 6.1899e-05
243/348 [===================>..........] - ETA: 1s - batch_cost: 0.0162 - reader cost: 6.0880e-05
247/348 [====================>.........] - ETA: 1s - batch_cost: 0.0161 - reader cost: 5.9894e-05
250/348 [====================>.........] - ETA: 1s - batch_cost: 0.0162 - reader cost: 5.9175e-05
254/348 [====================>.........] - ETA: 1s - batch_cost: 0.0161 - reader cost: 6.2180e-05
258/348 [=====================>........] - ETA: 1s - batch_cost: 0.0161 - reader cost: 6.1216e-05
261/348 [=====================>........] - ETA: 1s - batch_cost: 0.0161 - reader cost: 6.0513e-05
264/348 [=====================>........] - ETA: 1s - batch_cost: 0.0162 - reader cost: 6.3606e-05
268/348 [======================>.......] - ETA: 1s - batch_cost: 0.0162 - reader cost: 6.2657e-05
272/348 [======================>.......] - ETA: 1s - batch_cost: 0.0161 - reader cost: 6.1736e-05
276/348 [======================>.......] - ETA: 1s - batch_cost: 0.0161 - reader cost: 6.4464e-05
279/348 [=======================>......] - ETA: 1s - batch_cost: 0.0162 - reader cost: 6.3771e-05
282/348 [=======================>......] - ETA: 1s - batch_cost: 0.0162 - reader cost: 6.3092e-05
285/348 [=======================>......] - ETA: 1s - batch_cost: 0.0162 - reader cost: 6.2428e-05
289/348 [=======================>......] - ETA: 0s - batch_cost: 0.0162 - reader cost: 6.1564e-05
293/348 [========================>.....] - ETA: 0s - batch_cost: 0.0162 - reader cost: 6.0724e-05
297/348 [========================>.....] - ETA: 0s - batch_cost: 0.0162 - reader cost: 5.9906e-05
301/348 [========================>.....] - ETA: 0s - batch_cost: 0.0162 - reader cost: 5.9110e-05
305/348 [=========================>....] - ETA: 0s - batch_cost: 0.0162 - reader cost: 6.1612e-05
309/348 [=========================>....] - ETA: 0s - batch_cost: 0.0161 - reader cost: 6.4054e-05
313/348 [=========================>....] - ETA: 0s - batch_cost: 0.0161 - reader cost: 6.3235e-05
317/348 [==========================>...] - ETA: 0s - batch_cost: 0.0161 - reader cost: 6.2437e-05
320/348 [==========================>...] - ETA: 0s - batch_cost: 0.0161 - reader cost: 6.1852e-05
323/348 [==========================>...] - ETA: 0s - batch_cost: 0.0162 - reader cost: 6.1277e-05
327/348 [===========================>..] - ETA: 0s - batch_cost: 0.0161 - reader cost: 6.0528e-05
331/348 [===========================>..] - ETA: 0s - batch_cost: 0.0161 - reader cost: 6.2828e-05
334/348 [===========================>..] - ETA: 0s - batch_cost: 0.0162 - reader cost: 6.3771e-05
338/348 [============================>.] - ETA: 0s - batch_cost: 0.0162 - reader cost: 6.3017e-05
342/348 [============================>.] - ETA: 0s - batch_cost: 0.0162 - reader cost: 6.2280e-05
347/348 [============================>.] - ETA: 0s - batch_cost: 0.0161 - reader cost: 6.1382e-05
348/348 [==============================] - 6s 16ms/step - batch_cost: 0.0161 - reader cost: 6.1206e-05

  1/348 [..............................] - ETA: 9s - batch_cost: 0.0278 - reader cost: 0.0090
  4/348 [..............................] - ETA: 7s - batch_cost: 0.0220 - reader cost: 0.0023
  7/348 [..............................] - ETA: 7s - batch_cost: 0.0214 - reader cost: 0.0013
 10/348 [..............................] - ETA: 7s - batch_cost: 0.0211 - reader cost: 9.0127e-04
 13/348 [>.............................] - ETA: 6s - batch_cost: 0.0203 - reader cost: 6.9328e-04
 16/348 [>.............................] - ETA: 6s - batch_cost: 0.0201 - reader cost: 5.6329e-04
 19/348 [>.............................] - ETA: 6s - batch_cost: 0.0197 - reader cost: 4.7435e-04
 22/348 [>.............................] - ETA: 6s - batch_cost: 0.0198 - reader cost: 4.0967e-04
 25/348 [=>............................] - ETA: 6s - batch_cost: 0.0196 - reader cost: 3.6051e-04
 28/348 [=>............................] - ETA: 6s - batch_cost: 0.0195 - reader cost: 3.2188e-04
 31/348 [=>............................] - ETA: 6s - batch_cost: 0.0195 - reader cost: 2.9073e-04
 34/348 [=>............................] - ETA: 6s - batch_cost: 0.0196 - reader cost: 2.6508e-04
 37/348 [==>...........................] - ETA: 6s - batch_cost: 0.0195 - reader cost: 2.4359e-04
 40/348 [==>...........................] - ETA: 6s - batch_cost: 0.0194 - reader cost: 2.2532e-04
 44/348 [==>...........................] - ETA: 5s - batch_cost: 0.0189 - reader cost: 2.0483e-04
 47/348 [===>..........................] - ETA: 5s - batch_cost: 0.0187 - reader cost: 1.9176e-04
 51/348 [===>..........................] - ETA: 5s - batch_cost: 0.0183 - reader cost: 1.7672e-04
 55/348 [===>..........................] - ETA: 5s - batch_cost: 0.0179 - reader cost: 1.6387e-04
 59/348 [====>.........................] - ETA: 5s - batch_cost: 0.0177 - reader cost: 1.6971e-04
 63/348 [====>.........................] - ETA: 5s - batch_cost: 0.0174 - reader cost: 1.5893e-04
 67/348 [====>.........................] - ETA: 4s - batch_cost: 0.0172 - reader cost: 1.4945e-04
 70/348 [=====>........................] - ETA: 4s - batch_cost: 0.0173 - reader cost: 1.5121e-04
 74/348 [=====>........................] - ETA: 4s - batch_cost: 0.0172 - reader cost: 1.7006e-04
 78/348 [=====>........................] - ETA: 4s - batch_cost: 0.0170 - reader cost: 1.6134e-04
 82/348 [======>.......................] - ETA: 4s - batch_cost: 0.0169 - reader cost: 1.6566e-04
 86/348 [======>.......................] - ETA: 4s - batch_cost: 0.0167 - reader cost: 1.5796e-04
 90/348 [======>.......................] - ETA: 4s - batch_cost: 0.0166 - reader cost: 1.5094e-04
 94/348 [=======>......................] - ETA: 4s - batch_cost: 0.0165 - reader cost: 1.4451e-04
 98/348 [=======>......................] - ETA: 4s - batch_cost: 0.0164 - reader cost: 1.3862e-04
101/348 [=======>......................] - ETA: 4s - batch_cost: 0.0164 - reader cost: 1.3450e-04
105/348 [========>.....................] - ETA: 4s - batch_cost: 0.0163 - reader cost: 1.3895e-04
109/348 [========>.....................] - ETA: 3s - batch_cost: 0.0162 - reader cost: 1.3385e-04
113/348 [========>.....................] - ETA: 3s - batch_cost: 0.0161 - reader cost: 1.2911e-04
117/348 [=========>....................] - ETA: 3s - batch_cost: 0.0160 - reader cost: 1.2470e-04
121/348 [=========>....................] - ETA: 3s - batch_cost: 0.0160 - reader cost: 1.3308e-04
125/348 [=========>....................] - ETA: 3s - batch_cost: 0.0159 - reader cost: 1.2882e-04
129/348 [==========>...................] - ETA: 3s - batch_cost: 0.0159 - reader cost: 1.2482e-04
133/348 [==========>...................] - ETA: 3s - batch_cost: 0.0159 - reader cost: 1.2107e-04
137/348 [==========>...................] - ETA: 3s - batch_cost: 0.0158 - reader cost: 1.2247e-04
141/348 [===========>..................] - ETA: 3s - batch_cost: 0.0157 - reader cost: 1.2609e-04
145/348 [===========>..................] - ETA: 3s - batch_cost: 0.0158 - reader cost: 1.2261e-04
149/348 [===========>..................] - ETA: 3s - batch_cost: 0.0157 - reader cost: 1.1932e-04
153/348 [============>.................] - ETA: 3s - batch_cost: 0.0157 - reader cost: 1.2274e-04
157/348 [============>.................] - ETA: 3s - batch_cost: 0.0157 - reader cost: 1.1961e-04
161/348 [============>.................] - ETA: 2s - batch_cost: 0.0156 - reader cost: 1.1664e-04
165/348 [=============>................] - ETA: 2s - batch_cost: 0.0156 - reader cost: 1.1381e-04
169/348 [=============>................] - ETA: 2s - batch_cost: 0.0155 - reader cost: 1.1112e-04
173/348 [=============>................] - ETA: 2s - batch_cost: 0.0155 - reader cost: 1.0855e-04
177/348 [==============>...............] - ETA: 2s - batch_cost: 0.0155 - reader cost: 1.0609e-04
181/348 [==============>...............] - ETA: 2s - batch_cost: 0.0155 - reader cost: 1.0375e-04
185/348 [==============>...............] - ETA: 2s - batch_cost: 0.0154 - reader cost: 1.0151e-04
189/348 [===============>..............] - ETA: 2s - batch_cost: 0.0154 - reader cost: 9.9359e-05
193/348 [===============>..............] - ETA: 2s - batch_cost: 0.0154 - reader cost: 9.7299e-05
197/348 [===============>..............] - ETA: 2s - batch_cost: 0.0154 - reader cost: 1.0041e-04
201/348 [================>.............] - ETA: 2s - batch_cost: 0.0153 - reader cost: 9.8415e-05
205/348 [================>.............] - ETA: 2s - batch_cost: 0.0153 - reader cost: 9.6494e-05
209/348 [=================>............] - ETA: 2s - batch_cost: 0.0153 - reader cost: 9.4648e-05
213/348 [=================>............] - ETA: 2s - batch_cost: 0.0153 - reader cost: 9.2870e-05
217/348 [=================>............] - ETA: 2s - batch_cost: 0.0153 - reader cost: 9.5800e-05
221/348 [==================>...........] - ETA: 1s - batch_cost: 0.0153 - reader cost: 9.4066e-05
225/348 [==================>...........] - ETA: 1s - batch_cost: 0.0152 - reader cost: 9.2394e-05
229/348 [==================>...........] - ETA: 1s - batch_cost: 0.0152 - reader cost: 9.0780e-05
233/348 [===================>..........] - ETA: 1s - batch_cost: 0.0152 - reader cost: 8.9222e-05
237/348 [===================>..........] - ETA: 1s - batch_cost: 0.0152 - reader cost: 8.7716e-05
240/348 [===================>..........] - ETA: 1s - batch_cost: 0.0152 - reader cost: 9.0927e-05
244/348 [====================>.........] - ETA: 1s - batch_cost: 0.0152 - reader cost: 8.9436e-05
248/348 [====================>.........] - ETA: 1s - batch_cost: 0.0152 - reader cost: 8.7994e-05
252/348 [====================>.........] - ETA: 1s - batch_cost: 0.0152 - reader cost: 8.6597e-05
256/348 [=====================>........] - ETA: 1s - batch_cost: 0.0152 - reader cost: 8.5244e-05
260/348 [=====================>........] - ETA: 1s - batch_cost: 0.0152 - reader cost: 8.3933e-05
263/348 [=====================>........] - ETA: 1s - batch_cost: 0.0152 - reader cost: 8.2975e-05
267/348 [======================>.......] - ETA: 1s - batch_cost: 0.0152 - reader cost: 8.1732e-05
271/348 [======================>.......] - ETA: 1s - batch_cost: 0.0152 - reader cost: 8.0526e-05
275/348 [======================>.......] - ETA: 1s - batch_cost: 0.0152 - reader cost: 7.9354e-05
279/348 [=======================>......] - ETA: 1s - batch_cost: 0.0152 - reader cost: 7.8217e-05
283/348 [=======================>......] - ETA: 0s - batch_cost: 0.0152 - reader cost: 7.7111e-05
287/348 [=======================>......] - ETA: 0s - batch_cost: 0.0152 - reader cost: 7.6036e-05
291/348 [========================>.....] - ETA: 0s - batch_cost: 0.0151 - reader cost: 7.4991e-05
295/348 [========================>.....] - ETA: 0s - batch_cost: 0.0151 - reader cost: 7.7366e-05
299/348 [========================>.....] - ETA: 0s - batch_cost: 0.0151 - reader cost: 7.6331e-05
303/348 [=========================>....] - ETA: 0s - batch_cost: 0.0151 - reader cost: 7.5323e-05
307/348 [=========================>....] - ETA: 0s - batch_cost: 0.0151 - reader cost: 7.4342e-05
311/348 [=========================>....] - ETA: 0s - batch_cost: 0.0151 - reader cost: 7.3385e-05
315/348 [==========================>...] - ETA: 0s - batch_cost: 0.0151 - reader cost: 7.2454e-05
319/348 [==========================>...] - ETA: 0s - batch_cost: 0.0150 - reader cost: 7.1545e-05
323/348 [==========================>...] - ETA: 0s - batch_cost: 0.0151 - reader cost: 7.0659e-05
327/348 [===========================>..] - ETA: 0s - batch_cost: 0.0150 - reader cost: 6.9795e-05
331/348 [===========================>..] - ETA: 0s - batch_cost: 0.0150 - reader cost: 6.8951e-05
335/348 [===========================>..] - ETA: 0s - batch_cost: 0.0150 - reader cost: 6.8128e-05
339/348 [============================>.] - ETA: 0s - batch_cost: 0.0150 - reader cost: 6.7324e-05
343/348 [============================>.] - ETA: 0s - batch_cost: 0.0150 - reader cost: 6.6539e-05
347/348 [============================>.] - ETA: 0s - batch_cost: 0.0150 - reader cost: 6.5772e-05
348/348 [==============================] - 5s 15ms/step - batch_cost: 0.0150 - reader cost: 6.5583e-05

  1/348 [..............................] - ETA: 8s - batch_cost: 0.0253 - reader cost: 0.0075
  5/348 [..............................] - ETA: 5s - batch_cost: 0.0169 - reader cost: 0.0015
  9/348 [..............................] - ETA: 5s - batch_cost: 0.0158 - reader cost: 8.3409e-04
 13/348 [>.............................] - ETA: 5s - batch_cost: 0.0160 - reader cost: 5.7745e-04
 17/348 [>.............................] - ETA: 5s - batch_cost: 0.0160 - reader cost: 4.4158e-04
 21/348 [>.............................] - ETA: 5s - batch_cost: 0.0157 - reader cost: 3.5747e-04
 25/348 [=>............................] - ETA: 4s - batch_cost: 0.0153 - reader cost: 3.0027e-04
 29/348 [=>............................] - ETA: 4s - batch_cost: 0.0152 - reader cost: 2.5886e-04
 33/348 [=>............................] - ETA: 4s - batch_cost: 0.0151 - reader cost: 2.2748e-04
 37/348 [==>...........................] - ETA: 4s - batch_cost: 0.0150 - reader cost: 2.0289e-04
 41/348 [==>...........................] - ETA: 4s - batch_cost: 0.0150 - reader cost: 1.8309e-04
 45/348 [==>...........................] - ETA: 4s - batch_cost: 0.0151 - reader cost: 1.6682e-04
 49/348 [===>..........................] - ETA: 4s - batch_cost: 0.0152 - reader cost: 1.5320e-04
 53/348 [===>..........................] - ETA: 4s - batch_cost: 0.0151 - reader cost: 1.4164e-04
 57/348 [===>..........................] - ETA: 4s - batch_cost: 0.0152 - reader cost: 1.3170e-04
 61/348 [====>.........................] - ETA: 4s - batch_cost: 0.0152 - reader cost: 1.2306e-04
 65/348 [====>.........................] - ETA: 4s - batch_cost: 0.0151 - reader cost: 1.1549e-04
 69/348 [====>.........................] - ETA: 4s - batch_cost: 0.0151 - reader cost: 1.0879e-04
 73/348 [=====>........................] - ETA: 4s - batch_cost: 0.0151 - reader cost: 1.1654e-04
 77/348 [=====>........................] - ETA: 4s - batch_cost: 0.0151 - reader cost: 1.1048e-04
 81/348 [=====>........................] - ETA: 4s - batch_cost: 0.0150 - reader cost: 1.0503e-04
 85/348 [======>.......................] - ETA: 3s - batch_cost: 0.0150 - reader cost: 1.0009e-04
 89/348 [======>.......................] - ETA: 3s - batch_cost: 0.0149 - reader cost: 9.5587e-05
 93/348 [=======>......................] - ETA: 3s - batch_cost: 0.0148 - reader cost: 9.1476e-05
 97/348 [=======>......................] - ETA: 3s - batch_cost: 0.0148 - reader cost: 8.7704e-05
101/348 [=======>......................] - ETA: 3s - batch_cost: 0.0147 - reader cost: 9.4133e-05
105/348 [========>.....................] - ETA: 3s - batch_cost: 0.0147 - reader cost: 9.0547e-05
109/348 [========>.....................] - ETA: 3s - batch_cost: 0.0147 - reader cost: 8.7224e-05
113/348 [========>.....................] - ETA: 3s - batch_cost: 0.0147 - reader cost: 8.4136e-05
117/348 [=========>....................] - ETA: 3s - batch_cost: 0.0147 - reader cost: 8.1260e-05
121/348 [=========>....................] - ETA: 3s - batch_cost: 0.0147 - reader cost: 7.8574e-05
125/348 [=========>....................] - ETA: 3s - batch_cost: 0.0147 - reader cost: 7.6059e-05
129/348 [==========>...................] - ETA: 3s - batch_cost: 0.0147 - reader cost: 7.3701e-05
133/348 [==========>...................] - ETA: 3s - batch_cost: 0.0147 - reader cost: 7.1484e-05
137/348 [==========>...................] - ETA: 3s - batch_cost: 0.0147 - reader cost: 6.9397e-05
141/348 [===========>..................] - ETA: 3s - batch_cost: 0.0147 - reader cost: 6.7428e-05
145/348 [===========>..................] - ETA: 3s - batch_cost: 0.0147 - reader cost: 6.5568e-05
149/348 [===========>..................] - ETA: 2s - batch_cost: 0.0147 - reader cost: 6.3808e-05
153/348 [============>.................] - ETA: 2s - batch_cost: 0.0146 - reader cost: 6.2140e-05
157/348 [============>.................] - ETA: 2s - batch_cost: 0.0147 - reader cost: 6.0557e-05
161/348 [============>.................] - ETA: 2s - batch_cost: 0.0147 - reader cost: 5.9052e-05
165/348 [=============>................] - ETA: 2s - batch_cost: 0.0146 - reader cost: 5.7621e-05
169/348 [=============>................] - ETA: 2s - batch_cost: 0.0146 - reader cost: 6.2134e-05
173/348 [=============>................] - ETA: 2s - batch_cost: 0.0146 - reader cost: 6.0698e-05
177/348 [==============>...............] - ETA: 2s - batch_cost: 0.0146 - reader cost: 5.9326e-05
180/348 [==============>...............] - ETA: 2s - batch_cost: 0.0147 - reader cost: 5.8337e-05
183/348 [==============>...............] - ETA: 2s - batch_cost: 0.0147 - reader cost: 5.7381e-05
186/348 [===============>..............] - ETA: 2s - batch_cost: 0.0148 - reader cost: 5.6455e-05
189/348 [===============>..............] - ETA: 2s - batch_cost: 0.0148 - reader cost: 5.5559e-05
193/348 [===============>..............] - ETA: 2s - batch_cost: 0.0148 - reader cost: 5.4408e-05
197/348 [===============>..............] - ETA: 2s - batch_cost: 0.0148 - reader cost: 5.3303e-05
201/348 [================>.............] - ETA: 2s - batch_cost: 0.0148 - reader cost: 5.2242e-05
205/348 [================>.............] - ETA: 2s - batch_cost: 0.0148 - reader cost: 5.6100e-05
209/348 [=================>............] - ETA: 2s - batch_cost: 0.0148 - reader cost: 5.5027e-05
213/348 [=================>............] - ETA: 2s - batch_cost: 0.0148 - reader cost: 5.3993e-05
217/348 [=================>............] - ETA: 1s - batch_cost: 0.0148 - reader cost: 5.7607e-05
221/348 [==================>...........] - ETA: 1s - batch_cost: 0.0147 - reader cost: 5.6565e-05
225/348 [==================>...........] - ETA: 1s - batch_cost: 0.0147 - reader cost: 5.5559e-05
229/348 [==================>...........] - ETA: 1s - batch_cost: 0.0148 - reader cost: 5.4588e-05
233/348 [===================>..........] - ETA: 1s - batch_cost: 0.0148 - reader cost: 5.3651e-05
237/348 [===================>..........] - ETA: 1s - batch_cost: 0.0147 - reader cost: 5.2746e-05
241/348 [===================>..........] - ETA: 1s - batch_cost: 0.0147 - reader cost: 5.5992e-05
245/348 [====================>.........] - ETA: 1s - batch_cost: 0.0147 - reader cost: 5.5078e-05
249/348 [====================>.........] - ETA: 1s - batch_cost: 0.0147 - reader cost: 5.4193e-05
253/348 [====================>.........] - ETA: 1s - batch_cost: 0.0147 - reader cost: 5.3336e-05
257/348 [=====================>........] - ETA: 1s - batch_cost: 0.0147 - reader cost: 5.2506e-05
261/348 [=====================>........] - ETA: 1s - batch_cost: 0.0147 - reader cost: 5.1701e-05
264/348 [=====================>........] - ETA: 1s - batch_cost: 0.0148 - reader cost: 5.1114e-05
268/348 [======================>.......] - ETA: 1s - batch_cost: 0.0147 - reader cost: 5.4082e-05
272/348 [======================>.......] - ETA: 1s - batch_cost: 0.0147 - reader cost: 5.3287e-05
276/348 [======================>.......] - ETA: 1s - batch_cost: 0.0147 - reader cost: 5.2514e-05
280/348 [=======================>......] - ETA: 1s - batch_cost: 0.0147 - reader cost: 5.1764e-05
284/348 [=======================>......] - ETA: 0s - batch_cost: 0.0147 - reader cost: 5.1035e-05
288/348 [=======================>......] - ETA: 0s - batch_cost: 0.0147 - reader cost: 5.0326e-05
292/348 [========================>.....] - ETA: 0s - batch_cost: 0.0147 - reader cost: 4.9637e-05
296/348 [========================>.....] - ETA: 0s - batch_cost: 0.0147 - reader cost: 4.8966e-05
300/348 [========================>.....] - ETA: 0s - batch_cost: 0.0147 - reader cost: 4.8313e-05
304/348 [=========================>....] - ETA: 0s - batch_cost: 0.0147 - reader cost: 4.7677e-05
308/348 [=========================>....] - ETA: 0s - batch_cost: 0.0147 - reader cost: 5.0305e-05
312/348 [=========================>....] - ETA: 0s - batch_cost: 0.0147 - reader cost: 4.9660e-05
316/348 [==========================>...] - ETA: 0s - batch_cost: 0.0147 - reader cost: 5.2199e-05
320/348 [==========================>...] - ETA: 0s - batch_cost: 0.0147 - reader cost: 5.1547e-05
324/348 [==========================>...] - ETA: 0s - batch_cost: 0.0147 - reader cost: 5.0910e-05
328/348 [===========================>..] - ETA: 0s - batch_cost: 0.0147 - reader cost: 5.3363e-05
332/348 [===========================>..] - ETA: 0s - batch_cost: 0.0147 - reader cost: 5.2720e-05
336/348 [===========================>..] - ETA: 0s - batch_cost: 0.0147 - reader cost: 5.2092e-05
340/348 [============================>.] - ETA: 0s - batch_cost: 0.0147 - reader cost: 5.1479e-05
344/348 [============================>.] - ETA: 0s - batch_cost: 0.0147 - reader cost: 5.0881e-05
348/348 [==============================] - 5s 15ms/step - batch_cost: 0.0147 - reader cost: 5.0296e-05
