image,tn,fp,fn,tp,crack_IoU,F1,empty_prediction,zero_overlap
20160222_080933_361_1.jpg,217519,584,1113,11184,0.8682555702197035,0.9294826511531269,False,False
20160222_080933_361_1281.jpg,218335,1611,967,9487,0.7863240779113138,0.8803823311061618,False,False
20160222_080933_361_1921.jpg,223074,482,643,6201,0.8464373464373465,0.916833000665336,False,False
20160222_080933_361_641.jpg,223547,600,789,5464,0.7973150445060557,0.8872290330437607,False,False
20160222_080933_721_1.jpg,223141,610,358,6291,0.8666482986637278,0.9285608856088561,False,False
20160222_080933_721_1921.jpg,218986,1047,2240,8127,0.7120203259155423,0.8317895706463333,False,False
20160222_080933_721_641.jpg,223170,652,926,5652,0.7817427385892116,0.8775034932463903,False,False
20160222_081839_1281_1.jpg,226305,645,1182,2268,0.5538461538461539,0.7128712871287128,False,False
20160222_081839_1281_1081.jpg,226816,69,2059,1456,0.40625,0.5777777777777777,False,False
20160222_081839_1281_361.jpg,216145,4621,1983,7651,0.536723956506489,0.6985300830822606,False,False
20160222_081839_1281_721.jpg,226094,577,1709,2020,0.4691128657686948,0.638634208030351,False,False
20160222_081839_1921_361.jpg,217672,881,1696,10151,0.7975329981143935,0.887363958214957,False,False
20160222_081839_1_721.jpg,219518,4426,603,5853,0.5378606873736446,0.6994920824619062,False,False
20160222_081839_641_721.jpg,221333,3041,595,5431,0.5989853314216389,0.7492067871430542,False,False
20160222_114759_1281_1.jpg,220462,3051,2017,4870,0.49003823706983296,0.657752566180443,False,False
20160222_114759_1281_1081.jpg,219303,3132,1304,6661,0.6002523204469676,0.7501970942673725,False,False
20160222_114759_1281_361.jpg,221377,1852,3924,3247,0.35985814030810154,0.5292583537082315,False,False
20160222_114759_1281_721.jpg,221031,1921,4152,3296,0.35179848436332584,0.5204895380971181,False,False
20160222_114759_1921_1.jpg,214099,2290,2721,11290,0.6925955462855039,0.8183828059874597,False,False
20160222_114759_1921_1081.jpg,208265,3452,5552,13131,0.5932234018522702,0.7446832643339194,False,False
20160222_114759_1921_361.jpg,216388,2991,2858,8163,0.5825720810733657,0.7362344983089064,False,False
20160222_114759_1921_721.jpg,200964,4549,6321,18566,0.6307242831906509,0.7735511020374151,False,False
20160222_114759_1_1081.jpg,226116,278,3526,480,0.11204481792717087,0.20151133501259447,False,False
20160222_114759_1_361.jpg,229075,190,822,313,0.23622641509433961,0.38217338217338215,False,False
20160222_114759_1_721.jpg,229220,0,1180,0,0.0,0.0,True,True
20160222_114759_641_1.jpg,226960,1520,228,1692,0.49186046511627907,0.6593920498830865,False,False
20160222_114759_641_1081.jpg,219373,1171,8117,1739,0.15770381790151447,0.272442425191916,False,False
20160222_114759_641_361.jpg,220400,1086,5581,3333,0.3333,0.4999624990624766,False,False
20160222_114759_641_721.jpg,221385,543,7275,1197,0.13277870216306156,0.2344300822561692,False,False
20160222_115305_1281_1081.jpg,220325,3306,1033,5736,0.5693300248138958,0.7255708051356651,False,False
20160222_115305_1921_1081.jpg,227770,1436,176,1018,0.3870722433460076,0.5581140350877193,False,False
20160222_115305_1921_361.jpg,223293,1176,1839,4092,0.5757703672435627,0.7307795338869542,False,False
20160222_115305_641_1.jpg,223317,1098,1302,4683,0.661160525201186,0.7960224375318715,False,False
20160222_115305_641_1081.jpg,220902,1454,4151,3893,0.4098757633185934,0.5814352923605407,False,False
20160222_115305_641_361.jpg,224745,275,1363,4017,0.7103448275862069,0.8306451612903226,False,False
20160222_115305_641_721.jpg,223028,867,2588,3917,0.531334780249593,0.6939498626982018,False,False
20160222_163940_1281_1081.jpg,223311,4938,376,1775,0.25038792495415435,0.4004963898916967,False,False
20160222_163940_1281_721.jpg,223235,3863,2464,838,0.11695743196092115,0.2094214669498938,False,False
20160222_163940_1_1.jpg,208557,5138,8721,7984,0.3655175571121183,0.5353538740067724,False,False
20160222_163940_1_1081.jpg,193858,6382,14167,15993,0.4376607739040009,0.6088512420291234,False,False
20160222_163940_1_361.jpg,205424,1348,20199,3429,0.137291800128123,0.2414363668368245,False,False
20160222_163940_1_721.jpg,206136,3302,15688,5274,0.21735905044510387,0.3570993296770262,False,False
20160222_163940_641_1.jpg,209290,4958,7650,8502,0.4027475130270014,0.574226664865595,False,False
20160222_163940_641_1081.jpg,211270,3710,7642,7778,0.4065865133298484,0.5781180318121005,False,False
20160222_163940_641_361.jpg,197630,8959,9354,14457,0.4411657003356729,0.6122345268596354,False,False
20160222_163940_641_721.jpg,211675,6093,4301,8331,0.444913217623498,0.6158338261383797,False,False
20160222_164000_1281_1.jpg,204133,7579,3013,15675,0.5967563863402748,0.7474607791712364,False,False
20160222_164000_1281_1081.jpg,218052,2514,846,8988,0.7278911564625851,0.84251968503937,False,False
20160222_164000_1281_361.jpg,196042,10853,6755,16750,0.48751382501891843,0.6554746810675433,False,False
20160222_164000_1281_721.jpg,210268,7194,2683,10255,0.5093880389429764,0.6749596867081318,False,False
20160222_164000_1921_1.jpg,212121,4054,1695,12530,0.6854860769188686,0.8133986822032523,False,False
20160222_164000_1921_361.jpg,221609,1710,3606,3475,0.39529063815265614,0.5666068808087396,False,False
20160222_164000_1_1.jpg,206520,5132,5326,13422,0.5620603015075377,0.7196396976033457,False,False
20160222_164000_1_361.jpg,207617,8794,3896,10093,0.44300574990124214,0.6140041367562964,False,False
20160222_164000_1_721.jpg,220255,4703,878,4564,0.44987678659438146,0.6205724386430077,False,False
20160222_164000_641_1.jpg,218912,3137,732,7619,0.6632137883008357,0.7975087664206835,False,False
20160222_164000_641_1081.jpg,215015,8555,1341,5489,0.35677608059798505,0.525917409217208,False,False
20160222_164000_641_361.jpg,208525,6849,5323,9703,0.4435657142857143,0.6145417695864209,False,False
20160222_164000_641_721.jpg,221973,2506,3076,2845,0.3376053162454017,0.5047906316536551,False,False
20160222_164141_1281_1.jpg,206151,3804,11828,8617,0.35535485999422656,0.5243716911093531,False,False
20160222_164141_1281_361.jpg,206400,7933,7356,8711,0.3629583333333333,0.5326037112897802,False,False
20160222_164141_1281_721.jpg,207652,6923,3605,12220,0.5371900826446281,0.6989247311827957,False,False
20160222_164141_1921_1.jpg,195963,3974,18899,11564,0.3358016087347911,0.5027716788765462,False,False
20160222_164141_1921_1081.jpg,223327,1227,1741,4105,0.5803760780432631,0.7344784397924494,False,False
20160222_164141_1921_361.jpg,203893,2120,20293,4094,0.15444976798581506,0.2675729551321852,False,False
20160222_164141_1921_721.jpg,212608,2952,7020,7820,0.43952338129496404,0.6106512572231766,False,False
20160222_164141_1_1.jpg,206169,3051,10297,10883,0.44913540505963434,0.6198667198268497,False,False
20160222_164141_1_1081.jpg,219009,2553,1801,7037,0.617768413659907,0.7637291078793141,False,False
20160222_164141_1_361.jpg,207819,4138,7762,10681,0.47300828129843675,0.6422343815765739,False,False
20160222_164141_1_721.jpg,202048,7458,6082,14812,0.5224322799097065,0.6863126679640441,False,False
20160222_164141_641_1.jpg,208325,1305,16186,4584,0.20765571913929784,0.34389887092539106,False,False
20160222_164141_641_1081.jpg,229393,2,1000,5,0.004965243296921549,0.009881422924901186,False,False
20160222_164141_641_361.jpg,208312,4388,9990,7710,0.3490583122057226,0.517484394925834,False,False
20160222_164141_641_721.jpg,206373,4104,5699,14224,0.5920006659175094,0.7437191184544195,False,False
20160222_165951_1281_1.jpg,217996,3694,1476,7234,0.5831989680748145,0.7367349017211529,False,False
20160222_165951_1281_1081.jpg,219730,3304,1205,6161,0.5774133083411433,0.732101479412988,False,False
20160222_165951_1281_361.jpg,225534,629,3391,846,0.17385943279901356,0.296218487394958,False,False
20160222_165951_1281_721.jpg,217810,3972,2492,6126,0.48657664813343926,0.6546270570634751,False,False
20160222_165951_1921_1.jpg,215145,5753,1488,8014,0.525335955424451,0.6888134427779449,False,False
20160222_165951_1921_1081.jpg,221629,2814,807,5150,0.5871622391973549,0.7398893757632354,False,False
20160222_165951_1921_361.jpg,226430,1271,1532,1167,0.29395465994962217,0.4543507883978976,False,False
20160222_165951_1921_721.jpg,224961,2965,26,2448,0.4500827357970215,0.6207683529859263,False,False
20160222_165951_1_1.jpg,218142,3481,1336,7441,0.607032142274433,0.7554698208030864,False,False
20160222_165951_641_1.jpg,215705,4395,1242,9058,0.6164001361007145,0.7626826085126089,False,False
20160222_165951_641_1081.jpg,220162,3596,170,6472,0.6321547177183043,0.7746259724715739,False,False
20160222_165951_641_361.jpg,224354,1980,1398,2668,0.44128349321865695,0.6123479458342896,False,False
20160225_114514_1081_1.jpg,215271,7848,4648,2633,0.17403661841496465,0.29647562211462675,False,False
20160225_114514_1081_1281.jpg,216478,1360,9292,3270,0.23488004597040654,0.38040949278734293,False,False
20160225_114514_1081_1921.jpg,203400,6648,11778,8574,0.31755555555555554,0.4820374430764041,False,False
20160225_114514_1081_641.jpg,221665,4288,1978,2469,0.28265598168288497,0.44073545162441985,False,False
20160225_114514_1_1281.jpg,217777,2387,8506,1730,0.13705141408539967,0.24106458580087786,False,False
20160225_114514_1_641.jpg,204388,4577,13606,7829,0.3009764723973551,0.4626931828255666,False,False
20160225_114514_361_1.jpg,221282,2535,5327,1256,0.13774950647071726,0.2421438210911895,False,False
20160225_114514_361_1281.jpg,206611,2828,10005,10956,0.46054899323216614,0.6306518923586127,False,False
20160225_114514_361_641.jpg,205557,2048,14641,8154,0.3282212293201304,0.4942267478861715,False,False
20160225_114514_721_1.jpg,212896,5670,7228,4606,0.2631398537477148,0.416644052464948,False,False
20160225_114514_721_1281.jpg,202857,3636,15664,8243,0.299277493373997,0.4606829486391326,False,False
20160225_114514_721_641.jpg,192755,5496,19790,12359,0.3283038916190729,0.4943204543636509,False,False
20160225_114531_1281_1.jpg,221225,2910,2112,4153,0.4526430517711172,0.6231992797118847,False,False
20160225_114531_1281_1081.jpg,216459,3542,3904,6495,0.4658919733161179,0.6356429829712272,False,False
20160225_114531_1281_361.jpg,212311,4589,3014,10486,0.5796893139477031,0.733928258967629,False,False
20160225_114531_1281_721.jpg,207407,9887,4413,8693,0.3780715870047406,0.5486965852426939,False,False
20160225_114531_1921_1081.jpg,218993,2863,2735,5809,0.5092487069343385,0.6748373605947955,False,False
20160225_114531_1921_721.jpg,228558,210,691,941,0.51085776330076,0.6762486525332375,False,False
20160225_114531_641_1.jpg,223198,1395,3928,1879,0.2608997500694252,0.41383107587270124,False,False
20160225_114531_641_1081.jpg,221022,3130,3204,3044,0.32458946470462785,0.4900982128481726,False,False
20160225_114531_641_361.jpg,221984,2837,2314,3265,0.38795152091254753,0.5590274805239277,False,False
20160225_114531_641_721.jpg,221974,2417,2305,3704,0.43959173985283645,0.6107172300082441,False,False
20160225_114535_1281_1.jpg,204939,3993,10044,11424,0.4486862259926947,0.6194387962586417,False,False
20160225_114535_1281_1081.jpg,218090,4996,3739,3575,0.29041429731925267,0.45011016682404786,False,False
20160225_114535_1281_361.jpg,207313,3254,9096,10737,0.465066920777927,0.6348746452223274,False,False
20160225_114535_1281_721.jpg,210222,4687,6952,8539,0.4231836653781346,0.5947000034822579,False,False
20160225_114535_1921_1081.jpg,222035,3348,447,4570,0.5463239689181112,0.7066099729416312,False,False
20160225_114535_1921_721.jpg,228252,764,1038,346,0.1610800744878957,0.2774659182036889,False,False
20160225_114535_1_1.jpg,228999,339,610,452,0.32262669521770165,0.4878575283324339,False,False
20160225_114535_641_1.jpg,218753,4535,4565,2547,0.21868292264102343,0.3588840355079611,False,False
20160225_114535_641_361.jpg,209561,3978,7743,9118,0.4375449877633284,0.6087391928430751,False,False
20160225_114535_641_721.jpg,225759,672,881,3088,0.66537384184443,0.7990684435243887,False,False
20160302_155919_1281_361.jpg,227583,555,968,1294,0.4593539226127086,0.6295305278521041,False,False
20160302_155919_1281_721.jpg,220909,2619,141,6731,0.7091981877568223,0.8298606830230552,False,False
20160302_155919_1921_361.jpg,215440,3993,466,10501,0.7019385026737968,0.824869408114371,False,False
20160302_155919_641_1.jpg,226037,0,4298,65,0.014898005959202383,0.02935862691960253,False,False
20160302_155919_641_1081.jpg,225674,428,2251,2047,0.43313584426576385,0.6044588808504355,False,False
20160302_155919_641_721.jpg,222892,2344,1464,3700,0.4928076718167288,0.6602426837972877,False,False
20160302_155925_1281_1.jpg,228059,518,560,1263,0.5395130286202477,0.7008879023307436,False,False
20160302_155925_1281_361.jpg,213258,3706,3718,9718,0.5669116789172792,0.7236038719285183,False,False
20160302_155925_1921_361.jpg,204280,3533,7311,15276,0.5848392036753446,0.7380423229297517,False,False
20160302_155925_641_361.jpg,228158,641,683,918,0.4094558429973238,0.5810126582278481,False,False
20160302_155925_641_721.jpg,217335,4182,766,8117,0.6212782242632989,0.7664054385799264,False,False
20160302_160033_1281_721.jpg,208809,3223,8601,9767,0.4523644110972164,0.6229351361693986,False,False
20160302_160033_1921_361.jpg,215683,5625,4016,5076,0.3449072501189101,0.5129086040519375,False,False
20160302_160033_1921_721.jpg,223376,3985,696,2343,0.33357061503416857,0.5002668944165688,False,False
20160302_160033_1_361.jpg,203335,3716,3087,20262,0.7486421577683355,0.8562554144568639,False,False
20160302_160033_641_361.jpg,215220,1580,8302,5298,0.34901185770750986,0.5174333430999121,False,False
20160302_160033_641_721.jpg,212281,1212,12255,4652,0.25674706109608697,0.40858987308418604,False,False
20160303_092627_1281_361.jpg,219550,3710,662,6478,0.5970506912442396,0.7476915974145891,False,False
20160303_092627_1921_361.jpg,219061,6563,498,4278,0.3772819472616633,0.5478645066273933,False,False
20160303_092627_1921_721.jpg,228087,315,166,1832,0.7920449632511889,0.883956574185766,False,False
20160303_092627_1_361.jpg,228119,688,582,1011,0.44322665497588776,0.6142162818955043,False,False
20160303_092627_1_721.jpg,224422,1926,593,3459,0.578621612579458,0.7330719508318322,False,False
20160303_092627_641_361.jpg,219926,6696,420,3358,0.32060339889249573,0.48554077501445925,False,False
20160303_092627_641_721.jpg,225659,1145,932,2664,0.5619067707234761,0.7195138419986495,False,False
20160303_092806_1281_1.jpg,226437,1510,523,1930,0.4870047943477164,0.6550144238927541,False,False
20160303_092806_1281_361.jpg,225432,1275,1987,1706,0.34339774557165864,0.5112376385975427,False,False
20160303_092806_1281_721.jpg,225364,1628,278,3130,0.6215250198570293,0.7665931912809208,False,False
20160303_092806_1921_1081.jpg,219314,7002,419,3665,0.33059714955800107,0.49691546335841635,False,False
20160303_092806_1921_721.jpg,218772,6677,2050,2901,0.24948400412796698,0.3993392525294239,False,False
20160303_092806_1_1081.jpg,226222,1989,255,1934,0.46290090952608903,0.6328534031413613,False,False
20160303_092806_1_721.jpg,226862,1281,183,2074,0.5862068965517241,0.7391304347826086,False,False
20160303_092806_641_361.jpg,227171,1396,455,1378,0.4267575100650356,0.5982200998480574,False,False
20160303_092806_641_721.jpg,223819,2222,590,3769,0.5727093146938155,0.7283091787439614,False,False
20160303_092839_1281_361.jpg,223416,3238,2025,1721,0.2464203894616266,0.3954049396898334,False,False
20160303_092839_1281_721.jpg,209553,1798,12120,6929,0.3323739626804816,0.498919930875576,False,False
20160303_092839_1921_1081.jpg,229277,113,679,331,0.2947462154942119,0.45529573590096284,False,False
20160303_092839_1921_361.jpg,216189,2886,6074,5251,0.36950249806487934,0.5396156612886651,False,False
20160303_092839_1921_721.jpg,224790,1160,1697,2753,0.4907308377896613,0.658376180796365,False,False
20160303_092839_1_721.jpg,216037,2609,3899,7855,0.5468913179697835,0.7070843460257449,False,False
20160303_092839_641_721.jpg,210531,5372,6541,7956,0.40042276913785296,0.5718598382749326,False,False
20160303_093353_1281_361.jpg,206078,5226,7030,12066,0.4960940712112491,0.6631856656040452,False,False
20160303_093353_1281_721.jpg,215453,1560,5709,7678,0.513681675252559,0.6787182320441989,False,False
20160303_093353_1921_361.jpg,205742,5916,2682,16060,0.6513099197015167,0.7888403163220198,False,False
20160303_093353_1921_721.jpg,226643,794,625,2338,0.6223050306095289,0.7671862182116489,False,False
20160303_093353_1_1081.jpg,222954,755,2536,4155,0.5580177276390008,0.7163175588311352,False,False
20160303_093353_1_361.jpg,228994,0,1406,0,0.0,0.0,True,True
20160303_093353_1_721.jpg,215153,2888,5646,6713,0.4402833344264446,0.6113843351548269,False,False
20160303_093353_641_361.jpg,207352,1423,8635,12990,0.5636063866712947,0.7209057106387702,False,False
20160303_093400_1281_1081.jpg,212006,5655,9855,2884,0.1567902576927259,0.27107810884481626,False,False
20160303_093400_1281_361.jpg,224109,1629,1194,3468,0.5512637100619934,0.7107285582539195,False,False
20160303_093400_1281_721.jpg,204714,4622,7710,13354,0.5198941057385346,0.6841188524590164,False,False
20160303_093400_641_1.jpg,215513,638,6986,7263,0.4878753274669174,0.6558013544018059,False,False
20160303_093400_641_1081.jpg,228196,0,2204,0,0.0,0.0,True,True
20160303_093400_641_361.jpg,212876,2958,6035,8531,0.4868180780643689,0.6548455190942237,False,False
20160303_093400_641_721.jpg,215267,2621,5403,7109,0.4697680565651226,0.6392410754428559,False,False
20160303_093527_1281_1.jpg,206682,716,10339,12663,0.5338983050847458,0.6961325966850829,False,False
20160303_093527_1281_361.jpg,198563,14984,2832,14021,0.440399535132079,0.6114963583235205,False,False
20160303_093527_1921_1.jpg,228281,24,2095,0,0.0,0.0,False,True
20160303_093527_1921_361.jpg,204881,6907,5659,12953,0.5075825855245112,0.6733728425868164,False,False
20160303_093527_1_721.jpg,227671,1354,219,1156,0.42359838768779773,0.5951093951093951,False,False
20160303_093527_641_1081.jpg,209671,6374,2872,11483,0.5539582227796807,0.7129641127530113,False,False
20160303_093527_641_361.jpg,224707,1259,71,4363,0.7663797646232215,0.8677406523468576,False,False
20160303_093527_641_721.jpg,194465,10411,7555,17969,0.5000417420342285,0.6667037696645889,False,False
20160303_093537_1281_361.jpg,217191,3880,4382,4947,0.3745173745173745,0.5449438202247191,False,False
20160303_093537_1281_721.jpg,206015,5487,6166,12732,0.5221242567151938,0.68604682490503,False,False
20160303_093537_1921_1081.jpg,215893,1488,4906,8113,0.5592472599434756,0.7173297966401415,False,False
20160303_093537_1921_721.jpg,216673,498,5051,8178,0.595760180665841,0.7466788404473864,False,False
20160303_093537_1_1.jpg,211626,5372,2374,11028,0.5874081176094599,0.7400845580833502,False,False
20160303_093537_1_361.jpg,212926,5493,3001,8980,0.5139063751859906,0.6789143418764648,False,False
20160303_093537_641_361.jpg,226104,1580,626,2090,0.4864990689013035,0.6545568430942688,False,False
20160303_093537_641_721.jpg,203718,11033,3941,11708,0.4387976913274867,0.6099505079447772,False,False
20160306_103613_1281_361.jpg,210043,3471,5763,11123,0.5463968168197672,0.7066709021601016,False,False
20160306_103613_1921_361.jpg,215789,1763,7312,5536,0.37889261515296696,0.5495607286444631,False,False
20160306_103613_1_361.jpg,221067,1368,685,7280,0.7800278581377906,0.8764220790946848,False,False
20160306_103613_1_721.jpg,214083,1643,9617,5057,0.30992216706502423,0.47319172826798916,False,False
20160306_103613_641_361.jpg,214606,3214,2812,9768,0.6184627073572243,0.7642594476175573,False,False
20160306_103613_641_721.jpg,220264,1384,1595,7157,0.7060970797158642,0.8277337651072688,False,False
20160306_103632_641_1.jpg,221281,2053,1834,5232,0.5737471213948898,0.729147794578775,False,False
20160306_103632_641_1081.jpg,218973,1315,4041,6071,0.5312855517633674,0.6939078751857355,False,False
20160306_103632_641_361.jpg,220410,2258,2847,4885,0.488988988988989,0.6568067226890756,False,False
20160306_103632_641_721.jpg,220721,4030,1618,4031,0.41646864345490237,0.588037928519329,False,False
20160306_103638_1281_361.jpg,216971,3712,2610,7107,0.5292277906024275,0.6921503700818076,False,False
20160306_103638_1921_1081.jpg,226127,1440,635,2198,0.514392698338404,0.679338587544429,False,False
20160306_103638_1921_721.jpg,223796,1349,2647,2608,0.3949121744397335,0.5662179765523231,False,False
20160306_103638_1_1.jpg,228921,0,1479,0,0.0,0.0,True,True
20160306_103638_1_1081.jpg,228780,63,1321,236,0.145679012345679,0.2543103448275862,False,False
20160306_103638_1_361.jpg,228367,566,1262,205,0.10083620265617314,0.18319928507596067,False,False
20160306_103638_1_721.jpg,217925,1098,5627,5750,0.46092184368737477,0.6310013717421125,False,False
20160306_103638_641_361.jpg,222016,972,1994,5418,0.6462309160305344,0.7851036081727286,False,False
20160306_103638_641_721.jpg,224224,897,1784,3495,0.5659002590673575,0.7227794436976528,False,False
20160306_103657_1281_361.jpg,217066,2895,5227,5212,0.3908804559772011,0.562061900140192,False,False
20160306_103657_1281_721.jpg,205975,6175,4147,14103,0.5774002047082907,0.7320909468438538,False,False
20160306_103657_1921_1.jpg,223778,186,4575,1861,0.28103292056780427,0.4387598726865496,False,False
20160306_103657_1921_361.jpg,227852,0,2548,0,0.0,0.0,True,True
20160306_103657_1921_721.jpg,225302,105,3846,1147,0.22499019223224795,0.36733386709367494,False,False
20160306_103657_1_721.jpg,214671,4403,2779,8547,0.5433911882510013,0.7041522491349481,False,False
20160306_103657_641_361.jpg,221132,3867,1070,4331,0.46730686232196805,0.6369585998970513,False,False
20160306_103657_641_721.jpg,214709,5227,2290,8174,0.5209355681600918,0.6850199036245548,False,False
20160306_103816_1281_361.jpg,204894,6393,2996,16117,0.6318905355602603,0.774427600124931,False,False
20160306_103816_1921_361.jpg,227909,45,1369,1077,0.4323564833400241,0.6036995515695067,False,False
20160306_103816_1921_721.jpg,221587,5194,831,2788,0.3163508453421082,0.48064821998103613,False,False
20160306_103816_1_721.jpg,203608,4895,10240,11657,0.4350925649447596,0.6063616739056933,False,False
20160306_103816_641_361.jpg,220872,3373,1243,4912,0.5155331654072208,0.6803324099722992,False,False
20160306_103816_641_721.jpg,214819,2201,6075,7305,0.46884025415570246,0.6383815433015817,False,False
20160306_103830_1281_1081.jpg,222745,3137,3179,1339,0.17491835401698236,0.29775405826106294,False,False
20160306_103830_1281_361.jpg,210176,1369,11282,7573,0.3744560917721519,0.5448789437709105,False,False
20160306_103830_1281_721.jpg,221468,1732,5722,1478,0.16547245857590684,0.28395773294908744,False,False
20160306_103830_1921_1081.jpg,222137,731,2757,4775,0.5778772842793174,0.7324743058751342,False,False
20160306_103830_641_1.jpg,220756,384,8510,750,0.0777685607631688,0.14431402732345583,False,False
20160306_103830_641_1081.jpg,224445,1323,4632,0,0.0,0.0,False,True
20160306_103830_641_361.jpg,217532,53,12540,275,0.02137084239975132,0.04184737122422583,False,False
20160306_103830_641_721.jpg,221066,46,8911,377,0.0403899721448468,0.07764390896921017,False,False
20160306_103903_1281_361.jpg,221544,1237,719,6900,0.7791327913279132,0.8758568164508759,False,False
20160306_103903_1281_721.jpg,185746,4362,4380,35912,0.8042280646750571,0.891492689223742,False,False
20160306_103903_1921_721.jpg,165004,4262,6319,54815,0.8382011132179338,0.9119797689063397,False,False
20160306_103903_641_361.jpg,214603,503,2360,12934,0.8187630562765082,0.9003515366677108,False,False
20160306_103903_641_721.jpg,208039,2513,4352,15496,0.6929922633155942,0.8186596930554455,False,False
20160306_104456_1281_1.jpg,212917,2146,5610,9727,0.5563690442143797,0.7149577361264241,False,False
20160306_104456_1281_361.jpg,222765,836,5254,1545,0.20235756385068762,0.3366013071895425,False,False
20160306_104456_1281_721.jpg,209140,4027,4249,12984,0.6107243650047036,0.7583226258614648,False,False
20160306_104456_1921_361.jpg,227338,144,1607,1311,0.4281515349444807,0.5995883832609192,False,False
20160306_104456_1921_721.jpg,206477,2038,6744,15141,0.6329055720436401,0.7751894327257833,False,False
20160306_104456_1_1081.jpg,218172,2607,3273,6348,0.5191364082433758,0.6834625322997416,False,False
20160306_104456_641_1081.jpg,222411,883,1853,5253,0.6575291025159594,0.7933846850928863,False,False
20160306_104456_641_361.jpg,218975,1800,3180,6445,0.5641137855579869,0.7213206491326245,False,False
20160306_104456_641_721.jpg,204443,4404,6060,15493,0.5968717494317525,0.7475512665862485,False,False
20160307_143827_1_721.jpg,217023,8115,154,5108,0.38184944307393287,0.5526643224235867,False,False
20160307_144150_1281_361.jpg,216783,5546,920,7151,0.5251523830505985,0.68865562403698,False,False
20160307_144150_1281_721.jpg,215416,2279,1008,11697,0.7806326748531767,0.8768037180015742,False,False
20160307_144150_1921_361.jpg,226433,1812,132,2023,0.5099571464582808,0.6754590984974959,False,False
20160307_144150_1921_721.jpg,216287,5303,267,8543,0.6053284206051158,0.754149011299435,False,False
20160307_144150_1_1.jpg,222950,3980,864,2606,0.3497986577181208,0.5182975338106603,False,False
20160307_144150_1_1081.jpg,222735,3419,1033,3213,0.4191780821917808,0.5907335907335908,False,False
20160307_144150_1_361.jpg,221830,3282,2343,2945,0.3436406067677946,0.5115067303517151,False,False
20160307_144150_1_721.jpg,223443,2519,1420,3018,0.4338076757222941,0.6051127819548873,False,False
20160307_144150_641_1.jpg,222330,1937,1318,4815,0.5966542750929368,0.7473806752037253,False,False
20160307_144150_641_361.jpg,217766,4334,1129,7171,0.5675953775526358,0.7241605655137592,False,False
20160307_144150_641_721.jpg,209275,7086,528,13511,0.6395739644970414,0.7801709204296108,False,False
20160307_144842_1281_1.jpg,203111,3577,15330,8382,0.30715672981787534,0.4699615934512629,False,False
20160307_144842_1281_1081.jpg,221143,1987,994,6276,0.6779734255158258,0.8080860104294083,False,False
20160307_144842_1281_361.jpg,213482,3381,6086,7451,0.44041848918311854,0.6115146292420699,False,False
20160307_144842_1281_721.jpg,218042,2548,3327,6483,0.5245994497491503,0.6881800329069583,False,False
20160307_144842_641_1.jpg,224819,1018,3185,1378,0.2469091560652213,0.3960339129185228,False,False
20160307_144842_641_361.jpg,225480,660,2952,1308,0.2658536585365854,0.42003853564547206,False,False
20160307_144842_641_721.jpg,227595,0,2805,0,0.0,0.0,True,True
20160307_144916_1281_361.jpg,223339,1491,1799,3771,0.534060331397819,0.6962703101920237,False,False
20160307_144916_1281_721.jpg,220696,2783,2064,4857,0.500515251442704,0.6671245106792116,False,False
20160307_144916_1921_361.jpg,222588,3063,1915,2834,0.3627752176139273,0.5324065376667293,False,False
20160307_144916_1921_721.jpg,215400,2826,5123,7051,0.4700666666666667,0.6395174822003538,False,False
20160307_144916_1_721.jpg,213746,2056,4139,10459,0.6280172931427885,0.7715118208977243,False,False
20160307_144916_641_721.jpg,210814,4674,3374,11538,0.5890942509956091,0.7414214111296749,False,False
20160307_162704_1281_1.jpg,227192,559,2317,332,0.10349127182044887,0.18757062146892656,False,False
20160307_162704_1281_361.jpg,225363,1267,3770,0,0.0,0.0,False,True
20160307_162704_1281_721.jpg,193163,1902,11988,23347,0.6269839138491285,0.7707315462828469,False,False
20160307_162704_1921_721.jpg,190838,5007,17328,17227,0.4354431019665335,0.6067020021483034,False,False
20160307_162704_1_721.jpg,214017,4058,2974,9351,0.5707745834096319,0.7267428304966193,False,False
20160307_162704_641_361.jpg,218054,2724,5596,4026,0.32609752146444193,0.49181529440508187,False,False
20160307_162704_641_721.jpg,219151,3816,4015,3418,0.30384923104275935,0.4660803163564464,False,False
20160307_163342_1281_1.jpg,221071,0,9329,0,0.0,0.0,True,True
20160307_163342_1281_361.jpg,219564,0,10836,0,0.0,0.0,True,True
20160307_163342_641_1081.jpg,220178,1213,7092,1917,0.18753668558012132,0.3158415025949419,False,False
20160307_163342_641_361.jpg,227403,13,2604,380,0.12679346012679346,0.22505182114302635,False,False
20160307_163342_641_721.jpg,221932,353,7607,508,0.059990552668871044,0.11319073083778966,False,False
20160307_163352_1281_361.jpg,226516,0,3884,0,0.0,0.0,True,True
20160307_163352_1281_721.jpg,224866,265,5089,180,0.03252620166245031,0.06300315015750788,False,False
20160307_163352_1921_361.jpg,215908,1105,12434,953,0.06576041954181618,0.1234056328909032,False,False
20160307_163352_641_1.jpg,225221,45,5031,103,0.019888009268198493,0.03900037864445286,False,False
20160307_163352_641_1081.jpg,217280,425,11830,865,0.06592987804878049,0.12370396853771898,False,False
20160307_163352_641_361.jpg,218235,1353,8305,2507,0.20608302507192766,0.34173936750272627,False,False
20160307_163352_641_721.jpg,210669,546,16697,2488,0.12609599108002637,0.22395247310860075,False,False
20160307_163537_1281_361.jpg,218419,1592,2726,7663,0.6395960270428178,0.7801873345550804,False,False
20160307_163537_1281_721.jpg,223613,1953,2018,2816,0.41491085899513774,0.586483390607102,False,False
20160307_163537_1921_361.jpg,216024,3514,3069,7793,0.5420840289371174,0.7030538138842528,False,False
20160307_163537_1_721.jpg,215365,3515,3558,7962,0.5295643498503492,0.6924381441057529,False,False
20160307_163537_641_361.jpg,228649,242,887,622,0.355225585379783,0.5242309313105773,False,False
20160307_163537_641_721.jpg,216338,5473,3106,5483,0.38991608590527665,0.5610642107955999,False,False
20160307_163552_1281_361.jpg,228339,736,920,405,0.1965065502183406,0.3284671532846715,False,False
20160307_163552_1281_721.jpg,215008,3692,5850,5850,0.38006756756756754,0.5507955936352509,False,False
20160307_163552_1921_721.jpg,209974,4888,3348,12190,0.5967884069323411,0.7474858964925191,False,False
20160307_163552_1_361.jpg,220861,2980,2017,4542,0.47615053988887723,0.6451246360343725,False,False
20160307_163552_641_361.jpg,220662,3719,2014,4005,0.411275415896488,0.5828421741977734,False,False
20160307_163552_641_721.jpg,222262,182,6105,1851,0.22745146227574342,0.3706076684352788,False,False
20160307_163613_1281_361.jpg,223952,150,6275,23,0.0035669975186104217,0.007108638541183743,False,False
20160307_163613_1281_721.jpg,223458,0,6942,0,0.0,0.0,True,True
20160307_163613_1921_361.jpg,220802,29,9039,530,0.05521983746613878,0.1046603475513428,False,False
20160307_163613_1_721.jpg,212982,2645,9609,5164,0.2964749110115972,0.45735541581790806,False,False
20160307_163613_641_361.jpg,228132,0,2268,0,0.0,0.0,True,True
20160307_163613_641_721.jpg,219228,0,11167,5,0.00044754744002864304,0.0008946944618412812,False,False
20160307_163627_1281_361.jpg,226982,0,3418,0,0.0,0.0,True,True
20160307_163627_1281_721.jpg,213403,151,16268,578,0.034006001059010416,0.06577524893314367,False,False
20160307_163627_1921_361.jpg,217262,4637,5884,2617,0.1991931800882935,0.3322119961916852,False,False
20160307_163627_1921_721.jpg,228802,275,1323,0,0.0,0.0,False,True
20160307_163627_1_361.jpg,212478,7437,3241,7244,0.40419596027229104,0.5756973694667409,False,False
20160307_163627_641_361.jpg,211753,1254,12837,4556,0.24432884646323805,0.39270783950351246,False,False
20160307_163627_641_721.jpg,222741,124,5268,2267,0.2959916438177308,0.4567801732822889,False,False
20160307_163641_1281_721.jpg,225135,293,4749,223,0.04235517568850902,0.08126822157434402,False,False
20160307_163641_1921_361.jpg,218413,678,7537,3772,0.3146742304162843,0.4787105780823656,False,False
20160307_163641_1_361.jpg,220736,1572,3625,4467,0.4622309602649007,0.6322270186115633,False,False
20160307_163641_1_721.jpg,226147,0,4253,0,0.0,0.0,True,True
20160307_163641_641_721.jpg,217151,1818,6265,5166,0.38991622009208243,0.5610643497149064,False,False
20160307_164143_1281_1081.jpg,216481,126,6392,7401,0.5317192327034989,0.6942776735459663,False,False
20160307_164143_1281_361.jpg,220321,1644,5023,3412,0.3385256473856533,0.5058186939441109,False,False
20160307_164143_1281_721.jpg,213431,3331,10318,3320,0.1956508928045259,0.32727093498940313,False,False
20160307_164143_1921_361.jpg,215523,1499,7605,5773,0.38804866572561675,0.5591283292978209,False,False
20160307_164143_1_721.jpg,215397,3322,6877,4804,0.3202026261414384,0.4850810319583985,False,False
20160307_164143_641_1.jpg,228278,0,2122,0,0.0,0.0,True,True
20160307_164143_641_1081.jpg,207161,13503,6287,3449,0.14841430354146048,0.25846822541966424,False,False
20160307_164143_641_361.jpg,223387,1276,4134,1603,0.2285755026379581,0.3720984215413185,False,False
20160307_164143_641_721.jpg,224548,55,5797,0,0.0,0.0,False,True
20160307_164214_1281_1.jpg,219575,330,8876,1619,0.14956120092378752,0.26020572163291544,False,False
20160307_164214_1281_1081.jpg,216018,3963,2462,7957,0.5532610207203449,0.7123864094185057,False,False
20160307_164214_1281_361.jpg,194937,2124,17194,16145,0.45526323210106306,0.6256781894279957,False,False
20160307_164214_1281_721.jpg,202847,673,5302,21578,0.7831452110477988,0.8783863548472451,False,False
20160307_164214_1921_1.jpg,225945,392,3302,761,0.1708193041526375,0.29179447852760737,False,False
20160307_164214_1921_1081.jpg,221770,3083,460,5087,0.5894553881807648,0.7417073704162718,False,False
20160307_164214_1921_361.jpg,226338,250,3104,708,0.17429837518463812,0.2968553459119497,False,False
20160307_164214_1_1081.jpg,216291,6428,2917,4764,0.33765681479906445,0.5048481958353203,False,False
20160307_164214_1_721.jpg,204473,380,21140,4407,0.16997724379989973,0.29056504252653786,False,False
20160307_164214_641_1081.jpg,223258,2406,908,3828,0.5359843181181742,0.6979033728350046,False,False
20160307_164214_641_361.jpg,208228,355,16303,5514,0.24869204401948403,0.3983240627031713,False,False
20160307_164214_641_721.jpg,228824,0,1576,0,0.0,0.0,True,True
20160307_164226_1281_361.jpg,219901,1830,2596,6073,0.5784360415277645,0.7329230026550808,False,False
20160307_164226_1281_721.jpg,202990,423,19889,7098,0.2589565851878876,0.41138286774081373,False,False
20160307_164226_1921_1081.jpg,224023,2109,995,3273,0.5132507448643563,0.6783419689119171,False,False
20160307_164226_1921_361.jpg,208954,3446,7613,10387,0.4843327427026019,0.6525932208714227,False,False
20160307_164226_1921_721.jpg,211976,1318,9522,7584,0.41163699522362135,0.5832051676407259,False,False
20160307_164226_1_1.jpg,213215,6433,1234,9518,0.5538551061972651,0.7128787027674793,False,False
20160307_164226_1_361.jpg,215404,5734,1052,8210,0.5474793278207521,0.707575626993019,False,False
20160307_164226_1_721.jpg,207926,1522,6786,14166,0.6303283794607102,0.7732532751091703,False,False
20160307_164226_641_1.jpg,227294,0,3059,47,0.015132002575660013,0.029812876625436094,False,False
20160307_164226_641_1081.jpg,204298,1757,14202,10143,0.3885909125737491,0.5596909918609463,False,False
20160307_164226_641_361.jpg,214814,3354,4466,7766,0.4982676761195945,0.6651250428228845,False,False
20160307_164226_641_721.jpg,199744,2926,13603,14127,0.4608233298538622,0.6309090503092691,False,False
20160307_164301_1281_1081.jpg,203022,2441,4729,20208,0.7381108919570458,0.8493254318497037,False,False
20160307_164301_1281_361.jpg,212479,1140,3456,13325,0.7435410970369957,0.8529091723740638,False,False
20160307_164301_1281_721.jpg,174424,1536,14272,40168,0.7175932542518222,0.8355799633882509,False,False
20160307_164301_1921_721.jpg,198517,1461,4588,25834,0.8102750682181727,0.89519552298283,False,False
20160307_164301_1_1.jpg,210685,1260,4439,14016,0.7109307633781384,0.8310456256855712,False,False
20160307_164301_1_361.jpg,225610,393,956,3441,0.7183716075156577,0.8361073988579759,False,False
20160307_164301_641_361.jpg,203611,2191,4595,20003,0.7466870730523723,0.8549752094375107,False,False
20160307_164319_1281_1081.jpg,224916,2410,464,2610,0.4759299781181619,0.6449221645663454,False,False
20160307_164319_1281_361.jpg,210933,3344,2731,13392,0.6879334257975035,0.8151191454396056,False,False
20160307_164319_1281_721.jpg,227247,443,873,1837,0.5826197272438947,0.7362725450901804,False,False
20160307_164319_1921_361.jpg,218927,1475,1802,8196,0.7143728754467009,0.8333926483298592,False,False
20160307_164319_1_361.jpg,220750,1841,1447,6362,0.6592746113989637,0.7946540094928803,False,False
20160307_164319_641_361.jpg,206474,6577,2265,15084,0.630443868594834,0.7733401691873879,False,False
20160307_164319_641_721.jpg,227668,160,2064,508,0.18594436310395315,0.3135802469135803,False,False
20160307_164334_1281_1.jpg,226416,1273,149,2562,0.6430722891566265,0.7827681026581118,False,False
20160307_164334_1281_361.jpg,217621,2975,1194,8610,0.6737616401909382,0.8050867268221983,False,False
20160307_164334_1921_1.jpg,213680,1546,2318,12856,0.7688995215311005,0.8693535298890993,False,False
20160307_164334_641_1.jpg,221019,1148,1639,6594,0.7029101375119923,0.8255399061032864,False,False
20160307_164334_641_1081.jpg,221023,1351,769,7257,0.7739148981550602,0.8725501983888422,False,False
20160307_164334_641_361.jpg,219544,2114,1923,6819,0.6281319086219602,0.7715983026874116,False,False
20160307_164334_641_721.jpg,215772,3481,2533,8614,0.5888706590101176,0.7412442991136735,False,False
20160307_164400_1281_1.jpg,209405,2601,12526,5868,0.27949511788521075,0.4368834456315378,False,False
20160307_164400_1281_1081.jpg,222495,1885,1289,4731,0.5984819734345351,0.7488129154795822,False,False
20160307_164400_1281_361.jpg,220863,872,2035,6630,0.6951871657754011,0.8201892744479495,False,False
20160307_164400_1281_721.jpg,222482,3043,1135,3740,0.47234150037888356,0.6416194887630812,False,False
20160307_164400_641_1.jpg,218514,1542,3909,6435,0.5413932357395255,0.7024725724578352,False,False
20160307_164400_641_1081.jpg,215956,580,11185,2679,0.18547493769039047,0.31291245692927644,False,False
20160307_164400_641_361.jpg,217011,552,4952,7885,0.5889162745537382,0.741280436213218,False,False
20160307_164400_641_721.jpg,213911,1547,5370,9572,0.5805082175996119,0.7345842446567669,False,False
20160307_164517_1281_361.jpg,224214,1986,925,3275,0.5294212738441643,0.692315822851707,False,False
20160307_164517_1921_361.jpg,220690,1805,1452,6453,0.6645726055612771,0.7984903792612758,False,False
20160307_164517_641_1.jpg,224898,1997,204,3301,0.5999636495819702,0.7499716005907077,False,False
20160307_164517_641_1081.jpg,223828,1574,622,4376,0.6658551430310408,0.7994154183412495,False,False
20160307_164517_641_361.jpg,223729,4018,688,1965,0.2945585369509819,0.4550717924965262,False,False
20160307_164517_641_721.jpg,224036,52,5926,386,0.0606536769327467,0.11437037037037037,False,False
20160308_072824_1281_361.jpg,217821,1337,2293,8949,0.7114238015740519,0.8313823857302118,False,False
20160308_072824_1281_721.jpg,215183,3303,2456,9458,0.6215416967864889,0.7666058763931104,False,False
20160308_072824_1921_361.jpg,204893,2683,4827,17997,0.7055710197200769,0.8273721956601692,False,False
20160308_072824_1_1.jpg,216688,3591,656,9465,0.6902712952158693,0.8167579928377271,False,False
20160308_072824_641_1.jpg,218512,3393,181,8314,0.6993606998654105,0.8230868230868231,False,False
20160308_072824_641_1081.jpg,207345,5265,2194,15596,0.6764693125135546,0.8070166360508136,False,False
20160308_072824_641_361.jpg,218251,3591,977,7581,0.6240019754712322,0.7684744044602129,False,False
20160308_072824_641_721.jpg,204239,6353,3224,16584,0.6339207216849508,0.7759504035559714,False,False
20160308_072921_1281_1.jpg,214055,2048,4195,10102,0.6180483328234935,0.7639429803002231,False,False
20160308_072921_1281_1081.jpg,227823,195,320,2062,0.8001552192471867,0.8889846949773658,False,False
20160308_072921_1281_361.jpg,225726,734,2723,1217,0.2603765511339324,0.41317263622474965,False,False
20160308_072921_1281_721.jpg,226027,898,2643,832,0.19025840384175624,0.3196926032660903,False,False
20160308_072921_641_1.jpg,208976,5275,1444,14705,0.6863797610156833,0.8140275125245647,False,False
20160308_072921_641_1081.jpg,205212,3911,3416,17861,0.7091075115134191,0.8297986015935329,False,False
20160308_072921_641_361.jpg,211041,4124,2473,12762,0.6592282659228266,0.794620341832446,False,False
20160308_072921_641_721.jpg,210011,2924,5121,12344,0.6054244935994899,0.7542235664314301,False,False
20160308_072927_1281_1.jpg,217761,4196,1599,6844,0.5414985362766042,0.7025612072062823,False,False
20160308_072927_1281_1081.jpg,216175,8098,508,5619,0.39500878734622147,0.5663172747429953,False,False
20160308_072927_1281_361.jpg,215012,6688,1454,7246,0.470886404990902,0.6402756914376602,False,False
20160308_072927_1281_721.jpg,217050,4374,1213,7763,0.581498127340824,0.735376308435561,False,False
20160308_072927_641_1.jpg,217345,3321,2263,7471,0.5722711604749138,0.7279547890480367,False,False
20160308_072927_641_1081.jpg,216461,7096,418,6425,0.4609369395222039,0.6310155175800433,False,False
20160308_072927_641_361.jpg,216220,4509,2602,7069,0.49851904090267984,0.6653489575980046,False,False
20160308_072927_641_721.jpg,213715,9501,590,6594,0.3952052741983818,0.566519180377164,False,False
20160308_072944_1281_721.jpg,205263,3442,4511,17184,0.6836137963957513,0.81207910966187,False,False
20160308_072944_1921_1.jpg,212502,2408,2691,12799,0.7151078332774612,0.8338925627911522,False,False
20160308_072944_1921_361.jpg,211035,3135,2671,13559,0.7001807384456493,0.823654476977281,False,False
20160308_072944_1_361.jpg,211081,2978,2012,14329,0.7417050571975775,0.8516999524488825,False,False
20160308_072944_641_1081.jpg,216886,2045,5417,6052,0.4478318780523901,0.6186241439231319,False,False
20160308_072944_641_361.jpg,217008,527,3872,8993,0.6715203106332138,0.8034844762117489,False,False
20160308_072944_641_721.jpg,206163,2693,4537,17007,0.7016957544250526,0.8247017748036078,False,False
20160308_072951_1281_1.jpg,228313,1,1422,664,0.31816003833253476,0.4827335514358415,False,False
20160308_072951_1281_361.jpg,212358,1703,10049,6290,0.3486309721760337,0.5170146309386816,False,False
20160308_072951_1281_721.jpg,197457,7727,3304,21912,0.6651488935433931,0.7989062072737216,False,False
20160308_072951_1921_361.jpg,222573,1963,2646,3218,0.41114092244793665,0.5827071072883657,False,False
20160308_072951_1921_721.jpg,194390,6028,8126,21856,0.6069425159677867,0.7554004078388,False,False
20160308_072951_1_1.jpg,220328,399,3759,5914,0.5871723590150913,0.7398974102339547,False,False
20160308_072951_1_1081.jpg,197884,4281,4571,23664,0.7277647927174314,0.842435030259879,False,False
20160308_072951_641_1.jpg,209017,2127,9381,9875,0.4618154608801384,0.6318382494081515,False,False
20160308_072951_641_1081.jpg,223553,1660,2138,3049,0.44530451292536877,0.6162085691188359,False,False
20160308_072951_641_361.jpg,207368,4153,8869,10010,0.43461271274748176,0.605895526905151,False,False
20160308_072951_641_721.jpg,183918,6017,14875,25590,0.5505356912353169,0.7101232101232101,False,False
20160308_073245_1281_1.jpg,225890,1870,567,2073,0.45964523281596453,0.6298040407109221,False,False
20160308_073245_1281_1081.jpg,228909,0,1491,0,0.0,0.0,True,True
20160308_073245_1281_361.jpg,216910,437,5222,7831,0.5805040770941438,0.7345809295999249,False,False
20160308_073245_1281_721.jpg,206988,3315,5946,14151,0.6044336237826755,0.7534541969491255,False,False
20160308_073245_1921_361.jpg,205184,7177,3793,14246,0.5649587563451777,0.72201104860372,False,False
20160308_073245_1921_721.jpg,203623,4980,8754,13043,0.487097135601449,0.6550979407332999,False,False
20160308_073245_1_1081.jpg,218066,441,8494,3399,0.2755796983946814,0.4320854255386767,False,False
20160308_073245_1_361.jpg,216132,2292,3185,8791,0.6161340061676479,0.762478858580164,False,False
20160308_073245_1_721.jpg,212396,2251,4080,11673,0.6483559209064652,0.7866698116386427,False,False
20160308_073245_641_1.jpg,226809,1237,916,1438,0.40044555834029516,0.5718830781467489,False,False
20160308_073245_641_361.jpg,218530,1090,2876,7904,0.6658803706823926,0.7994335996763426,False,False
20160308_073245_641_721.jpg,202574,2505,7459,17862,0.6419176309925968,0.7819120994571879,False,False
20160308_073310_1281_361.jpg,216045,3068,4629,6658,0.4638105189829328,0.6337029457954599,False,False
20160308_073310_1281_721.jpg,222092,994,5304,2010,0.24193548387096775,0.38961038961038963,False,False
20160308_073310_1921_721.jpg,211395,4072,3868,11065,0.5822152065245988,0.7359494512803458,False,False
20160308_073310_1_1.jpg,222177,1963,3316,2944,0.3580201872795817,0.5272678427509626,False,False
20160308_073310_1_1081.jpg,215202,1458,5863,7877,0.5182918805105935,0.68273022751896,False,False
20160308_073310_1_361.jpg,224857,2807,714,2022,0.36478441277286666,0.5345670852610708,False,False
20160308_073310_641_1081.jpg,225635,633,1485,2647,0.5555089192025183,0.7142471667566109,False,False
20160308_073310_641_361.jpg,219676,2292,3239,5193,0.4842409548675867,0.6525098950807313,False,False
20160308_073310_641_721.jpg,216112,2152,5573,6563,0.45933650615901456,0.6295141719821591,False,False
20160308_073406_1281_721.jpg,206590,2766,11544,9500,0.3989920201595968,0.570399279495647,False,False
20160308_073406_1921_721.jpg,210007,3872,7486,9035,0.44304418182709754,0.6140410493407639,False,False
20160308_073406_1_361.jpg,189856,1689,12666,26189,0.6459402131018153,0.7848890354097673,False,False
20160308_073406_641_361.jpg,211411,1877,13679,3433,0.1807888777713413,0.30621710819730624,False,False
20160308_073406_641_721.jpg,219501,2956,3744,4199,0.3852647031837783,0.5562326135912041,False,False
20160308_073532_1281_721.jpg,214511,934,4414,10541,0.6634149411542577,0.7976541808550889,False,False
20160308_073532_1921_1081.jpg,218349,956,7886,3209,0.26628495560534393,0.42057667103538665,False,False
20160308_073532_1921_721.jpg,220367,4005,2464,3564,0.3552277484301804,0.5242332867544311,False,False
20160308_073532_1_361.jpg,190637,808,18988,19967,0.5021502401730251,0.6685752553155868,False,False
20160308_073532_1_721.jpg,226856,0,3544,0,0.0,0.0,True,True
20160308_073532_641_361.jpg,221656,1610,2382,4752,0.5434583714547118,0.7042086544161233,False,False
20160308_073532_641_721.jpg,209591,1446,6424,12939,0.6217982603681099,0.766800995614555,False,False
20160308_073736_1281_361.jpg,209710,4609,3598,12483,0.603334944417593,0.7526000060289995,False,False
20160308_073736_1921_361.jpg,219313,3494,1884,5709,0.5149273924415982,0.6798047154084306,False,False
20160308_073736_1921_721.jpg,210633,9361,1357,9049,0.45778317397683005,0.6280538589672404,False,False
20160308_073736_1_361.jpg,227439,440,2285,236,0.07970280310705842,0.14763841101032218,False,False
20160308_073736_1_721.jpg,200051,12339,2299,15711,0.5176776829549573,0.682197134172818,False,False
20160308_073736_641_1.jpg,224347,1253,4234,566,0.09350735172641665,0.1710228131137634,False,False
20160308_073736_641_361.jpg,216164,461,8591,5184,0.3641472323686429,0.5338825952626158,False,False
20160308_073736_641_721.jpg,214222,2473,5775,7930,0.49017183829892447,0.6578729052596648,False,False
20160308_074101_1281_1.jpg,221842,1879,1133,5546,0.6480486094881982,0.7864435621100397,False,False
20160308_074101_1281_1081.jpg,219714,2051,2440,6195,0.5797304884896126,0.7339612582192998,False,False
20160308_074101_1281_361.jpg,221392,873,4423,3712,0.41207815275310833,0.5836477987421383,False,False
20160308_074101_1281_721.jpg,222267,2346,2018,3769,0.46342063199311445,0.6333389346328349,False,False
20160308_074101_1_1.jpg,228931,4,1441,24,0.016337644656228726,0.032150033489618215,False,False
20160308_074101_641_361.jpg,222579,82,7147,592,0.07569364531389848,0.14073457743967668,False,False
20160308_074134_1281_1.jpg,203943,1020,10313,15124,0.5716445553161734,0.7274476323320748,False,False
20160308_074134_1281_361.jpg,201158,2008,10277,16957,0.5798850967786061,0.7340851533582978,False,False
20160308_074134_1281_721.jpg,182031,6048,11256,31065,0.6422502015753891,0.7821587733212478,False,False
20160308_074134_1921_1081.jpg,215420,2845,4450,7685,0.5130173564753004,0.6781380983895875,False,False
20160308_074134_1921_361.jpg,229397,0,1003,0,0.0,0.0,True,True
20160308_074134_1921_721.jpg,188627,5100,9606,27067,0.647954420319345,0.7863742010459035,False,False
20160308_074134_1_721.jpg,173822,5160,21489,29929,0.5289865318675103,0.6919440045314252,False,False
20160308_074134_641_361.jpg,201031,7172,2587,19610,0.6677108515781947,0.8007513424120541,False,False
20160308_074134_641_721.jpg,196772,5436,5997,22195,0.6600154633043892,0.7951919459720903,False,False
20160308_074321_1281_361.jpg,208711,2777,5131,13781,0.6353912121351837,0.7770510290386242,False,False
20160308_074321_1281_721.jpg,219199,1709,5507,3985,0.3557718060887421,0.5248254971684446,False,False
20160308_074321_1921_361.jpg,226904,924,472,2100,0.6006864988558352,0.7505360972122945,False,False
20160308_074321_1921_721.jpg,213663,3186,1747,11804,0.7052637868196212,0.8271609263866018,False,False
20160308_074321_1_1.jpg,225566,893,1398,2543,0.5260653702937526,0.6894401518232344,False,False
20160308_074321_1_361.jpg,223356,2658,1302,3084,0.43781942078364566,0.6090047393364929,False,False
20160308_074321_641_1081.jpg,218161,3881,2724,5634,0.4603317264482392,0.6304481620321155,False,False
20160308_074321_641_361.jpg,214435,4169,1523,10273,0.6434700908236768,0.7830627334400487,False,False
20160308_074321_641_721.jpg,221588,2338,2001,4473,0.5076032682705401,0.6733910425291683,False,False
20160308_074330_1281_721.jpg,204406,8164,2487,15343,0.5902515965222743,0.74233737329753,False,False
20160308_074330_1921_361.jpg,214874,3241,906,11379,0.7328996521963158,0.8458650808399926,False,False
20160308_074330_1921_721.jpg,210460,2475,7573,9892,0.49608826479438317,0.6631804773397694,False,False
20160308_074330_1_361.jpg,219707,1272,1593,7828,0.7320677078462545,0.8453107283623994,False,False
20160308_074330_1_721.jpg,220386,1037,3789,5188,0.518074695426403,0.682541770819629,False,False
20160308_074330_641_361.jpg,213663,4517,1650,10570,0.6315349226265161,0.7741604716739298,False,False
20160308_074330_641_721.jpg,217541,3512,3840,5507,0.4282603623920989,0.5996950887509529,False,False
20160308_155516_1281_1081.jpg,211191,840,12702,5667,0.2950179603310948,0.4556198745779064,False,False
20160308_155516_1281_721.jpg,187259,1607,30527,11007,0.2551401219257783,0.4065524119081037,False,False
20160308_155516_1921_721.jpg,208835,2742,7928,10895,0.5052167864595409,0.6712877387553913,False,False
20160308_155516_1_1.jpg,193785,1990,30842,3783,0.10331831216714461,0.1872864993316501,False,False
20160308_155516_1_1081.jpg,210358,42,19827,173,0.008631873066560224,0.017116002968093,False,False
20160308_155516_1_361.jpg,211779,2645,12050,3926,0.21083722678696096,0.34825032155053887,False,False
20160308_155516_1_721.jpg,206000,496,23538,366,0.015,0.029556650246305417,False,False
20160308_155516_641_1.jpg,216815,1599,6421,5565,0.409642988590357,0.581201044386423,False,False
20160308_155516_641_361.jpg,195556,3109,24199,7536,0.2162782688554701,0.3556394525719679,False,False
20160308_155516_641_721.jpg,187461,1638,28368,12933,0.30119471808845105,0.46295103092783507,False,False
20160308_155537_1281_361.jpg,223145,2205,366,4684,0.6456237077877326,0.7846553312672753,False,False
20160308_155537_1281_721.jpg,226347,1093,498,2462,0.6074512706637059,0.7557943207981581,False,False
20160308_155537_1921_361.jpg,213768,1930,2431,12271,0.7377946127946128,0.8491160087188181,False,False
20160308_155537_1_721.jpg,215385,3074,2734,9207,0.6131868131868132,0.7602179836512262,False,False
20160308_155537_641_721.jpg,208987,2861,1564,16988,0.7933498342128613,0.884768625817036,False,False
20160308_155731_1281_1.jpg,207011,429,2729,20231,0.8649792637564667,0.9276020174232004,False,False
20160308_155731_1281_361.jpg,203457,5497,3721,17725,0.6578703188212152,0.7936330258798244,False,False
20160308_155731_1281_721.jpg,215472,3051,2840,9037,0.6053724544480171,0.7541831838097225,False,False
20160308_155731_641_1.jpg,210961,1804,4930,12705,0.6535830032409075,0.7905052264808362,False,False
20160308_155731_641_1081.jpg,213365,2650,2114,12271,0.7203404754916348,0.8374394321981846,False,False
20160308_155731_641_361.jpg,220164,3167,580,6489,0.6339390386869871,0.7759641255605381,False,False
20160308_155731_641_721.jpg,219466,856,4515,5563,0.5087799524419243,0.6744256531490574,False,False
20160308_155737_1281_1.jpg,212480,1807,5937,10176,0.5678571428571428,0.724373576309795,False,False
20160308_155737_1281_1081.jpg,225896,19,4135,350,0.07770870337477798,0.1442109600329625,False,False
20160308_155737_1281_361.jpg,223597,50,5859,894,0.1314126120829046,0.2322982980381967,False,False
20160308_155737_1281_721.jpg,217999,3158,1987,7256,0.5851141037013144,0.7382611792236862,False,False
20160308_155737_1921_1.jpg,218237,274,8405,3484,0.2864424895173888,0.44532498242474594,False,False
20160308_155737_1921_1081.jpg,218611,1552,2510,7727,0.6554415132750869,0.7918630866980939,False,False
20160308_155737_1921_721.jpg,220708,994,4396,4302,0.4438712340074288,0.6148349292553952,False,False
20160308_155737_1_1.jpg,213404,1586,3020,12390,0.728995057660626,0.8432586946164841,False,False
20160308_155737_1_1081.jpg,216680,1882,4009,7829,0.5706268221574344,0.7266230451529073,False,False
20160308_155737_641_1.jpg,217261,1569,4140,7430,0.5654920465788873,0.722446399922213,False,False
20160308_155737_641_1081.jpg,221623,1028,3433,4316,0.4917397744103908,0.6592835866493546,False,False
20160308_155737_641_361.jpg,229101,213,1086,0,0.0,0.0,False,True
20160308_155737_641_721.jpg,225835,661,406,3498,0.7662650602409639,0.8676671214188267,False,False
20160308_155836_1281_361.jpg,225925,1614,749,2112,0.47195530726256985,0.6412630939729771,False,False
20160308_155836_1281_721.jpg,216620,2844,2368,8568,0.6217706821480407,0.7667800250581708,False,False
20160308_155836_1921_361.jpg,228518,21,1786,75,0.039851222104144525,0.07664793050587634,False,False
20160308_155836_1921_721.jpg,219620,634,5417,4729,0.43868274582560296,0.6098394480624154,False,False
20160308_155836_1_361.jpg,206596,8313,4351,11140,0.46798857334901695,0.637591575091575,False,False
20160308_155836_641_361.jpg,226527,1059,399,2415,0.6235476374903176,0.7681297709923665,False,False
20160308_155836_641_721.jpg,212720,4013,2637,11030,0.623868778280543,0.7683733890630442,False,False
20160308_155847_1281_1081.jpg,220630,1090,5412,3268,0.3344933469805527,0.5013038809633379,False,False
20160308_155847_1281_361.jpg,212590,7876,3519,6415,0.3601909039865244,0.5296181630546956,False,False
20160308_155847_1281_721.jpg,223576,1240,2735,2849,0.4174970691676436,0.5890623384679003,False,False
20160308_155847_1921_1.jpg,224786,2427,1341,1846,0.3288208051300321,0.4949061662198391,False,False
20160308_155847_1921_361.jpg,222358,3975,1107,2960,0.3680676448644616,0.538083984730049,False,False
20160308_155847_1_1.jpg,221902,425,6501,1572,0.1849847022828901,0.312214498510427,False,False
20160308_155847_1_361.jpg,221205,1731,3629,3835,0.41707449700924415,0.5886415963161934,False,False
20160308_155847_641_361.jpg,207468,5273,13943,3716,0.16204430490144775,0.27889522665866107,False,False
20160308_160128_1281_1.jpg,222519,1470,2191,4220,0.535465042507296,0.6974630195851582,False,False
20160308_160128_1281_361.jpg,224501,1027,1036,3836,0.6502797084251568,0.7880842321520287,False,False
20160308_160128_1281_721.jpg,211514,4123,5327,9436,0.49962935507783546,0.666337123084528,False,False
20160308_160128_1921_1.jpg,220083,1219,3693,5405,0.523892604439275,0.6875715557817071,False,False
20160308_160128_1921_1081.jpg,222874,1084,2181,4261,0.5661706085570024,0.7229999151607703,False,False
20160308_160128_1921_361.jpg,219024,2664,3142,5570,0.4896272855133615,0.6573822731027971,False,False
20160308_160128_1921_721.jpg,217784,1037,5203,6376,0.5053899809765378,0.6714406065711879,False,False
20160308_160128_1_721.jpg,207864,8695,3758,10083,0.4474174653887114,0.6182286397498391,False,False
20160308_160128_641_361.jpg,222259,3974,1742,2425,0.2978749539368628,0.4590194964982018,False,False
20160308_160128_641_721.jpg,213770,3314,3424,9892,0.5948286229705352,0.7459467611793983,False,False
20160310_114418_1281_1.jpg,217956,652,10698,1094,0.08791385406621666,0.16161914610725367,False,False
20160310_114418_1281_1081.jpg,224189,0,6211,0,0.0,0.0,True,True
20160310_114418_641_1.jpg,225129,674,3712,885,0.16789982925441094,0.2875243664717349,False,False
20160310_114418_641_1081.jpg,201574,3023,24513,1290,0.04475126621799764,0.08566874750962944,False,False
20160310_114418_641_361.jpg,207480,3001,15107,4812,0.2099476439790576,0.3470359151882302,False,False
20160310_114418_641_721.jpg,199190,3369,25025,2816,0.09022749118872156,0.16552048433550814,False,False
20160310_114425_1281_1081.jpg,217779,890,9849,1882,0.1491165517787814,0.2595325105150659,False,False
20160310_114425_1281_721.jpg,226643,1300,1166,1291,0.3436252328985893,0.5114896988906498,False,False
20160310_114425_641_1.jpg,216995,1246,11668,491,0.03662812383439015,0.0706678180771445,False,False
20160310_114425_641_361.jpg,220622,439,8044,1295,0.13244017181427695,0.23390228483699088,False,False
20160310_114425_641_721.jpg,228792,0,1608,0,0.0,0.0,True,True
20160310_114429_641_1.jpg,222128,762,2189,5321,0.6432543520309478,0.7829029647612742,False,False
20160310_114429_641_1081.jpg,224552,1289,1881,2678,0.4579343365253078,0.6281961060286183,False,False
20160310_114429_641_361.jpg,224763,1740,689,3208,0.5690970374312577,0.7253815715093272,False,False
20160310_114429_641_721.jpg,222779,774,5290,1557,0.20430389712636138,0.3392896055785574,False,False
20160310_114441_641_1.jpg,214581,1568,7434,6817,0.4309374802452747,0.6023148966248454,False,False
20160310_114441_641_1081.jpg,207438,3400,12147,7415,0.3229248323316784,0.488198307930342,False,False
20160310_114441_641_361.jpg,210250,2576,14150,3424,0.1699255583126551,0.29048952235513703,False,False
20160310_114441_641_721.jpg,203558,1723,16938,8181,0.30478354817077713,0.4671787111326842,False,False
20160310_114459_1281_1.jpg,225419,1497,881,2603,0.5225858261393295,0.6864451476793249,False,False
20160310_114459_1281_361.jpg,226853,397,2256,894,0.2520439808288695,0.40261202431884713,False,False
20160310_114459_641_1.jpg,221279,2361,1371,5389,0.5908343383400942,0.7427980702963474,False,False
20160310_114459_641_1081.jpg,221921,2634,1083,4762,0.561622832881236,0.7192810210709161,False,False
20160310_114459_641_361.jpg,221985,3686,2132,2597,0.30861556743909685,0.4716672720668362,False,False
20160310_114459_641_721.jpg,222008,2494,937,4961,0.5911582459485224,0.7430539953568487,False,False
20160310_114658_1281_1081.jpg,226502,226,1773,1899,0.48717290918419703,0.6551664654131447,False,False
20160310_114658_641_1.jpg,224640,938,2267,2555,0.4435763888888889,0.6145520144317499,False,False
20160310_114658_641_1081.jpg,226039,1750,534,2077,0.4762669112588856,0.6452314383348866,False,False
20160310_114658_641_361.jpg,226547,765,2007,1081,0.28056060212821177,0.43818402918524524,False,False
20160310_114658_641_721.jpg,224653,133,4030,1584,0.2756220636854011,0.432137498294912,False,False
20160316_141736_1281_361.jpg,209220,2709,4474,13997,0.6608593012275732,0.7958040765272764,False,False
20160316_141736_1281_721.jpg,228640,482,94,1184,0.6727272727272727,0.8043478260869565,False,False
20160316_141736_1921_361.jpg,215697,2813,2274,9616,0.6540161871726858,0.7908219910358156,False,False
20160316_141736_1_1081.jpg,224403,2019,492,3486,0.5812906453226613,0.7352103764631446,False,False
20160316_141736_1_361.jpg,226242,741,2015,1402,0.3371813371813372,0.50431654676259,False,False
20160316_141736_1_721.jpg,220316,1454,1088,7542,0.7479174930583102,0.8557812322705095,False,False
20160316_141736_641_361.jpg,222360,2439,1221,4380,0.5447761194029851,0.7053140096618358,False,False
20160316_141736_641_721.jpg,215411,2854,1282,10853,0.7240643138301421,0.8399504682300132,False,False
20160316_142027_1281_361.jpg,213809,2851,5840,7900,0.47616177445603036,0.6451349475317464,False,False
20160316_142027_1281_721.jpg,225284,12,4281,823,0.16086786551993745,0.27715103552786663,False,False
20160316_142027_1921_361.jpg,217347,4929,1448,6676,0.5114533057534666,0.6767702367073851,False,False
20160316_142027_1_1081.jpg,223992,433,2114,3861,0.6025280898876404,0.7519719544259421,False,False
20160316_142027_1_361.jpg,220442,552,7793,1613,0.16198031733279775,0.2788004493993605,False,False
20160316_142027_1_721.jpg,220378,975,6480,2567,0.25613649970065855,0.40781634760505203,False,False
20160316_142027_641_721.jpg,203711,1894,11200,13595,0.5093858893176965,0.674957799622679,False,False
20160316_142031_1281_361.jpg,223830,2027,2363,2180,0.3318112633181126,0.4982857142857143,False,False
20160316_142031_1281_721.jpg,227241,805,1071,1283,0.4061411839189617,0.5776677172444845,False,False
20160316_142031_1921_361.jpg,221076,3097,1650,4577,0.49088374088374087,0.6585137759873391,False,False
20160316_142031_1921_721.jpg,227629,474,1005,1292,0.4662576687116564,0.6359832635983264,False,False
20160316_142031_1_361.jpg,226405,978,1268,1749,0.43779724655819774,0.608983286908078,False,False
20160316_142031_1_721.jpg,225429,975,1551,2445,0.49185274592637296,0.6593851132686084,False,False
20160316_142031_641_361.jpg,222802,1697,2578,3323,0.43735193471966305,0.6085523303726765,False,False
20160316_142031_641_721.jpg,228297,128,889,1086,0.5164051355206848,0.6810912511759172,False,False
20160316_142035_1281_361.jpg,226814,792,1033,1761,0.49107640825432236,0.658687114269684,False,False
20160316_142035_1921_361.jpg,221873,1202,5198,2127,0.2494429459364372,0.3992866529003191,False,False
20160316_142035_1_721.jpg,224606,1438,2362,1994,0.3441491197790818,0.5120698510529019,False,False
20160316_142035_641_721.jpg,225796,924,1649,2031,0.4411381407471764,0.6122079879427279,False,False
20160316_144230_1281_1.jpg,209509,2504,9784,8603,0.41180412617873724,0.5833728894012341,False,False
20160316_144230_1281_1081.jpg,205059,2168,7250,15923,0.628349315338779,0.7717623109732454,False,False
20160316_144230_1281_361.jpg,204345,1960,7918,16177,0.6208789099980809,0.7661015343815116,False,False
20160316_144230_1281_721.jpg,216928,1625,2855,8992,0.667458432304038,0.8005698005698005,False,False
20160316_144230_1921_1.jpg,219541,632,3471,6756,0.6221567363477299,0.767073516889015,False,False
20160316_144230_1921_361.jpg,224406,554,1925,3515,0.5864197530864198,0.7392996108949417,False,False
20160316_144230_1_1.jpg,216406,1273,1324,11397,0.8144204659139631,0.8977196644480328,False,False
20160316_144230_1_361.jpg,224967,2,1025,4406,0.8109699981593963,0.8956194735237321,False,False
20160316_144230_641_1.jpg,218551,216,5827,5806,0.4899991560469238,0.6577173605210989,False,False
20160316_144230_641_1081.jpg,223657,183,1719,4841,0.7179297048791339,0.8358080110497238,False,False
20160316_144230_641_361.jpg,205071,1338,9423,14568,0.5751510126732204,0.730280472215956,False,False
20160316_144230_641_721.jpg,221560,805,2801,5234,0.5920814479638009,0.7437828620150633,False,False
20160316_144241_1281_1.jpg,221763,1464,3561,3612,0.4182007641542202,0.5897624295860887,False,False
20160316_144241_1281_721.jpg,206762,1805,5462,16371,0.6925712835265251,0.818365867679772,False,False
20160316_144241_1921_1081.jpg,222976,1225,1807,4392,0.5915948275862069,0.7433987813134733,False,False
20160316_144241_1921_721.jpg,211260,221,5855,13064,0.6825496342737722,0.8113277853682772,False,False
20160316_144241_1_1081.jpg,213356,3196,1825,12023,0.7054095282797466,0.827261155261981,False,False
20160316_144241_1_721.jpg,221785,1290,1967,5358,0.6219384793964017,0.7669076075288056,False,False
20160316_144241_641_1.jpg,229204,0,1196,0,0.0,0.0,True,True
20160316_144241_641_361.jpg,223692,884,2456,3368,0.5020870602265951,0.6685192536720921,False,False
20160316_144241_641_721.jpg,211728,1465,3292,13915,0.7452335047129391,0.8540215423328321,False,False
20160316_144431_1281_1081.jpg,227049,345,979,2027,0.6048940614741868,0.7538118259576051,False,False
20160316_144431_1281_361.jpg,194481,1787,7604,26528,0.7385506278014421,0.8496164747706054,False,False
20160316_144431_1281_721.jpg,197586,1119,12248,19447,0.592643383921497,0.7442260959415242,False,False
20160316_144431_1921_1.jpg,203464,321,5655,20960,0.7781407781407781,0.8752296642725906,False,False
20160316_144431_1921_1081.jpg,206420,2134,4363,17483,0.7290658882402001,0.8433060801196247,False,False
20160316_144431_1921_361.jpg,226608,253,385,3154,0.8317510548523207,0.9081485747192629,False,False
20160316_144431_1_1.jpg,209369,1521,4459,15051,0.7156578384289858,0.8342663932154537,False,False
20160316_144431_1_1081.jpg,221236,140,3638,5386,0.5877346137058054,0.7403436426116838,False,False
20160316_144431_1_721.jpg,206177,3032,4949,16242,0.6705197539528547,0.8027678240454714,False,False
20160316_144431_641_1.jpg,228478,31,459,1432,0.745057232049948,0.8539057841383423,False,False
20160316_144431_641_1081.jpg,204596,1624,6452,17728,0.687025267400403,0.8144813011118258,False,False
20160316_144431_641_361.jpg,202106,1507,7045,19742,0.6977451049692515,0.8219668581896911,False,False
20160316_144431_641_721.jpg,226340,25,1964,2071,0.5100985221674876,0.6755831022671669,False,False
20160318_084343_1281_361.jpg,199556,2230,8007,20607,0.6681040072623525,0.8010339935083867,False,False
20160318_084343_1281_721.jpg,228341,277,689,1093,0.5308402136959689,0.6935279187817259,False,False
20160318_084343_1921_721.jpg,202550,1828,3954,22068,0.7923877917414722,0.8841700388637366,False,False
20160318_084343_1_1081.jpg,226986,1516,1434,464,0.13591095489162272,0.23929860752965446,False,False
20160318_084343_1_721.jpg,196300,5329,8042,20729,0.6078885630498534,0.7561327034963249,False,False
20160318_084343_641_361.jpg,210781,939,2736,15944,0.8126815841786024,0.8966622613390322,False,False
20160318_084343_641_721.jpg,216455,1245,3407,9293,0.6664037289351021,0.7998106549617007,False,False
20160318_181712_1281_721.jpg,220148,852,3677,5723,0.5582325399921967,0.7164945226917058,False,False
20160318_181712_1921_721.jpg,219308,1882,901,8309,0.7490984493328525,0.8565537858873254,False,False
20160318_181712_1_721.jpg,218372,1557,3292,7179,0.5968573328899235,0.7475399593898058,False,False
20160318_181712_641_721.jpg,219010,1383,1850,8157,0.7161545215100966,0.8346037755154243,False,False
20160321_183909_1281_361.jpg,218024,1177,7975,3224,0.2605042016806723,0.41333333333333333,False,False
20160321_183909_1281_721.jpg,223317,1725,1770,3588,0.506565014824227,0.6724768062974417,False,False
20160321_183909_1921_721.jpg,212417,4655,7560,5768,0.32074737251848967,0.4857058650162098,False,False
20160321_183909_1_361.jpg,213420,0,16121,859,0.05058892815076561,0.09630584674028814,False,False
20160321_183909_1_721.jpg,215214,2439,8167,4580,0.3015935730277888,0.4634220378427603,False,False
20160321_183909_641_361.jpg,222252,122,7265,761,0.09339715267550319,0.17083847794365248,False,False
20160321_183909_641_721.jpg,211050,5534,4244,9572,0.49467700258397934,0.6619182629140447,False,False
20160328_154334_1281_361.jpg,211974,6498,1361,10567,0.5734831216758928,0.7289345704135481,False,False
20160328_154334_1281_721.jpg,209231,5030,2801,13338,0.6300722754971892,0.7730605384414756,False,False
20160328_154334_1921_361.jpg,205213,4829,6713,13645,0.5417477270020249,0.7027709105892048,False,False
20160328_154334_1921_721.jpg,202549,7701,4608,15542,0.5580410039136835,0.7163367363399626,False,False
20160328_154334_1_1.jpg,222207,1254,991,5948,0.7259855974612474,0.8412417792235344,False,False
20160328_154334_1_361.jpg,209989,4558,3568,12285,0.6018813384939493,0.7514680694886224,False,False
20160328_154334_1_721.jpg,226191,1523,1796,890,0.21145165122356854,0.3490880564816631,False,False
20160328_154334_641_1.jpg,219551,3680,799,6370,0.5871508894829016,0.739880364713398,False,False
20160328_154334_641_1081.jpg,227059,161,3061,119,0.03561807841963484,0.06878612716763005,False,False
20160328_154334_641_361.jpg,222562,1821,562,5455,0.6959683592753253,0.8207327164673136,False,False
20160328_154334_641_721.jpg,214742,3943,2400,9315,0.5949035636735215,0.7460056861410324,False,False
20160328_154339_1281_1081.jpg,228632,619,58,1091,0.6170814479638009,0.7632039174536551,False,False
20160328_154339_1281_361.jpg,212262,3593,1982,12563,0.6926342485389789,0.8184098237842415,False,False
20160328_154339_1281_721.jpg,215527,4391,623,9859,0.6628790425603442,0.797266699013424,False,False
20160328_154339_1921_1081.jpg,213205,5480,1032,10683,0.6212852573422507,0.7664107898701485,False,False
20160328_154339_1921_361.jpg,209225,3756,3266,14153,0.6683825265643447,0.8012341485507246,False,False
20160328_154339_1921_721.jpg,229029,282,405,684,0.4989059080962801,0.6656934306569343,False,False
20160328_154339_1_361.jpg,191921,5659,4801,28019,0.7281634138101302,0.8427020361514632,False,False
20160328_154339_1_721.jpg,224122,834,884,4560,0.7263459700541574,0.8414836685735375,False,False
20160328_154339_641_361.jpg,202035,3664,3260,21441,0.7558963511369645,0.8609806047464161,False,False
20160328_154352_1281_1081.jpg,217014,3996,2928,6462,0.48274316450022414,0.651148730350665,False,False
20160328_154352_1281_361.jpg,205910,3805,5565,15120,0.6173948550428746,0.7634435748548346,False,False
20160328_154352_1281_721.jpg,203690,3439,6252,17019,0.637177087233246,0.7783850533970592,False,False
20160328_154352_1921_361.jpg,191134,5541,6192,27533,0.7011918708297254,0.824353657988892,False,False
20160328_154352_1_1.jpg,203413,4524,3571,18892,0.7000407603661022,0.8235576189542057,False,False
20160328_154352_1_361.jpg,221101,1282,1945,6072,0.6529734380040865,0.7900592023941188,False,False
20160328_154352_641_1.jpg,222224,4379,735,3062,0.37451076320939336,0.5449368214984873,False,False
20160328_154352_641_361.jpg,201823,5184,3204,20189,0.7064772369387969,0.8279949144896034,False,False
20160328_154356_1281_361.jpg,218401,1561,2131,8307,0.6923076923076923,0.8181818181818182,False,False
20160328_154356_1281_721.jpg,196224,7522,3224,23430,0.6855688202247191,0.8134569315696282,False,False
20160328_154356_1921_721.jpg,183316,10743,11637,24704,0.5246792965763316,0.6882487323786706,False,False
20160328_154356_1_1081.jpg,204680,4068,5742,15910,0.6185847589424572,0.7643526303146769,False,False
20160328_154356_641_1.jpg,196977,5302,5924,22197,0.6641235077641146,0.7981661272923409,False,False
20160328_154356_641_1081.jpg,218216,607,4079,7498,0.6153972422849638,0.7619144395894726,False,False
20160328_154356_641_361.jpg,213856,3850,1320,11374,0.6875,0.8148148148148148,False,False
20160328_154356_641_721.jpg,209561,971,6239,13629,0.6540141081625798,0.7908204711616572,False,False
20160328_154429_1281_361.jpg,203518,2085,6432,18365,0.6831708950226918,0.8117665259575221,False,False
20160328_154429_1281_721.jpg,201530,3397,4180,21293,0.7375476272947696,0.848952415126687,False,False
20160328_154429_1921_721.jpg,187737,12362,7570,22731,0.5328036003094015,0.69520139462336,False,False
20160328_154429_1_1.jpg,203812,2598,2914,21076,0.7926884308710697,0.8843571668345083,False,False
20160328_154429_641_1.jpg,227612,207,1098,1483,0.5319225251076041,0.6944509482556779,False,False
20160328_154429_641_361.jpg,196406,3504,11218,19272,0.566923574748485,0.7236135621221792,False,False
20160328_154429_641_721.jpg,217270,1311,2763,9056,0.6897182025894897,0.8163706842152709,False,False
20160328_154452_1281_721.jpg,190264,548,9384,30204,0.7525413593781144,0.8588001137332955,False,False
20160328_154452_1921_361.jpg,220578,2271,540,7011,0.7138057422113623,0.8330065941899839,False,False
20160328_154452_1921_721.jpg,195533,1881,6906,26080,0.747985200906301,0.8558255533496316,False,False
20160328_154452_1_361.jpg,195339,2000,9335,23726,0.6767063118564787,0.8071852620477317,False,False
20160328_154452_641_361.jpg,227966,292,779,1363,0.5599835661462613,0.7179352120094812,False,False
20160328_154452_641_721.jpg,186461,567,11973,31399,0.7146043378319944,0.8335501340624917,False,False
20160328_154454_1281_361.jpg,181259,414,11940,36787,0.7486009645713355,0.8562284703472675,False,False
20160328_154454_1921_361.jpg,209628,202,6306,14264,0.6866936260350471,0.8142482018495262,False,False
20160328_154454_1921_721.jpg,194557,5592,3219,27032,0.7541779426945289,0.8598648111332008,False,False
20160328_154454_1_361.jpg,202584,3489,7891,16436,0.590882945067587,0.7428364819669168,False,False
20160328_154454_1_721.jpg,228252,38,1015,1095,0.5097765363128491,0.6753006475485661,False,False
20160328_154454_641_361.jpg,191159,881,11248,27112,0.6909100175836498,0.8172049492863924,False,False
20160328_154535_1281_721.jpg,203323,4179,6322,16576,0.6121800790338664,0.7594437953863423,False,False
20160328_154535_1921_361.jpg,216329,926,6778,6367,0.4524909388103191,0.6230550934533712,False,False
20160328_154535_1921_721.jpg,210789,2281,6603,10727,0.5469889347815001,0.7071659305161844,False,False
20160328_154535_1_361.jpg,187235,3758,3803,35604,0.8248349357118036,0.9040104609681474,False,False
20160328_154535_641_361.jpg,214626,1708,5496,8570,0.5432990997844555,0.7040749260598094,False,False
20160328_154535_641_721.jpg,217447,499,2475,9979,0.7704006793792944,0.8703122274550846,False,False
20160328_154540_1281_361.jpg,205546,2871,2046,19937,0.8021646415063973,0.890223482396017,False,False
20160328_154540_1281_721.jpg,211749,3706,4558,10387,0.5569138384000858,0.7154073972036642,False,False
20160328_154540_1921_1081.jpg,227530,1104,686,1080,0.37630662020905925,0.5468354430379747,False,False
20160328_154540_1921_721.jpg,202643,4954,6320,16483,0.5938321864754836,0.7451627486437613,False,False
20160328_154540_1_361.jpg,187488,4600,5742,32570,0.7589951528709918,0.8629872022468933,False,False
20160328_154540_641_361.jpg,187203,5637,5685,31875,0.7378984651711924,0.8491847826086957,False,False
20160329_093920_1281_361.jpg,202931,5314,1532,20623,0.750773599330154,0.8576478416368627,False,False
20160329_093920_1281_721.jpg,228156,81,1496,667,0.29723707664884136,0.4582617657162487,False,False
20160329_093920_1921_361.jpg,198197,9411,979,21813,0.6773592522435798,0.8076495853080569,False,False
20160329_093920_1_361.jpg,202718,3458,8675,15549,0.561700744165884,0.719344914528926,False,False
20160329_093920_1_721.jpg,209628,1596,10619,8557,0.41194877720007705,0.5835180197074568,False,False
20160329_093920_641_361.jpg,196730,12594,2876,18200,0.5405405405405406,0.7017543859649122,False,False
20160329_093920_641_721.jpg,220048,3419,1861,5072,0.4899536321483771,0.6576763485477178,False,False
20160329_093924_1281_361.jpg,200343,7103,7601,15353,0.5107961539741158,0.6761946707773618,False,False
20160329_093924_1281_721.jpg,209461,1416,8265,11258,0.5376570036773485,0.6993198124048824,False,False
20160329_093924_1921_361.jpg,183834,9049,5845,31672,0.6801529012584289,0.8096321480610446,False,False
20160329_093924_1921_721.jpg,220920,1368,1686,6426,0.6778481012658227,0.8079969822708412,False,False
20160329_093924_1_361.jpg,203956,6611,2301,17532,0.6629859325366813,0.7973440058213571,False,False
20160329_093924_641_1.jpg,225297,1070,713,3320,0.6505976876347247,0.7883177015315208,False,False
20160329_093924_641_361.jpg,198451,8954,5694,17301,0.5415192963786034,0.7025786802030457,False,False
20160329_094003_1281_361.jpg,206241,2688,2032,19439,0.8046276749865474,0.8917381531262902,False,False
20160329_094003_1921_361.jpg,206278,5744,1490,16888,0.7001077854240942,0.8236039990246281,False,False
20160329_094003_1_721.jpg,200547,3208,2337,24308,0.8142565236324657,0.8976200587138347,False,False
20160329_094003_641_361.jpg,214513,5679,1963,8245,0.5189777805753132,0.6833250455826289,False,False
20160329_094003_641_721.jpg,220831,2248,139,7182,0.7505486466715435,0.8575010447137484,False,False
20160329_094006_1281_1.jpg,222614,1411,1847,4528,0.5815566401232982,0.7354230956634725,False,False
20160329_094006_1281_1081.jpg,225845,666,910,2979,0.6540065861690451,0.7908149721263605,False,False
20160329_094006_1281_361.jpg,202286,3521,5938,18655,0.6635484100448176,0.7977506467959545,False,False
20160329_094006_1281_721.jpg,213306,3330,1741,12023,0.7033462033462033,0.825840574234983,False,False
20160329_094006_1921_361.jpg,203104,2973,4096,20227,0.741024325908558,0.8512509732129706,False,False
20160329_094006_1_721.jpg,213245,3611,1686,11858,0.6912270475080151,0.8174266708027436,False,False
20160329_094006_641_1081.jpg,225401,1238,514,3247,0.6495299059811962,0.7875333495027892,False,False
20160329_094006_641_361.jpg,210426,1684,4242,14048,0.7033143086011815,0.8258185879724884,False,False
20160329_094006_641_721.jpg,225807,745,1288,2560,0.5573699107337252,0.7157835873060254,False,False
20160329_094010_1281_361.jpg,211015,3694,347,15344,0.7915398503997937,0.8836419130985632,False,False
20160329_094010_1921_361.jpg,209607,3964,842,15987,0.7688645217140384,0.869331158238173,False,False
20160329_094010_1_361.jpg,202999,8777,500,18124,0.6614357140250355,0.7962218561230093,False,False
20160329_094010_641_361.jpg,217497,4202,218,8483,0.6574440052700923,0.7933227344992051,False,False
20160329_094010_641_721.jpg,218169,3129,233,8869,0.7251246831820783,0.8406635071090047,False,False
20160329_094016_1281_361.jpg,189749,3158,4892,32601,0.8019728911957885,0.8901053896139355,False,False
20160329_094016_1281_721.jpg,228357,440,700,903,0.4419970631424376,0.6130346232179226,False,False
20160329_094016_1921_361.jpg,192112,4312,7000,26976,0.7045549519431675,0.8266732042167197,False,False
20160329_094016_1921_721.jpg,223517,2906,1110,2867,0.41653348830451836,0.5881025641025641,False,False
20160329_094016_1_361.jpg,189535,4966,6617,29282,0.7165545087483176,0.8348753332287909,False,False
20160329_094016_641_361.jpg,187461,3837,9453,29649,0.6904911618808076,0.8169118862621921,False,False
20160329_094025_1281_361.jpg,197336,5500,2170,25394,0.7680256472296153,0.8687946902049335,False,False
20160329_094025_1281_721.jpg,225785,3049,89,1477,0.3200433369447454,0.4848982271831911,False,False
20160329_094025_1921_361.jpg,218052,2994,1564,7790,0.6308713961775186,0.7736617340351574,False,False
20160329_094025_1921_721.jpg,214908,3560,1894,10038,0.6479473276529821,0.7863689776733255,False,False
20160329_094025_1_1081.jpg,222714,622,2002,5062,0.658600052042675,0.7941637903984938,False,False
20160329_094025_1_361.jpg,207490,6289,5678,10943,0.47765168048886947,0.6465010486515228,False,False
20160329_094025_1_721.jpg,205502,1213,8119,15566,0.6251907783757732,0.7693752471332542,False,False
20160329_094025_641_361.jpg,194974,9364,4832,21230,0.5992773669056625,0.7494351878000565,False,False
20160329_094025_641_721.jpg,226365,362,1204,2469,0.6118959107806692,0.7592250922509225,False,False
20160329_094055_1281_1.jpg,223209,3577,1125,2489,0.3461271033235989,0.5142561983471075,False,False
20160329_094055_1281_361.jpg,207205,6850,1152,15193,0.655011856003449,0.7915494425341253,False,False
20160329_094055_1921_1.jpg,226525,1073,540,2262,0.583741935483871,0.737167997392863,False,False
20160329_094055_1921_361.jpg,213218,5805,1251,10126,0.5893376789663601,0.7416141789951662,False,False
20160329_094055_1_361.jpg,209200,5623,2767,12810,0.6042452830188679,0.753307850632167,False,False
20160329_094055_1_721.jpg,220438,2047,2139,5776,0.579803252358964,0.7340195704663871,False,False
20160329_094055_641_361.jpg,201575,11767,2192,14866,0.5157328707718994,0.6805062827584628,False,False
20160329_094452_1281_1.jpg,183964,4341,7552,34543,0.743884055474201,0.8531347633337037,False,False
20160329_094452_1281_1081.jpg,226207,744,1120,2329,0.5554495587884569,0.714198098742717,False,False
20160329_094452_1281_361.jpg,190324,3157,5344,31575,0.7878780317396946,0.8813554591003615,False,False
20160329_094452_1281_721.jpg,196672,6212,3870,23646,0.7010792220113852,0.824275804371318,False,False
20160329_094452_1921_1.jpg,217776,2710,752,9162,0.7257604562737643,0.8410906086477554,False,False
20160329_094452_1921_1081.jpg,190304,6042,5695,28359,0.7072775339185954,0.8285442991746402,False,False
20160329_094452_1921_721.jpg,208785,4010,3299,14306,0.6618551931529031,0.7965257091951783,False,False
20160329_094452_1_1081.jpg,209060,6847,2053,12440,0.5829428303655108,0.7365304914150385,False,False
20160329_094452_1_721.jpg,220211,1978,1114,7097,0.6965354794386103,0.8211269235219253,False,False
20160329_094452_641_361.jpg,210170,8220,3817,8193,0.4049925852694019,0.5765049431798192,False,False
20160329_094452_641_721.jpg,194701,7826,3113,24760,0.6935768508921819,0.8190674672091831,False,False
20160329_094459_1281_1.jpg,206376,1117,7410,15497,0.64506327006327,0.7842412894410566,False,False
20160329_094459_1281_361.jpg,190521,6727,6241,26911,0.6748163193660824,0.8058391974846534,False,False
20160329_094459_1281_721.jpg,211507,3590,2787,12516,0.662467580585402,0.7969690216180075,False,False
20160329_094459_1921_361.jpg,202151,7193,3604,17452,0.6177917802400085,0.7637469639614013,False,False
20160329_094459_1_1081.jpg,186687,1995,10441,31277,0.7155079724567063,0.8341645552740365,False,False
20160329_094459_1_721.jpg,213495,3093,2907,10905,0.645075421472937,0.7842502696871629,False,False
20160329_094459_641_1081.jpg,227759,818,366,1457,0.5516849678152215,0.7110785749145925,False,False
20160329_094459_641_361.jpg,216064,6530,3357,4449,0.31033761160714285,0.47367580516369445,False,False
20160329_094459_641_721.jpg,177189,11376,6533,35302,0.6634342523162504,0.7976681391434026,False,False
20160329_094507_1281_361.jpg,217582,4184,958,7676,0.5988453736932439,0.7490972967697863,False,False
20160329_094507_1281_721.jpg,201279,12842,3359,12920,0.44366608289550497,0.6146380913869793,False,False
20160329_094507_1921_361.jpg,222866,2238,147,5149,0.6834350942394478,0.8119530079634156,False,False
20160329_094507_1921_721.jpg,203627,13117,1161,12495,0.4667015276584619,0.636396047672405,False,False
20160329_094507_1_361.jpg,194123,13624,715,21938,0.6047357830030047,0.7536889117924933,False,False
20160329_094507_641_361.jpg,219626,8125,279,2370,0.2199740115091888,0.3606208155812538,False,False
20160329_094507_641_721.jpg,191538,17301,322,21239,0.5465235963151664,0.706776925508727,False,False
20160329_094512_1281_1.jpg,228058,601,78,1663,0.7100768573868489,0.8304619225967541,False,False
20160329_094512_1281_1081.jpg,208317,8214,1545,12324,0.5580763483222388,0.71636585578516,False,False
20160329_094512_1281_361.jpg,221350,5789,155,3106,0.3432044198895028,0.5110233629483383,False,False
20160329_094512_1281_721.jpg,189278,11054,2157,27911,0.6787364427800204,0.8086277577390524,False,False
20160329_094512_1921_721.jpg,196555,8992,1292,23561,0.6961441867336386,0.8208549628958646,False,False
20160329_094512_1_1.jpg,228946,450,99,905,0.6224209078404401,0.7672742687579482,False,False
20160329_094512_641_1.jpg,180381,11186,7697,31136,0.6224834562866111,0.7673217916332943,False,False
20160329_094512_641_361.jpg,195448,17251,1974,15727,0.4499599450675212,0.6206515519248604,False,False
20160329_094512_641_721.jpg,200666,6093,1884,21757,0.7317212618551153,0.8450797226699812,False,False
20160329_094527_1281_361.jpg,197332,13850,2193,17025,0.5148481916051773,0.6797356916135987,False,False
20160329_094527_1281_721.jpg,227687,772,1398,543,0.20014743826022852,0.33353808353808356,False,False
20160329_094527_1921_361.jpg,216954,4431,2266,6749,0.5019336605681988,0.6683832631839565,False,False
20160329_094527_1921_721.jpg,221612,2223,2619,3946,0.44902139280837505,0.6197581278467096,False,False
20160329_094527_1_361.jpg,226641,523,347,2889,0.7685554668794893,0.8691335740072202,False,False
20160329_094527_1_721.jpg,201189,8335,659,20217,0.6921022902331313,0.8180383588249576,False,False
20160329_094527_641_721.jpg,203160,18895,311,8034,0.2949339207048458,0.4555196461983331,False,False
20160329_094632_1281_361.jpg,223680,1738,1220,3762,0.5598214285714286,0.7178019461934745,False,False
20160329_094632_1281_721.jpg,213942,4483,1591,10384,0.6309393607971807,0.7737128380895612,False,False
20160329_094632_1921_361.jpg,202052,11983,2149,14216,0.5014815860025399,0.6679823324875481,False,False
20160329_094632_1_361.jpg,209681,4752,2470,13497,0.651431053622279,0.7889291559504326,False,False
20160329_094632_641_361.jpg,219800,4554,316,5730,0.5405660377358491,0.7017758726270668,False,False
20160329_094632_641_721.jpg,220889,3804,1322,4385,0.46104510566712226,0.6311168681635003,False,False
20160329_101342_1281_361.jpg,224660,4241,236,1263,0.22003484320557493,0.36070255604740825,False,False
20160329_101342_1281_721.jpg,210181,7057,1130,12032,0.595083832039171,0.7461474062819757,False,False
20160329_101342_1921_361.jpg,210355,5072,4693,10280,0.5128460962833624,0.6779884583676834,False,False
20160329_101342_1_361.jpg,208604,3892,2045,15859,0.727610570746926,0.8423316956579472,False,False
20160329_101342_641_361.jpg,219920,3926,846,5708,0.5446564885496183,0.7052137385717816,False,False
20160329_101342_641_721.jpg,225055,509,386,4450,0.8325537885874649,0.9086268504338948,False,False
20160329_101347_1281_721.jpg,206351,10468,1644,11937,0.49636159507671834,0.6634246651475574,False,False
20160329_101347_1921_721.jpg,205471,6012,2725,16192,0.6495246500060171,0.7875294861506287,False,False
20160329_101347_1_361.jpg,206980,6825,2111,14484,0.6184457728437233,0.76424651751794,False,False
20160329_101347_641_361.jpg,207851,5359,624,16566,0.7346667257971529,0.8470407771954493,False,False
20160329_101503_1281_361.jpg,214951,4430,989,10030,0.6492329600621399,0.787315043761529,False,False
20160329_101503_1281_721.jpg,219444,1356,1459,8141,0.7430631617378606,0.8525946483740902,False,False
20160329_101503_1921_1.jpg,218237,2652,2600,6911,0.5681986352051304,0.724651357869351,False,False
20160329_101503_1921_361.jpg,213082,3582,1484,12252,0.7074719944566347,0.8286777138992222,False,False
20160329_101503_1_361.jpg,225781,3109,52,1458,0.31565273868802773,0.4798420273161099,False,False
20160329_101503_1_721.jpg,204028,6890,1387,18095,0.6861443955710602,0.8138619650527358,False,False
20160329_101503_641_721.jpg,195837,9976,1852,22735,0.6577843358504759,0.7935704562113861,False,False
20160329_101507_1281_361.jpg,200321,3245,4825,22009,0.7317065062003391,0.8450698817385962,False,False
20160329_101507_1921_361.jpg,217778,3269,1954,7399,0.58619870068135,0.7391239198841216,False,False
20160329_101507_1921_721.jpg,220791,5419,779,3411,0.35497970652513267,0.523963133640553,False,False
20160329_101507_1_1.jpg,223319,3333,866,2882,0.4070046603587064,0.578540600220817,False,False
20160329_101507_1_361.jpg,211505,7773,730,10392,0.5499867689865043,0.7096664048895415,False,False
20160329_101507_641_1.jpg,215384,5716,338,8962,0.5968300479488545,0.7475185586787889,False,False
20160329_101507_641_361.jpg,217154,5684,662,6900,0.5209119734259399,0.6849995036235481,False,False
20160329_101511_1281_361.jpg,225981,1493,1194,1732,0.3919438787055895,0.5631604617135425,False,False
20160329_101511_1281_721.jpg,200897,5510,3847,20146,0.6828458122902755,0.8115369896674656,False,False
20160329_101511_1921_1.jpg,217586,3235,4771,4808,0.37521460902138287,0.5456815344455794,False,False
20160329_101511_1921_361.jpg,222232,6997,849,322,0.03942213516160627,0.07585394581861013,False,False
20160329_101511_1921_721.jpg,224048,3111,977,2264,0.35642317380352645,0.5255338904363974,False,False
20160329_101511_1_721.jpg,206262,4819,1613,17706,0.7335321899080288,0.846286205907657,False,False
20160329_101511_641_721.jpg,200346,3188,4166,22700,0.7553071138617156,0.8605982484740493,False,False
20160329_101514_1281_361.jpg,210541,3000,1446,15413,0.7761216576866912,0.8739510092991608,False,False
20160329_101514_1281_721.jpg,224734,2753,580,2333,0.4117543240381221,0.5833229153644206,False,False
20160329_101514_1921_721.jpg,197690,7727,1760,23223,0.709966371140324,0.8303863551034273,False,False
20160329_101514_1_361.jpg,205162,2112,3578,19548,0.7745463190427133,0.8729513687313,False,False
20160329_101514_641_361.jpg,220892,2663,1725,5120,0.5384938998737905,0.700027344818157,False,False
20160329_101514_641_721.jpg,214875,2376,260,12889,0.8302093397745571,0.9072288308580277,False,False
20160329_101520_1281_361.jpg,203994,2250,2046,22110,0.8373097023403772,0.9114518921592877,False,False
20160329_101520_1921_361.jpg,201973,4029,3985,20413,0.7180849192668941,0.8359131859131859,False,False
20160329_101520_1_361.jpg,224717,616,375,4692,0.8256202709836354,0.9044819277108433,False,False
20160329_101520_1_721.jpg,211819,5692,1775,11114,0.5981378827834886,0.7485435258461021,False,False
20160329_101520_641_361.jpg,214293,4811,1816,9480,0.5885639783944868,0.7410012897174346,False,False
20160329_101520_641_721.jpg,213646,5149,2150,9455,0.5643428435000597,0.7215078789728719,False,False
20160329_101524_1281_361.jpg,207889,6766,2685,13060,0.5801608102705345,0.7343060358156925,False,False
20160329_101524_1281_721.jpg,224290,4024,89,1997,0.32684124386252045,0.4926606636240286,False,False
20160329_101524_1921_361.jpg,202447,3387,2614,21952,0.7853182127141989,0.8797515279030157,False,False
20160329_101524_1_361.jpg,220883,2509,131,6877,0.7226016601870338,0.8389654751738441,False,False
20160329_101524_1_721.jpg,209880,9693,845,9982,0.48645224171539964,0.6545144580683234,False,False
20160329_101524_641_361.jpg,217449,1353,1119,10479,0.8091267083622886,0.89449423815621,False,False
20160329_101524_641_721.jpg,215662,3086,1703,9949,0.6750576740398969,0.8060112609875643,False,False
20160329_103530_1281_361.jpg,204598,6155,1523,18124,0.7024261685140687,0.8252060283203569,False,False
20160329_103530_1281_721.jpg,228736,432,1232,0,0.0,0.0,False,True
20160329_103530_1921_1.jpg,207863,7963,1591,12983,0.5760748990548875,0.7310247747747748,False,False
20160329_103530_1921_721.jpg,194819,14479,3151,17951,0.504510834434108,0.6706642755734887,False,False
20160329_103530_1_361.jpg,218415,10074,516,1395,0.11639549436795996,0.2085201793721973,False,False
20160329_103530_1_721.jpg,222644,1351,1044,5361,0.6912068076328004,0.8174125181062744,False,False
20160329_103530_641_361.jpg,203206,19686,501,7007,0.25766713245568873,0.4097541007572878,False,False
20160329_103609_1281_361.jpg,222633,2271,1012,4484,0.5773142783571521,0.7320218757652437,False,False
20160329_103609_1281_721.jpg,211038,6291,1644,11427,0.5901766346451813,0.7422780863295333,False,False
20160329_103609_1921_1081.jpg,226595,947,274,2584,0.6791064388961893,0.8088902801690405,False,False
20160329_103609_1921_721.jpg,196058,15311,4365,14666,0.4270572476850504,0.5985145282402873,False,False
20160329_103609_1_721.jpg,199238,9926,1946,19290,0.6190231692445928,0.7646872274637279,False,False
20160329_103609_641_361.jpg,221531,2320,1906,4643,0.5235088510542338,0.6872409709887507,False,False
20160329_103609_641_721.jpg,212152,3724,1978,12546,0.6875274002630425,0.8148340585828409,False,False
20160329_103626_1281_721.jpg,197162,10708,3246,19284,0.5801793128347073,0.7343208560222383,False,False
20160329_103626_1921_721.jpg,192968,8963,1901,26568,0.7097670442402223,0.83025,False,False
20160329_103626_1_1.jpg,229037,358,1005,0,0.0,0.0,False,True
20160329_103626_1_361.jpg,200726,13018,1406,15250,0.5139179079328705,0.6789244056628974,False,False
20160329_103626_641_361.jpg,221010,5647,1117,2626,0.27965921192758253,0.4370838881491345,False,False
20160329_103626_641_721.jpg,212745,5970,622,11063,0.6266213537241575,0.7704575527543701,False,False
20160329_103800_1281_361.jpg,221667,4923,773,3037,0.347761364937593,0.5160577740016993,False,False
20160329_103800_1281_721.jpg,206247,16266,169,7718,0.3195462261416801,0.48432744501270747,False,False
20160329_103800_1921_361.jpg,192872,15026,1438,21064,0.5612875719462801,0.719006007646095,False,False
20160329_103800_1_721.jpg,200652,15610,785,13353,0.4488705123033481,0.6196143940975848,False,False
20160329_103800_641_361.jpg,217933,5520,2504,4443,0.3563808454319403,0.5254878769958604,False,False
20160329_103800_641_721.jpg,202989,9974,1977,15460,0.5640071504140673,0.7212334678453967,False,False
20160329_103807_1281_721.jpg,200883,10326,2477,16714,0.5662499576515229,0.7230646103264043,False,False
20160329_103807_1921_721.jpg,206224,3568,4380,16228,0.6712442091330245,0.8032868032868032,False,False
20160329_103807_1_361.jpg,212053,8004,2330,8013,0.4367471521229629,0.6079666160849773,False,False
20160329_103807_1_721.jpg,211409,4279,2456,12256,0.6453583276288768,0.784459308093577,False,False
20160329_103807_641_721.jpg,194078,14422,1413,20487,0.5640383238808435,0.7212589554472003,False,False
20160329_104024_1281_1.jpg,227388,457,688,1867,0.6198539176626826,0.765320762451322,False,False
20160329_104024_1281_361.jpg,206972,4011,4053,15364,0.6557964828410449,0.7921220870282533,False,False
20160329_104024_1281_721.jpg,218184,4151,2504,5561,0.4552226588081205,0.6256398717443888,False,False
20160329_104024_1921_1.jpg,195438,4850,6545,23567,0.6740747096848007,0.8053101881118762,False,False
20160329_104024_1921_361.jpg,225842,1681,610,2267,0.4973672663448881,0.6643223443223443,False,False
20160329_104024_1_1.jpg,199799,6665,2721,21215,0.6932779974510637,0.8188590396788636,False,False
20160329_104024_1_1081.jpg,228949,79,1370,2,0.0013783597518952446,0.0027529249827942187,False,False
20160329_104024_1_361.jpg,228008,0,916,1476,0.617056856187291,0.7631851085832472,False,False
20160329_104024_1_721.jpg,223024,3225,1211,2940,0.398590021691974,0.569988367584335,False,False
20160329_104024_641_361.jpg,205469,8373,922,15636,0.6271709919377482,0.7708728769689649,False,False
20160329_104024_641_721.jpg,218129,4966,1192,6113,0.4981664086056556,0.6650348128807659,False,False
20160329_104031_1281_361.jpg,211713,5660,2472,10555,0.5648311660512656,0.7219068463169414,False,False
20160329_104031_1281_721.jpg,216839,3896,1123,8542,0.6298945505493695,0.772926752024612,False,False
20160329_104031_1921_361.jpg,201301,8687,1989,18423,0.6331145400185574,0.7753461554648373,False,False
20160329_104031_1921_721.jpg,229325,0,841,234,0.21767441860465117,0.3575248281130634,False,False
20160329_104031_1_1081.jpg,220410,3399,1496,5095,0.51001001001001,0.6755054690089493,False,False
20160329_104031_641_1.jpg,203278,6106,4300,16716,0.6163262296290835,0.7626260322094986,False,False
20160329_104031_641_1081.jpg,196534,2280,3923,27663,0.8168369456091655,0.8991857498090331,False,False
20160329_104031_641_361.jpg,194593,4285,3697,27825,0.7770826933281202,0.8745599698265024,False,False
20160329_104031_641_721.jpg,195135,4832,3682,26751,0.758570820927265,0.8627128482972136,False,False
20160329_104035_1281_1081.jpg,209836,4915,5855,9794,0.47626920832522857,0.6452335463469266,False,False
20160329_104035_1281_361.jpg,225135,3552,62,1651,0.3135802469135803,0.4774436090225564,False,False
20160329_104035_1281_721.jpg,175513,10105,7756,37026,0.6745859675332957,0.8056749317289176,False,False
20160329_104035_1921_361.jpg,203349,9036,938,17077,0.6312890466156519,0.7739757070340827,False,False
20160329_104035_1921_721.jpg,218206,6273,332,5589,0.4583401672953912,0.6285778552550189,False,False
20160329_104035_1_1.jpg,183832,4560,4660,37348,0.8020099639237245,0.8901282234615568,False,False
20160329_104035_641_1.jpg,225731,330,448,3891,0.8333690297708288,0.9091121495327102,False,False
20160329_104035_641_361.jpg,178032,8257,6398,37713,0.720153528872594,0.8373130848902655,False,False
20160329_104035_641_721.jpg,217718,2821,44,9817,0.7740892603690269,0.8726610071558736,False,False
20160329_104038_1281_361.jpg,184513,4457,5736,35694,0.7778673698433107,0.8750566921219401,False,False
20160329_104038_1921_361.jpg,188295,4722,2523,34860,0.827930174563591,0.9058663028649386,False,False
20160329_104038_1_361.jpg,191026,5989,3221,30164,0.7660892975059684,0.867554430671,False,False
20160329_104038_641_361.jpg,192279,12273,1099,24749,0.6492222134781354,0.7873071417210116,False,False
20160329_104100_1281_361.jpg,205316,1514,2598,20972,0.8360708021049275,0.9107173875282265,False,False
20160329_104100_1281_721.jpg,217153,2404,425,10418,0.7864422133313203,0.8804563701669131,False,False
20160329_104100_1921_361.jpg,210123,1843,2016,16418,0.8096858509641466,0.8948358086932825,False,False
20160329_104100_1921_721.jpg,205894,8925,1084,14497,0.5915694115726761,0.7433787144578622,False,False
20160329_104100_1_721.jpg,194205,3800,3002,29393,0.8120734908136483,0.8962920046349943,False,False
20160329_104100_641_361.jpg,181699,6311,3285,39105,0.8029609248270057,0.8907136186593171,False,False
20160329_104100_641_721.jpg,225300,1336,199,3565,0.6990196078431372,0.8228505481823427,False,False
20160329_104107_1281_1.jpg,214814,3425,2454,9707,0.6228025150776337,0.7675641481832918,False,False
20160329_104107_1281_721.jpg,213747,2267,3166,11220,0.6737524770311656,0.8050801851253901,False,False
20160329_104107_1921_1.jpg,222220,4433,929,2818,0.34449877750611246,0.5124568103291508,False,False
20160329_104107_1921_361.jpg,219203,1327,4024,5846,0.5221041350361704,0.6860294549081735,False,False
20160329_104107_1921_721.jpg,207624,4429,5776,12571,0.5519406392694064,0.7112909157778595,False,False
20160329_104107_1_1.jpg,205484,847,12204,11865,0.4762000321078825,0.6451700606291292,False,False
20160329_104107_1_1081.jpg,218271,1933,3433,6763,0.5575892489075769,0.7159644293881008,False,False
20160329_104107_1_361.jpg,220918,443,4365,4674,0.4929339801729593,0.6603560327776208,False,False
20160329_104107_1_721.jpg,208759,2896,5870,12875,0.5949355390231506,0.7460308262834627,False,False
20160329_104107_641_1.jpg,213446,2540,5145,9269,0.5467146396130707,0.7069366586584296,False,False
20160329_104107_641_721.jpg,215890,3933,1858,8719,0.6008959338387319,0.7506995565887469,False,False
20160329_104111_1281_1081.jpg,211016,2587,2120,14677,0.7571708625670657,0.861806758462758,False,False
20160329_104111_1281_361.jpg,218518,1564,2696,7622,0.6414744992425517,0.7815832649712879,False,False
20160329_104111_1281_721.jpg,199520,6197,2249,22434,0.7264896373056995,0.8415800727763815,False,False
20160329_104111_1921_721.jpg,208070,3653,1763,16914,0.7574563367666816,0.8619916420344511,False,False
20160329_104111_1_361.jpg,209263,6612,2045,12480,0.5904338364006245,0.7424814825832168,False,False
20160329_104111_641_1.jpg,217650,2096,1309,9345,0.7329411764705882,0.8458927359131025,False,False
20160329_104111_641_361.jpg,199166,5521,5133,20580,0.6588973554459884,0.7943798973250473,False,False
20160329_104111_641_721.jpg,224411,1309,780,3900,0.6511938554015696,0.788755182526039,False,False
20160329_104117_1281_361.jpg,208024,3359,3613,15404,0.6884161601716124,0.8154579142403388,False,False
20160329_104117_1921_361.jpg,210087,3847,2412,14054,0.6918722000689214,0.8178776151540722,False,False
20160329_104117_1_1.jpg,221329,2980,484,5607,0.6181236908830339,0.7640005450333833,False,False
20160329_104117_1_1081.jpg,220911,1906,2441,5142,0.5418906101802087,0.7028911215911421,False,False
20160329_104117_1_361.jpg,226158,1048,1100,2094,0.49363507779349364,0.6609848484848485,False,False
20160329_104117_1_721.jpg,215553,2834,2061,9952,0.6703037650703846,0.802613008589056,False,False
20160329_104117_641_1.jpg,224552,959,652,4237,0.7245212038303693,0.8402578086266733,False,False
20160329_104117_641_361.jpg,213334,4515,1497,11054,0.6477206140864877,0.7862019914651494,False,False
20160329_104117_641_721.jpg,213401,3589,1319,12091,0.7112771339490558,0.8312822275696116,False,False
20160329_104120_1281_361.jpg,210412,4201,4314,11473,0.5739943966379828,0.7293474460443088,False,False
20160329_104120_1281_721.jpg,223730,746,1234,4690,0.7031484257871065,0.8257042253521126,False,False
20160329_104120_1921_1.jpg,218600,2107,1894,7799,0.6609322033898305,0.7958569314760957,False,False
20160329_104120_1921_1081.jpg,220657,8703,221,819,0.08406035102124602,0.15508426434387426,False,False
20160329_104120_1921_361.jpg,216512,4103,1372,8413,0.6057747695852534,0.7544953141114749,False,False
20160329_104120_1921_721.jpg,224163,1977,534,3726,0.5974025974025974,0.7479674796747967,False,False
20160329_104120_1_361.jpg,218800,1612,2843,7145,0.615948275862069,0.7623366230994932,False,False
20160329_104120_1_721.jpg,212123,4014,3613,10650,0.582699567762762,0.7363362948110762,False,False
20160329_104120_641_361.jpg,228115,25,710,1550,0.6783369803063457,0.8083441981747066,False,False
20160329_104120_641_721.jpg,213107,3363,1743,12187,0.704736020355057,0.826797829036635,False,False
20160329_104133_1281_361.jpg,211617,1824,6243,10716,0.5705158920300272,0.7265331028170446,False,False
20160329_104133_1281_721.jpg,219352,1811,2423,6814,0.6167632150615496,0.7629604747508678,False,False
20160329_104133_1921_721.jpg,205562,5430,1079,18329,0.7379418632740157,0.8492135195867213,False,False
20160329_104133_1_721.jpg,208261,4066,1040,17033,0.769366276706265,0.8696517920963954,False,False
20160329_104133_641_361.jpg,206256,4373,6194,13577,0.5623343273691186,0.7198642665889027,False,False
20160329_104133_641_721.jpg,222894,1731,549,5226,0.6962430055955235,0.820923656927427,False,False
20160329_104152_1281_1081.jpg,222006,647,1386,6361,0.757803192756731,0.8622161978990173,False,False
20160329_104152_1281_721.jpg,193645,12154,2228,22373,0.6087062984627942,0.7567649844405357,False,False
20160329_104152_1921_1081.jpg,214993,6805,750,7852,0.5096384760173946,0.675179500408444,False,False
20160329_104152_1921_361.jpg,191026,13748,2413,23213,0.589551480672525,0.7417834374550626,False,False
20160329_104152_1921_721.jpg,207379,7240,3207,12574,0.5461969506103124,0.7065037224329259,False,False
20160329_104152_1_361.jpg,224698,2022,156,3524,0.6180287618379516,0.763928029481899,False,False
20160329_104152_1_721.jpg,201494,12257,1410,15239,0.5271915865218294,0.690406614565636,False,False
20160329_104152_641_721.jpg,206998,7320,708,15374,0.6569523972310058,0.7929647204456365,False,False
20160329_104201_1281_721.jpg,205109,6387,2115,16789,0.6638329840654779,0.7979562737642586,False,False
20160329_104201_1921_721.jpg,206281,4064,3056,16999,0.7047970479704797,0.8268398268398268,False,False
20160329_104201_1_361.jpg,229144,172,65,1019,0.8113057324840764,0.8958241758241758,False,False
20160329_104201_1_721.jpg,205169,4705,1053,19473,0.7717886726645793,0.8711972083035076,False,False
20160329_104201_641_361.jpg,225132,668,366,4234,0.8037205770690964,0.8911808040412544,False,False
20160329_104201_641_721.jpg,213306,5547,609,10938,0.6398736398736399,0.7803938356164384,False,False
20160329_104205_1281_361.jpg,216095,2686,1607,10012,0.6998951415588955,0.8234568408932023,False,False
20160329_104205_1281_721.jpg,216167,2297,1443,10493,0.7372303801025785,0.8487422146728141,False,False
20160329_104205_1921_361.jpg,219081,2660,4280,4379,0.38687163176959094,0.5579054656644159,False,False
20160329_104205_1921_721.jpg,204116,5268,1266,19750,0.7514077005022066,0.8580614328539775,False,False
20160329_104205_1_361.jpg,224830,609,2960,2001,0.359245960502693,0.5285959582617884,False,False
20160329_104205_1_721.jpg,217200,3378,1134,8688,0.6581818181818182,0.793859649122807,False,False
20160329_104205_641_361.jpg,205730,5263,2544,16863,0.6835427644912849,0.8120289889967014,False,False
20160329_104205_641_721.jpg,225110,3962,472,856,0.16181474480151228,0.2785551578262284,False,False
20160329_111111_1281_361.jpg,211970,4626,1588,12216,0.6628323385784047,0.7972329178359329,False,False
20160329_111111_1281_721.jpg,227889,1463,663,385,0.15332536837913183,0.26588397790055246,False,False
20160329_111111_1921_361.jpg,224843,874,750,3933,0.7077559834443045,0.828872497365648,False,False
20160329_111111_1921_721.jpg,208678,13985,1177,6560,0.3019979744038302,0.4638992999080687,False,False
20160329_111111_1_361.jpg,214988,4741,593,10078,0.65390604723592,0.7907414672420557,False,False
20160329_111111_641_361.jpg,218393,3691,1157,7159,0.5962355292745898,0.7470520713763957,False,False
20160329_111111_641_721.jpg,220023,3546,1228,5603,0.5399441071600656,0.7012515644555695,False,False
20160329_115529_1281_1081.jpg,209839,1973,4339,14249,0.6930110403190506,0.8186727951738006,False,False
20160329_115529_1281_721.jpg,180982,7694,8932,32792,0.6635638836051642,0.7977618294611362,False,False
20160329_115529_1921_1081.jpg,176219,2931,12753,38497,0.7105258300880383,0.8307688987677766,False,False
20160329_115529_1921_361.jpg,211650,12358,5356,1036,0.055253333333333335,0.10472050945112706,False,False
20160329_115529_1921_721.jpg,181871,2618,18831,27080,0.5580168559005955,0.7163168405877607,False,False
20160329_115529_1_721.jpg,188659,3685,8337,29719,0.7119858173019333,0.8317660229499021,False,False
20160329_115529_641_721.jpg,196716,3182,6457,24045,0.7138403990024937,0.8330301927973809,False,False
20160329_115531_1281_1.jpg,199277,3210,8126,19787,0.6357677601773608,0.777332547633078,False,False
20160329_115531_1281_1081.jpg,214326,4904,2484,8686,0.5403757621002861,0.7016155088852989,False,False
20160329_115531_1281_721.jpg,207158,5829,1894,15519,0.6677136218914035,0.8007533345372927,False,False
20160329_115531_1921_1.jpg,223775,397,1824,4404,0.6647547169811321,0.7986218152144346,False,False
20160329_115531_1921_361.jpg,181345,11025,6705,31325,0.6385689532157782,0.7794227419756158,False,False
20160329_115531_1921_721.jpg,199269,2345,8394,20392,0.6550383861745527,0.7915688139277605,False,False
20160329_115531_1_1.jpg,222258,1203,3505,3434,0.42176369442397443,0.5932964754664823,False,False
20160329_115531_1_721.jpg,209658,6206,3006,11530,0.5558769646128628,0.7145513138324244,False,False
20160329_115531_641_1081.jpg,219059,3474,382,7485,0.6599947094612468,0.7951768830341017,False,False
20160329_115531_641_721.jpg,203474,7613,3109,16204,0.6017975191264948,0.7514027359146765,False,False
20160330_160938_1281_361.jpg,217030,4960,747,7663,0.5731488406881077,0.7286644796272524,False,False
20160330_160938_1281_721.jpg,229260,42,754,344,0.3017543859649123,0.4636118598382749,False,False
20160330_160938_1921_721.jpg,212077,8395,955,8973,0.489712383343339,0.6574589683470106,False,False
20160330_160938_1_361.jpg,209534,5143,1971,13752,0.6590625898591009,0.7944999711132936,False,False
20160330_160938_1_721.jpg,229037,91,946,326,0.2391782831988261,0.38602723505032566,False,False
20160330_160938_641_361.jpg,212987,4664,1913,10836,0.6222936886234423,0.7671775992070515,False,False
20160330_160957_1281_1.jpg,220949,1850,2460,5141,0.5439636017352661,0.7046326754385965,False,False
20160330_160957_1281_1081.jpg,213723,2202,5968,8507,0.510103735683876,0.6755876747141042,False,False
20160330_160957_1281_361.jpg,221133,2292,3496,3479,0.37541815042624366,0.5458967519221717,False,False
20160330_160957_1281_721.jpg,199646,7758,11587,11409,0.37097613318592704,0.5411853995209069,False,False
20160330_160957_1921_1081.jpg,193227,3552,12166,21455,0.5771662227961155,0.7319028450569693,False,False
20160330_160957_1921_361.jpg,212944,5385,2351,9720,0.5568285976168652,0.7153370621136297,False,False
20160330_160957_1921_721.jpg,219306,1068,4269,5757,0.5189291508923742,0.6832828912230728,False,False
20160330_160957_1_1.jpg,214480,4812,4302,6806,0.42751256281407035,0.5989615418463434,False,False
20160330_160957_1_361.jpg,228154,367,786,1093,0.4866429207479964,0.6546870320455226,False,False
20160330_160957_1_721.jpg,217086,3341,2705,7268,0.5458915427369686,0.7062481780196288,False,False
20160330_160957_641_1.jpg,217057,2725,3016,7602,0.5697369407179794,0.7259011697302459,False,False
20160330_160957_641_361.jpg,218527,2910,4682,4281,0.36056599006148404,0.5300235235854897,False,False
20160330_160957_641_721.jpg,204667,6653,4832,14248,0.5536859285742043,0.7127385508116355,False,False
20160330_163725_1281_1081.jpg,226903,417,2015,1065,0.30454675436088074,0.46690048224462954,False,False
20160330_163725_1281_361.jpg,217034,301,10093,2972,0.2223552296872662,0.3638144203696903,False,False
20160330_163725_1281_721.jpg,223617,518,4636,1629,0.2401592215833702,0.38730385164051356,False,False
20160330_163725_1921_1.jpg,225017,716,2543,2124,0.39457551551179637,0.5658718529372586,False,False
20160330_163725_1921_361.jpg,227551,282,702,1865,0.6546156546156546,0.7912600763682648,False,False
20160330_163725_1921_721.jpg,221681,3135,598,4986,0.5718545704782658,0.727617657789128,False,False
20160330_163725_641_1.jpg,224260,777,2638,2725,0.44381107491856675,0.6147772137619854,False,False
20160330_163725_641_1081.jpg,220961,1544,2655,5240,0.5551435533425151,0.7139450916274951,False,False
20160330_163725_641_361.jpg,221542,72,7557,1229,0.1387446376157146,0.2436799841379994,False,False
20160330_163725_641_721.jpg,221509,839,4999,3053,0.34338094702508154,0.5112190221031481,False,False
20160330_163855_1281_1081.jpg,222505,528,3074,4293,0.5437618746041799,0.7044634066294716,False,False
20160330_163855_1281_721.jpg,218613,614,8094,3079,0.26121998812250785,0.4142338221444908,False,False
20160330_163855_1921_721.jpg,223774,1031,3490,2105,0.31768789616661636,0.48218989806436835,False,False
20160330_163855_1_721.jpg,220885,1163,3449,4903,0.5152916447714135,0.6801220696351783,False,False
20160330_163855_641_1.jpg,214689,4631,2374,8706,0.554134046209662,0.7131097186386534,False,False
20160330_163855_641_361.jpg,222474,756,1487,5683,0.7170073176886197,0.8351825997501653,False,False
20160330_163855_641_721.jpg,214346,777,10682,4595,0.2862215024293011,0.4450578720519153,False,False
20160330_163941_1281_361.jpg,222988,1200,775,5437,0.7335402050728548,0.8462915401976807,False,False
20160330_163941_1281_721.jpg,220525,2762,865,6248,0.6327088607594936,0.775041865657756,False,False
20160330_163941_1921_721.jpg,217328,4155,1096,7821,0.5983017135862914,0.7486718039534772,False,False
20160330_163941_1_361.jpg,211483,6407,1599,10911,0.5767827879684939,0.7315944749899423,False,False
20160330_163941_641_361.jpg,213957,3254,1920,11269,0.6853372255671106,0.8132938799076213,False,False
20160330_163946_1281_361.jpg,214208,2739,1076,12377,0.7643898221343873,0.8664636494101998,False,False
20160330_163946_1921_361.jpg,213412,3199,995,12794,0.753119849305392,0.8591766839030287,False,False
20160330_163946_1_361.jpg,219671,1375,2974,6380,0.5946500139807998,0.7458063007773686,False,False
20160330_163946_641_361.jpg,215255,1846,2707,10592,0.6993727302740178,0.8230951548354509,False,False
20160330_164743_1281_1.jpg,225263,840,2378,1919,0.37356433716176757,0.5439342403628118,False,False
20160330_164743_1281_1081.jpg,227676,232,2062,430,0.157856093979442,0.2726696258719087,False,False
20160330_164743_1281_361.jpg,200330,2664,10942,16464,0.5475224476222148,0.7076116388017364,False,False
20160330_164743_1281_721.jpg,214868,1833,2993,10706,0.6892866340458409,0.8160682978885586,False,False
20160330_164743_1921_361.jpg,211164,3953,2490,12793,0.6650551050114369,0.798838552561741,False,False
20160330_164743_1921_721.jpg,207519,2212,4827,15842,0.6923648441938727,0.8182217286883764,False,False
20160330_164743_1_361.jpg,220365,993,3205,5837,0.5816641753861485,0.7355090725806451,False,False
20160330_164743_1_721.jpg,221274,773,2547,5806,0.636204251588867,0.7776587195285294,False,False
20160330_164743_641_1081.jpg,229138,44,1104,114,0.09033280507131537,0.16569767441860464,False,False
20160330_164743_641_361.jpg,226840,1272,280,2008,0.5640449438202247,0.7212643678160919,False,False
20160330_164743_641_721.jpg,201271,4067,5437,19625,0.6737272134299152,0.8050621487467695,False,False
20160330_164935_1281_1081.jpg,225798,813,1004,2785,0.6051716644936984,0.7540273453364018,False,False
20160330_164935_1281_721.jpg,207710,1881,12553,8256,0.3638607315998237,0.5335746138434693,False,False
20160330_164935_1921_1081.jpg,213585,1573,11536,3706,0.22039845376152245,0.3611909750986794,False,False
20160330_164935_1_1081.jpg,223700,692,2345,3663,0.5467164179104478,0.7069381453247129,False,False
20160330_164935_1_721.jpg,221807,687,2367,5539,0.6445944373327127,0.7838947070478347,False,False
20160330_164935_641_721.jpg,205905,2506,8341,13648,0.5571749336599306,0.7156227879296332,False,False
20160413_113422_1281_361.jpg,223596,875,1030,4899,0.7200176366843033,0.8372212253268393,False,False
20160413_113422_1281_721.jpg,223050,262,1553,5535,0.753061224489796,0.8591385331781141,False,False
20160413_113422_1921_1081.jpg,228138,401,215,1646,0.7276746242263483,0.842374616171955,False,False
20160413_113422_1921_721.jpg,219101,1924,2334,7041,0.6231524913709178,0.7678298800436205,False,False
20160413_113422_1_1.jpg,217017,1937,2389,9057,0.676754091010984,0.8072192513368984,False,False
20160413_113422_641_361.jpg,220484,927,2112,6877,0.6935256151674062,0.8190317394152326,False,False
20160415_191330_1281_721.jpg,206933,1568,4361,17538,0.74734733881621,0.85540787708816,False,False
20160415_191330_1921_361.jpg,227738,45,1496,1121,0.42111194590533435,0.5926513349193762,False,False
20160415_191330_1921_721.jpg,197849,1404,8561,22586,0.6938650118275936,0.8192683678836353,False,False
20160415_191330_1_721.jpg,206496,548,8270,15086,0.6311077643908969,0.7738394460117979,False,False
20160415_191330_641_721.jpg,208237,597,5848,15718,0.7092000180480982,0.8298619360629339,False,False
