image,tn,fp,fn,tp,crack_IoU,F1,empty_prediction,zero_overlap
20160222_080933_361_1.jpg,217827,276,1381,10916,0.8682096556112304,0.9294563412661245,False,False
20160222_080933_361_1281.jpg,219206,740,1977,8477,0.7572806860818295,0.8618778913120838,False,False
20160222_080933_361_1921.jpg,223245,311,1032,5812,0.8122990915443745,0.8964293977018586,False,False
20160222_080933_361_641.jpg,223864,283,1200,5053,0.7731028151774786,0.8720338251790491,False,False
20160222_080933_721_1.jpg,223369,382,496,6153,0.8751244488692931,0.9334041262135923,False,False
20160222_080933_721_1921.jpg,219409,624,2304,8063,0.7336002183604767,0.8463314789545502,False,False
20160222_080933_721_641.jpg,223224,598,591,5987,0.8343088071348941,0.9096710476335182,False,False
20160222_081839_1281_1.jpg,226094,856,615,2835,0.6583836507199257,0.7940064416748355,False,False
20160222_081839_1281_1081.jpg,226440,445,857,2658,0.6712121212121213,0.8032638259292838,False,False
20160222_081839_1281_361.jpg,220322,444,2949,6685,0.6633260567572931,0.7975899302034242,False,False
20160222_081839_1281_721.jpg,226411,260,2186,1543,0.38681373777889194,0.5578452639190167,False,False
20160222_081839_1921_361.jpg,218343,210,3412,8435,0.6995935970805341,0.8232480968182705,False,False
20160222_081839_1_721.jpg,219886,4058,691,5765,0.5483165303404984,0.7082744640334173,False,False
20160222_081839_641_721.jpg,221686,2688,845,5181,0.5945604773927013,0.7457358762144657,False,False
20160222_114759_1281_1.jpg,221220,2293,1838,5049,0.55,0.7096774193548387,False,False
20160222_114759_1281_1081.jpg,219483,2952,701,7264,0.6653842630759366,0.7990759584181288,False,False
20160222_114759_1281_361.jpg,220691,2538,2059,5112,0.5265217839118344,0.6898319951420282,False,False
20160222_114759_1281_721.jpg,220494,2458,2487,4961,0.5008075913587725,0.6673841393690725,False,False
20160222_114759_1921_1.jpg,213135,3254,1697,12314,0.7132348682305242,0.8326177355556307,False,False
20160222_114759_1921_1081.jpg,208510,3207,4495,14188,0.648149840109639,0.7865180996729308,False,False
20160222_114759_1921_361.jpg,216352,3027,2100,8921,0.6350370159453302,0.7767861030084027,False,False
20160222_114759_1921_721.jpg,201153,4360,7746,17141,0.5860772044996068,0.7390273346555144,False,False
20160222_114759_1_1081.jpg,223767,2627,1282,2724,0.41067390321121666,0.5822378967617826,False,False
20160222_114759_1_361.jpg,228744,521,408,727,0.4390096618357488,0.6101552664708351,False,False
20160222_114759_1_721.jpg,228224,996,715,465,0.21369485294117646,0.35213934115865203,False,False
20160222_114759_641_1.jpg,226955,1525,232,1688,0.4899854862119013,0.6577050457821937,False,False
20160222_114759_641_1081.jpg,216654,3890,5424,4432,0.3224210679470391,0.48762240070414786,False,False
20160222_114759_641_361.jpg,218596,2890,2754,6160,0.5218569976279227,0.6858160765976398,False,False
20160222_114759_641_721.jpg,217344,4584,2661,5811,0.4450827205882353,0.6159961838130068,False,False
20160222_115305_1281_1081.jpg,219624,4007,768,6001,0.5568856718634001,0.7153841568814449,False,False
20160222_115305_1921_1081.jpg,226264,2942,50,1144,0.2765957446808511,0.43333333333333335,False,False
20160222_115305_1921_361.jpg,222778,1691,1071,4860,0.6376279191813172,0.7787213587566095,False,False
20160222_115305_641_1.jpg,223668,747,1553,4432,0.6583481877599525,0.793980652096023,False,False
20160222_115305_641_1081.jpg,219060,3296,1446,6598,0.5818342151675485,0.7356449994425243,False,False
20160222_115305_641_361.jpg,224843,177,1360,4020,0.7234119129026453,0.8395113292262713,False,False
20160222_115305_641_721.jpg,222702,1193,2111,4394,0.5707976097687711,0.7267614952034402,False,False
20160222_163940_1281_1081.jpg,224468,3781,539,1612,0.2717464598786244,0.42735949098621423,False,False
20160222_163940_1281_721.jpg,223650,3448,2469,833,0.12340740740740741,0.21970196492153501,False,False
20160222_163940_1_1.jpg,209330,4365,9127,7578,0.3596582819174181,0.5290421669924602,False,False
20160222_163940_1_1081.jpg,192471,7769,12109,18051,0.47591552637823303,0.644908896034298,False,False
20160222_163940_1_361.jpg,203748,3024,18416,5212,0.1955575566561609,0.32714034647250817,False,False
20160222_163940_1_721.jpg,204849,4589,15206,5756,0.22527494031544754,0.3677132909572939,False,False
20160222_163940_641_1.jpg,207718,6530,6421,9731,0.4290186050612821,0.6004380958257489,False,False
20160222_163940_641_1081.jpg,211389,3591,7912,7508,0.3949292514859818,0.5662355292431841,False,False
20160222_163940_641_361.jpg,196529,10060,8864,14947,0.4412919606743232,0.6123560981605146,False,False
20160222_163940_641_721.jpg,211813,5955,4501,8131,0.43745628665196107,0.6086533423160416,False,False
20160222_164000_1281_1.jpg,203300,8412,2522,16166,0.5965313653136531,0.7472842416678223,False,False
20160222_164000_1281_1081.jpg,218013,2553,826,9008,0.7272140146928231,0.8420659032484226,False,False
20160222_164000_1281_361.jpg,197940,8955,7293,16212,0.4994454713493531,0.6661735700197239,False,False
20160222_164000_1281_721.jpg,210078,7384,2529,10409,0.5122035232752682,0.6774267026780775,False,False
20160222_164000_1921_1.jpg,212636,3539,2068,12157,0.6843616302634542,0.8126065305303967,False,False
20160222_164000_1921_361.jpg,221106,2213,2948,4133,0.44469550247471484,0.6156252327400015,False,False
20160222_164000_1_1.jpg,205383,6269,3185,15563,0.6220969740576408,0.767028092656481,False,False
20160222_164000_1_361.jpg,208871,7540,3903,10086,0.46848436991964326,0.6380515578048395,False,False
20160222_164000_1_721.jpg,219990,4968,694,4748,0.4560999039385207,0.6264678717508906,False,False
20160222_164000_641_1.jpg,218884,3165,806,7545,0.6551754081278222,0.7916688526310267,False,False
20160222_164000_641_1081.jpg,217812,5758,1580,5250,0.41706387035271686,0.5886310124453414,False,False
20160222_164000_641_361.jpg,207342,8032,4334,10692,0.4637002341920375,0.6336,False,False
20160222_164000_641_721.jpg,220761,3718,1909,4012,0.41622574955908287,0.5877957658779577,False,False
20160222_164141_1281_1.jpg,205993,3962,10420,10025,0.41074281968287785,0.582307156133829,False,False
20160222_164141_1281_361.jpg,205828,8505,4762,11305,0.46007650984860815,0.6302087688491234,False,False
20160222_164141_1281_721.jpg,207616,6959,2744,13081,0.5741309691011236,0.7294576885543008,False,False
20160222_164141_1921_1.jpg,196339,3598,18858,11605,0.34071225154869206,0.5082555949721894,False,False
20160222_164141_1921_1081.jpg,223509,1045,1779,4067,0.5901901030329415,0.7422887388209527,False,False
20160222_164141_1921_361.jpg,203305,2708,20728,3659,0.13504336593467428,0.23795278662938155,False,False
20160222_164141_1921_721.jpg,213123,2437,6349,8491,0.4914626381895005,0.6590344613474076,False,False
20160222_164141_1_1.jpg,205585,3635,7793,13387,0.5394720934918397,0.7008533584629077,False,False
20160222_164141_1_1081.jpg,219379,2183,2033,6805,0.6174575809817621,0.7634915292269718,False,False
20160222_164141_1_361.jpg,208344,3613,7209,11234,0.5093398621690243,0.6749173926103935,False,False
20160222_164141_1_721.jpg,202418,7088,5041,15853,0.5665427774998213,0.7233032964526064,False,False
20160222_164141_641_1.jpg,206972,2658,13738,7032,0.30015366228444595,0.46172028890348,False,False
20160222_164141_641_1081.jpg,229395,0,1005,0,0.0,0.0,True,True
20160222_164141_641_361.jpg,207272,5428,8606,9094,0.39320304392943617,0.5644590652349326,False,False
20160222_164141_641_721.jpg,206515,3962,5652,14271,0.597487963156793,0.7480343851556767,False,False
20160222_165951_1281_1.jpg,218612,3078,1026,7684,0.6518493383101459,0.7892358258011504,False,False
20160222_165951_1281_1081.jpg,218535,4499,659,6707,0.56527602191319,0.7222700839974154,False,False
20160222_165951_1281_361.jpg,223291,2872,1543,2694,0.37895625263750177,0.5496276650005101,False,False
20160222_165951_1281_721.jpg,217813,3969,1245,7373,0.5857630889012473,0.7387775551102205,False,False
20160222_165951_1921_1.jpg,217211,3687,1221,8281,0.627871711274547,0.7714019562179786,False,False
20160222_165951_1921_1081.jpg,221020,3423,560,5397,0.5753731343283582,0.7304594978683089,False,False
20160222_165951_1921_361.jpg,225577,2124,490,2209,0.45801368442877877,0.6282707622298066,False,False
20160222_165951_1921_721.jpg,225246,2680,75,2399,0.4654637175009701,0.6352442737984907,False,False
20160222_165951_1_1.jpg,219131,2492,1367,7410,0.6575561274292306,0.7934043578350018,False,False
20160222_165951_641_1.jpg,216043,4057,1044,9256,0.6447029323674862,0.7839749290644984,False,False
20160222_165951_641_1081.jpg,220906,2852,243,6399,0.6740046345060038,0.8052601774366073,False,False
20160222_165951_641_361.jpg,224717,1617,1103,2963,0.521379553052965,0.6854036548693038,False,False
20160225_114514_1081_1.jpg,215225,7894,4269,3012,0.1984843492586491,0.3312256007037994,False,False
20160225_114514_1081_1281.jpg,216728,1110,9102,3460,0.25307197191339964,0.4039224842400187,False,False
20160225_114514_1081_1921.jpg,202735,7313,11430,8922,0.3225013555033436,0.48771421543171073,False,False
20160225_114514_1081_641.jpg,221978,3975,2146,2301,0.2732130135359772,0.42917094096801267,False,False
20160225_114514_1_1281.jpg,217886,2278,8802,1434,0.11459165734377497,0.20562087754516778,False,False
20160225_114514_1_641.jpg,204527,4438,13123,8312,0.32126154678622504,0.4862951586953342,False,False
20160225_114514_361_1.jpg,219255,4562,3267,3316,0.2975325257963212,0.4586128206901321,False,False
20160225_114514_361_1281.jpg,206361,3078,10592,10369,0.4313407379674695,0.6027086724017671,False,False
20160225_114514_361_641.jpg,204931,2674,13685,9110,0.3576897404688052,0.5269093958761097,False,False
20160225_114514_721_1.jpg,212770,5796,7158,4676,0.2652297220646625,0.41925939209181384,False,False
20160225_114514_721_1281.jpg,203280,3213,15906,8001,0.29502212389380533,0.4556248398394123,False,False
20160225_114514_721_641.jpg,191875,6376,18855,13294,0.34507462686567164,0.5130936529072347,False,False
20160225_114531_1281_1.jpg,221632,2503,2662,3603,0.41092609489051096,0.5824913103225285,False,False
20160225_114531_1281_1081.jpg,215460,4541,3552,6847,0.45829986613119145,0.628539955019048,False,False
20160225_114531_1281_361.jpg,211444,5456,2583,10917,0.5759126397974256,0.730894118434707,False,False
20160225_114531_1281_721.jpg,208313,8981,4189,8917,0.40372164621723183,0.575216101148239,False,False
20160225_114531_1921_1081.jpg,217680,4176,2637,5907,0.4643867924528302,0.6342406184570785,False,False
20160225_114531_1921_721.jpg,228366,402,437,1195,0.5875122910521141,0.7401672344379064,False,False
20160225_114531_641_1.jpg,222174,2419,3773,2034,0.24726477024070023,0.39649122807017545,False,False
20160225_114531_641_1081.jpg,220513,3639,3254,2994,0.30282188732679277,0.4648707398493906,False,False
20160225_114531_641_361.jpg,222495,2326,2466,3113,0.3938013915243517,0.5650753312760937,False,False
20160225_114531_641_721.jpg,222380,2011,2791,3218,0.40124688279301746,0.5726997686421071,False,False
20160225_114535_1281_1.jpg,204677,4255,8816,12652,0.4918555378455079,0.6593876221498371,False,False
20160225_114535_1281_1081.jpg,218316,4770,3997,3317,0.274495200264813,0.43075124991883645,False,False
20160225_114535_1281_361.jpg,206309,4258,8514,11319,0.4698435100244905,0.6393109291160689,False,False
20160225_114535_1281_721.jpg,209721,5188,6661,8830,0.42700324000193435,0.5984614863262055,False,False
20160225_114535_1921_1081.jpg,221615,3768,492,4525,0.5150825270347182,0.6799398948159279,False,False
20160225_114535_1921_721.jpg,227965,1051,622,762,0.3129363449691992,0.4766969033468877,False,False
20160225_114535_1_1.jpg,228737,601,401,661,0.39747444377630786,0.5688468158347676,False,False
20160225_114535_641_1.jpg,218300,4988,4724,2388,0.19735537190082644,0.3296521258972943,False,False
20160225_114535_641_361.jpg,209862,3677,8490,8371,0.4075859382607849,0.5791276073195198,False,False
20160225_114535_641_721.jpg,225728,703,910,3059,0.6547517123287672,0.7913594619066098,False,False
20160302_155919_1281_361.jpg,226948,1190,266,1996,0.578215527230591,0.7327459618208517,False,False
20160302_155919_1281_721.jpg,220722,2806,141,6731,0.6954949369704484,0.8204034371381559,False,False
20160302_155919_1921_361.jpg,214228,5205,259,10708,0.662132080138511,0.7967261904761904,False,False
20160302_155919_641_1.jpg,217705,8332,685,3678,0.28972036234738086,0.4492762474806083,False,False
20160302_155919_641_1081.jpg,224272,1830,726,3572,0.5828981723237598,0.7364948453608248,False,False
20160302_155919_641_721.jpg,220082,5154,196,4968,0.4814886605931382,0.6500065419337956,False,False
20160302_155925_1281_1.jpg,224480,4097,90,1733,0.2927364864864865,0.45289428982098523,False,False
20160302_155925_1281_361.jpg,210691,6273,1880,11556,0.5863311177634584,0.7392291699984007,False,False
20160302_155925_1921_361.jpg,199259,8554,2679,19908,0.6392858289714525,0.7799565123704676,False,False
20160302_155925_641_361.jpg,227602,1197,259,1342,0.47962830593280914,0.6483091787439613,False,False
20160302_155925_641_721.jpg,215260,6257,632,8251,0.5449801849405548,0.7054850156042922,False,False
20160302_160033_1281_721.jpg,201158,10874,5045,13323,0.4556117912591478,0.6260072829789733,False,False
20160302_160033_1921_361.jpg,212901,8407,3212,5880,0.33601920109720557,0.5030155267547799,False,False
20160302_160033_1921_721.jpg,221653,5708,168,2871,0.328226820624214,0.4942330865897745,False,False
20160302_160033_1_361.jpg,202455,4596,2322,21027,0.7524422973698336,0.8587356040186229,False,False
20160302_160033_641_361.jpg,213053,3747,2891,10709,0.6173401740935032,0.7634017678927859,False,False
20160302_160033_641_721.jpg,208264,5229,5251,11656,0.5265630646910011,0.6898674242424242,False,False
20160303_092627_1281_361.jpg,219098,4162,327,6813,0.6028136612988851,0.7521943141043335,False,False
20160303_092627_1921_361.jpg,218099,7525,233,4543,0.3693195675148362,0.5394205651864166,False,False
20160303_092627_1921_721.jpg,227662,740,53,1945,0.710372534696859,0.8306641042067051,False,False
20160303_092627_1_361.jpg,227821,986,320,1273,0.49360217138425744,0.6609553478712358,False,False
20160303_092627_1_721.jpg,224317,2031,402,3650,0.6000328785138912,0.7500256858111579,False,False
20160303_092627_641_361.jpg,218771,7851,199,3579,0.30776507008341214,0.47067332982640714,False,False
20160303_092627_641_721.jpg,224431,2373,459,3137,0.5255486681186128,0.6889962661981112,False,False
20160303_092806_1281_1.jpg,226409,1538,522,1931,0.4838386369330995,0.652144545761567,False,False
20160303_092806_1281_361.jpg,224913,1794,1447,2246,0.4093311463459085,0.5808871072028967,False,False
20160303_092806_1281_721.jpg,225654,1338,494,2914,0.6139907290349769,0.7608355091383812,False,False
20160303_092806_1921_1081.jpg,220752,5564,481,3603,0.37344527363184077,0.5438080144894725,False,False
20160303_092806_1921_721.jpg,218169,7280,1555,3396,0.2776551385822909,0.4346323670570167,False,False
20160303_092806_1_1081.jpg,224573,3638,26,2163,0.3712030204221726,0.5414267834793491,False,False
20160303_092806_1_721.jpg,226751,1392,147,2110,0.5782406138668128,0.7327661052266018,False,False
20160303_092806_641_361.jpg,226274,2293,116,1717,0.41614154144449833,0.5877117918877289,False,False
20160303_092806_641_721.jpg,223292,2749,408,3951,0.5558525604952167,0.7145311510986527,False,False
20160303_092839_1281_361.jpg,222433,4221,1725,2021,0.25367139450232207,0.40468562274729675,False,False
20160303_092839_1281_721.jpg,209133,2218,10538,8511,0.40019748906756947,0.5716300624622205,False,False
20160303_092839_1921_1081.jpg,229054,336,538,472,0.35066864784546803,0.5192519251925193,False,False
20160303_092839_1921_361.jpg,215797,3278,6079,5246,0.3592412517975758,0.5285908610005542,False,False
20160303_092839_1921_721.jpg,224988,962,1616,2834,0.5236511456023651,0.6873635702158623,False,False
20160303_092839_1_721.jpg,216077,2569,4042,7712,0.5384346854709209,0.6999773088268664,False,False
20160303_092839_641_721.jpg,209887,6016,5117,9380,0.4572709988787598,0.6275716722978624,False,False
20160303_093353_1281_361.jpg,204942,6362,6114,12982,0.509937936994265,0.6754422476586889,False,False
20160303_093353_1281_721.jpg,213404,3609,3621,9766,0.5746057895975524,0.7298408190718183,False,False
20160303_093353_1921_361.jpg,204424,7234,1034,17708,0.681706190329535,0.8107316179837011,False,False
20160303_093353_1921_721.jpg,226348,1089,549,2414,0.5957551826258638,0.7466749149396845,False,False
20160303_093353_1_1081.jpg,222728,981,2468,4223,0.5504431699687174,0.7100462379150904,False,False
20160303_093353_1_361.jpg,227267,1727,834,572,0.1825726141078838,0.3087719298245614,False,False
20160303_093353_1_721.jpg,212743,5298,5278,7081,0.40103075267599253,0.5724795860619291,False,False
20160303_093353_641_361.jpg,207121,1654,7591,14034,0.6028609476352077,0.7522311258810602,False,False
20160303_093400_1281_1081.jpg,211179,6482,9598,3141,0.16341501482753237,0.2809229943654414,False,False
20160303_093400_1281_361.jpg,224032,1706,1268,3394,0.5329773869346733,0.6953493136652326,False,False
20160303_093400_1281_721.jpg,203017,6319,5823,15241,0.5565862031187233,0.715137012012012,False,False
20160303_093400_641_1.jpg,215106,1045,5670,8579,0.5609389302994638,0.7187198927658861,False,False
20160303_093400_641_1081.jpg,223663,4533,1146,1058,0.15704319430013358,0.27145606157793456,False,False
20160303_093400_641_361.jpg,211925,3909,4727,9839,0.5325575101488498,0.6949918768100586,False,False
20160303_093400_641_721.jpg,211666,6222,2996,9516,0.5079534536137504,0.6736991150442478,False,False
20160303_093527_1281_1.jpg,206794,604,9804,13198,0.5590951453020419,0.7172046516682969,False,False
20160303_093527_1281_361.jpg,202506,11041,3573,13280,0.47608804760880474,0.6450672754650993,False,False
20160303_093527_1921_1.jpg,224784,3521,2095,0,0.0,0.0,False,True
20160303_093527_1921_361.jpg,206347,5441,5635,12977,0.5395169001787719,0.7008911693221712,False,False
20160303_093527_1_721.jpg,226563,2462,275,1100,0.2866823038832421,0.44561474579704274,False,False
20160303_093527_641_1081.jpg,210185,5860,3434,10921,0.5402423942616869,0.7015030832476875,False,False
20160303_093527_641_361.jpg,225439,527,242,4192,0.8449909292481355,0.9159838304381077,False,False
20160303_093527_641_721.jpg,194851,10025,7637,17887,0.5031646459816028,0.6694737630062131,False,False
20160303_093537_1281_361.jpg,216140,4931,2714,6615,0.4638849929873773,0.6337724550898204,False,False
20160303_093537_1281_721.jpg,205327,6175,5837,13061,0.5209189167630519,0.6850055068967326,False,False
20160303_093537_1921_1081.jpg,215638,1743,4973,8046,0.5450480964638937,0.7055419151175026,False,False
20160303_093537_1921_721.jpg,216449,722,4923,8306,0.5953695075621819,0.7463719279327852,False,False
20160303_093537_1_1.jpg,211977,5021,2958,10444,0.566900070563969,0.7235944157688711,False,False
20160303_093537_1_361.jpg,214056,4363,3838,8143,0.498225648556045,0.6650875975007147,False,False
20160303_093537_641_361.jpg,226229,1455,539,2177,0.5219371853272596,0.68588531821046,False,False
20160303_093537_641_721.jpg,194986,19765,3624,12025,0.33955497825718645,0.5069668416281962,False,False
20160306_103613_1281_361.jpg,209769,3745,5211,11675,0.5658959817749988,0.7227759549309726,False,False
20160306_103613_1921_361.jpg,209859,7693,2760,10088,0.4911153303149798,0.6587221260896536,False,False
20160306_103613_1_361.jpg,219950,2485,185,7780,0.7444976076555024,0.8535381239714755,False,False
20160306_103613_1_721.jpg,210287,5439,4287,10387,0.5164321583055735,0.6811147540983606,False,False
20160306_103613_641_361.jpg,213762,4058,2621,9959,0.598569539608126,0.7488814527954281,False,False
20160306_103613_641_721.jpg,220036,1612,913,7839,0.7563681976071015,0.8612866011097072,False,False
20160306_103632_641_1.jpg,220947,2387,1428,5638,0.5964244155294616,0.747200318070373,False,False
20160306_103632_641_1081.jpg,215931,4357,2530,7582,0.5240168636395052,0.6876785633304612,False,False
20160306_103632_641_361.jpg,220203,2465,2325,5407,0.5302539962734137,0.6930274288643937,False,False
20160306_103632_641_721.jpg,220453,4298,1254,4395,0.4418417613350759,0.6128852321851903,False,False
20160306_103638_1281_361.jpg,216759,3924,2936,6781,0.49710431786525916,0.6640877485065125,False,False
20160306_103638_1921_1081.jpg,225626,1941,424,2409,0.5046082949308756,0.6707503828483921,False,False
20160306_103638_1921_721.jpg,224018,1127,1901,3354,0.5255405828893763,0.6889893179950698,False,False
20160306_103638_1_1.jpg,228307,614,1276,203,0.09698996655518395,0.17682926829268292,False,False
20160306_103638_1_1081.jpg,228613,230,763,794,0.4443200895355344,0.6152654010073615,False,False
20160306_103638_1_361.jpg,225977,2956,770,697,0.15758534931042278,0.272265625,False,False
20160306_103638_1_721.jpg,213222,5801,3452,7925,0.4613459075561765,0.6313986376130343,False,False
20160306_103638_641_361.jpg,221736,1252,2058,5354,0.6179593721144968,0.7638750178342132,False,False
20160306_103638_641_721.jpg,224118,1003,1717,3562,0.5670168736071315,0.7236895570906136,False,False
20160306_103657_1281_361.jpg,212250,7711,3593,6846,0.3771900826446281,0.5477676428228516,False,False
20160306_103657_1281_721.jpg,202766,9384,3291,14959,0.5413259028732721,0.7024158899349658,False,False
20160306_103657_1921_1.jpg,222210,1754,2938,3498,0.4271062271062271,0.5985626283367557,False,False
20160306_103657_1921_361.jpg,227852,0,2548,0,0.0,0.0,True,True
20160306_103657_1921_721.jpg,223493,1914,2860,2133,0.3088171420298248,0.47190265486725663,False,False
20160306_103657_1_721.jpg,214603,4471,2806,8520,0.5393429132113693,0.7007443352387219,False,False
20160306_103657_641_361.jpg,220164,4835,651,4750,0.4640484564282923,0.6339249966635526,False,False
20160306_103657_641_721.jpg,214524,5412,1941,8523,0.5368480725623582,0.698635189966802,False,False
20160306_103816_1281_361.jpg,203917,7370,2923,16190,0.6113355737643016,0.75879361657254,False,False
20160306_103816_1921_361.jpg,227798,156,781,1665,0.6398923904688701,0.7804077806421373,False,False
20160306_103816_1921_721.jpg,212337,14444,801,2818,0.1560095222277584,0.26991044490206406,False,False
20160306_103816_1_721.jpg,197000,11503,5335,16562,0.4958682634730539,0.662983867739482,False,False
20160306_103816_641_361.jpg,219767,4478,851,5304,0.4988244145584501,0.665620882223756,False,False
20160306_103816_641_721.jpg,211149,5871,1960,11420,0.5932159368344502,0.744677382543771,False,False
20160306_103830_1281_1081.jpg,223885,1997,3582,936,0.1436684574059862,0.2512414441014629,False,False
20160306_103830_1281_361.jpg,208953,2592,9434,9421,0.4392688954166084,0.6104055980303227,False,False
20160306_103830_1281_721.jpg,217770,5430,4504,2696,0.21346001583531274,0.351820435860629,False,False
20160306_103830_1921_1081.jpg,221078,1790,2170,5362,0.5751984552671101,0.7303187142467993,False,False
20160306_103830_641_1.jpg,217573,3567,4701,4559,0.35542215638886726,0.524444955711492,False,False
20160306_103830_641_1081.jpg,217634,8134,1896,2736,0.21431928560238134,0.35298671139207843,False,False
20160306_103830_641_361.jpg,215774,1811,5702,7113,0.48632572131820045,0.6543999263995584,False,False
20160306_103830_641_721.jpg,217989,3123,3616,5672,0.45701393924744177,0.6273295360283139,False,False
20160306_103903_1281_361.jpg,221183,1598,625,6994,0.7588152327221439,0.8628708901363272,False,False
20160306_103903_1281_721.jpg,185096,5012,4589,35703,0.7880761080699276,0.88147937832533,False,False
20160306_103903_1921_721.jpg,165444,3822,5410,55724,0.8578730217377918,0.9235001657275439,False,False
20160306_103903_641_361.jpg,214344,762,2140,13154,0.8192575984055804,0.9006504621704896,False,False
20160306_103903_641_721.jpg,200963,9589,882,18966,0.6442911981519855,0.7836704336508068,False,False
20160306_104456_1281_1.jpg,210941,4122,3923,11414,0.5865666272675882,0.7394163184659736,False,False
20160306_104456_1281_361.jpg,221719,1882,3405,3394,0.3909687823983412,0.5621532091097309,False,False
20160306_104456_1281_721.jpg,208889,4278,4258,12975,0.6031797684905397,0.7524792669489068,False,False
20160306_104456_1921_361.jpg,227144,338,966,1952,0.5995085995085995,0.7496159754224271,False,False
20160306_104456_1921_721.jpg,206391,2124,6094,15791,0.65771169144904,0.7935175879396985,False,False
20160306_104456_1_1081.jpg,217485,3294,2273,7348,0.5689508323654665,0.7252627942555396,False,False
20160306_104456_641_1081.jpg,221121,2173,1493,5613,0.6049143226640802,0.7538275584206285,False,False
20160306_104456_641_361.jpg,219087,1688,2883,6742,0.5959515601520374,0.7468291332040986,False,False
20160306_104456_641_721.jpg,202814,6033,5138,16415,0.5950482128615965,0.7461194063771278,False,False
20160307_143827_1_721.jpg,209266,15872,75,5187,0.24543389798429072,0.39413396147562785,False,False
20160307_144150_1281_361.jpg,216064,6265,691,7380,0.5147879464285714,0.6796831829066127,False,False
20160307_144150_1281_721.jpg,215341,2354,1156,11549,0.766916793943821,0.8680847865303668,False,False
20160307_144150_1921_361.jpg,226344,1901,215,1940,0.47830374753451677,0.6470980653769179,False,False
20160307_144150_1921_721.jpg,216249,5341,294,8516,0.6017949261536287,0.7514007146953722,False,False
20160307_144150_1_1.jpg,222455,4475,634,2836,0.3569540591567023,0.5261107503942121,False,False
20160307_144150_1_1081.jpg,219373,6781,140,4106,0.37235875578126415,0.542655124562215,False,False
20160307_144150_1_361.jpg,218290,6822,827,4461,0.368373245251858,0.5384104761330034,False,False
20160307_144150_1_721.jpg,221906,4056,624,3814,0.44902283965151873,0.6197595060123496,False,False
20160307_144150_641_1.jpg,222604,1663,956,5177,0.6640584915341201,0.7981191705850613,False,False
20160307_144150_641_361.jpg,217522,4578,1067,7233,0.5616555365740021,0.7193078414797872,False,False
20160307_144150_641_721.jpg,209582,6779,400,13639,0.655154193486406,0.7916533650637025,False,False
20160307_144842_1281_1.jpg,202257,4431,15005,8707,0.309384216323775,0.47256445047489826,False,False
20160307_144842_1281_1081.jpg,221102,2028,885,6385,0.6867068186706818,0.8142574762481668,False,False
20160307_144842_1281_361.jpg,212910,3953,5302,8235,0.47084048027444253,0.6402332361516035,False,False
20160307_144842_1281_721.jpg,217969,2621,3152,6658,0.5355964926393694,0.6975745193566976,False,False
20160307_144842_641_1.jpg,224247,1590,1765,2798,0.45473752640988135,0.6251815439615686,False,False
20160307_144842_641_361.jpg,222672,3468,1614,2646,0.3423913043478261,0.5101214574898786,False,False
20160307_144842_641_721.jpg,227595,0,2805,0,0.0,0.0,True,True
20160307_144916_1281_361.jpg,223157,1673,1751,3819,0.5272677067513462,0.6904718857349484,False,False
20160307_144916_1281_721.jpg,220457,3022,2266,4655,0.4681685607965403,0.6377585970680916,False,False
20160307_144916_1921_361.jpg,220984,4667,1703,3046,0.32349192863211557,0.48884609212004493,False,False
20160307_144916_1921_721.jpg,215996,2230,5886,6288,0.4365454040544293,0.6077711192731491,False,False
20160307_144916_1_721.jpg,212886,2916,3207,11391,0.6503939705378554,0.7881681370005189,False,False
20160307_144916_641_721.jpg,211076,4412,3188,11724,0.6067066859863383,0.7552177273898479,False,False
20160307_162704_1281_1.jpg,226442,1309,1764,885,0.2235977766548762,0.36547594466239935,False,False
20160307_162704_1281_361.jpg,222566,4064,3605,165,0.02106203727342354,0.04125515689461182,False,False
20160307_162704_1281_721.jpg,193430,1635,14593,20742,0.5610494995942656,0.7188106459661768,False,False
20160307_162704_1921_721.jpg,188979,6866,15360,19195,0.4634122787957799,0.6333311336940741,False,False
20160307_162704_1_721.jpg,213355,4720,2650,9675,0.5676151364036375,0.7241766467065869,False,False
20160307_162704_641_361.jpg,217100,3678,4770,4852,0.364812030075188,0.5345967386513882,False,False
20160307_162704_641_721.jpg,217929,5038,2487,4946,0.3966001122604442,0.5679508526152609,False,False
20160307_163342_1281_1.jpg,220332,739,5218,4111,0.40832340087405644,0.5798716411594612,False,False
20160307_163342_1281_361.jpg,217904,1660,5502,5334,0.42685659411011523,0.5983174425126192,False,False
20160307_163342_641_1081.jpg,216401,4990,1171,7838,0.5598971355096792,0.7178641754819801,False,False
20160307_163342_641_361.jpg,227416,0,2984,0,0.0,0.0,True,True
20160307_163342_641_721.jpg,217735,4550,2643,5472,0.43205684958547175,0.6034073992391245,False,False
20160307_163352_1281_361.jpg,226024,492,3476,408,0.09323583180987204,0.1705685618729097,False,False
20160307_163352_1281_721.jpg,222838,2293,2974,2295,0.3034911399100767,0.46565892259308106,False,False
20160307_163352_1921_361.jpg,209889,7124,7817,5570,0.2715616010920969,0.4271308615467198,False,False
20160307_163352_641_1.jpg,220502,4764,1117,4017,0.40583956354819156,0.5773625583902263,False,False
20160307_163352_641_1081.jpg,212582,5123,2911,9784,0.5491076439555506,0.7089341352075936,False,False
20160307_163352_641_361.jpg,215709,3879,1703,9109,0.6200394799537131,0.7654621848739496,False,False
20160307_163352_641_721.jpg,203940,7275,3534,15651,0.5914965986394558,0.7433212224834367,False,False
20160307_163537_1281_361.jpg,218261,1750,2443,7946,0.6545843973968202,0.7912372417226786,False,False
20160307_163537_1281_721.jpg,222997,2569,2015,2819,0.3807915709847359,0.5515554685971434,False,False
20160307_163537_1921_361.jpg,216036,3502,3035,7827,0.5449039264828739,0.7054211166689198,False,False
20160307_163537_1_721.jpg,214966,3914,3305,8215,0.5322664247764676,0.6947439638039663,False,False
20160307_163537_641_361.jpg,228322,569,690,819,0.39412897016361886,0.5654124956851916,False,False
20160307_163537_641_721.jpg,211140,10671,1713,6876,0.35700934579439253,0.5261707988980716,False,False
20160307_163552_1281_361.jpg,227204,1871,480,845,0.2643929912390488,0.4182133135362534,False,False
20160307_163552_1281_721.jpg,208603,10097,2685,9015,0.41358902601275405,0.5851616253407763,False,False
20160307_163552_1921_721.jpg,207308,7554,2193,13345,0.5779057682314221,0.732497186925378,False,False
20160307_163552_1_361.jpg,221172,2669,2501,4058,0.43974859124403987,0.6108685834713232,False,False
20160307_163552_641_361.jpg,221064,3317,2609,3410,0.3652527849185947,0.5350698258277107,False,False
20160307_163552_641_721.jpg,220699,1745,2616,5340,0.5504587155963303,0.7100591715976331,False,False
20160307_163613_1281_361.jpg,218467,5635,2534,3764,0.3154278052459566,0.47958208574886924,False,False
20160307_163613_1281_721.jpg,223458,0,6942,0,0.0,0.0,True,True
20160307_163613_1921_361.jpg,216306,4525,2622,6947,0.49290478217681283,0.6603298322323083,False,False
20160307_163613_1_721.jpg,208552,7075,5011,9762,0.44681435371658734,0.6176526415691237,False,False
20160307_163613_641_361.jpg,227063,1069,786,1482,0.4441114773748876,0.6150653662585599,False,False
20160307_163613_641_721.jpg,218285,943,7206,3966,0.3273627734213785,0.4932529071575151,False,False
20160307_163627_1281_361.jpg,226982,0,3418,0,0.0,0.0,True,True
20160307_163627_1281_721.jpg,213432,122,16828,18,0.0010608203677510608,0.0021193924408336277,False,False
20160307_163627_1921_361.jpg,216690,5209,4482,4019,0.29314369073668856,0.4533814653956794,False,False
20160307_163627_1921_721.jpg,228928,149,1323,0,0.0,0.0,False,True
20160307_163627_1_361.jpg,209832,10083,1325,9160,0.4453520031116297,0.616254036598493,False,False
20160307_163627_641_361.jpg,210435,2572,9521,7872,0.394290007513148,0.5655781873046665,False,False
20160307_163627_641_721.jpg,222653,212,3389,4146,0.5351749064153866,0.697216850248045,False,False
20160307_163641_1281_721.jpg,219866,5562,2746,2226,0.21131573951015759,0.34890282131661443,False,False
20160307_163641_1921_361.jpg,211971,7120,1769,9540,0.5176623799446525,0.682183846401373,False,False
20160307_163641_1_361.jpg,219414,2894,3161,4931,0.4488439832514109,0.6195891185524911,False,False
20160307_163641_1_721.jpg,224768,1379,4141,112,0.019886363636363636,0.03899721448467967,False,False
20160307_163641_641_721.jpg,211625,7344,3911,7520,0.40053262316910787,0.5719718577676365,False,False
20160307_164143_1281_1081.jpg,216466,141,5146,8647,0.6205683938567532,0.7658651078340197,False,False
20160307_164143_1281_361.jpg,220402,1563,4642,3793,0.379375875175035,0.5500688855050395,False,False
20160307_164143_1281_721.jpg,213056,3706,10283,3355,0.19343865313653136,0.32417024977052034,False,False
20160307_164143_1921_361.jpg,215317,1705,7410,5968,0.39567725253596764,0.5670039428055674,False,False
20160307_164143_1_721.jpg,208839,9880,3255,8426,0.39079820045452435,0.5619768566378764,False,False
20160307_164143_641_1.jpg,225047,3231,1346,776,0.14496543994022043,0.2532223853809757,False,False
20160307_164143_641_1081.jpg,206294,14370,5652,4084,0.16941840205757902,0.2897481376374601,False,False
20160307_164143_641_361.jpg,220892,3771,3195,2542,0.26735380732015146,0.4219087136929461,False,False
20160307_164143_641_721.jpg,221929,2674,5765,32,0.0037775941447290755,0.007526755262848407,False,False
20160307_164214_1281_1.jpg,216663,3242,4090,6405,0.46625900851714347,0.635984509979148,False,False
20160307_164214_1281_1081.jpg,213036,6945,1888,8531,0.4913038470398526,0.6588916779301023,False,False
20160307_164214_1281_361.jpg,190290,6771,8775,24564,0.612415856394914,0.759625197142592,False,False
20160307_164214_1281_721.jpg,202056,1464,2279,24601,0.8679438329099634,0.929303994711493,False,False
20160307_164214_1921_1.jpg,223752,2585,2090,1973,0.29678098676293624,0.4577195220972045,False,False
20160307_164214_1921_1081.jpg,222385,2468,1430,4117,0.5136618839675609,0.6787009561490274,False,False
20160307_164214_1921_361.jpg,224468,2120,1043,2769,0.46679028995279837,0.6364785656821055,False,False
20160307_164214_1_1081.jpg,216371,6348,1503,6178,0.4403735120108347,0.6114712723313703,False,False
20160307_164214_1_721.jpg,201908,2945,11551,13996,0.4912256071879826,0.6588213142534363,False,False
20160307_164214_641_1081.jpg,223360,2304,956,3780,0.5369318181818182,0.6987060998151571,False,False
20160307_164214_641_361.jpg,207033,1550,11401,10416,0.4457568365643857,0.6166415060829411,False,False
20160307_164214_641_721.jpg,228824,0,1576,0,0.0,0.0,True,True
20160307_164226_1281_361.jpg,220640,1091,3733,4936,0.5057377049180328,0.6717474142623843,False,False
20160307_164226_1281_721.jpg,199547,3866,7148,19839,0.6430168865264317,0.7827270575238696,False,False
20160307_164226_1921_1081.jpg,223244,2888,822,3446,0.4815539407490218,0.6500660252782494,False,False
20160307_164226_1921_361.jpg,208900,3500,6139,11861,0.5516744186046512,0.7110698120559935,False,False
20160307_164226_1921_721.jpg,211457,1837,7194,9912,0.5232539724436467,0.6870213134638711,False,False
20160307_164226_1_1.jpg,214505,5143,1307,9445,0.5942120163573451,0.7454617205998422,False,False
20160307_164226_1_361.jpg,214158,6980,935,8327,0.512683167097648,0.6778460661809598,False,False
20160307_164226_1_721.jpg,206459,2989,4167,16785,0.7010985338958272,0.8242891518931396,False,False
20160307_164226_641_1.jpg,226676,618,1850,1256,0.3372717508055854,0.5044176706827309,False,False
20160307_164226_641_1081.jpg,204296,1759,6842,17503,0.6705102666258045,0.8027610246061412,False,False
20160307_164226_641_361.jpg,213224,4944,2663,9569,0.5571145784816023,0.7155730042998691,False,False
20160307_164226_641_721.jpg,194825,7845,5420,22310,0.6271257905832748,0.7708387319685583,False,False
20160307_164301_1281_1081.jpg,201652,3811,3892,21045,0.7320509252817587,0.8452995400959974,False,False
20160307_164301_1281_361.jpg,212338,1281,1919,14862,0.8228324659506145,0.9028064633701859,False,False
20160307_164301_1281_721.jpg,173499,2461,9263,45177,0.7939579269257131,0.8851466525598072,False,False
20160307_164301_1921_721.jpg,197525,2453,2696,27726,0.8433764258555133,0.9150344053728486,False,False
20160307_164301_1_1.jpg,210519,1426,2946,15509,0.7800915446909109,0.876462277479514,False,False
20160307_164301_1_361.jpg,224793,1210,409,3988,0.7112537899054753,0.8312662845231892,False,False
20160307_164301_641_361.jpg,202786,3016,5344,19254,0.6972550155718114,0.8216266962533072,False,False
20160307_164319_1281_1081.jpg,224927,2399,377,2697,0.4927827516901151,0.6602203182374541,False,False
20160307_164319_1281_361.jpg,211729,2548,3272,12851,0.6882866477424884,0.8153670452382463,False,False
20160307_164319_1281_721.jpg,227135,555,570,2140,0.655436447166922,0.7918593894542091,False,False
20160307_164319_1921_361.jpg,219033,1369,2079,7919,0.6966657869270696,0.821217463444986,False,False
20160307_164319_1_361.jpg,221017,1574,1606,6203,0.6610892038793563,0.7959707429744642,False,False
20160307_164319_641_361.jpg,208904,4147,2698,14651,0.6815686639374767,0.8106343541649376,False,False
20160307_164319_641_721.jpg,227468,360,931,1641,0.5596862210095498,0.7176907937896349,False,False
20160307_164334_1281_1.jpg,226299,1390,321,2390,0.5827846866617898,0.7364042520412879,False,False
20160307_164334_1281_361.jpg,217575,3021,1145,8659,0.6751656920077973,0.8060882517222119,False,False
20160307_164334_1921_1.jpg,213944,1282,2547,12627,0.7673189110354885,0.868342330571124,False,False
20160307_164334_641_1.jpg,221150,1017,2076,6157,0.6656216216216216,0.7992470954760823,False,False
20160307_164334_641_1081.jpg,220622,1752,782,7244,0.7408467989363878,0.8511338268123605,False,False
20160307_164334_641_361.jpg,219384,2274,2062,6680,0.6063907044299202,0.7549728752260397,False,False
20160307_164334_641_721.jpg,213255,5998,668,10479,0.6111986001749782,0.7586880973066898,False,False
20160307_164400_1281_1.jpg,209250,2756,13164,5230,0.24728132387706855,0.39651250947687644,False,False
20160307_164400_1281_1081.jpg,220882,3498,372,5648,0.5934019752048749,0.74482394830542,False,False
20160307_164400_1281_361.jpg,220457,1278,2076,6589,0.6626772603841898,0.797120735543189,False,False
20160307_164400_1281_721.jpg,221842,3683,1328,3547,0.4144659967282075,0.5860388269310203,False,False
20160307_164400_641_1.jpg,218062,1994,3275,7069,0.5729453720213973,0.7285000257638996,False,False
20160307_164400_641_1081.jpg,213804,2732,4449,9415,0.5673053747891058,0.7239244934835262,False,False
20160307_164400_641_361.jpg,215595,1968,2620,10217,0.6901046943600135,0.8166413556070657,False,False
20160307_164400_641_721.jpg,212559,2899,2447,12495,0.7003531192197747,0.8237737341772152,False,False
20160307_164517_1281_361.jpg,224460,1740,1220,2980,0.5016835016835017,0.6681614349775785,False,False
20160307_164517_1921_361.jpg,220937,1558,1734,6171,0.6521187784000846,0.789433286427018,False,False
20160307_164517_641_1.jpg,225222,1673,414,3091,0.596948628814214,0.7476115612528722,False,False
20160307_164517_641_1081.jpg,222977,2425,419,4579,0.6168664960258655,0.7630394934177637,False,False
20160307_164517_641_361.jpg,222547,5200,412,2241,0.2853686489239781,0.4440261541509808,False,False
20160307_164517_641_721.jpg,221522,2566,1972,4340,0.4888488398287903,0.656680284460584,False,False
20160308_072824_1281_361.jpg,217463,1695,1956,9286,0.7177861946355415,0.8357107501237456,False,False
20160308_072824_1281_721.jpg,214399,4087,2146,9768,0.6104618461346166,0.758120221972137,False,False
20160308_072824_1921_361.jpg,204255,3321,4281,18543,0.7092369477911646,0.8298872180451128,False,False
20160308_072824_1_1.jpg,215666,4613,554,9567,0.6493145106556264,0.7873750051438212,False,False
20160308_072824_641_1.jpg,218567,3338,118,8377,0.7079354348009803,0.8289955467590302,False,False
20160308_072824_641_1081.jpg,210540,2070,1814,15976,0.8044310171198389,0.8916173680098225,False,False
20160308_072824_641_361.jpg,219014,2828,1500,7058,0.6198840681538732,0.7653437432227282,False,False
20160308_072824_641_721.jpg,204776,5816,1651,18157,0.7085935060880425,0.8294465635778078,False,False
20160308_072921_1281_1.jpg,212403,3700,3461,10836,0.6021003500583431,0.7516387472687546,False,False
20160308_072921_1281_1081.jpg,227712,306,235,2147,0.7987351190476191,0.8881075491209928,False,False
20160308_072921_1281_361.jpg,225623,837,2429,1511,0.31630730584048566,0.4805979643765903,False,False
20160308_072921_1281_721.jpg,226589,336,741,2734,0.7173970086591446,0.8354469060351414,False,False
20160308_072921_641_1.jpg,210172,4079,737,15412,0.7619141783666206,0.8648709315375982,False,False
20160308_072921_641_1081.jpg,204078,5045,2524,18753,0.7124458627763848,0.8320798668885191,False,False
20160308_072921_641_361.jpg,210636,4529,2872,12363,0.6255312689738919,0.7696330189560183,False,False
20160308_072921_641_721.jpg,209565,3370,4513,12952,0.6216462682985361,0.7666854115488205,False,False
20160308_072927_1281_1.jpg,217061,4896,1359,7084,0.5310742934252942,0.6937276599911865,False,False
20160308_072927_1281_1081.jpg,215163,9110,274,5853,0.3841307343965347,0.5550497866287339,False,False
20160308_072927_1281_361.jpg,213844,7856,969,7731,0.4669606185068857,0.6366368839296743,False,False
20160308_072927_1281_721.jpg,216019,5405,639,8337,0.5797232459495167,0.7339554538251607,False,False
20160308_072927_641_1.jpg,216355,4311,1342,8392,0.5975080099679602,0.7480500958238624,False,False
20160308_072927_641_1081.jpg,214502,9055,364,6479,0.4075355390615172,0.579076730571569,False,False
20160308_072927_641_361.jpg,215899,4830,2392,7279,0.5019653816978139,0.6684113865932048,False,False
20160308_072927_641_721.jpg,214650,8566,436,6748,0.42844444444444446,0.5998755444928439,False,False
20160308_072944_1281_721.jpg,204421,4284,3450,18245,0.7022980099310981,0.8251175832127352,False,False
20160308_072944_1921_1.jpg,211464,3446,1279,14211,0.7504752851711026,0.8574531631821884,False,False
20160308_072944_1921_361.jpg,210465,3705,1979,14251,0.7148733383496363,0.8337331071198736,False,False
20160308_072944_1_361.jpg,209950,4109,1426,14915,0.7293398533007335,0.8434893256044111,False,False
20160308_072944_641_1081.jpg,214049,4882,3905,7564,0.46260167573848693,0.632573698515576,False,False
20160308_072944_641_361.jpg,216313,1222,3135,9730,0.690707744729183,0.8170634420791871,False,False
20160308_072944_641_721.jpg,205218,3638,3875,17669,0.7016519736319593,0.8246715362535296,False,False
20160308_072951_1281_1.jpg,228314,0,1610,476,0.22818791946308725,0.37158469945355194,False,False
20160308_072951_1281_361.jpg,211017,3044,7068,9271,0.4783057318268586,0.647099881342919,False,False
20160308_072951_1281_721.jpg,182942,22242,1452,23764,0.5007374942054027,0.667321894920109,False,False
20160308_072951_1921_361.jpg,221545,2991,1500,4364,0.4928289102202146,0.6602617444587336,False,False
20160308_072951_1921_721.jpg,194711,5707,8149,21833,0.611757124043823,0.7591182504085393,False,False
20160308_072951_1_1.jpg,219355,1372,3156,6517,0.5900407424173835,0.7421705956041453,False,False
20160308_072951_1_1081.jpg,195650,6515,2753,25482,0.733294964028777,0.8461283038916191,False,False
20160308_072951_641_1.jpg,209031,2113,9155,10101,0.47269408956900183,0.6419447092469018,False,False
20160308_072951_641_1081.jpg,225213,0,3829,1358,0.26180836707152494,0.41497326203208557,False,False
20160308_072951_641_361.jpg,205794,5727,6211,12668,0.5148337803787694,0.6797231314052691,False,False
20160308_072951_641_721.jpg,175654,14281,10827,29638,0.5413728856902787,0.7024554417899128,False,False
20160308_073245_1281_1.jpg,225459,2301,416,2224,0.4501113134992916,0.6207955338450802,False,False
20160308_073245_1281_1081.jpg,228868,41,1148,343,0.22389033942558748,0.3658666666666667,False,False
20160308_073245_1281_361.jpg,216712,635,4860,8193,0.5985534774985388,0.7488688816781682,False,False
20160308_073245_1281_721.jpg,202935,7368,2847,17250,0.6280720917531404,0.7715531700771553,False,False
20160308_073245_1921_361.jpg,202363,9998,2677,15362,0.5479188215572279,0.7079425793221042,False,False
20160308_073245_1921_721.jpg,197372,11231,6282,15515,0.4697529369020225,0.6392270770244938,False,False
20160308_073245_1_1081.jpg,216964,1543,5654,6239,0.4643495087823757,0.6342058449809402,False,False
20160308_073245_1_361.jpg,215898,2526,3847,8129,0.5605433733278169,0.7183951217356723,False,False
20160308_073245_1_721.jpg,210380,4267,3167,12586,0.6286713286713287,0.7720051524259339,False,False
20160308_073245_641_1.jpg,224654,3392,127,2227,0.3875739644970414,0.55863539445629,False,False
20160308_073245_641_361.jpg,217518,2102,1224,9556,0.7418102779071573,0.8517693199037347,False,False
20160308_073245_641_721.jpg,200600,4479,7171,18150,0.6090604026845637,0.7570385818561001,False,False
20160308_073310_1281_361.jpg,217501,1612,3363,7924,0.6143111869137142,0.7610814964222254,False,False
20160308_073310_1281_721.jpg,216112,6974,4740,2574,0.1801511758118701,0.3053018621753054,False,False
20160308_073310_1921_721.jpg,207097,8370,1306,13627,0.5847744925546067,0.7379907933929055,False,False
20160308_073310_1_1.jpg,219455,4685,1779,4481,0.40941068981269985,0.5809671982367431,False,False
20160308_073310_1_1081.jpg,213256,3404,4329,9411,0.5489384041063929,0.7087930709847486,False,False
20160308_073310_1_361.jpg,224096,3568,340,2396,0.3800761421319797,0.5508045977011494,False,False
20160308_073310_641_1081.jpg,225776,492,1784,2348,0.5077854671280276,0.6735513482501434,False,False
20160308_073310_641_361.jpg,217368,4600,1135,7297,0.5599294045426643,0.7178906980176103,False,False
20160308_073310_641_721.jpg,213679,4585,3184,8952,0.5353746785479337,0.6973863592100651,False,False
20160308_073406_1281_721.jpg,203797,5559,4337,16707,0.6280118783595835,0.7715077349341953,False,False
20160308_073406_1921_721.jpg,208660,5219,5855,10666,0.4906163753449862,0.6582731592914892,False,False
20160308_073406_1_361.jpg,186526,5019,5457,33398,0.7612253270729817,0.8644269593125582,False,False
20160308_073406_641_361.jpg,209155,4133,6698,10414,0.4901859261002589,0.6578855933541805,False,False
20160308_073406_641_721.jpg,215757,6700,2007,5936,0.4053814109130643,0.5768987803100247,False,False
20160308_073532_1281_721.jpg,214217,1228,4614,10341,0.6390038929741086,0.7797466445483335,False,False
20160308_073532_1921_1081.jpg,216094,3211,7053,4042,0.2825387949112261,0.4405929801613255,False,False
20160308_073532_1921_721.jpg,217942,6430,2263,3765,0.30221544389147537,0.46415582814522593,False,False
20160308_073532_1_361.jpg,186854,4591,12515,26440,0.6071740228723649,0.7555796873660446,False,False
20160308_073532_1_721.jpg,225898,958,423,3121,0.6932474455797424,0.8188377279286371,False,False
20160308_073532_641_361.jpg,220886,2380,1665,5469,0.5748370821946605,0.7300273643462591,False,False
20160308_073532_641_721.jpg,207527,3510,2438,16925,0.7399554059371312,0.8505452535303282,False,False
20160308_073736_1281_361.jpg,210091,4228,3633,12448,0.6129302279777439,0.7600207589217571,False,False
20160308_073736_1921_361.jpg,219095,3712,1369,6224,0.5505528527200354,0.710137486451024,False,False
20160308_073736_1921_721.jpg,207215,12779,662,9744,0.4202717274099633,0.5918187615779404,False,False
20160308_073736_1_361.jpg,223757,4122,915,1606,0.24175824175824176,0.3893805309734513,False,False
20160308_073736_1_721.jpg,199673,12717,1762,16248,0.5287857584534774,0.6917722192655668,False,False
20160308_073736_641_1.jpg,221540,4060,3545,1255,0.14164785553047404,0.2481463173504696,False,False
20160308_073736_641_361.jpg,211090,5535,3877,9898,0.5125841532884515,0.6777595179402903,False,False
20160308_073736_641_721.jpg,213319,3376,3396,10309,0.6035360927346174,0.7527564804673238,False,False
20160308_074101_1281_1.jpg,221199,2522,647,6032,0.6555809151179219,0.7919648132344252,False,False
20160308_074101_1281_1081.jpg,212940,8825,698,7937,0.454581901489118,0.6250344528881364,False,False
20160308_074101_1281_361.jpg,219098,3167,1968,6167,0.5456556361705893,0.7060507184154788,False,False
20160308_074101_1281_721.jpg,221416,3197,532,5255,0.5849287622439893,0.7381136315752511,False,False
20160308_074101_1_1.jpg,228328,607,1274,191,0.09218146718146718,0.16880247459125056,False,False
20160308_074101_641_361.jpg,217467,5194,3901,3838,0.2967602257790149,0.4576948303619343,False,False
20160308_074134_1281_1.jpg,203753,1210,6491,18946,0.7109993620294968,0.83109249226855,False,False
20160308_074134_1281_361.jpg,199868,3298,6503,20731,0.6789925324249967,0.8088094727191152,False,False
20160308_074134_1281_721.jpg,179213,8866,5370,36951,0.7218825092308594,0.8384805645691983,False,False
20160308_074134_1921_1081.jpg,212543,5722,989,11146,0.6241809934479475,0.7686101437782299,False,False
20160308_074134_1921_361.jpg,229361,36,959,44,0.04234841193455245,0.08125577100646353,False,False
20160308_074134_1921_721.jpg,187806,5921,7208,29465,0.6917640982297977,0.8178020788520518,False,False
20160308_074134_1_721.jpg,168807,10175,5788,45630,0.7408309385806828,0.8511233597269242,False,False
20160308_074134_641_361.jpg,198895,9308,3919,18278,0.5801618790668148,0.7343068919108933,False,False
20160308_074134_641_721.jpg,194303,7905,4483,23709,0.6568135856165332,0.7928635922817109,False,False
20160308_074321_1281_361.jpg,208403,3085,2756,16156,0.7344637905168887,0.8469058789610253,False,False
20160308_074321_1281_721.jpg,218643,2265,4732,4760,0.4048651866972867,0.5763758551795121,False,False
20160308_074321_1921_361.jpg,226815,1013,243,2329,0.6496513249651324,0.7876225904633074,False,False
20160308_074321_1921_721.jpg,212890,3959,1972,11579,0.661279268989149,0.7961084946199595,False,False
20160308_074321_1_1.jpg,225426,1033,1138,2803,0.5635303578608766,0.7208435129227209,False,False
20160308_074321_1_361.jpg,221510,4504,601,3785,0.42575928008998876,0.5972386587771203,False,False
20160308_074321_641_1081.jpg,214141,7901,1621,6737,0.414355126391537,0.5859279874760828,False,False
20160308_074321_641_361.jpg,213877,4727,913,10883,0.6586576287599104,0.794205648398161,False,False
20160308_074321_641_721.jpg,221513,2413,1559,4915,0.553055024192641,0.7122156209245037,False,False
20160308_074330_1281_721.jpg,203695,8875,1820,16010,0.599513199775323,0.7496195715790706,False,False
20160308_074330_1921_361.jpg,214648,3467,650,11635,0.7386363636363636,0.8496732026143791,False,False
20160308_074330_1921_721.jpg,208444,4491,4149,13316,0.6064856986700674,0.7550464958040372,False,False
20160308_074330_1_361.jpg,219539,1440,1633,7788,0.717061044102753,0.8352190465976728,False,False
20160308_074330_1_721.jpg,220284,1139,2870,6107,0.6036971134835903,0.7528817111508352,False,False
20160308_074330_641_361.jpg,213002,5178,1303,10917,0.6274859179216001,0.7711107187003355,False,False
20160308_074330_641_721.jpg,210528,10525,2934,6413,0.3227153784219002,0.48795891192695456,False,False
20160308_155516_1281_1081.jpg,210543,1488,8143,10226,0.5149821221735408,0.6798524083369345,False,False
20160308_155516_1281_721.jpg,186054,2812,16655,24879,0.5610201596536328,0.7187865655471289,False,False
20160308_155516_1921_721.jpg,207954,3623,4023,14800,0.6593602423594405,0.7947162111367664,False,False
20160308_155516_1_1.jpg,192521,3254,29536,5089,0.1343488476464532,0.23687395270899275,False,False
20160308_155516_1_1081.jpg,210229,171,19956,44,0.002181349462099053,0.004353203067029434,False,False
20160308_155516_1_361.jpg,211995,2429,11402,4574,0.24851942406954633,0.3981026154314809,False,False
20160308_155516_1_721.jpg,204597,1899,19591,4313,0.16715110646048909,0.2864258201620401,False,False
20160308_155516_641_1.jpg,217135,1279,7140,4846,0.3653222766679231,0.5351443873888797,False,False
20160308_155516_641_361.jpg,194389,4276,21845,9890,0.2746383049623726,0.4309274307749287,False,False
20160308_155516_641_721.jpg,187166,1933,29129,12172,0.28153767867881757,0.43937479695339854,False,False
20160308_155537_1281_361.jpg,223130,2220,357,4693,0.6455295735900963,0.784585806235894,False,False
20160308_155537_1281_721.jpg,226563,877,394,2566,0.6687516288767266,0.8014992972044355,False,False
20160308_155537_1921_361.jpg,213256,2442,1872,12830,0.7483667755482968,0.8560752652298659,False,False
20160308_155537_1_721.jpg,215077,3382,2438,9503,0.6201788161587156,0.7655683557560622,False,False
20160308_155537_641_721.jpg,207988,3860,1171,17381,0.775522041763341,0.8735707285200914,False,False
20160308_155731_1281_1.jpg,206881,559,2560,20400,0.8673838173391726,0.9289829003392609,False,False
20160308_155731_1281_361.jpg,201077,7877,1982,19464,0.6637792858848003,0.7979174780166848,False,False
20160308_155731_1281_721.jpg,217121,1402,4090,7787,0.5864146396566007,0.7392955473274471,False,False
20160308_155731_641_1.jpg,211110,1655,4711,12924,0.6699844479004665,0.8023840566213447,False,False
20160308_155731_641_1081.jpg,212679,3336,1706,12679,0.7154788104508775,0.8341447368421052,False,False
20160308_155731_641_361.jpg,220835,2496,889,6180,0.6461055933089388,0.7850111146395681,False,False
20160308_155731_641_721.jpg,219312,1010,6421,3657,0.32981601731601734,0.4960325534079349,False,False
20160308_155737_1281_1.jpg,209271,5016,2319,13794,0.6528467982393866,0.7899664977235633,False,False
20160308_155737_1281_1081.jpg,225721,194,2653,1832,0.3915366531310109,0.5627399784979266,False,False
20160308_155737_1281_361.jpg,221879,1768,2330,4423,0.5190705316277432,0.6834054388133498,False,False
20160308_155737_1281_721.jpg,217147,4010,1332,7911,0.5969214517467744,0.7475902475902476,False,False
20160308_155737_1921_1.jpg,215004,3507,2464,9425,0.6121719927253833,0.7594375730228435,False,False
20160308_155737_1921_1081.jpg,217670,2493,2022,8215,0.6453260015710919,0.7844354261160181,False,False
20160308_155737_1921_721.jpg,219175,2527,2311,6387,0.5689977728285078,0.7253009311832841,False,False
20160308_155737_1_1.jpg,212661,2329,2797,12613,0.7110321889621738,0.8311149182920401,False,False
20160308_155737_1_1081.jpg,216515,2047,3401,8437,0.6076341375585164,0.7559358480422901,False,False
20160308_155737_641_1.jpg,215365,3465,1801,9769,0.6497505819753907,0.7876955329785519,False,False
20160308_155737_641_1081.jpg,220381,2270,2532,5217,0.5207106497654457,0.6848254134943554,False,False
20160308_155737_641_361.jpg,229147,167,288,798,0.6368715083798883,0.7781569965870307,False,False
20160308_155737_641_721.jpg,225851,645,316,3588,0.7887447790723235,0.8818975052230552,False,False
20160308_155836_1281_361.jpg,227083,456,790,2071,0.6243593608682545,0.7687453600593912,False,False
20160308_155836_1281_721.jpg,213423,6041,1980,8956,0.5275372562879189,0.6907029653337446,False,False
20160308_155836_1921_361.jpg,226884,1655,1619,242,0.06882821387940842,0.12879191059073974,False,False
20160308_155836_1921_721.jpg,218566,1688,3447,6699,0.5660807841811729,0.7229266713430098,False,False
20160308_155836_1_361.jpg,203302,11607,3849,11642,0.4296258026422614,0.6010325245224574,False,False
20160308_155836_641_361.jpg,226189,1397,364,2450,0.5818095464260271,0.7356252814892659,False,False
20160308_155836_641_721.jpg,208416,8317,2713,10954,0.49827147016011647,0.6651284230979416,False,False
20160308_155847_1281_1081.jpg,218700,3020,2409,6271,0.535982905982906,0.6979021757275611,False,False
20160308_155847_1281_361.jpg,213182,7284,4072,5862,0.340457660587757,0.5079722703639514,False,False
20160308_155847_1281_721.jpg,221229,3587,1857,3727,0.40638970668411295,0.5779190572181734,False,False
20160308_155847_1921_1.jpg,225187,2026,1522,1665,0.3193938231344715,0.48415236987496363,False,False
20160308_155847_1921_361.jpg,223211,3122,1642,2425,0.3373209069411601,0.5044726440607448,False,False
20160308_155847_1_1.jpg,220207,2120,4119,3954,0.3879132738153635,0.5589877712589242,False,False
20160308_155847_1_361.jpg,220807,2129,3845,3619,0.3772542478890858,0.5478353012412958,False,False
20160308_155847_641_361.jpg,205782,6959,12900,4759,0.19331383540498823,0.32399496204513734,False,False
20160308_160128_1281_1.jpg,222656,1333,2558,3853,0.4975464876033058,0.6644821936707769,False,False
20160308_160128_1281_361.jpg,224125,1403,912,3960,0.6310756972111554,0.7738153395212506,False,False
20160308_160128_1281_721.jpg,211635,4002,5151,9612,0.5122302158273381,0.6774500475737393,False,False
20160308_160128_1921_1.jpg,220298,1004,3744,5354,0.529994060582063,0.6928053830227743,False,False
20160308_160128_1921_1081.jpg,223242,716,3255,3187,0.44523609946912546,0.616143064282262,False,False
20160308_160128_1921_361.jpg,219110,2578,2926,5786,0.512488928255093,0.6776762707894121,False,False
20160308_160128_1921_721.jpg,218103,718,5618,5961,0.4847523786289339,0.6529740387775221,False,False
20160308_160128_1_721.jpg,208368,8191,3374,10467,0.4750816993464052,0.644142896704514,False,False
20160308_160128_641_361.jpg,222238,3995,1893,2274,0.27860818426856165,0.4357991567650441,False,False
20160308_160128_641_721.jpg,213829,3255,3855,9461,0.5709371794098124,0.7268746158574063,False,False
20160310_114418_1281_1.jpg,216898,1710,9202,2590,0.19182343356539772,0.321899080288342,False,False
20160310_114418_1281_1081.jpg,224189,0,6211,0,0.0,0.0,True,True
20160310_114418_641_1.jpg,224917,886,3599,998,0.1820171438993252,0.3079771640178985,False,False
20160310_114418_641_1081.jpg,200478,4119,24140,1663,0.05557783570616937,0.10530315022953934,False,False
20160310_114418_641_361.jpg,207376,3105,14395,5524,0.23992355802640722,0.38699733781700996,False,False
20160310_114418_641_721.jpg,198633,3926,24943,2898,0.09122674473510246,0.16720034617048896,False,False
20160310_114425_1281_1081.jpg,216187,2482,7794,3937,0.27699992964187714,0.43382920110192835,False,False
20160310_114425_1281_721.jpg,225530,2413,527,1930,0.39630390143737165,0.5676470588235294,False,False
20160310_114425_641_1.jpg,214710,3531,10715,1444,0.09203314212874443,0.16855375277226567,False,False
20160310_114425_641_361.jpg,218933,2128,5355,3984,0.34743176070463067,0.515694777037085,False,False
20160310_114425_641_721.jpg,228028,764,855,753,0.3174536256323777,0.48192,False,False
20160310_114429_641_1.jpg,222027,863,1652,5858,0.699629762331303,0.8232731361113063,False,False
20160310_114429_641_1081.jpg,223920,1921,1247,3312,0.5111111111111111,0.6764705882352942,False,False
20160310_114429_641_361.jpg,224740,1763,475,3422,0.6045936395759718,0.7535785069367981,False,False
20160310_114429_641_721.jpg,221345,2208,3743,3104,0.3427940364439536,0.5105683033144173,False,False
20160310_114441_641_1.jpg,214096,2053,6047,8204,0.503189401373896,0.6694956748816713,False,False
20160310_114441_641_1081.jpg,206169,4669,11477,8085,0.33366348891915315,0.500371333085778,False,False
20160310_114441_641_361.jpg,209311,3515,13587,3987,0.18905590592251884,0.31799330036688467,False,False
20160310_114441_641_721.jpg,203683,1598,17168,7951,0.29760077853052364,0.4586938963886004,False,False
20160310_114459_1281_1.jpg,225292,1624,912,2572,0.5035238841033672,0.6697916666666667,False,False
20160310_114459_1281_361.jpg,226348,902,1167,1983,0.48938795656465944,0.6571665285832643,False,False
20160310_114459_641_1.jpg,220980,2660,1162,5598,0.5942675159235669,0.7455053935277667,False,False
20160310_114459_641_1081.jpg,221609,2946,1111,4734,0.5385052895006256,0.7000369685767098,False,False
20160310_114459_641_361.jpg,222038,3633,2048,2681,0.3206170772542454,0.48555646110658335,False,False
20160310_114459_641_721.jpg,220706,3796,605,5293,0.5460078399009697,0.7063454994328418,False,False
20160310_114658_1281_1081.jpg,226488,240,1671,2001,0.5115030674846626,0.6768138001014713,False,False
20160310_114658_641_1.jpg,224496,1082,1621,3201,0.5421747967479674,0.7031301482701812,False,False
20160310_114658_641_1081.jpg,224578,3211,481,2130,0.36585365853658536,0.5357142857142857,False,False
20160310_114658_641_361.jpg,226057,1255,1456,1632,0.3757771125949804,0.546276150627615,False,False
20160310_114658_641_721.jpg,223738,1048,2747,2867,0.4303512458721105,0.6017420505824326,False,False
20160316_141736_1281_361.jpg,208569,3360,3472,14999,0.6870505244835325,0.8144990496877546,False,False
20160316_141736_1281_721.jpg,228609,513,127,1151,0.6426577331099944,0.7824609109449354,False,False
20160316_141736_1921_361.jpg,215580,2930,2298,9592,0.6472334682860998,0.7858430280190071,False,False
20160316_141736_1_1081.jpg,224162,2260,475,3503,0.5615581917281179,0.7192280053382609,False,False
20160316_141736_1_361.jpg,225359,1624,1050,2367,0.4695496925213251,0.6390388768898488,False,False
20160316_141736_1_721.jpg,219760,2010,773,7857,0.7384398496240602,0.8495431691625669,False,False
20160316_141736_641_361.jpg,222398,2401,888,4713,0.5889777555611098,0.7413291388124262,False,False
20160316_141736_641_721.jpg,215134,3131,912,11223,0.735163107559282,0.8473706066669183,False,False
20160316_142027_1281_361.jpg,212078,4582,3672,10068,0.5495033293308591,0.7092638252905953,False,False
20160316_142027_1281_721.jpg,225257,39,3255,1849,0.3595177911724674,0.5288901601830663,False,False
20160316_142027_1921_361.jpg,215912,6364,1295,6829,0.4713556046383214,0.6407092930524934,False,False
20160316_142027_1_1081.jpg,223631,794,1672,4303,0.6356921258679273,0.7772760115606936,False,False
20160316_142027_1_361.jpg,220067,927,5388,4018,0.3888512532662344,0.5599609783290364,False,False
20160316_142027_1_721.jpg,218510,2843,4706,4341,0.3650967199327166,0.5349023473599901,False,False
20160316_142027_641_721.jpg,203480,2125,10014,14781,0.54907132243685,0.7089038632167094,False,False
20160316_142031_1281_361.jpg,220713,5144,1633,2910,0.30040260142458963,0.4620147654203382,False,False
20160316_142031_1281_721.jpg,227463,583,952,1402,0.477357848144365,0.6462318506568334,False,False
20160316_142031_1921_361.jpg,220033,4140,1191,5036,0.4857721616668274,0.6538985911835357,False,False
20160316_142031_1921_721.jpg,227169,934,601,1696,0.5249148870318787,0.688451390298356,False,False
20160316_142031_1_361.jpg,225927,1456,658,2359,0.5273865414710485,0.6905737704918032,False,False
20160316_142031_1_721.jpg,224170,2234,1147,2849,0.45730337078651684,0.6276021588280648,False,False
20160316_142031_641_361.jpg,221394,3105,1039,4862,0.5398623140128803,0.7011825785982118,False,False
20160316_142031_641_721.jpg,228181,244,645,1330,0.5993690851735016,0.7495069033530573,False,False
20160316_142035_1281_361.jpg,226306,1300,898,1896,0.46311675622862725,0.6330550918196995,False,False
20160316_142035_1921_361.jpg,217580,5495,2076,5249,0.4094383775351014,0.5809950744368808,False,False
20160316_142035_1_721.jpg,222960,3084,926,3430,0.46102150537634407,0.6310947562097516,False,False
20160316_142035_641_721.jpg,224345,2375,841,2839,0.46886870355078447,0.6384079154486171,False,False
20160316_144230_1281_1.jpg,208737,3276,6099,12288,0.5672344550616258,0.7238667491384643,False,False
20160316_144230_1281_1081.jpg,203536,3691,5277,17896,0.6661703394877904,0.7996425379803396,False,False
20160316_144230_1281_361.jpg,204318,1987,7435,16660,0.6387546967257112,0.7795610874549623,False,False
20160316_144230_1281_721.jpg,216339,2214,2362,9485,0.6745608420453737,0.8056570118066763,False,False
20160316_144230_1921_1.jpg,219441,732,2808,7419,0.6769778264440186,0.8073783872020894,False,False
20160316_144230_1921_361.jpg,224045,915,1373,4067,0.6399685287175453,0.7804644022260603,False,False
20160316_144230_1_1.jpg,216127,1552,1601,11120,0.7790933931198767,0.8758319221832789,False,False
20160316_144230_1_361.jpg,224962,7,932,4499,0.8273262228760574,0.9055046794807285,False,False
20160316_144230_641_1.jpg,218557,210,5525,6108,0.5157476990627374,0.6805191911314132,False,False
20160316_144230_641_1081.jpg,223562,278,1801,4759,0.6959637320854051,0.8207294990083642,False,False
20160316_144230_641_361.jpg,205117,1292,10020,13971,0.5525847407348812,0.711825546441127,False,False
20160316_144230_641_721.jpg,221589,776,2679,5356,0.6078765179888775,0.7561233853321099,False,False
20160316_144241_1281_1.jpg,220421,2806,2346,4827,0.48371580318669205,0.6520329596109685,False,False
20160316_144241_1281_721.jpg,205999,2568,5009,16824,0.6894799393467481,0.8162037598544573,False,False
20160316_144241_1921_1081.jpg,222534,1667,1088,5111,0.6497584541062802,0.787701317715959,False,False
20160316_144241_1921_721.jpg,211310,171,6432,12487,0.6541121005762179,0.7908921050131424,False,False
20160316_144241_1_1081.jpg,213106,3446,1469,12379,0.715797386376778,0.8343612037879554,False,False
20160316_144241_1_721.jpg,221205,1870,1509,5816,0.6325176726481784,0.7748984078342549,False,False
20160316_144241_641_1.jpg,229204,0,1196,0,0.0,0.0,True,True
20160316_144241_641_361.jpg,223623,953,2267,3557,0.524863508927254,0.6884071995355139,False,False
20160316_144241_641_721.jpg,210742,2451,2606,14601,0.7427510428324346,0.8523891532152135,False,False
20160316_144431_1281_1081.jpg,226813,581,419,2587,0.7212155004181767,0.8380304502753483,False,False
20160316_144431_1281_361.jpg,193551,2717,6216,27916,0.7575782246465305,0.8620705628039836,False,False
20160316_144431_1281_721.jpg,197860,845,11430,20265,0.6227719729563614,0.7675409525613105,False,False
20160316_144431_1921_1.jpg,202964,821,3995,22620,0.8244642076104388,0.9037877577113633,False,False
20160316_144431_1921_1081.jpg,206830,1724,4010,17836,0.7567246499787866,0.8615176544462155,False,False
20160316_144431_1921_361.jpg,226517,344,207,3332,0.8580994076744785,0.9236313236313236,False,False
20160316_144431_1_1.jpg,209238,1652,3596,15914,0.7520083167942538,0.8584529075412666,False,False
20160316_144431_1_1081.jpg,221312,64,4277,4747,0.522337147887324,0.6862305746295627,False,False
20160316_144431_1_721.jpg,206065,3144,4389,16802,0.6904458598726114,0.8168801808590807,False,False
20160316_144431_641_1.jpg,228429,80,361,1530,0.776255707762557,0.8740359897172236,False,False
20160316_144431_641_1081.jpg,204139,2081,5537,18643,0.7099120368607441,0.8303491893817923,False,False
20160316_144431_641_361.jpg,201660,1953,5605,21182,0.7370215727209464,0.8486038219622611,False,False
20160316_144431_641_721.jpg,226307,58,1822,2213,0.5406792084045932,0.7018712337456391,False,False
20160318_084343_1281_361.jpg,198688,3098,8000,20614,0.6500378405650857,0.7879065856362037,False,False
20160318_084343_1281_721.jpg,228253,365,568,1214,0.5654401490451794,0.7224040464147575,False,False
20160318_084343_1921_721.jpg,201697,2681,3396,22626,0.7882799707347664,0.8816068888932183,False,False
20160318_084343_1_1081.jpg,228502,0,1898,0,0.0,0.0,True,True
20160318_084343_1_721.jpg,195860,5769,7953,20818,0.6027214823393168,0.7521225477799054,False,False
20160318_084343_641_361.jpg,210832,888,2083,16597,0.848170482420278,0.9178487487902668,False,False
20160318_084343_641_721.jpg,216172,1528,6571,6129,0.43077031206072536,0.602151594046274,False,False
20160318_181712_1281_721.jpg,219702,1298,3068,6332,0.5918863338941859,0.7436288901937756,False,False
20160318_181712_1921_721.jpg,220188,1002,2342,6868,0.672542107324716,0.804215456674473,False,False
20160318_181712_1_721.jpg,218926,1003,3841,6630,0.5778281331706466,0.7324348210340257,False,False
20160318_181712_641_721.jpg,219864,529,3756,6251,0.593299164768413,0.7447429558587002,False,False
20160321_183909_1281_361.jpg,216002,3199,2386,8813,0.6120989026253646,0.7593813278187066,False,False
20160321_183909_1281_721.jpg,221266,3776,571,4787,0.5240858331508649,0.6877379498599239,False,False
20160321_183909_1921_721.jpg,207433,9639,4513,8815,0.38381155571036707,0.5547165061984771,False,False
20160321_183909_1_361.jpg,213377,43,15130,1850,0.1086764965047289,0.19604726328617603,False,False
20160321_183909_1_721.jpg,212750,4903,3339,9408,0.5330311614730878,0.6953950772414813,False,False
20160321_183909_641_361.jpg,221667,707,3948,4078,0.4669643879537387,0.6366403871672781,False,False
20160321_183909_641_721.jpg,208895,7689,3115,10701,0.4976052080911416,0.6645345587778675,False,False
20160328_154334_1281_361.jpg,210274,8198,461,11467,0.5697605087945941,0.7259202988003671,False,False
20160328_154334_1281_721.jpg,206473,7788,1262,14877,0.6217662055418565,0.7667766209669107,False,False
20160328_154334_1921_361.jpg,203121,6921,5255,15103,0.5536493273213827,0.7127082251899391,False,False
20160328_154334_1921_721.jpg,197469,12781,1882,18268,0.5547356594090674,0.7136076876501494,False,False
20160328_154334_1_1.jpg,222097,1364,967,5972,0.7192580994821149,0.836707530647986,False,False
20160328_154334_1_361.jpg,207872,6675,1775,14078,0.6249112215909091,0.769163525105174,False,False
20160328_154334_1_721.jpg,226904,810,1324,1362,0.38958810068649885,0.5607245780156443,False,False
20160328_154334_641_1.jpg,217837,5394,428,6741,0.5365756586802515,0.6984044757563199,False,False
20160328_154334_641_1081.jpg,226320,900,2172,1008,0.24705882352941178,0.39622641509433965,False,False
20160328_154334_641_361.jpg,222118,2265,190,5827,0.7035740159381791,0.8259975901906584,False,False
20160328_154334_641_721.jpg,213402,5283,1547,10168,0.5981880221202495,0.748582787307664,False,False
20160328_154339_1281_1081.jpg,228642,609,30,1119,0.636518771331058,0.7778936392075079,False,False
20160328_154339_1281_361.jpg,211076,4779,1425,13120,0.678948457876216,0.8087782024411293,False,False
20160328_154339_1281_721.jpg,215259,4659,780,9702,0.6407766990291263,0.7810650887573964,False,False
20160328_154339_1921_1081.jpg,212573,6112,840,10875,0.6100297301845515,0.757786913803916,False,False
20160328_154339_1921_361.jpg,207783,5198,2281,15138,0.6693195384003183,0.8019070321811681,False,False
20160328_154339_1921_721.jpg,228902,409,114,975,0.6508678237650201,0.7885159725030327,False,False
20160328_154339_1_361.jpg,189554,8026,3345,29475,0.7216128874308377,0.8382986590065556,False,False
20160328_154339_1_721.jpg,223941,1015,667,4777,0.7395881715435826,0.8503025987896048,False,False
20160328_154339_641_361.jpg,200194,5505,1766,22935,0.7592862345229424,0.8631753260194577,False,False
20160328_154352_1281_1081.jpg,216422,4588,1903,7487,0.5356274145085134,0.6976007453994876,False,False
20160328_154352_1281_361.jpg,204900,4815,4996,15689,0.6152549019607844,0.761805336376217,False,False
20160328_154352_1281_721.jpg,204039,3090,5882,17389,0.6596487234930389,0.7949257142857142,False,False
20160328_154352_1921_361.jpg,189626,7049,4261,29464,0.7226173541963016,0.8389760528488852,False,False
20160328_154352_1_1.jpg,202525,5412,2618,19845,0.7119282511210763,0.8317267393126572,False,False
20160328_154352_1_361.jpg,220269,2114,477,7540,0.744250320797552,0.8533755871201404,False,False
20160328_154352_641_1.jpg,224999,1604,297,3500,0.6480281429364932,0.7864284911807662,False,False
20160328_154352_641_361.jpg,201455,5552,2763,20630,0.7127310416306789,0.8322743318204741,False,False
20160328_154356_1281_361.jpg,218789,1173,2074,8364,0.7203513909224012,0.8374468085106384,False,False
20160328_154356_1281_721.jpg,192826,10920,2443,24211,0.6443551391919945,0.783717730840819,False,False
20160328_154356_1921_721.jpg,181610,12449,7862,28479,0.5837056773929084,0.737139085532361,False,False
20160328_154356_1_1081.jpg,204673,4075,5201,16451,0.63944494111245,0.7800749205747072,False,False
20160328_154356_641_1.jpg,197791,4488,5033,23088,0.7080253917630102,0.8290572203170727,False,False
20160328_154356_641_1081.jpg,217934,889,3936,7641,0.612947216428686,0.7600338190679863,False,False
20160328_154356_641_361.jpg,213242,4464,1800,10894,0.634922485138128,0.7767004135177528,False,False
20160328_154356_641_721.jpg,208841,1691,3940,15928,0.7388097778190083,0.8497879264811802,False,False
20160328_154429_1281_361.jpg,202744,2859,4735,20062,0.7254122071159965,0.8408566997778616,False,False
20160328_154429_1281_721.jpg,200782,4145,3662,21811,0.736410291039233,0.8481984872348286,False,False
20160328_154429_1921_721.jpg,185089,15010,5940,24361,0.5376398666990355,0.699305316339419,False,False
20160328_154429_1_1.jpg,202959,3451,2276,21714,0.7912976932327539,0.8834909978639,False,False
20160328_154429_641_1.jpg,227491,328,1163,1418,0.4874527328979031,0.6554194592096141,False,False
20160328_154429_641_361.jpg,194524,5386,8250,22240,0.6199130337830304,0.76536582008397,False,False
20160328_154429_641_721.jpg,216765,1816,2078,9741,0.7144114411441144,0.8334188911704312,False,False
20160328_154452_1281_721.jpg,190092,720,8696,30892,0.7663987297806887,0.8677528089887641,False,False
20160328_154452_1921_361.jpg,222426,423,737,6814,0.854527213443692,0.9215580200162293,False,False
20160328_154452_1921_721.jpg,195055,2359,6018,26968,0.7629933512519451,0.8655657727921943,False,False
20160328_154452_1_361.jpg,195988,1351,6972,26089,0.7581366965012205,0.862432025916927,False,False
20160328_154452_641_361.jpg,227936,322,740,1402,0.5689935064935064,0.7252974650801862,False,False
20160328_154452_641_721.jpg,186406,622,11166,32206,0.7320543710505978,0.8453018372703412,False,False
20160328_154454_1281_361.jpg,180257,1416,9215,39512,0.7879863590132222,0.8814232335062183,False,False
20160328_154454_1921_361.jpg,209645,185,5745,14825,0.7142857142857143,0.8333333333333334,False,False
20160328_154454_1921_721.jpg,197357,2792,4893,25358,0.767424265351209,0.8684097875036386,False,False
20160328_154454_1_361.jpg,202801,3272,6200,18127,0.6567991593898329,0.7928530813978918,False,False
20160328_154454_1_721.jpg,228256,34,1071,1039,0.4846082089552239,0.6528432296575558,False,False
20160328_154454_641_361.jpg,191020,1020,10160,28200,0.7160995429151854,0.8345664397750814,False,False
20160328_154535_1281_721.jpg,200797,6705,4105,18793,0.6348343073337162,0.7766344325977353,False,False
20160328_154535_1921_361.jpg,215098,2157,4187,8958,0.5854136714155013,0.7384995877988458,False,False
20160328_154535_1921_721.jpg,211034,2036,5693,11637,0.6008984818754518,0.7507015450117731,False,False
20160328_154535_1_361.jpg,186657,4336,3253,36154,0.8265093843586402,0.9050152070791143,False,False
20160328_154535_641_361.jpg,213968,2366,4786,9280,0.5647517039922103,0.7218419415059116,False,False
20160328_154535_641_721.jpg,216556,1390,1589,10865,0.7848165270153135,0.8794366425189203,False,False
20160328_154540_1281_361.jpg,205699,2718,1369,20614,0.8345411116958827,0.9098091139799184,False,False
20160328_154540_1281_721.jpg,211819,3636,3679,11266,0.6063182821161401,0.7549167420511275,False,False
20160328_154540_1921_1081.jpg,228439,195,893,873,0.44518103008669047,0.6160903316866619,False,False
20160328_154540_1921_721.jpg,200568,7029,4023,18780,0.6295253419147224,0.7726487287089607,False,False
20160328_154540_1_361.jpg,186174,5914,3248,35064,0.7928367928367929,0.8844494892167991,False,False
20160328_154540_641_361.jpg,185723,7117,3659,33901,0.7588020681782572,0.8628623787828654,False,False
20160329_093920_1281_361.jpg,202478,5767,1343,20812,0.7453620800802235,0.8541059629827226,False,False
20160329_093920_1281_721.jpg,228206,31,1424,739,0.33682771194165906,0.5039209001022843,False,False
20160329_093920_1921_361.jpg,195800,11808,298,22494,0.6501156069364162,0.7879637089711703,False,False
20160329_093920_1_361.jpg,200633,5543,7788,16436,0.5521550710518359,0.711468952232539,False,False
20160329_093920_1_721.jpg,208029,3195,8461,10715,0.4789683071834071,0.6477059783594269,False,False
20160329_093920_641_361.jpg,190924,18400,2025,19051,0.4825970209747695,0.6510157704990859,False,False
20160329_093920_641_721.jpg,219896,3571,1595,5338,0.5081873571972582,0.6739048099987376,False,False
20160329_093924_1281_361.jpg,197088,10358,5695,17259,0.5181015850144092,0.6825651064839533,False,False
20160329_093924_1281_721.jpg,206661,4216,5482,14041,0.5914739458275412,0.7433033350979354,False,False
20160329_093924_1921_361.jpg,181456,11427,5082,32435,0.6626961425302387,0.7971343958515096,False,False
20160329_093924_1921_721.jpg,221356,932,1221,6891,0.7619416187527642,0.8648886099780357,False,False
20160329_093924_1_361.jpg,201743,8824,966,18867,0.6583731723488153,0.7939988216480094,False,False
20160329_093924_641_1.jpg,224520,1847,246,3787,0.6440476190476191,0.7834902244750181,False,False
20160329_093924_641_361.jpg,191302,16103,2621,20374,0.5211008235715382,0.6851627656712402,False,False
20160329_094003_1281_361.jpg,205007,3922,1520,19951,0.7856889694010161,0.8799841213832039,False,False
20160329_094003_1921_361.jpg,202855,9167,535,17843,0.6477763659466328,0.7862430598396052,False,False
20160329_094003_1_721.jpg,200131,3624,2040,24605,0.812877861838845,0.89678171811787,False,False
20160329_094003_641_361.jpg,214380,5812,1593,8615,0.537765293383271,0.6994114065354171,False,False
20160329_094003_641_721.jpg,220572,2507,114,7207,0.7333129833129833,0.846140299383622,False,False
20160329_094006_1281_1.jpg,222295,1730,1200,5175,0.6384947563232573,0.7793674698795181,False,False
20160329_094006_1281_1081.jpg,225836,675,728,3161,0.6925942156003506,0.8183818770226537,False,False
20160329_094006_1281_361.jpg,197911,7896,3623,20970,0.6454492289698052,0.7845264595297331,False,False
20160329_094006_1281_721.jpg,211963,4673,1878,11886,0.6446818896783642,0.7839593707746595,False,False
20160329_094006_1921_361.jpg,202710,3367,2522,21801,0.7873239436619718,0.8810086682427108,False,False
20160329_094006_1_721.jpg,210249,6607,546,12998,0.6450300233239045,0.7842167184530453,False,False
20160329_094006_641_1081.jpg,225269,1370,401,3360,0.654843110504775,0.7914262159934048,False,False
20160329_094006_641_361.jpg,209879,2231,2997,15293,0.7452365869109693,0.8540235662031608,False,False
20160329_094006_641_721.jpg,225345,1207,975,2873,0.5683481701285855,0.7247729566094854,False,False
20160329_094010_1281_361.jpg,209636,5073,169,15522,0.747543825852437,0.8555365705781844,False,False
20160329_094010_1921_361.jpg,209578,3993,690,16139,0.7750936509461147,0.8732988826059901,False,False
20160329_094010_1_361.jpg,201816,9960,358,18266,0.639028827315981,0.7797652081109925,False,False
20160329_094010_641_361.jpg,216410,5289,116,8585,0.6136526090064331,0.7605758582502768,False,False
20160329_094010_641_721.jpg,217195,4103,84,9018,0.6829231351760696,0.8115915942941997,False,False
20160329_094016_1281_361.jpg,189546,3361,4258,33235,0.8135066333773927,0.897164221409386,False,False
20160329_094016_1281_721.jpg,228797,0,1591,12,0.007485963817841547,0.014860681114551083,False,False
20160329_094016_1921_361.jpg,189902,6522,5608,28368,0.7004790360017779,0.8238608311793919,False,False
20160329_094016_1921_721.jpg,225142,1281,955,3022,0.5747432483834157,0.729951690821256,False,False
20160329_094016_1_361.jpg,188400,6101,5030,30869,0.7349761904761904,0.8472464285224169,False,False
20160329_094016_641_361.jpg,187210,4088,9220,29882,0.6918731187774948,0.8178782570615284,False,False
20160329_094025_1281_361.jpg,197190,5646,1430,26134,0.7869316470942487,0.8807630088972769,False,False
20160329_094025_1281_721.jpg,226470,2364,11,1555,0.39567430025445294,0.5670009115770283,False,False
20160329_094025_1921_361.jpg,218075,2971,807,8547,0.6934685598377281,0.8189919509390571,False,False
20160329_094025_1921_721.jpg,213009,5459,1496,10436,0.6000805014087747,0.7500628885614691,False,False
20160329_094025_1_1081.jpg,222846,490,1812,5252,0.6952607889859677,0.8202405122598782,False,False
20160329_094025_1_361.jpg,205617,8162,4809,11812,0.47661703587136345,0.6455526711299358,False,False
20160329_094025_1_721.jpg,205348,1367,7058,16627,0.6636995050295386,0.7978598334892871,False,False
20160329_094025_641_361.jpg,189092,15246,2175,23887,0.5782657112423744,0.732786256614771,False,False
20160329_094025_641_721.jpg,225726,1001,1308,2365,0.5059905862216517,0.6719704503480608,False,False
20160329_094055_1281_1.jpg,222289,4497,691,2923,0.3603747996547898,0.5298169294906652,False,False
20160329_094055_1281_361.jpg,201936,12119,582,15763,0.5537872400224846,0.7128224840029846,False,False
20160329_094055_1921_1.jpg,226669,929,145,2657,0.7121415170195659,0.8318722604884158,False,False
20160329_094055_1921_361.jpg,213240,5783,985,10392,0.6055944055944056,0.7543554006968641,False,False
20160329_094055_1_361.jpg,211564,3259,2725,12852,0.6823104693140795,0.8111587982832618,False,False
20160329_094055_1_721.jpg,221649,836,3219,4696,0.5366243857844818,0.6984457499814085,False,False
20160329_094055_641_361.jpg,202758,10584,2061,14997,0.5425439548513132,0.7034405122071343,False,False
20160329_094452_1281_1.jpg,180533,7772,6123,35972,0.7213588144464275,0.8381271916028845,False,False
20160329_094452_1281_1081.jpg,226418,533,1036,2413,0.6059768960321447,0.7546520719311962,False,False
20160329_094452_1281_361.jpg,188035,5446,3992,32927,0.7772217632479641,0.87464803697604,False,False
20160329_094452_1281_721.jpg,192882,10002,1721,25795,0.6875366490751106,0.8148405540726233,False,False
20160329_094452_1921_1.jpg,219527,959,902,9012,0.8288420859008553,0.9064118682423937,False,False
20160329_094452_1921_1081.jpg,189719,6627,5375,28679,0.7049728374425407,0.8269607843137254,False,False
20160329_094452_1921_721.jpg,211694,1101,3112,14493,0.7747781460493959,0.8730985873068466,False,False
20160329_094452_1_1081.jpg,208859,7048,1559,12934,0.6004363771412655,0.7503408266860043,False,False
20160329_094452_1_721.jpg,220838,1351,797,7414,0.7753608031792512,0.8734684260131951,False,False
20160329_094452_641_361.jpg,214592,3798,2614,9396,0.5943825910931174,0.7455959371528329,False,False
20160329_094452_641_721.jpg,192620,9907,2135,25738,0.6812599258867126,0.8104159450864322,False,False
20160329_094459_1281_1.jpg,206519,974,5783,17124,0.7170553996901302,0.8352152176563834,False,False
20160329_094459_1281_361.jpg,189144,8104,6079,27073,0.6562197013767694,0.7924307395103104,False,False
20160329_094459_1281_721.jpg,208915,6182,2727,12576,0.585338608331394,0.7384398579019994,False,False
20160329_094459_1921_361.jpg,202849,6495,3117,17939,0.6511197415701789,0.7887008133655748,False,False
20160329_094459_1_1081.jpg,185639,3043,7932,33786,0.7548088737963853,0.8602747399646071,False,False
20160329_094459_1_721.jpg,215007,1581,2226,11586,0.7526797895147145,0.8588902479706438,False,False
20160329_094459_641_1081.jpg,227890,687,235,1588,0.6326693227091633,0.7750122010736945,False,False
20160329_094459_641_361.jpg,216171,6423,3701,4105,0.2884953264459906,0.4478018981127959,False,False
20160329_094459_641_721.jpg,177744,10821,5307,36528,0.6937101185050136,0.8191603875134553,False,False
20160329_094507_1281_361.jpg,219730,2036,985,7649,0.7168697282099344,0.8350892515967029,False,False
20160329_094507_1281_721.jpg,209102,5019,3202,13077,0.6140013146774345,0.7608436363636364,False,False
20160329_094507_1921_361.jpg,223680,1424,144,5152,0.7666666666666667,0.8679245283018868,False,False
20160329_094507_1921_721.jpg,204316,12428,1510,12146,0.46564944026989724,0.6354172116139157,False,False
20160329_094507_1_361.jpg,191160,16587,454,22199,0.56572375127421,0.7226354595615163,False,False
20160329_094507_641_361.jpg,218429,9322,64,2585,0.21593851808537298,0.35517999450398463,False,False
20160329_094507_641_721.jpg,186295,22544,111,21450,0.4863394172996259,0.6544123255281824,False,False
20160329_094512_1281_1.jpg,228283,376,210,1531,0.7231931979215872,0.8393640350877193,False,False
20160329_094512_1281_1081.jpg,208917,7614,1515,12354,0.5750593492528976,0.7302065785973934,False,False
20160329_094512_1281_361.jpg,224846,2293,378,2883,0.5190853438962909,0.6834182766386157,False,False
20160329_094512_1281_721.jpg,187266,13066,1408,28660,0.6644410441878796,0.7983954090871104,False,False
20160329_094512_1921_721.jpg,194600,10947,449,24404,0.6816759776536313,0.8107102518105109,False,False
20160329_094512_1_1.jpg,228644,752,5,999,0.5689066059225513,0.7252268602540834,False,False
20160329_094512_641_1.jpg,179716,11851,6809,32024,0.6318364769947123,0.7743870000483629,False,False
20160329_094512_641_361.jpg,197674,15025,1894,15807,0.48301045040640467,0.6513918364823934,False,False
20160329_094512_641_721.jpg,202491,4268,2372,21269,0.7620839155827869,0.8649802757330514,False,False
20160329_094527_1281_361.jpg,193159,18023,1173,18045,0.4845466018635375,0.6527873240965163,False,False
20160329_094527_1281_721.jpg,227255,1204,903,1038,0.3300476947535771,0.49629452546019603,False,False
20160329_094527_1921_361.jpg,212093,9292,1228,7787,0.4253564210411318,0.5968421859431287,False,False
20160329_094527_1921_721.jpg,220373,3462,1694,4871,0.48578837139722747,0.6539132769499262,False,False
20160329_094527_1_361.jpg,226486,678,117,3119,0.7968829841594277,0.8869614673681218,False,False
20160329_094527_1_721.jpg,198406,11118,348,20528,0.6416203038069638,0.7816914816648262,False,False
20160329_094527_641_721.jpg,195487,26568,40,8305,0.23787700856414515,0.3843306029894951,False,False
20160329_094632_1281_361.jpg,223256,2162,1245,3737,0.5230963045912654,0.6868853965628159,False,False
20160329_094632_1281_721.jpg,213406,5019,1617,10358,0.609509238554784,0.7573852003509798,False,False
20160329_094632_1921_361.jpg,204455,9580,1936,14429,0.5561379841973405,0.714766929211869,False,False
20160329_094632_1_361.jpg,208260,6173,2399,13568,0.6128274616079494,0.7599417497479556,False,False
20160329_094632_641_361.jpg,217063,7291,275,5771,0.4327060058483917,0.6040401925894913,False,False
20160329_094632_641_721.jpg,219961,4732,906,4801,0.459909953060638,0.6300524934383203,False,False
20160329_101342_1281_361.jpg,222884,6017,335,1164,0.15486961149547632,0.26820276497695855,False,False
20160329_101342_1281_721.jpg,206134,11104,998,12164,0.5012775076238358,0.6678012626955806,False,False
20160329_101342_1921_361.jpg,209617,5810,4376,10597,0.5098878891401626,0.6753983428935628,False,False
20160329_101342_1_361.jpg,208690,3806,2111,15793,0.7274527867342239,0.8422259552569128,False,False
20160329_101342_641_361.jpg,220469,3377,718,5836,0.5876548182458967,0.7402803323396968,False,False
20160329_101342_641_721.jpg,225076,488,290,4546,0.8538692712246432,0.9211752786220871,False,False
20160329_101347_1281_721.jpg,208687,8132,1427,12154,0.5597568277069037,0.717748841054714,False,False
20160329_101347_1921_721.jpg,204951,6532,2107,16810,0.660536759794098,0.7955701744007194,False,False
20160329_101347_1_361.jpg,207213,6592,2394,14201,0.6124552550998404,0.7596555044399272,False,False
20160329_101347_641_361.jpg,207452,5758,618,16572,0.7221544361164371,0.838663967611336,False,False
20160329_101503_1281_361.jpg,214285,5096,586,10433,0.6474092460440584,0.7859725779719753,False,False
20160329_101503_1281_721.jpg,218855,1945,1157,8443,0.7313122563880468,0.8448068841304783,False,False
20160329_101503_1921_1.jpg,218900,1989,2656,6855,0.5960869565217392,0.7469354399346227,False,False
20160329_101503_1921_361.jpg,211565,5099,972,12764,0.6776745420759225,0.8078736668881926,False,False
20160329_101503_1_361.jpg,224336,4554,16,1494,0.24637203166226912,0.3953426832495369,False,False
20160329_101503_1_721.jpg,204645,6273,1209,18273,0.7094933022714036,0.8300626873807577,False,False
20160329_101503_641_721.jpg,196682,9131,2112,22475,0.6665579215849101,0.7999216984321891,False,False
20160329_101507_1281_361.jpg,200450,3116,3685,23149,0.7729215358931553,0.87191849187367,False,False
20160329_101507_1921_361.jpg,217894,3153,1506,7847,0.6274588197665121,0.7710902569645752,False,False
20160329_101507_1921_721.jpg,217919,8291,833,3357,0.2689688326255909,0.42391716125773454,False,False
20160329_101507_1_1.jpg,222789,3863,544,3204,0.420969649191959,0.5925104022191401,False,False
20160329_101507_1_361.jpg,209295,9983,544,10578,0.5012082444918265,0.6677397973676735,False,False
20160329_101507_641_1.jpg,213114,7986,55,9245,0.5348258706467661,0.6969205834683955,False,False
20160329_101507_641_361.jpg,217093,5745,446,7116,0.5347561433831818,0.6968613817754492,False,False
20160329_101511_1281_361.jpg,224459,3015,734,2192,0.36896145430062277,0.539038485183819,False,False
20160329_101511_1281_721.jpg,199597,6810,3261,20732,0.6730513261695289,0.8045794120500631,False,False
20160329_101511_1921_1.jpg,216751,4070,3197,6382,0.4675800424939556,0.6372123209026009,False,False
20160329_101511_1921_361.jpg,220854,8375,1139,32,0.0033521893987010264,0.00668197953643767,False,False
20160329_101511_1921_721.jpg,219214,7945,298,2943,0.2630967280529233,0.4165899922145941,False,False
20160329_101511_1_721.jpg,205871,5210,1440,17879,0.7288923315259489,0.8431899641577061,False,False
20160329_101511_641_721.jpg,199685,3849,3264,23602,0.7684193390851376,0.8690465231879522,False,False
20160329_101514_1281_361.jpg,210550,2991,1073,15786,0.795264483627204,0.8859580199797957,False,False
20160329_101514_1281_721.jpg,224769,2718,496,2417,0.4292310424436157,0.6006461232604374,False,False
20160329_101514_1921_721.jpg,197960,7457,1729,23254,0.7168310727496917,0.8350630229468166,False,False
20160329_101514_1_361.jpg,205003,2271,3236,19890,0.7831633657518604,0.8783977741956853,False,False
20160329_101514_641_361.jpg,220443,3112,1058,5787,0.5811991563724013,0.7351371951219512,False,False
20160329_101514_641_721.jpg,214502,2749,280,12869,0.8094728896716568,0.8947057392150728,False,False
20160329_101520_1281_361.jpg,203032,3212,1444,22712,0.8298743057585501,0.9070287539936103,False,False
20160329_101520_1921_361.jpg,201671,4331,3629,20769,0.7229280517943542,0.8391854216331973,False,False
20160329_101520_1_361.jpg,224470,863,183,4884,0.8236087689713322,0.9032735343073793,False,False
20160329_101520_1_721.jpg,212319,5192,1409,11480,0.6349206349206349,0.7766990291262136,False,False
20160329_101520_641_361.jpg,211316,7788,831,10465,0.5483651226158038,0.708315002199736,False,False
20160329_101520_641_721.jpg,210350,8445,1475,10130,0.5052369077306733,0.6713055003313453,False,False
20160329_101524_1281_361.jpg,207205,7450,3053,12692,0.5471868937270964,0.7073313456126173,False,False
20160329_101524_1281_721.jpg,224104,4210,79,2007,0.3187738246505718,0.48343972058292184,False,False
20160329_101524_1921_361.jpg,201715,4119,2286,22280,0.7767125675440125,0.874325517512018,False,False
20160329_101524_1_361.jpg,220443,2949,153,6855,0.6884603796324194,0.8154889364739472,False,False
20160329_101524_1_721.jpg,208403,11170,600,10227,0.46492703550484155,0.6347442899702085,False,False
20160329_101524_641_361.jpg,216995,1807,630,10968,0.8182021633718761,0.9000123087022525,False,False
20160329_101524_641_721.jpg,215391,3357,1690,9962,0.6637350922779666,0.7978855472347923,False,False
20160329_103530_1281_361.jpg,202579,8174,1198,18449,0.6631321663491607,0.7974497514588286,False,False
20160329_103530_1281_721.jpg,229168,0,1232,0,0.0,0.0,True,True
20160329_103530_1921_1.jpg,208964,6862,1999,12575,0.5866299682776638,0.7394666431448649,False,False
20160329_103530_1921_721.jpg,191735,17563,2755,18347,0.47451183240656925,0.6436188872518066,False,False
20160329_103530_1_361.jpg,214901,13588,391,1520,0.09807084328021162,0.17862389094541395,False,False
20160329_103530_1_721.jpg,221398,2597,521,5884,0.65363252610531,0.7905414483407228,False,False
20160329_103530_641_361.jpg,200049,22843,130,7378,0.24308918981252678,0.3911049855548782,False,False
20160329_103609_1281_361.jpg,222547,2357,847,4649,0.5920030561568828,0.7437210046392577,False,False
20160329_103609_1281_721.jpg,210603,6726,1734,11337,0.5726625246249432,0.7282713432260551,False,False
20160329_103609_1921_1081.jpg,224772,2770,116,2742,0.48720682302771856,0.6551971326164875,False,False
20160329_103609_1921_721.jpg,188390,22979,3163,15868,0.37771959057367294,0.5483257887280141,False,False
20160329_103609_1_721.jpg,198183,10981,1423,19813,0.6149858770214484,0.7615990774553142,False,False
20160329_103609_641_361.jpg,221995,1856,1580,4969,0.5911957168352171,0.7430835950351428,False,False
20160329_103609_641_721.jpg,211285,4591,847,13677,0.7155113784985614,0.8341668699682849,False,False
20160329_103626_1281_721.jpg,192936,14934,1761,20769,0.554372197309417,0.7133068878470971,False,False
20160329_103626_1921_721.jpg,190895,11036,1499,26970,0.6826983926085306,0.811432869499812,False,False
20160329_103626_1_1.jpg,229379,16,1005,0,0.0,0.0,False,True
20160329_103626_1_361.jpg,198866,14878,1537,15119,0.47945075156973427,0.648146957323216,False,False
20160329_103626_641_361.jpg,225249,1408,3323,420,0.081537565521258,0.15078082929456113,False,False
20160329_103626_641_721.jpg,210247,8468,270,11415,0.5664169106336525,0.7232007095793208,False,False
20160329_103800_1281_361.jpg,220888,5702,548,3262,0.34293523969722456,0.5107249099733835,False,False
20160329_103800_1281_721.jpg,204332,18181,113,7774,0.2982200398956575,0.4594291117546244,False,False
20160329_103800_1921_361.jpg,193083,14815,759,21743,0.5826566980196694,0.7363020656959025,False,False
20160329_103800_1_721.jpg,199504,16758,643,13495,0.43678793371310204,0.6080061273681602,False,False
20160329_103800_641_361.jpg,211844,11609,1392,5555,0.29936408708773443,0.46078553357388746,False,False
20160329_103800_641_721.jpg,203074,9889,3635,13802,0.5050867305862549,0.6711729235557284,False,False
20160329_103807_1281_721.jpg,199280,11929,2506,16685,0.5361503856041131,0.6980441376425061,False,False
20160329_103807_1921_721.jpg,205230,4562,3653,16955,0.6736193881605086,0.8049851632047478,False,False
20160329_103807_1_361.jpg,211198,8859,2791,7552,0.3932923653786064,0.56455109516334,False,False
20160329_103807_1_721.jpg,210681,5007,2220,12492,0.6335006846188955,0.7756356524168763,False,False
20160329_103807_641_721.jpg,195012,13488,2220,19680,0.5561207188877586,0.7147526694268904,False,False
20160329_104024_1281_1.jpg,227317,528,565,1990,0.6454751865066494,0.7845456337472896,False,False
20160329_104024_1281_361.jpg,205753,5230,2271,17146,0.6956627581450076,0.820520182805733,False,False
20160329_104024_1281_721.jpg,217745,4590,1340,6725,0.5314105096799684,0.6940144478844169,False,False
20160329_104024_1921_1.jpg,194766,5522,5485,24627,0.6911096144132008,0.8173445512022701,False,False
20160329_104024_1921_361.jpg,225620,1903,629,2248,0.4702928870292887,0.6397268070574843,False,False
20160329_104024_1_1.jpg,199024,7440,2801,21135,0.6736040285568587,0.8049741958827674,False,False
20160329_104024_1_1081.jpg,228170,858,1311,61,0.027354260089686097,0.05325185508511567,False,False
20160329_104024_1_361.jpg,227980,28,684,1708,0.7057851239669422,0.8275193798449613,False,False
20160329_104024_1_721.jpg,221914,4335,704,3447,0.4061984444968183,0.577725634794268,False,False
20160329_104024_641_361.jpg,205179,8663,1205,15353,0.6087387494548194,0.7567900626016661,False,False
20160329_104024_641_721.jpg,216153,6942,735,6570,0.46114971572962726,0.6312148724600086,False,False
20160329_104031_1281_361.jpg,211305,6068,1385,11642,0.6096884001047395,0.7575235058724014,False,False
20160329_104031_1281_721.jpg,213730,7005,595,9070,0.5440911817636472,0.7047397047397047,False,False
20160329_104031_1921_361.jpg,199659,10329,1665,18747,0.6098370254708695,0.7576382153249273,False,False
20160329_104031_1921_721.jpg,229325,0,1075,0,0.0,0.0,True,True
20160329_104031_1_1081.jpg,218903,4906,735,5856,0.5093502652865965,0.6749265256727943,False,False
20160329_104031_641_1.jpg,203058,6326,4219,16797,0.6143296028088655,0.7610956297152178,False,False
20160329_104031_641_1081.jpg,195393,3421,3238,28348,0.8097809009626646,0.8948938521032278,False,False
20160329_104031_641_361.jpg,194247,4631,3228,28294,0.7826183165988991,0.8780548357565131,False,False
20160329_104031_641_721.jpg,193326,6641,2385,28048,0.7565409721098344,0.8613986056939283,False,False
20160329_104035_1281_1081.jpg,208264,6487,3665,11984,0.5413805565594507,0.702461899179367,False,False
20160329_104035_1281_361.jpg,224765,3922,0,1713,0.30399290150842945,0.46624931954273274,False,False
20160329_104035_1281_721.jpg,174636,10982,6321,38461,0.6897102073022021,0.8163650835765455,False,False
20160329_104035_1921_361.jpg,202733,9652,911,17104,0.6182094191636245,0.7640660248821782,False,False
20160329_104035_1921_721.jpg,216187,8292,327,5594,0.39358333919651023,0.564850810319584,False,False
20160329_104035_1_1.jpg,184082,4310,5342,36666,0.7916144911265599,0.8836884218644558,False,False
20160329_104035_641_1.jpg,225521,540,355,3984,0.8165607706497233,0.8990183910639739,False,False
20160329_104035_641_361.jpg,175990,10299,5819,38292,0.7037676897629113,0.8261310435589307,False,False
20160329_104035_641_721.jpg,217526,3013,48,9813,0.762233959919217,0.865076916295676,False,False
20160329_104038_1281_361.jpg,183398,5572,4189,37241,0.7923279860431471,0.8841328062865758,False,False
20160329_104038_1921_361.jpg,186457,6560,1719,35664,0.8115968413626744,0.8960016078988029,False,False
20160329_104038_1_361.jpg,190406,6609,2345,31040,0.7761164174626194,0.8739476870231156,False,False
20160329_104038_641_361.jpg,193334,11218,881,24967,0.6735822586737171,0.8049586510405752,False,False
20160329_104100_1281_361.jpg,204417,2413,1535,22035,0.8480544971712274,0.9177808321879295,False,False
20160329_104100_1281_721.jpg,216015,3542,71,10772,0.748835592631213,0.8563819215327741,False,False
20160329_104100_1921_361.jpg,209877,2089,1512,16922,0.8245383228572821,0.903832287354787,False,False
20160329_104100_1921_721.jpg,204632,10187,840,14741,0.572066128531512,0.7277888864203017,False,False
20160329_104100_1_721.jpg,193252,4753,2211,30184,0.8125336491870356,0.8965722093506802,False,False
20160329_104100_641_361.jpg,180176,7834,1953,40437,0.8051330041414463,0.8920484000838288,False,False
20160329_104100_641_721.jpg,225280,1356,92,3672,0.7171875,0.835304822565969,False,False
20160329_104107_1281_1.jpg,215215,3024,2651,9510,0.6262759301942706,0.7701963960315853,False,False
20160329_104107_1281_721.jpg,213211,2803,2444,11942,0.6947466402932108,0.8198825992928496,False,False
20160329_104107_1921_1.jpg,222218,4435,910,2837,0.3467367391835737,0.5149287594155549,False,False
20160329_104107_1921_361.jpg,219123,1407,3997,5873,0.520794537554314,0.6848979591836735,False,False
20160329_104107_1921_721.jpg,207374,4679,5792,12555,0.5452531920437766,0.705713723616537,False,False
20160329_104107_1_1.jpg,205544,787,11971,12098,0.4867235275185066,0.6547599718569032,False,False
20160329_104107_1_1081.jpg,217181,3023,2212,7984,0.6039791209622513,0.753100976276942,False,False
20160329_104107_1_361.jpg,220167,1194,1972,7067,0.6906088146193687,0.8169942196531792,False,False
20160329_104107_1_721.jpg,209028,2627,5427,13318,0.623151787385364,0.7678293456327472,False,False
20160329_104107_641_1.jpg,212708,3278,4554,9860,0.5573140402441782,0.7157375145180023,False,False
20160329_104107_641_721.jpg,216188,3635,1826,8751,0.6157472558401351,0.7621826416409005,False,False
20160329_104111_1281_1081.jpg,210707,2896,1874,14923,0.7577819529782156,0.862202449734227,False,False
20160329_104111_1281_361.jpg,218544,1538,2409,7909,0.6670883940620783,0.8003035669112066,False,False
20160329_104111_1281_721.jpg,197284,8433,1575,23108,0.6977895881145065,0.8219977233921457,False,False
20160329_104111_1921_721.jpg,206836,4887,1500,17177,0.7289509421150908,0.8432291794506762,False,False
20160329_104111_1_361.jpg,208852,7023,2008,12517,0.5808891776498979,0.7348891824453251,False,False
20160329_104111_641_1.jpg,216629,3117,621,10033,0.7285600174279283,0.8429675684758864,False,False
20160329_104111_641_361.jpg,199309,5378,4802,20911,0.6725740568010035,0.8042382985269797,False,False
20160329_104111_641_721.jpg,224588,1132,700,3980,0.6847900894700619,0.8129084967320261,False,False
20160329_104117_1281_361.jpg,206855,4528,2803,16214,0.6886387768103631,0.815614074800674,False,False
20160329_104117_1921_361.jpg,209582,4352,1731,14735,0.7078009414929388,0.8289033274266588,False,False
20160329_104117_1_1.jpg,221867,2442,631,5460,0.6398687448728466,0.7803901950975488,False,False
20160329_104117_1_1081.jpg,220318,2499,1461,6122,0.6072207895258878,0.7556158973093063,False,False
20160329_104117_1_361.jpg,224960,2246,671,2523,0.46378676470588237,0.6336807735777973,False,False
20160329_104117_1_721.jpg,214855,3532,1484,10529,0.6773238983596012,0.807624453478561,False,False
20160329_104117_641_1.jpg,222019,3492,365,4524,0.5397923875432526,0.701123595505618,False,False
20160329_104117_641_361.jpg,213337,4512,1485,11066,0.6485377717869073,0.786803654591347,False,False
20160329_104117_641_721.jpg,213343,3647,1058,12352,0.7241601688456353,0.8400149614063722,False,False
20160329_104120_1281_361.jpg,210431,4182,3887,11900,0.5959236817066453,0.7468072421475415,False,False
20160329_104120_1281_721.jpg,223753,723,1518,4406,0.662855423499323,0.7972496154890075,False,False
20160329_104120_1921_1.jpg,218665,2042,1583,8110,0.6910950149126545,0.8173343411438649,False,False
20160329_104120_1921_1081.jpg,219995,9365,229,811,0.07794329649207112,0.1446148359486448,False,False
20160329_104120_1921_361.jpg,215728,4887,839,8946,0.6097328244274809,0.7575577949021932,False,False
20160329_104120_1921_721.jpg,224610,1530,501,3759,0.6492227979274612,0.7873075714734528,False,False
20160329_104120_1_361.jpg,217987,2425,1807,8181,0.6590671070651736,0.7945032533747693,False,False
20160329_104120_1_721.jpg,211908,4229,2928,11335,0.6129677698464201,0.7600496194722902,False,False
20160329_104120_641_361.jpg,228102,38,564,1696,0.7380330722367275,0.8492739108662994,False,False
20160329_104120_641_721.jpg,212088,4382,1251,12679,0.6923875054609,0.8182375528379207,False,False
20160329_104133_1281_361.jpg,210572,2869,5640,11319,0.5708593907605406,0.726811570937811,False,False
20160329_104133_1281_721.jpg,219029,2134,2220,7017,0.6170961217131299,0.7632151403088971,False,False
20160329_104133_1921_721.jpg,204365,6627,423,18985,0.729210677933551,0.8434029320302088,False,False
20160329_104133_1_721.jpg,206951,5376,531,17542,0.7480916030534351,0.8558951965065502,False,False
20160329_104133_641_361.jpg,205648,4981,5145,14626,0.59090174531351,0.7428513383107319,False,False
20160329_104133_641_721.jpg,222176,2449,250,5525,0.6718142023346303,0.8036948141683031,False,False
20160329_104152_1281_1081.jpg,221276,1377,1021,6726,0.7371766768960982,0.8487066246056783,False,False
20160329_104152_1281_721.jpg,190956,14843,1475,23126,0.5862995639387486,0.7392040914176122,False,False
20160329_104152_1921_1081.jpg,213093,8705,571,8031,0.4640318946091177,0.633909542978925,False,False
20160329_104152_1921_361.jpg,189645,15129,1719,23907,0.5866028708133971,0.7394451145958987,False,False
20160329_104152_1921_721.jpg,205692,8927,2673,13108,0.5305164319248826,0.6932515337423313,False,False
20160329_104152_1_361.jpg,221625,5095,244,3436,0.3915669515669516,0.562771271804111,False,False
20160329_104152_1_721.jpg,198092,15659,556,16093,0.4981119227435929,0.6649862606144501,False,False
20160329_104152_641_721.jpg,205328,8990,379,15703,0.6263162093171666,0.770226854690374,False,False
20160329_104201_1281_721.jpg,203707,7789,1912,16992,0.6365713857565654,0.7779329289229713,False,False
20160329_104201_1921_721.jpg,204392,5953,1757,18298,0.7035527529990772,0.8259829368482824,False,False
20160329_104201_1_361.jpg,229191,125,66,1018,0.8420181968569065,0.9142343960484958,False,False
20160329_104201_1_721.jpg,204874,5000,1368,19158,0.7505288725221343,0.857488138931161,False,False
20160329_104201_641_361.jpg,224905,895,130,4470,0.813466787989081,0.8971399899648771,False,False
20160329_104201_641_721.jpg,210783,8070,202,11345,0.5783249222613039,0.7328337962663911,False,False
20160329_104205_1281_361.jpg,216284,2497,1647,9972,0.7064324171153301,0.8279641315177682,False,False
20160329_104205_1281_721.jpg,215342,3122,1202,10734,0.7128436711382654,0.8323511166253101,False,False
20160329_104205_1921_361.jpg,221077,664,4560,4099,0.4396653437734635,0.6107882580837432,False,False
20160329_104205_1921_721.jpg,203395,5989,803,20213,0.7484910201814479,0.8561565504680418,False,False
20160329_104205_1_361.jpg,224837,602,2916,2045,0.36760740607585835,0.5375920084121977,False,False
20160329_104205_1_721.jpg,214394,6184,445,9377,0.585842808946645,0.7388409565457196,False,False
20160329_104205_641_361.jpg,205002,5991,1920,17487,0.6885187810063784,0.815529905561385,False,False
20160329_104205_641_721.jpg,222947,6125,231,1097,0.14718905138870253,0.2566081871345029,False,False
20160329_111111_1281_361.jpg,210592,6004,1420,12384,0.6252019386106623,0.7693836978131213,False,False
20160329_111111_1281_721.jpg,229250,102,1048,0,0.0,0.0,False,True
20160329_111111_1921_361.jpg,224841,876,893,3790,0.6817772980751934,0.81078190180768,False,False
20160329_111111_1921_721.jpg,203466,19197,1011,6726,0.24972154154600135,0.39964349376114083,False,False
20160329_111111_1_361.jpg,215514,4215,555,10116,0.6795646916565901,0.8092152627789777,False,False
20160329_111111_641_361.jpg,216513,5571,1004,7312,0.5265356088428026,0.6898438605594603,False,False
20160329_111111_641_721.jpg,219575,3994,1454,5377,0.4967205542725173,0.663745216639921,False,False
20160329_115529_1281_1081.jpg,210088,1724,4056,14532,0.7154391492713666,0.8341177821145678,False,False
20160329_115529_1281_721.jpg,180807,7869,12271,29453,0.5938942995987337,0.745211648913291,False,False
20160329_115529_1921_1081.jpg,175325,3825,16104,35146,0.6381479800272356,0.7791090766007914,False,False
20160329_115529_1921_361.jpg,207889,16119,6392,0,0.0,0.0,False,True
20160329_115529_1921_721.jpg,182354,2135,15938,29973,0.6238396536652375,0.768351299042541,False,False
20160329_115529_1_721.jpg,187266,5078,5862,32194,0.7463717716882274,0.854768479184367,False,False
20160329_115529_641_721.jpg,194518,5380,4651,25851,0.7204447912602419,0.8375099217598367,False,False
20160329_115531_1281_1.jpg,198058,4429,7061,20852,0.6447344010883681,0.7839981952851826,False,False
20160329_115531_1281_1081.jpg,214374,4856,2158,9012,0.5623362036690378,0.7198658039779535,False,False
20160329_115531_1281_721.jpg,205368,7619,1413,16000,0.6391818472355385,0.7798791187365959,False,False
20160329_115531_1921_1.jpg,223869,303,1863,4365,0.6683509416628388,0.8012114537444934,False,False
20160329_115531_1921_361.jpg,181315,11055,8051,29979,0.6107568503616176,0.7583476677122332,False,False
20160329_115531_1921_721.jpg,198920,2694,6795,21991,0.6985705209656925,0.822539320379271,False,False
20160329_115531_1_1.jpg,221623,1838,3333,3606,0.41084653070525234,0.5824113704271986,False,False
20160329_115531_1_721.jpg,205310,10554,1896,12640,0.5037863690713431,0.6700238536973231,False,False
20160329_115531_641_1081.jpg,218746,3787,97,7770,0.6667238716320577,0.8000411861614497,False,False
20160329_115531_641_721.jpg,204620,6467,2963,16350,0.6342125678820791,0.7761690007120816,False,False
20160330_160938_1281_361.jpg,217289,4701,738,7672,0.5851575013347571,0.7382957224654766,False,False
20160330_160938_1281_721.jpg,229302,0,1098,0,0.0,0.0,True,True
20160330_160938_1921_721.jpg,208981,11491,746,9182,0.4286848125496055,0.6001111074801477,False,False
20160330_160938_1_361.jpg,208993,5684,1564,14159,0.6614191619563694,0.7962098633526402,False,False
20160330_160938_1_721.jpg,229106,22,971,301,0.23261205564142196,0.3774294670846395,False,False
20160330_160938_641_361.jpg,211543,6108,1049,11700,0.6204592459033781,0.7657819812154335,False,False
20160330_160957_1281_1.jpg,220168,2631,1728,5873,0.5739835809225958,0.7293387146848804,False,False
20160330_160957_1281_1081.jpg,213052,2873,4446,10029,0.5781069863961263,0.7326588011834752,False,False
20160330_160957_1281_361.jpg,219801,3624,3019,3956,0.3732427587508256,0.5435932669185847,False,False
20160330_160957_1281_721.jpg,196050,11354,11248,11748,0.34200873362445416,0.5096967330469868,False,False
20160330_160957_1921_1081.jpg,192353,4426,10674,22947,0.6031224538071333,0.7524346657048234,False,False
20160330_160957_1921_361.jpg,212152,6177,1583,10488,0.5747479175800088,0.7299554565701559,False,False
20160330_160957_1921_721.jpg,219020,1354,3627,6399,0.5623022847100175,0.7198380111367344,False,False
20160330_160957_1_1.jpg,212290,7002,2409,8699,0.48034235229155164,0.648961169756425,False,False
20160330_160957_1_361.jpg,227887,634,665,1214,0.48308794269797056,0.6514623021196673,False,False
20160330_160957_1_721.jpg,216308,4119,2339,7634,0.5417258018734034,0.7027524624873424,False,False
20160330_160957_641_1.jpg,215474,4308,2279,8339,0.5586895350395283,0.7168708360197722,False,False
20160330_160957_641_361.jpg,217136,4301,3679,5284,0.3983715319662244,0.5697649342247143,False,False
20160330_160957_641_721.jpg,203020,8300,4151,14929,0.5452520087655223,0.7057127325155405,False,False
20160330_163725_1281_1081.jpg,226966,354,1548,1532,0.44612696563774024,0.616995569875151,False,False
20160330_163725_1281_361.jpg,216490,845,5918,7147,0.513803019410496,0.678824143990122,False,False
20160330_163725_1281_721.jpg,222991,1144,1733,4532,0.6116884869753003,0.7590654049074617,False,False
20160330_163725_1921_1.jpg,224558,1175,1573,3094,0.5296131461828141,0.6924798567591763,False,False
20160330_163725_1921_361.jpg,227646,187,898,1669,0.6060275962236746,0.7546913859371467,False,False
20160330_163725_1921_721.jpg,223797,1019,1580,4004,0.6063910343783129,0.7549731309512586,False,False
20160330_163725_641_1.jpg,224337,700,2496,2867,0.4728682170542636,0.6421052631578947,False,False
20160330_163725_641_1081.jpg,221257,1248,2177,5718,0.6253964781800284,0.7695309871475675,False,False
20160330_163725_641_361.jpg,220888,726,4568,4218,0.44343986543313707,0.6144209759650401,False,False
20160330_163725_641_721.jpg,220732,1616,2250,5802,0.6001241208109226,0.7500969618616677,False,False
20160330_163855_1281_1081.jpg,222335,698,2975,4392,0.5445753254804712,0.7051457012121699,False,False
20160330_163855_1281_721.jpg,217263,1964,4186,6987,0.5318565882621603,0.6943947525342874,False,False
20160330_163855_1921_721.jpg,222984,1821,1930,3665,0.4942017259978425,0.6614926450681347,False,False
20160330_163855_1_721.jpg,220825,1223,3278,5074,0.5299216710182768,0.6927435319817052,False,False
20160330_163855_641_1.jpg,215082,4238,2047,9033,0.5896983940462202,0.7418997166440803,False,False
20160330_163855_641_361.jpg,221985,1245,856,6314,0.7503267973856209,0.8573562359970127,False,False
20160330_163855_641_721.jpg,213451,1672,7897,7380,0.4354239188152693,0.606683381972132,False,False
20160330_163941_1281_361.jpg,223030,1158,715,5497,0.7458616010854817,0.8544338229579544,False,False
20160330_163941_1281_721.jpg,219303,3984,686,6427,0.5791655402360999,0.7335083314311801,False,False
20160330_163941_1921_721.jpg,216715,4768,812,8105,0.5922542930215564,0.7439192290041303,False,False
20160330_163941_1_361.jpg,208509,9381,1142,11368,0.5193001690192316,0.6836044378965093,False,False
20160330_163941_641_361.jpg,213982,3229,1817,11372,0.6926544037032525,0.8184238934868657,False,False
20160330_163946_1281_361.jpg,213486,3461,944,12509,0.7395648575144851,0.8502871902933079,False,False
20160330_163946_1921_361.jpg,212963,3648,891,12898,0.7396914606870448,0.8503708587440251,False,False
20160330_163946_1_361.jpg,219396,1650,1891,7463,0.6782079243911305,0.8082525586180754,False,False
20160330_163946_641_361.jpg,215412,1689,2666,10633,0.709434214037897,0.8300222473752,False,False
20160330_164743_1281_1.jpg,224500,1603,1546,2751,0.46627118644067794,0.6359958386313721,False,False
20160330_164743_1281_1081.jpg,226753,1155,1142,1350,0.37016726076227036,0.54032419451671,False,False
20160330_164743_1281_361.jpg,199171,3823,9840,17566,0.5624899932754811,0.7199918024387745,False,False
20160330_164743_1281_721.jpg,214114,2587,1991,11708,0.7188996684268697,0.836464956776452,False,False
20160330_164743_1921_361.jpg,210983,4134,1843,13440,0.6921769583354792,0.818090513437015,False,False
20160330_164743_1921_721.jpg,206741,2990,4021,16648,0.7036645673950717,0.8260599895799737,False,False
20160330_164743_1_361.jpg,219620,1738,2714,6328,0.587012987012987,0.7397708674304418,False,False
20160330_164743_1_721.jpg,220954,1093,1999,6354,0.6726656785941139,0.8043037974683545,False,False
20160330_164743_641_1081.jpg,229176,6,1191,27,0.022058823529411766,0.04316546762589928,False,False
20160330_164743_641_361.jpg,226460,1652,253,2035,0.516497461928934,0.6811715481171549,False,False
20160330_164743_641_721.jpg,198325,7013,3722,21340,0.6653156664068589,0.7990264906861368,False,False
20160330_164935_1281_1081.jpg,224880,1731,482,3307,0.5990942028985508,0.7492919451682338,False,False
20160330_164935_1281_721.jpg,204963,4628,9178,11631,0.4572473169005779,0.6275493687277436,False,False
20160330_164935_1921_1081.jpg,208761,6397,4997,10245,0.47345071398863164,0.6426420775310501,False,False
20160330_164935_1_1081.jpg,223756,636,2266,3742,0.5632149307645996,0.7205854034276912,False,False
20160330_164935_1_721.jpg,221576,918,2031,5875,0.6657978241160472,0.7993741070821144,False,False
20160330_164935_641_721.jpg,204430,3981,7996,13993,0.5388140161725068,0.7002977754422841,False,False
20160413_113422_1281_361.jpg,223668,803,1193,4736,0.7035056446821153,0.8259504708754796,False,False
20160413_113422_1281_721.jpg,223208,104,2084,5004,0.6957730812013349,0.8205969170219745,False,False
20160413_113422_1921_1081.jpg,228107,432,442,1419,0.618839947666812,0.7645474137931034,False,False
20160413_113422_1921_721.jpg,219569,1456,2416,6959,0.6425076170252054,0.7823496346261944,False,False
20160413_113422_1_1.jpg,217564,1390,3387,8059,0.627843564973512,0.7713807130892558,False,False
20160413_113422_641_361.jpg,220961,450,3169,5820,0.6165907405445492,0.7628284946588898,False,False
20160415_191330_1281_721.jpg,207035,1466,4405,17494,0.7487267280119837,0.8563107271347806,False,False
20160415_191330_1921_361.jpg,227424,359,691,1926,0.6471774193548387,0.7858017135862914,False,False
20160415_191330_1921_721.jpg,197972,1281,8395,22752,0.7016158875046257,0.824646611090975,False,False
20160415_191330_1_721.jpg,206388,656,8425,14931,0.6218140929535232,0.7668130344349434,False,False
20160415_191330_641_721.jpg,208097,737,6033,15533,0.6964533919203695,0.8210698805370547,False,False
