image,tn,fp,fn,tp,crack_IoU,F1,empty_prediction,zero_overlap
20160222_080933_361_1.jpg,217569,534,1287,11010,0.8580780921206453,0.923618975714106,False,False
20160222_080933_361_1281.jpg,219268,678,2206,8248,0.7409270571325908,0.8511867905056759,False,False
20160222_080933_361_1921.jpg,223303,253,1169,5675,0.7996336480202902,0.8886626996554964,False,False
20160222_080933_361_641.jpg,223723,424,1121,5132,0.7686086565822975,0.8691675840460665,False,False
20160222_080933_721_1.jpg,223253,498,379,6270,0.87729117112075,0.934635164343743,False,False
20160222_080933_721_1921.jpg,219139,894,2160,8207,0.7287985081253885,0.8431271830696527,False,False
20160222_080933_721_641.jpg,223410,412,1034,5544,0.7931330472103004,0.8846337960746768,False,False
20160222_081839_1281_1.jpg,226887,63,2116,1334,0.37973242243097066,0.5504435733443367,False,False
20160222_081839_1281_1081.jpg,226835,50,2086,1429,0.4008415147265077,0.5722867440929115,False,False
20160222_081839_1281_361.jpg,220687,79,4690,4944,0.5090085452486358,0.6746264583475472,False,False
20160222_081839_1281_721.jpg,226631,40,2569,1160,0.3077739453435925,0.4706837086630148,False,False
20160222_081839_1921_361.jpg,218403,150,4115,7732,0.6444944569475702,0.7838207714531907,False,False
20160222_081839_1_721.jpg,222187,1757,1379,5077,0.6181663216851333,0.764033107599699,False,False
20160222_081839_641_721.jpg,223734,640,1844,4182,0.6273627362736274,0.7710176991150443,False,False
20160222_114759_1281_1.jpg,221754,1759,1566,5321,0.6154291001619245,0.7619388558745614,False,False
20160222_114759_1281_1081.jpg,219635,2800,850,7115,0.6609382257315374,0.7958612975391499,False,False
20160222_114759_1281_361.jpg,221953,1276,3186,3985,0.4717651237125607,0.6410875160875161,False,False
20160222_114759_1281_721.jpg,221746,1206,3388,4060,0.46914721516061936,0.6386660374390436,False,False
20160222_114759_1921_1.jpg,213635,2754,1248,12763,0.76128839844915,0.864467623950149,False,False
20160222_114759_1921_1081.jpg,209421,2296,4591,14092,0.6717193383860051,0.8036269282313022,False,False
20160222_114759_1921_361.jpg,214998,4381,1439,9582,0.6221269964939619,0.7670509125840538,False,False
20160222_114759_1921_721.jpg,198485,7028,3503,21384,0.6700297665674447,0.8024165556577046,False,False
20160222_114759_1_1081.jpg,224809,1585,1847,2159,0.38615632266142014,0.5571612903225807,False,False
20160222_114759_1_361.jpg,229199,66,748,387,0.3222314737718568,0.48740554156171284,False,False
20160222_114759_1_721.jpg,229214,6,1180,0,0.0,0.0,False,True
20160222_114759_641_1.jpg,227505,975,297,1623,0.5606217616580311,0.7184594953519257,False,False
20160222_114759_641_1081.jpg,217506,3038,5232,4624,0.35861641073367456,0.5279141454503938,False,False
20160222_114759_641_361.jpg,220209,1277,4054,4860,0.47689137474241977,0.6458042654973092,False,False
20160222_114759_641_721.jpg,220329,1599,4895,3577,0.3551782345348029,0.5241793669402111,False,False
20160222_115305_1281_1081.jpg,221705,1926,2086,4683,0.5385853939045429,0.7001046494244282,False,False
20160222_115305_1921_1081.jpg,228437,769,501,693,0.35303107488537955,0.5218373493975904,False,False
20160222_115305_1921_361.jpg,224225,244,3407,2524,0.40874493927125505,0.5802965858144614,False,False
20160222_115305_641_1.jpg,224037,378,2270,3715,0.5838440986955838,0.737249454256797,False,False
20160222_115305_641_1081.jpg,221290,1066,3485,4559,0.5004390779363337,0.6670568439534713,False,False
20160222_115305_641_361.jpg,224980,40,2620,2760,0.5092250922509225,0.6748166259168704,False,False
20160222_115305_641_721.jpg,223499,396,2860,3645,0.5281843211128822,0.6912573487578229,False,False
20160222_163940_1281_1081.jpg,224297,3952,434,1717,0.28133704735376047,0.4391304347826087,False,False
20160222_163940_1281_721.jpg,223117,3981,2151,1151,0.15803926953178635,0.2729428503675599,False,False
20160222_163940_1_1.jpg,207460,6235,8290,8415,0.3668265039232781,0.5367564981661617,False,False
20160222_163940_1_1081.jpg,193316,6924,14340,15820,0.42659907237622696,0.5980644185694843,False,False
20160222_163940_1_361.jpg,202415,4357,15906,7722,0.2759335358227622,0.4325202341277621,False,False
20160222_163940_1_721.jpg,204893,4545,14744,6218,0.2437762182930176,0.39199369582348303,False,False
20160222_163940_641_1.jpg,208414,5834,6190,9962,0.45310652233239335,0.6236384124201828,False,False
20160222_163940_641_1081.jpg,211069,3911,7366,8054,0.41663649061093583,0.5882052218367719,False,False
20160222_163940_641_361.jpg,196711,9878,9298,14513,0.43079343405859477,0.6021741836438322,False,False
20160222_163940_641_721.jpg,210802,6966,3847,8785,0.4482600265333197,0.6190325194658775,False,False
20160222_164000_1281_1.jpg,204126,7586,2972,15716,0.5981578747050316,0.7485591807573232,False,False
20160222_164000_1281_1081.jpg,217242,3324,931,8903,0.6766225870193039,0.8071256969312361,False,False
20160222_164000_1281_361.jpg,195132,11763,5561,17944,0.5087898378133152,0.6744343381192213,False,False
20160222_164000_1281_721.jpg,210525,6937,2348,10590,0.5328301886792453,0.6952240275726244,False,False
20160222_164000_1921_1.jpg,212879,3296,2512,11713,0.6685120712288112,0.8013272217281248,False,False
20160222_164000_1921_361.jpg,220832,2487,3458,3623,0.37865802675585286,0.549313926161777,False,False
20160222_164000_1_1.jpg,204325,7327,3733,15015,0.5758389261744966,0.7308347529812607,False,False
20160222_164000_1_361.jpg,208118,8293,3755,10234,0.4592944978009155,0.6294747201377783,False,False
20160222_164000_1_721.jpg,221329,3629,1234,4208,0.4638959320912799,0.6337826643572558,False,False
20160222_164000_641_1.jpg,218198,3851,1683,6668,0.5464677921652188,0.7067302596714361,False,False
20160222_164000_641_1081.jpg,216359,7211,1160,5670,0.4038173919236522,0.5753132768504896,False,False
20160222_164000_641_361.jpg,205867,9507,4427,10599,0.43203032649900136,0.6033815325059775,False,False
20160222_164000_641_721.jpg,221945,2534,2558,3363,0.39775280898876403,0.5691318327974276,False,False
20160222_164141_1281_1.jpg,204867,5088,8733,11712,0.4587005052285278,0.6289166331051148,False,False
20160222_164141_1281_361.jpg,205937,8396,6093,9974,0.4077177778686179,0.579260678920928,False,False
20160222_164141_1281_721.jpg,210054,4521,3801,12024,0.5909761132409319,0.7429101019462465,False,False
20160222_164141_1921_1.jpg,196256,3681,17821,12642,0.37025538894095594,0.5404180737827555,False,False
20160222_164141_1921_1081.jpg,223690,864,1986,3860,0.5752608047690015,0.7303689687795648,False,False
20160222_164141_1921_361.jpg,200577,5436,16687,7700,0.2581899875934681,0.4104149455000933,False,False
20160222_164141_1921_721.jpg,212135,3425,5786,9054,0.4957021626060772,0.6628353892895055,False,False
20160222_164141_1_1.jpg,206300,2920,8562,12618,0.5235684647302905,0.687292336183888,False,False
20160222_164141_1_1081.jpg,220067,1495,2698,6140,0.5942127165392432,0.7454622715959449,False,False
20160222_164141_1_361.jpg,207150,4807,5661,12782,0.549763440860215,0.7094804618117229,False,False
20160222_164141_1_721.jpg,202248,7258,5316,15578,0.5533532253481103,0.7124628401554997,False,False
20160222_164141_641_1.jpg,206158,3472,12065,8705,0.35908753403184557,0.5284244392509181,False,False
20160222_164141_641_1081.jpg,229395,0,947,58,0.05771144278606965,0.10912511759172154,False,False
20160222_164141_641_361.jpg,207911,4789,8520,9180,0.408199564231402,0.5797467555022261,False,False
20160222_164141_641_721.jpg,206432,4045,6416,13507,0.5635430574098799,0.7208539026017345,False,False
20160222_165951_1281_1.jpg,219136,2554,1999,6711,0.5957919034090909,0.7467037552155772,False,False
20160222_165951_1281_1081.jpg,221261,1773,1278,6088,0.6661560345770872,0.7996322322190845,False,False
20160222_165951_1281_361.jpg,224915,1248,1919,2318,0.42260711030082043,0.5941304626425734,False,False
20160222_165951_1281_721.jpg,218527,3255,1609,7009,0.5903310031163144,0.7424001694735727,False,False
20160222_165951_1921_1.jpg,218756,2142,2772,6730,0.5779800755754037,0.7325568738434745,False,False
20160222_165951_1921_1081.jpg,222795,1648,901,5056,0.6648257725180802,0.79867309059316,False,False
20160222_165951_1921_361.jpg,226157,1544,539,2160,0.5090737685599811,0.6746837419959394,False,False
20160222_165951_1921_721.jpg,226532,1394,225,2249,0.5814374353671148,0.7353277750531306,False,False
20160222_165951_1_1.jpg,219652,1971,2248,6529,0.6074618533680685,0.755802512010187,False,False
20160222_165951_641_1.jpg,216654,3446,1410,8890,0.6467335952277026,0.7854744654532603,False,False
20160222_165951_641_1081.jpg,222299,1459,1218,5424,0.6695469695099371,0.8020702402957486,False,False
20160222_165951_641_361.jpg,225017,1317,857,3209,0.5961359836522385,0.7469739292364991,False,False
20160225_114514_1081_1.jpg,215133,7986,5100,2181,0.14285714285714285,0.25,False,False
20160225_114514_1081_1281.jpg,216495,1343,9260,3302,0.23746853649766272,0.3837972917998489,False,False
20160225_114514_1081_1921.jpg,203959,6089,12186,8166,0.30883854619719375,0.4719276446961597,False,False
20160225_114514_1081_641.jpg,222256,3697,2375,2072,0.2544204322200393,0.4056382145653876,False,False
20160225_114514_1_1281.jpg,218137,2027,8148,2088,0.17026828671613797,0.2909901749007038,False,False
20160225_114514_1_641.jpg,204868,4097,14125,7310,0.2863073789754034,0.44516168321052313,False,False
20160225_114514_361_1.jpg,219778,4039,4175,2408,0.22669930333270571,0.3696085955487337,False,False
20160225_114514_361_1281.jpg,207328,2111,9994,10967,0.4753380721220527,0.6443785070066688,False,False
20160225_114514_361_641.jpg,205330,2275,15394,7401,0.29521340247307537,0.45585291490868773,False,False
20160225_114514_721_1.jpg,213318,5248,8386,3448,0.20184990048003745,0.3358986848514369,False,False
20160225_114514_721_1281.jpg,203032,3461,16970,6937,0.2534712072493423,0.4044308409852791,False,False
20160225_114514_721_641.jpg,192437,5814,20700,11449,0.3015831204067118,0.4634096980490569,False,False
20160225_114531_1281_1.jpg,221218,2917,2093,4172,0.4543672402526683,0.6248315111577055,False,False
20160225_114531_1281_1081.jpg,214549,5452,3231,7168,0.45221121695792066,0.6227898692384551,False,False
20160225_114531_1281_361.jpg,212159,4741,2613,10887,0.5968422783838605,0.7475281516067015,False,False
20160225_114531_1281_721.jpg,208131,9163,5105,8001,0.3592886972921999,0.5286422200198216,False,False
20160225_114531_1921_1081.jpg,218067,3789,3022,5522,0.4477418308602935,0.6185382245869504,False,False
20160225_114531_1921_721.jpg,228414,354,447,1185,0.5966767371601208,0.7473982970671712,False,False
20160225_114531_641_1.jpg,222593,2000,3607,2200,0.28179838606378893,0.4396922154491856,False,False
20160225_114531_641_1081.jpg,221273,2879,3073,3175,0.34786896022789526,0.516176231507072,False,False
20160225_114531_641_361.jpg,221818,3003,2219,3360,0.3915171288743883,0.5627198124267292,False,False
20160225_114531_641_721.jpg,222388,2003,2478,3531,0.4407139291063405,0.6117993589188253,False,False
20160225_114535_1281_1.jpg,205635,3297,10346,11122,0.44910155461336565,0.6198344804525315,False,False
20160225_114535_1281_1081.jpg,218371,4715,3772,3542,0.2944550669216061,0.4549483013293944,False,False
20160225_114535_1281_361.jpg,206214,4353,9146,10687,0.44186719589845364,0.6129097009147478,False,False
20160225_114535_1281_721.jpg,210062,4847,7054,8437,0.4148392172288327,0.5864118158123371,False,False
20160225_114535_1921_1081.jpg,222741,2642,831,4186,0.5465465465465466,0.7067961165048544,False,False
20160225_114535_1921_721.jpg,228131,885,480,904,0.39841339797267517,0.5698077529152222,False,False
20160225_114535_1_1.jpg,228796,542,426,636,0.39650872817955113,0.5678571428571428,False,False
20160225_114535_641_1.jpg,218746,4542,4629,2483,0.21305989359876437,0.35127679139845797,False,False
20160225_114535_641_361.jpg,210354,3185,7849,9012,0.4495659982041305,0.6202766880033037,False,False
20160225_114535_641_721.jpg,225917,514,867,3102,0.6919473566807941,0.8179301252471984,False,False
20160302_155919_1281_361.jpg,227562,576,701,1561,0.5500352360817478,0.7097067515344396,False,False
20160302_155919_1281_721.jpg,222641,887,482,6390,0.8235597370795206,0.9032440455155841,False,False
20160302_155919_1921_361.jpg,217534,1899,1264,9703,0.7541582465412716,0.8598520093934158,False,False
20160302_155919_641_1.jpg,220004,6033,1758,2605,0.2505771450557907,0.4007384047380971,False,False
20160302_155919_641_1081.jpg,225781,321,1879,2419,0.5237064299631955,0.6874111963626031,False,False
20160302_155919_641_721.jpg,222989,2247,915,4249,0.5733369315881798,0.7288164665523156,False,False
20160302_155925_1281_1.jpg,226897,1680,540,1283,0.36625749357693405,0.5361470956957793,False,False
20160302_155925_1281_361.jpg,211711,5253,2662,10774,0.5764888437048531,0.7313579744085803,False,False
20160302_155925_1921_361.jpg,204405,3408,7564,15023,0.5779188305443355,0.7325076795553171,False,False
20160302_155925_641_361.jpg,228249,550,327,1274,0.592282659228266,0.743941605839416,False,False
20160302_155925_641_721.jpg,219015,2502,861,8022,0.7046113306982872,0.8267120111300046,False,False
20160302_160033_1281_721.jpg,207530,4502,6969,11399,0.49842588543944033,0.6652659838337857,False,False
20160302_160033_1921_361.jpg,216345,4963,5109,3983,0.28338669512628956,0.44162323982703183,False,False
20160302_160033_1921_721.jpg,222776,4585,978,2061,0.2703305351521511,0.42560660815694373,False,False
20160302_160033_1_361.jpg,202473,4578,4903,18446,0.6605077523543524,0.7955491341944666,False,False
20160302_160033_641_361.jpg,215631,1169,6449,7151,0.48418985713318435,0.652463503649635,False,False
20160302_160033_641_721.jpg,212051,1442,9754,7153,0.3898305084745763,0.5609756097560976,False,False
20160303_092627_1281_361.jpg,220061,3199,1340,5800,0.560982686913628,0.7187558089100936,False,False
20160303_092627_1921_361.jpg,219199,6425,752,4024,0.3592536380680296,0.5286042692939245,False,False
20160303_092627_1921_721.jpg,227898,504,290,1708,0.6826538768984812,0.8114014251781473,False,False
20160303_092627_1_361.jpg,227733,1074,519,1074,0.4026996625421822,0.5741780272654371,False,False
20160303_092627_1_721.jpg,224584,1764,254,3798,0.6530261348005502,0.7900977740794675,False,False
20160303_092627_641_361.jpg,220756,5866,434,3344,0.346744089589382,0.5149368647982754,False,False
20160303_092627_641_721.jpg,225043,1761,339,3257,0.6079895463879037,0.7562108195960066,False,False
20160303_092806_1281_1.jpg,227396,551,1200,1253,0.41711051930758986,0.5886774723984026,False,False
20160303_092806_1281_361.jpg,226148,559,1874,1819,0.4277986829727187,0.5992422994564323,False,False
20160303_092806_1281_721.jpg,226539,453,539,2869,0.7430717430717431,0.8526002971768202,False,False
20160303_092806_1921_1081.jpg,223429,2887,587,3497,0.5016496915794004,0.6681314482231563,False,False
20160303_092806_1921_721.jpg,223624,1825,2408,2543,0.3752951593860685,0.5457667131666488,False,False
20160303_092806_1_1081.jpg,227694,517,666,1523,0.5628233555062824,0.7202648380231733,False,False
20160303_092806_1_721.jpg,227916,227,878,1379,0.5551529790660226,0.713952886357753,False,False
20160303_092806_641_361.jpg,228450,117,1124,709,0.3635897435897436,0.5332831891688605,False,False
20160303_092806_641_721.jpg,225417,624,1312,3047,0.6114790286975718,0.7589041095890411,False,False
20160303_092839_1281_361.jpg,225325,1329,2720,1026,0.20216748768472906,0.33633830519586955,False,False
20160303_092839_1281_721.jpg,209841,1510,14196,4853,0.23605233717593269,0.38194553754131905,False,False
20160303_092839_1921_1081.jpg,229224,166,654,356,0.30272108843537415,0.46475195822454307,False,False
20160303_092839_1921_361.jpg,216819,2256,6836,4489,0.3305353066784478,0.49684560044272275,False,False
20160303_092839_1921_721.jpg,225270,680,1965,2485,0.4844054580896686,0.6526592252133946,False,False
20160303_092839_1_721.jpg,216818,1828,7503,4251,0.31298777794139304,0.4767565748892503,False,False
20160303_092839_641_721.jpg,211961,3942,9052,5445,0.29529800965345193,0.4559537765868364,False,False
20160303_093353_1281_361.jpg,203849,7455,5854,13242,0.498738277277692,0.6655441911894052,False,False
20160303_093353_1281_721.jpg,214459,2554,3591,9796,0.6145160278527069,0.761238683607258,False,False
20160303_093353_1921_361.jpg,203678,7980,2061,16681,0.6242421974403114,0.7686565444784923,False,False
20160303_093353_1921_721.jpg,226853,584,672,2291,0.6458979419227516,0.7848578280232956,False,False
20160303_093353_1_1081.jpg,223000,709,2683,4008,0.5416216216216216,0.7026647966339411,False,False
20160303_093353_1_361.jpg,228243,751,1249,157,0.0727862772369031,0.13569576490924806,False,False
20160303_093353_1_721.jpg,212789,5252,6189,6170,0.350349213559707,0.5189016441697153,False,False
20160303_093353_641_361.jpg,207046,1729,8583,13042,0.558448231566327,0.7166721617760193,False,False
20160303_093400_1281_1081.jpg,212407,5254,9343,3396,0.1887400655810593,0.3175464023563514,False,False
20160303_093400_1281_361.jpg,224333,1405,939,3723,0.613647601780122,0.7605720122574056,False,False
20160303_093400_1281_721.jpg,203978,5358,5699,15365,0.5815229732798426,0.7353961758441621,False,False
20160303_093400_641_1.jpg,215482,669,6764,7485,0.5017428609733208,0.6682140784716333,False,False
20160303_093400_641_1081.jpg,226584,1612,1656,548,0.14360587002096437,0.25114573785517874,False,False
20160303_093400_641_361.jpg,212140,3694,4899,9667,0.5294085432639649,0.6923049378737423,False,False
20160303_093400_641_721.jpg,213096,4792,3854,8658,0.5003467406380028,0.6669748093367229,False,False
20160303_093527_1281_1.jpg,207268,130,10676,12326,0.5328549195919073,0.695245078684641,False,False
20160303_093527_1281_361.jpg,208823,4724,6807,10046,0.46558835797376835,0.6353603389937703,False,False
20160303_093527_1921_1.jpg,227430,875,2095,0,0.0,0.0,False,True
20160303_093527_1921_361.jpg,204701,7087,6231,12381,0.48176971866609597,0.6502626050420168,False,False
20160303_093527_1_721.jpg,228368,657,515,860,0.42322834645669294,0.5947441217150761,False,False
20160303_093527_641_1081.jpg,212193,3852,4972,9383,0.5153512385346295,0.6801739760782892,False,False
20160303_093527_641_361.jpg,225773,193,1299,3135,0.6775448454722283,0.8077814996135017,False,False
20160303_093527_641_721.jpg,202222,2654,14374,11150,0.39569877209170273,0.5670260374288039,False,False
20160303_093537_1281_361.jpg,216001,5070,4661,4668,0.32418917980415307,0.4896417894792049,False,False
20160303_093537_1281_721.jpg,206085,5417,6008,12890,0.5301254369730619,0.6929176185996506,False,False
20160303_093537_1921_1081.jpg,215143,2238,4427,8592,0.5631513403683555,0.7205333556962557,False,False
20160303_093537_1921_721.jpg,216779,392,4113,9116,0.669260700389105,0.8018648018648019,False,False
20160303_093537_1_1.jpg,214889,2109,4544,8858,0.5710785893881761,0.7269892075998194,False,False
20160303_093537_1_361.jpg,215136,3283,4031,7950,0.5208333333333334,0.684931506849315,False,False
20160303_093537_641_361.jpg,226892,792,525,2191,0.6245724059293044,0.7689068257589051,False,False
20160303_093537_641_721.jpg,209631,5120,6264,9385,0.4518753912080505,0.6224713139218677,False,False
20160306_103613_1281_361.jpg,210427,3087,6569,10317,0.5165473389075251,0.6812149224166392,False,False
20160306_103613_1921_361.jpg,216782,770,8054,4794,0.3520340725510354,0.5207473386921573,False,False
20160306_103613_1_361.jpg,219905,2530,913,7052,0.6719390185802763,0.8037841226420471,False,False
20160306_103613_1_721.jpg,212806,2920,9524,5150,0.29271342503126063,0.45286669011607456,False,False
20160306_103613_641_361.jpg,214523,3297,5018,7562,0.4762864521005228,0.6452493707069414,False,False
20160306_103613_641_721.jpg,221302,346,2743,6009,0.6604748296328864,0.7955252531938837,False,False
20160306_103632_641_1.jpg,221919,1415,2021,5045,0.5948590968046221,0.7459707230519,False,False
20160306_103632_641_1081.jpg,216285,4003,2762,7350,0.5207226354941552,0.6848357791754018,False,False
20160306_103632_641_361.jpg,220784,1884,3266,4466,0.46443427620632277,0.6342849027126829,False,False
20160306_103632_641_721.jpg,221083,3668,1758,3891,0.41762369861543414,0.5891883706844336,False,False
20160306_103638_1281_361.jpg,216807,3876,4299,5418,0.39858750827631867,0.5699857976960707,False,False
20160306_103638_1921_1081.jpg,226281,1286,609,2224,0.5399368778829813,0.701245467444427,False,False
20160306_103638_1921_721.jpg,223314,1831,3019,2236,0.31555179226644087,0.4797253808195666,False,False
20160306_103638_1_1.jpg,228918,3,1471,8,0.005398110661268556,0.010738255033557046,False,False
20160306_103638_1_1081.jpg,228654,189,820,737,0.42210767468499427,0.5936367297623842,False,False
20160306_103638_1_361.jpg,228081,852,1176,291,0.12548512289780078,0.22298850574712645,False,False
20160306_103638_1_721.jpg,215481,3542,5080,6297,0.4220792278302835,0.5936085972850679,False,False
20160306_103638_641_361.jpg,222072,916,2440,4972,0.5970220941402498,0.7476691729323308,False,False
20160306_103638_641_721.jpg,223997,1124,1904,3375,0.5270966734343276,0.6903252198813663,False,False
20160306_103657_1281_361.jpg,211160,8801,4033,6406,0.33295218295218293,0.49957108320985727,False,False
20160306_103657_1281_721.jpg,204266,7884,4552,13698,0.5241447922246881,0.6877887125928901,False,False
20160306_103657_1921_1.jpg,223588,376,4446,1990,0.2921315325895479,0.4521699613724154,False,False
20160306_103657_1921_361.jpg,227852,0,2548,0,0.0,0.0,True,True
20160306_103657_1921_721.jpg,222021,3386,2827,2166,0.2585034013605442,0.41081081081081083,False,False
20160306_103657_1_721.jpg,215468,3606,3837,7489,0.5015403160996518,0.6680344320057089,False,False
20160306_103657_641_361.jpg,222293,2706,2466,2935,0.3620328111508573,0.531606593008513,False,False
20160306_103657_641_721.jpg,215354,4582,4406,6058,0.40263192875182774,0.574109173616376,False,False
20160306_103816_1281_361.jpg,204378,6909,6895,12218,0.46952578587349164,0.6390167364016737,False,False
20160306_103816_1921_361.jpg,227914,40,887,1559,0.6271118262268705,0.7708281829419036,False,False
20160306_103816_1921_721.jpg,225839,942,1240,2379,0.5215961411971058,0.6855907780979827,False,False
20160306_103816_1_721.jpg,197712,10791,7294,14603,0.4467388644150759,0.6175805121481889,False,False
20160306_103816_641_361.jpg,220057,4188,2825,3330,0.3219568790486319,0.48709134791194325,False,False
20160306_103816_641_721.jpg,213683,3337,4877,8503,0.5086438954357839,0.6743061062648692,False,False
20160306_103830_1281_1081.jpg,224819,1063,2989,1529,0.27396523920444366,0.430098452883263,False,False
20160306_103830_1281_361.jpg,209785,1760,10251,8604,0.4173659956342469,0.5889318594065506,False,False
20160306_103830_1281_721.jpg,220304,2896,4141,3059,0.30299128367670364,0.46507031546940325,False,False
20160306_103830_1921_1081.jpg,222477,391,3171,4361,0.5504228196390256,0.7100293064148486,False,False
20160306_103830_641_1.jpg,219170,1970,6005,3255,0.2898486197684773,0.44943044528822923,False,False
20160306_103830_641_1081.jpg,221217,4551,3076,1556,0.16944353697048894,0.289784896172828,False,False
20160306_103830_641_361.jpg,216997,588,9815,3000,0.223830485712154,0.3657867463268914,False,False
20160306_103830_641_721.jpg,219811,1301,5926,3362,0.3174992917178204,0.4819726184502903,False,False
20160306_103903_1281_361.jpg,221792,989,1423,6196,0.7197955390334573,0.8370710618751689,False,False
20160306_103903_1281_721.jpg,187498,2610,4554,35738,0.8330147778658338,0.9089013224821973,False,False
20160306_103903_1921_721.jpg,163980,5286,8305,52829,0.7953778982234266,0.8860283943680869,False,False
20160306_103903_641_361.jpg,214892,214,2814,12480,0.8047459375806035,0.8918107760468772,False,False
20160306_103903_641_721.jpg,207746,2806,3121,16727,0.7383685000441423,0.849495949823519,False,False
20160306_104456_1281_1.jpg,212162,2901,5626,9711,0.5324596995284571,0.6949085834913593,False,False
20160306_104456_1281_361.jpg,222537,1064,5075,1724,0.21925473737759124,0.35965369771565664,False,False
20160306_104456_1281_721.jpg,208395,4772,5776,11457,0.5206543967280164,0.6847767616998386,False,False
20160306_104456_1921_361.jpg,227287,195,1140,1778,0.5711532283970446,0.7270496830913924,False,False
20160306_104456_1921_721.jpg,206723,1792,9401,12484,0.5272627444355281,0.69046763087304,False,False
20160306_104456_1_1081.jpg,218487,2292,3370,6251,0.5247208931419458,0.6882845188284519,False,False
20160306_104456_641_1081.jpg,222516,778,1898,5208,0.6605783866057838,0.7956003666361137,False,False
20160306_104456_641_361.jpg,219395,1380,4278,5347,0.4858700590640618,0.6539872798434442,False,False
20160306_104456_641_721.jpg,202855,5992,5972,15581,0.5656561989471773,0.7225803459629921,False,False
20160307_143827_1_721.jpg,220539,4599,673,4589,0.46536862387181827,0.6351557093425606,False,False
20160307_144150_1281_361.jpg,219220,3109,1475,6596,0.5899821109123434,0.7421242124212422,False,False
20160307_144150_1281_721.jpg,216183,1512,1266,11439,0.8046001266089893,0.8917212347988774,False,False
20160307_144150_1921_361.jpg,227117,1128,610,1545,0.47060615290892477,0.640016570008285,False,False
20160307_144150_1921_721.jpg,218136,3454,665,8145,0.6641389432485323,0.798177274731736,False,False
20160307_144150_1_1.jpg,224881,2049,1377,2093,0.3792353687262185,0.5499211770888072,False,False
20160307_144150_1_1081.jpg,224165,1989,1445,2801,0.44923817161186846,0.6199645861000442,False,False
20160307_144150_1_361.jpg,222649,2463,2036,3252,0.4195587666107599,0.5911115150413524,False,False
20160307_144150_1_721.jpg,223682,2280,1194,3244,0.4828818100625186,0.6512748444087533,False,False
20160307_144150_641_1.jpg,223236,1031,1900,4233,0.5908710217755444,0.7428270597525665,False,False
20160307_144150_641_361.jpg,219123,2977,2033,6267,0.5557329076882149,0.7144322845417237,False,False
20160307_144150_641_721.jpg,211549,4812,1389,12650,0.6710519335844253,0.8031491063775753,False,False
20160307_144842_1281_1.jpg,204208,2480,14035,9677,0.36946395846059865,0.5395745629931138,False,False
20160307_144842_1281_1081.jpg,221330,1800,1423,5847,0.6446527012127894,0.7839377890996849,False,False
20160307_144842_1281_361.jpg,215928,935,7080,6457,0.44617191818684354,0.6170385589373596,False,False
20160307_144842_1281_721.jpg,218328,2262,3886,5924,0.4907223326706428,0.6583685263391865,False,False
20160307_144842_641_1.jpg,225169,668,3571,992,0.18963869241062895,0.3188172906958059,False,False
20160307_144842_641_361.jpg,224556,1584,2835,1425,0.24383983572895276,0.39207593891869585,False,False
20160307_144842_641_721.jpg,227595,0,2805,0,0.0,0.0,True,True
20160307_144916_1281_361.jpg,223090,1740,2279,3291,0.4502051983584131,0.6208848221865861,False,False
20160307_144916_1281_721.jpg,221449,2030,1940,4981,0.5564741369679366,0.7150445018662073,False,False
20160307_144916_1921_361.jpg,222498,3153,2049,2700,0.3416856492027335,0.5093378607809848,False,False
20160307_144916_1921_721.jpg,215214,3012,5410,6764,0.44541024627946796,0.6163097949886105,False,False
20160307_144916_1_721.jpg,213790,2012,4659,9939,0.5983744732089102,0.7487287656785566,False,False
20160307_144916_641_721.jpg,210975,4513,4410,10502,0.5406435006435006,0.7018411467905236,False,False
20160307_162704_1281_1.jpg,227383,368,2315,334,0.11070599933708983,0.19934347955834078,False,False
20160307_162704_1281_361.jpg,225004,1626,3704,66,0.01223128243143069,0.024166971805199562,False,False
20160307_162704_1281_721.jpg,192786,2279,15181,20154,0.5358111341521774,0.6977565434150395,False,False
20160307_162704_1921_721.jpg,189357,6488,19625,14930,0.3637648320054577,0.5334714951851786,False,False
20160307_162704_1_721.jpg,215692,2383,5515,6810,0.46301332608104434,0.6329584533878613,False,False
20160307_162704_641_361.jpg,219381,1397,8501,1121,0.10173336963426809,0.18467874794069192,False,False
20160307_162704_641_721.jpg,221970,997,5491,1942,0.23036773428232504,0.3744697261858851,False,False
20160307_163342_1281_1.jpg,219606,1465,3039,6290,0.5827311469334816,0.7363615078435963,False,False
20160307_163342_1281_361.jpg,217972,1592,5329,5507,0.4431123270035404,0.6141064956788402,False,False
20160307_163342_641_1081.jpg,216825,4566,1392,7617,0.5611049723756906,0.7188561721404304,False,False
20160307_163342_641_361.jpg,225445,1971,1135,1849,0.3731584258324924,0.543503821281599,False,False
20160307_163342_641_721.jpg,218105,4180,1512,6603,0.5370475803172021,0.6988041062546301,False,False
20160307_163352_1281_361.jpg,226195,321,3481,403,0.09583828775267539,0.17491319444444445,False,False
20160307_163352_1281_721.jpg,223978,1153,4739,530,0.0825288072251635,0.1524741081703107,False,False
20160307_163352_1921_361.jpg,214042,2971,10355,3032,0.18535273260789828,0.31273852501289323,False,False
20160307_163352_641_1.jpg,218107,7159,434,4700,0.3823314081184414,0.5531689519213794,False,False
20160307_163352_641_1081.jpg,213894,3811,4001,8694,0.5267175572519084,0.69,False,False
20160307_163352_641_361.jpg,214581,5007,1661,9151,0.5784815727922119,0.7329595514617541,False,False
20160307_163352_641_721.jpg,208058,3157,7083,12102,0.541670396562528,0.702705841365695,False,False
20160307_163537_1281_361.jpg,218043,1968,3710,6679,0.5405033584203286,0.7017230510611473,False,False
20160307_163537_1281_721.jpg,223378,2188,1573,3261,0.4643976075192253,0.6342507050471652,False,False
20160307_163537_1921_361.jpg,216984,2554,4131,6731,0.5017143709004174,0.6681888122301087,False,False
20160307_163537_1_721.jpg,216883,1997,4046,7474,0.552933343197455,0.712114715830594,False,False
20160307_163537_641_361.jpg,228584,307,1006,503,0.27698237885462557,0.4338076757222941,False,False
20160307_163537_641_721.jpg,217736,4075,2807,5782,0.4565698041692988,0.6269109834110376,False,False
20160307_163552_1281_361.jpg,228811,264,1067,258,0.16236626809314034,0.2793719545208446,False,False
20160307_163552_1281_721.jpg,215761,2939,7013,4687,0.3201721429059362,0.4850460519507399,False,False
20160307_163552_1921_721.jpg,209091,5771,4025,11513,0.5402881411610118,0.7015416488940345,False,False
20160307_163552_1_361.jpg,221321,2520,2317,4242,0.4672320740169622,0.6368891224382554,False,False
20160307_163552_641_361.jpg,222305,2076,3271,2748,0.3394688079061149,0.5068707922161764,False,False
20160307_163552_641_721.jpg,221856,588,7332,624,0.07303370786516854,0.13612565445026178,False,False
20160307_163613_1281_361.jpg,221418,2684,3123,3175,0.35348474727232243,0.5223328123714732,False,False
20160307_163613_1281_721.jpg,223458,0,6419,523,0.07533851915874387,0.14012056262558606,False,False
20160307_163613_1921_361.jpg,218497,2334,5666,3903,0.3279005292783332,0.4938630899658358,False,False
20160307_163613_1_721.jpg,211000,4627,8233,6540,0.3371134020618557,0.5042405551272167,False,False
20160307_163613_641_361.jpg,227988,144,2182,86,0.03565505804311774,0.0688550840672538,False,False
20160307_163613_641_721.jpg,219114,114,10527,645,0.05715045188729399,0.10812169977369877,False,False
20160307_163627_1281_361.jpg,226392,590,2665,753,0.18787425149700598,0.3163201008191556,False,False
20160307_163627_1281_721.jpg,212601,953,15704,1142,0.06416090791617507,0.12058497439417137,False,False
20160307_163627_1921_361.jpg,216596,5303,5508,2993,0.21682121124311793,0.3563731618741442,False,False
20160307_163627_1921_721.jpg,227621,1456,1313,10,0.0035984166966534724,0.007171029042667623,False,False
20160307_163627_1_361.jpg,211316,8599,1856,8629,0.4521588765457975,0.6227402302168658,False,False
20160307_163627_641_361.jpg,208400,4607,7208,10185,0.46295454545454545,0.6329035264874942,False,False
20160307_163627_641_721.jpg,222588,277,5245,2290,0.29313876088069635,0.45337556919421895,False,False
20160307_163641_1281_721.jpg,224882,546,4408,564,0.1022109459949257,0.1854653074646498,False,False
20160307_163641_1921_361.jpg,217736,1355,6712,4597,0.36299747315224257,0.532645849023811,False,False
20160307_163641_1_361.jpg,220521,1787,4325,3767,0.38131389816783073,0.5521031804191705,False,False
20160307_163641_1_721.jpg,225049,1098,3981,272,0.05083162025789572,0.09674550951449404,False,False
20160307_163641_641_721.jpg,214856,4113,4484,6947,0.44692485846628927,0.6177582143968698,False,False
20160307_164143_1281_1081.jpg,216584,23,6626,7167,0.5187463810075275,0.6831244340656722,False,False
20160307_164143_1281_361.jpg,220734,1231,5156,3279,0.3392302917442582,0.5066048667439166,False,False
20160307_164143_1281_721.jpg,213765,2997,10066,3572,0.21472798316801925,0.35354085217993764,False,False
20160307_164143_1921_361.jpg,215808,1214,8110,5268,0.36101973684210525,0.5305135951661631,False,False
20160307_164143_1_721.jpg,214557,4162,5765,5916,0.3734141261124787,0.5437749896594513,False,False
20160307_164143_641_1.jpg,225227,3051,1320,802,0.15503576261357047,0.2684518828451883,False,False
20160307_164143_641_1081.jpg,206949,13715,5706,4030,0.17184768240160334,0.2932935482697136,False,False
20160307_164143_641_361.jpg,222903,1760,3726,2011,0.2682406295851674,0.42301220025241903,False,False
20160307_164143_641_721.jpg,221372,3231,4529,1268,0.14045192733717324,0.2463092463092463,False,False
20160307_164214_1281_1.jpg,219330,575,7376,3119,0.28175248419150856,0.4396363380083163,False,False
20160307_164214_1281_1081.jpg,217132,2849,2655,7764,0.58516731986735,0.7383035374667174,False,False
20160307_164214_1281_361.jpg,193750,3311,12142,21197,0.578362892223738,0.7328642799107992,False,False
20160307_164214_1281_721.jpg,202790,730,2971,23909,0.8659543643607389,0.9281624255129176,False,False
20160307_164214_1921_1.jpg,225301,1036,3348,715,0.14022357324965679,0.24595803233574132,False,False
20160307_164214_1921_1081.jpg,223529,1324,974,4573,0.6655508659583758,0.7991960852848654,False,False
20160307_164214_1921_361.jpg,226237,351,2925,887,0.21306749939947153,0.35128712871287127,False,False
20160307_164214_1_1081.jpg,217769,4950,2432,5249,0.4155648800570026,0.5871364653243848,False,False
20160307_164214_1_721.jpg,203711,1142,11764,13783,0.5164299898834726,0.681112868155762,False,False
20160307_164214_641_1081.jpg,225028,636,1324,3412,0.6351451973194341,0.7768670309653917,False,False
20160307_164214_641_361.jpg,208419,164,18664,3153,0.14344206360038214,0.2508952017187873,False,False
20160307_164214_641_721.jpg,228824,0,1576,0,0.0,0.0,True,True
20160307_164226_1281_361.jpg,220678,1053,3815,4854,0.499279983542481,0.66602634467618,False,False
20160307_164226_1281_721.jpg,198735,4678,6833,20154,0.6364756039791568,0.7778614021883865,False,False
20160307_164226_1921_1081.jpg,224934,1198,2018,2250,0.411635565312843,0.583203732503888,False,False
20160307_164226_1921_361.jpg,209119,3281,7535,10465,0.4917532070861332,0.6592956592956593,False,False
20160307_164226_1921_721.jpg,212280,1014,8922,8184,0.45165562913907287,0.6222627737226277,False,False
20160307_164226_1_1.jpg,215989,3659,1316,9436,0.6547776004441052,0.7913783704449197,False,False
20160307_164226_1_361.jpg,217314,3824,1851,7411,0.5663304294666055,0.7231302141776845,False,False
20160307_164226_1_721.jpg,206776,2672,7400,13552,0.5736539112766678,0.7290725199053153,False,False
20160307_164226_641_1.jpg,227039,255,2101,1005,0.2990181493603094,0.4603756298671553,False,False
20160307_164226_641_1081.jpg,204401,1654,13585,10760,0.41386207161813915,0.5854348594901929,False,False
20160307_164226_641_361.jpg,214747,3421,2432,9800,0.6260780681019613,0.7700467528385652,False,False
20160307_164226_641_721.jpg,198422,4248,8991,18739,0.5859966226780912,0.7389632667547371,False,False
20160307_164301_1281_1081.jpg,203223,2240,3948,20989,0.7723074658718769,0.871527633600465,False,False
20160307_164301_1281_361.jpg,211838,1781,1834,14947,0.805247279387997,0.8921185353188695,False,False
20160307_164301_1281_721.jpg,170004,5956,7738,46702,0.7732631300086098,0.8721358008552914,False,False
20160307_164301_1921_721.jpg,198060,1918,2476,27946,0.8641311069882498,0.9271140895066848,False,False
20160307_164301_1_1.jpg,210253,1692,4282,14173,0.7034794262173029,0.825932400932401,False,False
20160307_164301_1_361.jpg,225640,363,772,3625,0.7615546218487395,0.86463923673226,False,False
20160307_164301_641_361.jpg,203347,2455,4248,20350,0.7522271097475326,0.858595447545514,False,False
20160307_164319_1281_1081.jpg,225698,1628,626,2448,0.5206295193534666,0.6847552447552447,False,False
20160307_164319_1281_361.jpg,213231,1046,7784,8339,0.48570097268332457,0.6538340912654853,False,False
20160307_164319_1281_721.jpg,227163,527,732,1978,0.6110596231078159,0.7585810162991371,False,False
20160307_164319_1921_361.jpg,219380,1022,3492,6506,0.5903811252268603,0.7424398037201871,False,False
20160307_164319_1_361.jpg,221686,905,2745,5064,0.5811338076658251,0.7350849179851938,False,False
20160307_164319_641_361.jpg,205227,7824,2623,14726,0.5849918563540301,0.7381638637559839,False,False
20160307_164319_641_721.jpg,227407,421,728,1844,0.6161042432342132,0.7624560678106265,False,False
20160307_164334_1281_1.jpg,225451,2238,108,2603,0.5259648413820974,0.689353813559322,False,False
20160307_164334_1281_361.jpg,217908,2688,1543,8261,0.6613032340698046,0.7961258613212547,False,False
20160307_164334_1921_1.jpg,213915,1311,3075,12099,0.7339399454049136,0.8465575146935348,False,False
20160307_164334_641_1.jpg,220389,1778,797,7436,0.7427829387673559,0.8524101564738924,False,False
20160307_164334_641_1081.jpg,221481,893,877,7149,0.8015472586612848,0.8898431665421956,False,False
20160307_164334_641_361.jpg,218564,3094,1368,7374,0.623014531936465,0.7677251431546069,False,False
20160307_164334_641_721.jpg,214244,5009,619,10528,0.6516464471403813,0.789087093389297,False,False
20160307_164400_1281_1.jpg,209361,2645,12824,5570,0.26474642330909265,0.41865534217745876,False,False
20160307_164400_1281_1081.jpg,222369,2011,712,5308,0.6609388619100983,0.7958617587525302,False,False
20160307_164400_1281_361.jpg,220935,800,2321,6344,0.6702588483888009,0.8025808084002783,False,False
20160307_164400_1281_721.jpg,222859,2666,1344,3531,0.46824028643415994,0.6378251445086706,False,False
20160307_164400_641_1.jpg,219699,357,6399,3945,0.3686571348472105,0.5387136419500205,False,False
20160307_164400_641_1081.jpg,216536,0,13834,30,0.002163877668782458,0.004318410824816468,False,False
20160307_164400_641_361.jpg,217509,54,9462,3375,0.2618105655108215,0.4149760236075249,False,False
20160307_164400_641_721.jpg,214826,632,9728,5214,0.33478875048157186,0.5016355589763325,False,False
20160307_164517_1281_361.jpg,225261,939,1931,2269,0.4415255886359214,0.6125809935205183,False,False
20160307_164517_1921_361.jpg,221760,735,2973,4932,0.5708333333333333,0.726790450928382,False,False
20160307_164517_641_1.jpg,225889,1006,878,2627,0.5823542451784527,0.736060521154385,False,False
20160307_164517_641_1081.jpg,224469,933,1167,3831,0.6459281740010117,0.784880147510756,False,False
20160307_164517_641_361.jpg,225695,2052,945,1708,0.36301806588735386,0.5326680180882583,False,False
20160307_164517_641_721.jpg,223807,281,4212,2100,0.31851964204459277,0.48314735994478314,False,False
20160308_072824_1281_361.jpg,217937,1221,2725,8517,0.6833828131268554,0.8119161105815061,False,False
20160308_072824_1281_721.jpg,215361,3125,850,11064,0.7356872132455615,0.8477186530283876,False,False
20160308_072824_1921_361.jpg,205221,2355,4771,18053,0.7169863775368363,0.8351683937823834,False,False
20160308_072824_1_1.jpg,215855,4424,417,9704,0.667170849089034,0.8003629015629511,False,False
20160308_072824_641_1.jpg,219497,2408,198,8297,0.7609832156287261,0.8642708333333333,False,False
20160308_072824_641_1081.jpg,209622,2988,3083,14707,0.7078159591876023,0.828913625475553,False,False
20160308_072824_641_361.jpg,218506,3336,705,7853,0.6602488649739364,0.7953613207069429,False,False
20160308_072824_641_721.jpg,206637,3955,2113,17695,0.7446450364011278,0.8536350041005355,False,False
20160308_072921_1281_1.jpg,214215,1888,5547,8750,0.5406240345999382,0.7018247443352718,False,False
20160308_072921_1281_1081.jpg,227687,331,376,2006,0.7394028750460745,0.8501801229073956,False,False
20160308_072921_1281_361.jpg,222657,3803,1861,2079,0.2685005811700891,0.42333536957849727,False,False
20160308_072921_1281_721.jpg,226167,758,953,2522,0.5957949444838176,0.7467061435973353,False,False
20160308_072921_641_1.jpg,211128,3123,1205,14944,0.7754254877542549,0.8735094692541501,False,False
20160308_072921_641_1081.jpg,206271,2852,3701,17576,0.728418086120436,0.8428725572473325,False,False
20160308_072921_641_361.jpg,211645,3520,2379,12856,0.6854705411890163,0.8133877447723894,False,False
20160308_072921_641_721.jpg,211078,1857,4892,12573,0.6507090363316427,0.7883994356482207,False,False
20160308_072927_1281_1.jpg,217478,4479,1129,7314,0.566011453335397,0.7228701324372405,False,False
20160308_072927_1281_1081.jpg,217433,6840,756,5371,0.4142052903524331,0.585778165557858,False,False
20160308_072927_1281_361.jpg,215514,6186,1332,7368,0.49496170898831116,0.6621730924777568,False,False
20160308_072927_1281_721.jpg,218321,3103,1283,7693,0.6368904710654856,0.7781711511227999,False,False
20160308_072927_641_1.jpg,217429,3237,2012,7722,0.5953280394726698,0.7463393418064079,False,False
20160308_072927_641_1081.jpg,215990,7567,732,6111,0.42408049965301875,0.5955850104770722,False,False
20160308_072927_641_361.jpg,216401,4328,2247,7424,0.5303235945424674,0.6930868692526724,False,False
20160308_072927_641_721.jpg,219600,3616,792,6392,0.5918518518518519,0.7436016751977664,False,False
20160308_072944_1281_721.jpg,205529,3176,4976,16719,0.6722287000924771,0.8039913440730945,False,False
20160308_072944_1921_1.jpg,212376,2534,2662,12828,0.7117177097203728,0.8315830416180474,False,False
20160308_072944_1921_361.jpg,211265,2905,2863,13367,0.6985628429579305,0.822533997907821,False,False
20160308_072944_1_361.jpg,209176,4883,2058,14283,0.6729645684131172,0.804517419100459,False,False
20160308_072944_641_1081.jpg,215202,3729,3189,8280,0.5448085274378207,0.7053411704574495,False,False
20160308_072944_641_361.jpg,216220,1315,3849,9016,0.6358251057827927,0.7773754095533713,False,False
20160308_072944_641_721.jpg,204556,4300,4133,17411,0.6736960222875716,0.8050398797826841,False,False
20160308_072951_1281_1.jpg,228120,194,920,1166,0.5114035087719299,0.6767266395821242,False,False
20160308_072951_1281_361.jpg,213038,1023,10697,5642,0.3249625619168299,0.4905233872370023,False,False
20160308_072951_1281_721.jpg,196681,8503,5031,20185,0.5986239212313532,0.7489240130602552,False,False
20160308_072951_1921_361.jpg,222463,2073,1662,4202,0.5294191760110873,0.6923140291622044,False,False
20160308_072951_1921_721.jpg,197003,3415,9454,20528,0.6146659879629907,0.7613537320352342,False,False
20160308_072951_1_1.jpg,220565,162,3983,5690,0.5785460091509913,0.7330112721417069,False,False
20160308_072951_1_1081.jpg,198082,4083,6906,21329,0.6599727705922396,0.7951609596063154,False,False
20160308_072951_641_1.jpg,209220,1924,10414,8842,0.4174693106704438,0.5890347078808873,False,False
20160308_072951_641_1081.jpg,224911,302,3441,1746,0.31809072690836215,0.48265376641326885,False,False
20160308_072951_641_361.jpg,206940,4581,10408,8471,0.3610826939471441,0.5305815665027716,False,False
20160308_072951_641_721.jpg,185035,4900,16082,24383,0.5374848451449356,0.6991741698686701,False,False
20160308_073245_1281_1.jpg,225016,2744,158,2482,0.4609955423476969,0.631070429697432,False,False
20160308_073245_1281_1081.jpg,228420,489,271,1220,0.6161616161616161,0.7625,False,False
20160308_073245_1281_361.jpg,216644,703,3226,9827,0.7143791799941843,0.8333969384726286,False,False
20160308_073245_1281_721.jpg,203102,7201,4575,15522,0.5686130852077075,0.7249883232134516,False,False
20160308_073245_1921_361.jpg,204122,8239,2763,15276,0.5813227795113783,0.7352360783558742,False,False
20160308_073245_1921_721.jpg,204761,3842,11068,10729,0.4184640586606342,0.5900241970963485,False,False
20160308_073245_1_1081.jpg,217046,1461,6440,5453,0.4083420697918227,0.5798904663157335,False,False
20160308_073245_1_361.jpg,215321,3103,2356,9620,0.6379733404071888,0.7789789060285841,False,False
20160308_073245_1_721.jpg,208894,5753,3406,12347,0.574118850553334,0.7294479071278764,False,False
20160308_073245_641_1.jpg,227358,688,942,1412,0.4641683103221565,0.6340368208352043,False,False
20160308_073245_641_361.jpg,217233,2387,2030,8750,0.6645401382243488,0.7984669434685404,False,False
20160308_073245_641_721.jpg,201171,3908,8900,16421,0.5618050566218482,0.7194304490690033,False,False
20160308_073310_1281_361.jpg,214850,4263,2103,9184,0.5906109324758843,0.742621492682138,False,False
20160308_073310_1281_721.jpg,222188,898,3560,3754,0.45713589868485144,0.6274444258733077,False,False
20160308_073310_1921_721.jpg,210485,4982,2633,12300,0.617624905849862,0.7636194319416421,False,False
20160308_073310_1_1.jpg,218230,5910,1852,4408,0.36220213640098603,0.5317891181083364,False,False
20160308_073310_1_1081.jpg,214549,2111,5071,8669,0.5469055580089585,0.7070962479608482,False,False
20160308_073310_1_361.jpg,226586,1078,385,2351,0.6164132144729942,0.7626926196269262,False,False
20160308_073310_641_1081.jpg,225654,614,1628,2504,0.5276021913190054,0.6907586206896552,False,False
20160308_073310_641_361.jpg,219464,2504,2643,5789,0.5293525969275786,0.6922571001494768,False,False
20160308_073310_641_721.jpg,215579,2685,3852,8284,0.5589366439511504,0.7170742263579312,False,False
20160308_073406_1281_721.jpg,202949,6407,2344,18700,0.6812137991330006,0.8103833069705966,False,False
20160308_073406_1921_721.jpg,209077,4802,5341,11180,0.5243164657881161,0.6879364981693997,False,False
20160308_073406_1_361.jpg,185426,6119,2101,36754,0.8172277315782452,0.8994224745497259,False,False
20160308_073406_641_361.jpg,212836,452,12273,4839,0.2755067182874061,0.431995714859617,False,False
20160308_073406_641_721.jpg,218719,3738,2479,5464,0.46776817053334474,0.6373869932925051,False,False
20160308_073532_1281_721.jpg,214393,1052,4624,10331,0.6454051352533267,0.7844938871592376,False,False
20160308_073532_1921_1081.jpg,216161,3144,5130,5965,0.4189198679682562,0.5904771332409424,False,False
20160308_073532_1921_721.jpg,221936,2436,2363,3665,0.4330103969754253,0.6043367136614725,False,False
20160308_073532_1_361.jpg,186231,5214,4873,34082,0.771627159319885,0.8710942991143883,False,False
20160308_073532_1_721.jpg,226856,0,2091,1453,0.4099887133182844,0.5815489293576146,False,False
20160308_073532_641_361.jpg,220341,2925,1321,5813,0.577890446366438,0.7324848790322581,False,False
20160308_073532_641_721.jpg,210165,872,4224,15139,0.748159130219916,0.855939390512806,False,False
20160308_073736_1281_361.jpg,210475,3844,2752,13329,0.6689585947302384,0.8016479220544896,False,False
20160308_073736_1921_361.jpg,218760,4047,1374,6219,0.5342783505154639,0.6964555686208634,False,False
20160308_073736_1921_721.jpg,212037,7957,868,9538,0.5194140391003649,0.6837030930791012,False,False
20160308_073736_1_361.jpg,226202,1677,575,1946,0.4635540733682706,0.6334635416666666,False,False
20160308_073736_1_721.jpg,203157,9233,3525,14485,0.5316962155416071,0.6942580521472392,False,False
20160308_073736_641_1.jpg,225155,445,4214,586,0.1117254528122021,0.2009946835877208,False,False
20160308_073736_641_361.jpg,213146,3479,4481,9294,0.5386577025617248,0.7001657375320175,False,False
20160308_073736_641_721.jpg,211574,5121,5613,8092,0.42983108467013703,0.6012333754365109,False,False
20160308_074101_1281_1.jpg,220990,2731,736,5943,0.6315621679064825,0.7741809418354719,False,False
20160308_074101_1281_1081.jpg,214198,7567,674,7961,0.49135909147018886,0.658941356619625,False,False
20160308_074101_1281_361.jpg,219131,3134,1022,7113,0.6312006389209336,0.7739092590577739,False,False
20160308_074101_1281_721.jpg,220439,4174,235,5552,0.557373757654854,0.715786759492039,False,False
20160308_074101_1_1.jpg,225332,3603,271,1194,0.2355958958168903,0.3813478122005749,False,False
20160308_074101_641_361.jpg,217070,5591,3019,4720,0.35408852213053266,0.5229916897506925,False,False
20160308_074134_1281_1.jpg,204248,715,6185,19252,0.7361578464362191,0.8480310104836578,False,False
20160308_074134_1281_361.jpg,198720,4446,4581,22653,0.7150568181818182,0.8338578764286897,False,False
20160308_074134_1281_721.jpg,178770,9309,2219,40102,0.7767189618438892,0.8743295687437317,False,False
20160308_074134_1921_1081.jpg,215086,3179,2905,9230,0.6027164685908319,0.7521186440677966,False,False
20160308_074134_1921_361.jpg,229397,0,1003,0,0.0,0.0,True,True
20160308_074134_1921_721.jpg,187193,6534,6917,29756,0.6886847038674289,0.8156462864739663,False,False
20160308_074134_1_721.jpg,164368,14614,4474,46944,0.7109280348921735,0.8310437615068688,False,False
20160308_074134_641_361.jpg,193754,14449,3323,18874,0.5150357474212738,0.6798991354466859,False,False
20160308_074134_641_721.jpg,196636,5572,7341,20851,0.6175512380049757,0.7635631236839696,False,False
20160308_074321_1281_361.jpg,208707,2781,3383,15529,0.7158530401512009,0.8343990113373811,False,False
20160308_074321_1281_721.jpg,219346,1562,4286,5206,0.4709607381943188,0.6403444034440344,False,False
20160308_074321_1921_361.jpg,227154,674,636,1936,0.596426370918053,0.7472018525665766,False,False
20160308_074321_1921_721.jpg,214218,2631,1390,12161,0.7515140279322704,0.8581307553893378,False,False
20160308_074321_1_1.jpg,224906,1553,598,3343,0.6084819803421915,0.7565916034853457,False,False
20160308_074321_1_361.jpg,220118,5896,298,4088,0.3975880178953511,0.5689631176061238,False,False
20160308_074321_641_1081.jpg,216328,5714,2207,6151,0.4371091529277999,0.60831726252287,False,False
20160308_074321_641_361.jpg,212341,6263,1425,10371,0.5742842903815272,0.7295814280689412,False,False
20160308_074321_641_721.jpg,222455,1471,2684,3790,0.4770295783511643,0.6459309757136771,False,False
20160308_074330_1281_721.jpg,204195,8375,2587,15243,0.581682884945621,0.7355240301100173,False,False
20160308_074330_1921_361.jpg,214240,3875,2629,9656,0.5975247524752475,0.7480632166098543,False,False
20160308_074330_1921_721.jpg,209149,3786,5129,12336,0.5804903298668298,0.7345699228868312,False,False
20160308_074330_1_361.jpg,218427,2552,1217,8204,0.6852083855341184,0.8132031521038806,False,False
20160308_074330_1_721.jpg,219568,1855,1250,7727,0.7133493353028065,0.8326957271404709,False,False
20160308_074330_641_361.jpg,212382,5798,1912,10308,0.572094572094572,0.7278119042575726,False,False
20160308_074330_641_721.jpg,214256,6797,1900,7447,0.46128592666005946,0.6313424611080497,False,False
20160308_155516_1281_1081.jpg,211065,966,9021,9348,0.4834755624515128,0.6518146637381027,False,False
20160308_155516_1281_721.jpg,183895,4971,13821,27713,0.5959144178045371,0.7467999676628311,False,False
20160308_155516_1921_721.jpg,207994,3583,5204,13619,0.607828260287423,0.7560860513532269,False,False
20160308_155516_1_1.jpg,192470,3305,27050,7575,0.19970999209069337,0.332930447203604,False,False
20160308_155516_1_1081.jpg,209820,580,13296,6704,0.32575315840621966,0.4914235449347603,False,False
20160308_155516_1_361.jpg,211604,2820,7411,8565,0.4556820600127687,0.6260736084207449,False,False
20160308_155516_1_721.jpg,205166,1330,17314,6590,0.2611555837362289,0.4141528406234289,False,False
20160308_155516_641_1.jpg,216682,1732,6556,5430,0.3958302959615104,0.5671610612074368,False,False
20160308_155516_641_361.jpg,192891,5774,19011,12724,0.3392252526060412,0.5065992475066191,False,False
20160308_155516_641_721.jpg,186513,2586,23905,17396,0.396381616423998,0.5677267757779482,False,False
20160308_155537_1281_361.jpg,223733,1617,905,4145,0.6217189140542972,0.766740658527562,False,False
20160308_155537_1281_721.jpg,226794,646,656,2304,0.6389351081530782,0.7796954314720812,False,False
20160308_155537_1921_361.jpg,213087,2611,1989,12713,0.7343037024201468,0.8467994404849131,False,False
20160308_155537_1_721.jpg,215943,2516,3639,8302,0.5742546863111295,0.7295575376774024,False,False
20160308_155537_641_721.jpg,209670,2178,2784,15768,0.7606367583212735,0.8640473450600032,False,False
20160308_155731_1281_1.jpg,207154,286,4058,18902,0.8131291404972899,0.89693461136946,False,False
20160308_155731_1281_361.jpg,202482,6472,4026,17420,0.6239701984382835,0.7684503065860867,False,False
20160308_155731_1281_721.jpg,216906,1617,3825,8052,0.5967096487327701,0.7474241158451684,False,False
20160308_155731_641_1.jpg,212317,448,7311,10324,0.5709229663219598,0.7268630971239484,False,False
20160308_155731_641_1081.jpg,214644,1371,4878,9507,0.6033891850723534,0.7526422040137751,False,False
20160308_155731_641_361.jpg,221311,2020,1360,5709,0.628121905600176,0.771590755507501,False,False
20160308_155731_641_721.jpg,219926,396,6943,3135,0.29931258354019474,0.4607245205378793,False,False
20160308_155737_1281_1.jpg,213453,834,8137,7976,0.4706437717590134,0.6400513581832042,False,False
20160308_155737_1281_1081.jpg,225906,9,3814,671,0.14931019136626614,0.25982575024201354,False,False
20160308_155737_1281_361.jpg,223496,151,4966,1787,0.25883545770567784,0.41123000805430904,False,False
20160308_155737_1281_721.jpg,220518,639,5468,3775,0.38200769075086016,0.5528300505235411,False,False
20160308_155737_1921_1.jpg,218050,461,7009,4880,0.3951417004048583,0.5664538595473012,False,False
20160308_155737_1921_1081.jpg,218940,1223,3458,6779,0.5915357766143107,0.7433521574647732,False,False
20160308_155737_1921_721.jpg,221207,495,5223,3475,0.37800500380724467,0.5486264603725923,False,False
20160308_155737_1_1.jpg,213764,1226,4989,10421,0.6264125991824958,0.7702997375910116,False,False
20160308_155737_1_1081.jpg,217869,693,4885,6953,0.5548639374351608,0.7137138164647916,False,False
20160308_155737_641_1.jpg,217953,877,5672,5898,0.4738491202699446,0.6430089942763696,False,False
20160308_155737_641_1081.jpg,222120,531,3994,3755,0.4535024154589372,0.6240132945575405,False,False
20160308_155737_641_361.jpg,229281,33,447,639,0.5710455764075067,0.726962457337884,False,False
20160308_155737_641_721.jpg,226371,125,1703,2201,0.5462894018366841,0.7065810593900481,False,False
20160308_155836_1281_361.jpg,226690,849,532,2329,0.6277628032345014,0.7713197549263123,False,False
20160308_155836_1281_721.jpg,217232,2232,3325,7611,0.5779921020656136,0.7325665335194187,False,False
20160308_155836_1921_361.jpg,228532,7,1855,6,0.0032119914346895075,0.0064034151547491995,False,False
20160308_155836_1921_721.jpg,218427,1827,4629,5517,0.4607867702330243,0.6308747855917667,False,False
20160308_155836_1_361.jpg,203985,10924,2135,13356,0.5056218057921635,0.6716451685901788,False,False
20160308_155836_641_361.jpg,225937,1649,40,2774,0.6215550078422586,0.7666160011054304,False,False
20160308_155836_641_721.jpg,213795,2938,2907,10760,0.6479975910870219,0.7864059930568245,False,False
20160308_155847_1281_1081.jpg,219126,2594,2710,5970,0.5295369877594465,0.6924147529575505,False,False
20160308_155847_1281_361.jpg,213984,6482,3209,6725,0.409661306042885,0.5812194805756018,False,False
20160308_155847_1281_721.jpg,221839,2977,2459,3125,0.3650274500642448,0.5348279993154201,False,False
20160308_155847_1921_1.jpg,225704,1509,1448,1739,0.37031516183986374,0.5404817404817405,False,False
20160308_155847_1921_361.jpg,223384,2949,1830,2237,0.31884264538198404,0.48351885874851397,False,False
20160308_155847_1_1.jpg,220034,2293,4315,3758,0.36253135249855295,0.5321438685924668,False,False
20160308_155847_1_361.jpg,221129,1807,3663,3801,0.4099881350447632,0.581548347613219,False,False
20160308_155847_641_361.jpg,207179,5562,11618,6041,0.26015244821497785,0.4128904381108605,False,False
20160308_160128_1281_1.jpg,222872,1117,2202,4209,0.5591126461211477,0.7172190508647865,False,False
20160308_160128_1281_361.jpg,224865,663,1472,3400,0.6142728093947606,0.7610520425293789,False,False
20160308_160128_1281_721.jpg,212461,3176,5812,8951,0.49896872735381015,0.6657493492004463,False,False
20160308_160128_1921_1.jpg,220296,1006,4273,4825,0.4775336500395883,0.6463929265188559,False,False
20160308_160128_1921_1081.jpg,222763,1195,2486,3956,0.5180044520099516,0.682480807383766,False,False
20160308_160128_1921_361.jpg,219603,2085,3177,5535,0.5126424006668518,0.6778104335047759,False,False
20160308_160128_1921_721.jpg,218213,608,7088,4491,0.3685074259456798,0.5385537834272695,False,False
20160308_160128_1_721.jpg,210905,5654,4538,9303,0.47719928186714544,0.6460865337870686,False,False
20160308_160128_641_361.jpg,223193,3040,2031,2136,0.29637852088247535,0.45724071497377716,False,False
20160308_160128_641_721.jpg,214511,2573,4664,8652,0.5445276606457298,0.7051057414123304,False,False
20160310_114418_1281_1.jpg,216872,1736,8599,3193,0.23602897693672384,0.38191495723939956,False,False
20160310_114418_1281_1081.jpg,224189,0,6211,0,0.0,0.0,True,True
20160310_114418_641_1.jpg,225080,723,3588,1009,0.18966165413533834,0.3188497392953073,False,False
20160310_114418_641_1081.jpg,201036,3561,4634,21169,0.7209167688325842,0.8378287455722003,False,False
20160310_114418_641_361.jpg,208061,2420,12629,7290,0.3263351090021935,0.49208545681595733,False,False
20160310_114418_641_721.jpg,196528,6031,498,27343,0.8072449220595181,0.8933431348525688,False,False
20160310_114425_1281_1081.jpg,215033,3636,5871,5860,0.38133663044185595,0.552127008055778,False,False
20160310_114425_1281_721.jpg,225127,2816,521,1936,0.3671534230988052,0.5371063947842974,False,False
20160310_114425_641_1.jpg,216108,2133,8907,3252,0.22753988245172124,0.3707250341997264,False,False
20160310_114425_641_361.jpg,219674,1387,6077,3262,0.30412082789483497,0.466399771232485,False,False
20160310_114425_641_721.jpg,228207,585,976,632,0.28818969448244414,0.4474336283185841,False,False
20160310_114429_641_1.jpg,221930,960,1425,6085,0.718417945690673,0.8361387839230505,False,False
20160310_114429_641_1081.jpg,224197,1644,1396,3163,0.5099145574721908,0.6754217382020072,False,False
20160310_114429_641_361.jpg,225674,829,728,3169,0.6705459162082099,0.8027865737808739,False,False
20160310_114429_641_721.jpg,220747,2806,2612,4235,0.43872371283538797,0.6098790322580645,False,False
20160310_114441_641_1.jpg,204174,11975,3269,10982,0.41874475711126363,0.5903031606106214,False,False
20160310_114441_641_1081.jpg,206815,4023,11027,8535,0.3618825524697901,0.5314445828144458,False,False
20160310_114441_641_361.jpg,208410,4416,9238,8336,0.379081400636653,0.5497592824638924,False,False
20160310_114441_641_721.jpg,202073,3208,6660,18459,0.6516397783033855,0.789082204078143,False,False
20160310_114459_1281_1.jpg,225630,1286,1051,2433,0.510062893081761,0.675551853394419,False,False
20160310_114459_1281_361.jpg,226789,461,2174,976,0.27028523954583217,0.4255504687159363,False,False
20160310_114459_641_1.jpg,221936,1704,1357,5403,0.6383506616257089,0.7792601139395687,False,False
20160310_114459_641_1081.jpg,222727,1828,1289,4556,0.5937703636126678,0.7451140731049145,False,False
20160310_114459_641_361.jpg,220672,4999,1297,3432,0.3527960526315789,0.521580547112462,False,False
20160310_114459_641_721.jpg,222145,2357,1000,4898,0.5933373712901272,0.7447730555766745,False,False
20160310_114658_1281_1081.jpg,226417,311,1546,2126,0.5337685161938237,0.6960222622360451,False,False
20160310_114658_641_1.jpg,223015,2563,929,3893,0.5271496276235613,0.6903706330909736,False,False
20160310_114658_641_1081.jpg,225659,2130,698,1913,0.4035013710187724,0.5749924857228734,False,False
20160310_114658_641_361.jpg,224226,3086,380,2708,0.438613540654357,0.6097725737446521,False,False
20160310_114658_641_721.jpg,223944,842,3209,2405,0.37252168525402723,0.542828123236655,False,False
20160316_141736_1281_361.jpg,208004,3925,3833,14638,0.6535988569387391,0.7905168223794351,False,False
20160316_141736_1281_721.jpg,228367,755,50,1228,0.6040334481062469,0.7531432076050292,False,False
20160316_141736_1921_361.jpg,216024,2486,2137,9753,0.6784223706176962,0.8084048240706204,False,False
20160316_141736_1_1081.jpg,224252,2170,548,3430,0.5579050097592713,0.7162246815619128,False,False
20160316_141736_1_361.jpg,225633,1350,1015,2402,0.5038808474931823,0.6701074068907797,False,False
20160316_141736_1_721.jpg,219804,1966,1215,7415,0.6997923744809362,0.8233857087335518,False,False
20160316_141736_641_361.jpg,222421,2378,1104,4497,0.563604461711994,0.7209041359410068,False,False
20160316_141736_641_721.jpg,215440,2825,1465,10670,0.7132352941176471,0.8326180257510729,False,False
20160316_142027_1281_361.jpg,213379,3281,5823,7917,0.4651313083837612,0.634934637901997,False,False
20160316_142027_1281_721.jpg,224514,782,1164,3940,0.6693849813115869,0.8019539995929168,False,False
20160316_142027_1921_361.jpg,216965,5311,982,7142,0.5315965761071827,0.6941731058949312,False,False
20160316_142027_1_1081.jpg,223937,488,2636,3339,0.5166331425034814,0.6812895327484186,False,False
20160316_142027_1_361.jpg,220666,328,5874,3532,0.3628518594616807,0.5324890698025027,False,False
20160316_142027_1_721.jpg,217709,3644,4406,4641,0.36569222283507996,0.5355411954765751,False,False
20160316_142027_641_721.jpg,203310,2295,9388,15407,0.568733850129199,0.7250864766924724,False,False
20160316_142031_1281_361.jpg,221010,4847,1726,2817,0.3,0.46153846153846156,False,False
20160316_142031_1281_721.jpg,227478,568,852,1502,0.5140314852840521,0.6790235081374322,False,False
20160316_142031_1921_361.jpg,220675,3498,1468,4759,0.4893573264781491,0.6571389119027893,False,False
20160316_142031_1921_721.jpg,227181,922,554,1743,0.5414725069897484,0.7025392986698912,False,False
20160316_142031_1_361.jpg,225940,1443,656,2361,0.5293721973094171,0.6922738601378097,False,False
20160316_142031_1_721.jpg,225838,566,1264,2732,0.5988601490574309,0.7491088565944612,False,False
20160316_142031_641_361.jpg,219197,5302,949,4952,0.4420244577345354,0.6130609718353451,False,False
20160316_142031_641_721.jpg,228292,133,809,1166,0.5531309297912713,0.7122785583384239,False,False
20160316_142035_1281_361.jpg,226511,1095,923,1871,0.48110053998457186,0.6496527777777777,False,False
20160316_142035_1921_361.jpg,218492,4583,2135,5190,0.43584145112529393,0.6070885483682302,False,False
20160316_142035_1_721.jpg,224034,2010,1582,2774,0.43575243480992776,0.6070021881838075,False,False
20160316_142035_641_721.jpg,224263,2457,1568,2112,0.3441420889685514,0.5120620681294702,False,False
20160316_144230_1281_1.jpg,209025,2988,7489,10898,0.5098479532163742,0.6753633067889567,False,False
20160316_144230_1281_1081.jpg,205378,1849,8096,15077,0.6025497562145312,0.7519888276515624,False,False
20160316_144230_1281_361.jpg,204429,1876,7323,16772,0.6457972353779216,0.7847834733172683,False,False
20160316_144230_1281_721.jpg,218085,468,3638,8209,0.6665854648802274,0.7999415318651335,False,False
20160316_144230_1921_1.jpg,219120,1053,3470,6757,0.5990248226950354,0.7492376781061152,False,False
20160316_144230_1921_361.jpg,224539,421,1633,3807,0.6495478587271797,0.787546545304096,False,False
20160316_144230_1_1.jpg,216408,1271,1149,11572,0.8270440251572327,0.9053356282271945,False,False
20160316_144230_1_361.jpg,224965,4,930,4501,0.8281508739650414,0.9059983896940419,False,False
20160316_144230_641_1.jpg,218500,267,4849,6784,0.5700840336134454,0.726182830229073,False,False
20160316_144230_641_1081.jpg,223581,259,1696,4864,0.7133010705382021,0.8326628434477445,False,False
20160316_144230_641_361.jpg,205230,1179,9161,14830,0.5891934843067144,0.7415,False,False
20160316_144230_641_721.jpg,221442,923,2697,5338,0.5958919401652154,0.7467823167319529,False,False
20160316_144241_1281_1.jpg,221686,1541,2735,4438,0.5092953867339913,0.6748783454987834,False,False
20160316_144241_1281_721.jpg,206502,2065,5016,16817,0.7036990543141686,0.8260837529166155,False,False
20160316_144241_1921_1081.jpg,223052,1149,1450,4749,0.6462983124659771,0.785153343804249,False,False
20160316_144241_1921_721.jpg,210075,1406,6616,12303,0.6053136531365314,0.7541375505700625,False,False
20160316_144241_1_1081.jpg,212721,3831,1141,12707,0.7187623734374117,0.8363720134272362,False,False
20160316_144241_1_721.jpg,221769,1306,2178,5147,0.5963387788205307,0.7471331107562781,False,False
20160316_144241_641_1.jpg,229204,0,1196,0,0.0,0.0,True,True
20160316_144241_641_361.jpg,223963,613,3179,2645,0.41090570141370203,0.5824708214049769,False,False
20160316_144241_641_721.jpg,211010,2183,3551,13656,0.7042805569881382,0.8264842946196211,False,False
20160316_144431_1281_1081.jpg,226807,587,375,2631,0.7322571667130532,0.8454370179948586,False,False
20160316_144431_1281_361.jpg,193006,3262,5763,28369,0.7586511205006151,0.8627647765460822,False,False
20160316_144431_1281_721.jpg,196715,1990,10079,21616,0.6417099599228143,0.7817580152257645,False,False
20160316_144431_1921_1.jpg,202772,1013,4027,22588,0.8175763717967279,0.899633582921778,False,False
20160316_144431_1921_1081.jpg,205993,2561,4285,17561,0.7195066988978571,0.836875714830347,False,False
20160316_144431_1921_361.jpg,226096,765,247,3292,0.7648698884758365,0.8667719852553976,False,False
20160316_144431_1_1.jpg,208966,1924,4384,15126,0.7057012223570029,0.8274617067833698,False,False
20160316_144431_1_1081.jpg,221118,258,3349,5675,0.6113984055160526,0.7588420137728153,False,False
20160316_144431_1_721.jpg,206875,2334,4112,17079,0.7259936238044633,0.8412471677667225,False,False
20160316_144431_641_1.jpg,228497,12,391,1500,0.7882291119285338,0.8815750808110491,False,False
20160316_144431_641_1081.jpg,204162,2058,5653,18527,0.7061132708285692,0.8277448899810119,False,False
20160316_144431_641_361.jpg,201258,2355,6816,19971,0.6852995676343422,0.8132673630199744,False,False
20160316_144431_641_721.jpg,226361,4,2249,1786,0.4421886605595444,0.6132188841201717,False,False
20160318_084343_1281_361.jpg,199698,2088,7934,20680,0.6735717542831086,0.8049511502082441,False,False
20160318_084343_1281_721.jpg,228223,395,527,1255,0.5764813964170877,0.7313519813519813,False,False
20160318_084343_1921_721.jpg,202651,1727,4838,21184,0.7634148978341562,0.8658369607422394,False,False
20160318_084343_1_1081.jpg,228103,399,1663,235,0.1023073574227253,0.18562401263823064,False,False
20160318_084343_1_721.jpg,195256,6373,10084,18687,0.5317266105167312,0.6942839627723802,False,False
20160318_084343_641_361.jpg,209246,2474,3352,15328,0.7245910938829536,0.8403048078504468,False,False
20160318_084343_641_721.jpg,216706,994,3094,9606,0.7014750985833211,0.8245493562231759,False,False
20160318_181712_1281_721.jpg,220073,927,2649,6751,0.6537232497337078,0.7906077995081391,False,False
20160318_181712_1921_721.jpg,220661,529,1512,7698,0.7904302289762809,0.8829500487469175,False,False
20160318_181712_1_721.jpg,218573,1356,3242,7229,0.6112285448549928,0.7587111670864819,False,False
20160318_181712_641_721.jpg,220019,374,3080,6927,0.6672767556112128,0.8004391033048301,False,False
20160321_183909_1281_361.jpg,218087,1114,5862,5337,0.4334443271339235,0.6047592067988669,False,False
20160321_183909_1281_721.jpg,223360,1682,975,4383,0.6225852272727272,0.767399107064694,False,False
20160321_183909_1921_721.jpg,212523,4549,4827,8501,0.47552721373832296,0.6445522784138297,False,False
20160321_183909_1_361.jpg,213420,0,15998,982,0.057832744405182566,0.10934194410422002,False,False
20160321_183909_1_721.jpg,216169,1484,5848,6899,0.48478673318811044,0.6530052058684335,False,False
20160321_183909_641_361.jpg,222339,35,5435,2591,0.32142414092544347,0.4864814119414195,False,False
20160321_183909_641_721.jpg,212346,4238,3022,10794,0.5978730475240944,0.7483361064891847,False,False
20160328_154334_1281_361.jpg,210399,8073,652,11276,0.5637718114094296,0.7210410205582377,False,False
20160328_154334_1281_721.jpg,206662,7599,1919,14220,0.5990395147021653,0.7492491701354128,False,False
20160328_154334_1921_361.jpg,203693,6349,6443,13915,0.5210244505185906,0.6850967456058293,False,False
20160328_154334_1921_721.jpg,199197,11053,1760,18390,0.5893664070762427,0.741636924565967,False,False
20160328_154334_1_1.jpg,221718,1743,948,5991,0.6900483759502419,0.8166019218973625,False,False
20160328_154334_1_361.jpg,209369,5178,2762,13091,0.6224620797869811,0.7673055506711213,False,False
20160328_154334_1_721.jpg,226543,1171,611,2075,0.5379828882551205,0.6995954146999326,False,False
20160328_154334_641_1.jpg,218765,4466,901,6268,0.5387193811774817,0.7002178405853767,False,False
20160328_154334_641_1081.jpg,226195,1025,1885,1295,0.3079667063020214,0.4709090909090909,False,False
20160328_154334_641_361.jpg,222100,2283,593,5424,0.6534939759036145,0.7904401049256776,False,False
20160328_154334_641_721.jpg,213061,5624,1789,9926,0.5724666935809447,0.7281129653401797,False,False
20160328_154339_1281_1081.jpg,228624,627,28,1121,0.6311936936936937,0.7739040386606835,False,False
20160328_154339_1281_361.jpg,211028,4827,1193,13352,0.689242205244683,0.8160371592714827,False,False
20160328_154339_1281_721.jpg,213915,6003,785,9697,0.5882317258113436,0.740737911542281,False,False
20160328_154339_1921_1081.jpg,212472,6213,1115,10600,0.5912539045069165,0.7431295569265284,False,False
20160328_154339_1921_361.jpg,206402,6579,2796,14623,0.609342445203767,0.7572564149038088,False,False
20160328_154339_1921_721.jpg,228900,411,41,1048,0.6986666666666667,0.8226059654631083,False,False
20160328_154339_1_361.jpg,187469,10111,5169,27651,0.644080035405651,0.7835142104219206,False,False
20160328_154339_1_721.jpg,223693,1263,802,4642,0.6921127180557627,0.8180456427879108,False,False
20160328_154339_641_361.jpg,200633,5066,3328,21373,0.7180098767091074,0.8358623386781384,False,False
20160328_154352_1281_1081.jpg,217737,3273,3106,6284,0.4962489141593619,0.6633240090779543,False,False
20160328_154352_1281_361.jpg,204004,5711,5283,15402,0.5834974996211547,0.7369730609120053,False,False
20160328_154352_1281_721.jpg,205013,2116,6454,16817,0.6624256509237011,0.7969386787982182,False,False
20160328_154352_1921_361.jpg,189819,6856,4602,29123,0.7176511175180503,0.8356191897165155,False,False
20160328_154352_1_1.jpg,204240,3697,5362,17101,0.6537079510703364,0.7905966112664987,False,False
20160328_154352_1_361.jpg,221318,1065,2579,5438,0.5987667914556265,0.7490358126721763,False,False
20160328_154352_641_1.jpg,223660,2943,709,3088,0.458160237388724,0.6284086284086284,False,False
20160328_154352_641_361.jpg,203435,3572,5006,18387,0.6818839236046728,0.810857294055389,False,False
20160328_154356_1281_361.jpg,218583,1379,2015,8423,0.7127866632817128,0.8323122529644269,False,False
20160328_154356_1281_721.jpg,192163,11583,1444,25210,0.6593090462117844,0.7946790234368843,False,False
20160328_154356_1921_721.jpg,180084,13975,6315,30026,0.5967485491692504,0.7474546314505489,False,False
20160328_154356_1_1081.jpg,204099,4649,4934,16718,0.6356412303714688,0.777237964620284,False,False
20160328_154356_641_1.jpg,196949,5330,6215,21906,0.6548683148485845,0.7914446230828983,False,False
20160328_154356_641_1081.jpg,218133,690,3428,8149,0.6643026004728132,0.7982954545454546,False,False
20160328_154356_641_361.jpg,213976,3730,1344,11350,0.6910618606916707,0.8173111543169871,False,False
20160328_154356_641_721.jpg,209115,1417,5076,14792,0.694949494949495,0.8200238379022646,False,False
20160328_154429_1281_361.jpg,202509,3094,6314,18483,0.6626868882435194,0.797127700866865,False,False
20160328_154429_1281_721.jpg,201625,3302,4614,20859,0.7249000868809731,0.8405125518797598,False,False
20160328_154429_1921_721.jpg,183554,16545,8331,21970,0.46898347777825217,0.6385142990002325,False,False
20160328_154429_1_1.jpg,201015,5395,2914,21076,0.7172366853836991,0.8353381819623076,False,False
20160328_154429_641_1.jpg,227157,662,1051,1530,0.47178538390379277,0.6411062225015713,False,False
20160328_154429_641_361.jpg,195646,4264,8337,22153,0.637423030442539,0.7785685416556838,False,False
20160328_154429_641_721.jpg,217366,1215,2763,9056,0.6947982200398957,0.8199185151652332,False,False
20160328_154452_1281_721.jpg,190643,169,10004,29584,0.7441205322333174,0.8532902611730434,False,False
20160328_154452_1921_361.jpg,222738,111,3277,4274,0.5578178021404333,0.7161528150134048,False,False
20160328_154452_1921_721.jpg,196333,1081,7497,25489,0.7482020723867673,0.8559674927799046,False,False
20160328_154452_1_361.jpg,195051,2288,4995,28066,0.7939687119861948,0.8851533548844911,False,False
20160328_154452_641_361.jpg,228112,146,744,1398,0.611013986013986,0.7585458491589799,False,False
20160328_154452_641_721.jpg,186745,283,10607,32765,0.7505440384835643,0.8574980371630463,False,False
20160328_154454_1281_361.jpg,180818,855,10003,38724,0.7810092372231858,0.8770411976536135,False,False
20160328_154454_1921_361.jpg,209394,436,3845,16725,0.7962010854041702,0.8865389202512522,False,False
20160328_154454_1921_721.jpg,197104,3045,3834,26417,0.7933986064392119,0.8847989550014235,False,False
20160328_154454_1_361.jpg,203596,2477,7313,17014,0.6347560065661841,0.776575836414259,False,False
20160328_154454_1_721.jpg,228227,63,928,1182,0.543948458352508,0.7046199701937407,False,False
20160328_154454_641_361.jpg,191059,981,11074,27286,0.6935766757326962,0.8190673450703169,False,False
20160328_154535_1281_721.jpg,204680,2822,5732,17166,0.6674183514774494,0.800540969080819,False,False
20160328_154535_1921_361.jpg,216281,974,6302,6843,0.48466605283660313,0.6528957160576281,False,False
20160328_154535_1921_721.jpg,211720,1350,6039,11291,0.6044432548179871,0.7534616796236362,False,False
20160328_154535_1_361.jpg,186829,4164,5163,34244,0.7859355993665511,0.8801387907215833,False,False
20160328_154535_641_361.jpg,214494,1840,7617,6449,0.4054444863573494,0.5769626481771416,False,False
20160328_154535_641_721.jpg,217426,520,2610,9844,0.7587482657622938,0.8628275922517311,False,False
20160328_154540_1281_361.jpg,205315,3102,1234,20749,0.8271476978273868,0.9053977396692412,False,False
20160328_154540_1281_721.jpg,211658,3797,3115,11830,0.6312026464624907,0.7739107680230276,False,False
20160328_154540_1921_1081.jpg,228634,0,1766,0,0.0,0.0,True,True
20160328_154540_1921_721.jpg,203075,4522,3344,19459,0.712131747483989,0.8318655950752394,False,False
20160328_154540_1_361.jpg,186397,5691,6782,31530,0.716542053950867,0.8348668793772258,False,False
20160328_154540_641_361.jpg,185766,7074,2581,34979,0.7836850831204911,0.878725836232776,False,False
20160329_093920_1281_361.jpg,201495,6750,2862,19293,0.6674623767514271,0.8005726378687912,False,False
20160329_093920_1281_721.jpg,228118,119,1719,444,0.19456617002629273,0.32575201760821715,False,False
20160329_093920_1921_361.jpg,198849,8759,1711,21081,0.6681563183417324,0.8010715914272686,False,False
20160329_093920_1_361.jpg,201291,4885,9011,15213,0.5226218695248892,0.686476242046839,False,False
20160329_093920_1_721.jpg,209784,1440,12108,7068,0.3428405122235157,0.5106198526224534,False,False
20160329_093920_641_361.jpg,201877,7447,4321,16755,0.5874206780492935,0.740094527143425,False,False
20160329_093920_641_721.jpg,221807,1660,2348,4585,0.5335738391714187,0.6958567309151616,False,False
20160329_093924_1281_361.jpg,202048,5398,7351,15603,0.550331546275395,0.7099533613923331,False,False
20160329_093924_1281_721.jpg,208357,2520,8130,11393,0.5168534228553282,0.6814810384017227,False,False
20160329_093924_1921_361.jpg,186786,6097,9189,28328,0.6495162103911588,0.7875232826443523,False,False
20160329_093924_1921_721.jpg,221762,526,1882,6230,0.7212317666126418,0.8380414312617702,False,False
20160329_093924_1_361.jpg,205303,5264,3198,16635,0.6628282264812527,0.7972299434486725,False,False
20160329_093924_641_1.jpg,225285,1082,440,3593,0.7024437927663734,0.8252181901699587,False,False
20160329_093924_641_361.jpg,199791,7614,4690,18305,0.5980267241660949,0.7484564746289406,False,False
20160329_094003_1281_361.jpg,205863,3066,1949,19522,0.795614785833639,0.8861753557729408,False,False
20160329_094003_1921_361.jpg,204509,7513,2659,15719,0.6071221660036306,0.7555395337659216,False,False
20160329_094003_1_721.jpg,200043,3712,3994,22651,0.7461540995487037,0.8546257168729249,False,False
20160329_094003_641_361.jpg,215657,4535,2299,7909,0.5364579800583328,0.6983047854494084,False,False
20160329_094003_641_721.jpg,221598,1481,419,6902,0.784139968189048,0.8790117167600612,False,False
20160329_094006_1281_1.jpg,222880,1145,1709,4666,0.6204787234042554,0.7657968160183818,False,False
20160329_094006_1281_1081.jpg,226219,292,1165,2724,0.6515187754125807,0.7889934829833454,False,False
20160329_094006_1281_361.jpg,197777,8030,4348,20245,0.6205744413450633,0.7658697132480896,False,False
20160329_094006_1281_721.jpg,214337,2299,3068,10696,0.6658781049617133,0.7994319668149034,False,False
20160329_094006_1921_361.jpg,200567,5510,4766,19557,0.6555492240136761,0.7919416886009314,False,False
20160329_094006_1_721.jpg,213075,3781,2959,10585,0.6109668109668109,0.7585094948047295,False,False
20160329_094006_641_1081.jpg,225670,969,773,2988,0.6317124735729387,0.774293858512568,False,False
20160329_094006_641_361.jpg,209514,2596,4047,14243,0.6819400555395959,0.8108969797033789,False,False
20160329_094006_641_721.jpg,225989,563,1480,2368,0.5368397188846067,0.6986281162413336,False,False
20160329_094010_1281_361.jpg,209079,5630,815,14876,0.6977158669856011,0.8219465701577479,False,False
20160329_094010_1921_361.jpg,207454,6117,980,15849,0.6907086202388216,0.8170640546462173,False,False
20160329_094010_1_361.jpg,202896,8880,349,18275,0.6644488074461896,0.7984010135651718,False,False
20160329_094010_641_361.jpg,214482,7217,231,8470,0.5321020228671943,0.6946039035591275,False,False
20160329_094010_641_721.jpg,218103,3195,85,9017,0.7332682768154835,0.8461105376747677,False,False
20160329_094016_1281_361.jpg,187817,5090,4121,33372,0.7836930230373623,0.8787308274636297,False,False
20160329_094016_1281_721.jpg,228797,0,714,889,0.5545851528384279,0.7134831460674157,False,False
20160329_094016_1921_361.jpg,189790,6634,4746,29230,0.7197734548140852,0.8370561282932417,False,False
20160329_094016_1921_721.jpg,223229,3194,566,3411,0.4756658764467996,0.6446796446796447,False,False
20160329_094016_1_361.jpg,189057,5444,5412,30487,0.7374162494255376,0.8488653765836002,False,False
20160329_094016_641_361.jpg,181796,9502,2347,36755,0.7562134803719859,0.8611862838130718,False,False
20160329_094025_1281_361.jpg,196024,6812,971,26593,0.7735920409588085,0.8723449621939018,False,False
20160329_094025_1281_721.jpg,227160,1674,51,1515,0.4675925925925926,0.637223974763407,False,False
20160329_094025_1921_361.jpg,217200,3846,535,8819,0.6681060606060606,0.8010354693673646,False,False
20160329_094025_1921_721.jpg,213987,4481,1013,10919,0.6652653384512277,0.7989901946436412,False,False
20160329_094025_1_1081.jpg,222891,445,1813,5251,0.699294180316953,0.8230407523510972,False,False
20160329_094025_1_361.jpg,209280,4499,7027,9594,0.45426136363636366,0.6247313928501661,False,False
20160329_094025_1_721.jpg,205773,942,7397,16288,0.6613879075811102,0.7961872174019309,False,False
20160329_094025_641_361.jpg,191468,12870,2608,23454,0.6024350148977705,0.7518994646234732,False,False
20160329_094025_641_721.jpg,226357,370,1156,2517,0.6225575068018798,0.7673780487804878,False,False
20160329_094055_1281_1.jpg,225066,1720,1226,2388,0.44769403824521936,0.6184926184926185,False,False
20160329_094055_1281_361.jpg,208897,5158,2568,13777,0.640701297493373,0.7810090702947846,False,False
20160329_094055_1921_1.jpg,226273,1325,733,2069,0.5013326871819723,0.6678502259522272,False,False
20160329_094055_1921_361.jpg,214806,4217,995,10382,0.66576888546877,0.7993532491530644,False,False
20160329_094055_1_361.jpg,210856,3967,3888,11689,0.5980863692181744,0.7485031857330388,False,False
20160329_094055_1_721.jpg,221127,1358,2468,5447,0.5874042920306265,0.7400815217391304,False,False
20160329_094055_641_361.jpg,207641,5701,1747,15311,0.672744848191924,0.8043603887575519,False,False
20160329_094452_1281_1.jpg,183792,4513,9308,32787,0.7034629248197735,0.8259210277725297,False,False
20160329_094452_1281_1081.jpg,226715,236,1631,1818,0.4933514246947083,0.6607305106305651,False,False
20160329_094452_1281_361.jpg,192742,739,10291,26628,0.707100748844867,0.8284229847867343,False,False
20160329_094452_1281_721.jpg,197207,5677,3530,23986,0.7226222396288374,0.8389793455639308,False,False
20160329_094452_1921_1.jpg,219983,503,975,8939,0.8581165402707114,0.9236412481917752,False,False
20160329_094452_1921_1081.jpg,192032,4314,7930,26124,0.6808798999165971,0.8101469949761211,False,False
20160329_094452_1921_721.jpg,212135,660,4425,13180,0.7215986860114973,0.838289076164732,False,False
20160329_094452_1_1081.jpg,211921,3986,3442,11051,0.5980301964392013,0.7484591940399593,False,False
20160329_094452_1_721.jpg,221451,738,1558,6653,0.7434350206727008,0.8528393795667222,False,False
20160329_094452_641_361.jpg,213390,5000,5241,6769,0.3979423868312757,0.5693258757727406,False,False
20160329_094452_641_721.jpg,197328,5199,3623,24250,0.7332486695694242,0.8460974843864485,False,False
20160329_094459_1281_1.jpg,206947,546,7847,15060,0.6421353344987848,0.782073585542544,False,False
20160329_094459_1281_361.jpg,192953,4295,9173,23979,0.640345020962961,0.7807443102269397,False,False
20160329_094459_1281_721.jpg,214341,756,3769,11534,0.7182265396350956,0.83600913275106,False,False
20160329_094459_1921_361.jpg,203265,6079,4196,16860,0.6213377556661138,0.7664507330378452,False,False
20160329_094459_1_1081.jpg,188063,619,9938,31780,0.7506436450386187,0.8575630422170353,False,False
20160329_094459_1_721.jpg,215017,1571,2195,11617,0.7551842943509068,0.8605185185185186,False,False
20160329_094459_641_1081.jpg,228361,216,490,1333,0.6537518391368318,0.7906287069988137,False,False
20160329_094459_641_361.jpg,219774,2820,4463,3343,0.31460568417090157,0.4786312549216121,False,False
20160329_094459_641_721.jpg,180514,8051,6679,35156,0.7047267770516779,0.8267914677453494,False,False
20160329_094507_1281_361.jpg,218937,2829,1204,7430,0.6481723807031318,0.7865346953898269,False,False
20160329_094507_1281_721.jpg,208286,5835,2042,14237,0.6438003074975129,0.78330719925174,False,False
20160329_094507_1921_361.jpg,223017,2087,178,5118,0.6932141405932548,0.8188144948404128,False,False
20160329_094507_1921_721.jpg,210079,6665,1129,12527,0.6164558830766202,0.7627252800779347,False,False
20160329_094507_1_361.jpg,193426,14321,1204,21449,0.580110347811976,0.7342656145696045,False,False
20160329_094507_641_361.jpg,219773,7978,325,2324,0.21868824691822716,0.3588912053123311,False,False
20160329_094507_641_721.jpg,190982,17857,522,21039,0.5337409305393475,0.6959988090709099,False,False
20160329_094512_1281_1.jpg,227794,865,6,1735,0.6657712970069072,0.7993549873301082,False,False
20160329_094512_1281_1081.jpg,212505,4026,2176,11693,0.6534227437831797,0.790387995133162,False,False
20160329_094512_1281_361.jpg,225493,1646,333,2928,0.5966985938455268,0.7474154435226548,False,False
20160329_094512_1281_721.jpg,188594,11738,3176,26892,0.6432569487633354,0.7829048880607878,False,False
20160329_094512_1921_721.jpg,199933,5614,1703,23150,0.7598385138018183,0.8635320887032099,False,False
20160329_094512_1_1.jpg,229224,172,187,817,0.6947278911564626,0.8198695434019067,False,False
20160329_094512_641_1.jpg,184345,7222,6231,32602,0.7078927369449571,0.8289662712790978,False,False
20160329_094512_641_361.jpg,200961,11738,1129,16572,0.5629267298481606,0.7203494816456935,False,False
20160329_094512_641_721.jpg,203506,3253,1955,21686,0.8063508589276418,0.8927953890489914,False,False
20160329_094527_1281_361.jpg,194131,17051,2613,16605,0.45782899997242826,0.6280969852857737,False,False
20160329_094527_1281_721.jpg,228358,101,1890,51,0.02497551420176298,0.048733874820831344,False,False
20160329_094527_1921_361.jpg,212856,8529,1819,7196,0.4101687186502508,0.5817299919159257,False,False
20160329_094527_1921_721.jpg,221710,2125,2911,3654,0.4204833141542002,0.5920285158781594,False,False
20160329_094527_1_361.jpg,226477,687,200,3036,0.7738975274024981,0.8725391579249893,False,False
20160329_094527_1_721.jpg,201549,7975,1165,19711,0.6831998890853004,0.8117869939458836,False,False
20160329_094527_641_721.jpg,203779,18276,399,7946,0.29848615754479546,0.45974484334770155,False,False
20160329_094632_1281_361.jpg,223105,2313,499,4483,0.6145305003427005,0.761249787739854,False,False
20160329_094632_1281_721.jpg,214356,4069,1685,10290,0.6413612565445026,0.7814992025518341,False,False
20160329_094632_1921_361.jpg,202231,11804,2716,13649,0.4845397422698711,0.6527810990482568,False,False
20160329_094632_1_361.jpg,210071,4362,2152,13815,0.6795710561267155,0.8092197750702905,False,False
20160329_094632_641_361.jpg,219992,4362,477,5569,0.5350691775557264,0.6971271202353383,False,False
20160329_094632_641_721.jpg,222235,2458,794,4913,0.6017146356399266,0.7513381250955804,False,False
20160329_101342_1281_361.jpg,222738,6163,72,1427,0.1862438005742626,0.314005941247662,False,False
20160329_101342_1281_721.jpg,209758,7480,369,12793,0.6197558376126344,0.7652459997009122,False,False
20160329_101342_1921_361.jpg,211242,4185,3710,11263,0.5879006159306817,0.7404753295420926,False,False
20160329_101342_1_361.jpg,207417,5079,1887,16017,0.6969064090849758,0.8213846153846154,False,False
20160329_101342_641_361.jpg,218280,5566,923,5631,0.46460396039603963,0.634443129964509,False,False
20160329_101342_641_721.jpg,224838,726,525,4311,0.7750809061488673,0.8732907930720146,False,False
20160329_101347_1281_721.jpg,211506,5313,783,12798,0.6773578913940934,0.8076486179477471,False,False
20160329_101347_1921_721.jpg,206339,5144,2513,16404,0.6817671750966294,0.8107747436055851,False,False
20160329_101347_1_361.jpg,207308,6497,807,15788,0.6836999826779837,0.8121399176954732,False,False
20160329_101347_641_361.jpg,204507,8703,906,16284,0.6288958405746727,0.7721744078526211,False,False
20160329_101503_1281_361.jpg,214066,5315,1093,9926,0.6076894820619566,0.755978674790556,False,False
20160329_101503_1281_721.jpg,218635,2165,1384,8216,0.6983425414364641,0.8223812621990891,False,False
20160329_101503_1921_1.jpg,217735,3154,2184,7327,0.5785234899328859,0.7329931972789115,False,False
20160329_101503_1921_361.jpg,210831,5833,1114,12622,0.6449997444938423,0.7841943400329284,False,False
20160329_101503_1_361.jpg,221620,7270,93,1417,0.16138952164009113,0.27792487986662745,False,False
20160329_101503_1_721.jpg,201301,9617,1429,18053,0.6203993264373346,0.7657363420427553,False,False
20160329_101503_641_721.jpg,190790,15023,2553,22034,0.5562736682655895,0.7148789825449354,False,False
20160329_101507_1281_361.jpg,199470,4096,3839,22995,0.7434529582929195,0.8528511821974966,False,False
20160329_101507_1921_361.jpg,214460,6587,1287,8066,0.5060225846925972,0.6719986669999167,False,False
20160329_101507_1921_721.jpg,216657,9553,567,3623,0.2636251182420141,0.4172521018081308,False,False
20160329_101507_1_1.jpg,223012,3640,490,3258,0.44098538170005414,0.6120608679316175,False,False
20160329_101507_1_361.jpg,208320,10958,818,10304,0.4666666666666667,0.6363636363636364,False,False
20160329_101507_641_1.jpg,213602,7498,733,8567,0.5100011906179307,0.675497733096787,False,False
20160329_101507_641_361.jpg,217610,5228,303,7259,0.5675527756059422,0.7241258915656641,False,False
20160329_101511_1281_361.jpg,223607,3867,252,2674,0.39364051229206537,0.5649096862786521,False,False
20160329_101511_1281_721.jpg,197791,8616,4271,19722,0.6048023551780184,0.7537406126387801,False,False
20160329_101511_1921_1.jpg,215113,5708,3096,6483,0.424085824556813,0.595590261828204,False,False
20160329_101511_1921_361.jpg,219704,9525,468,703,0.06572550486163052,0.12334415299587684,False,False
20160329_101511_1921_721.jpg,217027,10132,418,2823,0.21109698646526584,0.34860459372684616,False,False
20160329_101511_1_721.jpg,204565,6516,886,18433,0.7134894522934004,0.8327911809885244,False,False
20160329_101511_641_721.jpg,198725,4809,3360,23506,0.7420994475138122,0.8519599137384245,False,False
20160329_101514_1281_361.jpg,206594,6947,752,16107,0.6765941359321179,0.80710545436324,False,False
20160329_101514_1281_721.jpg,225454,2033,455,2458,0.4969672462596037,0.6639654240950837,False,False
20160329_101514_1921_721.jpg,196083,9334,982,24001,0.6993909724043477,0.8231077883329332,False,False
20160329_101514_1_361.jpg,201957,5317,3290,19836,0.6973947895791583,0.8217237308146399,False,False
20160329_101514_641_361.jpg,218010,5545,528,6317,0.5098466505246166,0.6753621638958679,False,False
20160329_101514_641_721.jpg,214222,3029,208,12941,0.7999134627271604,0.8888354682509702,False,False
20160329_101520_1281_361.jpg,202401,3843,1515,22641,0.8086360227150969,0.8941943127962085,False,False
20160329_101520_1921_361.jpg,198949,7053,2908,21490,0.6832851101713777,0.8118471506016132,False,False
20160329_101520_1_361.jpg,223715,1618,244,4823,0.7214659685863875,0.8381995133819952,False,False
20160329_101520_1_721.jpg,210133,7378,2262,10627,0.5243499284551241,0.6879653007056387,False,False
20160329_101520_641_361.jpg,210903,8201,1143,10153,0.5207467815561369,0.6848566610455312,False,False
20160329_101520_641_721.jpg,208284,10511,2332,9273,0.41928920238741185,0.5908439262161904,False,False
20160329_101524_1281_361.jpg,204836,9819,1500,14245,0.5572289156626506,0.7156673114119922,False,False
20160329_101524_1281_721.jpg,224787,3527,30,2056,0.36629253518617494,0.5361846394575563,False,False
20160329_101524_1921_361.jpg,197554,8280,2836,21730,0.6615721853498143,0.7963207270595133,False,False
20160329_101524_1_361.jpg,219301,4091,160,6848,0.6169925218488153,0.763135900150443,False,False
20160329_101524_1_721.jpg,209697,9876,424,10403,0.5024875621890548,0.6688741721854304,False,False
20160329_101524_641_361.jpg,215600,3202,498,11100,0.75,0.8571428571428571,False,False
20160329_101524_641_721.jpg,214902,3846,1019,10633,0.6860885275519422,0.8138226627377444,False,False
20160329_103530_1281_361.jpg,201459,9294,3326,16321,0.5639404305310804,0.7211789138791923,False,False
20160329_103530_1281_721.jpg,229168,0,1232,0,0.0,0.0,True,True
20160329_103530_1921_1.jpg,209936,5890,1700,12874,0.6291047693510555,0.7723318735377047,False,False
20160329_103530_1921_721.jpg,193829,15469,3623,17479,0.4779470071914905,0.6467715078630897,False,False
20160329_103530_1_361.jpg,219066,9423,361,1550,0.1367566613728604,0.24060850667494568,False,False
20160329_103530_1_721.jpg,219703,4292,836,5569,0.520613256053099,0.6847411779171277,False,False
20160329_103530_641_361.jpg,202896,19996,168,7340,0.26687027341477604,0.4213063942142119,False,False
20160329_103609_1281_361.jpg,221820,3084,848,4648,0.5417249417249417,0.7027517387360145,False,False
20160329_103609_1281_721.jpg,209346,7983,922,12149,0.577039992400494,0.7318013432521158,False,False
20160329_103609_1921_1081.jpg,226654,888,232,2626,0.7010144153764015,0.8242310106716887,False,False
20160329_103609_1921_721.jpg,186877,24492,3193,15838,0.36389954736576063,0.5336163474335001,False,False
20160329_103609_1_721.jpg,196030,13134,1160,20076,0.5841140529531568,0.737464643867318,False,False
20160329_103609_641_361.jpg,222142,1709,1125,5424,0.6568176313877452,0.7928665399795352,False,False
20160329_103609_641_721.jpg,211544,4332,1138,13386,0.7099066610097582,0.8303455120650084,False,False
20160329_103626_1281_721.jpg,188330,19540,2538,19992,0.4752079866888519,0.644258966839612,False,False
20160329_103626_1921_721.jpg,190866,11065,2632,25837,0.6535387261597612,0.7904728396383718,False,False
20160329_103626_1_1.jpg,228183,1212,587,418,0.18854307622913846,0.3172675521821632,False,False
20160329_103626_1_361.jpg,201778,11966,1402,15254,0.5329466843686674,0.6953231835171848,False,False
20160329_103626_641_361.jpg,215046,11611,1110,2633,0.17148625765272893,0.29276699838772446,False,False
20160329_103626_641_721.jpg,209168,9547,968,10717,0.5047569706103994,0.6708817177376444,False,False
20160329_103800_1281_361.jpg,222626,3964,1016,2794,0.35940313866735274,0.5287660862982589,False,False
20160329_103800_1281_721.jpg,202682,19831,126,7761,0.2799985568944368,0.43749823839454327,False,False
20160329_103800_1921_361.jpg,196095,11803,601,21901,0.6384200553855123,0.7793118172437107,False,False
20160329_103800_1_721.jpg,199753,16509,1560,12578,0.41041537507749537,0.581978021978022,False,False
20160329_103800_641_361.jpg,221087,2366,2968,3979,0.42725222806829166,0.5987059885645502,False,False
20160329_103800_641_721.jpg,201822,11141,3382,14055,0.4918118832668486,0.659348392090634,False,False
20160329_103807_1281_721.jpg,202984,8225,2354,16837,0.6141304347826086,0.7609427609427609,False,False
20160329_103807_1921_721.jpg,206658,3134,4220,16388,0.6902535590935894,0.8167455768751557,False,False
20160329_103807_1_361.jpg,210908,9149,1885,8458,0.43392160886517545,0.6052236135957066,False,False
20160329_103807_1_721.jpg,212698,2990,1297,13415,0.7578239746921251,0.8622296493877945,False,False
20160329_103807_641_721.jpg,196534,11966,1981,19919,0.5881710269887203,0.7406897833968579,False,False
20160329_104024_1281_1.jpg,227415,430,765,1790,0.5996649916247906,0.749738219895288,False,False
20160329_104024_1281_361.jpg,203991,6992,2184,17233,0.652542693778636,0.789743824755969,False,False
20160329_104024_1281_721.jpg,214772,7563,1241,6824,0.43665216278474533,0.6078745768751114,False,False
20160329_104024_1921_1.jpg,192807,7481,4163,25949,0.6902614848509031,0.8167511252399987,False,False
20160329_104024_1921_361.jpg,225928,1595,428,2449,0.5476296958855098,0.7077011992486635,False,False
20160329_104024_1_1.jpg,198738,7726,2080,21856,0.6902912008085402,0.8167719272020628,False,False
20160329_104024_1_1081.jpg,227132,1896,332,1040,0.3182374541003672,0.4828226555246054,False,False
20160329_104024_1_361.jpg,227947,61,733,1659,0.6763147166734611,0.8069066147859922,False,False
20160329_104024_1_721.jpg,219298,6951,780,3371,0.3036389839668528,0.46583293028397704,False,False
20160329_104024_641_361.jpg,203947,9895,701,15857,0.5994405171436132,0.749562751122666,False,False
20160329_104024_641_721.jpg,213122,9973,717,6588,0.38129413126519274,0.552082460403922,False,False
20160329_104031_1281_361.jpg,209838,7535,1447,11580,0.5631747884447038,0.7205525480679484,False,False
20160329_104031_1281_721.jpg,215891,4844,316,9349,0.6443586739265283,0.7837203453768128,False,False
20160329_104031_1921_361.jpg,199103,10885,3182,17230,0.5505319998721923,0.7101201393038927,False,False
20160329_104031_1921_721.jpg,229325,0,1026,49,0.045581395348837206,0.08718861209964412,False,False
20160329_104031_1_1081.jpg,220719,3090,1368,5223,0.5395103811589712,0.7008856682769726,False,False
20160329_104031_641_1.jpg,203362,6022,2911,18105,0.6696131370663511,0.8021177148173582,False,False
20160329_104031_641_1081.jpg,197056,1758,5095,26491,0.7944757677543186,0.8854683713545584,False,False
20160329_104031_641_361.jpg,196194,2684,2546,28976,0.8471028474536632,0.9172232597891805,False,False
20160329_104031_641_721.jpg,197461,2506,4531,25902,0.7863626703907223,0.8804065192637787,False,False
20160329_104035_1281_1081.jpg,207916,6835,2757,12892,0.5733855185909981,0.7288557213930348,False,False
20160329_104035_1281_361.jpg,225606,3081,0,1713,0.3573216520650814,0.5265099124020286,False,False
20160329_104035_1281_721.jpg,172891,12727,3685,41097,0.7146185814394269,0.8335598239458045,False,False
20160329_104035_1921_361.jpg,199217,13168,270,17745,0.5690600647788859,0.7253515369522564,False,False
20160329_104035_1921_721.jpg,217568,6911,227,5694,0.4437344139650873,0.6147036597214726,False,False
20160329_104035_1_1.jpg,179817,8575,1139,40869,0.8079591957772374,0.8937803437869046,False,False
20160329_104035_641_1.jpg,225568,493,344,3995,0.8267798013245033,0.9051772969298743,False,False
20160329_104035_641_361.jpg,175188,11101,4869,39242,0.7107512859523292,0.830922988968175,False,False
20160329_104035_641_721.jpg,218012,2527,117,9744,0.7865676461091379,0.8805349719862642,False,False
20160329_104038_1281_361.jpg,180535,8435,4427,37003,0.7420635716434373,0.8519362711240043,False,False
20160329_104038_1921_361.jpg,185288,7729,3407,33976,0.7531477212271679,0.8591948209589318,False,False
20160329_104038_1_361.jpg,188750,8265,3125,30260,0.726530612244898,0.8416075650118203,False,False
20160329_104038_641_361.jpg,189053,15499,898,24950,0.6034295112100031,0.7526735749732265,False,False
20160329_104100_1281_361.jpg,203216,3614,1305,22265,0.819047969393761,0.9005237719670772,False,False
20160329_104100_1281_721.jpg,217367,2190,418,10425,0.7998925803728996,0.8888225765197374,False,False
20160329_104100_1921_361.jpg,208929,3037,1175,17259,0.8038284197289367,0.8912470952749806,False,False
20160329_104100_1921_721.jpg,207332,7487,1050,14531,0.6299202358245188,0.7729460889917285,False,False
20160329_104100_1_721.jpg,193724,4281,2395,30000,0.8179736067182899,0.8998740176375307,False,False
20160329_104100_641_361.jpg,179409,8601,1141,41249,0.8089466768645447,0.8943842150910668,False,False
20160329_104100_641_721.jpg,225665,971,188,3576,0.7552270327349525,0.8605462639874865,False,False
20160329_104107_1281_1.jpg,214158,4081,2692,9469,0.5829947050855806,0.7365718952977325,False,False
20160329_104107_1281_721.jpg,212499,3515,2384,12002,0.6704653371320038,0.8027288231949972,False,False
20160329_104107_1921_1.jpg,222755,3898,884,2863,0.3744931327665141,0.5449181575942139,False,False
20160329_104107_1921_361.jpg,219672,858,3608,6262,0.5837061894108874,0.7371394938198941,False,False
20160329_104107_1921_721.jpg,208210,3843,5016,13331,0.600766110860748,0.750598237662228,False,False
20160329_104107_1_1.jpg,205557,774,10653,13416,0.5400313971742543,0.7013251783893986,False,False
20160329_104107_1_1081.jpg,218310,1894,2523,7673,0.634656741108354,0.7765015432879624,False,False
20160329_104107_1_361.jpg,220918,443,3337,5702,0.6013499261759122,0.7510537407797682,False,False
20160329_104107_1_721.jpg,208337,3318,5025,13720,0.6218555953406155,0.7668445910069027,False,False
20160329_104107_641_1.jpg,213722,2264,4208,10206,0.6119438781628492,0.7592620145811635,False,False
20160329_104107_641_721.jpg,215805,4018,2065,8512,0.5832134292565947,0.7367464404725841,False,False
20160329_104111_1281_1081.jpg,210762,2841,2346,14451,0.7358692331194623,0.8478394790108246,False,False
20160329_104111_1281_361.jpg,217879,2203,2114,8204,0.6552192316907596,0.7917008443908323,False,False
20160329_104111_1281_721.jpg,198385,7332,2434,22249,0.6949554896142434,0.8200280112044818,False,False
20160329_104111_1921_721.jpg,208380,3343,1997,16680,0.7574931880108992,0.862015503875969,False,False
20160329_104111_1_361.jpg,210588,5287,2512,12013,0.6063496870583485,0.7549410840534171,False,False
20160329_104111_641_1.jpg,218018,1728,1108,9546,0.7709578420287514,0.8706676395476104,False,False
20160329_104111_641_361.jpg,197864,6823,3968,21745,0.668336611753135,0.8012011569425765,False,False
20160329_104111_641_721.jpg,224768,952,595,4085,0.7253196022727273,0.8407944838942061,False,False
20160329_104117_1281_361.jpg,206943,4440,3351,15666,0.6678603401969562,0.8008588298443371,False,False
20160329_104117_1921_361.jpg,207792,6142,2416,14050,0.6214614295824487,0.7665448196846527,False,False
20160329_104117_1_1.jpg,221886,2423,474,5617,0.6597369039229505,0.7949897388719835,False,False
20160329_104117_1_1081.jpg,221509,1308,2173,5410,0.6084804858846025,0.7565904482204042,False,False
20160329_104117_1_361.jpg,225017,2189,378,2816,0.5231283670815531,0.6869130381753873,False,False
20160329_104117_1_721.jpg,215152,3235,2430,9583,0.6284758656873033,0.7718577584471024,False,False
20160329_104117_641_1.jpg,224558,953,553,4336,0.7422115713796645,0.8520337983886814,False,False
20160329_104117_641_361.jpg,213492,4357,1019,11532,0.6820440028388929,0.810970464135021,False,False
20160329_104117_641_721.jpg,214224,2766,1323,12087,0.7472181008902077,0.8553232140961682,False,False
20160329_104120_1281_361.jpg,209224,5389,4236,11551,0.5454760105780129,0.705900326947169,False,False
20160329_104120_1281_721.jpg,224005,471,2023,3901,0.6100078186082877,0.7577700077700078,False,False
20160329_104120_1921_1.jpg,218911,1796,2614,7079,0.6161545826442685,0.7624946143903489,False,False
20160329_104120_1921_1081.jpg,219555,9805,131,909,0.08381742738589211,0.1546707503828484,False,False
20160329_104120_1921_361.jpg,219092,1523,1416,8369,0.7400955076052352,0.8506378004777151,False,False
20160329_104120_1921_721.jpg,221316,4824,521,3739,0.4116028181417878,0.5831708648522187,False,False
20160329_104120_1_361.jpg,217527,2885,2139,7849,0.6097257826458479,0.757552359810829,False,False
20160329_104120_1_721.jpg,213586,2551,4159,10104,0.600927798263352,0.7507244223196374,False,False
20160329_104120_641_361.jpg,228054,86,433,1827,0.7787723785166241,0.875629043853343,False,False
20160329_104120_641_721.jpg,213315,3155,2033,11897,0.6963418203102136,0.8209923400731488,False,False
20160329_104133_1281_361.jpg,208858,4583,5098,11861,0.5505988301921827,0.7101757327186181,False,False
20160329_104133_1281_721.jpg,219139,2024,1471,7766,0.6896367995737501,0.8163136595364482,False,False
20160329_104133_1921_721.jpg,204114,6878,575,18833,0.7164650384234954,0.8348146013874421,False,False
20160329_104133_1_721.jpg,206335,5992,400,17673,0.734386037814253,0.8468541856341942,False,False
20160329_104133_641_361.jpg,205185,5444,5534,14237,0.5646242316081698,0.7217378079691777,False,False
20160329_104133_641_721.jpg,222079,2546,324,5451,0.655089532508112,0.7916061574208539,False,False
20160329_104152_1281_1081.jpg,221622,1031,1121,6626,0.7548416495784916,0.8602960270059725,False,False
20160329_104152_1281_721.jpg,191311,14488,2828,21773,0.5570109237893014,0.7154874963031119,False,False
20160329_104152_1921_1081.jpg,209623,12175,191,8411,0.40482264041969485,0.5763327394819789,False,False
20160329_104152_1921_361.jpg,190697,14077,1960,23666,0.5960758632848903,0.7469267307358488,False,False
20160329_104152_1921_721.jpg,203768,10851,751,15030,0.564358666266146,0.721520810330757,False,False
20160329_104152_1_361.jpg,220537,6183,273,3407,0.3454324242117003,0.5134890730972117,False,False
20160329_104152_1_721.jpg,200341,13410,377,16272,0.541335373764929,0.702423863072241,False,False
20160329_104152_641_721.jpg,207050,7268,1021,15061,0.6450107066381157,0.7842024420087995,False,False
20160329_104201_1281_721.jpg,205376,6120,2098,16806,0.6715952685421995,0.8035381305283289,False,False
20160329_104201_1921_721.jpg,205668,4677,4217,15838,0.6403849264111273,0.7807739709144689,False,False
20160329_104201_1_361.jpg,229116,200,14,1070,0.8333333333333334,0.9090909090909091,False,False
20160329_104201_1_721.jpg,206121,3753,1770,18756,0.7725194612628197,0.8716626002091321,False,False
20160329_104201_641_361.jpg,223840,1960,45,4555,0.694359756097561,0.819613135402609,False,False
20160329_104201_641_721.jpg,213946,4907,657,10890,0.6618451440379239,0.7965184318314804,False,False
20160329_104205_1281_361.jpg,214524,4257,2158,9461,0.595930964978584,0.7468129612819198,False,False
20160329_104205_1281_721.jpg,216606,1858,2263,9673,0.7012469189502682,0.8243916989815485,False,False
20160329_104205_1921_361.jpg,220448,1293,4180,4479,0.4500602893890675,0.6207470029796965,False,False
20160329_104205_1921_721.jpg,205578,3806,2335,18681,0.7525985013294658,0.85883732156403,False,False
20160329_104205_1_361.jpg,224474,965,3210,1751,0.29547755653054336,0.4561677738700013,False,False
20160329_104205_1_721.jpg,217358,3220,1469,8353,0.6404692531820273,0.7808366440757186,False,False
20160329_104205_641_361.jpg,200748,10245,1711,17696,0.5967894239848914,0.7474866942637493,False,False
20160329_104205_641_721.jpg,227919,1153,560,768,0.309552599758162,0.4727608494921514,False,False
20160329_111111_1281_361.jpg,209582,7014,1275,12529,0.6018349505235854,0.7514319129157045,False,False
20160329_111111_1281_721.jpg,227453,1899,560,488,0.16559212758737699,0.2841339155749636,False,False
20160329_111111_1921_361.jpg,224220,1497,881,3802,0.615210355987055,0.7617711881386495,False,False
20160329_111111_1921_721.jpg,212917,9746,1180,6557,0.37505004861865815,0.5455074875207987,False,False
20160329_111111_1_361.jpg,213746,5983,1143,9528,0.5721148072535127,0.7278282789702849,False,False
20160329_111111_641_361.jpg,214373,7711,887,7429,0.4635302926311849,0.6334413369713506,False,False
20160329_111111_641_721.jpg,221179,2390,1228,5603,0.6076347467736688,0.7559363194819212,False,False
20160329_115529_1281_1081.jpg,210831,981,5682,12906,0.6595124942511115,0.7948267898383372,False,False
20160329_115529_1281_721.jpg,187322,1354,22686,19038,0.4419425228654998,0.6129821624058214,False,False
20160329_115529_1921_1081.jpg,174328,4822,17990,33260,0.5931659295191896,0.7446379796713384,False,False
20160329_115529_1921_361.jpg,218655,5353,6392,0,0.0,0.0,False,True
20160329_115529_1921_721.jpg,184097,392,32190,13721,0.29633069131589745,0.4571837931494069,False,False
20160329_115529_1_721.jpg,189452,2892,11514,26542,0.648187945687213,0.7865461549859238,False,False
20160329_115529_641_721.jpg,197593,2305,11409,19093,0.581979455603987,0.7357610789980732,False,False
20160329_115531_1281_1.jpg,200054,2433,9818,18095,0.5962894615435312,0.7470944035011664,False,False
20160329_115531_1281_1081.jpg,216104,3126,3092,8078,0.565053161723559,0.7220881380173415,False,False
20160329_115531_1281_721.jpg,207971,5016,2798,14615,0.6516117526416693,0.7890616564085952,False,False
20160329_115531_1921_1.jpg,223792,380,2057,4171,0.6312046004842615,0.7739122367566564,False,False
20160329_115531_1921_361.jpg,191168,1202,25590,12440,0.31708809135399674,0.4814986840068122,False,False
20160329_115531_1921_721.jpg,199256,2358,9470,19316,0.6202157718982789,0.7655965120887832,False,False
20160329_115531_1_1.jpg,222307,1154,4123,2816,0.3479550228592611,0.516270968924741,False,False
20160329_115531_1_721.jpg,204265,11599,2048,12488,0.47782666921752437,0.6466613157962872,False,False
20160329_115531_641_1081.jpg,218520,4013,494,7373,0.6206228956228956,0.7659066119565782,False,False
20160329_115531_641_721.jpg,206606,4481,3847,15466,0.6499957972598134,0.7878757004584819,False,False
20160330_160938_1281_361.jpg,217447,4543,1306,7104,0.5484443758202733,0.7083811138255971,False,False
20160330_160938_1281_721.jpg,228970,332,561,537,0.37552447552447554,0.5460091509913574,False,False
20160330_160938_1921_721.jpg,208962,11510,836,9092,0.42410672637372887,0.5956108745496234,False,False
20160330_160938_1_361.jpg,210214,4463,1923,13800,0.6836421282076687,0.8120990996292591,False,False
20160330_160938_1_721.jpg,228305,823,360,912,0.4353221957040573,0.606584635849684,False,False
20160330_160938_641_361.jpg,213647,4004,1486,11263,0.672297498955411,0.8040405482581382,False,False
20160330_160957_1281_1.jpg,218893,3906,980,6621,0.575388893716868,0.7304721977052074,False,False
20160330_160957_1281_1081.jpg,212535,3390,4696,9779,0.5473831514133781,0.7074952973520474,False,False
20160330_160957_1281_361.jpg,219719,3706,2461,4514,0.42261960490590766,0.5941428101349128,False,False
20160330_160957_1281_721.jpg,186979,20425,3073,19923,0.4588332834342829,0.6290414246021723,False,False
20160330_160957_1921_1081.jpg,187842,8937,6595,27026,0.6350392405658161,0.7767877673028283,False,False
20160330_160957_1921_361.jpg,212215,6114,1784,10287,0.5656860049491339,0.7226046642315257,False,False
20160330_160957_1921_721.jpg,218396,1978,1339,8687,0.7236754415194935,0.8396887535643517,False,False
20160330_160957_1_1.jpg,211665,7627,2530,8578,0.4578596210301575,0.62812580090067,False,False
20160330_160957_1_361.jpg,227714,807,562,1317,0.49032017870439315,0.6580064951286535,False,False
20160330_160957_1_721.jpg,216554,3873,2272,7701,0.5561895132168135,0.7148094862393837,False,False
20160330_160957_641_1.jpg,214790,4992,3260,7358,0.4713645099295323,0.6407175200278649,False,False
20160330_160957_641_361.jpg,217243,4194,3868,5095,0.38724633275062703,0.5582949813719045,False,False
20160330_160957_641_721.jpg,204903,6417,4292,14788,0.5799898027218888,0.734169045550453,False,False
20160330_163725_1281_1081.jpg,226659,661,483,2597,0.694199411921946,0.8195014200063111,False,False
20160330_163725_1281_361.jpg,214665,2670,2714,10351,0.6578328566889101,0.7936057655447366,False,False
20160330_163725_1281_721.jpg,221785,2350,1109,5156,0.5984910040626814,0.7488199840243991,False,False
20160330_163725_1921_1.jpg,223516,2217,994,3673,0.5335560720511331,0.6958416216728237,False,False
20160330_163725_1921_361.jpg,227567,266,490,2077,0.7331450758912813,0.8460285132382892,False,False
20160330_163725_1921_721.jpg,222618,2198,502,5082,0.6530454895913647,0.7901119402985075,False,False
20160330_163725_641_1.jpg,220901,4136,301,5062,0.5328981998105063,0.6952819174507245,False,False
20160330_163725_641_1081.jpg,219923,2582,678,7217,0.6888422258280043,0.8157567537018199,False,False
20160330_163725_641_361.jpg,218871,2743,1313,7473,0.648191517043976,0.7865487843384907,False,False
20160330_163725_641_721.jpg,218696,3652,616,7436,0.6353383458646616,0.7770114942528735,False,False
20160330_163855_1281_1081.jpg,222904,129,3201,4166,0.5557630736392742,0.7144572114560109,False,False
20160330_163855_1281_721.jpg,218345,882,6509,4664,0.38689340522604726,0.5579281057479515,False,False
20160330_163855_1921_721.jpg,224587,218,4615,980,0.1685876483743334,0.28853231267481233,False,False
20160330_163855_1_721.jpg,221321,727,4009,4343,0.47835664720784227,0.647146475935032,False,False
20160330_163855_641_1.jpg,216164,3156,2320,8760,0.6153413880303455,0.7618716298486693,False,False
20160330_163855_641_361.jpg,222600,630,1468,5702,0.731025641025641,0.8446156125018516,False,False
20160330_163855_641_721.jpg,214226,897,9103,6174,0.3817237541733647,0.5525326651154465,False,False
20160330_163941_1281_361.jpg,223078,1110,792,5420,0.7402349084949468,0.8507298697221786,False,False
20160330_163941_1281_721.jpg,221098,2189,1141,5972,0.6420124704364653,0.7819824538431321,False,False
20160330_163941_1921_721.jpg,218890,2593,1710,7207,0.6261511728931364,0.7701020462680985,False,False
20160330_163941_1_361.jpg,211718,6172,2132,10378,0.5555079755914785,0.7142463867859601,False,False
20160330_163941_641_361.jpg,213807,3404,2146,11043,0.6655216054962936,0.7991749891445941,False,False
20160330_163946_1281_361.jpg,214147,2800,1721,11732,0.7218359687442318,0.8384491691977846,False,False
20160330_163946_1921_361.jpg,214007,2604,2102,11687,0.7129262490087233,0.8324074074074074,False,False
20160330_163946_1_361.jpg,220365,681,3346,6008,0.5987045341305431,0.7489870971763386,False,False
20160330_163946_641_361.jpg,216093,1008,2604,10695,0.7475361711050534,0.855531557475402,False,False
20160330_164743_1281_1.jpg,225702,401,2276,2021,0.43018305661983824,0.6015776157166245,False,False
20160330_164743_1281_1081.jpg,227492,416,1415,1077,0.3703576341127923,0.5405269761606023,False,False
20160330_164743_1281_361.jpg,198880,4114,8817,18589,0.589752538071066,0.7419425652078468,False,False
20160330_164743_1281_721.jpg,214140,2561,2407,11292,0.6944649446494465,0.8196864111498258,False,False
20160330_164743_1921_361.jpg,210191,4926,2131,13152,0.6507991488940571,0.7884655735739337,False,False
20160330_164743_1921_721.jpg,206152,3579,4244,16425,0.6773754536456615,0.8076611019595309,False,False
20160330_164743_1_361.jpg,218842,2516,2984,6058,0.524139124415989,0.6877838328792008,False,False
20160330_164743_1_721.jpg,221151,896,1768,6585,0.7119688614985403,0.8317544524441076,False,False
20160330_164743_641_1081.jpg,229014,168,901,317,0.2287157287157287,0.37228420434527304,False,False
20160330_164743_641_361.jpg,226784,1328,350,1938,0.5359513274336283,0.6978754051134317,False,False
20160330_164743_641_721.jpg,199847,5491,5332,19730,0.645763100186561,0.7847582682019768,False,False
20160330_164935_1281_1081.jpg,225599,1012,1000,2789,0.5809206415330139,0.7349143610013176,False,False
20160330_164935_1281_721.jpg,205701,3890,8359,12450,0.5040689906473946,0.6702737624162158,False,False
20160330_164935_1921_1081.jpg,211660,3498,5398,9844,0.5252934898612593,0.6887769381472152,False,False
20160330_164935_1_1081.jpg,224028,364,2509,3499,0.5491211550533585,0.7089453956032823,False,False
20160330_164935_1_721.jpg,221796,698,3363,4543,0.5280102278010228,0.69110823762075,False,False
20160330_164935_641_721.jpg,204382,4029,6654,15335,0.5893996463986471,0.7416632408773245,False,False
20160413_113422_1281_361.jpg,223770,701,1268,4661,0.7030165912518853,0.8256133203436365,False,False
20160413_113422_1281_721.jpg,223119,193,1648,5440,0.7471501167422058,0.855278673060294,False,False
20160413_113422_1921_1081.jpg,228404,135,724,1137,0.5696392785571143,0.7258218959463772,False,False
20160413_113422_1921_721.jpg,220082,943,2715,6660,0.6454739290560186,0.7845447049122394,False,False
20160413_113422_1_1.jpg,217996,958,3884,7562,0.6096420509513061,0.7574877291395372,False,False
20160413_113422_641_361.jpg,220912,499,2265,6724,0.7086846543001686,0.8295090056748088,False,False
20160415_191330_1281_721.jpg,207439,1062,4999,16900,0.7360306606855103,0.8479466144853366,False,False
20160415_191330_1921_361.jpg,227549,234,1046,1571,0.5510347246580147,0.7105382180009046,False,False
20160415_191330_1921_721.jpg,197599,1654,8363,22784,0.6946129691167953,0.8197895115588738,False,False
20160415_191330_1_721.jpg,206523,521,6314,17042,0.7137412572768773,0.832962682372492,False,False
20160415_191330_641_721.jpg,208398,436,5358,16208,0.7366603036087629,0.8483643025386025,False,False
