model,image,dIoU,dBoundaryF1,dFP,dFN,C0_IoU,model_IoU,C0_boundaryF1,model_boundaryF1,C0_tp,model_tp,gt_width_median,contrast_abs,bg_laplacian_std,class,zero_overlap
C1,20160222_080850_1281_361,0.038707870361094465,-0.007643251035984733,-2044,-248,0.5079941036398684,0.5467019740009629,0.31736109061315365,0.3097178395771689,17920,18168,15.279999732971191,68.78466112407327,79.35433959960938,other,False
C1,20160222_080850_1281_721,-0.022813662187136374,-0.004119010745352203,381,-66,0.4292682926829268,0.40645463049579045,0.3765990107453522,0.37248,1672,1738,5.730000019073486,50.93769879898373,85.2051773071289,both_down,False
C1,20160222_080850_1921_1,0.0,0.0,-262,0,0.0,0.0,0.0,0.0,0,0,9.550000190734863,12.23499977810323,68.14149475097656,other,True
C1,20160222_080850_1921_361,-0.03942124017354254,-0.06371761653542857,-728,1333,0.7029358564074023,0.6635146162338598,0.37107906716512806,0.3073614506296995,15156,13823,13.945799827575684,35.326350774395124,68.42855834960938,both_down,False
C1,20160222_080850_1_361,-0.011896996440708296,0.0068205202912663965,118,292,0.7162385030130035,0.7043415065722952,0.39843758320307976,0.40525810349434616,22583,22291,15.602999687194824,46.66894039557289,70.14830780029297,boundary_up_IoU_down,False
C1,20160222_080850_641_361,-0.01215653784916415,-0.009971822236441857,596,39,0.5280516473106207,0.5158951094614566,0.22837919019584288,0.21840736795940102,15050,15011,10.378600120544434,41.93213843644613,84.3813705444336,both_down,False
C1,20160222_080850_641_721,-0.006526336084948958,0.02227453527001927,832,-359,0.4818263205013429,0.47529998441639393,0.2954679104740173,0.3177424457440366,2691,3050,6.558599948883057,41.45116772350427,85.68748474121094,boundary_up_IoU_down,False
C1,20160222_115224_1281_1,0.006644214942451543,0.03343572333840855,411,-126,0.22465635738831616,0.2313005723307677,0.37995644715545945,0.413392170493868,1046,1172,3.819999933242798,56.48056281126912,54.61585235595703,both_up,False
C1,20160222_115224_1281_1081,0.0025084302640020484,-0.027838805176732317,-23,0,0.6807661612130886,0.6832745914770907,0.6186083396639938,0.5907695344872614,4265,4265,7.387199878692627,60.5500166304111,58.8233528137207,other,False
C1,20160222_115224_1281_361,0.027800328708481425,0.04530888372306205,87,-69,0.14602683178534573,0.17382716049382715,0.1911772099711404,0.23648609369420245,283,352,3.819999933242798,63.576421148578625,57.92909622192383,both_up,False
C1,20160222_115224_1281_721,0.015481195352107568,0.04474780633702696,-403,114,0.5630765233207743,0.5785577186728819,0.4565113442827286,0.5012591506197556,4334,4220,5.730000019073486,71.72195966536904,62.52579116821289,both_up,False
C1,20160222_115224_1921_1081,-0.19265970194867343,-0.1820336640137898,-35,261,0.29020194465220644,0.09754224270353302,0.34956457745615116,0.16753091344236137,388,127,7.387199878692627,44.77156931131212,55.889060974121094,both_down,False
C1,20160222_115224_641_1,-0.055869271587331404,-0.009515142208003313,-298,656,0.5145777299623453,0.4587084583750139,0.53976081911433,0.5302456769063267,4783,4127,4.648600101470947,49.17886546239129,56.51335144042969,both_down,False
C1,20160222_115224_641_1081,0.0,0.0,-2,0,0.0,0.0,0.0,0.0,0,0,3.819999933242798,52.718854915556875,58.669960021972656,other,True
C1,20160222_115224_641_361,0.000613463077782761,0.025498999595248706,-109,67,0.6377259752616555,0.6383394383394383,0.5853472580043818,0.6108462575996305,2681,2614,5.477200031280518,67.5435268465522,60.70695114135742,both_up,False
C1,20160222_115224_641_721,-0.04994414120902785,-0.10174885317166338,-5,221,0.4089769879243563,0.3590328467153285,0.342146352984399,0.24039749981273562,1795,1574,5.730000019073486,78.9156084857022,62.087215423583984,both_down,False
C1,20160222_115837_1281_1,0.026258663100370283,0.042449515625528234,-351,60,0.6435212957408518,0.6697799588412221,0.5639551679816769,0.6064046836072051,4291,4231,6.558599948883057,68.1647523404194,31.299455642700195,both_up,False
C1,20160222_115837_1281_1081,-0.000424866301769522,0.010918093822945285,32,-15,0.5248987371932332,0.5244738708914637,0.5503219794818806,0.5612400733048258,2203,2218,3.819999933242798,98.10440514999584,35.42522430419922,boundary_up_IoU_down,False
C1,20160222_115837_1281_361,-0.024807118300885778,-0.0019480768904046597,-29,120,0.5092484195738702,0.48444130127298446,0.5715536453358803,0.5696055684454756,2175,2055,4.648600101470947,75.26756771076188,31.68861961364746,both_down,False
C1,20160222_115837_1281_721,-0.015202302862530381,-0.04350772465513009,-42,73,0.49367816091954025,0.4784758580570099,0.6294743810222594,0.5859666563671293,1718,1645,3.819999933242798,86.29864408387657,34.99931335449219,both_down,False
C1,20160222_164851_1281_1081,0.017357795931223885,-0.020504388819121255,-235,54,0.7311690160899901,0.748526812021214,0.4495068575034039,0.42900246868428266,5135,5081,15.855799674987793,31.47832800504557,26.408544540405273,other,False
C1,20160222_164851_641_1,-0.006312544554785582,0.0029223688738341247,106,19,0.7110617084343842,0.7047491638795986,0.4102017547350336,0.41312412360886774,10555,10536,13.369999885559082,20.152658941185805,30.228845596313477,boundary_up_IoU_down,False
C1,20160222_164851_641_1081,0.006976195791706219,0.017577236143533626,56,-79,0.46394485683987274,0.47092105263157896,0.31407950509794935,0.331656741241483,3500,3579,7.387200355529785,24.085632453660807,28.474334716796875,both_up,False
C1,20160222_164851_641_361,-0.006900715588253781,-0.014823430169481344,278,-68,0.63936,0.6324592844117463,0.41616687057776713,0.4013434404082858,9990,10058,9.550000190734863,24.60233409251866,34.005226135253906,both_down,False
C1,20160222_164851_641_721,-0.02338051871017366,-0.07182898966357432,336,74,0.7170701994822598,0.6936896807720861,0.4682770197439773,0.39644803008040297,9418,9344,10.954400062561035,33.98102489504629,30.991132736206055,both_down,False
C1,20160222_165225_1281_361,0.0024557009699286425,0.013568787520683856,-10,-22,0.653770097154157,0.6562257981240857,0.41981235410095563,0.4333811416216395,7604,7626,7.387199878692627,12.320630020752603,33.81498718261719,both_up,False
C1,20160222_165225_1281_721,0.03147006603227798,0.16961068706176163,-110,0,0.5853432282003711,0.6168132942326491,0.43891542135264217,0.6085261084144038,1262,1262,5.730000019073486,5.197184075461237,29.583908081054688,both_up,False
C1,20160222_165225_1921_721,-0.03976490829924012,-0.08540707928556648,1670,23,0.39840153452685423,0.3586366262276141,0.2963279317974749,0.21092085251190842,6231,6208,5.477200031280518,0.10614146580502393,30.75217056274414,both_down,False
C1,20160222_165225_1_361,-0.005794176747891178,0.023402426425383704,241,-1,0.4255134509690483,0.4197192742211571,0.3209802304708547,0.3443826568962384,7355,7356,5.730000019073486,7.952072060795913,30.246685028076172,boundary_up_IoU_down,False
C1,20160222_165225_641_361,-0.007188133681635844,-0.04090999851962274,560,-263,0.6222751743005913,0.6150870406189555,0.5557685480233784,0.5148585495037556,7051,7314,5.730000019073486,12.491501094407496,33.40713119506836,both_down,False
C1,20160222_165402_1281_1,0.0026964900792069146,0.009002382435931433,123,-126,0.8044399596367305,0.8071364497159375,0.5840991747832653,0.5931015572191968,7972,8098,10.954400062561035,9.825147750011638,26.30117416381836,both_up,False
C1,20160222_165402_1281_361,0.0024883492298604093,-0.015726093453517387,97,-103,0.7888298881092357,0.7913182373390961,0.583528670052005,0.5678025765984877,8319,8422,11.460000038146973,6.783384394903209,26.992765426635742,other,False
C1,20160222_165402_641_1081,-0.00366009952893398,0.01412694893018751,469,-359,0.8800140745953554,0.8763539750664214,0.6539307311709731,0.6680576801011606,12505,12864,17.51300048828125,5.412561618795735,25.619922637939453,boundary_up_IoU_down,False
C1,20160222_165402_641_721,-0.0178405740161941,-0.0976259232161088,212,17,0.8227799961969956,0.8049394221808015,0.5797220096460161,0.48209608642990726,8654,8637,13.369999885559082,14.692631410484537,27.749711990356445,both_down,False
C1,20160222_165926_1281_361,0.021265787152728588,0.030731584361868514,-15,-54,0.41356289529163737,0.43482868244436595,0.5539822985289594,0.5847138828908279,1177,1231,2.738600015640259,37.6545135611743,23.76129150390625,both_up,False
C1,20160222_165926_1281_721,-0.022506862558579255,-0.020436972359155314,69,119,0.5684528085045252,0.5459459459459459,0.5256927306272264,0.5052557582680711,3957,3838,4.648600101470947,27.057476019807154,25.16778564453125,both_down,False
C1,20160222_165926_1921_721,-0.016385703963924247,-0.0636154601024097,339,-36,0.5335763848053628,0.5171906808414386,0.5003411800054477,0.436725719903038,4537,4573,3.819999933242798,37.92052047192493,28.769832611083984,both_down,False
C1,20160222_165926_1_1081,-0.01186103230780619,0.0085343321255279,-39,22,0.13132694938440492,0.11946591707659873,0.26781555659059153,0.27634988871611943,192,170,3.819999933242798,23.64293049663509,19.65210723876953,boundary_up_IoU_down,False
C1,20160222_165926_1_721,-0.05661560925273723,-0.13420526808921696,78,227,0.3328018223234624,0.27618621307072516,0.4534232589796739,0.31921799089045694,1461,1234,3.819999933242798,23.1017710311219,18.124347686767578,both_down,False
C1,20160222_165926_641_1,0.0015645094068119647,0.019910139078725797,-98,39,0.49515033947623666,0.4967148488830486,0.327209624857383,0.34711976393610877,3063,3024,4.648600101470947,20.82479345327542,18.24419403076172,both_up,False
C1,20160222_165926_641_361,-0.04833136719571385,-0.05880729527800366,173,221,0.46554566435872075,0.4172142971630069,0.4075582408409211,0.34875094556291747,2824,2603,3.819999933242798,18.14596000299713,21.67966651916504,both_down,False
C1,20160222_165926_641_721,-0.02415350671426575,-0.01737669638991124,73,160,0.5782624412579829,0.5541089345437171,0.6639839034205232,0.6466072070306119,4799,4639,3.819999933242798,29.14357976211828,23.274900436401367,both_down,False
C1,20160302_155857_1281_1,-0.033393501805054154,-0.06203439585698857,-37,185,0.033393501805054154,0.0,0.06203439585698857,0.0,185,0,7.639999866485596,34.9879796441506,65.58020782470703,both_down,True
C1,20160302_155857_1281_361,0.051562566972179036,0.011434325310799576,-2696,543,0.39660517749186175,0.4481677444640408,0.2286300911457595,0.24006441645655907,5117,4574,8.215800285339355,45.219427496381535,69.51626586914062,both_up,False
C1,20160302_155857_1281_721,-0.07970419063270337,-0.11587147030185004,0,97,0.07970419063270337,0.0,0.11587147030185004,0.0,97,0,7.639999866485596,31.127744370251392,72.39019775390625,both_down,True
C1,20160302_155857_1_721,0.019525133215286372,-0.002089411497489979,-1736,720,0.6833970806338303,0.7029222138491167,0.3796337195772539,0.3775443080797639,17510,16790,13.692999839782715,56.22479781894724,67.4919662475586,other,False
C1,20160302_155857_641_721,0.005570085460030405,-0.0425108533491389,-1321,458,0.43942513942513944,0.44499522488516985,0.2966482649184542,0.2541374115693153,10243,9785,9.297200202941895,53.939981420124475,77.10975646972656,other,False
C1,20160307_144202_1281_361,-0.009280164269699243,-0.009180092877039248,211,-12,0.5236950879553974,0.5144149236856982,0.39048684273325845,0.3813067498562192,5448,5460,5.730000019073486,64.44188188615277,53.029197692871094,both_down,False
C1,20160307_144202_1281_721,0.004725496034368726,0.041170201362252856,-209,71,0.4767070835992342,0.4814325796336029,0.48897409592970215,0.530144297291955,2988,2917,6.558599948883057,76.75159979871833,63.67276382446289,both_up,False
C1,20160307_144202_1921_361,0.002097884086373125,0.014961809941838877,-271,122,0.5940714815993212,0.5961693656856943,0.37128921546112015,0.386251025402959,11203,11081,7.387199878692627,68.50098239253856,48.40108108520508,both_up,False
C1,20160307_144202_1_361,-0.004660939174208623,-0.0034535361676921728,-199,230,0.6799415062149646,0.675280567040756,0.4411692790063282,0.437715742838636,13949,13719,10.954400062561035,48.3122595000887,53.5565185546875,both_down,False
C1,20160307_144202_641_361,-0.003327870343093453,-0.008847984415173427,-451,329,0.608742194469224,0.6054143241261305,0.47409236492548984,0.4652443805103164,10236,9907,7.639999866485596,55.870961057265994,55.072471618652344,both_down,False
C1,20160307_145059_1281_361,0.05857864213446873,0.13345943233738256,-1749,283,0.7375118808744323,0.796090523008901,0.5029717800404736,0.6364312123778562,13967,13684,11.460000038146973,64.42968104742192,29.221721649169922,both_up,False
C1,20160307_145059_1281_721,0.007284192788593102,0.0624806075646801,-294,67,0.4506784406633642,0.4579626334519573,0.25040857668519534,0.31288918424987544,4185,4118,5.730000019073486,61.23467168182774,33.30763626098633,both_up,False
C1,20160307_145059_1921_1081,-0.11057696176349752,-0.08073544613267208,-388,846,0.5417073965461062,0.4311304347826087,0.4919849247717712,0.4112494786390991,3325,2479,7.387199878692627,50.4958680954202,27.989702224731445,both_down,False
C1,20160307_145059_1921_361,0.04529264218800777,0.11079561751677625,-1390,256,0.7128583593528243,0.758151001540832,0.5040005175871811,0.6147961351039574,12557,12301,10.954400062561035,52.069968218029,29.97979736328125,both_up,False
C1,20160307_145059_1921_721,-0.1174100815810119,-0.038951023809016494,-680,1017,0.5982644206227667,0.48085433904175484,0.4910841867327582,0.4521331629237417,3516,2499,8.215800285339355,45.14086309559839,25.728290557861328,both_down,False
C1,20160307_145059_1_361,0.03465407476612403,0.09525481770366284,-441,27,0.8246356833398976,0.8592897581060216,0.7295521685073786,0.8248069862110414,8375,8348,10.125800132751465,67.62901200470108,33.47013854980469,both_up,False
C1,20160307_145059_1_721,0.12204071612244682,0.1266753800803042,-1834,20,0.5834451044261353,0.7054858205485821,0.48030660190167784,0.606981981981982,6090,6070,10.125800132751465,51.94927627502821,30.846315383911133,both_up,False
C1,20160307_145059_641_361,0.16558755002341563,0.1123697436401867,-6476,94,0.2958810068649886,0.4614685568884042,0.27397179410688893,0.38634153774707564,5172,5078,7.387199878692627,53.901969254378955,35.69407653808594,both_up,False
C1,20160307_145059_641_721,0.07699415259717435,0.23403734485510647,-1911,165,0.6709901351845086,0.7479842877816829,0.32532019704433496,0.5593575418994414,11019,10854,9.550000190734863,52.31637937118629,35.57746505737305,both_up,False
C1,20160307_162438_1281_361,0.007009910563210042,0.03446681652239067,0,-29,0.3142373700749335,0.32124728063814356,0.11003236245954692,0.1444991789819376,1300,1329,30.307199478149414,1.199394615032162,18.94805145263672,both_up,False
C1,20160307_162438_1281_721,0.03306208351639994,0.02751952697558202,108,-1118,0.4785340965654554,0.5115961800818554,0.2326580059292236,0.2601775329048056,15382,16500,25.72879981994629,1.864356978619881,20.841594696044922,both_up,False
C1,20160307_162438_1921_1081,-0.03467995780268329,-0.003506773009559927,-226,556,0.6129321591650359,0.5782522013623526,0.3331777881474568,0.3296710151378969,7517,6961,17.76580047607422,2.4239437009627096,20.2684326171875,both_down,False
C1,20160307_162438_1921_721,-0.010378994004322961,-0.003042241699317577,-205,385,0.5927242888402626,0.5823452948359397,0.22411650856610354,0.22107426686678597,15169,14784,21.010000228881836,3.26805939309277,16.405851364135742,both_down,False
C1,20160307_162438_1_361,-0.005556701360186267,-0.0292223289611373,-79,272,0.635075,0.6295182986398137,0.17209064912387886,0.14286832016274156,25403,25131,28.649999618530273,3.2516793679875207,20.998735427856445,both_down,False
C1,20160307_162438_641_361,-0.01155345528890428,-0.02932544889655997,182,146,0.6974660865113899,0.6859126312224856,0.39999639757429606,0.3706709486777361,16350,16204,21.010000228881836,21.569400136734387,21.05950927734375,both_down,False
C1,20160307_162438_641_721,-0.12469834332949425,-0.0873013225784558,-42,763,0.3258965460254503,0.20119820269595606,0.3159608452072318,0.22865952262877598,1972,1209,24.64739990234375,1.2371655230859915,22.103282928466797,both_down,False
C1,20160310_114505_1281_1,-0.07892890595056806,-0.10921354118577825,-493,394,0.33698224852071007,0.258053342570142,0.5567591509356751,0.4475456097498968,1139,745,2.738600015640259,52.97977821653854,23.846925735473633,both_down,False
C1,20160310_114505_641_1,-0.03103332789567609,-0.014703851126108003,-258,330,0.4563257255564948,0.4252923976608187,0.4806571585191041,0.4659533073929961,3239,2909,5.477200031280518,68.60650954021075,24.88051986694336,both_down,False
C1,20160310_114505_641_1081,-0.00818446064599826,-0.015195836823818032,-5,63,0.5050040573437923,0.496819596697794,0.46933249617391987,0.45413665935010183,3734,3671,6.558599948883057,60.996094810240905,33.67136001586914,both_down,False
C1,20160310_114505_641_361,0.02704102432241029,0.05137570492910992,-575,138,0.5375923511516731,0.5646333754740834,0.4962511989408793,0.5476269038699892,3711,3573,5.477200031280518,53.121308740505114,29.450105667114258,both_up,False
C1,20160310_114505_641_721,0.010851433733416904,-0.009220718582661158,-139,-13,0.5055676436708051,0.516419077404222,0.47010443228997484,0.4608837137073137,3950,3963,7.387199878692627,66.47970868655747,37.89896011352539,other,False
C1,20160316_142539_1281_361,-0.0335613951224355,-0.04865318486665554,33,246,0.7018905721797921,0.6683291770573566,0.36148110543516193,0.3128279205685064,5606,5360,12.864399909973145,39.31527523104697,33.95152282714844,both_down,False
C1,20160316_142539_1281_721,-0.05243713896286539,-0.1227456838865234,64,484,0.5726305119107957,0.5201933729479303,0.49006955501550326,0.36732387112897985,5649,5165,9.550000190734863,29.768105039903787,49.05207061767578,both_down,False
C1,20160316_142539_1921_361,0.01992438023418175,0.008314177202849216,375,-413,0.40190788959261864,0.4218322698268004,0.26896879056770423,0.27728296777055345,5140,5553,8.215800285339355,22.91978518645692,35.26789474487305,both_up,False
C1,20160316_142539_1_721,-0.012972306912372722,-0.029292722416146277,283,27,0.5760824168174857,0.563110109905113,0.3972285941596333,0.367935871743487,8276,8249,9.297200202941895,31.215405937420357,42.16252899169922,both_down,False
C1,20160316_142539_641_721,-0.03571999505654877,-0.007332142656121032,-75,513,0.4570750166951102,0.4213550216385614,0.31208460907058827,0.30475246641446724,6160,5647,7.639999866485596,30.65333240815862,51.89017105102539,both_down,False
C1,20160316_143445_1281_1,-0.018762553745723887,0.007958911869304197,354,54,0.7362938596491229,0.717531305903399,0.38295090332148035,0.39090981519078455,12087,12033,17.190000534057617,36.862984045824675,39.2401008605957,boundary_up_IoU_down,False
C1,20160316_143445_1281_1081,-0.10279851074090052,-0.10560560686082399,-126,473,0.5019455252918288,0.39914701455092827,0.5267789072426937,0.42117330038186973,2064,1591,8.468600273132324,41.743240892310624,55.325836181640625,both_down,False
C1,20160316_143445_1281_361,-0.03788450259223819,0.021050196361425078,-272,739,0.7272789723157244,0.6893944697234862,0.4600858896648152,0.48113608602624025,10587,9848,13.369999885559082,38.19336299734813,43.40476608276367,boundary_up_IoU_down,False
C1,20160316_143445_1281_721,0.003564127781165438,0.02572067559598834,-438,203,0.6260043111894964,0.6295684389706618,0.383325229733004,0.4090459053289923,12778,12575,9.837900161743164,41.394854808724645,55.99468231201172,both_up,False
C1,20160316_143445_1921_1081,-0.02968809301858294,-0.0024818636741921474,-257,370,0.2645254074784276,0.23483731445984468,0.2440232317320247,0.24154136805783255,2759,2389,9.297200202941895,17.330786254917868,49.46260452270508,both_down,False
C1,20160316_143445_1_1081,-0.05897009966777411,-0.05072678479384346,-84,694,0.6547619047619048,0.5957918050941307,0.45902453426864975,0.4082977494748063,7150,6456,10.378600120544434,40.97143635032956,46.10719299316406,both_down,False
C1,20160316_143445_1_721,0.018501940530389838,0.014275359123909592,-361,46,0.34683326152520466,0.3653352020555945,0.21229635090305934,0.22657171002696894,1610,1564,9.550000190734863,37.82182811081118,49.047630310058594,both_up,False
C1,20160316_143445_641_361,-0.0027623758056233294,-0.004013304958931041,106,-46,0.7457198279497343,0.742957452144111,0.534030475793299,0.530017170834368,8842,8888,9.550000190734863,48.246452931582844,52.38850784301758,both_down,False
C1,20160316_143445_641_721,-0.04199447938146572,-0.05545230361248116,-4,448,0.6831337795795229,0.6411393001980572,0.4997074993942493,0.44425519578176814,7246,6798,11.460000038146973,34.723210505220734,59.0749626159668,both_down,False
C1,20160316_143527_1281_1081,-0.04032658092211938,-0.0036476661287784262,-217,657,0.5654982919946532,0.5251717110725338,0.4140186314417647,0.4103709653129863,7615,6958,7.639999866485596,50.67648750351055,57.17793273925781,both_down,False
C1,20160316_143527_1281_361,0.010319931014058481,0.016455027916056575,73,-73,0.5158114558472554,0.5261313868613139,0.3590792017442543,0.37553422966031086,1729,1802,9.297200202941895,56.00471306471307,42.73497009277344,both_up,False
C1,20160316_143527_1281_721,-0.02682079632419898,-0.021998918551513147,-219,726,0.5028038995772582,0.47598310325305926,0.3598056056427457,0.33780668709123257,11656,10930,7.639999866485596,54.36846232156769,57.99797058105469,both_down,False
C1,20160316_143527_1921_361,-0.04218337482975271,-0.023779593112622455,-235,531,0.48194910238705857,0.43976572755730586,0.46698934448774604,0.4432097513751236,4886,4355,5.730000019073486,54.96835725069684,45.237884521484375,both_down,False
C1,20160316_143527_1_1,-0.006856012877871853,0.03780498056194859,-283,210,0.49048467235398896,0.4836286594761171,0.5015372639574947,0.5393422445194432,5232,5022,7.639999866485596,39.13843253639472,41.00446701049805,boundary_up_IoU_down,False
C1,20160316_143527_1_361,-0.1032249321864518,-0.10995434717200803,-12,281,0.182454847032805,0.07922991484635321,0.2739404191335401,0.1639860719615321,495,214,4.648600101470947,71.45977557014709,43.48800277709961,both_down,False
C1,20160316_143527_641_1,-0.03139965473743944,-0.0011575704090748262,-39,358,0.7096315939009376,0.6782319391634981,0.5179493997872665,0.5167918293781917,7493,7135,8.215800285339355,52.0136618449373,41.54206848144531,both_down,False
C1,20160316_143527_641_361,0.0010115554587393216,0.009872767217214029,-350,186,0.580809818765772,0.5818213742245113,0.4718101479952242,0.4816829152124382,10127,9941,7.639999866485596,56.71731168492782,47.917781829833984,both_up,False
C1,20160316_143527_641_721,-0.040645552067855195,-0.019469421224412253,16,274,0.3830715532286213,0.3424260011607661,0.4059384202313893,0.38646899900697707,2634,2360,9.550000190734863,50.870664065817536,58.97178268432617,both_down,False
C1,20160316_143547_1281_1081,-0.04120155518828306,-0.022507848700997646,202,-8,0.7787843366452367,0.7375827814569537,0.5573391498386723,0.5348313011376746,2665,2673,12.864399909973145,49.44782035215137,40.200557708740234,both_down,False
C1,20160316_143547_1281_361,0.21858668484435353,0.1454910096587588,-252,-218,0.18882072256305385,0.4074074074074074,0.16682130265355352,0.3123123123123123,277,495,13.117199897766113,80.66452729819481,28.781999588012695,both_up,False
C1,20160316_143547_1281_721,-0.0011471851685807,-0.013985293730524373,-47,65,0.7948144466534128,0.7936672614848321,0.5427166828814712,0.5287313891509469,19190,19125,13.369999885559082,66.2175275367681,40.150604248046875,both_down,False
C1,20160316_143547_1921_1081,-0.014272614218108659,0.02975109260161002,-73,413,0.7197962728995578,0.7055236586814492,0.3784793880692868,0.40823048067089684,18231,17818,12.035799980163574,48.1776391037608,34.96717071533203,boundary_up_IoU_down,False
C1,20160316_143547_1_1,-0.008956815623985759,0.01858858904973021,-150,255,0.6183749452474814,0.6094181296234956,0.37384699982811537,0.3924355888778456,11294,11039,10.125800132751465,46.76749130087557,33.33842849731445,boundary_up_IoU_down,False
C1,20160316_143547_641_1,-0.008847388363345532,-0.03136928366027203,16,3,0.6977917981072556,0.68894440974391,0.5891089108910892,0.5577396272308172,1106,1103,7.639999866485596,81.15447761194031,28.733903884887695,both_down,False
C1,20160316_143547_641_361,0.0014708747633641606,0.03243514885405574,-262,187,0.8002806659437393,0.8017515407071034,0.6580620519950323,0.690497200849088,12546,12359,9.550000190734863,70.8246138986674,34.83510208129883,both_up,False
C1,20160316_143547_641_721,-0.008348794063079777,-0.03680981595092025,0,9,0.008348794063079777,0.0,0.03680981595092025,0.0,9,0,5.730000019073486,27.8545306122449,44.23733901977539,both_down,True
C1,20160318_181632_1281_1081,-0.00017954941790243595,-0.0127735233274901,191,-142,0.766480125092585,0.7663005756746826,0.3822193683360175,0.3694458450085274,18627,18769,17.51300048828125,16.223149893677174,54.201934814453125,both_down,False
C1,20160318_181632_1281_361,-0.009860499675404477,-0.015157119220677195,-94,483,0.7221577038845306,0.7122972042091261,0.3330614520248606,0.3179043328041834,30470,29987,21.010000228881836,30.50352653515469,48.2446174621582,both_down,False
C1,20160318_181632_1281_721,-0.028475643921071603,-0.04024413373202601,484,312,0.7976279650436954,0.7691523211226238,0.3652756043249479,0.32503147059292187,19167,18855,22.16160011291504,29.822040830303123,56.401641845703125,both_down,False
C1,20160318_181632_1921_1,0.0083734362551946,0.007623778988019636,-56,-11,0.6145985401459854,0.62297197640118,0.4892462023301935,0.49686998131821314,3368,3379,13.369999885559082,34.79648481816852,42.445255279541016,both_up,False
C1,20160318_181632_1921_361,0.006210922009070252,-0.0020612838111374043,-176,-36,0.7943190196973421,0.8005299417064123,0.44176358867685633,0.43970230486571893,22623,22659,21.0802001953125,28.659247843214786,47.313690185546875,other,False
C1,20160318_181632_1_1,-0.007514793227298311,-0.0336571680531238,228,60,0.8702245381890571,0.8627097449617588,0.5461046767353204,0.5124475086821966,29726,29666,24.829999923706055,35.708554875314064,44.946205139160156,both_down,False
C1,20160318_181632_1_361,-0.002424616469758334,-0.049843984095106264,48,-26,0.8011006289308176,0.7986760124610592,0.5715791851796068,0.5217352010845006,4076,4102,24.64739990234375,39.16469966609833,49.176536560058594,both_down,False
C1,20160318_181632_641_1,0.030882101399623996,-0.0005997879118009863,2,-83,0.5348924933987175,0.5657745947983415,0.45844839348949024,0.45784860557768925,1418,1501,14.198599815368652,33.29781850828407,44.223670959472656,other,False
C1,20160318_181632_641_361,-0.00833208902504512,0.011681172081366986,190,209,0.7950678690963183,0.7867357800712732,0.33664059649088196,0.34832176857224895,34207,33998,30.12459945678711,31.315994070822356,50.75236511230469,boundary_up_IoU_down,False
C1,20160318_181632_641_721,0.0,0.0,0,0,0.0,0.0,0.0,0.0,0,0,5.477200031280518,28.52078853046595,59.00904846191406,other,True
C1,20160321_183947_1281_361,-0.035842315339422726,-0.044860075145230216,-50,108,0.5721854304635762,0.5363431151241534,0.4332760216902526,0.3884159465450224,1296,1188,15.855799674987793,9.113925622400203,25.271743774414062,both_down,False
C1,20160321_183947_1281_721,0.028033884604286907,-0.0026679891172498027,-1638,123,0.7230029117609824,0.7510367963652693,0.3896307448583482,0.3869627557410984,28555,28432,24.64739990234375,14.240951284370098,25.514734268188477,other,False
C1,20160321_183947_1921_721,0.0065538579119066576,-0.008872670158040108,451,-501,0.6393212075754735,0.6458750654873802,0.28675448442037194,0.2778818142623318,20457,20958,22.920000076293945,6.434581521596471,23.601999282836914,other,False
C1,20160321_183947_1_721,0.00047716001993769463,0.03551773396158747,13,-35,0.8066079981309139,0.8070851581508516,0.386218710506557,0.42173644446814446,41429,41464,34.127201080322266,8.545894242721928,22.53837013244629,both_up,False
C1,20160321_183947_641_721,0.0346949793563992,-0.020802929133437065,309,-1505,0.7533003300330033,0.7879953093894025,0.33218004404955914,0.3113771149161221,27390,28895,24.324399948120117,18.787876901623363,29.16482162475586,other,False
C1,20160321_185557_1281_721,-0.016594279074128138,-0.05719445414244417,269,260,0.8006554373105927,0.7840611582364646,0.40994709191328466,0.3527526377708405,22721,22461,17.190000534057617,36.08618081070323,27.11532974243164,both_down,False
C1,20160321_185557_1921_1,0.011177680392047917,0.015471232018514802,-58,-87,0.6507398823319664,0.6619175627240144,0.34002298352847127,0.35549421554698607,7300,7387,13.692999839782715,17.68401562137288,29.585506439208984,both_up,False
C1,20160321_185557_1921_1081,0.012125445938440227,0.022783282364300356,-272,15,0.6353853100541842,0.6475107559926244,0.2308088614116435,0.25359214377594386,8443,8428,14.198599815368652,26.08629939134756,22.397253036499023,both_up,False
C1,20160321_185557_1921_361,-0.03706302549946161,-0.0018505945124966394,-210,478,0.5040483855233636,0.466985360023902,0.3118660410411605,0.31001544652866386,5167,4689,10.125800132751465,15.058575508286296,26.77386474609375,both_down,False
C1,20160321_185557_1921_721,-0.012718615652693277,-0.0023153242843600985,189,221,0.6770405167351732,0.6643219010824799,0.36827058748249825,0.36595526319813815,18448,18227,20.757200241088867,30.71153653839019,24.886627197265625,both_down,False
C1,20160321_185557_1_361,-0.07118440613708854,-0.12114600478451476,-3,94,0.7714949651432997,0.7003105590062112,0.8162023977433004,0.6950563929587856,996,902,11.460000038146973,26.040123466962868,24.857261657714844,both_down,False
C1,20160321_185557_1_721,0.003921219386358921,0.0010556723923684785,-282,114,0.7286319356204998,0.7325531550068587,0.4630027896081215,0.46405846200049,17203,17089,12.864399909973145,21.747127400053373,22.2241268157959,both_up,False
C1,20160321_185557_641_721,-0.0040842257174142915,0.00862889942548889,191,-50,0.7837056613123012,0.779621435594887,0.4449942340529646,0.4536231334784535,18979,19029,16.108600616455078,35.33926531670967,26.670475006103516,boundary_up_IoU_down,False
C1,20160324_170347_1281_1,-0.02647183766577632,-0.08842766638437016,216,55,0.7542415169660679,0.7277696793002916,0.6171656880297471,0.528738021645377,6046,5991,8.468600273132324,28.228848001044483,17.272253036499023,both_down,False
C1,20160324_170347_1281_1081,-0.02868094535836163,-0.08096937809686089,62,193,0.6845464588191973,0.6558655134608357,0.5720341697450981,0.49106479164823724,5577,5384,7.639999866485596,60.2347406997599,33.8494758605957,both_down,False
C1,20160324_170347_1281_361,0.006997484576220847,0.024136402510673283,-127,28,0.7361374657389838,0.7431349503152046,0.5999173899604183,0.6240537924710916,6983,6955,8.215800285339355,12.735462489774065,22.09366798400879,both_up,False
C1,20160324_170347_1281_721,0.003240621060213389,-0.010904344309074054,307,-191,0.4980351061042704,0.5012757271644838,0.5518794005341338,0.5409750562250597,5703,5894,6.558599948883057,41.08035490251271,29.645767211914062,other,False
C1,20160324_170347_641_1,0.006696795791903631,0.05326242779121704,-152,43,0.49075975359342916,0.4974565493853328,0.42672472974302955,0.4799871575342466,2390,2347,3.819999933242798,46.63546762196431,22.501693725585938,both_up,False
C1,20160324_170347_641_361,0.016953049929924746,0.05546829445795859,-329,65,0.5152448413920542,0.5321978913219789,0.44757842867800074,0.5030467231359593,3346,3281,4.648600101470947,50.768908342925386,28.99747085571289,both_up,False
C1,20160324_170347_641_721,0.003088266133927875,0.0033573062841439905,23,-24,0.5469387755102041,0.550027041644132,0.5374035286730002,0.5407608349571442,2010,2034,5.477200031280518,45.20551505750545,35.818851470947266,both_up,False
C1,20160326_141808_1281_1,0.005233111322549952,0.07498573640883528,865,-33,0.0,0.005233111322549952,0.0,0.07498573640883528,0,33,11.460000038146973,1.0492916040727778,25.292531967163086,both_up,False
C1,20160326_141808_641_1,0.0373066424021838,0.01935483870967742,15,-41,0.0,0.0373066424021838,0.0,0.01935483870967742,0,41,17.063600540161133,10.420901822654585,25.02396583557129,both_up,False
C1,20160326_141808_641_361,0.037155669442664956,0.060861329877380126,140,-348,0.0,0.037155669442664956,0.0,0.060861329877380126,0,348,11.460000038146973,3.368501955675498,28.71041488647461,both_up,False
C1,20160326_141808_641_721,0.0,0.0,0,0,0.0,0.0,0.0,0.0,0,0,10.954400062561035,3.3148632632800314,37.62738800048828,other,True
C1,20160326_142521_1281_1,0.0,0.0,0,0,0.0,0.0,0.0,0.0,0,0,21.010000228881836,14.242107032268578,24.306467056274414,other,True
C1,20160326_142521_1281_1081,0.0,0.0,0,0,0.0,0.0,0.0,0.0,0,0,9.550000190734863,14.982489682014858,30.97530746459961,other,True
C1,20160326_142521_1281_361,-0.04018580533650211,0.0,0,372,0.048611861294155775,0.008426055957653668,0.0,0.0,450,78,12.864399909973145,20.73107061263444,26.295269012451172,other,False
C1,20160326_142521_1281_721,0.0,0.0,0,0,0.0,0.0,0.0,0.0,0,0,15.279999732971191,16.506228029313263,33.430992126464844,other,True
C1,20160326_142521_641_1,0.0,0.0,-147,0,0.0,0.0,0.0,0.0,0,0,13.369999885559082,18.774642266784653,25.92418670654297,other,True
C1,20160326_142521_641_1081,0.0,0.0,46,0,0.0,0.0,0.0,0.0,0,0,9.297200202941895,2.89845440191435,36.634098052978516,other,True
C1,20160326_142745_1281_1081,0.04525288376220054,0.0,0,-204,0.05456965394853593,0.09982253771073647,0.0,0.0,246,450,10.125800132751465,13.990707336244284,33.8179931640625,other,False
C1,20160326_142745_1281_361,0.013427381660576188,0.0489480463718334,2,-158,0.0,0.013427381660576188,0.0,0.0489480463718334,0,158,22.920000076293945,4.1226629198215505,25.684293746948242,both_up,False
C1,20160326_142745_1281_721,0.06337705051299705,0.03340844092134141,-5,-1158,0.15719831592760675,0.2205753664406038,0.0548608034892834,0.08826924441062481,2875,4033,14.774399757385254,20.286114587510482,33.26752853393555,both_up,False
C1,20160326_142745_1921_1081,0.018977753591978522,0.001249206282429513,43,-124,0.09134309357097391,0.11032084716295243,0.11417483222196016,0.11542403850438968,574,698,8.215800285339355,14.564655014624634,30.736618041992188,both_up,False
C1,20160326_142745_1_1,-0.0052233803250018584,-0.0047032197222563465,4,81,0.2504619305511309,0.24523855022612906,0.1343065693430657,0.12960334962080935,3931,3850,12.288599967956543,11.109951318832486,22.810993194580078,both_down,False
C1,20160326_142745_641_361,0.0023223184479171655,-0.023941312429903983,0,-48,0.0839421355653394,0.08626445401325657,0.039712998498247956,0.015771686068343973,1735,1783,13.369999885559082,15.505081633352262,27.65183448791504,other,False
C1,20160328_151020_1281_361,0.008331156602737533,-0.009918141205535635,-50,-122,0.5183937096321258,0.5267248662348634,0.3802042533754322,0.37028611216989654,9230,9352,7.639999866485596,27.494478088879987,33.534523010253906,other,False
C1,20160328_151020_1921_361,-0.0036450162853455814,-0.0041197557514695005,425,-143,0.4954447573297996,0.491799741044454,0.33962495243348,0.3355051966820105,8973,9116,7.387199878692627,26.6073394106338,34.265472412109375,both_down,False
C1,20160328_151020_1_1,0.06024398831652006,0.0026737548585366866,-4286,-33,0.41448633529514595,0.474730323611666,0.1716807698113135,0.17435452466985019,14226,14259,8.215800285339355,20.677773574606668,28.679378509521484,both_up,False
C1,20160328_151020_1_361,0.0059180956275747265,0.037012498115900294,-172,68,0.5454344949272166,0.5513525905547914,0.4792715048788588,0.5162840029947591,2473,2405,6.558599948883057,35.03796896417089,32.92280197143555,both_up,False
C1,20160328_151020_641_361,0.0004515833487936938,-0.010258846600862792,-247,121,0.5076676355617922,0.5081192189105859,0.33183065120716654,0.32157180460630375,5065,4944,7.387199878692627,22.13015817883344,36.50932693481445,other,False
C1,20160328_151020_641_721,0.05625895535018116,-0.004152187341375402,295,-885,0.4323031361530868,0.48856209150326796,0.42355943903648385,0.41940725169510845,5693,6578,8.215800285339355,26.084852168797582,46.87652587890625,other,False
C1,20160328_151057_1281_1,-0.013031935998153221,-0.021405870673381067,-91,141,0.6863354037267081,0.6733034677285549,0.5914636340015589,0.5700577633281778,4199,4058,6.558599948883057,48.73753381785305,29.389972686767578,both_down,False
C1,20160328_151057_1281_1081,-0.007422345252741741,0.007603873983965004,31,21,0.19961453744493393,0.1921921921921922,0.31397155668684235,0.32157543067080735,725,704,4.648600101470947,35.19580932809805,38.626548767089844,boundary_up_IoU_down,False
C1,20160328_151057_1281_361,0.004297022383541016,-0.04887483090673561,117,-112,0.6846427593758555,0.6889397817593965,0.5622391043582566,0.513364273451521,5002,5114,7.639999866485596,35.10785838357491,31.492712020874023,other,False
C1,20160328_151057_1281_721,0.00022336614916829145,-0.01608080419092689,34,-25,0.6136449710544825,0.6138683372036507,0.42003941305051445,0.40395860885958756,11342,11367,7.639999866485596,37.7235284713943,36.87308120727539,other,False
C1,20160328_151057_1921_721,-0.012195132674212683,0.006446820125531716,-119,226,0.6687835051546391,0.6565883724804265,0.4648300267000524,0.47127684682558413,8109,7883,9.297200202941895,41.668127682299726,32.021705627441406,boundary_up_IoU_down,False
C1,20160328_151057_641_1081,0.010028999281499196,0.04885058745639903,-19,-42,0.45982670342654586,0.46985570270804505,0.4939982179863246,0.5428488054427236,2335,2377,5.730000019073486,30.96835328475032,37.438228607177734,both_up,False
C1,20160328_151057_641_721,0.008185497944873665,0.007230359946869047,-45,-30,0.5893525179856115,0.5975380159304852,0.3908349489500956,0.3980653088969646,4096,4126,7.639999866485596,30.323462120261908,38.89963150024414,both_up,False
C1,20160328_151244_1281_1081,-0.00414397029012159,-0.026947732871468066,245,-102,0.8199830651989839,0.8158390949088623,0.4551116715385644,0.42816393866709634,19368,19470,25.981599807739258,10.63978574531501,14.708284378051758,both_down,False
C1,20160328_151244_1281_361,-0.0171044015476024,-0.038576124626251096,-168,591,0.7887887887887888,0.7716843872411864,0.3949065614299096,0.3563304368036585,21276,20685,19.100000381469727,15.714740518119896,16.340978622436523,both_down,False
C1,20160328_151244_1281_721,-0.005165735603247068,-0.004957727718073346,97,195,0.6960036276887286,0.6908378920854815,0.32346996243747195,0.3185122347193986,35302,35107,18.34160041809082,15.464358560825062,16.47955894470215,both_down,False
C1,20160328_151244_1921_1081,-0.07311078292524198,-0.05619242792397286,-39,478,0.20250425104343794,0.12939346811819596,0.21429700433419016,0.1581045764102173,1310,832,10.125800132751465,9.208788297137389,13.476656913757324,both_down,False
C1,20160328_151244_1921_361,-0.01565751634047652,-0.002736234808078719,118,449,0.8096364685516445,0.793978952211168,0.39432157219851105,0.39158533739043233,28062,27613,27.38599967956543,24.083282320386047,16.337377548217773,both_down,False
C1,20160328_151244_1921_721,-0.029080644814859058,-0.03915448002516525,-323,1578,0.7297977624784854,0.7007171176636263,0.3210830497761085,0.28192856975094327,33921,32343,21.0802001953125,14.895292932449792,14.98680591583252,both_down,False
C1,20160328_151244_1_1,-0.022715163885329348,0.009563717049001164,-815,1302,0.74791526885843,0.7252001049731006,0.373015024430964,0.3825787414799652,23409,22107,17.51300048828125,14.953579081418837,11.931267738342285,boundary_up_IoU_down,False
C1,20160328_151244_1_1081,-0.04877273748608424,-0.12944529838611568,-356,627,0.7008399209486166,0.6520671834625323,0.4965784628053174,0.36713316441920174,5674,5047,12.288599967956543,16.432276707854328,11.388017654418945,both_down,False
C1,20160328_151244_1_721,-0.0013289115323729117,0.00699739934934529,-360,309,0.7763210346813129,0.77499212314894,0.2929841000772999,0.2999814994266452,17527,17218,17.190000534057617,16.230222847175924,11.854634284973145,boundary_up_IoU_down,False
C1,20160328_151244_641_1,-0.015505159136464441,-0.02291909149541782,129,265,0.7870267971076138,0.7715216379711494,0.3725036098906365,0.3495845183952187,18503,18238,17.51300048828125,22.69138918938117,11.49807357788086,both_down,False
C1,20160328_151244_641_361,-0.007784275938501506,0.00873635437842235,-213,315,0.7974019088016967,0.7896176328631952,0.2914076257969608,0.30014398017538313,15039,14724,19.42300033569336,13.887186109639643,13.510601043701172,boundary_up_IoU_down,False
C1,20160328_151244_641_721,0.004592309202605116,0.011472445228860262,200,-412,0.7580573795154069,0.762649688718012,0.27925596741830766,0.2907284126471679,42831,43243,26.739999771118164,9.772167320000477,16.42444610595703,both_up,False
C1,20160328_151752_1281_361,0.006185471699789558,0.008974861787331423,103,-189,0.587287766652155,0.5934732383519445,0.2752023546725533,0.2841772164598847,12141,12330,18.847200393676758,24.102628388859372,22.79363441467285,both_up,False
C1,20160328_151752_1281_721,-0.00744889771532975,0.0006825678659485024,38,33,0.6272391991570073,0.6197903014416776,0.31026052266264126,0.31094309052858976,4762,4729,12.288599967956543,34.31616563513117,28.05998420715332,boundary_up_IoU_down,False
C1,20160328_151752_1921_721,0.017928819933115236,-0.009092802556061097,53,-493,0.5610796556270845,0.5790084755601997,0.30477607138704993,0.29568326883098883,14468,14961,13.369999885559082,21.895247815350032,22.63471031188965,other,False
C1,20160328_151752_1_361,-0.012047092685264937,-0.012044958755936197,384,8,0.6093488301273917,0.5973017374421268,0.37466162773160955,0.36261666897567335,12006,11998,11.460000038146973,14.712319784211488,23.187196731567383,both_down,False
C1,20160328_151752_1_721,0.0180607384767279,0.06923798392468994,12,-49,0.383892068683565,0.4019528071602929,0.3742184267838604,0.44345641070855035,939,988,5.730000019073486,6.990067314136809,23.702836990356445,both_up,False
C1,20160328_151752_641_361,0.015284571674345049,0.02324773346102668,364,-606,0.6144827586206897,0.6297673302950347,0.23924044206001324,0.2624881755210399,15147,15753,14.774399757385254,22.385595741979515,24.356557846069336,both_up,False
C1,20160328_152022_1281_721,0.000502491643644909,-0.005331824227615745,463,-407,0.842327630120157,0.8428301217638019,0.44631449322711164,0.4409826689994959,28111,28518,22.920000076293945,19.901570005229445,24.4195556640625,other,False
C1,20160328_152022_1921_1,-0.026775897253052294,-0.06619425325360301,1049,-322,0.6455758369485144,0.6187999396954621,0.35516540157448606,0.28897114832088305,7887,8209,26.739999771118164,20.509268538693817,21.41878890991211,both_down,False
C1,20160328_152022_1921_361,-0.006509544253692989,0.02067211466088098,454,-142,0.6739833454604253,0.6674738012067323,0.23951734539969832,0.2601894600605793,16673,16815,17.190000534057617,18.219225778729935,21.935165405273438,boundary_up_IoU_down,False
C1,20160328_152022_1921_721,-0.0018223047551735316,0.04748891227846058,16,10,0.7147356771941772,0.7129133724390037,0.33535023326895375,0.38283914554741433,8396,8386,15.279999732971191,22.97384533413883,20.013837814331055,boundary_up_IoU_down,False
C1,20160328_152022_1_1081,0.003248032864501149,0.02985665714879554,-303,134,0.5661411348115674,0.5693891676760685,0.35278758391540505,0.3826442410642006,6715,6581,9.550000190734863,18.030069272619272,19.059614181518555,both_up,False
C1,20160328_152022_1_361,-0.003811259305210868,-0.012961371325266868,-66,53,0.5703125,0.5665012406947891,0.4154003957155108,0.4024390243902439,2336,2283,9.550000190734863,23.40290260811078,22.096940994262695,both_down,False
C1,20160328_152022_1_721,-0.06603478468474211,-0.07044983318839437,66,501,0.5303688982735064,0.4643341135887643,0.3444031275063584,0.273953294317964,4270,3769,12.035799980163574,20.398908596349244,20.567811965942383,both_down,False
C1,20160328_152022_641_361,-0.012815258890116588,0.016773363508824968,333,6,0.7278454430911382,0.7150301842010216,0.25741347913184665,0.2741868426406716,13864,13858,17.190000534057617,20.961930452206673,24.678497314453125,boundary_up_IoU_down,False
C1,20160328_152022_641_721,0.0002423322993121424,-0.013889200805414226,192,-144,0.7253805529667599,0.725622885266072,0.40114632219414526,0.38725712138873103,14010,14154,15.279999732971191,18.990507296042594,25.255041122436523,other,False
C1,20160328_152305_1281_361,-0.00794643659667904,0.0007118126459271235,53,100,0.8143962589767856,0.8064498223801065,0.519975904872641,0.5206877175185681,14629,14529,22.920000076293945,30.975931352780393,33.3595085144043,boundary_up_IoU_down,False
C1,20160328_152305_1281_721,-0.006139064623010948,-0.0029796906426717285,-145,209,0.6834376904748711,0.6772986258518602,0.2924266652685663,0.2894469746258946,12334,12125,21.90880012512207,26.609019244670037,34.455238342285156,both_down,False
C1,20160328_152305_1921_361,-0.015617609207374206,0.012537796187405692,586,49,0.7210888948932721,0.7054712856858979,0.3423838686559385,0.3549216648433442,21350,21301,27.38599967956543,24.92005035592969,31.13604736328125,boundary_up_IoU_down,False
C1,20160328_152305_1921_721,0.00580702841853431,0.020537083411436674,-136,11,0.8456167571761055,0.8514237855946398,0.5288936051842619,0.5494306885956985,15260,15249,26.739999771118164,43.867402192601844,28.776235580444336,both_up,False
C1,20160328_152305_1_361,-0.009546312179051664,-0.03367592688343407,147,61,0.6592863677950594,0.6497400556160078,0.44166734722082623,0.40799142033739216,10809,10748,9.550000190734863,29.110832393708975,30.121997833251953,both_down,False
C1,20160328_152305_641_361,0.009519000099412867,-0.01165386040986599,-375,80,0.6109483134858782,0.6204673135852911,0.4069775946993687,0.39532373428950274,9799,9719,12.864399909973145,35.82720882626374,36.53199768066406,other,False
C1,20160328_152305_641_721,-0.0020111195199510323,-0.012210461005795314,353,-181,0.6586138613861386,0.6566027418661876,0.3980041305898358,0.3857936695840405,16630,16811,17.190000534057617,40.07948032053342,34.69622802734375,both_down,False
C1,20160328_152511_1281_361,-0.0009865958376503725,-0.06144610792571137,-48,25,0.3287554561907804,0.32776886035313,0.39270503439991267,0.3312589264742013,3088,3063,9.297200202941895,8.85827172357763,42.45857620239258,both_down,False
C1,20160328_152511_1281_721,-0.0729690053621837,-0.08050981401157614,-186,576,0.5711050724637681,0.49813606710158437,0.4099052274931606,0.32939541348158446,3783,3207,9.550000190734863,10.591636722723322,47.255027770996094,both_down,False
C1,20160328_152511_1921_361,0.014355935805922704,0.019441853371013285,12,-198,0.4034069776091646,0.4177629134150873,0.34090789635054397,0.36034974972155726,5423,5621,13.369999885559082,3.940665544664867,36.43970489501953,both_up,False
C1,20160328_152511_1921_721,-0.015913251650738397,0.04866681778065797,21,133,0.06682492581602374,0.050911674165285345,0.10491257285595339,0.15357939063661136,563,430,13.692999839782715,10.09116649382075,36.69053649902344,boundary_up_IoU_down,False
C1,20160328_152511_1_361,-0.012307956987365698,-0.046861459938362715,104,144,0.43921081857973476,0.42690286159236907,0.3157597834349772,0.26889832349661447,6723,6579,7.639999866485596,4.215353308508043,37.88468933105469,both_down,False
C1,20160328_152511_641_361,0.011872797355969578,0.02027005542871474,363,-367,0.47857501884895703,0.4904478162049266,0.35747800192793594,0.3777480573566507,7617,7984,11.460000038146973,13.06450821709025,42.379127502441406,both_up,False
C1,20160328_152511_641_721,-0.02249718785151856,-0.03432685132347132,0,40,0.04049493813273341,0.01799775028121485,0.09174311926605505,0.05741626794258373,72,32,11.460000038146973,17.248727226587178,48.909324645996094,both_down,False
C1,20160328_152747_1281_361,0.013724491143587592,-0.013078507527685246,463,-381,0.4235203689469639,0.43724486009055147,0.36999146270606775,0.3569129551783825,5510,5891,9.550000190734863,17.434104130228434,31.733135223388672,other,False
C1,20160328_152747_1281_721,0.029435592762624863,0.013149699305198215,-23,-50,0.504725897920605,0.5341614906832298,0.3877578979094172,0.40090759721461544,1068,1118,11.460000038146973,5.115162244179743,37.636348724365234,both_up,False
C1,20160328_152747_1921_361,0.006981097909022682,0.0172562482313533,-100,-83,0.5332687996739351,0.5402498975829578,0.25674965979310543,0.27400590802445873,10467,10550,13.369999885559082,16.03405597412339,30.430740356445312,both_up,False
C1,20160328_152747_1_361,-0.00866343203263431,-0.026052614220435144,-24,131,0.623416306454017,0.6147528744213827,0.48255238214296875,0.4564997679225336,8365,8234,9.550000190734863,11.828412841315284,32.11650085449219,both_down,False
C1,20160328_152747_641_361,-0.023629148629148666,-0.0016026341003673172,0,393,0.6328162578162578,0.6091871091871092,0.4609883232134517,0.45938568911308436,10525,10132,9.550000190734863,12.356293419240288,35.874080657958984,both_down,False
C1,20160328_153548_1281_1081,-0.1448931116389549,-0.1497585905073835,0,183,0.4782264449722882,0.3333333333333333,0.392749244712991,0.2429906542056075,604,421,17.190000534057617,5.614848433435128,32.274742126464844,both_down,False
C1,20160328_153548_1281_361,0.014220783654045333,0.044368600570675265,19,-135,0.7702782711663706,0.7844990548204159,0.5131371507489642,0.5575057513196394,6505,6640,18.34160041809082,41.67461564365584,23.77684211730957,both_up,False
C1,20160328_153548_1281_721,-0.008613693196579675,-0.057411476535780825,72,229,0.7007506718976863,0.6921369787011066,0.4027923802218458,0.345380903686065,22684,22455,16.93720054626465,23.279806150255254,32.869327545166016,both_down,False
C1,20160328_153548_1921_361,-0.004177196391000559,-0.024641463277915943,66,5,0.8403775418141439,0.8362003454231434,0.4983930031244051,0.47375153984648916,12109,12104,22.920000076293945,27.081949354950474,24.595787048339844,both_down,False
C1,20160328_153548_1921_721,0.009844045078573505,0.036323684088871155,-22,-179,0.7805513784461153,0.7903954235246888,0.4144823469231928,0.45080603101206396,15572,15751,17.190000534057617,30.137205479254533,25.640565872192383,both_up,False
C1,20160328_153548_1_1,0.005178309958852045,-0.00902966357834456,274,-295,0.6415509055741164,0.6467292155329685,0.42364492655573616,0.4146152629773916,14594,14889,13.692999839782715,31.36388182225049,19.36309814453125,other,False
C1,20160328_153548_1_1081,0.0012525087136657787,0.015887474712333705,499,-339,0.5754707752506726,0.5767232839643384,0.19521973567426915,0.21110721038660285,23531,23870,19.100000381469727,17.351689632356425,27.73834228515625,both_up,False
C1,20160328_153548_641_1,-0.01801819542581673,-0.0540941892984691,44,76,0.7092786996274975,0.6912605042016807,0.46737497610138473,0.41328078680291563,4189,4113,13.117199897766113,36.211126809484085,18.72795295715332,both_down,False
C1,20160328_153548_641_1081,0.01750562685898882,-0.013078576851087043,-95,-344,0.560212411129641,0.5777180379886299,0.27976317636646625,0.2666845995153792,12765,13109,12.864399909973145,13.559542449929708,33.08186721801758,other,False
C1,20160328_153548_641_361,-0.011285628256171243,-0.011383316961161183,21,80,0.4634300126103405,0.45214438435416926,0.36619035899960006,0.3548070420384389,3675,3595,7.639999866485596,14.880756973655295,26.96171760559082,both_down,False
C1,20160328_153548_641_721,-0.017705868136682845,-0.0286014149953156,541,3,0.6213602664661008,0.6036543983294179,0.3514376076323182,0.3228361926370026,11566,11563,12.864399909973145,26.360407651800585,35.30070495605469,both_down,False
C1,20160328_153604_1281_1,0.004063462027412146,0.0044209882508850495,-102,17,0.525008244476201,0.5290717065036131,0.35329356772102893,0.357714555971914,4776,4759,8.215800285339355,20.73235582637058,17.427371978759766,both_up,False
C1,20160328_153604_1281_361,0.014969582830109296,-0.006463577400042553,-842,95,0.5462511399230799,0.5612207227531892,0.2666979826437782,0.26023440524373564,13777,13682,13.692999839782715,19.61397418286417,17.78362274169922,other,False
C1,20160328_153604_1281_721,0.024527362787780893,0.02256976278391487,-722,-4,0.571872001805971,0.5963993645937519,0.3148041417413598,0.33737390452527466,10133,10137,10.954400062561035,22.666221926079743,22.052688598632812,both_up,False
C1,20160328_153604_1921_361,0.004893301464827471,0.012942704532848792,-174,29,0.5827097808658471,0.5876030823306746,0.29741097121448906,0.31035367574733785,8722,8693,10.125800132751465,17.21589647954889,17.83955192565918,both_up,False
C1,20160328_153604_1921_721,0.001056978089292171,0.020300179787133915,-212,93,0.5074925074925075,0.5085494855817997,0.22552980367141542,0.24582998345854934,7112,7019,12.288599967956543,5.990797285486224,18.98151969909668,both_up,False
C1,20160328_153604_1_1,-0.0074244142721227036,-0.027096071170200353,55,67,0.7255298382598996,0.7181054239877769,0.38441229059163406,0.3573162194214337,10407,10340,14.774399757385254,28.262110251279807,18.8658447265625,both_down,False
C1,20160328_153604_1_361,0.005041065619317275,0.0018011266358822775,-8,-76,0.615528298362493,0.6205693639818103,0.28043228112363033,0.2822334077595126,9886,9962,13.117199897766113,14.705132659355385,18.63193702697754,both_up,False
C1,20160328_153604_641_1,0.033466719605035555,0.006403002649707112,-334,-201,0.6463919943710421,0.6798587139760777,0.3730862533406187,0.3794892559903258,8268,8469,12.864399909973145,31.86284969676177,18.347339630126953,both_up,False
C1,20160328_153604_641_1081,0.019042865664962272,0.02388368291191012,169,-542,0.7235277980980249,0.7425706637629872,0.3055400490862952,0.3294237319982053,15825,16367,19.675800323486328,22.682127356791796,26.392833709716797,both_up,False
C1,20160328_153604_641_361,-0.010605938739854381,0.017983293789336108,238,99,0.6129879222825135,0.6023819835426591,0.3618909835402016,0.3798742773295377,14008,13909,9.550000190734863,27.129386835507844,15.757098197937012,boundary_up_IoU_down,False
C1,20160328_153604_641_721,-0.0027081560867616705,-0.004366655157935495,154,-45,0.6191560906822866,0.6164479345955249,0.3335624288476048,0.3291957736896693,11416,11461,11.460000038146973,26.065817934270598,20.23165512084961,both_down,False
C1,20160328_153620_1281_1081,0.007340639148410322,0.0064460544406186315,1,-23,0.7211601845748187,0.728500823723229,0.5818727041007571,0.5883187585413757,2188,2211,13.369999885559082,41.270337761369206,30.688369750976562,both_up,False
C1,20160328_153620_1281_361,-0.0013906625442812182,0.008454692830422883,15,66,0.6296555793200088,0.6282649167757276,0.3650821453868677,0.37353683821729056,34150,34084,19.100000381469727,22.561935882027626,19.83484649658203,boundary_up_IoU_down,False
C1,20160328_153620_1281_721,0.012034546938112567,0.04264631035277988,-276,-138,0.7115213285342646,0.7235558754723772,0.39148654360474966,0.43413285395752954,19966,20104,10.954400062561035,31.873711207687762,28.347856521606445,both_up,False
C1,20160328_153620_1921_1081,0.0025946164911685443,0.013645995258990684,63,-79,0.788625845496618,0.7912204619877865,0.5349129717638376,0.5485589670228282,8861,8940,13.692999839782715,41.88260572563492,26.751216888427734,both_up,False
C1,20160328_153620_1921_361,0.004309156256526836,0.0064330540718845475,-59,-96,0.814054893528059,0.8183640497845859,0.4686524445783454,0.4750854986502299,27257,27353,17.51300048828125,32.41045084486511,18.866636276245117,both_up,False
C1,20160328_153620_1_361,0.01022007116793433,0.021223178502881135,30,-378,0.8370387547465143,0.8472588259144487,0.47652032675679545,0.4977435052596766,28877,29255,21.0802001953125,19.869279285113336,24.33167266845703,both_up,False
C1,20160328_153620_1_721,0.007443371121792719,0.02686327654971321,13,-61,0.8847370800060268,0.8921804511278195,0.6112468180298785,0.6381100945795917,5872,5933,21.90880012512207,38.1044838426767,27.85971450805664,both_up,False
C1,20160328_153620_641_361,0.0010630872659989077,-0.009416458179266063,36,-37,0.7751173708920188,0.7761804581580177,0.5824743876017981,0.5730579294225321,6604,6641,10.954400062561035,35.71966962955223,23.31382179260254,other,False
C1,20160328_153620_641_721,-0.0005608252777375977,0.014647342978802602,122,-62,0.763951435673884,0.7633906103961464,0.4106641660033366,0.4253115089821392,42410,42472,15.279999732971191,31.1836460401059,32.79425048828125,boundary_up_IoU_down,False
C1,20160328_153629_1281_361,0.012566370088073375,0.02833902680067646,-5,-110,0.9336254107338444,0.9461917808219178,0.7955823910216867,0.8239214178223632,8524,8634,32.03459930419922,19.184365034021127,21.160314559936523,both_up,False
C1,20160328_153629_1281_721,-0.0006861054360728369,-0.014767434576842653,89,-54,0.8083563535911602,0.8076702481550874,0.5146121771600456,0.49984474258320294,21069,21123,16.43160057067871,31.24745465925912,30.116613388061523,both_down,False
C1,20160328_153629_1921_361,-0.0014483361587059873,-0.013689061313127082,-53,93,0.8510098722941762,0.8495615361354703,0.5697719031998891,0.556082841886762,28188,28095,19.675800323486328,27.126564286288414,19.000532150268555,both_down,False
C1,20160328_153629_1_361,0.011259820669334175,0.03588622581872308,232,-620,0.844585749018141,0.8558455696874752,0.4672901521076183,0.5031763779263414,31612,32232,19.100000381469727,25.741548290658997,22.482072830200195,both_up,False
C1,20160328_153629_641_361,0.020518269568296832,-0.052122717314117994,-340,16,0.7618187787261983,0.7823370482944951,0.49036381748767616,0.43824110017355816,9282,9266,14.774399757385254,24.291360470286705,24.586538314819336,other,False
C1,20160328_153629_641_721,0.0017359823461751134,-0.012607365382666103,230,-252,0.8550752117305018,0.8568111940766769,0.49754561329957375,0.48493824791690765,27058,27310,21.010000228881836,28.663036612497905,33.65458297729492,other,False
C1,20160328_153829_1281_361,0.00383444220728002,0.012893207367670245,-15,-141,0.7492572637091495,0.7530917059164295,0.43411990177876264,0.4470131091464329,29759,29900,12.288599967956543,41.83715753227982,16.334802627563477,both_up,False
C1,20160328_153829_1281_721,0.024277590787660785,0.019140779581344303,-98,-53,0.606175972927242,0.6304535637149028,0.45830413454800284,0.47744491412934714,2866,2919,7.639999866485596,43.92536899871854,23.69110107421875,both_up,False
C1,20160328_153829_1921_1,-0.0005432789183967834,0.0011700212461123738,2,13,0.679430906614197,0.6788876276958002,0.418644430929146,0.41981445217525837,17956,17943,9.297200202941895,36.77414273820342,16.09865951538086,boundary_up_IoU_down,False
C1,20160328_153829_1921_361,-0.03490560672356546,-0.04682840217009554,-100,220,0.7412946950222015,0.706389088298636,0.6476880876136274,0.6008596854435319,3172,2952,11.460000038146973,29.99331781460198,14.89121150970459,both_down,False
C1,20160328_153829_1_1,0.0022796654455947696,0.0026263551922768302,155,-159,0.6875629295626668,0.6898425950082616,0.4688784026602153,0.47150475785249213,15706,15865,8.468600273132324,35.65986253141885,16.700273513793945,both_up,False
C1,20160328_153829_1_721,0.007215581965304363,0.010938295677141718,69,-110,0.7384767069263002,0.7456922888916045,0.381627742904177,0.3925660385813187,5992,6102,13.369999885559082,30.898548081376873,21.499265670776367,both_up,False
C1,20160328_153829_641_1,0.015386315372905135,0.02829788981188569,88,-354,0.7457917872842286,0.7611781026571337,0.46318370308746376,0.49148159289934945,13912,14266,13.117199897766113,37.19416449821384,16.788198471069336,both_up,False
C1,20160328_153829_641_1081,0.04097132312662588,-0.03143409512589351,-365,-152,0.5766391663048198,0.6176104894314457,0.3864591443284441,0.35502504920255057,5312,5464,9.297200202941895,21.174602074080255,25.850229263305664,other,False
C1,20160328_153829_641_361,0.0038796437499603043,0.03604438886192707,-62,11,0.755110824187648,0.7589904679376083,0.5162322831778733,0.5522766720398004,7018,7007,9.550000190734863,43.417239063946425,20.90928840637207,both_up,False
C1,20160328_153829_641_721,-0.0021045943273054757,-0.040297589057064376,103,-68,0.7241493227618103,0.7220447284345048,0.7077534385623967,0.6674558495053323,2192,2260,5.730000019073486,52.53694694189831,25.281391143798828,both_down,False
C1,20160329_103807_1081_1,-0.03465104929233773,-0.07912087912087912,-200,71,0.03465104929233773,0.0,0.07912087912087912,0.0,71,0,6.558599948883057,10.262959015448288,48.741024017333984,both_down,True
C1,20160329_103807_361_1,-0.04079044544679378,-0.057768927211224855,-383,1165,0.4074368978421849,0.3666464523953911,0.174974036151871,0.11720510894064613,10234,9069,30.12459945678711,14.188576133386618,50.77566146850586,both_down,False
C1,20160329_103807_361_1281,-0.018838710352866994,-0.029362124535843775,388,489,0.582048619431797,0.56320990907893,0.2608662347335776,0.23150411019773384,21860,21371,17.190000534057617,16.201536180163345,65.36714172363281,both_down,False
C1,20160329_103807_361_1921,-0.004920485256740215,-0.02590601471672585,-12,184,0.47018753447324874,0.4652670492165085,0.17476781684825216,0.1488618021315263,17049,16865,18.34160041809082,16.92217039917665,55.20507049560547,both_down,False
C1,20160329_103807_361_641,-0.020409169206925037,-0.006072702925038559,140,926,0.5567674461275,0.5363582769205749,0.14324709047678638,0.13717438755174782,27310,26384,28.397199630737305,18.277104453583576,66.49139404296875,both_down,False
C1,20160329_103807_721_1,-0.014217028886305882,0.013704773578767232,-188,453,0.47424359968968194,0.46002657080337606,0.19712260129355147,0.2108273748723187,12226,11773,19.100000381469727,6.906985887651814,50.30990219116211,boundary_up_IoU_down,False
C1,20160329_103807_721_1281,0.0,0.0,0,0,0.0,0.0,0.0,0.0,0,0,9.297200202941895,33.58895503751519,52.58701705932617,other,True
C1,20160330_165956_1281_721,0.03471104731861263,0.04513975334224429,-57,-341,0.44030554507732933,0.47501659239594196,0.571045604569911,0.6161853579121553,4669,5010,5.730000019073486,24.86967692748071,16.53260612487793,both_up,False
C1,20160330_165956_1921_721,-0.02646191874543835,-0.014582933565455258,-30,216,0.5951050811386007,0.5686431623931624,0.6617940518107277,0.6472111182452724,4474,4258,5.477200031280518,30.906561319415886,14.845766067504883,both_down,False
C1,20160330_165956_1_1081,-0.014368436141988794,-0.008267488273271173,-18,169,0.6632569184400402,0.6488884822980514,0.5447389916091185,0.5364715033358474,7262,7093,7.387199878692627,23.711229366383648,11.885311126708984,both_down,False
C1,20160330_165956_1_721,-0.03826444508641552,-0.026355558599916618,-118,240,0.2023933402705515,0.16412889518413598,0.30796315496038856,0.28160759636047195,1167,927,3.819999933242798,25.573752439869395,13.759791374206543,both_down,False
C1,20160330_165956_641_721,0.021171746342832143,0.043433682115064154,-111,-156,0.6015235587322486,0.6226953050750808,0.6195563723359783,0.6629900544510424,6396,6552,5.730000019073486,27.86507416142844,16.7451114654541,both_up,False
C1,20160330_170359_1281_721,-0.023786165314005236,-0.011698439532891847,-257,1127,0.5986786174063009,0.5748924520922957,0.2518248722776957,0.24012643274480383,24647,23520,28.649999618530273,41.862284433916145,48.88669204711914,both_down,False
C1,20160330_170359_1921_361,-0.01290844811449976,-0.03268253933333182,-113,339,0.7580424540250266,0.7451340059105268,0.5068126749210687,0.4741301355877369,14963,14624,29.29599952697754,34.58282663823595,41.10234832763672,both_down,False
C1,20160330_170359_1921_721,0.006910007004737095,0.006883260391911394,-51,-127,0.7641462401329455,0.7710562471376826,0.4774989210942099,0.4843821814861213,18393,18520,37.947200775146484,67.40323092351171,43.7650032043457,both_up,False
C1,20160330_170359_1_721,-0.014629167662472131,0.02498635259001178,-1250,1402,0.6687277825063837,0.6540986148439115,0.22991147429349676,0.25489782688350854,26713,25311,24.829999923706055,26.204770163678376,39.89041519165039,boundary_up_IoU_down,False
C1,20160330_170359_641_721,-0.008361014433017067,0.00023019746083513537,-75,335,0.7277324924138752,0.7193714779808581,0.2879321875668053,0.2881623850276404,24462,24127,21.0802001953125,48.95530877382558,50.574729919433594,boundary_up_IoU_down,False
C1,20160330_172309_1281_361,0.00555397329331031,0.0036044587634425085,168,-168,0.7188962207558488,0.7244501940491591,0.7346231121746393,0.7382275709380818,5992,6160,7.387199878692627,24.38791570263325,16.947128295898438,both_up,False
C1,20160330_172309_1281_721,0.003932172352821284,0.026068713080334982,-212,36,0.7158082903301967,0.719740462683018,0.36729722931153136,0.39336594239186634,21223,21187,15.279999732971191,13.651302871104889,21.475406646728516,both_up,False
C1,20160330_172309_1921_361,0.010679982235733854,-0.016730857607230365,133,-295,0.7779338239424751,0.788613806178209,0.4339839949164995,0.41725313730926916,13848,14143,23.81879997253418,12.090086896222417,16.964006423950195,other,False
C1,20160330_172309_1921_721,-0.003529303240221715,-0.016444093423743644,286,-113,0.6766964008343319,0.6731670975941102,0.3431091273953073,0.32666503397156366,15248,15361,16.93720054626465,24.218134287755504,19.488767623901367,both_down,False
C1,20160330_172309_1_721,0.014896356351119189,0.007622562212946826,52,-351,0.7235644507981892,0.7384608071493084,0.45036303334528505,0.4579855955582319,15184,15535,13.692999839782715,27.363557329908744,18.248905181884766,both_up,False
C1,20160330_172309_641_361,0.14456724044860436,0.038137346679582684,115,-350,0.5179514255543822,0.6625186660029866,0.5537223340040242,0.5918596806836068,981,1331,8.215800285339355,21.861224977395906,18.068052291870117,both_up,False
C1,20160330_172309_641_721,0.043460188188574334,0.0646391467440458,73,-1459,0.5703134603564843,0.6137736485450587,0.3323732187924087,0.3970123655364545,18558,20017,12.288599967956543,23.503234694086274,21.801979064941406,both_up,False
C1,20160402_150314_1281_1081,0.025185643507549205,0.030792502918941145,-62,-38,0.3226215644820296,0.3478072079895788,0.3794553954612739,0.410247898380215,763,801,7.387200355529785,25.928630568445968,29.64834213256836,both_up,False
C1,20160402_150314_1281_361,-0.031228841430608,-0.1005978366918171,344,-24,0.7388272132080843,0.7075983717774763,0.5380529352504808,0.4374550985586637,5191,5215,8.215800285339355,35.27178422492078,26.078874588012695,both_down,False
C1,20160402_150314_1281_721,-0.006649274588895304,-0.03395729819435889,27,73,0.7009711552398898,0.6943218806509945,0.5441952616697324,0.5102379634753735,9672,9599,9.297200202941895,38.95318955024493,29.700613021850586,both_down,False
C1,20160402_150314_1921_1,-0.00708667270111063,-0.03204383520793963,84,23,0.6526885667094879,0.6456018940083773,0.4428669248710761,0.41082308966313646,7113,7090,10.125800132751465,17.70724073182761,26.644287109375,both_down,False
C1,20160402_150314_1921_361,-0.0007140218864172265,0.008950990105174528,33,-23,0.7630708140304434,0.7623567921440262,0.7904603844595743,0.7994113745647489,2306,2329,7.639999866485596,20.37380233782814,27.788381576538086,boundary_up_IoU_down,False
C1,20160402_150314_1_361,0.0034752253433081304,0.01410843971517206,-22,-95,0.7259498028415847,0.7294250281848929,0.42637613646306105,0.4404845761782331,23197,23292,15.279999732971191,22.393586022664493,19.816423416137695,both_up,False
C1,20160402_150314_1_721,-0.05451411333764272,-0.039269908734161585,0,506,0.315018315018315,0.2605042016806723,0.25257621977591066,0.21330631104174907,2924,2418,8.215800285339355,19.3298302337829,21.28631591796875,both_down,False
C1,20160402_150314_641_361,-0.020362082696800066,-0.002271705927109069,25,160,0.6737875288683602,0.6534254461715602,0.4098851523095964,0.4076134463824873,5835,5675,11.460000038146973,17.59283236553253,23.648948669433594,both_down,False
C1,20160402_150314_641_721,0.00042405994058303254,0.007289647695025825,153,-85,0.4812591453119724,0.4816832052525554,0.37117864198814593,0.37846828968317175,12827,12912,9.550000190734863,23.800193749588885,28.481443405151367,both_up,False
C1,20160402_151049_1281_721,0.000261635559070883,-0.00268731119793153,184,-173,0.8863034029471006,0.8865650385061715,0.524321189965965,0.5216338787680335,33442,33615,24.829999923706055,10.990156691170895,26.970449447631836,other,False
C1,20160402_151049_1921_1081,0.01284556253986513,0.042675847686403034,176,-396,0.8318790900592085,0.8447246525990736,0.37437769664785925,0.4170535443342623,16017,16413,24.829999923706055,17.572371515519393,25.75539207458496,both_up,False
C1,20160402_151049_1921_721,0.0032170095460083425,0.022877308113928074,-45,-35,0.8824136152656008,0.8856306248116091,0.5323092742809941,0.5551865823949221,20532,20567,24.64739990234375,13.997144577128381,23.515317916870117,both_up,False
C1,20160402_151049_1_361,0.02369522590494677,0.04547739724756278,-375,-337,0.8029664896539095,0.8266617155588563,0.4467191479520926,0.4921965451996554,21925,22262,15.855799674987793,19.041048118126255,19.965730667114258,both_up,False
C1,20160402_151049_1_721,-0.006481283030478346,-0.025188459311073275,254,-27,0.6588158325155381,0.6523345494850598,0.4187493031178029,0.3935608438067296,14098,14125,9.550000190734863,10.36807916839085,21.636356353759766,both_down,False
C1,20160402_151049_641_361,0.018318226963487394,0.05760870047664768,-112,37,0.7431714719271624,0.7614896988906498,0.5721520656797126,0.6297607661563602,1959,1922,12.288599967956543,12.217261163592497,22.237512588500977,both_up,False
C1,20160402_151049_641_721,0.002354148588266991,0.015197868553995963,199,-275,0.8484996992715689,0.8508538478598359,0.4244264776079829,0.4396243461619789,38090,38365,26.739999771118164,12.039894048993276,28.307340621948242,both_up,False
C1,20160402_151054_1281_1081,0.0017962682808526642,-0.0017674781653734262,49,-73,0.8007254107104758,0.8025216789913284,0.34442106831002955,0.34265359014465613,15012,15085,21.010000228881836,10.211078884477658,27.113550186157227,other,False
C1,20160402_151054_1281_361,0.028533935861437154,0.07041532628883296,41,-216,0.8754584595758252,0.9039923954372624,0.6526757500681127,0.7230910763569457,5490,5706,20.5044002532959,0.31121031979135694,17.28053092956543,both_up,False
C1,20160402_151054_1281_721,-0.0189416399552903,-0.048365255084659386,-27,887,0.8531080873814062,0.8341664474261159,0.4636673504556556,0.4153020953709962,38935,38048,26.55739974975586,7.494133315351164,25.556114196777344,both_down,False
C1,20160402_151054_1921_361,0.01955729184948063,0.008921049096353828,90,-392,0.7296336466618463,0.7491909385113269,0.5057563246821745,0.5146773737785283,12109,12501,10.954400062561035,9.656433936117665,18.838964462280273,both_up,False
C1,20160402_151054_1_361,0.0016762227886872871,0.006854276310314045,-90,-46,0.7864157002164658,0.7880919230051531,0.38340205451235626,0.3902563308226703,54858,54904,31.135799407958984,14.400990126484459,17.64834213256836,both_up,False
C1,20160402_151054_1_721,0.0,0.0,0,0,0.0,0.0,0.0,0.0,0,0,21.90880012512207,6.45573524885485,20.166301727294922,other,True
C1,20160402_151054_641_361,0.004850142483840969,0.008924865688956896,-37,-26,0.8481631277384564,0.8530132702222973,0.6108683936571936,0.6197932593461505,10066,10092,20.25160026550293,29.58534945107928,16.3519344329834,both_up,False
C1,20160402_151054_641_721,-0.014335184031520454,-0.04879406946345288,458,-41,0.876483694551347,0.8621485105198265,0.5966707444142275,0.5478766749507746,21636,21677,22.920000076293945,13.554917721843736,23.339040756225586,both_down,False
C1,20160405_171348_1281_361,-0.07252861259491988,-0.03029087303921152,4,94,0.38004569687738005,0.30751708428246016,0.34005763688760804,0.3097667638483965,499,405,15.279999732971191,35.76861019435276,52.243595123291016,both_down,False
C1,20160405_171348_1281_721,0.0029452216050513957,0.008779433952811111,-308,104,0.7509304783347884,0.7538756999398398,0.3341767877508033,0.3429562217036144,32685,32581,22.920000076293945,38.40621720779093,64.06812286376953,both_up,False
C1,20160405_171348_1921_721,-0.0011157749814596496,-0.007788237404377951,-50,84,0.667099471830986,0.6659836968495263,0.2720531185269645,0.26426488112258656,30313,30229,19.100000381469727,35.11280883726445,55.88145065307617,both_down,False
C1,20160405_171348_1_721,-0.0034370790536394358,0.02357855604340986,-84,223,0.599224960254372,0.5957878812007326,0.24345381599361965,0.2670323720370295,30153,29930,15.279999732971191,35.053169134177196,54.222251892089844,boundary_up_IoU_down,False
C1,20160405_171348_641_721,0.0009471366374852463,0.02689115745681553,-222,120,0.7109312749003984,0.7118784115378837,0.3127345594330744,0.3396257168898899,28551,28431,19.100000381469727,42.43068002091347,65.95393371582031,both_up,False
C1,20160407_163130_1281_721,-0.011765387558231866,0.0012680943253586818,251,81,0.7698312876783623,0.7580659001201304,0.4625005970856092,0.4637686914109679,17750,17669,13.369999885559082,33.11099992295196,38.901729583740234,boundary_up_IoU_down,False
C1,20160407_163130_1921_721,-0.003139173401581319,-0.02567469078363055,178,-73,0.7627050214483977,0.7595658480468164,0.49893258758995673,0.4732578968063262,15113,15186,12.288599967956543,37.60108648045976,29.953941345214844,both_down,False
C1,20160407_163130_1_361,-0.0024112295446753196,-0.026024707133345926,-68,52,0.6608811748998665,0.6584699453551912,0.514955575196539,0.4889308680631931,1980,1928,9.550000190734863,27.881029082027226,29.900209426879883,both_down,False
C1,20160407_163130_1_721,-0.0019421160292779627,0.007167532309278801,45,6,0.7142492599775442,0.7123071439482662,0.47468840286404174,0.48185593517332054,13995,13989,12.864399909973145,27.148584529990927,31.67229652404785,boundary_up_IoU_down,False
C1,20160407_163130_641_721,0.008999138267776319,0.031270837149475206,246,-384,0.7394201332613002,0.7484192715290765,0.38956329894039365,0.42083413608986886,16424,16808,14.198599815368652,21.862032031974678,40.12064743041992,both_up,False
C1,20160407_163257_1281_1,0.0037400919215790918,0.0006904187209599288,-76,4,0.771122921777051,0.7748630136986301,0.33943933104734403,0.34012974976830396,11317,11313,13.692999839782715,24.946717496393987,16.096254348754883,both_up,False
C1,20160407_163257_1281_361,0.003956743533196416,-0.013803247368081029,138,-172,0.783638522592338,0.7875952661255344,0.5690459945190794,0.5552427471509984,12539,12711,11.207200050354004,36.811297108322265,18.24363899230957,other,False
C1,20160407_163257_1281_721,0.012793967521069316,0.013127123122414153,42,-136,0.7609394313967861,0.7737333989178554,0.5160630146977446,0.5291901378201588,6156,6292,9.550000190734863,25.36731999647246,22.1820125579834,both_up,False
C1,20160407_163257_1921_1081,-0.019412120600023397,-0.015442435040428193,297,3,0.5898446295879306,0.5704325089879072,0.3744400391328973,0.3589976040924691,5239,5236,7.639999866485596,18.682698112785644,21.304649353027344,both_down,False
C1,20160407_163257_1921_721,0.00601477709930609,0.007828351311662374,-49,-12,0.7259361648655441,0.7319509419648502,0.5261403519550082,0.5339687032666706,5777,5789,8.468600273132324,23.849599918179834,20.766359329223633,both_up,False
C1,20160407_163257_1_1,-0.010478755445681998,-0.023265475689680293,405,-161,0.7609237536656891,0.7504449982200071,0.6011259517655123,0.577860476075832,10379,10540,9.297200202941895,27.068862237880055,18.35757827758789,both_down,False
C1,20160407_163257_641_361,0.012858044829283766,0.015724524689575192,-71,-118,0.6729404504782475,0.6857984953075312,0.4804720475992933,0.4961965722888685,8724,8842,7.639999866485596,30.964201792393865,16.75684928894043,both_up,False
C1,20160407_165001_1281_1081,0.010577951747256398,0.0008874306503239837,-305,91,0.5157462345960748,0.5263241863433312,0.33836266748564875,0.33925009813597273,3390,3299,5.730000019073486,18.745988059906082,22.751174926757812,both_up,False
C1,20160407_165001_1281_361,-0.013849902775119438,-0.028912927502297847,342,-6,0.6841615484831566,0.6703116457080371,0.3946241692814779,0.3657112417791801,11028,11034,12.864399909973145,20.103031213038918,23.67595672607422,both_down,False
C1,20160407_165001_1281_721,-0.019838772156613116,0.020536781268411963,334,-68,0.6202664271815597,0.6004276550249465,0.49848495786202285,0.5190217391304348,4144,4212,11.460000038146973,26.12046792210228,25.439496994018555,boundary_up_IoU_down,False
C1,20160407_165001_1921_361,0.0003355021063823349,0.06484656261925392,-48,23,0.52217384292856,0.5225093450349423,0.34353493834409865,0.4083815009633526,3238,3215,9.550000190734863,8.476228168328106,23.8717098236084,both_up,False
C1,20160407_165001_1921_721,0.01878023420202335,0.015640599702713254,849,-688,0.595819209039548,0.6145994432415713,0.5234318359771483,0.5390724356798615,5273,5961,6.558599948883057,17.513715823373616,22.15146255493164,both_up,False
C1,20160407_165001_1_1081,-0.041997703097469086,-0.07940598833127074,53,185,0.13233016154016375,0.09033245844269466,0.2548032954375868,0.17539730710631604,598,413,5.477200031280518,16.783396736801365,20.189083099365234,both_down,False
C1,20160407_165001_1_721,-0.0032514160928144298,0.021600095111120377,208,-97,0.7727764887857695,0.7695250726929551,0.5415193949175007,0.563119490028621,14988,15085,11.460000038146973,28.2460495026302,21.604562759399414,boundary_up_IoU_down,False
C1,20160407_165001_641_1081,0.003091062169500558,0.009037293931674184,-4,-6,0.28817946505608283,0.2912705272255834,0.36092216170524954,0.36995945563692373,668,674,5.477200031280518,23.77870567206905,24.50098991394043,both_up,False
C1,20160407_165001_641_361,0.004434910043822571,0.025840230461630198,181,-221,0.7895340830846913,0.7939689931285139,0.5613930879926958,0.587233318454326,13760,13981,12.035799980163574,23.9877135041651,23.464767456054688,both_up,False
C1,20160407_165001_641_721,-0.004103587234480455,-0.026677053652386262,-4,10,0.6790331646992692,0.6749295774647888,0.5764479824320614,0.5497709287796751,1208,1198,8.215800285339355,42.35576551533791,27.069761276245117,both_down,False
C1,IMG_2931_1297_485,0.0019333510896643036,0.012424728042297106,27,-25,0.6506024096385542,0.6525357607282185,0.6330357360455576,0.6454604640878547,2484,2509,9.297200202941895,50.21081629811563,70.70835876464844,both_up,False
C1,IMG_2931_1297_969,-0.03128710094601733,0.02078238085907763,-499,707,0.5035512777962164,0.4722641768501991,0.13493046039471407,0.1557128412537917,7586,6879,10.378600120544434,93.93555806530281,64.53716278076172,boundary_up_IoU_down,False
C1,IMG_2931_1945_485,0.00612168903739152,0.017820750901079596,-96,29,0.7557897656358341,0.7619114546732256,0.4705324902374067,0.48835324113848627,5450,5421,10.125800132751465,71.83440603562556,73.48895263671875,both_up,False
C1,IMG_2931_1945_969,0.0011771679238526955,0.03207849497624127,-240,123,0.5580956375838926,0.5592728055077453,0.21695735063947225,0.2490358456157135,5322,5199,9.297200202941895,81.51141282405612,59.59674072265625,both_up,False
C1,IMG_2931_1_485,-0.0015694658854825683,0.02295607326062693,-291,257,0.7578307620383357,0.7562612961528531,0.4056416184971098,0.4285976917577367,17831,17574,12.864399909973145,75.24172262684914,71.79118347167969,boundary_up_IoU_down,False
C1,IMG_2931_649_485,0.013136030596438864,-0.008235508848706663,-547,178,0.7334207675201003,0.7465567981165392,0.48357924000602903,0.47534373115732237,12862,12684,10.954400062561035,74.6814535833102,73.02434539794922,other,False
C1,IMG_2931_649_969,-0.09016383946802137,0.02744367291370689,-141,215,0.38082901554404147,0.2906651760760201,0.1713221601489758,0.1987658330626827,735,520,9.297200202941895,78.93232734453086,69.33585357666016,boundary_up_IoU_down,False
C1,IMG_2941_1297_485,0.020904084091693087,0.08202139014387294,-446,39,0.7415636717122622,0.7624677558039553,0.43680817626143315,0.5188295664053061,10680,10641,10.125800132751465,60.89195620627559,64.37071990966797,both_up,False
C1,IMG_2941_1297_969,-0.008674726159731083,-0.03329265743226312,-131,136,0.4972888299795156,0.48861410381978454,0.33234440540953364,0.2990517479772705,4127,3991,6.558599948883057,79.11907652277583,56.98193359375,both_down,False
C1,IMG_2941_1945_485,0.009452672146821217,0.02815354425118133,-289,36,0.7152122962882215,0.7246649684350427,0.3849731906976206,0.4131267349488019,13122,13086,9.550000190734863,75.57702384287585,66.21858215332031,both_up,False
C1,IMG_2941_1_485,0.009004764282934508,0.017844470028189452,11,-61,0.6149367930805056,0.6239415573634401,0.5028070881261087,0.5206515581542982,3697,3758,9.550000190734863,20.782235336647247,70.17195892333984,both_up,False
C1,IMG_2941_1_969,-0.0033082681615623777,0.014889119107488802,-668,410,0.5438679564364473,0.5405596882748849,0.22443415666586622,0.23932327577335502,8040,7630,11.460000038146973,64.76431873824079,62.515411376953125,boundary_up_IoU_down,False
C1,IMG_2941_649_969,0.0036920075845044975,-0.01397408346133533,-544,292,0.6510812054290315,0.654773213013536,0.3590006676995816,0.3450265842382463,11321,11029,9.297200202941895,70.15962144386643,62.500083923339844,other,False
C1,IMG_2942_1297_485,0.048701894887770436,0.20299787789184418,-3226,1064,0.43034901365705613,0.47905090854482657,0.24486440269221496,0.44786228058405914,4254,3190,5.730000019073486,4.932724190606038,37.14627456665039,both_up,False
C1,IMG_2942_1945_485,0.03313180980340813,0.051457692233154134,-2804,428,0.2602820211515864,0.2934138309549945,0.17228315054835494,0.22374084278150908,3101,2673,3.819999933242798,13.419937935515676,39.027374267578125,both_up,False
C1,IMG_2942_1_485,-0.024697106458139273,0.20956009862195912,-3894,1815,0.42080463936208773,0.39610753290394846,0.2185561847723259,0.42811628339428504,4644,2829,4.648600101470947,11.89670348221182,38.92764663696289,boundary_up_IoU_down,False
C1,IMG_2942_649_485,0.10708428549385834,0.07640482843309951,-5737,937,0.2256500661084178,0.33273435160227616,0.22225370658977076,0.29865853502287026,2048,1111,4.234300136566162,6.554741045354305,38.45912551879883,both_up,False
C2,20160222_080850_1281_361,-0.04769680977631868,0.02559486424465679,4079,-195,0.5079941036398684,0.46029729386354973,0.31736109061315365,0.34295595485781044,17920,18115,15.279999732971191,68.78466112407327,79.35433959960938,boundary_up_IoU_down,False
C2,20160222_080850_1281_721,0.041175728019878954,0.02741118633279277,-224,-55,0.4292682926829268,0.4704440207028058,0.3765990107453522,0.40401019707814495,1672,1727,5.730000019073486,50.93769879898373,85.2051773071289,both_up,False
C2,20160222_080850_1921_1,0.0,0.0,560,0,0.0,0.0,0.0,0.0,0,0,9.550000190734863,12.23499977810323,68.14149475097656,other,True
C2,20160222_080850_1921_361,-0.020970073438372094,-0.022513458226944505,-928,1085,0.7029358564074023,0.6819657829690302,0.37107906716512806,0.34856560893818356,15156,14071,13.945799827575684,35.326350774395124,68.42855834960938,both_down,False
C2,20160222_080850_1_361,0.03258052842285031,0.07239290072628185,-2105,549,0.7162385030130035,0.7488190314358538,0.39843758320307976,0.4708304839293616,22583,22034,15.602999687194824,46.66894039557289,70.14830780029297,both_up,False
C2,20160222_080850_641_361,0.004283078312308897,-0.005691112120647018,-729,266,0.5280516473106207,0.5323347256229296,0.22837919019584288,0.22268807807519586,15050,14784,10.378600120544434,41.93213843644613,84.3813705444336,other,False
C2,20160222_080850_641_721,-0.008215451314790012,0.022075490031958467,156,-28,0.4818263205013429,0.4736108691865529,0.2954679104740173,0.3175434005059758,2691,2719,6.558599948883057,41.45116772350427,85.68748474121094,boundary_up_IoU_down,False
C2,20160222_115224_1281_1,0.03465116308822888,0.0027925105371111036,716,-347,0.22465635738831616,0.25930752047654504,0.37995644715545945,0.38274895769257056,1046,1393,3.819999933242798,56.48056281126912,54.61585235595703,both_up,False
C2,20160222_115224_1281_1081,0.025268043369034654,0.019380223122527407,-67,-111,0.6807661612130886,0.7060342045821233,0.6186083396639938,0.6379885627865212,4265,4376,7.387199878692627,60.5500166304111,58.8233528137207,both_up,False
C2,20160222_115224_1281_361,0.0010462209480843754,0.020363501617435914,129,-21,0.14602683178534573,0.1470730527334301,0.1911772099711404,0.21154071158857632,283,304,3.819999933242798,63.576421148578625,57.92909622192383,both_up,False
C2,20160222_115224_1281_721,0.059183411624777915,0.09969760143072598,-626,-66,0.5630765233207743,0.6222599349455522,0.4565113442827286,0.5562089457134546,4334,4400,5.730000019073486,71.72195966536904,62.52579116821289,both_up,False
C2,20160222_115224_1921_1081,-0.048096681494311705,-0.04482465970129945,-7,66,0.29020194465220644,0.24210526315789474,0.34956457745615116,0.3047399177548517,388,322,7.387199878692627,44.77156931131212,55.889060974121094,both_down,False
C2,20160222_115224_641_1,0.009287978500595817,0.030282759857292674,28,-101,0.5145777299623453,0.5238657084629411,0.53976081911433,0.5700435789716227,4783,4884,4.648600101470947,49.17886546239129,56.51335144042969,both_up,False
C2,20160222_115224_641_1081,0.0,0.0,60,0,0.0,0.0,0.0,0.0,0,0,3.819999933242798,52.718854915556875,58.669960021972656,other,True
C2,20160222_115224_641_361,-0.004829670136506592,-0.010195871235840981,-9,26,0.6377259752616555,0.6328963051251489,0.5853472580043818,0.5751513867685408,2681,2655,5.477200031280518,67.5435268465522,60.70695114135742,both_down,False
C2,20160222_115224_641_721,-0.041320222247788696,-0.05495853572551579,156,124,0.4089769879243563,0.36765676567656763,0.342146352984399,0.2871878172588832,1795,1671,5.730000019073486,78.9156084857022,62.087215423583984,both_down,False
C2,20160222_115837_1281_1,0.009902726519157468,-0.01968426706708226,-199,64,0.6435212957408518,0.6534240222600093,0.5639551679816769,0.5442709009145946,4291,4227,6.558599948883057,68.1647523404194,31.299455642700195,other,False
C2,20160222_115837_1281_1081,-0.0061984099375062,0.023370678846221904,81,-16,0.5248987371932332,0.518700327255727,0.5503219794818806,0.5736926583281025,2203,2219,3.819999933242798,98.10440514999584,35.42522430419922,boundary_up_IoU_down,False
C2,20160222_115837_1281_361,-0.008658379451141895,0.028046270435861165,-34,54,0.5092484195738702,0.5005900401227283,0.5715536453358803,0.5995999157717414,2175,2121,4.648600101470947,75.26756771076188,31.68861961364746,boundary_up_IoU_down,False
C2,20160222_115837_1281_721,0.005141201536185858,-0.009264669959579974,-92,28,0.49367816091954025,0.4988193624557261,0.6294743810222594,0.6202097110626794,1718,1690,3.819999933242798,86.29864408387657,34.99931335449219,other,False
C2,20160222_164851_1281_1081,-0.032548520594494534,-0.031497900168603876,81,172,0.7311690160899901,0.6986204954954955,0.4495068575034039,0.41800895733480004,5135,4963,15.855799674987793,31.47832800504557,26.408544540405273,both_down,False
C2,20160222_164851_641_1,0.03225870044823831,0.05180885987416589,-659,11,0.7110617084343842,0.7433204088826225,0.4102017547350336,0.4620106146091995,10555,10544,13.369999885559082,20.152658941185805,30.228845596313477,both_up,False
C2,20160222_164851_641_1081,-0.00040041830873915885,0.023257309523460612,-28,16,0.46394485683987274,0.4635444385311336,0.31407950509794935,0.33733681462140996,3500,3484,7.387200355529785,24.085632453660807,28.474334716796875,boundary_up_IoU_down,False
C2,20160222_164851_641_361,0.0113604985070751,0.03541039295825138,-219,-35,0.63936,0.6507204985070751,0.41616687057776713,0.4515772635360185,9990,10025,9.550000190734863,24.60233409251866,34.005226135253906,both_up,False
C2,20160222_164851_641_721,-0.030289030949826157,0.0031164530655432565,-92,461,0.7170701994822598,0.6867811685324337,0.4682770197439773,0.47139347280952054,9418,8957,10.954400062561035,33.98102489504629,30.991132736206055,boundary_up_IoU_down,False
C2,20160222_165225_1281_361,-0.009397325129033907,-0.013301950493400327,151,12,0.653770097154157,0.6443727720251231,0.41981235410095563,0.4065104036075553,7604,7592,7.387199878692627,12.320630020752603,33.81498718261719,both_down,False
C2,20160222_165225_1281_721,-0.086894417445459,0.030050095888737194,-222,298,0.5853432282003711,0.4984488107549121,0.43891542135264217,0.46896551724137936,1262,964,5.730000019073486,5.197184075461237,29.583908081054688,boundary_up_IoU_down,False
C2,20160222_165225_1921_721,-0.022872851617460055,-0.10656916115635132,1147,-73,0.39840153452685423,0.3755286829093942,0.2963279317974749,0.1897587706411236,6231,6304,5.477200031280518,0.10614146580502393,30.75217056274414,both_down,False
C2,20160222_165225_1_361,-0.051598651857398814,-0.04637658105416309,2527,-53,0.4255134509690483,0.3739147991116495,0.3209802304708547,0.27460364941669163,7355,7408,5.730000019073486,7.952072060795913,30.246685028076172,both_down,False
C2,20160222_165225_641_361,-0.016656544980959254,-0.06486859544837026,736,-257,0.6222751743005913,0.6056186293196321,0.5557685480233784,0.4908999525750081,7051,7308,5.730000019073486,12.491501094407496,33.40713119506836,both_down,False
C2,20160222_165402_1281_1,-0.011529701920523938,-0.04500488461544683,-93,188,0.8044399596367305,0.7929102577162066,0.5840991747832653,0.5390942901678185,7972,7784,10.954400062561035,9.825147750011638,26.30117416381836,both_down,False
C2,20160222_165402_1281_361,0.01142040068552752,0.06738486816289746,-158,6,0.7888298881092357,0.8002502887947632,0.583528670052005,0.6509135382149025,8319,8313,11.460000038146973,6.783384394903209,26.992765426635742,both_up,False
C2,20160222_165402_641_1081,0.0036755756948895213,0.030396183654525788,-84,22,0.8800140745953554,0.8836896502902449,0.6539307311709731,0.6843269148254989,12505,12483,17.51300048828125,5.412561618795735,25.619922637939453,both_up,False
C2,20160222_165402_641_721,0.007676467170860124,-0.015278699955700192,-90,-6,0.8227799961969956,0.8304564633678557,0.5797220096460161,0.5644433096903159,8654,8660,13.369999885559082,14.692631410484537,27.749711990356445,other,False
C2,20160222_165926_1281_361,-0.01641737869219584,-0.11588908407687826,377,-103,0.41356289529163737,0.39714551659944153,0.5539822985289594,0.43809321445208116,1177,1280,2.738600015640259,37.6545135611743,23.76129150390625,both_down,False
C2,20160222_165926_1281_721,-0.009206729685492632,-0.05519248796005993,626,-286,0.5684528085045252,0.5592460788190325,0.5256927306272264,0.4705002426671665,3957,4243,4.648600101470947,27.057476019807154,25.16778564453125,both_down,False
C2,20160222_165926_1921_721,-0.003016911368597497,-0.03853157090083986,5,23,0.5335763848053628,0.5305594734367653,0.5003411800054477,0.46180960910460783,4537,4514,3.819999933242798,37.92052047192493,28.769832611083984,both_down,False
C2,20160222_165926_1_1081,0.09549628918172609,0.1046142914287983,156,-175,0.13132694938440492,0.226823238566131,0.26781555659059153,0.37242984801938983,192,367,3.819999933242798,23.64293049663509,19.65210723876953,both_up,False
C2,20160222_165926_1_721,-0.011101314709249188,-0.0701362268597267,338,-60,0.3328018223234624,0.3217005076142132,0.4534232589796739,0.3832870321199472,1461,1521,3.819999933242798,23.1017710311219,18.124347686767578,both_down,False
C2,20160222_165926_641_1,0.010923882524096151,0.03931579887143061,-177,22,0.49515033947623666,0.5060742220003328,0.327209624857383,0.3665254237288136,3063,3041,4.648600101470947,20.82479345327542,18.24419403076172,both_up,False
C2,20160222_165926_641_361,-0.012673560264782335,-0.04640410148510321,236,-30,0.46554566435872075,0.4528721040939384,0.4075582408409211,0.3611541393558179,2824,2854,3.819999933242798,18.14596000299713,21.67966651916504,both_down,False
C2,20160222_165926_641_721,-0.01995547060237035,-0.10462352235575034,868,-319,0.5782624412579829,0.5583069706556125,0.6639839034205232,0.5593603810647728,4799,5118,3.819999933242798,29.14357976211828,23.274900436401367,both_down,False
C2,20160302_155857_1281_1,0.048496830085277734,0.1096394238855007,4,-269,0.033393501805054154,0.08189033189033189,0.06203439585698857,0.17167381974248927,185,454,7.639999866485596,34.9879796441506,65.58020782470703,both_up,False
C2,20160302_155857_1281_361,0.034965844760104114,0.013867881279220257,-948,-42,0.39660517749186175,0.43157102225196586,0.2286300911457595,0.24249797242497975,5117,5159,8.215800285339355,45.219427496381535,69.51626586914062,both_up,False
C2,20160302_155857_1281_721,0.18504860043587715,0.12995833982959742,37,-235,0.07970419063270337,0.2647527910685805,0.11587147030185004,0.24582981013144747,97,332,7.639999866485596,31.127744370251392,72.39019775390625,both_up,False
C2,20160302_155857_1_721,0.039401390789341906,-0.005325766362658524,-1809,298,0.6833970806338303,0.7227984714231722,0.3796337195772539,0.37430795321459537,17510,17212,13.692999839782715,56.22479781894724,67.4919662475586,other,False
C2,20160302_155857_641_721,0.00904039512761734,0.00014476863343326762,-403,-30,0.43942513942513944,0.4484655345527568,0.2966482649184542,0.29679303355188746,10243,10273,9.297200202941895,53.939981420124475,77.10975646972656,both_up,False
C2,20160307_144202_1281_361,-0.03932286277336938,-0.03778392080486059,859,-7,0.5236950879553974,0.48437222518202805,0.39048684273325845,0.35270292192839786,5448,5455,5.730000019073486,64.44188188615277,53.029197692871094,both_down,False
C2,20160307_144202_1281_721,-0.003753517299569298,-0.025409703518285365,-1,24,0.4767070835992342,0.4729535662996649,0.48897409592970215,0.4635643924114168,2988,2964,6.558599948883057,76.75159979871833,63.67276382446289,both_down,False
C2,20160307_144202_1921_361,-0.01149369466340533,-0.002723281019591628,554,-106,0.5940714815993212,0.5825777869359159,0.37128921546112015,0.3685659344415285,11203,11309,7.387199878692627,68.50098239253856,48.40108108520508,both_down,False
C2,20160307_144202_1_361,-0.0077666661296768025,-0.005215098018105102,121,78,0.6799415062149646,0.6721748400852878,0.4411692790063282,0.4359541809882231,13949,13871,10.954400062561035,48.3122595000887,53.5565185546875,both_down,False
C2,20160307_144202_641_361,-0.020581420543161477,-0.01788025461332854,551,22,0.608742194469224,0.5881607739260625,0.47409236492548984,0.4562121103121613,10236,10214,7.639999866485596,55.870961057265994,55.072471618652344,both_down,False
C2,20160307_145059_1281_361,-0.017971414128772678,-0.007364980771317087,473,0,0.7375118808744323,0.7195404667456596,0.5029717800404736,0.4956067992691565,13967,13967,11.460000038146973,64.42968104742192,29.221721649169922,both_down,False
C2,20160307_145059_1281_721,-0.034686425580742475,-0.025467771633893077,-269,434,0.4506784406633642,0.41599201508262174,0.25040857668519534,0.22494080505130226,4185,3751,5.730000019073486,61.23467168182774,33.30763626098633,both_down,False
C2,20160307_145059_1921_1081,-0.18259409605349536,-0.17168760901823854,-48,1138,0.5417073965461062,0.35911330049261087,0.4919849247717712,0.32029731575353265,3325,2187,7.387199878692627,50.4958680954202,27.989702224731445,both_down,False
C2,20160307_145059_1921_361,0.02858308208861715,0.06726465366528112,-965,212,0.7128583593528243,0.7414414414414414,0.5040005175871811,0.5712651712524622,12557,12345,10.954400062561035,52.069968218029,29.97979736328125,both_up,False
C2,20160307_145059_1921_721,-0.035560137120272284,-0.018136488600843048,-64,245,0.5982644206227667,0.5627042835024945,0.4910841867327582,0.4729476981319152,3516,3271,8.215800285339355,45.14086309559839,25.728290557861328,both_down,False
C2,20160307_145059_1_361,-0.015480421423899493,-0.08610299999254656,439,-198,0.8246356833398976,0.8091552619159981,0.7295521685073786,0.643449168514832,8375,8573,10.125800132751465,67.62901200470108,33.47013854980469,both_down,False
C2,20160307_145059_1_721,0.029711202152018057,-0.032769372322830836,-496,-6,0.5834451044261353,0.6131563065781533,0.48030660190167784,0.447537229578847,6090,6096,10.125800132751465,51.94927627502821,30.846315383911133,other,False
C2,20160307_145059_641_361,-0.004916143507487203,-0.07257524871916382,450,-45,0.2958810068649886,0.2909648633575014,0.27397179410688893,0.2013965453877251,5172,5217,7.387199878692627,53.901969254378955,35.69407653808594,both_down,False
C2,20160307_145059_641_721,0.015060820229504168,0.02617103046930147,-722,248,0.6709901351845086,0.6860509554140127,0.32532019704433496,0.35149122751363643,11019,10771,9.550000190734863,52.31637937118629,35.57746505737305,both_up,False
C2,20160307_162438_1281_361,0.0861970977020397,0.04102503935314189,6,-359,0.3142373700749335,0.4004344677769732,0.11003236245954692,0.1510574018126888,1300,1659,30.307199478149414,1.199394615032162,18.94805145263672,both_up,False
C2,20160307_162438_1281_721,0.025564011525997077,-0.018404567496150798,310,-978,0.4785340965654554,0.5040981080914525,0.2326580059292236,0.2142534384330728,15382,16360,25.72879981994629,1.864356978619881,20.841594696044922,other,False
C2,20160307_162438_1921_1081,0.0036224626837036977,0.015791558471543732,-364,180,0.6129321591650359,0.6165546218487395,0.3331777881474568,0.34896934661900053,7517,7337,17.76580047607422,2.4239437009627096,20.2684326171875,both_up,False
C2,20160307_162438_1921_721,0.02891179678664868,-0.027649781890162733,568,-1093,0.5927242888402626,0.6216360856269113,0.22411650856610354,0.1964667266759408,15169,16262,21.010000228881836,3.26805939309277,16.405851364135742,other,False
C2,20160307_162438_1_361,0.041119707740916334,0.0002978255864924395,512,-1991,0.635075,0.6761947077409163,0.17209064912387886,0.1723884747103713,25403,27394,28.649999618530273,3.2516793679875207,20.998735427856445,both_up,False
C2,20160307_162438_641_361,-0.003676647786713727,0.004166532814235957,646,-362,0.6974660865113899,0.6937894387246761,0.39999639757429606,0.404162930388532,16350,16712,21.010000228881836,21.569400136734387,21.05950927734375,boundary_up_IoU_down,False
C2,20160307_162438_641_721,-0.08168835814858583,0.03898973568404618,251,433,0.3258965460254503,0.2442081878768645,0.3159608452072318,0.35495058089127796,1972,1539,24.64739990234375,1.2371655230859915,22.103282928466797,boundary_up_IoU_down,False
C2,20160310_114505_1281_1,-0.07107203638454823,-0.1702035345621674,674,61,0.33698224852071007,0.26591021213616184,0.5567591509356751,0.38655561637350766,1139,1078,2.738600015640259,52.97977821653854,23.846925735473633,both_down,False
C2,20160310_114505_641_1,-0.044723515611743425,-0.03910671761336698,504,110,0.4563257255564948,0.4116022099447514,0.4806571585191041,0.44155044090573714,3239,3129,5.477200031280518,68.60650954021075,24.88051986694336,both_down,False
C2,20160310_114505_641_1081,-0.024134036379431678,-0.07635438049073862,238,64,0.5050040573437923,0.4808700209643606,0.46933249617391987,0.39297811568318125,3734,3670,6.558599948883057,60.996094810240905,33.67136001586914,both_down,False
C2,20160310_114505_641_361,-0.012967386532369396,-0.0008673334148742162,163,4,0.5375923511516731,0.5246249646193037,0.4962511989408793,0.4953838655260051,3711,3707,5.477200031280518,53.121308740505114,29.450105667114258,both_down,False
C2,20160310_114505_641_721,-0.018015027916144843,-0.04250727572085561,502,-104,0.5055676436708051,0.48755261575466025,0.47010443228997484,0.42759715656911923,3950,4054,7.387199878692627,66.47970868655747,37.89896011352539,both_down,False
C2,20160316_142539_1281_361,-0.054346515186916244,-0.025393000073268945,14,425,0.7018905721797921,0.6475440569928759,0.36148110543516193,0.336088105361893,5606,5181,12.864399909973145,39.31527523104697,33.95152282714844,both_down,False
C2,20160316_142539_1281_721,-0.01685911839275056,-0.04724433662314187,-84,213,0.5726305119107957,0.5557713935180452,0.49006955501550326,0.4428252183923614,5649,5436,9.550000190734863,29.768105039903787,49.05207061767578,both_down,False
C2,20160316_142539_1921_361,0.01374321794168043,0.035794478368095184,258,-283,0.40190788959261864,0.41565110753429907,0.26896879056770423,0.3047632689357994,5140,5423,8.215800285339355,22.91978518645692,35.26789474487305,both_up,False
C2,20160316_142539_1_721,0.029725304194794577,0.020742184990281853,373,-653,0.5760824168174857,0.6058077210122803,0.3972285941596333,0.41797077914991515,8276,8929,9.297200202941895,31.215405937420357,42.16252899169922,both_up,False
C2,20160316_142539_641_721,0.04157155584128602,0.06558992665493896,192,-656,0.4570750166951102,0.4986465725363962,0.31208460907058827,0.3776745357255272,6160,6816,7.639999866485596,30.65333240815862,51.89017105102539,both_up,False
C2,20160316_143445_1281_1,-0.010163206382791223,-0.03581125442128119,300,-51,0.7362938596491229,0.7261306532663316,0.38295090332148035,0.34713964890019916,12087,12138,17.190000534057617,36.862984045824675,39.2401008605957,both_down,False
C2,20160316_143445_1281_1081,-0.00029067895613144046,-0.08022710577281222,118,-58,0.5019455252918288,0.5016548463356973,0.5267789072426937,0.4465518014698815,2064,2122,8.468600273132324,41.743240892310624,55.325836181640625,both_down,False
C2,20160316_143445_1281_361,0.012116628314714939,0.01178546504523631,36,-203,0.7272789723157244,0.7393956006304393,0.4600858896648152,0.4718713547100515,10587,10790,13.369999885559082,38.19336299734813,43.40476608276367,both_up,False
C2,20160316_143445_1281_721,0.032739573773689856,0.052644026735877036,-175,-553,0.6260043111894964,0.6587438849631863,0.383325229733004,0.435969256468881,12778,13331,9.837900161743164,41.394854808724645,55.99468231201172,both_up,False
C2,20160316_143445_1921_1081,-0.008077576294371336,0.03701297033772025,-194,134,0.2645254074784276,0.2564478311840563,0.2440232317320247,0.28103620206974494,2759,2625,9.297200202941895,17.330786254917868,49.46260452270508,boundary_up_IoU_down,False
C2,20160316_143445_1_1081,-0.018011316100430386,-0.020586756246517957,122,119,0.6547619047619048,0.6367505886614744,0.45902453426864975,0.4384377780221318,7150,7031,10.378600120544434,40.97143635032956,46.10719299316406,both_down,False
C2,20160316_143445_1_721,0.03150085171765915,0.08898138951388754,-368,-7,0.34683326152520466,0.3783341132428638,0.21229635090305934,0.3012777404169469,1610,1617,9.550000190734863,37.82182811081118,49.047630310058594,both_up,False
C2,20160316_143445_641_361,-0.0020609419633856874,-0.01929091177062614,10,17,0.7457198279497343,0.7436588859863487,0.534030475793299,0.5147395640226728,8842,8825,9.550000190734863,48.246452931582844,52.38850784301758,both_down,False
C2,20160316_143445_641_721,-8.037327644683234e-05,-0.00952972060478402,-9,7,0.6831337795795229,0.6830534063030761,0.4997074993942493,0.4901777787894653,7246,7239,11.460000038146973,34.723210505220734,59.0749626159668,both_down,False
C2,20160316_143527_1281_1081,0.016793531525900907,0.01023640290658756,-184,-119,0.5654982919946532,0.5822918235205541,0.4140186314417647,0.42425503434835227,7615,7734,7.639999866485596,50.67648750351055,57.17793273925781,both_up,False
C2,20160316_143527_1281_361,0.01319878306059441,0.0056577965072401315,164,-131,0.5158114558472554,0.5290102389078498,0.3590792017442543,0.3647369982514944,1729,1860,9.297200202941895,56.00471306471307,42.73497009277344,both_up,False
C2,20160316_143527_1281_721,0.018012285494006353,0.02867321693256214,-99,-366,0.5028038995772582,0.5208161850712646,0.3598056056427457,0.38847882257530786,11656,12022,7.639999866485596,54.36846232156769,57.99797058105469,both_up,False
C2,20160316_143527_1921_361,0.006638832076432288,0.005466573756622184,421,-273,0.48194910238705857,0.48858793446349086,0.46698934448774604,0.4724559182443682,4886,5159,5.730000019073486,54.96835725069684,45.237884521484375,both_up,False
C2,20160316_143527_1_1,0.008447447620010484,0.013322494484131253,102,-141,0.49048467235398896,0.49893211997399944,0.5015372639574947,0.5148597584416259,5232,5373,7.639999866485596,39.13843253639472,41.00446701049805,both_up,False
C2,20160316_143527_1_361,0.1813596532937789,0.1896624623050126,349,-619,0.182454847032805,0.3638145003265839,0.2739404191335401,0.4636028814385527,495,1114,4.648600101470947,71.45977557014709,43.48800277709961,both_up,False
C2,20160316_143527_641_1,0.0187058656305803,0.012759162454112127,-57,-156,0.7096315939009376,0.7283374595315179,0.5179493997872665,0.5307085622413786,7493,7649,8.215800285339355,52.0136618449373,41.54206848144531,both_up,False
C2,20160316_143527_641_361,0.02200532397785704,-0.002658234113233182,183,-494,0.580809818765772,0.602815142743629,0.4718101479952242,0.469151913881991,10127,10621,7.639999866485596,56.71731168492782,47.917781829833984,other,False
C2,20160316_143527_641_721,-0.025333970684837226,-0.008038058181647323,90,142,0.3830715532286213,0.35773758254378407,0.4059384202313893,0.397900362049742,2634,2492,9.550000190734863,50.870664065817536,58.97178268432617,both_down,False
C2,20160316_143547_1281_1081,0.019344384647646762,0.064532034532512,105,-150,0.7787843366452367,0.7981287212928835,0.5573391498386723,0.6218711843711843,2665,2815,12.864399909973145,49.44782035215137,40.200557708740234,both_up,False
C2,20160316_143547_1281_361,0.22055151439539003,0.14904339482143455,-336,-186,0.18882072256305385,0.4093722369584439,0.16682130265355352,0.3158646974749881,277,463,13.117199897766113,80.66452729819481,28.781999588012695,both_up,False
C2,20160316_143547_1281_721,0.009782783535884909,0.03065631987183326,262,-447,0.7948144466534128,0.8045972301892977,0.5427166828814712,0.5733730027533045,19190,19637,13.369999885559082,66.2175275367681,40.150604248046875,both_up,False
C2,20160316_143547_1921_1081,-0.022584028639054954,-0.006231056943575175,284,374,0.7197962728995578,0.6972122442605029,0.3784793880692868,0.37224833112571165,18231,17857,12.035799980163574,48.1776391037608,34.96717071533203,both_down,False
C2,20160316_143547_1_1,0.004159197392882841,0.010099832730388392,188,-193,0.6183749452474814,0.6225341426403642,0.37384699982811537,0.38394683255850376,11294,11487,10.125800132751465,46.76749130087557,33.33842849731445,both_up,False
C2,20160316_143547_641_1,0.011140119444274732,0.0040698902934303005,16,-29,0.6977917981072556,0.7089319175515303,0.5891089108910892,0.5931788011845195,1106,1135,7.639999866485596,81.15447761194031,28.733903884887695,both_up,False
C2,20160316_143547_641_361,8.231046279427723e-05,0.004310125898692285,302,-243,0.8002806659437393,0.8003629764065335,0.6580620519950323,0.6623721778937246,12546,12789,9.550000190734863,70.8246138986674,34.83510208129883,both_up,False
C2,20160316_143547_641_721,0.08534322820037105,0.035469771022868475,0,-92,0.008348794063079777,0.09369202226345083,0.03680981595092025,0.07227958697378872,9,101,5.730000019073486,27.8545306122449,44.23733901977539,both_up,False
C2,20160318_181632_1281_1081,-0.00971144353147635,-0.04650779056058585,629,-240,0.766480125092585,0.7567686815611087,0.3822193683360175,0.33571157777543165,18627,18867,17.51300048828125,16.223149893677174,54.201934814453125,both_down,False
C2,20160318_181632_1281_361,-0.0166150907996927,-0.021968146674249178,-985,1396,0.7221577038845306,0.7055426130848379,0.3330614520248606,0.3110933053506114,30470,29074,21.010000228881836,30.50352653515469,48.2446174621582,both_down,False
C2,20160318_181632_1281_721,-0.021467394730532385,-0.03010715523396612,-464,876,0.7976279650436954,0.776160570313163,0.3652756043249479,0.33516844909098176,19167,18291,22.16160011291504,29.822040830303123,56.401641845703125,both_down,False
C2,20160318_181632_1921_1,0.006321207374303195,0.020853684471403955,65,-75,0.6145985401459854,0.6209197475202886,0.4892462023301935,0.5100998868015975,3368,3443,13.369999885559082,34.79648481816852,42.445255279541016,both_up,False
C2,20160318_181632_1921_361,-0.0010549690908285836,-0.014116277527506382,290,-200,0.7943190196973421,0.7932640506065135,0.44176358867685633,0.42764731114934995,22623,22823,21.0802001953125,28.659247843214786,47.313690185546875,both_down,False
C2,20160318_181632_1_1,0.0005807326747788721,-0.014315483221903902,-9,-12,0.8702245381890571,0.870805270863836,0.5461046767353204,0.5317891935134165,29726,29738,24.829999923706055,35.708554875314064,44.946205139160156,other,False
C2,20160318_181632_1_361,-0.024407401839184106,-0.039700024997451844,-68,177,0.8011006289308176,0.7766932270916335,0.5715791851796068,0.531879160182155,4076,3899,24.64739990234375,39.16469966609833,49.176536560058594,both_down,False
C2,20160318_181632_641_1,0.17758893305001955,0.05739965877278902,41,-500,0.5348924933987175,0.712481426448737,0.45844839348949024,0.5158480522622793,1418,1918,14.198599815368652,33.29781850828407,44.223670959472656,both_up,False
C2,20160318_181632_641_361,-0.009903580243912358,-0.02620783844365182,223,251,0.7950678690963183,0.785164288852406,0.33664059649088196,0.31043275804723014,34207,33956,30.12459945678711,31.315994070822356,50.75236511230469,both_down,False
C2,20160318_181632_641_721,0.0,0.0,0,0,0.0,0.0,0.0,0.0,0,0,5.477200031280518,28.52078853046595,59.00904846191406,other,True
C2,20160321_183947_1281_361,0.059254463856106776,0.016664708987282395,6,-138,0.5721854304635762,0.631439894319683,0.4332760216902526,0.449940730677535,1296,1434,15.855799674987793,9.113925622400203,25.271743774414062,both_up,False
C2,20160321_183947_1281_721,0.031632239491321656,-0.012176485079668953,-2603,715,0.7230029117609824,0.7546351512523041,0.3896307448583482,0.37745425977867925,28555,27840,24.64739990234375,14.240951284370098,25.514734268188477,other,False
C2,20160321_183947_1921_721,0.0028283714240312507,-0.010360849302121833,306,-287,0.6393212075754735,0.6421495789995048,0.28675448442037194,0.2763936351182501,20457,20744,22.920000076293945,6.434581521596471,23.601999282836914,other,False
C2,20160321_183947_1_721,0.005884605711143576,0.041315425120416416,-660,234,0.8066079981309139,0.8124926038420575,0.386218710506557,0.4275341356269734,41429,41195,34.127201080322266,8.545894242721928,22.53837013244629,both_up,False
C2,20160321_183947_641_721,0.01732175821035098,-0.0112838576006844,130,-730,0.7533003300330033,0.7706220882433543,0.33218004404955914,0.32089618644887474,27390,28120,24.324399948120117,18.787876901623363,29.16482162475586,other,False
C2,20160321_185557_1281_721,-0.020017752079888318,-0.016086056272619498,100,490,0.8006554373105927,0.7806376852307044,0.40994709191328466,0.39386103564066516,22721,22231,17.190000534057617,36.08618081070323,27.11532974243164,both_down,False
C2,20160321_185557_1921_1,0.047245544157532016,-0.01936478284880755,447,-842,0.6507398823319664,0.6979854264894985,0.34002298352847127,0.3206582006796637,7300,8142,13.692999839782715,17.68401562137288,29.585506439208984,other,False
C2,20160321_185557_1921_1081,-0.016780999835741106,0.0013293898135305904,354,4,0.6353853100541842,0.6186043102184431,0.2308088614116435,0.2321382512251741,8443,8439,14.198599815368652,26.08629939134756,22.397253036499023,boundary_up_IoU_down,False
C2,20160321_185557_1921_361,0.0118389330766554,0.03920851153788285,292,-272,0.5040483855233636,0.515887318600019,0.3118660410411605,0.35107455257904335,5167,5439,10.125800132751465,15.058575508286296,26.77386474609375,both_up,False
C2,20160321_185557_1921_721,-0.015483437267646005,-0.022530952680197947,21,408,0.6770405167351732,0.6615570794675272,0.36827058748249825,0.3457396348023003,18448,18040,20.757200241088867,30.71153653839019,24.886627197265625,both_down,False
C2,20160321_185557_1_361,-0.057209250857585436,-0.06254010013343148,11,66,0.7714949651432997,0.7142857142857143,0.8162023977433004,0.7536622976098689,996,930,11.460000038146973,26.040123466962868,24.857261657714844,both_down,False
C2,20160321_185557_1_721,0.021566845190525985,0.03291837537429271,-972,220,0.7286319356204998,0.7501987808110258,0.4630027896081215,0.49592116498241423,17203,16983,12.864399909973145,21.747127400053373,22.2241268157959,both_up,False
C2,20160321_185557_641_721,0.0022421187183190305,0.040569898992542985,-50,-15,0.7837056613123012,0.7859477800306203,0.4449942340529646,0.4855641330455076,18979,18994,16.108600616455078,35.33926531670967,26.670475006103516,both_up,False
C2,20160324_170347_1281_1,-0.01732129433155949,-0.04692916878357323,69,88,0.7542415169660679,0.7369202226345084,0.6171656880297471,0.5702365192461739,6046,5958,8.468600273132324,28.228848001044483,17.272253036499023,both_down,False
C2,20160324_170347_1281_1081,-0.0374513558217876,-0.04683590303026364,-40,331,0.6845464588191973,0.6470951029974097,0.5720341697450981,0.5251982667148345,5577,5246,7.639999866485596,60.2347406997599,33.8494758605957,both_down,False
C2,20160324_170347_1281_361,-0.019834774017297607,-0.05570037037775699,359,-69,0.7361374657389838,0.7163026917216861,0.5999173899604183,0.5442170195826613,6983,7052,8.215800285339355,12.735462489774065,22.09366798400879,both_down,False
C2,20160324_170347_1281_721,0.003204952050181009,-0.0141263174605466,242,-158,0.4980351061042704,0.5012400581544514,0.5518794005341338,0.5377530830735872,5703,5861,6.558599948883057,41.08035490251271,29.645767211914062,other,False
C2,20160324_170347_641_1,-0.0010732849465645011,0.02179917742749421,-22,16,0.49075975359342916,0.48968646864686466,0.42672472974302955,0.44852390717052376,2390,2374,3.819999933242798,46.63546762196431,22.501693725585938,boundary_up_IoU_down,False
C2,20160324_170347_641_361,0.031312587314421325,0.04797604723817367,-147,-123,0.5152448413920542,0.5465574287064755,0.44757842867800074,0.4955544759161744,3346,3469,4.648600101470947,50.768908342925386,28.99747085571289,both_up,False
C2,20160324_170347_641_721,0.0079068048944817,-0.004660630246255293,81,-74,0.5469387755102041,0.5548455804046858,0.5374035286730002,0.5327428984267449,2010,2084,5.477200031280518,45.20551505750545,35.818851470947266,other,False
C2,20160326_141808_1281_1,0.006463374212794166,0.06227367776814403,593,-39,0.0,0.006463374212794166,0.0,0.06227367776814403,0,39,11.460000038146973,1.0492916040727778,25.292531967163086,both_up,False
C2,20160326_141808_641_1,0.16974169741697417,0.32338962483567596,0,-184,0.0,0.16974169741697417,0.0,0.32338962483567596,0,184,17.063600540161133,10.420901822654585,25.02396583557129,both_up,False
C2,20160326_141808_641_361,0.0,0.0,0,0,0.0,0.0,0.0,0.0,0,0,11.460000038146973,3.368501955675498,28.71041488647461,other,True
C2,20160326_141808_641_721,0.0,0.0,0,0,0.0,0.0,0.0,0.0,0,0,10.954400062561035,3.3148632632800314,37.62738800048828,other,True
C2,20160326_142521_1281_1,0.0,0.0,6,0,0.0,0.0,0.0,0.0,0,0,21.010000228881836,14.242107032268578,24.306467056274414,other,True
C2,20160326_142521_1281_1081,0.0,0.0,0,0,0.0,0.0,0.0,0.0,0,0,9.550000190734863,14.982489682014858,30.97530746459961,other,True
C2,20160326_142521_1281_361,-0.01987684995138814,0.0,0,184,0.048611861294155775,0.028735011342767635,0.0,0.0,450,266,12.864399909973145,20.73107061263444,26.295269012451172,other,False
C2,20160326_142521_1281_721,0.0,0.0,0,0,0.0,0.0,0.0,0.0,0,0,15.279999732971191,16.506228029313263,33.430992126464844,other,True
C2,20160326_142521_641_1,0.0,0.0,-15,0,0.0,0.0,0.0,0.0,0,0,13.369999885559082,18.774642266784653,25.92418670654297,other,True
C2,20160326_142521_641_1081,0.0,0.0,177,0,0.0,0.0,0.0,0.0,0,0,9.297200202941895,2.89845440191435,36.634098052978516,other,True
C2,20160326_142745_1281_1081,0.18256433007985803,0.10323434527256183,0,-823,0.05456965394853593,0.23713398402839397,0.0,0.10323434527256183,246,1069,10.125800132751465,13.990707336244284,33.8179931640625,both_up,False
C2,20160326_142745_1281_361,0.0,0.0,0,0,0.0,0.0,0.0,0.0,0,0,22.920000076293945,4.1226629198215505,25.684293746948242,other,True
C2,20160326_142745_1281_721,0.07119944992498334,0.00468573415988504,-27,-1296,0.15719831592760675,0.22839776585259008,0.0548608034892834,0.05954653764916844,2875,4171,14.774399757385254,20.286114587510482,33.26752853393555,both_up,False
C2,20160326_142745_1921_1081,0.029840112535896315,0.017380285715216173,4,-188,0.09134309357097391,0.12118320610687022,0.11417483222196016,0.13155511793717634,574,762,8.215800285339355,14.564655014624634,30.736618041992188,both_up,False
C2,20160326_142745_1_1,0.02459708814343936,-0.021041601365374224,-22,-380,0.2504619305511309,0.2750590186945703,0.1343065693430657,0.11326496797769148,3931,4311,12.288599967956543,11.109951318832486,22.810993194580078,other,False
C2,20160326_142745_641_361,0.10213802649514388,0.05176369672463574,64,-2123,0.0839421355653394,0.18608016206048328,0.039712998498247956,0.0914766952228837,1735,3858,13.369999885559082,15.505081633352262,27.65183448791504,both_up,False
C2,20160328_151020_1281_361,-0.005850480779954759,-0.02291025163787125,412,-107,0.5183937096321258,0.5125432288521711,0.3802042533754322,0.35729400173756093,9230,9337,7.639999866485596,27.494478088879987,33.534523010253906,both_down,False
C2,20160328_151020_1921_361,-0.024493223780129303,-0.048247761741292916,995,-25,0.4954447573297996,0.4709515335496703,0.33962495243348,0.2913771906921871,8973,8998,7.387199878692627,26.6073394106338,34.265472412109375,both_down,False
C2,20160328_151020_1_1,0.04705212624331562,0.030481413909275945,-3343,-72,0.41448633529514595,0.46153846153846156,0.1716807698113135,0.20216218372058944,14226,14298,8.215800285339355,20.677773574606668,28.679378509521484,both_up,False
C2,20160328_151020_1_361,-0.007518752133425011,-0.038647371380837625,-24,47,0.5454344949272166,0.5379157427937916,0.4792715048788588,0.44062413349802115,2473,2426,6.558599948883057,35.03796896417089,32.92280197143555,both_down,False
C2,20160328_151020_641_361,0.012562993610775064,-0.003613417693351606,-91,-78,0.5076676355617922,0.5202306291725672,0.33183065120716654,0.32821723351381493,5065,5143,7.387199878692627,22.13015817883344,36.50932693481445,other,False
C2,20160328_151020_641_721,0.07005552557853378,-0.03270105956525904,610,-1229,0.4323031361530868,0.5023586617316206,0.42355943903648385,0.3908583794712248,5693,6922,8.215800285339355,26.084852168797582,46.87652587890625,other,False
C2,20160328_151057_1281_1,-0.00041357736904634734,0.007335057809450207,-336,233,0.6863354037267081,0.6859218263576617,0.5914636340015589,0.5987986918110091,4199,3966,6.558599948883057,48.73753381785305,29.389972686767578,boundary_up_IoU_down,False
C2,20160328_151057_1281_1081,0.012489693432062438,0.01454555357931736,-63,-32,0.19961453744493393,0.21210423087699637,0.31397155668684235,0.3285171102661597,725,757,4.648600101470947,35.19580932809805,38.626548767089844,both_up,False
C2,20160328_151057_1281_361,0.008604467916015879,0.0033686652004284445,-183,64,0.6846427593758555,0.6932472272918714,0.5622391043582566,0.5656077695586851,5002,4938,7.639999866485596,35.10785838357491,31.492712020874023,both_up,False
C2,20160328_151057_1281_721,0.0005404899194286772,-0.018874322552744183,184,-123,0.6136449710544825,0.6141854609739111,0.42003941305051445,0.40116509049777027,11342,11465,7.639999866485596,37.7235284713943,36.87308120727539,other,False
C2,20160328_151057_1921_721,0.006926010705127106,0.04322223704956779,-145,14,0.6687835051546391,0.6757095158597662,0.4648300267000524,0.5080522637496202,8109,8095,9.297200202941895,41.668127682299726,32.021705627441406,both_up,False
C2,20160328_151057_641_1081,0.12105564951463066,0.05735219111966694,362,-825,0.45982670342654586,0.5808823529411765,0.4939982179863246,0.5513504091059915,2335,3160,5.730000019073486,30.96835328475032,37.438228607177734,both_up,False
C2,20160328_151057_641_721,0.022855490913164966,-0.005458029677657628,242,-307,0.5893525179856115,0.6122080088987765,0.3908349489500956,0.38537691927243795,4096,4403,7.639999866485596,30.323462120261908,38.89963150024414,other,False
C2,20160328_151244_1281_1081,-0.03700434179472856,-0.048184044462229014,-355,1152,0.8199830651989839,0.7829787234042553,0.4551116715385644,0.4069276270763354,19368,18216,25.981599807739258,10.63978574531501,14.708284378051758,both_down,False
C2,20160328_151244_1281_361,-0.0003293761354117297,-0.00969162241892113,166,-122,0.7887887887887888,0.788459412653377,0.3949065614299096,0.38521493901098847,21276,21398,19.100000381469727,15.714740518119896,16.340978622436523,both_down,False
C2,20160328_151244_1281_721,0.0003185936740991435,0.04519226540760024,995,-709,0.6960036276887286,0.6963222213628277,0.32346996243747195,0.3686622278450722,35302,36011,18.34160041809082,15.464358560825062,16.47955894470215,both_up,False
C2,20160328_151244_1921_1081,-0.03903082706321545,0.0025617293185354606,3,252,0.20250425104343794,0.1634734239802225,0.21429700433419016,0.21685873365272562,1310,1058,10.125800132751465,9.208788297137389,13.476656913757324,boundary_up_IoU_down,False
C2,20160328_151244_1921_361,-0.007731269423904341,0.0004152699067521137,192,114,0.8096364685516445,0.8019051991277402,0.39432157219851105,0.39473684210526316,28062,27948,27.38599967956543,24.083282320386047,16.337377548217773,boundary_up_IoU_down,False
C2,20160328_151244_1921_721,0.028533440112497366,0.02138944209561172,452,-1669,0.7297977624784854,0.7583312025909827,0.3210830497761085,0.34247249187172024,33921,35590,21.0802001953125,14.895292932449792,14.98680591583252,both_up,False
C2,20160328_151244_1_1,-0.03887073285686038,-0.02920285770194614,-717,1725,0.74791526885843,0.7090445360015696,0.373015024430964,0.3438121667290179,23409,21684,17.51300048828125,14.953579081418837,11.931267738342285,both_down,False
C2,20160328_151244_1_1081,-0.05604529423717253,-0.13198810226262953,-354,682,0.7008399209486166,0.644794626711444,0.4965784628053174,0.3645903605426879,5674,4992,12.288599967956543,16.432276707854328,11.388017654418945,both_down,False
C2,20160328_151244_1_721,-0.0009405512435330943,0.011105379125775916,-237,205,0.7763210346813129,0.7753804834377798,0.2929841000772999,0.30408947920307583,17527,17322,17.190000534057617,16.230222847175924,11.854634284973145,boundary_up_IoU_down,False
C2,20160328_151244_641_1,-0.01757872188730769,-0.04266988183438242,207,254,0.7870267971076138,0.7694480752203061,0.3725036098906365,0.3298337280562541,18503,18249,17.51300048828125,22.69138918938117,11.49807357788086,both_down,False
C2,20160328_151244_641_361,0.0013847443833386874,0.024332242252049552,-69,29,0.7974019088016967,0.7987866531850354,0.2914076257969608,0.31573986804901033,15039,15010,19.42300033569336,13.887186109639643,13.510601043701172,both_up,False
C2,20160328_151244_641_721,0.011630164666694087,0.0007928412376513871,83,-721,0.7580573795154069,0.769687544182101,0.27925596741830766,0.28004880865595905,42831,43552,26.739999771118164,9.772167320000477,16.42444610595703,both_up,False
C2,20160328_151752_1281_361,-0.005940666391612726,0.005616083466043198,53,92,0.587287766652155,0.5813471002605423,0.2752023546725533,0.28081843813859647,12141,12049,18.847200393676758,24.102628388859372,22.79363441467285,boundary_up_IoU_down,False
C2,20160328_151752_1281_721,-0.012057333052632013,0.005983905301602088,-4,94,0.6272391991570073,0.6151818661043753,0.31026052266264126,0.31624442796424335,4762,4668,12.288599967956543,34.31616563513117,28.05998420715332,boundary_up_IoU_down,False
C2,20160328_151752_1921_721,0.03177027838425006,0.011393959990317615,-24,-805,0.5610796556270845,0.5928499340113346,0.30477607138704993,0.31617003137736754,14468,15273,13.369999885559082,21.895247815350032,22.63471031188965,both_up,False
C2,20160328_151752_1_361,-0.006331244196136732,0.0035911876995998737,313,-64,0.6093488301273917,0.603017585931255,0.37466162773160955,0.3782528154312094,12006,12070,11.460000038146973,14.712319784211488,23.187196731567383,boundary_up_IoU_down,False
C2,20160328_151752_1_721,-0.022411203458939377,0.002661192124620071,-42,70,0.383892068683565,0.36148086522462564,0.3742184267838604,0.3768796189084805,939,869,5.730000019073486,6.990067314136809,23.702836990356445,boundary_up_IoU_down,False
C2,20160328_151752_641_361,0.01516016976550616,0.008415381517798776,415,-635,0.6144827586206897,0.6296429283861958,0.23924044206001324,0.24765582357781202,15147,15782,14.774399757385254,22.385595741979515,24.356557846069336,both_up,False
C2,20160328_152022_1281_721,-0.005596564575532148,-0.028385532035183847,375,-127,0.842327630120157,0.8367310655446248,0.44631449322711164,0.4179289611919278,28111,28238,22.920000076293945,19.901570005229445,24.4195556640625,both_down,False
C2,20160328_152022_1921_1,-0.004166494113993391,-0.038936444465557996,413,-214,0.6455758369485144,0.641409342834521,0.35516540157448606,0.31622895710892807,7887,8101,26.739999771118164,20.509268538693817,21.41878890991211,both_down,False
C2,20160328_152022_1921_361,-0.010735214564429607,0.027915749210177254,809,-271,0.6739833454604253,0.6632481308959957,0.23951734539969832,0.2674330946098756,16673,16944,17.190000534057617,18.219225778729935,21.935165405273438,boundary_up_IoU_down,False
C2,20160328_152022_1921_721,0.011721721908961813,0.026626546843846577,-151,-28,0.7147356771941772,0.726457399103139,0.33535023326895375,0.3619767801128003,8396,8424,15.279999732971191,22.97384533413883,20.013837814331055,both_up,False
C2,20160328_152022_1_1081,0.01119001329504865,-0.0035176109548834544,-268,22,0.5661411348115674,0.577331148106616,0.35278758391540505,0.3492699729605216,6715,6693,9.550000190734863,18.030069272619272,19.059614181518555,other,False
C2,20160328_152022_1_361,-0.014027795305401325,-0.03383709806353097,-134,132,0.5703125,0.5562847046945987,0.4154003957155108,0.3815632976519798,2336,2204,9.550000190734863,23.40290260811078,22.096940994262695,both_down,False
C2,20160328_152022_1_721,-0.0030984145617590775,-0.04610525113528219,53,-3,0.5303688982735064,0.5272704837117473,0.3444031275063584,0.2982978763710762,4270,4273,12.035799980163574,20.398908596349244,20.567811965942383,both_down,False
C2,20160328_152022_641_361,-0.008141085446011664,0.015291457740542858,435,-158,0.7278454430911382,0.7197043576451265,0.25741347913184665,0.2727049368723895,13864,14022,17.190000534057617,20.961930452206673,24.678497314453125,boundary_up_IoU_down,False
C2,20160328_152022_641_721,0.0037807440073109877,-0.01000440544893244,85,-135,0.7253805529667599,0.7291612969740708,0.40114632219414526,0.3911419167452128,14010,14145,15.279999732971191,18.990507296042594,25.255041122436523,other,False
C2,20160328_152305_1281_361,0.003972677382804934,0.0035882321669394868,13,-82,0.8143962589767856,0.8183689363595905,0.519975904872641,0.5235641370395805,14629,14711,22.920000076293945,30.975931352780393,33.3595085144043,both_up,False
C2,20160328_152305_1281_721,0.005168406003376869,0.008684273480643157,-1152,700,0.6834376904748711,0.688606096478248,0.2924266652685663,0.30111093874920947,12334,11634,21.90880012512207,26.609019244670037,34.455238342285156,both_up,False
C2,20160328_152305_1921_361,-0.030400999666488127,0.04034298490512905,1545,-167,0.7210888948932721,0.690687895226784,0.3423838686559385,0.38272685356106756,21350,21517,27.38599967956543,24.92005035592969,31.13604736328125,boundary_up_IoU_down,False
C2,20160328_152305_1921_721,-0.0017464374394836613,-0.013918148169186462,-125,137,0.8456167571761055,0.8438703197366219,0.5288936051842619,0.5149754570150754,15260,15123,26.739999771118164,43.867402192601844,28.776235580444336,both_down,False
C2,20160328_152305_1_361,-0.006510248392074369,-0.030876425532701535,355,-125,0.6592863677950594,0.6527761194029851,0.44166734722082623,0.4107909216881247,10809,10934,9.550000190734863,29.110832393708975,30.121997833251953,both_down,False
C2,20160328_152305_641_361,0.0022137046902421798,0.022524904424810477,-84,16,0.6109483134858782,0.6131620181761204,0.4069775946993687,0.4295024991241792,9799,9783,12.864399909973145,35.82720882626374,36.53199768066406,both_up,False
C2,20160328_152305_641_721,-0.009320964466944748,-0.011425394817747958,-289,423,0.6586138613861386,0.6492928969191939,0.3980041305898358,0.38657873577208784,16630,16207,17.190000534057617,40.07948032053342,34.69622802734375,both_down,False
C2,20160328_152511_1281_361,-0.023796778504829974,-0.08902288957899535,287,136,0.3287554561907804,0.3049586776859504,0.39270503439991267,0.3036821448209173,3088,2952,9.297200202941895,8.85827172357763,42.45857620239258,both_down,False
C2,20160328_152511_1281_721,-0.05370478643166887,-0.024505131475306474,-331,527,0.5711050724637681,0.5174002860320992,0.4099052274931606,0.38540009601785413,3783,3256,9.550000190734863,10.591636722723322,47.255027770996094,both_down,False
C2,20160328_152511_1921_361,0.026457608790599885,-0.022591805843483803,145,-418,0.4034069776091646,0.4298645863997645,0.34090789635054397,0.31831609050706017,5423,5841,13.369999885559082,3.940665544664867,36.43970489501953,other,False
C2,20160328_152511_1921_721,0.006482226391521184,0.07580372696307779,-22,-53,0.06682492581602374,0.07330715220754493,0.10491257285595339,0.18071629981903117,563,616,13.692999839782715,10.09116649382075,36.69053649902344,both_up,False
C2,20160328_152511_1_361,0.025529287551586788,-0.040615471548784254,334,-546,0.43921081857973476,0.46474010613132155,0.3157597834349772,0.2751443118861929,6723,7269,7.639999866485596,4.215353308508043,37.88468933105469,other,False
C2,20160328_152511_641_361,0.019862668928954275,0.01143014894810035,726,-678,0.47857501884895703,0.4984376877779113,0.35747800192793594,0.3689081508760363,7617,8295,11.460000038146973,13.06450821709025,42.379127502441406,both_up,False
C2,20160328_152511_641_721,-0.04049493813273341,-0.09174311926605505,0,72,0.04049493813273341,0.0,0.09174311926605505,0.0,72,0,11.460000038146973,17.248727226587178,48.909324645996094,both_down,True
C2,20160328_152747_1281_361,0.028938161858723332,0.0032728316553303216,494,-600,0.4235203689469639,0.4524585308056872,0.36999146270606775,0.3732642943613981,5510,6110,9.550000190734863,17.434104130228434,31.733135223388672,both_up,False
C2,20160328_152747_1281_721,-0.015919927771351206,-0.0157867688494413,28,20,0.504725897920605,0.48880597014925375,0.3877578979094172,0.3719711290599759,1068,1048,11.460000038146973,5.115162244179743,37.636348724365234,both_down,False
C2,20160328_152747_1921_361,0.05128780599668625,0.05170710083756824,264,-1161,0.5332687996739351,0.5845566056706214,0.25674965979310543,0.3084567606306737,10467,11628,13.369999885559082,16.03405597412339,30.430740356445312,both_up,False
C2,20160328_152747_1_361,0.021036221738052863,0.002966795757973595,327,-493,0.623416306454017,0.6444525281920699,0.48255238214296875,0.48551917790094234,8365,8858,9.550000190734863,11.828412841315284,32.11650085449219,both_up,False
C2,20160328_152747_641_361,-0.004193696911050537,-0.05081065267166618,690,-364,0.6328162578162578,0.6286225609052073,0.4609883232134517,0.4101776705417855,10525,10889,9.550000190734863,12.356293419240288,35.874080657958984,both_down,False
C2,20160328_153548_1281_1081,-0.023752969121140166,-0.03189297559984122,0,30,0.4782264449722882,0.45447347585114806,0.392749244712991,0.3608562691131498,604,574,17.190000534057617,5.614848433435128,32.274742126464844,both_down,False
C2,20160328_153548_1281_361,0.031118343817651217,0.0781668430904886,4,-266,0.7702782711663706,0.8013966149840218,0.5131371507489642,0.5913039938394528,6505,6771,18.34160041809082,41.67461564365584,23.77684211730957,both_up,False
C2,20160328_153548_1281_721,-0.0012959547441235841,-0.012776925944258222,456,-277,0.7007506718976863,0.6994547171535627,0.4027923802218458,0.3900154542775876,22684,22961,16.93720054626465,23.279806150255254,32.869327545166016,both_down,False
C2,20160328_153548_1921_361,-0.0014003476192580022,-0.025177245748436716,61,-31,0.8403775418141439,0.8389771941948859,0.4983930031244051,0.4732157573759684,12109,12140,22.920000076293945,27.081949354950474,24.595787048339844,both_down,False
C2,20160328_153548_1921_721,0.004480227116463675,-0.0035189869739978286,-175,48,0.7805513784461153,0.785031605562579,0.4144823469231928,0.410963359949195,15572,15524,17.190000534057617,30.137205479254533,25.640565872192383,other,False
C2,20160328_153548_1_1,0.005627297284383492,-0.010367699990281698,411,-394,0.6415509055741164,0.6471782028584999,0.42364492655573616,0.41327722656545446,14594,14988,13.692999839782715,31.36388182225049,19.36309814453125,other,False
C2,20160328_153548_1_1081,0.005249373912704858,-0.0025594334461143953,407,-451,0.5754707752506726,0.5807201491633774,0.19521973567426915,0.19266030222815475,23531,23982,19.100000381469727,17.351689632356425,27.73834228515625,other,False
C2,20160328_153548_641_1,-0.029356294195877708,-0.09184332263547673,280,-17,0.7092786996274975,0.6799224054316197,0.46737497610138473,0.375531653465908,4189,4206,13.117199897766113,36.211126809484085,18.72795295715332,both_down,False
C2,20160328_153548_641_1081,0.0011028189922519527,-0.006758422801292352,267,-175,0.560212411129641,0.561315230121893,0.27976317636646625,0.2730047535651739,12765,12940,12.864399909973145,13.559542449929708,33.08186721801758,other,False
C2,20160328_153548_641_361,0.020598548081128876,0.033062097507581545,53,-189,0.4634300126103405,0.4840285606914694,0.36619035899960006,0.3992524565071816,3675,3864,7.639999866485596,14.880756973655295,26.96171760559082,both_up,False
C2,20160328_153548_641_721,-0.00295701883416577,-0.00948736605792,600,-316,0.6213602664661008,0.618403247631935,0.3514376076323182,0.3419502415743982,11566,11882,12.864399909973145,26.360407651800585,35.30070495605469,both_down,False
C2,20160328_153604_1281_1,0.0027784564553762214,0.0283537955287661,242,-153,0.525008244476201,0.5277867009315772,0.35329356772102893,0.38164736324979504,4776,4929,8.215800285339355,20.73235582637058,17.427371978759766,both_up,False
C2,20160328_153604_1281_361,-0.07146426938844425,-0.012778072642730953,3752,21,0.5462511399230799,0.4747868705346357,0.2666979826437782,0.25391991000104724,13777,13756,13.692999839782715,19.61397418286417,17.78362274169922,both_down,False
C2,20160328_153604_1281_721,0.00655652820272723,-0.005904224905411093,-474,158,0.571872001805971,0.5784285300086982,0.3148041417413598,0.3088999168359487,10133,9975,10.954400062561035,22.666221926079743,22.052688598632812,other,False
C2,20160328_153604_1921_361,0.016680220460236983,0.007830443159505207,114,-318,0.5827097808658471,0.5993900013260841,0.29741097121448906,0.30524141437399427,8722,9040,10.125800132751465,17.21589647954889,17.83955192565918,both_up,False
C2,20160328_153604_1921_721,0.011031308842780696,0.0324567095088856,-32,-138,0.5074925074925075,0.5185238163352882,0.22552980367141542,0.257986513180301,7112,7250,12.288599967956543,5.990797285486224,18.98151969909668,both_up,False
C2,20160328_153604_1_1,-0.001659049022851744,-0.024206717737200734,113,-58,0.7255298382598996,0.7238707892370478,0.38441229059163406,0.36020557285443333,10407,10465,14.774399757385254,28.262110251279807,18.8658447265625,both_down,False
C2,20160328_153604_1_361,0.0078364719447781,-0.002778235095419468,374,-359,0.615528298362493,0.6233647703072711,0.28043228112363033,0.27765404602821087,9886,10245,13.117199897766113,14.705132659355385,18.63193702697754,other,False
C2,20160328_153604_641_1,0.023956751092110817,-0.014672201015029807,-117,-228,0.6463919943710421,0.6703487454631529,0.3730862533406187,0.35841405232558887,8268,8496,12.864399909973145,31.86284969676177,18.347339630126953,other,False
C2,20160328_153604_641_1081,0.0016114585908619805,-0.03438046631583086,30,-57,0.7235277980980249,0.7251392566888869,0.3055400490862952,0.2711595827704643,15825,15882,19.675800323486328,22.682127356791796,26.392833709716797,other,False
C2,20160328_153604_641_361,-0.026556089275338035,0.009399479955387147,1676,-376,0.6129879222825135,0.5864318330071755,0.3618909835402016,0.37129046349558875,14008,14384,9.550000190734863,27.129386835507844,15.757098197937012,boundary_up_IoU_down,False
C2,20160328_153604_641_721,-0.011260509212296266,-0.01618630907726648,256,52,0.6191560906822866,0.6078955814699903,0.3335624288476048,0.3173761197703383,11416,11364,11.460000038146973,26.065817934270598,20.23165512084961,both_down,False
C2,20160328_153620_1281_1081,0.02641587694306835,0.05944421880461348,-43,-48,0.7211601845748187,0.747576061517887,0.5818727041007571,0.6413169229053706,2188,2236,13.369999885559082,41.270337761369206,30.688369750976562,both_up,False
C2,20160328_153620_1281_361,0.00621740134614035,0.010835019132469204,-134,-252,0.6296555793200088,0.6358729806661492,0.3650821453868677,0.3759171645193369,34150,34402,19.100000381469727,22.561935882027626,19.83484649658203,both_up,False
C2,20160328_153620_1281_721,0.0019020176580485382,-0.0006682449423990877,-65,-7,0.7115213285342646,0.7134233461923132,0.39148654360474966,0.39081829866235057,19966,19973,10.954400062561035,31.873711207687762,28.347856521606445,other,False
C2,20160328_153620_1921_1081,0.006370554791358951,0.023400497302578316,-124,27,0.788625845496618,0.7949964002879769,0.5349129717638376,0.5583134690664159,8861,8834,13.692999839782715,41.88260572563492,26.751216888427734,both_up,False
C2,20160328_153620_1921_361,0.0008040182471522606,-0.011657474903604081,113,-119,0.814054893528059,0.8148589117752113,0.4686524445783454,0.4569949696747413,27257,27376,17.51300048828125,32.41045084486511,18.866636276245117,other,False
C2,20160328_153620_1_361,0.0025716908279060924,-0.01592233042704927,310,-349,0.8370387547465143,0.8396104455744204,0.47652032675679545,0.4605979963297462,28877,29226,21.0802001953125,19.869279285113336,24.33167266845703,other,False
C2,20160328_153620_1_721,0.013917765606935584,0.08846163678061725,-95,-7,0.8847370800060268,0.8986548456129624,0.6112468180298785,0.6997084548104957,5872,5879,21.90880012512207,38.1044838426767,27.85971450805664,both_up,False
C2,20160328_153620_641_361,-0.006703609635957841,-0.022530698720730213,142,-52,0.7751173708920188,0.768413761256061,0.5824743876017981,0.5599436888810679,6604,6656,10.954400062561035,35.71966962955223,23.31382179260254,both_down,False
C2,20160328_153620_641_721,0.0007321975459787522,0.00017278209148635648,7,-46,0.763951435673884,0.7646836332198628,0.4106641660033366,0.41083694809482296,42410,42456,15.279999732971191,31.1836460401059,32.79425048828125,both_up,False
C2,20160328_153629_1281_361,0.008528771879605546,0.02135072814109029,15,-92,0.9336254107338444,0.94215418261345,0.7955823910216867,0.816933119162777,8524,8616,32.03459930419922,19.184365034021127,21.160314559936523,both_up,False
C2,20160328_153629_1281_721,-0.010650089926552031,-0.018761503377057454,7,272,0.8083563535911602,0.7977062636646082,0.5146121771600456,0.49585067378298814,21069,20797,16.43160057067871,31.24745465925912,30.116613388061523,both_down,False
C2,20160328_153629_1921_361,0.0004642552629837704,-0.0134298757616369,117,-115,0.8510098722941762,0.85147412755716,0.5697719031998891,0.5563420274382522,28188,28303,19.675800323486328,27.126564286288414,19.000532150268555,other,False
C2,20160328_153629_1_361,0.0022589497578883178,-0.005029950490439639,317,-353,0.844585749018141,0.8468446987760293,0.4672901521076183,0.4622602016171787,31612,31965,19.100000381469727,25.741548290658997,22.482072830200195,other,False
C2,20160328_153629_641_361,-0.018742342581238636,-0.05324006363580319,454,-109,0.7618187787261983,0.7430764361449597,0.49036381748767616,0.43712375385187296,9282,9391,14.774399757385254,24.291360470286705,24.586538314819336,both_down,False
C2,20160328_153629_641_721,0.0015638512122860826,-0.01147414691166554,115,-148,0.8550752117305018,0.8566390629427879,0.49754561329957375,0.4860714663879082,27058,27206,21.010000228881836,28.663036612497905,33.65458297729492,other,False
C2,20160328_153829_1281_361,-0.003760518161947335,-0.005786034552503816,-80,209,0.7492572637091495,0.7454967455472021,0.43411990177876264,0.4283338672262588,29759,29550,12.288599967956543,41.83715753227982,16.334802627563477,both_down,False
C2,20160328_153829_1281_721,-0.004898412655245266,-0.1049105922942426,125,-52,0.606175972927242,0.6012775602719967,0.45830413454800284,0.35339354225376024,2866,2918,7.639999866485596,43.92536899871854,23.69110107421875,both_down,False
C2,20160328_153829_1921_1,0.004875662728868635,-0.007614385316752292,-124,-44,0.679430906614197,0.6843065693430657,0.418644430929146,0.4110300456123937,17956,18000,9.297200202941895,36.77414273820342,16.09865951538086,other,False
C2,20160328_153829_1921_361,-0.03595612326347719,-0.057230289240800536,48,120,0.7412946950222015,0.7053385717587243,0.6476880876136274,0.5904577983728269,3172,3052,11.460000038146973,29.99331781460198,14.89121150970459,both_down,False
C2,20160328_153829_1_1,-0.015788358413813985,-0.04470267134967082,650,-76,0.6875629295626668,0.6717745711488529,0.4688784026602153,0.4241757313105445,15706,15782,8.468600273132324,35.65986253141885,16.700273513793945,both_down,False
C2,20160328_153829_1_721,0.010562216668125624,0.03240074450320607,210,-243,0.7384767069263002,0.7490389235944258,0.381627742904177,0.4140284874073831,5992,6235,13.369999885559082,30.898548081376873,21.499265670776367,both_up,False
C2,20160328_153829_641_1,0.0011848599217764155,-0.013049272616405316,530,-418,0.7457917872842286,0.746976647206005,0.46318370308746376,0.45013443047105844,13912,14330,13.117199897766113,37.19416449821384,16.788198471069336,other,False
C2,20160328_153829_641_1081,-0.015243035102128433,0.013815458910258815,300,-28,0.5766391663048198,0.5613961312026914,0.3864591443284441,0.4002746032387029,5312,5340,9.297200202941895,21.174602074080255,25.850229263305664,boundary_up_IoU_down,False
C2,20160328_153829_641_361,0.014136769863095644,0.031253388050942355,-150,-16,0.755110824187648,0.7692475940507436,0.5162322831778733,0.5474856712288156,7018,7034,9.550000190734863,43.417239063946425,20.90928840637207,both_up,False
C2,20160328_153829_641_721,-0.018609964161227177,-0.08572883227464057,60,14,0.7241493227618103,0.7055393586005831,0.7077534385623967,0.6220246062877561,2192,2178,5.730000019073486,52.53694694189831,25.281391143798828,both_down,False
C2,20160329_103807_1081_1,-0.004621019262307697,0.011729218218510903,615,-9,0.03465104929233773,0.03003003003003003,0.07912087912087912,0.09085009733939002,71,80,6.558599948883057,10.262959015448288,48.741024017333984,boundary_up_IoU_down,False
C2,20160329_103807_361_1,-0.0015480588664018025,0.02243823595163813,-631,295,0.4074368978421849,0.4058888389757831,0.174974036151871,0.19741227210350912,10234,9939,30.12459945678711,14.188576133386618,50.77566146850586,boundary_up_IoU_down,False
C2,20160329_103807_361_1281,-0.015862337072576227,-0.01164027042462884,-87,645,0.582048619431797,0.5661862823592207,0.2608662347335776,0.24922596430894878,21860,21215,17.190000534057617,16.201536180163345,65.36714172363281,both_down,False
C2,20160329_103807_361_1921,-0.013939251034632949,-0.022779112150301428,150,437,0.47018753447324874,0.4562482834386158,0.17476781684825216,0.15198870469795073,17049,16612,18.34160041809082,16.92217039917665,55.20507049560547,both_down,False
C2,20160329_103807_361_641,-0.04383949518217545,-0.02149693194793413,-126,2215,0.5567674461275,0.5129279509453245,0.14324709047678638,0.12175015852885225,27310,25095,28.397199630737305,18.277104453583576,66.49139404296875,both_down,False
C2,20160329_103807_721_1,-0.007832623453076004,0.0009217667403643992,-489,430,0.47424359968968194,0.46641097623660593,0.19712260129355147,0.19804436803391587,12226,11796,19.100000381469727,6.906985887651814,50.30990219116211,boundary_up_IoU_down,False
C2,20160329_103807_721_1281,0.11927480916030535,0.0828843762950684,8,-250,0.0,0.11927480916030535,0.0,0.0828843762950684,0,250,9.297200202941895,33.58895503751519,52.58701705932617,both_up,False
C2,20160330_165956_1281_721,0.03797974133225507,0.02921406239218105,80,-441,0.44030554507732933,0.4782852864095844,0.571045604569911,0.6002596669620921,4669,5110,5.730000019073486,24.86967692748071,16.53260612487793,both_up,False
C2,20160330_165956_1921_721,-0.013334999368519007,0.002132022009898371,798,-364,0.5951050811386007,0.5817700817700817,0.6617940518107277,0.6639260738206261,4474,4838,5.477200031280518,30.906561319415886,14.845766067504883,boundary_up_IoU_down,False
C2,20160330_165956_1_1081,-0.023533634260174963,-0.0056757866445900085,37,234,0.6632569184400402,0.6397232841798652,0.5447389916091185,0.5390632049645285,7262,7028,7.387199878692627,23.711229366383648,11.885311126708984,both_down,False
C2,20160330_165956_1_721,0.05644963493606009,0.0908790473677697,284,-399,0.2023933402705515,0.2588429752066116,0.30796315496038856,0.39884220232815826,1167,1566,3.819999933242798,25.573752439869395,13.759791374206543,both_up,False
C2,20160330_165956_641_721,0.025765388586748483,0.02667461905791524,16,-284,0.6015235587322486,0.6272889473189971,0.6195563723359783,0.6462309913938935,6396,6680,5.730000019073486,27.86507416142844,16.7451114654541,both_up,False
C2,20160330_170359_1281_721,-0.022544523950178474,-0.02232377882917219,-123,999,0.5986786174063009,0.5761340934561224,0.2518248722776957,0.22950109344852349,24647,23648,28.649999618530273,41.862284433916145,48.88669204711914,both_down,False
C2,20160330_170359_1921_361,-0.0006493287377289381,-0.0015496730918829194,-160,134,0.7580424540250266,0.7573931252872976,0.5068126749210687,0.5052630018291858,14963,14829,29.29599952697754,34.58282663823595,41.10234832763672,both_down,False
C2,20160330_170359_1921_721,-0.003875115715114563,-0.00506053812069146,-22,110,0.7641462401329455,0.760271124417831,0.4774989210942099,0.4724383829735184,18393,18283,37.947200775146484,67.40323092351171,43.7650032043457,both_down,False
C2,20160330_170359_1_721,0.005437563370194853,0.030878533695689075,-828,341,0.6687277825063837,0.6741653458765785,0.22991147429349676,0.26079000798918583,26713,26372,24.829999923706055,26.204770163678376,39.89041519165039,both_up,False
C2,20160330_170359_641_721,0.01175559754026001,0.012704342527388668,181,-529,0.7277324924138752,0.7394880899541352,0.2879321875668053,0.30063653009419394,24462,24991,21.0802001953125,48.95530877382558,50.574729919433594,both_up,False
C2,20160330_172309_1281_361,0.011251436493308287,-0.0085661454381174,266,-288,0.7188962207558488,0.7301476572491571,0.7346231121746393,0.7260569667365219,5992,6280,7.387199878692627,24.38791570263325,16.947128295898438,other,False
C2,20160330_172309_1281_721,0.007873308293504744,0.007775260834011144,577,-651,0.7158082903301967,0.7236815986237014,0.36729722931153136,0.3750724901455425,21223,21874,15.279999732971191,13.651302871104889,21.475406646728516,both_up,False
C2,20160330_172309_1921_361,-0.005020544050104436,-0.03556862882505313,38,60,0.7779338239424751,0.7729132798923707,0.4339839949164995,0.3984153660914464,13848,13788,23.81879997253418,12.090086896222417,16.964006423950195,both_down,False
C2,20160330_172309_1921_721,0.00677343942993347,0.023803217733695314,-434,144,0.6766964008343319,0.6834698402642654,0.3431091273953073,0.3669123451290026,15248,15104,16.93720054626465,24.218134287755504,19.488767623901367,both_up,False
C2,20160330_172309_1_721,0.015535342473752212,0.008075093425591373,299,-547,0.7235644507981892,0.7390997932719414,0.45036303334528505,0.4584381267708764,15184,15731,13.692999839782715,27.363557329908744,18.248905181884766,both_up,False
C2,20160330_172309_641_361,-0.09695296955849958,-0.18420006528601163,49,163,0.5179514255543822,0.42099845599588265,0.5537223340040242,0.3695222687180125,981,818,8.215800285339355,21.861224977395906,18.068052291870117,both_down,False
C2,20160330_172309_641_721,0.05359024737955875,0.07038335819379354,526,-2072,0.5703134603564843,0.6239037077360431,0.3323732187924087,0.40275657698620226,18558,20630,12.288599967956543,23.503234694086274,21.801979064941406,both_up,False
C2,20160402_150314_1281_1081,0.04988494028813517,-0.023088057754872604,-59,-96,0.3226215644820296,0.3725065047701648,0.3794553954612739,0.3563673377064013,763,859,7.387200355529785,25.928630568445968,29.64834213256836,other,False
C2,20160402_150314_1281_361,-0.02059516900918923,-0.05573544331563046,214,-9,0.7388272132080843,0.7182320441988951,0.5380529352504808,0.48231749193485035,5191,5200,8.215800285339355,35.27178422492078,26.078874588012695,both_down,False
C2,20160402_150314_1281_721,0.002913035673109965,-0.004269754400482939,156,-150,0.7009711552398898,0.7038841909129998,0.5441952616697324,0.5399255072692495,9672,9822,9.297200202941895,38.95318955024493,29.700613021850586,other,False
C2,20160402_150314_1921_1,0.03193233309334409,0.01402327409723636,260,-526,0.6526885667094879,0.684620899802832,0.4428669248710761,0.45689019896831246,7113,7639,10.125800132751465,17.70724073182761,26.644287109375,both_up,False
C2,20160402_150314_1921_361,-0.01492495494515289,-0.043866927778721365,214,-115,0.7630708140304434,0.7481458590852905,0.7904603844595743,0.746593456680853,2306,2421,7.639999866485596,20.37380233782814,27.788381576538086,both_down,False
C2,20160402_150314_1_361,0.025863925688210054,0.0017853553325709037,300,-1052,0.7259498028415847,0.7518137285297948,0.42637613646306105,0.42816149179563195,23197,24249,15.279999732971191,22.393586022664493,19.816423416137695,both_up,False
C2,20160402_150314_1_721,0.008577431947639214,-0.004812971324430981,29,-89,0.315018315018315,0.3235957469659542,0.25257621977591066,0.24776324845147968,2924,3013,8.215800285339355,19.3298302337829,21.28631591796875,other,False
C2,20160402_150314_641_361,-0.016948310493317353,0.013300735343637848,91,87,0.6737875288683602,0.6568392183750429,0.4098851523095964,0.4231858876532342,5835,5748,11.460000038146973,17.59283236553253,23.648948669433594,boundary_up_IoU_down,False
C2,20160402_150314_641_721,0.054291271308810896,0.044968061320413366,590,-1763,0.4812591453119724,0.5355504166207833,0.37117864198814593,0.4161467033085593,12827,14590,9.550000190734863,23.800193749588885,28.481443405151367,both_up,False
C2,20160402_151049_1281_721,-0.005428884248857013,-0.056769205004574,186,41,0.8863034029471006,0.8808745186982436,0.524321189965965,0.467551984961391,33442,33401,24.829999923706055,10.990156691170895,26.970449447631836,both_down,False
C2,20160402_151049_1921_1081,0.005808831143487292,0.027479813952329735,36,-142,0.8318790900592085,0.8376879212026958,0.37437769664785925,0.401857510600189,16017,16159,24.829999923706055,17.572371515519393,25.75539207458496,both_up,False
C2,20160402_151049_1921_721,-0.006118828374787388,0.020259921097114164,288,-110,0.8824136152656008,0.8762947868908134,0.5323092742809941,0.5525691953781082,20532,20642,24.64739990234375,13.997144577128381,23.515317916870117,boundary_up_IoU_down,False
C2,20160402_151049_1_361,0.021387672412771952,0.044339905046844985,-131,-476,0.8029664896539095,0.8243541620666814,0.4467191479520926,0.4910590529989376,21925,22401,15.855799674987793,19.041048118126255,19.965730667114258,both_up,False
C2,20160402_151049_1_721,-0.018171413643271128,-0.048971085386292634,326,180,0.6588158325155381,0.640644418872267,0.4187493031178029,0.36977821773151026,14098,13918,9.550000190734863,10.36807916839085,21.636356353759766,both_down,False
C2,20160402_151049_641_361,0.009198645630668523,0.013359830886168655,1,-25,0.7431714719271624,0.7523701175578309,0.5721520656797126,0.5855118965658812,1959,1984,12.288599967956543,12.217261163592497,22.237512588500977,both_up,False
C2,20160402_151049_641_721,-0.007641535847789704,-0.005673829917548001,182,190,0.8484996992715689,0.8408581634237792,0.4244264776079829,0.4187526476904349,38090,37900,26.739999771118164,12.039894048993276,28.307340621948242,both_down,False
C2,20160402_151054_1281_1081,0.01609239637938409,0.05966521705121869,-553,150,0.8007254107104758,0.8168178070898598,0.34442106831002955,0.40408628536124824,15012,14862,21.010000228881836,10.211078884477658,27.113550186157227,both_up,False
C2,20160402_151054_1281_361,0.009053484736783468,0.030701238505395634,50,-101,0.8754584595758252,0.8845119443126087,0.6526757500681127,0.6833769885735084,5490,5591,20.5044002532959,0.31121031979135694,17.28053092956543,both_up,False
C2,20160402_151054_1281_721,-0.0004389219530311905,0.014107375662644972,-550,489,0.8531080873814062,0.852669165428375,0.4636673504556556,0.4777747261183006,38935,38446,26.55739974975586,7.494133315351164,25.556114196777344,boundary_up_IoU_down,False
C2,20160402_151054_1921_361,0.013835681192571059,0.026111003967512203,439,-556,0.7296336466618463,0.7434693278544173,0.5057563246821745,0.5318673286496867,12109,12665,10.954400062561035,9.656433936117665,18.838964462280273,both_up,False
C2,20160402_151054_1_361,0.011207263498690279,0.002899250011742849,162,-911,0.7864157002164658,0.7976229637151561,0.38340205451235626,0.3863013045240991,54858,55769,31.135799407958984,14.400990126484459,17.64834213256836,both_up,False
C2,20160402_151054_1_721,0.0,0.0,0,0,0.0,0.0,0.0,0.0,0,0,21.90880012512207,6.45573524885485,20.166301727294922,other,True
C2,20160402_151054_641_361,0.009562479987151318,0.005845172208914784,144,-237,0.8481631277384564,0.8577256077256077,0.6108683936571936,0.6167135658661084,10066,10303,20.25160026550293,29.58534945107928,16.3519344329834,both_up,False
C2,20160402_151054_641_721,0.0018582235256704438,-0.04082560391287704,-223,150,0.876483694551347,0.8783419180770174,0.5966707444142275,0.5558451405013505,21636,21486,22.920000076293945,13.554917721843736,23.339040756225586,other,False
C2,20160405_171348_1281_361,0.14762678227349185,0.15008320818281445,6,-197,0.38004569687738005,0.5276724791508719,0.34005763688760804,0.4901408450704225,499,696,15.279999732971191,35.76861019435276,52.243595123291016,both_up,False
C2,20160405_171348_1281_721,-0.0019670148140004118,0.003805859309150561,129,-11,0.7509304783347884,0.748963463520788,0.3341767877508033,0.33798264705995384,32685,32696,22.920000076293945,38.40621720779093,64.06812286376953,boundary_up_IoU_down,False
C2,20160405_171348_1921_721,0.002484437273881257,-0.008905283087298765,151,-214,0.667099471830986,0.6695839091048672,0.2720531185269645,0.26314783543966574,30313,30527,19.100000381469727,35.11280883726445,55.88145065307617,other,False
C2,20160405_171348_1_721,0.01670480703008248,0.031657847743972345,-87,-787,0.599224960254372,0.6159297672844545,0.24345381599361965,0.275111663737592,30153,30940,15.279999732971191,35.053169134177196,54.222251892089844,both_up,False
C2,20160405_171348_641_721,0.002195790284341692,0.021731953763563516,-212,63,0.7109312749003984,0.7131270651847401,0.3127345594330744,0.3344665131966379,28551,28488,19.100000381469727,42.43068002091347,65.95393371582031,both_up,False
C2,20160407_163130_1281_721,-0.002337028828325427,0.013330678163405385,22,37,0.7698312876783623,0.7674942588500369,0.4625005970856092,0.4758312752490146,17750,17713,13.369999885559082,33.11099992295196,38.901729583740234,boundary_up_IoU_down,False
C2,20160407_163130_1921_721,0.005789495002250344,-0.014584868819155994,245,-303,0.7627050214483977,0.768494516450648,0.49893258758995673,0.48434771877080074,15113,15416,12.288599967956543,37.60108648045976,29.953941345214844,other,False
C2,20160407_163130_1_361,0.014195538363004245,0.007880111763268305,-63,0,0.6608811748998665,0.6750767132628708,0.514955575196539,0.5228356869598073,1980,1980,9.550000190734863,27.881029082027226,29.900209426879883,both_up,False
C2,20160407_163130_1_721,-0.026477562539810817,-0.056421784332679026,-41,547,0.7142492599775442,0.6877716974377334,0.47468840286404174,0.4182666185313627,13995,13448,12.864399909973145,27.148584529990927,31.67229652404785,both_down,False
C2,20160407_163130_641_721,-0.011334345239586208,0.03080483844704268,262,61,0.7394201332613002,0.728085788021714,0.38956329894039365,0.42036813738743634,16424,16363,14.198599815368652,21.862032031974678,40.12064743041992,boundary_up_IoU_down,False
C2,20160407_163257_1281_1,0.009388683436582501,0.020325720347663334,-329,119,0.771122921777051,0.7805116052136335,0.33943933104734403,0.35976505139500736,11317,11198,13.692999839782715,24.946717496393987,16.096254348754883,both_up,False
C2,20160407_163257_1281_361,0.006062905360929016,-0.0013796212200476443,176,-236,0.783638522592338,0.789701427953267,0.5690459945190794,0.5676663732990318,12539,12775,11.207200050354004,36.811297108322265,18.24363899230957,other,False
C2,20160407_163257_1281_721,-0.006831018347975726,-0.041522606845004306,64,7,0.7609394313967861,0.7541084130488104,0.5160630146977446,0.4745404078527403,6156,6149,9.550000190734863,25.36731999647246,22.1820125579834,both_down,False
C2,20160407_163257_1921_1081,8.825631810971402e-05,0.01897116902308843,58,-35,0.5898446295879306,0.5899328859060403,0.3744400391328973,0.39341120815598574,5239,5274,7.639999866485596,18.682698112785644,21.304649353027344,both_up,False
C2,20160407_163257_1921_721,0.02485128631248279,0.08887810091913295,-21,-182,0.7259361648655441,0.7507874511780269,0.5261403519550082,0.6150184528741411,5777,5959,8.468600273132324,23.849599918179834,20.766359329223633,both_up,False
C2,20160407_163257_1_1,-0.0049217589374708215,-0.030135232424186364,397,-233,0.7609237536656891,0.7560019947282183,0.6011259517655123,0.570990719341326,10379,10612,9.297200202941895,27.068862237880055,18.35757827758789,both_down,False
C2,20160407_163257_641_361,-0.013431721913439776,-0.018469487065088552,-18,186,0.6729404504782475,0.6595087285648077,0.4804720475992933,0.46200256053420474,8724,8538,7.639999866485596,30.964201792393865,16.75684928894043,both_down,False
C2,20160407_165001_1281_1081,-0.03365776469034604,0.048352171210302275,322,66,0.5157462345960748,0.4820884699057288,0.33836266748564875,0.386714838695951,3390,3324,5.730000019073486,18.745988059906082,22.751174926757812,boundary_up_IoU_down,False
C2,20160407_165001_1281_361,0.014115413865279924,-0.001362867891000541,-449,86,0.6841615484831566,0.6982769623484365,0.3946241692814779,0.3932613013904774,11028,10942,12.864399909973145,20.103031213038918,23.67595672607422,other,False
C2,20160407_165001_1281_721,-0.02043768449567407,-0.035996032037437786,326,-59,0.6202664271815597,0.5998287426858856,0.49848495786202285,0.46248892582458506,4144,4203,11.460000038146973,26.12046792210228,25.439496994018555,both_down,False
C2,20160407_165001_1921_361,0.01045843882740738,0.04645683398137973,-210,47,0.52217384292856,0.5326322817559673,0.34353493834409865,0.3899917723254784,3238,3191,9.550000190734863,8.476228168328106,23.8717098236084,both_up,False
C2,20160407_165001_1921_721,-0.009983398851990288,-0.07419204610965902,907,-443,0.595819209039548,0.5858358101875577,0.5234318359771483,0.44923978986748925,5273,5716,6.558599948883057,17.513715823373616,22.15146255493164,both_down,False
C2,20160407_165001_1_1081,0.054342200698195925,0.012118412532050371,163,-276,0.13233016154016375,0.18667236223835967,0.2548032954375868,0.26692170796963716,598,874,5.477200031280518,16.783396736801365,20.189083099365234,both_up,False
C2,20160407_165001_1_721,-0.023919448666593457,-0.03161976219742879,72,410,0.7727764887857695,0.7488570401191761,0.5415193949175007,0.5098996327200719,14988,14578,11.460000038146973,28.2460495026302,21.604562759399414,both_down,False
C2,20160407_165001_641_1081,0.019860282008054453,0.021717293325080267,-104,-14,0.28817946505608283,0.3080397470641373,0.36092216170524954,0.3826394550303298,668,682,5.477200031280518,23.77870567206905,24.50098991394043,both_up,False
C2,20160407_165001_641_361,5.303125287670074e-05,0.011509022199701624,204,-162,0.7895340830846913,0.789587114337568,0.5613930879926958,0.5729021101923975,13760,13922,12.035799980163574,23.9877135041651,23.464767456054688,both_up,False
C2,20160407_165001_641_721,0.0029830145166610533,0.023023160820006994,-172,112,0.6790331646992692,0.6820161792159303,0.5764479824320614,0.5994711432520684,1208,1096,8.215800285339355,42.35576551533791,27.069761276245117,both_up,False
C2,IMG_2931_1297_485,-0.030941230922257423,-0.035978205604569546,373,-113,0.6506024096385542,0.6196611787162968,0.6330357360455576,0.5970575304409881,2484,2597,9.297200202941895,50.21081629811563,70.70835876464844,both_down,False
C2,IMG_2931_1297_969,-0.037148926302607854,0.03681712270285467,-436,763,0.5035512777962164,0.4664023514936086,0.13493046039471407,0.17174758309756874,7586,6823,10.378600120544434,93.93555806530281,64.53716278076172,boundary_up_IoU_down,False
C2,IMG_2931_1945_485,0.0012157288696603707,0.012661229843925426,69,-61,0.7557897656358341,0.7570054945054945,0.4705324902374067,0.4831937200813321,5450,5511,10.125800132751465,71.83440603562556,73.48895263671875,both_up,False
C2,IMG_2931_1945_969,0.005488177445009179,0.03842729030830766,-194,57,0.5580956375838926,0.5635838150289018,0.21695735063947225,0.2553846409477799,5322,5265,9.297200202941895,81.51141282405612,59.59674072265625,both_up,False
C2,IMG_2931_1_485,-0.011952210137084696,-0.017594384567656884,613,-176,0.7578307620383357,0.745878551901251,0.4056416184971098,0.3880472339294529,17831,18007,12.864399909973145,75.24172262684914,71.79118347167969,both_down,False
C2,IMG_2931_649_485,-0.03584166483689355,-0.08957158773243723,762,97,0.7334207675201003,0.6975791026832068,0.48357924000602903,0.3940076522735918,12862,12765,10.954400062561035,74.6814535833102,73.02434539794922,both_down,False
C2,IMG_2931_649_969,-0.19959734398978926,0.02940776685832347,-225,426,0.38082901554404147,0.1812316715542522,0.1713221601489758,0.20072992700729927,735,309,9.297200202941895,78.93232734453086,69.33585357666016,boundary_up_IoU_down,False
C2,IMG_2941_1297_485,-0.0004156772447656554,-0.0018562102248068646,58,-37,0.7415636717122622,0.7411479944674966,0.43680817626143315,0.4349519660366263,10680,10717,10.125800132751465,60.89195620627559,64.37071990966797,both_down,False
C2,IMG_2941_1297_969,-0.004169563924469766,-0.04205891826426311,-451,257,0.4972888299795156,0.49311926605504586,0.33234440540953364,0.2902854871452705,4127,3870,6.558599948883057,79.11907652277583,56.98193359375,both_down,False
C2,IMG_2941_1945_485,0.007009925934000738,0.030723065733228083,-95,-60,0.7152122962882215,0.7222222222222222,0.3849731906976206,0.4156962564308487,13122,13182,9.550000190734863,75.57702384287585,66.21858215332031,both_up,False
C2,IMG_2941_1_485,-0.02034219848591101,-0.044340073889092446,352,-87,0.6149367930805056,0.5945945945945946,0.5028070881261087,0.4584670142370163,3697,3784,9.550000190734863,20.782235336647247,70.17195892333984,both_down,False
C2,IMG_2941_1_969,-0.025975244024880495,-0.01637776214910175,-224,500,0.5438679564364473,0.5178927124115668,0.22443415666586622,0.20805639451676447,8040,7540,11.460000038146973,64.76431873824079,62.515411376953125,both_down,False
C2,IMG_2941_649_969,0.0032397822252895336,0.006742166076534495,-297,138,0.6510812054290315,0.654320987654321,0.3590006676995816,0.3657428337761161,11321,11183,9.297200202941895,70.15962144386643,62.500083923339844,both_up,False
C2,IMG_2942_1297_485,0.01270361792189123,-0.019020620681660383,-385,45,0.43034901365705613,0.44305263157894736,0.24486440269221496,0.22584378201055458,4254,4209,5.730000019073486,4.932724190606038,37.14627456665039,other,False
C2,IMG_2942_1945_485,-0.003251227527285294,-0.010480748111433263,69,21,0.2602820211515864,0.2570307936243011,0.17228315054835494,0.16180240243692168,3101,3080,3.819999933242798,13.419937935515676,39.027374267578125,both_down,False
C2,IMG_2942_1_485,-0.003301176758209623,-0.005938522702923055,516,-179,0.42080463936208773,0.4175034626038781,0.2185561847723259,0.21261766206940286,4644,4823,4.648600101470947,11.89670348221182,38.92764663696289,both_down,False
C2,IMG_2942_649_485,-0.0011670040758617328,-0.010723556968192882,16,7,0.2256500661084178,0.22448306203255608,0.22225370658977076,0.21153014962157787,2048,2041,4.234300136566162,6.554741045354305,38.45912551879883,both_down,False
C1b,20160222_080850_1281_361,-0.44025783132932517,-0.31736109061315365,-14770,16531,0.5079941036398684,0.06773627231054326,0.31736109061315365,0.0,17920,1389,15.279999732971191,68.78466112407327,79.35433959960938,both_down,False
C1b,20160222_080850_1281_721,-0.10677154365821939,-0.016619622509262966,-1588,928,0.4292682926829268,0.32249674902470743,0.3765990107453522,0.3599793882360892,1672,744,5.730000019073486,50.93769879898373,85.2051773071289,both_down,False
C1b,20160222_080850_1921_1,0.0,0.0,-12065,0,0.0,0.0,0.0,0.0,0,0,9.550000190734863,12.23499977810323,68.14149475097656,other,True
C1b,20160222_080850_1921_361,-0.38776605401715264,-0.16525016549482804,-4659,9829,0.7029358564074023,0.31516980239024966,0.37107906716512806,0.20582890167030002,15156,5327,13.945799827575684,35.326350774395124,68.42855834960938,both_down,False
C1b,20160222_080850_1_361,0.023465079321099425,0.022243136471813807,-4676,2719,0.7162385030130035,0.7397035823341029,0.39843758320307976,0.42068071967489357,22583,19864,15.602999687194824,46.66894039557289,70.14830780029297,both_up,False
C1b,20160222_080850_641_361,0.059749501932881866,0.07352618098451844,-9532,3900,0.5280516473106207,0.5878011492435026,0.22837919019584288,0.3019053711803613,15050,11150,10.378600120544434,41.93213843644613,84.3813705444336,both_up,False
C1b,20160222_080850_641_721,-0.4657166787605398,-0.2954679104740173,-1426,2624,0.4818263205013429,0.016109641740803076,0.2954679104740173,0.0,2691,67,6.558599948883057,41.45116772350427,85.68748474121094,both_down,False
C1b,20160222_115224_1281_1,0.11520519925527664,0.0601134052020576,1267,-967,0.22465635738831616,0.3398615566435928,0.37995644715545945,0.44006985235751706,1046,2013,3.819999933242798,56.48056281126912,54.61585235595703,both_up,False
C1b,20160222_115224_1281_1081,0.013019674832161598,-0.05934187675763081,188,-212,0.6807661612130886,0.6937858360452502,0.6186083396639938,0.559266462906363,4265,4477,7.387199878692627,60.5500166304111,58.8233528137207,other,False
C1b,20160222_115224_1281_361,0.05701184224780345,0.026661511880664873,234,-158,0.14602683178534573,0.20303867403314918,0.1911772099711404,0.21783872185180528,283,441,3.819999933242798,63.576421148578625,57.92909622192383,both_up,False
C1b,20160222_115224_1281_721,-0.1284252069104695,-0.07734335740952036,2900,-272,0.5630765233207743,0.4346513164103048,0.4565113442827286,0.37916798687320824,4334,4606,5.730000019073486,71.72195966536904,62.52579116821289,both_down,False
C1b,20160222_115224_1921_1081,0.14083253810641422,0.11533328589205266,-3,-187,0.29020194465220644,0.43103448275862066,0.34956457745615116,0.4648978633482038,388,575,7.387199878692627,44.77156931131212,55.889060974121094,both_up,False
C1b,20160222_115224_641_1,-0.011648859669458278,-0.040179631474026645,265,-25,0.5145777299623453,0.502928870292887,0.53976081911433,0.4995811876403034,4783,4808,4.648600101470947,49.17886546239129,56.51335144042969,both_down,False
C1b,20160222_115224_641_1081,0.0,0.0,-43,0,0.0,0.0,0.0,0.0,0,0,3.819999933242798,52.718854915556875,58.669960021972656,other,True
C1b,20160222_115224_641_361,0.0014722430011506749,-0.01697928227047596,286,-189,0.6377259752616555,0.6391982182628062,0.5853472580043818,0.5683679757339059,2681,2870,5.477200031280518,67.5435268465522,60.70695114135742,other,False
C1b,20160222_115224_641_721,-0.05096314633367194,0.05731084858815283,4714,-1464,0.4089769879243563,0.3580138415906844,0.342146352984399,0.3994572015725518,1795,3259,5.730000019073486,78.9156084857022,62.087215423583984,boundary_up_IoU_down,False
C1b,20160222_115837_1281_1,0.00922021861946154,0.024832501850924782,-540,291,0.6435212957408518,0.6527415143603134,0.5639551679816769,0.5887876698326017,4291,4000,6.558599948883057,68.1647523404194,31.299455642700195,both_up,False
C1b,20160222_115837_1281_1081,-0.02337684536462159,-0.0017670377070193588,74,61,0.5248987371932332,0.5015218918286116,0.5503219794818806,0.5485549417748612,2203,2142,3.819999933242798,98.10440514999584,35.42522430419922,both_down,False
C1b,20160222_115837_1281_361,-0.03682284612340658,-0.07280929291556992,-173,239,0.5092484195738702,0.47242557345046365,0.5715536453358803,0.49874435242031034,2175,1936,4.648600101470947,75.26756771076188,31.68861961364746,both_down,False
C1b,20160222_115837_1281_721,-0.025234963163579538,-0.09905074857361063,85,48,0.49367816091954025,0.4684431977559607,0.6294743810222594,0.5304236324486488,1718,1670,3.819999933242798,86.29864408387657,34.99931335449219,both_down,False
C1b,20160222_164851_1281_1081,0.018582439669135087,-0.021089328804387353,18,-144,0.7311690160899901,0.7497514557591252,0.4495068575034039,0.42841752869901656,5135,5279,15.855799674987793,31.47832800504557,26.408544540405273,other,False
C1b,20160222_164851_641_1,0.027561046056633787,-0.042084247396923846,-1484,687,0.7110617084343842,0.738622754491018,0.4102017547350336,0.3681175073381098,10555,9868,13.369999885559082,20.152658941185805,30.228845596313477,other,False
C1b,20160222_164851_641_1081,0.0055581033694071524,0.02565842731931428,-281,90,0.46394485683987274,0.4695029602092799,0.31407950509794935,0.33973793241726363,3500,3410,7.387200355529785,24.085632453660807,28.474334716796875,both_up,False
C1b,20160222_164851_641_361,-0.0024063003028992336,-0.038784802474049584,-1759,1158,0.63936,0.6369536996971008,0.41616687057776713,0.37738206810371755,9990,8832,9.550000190734863,24.60233409251866,34.005226135253906,both_down,False
C1b,20160222_164851_641_721,-0.028321095254216222,0.009403243835927666,-575,768,0.7170701994822598,0.6887491042280436,0.4682770197439773,0.47768026357990495,9418,8650,10.954400062561035,33.98102489504629,30.991132736206055,boundary_up_IoU_down,False
C1b,20160222_165225_1281_361,-0.015331154644715128,-0.0341151098389999,284,-3,0.653770097154157,0.6384389425094419,0.41981235410095563,0.38569724426195573,7604,7607,7.387199878692627,12.320630020752603,33.81498718261719,both_down,False
C1b,20160222_165225_1281_721,-0.033412831245504315,0.13512608409934512,-317,247,0.5853432282003711,0.5519303969548668,0.43891542135264217,0.5740415054519873,1262,1015,5.730000019073486,5.197184075461237,29.583908081054688,boundary_up_IoU_down,False
C1b,20160222_165225_1921_721,-0.017330466827292113,0.00980285746530013,-795,574,0.39840153452685423,0.3810710676995621,0.2963279317974749,0.30613078926277504,6231,5657,5.477200031280518,0.10614146580502393,30.75217056274414,boundary_up_IoU_down,False
C1b,20160222_165225_1_361,0.02221661038064493,0.06172603678198241,-985,57,0.4255134509690483,0.44773006134969323,0.3209802304708547,0.38270626725283713,7355,7298,5.730000019073486,7.952072060795913,30.246685028076172,both_up,False
C1b,20160222_165225_641_361,-0.008092699142506432,0.005944536258782995,-261,252,0.6222751743005913,0.6141824751580849,0.5557685480233784,0.5617130842821614,7051,6799,5.730000019073486,12.491501094407496,33.40713119506836,boundary_up_IoU_down,False
C1b,20160222_165402_1281_1,0.011907370163514064,0.039626090966741856,-98,-38,0.8044399596367305,0.8163473298002446,0.5840991747832653,0.6237252657500072,7972,8010,10.954400062561035,9.825147750011638,26.30117416381836,both_up,False
C1b,20160222_165402_1281_361,-0.0026737761799279225,0.025761365432110273,-361,312,0.7888298881092357,0.7861561119293078,0.583528670052005,0.6092900354841153,8319,8007,11.460000038146973,6.783384394903209,26.992765426635742,boundary_up_IoU_down,False
C1b,20160222_165402_641_1081,-0.029043035413072626,-0.1192432206875621,465,17,0.8800140745953554,0.8509710391822828,0.6539307311709731,0.534687510483411,12505,12488,17.51300048828125,5.412561618795735,25.619922637939453,both_down,False
C1b,20160222_165402_641_721,-0.018182295047570296,-0.007235237159243568,357,-96,0.8227799961969956,0.8045977011494253,0.5797220096460161,0.5724867724867725,8654,8750,13.369999885559082,14.692631410484537,27.749711990356445,both_down,False
C1b,20160222_165926_1281_361,0.008274526545784477,0.08673224453485495,-767,300,0.41356289529163737,0.42183742183742184,0.5539822985289594,0.6407145430638144,1177,877,2.738600015640259,37.6545135611743,23.76129150390625,both_up,False
C1b,20160222_165926_1281_721,-0.04039736401565408,-0.1042053655350853,542,-5,0.5684528085045252,0.5280554444888711,0.5256927306272264,0.42148736509214113,3957,3962,4.648600101470947,27.057476019807154,25.16778564453125,both_down,False
C1b,20160222_165926_1921_721,-0.010096051074731105,-0.008179656771907906,-113,145,0.5335763848053628,0.5234803337306317,0.5003411800054477,0.4921615232335398,4537,4392,3.819999933242798,37.92052047192493,28.769832611083984,both_down,False
C1b,20160222_165926_1_1081,0.06840762261294081,0.0936937825800973,45,-109,0.13132694938440492,0.19973457199734573,0.26781555659059153,0.36150933917068884,192,301,3.819999933242798,23.64293049663509,19.65210723876953,both_up,False
C1b,20160222_165926_1_721,-0.01294888114699183,-0.01927390095545789,-38,69,0.3328018223234624,0.31985294117647056,0.4534232589796739,0.434149358024216,1461,1392,3.819999933242798,23.1017710311219,18.124347686767578,both_down,False
C1b,20160222_165926_641_1,-0.002593493410475156,-0.02669863450942289,-73,52,0.49515033947623666,0.4925568460657615,0.327209624857383,0.3005109903479601,3063,3011,4.648600101470947,20.82479345327542,18.24419403076172,both_down,False
C1b,20160222_165926_641_361,-0.03671924758049672,-0.183320420615585,657,-59,0.46554566435872075,0.42882641677822403,0.4075582408409211,0.22423782022533612,2824,2883,3.819999933242798,18.14596000299713,21.67966651916504,both_down,False
C1b,20160222_165926_641_721,-0.03557035575827172,-0.0657401815844697,356,102,0.5782624412579829,0.5426920854997112,0.6639839034205232,0.5982437218360535,4799,4697,3.819999933242798,29.14357976211828,23.274900436401367,both_down,False
C1b,20160302_155857_1281_1,0.0013100022380725315,0.016214323286001642,396,-21,0.033393501805054154,0.034703504043126686,0.06203439585698857,0.07824871914299021,185,206,7.639999866485596,34.9879796441506,65.58020782470703,both_up,False
C1b,20160302_155857_1281_361,0.008551197098374819,-0.019846838702599096,-1615,544,0.39660517749186175,0.40515637459023657,0.2286300911457595,0.2087832524431604,5117,4573,8.215800285339355,45.219427496381535,69.51626586914062,other,False
C1b,20160302_155857_1281_721,0.2585409533726549,0.18475576984151915,276,-408,0.07970419063270337,0.3382451440053583,0.11587147030185004,0.30062724014336917,97,505,7.639999866485596,31.127744370251392,72.39019775390625,both_up,False
C1b,20160302_155857_1_721,0.03169741268646942,0.0009031805386683356,-1070,-47,0.6833970806338303,0.7150944933202997,0.3796337195772539,0.3805369001159222,17510,17557,13.692999839782715,56.22479781894724,67.4919662475586,both_up,False
C1b,20160302_155857_641_721,0.01979107797186347,0.020717523779380964,-421,-268,0.43942513942513944,0.4592162173970029,0.2966482649184542,0.31736578869783516,10243,10511,9.297200202941895,53.939981420124475,77.10975646972656,both_up,False
C1b,20160307_144202_1281_361,-0.051031028850660354,-0.040474560252500014,1102,10,0.5236950879553974,0.4726640591047371,0.39048684273325845,0.35001228248075844,5448,5438,5.730000019073486,64.44188188615277,53.029197692871094,both_down,False
C1b,20160307_144202_1281_721,-0.037654344967823494,-0.03720871462647757,615,-34,0.4767070835992342,0.4390527386314107,0.48897409592970215,0.4517653813032246,2988,3022,6.558599948883057,76.75159979871833,63.67276382446289,both_down,False
C1b,20160307_144202_1921_361,-0.024061400954159873,-0.050038725237578185,982,-106,0.5940714815993212,0.5700100806451613,0.37128921546112015,0.32125049022354196,11203,11309,7.387199878692627,68.50098239253856,48.40108108520508,both_down,False
C1b,20160307_144202_1_361,-0.01100364983147184,-0.006728933288190797,179,106,0.6799415062149646,0.6689378563834928,0.4411692790063282,0.4344403457181374,13949,13843,10.954400062561035,48.3122595000887,53.5565185546875,both_down,False
C1b,20160307_144202_641_361,-0.01659683192537942,-0.02968022594269487,576,-62,0.608742194469224,0.5921453625438445,0.47409236492548984,0.44441213898279497,10236,10298,7.639999866485596,55.870961057265994,55.072471618652344,both_down,False
C1b,20160307_145059_1281_361,0.005120314039920304,0.034130294741963385,-140,7,0.7375118808744323,0.7426321949143526,0.5029717800404736,0.537102074782437,13967,13960,11.460000038146973,64.42968104742192,29.221721649169922,both_up,False
C1b,20160307_145059_1281_721,-0.10006868456580326,-0.027387394623425154,-1414,1425,0.4506784406633642,0.35060975609756095,0.25040857668519534,0.22302118206177018,4185,2760,5.730000019073486,61.23467168182774,33.30763626098633,both_down,False
C1b,20160307_145059_1921_1081,-0.44987817313793543,-0.37952291869274385,-704,2826,0.5417073965461062,0.09182922340817078,0.4919849247717712,0.11246200607902734,3325,499,7.387199878692627,50.4958680954202,27.989702224731445,both_down,False
C1b,20160307_145059_1921_361,0.005499608601467143,0.0019373848309044428,-1513,990,0.7128583593528243,0.7183579679542914,0.5040005175871811,0.5059379024180856,12557,11567,10.954400062561035,52.069968218029,29.97979736328125,both_up,False
C1b,20160307_145059_1921_721,-0.5040413130530457,-0.3885200841686557,-857,3043,0.5982644206227667,0.09422310756972112,0.4910841867327582,0.10256410256410256,3516,473,8.215800285339355,45.14086309559839,25.728290557861328,both_down,False
C1b,20160307_145059_1_361,0.004118806515456264,-0.02409138612402173,145,-162,0.8246356833398976,0.8287544898553538,0.7295521685073786,0.7054607823833569,8375,8537,10.125800132751465,67.62901200470108,33.47013854980469,other,False
C1b,20160307_145059_1_721,0.08648314084457576,-0.002866790464447877,-1240,-72,0.5834451044261353,0.669928245270711,0.48030660190167784,0.47743981143722997,6090,6162,10.125800132751465,51.94927627502821,30.846315383911133,other,False
C1b,20160307_145059_641_361,0.09562490011871111,0.03823621968727292,-4106,-64,0.2958810068649886,0.3915059069836997,0.27397179410688893,0.31220801379416185,5172,5236,7.387199878692627,53.901969254378955,35.69407653808594,both_up,False
C1b,20160307_145059_641_721,0.06987365219090669,0.24955154888226133,-3178,1207,0.6709901351845086,0.7408637873754153,0.32532019704433496,0.5748717459265963,11019,9812,9.550000190734863,52.31637937118629,35.57746505737305,both_up,False
C1b,20160307_162438_1281_361,0.24341310128112165,0.10018661564264283,0,-1007,0.3142373700749335,0.5576504713560552,0.11003236245954692,0.21021897810218976,1300,2307,30.307199478149414,1.199394615032162,18.94805145263672,both_up,False
C1b,20160307_162438_1281_721,0.07863023362872235,0.007088957364506293,455,-2781,0.4785340965654554,0.5571643301941778,0.2326580059292236,0.23974696329372988,15382,18163,25.72879981994629,1.864356978619881,20.841594696044922,both_up,False
C1b,20160307_162438_1921_1081,0.008040164509990566,-0.016844584702756293,57,-134,0.6129321591650359,0.6209723236750264,0.3331777881474568,0.3163332034447005,7517,7651,17.76580047607422,2.4239437009627096,20.2684326171875,other,False
C1b,20160307_162438_1921_721,0.011083645620785676,0.003468874456711707,774,-751,0.5927242888402626,0.6038079344610483,0.22411650856610354,0.22758538302281525,15169,15920,21.010000228881836,3.26805939309277,16.405851364135742,both_up,False
C1b,20160307_162438_1_361,0.028104344449690677,0.0022768226752416243,241,-1284,0.635075,0.6631793444496906,0.17209064912387886,0.1743674717991205,25403,26687,28.649999618530273,3.2516793679875207,20.998735427856445,both_up,False
C1b,20160307_162438_641_361,-0.018128895121240385,0.010015937077569037,577,33,0.6974660865113899,0.6793371913901495,0.39999639757429606,0.4100123346518651,16350,16317,21.010000228881836,21.569400136734387,21.05950927734375,boundary_up_IoU_down,False
C1b,20160307_162438_641_721,0.039233458760001894,0.030371952356426146,218,-317,0.3258965460254503,0.3651300047854522,0.3159608452072318,0.3463327975636579,1972,2289,24.64739990234375,1.2371655230859915,22.103282928466797,both_up,False
C1b,20160310_114505_1281_1,-0.020847698919797875,-0.09868409202827427,128,30,0.33698224852071007,0.3161345496009122,0.5567591509356751,0.4580750589074008,1139,1109,2.738600015640259,52.97977821653854,23.846925735473633,both_down,False
C1b,20160310_114505_641_1,0.02870869527559139,0.047689857826698046,-416,-2,0.4563257255564948,0.4850344208320862,0.4806571585191041,0.5283470163458022,3239,3241,5.477200031280518,68.60650954021075,24.88051986694336,both_up,False
C1b,20160310_114505_641_1081,-0.00033244426327561083,0.0002893392908530079,-116,61,0.5050040573437923,0.5046716130805167,0.46933249617391987,0.4696218354647729,3734,3673,6.558599948883057,60.996094810240905,33.67136001586914,boundary_up_IoU_down,False
C1b,20160310_114505_641_361,0.004852599493733067,-0.02452015266918206,-318,139,0.5375923511516731,0.5424449506454062,0.4962511989408793,0.47173104627169726,3711,3572,5.477200031280518,53.121308740505114,29.450105667114258,other,False
C1b,20160310_114505_641_721,-0.0013713059291977636,-0.007156555686149035,51,-15,0.5055676436708051,0.5041963377416073,0.47010443228997484,0.4629478766038258,3950,3965,7.387199878692627,66.47970868655747,37.89896011352539,both_down,False
C1b,20160316_142539_1281_361,-0.031143632384638464,-0.023273671411752517,19,236,0.7018905721797921,0.6707469397951537,0.36148110543516193,0.3382074340234094,5606,5370,12.864399909973145,39.31527523104697,33.95152282714844,both_down,False
C1b,20160316_142539_1281_721,0.014793103307024102,-0.010798830332856835,281,-311,0.5726305119107957,0.5874236152178198,0.49006955501550326,0.4792707246826464,5649,5960,9.550000190734863,29.768105039903787,49.05207061767578,other,False
C1b,20160316_142539_1921_361,0.03149420264253683,0.029468929573399805,785,-743,0.40190788959261864,0.43340209223515547,0.26896879056770423,0.29843772014110403,5140,5883,8.215800285339355,22.91978518645692,35.26789474487305,both_up,False
C1b,20160316_142539_1_721,0.009200959349158433,-0.01242078578609973,420,-378,0.5760824168174857,0.5852833761666442,0.3972285941596333,0.38480780837353357,8276,8654,9.297200202941895,31.215405937420357,42.16252899169922,other,False
C1b,20160316_142539_641_721,-0.008878833033810263,0.037804163884730346,-61,147,0.4570750166951102,0.44819618366129993,0.31208460907058827,0.3498887729553186,6160,6013,7.639999866485596,30.65333240815862,51.89017105102539,boundary_up_IoU_down,False
C1b,20160316_143445_1281_1,-0.031050931296471407,-0.09196165413769153,235,344,0.7362938596491229,0.7052429283526515,0.38295090332148035,0.2909892491837888,12087,11743,17.190000534057617,36.862984045824675,39.2401008605957,both_down,False
C1b,20160316_143445_1281_1081,0.01774685410691279,-0.12040250943160641,179,-166,0.5019455252918288,0.5196923793987416,0.5267789072426937,0.4063763978110873,2064,2230,8.468600273132324,41.743240892310624,55.325836181640625,other,False
C1b,20160316_143445_1281_361,-0.010188979610637805,-0.11503235005023721,522,-226,0.7272789723157244,0.7170899927050866,0.4600858896648152,0.34505353961457796,10587,10813,13.369999885559082,38.19336299734813,43.40476608276367,both_down,False
C1b,20160316_143445_1281_721,0.026443959612244994,0.05113199976755761,31,-560,0.6260043111894964,0.6524482708017414,0.383325229733004,0.4344572295005616,12778,13338,9.837900161743164,41.394854808724645,55.99468231201172,both_up,False
C1b,20160316_143445_1921_1081,0.17667274920360004,0.03170101731440114,420,-2028,0.2645254074784276,0.44119815668202766,0.2440232317320247,0.27572424904642584,2759,4787,9.297200202941895,17.330786254917868,49.46260452270508,both_up,False
C1b,20160316_143445_1_1081,-0.009688663018660337,0.00580401081775217,71,60,0.6547619047619048,0.6450732417432444,0.45902453426864975,0.4648285450864019,7150,7090,10.378600120544434,40.97143635032956,46.10719299316406,boundary_up_IoU_down,False
C1b,20160316_143445_1_721,0.09021580052385741,0.1600923822941097,902,-813,0.34683326152520466,0.4370490620490621,0.21229635090305934,0.37238873319716903,1610,2423,9.550000190734863,37.82182811081118,49.047630310058594,both_up,False
C1b,20160316_143445_641_361,-0.0019842526117851422,0.0103349639237873,275,-181,0.7457198279497343,0.7437355753379492,0.534030475793299,0.5443654397170863,8842,9023,9.550000190734863,48.246452931582844,52.38850784301758,boundary_up_IoU_down,False
C1b,20160316_143445_641_721,0.06693639914228866,0.04024176981746108,80,-770,0.6831337795795229,0.7500701787218116,0.4997074993942493,0.5399492692117104,7246,8016,11.460000038146973,34.723210505220734,59.0749626159668,both_up,False
C1b,20160316_143527_1281_1081,0.0035559806925067328,0.0012633220199949058,132,-123,0.5654982919946532,0.5690542726871599,0.4140186314417647,0.4152819534617596,7615,7738,7.639999866485596,50.67648750351055,57.17793273925781,both_up,False
C1b,20160316_143527_1281_361,0.03414560112382958,0.010948855690965986,141,-192,0.5158114558472554,0.549957056971085,0.3590792017442543,0.37002805743522027,1729,1921,9.297200202941895,56.00471306471307,42.73497009277344,both_up,False
C1b,20160316_143527_1281_721,0.02978200482601101,0.03203980374575649,187,-790,0.5028038995772582,0.5325859044032693,0.3598056056427457,0.3918454093885022,11656,12446,7.639999866485596,54.36846232156769,57.99797058105469,both_up,False
C1b,20160316_143527_1921_361,0.013714673463508464,0.00820741503357647,355,-315,0.48194910238705857,0.49566377585056703,0.46698934448774604,0.4751967595213225,4886,5201,5.730000019073486,54.96835725069684,45.237884521484375,both_up,False
C1b,20160316_143527_1_1,0.01407346718089475,0.017089801770449053,83,-192,0.49048467235398896,0.5045581395348837,0.5015372639574947,0.5186270657279437,5232,5424,7.639999866485596,39.13843253639472,41.00446701049805,both_up,False
C1b,20160316_143527_1_361,0.21418597984058002,0.22490103757684848,383,-733,0.182454847032805,0.39664082687338503,0.2739404191335401,0.4988414567103886,495,1228,4.648600101470947,71.45977557014709,43.48800277709961,both_up,False
C1b,20160316_143527_641_1,-0.012998118320093566,-0.010409516025515875,-14,147,0.7096315939009376,0.696633475580844,0.5179493997872665,0.5075398837617506,7493,7346,8.215800285339355,52.0136618449373,41.54206848144531,both_down,False
C1b,20160316_143527_641_361,-0.0029655073885265226,-0.005043716217750016,266,-102,0.580809818765772,0.5778443113772455,0.4718101479952242,0.4667664317774742,10127,10229,7.639999866485596,56.71731168492782,47.917781829833984,both_down,False
C1b,20160316_143527_641_721,0.07428736008884124,0.06460899602209424,265,-632,0.3830715532286213,0.45735891331746253,0.4059384202313893,0.47054741625348356,2634,3266,9.550000190734863,50.870664065817536,58.97178268432617,both_up,False
C1b,20160316_143547_1281_1081,-0.014280192604082087,-0.008892778413050362,77,-10,0.7787843366452367,0.7645041440411546,0.5573391498386723,0.5484463714256219,2665,2675,12.864399909973145,49.44782035215137,40.200557708740234,both_down,False
C1b,20160316_143547_1281_361,0.23234716064862496,0.11126759296220753,-97,-300,0.18882072256305385,0.4211678832116788,0.16682130265355352,0.27808889561576106,277,577,13.117199897766113,80.66452729819481,28.781999588012695,both_up,False
C1b,20160316_143547_1281_721,0.0007960352842576457,0.02295918146801612,50,-59,0.7948144466534128,0.7956104819376705,0.5427166828814712,0.5656758643494874,19190,19249,13.369999885559082,66.2175275367681,40.150604248046875,both_up,False
C1b,20160316_143547_1921_1081,-0.013070414488306148,0.01394685444639715,126,242,0.7197962728995578,0.7067258584112517,0.3784793880692868,0.392426242515684,18231,17989,12.035799980163574,48.1776391037608,34.96717071533203,boundary_up_IoU_down,False
C1b,20160316_143547_1_1,-0.014157589205307852,-0.021928885957100464,231,119,0.6183749452474814,0.6042173560421735,0.37384699982811537,0.3519181138710149,11294,11175,10.125800132751465,46.76749130087557,33.33842849731445,both_down,False
C1b,20160316_143547_641_1,0.010200649973298281,0.03524653250319143,4,-19,0.6977917981072556,0.7079924480805538,0.5891089108910892,0.6243554433942806,1106,1125,7.639999866485596,81.15447761194031,28.733903884887695,both_up,False
C1b,20160316_143547_641_361,0.004348204586625881,0.019428058623912725,180,-213,0.8002806659437393,0.8046288705303651,0.6580620519950323,0.677490110618945,12546,12759,9.550000190734863,70.8246138986674,34.83510208129883,both_up,False
C1b,20160316_143547_641_721,0.17700801779975617,0.09595162195757648,1,-191,0.008348794063079777,0.18535681186283595,0.03680981595092025,0.13276143790849673,9,200,5.730000019073486,27.8545306122449,44.23733901977539,both_up,False
C1b,20160318_181632_1281_1081,-0.023365971295418952,-0.07167332358585327,822,-43,0.766480125092585,0.743114153797166,0.3822193683360175,0.31054604475016423,18627,18670,17.51300048828125,16.223149893677174,54.201934814453125,both_down,False
C1b,20160318_181632_1281_361,-0.014540539097927518,0.004558733643148516,802,46,0.7221577038845306,0.7076171647866031,0.3330614520248606,0.3376201856680091,30470,30424,21.010000228881836,30.50352653515469,48.2446174621582,boundary_up_IoU_down,False
C1b,20160318_181632_1281_721,-0.012502251965309519,-0.03328708510273021,-365,587,0.7976279650436954,0.7851257130783859,0.3652756043249479,0.33198851922221767,19167,18580,22.16160011291504,29.822040830303123,56.401641845703125,both_down,False
C1b,20160318_181632_1921_1,0.004295716429430607,0.010091983197907883,109,-91,0.6145985401459854,0.618894256575416,0.4892462023301935,0.4993381855281014,3368,3459,13.369999885559082,34.79648481816852,42.445255279541016,both_up,False
C1b,20160318_181632_1921_361,-0.004354589680420462,0.006778147048826899,476,-252,0.7943190196973421,0.7899644300169216,0.44176358867685633,0.44854173572568323,22623,22875,21.0802001953125,28.659247843214786,47.313690185546875,boundary_up_IoU_down,False
C1b,20160318_181632_1_1,-0.008892530236770835,-0.06297053387605533,45,265,0.8702245381890571,0.8613320079522863,0.5461046767353204,0.48313414285926504,29726,29461,24.829999923706055,35.708554875314064,44.946205139160156,both_down,False
C1b,20160318_181632_1_361,-0.02985879886545806,-0.07384158783319783,-192,300,0.8011006289308176,0.7712418300653595,0.5715791851796068,0.497737597346409,4076,3776,24.64739990234375,39.16469966609833,49.176536560058594,both_down,False
C1b,20160318_181632_641_1,0.024604074107003382,0.030329377974797456,-29,-49,0.5348924933987175,0.5594965675057209,0.45844839348949024,0.4887777714642877,1418,1467,14.198599815368652,33.29781850828407,44.223670959472656,both_up,False
C1b,20160318_181632_641_361,-0.001349391333824057,-0.028272125646140678,596,-415,0.7950678690963183,0.7937184777624943,0.33664059649088196,0.3083684708447413,34207,34622,30.12459945678711,31.315994070822356,50.75236511230469,both_down,False
C1b,20160318_181632_641_721,0.00425531914893617,0.050704225352112685,5,-5,0.0,0.00425531914893617,0.0,0.050704225352112685,0,5,5.477200031280518,28.52078853046595,59.00904846191406,both_up,False
C1b,20160321_183947_1281_361,0.07023079528598286,0.018360788000274075,3,-161,0.5721854304635762,0.642416225749559,0.4332760216902526,0.45163680969052666,1296,1457,15.855799674987793,9.113925622400203,25.271743774414062,both_up,False
C1b,20160321_183947_1281_721,-0.03714923034048656,0.035368242259092575,3138,-685,0.7230029117609824,0.6858536814204959,0.3896307448583482,0.4249989871174408,28555,29240,24.64739990234375,14.240951284370098,25.514734268188477,boundary_up_IoU_down,False
C1b,20160321_183947_1921_721,0.11566773952200404,0.010679510968114092,1025,-4475,0.6393212075754735,0.7549889470974775,0.28675448442037194,0.297433995388486,20457,24932,22.920000076293945,6.434581521596471,23.601999282836914,both_up,False
C1b,20160321_183947_1_721,0.0010791173686715005,0.005871312928975914,491,-452,0.8066079981309139,0.8076871154995854,0.386218710506557,0.3920900234355329,41429,41881,34.127201080322266,8.545894242721928,22.53837013244629,both_up,False
C1b,20160321_183947_641_721,0.07168271621682709,0.08466066530789124,505,-3023,0.7533003300330033,0.8249830462498304,0.33218004404955914,0.4168407093574504,27390,30413,24.324399948120117,18.787876901623363,29.16482162475586,both_up,False
C1b,20160321_185557_1281_721,-0.012370425706449861,-0.042161815170294825,491,-36,0.8006554373105927,0.7882850116041429,0.40994709191328466,0.36778527674298983,22721,22757,17.190000534057617,36.08618081070323,27.11532974243164,both_down,False
C1b,20160321_185557_1921_1,0.02785510447542139,-0.03730987574583711,910,-930,0.6507398823319664,0.6785949868073878,0.34002298352847127,0.30271310778263416,7300,8230,13.692999839782715,17.68401562137288,29.585506439208984,other,False
C1b,20160321_185557_1921_1081,-0.003479929987834862,-0.006004743751528013,578,-319,0.6353853100541842,0.6319053800663493,0.2308088614116435,0.2248041176601155,8443,8762,14.198599815368652,26.08629939134756,22.397253036499023,both_down,False
C1b,20160321_185557_1921_361,0.040746265861545616,-0.005055892584637012,219,-537,0.5040483855233636,0.5447946513849092,0.3118660410411605,0.3068101484565235,5167,5704,10.125800132751465,15.058575508286296,26.77386474609375,other,False
C1b,20160321_185557_1921_721,-0.005723025273796867,-0.02472424531161399,274,-28,0.6770405167351732,0.6713174914613763,0.36827058748249825,0.34354634217088426,18448,18476,20.757200241088867,30.71153653839019,24.886627197265625,both_down,False
C1b,20160321_185557_1_361,-0.02339755266232557,-0.06793416607118197,23,13,0.7714949651432997,0.7480974124809742,0.8162023977433004,0.7482682316721184,996,983,11.460000038146973,26.040123466962868,24.857261657714844,both_down,False
C1b,20160321_185557_1_721,0.00440945198039322,0.023354493344685423,-318,129,0.7286319356204998,0.733041387600893,0.4630027896081215,0.48635728295280695,17203,17074,12.864399909973145,21.747127400053373,22.2241268157959,both_up,False
C1b,20160321_185557_641_721,0.005098823393389962,-0.0025588221045189097,400,-439,0.7837056613123012,0.7888044847056912,0.4449942340529646,0.4424354119484457,18979,19418,16.108600616455078,35.33926531670967,26.670475006103516,other,False
C1b,20160324_170347_1281_1,0.0002547728088031498,-0.026339255825738705,-65,47,0.7542415169660679,0.754496289774871,0.6171656880297471,0.5908264322040084,6046,5999,8.468600273132324,28.228848001044483,17.272253036499023,other,False
C1b,20160324_170347_1281_1081,-0.023703453321335388,-0.03391206918773071,38,168,0.6845464588191973,0.6608430054978619,0.5720341697450981,0.5381221005573674,5577,5409,7.639999866485596,60.2347406997599,33.8494758605957,both_down,False
C1b,20160324_170347_1281_361,-0.009790553781033662,0.01644636666305943,-354,350,0.7361374657389838,0.7263469119579501,0.5999173899604183,0.6163637566234778,6983,6633,8.215800285339355,12.735462489774065,22.09366798400879,boundary_up_IoU_down,False
C1b,20160324_170347_1281_721,-0.016973501393838852,-0.009735892588295991,-72,229,0.4980351061042704,0.4810616047104315,0.5518794005341338,0.5421435079458378,5703,5474,6.558599948883057,41.08035490251271,29.645767211914062,both_down,False
C1b,20160324_170347_641_1,0.00024281710065826578,0.11205386368314574,-591,289,0.49075975359342916,0.4910025706940874,0.42672472974302955,0.5387785934261753,2390,2101,3.819999933242798,46.63546762196431,22.501693725585938,both_up,False
C1b,20160324_170347_641_361,0.022060579971338257,0.12878052519951094,-905,343,0.5152448413920542,0.5373054213633924,0.44757842867800074,0.5763589538775117,3346,3003,4.648600101470947,50.768908342925386,28.99747085571289,both_up,False
C1b,20160324_170347_641_721,-0.014709325480635749,0.04731092918212498,-293,210,0.5469387755102041,0.5322294500295683,0.5374035286730002,0.5847144578551252,2010,1800,5.477200031280518,45.20551505750545,35.818851470947266,boundary_up_IoU_down,False
C1b,20160326_141808_1281_1,0.0,0.0,-917,0,0.0,0.0,0.0,0.0,0,0,11.460000038146973,1.0492916040727778,25.292531967163086,other,True
C1b,20160326_141808_641_1,0.0,0.0,0,0,0.0,0.0,0.0,0.0,0,0,17.063600540161133,10.420901822654585,25.02396583557129,other,True
C1b,20160326_141808_641_361,0.0,0.0,0,0,0.0,0.0,0.0,0.0,0,0,11.460000038146973,3.368501955675498,28.71041488647461,other,True
C1b,20160326_141808_641_721,0.0,0.0,0,0,0.0,0.0,0.0,0.0,0,0,10.954400062561035,3.3148632632800314,37.62738800048828,other,True
C1b,20160326_142521_1281_1,0.0,0.0,3,0,0.0,0.0,0.0,0.0,0,0,21.010000228881836,14.242107032268578,24.306467056274414,other,True
C1b,20160326_142521_1281_1081,0.0,0.005891016200294551,52,0,0.0,0.0,0.0,0.005891016200294551,0,0,9.550000190734863,14.982489682014858,30.97530746459961,other,True
C1b,20160326_142521_1281_361,-0.03575672464081236,0.0,0,331,0.048611861294155775,0.012855136653343415,0.0,0.0,450,119,12.864399909973145,20.73107061263444,26.295269012451172,other,False
C1b,20160326_142521_1281_721,0.0,0.0,0,0,0.0,0.0,0.0,0.0,0,0,15.279999732971191,16.506228029313263,33.430992126464844,other,True
C1b,20160326_142521_641_1,0.0,0.0,-78,0,0.0,0.0,0.0,0.0,0,0,13.369999885559082,18.774642266784653,25.92418670654297,other,True
C1b,20160326_142521_641_1081,0.0,0.0,149,0,0.0,0.0,0.0,0.0,0,0,9.297200202941895,2.89845440191435,36.634098052978516,other,True
C1b,20160326_142745_1281_1081,0.09849157054125998,0.010764262648008612,0,-444,0.05456965394853593,0.15306122448979592,0.0,0.010764262648008612,246,690,10.125800132751465,13.990707336244284,33.8179931640625,both_up,False
C1b,20160326_142745_1281_361,0.0025499362515937103,0.0,0,-30,0.0,0.0025499362515937103,0.0,0.0,0,30,22.920000076293945,4.1226629198215505,25.684293746948242,other,False
C1b,20160326_142745_1281_721,0.03500407154364504,-0.023679823886840888,-27,-635,0.15719831592760675,0.1922023874712518,0.0548608034892834,0.03118097960244251,2875,3510,14.774399757385254,20.286114587510482,33.26752853393555,other,False
C1b,20160326_142745_1921_1081,0.09787196705442495,0.007663577711787065,-16,-612,0.09134309357097391,0.18921506062539886,0.11417483222196016,0.12183840993374723,574,1186,8.215800285339355,14.564655014624634,30.736618041992188,both_up,False
C1b,20160326_142745_1_1,-0.007737907063768146,-0.056044609170822504,-27,128,0.2504619305511309,0.24272402348736277,0.1343065693430657,0.0782619601722432,3931,3803,12.288599967956543,11.109951318832486,22.810993194580078,both_down,False
C1b,20160326_142745_641_361,0.10742656877914349,0.05998531698865532,139,-2247,0.0839421355653394,0.1913687043444829,0.039712998498247956,0.09969831548690328,1735,3982,13.369999885559082,15.505081633352262,27.65183448791504,both_up,False
C1b,20160328_151020_1281_361,-0.0018510899765600275,-0.0026972757799955116,602,-278,0.5183937096321258,0.5165426196555658,0.3802042533754322,0.37750697759543667,9230,9508,7.639999866485596,27.494478088879987,33.534523010253906,both_down,False
C1b,20160328_151020_1921_361,-0.031220663145287264,-0.03371649319546738,1595,-175,0.4954447573297996,0.4642240941845123,0.33962495243348,0.30590845923801263,8973,9148,7.387199878692627,26.6073394106338,34.265472412109375,both_down,False
C1b,20160328_151020_1_1,0.036078099002165076,0.028894143195271033,-2786,17,0.41448633529514595,0.450564434297311,0.1716807698113135,0.20057491300658453,14226,14209,8.215800285339355,20.677773574606668,28.679378509521484,both_up,False
C1b,20160328_151020_1_361,-0.0908890403817621,-0.06981100093698217,933,-12,0.5454344949272166,0.45454545454545453,0.4792715048788588,0.4094605039418766,2473,2485,6.558599948883057,35.03796896417089,32.92280197143555,both_down,False
C1b,20160328_151020_641_361,0.024245149373787633,0.026225994912771666,113,-302,0.5076676355617922,0.5319127849355798,0.33183065120716654,0.3580566461199382,5065,5367,7.387199878692627,22.13015817883344,36.50932693481445,both_up,False
C1b,20160328_151020_641_721,0.10536905951742204,-0.029200017118453547,1059,-1957,0.4323031361530868,0.5376721956705088,0.42355943903648385,0.3943594219180303,5693,7650,8.215800285339355,26.084852168797582,46.87652587890625,other,False
C1b,20160328_151057_1281_1,-0.033645794638836435,-0.034000148480357484,-132,292,0.6863354037267081,0.6526896090878717,0.5914636340015589,0.5574634855212014,4199,3907,6.558599948883057,48.73753381785305,29.389972686767578,both_down,False
C1b,20160328_151057_1281_1081,-0.010859517364612659,-0.1167789322091414,103,20,0.19961453744493393,0.18875502008032127,0.31397155668684235,0.19719262447770095,725,705,4.648600101470947,35.19580932809805,38.626548767089844,both_down,False
C1b,20160328_151057_1281_361,-0.004021084774903372,-0.0381970126239809,-164,141,0.6846427593758555,0.6806216746009521,0.5622391043582566,0.5240420917342757,5002,4861,7.639999866485596,35.10785838357491,31.492712020874023,both_down,False
C1b,20160328_151057_1281_721,0.01854754231450151,0.031772910231543494,217,-480,0.6136449710544825,0.632192513368984,0.42003941305051445,0.45181232328205795,11342,11822,7.639999866485596,37.7235284713943,36.87308120727539,both_up,False
C1b,20160328_151057_1921_721,0.0032020187802185296,0.0289641827303167,33,-61,0.6687835051546391,0.6719855239348577,0.4648300267000524,0.4937942094303691,8109,8170,9.297200202941895,41.668127682299726,32.021705627441406,both_up,False
C1b,20160328_151057_641_1081,0.06460268316403905,0.01715102417942105,530,-606,0.45982670342654586,0.5244293865905849,0.4939982179863246,0.5111492421657456,2335,2941,5.730000019073486,30.96835328475032,37.438228607177734,both_up,False
C1b,20160328_151057_641_721,0.022077654307426697,0.027639837767354736,189,-269,0.5893525179856115,0.6114301722930382,0.3908349489500956,0.4184747867174503,4096,4365,7.639999866485596,30.323462120261908,38.89963150024414,both_up,False
C1b,20160328_151244_1281_1081,0.008490073726573177,0.013346158934373575,1379,-1343,0.8199830651989839,0.8284731389255571,0.4551116715385644,0.468457830472938,19368,20711,25.981599807739258,10.63978574531501,14.708284378051758,both_up,False
C1b,20160328_151244_1281_361,-0.001006622768280785,-0.03873847074949671,626,-466,0.7887887887887888,0.787782166020508,0.3949065614299096,0.3561680906804129,21276,21742,19.100000381469727,15.714740518119896,16.340978622436523,both_down,False
C1b,20160328_151244_1281_721,0.004314156898718946,0.016905254500371336,2145,-1721,0.6960036276887286,0.7003177845874475,0.32346996243747195,0.3403752169378433,35302,37023,18.34160041809082,15.464358560825062,16.47955894470215,both_up,False
C1b,20160328_151244_1921_1081,-0.07280822610189469,-0.08761321969662406,-54,478,0.20250425104343794,0.12969602494154325,0.21429700433419016,0.1266837846375661,1310,832,10.125800132751465,9.208788297137389,13.476656913757324,both_down,False
C1b,20160328_151244_1921_361,-0.04504261246155594,-0.06684037811334725,1571,360,0.8096364685516445,0.7645938560900886,0.39432157219851105,0.3274811940851638,28062,27702,27.38599967956543,24.083282320386047,16.337377548217773,both_down,False
C1b,20160328_151244_1921_721,0.04096586148519821,0.035213494833025105,441,-2244,0.7297977624784854,0.7707636239636836,0.3210830497761085,0.3562965446091336,33921,36165,21.0802001953125,14.895292932449792,14.98680591583252,both_up,False
C1b,20160328_151244_1_1,-0.013373426295728241,-0.053493704046253365,917,-255,0.74791526885843,0.7345418425627017,0.373015024430964,0.31952132038471065,23409,23664,17.51300048828125,14.953579081418837,11.931267738342285,both_down,False
C1b,20160328_151244_1_1081,0.011654326635368695,-0.0657032138495337,596,-519,0.7008399209486166,0.7124942475839853,0.4965784628053174,0.4308752489557837,5674,6193,12.288599967956543,16.432276707854328,11.388017654418945,other,False
C1b,20160328_151244_1_721,0.0037170826537882284,0.01897094888327261,1559,-1300,0.7763210346813129,0.7800381173351011,0.2929841000772999,0.3119550489605725,17527,18827,17.190000534057617,16.230222847175924,11.854634284973145,both_up,False
C1b,20160328_151244_641_1,-0.004114536231029753,-0.03903522071602311,1268,-896,0.7870267971076138,0.782912260876584,0.3725036098906365,0.3334683891746134,18503,19399,17.51300048828125,22.69138918938117,11.49807357788086,both_down,False
C1b,20160328_151244_641_361,-0.013236502851116771,-0.0037059118548940506,970,-511,0.7974019088016967,0.7841654059505799,0.2914076257969608,0.28770171394206673,15039,15550,19.42300033569336,13.887186109639643,13.510601043701172,both_down,False
C1b,20160328_151244_641_721,0.03055841645333024,0.00857475200919594,1843,-3180,0.7580573795154069,0.7886157959687371,0.27925596741830766,0.2878307194275036,42831,46011,26.739999771118164,9.772167320000477,16.42444610595703,both_up,False
C1b,20160328_151752_1281_361,0.00498318428140998,-0.021644068204456357,54,-135,0.587287766652155,0.592270950933565,0.2752023546725533,0.2535582864680969,12141,12276,18.847200393676758,24.102628388859372,22.79363441467285,other,False
C1b,20160328_151752_1281_721,-0.017946696517091798,-0.01751608716026032,-16,146,0.6272391991570073,0.6092925026399155,0.31026052266264126,0.29274443550238094,4762,4616,12.288599967956543,34.31616563513117,28.05998420715332,both_down,False
C1b,20160328_151752_1921_721,0.0353885738608859,0.016495136860699255,150,-1002,0.5610796556270845,0.5964682294879704,0.30477607138704993,0.3212712082477492,14468,15470,13.369999885559082,21.895247815350032,22.63471031188965,both_up,False
C1b,20160328_151752_1_361,-0.007012004986376441,-0.020409099691030885,153,46,0.6093488301273917,0.6023368251410153,0.37466162773160955,0.35425252804057866,12006,11960,11.460000038146973,14.712319784211488,23.187196731567383,both_down,False
C1b,20160328_151752_1_721,-0.038197795918834876,-0.035786255091441566,-19,100,0.383892068683565,0.34569427276473014,0.3742184267838604,0.33843217169241885,939,839,5.730000019073486,6.990067314136809,23.702836990356445,both_down,False
C1b,20160328_151752_641_361,0.008428077045044002,0.0006362072499306315,360,-432,0.6144827586206897,0.6229108356657337,0.23924044206001324,0.23987664930994387,15147,15579,14.774399757385254,22.385595741979515,24.356557846069336,both_up,False
C1b,20160328_152022_1281_721,0.004207900625900041,0.024723509707318292,485,-551,0.842327630120157,0.846535530746057,0.44631449322711164,0.47103800293442993,28111,28662,22.920000076293945,19.901570005229445,24.4195556640625,both_up,False
C1b,20160328_152022_1921_1,-0.028640649719793743,-0.01761265895845232,1376,-499,0.6455758369485144,0.6169351872287206,0.35516540157448606,0.33755274261603374,7887,8386,26.739999771118164,20.509268538693817,21.41878890991211,both_down,False
C1b,20160328_152022_1921_361,-0.0546930946441061,-0.0438247247429753,3131,-586,0.6739833454604253,0.6192902508163192,0.23951734539969832,0.19569262065672302,16673,17259,17.190000534057617,18.219225778729935,21.935165405273438,both_down,False
C1b,20160328_152022_1921_721,-0.01166746656109463,0.017923132505845707,84,78,0.7147356771941772,0.7030682106330826,0.33535023326895375,0.35327336577479945,8396,8318,15.279999732971191,22.97384533413883,20.013837814331055,boundary_up_IoU_down,False
C1b,20160328_152022_1_1081,-0.005724851886535154,-0.004970074059445384,-1003,630,0.5661411348115674,0.5604162829250322,0.35278758391540505,0.34781750985595966,6715,6085,9.550000190734863,18.030069272619272,19.059614181518555,both_down,False
C1b,20160328_152022_1_361,0.018814824749642356,-0.02475323562055659,-601,277,0.5703125,0.5891273247496424,0.4154003957155108,0.3906471600949542,2336,2059,9.550000190734863,23.40290260811078,22.096940994262695,other,False
C1b,20160328_152022_1_721,-0.022452179659867233,-0.028860432087430055,-30,196,0.5303688982735064,0.5079167186136392,0.3444031275063584,0.3155426954189283,4270,4074,12.035799980163574,20.398908596349244,20.567811965942383,both_down,False
C1b,20160328_152022_641_361,-0.012819262311532742,-0.027467840796366716,-141,345,0.7278454430911382,0.7150261807796054,0.25741347913184665,0.22994563833547993,13864,13519,17.190000534057617,20.961930452206673,24.678497314453125,both_down,False
C1b,20160328_152022_641_721,0.0012743546904304681,-0.02058015894794557,-38,3,0.7253805529667599,0.7266549076571903,0.40114632219414526,0.3805661632461997,14010,14007,15.279999732971191,18.990507296042594,25.255041122436523,other,False
C1b,20160328_152305_1281_361,-0.023236710404092475,-0.047519672149197556,113,328,0.8143962589767856,0.7911595485726931,0.519975904872641,0.47245623272344345,14629,14301,22.920000076293945,30.975931352780393,33.3595085144043,both_down,False
C1b,20160328_152305_1281_721,-0.03128975151869884,-0.020845861834037027,366,326,0.6834376904748711,0.6521479389561723,0.2924266652685663,0.2715808034345293,12334,12008,21.90880012512207,26.609019244670037,34.455238342285156,both_down,False
C1b,20160328_152305_1921_361,0.013980751569645844,0.03825991731720152,-389,-128,0.7210888948932721,0.735069646462918,0.3423838686559385,0.38064378597314,21350,21478,27.38599967956543,24.92005035592969,31.13604736328125,both_up,False
C1b,20160328_152305_1921_721,-0.006991243686597315,-0.035370947354318893,-32,153,0.8456167571761055,0.8386255134895082,0.5288936051842619,0.493522657829943,15260,15107,26.739999771118164,43.867402192601844,28.776235580444336,both_down,False
C1b,20160328_152305_1_361,-0.0057931584472067366,-0.017351289838460404,-49,127,0.6592863677950594,0.6534932093478527,0.44166734722082623,0.42431605738236583,10809,10682,9.550000190734863,29.110832393708975,30.121997833251953,both_down,False
C1b,20160328_152305_641_361,0.01396326776291612,7.916351202336136e-05,-488,81,0.6109483134858782,0.6249115812487943,0.4069775946993687,0.4070567582113921,9799,9718,12.864399909973145,35.82720882626374,36.53199768066406,both_up,False
C1b,20160328_152305_641_721,-0.010947102678395382,0.0016686339076821266,101,211,0.6586138613861386,0.6476667587077433,0.3980041305898358,0.39967276449751793,16630,16419,17.190000534057617,40.07948032053342,34.69622802734375,boundary_up_IoU_down,False
C1b,20160328_152511_1281_361,0.11235427978281698,-0.03883981105494666,303,-1189,0.3287554561907804,0.44110973597359737,0.39270503439991267,0.353865223344966,3088,4277,9.297200202941895,8.85827172357763,42.45857620239258,other,False
C1b,20160328_152511_1281_721,-0.05490603355507173,-0.046938473988632656,-173,453,0.5711050724637681,0.5161990389086963,0.4099052274931606,0.36296675350452795,3783,3330,9.550000190734863,10.591636722723322,47.255027770996094,both_down,False
C1b,20160328_152511_1921_361,0.02525890543520798,-0.016742985936247956,169,-412,0.4034069776091646,0.4286658830443726,0.34090789635054397,0.324164910414296,5423,5835,13.369999885559082,3.940665544664867,36.43970489501953,other,False
C1b,20160328_152511_1921_721,0.006016481266766738,0.050262092504804026,18,-52,0.06682492581602374,0.07284140708279048,0.10491257285595339,0.1551746653607574,563,615,13.692999839782715,10.09116649382075,36.69053649902344,both_up,False
C1b,20160328_152511_1_361,-0.014970348993203098,-0.04501886423031737,196,146,0.43921081857973476,0.42424046958653167,0.3157597834349772,0.2707409192046598,6723,6577,7.639999866485596,4.215353308508043,37.88468933105469,both_down,False
C1b,20160328_152511_641_361,0.044009634770179384,0.01059620266124528,179,-794,0.47857501884895703,0.5225846536191364,0.35747800192793594,0.3680742045891812,7617,8411,11.460000038146973,13.06450821709025,42.379127502441406,both_up,False
C1b,20160328_152511_641_721,0.04443194600674915,0.08052578829697016,0,-79,0.04049493813273341,0.08492688413948256,0.09174311926605505,0.1722689075630252,72,151,11.460000038146973,17.248727226587178,48.909324645996094,both_up,False
C1b,20160328_152747_1281_361,0.06772722043146662,0.018105437778066003,472,-1113,0.4235203689469639,0.4912475893784305,0.36999146270606775,0.38809690048413376,5510,6623,9.550000190734863,17.434104130228434,31.733135223388672,both_up,False
C1b,20160328_152747_1281_721,0.02622320799411304,0.11405517964351292,65,-90,0.504725897920605,0.530949105914718,0.3877578979094172,0.5018130775529301,1068,1158,11.460000038146973,5.115162244179743,37.636348724365234,both_up,False
C1b,20160328_152747_1921_361,-0.0019168241731569724,0.03693299243604237,291,-117,0.5332687996739351,0.5313519755007782,0.25674965979310543,0.2936826522291478,10467,10584,13.369999885559082,16.03405597412339,30.430740356445312,boundary_up_IoU_down,False
C1b,20160328_152747_1_361,0.00313301514480957,-0.021797125275467844,217,-178,0.623416306454017,0.6265493215988266,0.48255238214296875,0.4607552568675009,8365,8543,9.550000190734863,11.828412841315284,32.11650085449219,other,False
C1b,20160328_152747_641_361,0.014938019750282083,-0.018955984746013843,200,-378,0.6328162578162578,0.6477542775665399,0.4609883232134517,0.44203233846743784,10525,10903,9.550000190734863,12.356293419240288,35.874080657958984,other,False
C1b,20160328_153548_1281_1081,0.0166270783847981,-0.040165658086851186,0,-21,0.4782264449722882,0.4948535233570863,0.392749244712991,0.3525835866261398,604,625,17.190000534057617,5.614848433435128,32.274742126464844,other,False
C1b,20160328_153548_1281_361,-0.011718858774473873,-0.01972720563158531,-4,102,0.7702782711663706,0.7585594123918967,0.5131371507489642,0.49340994511737885,6505,6403,18.34160041809082,41.67461564365584,23.77684211730957,both_down,False
C1b,20160328_153548_1281_721,-0.0031650559741768225,-0.04448857298511849,888,-517,0.7007506718976863,0.6975856159235094,0.4027923802218458,0.35830380723672733,22684,23201,16.93720054626465,23.279806150255254,32.869327545166016,both_down,False
C1b,20160328_153548_1921_361,0.0015788599518604673,-0.019669598869085925,87,-96,0.8403775418141439,0.8419564017660044,0.4983930031244051,0.4787234042553192,12109,12205,22.920000076293945,27.081949354950474,24.595787048339844,other,False
C1b,20160328_153548_1921_721,0.008022329116574745,0.021348170619257145,109,-246,0.7805513784461153,0.7885737075626901,0.4144823469231928,0.43583051754244995,15572,15818,17.190000534057617,30.137205479254533,25.640565872192383,both_up,False
C1b,20160328_153548_1_1,0.011038597380350068,-0.007414517896081885,268,-426,0.6415509055741164,0.6525895029544665,0.42364492655573616,0.41623040865965427,14594,15020,13.692999839782715,31.36388182225049,19.36309814453125,other,False
C1b,20160328_153548_1_1081,0.007233105479409918,0.0222079010995605,-511,2,0.5754707752506726,0.5827038807300825,0.19521973567426915,0.21742763677382965,23531,23529,19.100000381469727,17.351689632356425,27.73834228515625,both_up,False
C1b,20160328_153548_641_1,-0.01764282458550892,-0.032449111191994284,48,71,0.7092786996274975,0.6916358750419885,0.46737497610138473,0.43492586490939045,4189,4118,13.117199897766113,36.211126809484085,18.72795295715332,both_down,False
C1b,20160328_153548_641_1081,0.018370685766584516,0.00028058996992663676,476,-694,0.560212411129641,0.5785830968962256,0.27976317636646625,0.2800437663363929,12765,13459,12.864399909973145,13.559542449929708,33.08186721801758,both_up,False
C1b,20160328_153548_641_361,0.013297951879196579,0.050179286519160926,-45,-84,0.4634300126103405,0.4767279644895371,0.36619035899960006,0.416369645518761,3675,3759,7.639999866485596,14.880756973655295,26.96171760559082,both_up,False
C1b,20160328_153548_641_721,0.006372400616972307,-0.010996877573663355,598,-494,0.6213602664661008,0.6277326670830731,0.3514376076323182,0.34044073005865483,11566,12060,12.864399909973145,26.360407651800585,35.30070495605469,other,False
C1b,20160328_153604_1281_1,-0.014422381364293302,0.03139096210992942,-170,218,0.525008244476201,0.5105858631119077,0.35329356772102893,0.38468452983095835,4776,4558,8.215800285339355,20.73235582637058,17.427371978759766,boundary_up_IoU_down,False
C1b,20160328_153604_1281_361,0.03188282744594517,-0.0006712436638455777,-827,-326,0.5462511399230799,0.5781339673690251,0.2666979826437782,0.2660267389799326,13777,14103,13.692999839782715,19.61397418286417,17.78362274169922,other,False
C1b,20160328_153604_1281_721,0.00856084067506424,0.016696781079097056,209,-273,0.571872001805971,0.5804328424810352,0.3148041417413598,0.33150092282045684,10133,10406,10.954400062561035,22.666221926079743,22.052688598632812,both_up,False
C1b,20160328_153604_1921_361,-0.006670289694402309,-0.0071951980772230195,833,-380,0.5827097808658471,0.5760394911714448,0.29741097121448906,0.29021577313726604,8722,9102,10.125800132751465,17.21589647954889,17.83955192565918,both_down,False
C1b,20160328_153604_1921_721,0.025177362102550838,0.019055182503939422,556,-649,0.5074925074925075,0.5326698695950584,0.22552980367141542,0.24458498617535485,7112,7761,12.288599967956543,5.990797285486224,18.98151969909668,both_up,False
C1b,20160328_153604_1_1,0.006364745678676842,-0.0019294126298080583,113,-174,0.7255298382598996,0.7318945839385764,0.38441229059163406,0.382482877961826,10407,10581,14.774399757385254,28.262110251279807,18.8658447265625,other,False
C1b,20160328_153604_1_361,-0.00990820226128264,-0.05233147909324262,380,-71,0.615528298362493,0.6056200961012104,0.28043228112363033,0.2281008020303877,9886,9957,13.117199897766113,14.705132659355385,18.63193702697754,both_down,False
C1b,20160328_153604_641_1,0.0012020707162601063,-0.02337916024372194,-592,368,0.6463919943710421,0.6475940650873022,0.3730862533406187,0.34970709309689674,8268,7900,12.864399909973145,31.86284969676177,18.347339630126953,other,False
C1b,20160328_153604_641_1081,-0.005595590031060804,-0.003171565185963232,-129,215,0.7235277980980249,0.7179322080669641,0.3055400490862952,0.30236848390033194,15825,15610,19.675800323486328,22.682127356791796,26.392833709716797,both_down,False
C1b,20160328_153604_641_361,0.00011456597222803122,0.03710164512914321,136,-86,0.6129879222825135,0.6131024882547416,0.3618909835402016,0.3989926286693448,14008,14094,9.550000190734863,27.129386835507844,15.757098197937012,both_up,False
C1b,20160328_153604_641_721,0.014148482225392445,-0.0009664059655562496,106,-328,0.6191560906822866,0.633304572907679,0.3335624288476048,0.33259602288204854,11416,11744,11.460000038146973,26.065817934270598,20.23165512084961,other,False
C1b,20160328_153620_1281_1081,0.00669216441846987,0.009199930901678255,-54,19,0.7211601845748187,0.7278523489932885,0.5818727041007571,0.5910726350024353,2188,2169,13.369999885559082,41.270337761369206,30.688369750976562,both_up,False
C1b,20160328_153620_1281_361,0.0032562690895160395,-0.01706165994608122,1282,-988,0.6296555793200088,0.6329118484095249,0.3650821453868677,0.34802048544078645,34150,35138,19.100000381469727,22.561935882027626,19.83484649658203,other,False
C1b,20160328_153620_1281_721,0.00800440847186068,0.05566716783207193,-144,-121,0.7115213285342646,0.7195257370061253,0.39148654360474966,0.4471537114368216,19966,20087,10.954400062561035,31.873711207687762,28.347856521606445,both_up,False
C1b,20160328_153620_1921_1081,-0.0041308241594913975,-0.03227279349787737,12,37,0.788625845496618,0.7844950213371266,0.5349129717638376,0.5026401782659602,8861,8824,13.692999839782715,41.88260572563492,26.751216888427734,both_down,False
C1b,20160328_153620_1921_361,-0.0020166300990671626,-0.009820064962255293,492,-332,0.814054893528059,0.8120382634289919,0.4686524445783454,0.4588323796160901,27257,27589,17.51300048828125,32.41045084486511,18.866636276245117,both_down,False
C1b,20160328_153620_1_361,0.005416930510727336,-0.031879739187788525,196,-352,0.8370387547465143,0.8424556852572417,0.47652032675679545,0.44464058756900693,28877,29229,21.0802001953125,19.869279285113336,24.33167266845703,other,False
C1b,20160328_153620_1_721,0.013281212676900078,0.056911343511182766,-77,-19,0.8847370800060268,0.8980182926829269,0.6112468180298785,0.6681581615410612,5872,5891,21.90880012512207,38.1044838426767,27.85971450805664,both_up,False
C1b,20160328_153620_641_361,0.006150808281919495,0.008848274973193404,75,-111,0.7751173708920188,0.7812681791739383,0.5824743876017981,0.5913226625749916,6604,6715,10.954400062561035,35.71966962955223,23.31382179260254,both_up,False
C1b,20160328_153620_641_721,0.005054781102402095,0.01417782416195662,-19,-266,0.763951435673884,0.7690062167762861,0.4106641660033366,0.4248419901652932,42410,42676,15.279999732971191,31.1836460401059,32.79425048828125,both_up,False
C1b,20160328_153629_1281_361,0.006580098667117507,-0.0035081808129647785,18,-77,0.9336254107338444,0.9402055094009619,0.7955823910216867,0.7920742102087219,8524,8601,32.03459930419922,19.184365034021127,21.160314559936523,other,False
C1b,20160328_153629_1281_721,-0.00021570769014744862,-0.005610078593995427,101,-76,0.8083563535911602,0.8081406459010128,0.5146121771600456,0.5090020985660502,21069,21145,16.43160057067871,31.24745465925912,30.116613388061523,both_down,False
C1b,20160328_153629_1921_361,-0.0020937023211607952,-0.04246273708742876,600,-440,0.8510098722941762,0.8489161699730154,0.5697719031998891,0.5273091661124604,28188,28628,19.675800323486328,27.126564286288414,19.000532150268555,both_down,False
C1b,20160328_153629_1_361,0.007362233428610643,0.01790108317655903,-57,-227,0.844585749018141,0.8519479824467516,0.4672901521076183,0.48519123528417735,31612,31839,19.100000381469727,25.741548290658997,22.482072830200195,both_up,False
C1b,20160328_153629_641_361,-0.002162126365683248,-0.018690500561275303,165,-99,0.7618187787261983,0.759656652360515,0.49036381748767616,0.47167331692640085,9282,9381,14.774399757385254,24.291360470286705,24.586538314819336,both_down,False
C1b,20160328_153629_641_721,-0.0011013797202102937,-0.03937154194385323,227,-159,0.8550752117305018,0.8539738320102915,0.49754561329957375,0.4581740713557205,27058,27217,21.010000228881836,28.663036612497905,33.65458297729492,both_down,False
C1b,20160328_153829_1281_361,-0.014891438694469517,-0.0457144295084132,1154,-256,0.7492572637091495,0.73436582501468,0.43411990177876264,0.38840547227034944,29759,30015,12.288599967956543,41.83715753227982,16.334802627563477,both_down,False
C1b,20160328_153829_1281_721,0.00259194728883938,-0.05156506195662869,85,-64,0.606175972927242,0.6087679202160814,0.45830413454800284,0.40673907259137415,2866,2930,7.639999866485596,43.92536899871854,23.69110107421875,other,False
C1b,20160328_153829_1921_1,-0.0054010337406934505,-0.04341436811139948,553,-230,0.679430906614197,0.6740298728735036,0.418644430929146,0.3752300628177465,17956,18186,9.297200202941895,36.77414273820342,16.09865951538086,both_down,False
C1b,20160328_153829_1921_361,-0.033531079726720536,-0.07155214234209051,36,118,0.7412946950222015,0.7077636152954809,0.6476880876136274,0.5761359452715369,3172,3054,11.460000038146973,29.99331781460198,14.89121150970459,both_down,False
C1b,20160328_153829_1_1,-0.026884286848095962,-0.08882804402056121,1205,-182,0.6875629295626668,0.6606786427145709,0.4688784026602153,0.3800503586396541,15706,15888,8.468600273132324,35.65986253141885,16.700273513793945,both_down,False
C1b,20160328_153829_1_721,0.013018471884880145,0.019615001940959165,79,-165,0.7384767069263002,0.7514951788111803,0.381627742904177,0.40124274484513617,5992,6157,13.369999885559082,30.898548081376873,21.499265670776367,both_up,False
C1b,20160328_153829_641_1,-0.003989780456877812,-0.04826027707192665,680,-430,0.7457917872842286,0.7418020068273508,0.46318370308746376,0.4149234260155371,13912,14342,13.117199897766113,37.19416449821384,16.788198471069336,both_down,False
C1b,20160328_153829_641_1081,0.033956706637447764,0.037635242250964096,-586,45,0.5766391663048198,0.6105958729422676,0.3864591443284441,0.4240943865794082,5312,5267,9.297200202941895,21.174602074080255,25.850229263305664,both_up,False
C1b,20160328_153829_641_361,-0.020724304967005502,-0.07111823849735466,201,45,0.755110824187648,0.7343865192206425,0.5162322831778733,0.44511404468051863,7018,6973,9.550000190734863,43.417239063946425,20.90928840637207,both_down,False
C1b,20160328_153829_641_721,-0.03189167799928594,-0.11759146830791711,47,64,0.7241493227618103,0.6922576447625244,0.7077534385623967,0.5901619702544796,2192,2128,5.730000019073486,52.53694694189831,25.281391143798828,both_down,False
C1b,20160329_103807_1081_1,0.09186789280916335,0.05926676205788242,749,-283,0.03465104929233773,0.12651894210150108,0.07912087912087912,0.13838764117876154,71,354,6.558599948883057,10.262959015448288,48.741024017333984,both_up,False
C1b,20160329_103807_361_1,0.05478883846933913,0.04981251278888724,177,-1458,0.4074368978421849,0.462225736311524,0.174974036151871,0.22478654894075822,10234,11692,30.12459945678711,14.188576133386618,50.77566146850586,both_up,False
C1b,20160329_103807_361_1281,-0.016096499262809316,-0.025060891394668883,789,158,0.582048619431797,0.5659521201689877,0.2608662347335776,0.23580534333890873,21860,21702,17.190000534057617,16.201536180163345,65.36714172363281,both_down,False
C1b,20160329_103807_361_1921,0.009340495541432348,-0.02133931850240489,522,-589,0.47018753447324874,0.4795280300146811,0.17476781684825216,0.15342849834584726,17049,17638,18.34160041809082,16.92217039917665,55.20507049560547,other,False
C1b,20160329_103807_361_641,0.045749342546951066,-0.0037485895228479837,536,-2567,0.5567674461275,0.602516788674451,0.14324709047678638,0.1394985009539384,27310,29877,28.397199630737305,18.277104453583576,66.49139404296875,other,False
C1b,20160329_103807_721_1,-4.589644996444431e-06,0.010872378774365227,403,-191,0.47424359968968194,0.4742390100446855,0.19712260129355147,0.2079949800679167,12226,12417,19.100000381469727,6.906985887651814,50.30990219116211,boundary_up_IoU_down,False
C1b,20160329_103807_721_1281,0.0,0.0,0,0,0.0,0.0,0.0,0.0,0,0,9.297200202941895,33.58895503751519,52.58701705932617,other,True
C1b,20160330_165956_1281_721,0.010347777135625902,-0.02283233734307777,187,-194,0.44030554507732933,0.45065332221295523,0.571045604569911,0.5482132672268333,4669,4863,5.730000019073486,24.86967692748071,16.53260612487793,other,False
C1b,20160330_165956_1921_721,-0.03211647269544682,-0.04065755850848196,1436,-567,0.5951050811386007,0.5629886084431539,0.6617940518107277,0.6211364933022457,4474,5041,5.477200031280518,30.906561319415886,14.845766067504883,both_down,False
C1b,20160330_165956_1_1081,-0.008803136927435173,0.007022195403129872,951,-526,0.6632569184400402,0.654453781512605,0.5447389916091185,0.5517611870122484,7262,7788,7.387199878692627,23.711229366383648,11.885311126708984,boundary_up_IoU_down,False
C1b,20160330_165956_1_721,0.020153489081570858,0.06035728856576805,53,-128,0.2023933402705515,0.22254682935212236,0.30796315496038856,0.3683204435261566,1167,1295,3.819999933242798,25.573752439869395,13.759791374206543,both_up,False
C1b,20160330_165956_641_721,0.0011904846567345473,-0.04484579023912516,568,-355,0.6015235587322486,0.6027140433889832,0.6195563723359783,0.5747105820968531,6396,6751,5.730000019073486,27.86507416142844,16.7451114654541,other,False
C1b,20160330_170359_1281_721,0.0017842891596633326,-0.006743143055280759,-124,1,0.5986786174063009,0.6004629065659642,0.2518248722776957,0.24508172922241492,24647,24646,28.649999618530273,41.862284433916145,48.88669204711914,other,False
C1b,20160330_170359_1921_361,-0.005166571078507931,-0.012885813881507224,81,41,0.7580424540250266,0.7528758829465186,0.5068126749210687,0.4939268610395615,14963,14922,29.29599952697754,34.58282663823595,41.10234832763672,both_down,False
C1b,20160330_170359_1921_721,-9.197302926544637e-05,-0.022072246103246096,33,-23,0.7641462401329455,0.7640542671036801,0.4774989210942099,0.4554266749909638,18393,18416,37.947200775146484,67.40323092351171,43.7650032043457,both_down,False
C1b,20160330_170359_1_721,0.03047258188452684,0.013112330823346424,-428,-918,0.6687277825063837,0.6992003643909105,0.22991147429349676,0.24302380511684318,26713,27631,24.829999923706055,26.204770163678376,39.89041519165039,both_up,False
C1b,20160330_170359_641_721,0.016635569961507946,0.011839446242802087,-11,-551,0.7277324924138752,0.7443680623753831,0.2879321875668053,0.29977163380960736,24462,25013,21.0802001953125,48.95530877382558,50.574729919433594,both_up,False
C1b,20160330_172309_1281_361,-0.05863431890784976,-0.11261546286226365,-164,597,0.7188962207558488,0.660261901847999,0.7346231121746393,0.6220076493123756,5992,5395,7.387199878692627,24.38791570263325,16.947128295898438,both_down,False
C1b,20160330_172309_1281_721,-0.007250833117482758,-0.02047188367263819,1026,-512,0.7158082903301967,0.7085574572127139,0.36729722931153136,0.34682534563889317,21223,21735,15.279999732971191,13.651302871104889,21.475406646728516,both_down,False
C1b,20160330_172309_1921_361,-0.0399818617967157,-0.008393452484109165,1642,-500,0.7779338239424751,0.7379519621457594,0.4339839949164995,0.42559054243239036,13848,14348,23.81879997253418,12.090086896222417,16.964006423950195,both_down,False
C1b,20160330_172309_1921_721,0.007303425108838524,-0.0141368403783525,448,-471,0.6766964008343319,0.6839998259431704,0.3431091273953073,0.3289722870169548,15248,15719,16.93720054626465,24.218134287755504,19.488767623901367,other,False
C1b,20160330_172309_1_721,0.01135328229139032,0.0006544380597728328,348,-494,0.7235644507981892,0.7349177330895795,0.45036303334528505,0.4510174714050579,15184,15678,13.692999839782715,27.363557329908744,18.248905181884766,both_up,False
C1b,20160330_172309_641_361,0.21854857444561782,0.16074451016993307,106,-492,0.5179514255543822,0.7365,0.5537223340040242,0.7144668441739572,981,1473,8.215800285339355,21.861224977395906,18.068052291870117,both_up,False
C1b,20160330_172309_641_721,0.053583820610282995,0.06563209300346284,560,-2093,0.5703134603564843,0.6238972809667673,0.3323732187924087,0.39800531179587156,18558,20651,12.288599967956543,23.503234694086274,21.801979064941406,both_up,False
C1b,20160402_150314_1281_1081,-0.004280953128317833,-0.05446421560990761,-75,34,0.3226215644820296,0.3183406113537118,0.3794553954612739,0.3249911798513663,763,729,7.387200355529785,25.928630568445968,29.64834213256836,both_down,False
C1b,20160402_150314_1281_361,-0.040285017140142654,-0.11442374483381895,451,-32,0.7388272132080843,0.6985421960679417,0.5380529352504808,0.42362919041666186,5191,5223,8.215800285339355,35.27178422492078,26.078874588012695,both_down,False
C1b,20160402_150314_1281_721,0.012151721317301578,-0.023964638737521526,330,-403,0.7009711552398898,0.7131228765571914,0.5441952616697324,0.5202306229322109,9672,10075,9.297200202941895,38.95318955024493,29.700613021850586,other,False
C1b,20160402_150314_1921_1,0.03988196071297567,0.04262409779204607,516,-792,0.6526885667094879,0.6925705274224636,0.4428669248710761,0.48549102266312216,7113,7905,10.125800132751465,17.70724073182761,26.644287109375,both_up,False
C1b,20160402_150314_1921_361,-0.04973960181281689,-0.10713327972884334,121,64,0.7630708140304434,0.7133312122176265,0.7904603844595743,0.683327104730731,2306,2242,7.639999866485596,20.37380233782814,27.788381576538086,both_down,False
C1b,20160402_150314_1_361,0.00019127599658952388,-0.043675991638029876,340,-253,0.7259498028415847,0.7261410788381742,0.42637613646306105,0.3827001448250312,23197,23450,15.279999732971191,22.393586022664493,19.816423416137695,other,False
C1b,20160402_150314_1_721,-0.027216058167159718,-0.06399631830750294,23,246,0.315018315018315,0.2878022568511553,0.25257621977591066,0.18857990146840772,2924,2678,8.215800285339355,19.3298302337829,21.28631591796875,both_down,False
C1b,20160402_150314_641_361,0.0017553282744968701,-0.012912789234946431,90,-76,0.6737875288683602,0.6755428571428571,0.4098851523095964,0.39697236307464995,5835,5911,11.460000038146973,17.59283236553253,23.648948669433594,other,False
C1b,20160402_150314_641_721,0.006515961031656248,0.009347034603169047,382,-360,0.4812591453119724,0.48777510634362864,0.37117864198814593,0.380525676591315,12827,13187,9.550000190734863,23.800193749588885,28.481443405151367,both_up,False
C1b,20160402_151049_1281_721,-0.013443022049307363,-0.05265417520246535,651,-61,0.8863034029471006,0.8728603808977933,0.524321189965965,0.47166701476349965,33442,33503,24.829999923706055,10.990156691170895,26.970449447631836,both_down,False
C1b,20160402_151049_1921_1081,0.02234712472233502,0.1007214876994954,338,-719,0.8318790900592085,0.8542262147815435,0.37437769664785925,0.47509918434735465,16017,16736,24.829999923706055,17.572371515519393,25.75539207458496,both_up,False
C1b,20160402_151049_1921_721,-0.009573953350626718,-0.004937881418823009,513,-225,0.8824136152656008,0.8728396619149741,0.5323092742809941,0.527371392862171,20532,20757,24.64739990234375,13.997144577128381,23.515317916870117,both_down,False
C1b,20160402_151049_1_361,-0.006552147024427413,-0.02757513412023177,305,-64,0.8029664896539095,0.7964143426294821,0.4467191479520926,0.41914401383186084,21925,21989,15.855799674987793,19.041048118126255,19.965730667114258,both_down,False
C1b,20160402_151049_1_721,-0.007483013842453312,-0.056113259050413034,622,-245,0.6588158325155381,0.6513328186730848,0.4187493031178029,0.36263604406738986,14098,14343,9.550000190734863,10.36807916839085,21.636356353759766,both_down,False
C1b,20160402_151049_641_361,-0.033961899773427784,-0.0572053907652339,122,3,0.7431714719271624,0.7092095721537346,0.5721520656797126,0.5149466749144787,1959,1956,12.288599967956543,12.217261163592497,22.237512588500977,both_down,False
C1b,20160402_151049_641_721,-0.010467186826086716,-0.03543468122235788,507,45,0.8484996992715689,0.8380325124454822,0.4244264776079829,0.38899179638562503,38090,38045,26.739999771118164,12.039894048993276,28.307340621948242,both_down,False
C1b,20160402_151054_1281_1081,-0.014311337638757249,-0.08568307572566786,-273,483,0.8007254107104758,0.7864140730717185,0.34442106831002955,0.2587379925843617,15012,14529,21.010000228881836,10.211078884477658,27.113550186157227,both_down,False
C1b,20160402_151054_1281_361,-0.005236371647135085,-0.03452660361707938,348,-270,0.8754584595758252,0.8702220879286902,0.6526757500681127,0.6181491464510334,5490,5760,20.5044002532959,0.31121031979135694,17.28053092956543,both_down,False
C1b,20160402_151054_1281_721,0.005145980609840284,0.008916714979061158,514,-676,0.8531080873814062,0.8582540679912465,0.4636673504556556,0.47258406543471676,38935,39611,26.55739974975586,7.494133315351164,25.556114196777344,both_up,False
C1b,20160402_151054_1921_361,0.012303694964507117,-0.01904852843861332,768,-774,0.7296336466618463,0.7419373416263534,0.5057563246821745,0.48670779624356114,12109,12883,10.954400062561035,9.656433936117665,18.838964462280273,other,False
C1b,20160402_151054_1_361,0.01333434238990816,0.005166628675243423,655,-1454,0.7864157002164658,0.799750042606374,0.38340205451235626,0.3885686831875997,54858,56312,31.135799407958984,14.400990126484459,17.64834213256836,both_up,False
C1b,20160402_151054_1_721,0.0,0.0,0,0,0.0,0.0,0.0,0.0,0,0,21.90880012512207,6.45573524885485,20.166301727294922,other,True
C1b,20160402_151054_641_361,-0.006441273433820616,-0.01273924107530755,212,-102,0.8481631277384564,0.8417218543046358,0.6108683936571936,0.598129152581886,10066,10168,20.25160026550293,29.58534945107928,16.3519344329834,both_down,False
C1b,20160402_151054_641_721,-0.025375470465681116,-0.09274497710516261,716,17,0.876483694551347,0.8511082240856659,0.5966707444142275,0.5039257673090649,21636,21619,22.920000076293945,13.554917721843736,23.339040756225586,both_down,False
C1b,20160405_171348_1281_361,0.1858802290485459,0.12937278153454485,37,-265,0.38004569687738005,0.5659259259259259,0.34005763688760804,0.4694304184221529,499,764,15.279999732971191,35.76861019435276,52.243595123291016,both_up,False
C1b,20160405_171348_1281_721,0.0069239277954797895,0.013293271962073028,844,-941,0.7509304783347884,0.7578544061302682,0.3341767877508033,0.3474700597128763,32685,33626,22.920000076293945,38.40621720779093,64.06812286376953,both_up,False
C1b,20160405_171348_1921_721,0.008499841376725215,0.0036246691798368924,571,-772,0.667099471830986,0.6755993132077112,0.2720531185269645,0.2756777877068014,30313,31085,19.100000381469727,35.11280883726445,55.88145065307617,both_up,False
C1b,20160405_171348_1_721,-0.0024774240875454767,0.021442806917203905,-1311,907,0.599224960254372,0.5967475361668265,0.24345381599361965,0.26489662291082355,30153,29246,15.279999732971191,35.053169134177196,54.222251892089844,boundary_up_IoU_down,False
C1b,20160405_171348_641_721,0.0005148697140630043,0.01504518845924152,-164,96,0.7109312749003984,0.7114461446144614,0.3127345594330744,0.3277797478923159,28551,28455,19.100000381469727,42.43068002091347,65.95393371582031,both_up,False
C1b,20160407_163130_1281_721,-0.011965173474037583,0.0024692615452507893,112,191,0.7698312876783623,0.7578661142043247,0.4625005970856092,0.46496985863086,17750,17559,13.369999885559082,33.11099992295196,38.901729583740234,boundary_up_IoU_down,False
C1b,20160407_163130_1921_721,-0.00040099287129902184,0.0010808768707367689,341,-252,0.7627050214483977,0.7623040285770987,0.49893258758995673,0.5000134644606935,15113,15365,12.288599967956543,37.60108648045976,29.953941345214844,boundary_up_IoU_down,False
C1b,20160407_163130_1_361,-0.025918013479906743,-0.054248344087665656,-10,84,0.6608811748998665,0.6349631614199598,0.514955575196539,0.46070723110887335,1980,1896,9.550000190734863,27.881029082027226,29.900209426879883,both_down,False
C1b,20160407_163130_1_721,-0.010624203099036666,-0.039326995883544436,185,78,0.7142492599775442,0.7036250568785075,0.47468840286404174,0.4353614069804973,13995,13917,12.864399909973145,27.148584529990927,31.67229652404785,both_down,False
C1b,20160407_163130_641_721,-0.017602597505770312,0.009311157551433025,302,173,0.7394201332613002,0.7218175357555299,0.38956329894039365,0.3988744564918267,16424,16251,14.198599815368652,21.862032031974678,40.12064743041992,boundary_up_IoU_down,False
C1b,20160407_163257_1281_1,0.011860534360860875,0.026640372381756983,-290,53,0.771122921777051,0.7829834561379119,0.33943933104734403,0.366079703429101,11317,11264,13.692999839782715,24.946717496393987,16.096254348754883,both_up,False
C1b,20160407_163257_1281_361,-0.013978700342874295,-0.0645800979942931,314,-18,0.783638522592338,0.7696598222494637,0.5690459945190794,0.5044658965247864,12539,12557,11.207200050354004,36.811297108322265,18.24363899230957,both_down,False
C1b,20160407_163257_1281_721,-0.02599967236064149,-0.07324523148823336,210,56,0.7609394313967861,0.7349397590361446,0.5160630146977446,0.44281778320951126,6156,6100,9.550000190734863,25.36731999647246,22.1820125579834,both_down,False
C1b,20160407_163257_1921_1081,-0.010177306322445845,-0.011856132010750975,256,-58,0.5898446295879306,0.5796673232654848,0.3744400391328973,0.36258390712214633,5239,5297,7.639999866485596,18.682698112785644,21.304649353027344,both_down,False
C1b,20160407_163257_1921_721,0.01066489962263506,0.012573782974651171,121,-174,0.7259361648655441,0.7366010644881792,0.5261403519550082,0.5387141349296594,5777,5951,8.468600273132324,23.849599918179834,20.766359329223633,both_up,False
C1b,20160407_163257_1_1,0.005684765014351556,0.029271669587905724,118,-168,0.7609237536656891,0.7666085186800407,0.6011259517655123,0.630397621353418,10379,10547,9.297200202941895,27.068862237880055,18.35757827758789,both_up,False
C1b,20160407_163257_641_361,-0.005588382852019458,-0.004952896074469859,167,-39,0.6729404504782475,0.667352067626228,0.4804720475992933,0.47551915152482344,8724,8763,7.639999866485596,30.964201792393865,16.75684928894043,both_down,False
C1b,20160407_165001_1281_1081,0.045168318140907826,0.07282825607120935,-581,29,0.5157462345960748,0.5609145527369827,0.33836266748564875,0.4111909235568581,3390,3361,5.730000019073486,18.745988059906082,22.751174926757812,both_up,False
C1b,20160407_165001_1281_361,-0.03676852013492904,-0.05699353141628405,778,89,0.6841615484831566,0.6473930283482275,0.3946241692814779,0.33763063786519387,11028,10939,12.864399909973145,20.103031213038918,23.67595672607422,both_down,False
C1b,20160407_165001_1281_721,-0.09014293959268604,-0.05767391232933111,1336,-106,0.6202664271815597,0.5301234875888736,0.49848495786202285,0.44081104553269174,4144,4250,11.460000038146973,26.12046792210228,25.439496994018555,both_down,False
C1b,20160407_165001_1921_361,-0.005121771725765112,0.00900476296023206,-190,130,0.52217384292856,0.5170520712027948,0.34353493834409865,0.3525397013043307,3238,3108,9.550000190734863,8.476228168328106,23.8717098236084,boundary_up_IoU_down,False
C1b,20160407_165001_1921_721,-0.007945224494273595,-0.07333650471348485,1244,-661,0.595819209039548,0.5878739845452744,0.5234318359771483,0.4500953312636634,5273,5934,6.558599948883057,17.513715823373616,22.15146255493164,both_down,False
C1b,20160407_165001_1_1081,0.029016965908658626,0.05137025554283364,24,-135,0.13233016154016375,0.16134712744882238,0.2548032954375868,0.30617355098042043,598,733,5.477200031280518,16.783396736801365,20.189083099365234,both_up,False
C1b,20160407_165001_1_721,-0.02160585286612804,-0.03966452030702439,466,69,0.7727764887857695,0.7511706359196415,0.5415193949175007,0.5018548746104763,14988,14919,11.460000038146973,28.2460495026302,21.604562759399414,both_down,False
C1b,20160407_165001_641_1081,-0.10494965139148654,-0.10264617137606974,-64,255,0.28817946505608283,0.18322981366459629,0.36092216170524954,0.2582759903291798,668,413,5.477200031280518,23.77870567206905,24.50098991394043,both_down,False
C1b,20160407_165001_641_361,-0.011421296931704128,-0.018802390201824393,482,-176,0.7895340830846913,0.7781127861529872,0.5613930879926958,0.5425906977908714,13760,13936,12.035799980163574,23.9877135041651,23.464767456054688,both_down,False
C1b,20160407_165001_641_721,0.002077946411841891,0.001450568292576282,21,-18,0.6790331646992692,0.6811111111111111,0.5764479824320614,0.5778985507246377,1208,1226,8.215800285339355,42.35576551533791,27.069761276245117,both_up,False
C1b,IMG_2931_1297_485,-0.019202319017802005,-0.021022218430634565,596,-303,0.6506024096385542,0.6314000906207522,0.6330357360455576,0.6120135176149231,2484,2787,9.297200202941895,50.21081629811563,70.70835876464844,both_down,False
C1b,IMG_2931_1297_969,0.056894180408533335,0.0393527085101594,-159,-768,0.5035512777962164,0.5604454582047498,0.13493046039471407,0.17428316890487347,7586,8354,10.378600120544434,93.93555806530281,64.53716278076172,both_up,False
C1b,IMG_2931_1945_485,-0.010145644357195116,0.02429048516131921,78,15,0.7557897656358341,0.745644121278639,0.4705324902374067,0.4948229753987259,5450,5435,10.125800132751465,71.83440603562556,73.48895263671875,boundary_up_IoU_down,False
C1b,IMG_2931_1945_969,0.04659519397261058,0.0334227811395445,-156,-350,0.5580956375838926,0.6046908315565032,0.21695735063947225,0.25038013177901675,5322,5672,9.297200202941895,81.51141282405612,59.59674072265625,both_up,False
C1b,IMG_2931_1_485,-0.008283946979948609,-0.038184173916381625,192,51,0.7578307620383357,0.749546815058387,0.4056416184971098,0.36745744458072815,17831,17780,12.864399909973145,75.24172262684914,71.79118347167969,both_down,False
C1b,IMG_2931_649_485,-0.036625860843276015,-0.036283033387788544,840,57,0.7334207675201003,0.6967949066768243,0.48357924000602903,0.4472962066182405,12862,12805,10.954400062561035,74.6814535833102,73.02434539794922,both_down,False
C1b,IMG_2931_649_969,-0.08241631713134306,0.01805036670235266,590,-17,0.38082901554404147,0.2984126984126984,0.1713221601489758,0.18937252685132847,735,752,9.297200202941895,78.93232734453086,69.33585357666016,boundary_up_IoU_down,False
C1b,IMG_2941_1297_485,0.015342405635804024,0.0391497796071012,-284,-6,0.7415636717122622,0.7569060773480663,0.43680817626143315,0.47595795586853434,10680,10686,10.125800132751465,60.89195620627559,64.37071990966797,both_up,False
C1b,IMG_2941_1297_969,0.01342458613930586,-0.06884881126118902,-85,-68,0.4972888299795156,0.5107134161188215,0.33234440540953364,0.2634955941483446,4127,4195,6.558599948883057,79.11907652277583,56.98193359375,other,False
C1b,IMG_2941_1945_485,0.002530538550632122,0.011291055819897367,-413,250,0.7152122962882215,0.7177428348388536,0.3849731906976206,0.39626424651751796,13122,12872,9.550000190734863,75.57702384287585,66.21858215332031,both_up,False
C1b,IMG_2941_1_485,-0.020234603523010652,0.022555391563486182,519,-187,0.6149367930805056,0.594702189557495,0.5028070881261087,0.5253624796895949,3697,3884,9.550000190734863,20.782235336647247,70.17195892333984,boundary_up_IoU_down,False
C1b,IMG_2941_1_969,0.027437543894898053,0.031153544827129315,307,-581,0.5438679564364473,0.5713055003313453,0.22443415666586622,0.25558770149299553,8040,8621,11.460000038146973,64.76431873824079,62.515411376953125,both_up,False
C1b,IMG_2941_649_969,0.005648273597863129,0.0059321628568057005,-247,64,0.6510812054290315,0.6567294790268946,0.3590006676995816,0.3649328305563873,11321,11257,9.297200202941895,70.15962144386643,62.500083923339844,both_up,False
C1b,IMG_2942_1297_485,-0.05791259035927104,-0.005171482589855003,-133,622,0.43034901365705613,0.3724364232977851,0.24486440269221496,0.23969292010235996,4254,3632,5.730000019073486,4.932724190606038,37.14627456665039,both_down,False
C1b,IMG_2942_1945_485,-0.006927963559963335,-0.007536085974769319,310,4,0.2602820211515864,0.25335405759162305,0.17228315054835494,0.16474706457358562,3101,3097,3.819999933242798,13.419937935515676,39.027374267578125,both_down,False
C1b,IMG_2942_1_485,0.017052802401059164,0.24830386507972135,-3867,1505,0.42080463936208773,0.4378574417631469,0.2185561847723259,0.46686004985204727,4644,3139,4.648600101470947,11.89670348221182,38.92764663696289,both_up,False
C1b,IMG_2942_649_485,0.015215588753864362,0.06206134522440174,-1960,334,0.2256500661084178,0.24086565486228217,0.22225370658977076,0.2843150518141725,2048,1714,4.234300136566162,6.554741045354305,38.45912551879883,both_up,False
C2b,20160222_080850_1281_361,-0.14270601462713867,-0.10610019824129616,17121,-1220,0.5079941036398684,0.36528808901272974,0.31736109061315365,0.2112608923718575,17920,19140,15.279999732971191,68.78466112407327,79.35433959960938,both_down,False
C2b,20160222_080850_1281_721,-0.0654397322370302,-0.09530384065602782,1308,-221,0.4292682926829268,0.3638285604458966,0.3765990107453522,0.28129517008932436,1672,1893,5.730000019073486,50.93769879898373,85.2051773071289,both_down,False
C2b,20160222_080850_1921_1,0.042977743668457406,0.2404815517977247,2498,-672,0.0,0.042977743668457406,0.0,0.2404815517977247,0,672,9.550000190734863,12.23499977810323,68.14149475097656,both_up,False
C2b,20160222_080850_1921_361,-0.1070171518469264,-0.12849085213553987,2647,730,0.7029358564074023,0.5959187045604759,0.37107906716512806,0.2425882150295882,15156,14426,13.945799827575684,35.326350774395124,68.42855834960938,both_down,False
C2b,20160222_080850_1_361,-0.05906096479156486,-0.043658516915091594,3071,-156,0.7162385030130035,0.6571775382214387,0.39843758320307976,0.35477906628798817,22583,22739,15.602999687194824,46.66894039557289,70.14830780029297,both_down,False
C2b,20160222_080850_641_361,-0.024599986914743077,0.01566486687708238,2064,-338,0.5280516473106207,0.5034516603958776,0.22837919019584288,0.24404405707292526,15050,15388,10.378600120544434,41.93213843644613,84.3813705444336,boundary_up_IoU_down,False
C2b,20160222_080850_641_721,-0.15783569324827873,-0.06897837946050883,5511,-904,0.4818263205013429,0.32399062725306416,0.2954679104740173,0.2264895310135085,2691,3595,6.558599948883057,41.45116772350427,85.68748474121094,both_down,False
C2b,20160222_115224_1281_1,0.1198755761199953,0.1121484676604757,1059,-923,0.22465635738831616,0.34453193350831146,0.37995644715545945,0.49210491481593516,1046,1969,3.819999933242798,56.48056281126912,54.61585235595703,both_up,False
C2b,20160222_115224_1281_1081,0.03358875562850672,0.03212635447999457,-72,-159,0.6807661612130886,0.7143549168415954,0.6186083396639938,0.6507346941439883,4265,4424,7.387199878692627,60.5500166304111,58.8233528137207,both_up,False
C2b,20160222_115224_1281_361,0.009105541647074139,0.0957960166903386,215,-51,0.14602683178534573,0.15513237343241987,0.1911772099711404,0.286973226661479,283,334,3.819999933242798,63.576421148578625,57.92909622192383,both_up,False
C2b,20160222_115224_1281_721,0.05175476101090237,0.10852044612207262,-51,-367,0.5630765233207743,0.6148312843316767,0.4565113442827286,0.5650317904048012,4334,4701,5.730000019073486,71.72195966536904,62.52579116821289,both_up,False
C2b,20160222_115224_1921_1081,-0.018225986725835308,-0.01688355984362666,-6,26,0.29020194465220644,0.27197595792637114,0.34956457745615116,0.3326810176125245,388,362,7.387199878692627,44.77156931131212,55.889060974121094,both_down,False
C2b,20160222_115224_641_1,0.010435546723793876,0.04303142982915209,120,-160,0.5145777299623453,0.5250132766861392,0.53976081911433,0.5827922489434821,4783,4943,4.648600101470947,49.17886546239129,56.51335144042969,both_up,False
C2b,20160222_115224_641_1081,0.022777047744196234,0.09084730671503774,5095,-156,0.0,0.022777047744196234,0.0,0.09084730671503774,0,156,3.819999933242798,52.718854915556875,58.669960021972656,both_up,False
C2b,20160222_115224_641_361,0.001201440364789197,0.01582359649056797,122,-83,0.6377259752616555,0.6389274156264447,0.5853472580043818,0.6011708544949498,2681,2764,5.477200031280518,67.5435268465522,60.70695114135742,both_up,False
C2b,20160222_115224_641_721,-0.07140490452941328,-0.003279982270894488,2374,-488,0.4089769879243563,0.33757208339494305,0.342146352984399,0.3388663707135045,1795,2283,5.730000019073486,78.9156084857022,62.087215423583984,both_down,False
C2b,20160222_115837_1281_1,-0.0048786788041351725,0.0010972513349282176,-126,113,0.6435212957408518,0.6386426169367166,0.5639551679816769,0.5650524193166051,4291,4178,6.558599948883057,68.1647523404194,31.299455642700195,boundary_up_IoU_down,False
C2b,20160222_115837_1281_1081,0.01711194760521262,0.07769094458920178,-79,-29,0.5248987371932332,0.5420106847984458,0.5503219794818806,0.6280129240710823,2203,2232,3.819999933242798,98.10440514999584,35.42522430419922,both_up,False
C2b,20160222_115837_1281_361,0.04027764677684065,0.07353752888908727,-51,-144,0.5092484195738702,0.5495260663507109,0.5715536453358803,0.6450911742249675,2175,2319,4.648600101470947,75.26756771076188,31.68861961364746,both_up,False
C2b,20160222_115837_1281_721,-0.012962332471530391,-0.004700967124978472,-239,160,0.49367816091954025,0.48071582844800986,0.6294743810222594,0.6247734138972809,1718,1558,3.819999933242798,86.29864408387657,34.99931335449219,both_down,False
C2b,20160222_164851_1281_1081,0.022628177603052024,0.02676864855961253,-110,-76,0.7311690160899901,0.7537971936930421,0.4495068575034039,0.47627550606301644,5135,5211,15.855799674987793,31.47832800504557,26.408544540405273,both_up,False
C2b,20160222_164851_641_1,-0.009172956568349266,0.022564966617276472,563,-259,0.7110617084343842,0.7018887518660349,0.4102017547350336,0.4327667213523101,10555,10814,13.369999885559082,20.152658941185805,30.228845596313477,boundary_up_IoU_down,False
C2b,20160222_164851_641_1081,0.018010905674679056,0.0490583355529608,187,-226,0.46394485683987274,0.4819557625145518,0.31407950509794935,0.36313784065091015,3500,3726,7.387200355529785,24.085632453660807,28.474334716796875,both_up,False
C2b,20160222_164851_641_361,-0.0008950516116775775,-0.008177051409025138,166,-92,0.63936,0.6384649483883225,0.41616687057776713,0.407989819168742,9990,10082,9.550000190734863,24.60233409251866,34.005226135253906,both_down,False
C2b,20160222_164851_641_721,0.001193761412422445,-0.017496309858740844,368,-280,0.7170701994822598,0.7182639608946823,0.4682770197439773,0.45078070988523644,9418,9698,10.954400062561035,33.98102489504629,30.991132736206055,other,False
C2b,20160222_165225_1281_361,0.04909756415179145,0.15095426834698966,-1309,349,0.653770097154157,0.7028676613059485,0.41981235410095563,0.5707666224479453,7604,7255,7.387199878692627,12.320630020752603,33.81498718261719,both_up,False
C2b,20160222_165225_1281_721,-0.042182537629322,0.03537625881440254,103,35,0.5853432282003711,0.5431606905710491,0.43891542135264217,0.4742916801670447,1262,1227,5.730000019073486,5.197184075461237,29.583908081054688,boundary_up_IoU_down,False
C2b,20160222_165225_1921_721,-0.02062232876923953,0.004484977187449779,-78,352,0.39840153452685423,0.3777792057576147,0.2963279317974749,0.3008129089849247,6231,5879,5.477200031280518,0.10614146580502393,30.75217056274414,boundary_up_IoU_down,False
C2b,20160222_165225_1_361,0.09323470374013382,0.10007240110809273,-3737,327,0.4255134509690483,0.5187481547091821,0.3209802304708547,0.42105263157894746,7355,7028,5.730000019073486,7.952072060795913,30.246685028076172,both_up,False
C2b,20160222_165225_641_361,0.00633247000518089,0.0806875439765431,-1075,604,0.6222751743005913,0.6286076443057722,0.5557685480233784,0.6364560919999215,7051,6447,5.730000019073486,12.491501094407496,33.40713119506836,both_up,False
C2b,20160222_165402_1281_1,-0.02053665774993807,-0.04719307323938504,266,-5,0.8044399596367305,0.7839033018867925,0.5840991747832653,0.5369061015438803,7972,7977,10.954400062561035,9.825147750011638,26.30117416381836,both_down,False
C2b,20160222_165402_1281_361,-0.005291873672186864,-0.018910930450666164,121,-39,0.7888298881092357,0.7835380144370488,0.583528670052005,0.5646177396013389,8319,8358,11.460000038146973,6.783384394903209,26.992765426635742,both_down,False
C2b,20160222_165402_641_1081,-0.011502930879851991,-0.03974938267165973,103,74,0.8800140745953554,0.8685111437155034,0.6539307311709731,0.6141813484993134,12505,12431,17.51300048828125,5.412561618795735,25.619922637939453,both_down,False
C2b,20160222_165402_641_721,-0.006281838774714554,0.01051424866015327,65,13,0.8227799961969956,0.816498157422281,0.5797220096460161,0.5902362583061693,8654,8641,13.369999885559082,14.692631410484537,27.749711990356445,boundary_up_IoU_down,False
C2b,20160222_165926_1281_361,0.03180015287514909,0.03744075960317794,-64,-62,0.41356289529163737,0.44536304816678646,0.5539822985289594,0.5914230581321374,1177,1239,2.738600015640259,37.6545135611743,23.76129150390625,both_up,False
C2b,20160222_165926_1281_721,-0.02048131727645497,-0.02604750845850784,335,-41,0.5684528085045252,0.5479714912280702,0.5256927306272264,0.4996452221687186,3957,3998,4.648600101470947,27.057476019807154,25.16778564453125,both_down,False
C2b,20160222_165926_1921_721,0.009014882195352958,0.038488875108361964,-121,-11,0.5335763848053628,0.5425912670007158,0.5003411800054477,0.5388300551138097,4537,4548,3.819999933242798,37.92052047192493,28.769832611083984,both_up,False
C2b,20160222_165926_1_1081,0.02356611607249723,0.09152440274587736,81,-47,0.13132694938440492,0.15489306545690215,0.26781555659059153,0.3593399593364689,192,239,3.819999933242798,23.64293049663509,19.65210723876953,both_up,False
C2b,20160222_165926_1_721,-0.04998075965965493,-0.0488685129238009,-193,274,0.3328018223234624,0.28282106266380747,0.4534232589796739,0.404554746055873,1461,1187,3.819999933242798,23.1017710311219,18.124347686767578,both_down,False
C2b,20160222_165926_641_1,0.008260074764322334,0.043321851258394106,-175,37,0.49515033947623666,0.503410414240559,0.327209624857383,0.3705314761157771,3063,3026,4.648600101470947,20.82479345327542,18.24419403076172,both_up,False
C2b,20160222_165926_641_361,0.009668286876544863,-0.04226646083626956,127,-119,0.46554566435872075,0.4752139512352656,0.4075582408409211,0.36529178000465157,2824,2943,3.819999933242798,18.14596000299713,21.67966651916504,other,False
C2b,20160222_165926_641_721,-0.0059095732724161465,0.03515902678776117,-262,199,0.5782624412579829,0.5723528679855667,0.6639839034205232,0.6991429302082843,4799,4600,3.819999933242798,29.14357976211828,23.274900436401367,boundary_up_IoU_down,False
C2b,20160302_155857_1281_1,-0.033393501805054154,-0.06203439585698857,-37,185,0.033393501805054154,0.0,0.06203439585698857,0.0,185,0,7.639999866485596,34.9879796441506,65.58020782470703,both_down,True
C2b,20160302_155857_1281_361,-0.0007418224015845465,-0.02905294251187379,-1105,447,0.39660517749186175,0.3958633550902772,0.2286300911457595,0.1995771486338857,5117,4670,8.215800285339355,45.219427496381535,69.51626586914062,both_down,False
C2b,20160302_155857_1281_721,-0.07970419063270337,-0.11587147030185004,0,97,0.07970419063270337,0.0,0.11587147030185004,0.0,97,0,7.639999866485596,31.127744370251392,72.39019775390625,both_down,True
C2b,20160302_155857_1_721,0.005311118178398133,0.00801439752944616,-533,231,0.6833970806338303,0.6887081988122284,0.3796337195772539,0.38764811710670005,17510,17279,13.692999839782715,56.22479781894724,67.4919662475586,both_up,False
C2b,20160302_155857_641_721,0.010281828232772405,0.0021638435544345525,-275,-116,0.43942513942513944,0.44970696765791185,0.2966482649184542,0.29881210847288875,10243,10359,9.297200202941895,53.939981420124475,77.10975646972656,both_up,False
C2b,20160307_144202_1281_361,-0.008253428329001111,0.010455989382423092,250,-43,0.5236950879553974,0.5154416596263963,0.39048684273325845,0.40094283211568155,5448,5491,5.730000019073486,64.44188188615277,53.029197692871094,boundary_up_IoU_down,False
C2b,20160307_144202_1281_721,0.010729277051118924,0.07509510116918866,-179,20,0.4767070835992342,0.4874363606503531,0.48897409592970215,0.5640691970988908,2988,2968,6.558599948883057,76.75159979871833,63.67276382446289,both_up,False
C2b,20160307_144202_1921_361,0.010474714496170656,0.06331516772451412,-469,86,0.5940714815993212,0.6045461960954919,0.37128921546112015,0.43460438318563427,11203,11117,7.387199878692627,68.50098239253856,48.40108108520508,both_up,False
C2b,20160307_144202_1_361,0.017838513966670133,0.05693604752643322,-695,119,0.6799415062149646,0.6977800201816348,0.4411692790063282,0.4981053265327614,13949,13830,10.954400062561035,48.3122595000887,53.5565185546875,both_up,False
C2b,20160307_144202_641_361,0.012206054678591371,0.017004310657238453,-680,217,0.608742194469224,0.6209482491478153,0.47409236492548984,0.4910966755827283,10236,10019,7.639999866485596,55.870961057265994,55.072471618652344,both_up,False
C2b,20160307_145059_1281_361,-0.022708594657154135,-0.009380194317156143,659,-41,0.7375118808744323,0.7148032862172782,0.5029717800404736,0.49359158572331746,13967,14008,11.460000038146973,64.42968104742192,29.221721649169922,both_down,False
C2b,20160307_145059_1281_721,-0.009606267113093037,0.012026332455007005,302,-44,0.4506784406633642,0.4410721735502712,0.25040857668519534,0.26243490914020234,4185,4229,5.730000019073486,61.23467168182774,33.30763626098633,boundary_up_IoU_down,False
C2b,20160307_145059_1921_1081,0.0539615444209659,-0.023793224232967924,604,-691,0.5417073965461062,0.5956689409670721,0.4919849247717712,0.46819170053880327,3325,4016,7.387199878692627,50.4958680954202,27.989702224731445,other,False
C2b,20160307_145059_1921_361,0.002566409763219979,0.060197989357535064,-182,85,0.7128583593528243,0.7154247691160442,0.5040005175871811,0.5641985069447162,12557,12472,10.954400062561035,52.069968218029,29.97979736328125,both_up,False
C2b,20160307_145059_1921_721,0.05689122140057956,0.07559730397256959,291,-525,0.5982644206227667,0.6551556420233463,0.4910841867327582,0.5666814907053278,3516,4041,8.215800285339355,45.14086309559839,25.728290557861328,both_up,False
C2b,20160307_145059_1_361,-0.018242039151871503,-0.07726193277194515,417,-151,0.8246356833398976,0.8063936441880261,0.7295521685073786,0.6522902357354334,8375,8526,10.125800132751465,67.62901200470108,33.47013854980469,both_down,False
C2b,20160307_145059_1_721,0.025066392145062788,-0.10180457008999316,-522,56,0.5834451044261353,0.6085114965711981,0.48030660190167784,0.3785020318116847,6090,6034,10.125800132751465,51.94927627502821,30.846315383911133,other,False
C2b,20160307_145059_641_361,0.047702237532023184,-0.0023295564653223466,-2488,21,0.2958810068649886,0.34358324439701177,0.27397179410688893,0.2716422376415666,5172,5151,7.387199878692627,53.901969254378955,35.69407653808594,other,False
C2b,20160307_145059_641_721,0.00824587783520525,0.11259821939379455,-139,-41,0.6709901351845086,0.6792360130197138,0.32532019704433496,0.4379184164381295,11019,11060,9.550000190734863,52.31637937118629,35.57746505737305,both_up,False
C2b,20160307_162438_1281_361,-0.012144125545913542,0.015240444175110418,67,30,0.3142373700749335,0.30209324452902,0.11003236245954692,0.12527280663465734,1300,1270,30.307199478149414,1.199394615032162,18.94805145263672,boundary_up_IoU_down,False
C2b,20160307_162438_1281_721,0.020665164290719518,0.009563992546101158,326,-827,0.4785340965654554,0.49919926085617494,0.2326580059292236,0.24222199847532475,15382,16209,25.72879981994629,1.864356978619881,20.841594696044922,both_up,False
C2b,20160307_162438_1921_1081,-0.0395326470930244,0.01761604874112216,-377,701,0.6129321591650359,0.5733995120720115,0.3331777881474568,0.35079383688857896,7517,6816,17.76580047607422,2.4239437009627096,20.2684326171875,boundary_up_IoU_down,False
C2b,20160307_162438_1921_721,-0.01615705017467084,-0.049720960662815866,457,150,0.5927242888402626,0.5765672386655918,0.22411650856610354,0.17439554790328768,15169,15019,21.010000228881836,3.26805939309277,16.405851364135742,both_down,False
C2b,20160307_162438_1_361,-0.04027908676833247,-0.028279759855588643,-262,1767,0.635075,0.5947959132316675,0.17209064912387886,0.14381088926829022,25403,23636,28.649999618530273,3.2516793679875207,20.998735427856445,both_down,False
C2b,20160307_162438_641_361,-0.016105991660441354,-0.04637331384521931,174,259,0.6974660865113899,0.6813600948509485,0.39999639757429606,0.35362308372907675,16350,16091,21.010000228881836,21.569400136734387,21.05950927734375,both_down,False
C2b,20160307_162438_641_721,0.02409539335871863,-0.0009075973285692096,152,-199,0.3258965460254503,0.34999193938416895,0.3159608452072318,0.31505324787866257,1972,2171,24.64739990234375,1.2371655230859915,22.103282928466797,other,False
C2b,20160310_114505_1281_1,0.024950690335305725,-0.04581075430107828,676,-329,0.33698224852071007,0.3619329388560158,0.5567591509356751,0.5109483966345968,1139,1468,2.738600015640259,52.97977821653854,23.846925735473633,other,False
C2b,20160310_114505_641_1,0.017656832583040072,0.08392041074991236,-218,-22,0.4563257255564948,0.4739825581395349,0.4806571585191041,0.5645775692690165,3239,3261,5.477200031280518,68.60650954021075,24.88051986694336,both_up,False
C2b,20160310_114505_641_1081,-0.022209749452459793,-0.033846762085898596,336,2,0.5050040573437923,0.4827943078913325,0.46933249617391987,0.43548573408802127,3734,3732,6.558599948883057,60.996094810240905,33.67136001586914,both_down,False
C2b,20160310_114505_641_361,0.0019431952224542304,0.01299048296604921,116,-76,0.5375923511516731,0.5395355463741274,0.4962511989408793,0.5092416819069285,3711,3787,5.477200031280518,53.121308740505114,29.450105667114258,both_up,False
C2b,20160310_114505_641_721,0.013161366920773299,-0.0002763740269149384,-71,-66,0.5055676436708051,0.5187290105915784,0.47010443228997484,0.4698280582630599,3950,4016,7.387199878692627,66.47970868655747,37.89896011352539,other,False
C2b,20160316_142539_1281_361,-0.007224412291283344,-0.006523007847209439,-94,123,0.7018905721797921,0.6946661598885088,0.36148110543516193,0.3549580975879525,5606,5483,12.864399909973145,39.31527523104697,33.95152282714844,both_down,False
C2b,20160316_142539_1281_721,-0.01138192376006153,-0.03189403850742489,-126,183,0.5726305119107957,0.5612485881507342,0.49006955501550326,0.45817551650807836,5649,5466,9.550000190734863,29.768105039903787,49.05207061767578,both_down,False
C2b,20160316_142539_1921_361,0.06999971100350655,0.0793112544703673,631,-1193,0.40190788959261864,0.4719076005961252,0.26896879056770423,0.34828004503807153,5140,6333,8.215800285339355,22.91978518645692,35.26789474487305,both_up,False
C2b,20160316_142539_1_721,0.0038859397897922365,0.018080497997775447,171,-155,0.5760824168174857,0.579968356607278,0.3972285941596333,0.41530909215740874,8276,8431,9.297200202941895,31.215405937420357,42.16252899169922,both_up,False
C2b,20160316_142539_641_721,-0.03834949696025031,0.017460254891133342,-201,601,0.4570750166951102,0.4187255197348599,0.31208460907058827,0.3295448639617216,6160,5559,7.639999866485596,30.65333240815862,51.89017105102539,boundary_up_IoU_down,False
C2b,20160316_143445_1281_1,0.025616697089544616,-0.0019927072332122653,19,-435,0.7362938596491229,0.7619105567386675,0.38295090332148035,0.3809581960882681,12087,12522,17.190000534057617,36.862984045824675,39.2401008605957,other,False
C2b,20160316_143445_1281_1081,0.004482390226995814,-0.0572407435258796,244,-142,0.5019455252918288,0.5064279155188246,0.5267789072426937,0.4695381637168141,2064,2206,8.468600273132324,41.743240892310624,55.325836181640625,other,False
C2b,20160316_143445_1281_361,0.010844501698925146,0.0382284083554133,-222,6,0.7272789723157244,0.7381234740146495,0.4600858896648152,0.4983142980202285,10587,10581,13.369999885559082,38.19336299734813,43.40476608276367,both_up,False
C2b,20160316_143445_1281_721,0.007860013161652413,0.0875942361054014,-261,5,0.6260043111894964,0.6338643243511488,0.383325229733004,0.4709194658384054,12778,12773,9.837900161743164,41.394854808724645,55.99468231201172,both_up,False
C2b,20160316_143445_1921_1081,-0.00660861901501536,0.029671721920534938,-167,112,0.2645254074784276,0.25791678846341226,0.2440232317320247,0.27369495365255964,2759,2647,9.297200202941895,17.330786254917868,49.46260452270508,boundary_up_IoU_down,False
C2b,20160316_143445_1_1081,0.0028882930483813407,-0.00011462606870821235,-51,2,0.6547619047619048,0.6576501978102861,0.45902453426864975,0.45890990819994154,7150,7148,10.378600120544434,40.97143635032956,46.10719299316406,other,False
C2b,20160316_143445_1_721,0.059016439584957614,0.09510458149787307,42,-291,0.34683326152520466,0.4058497011101623,0.21229635090305934,0.3074009324009324,1610,1901,9.550000190734863,37.82182811081118,49.047630310058594,both_up,False
C2b,20160316_143445_641_361,0.0030011816000610203,0.021054159503724912,-129,61,0.7457198279497343,0.7487210095497954,0.534030475793299,0.5550846352970239,8842,8781,9.550000190734863,48.246452931582844,52.38850784301758,both_up,False
C2b,20160316_143445_641_721,0.021844117787380823,-0.022949678931590223,-201,-90,0.6831337795795229,0.7049778973669037,0.4997074993942493,0.4767578204626591,7246,7336,11.460000038146973,34.723210505220734,59.0749626159668,other,False
C2b,20160316_143527_1281_1081,-0.02573454208870174,0.006631473130077115,-175,441,0.5654982919946532,0.5397637499059514,0.4140186314417647,0.4206501045718418,7615,7174,7.639999866485596,50.67648750351055,57.17793273925781,boundary_up_IoU_down,False
C2b,20160316_143527_1281_361,0.03666495924708424,0.02416106280573227,40,-145,0.5158114558472554,0.5524764150943396,0.3590792017442543,0.38324026454998655,1729,1874,9.297200202941895,56.00471306471307,42.73497009277344,both_up,False
C2b,20160316_143527_1281_721,0.036077055894635834,0.047090821990466825,-73,-797,0.5028038995772582,0.5388809554718941,0.3598056056427457,0.40689642763321254,11656,12453,7.639999866485596,54.36846232156769,57.99797058105469,both_up,False
C2b,20160316_143527_1921_361,-0.02976222365942438,-0.004957955545315418,-78,337,0.48194910238705857,0.4521868787276342,0.46698934448774604,0.4620313889424306,4886,4549,5.730000019073486,54.96835725069684,45.237884521484375,both_down,False
C2b,20160316_143527_1_1,0.021745134244418374,0.09920190147632324,-119,-171,0.49048467235398896,0.5122298065984073,0.5015372639574947,0.6007391654338179,5232,5403,7.639999866485596,39.13843253639472,41.00446701049805,both_up,False
C2b,20160316_143527_1_361,0.21104942647146852,0.3435822394767318,212,-656,0.182454847032805,0.3935042735042735,0.2739404191335401,0.6175226586102719,495,1151,4.648600101470947,71.45977557014709,43.48800277709961,both_up,False
C2b,20160316_143527_641_1,0.013446774826745167,0.040962033812839804,83,-202,0.7096315939009376,0.7230783687276827,0.5179493997872665,0.5589114336001063,7493,7695,8.215800285339355,52.0136618449373,41.54206848144531,both_up,False
C2b,20160316_143527_641_361,-0.012883010548958573,0.021439767703990587,-57,257,0.580809818765772,0.5679268082168134,0.4718101479952242,0.4932499156992148,10127,9870,7.639999866485596,56.71731168492782,47.917781829833984,boundary_up_IoU_down,False
C2b,20160316_143527_641_721,-0.022713834419062606,0.023815244301584992,-55,176,0.3830715532286213,0.3603577188095587,0.4059384202313893,0.4297536645329743,2634,2458,9.550000190734863,50.870664065817536,58.97178268432617,boundary_up_IoU_down,False
C2b,20160316_143547_1281_1081,-0.06792253144380889,-0.046264946784828065,500,-123,0.7787843366452367,0.7108618052014278,0.5573391498386723,0.5110742030538442,2665,2788,12.864399909973145,49.44782035215137,40.200557708740234,both_down,False
C2b,20160316_143547_1281_361,0.25899962089797657,0.11597332136066393,47,-401,0.18882072256305385,0.4478203434610304,0.16682130265355352,0.28279462401421745,277,678,13.117199897766113,80.66452729819481,28.781999588012695,both_up,False
C2b,20160316_143547_1281_721,-0.0006009009024532386,0.0102281506316666,85,-53,0.7948144466534128,0.7942135457509596,0.5427166828814712,0.5529448335131378,19190,19243,13.369999885559082,66.2175275367681,40.150604248046875,boundary_up_IoU_down,False
C2b,20160316_143547_1921_1081,-0.01801708119459733,0.019178818452505075,133,363,0.7197962728995578,0.7017791917049605,0.3784793880692868,0.3976582065217919,18231,17868,12.035799980163574,48.1776391037608,34.96717071533203,boundary_up_IoU_down,False
C2b,20160316_143547_1_1,0.0029884937451369886,0.03516041217780652,160,-154,0.6183749452474814,0.6213634389926184,0.37384699982811537,0.4090074120059219,11294,11448,10.125800132751465,46.76749130087557,33.33842849731445,both_up,False
C2b,20160316_143547_641_1,0.011287485780212436,0.02470375699734495,-21,-3,0.6977917981072556,0.709079283887468,0.5891089108910892,0.6138126678884341,1106,1109,7.639999866485596,81.15447761194031,28.733903884887695,both_up,False
C2b,20160316_143547_641_361,0.012239377671166785,0.03598539318038374,-86,-122,0.8002806659437393,0.812520043614906,0.6580620519950323,0.6940474451754161,12546,12668,9.550000190734863,70.8246138986674,34.83510208129883,both_up,False
C2b,20160316_143547_641_721,0.049165120593692026,-0.01409544911389583,0,-53,0.008348794063079777,0.0575139146567718,0.03680981595092025,0.022714366837024418,9,62,5.730000019073486,27.8545306122449,44.23733901977539,other,False
C2b,20160318_181632_1281_1081,-0.0030085581693171104,-0.03392929921833732,-140,180,0.766480125092585,0.7634715669232679,0.3822193683360175,0.3482900691176802,18627,18447,17.51300048828125,16.223149893677174,54.201934814453125,both_down,False
C2b,20160318_181632_1281_361,-0.012742545216814838,-0.016913574903218764,-250,715,0.7221577038845306,0.7094151586677158,0.3330614520248606,0.31614787712164183,30470,29755,21.010000228881836,30.50352653515469,48.2446174621582,both_down,False
C2b,20160318_181632_1281_721,-0.018873938015537606,-0.03089107847004574,-129,554,0.7976279650436954,0.7787540270281578,0.3652756043249479,0.33438452585490214,19167,18613,22.16160011291504,29.822040830303123,56.401641845703125,both_down,False
C2b,20160318_181632_1921_1,0.03408401945250894,0.07428791809574736,99,-251,0.6145985401459854,0.6486825595984943,0.4892462023301935,0.5635341204259409,3368,3619,13.369999885559082,34.79648481816852,42.445255279541016,both_up,False
C2b,20160318_181632_1921_361,-0.007800599286760357,-0.024377364508756272,210,57,0.7943190196973421,0.7865184204105817,0.44176358867685633,0.41738622416810006,22623,22566,21.0802001953125,28.659247843214786,47.313690185546875,both_down,False
C2b,20160318_181632_1_1,0.0004671520847862043,0.021086377093337716,-271,220,0.8702245381890571,0.8706916902738433,0.5461046767353204,0.5671910538286581,29726,29506,24.829999923706055,35.708554875314064,44.946205139160156,both_up,False
C2b,20160318_181632_1_361,-0.02381330950866667,-0.027772538653927148,-104,202,0.8011006289308176,0.7772873194221509,0.5715791851796068,0.5438066465256797,4076,3874,24.64739990234375,39.16469966609833,49.176536560058594,both_down,False
C2b,20160318_181632_641_1,0.09123026109230048,0.03365848989925496,21,-255,0.5348924933987175,0.626122754491018,0.45844839348949024,0.4921068833887452,1418,1673,14.198599815368652,33.29781850828407,44.223670959472656,both_up,False
C2b,20160318_181632_641_361,-0.0043413162976491115,0.019291044916630917,-343,458,0.7950678690963183,0.7907265527986692,0.33664059649088196,0.3559316414075129,34207,33749,30.12459945678711,31.315994070822356,50.75236511230469,boundary_up_IoU_down,False
C2b,20160318_181632_641_721,0.0,0.0,20,0,0.0,0.0,0.0,0.0,0,0,5.477200031280518,28.52078853046595,59.00904846191406,other,True
C2b,20160321_183947_1281_361,0.03906668459564544,-0.009169181476029853,99,-149,0.5721854304635762,0.6112521150592216,0.4332760216902526,0.42410684021422274,1296,1445,15.855799674987793,9.113925622400203,25.271743774414062,other,False
C2b,20160321_183947_1281_721,-0.033651332400574385,-0.04976923366776348,1281,446,0.7230029117609824,0.689351579360408,0.3896307448583482,0.3398615111905847,28555,28109,24.64739990234375,14.240951284370098,25.514734268188477,both_down,False
C2b,20160321_183947_1921_721,0.025803391486949434,-0.009329738910564378,426,-1109,0.6393212075754735,0.6651245990624229,0.28675448442037194,0.27742474550980756,20457,21566,22.920000076293945,6.434581521596471,23.601999282836914,other,False
C2b,20160321_183947_1_721,-0.0026887144004082986,-0.02815543255513947,127,36,0.8066079981309139,0.8039192837305056,0.386218710506557,0.3580632779514175,41429,41393,34.127201080322266,8.545894242721928,22.53837013244629,both_down,False
C2b,20160321_183947_641_721,0.059346233820556926,0.06883095928532512,-113,-2066,0.7533003300330033,0.8126465638535603,0.33218004404955914,0.40101100333488426,27390,29456,24.324399948120117,18.787876901623363,29.16482162475586,both_up,False
C2b,20160321_185557_1281_721,0.0029096250779990784,0.028557135822760815,-328,181,0.8006554373105927,0.8035650623885918,0.40994709191328466,0.43850422773604547,22721,22540,17.190000534057617,36.08618081070323,27.11532974243164,both_up,False
C2b,20160321_185557_1921_1,0.1097016696904407,0.13330597470764927,921,-1931,0.6507398823319664,0.7604415520224072,0.34002298352847127,0.47332895823612053,7300,9231,13.692999839782715,17.68401562137288,29.585506439208984,both_up,False
C2b,20160321_185557_1921_1081,0.011890574469366921,0.07545206483802311,533,-503,0.6353853100541842,0.6472758845235511,0.2308088614116435,0.3062609262496666,8443,8946,14.198599815368652,26.08629939134756,22.397253036499023,both_up,False
C2b,20160321_185557_1921_361,0.04538161091411408,-0.026408368577946317,977,-1002,0.5040483855233636,0.5494299964374777,0.3118660410411605,0.2854576724632142,5167,6169,10.125800132751465,15.058575508286296,26.77386474609375,other,False
C2b,20160321_185557_1921_721,0.022054263042278643,0.0219212604855204,701,-1091,0.6770405167351732,0.6990947797774518,0.36827058748249825,0.39019184796801865,18448,19539,20.757200241088867,30.71153653839019,24.886627197265625,both_up,False
C2b,20160321_185557_1_361,-0.015488959137293756,-0.05610161089863597,41,-11,0.7714949651432997,0.756006006006006,0.8162023977433004,0.7601007868446644,996,1007,11.460000038146973,26.040123466962868,24.857261657714844,both_down,False
C2b,20160321_185557_1_721,0.004970572862812772,0.06117456991266729,-329,124,0.7286319356204998,0.7336025084833125,0.4630027896081215,0.5241773595207888,17203,17079,12.864399909973145,21.747127400053373,22.2241268157959,both_up,False
C2b,20160321_185557_641_721,0.013617949741267954,0.030723814590387366,-80,-266,0.7837056613123012,0.7973236110535692,0.4449942340529646,0.475718048643352,18979,19245,16.108600616455078,35.33926531670967,26.670475006103516,both_up,False
C2b,20160324_170347_1281_1,-0.0250570200838085,-0.05685814357996333,163,82,0.7542415169660679,0.7291844968822594,0.6171656880297471,0.5603075444497838,6046,5964,8.468600273132324,28.228848001044483,17.272253036499023,both_down,False
C2b,20160324_170347_1281_1081,-0.002621139379921811,0.01112933550650863,-86,80,0.6845464588191973,0.6819253194392755,0.5720341697450981,0.5831635052516068,5577,5497,7.639999866485596,60.2347406997599,33.8494758605957,boundary_up_IoU_down,False
C2b,20160324_170347_1281_361,-0.016984306625520307,0.10385839828403476,-417,461,0.7361374657389838,0.7191531591134634,0.5999173899604183,0.7037757882444531,6983,6522,8.215800285339355,12.735462489774065,22.09366798400879,boundary_up_IoU_down,False
C2b,20160324_170347_1281_721,0.00258967076113481,0.03234489465154011,-247,94,0.4980351061042704,0.5006247768654052,0.5518794005341338,0.5842242951856739,5703,5609,6.558599948883057,41.08035490251271,29.645767211914062,both_up,False
C2b,20160324_170347_641_1,0.01809476333102722,0.12835089156773982,-409,120,0.49075975359342916,0.5088545169244564,0.42672472974302955,0.5550756213107694,2390,2270,3.819999933242798,46.63546762196431,22.501693725585938,both_up,False
C2b,20160324_170347_641_361,0.06389854780720094,0.12524850152173134,-587,-75,0.5152448413920542,0.5791433891992551,0.44757842867800074,0.5728269301997321,3346,3421,4.648600101470947,50.768908342925386,28.99747085571289,both_up,False
C2b,20160324_170347_641_721,0.02376970950799806,0.03012716709780472,-104,-28,0.5469387755102041,0.5707084850182021,0.5374035286730002,0.567530695770805,2010,2038,5.477200031280518,45.20551505750545,35.818851470947266,both_up,False
C2b,20160326_141808_1281_1,0.0019074868860276585,0.02778074580617587,850,-12,0.0,0.0019074868860276585,0.0,0.02778074580617587,0,12,11.460000038146973,1.0492916040727778,25.292531967163086,both_up,False
C2b,20160326_141808_641_1,0.0,0.0,0,0,0.0,0.0,0.0,0.0,0,0,17.063600540161133,10.420901822654585,25.02396583557129,other,True
C2b,20160326_141808_641_361,0.052890792291220554,0.11897384410323875,114,-494,0.0,0.052890792291220554,0.0,0.11897384410323875,0,494,11.460000038146973,3.368501955675498,28.71041488647461,both_up,False
C2b,20160326_141808_641_721,0.015038670867946148,0.04640371229698376,29,-105,0.0,0.015038670867946148,0.0,0.04640371229698376,0,105,10.954400062561035,3.3148632632800314,37.62738800048828,both_up,False
C2b,20160326_142521_1281_1,0.0,0.0,0,0,0.0,0.0,0.0,0.0,0,0,21.010000228881836,14.242107032268578,24.306467056274414,other,True
C2b,20160326_142521_1281_1081,0.0,0.0,0,0,0.0,0.0,0.0,0.0,0,0,9.550000190734863,14.982489682014858,30.97530746459961,other,True
C2b,20160326_142521_1281_361,-0.006265528789024526,0.0,0,58,0.048611861294155775,0.04234633250513125,0.0,0.0,450,392,12.864399909973145,20.73107061263444,26.295269012451172,other,False
C2b,20160326_142521_1281_721,0.0,0.0,0,0,0.0,0.0,0.0,0.0,0,0,15.279999732971191,16.506228029313263,33.430992126464844,other,True
C2b,20160326_142521_641_1,0.0,0.0,208,0,0.0,0.0,0.0,0.0,0,0,13.369999885559082,18.774642266784653,25.92418670654297,other,True
C2b,20160326_142521_641_1081,0.0,0.0,104,0,0.0,0.0,0.0,0.0,0,0,9.297200202941895,2.89845440191435,36.634098052978516,other,True
C2b,20160326_142745_1281_1081,0.1996227555836794,0.10934012276785715,24,-906,0.05456965394853593,0.25419240953221534,0.0,0.10934012276785715,246,1152,10.125800132751465,13.990707336244284,33.8179931640625,both_up,False
C2b,20160326_142745_1281_361,0.009341032608695652,0.048824593128390596,11,-110,0.0,0.009341032608695652,0.0,0.048824593128390596,0,110,22.920000076293945,4.1226629198215505,25.684293746948242,both_up,False
C2b,20160326_142745_1281_721,0.04394641015579473,0.02214036792813167,56,-815,0.15719831592760675,0.20114472608340148,0.0548608034892834,0.07700117141741507,2875,3690,14.774399757385254,20.286114587510482,33.26752853393555,both_up,False
C2b,20160326_142745_1921_1081,0.11080610437327153,0.1145010033655383,137,-724,0.09134309357097391,0.20214919794424543,0.11417483222196016,0.22867583558749846,574,1298,8.215800285339355,14.564655014624634,30.736618041992188,both_up,False
C2b,20160326_142745_1_1,0.047396891483305836,0.01867638152750062,44,-757,0.2504619305511309,0.29785882203443675,0.1343065693430657,0.15298295087056632,3931,4688,12.288599967956543,11.109951318832486,22.810993194580078,both_up,False
C2b,20160326_142745_641_361,0.04849316764053159,0.03717304785344726,43,-1008,0.0839421355653394,0.132435303205871,0.039712998498247956,0.07688604635169521,1735,2743,13.369999885559082,15.505081633352262,27.65183448791504,both_up,False
C2b,20160328_151020_1281_361,0.014089163035013286,0.008158983445855472,-873,214,0.5183937096321258,0.5324828726671391,0.3802042533754322,0.38836323682128765,9230,9016,7.639999866485596,27.494478088879987,33.534523010253906,both_up,False
C2b,20160328_151020_1921_361,-0.015459701821686878,-0.003995154410914914,625,-20,0.4954447573297996,0.4799850555081127,0.33962495243348,0.3356297980225651,8973,8993,7.387199878692627,26.6073394106338,34.265472412109375,both_down,False
C2b,20160328_151020_1_1,-0.020356646239043263,0.010552955397439112,1826,-21,0.41448633529514595,0.3941296890561027,0.1716807698113135,0.1822337252087526,14226,14247,8.215800285339355,20.677773574606668,28.679378509521484,boundary_up_IoU_down,False
C2b,20160328_151020_1_361,-0.09102219174157034,-0.062229056131499316,928,-9,0.5454344949272166,0.4544123031856463,0.4792715048788588,0.41704244874735946,2473,2482,6.558599948883057,35.03796896417089,32.92280197143555,both_down,False
C2b,20160328_151020_641_361,0.007066025186224456,0.037316834869867366,611,-385,0.5076676355617922,0.5147336607480166,0.33183065120716654,0.3691474860770339,5065,5450,7.387199878692627,22.13015817883344,36.50932693481445,both_up,False
C2b,20160328_151020_641_721,0.07890562231864928,0.018695232954197005,258,-1171,0.4323031361530868,0.5112087584717361,0.42355943903648385,0.44225467199068086,5693,6864,8.215800285339355,26.084852168797582,46.87652587890625,both_up,False
C2b,20160328_151057_1281_1,-0.022171239562543965,-0.04901566682893954,-124,218,0.6863354037267081,0.6641641641641641,0.5914636340015589,0.5424479671726193,4199,3981,6.558599948883057,48.73753381785305,29.389972686767578,both_down,False
C2b,20160328_151057_1281_1081,0.023381008212081666,0.07200033241055165,-40,-76,0.19961453744493393,0.2229955456570156,0.31397155668684235,0.385971889097394,725,801,4.648600101470947,35.19580932809805,38.626548767089844,both_up,False
C2b,20160328_151057_1281_361,0.019841226389269107,0.03445853500896956,-281,53,0.6846427593758555,0.7044839857651246,0.5622391043582566,0.5966976393672262,5002,4949,7.639999866485596,35.10785838357491,31.492712020874023,both_up,False
C2b,20160328_151057_1281_721,-0.007406940958723185,-0.0024566525446326204,-208,263,0.6136449710544825,0.6062380300957593,0.42003941305051445,0.41758276050588183,11342,11079,7.639999866485596,37.7235284713943,36.87308120727539,both_down,False
C2b,20160328_151057_1921_721,-0.016801493162633796,0.014245335918523505,-117,280,0.6687835051546391,0.6519820119920053,0.4648300267000524,0.4790753626185759,8109,7829,9.297200202941895,41.668127682299726,32.021705627441406,boundary_up_IoU_down,False
C2b,20160328_151057_641_1081,0.08079650437311003,0.08307280603152034,153,-493,0.45982670342654586,0.5406232077996559,0.4939982179863246,0.5770710240178449,2335,2828,5.730000019073486,30.96835328475032,37.438228607177734,both_up,False
C2b,20160328_151057_641_721,-0.001185129818223385,0.049591541513938076,-20,20,0.5893525179856115,0.5881673881673881,0.3908349489500956,0.44042649046403365,4096,4076,7.639999866485596,30.323462120261908,38.89963150024414,boundary_up_IoU_down,False
C2b,20160328_151244_1281_1081,-0.032283901790399416,-0.044234825069186356,167,631,0.8199830651989839,0.7876991634085845,0.4551116715385644,0.41087684646937805,19368,18737,25.981599807739258,10.63978574531501,14.708284378051758,both_down,False
C2b,20160328_151244_1281_361,-0.008608675659881326,-0.03179908996565439,-101,311,0.7887887887887888,0.7801801131289074,0.3949065614299096,0.3631074714642552,21276,20965,19.100000381469727,15.714740518119896,16.340978622436523,both_down,False
C2b,20160328_151244_1281_721,-0.015481226378779689,-0.005890629265279612,-32,807,0.6960036276887286,0.6805224013099489,0.32346996243747195,0.31757933317219234,35302,34495,18.34160041809082,15.464358560825062,16.47955894470215,both_down,False
C2b,20160328_151244_1921_1081,-0.06192274779568044,-0.04423596796149459,-3,401,0.20250425104343794,0.1405815032477575,0.21429700433419016,0.17006103637269557,1310,909,10.125800132751465,9.208788297137389,13.476656913757324,both_down,False
C2b,20160328_151244_1921_361,-0.015727427646106462,-0.00982890790902552,-117,638,0.8096364685516445,0.793909040905538,0.39432157219851105,0.38449266428948553,28062,27424,27.38599967956543,24.083282320386047,16.337377548217773,both_down,False
C2b,20160328_151244_1921_721,-0.010832061014653727,-0.034171235633727925,315,277,0.7297977624784854,0.7189657014638317,0.3210830497761085,0.2869118141423806,33921,33644,21.0802001953125,14.895292932449792,14.98680591583252,both_down,False
C2b,20160328_151244_1_1,-0.03881969147862385,-0.019822107535415634,-141,1315,0.74791526885843,0.7090955773798061,0.373015024430964,0.3531929168955484,23409,22094,17.51300048828125,14.953579081418837,11.931267738342285,both_down,False
C2b,20160328_151244_1_1081,-0.023133234209186115,-0.03617583050906725,-125,272,0.7008399209486166,0.6777066867394305,0.4965784628053174,0.46040263229625017,5674,5402,12.288599967956543,16.432276707854328,11.388017654418945,both_down,False
C2b,20160328_151244_1_721,0.007699677527989501,0.08532757320949969,-561,266,0.7763210346813129,0.7840207122093024,0.2929841000772999,0.3783116732867996,17527,17261,17.190000534057617,16.230222847175924,11.854634284973145,both_up,False
C2b,20160328_151244_641_1,-0.010820652071076853,0.020146625725759537,-109,339,0.7870267971076138,0.776206145036537,0.3725036098906365,0.39265023561639606,18503,18164,17.51300048828125,22.69138918938117,11.49807357788086,boundary_up_IoU_down,False
C2b,20160328_151244_641_361,0.0015877216157454965,0.03633374621096286,-55,14,0.7974019088016967,0.7989896304174422,0.2914076257969608,0.32774137200792364,15039,15025,19.42300033569336,13.887186109639643,13.510601043701172,both_up,False
C2b,20160328_151244_641_721,-0.03135376151329028,-0.018086715918022245,-752,2318,0.7580573795154069,0.7267036180021166,0.27925596741830766,0.2611692515002854,42831,40513,26.739999771118164,9.772167320000477,16.42444610595703,both_down,False
C2b,20160328_151752_1281_361,-0.009932452032619388,-0.015840559539229637,-474,479,0.587287766652155,0.5773553146195356,0.2752023546725533,0.25936179513332364,12141,11662,18.847200393676758,24.102628388859372,22.79363441467285,both_down,False
C2b,20160328_151752_1281_721,-0.0012809649513504384,0.010332079126130544,-26,26,0.6272391991570073,0.6259582342056569,0.31026052266264126,0.3205926017887718,4762,4736,12.288599967956543,34.31616563513117,28.05998420715332,boundary_up_IoU_down,False
C2b,20160328_151752_1921_721,0.014711980356016952,0.004427315978568547,15,-388,0.5610796556270845,0.5757916359831015,0.30477607138704993,0.3092033873656185,14468,14856,13.369999885559082,21.895247815350032,22.63471031188965,both_up,False
C2b,20160328_151752_1_361,0.005600789449001442,-0.014783762517681875,-251,44,0.6093488301273917,0.6149496195763932,0.37466162773160955,0.3598778652139277,12006,11962,11.460000038146973,14.712319784211488,23.187196731567383,other,False
C2b,20160328_151752_1_721,-0.0012390074590752365,0.015456259929416405,102,-36,0.383892068683565,0.3826530612244898,0.3742184267838604,0.3896746867132768,939,975,5.730000019073486,6.990067314136809,23.702836990356445,boundary_up_IoU_down,False
C2b,20160328_151752_641_361,0.01433554489640898,0.011886177308615936,1,-354,0.6144827586206897,0.6288183035170987,0.23924044206001324,0.2511266193686292,15147,15501,14.774399757385254,22.385595741979515,24.356557846069336,both_up,False
C2b,20160328_152022_1281_721,-0.002193294220968367,-0.02707607735534928,274,-157,0.842327630120157,0.8401343358991886,0.44631449322711164,0.41923841587176236,28111,28268,22.920000076293945,19.901570005229445,24.4195556640625,both_down,False
C2b,20160328_152022_1921_1,-0.03292314504684046,-0.025703535527254184,1045,-238,0.6455758369485144,0.6126526919016739,0.35516540157448606,0.3294618660472319,7887,8125,26.739999771118164,20.509268538693817,21.41878890991211,both_down,False
C2b,20160328_152022_1921_361,0.02117853158577332,0.05159680276760242,3,-526,0.6739833454604253,0.6951618770461986,0.23951734539969832,0.29111414816730075,16673,17199,17.190000534057617,18.219225778729935,21.935165405273438,both_up,False
C2b,20160328_152022_1921_721,-0.006384929054078503,-0.015070348174844095,216,-78,0.7147356771941772,0.7083507481400987,0.33535023326895375,0.32027988509410965,8396,8474,15.279999732971191,22.97384533413883,20.013837814331055,both_down,False
C2b,20160328_152022_1_1081,0.03751464294610163,0.07570022721212066,-810,44,0.5661411348115674,0.603655777757669,0.35278758391540505,0.4284878111275257,6715,6671,9.550000190734863,18.030069272619272,19.059614181518555,both_up,False
C2b,20160328_152022_1_361,-0.005179799732164647,-0.04847621530673524,11,15,0.5703125,0.5651327002678354,0.4154003957155108,0.36692418040877556,2336,2321,9.550000190734863,23.40290260811078,22.096940994262695,both_down,False
C2b,20160328_152022_1_721,-0.0777854274089641,-0.0319138726258939,-174,705,0.5303688982735064,0.4525834708645423,0.3444031275063584,0.3124892548804645,4270,3565,12.035799980163574,20.398908596349244,20.567811965942383,both_down,False
C2b,20160328_152022_641_361,-0.015671984365955294,0.013646049134720173,92,233,0.7278454430911382,0.7121734587251829,0.25741347913184665,0.2710595282665668,13864,13631,17.190000534057617,20.961930452206673,24.678497314453125,boundary_up_IoU_down,False
C2b,20160328_152022_641_721,-0.0009035002037252049,-0.016254750154845787,-96,87,0.7253805529667599,0.7244770527630346,0.40114632219414526,0.38489157203929947,14010,13923,15.279999732971191,18.990507296042594,25.255041122436523,both_down,False
C2b,20160328_152305_1281_361,-0.009810800150618193,-0.03714581600743955,-124,276,0.8143962589767856,0.8045854588261674,0.519975904872641,0.48283008886520146,14629,14353,22.920000076293945,30.975931352780393,33.3595085144043,both_down,False
C2b,20160328_152305_1281_721,-0.011230243666360495,-0.012142675944077364,1,202,0.6834376904748711,0.6722074468085106,0.2924266652685663,0.28028398932448895,12334,12132,21.90880012512207,26.609019244670037,34.455238342285156,both_down,False
C2b,20160328_152305_1921_361,-0.04143235592365524,0.005279682745930603,2186,-259,0.7210888948932721,0.6796565389696169,0.3423838686559385,0.3476635514018691,21350,21609,27.38599967956543,24.92005035592969,31.13604736328125,boundary_up_IoU_down,False
C2b,20160328_152305_1921_721,0.007163988479857997,0.03108584434386885,-263,95,0.8456167571761055,0.8527807456559635,0.5288936051842619,0.5599794495281307,15260,15165,26.739999771118164,43.867402192601844,28.776235580444336,both_up,False
C2b,20160328_152305_1_361,-0.0023739113224587882,0.004988268195667778,-26,56,0.6592863677950594,0.6569124564726007,0.44166734722082623,0.446655615416494,10809,10753,9.550000190734863,29.110832393708975,30.121997833251953,boundary_up_IoU_down,False
C2b,20160328_152305_641_361,-0.0011010287764174898,-0.021585412023861883,-258,175,0.6109483134858782,0.6098472847094607,0.4069775946993687,0.38539218267550684,9799,9624,12.864399909973145,35.82720882626374,36.53199768066406,both_down,False
C2b,20160328_152305_641_721,0.013139984767707502,-0.014207805935453344,-875,256,0.6586138613861386,0.6717538461538461,0.3980041305898358,0.38379632465438246,16630,16374,17.190000534057617,40.07948032053342,34.69622802734375,other,False
C2b,20160328_152511_1281_361,0.051743312941190056,-0.008289683682713267,-50,-467,0.3287554561907804,0.38049876913197045,0.39270503439991267,0.3844153507171994,3088,3555,9.297200202941895,8.85827172357763,42.45857620239258,other,False
C2b,20160328_152511_1281_721,-0.03571712140290384,-0.0041464843390469075,-167,326,0.5711050724637681,0.5353879510608642,0.4099052274931606,0.4057587431541137,3783,3457,9.550000190734863,10.591636722723322,47.255027770996094,both_down,False
C2b,20160328_152511_1921_361,-0.01346576271693728,-0.03094941070345847,336,50,0.4034069776091646,0.38994121489222733,0.34090789635054397,0.3099584856470855,5423,5373,13.369999885559082,3.940665544664867,36.43970489501953,both_down,False
C2b,20160328_152511_1921_721,-0.015555046869904589,0.09143678926377181,1,131,0.06682492581602374,0.05126987894611915,0.10491257285595339,0.1963493621197252,563,432,13.692999839782715,10.09116649382075,36.69053649902344,boundary_up_IoU_down,False
C2b,20160328_152511_1_361,-0.02181663868555489,-0.011960731732068575,-187,412,0.43921081857973476,0.4173941798941799,0.3157597834349772,0.3037990517029086,6723,6311,7.639999866485596,4.215353308508043,37.88468933105469,both_down,False
C2b,20160328_152511_641_361,0.04919260994168961,0.04771443289716243,506,-1050,0.47857501884895703,0.5277676287906466,0.35747800192793594,0.40519243482509837,7617,8667,11.460000038146973,13.06450821709025,42.379127502441406,both_up,False
C2b,20160328_152511_641_721,-0.030933633295838023,-0.05776253674178321,0,55,0.04049493813273341,0.009561304836895388,0.09174311926605505,0.03398058252427184,72,17,11.460000038146973,17.248727226587178,48.909324645996094,both_down,False
C2b,20160328_152747_1281_361,0.011419118386720273,0.00941643103551737,293,-276,0.4235203689469639,0.43493948733368415,0.36999146270606775,0.3794078937415851,5510,5786,9.550000190734863,17.434104130228434,31.733135223388672,both_up,False
C2b,20160328_152747_1281_721,-0.06952742828884984,0.08338376292779398,-25,158,0.504725897920605,0.4351984696317551,0.3877578979094172,0.4711416608372112,1068,910,11.460000038146973,5.115162244179743,37.636348724365234,boundary_up_IoU_down,False
C2b,20160328_152747_1921_361,0.04107021250947318,0.030659045922790618,153,-894,0.5332687996739351,0.5743390121834083,0.25674965979310543,0.28740870571589605,10467,11361,13.369999885559082,16.03405597412339,30.430740356445312,both_up,False
C2b,20160328_152747_1_361,-0.024008899046609633,-0.03370593287928775,82,273,0.623416306454017,0.5994074074074074,0.48255238214296875,0.448846449263681,8365,8092,9.550000190734863,11.828412841315284,32.11650085449219,both_down,False
C2b,20160328_152747_641_361,-0.008228353962034918,0.003216826489410407,51,105,0.6328162578162578,0.6245879038542229,0.4609883232134517,0.4642051497028621,10525,10420,9.550000190734863,12.356293419240288,35.874080657958984,boundary_up_IoU_down,False
C2b,20160328_153548_1281_1081,0.0348376880443389,-0.012927286256017745,0,-44,0.4782264449722882,0.5130641330166271,0.392749244712991,0.37982195845697325,604,648,17.190000534057617,5.614848433435128,32.274742126464844,other,False
C2b,20160328_153548_1281_361,0.010391313596435525,0.07196851441526897,8,-94,0.7702782711663706,0.7806695847628061,0.5131371507489642,0.5851056651642331,6505,6599,18.34160041809082,41.67461564365584,23.77684211730957,both_up,False
C2b,20160328_153548_1281_721,-0.0043858053704380895,0.021205460228414075,145,41,0.7007506718976863,0.6963648665272482,0.4027923802218458,0.4239978404502599,22684,22643,16.93720054626465,23.279806150255254,32.869327545166016,boundary_up_IoU_down,False
C2b,20160328_153548_1921_361,0.0024835654426896836,-0.0003744434950461728,5,-40,0.8403775418141439,0.8428611072568336,0.4983930031244051,0.4980185596293589,12109,12149,22.920000076293945,27.081949354950474,24.595787048339844,other,False
C2b,20160328_153548_1921_721,0.012839996738447601,0.060621317990885715,-309,-11,0.7805513784461153,0.7933913751845629,0.4144823469231928,0.4751036649140785,15572,15583,17.190000534057617,30.137205479254533,25.640565872192383,both_up,False
C2b,20160328_153548_1_1,-0.0007193119763433398,-0.013576198764600533,244,-140,0.6415509055741164,0.6408315935977731,0.42364492655573616,0.4100687277911356,14594,14734,13.692999839782715,31.36388182225049,19.36309814453125,both_down,False
C2b,20160328_153548_1_1081,-0.003926558397980284,0.02630875882302805,-125,232,0.5754707752506726,0.5715442168526923,0.19521973567426915,0.2215284944972972,23531,23299,19.100000381469727,17.351689632356425,27.73834228515625,boundary_up_IoU_down,False
C2b,20160328_153548_641_1,-0.006192381753260756,-0.026704265275104166,153,-71,0.7092786996274975,0.7030863178742367,0.46737497610138473,0.44067071082628056,4189,4260,13.117199897766113,36.211126809484085,18.72795295715332,both_down,False
C2b,20160328_153548_641_1081,0.01496935433715052,0.02357352293546111,-367,-130,0.560212411129641,0.5751817654667916,0.27976317636646625,0.30333669930192736,12765,12895,12.864399909973145,13.559542449929708,33.08186721801758,both_up,False
C2b,20160328_153548_641_361,-0.0014595572324867523,0.05486733751411321,261,-109,0.4634300126103405,0.46197045537785375,0.36619035899960006,0.4210576965137133,3675,3784,7.639999866485596,14.880756973655295,26.96171760559082,boundary_up_IoU_down,False
C2b,20160328_153548_641_721,-0.030800789066459,0.01348741003661863,368,356,0.6213602664661008,0.5905594773996418,0.3514376076323182,0.3649250176689368,11566,11210,12.864399909973145,26.360407651800585,35.30070495605469,boundary_up_IoU_down,False
C2b,20160328_153604_1281_1,-0.032975558061492105,0.04143704677766952,693,-41,0.525008244476201,0.4920326864147089,0.35329356772102893,0.39473061449869845,4776,4817,8.215800285339355,20.73235582637058,17.427371978759766,boundary_up_IoU_down,False
C2b,20160328_153604_1281_361,-0.006507750782100419,-0.01893007364649621,343,-21,0.5462511399230799,0.5397433891409795,0.2666979826437782,0.247767908997282,13777,13798,13.692999839782715,19.61397418286417,17.78362274169922,both_down,False
C2b,20160328_153604_1281_721,0.005262520801456394,0.030372526381789944,107,-155,0.571872001805971,0.5771345226074274,0.3148041417413598,0.34517666812314973,10133,10288,10.954400062561035,22.666221926079743,22.052688598632812,both_up,False
C2b,20160328_153604_1921_361,-0.016524186926057394,-0.021542999817765085,345,52,0.5827097808658471,0.5661855939397897,0.29741097121448906,0.275867971396724,8722,8670,10.125800132751465,17.21589647954889,17.83955192565918,both_down,False
C2b,20160328_153604_1921_721,-0.016893862393655035,0.030523395608177656,452,15,0.5074925074925075,0.4905986450988525,0.22552980367141542,0.2560531992795931,7112,7097,12.288599967956543,5.990797285486224,18.98151969909668,boundary_up_IoU_down,False
C2b,20160328_153604_1_1,-0.006468818285982336,0.04434608669353074,225,-69,0.7255298382598996,0.7190610199739172,0.38441229059163406,0.4287583772851648,10407,10476,14.774399757385254,28.262110251279807,18.8658447265625,boundary_up_IoU_down,False
C2b,20160328_153604_1_361,-0.01452222511545298,-0.013179837163435348,240,89,0.615528298362493,0.60100607324704,0.28043228112363033,0.267252443960195,9886,9797,13.117199897766113,14.705132659355385,18.63193702697754,both_down,False
C2b,20160328_153604_641_1,-0.008576475517816817,-0.00011026442265654746,45,81,0.6463919943710421,0.6378155188532253,0.3730862533406187,0.37297598891796213,8268,8187,12.864399909973145,31.86284969676177,18.347339630126953,both_down,False
C2b,20160328_153604_641_1081,0.02028555228093587,0.016443920222466935,30,-466,0.7235277980980249,0.7438133503789608,0.3055400490862952,0.3219839693087621,15825,16291,19.675800323486328,22.682127356791796,26.392833709716797,both_up,False
C2b,20160328_153604_641_361,-0.007761080812787813,0.012365547480161276,336,-26,0.6129879222825135,0.6052268414697257,0.3618909835402016,0.3742565310203629,14008,14034,9.550000190734863,27.129386835507844,15.757098197937012,boundary_up_IoU_down,False
C2b,20160328_153604_641_721,0.010140321342279712,0.018935036512314152,124,-265,0.6191560906822866,0.6292964120245663,0.3335624288476048,0.35249746535991894,11416,11681,11.460000038146973,26.065817934270598,20.23165512084961,both_up,False
C2b,20160328_153620_1281_1081,0.022829419063907785,0.03328764575347021,44,-102,0.7211601845748187,0.7439896036387265,0.5818727041007571,0.6151603498542273,2188,2290,13.369999885559082,41.270337761369206,30.688369750976562,both_up,False
C2b,20160328_153620_1281_361,0.007491667991013196,0.047711803613662895,-870,148,0.6296555793200088,0.637147247311022,0.3650821453868677,0.41279394900053057,34150,34002,19.100000381469727,22.561935882027626,19.83484649658203,both_up,False
C2b,20160328_153620_1281_721,0.01044874451020028,0.061510904793853405,141,-395,0.7115213285342646,0.7219700730444649,0.39148654360474966,0.45299744839860306,19966,20361,10.954400062561035,31.873711207687762,28.347856521606445,both_up,False
C2b,20160328_153620_1921_1081,0.014066325952195369,0.0276865674165927,56,-203,0.788625845496618,0.8026921714488133,0.5349129717638376,0.5625995391804303,8861,9064,13.692999839782715,41.88260572563492,26.751216888427734,both_up,False
C2b,20160328_153620_1921_361,0.0029780075286172103,0.0011905657492835564,-171,40,0.814054893528059,0.8170329010566763,0.4686524445783454,0.46984301032762893,27257,27217,17.51300048828125,32.41045084486511,18.866636276245117,both_up,False
C2b,20160328_153620_1_361,0.010630705626960113,0.05631801508816836,-494,52,0.8370387547465143,0.8476694603734745,0.47652032675679545,0.5328383418449638,28877,28825,21.0802001953125,19.869279285113336,24.33167266845703,both_up,False
C2b,20160328_153620_1_721,0.012151266546749251,0.08600042085701287,-81,-8,0.8847370800060268,0.896888346552776,0.6112468180298785,0.6972472388868913,5872,5880,21.90880012512207,38.1044838426767,27.85971450805664,both_up,False
C2b,20160328_153620_641_361,0.005471351179147987,0.009469978091631082,-61,1,0.7751173708920188,0.7805887220711668,0.5824743876017981,0.5919443656934292,6604,6603,10.954400062561035,35.71966962955223,23.31382179260254,both_up,False
C2b,20160328_153620_641_721,0.01597375135853496,0.05136261247753754,-978,-124,0.763951435673884,0.779925187032419,0.4106641660033366,0.46202677848087415,42410,42534,15.279999732971191,31.1836460401059,32.79425048828125,both_up,False
C2b,20160328_153629_1281_361,0.002637844978411019,-0.0015640945184459687,17,-40,0.9336254107338444,0.9362632557122554,0.7955823910216867,0.7940182965032407,8524,8564,32.03459930419922,19.184365034021127,21.160314559936523,other,False
C2b,20160328_153629_1281_721,0.0015954048900100881,0.0232641450531359,-360,250,0.8083563535911602,0.8099517584811703,0.5146121771600456,0.5378763222131815,21069,20819,16.43160057067871,31.24745465925912,30.116613388061523,both_up,False
C2b,20160328_153629_1921_361,-0.0026555571114066367,-0.0032240929353186676,-158,222,0.8510098722941762,0.8483543151827696,0.5697719031998891,0.5665478102645705,28188,27966,19.675800323486328,27.126564286288414,19.000532150268555,both_down,False
C2b,20160328_153629_1_361,-9.632336281373277e-06,0.03155721528638078,-131,111,0.844585749018141,0.8445761166818596,0.4672901521076183,0.4988473673939991,31612,31501,19.100000381469727,25.741548290658997,22.482072830200195,boundary_up_IoU_down,False
C2b,20160328_153629_641_361,0.023281270885179284,0.039305031787050526,-90,-213,0.7618187787261983,0.7851000496113776,0.49036381748767616,0.5296688492747267,9282,9495,14.774399757385254,24.291360470286705,24.586538314819336,both_up,False
C2b,20160328_153629_641_721,0.008757687105894196,0.043678601023391994,-190,-113,0.8550752117305018,0.863832898836396,0.49754561329957375,0.5412242143229657,27058,27171,21.010000228881836,28.663036612497905,33.65458297729492,both_up,False
C2b,20160328_153829_1281_361,0.012006648277546161,0.047714999937993,-633,5,0.7492572637091495,0.7612639119866956,0.43411990177876264,0.48183490171675564,29759,29754,12.288599967956543,41.83715753227982,16.334802627563477,both_up,False
C2b,20160328_153829_1281_721,0.017534281863240242,0.008129102808131061,21,-96,0.606175972927242,0.6237102547904823,0.45830413454800284,0.4664332373561339,2866,2962,7.639999866485596,43.92536899871854,23.69110107421875,both_up,False
C2b,20160328_153829_1921_1,0.018496952173216674,0.042144816657976925,-368,-232,0.679430906614197,0.6979278587874137,0.418644430929146,0.4607892475871229,17956,18188,9.297200202941895,36.77414273820342,16.09865951538086,both_up,False
C2b,20160328_153829_1921_361,-0.02293298310319547,-0.048815867905318666,67,50,0.7412946950222015,0.718361711919006,0.6476880876136274,0.5988722197083087,3172,3122,11.460000038146973,29.99331781460198,14.89121150970459,both_down,False
C2b,20160328_153829_1_1,0.0066508454717485455,0.010744632393275111,-324,73,0.6875629295626668,0.6942137750344154,0.4688784026602153,0.4796230350534904,15706,15633,8.468600273132324,35.65986253141885,16.700273513793945,both_up,False
C2b,20160328_153829_1_721,0.002578478034282017,0.03150064025823762,131,-118,0.7384767069263002,0.7410551849605822,0.381627742904177,0.4131283831624146,5992,6110,13.369999885559082,30.898548081376873,21.499265670776367,both_up,False
C2b,20160328_153829_641_1,0.010802357222889358,0.03583383939053425,-39,-172,0.7457917872842286,0.7565941445071179,0.46318370308746376,0.499017542477998,13912,14084,13.117199897766113,37.19416449821384,16.788198471069336,both_up,False
C2b,20160328_153829_641_1081,-0.02584650881629247,-0.07404106935066374,376,31,0.5766391663048198,0.5507926574885273,0.3864591443284441,0.31241807497778035,5312,5281,9.297200202941895,21.174602074080255,25.850229263305664,both_down,False
C2b,20160328_153829_641_361,0.011388301686477864,0.03732343742112909,-142,3,0.755110824187648,0.7664991258741258,0.5162322831778733,0.5535557205990024,7018,7015,9.550000190734863,43.417239063946425,20.90928840637207,both_up,False
C2b,20160328_153829_641_721,-0.008236636902904881,-0.06981905582693093,134,-71,0.7241493227618103,0.7159126858589054,0.7077534385623967,0.6379343827354658,2192,2263,5.730000019073486,52.53694694189831,25.281391143798828,both_down,False
C2b,20160329_103807_1081_1,0.07201561737432895,0.09953917050691244,201,-169,0.03465104929233773,0.10666666666666667,0.07912087912087912,0.17866004962779156,71,240,6.558599948883057,10.262959015448288,48.741024017333984,both_up,False
C2b,20160329_103807_361_1,0.05153351028076558,0.02098508193421597,193,-1383,0.4074368978421849,0.4589704081229505,0.174974036151871,0.19595911808608696,10234,11617,30.12459945678711,14.188576133386618,50.77566146850586,both_up,False
C2b,20160329_103807_361_1281,-0.03443208005860765,-0.023382117212206593,413,1067,0.582048619431797,0.5476165393731893,0.2608662347335776,0.23748411752137102,21860,20793,17.190000534057617,16.201536180163345,65.36714172363281,both_down,False
C2b,20160329_103807_361_1921,-0.0029495070369792153,-0.009332892100331225,261,-15,0.47018753447324874,0.4672380274362695,0.17476781684825216,0.16543492474792093,17049,17064,18.34160041809082,16.92217039917665,55.20507049560547,both_down,False
C2b,20160329_103807_361_641,0.005418991807440987,0.013975473151501522,381,-480,0.5567674461275,0.5621864379349409,0.14324709047678638,0.1572225636282879,27310,27790,28.397199630737305,18.277104453583576,66.49139404296875,both_up,False
C2b,20160329_103807_721_1,-0.011673811217558006,0.014444702091207712,-346,461,0.47424359968968194,0.46256978847212393,0.19712260129355147,0.21156730338475918,12226,11765,19.100000381469727,6.906985887651814,50.30990219116211,boundary_up_IoU_down,False
C2b,20160329_103807_721_1281,0.005747126436781609,0.0,0,-12,0.0,0.005747126436781609,0.0,0.0,0,12,9.297200202941895,33.58895503751519,52.58701705932617,other,False
C2b,20160330_165956_1281_721,0.032092902039421,0.05195456257800879,-43,-320,0.44030554507732933,0.47239844711675033,0.571045604569911,0.6230001671479198,4669,4989,5.730000019073486,24.86967692748071,16.53260612487793,both_up,False
C2b,20160330_165956_1921_721,0.012189673340069263,0.019359129338949455,241,-238,0.5951050811386007,0.60729475447867,0.6617940518107277,0.6811531811496772,4474,4712,5.477200031280518,30.906561319415886,14.845766067504883,both_up,False
C2b,20160330_165956_1_1081,-0.017147460320844465,0.0011098772482363017,142,96,0.6632569184400402,0.6461094581191957,0.5447389916091185,0.5458488688573548,7262,7166,7.387199878692627,23.711229366383648,11.885311126708984,boundary_up_IoU_down,False
C2b,20160330_165956_1_721,0.07395128964008751,0.1331420859561312,165,-472,0.2023933402705515,0.276344629910639,0.30796315496038856,0.44110524091651976,1167,1639,3.819999933242798,25.573752439869395,13.759791374206543,both_up,False
C2b,20160330_165956_641_721,0.015756921072830554,0.04252902809435555,38,-191,0.6015235587322486,0.6172804798050792,0.6195563723359783,0.6620854004303338,6396,6587,5.730000019073486,27.86507416142844,16.7451114654541,both_up,False
C2b,20160330_170359_1281_721,-0.010490443797212645,0.0014620770707757802,27,416,0.5986786174063009,0.5881881736090883,0.2518248722776957,0.25328694934847146,24647,24231,28.649999618530273,41.862284433916145,48.88669204711914,boundary_up_IoU_down,False
C2b,20160330_170359_1921_361,-0.02114683147177021,-0.02360379263481832,-70,469,0.7580424540250266,0.7368956225532564,0.5068126749210687,0.4832088822862504,14963,14494,29.29599952697754,34.58282663823595,41.10234832763672,both_down,False
C2b,20160330_170359_1921_721,-0.02311021725862905,-0.02096130239442906,-113,640,0.7641462401329455,0.7410360228743165,0.4774989210942099,0.4565376186997808,18393,17753,37.947200775146484,67.40323092351171,43.7650032043457,both_down,False
C2b,20160330_170359_1_721,-0.0003155602276709857,-0.005895611678188556,-608,419,0.6687277825063837,0.6684122222787127,0.22991147429349676,0.2240158626153082,26713,26294,24.829999923706055,26.204770163678376,39.89041519165039,both_down,False
C2b,20160330_170359_641_721,-0.006882012304135765,0.004806744014629605,-80,289,0.7277324924138752,0.7208504801097394,0.2879321875668053,0.2927389315814349,24462,24173,21.0802001953125,48.95530877382558,50.574729919433594,boundary_up_IoU_down,False
C2b,20160330_172309_1281_361,-0.016438264740324837,-0.06450037554080379,168,19,0.7188962207558488,0.702457956015524,0.7346231121746393,0.6701227366338355,5992,5973,7.387199878692627,24.38791570263325,16.947128295898438,both_down,False
C2b,20160330_172309_1281_721,-0.005256698672677418,0.044738772458145115,-497,509,0.7158082903301967,0.7105515916575192,0.36729722931153136,0.4120360017696765,21223,20714,15.279999732971191,13.651302871104889,21.475406646728516,boundary_up_IoU_down,False
C2b,20160330_172309_1921_361,-0.03665602193636963,-0.04437200176817252,543,250,0.7779338239424751,0.7412778020061055,0.4339839949164995,0.389611993148327,13848,13598,23.81879997253418,12.090086896222417,16.964006423950195,both_down,False
C2b,20160330_172309_1921_721,-0.01122539562466418,0.04710982285533738,885,-336,0.6766964008343319,0.6654710052096677,0.3431091273953073,0.3902189502506447,15248,15584,16.93720054626465,24.218134287755504,19.488767623901367,boundary_up_IoU_down,False
C2b,20160330_172309_1_721,0.0013772741435357228,0.02436364598797841,36,-55,0.7235644507981892,0.7249417249417249,0.45036303334528505,0.47472667933326346,15184,15239,13.692999839782715,27.363557329908744,18.248905181884766,both_up,False
C2b,20160330_172309_641_361,-0.20357543819261287,-0.18474628196893994,5,384,0.5179514255543822,0.31437598736176936,0.5537223340040242,0.3689760520350842,981,597,8.215800285339355,21.861224977395906,18.068052291870117,both_down,False
C2b,20160330_172309_641_721,0.03383643125082447,0.05087771394472512,-250,-950,0.5703134603564843,0.6041498916073088,0.3323732187924087,0.38325093273713384,18558,19508,12.288599967956543,23.503234694086274,21.801979064941406,both_up,False
C2b,20160402_150314_1281_1081,0.26677107880282924,0.13358110122397376,-27,-615,0.3226215644820296,0.5893926432848589,0.3794553954612739,0.5130364966852476,763,1378,7.387200355529785,25.928630568445968,29.64834213256836,both_up,False
C2b,20160402_150314_1281_361,-0.0013448935475468549,-0.041978467321198976,44,-23,0.7388272132080843,0.7374823196605375,0.5380529352504808,0.49607446792928184,5191,5214,8.215800285339355,35.27178422492078,26.078874588012695,both_down,False
C2b,20160402_150314_1281_721,0.021740561063903985,0.05132431949348926,-65,-253,0.7009711552398898,0.7227117163037938,0.5441952616697324,0.5955195811632217,9672,9925,9.297200202941895,38.95318955024493,29.700613021850586,both_up,False
C2b,20160402_150314_1921_1,0.0007028458605182752,-0.027046668433135523,351,-237,0.6526885667094879,0.6533914125700062,0.4428669248710761,0.41582025643794057,7113,7350,10.125800132751465,17.70724073182761,26.644287109375,other,False
C2b,20160402_150314_1921_361,0.009374501020160575,0.023558768932270158,41,-60,0.7630708140304434,0.772445315050604,0.7904603844595743,0.8140191533918445,2306,2366,7.639999866485596,20.37380233782814,27.788381576538086,both_up,False
C2b,20160402_150314_1_361,-0.006481580974717405,-0.016517165905862496,-61,251,0.7259498028415847,0.7194682218668673,0.42637613646306105,0.40985897055719855,23197,22946,15.279999732971191,22.393586022664493,19.816423416137695,both_down,False
C2b,20160402_150314_1_721,-0.0648297577507792,-0.09149845622046449,-1,602,0.315018315018315,0.2501885572675358,0.25257621977591066,0.16107776355544617,2924,2322,8.215800285339355,19.3298302337829,21.28631591796875,both_down,False
C2b,20160402_150314_641_361,0.014570611203175488,0.028817425225667825,7,-131,0.6737875288683602,0.6883581400715357,0.4098851523095964,0.4387025775352642,5835,5966,11.460000038146973,17.59283236553253,23.648948669433594,both_up,False
C2b,20160402_150314_641_721,0.039880184625186,0.058217010632477306,240,-1188,0.4812591453119724,0.5211393299371584,0.37117864198814593,0.42939565262062324,12827,14015,9.550000190734863,23.800193749588885,28.481443405151367,both_up,False
C2b,20160402_151049_1281_721,-0.002634380254854296,-0.003533138218892784,-98,186,0.8863034029471006,0.8836690226922463,0.524321189965965,0.5207880517470722,33442,33256,24.829999923706055,10.990156691170895,26.970449447631836,both_down,False
C2b,20160402_151049_1921_1081,0.0009325279425362876,0.037358327328684326,233,-212,0.8318790900592085,0.8328116180017447,0.37437769664785925,0.4117360239765436,16017,16229,24.829999923706055,17.572371515519393,25.75539207458496,both_up,False
C2b,20160402_151049_1921_721,-0.0027993960021689412,-0.0018899897618489536,165,-80,0.8824136152656008,0.8796142192634319,0.5323092742809941,0.5304192845191451,20532,20612,24.64739990234375,13.997144577128381,23.515317916870117,both_down,False
C2b,20160402_151049_1_361,0.010191601601411304,0.05232563219952824,-523,147,0.8029664896539095,0.8131580912553208,0.4467191479520926,0.49904478015162085,21925,21778,15.855799674987793,19.041048118126255,19.965730667114258,both_up,False
C2b,20160402_151049_1_721,0.0005420747377318236,0.02795066430216009,-374,235,0.6588158325155381,0.6593579072532699,0.4187493031178029,0.446699967419963,14098,13863,9.550000190734863,10.36807916839085,21.636356353759766,both_up,False
C2b,20160402_151049_641_361,0.02271355076572723,0.057907864926953434,8,-66,0.7431714719271624,0.7658850226928896,0.5721520656797126,0.630059930606666,1959,2025,12.288599967956543,12.217261163592497,22.237512588500977,both_up,False
C2b,20160402_151049_641_721,-0.0012199797828232883,0.046291474770073004,-686,636,0.8484996992715689,0.8472797194887456,0.4244264776079829,0.4707179523780559,38090,37454,26.739999771118164,12.039894048993276,28.307340621948242,boundary_up_IoU_down,False
C2b,20160402_151054_1281_1081,0.017216541796120532,0.0973241597403533,-177,-178,0.8007254107104758,0.8179419525065963,0.34442106831002955,0.44174522805038285,15012,15190,21.010000228881836,10.211078884477658,27.113550186157227,both_up,False
C2b,20160402_151054_1281_361,0.01682475442576581,0.044425078477575375,14,-118,0.8754584595758252,0.892283214001591,0.6526757500681127,0.6971008285456881,5490,5608,20.5044002532959,0.31121031979135694,17.28053092956543,both_up,False
C2b,20160402_151054_1281_721,0.006680737959552929,0.012559800245009856,-179,-151,0.8531080873814062,0.8597888253409591,0.4636673504556556,0.47622715070066546,38935,39086,26.55739974975586,7.494133315351164,25.556114196777344,both_up,False
C2b,20160402_151054_1921_361,0.02963672415298635,0.07992047678629455,70,-545,0.7296336466618463,0.7592703708148326,0.5057563246821745,0.585676801468469,12109,12654,10.954400062561035,9.656433936117665,18.838964462280273,both_up,False
C2b,20160402_151054_1_361,-0.0052334525963242395,0.004843357691238004,-110,451,0.7864157002164658,0.7811822476201415,0.38340205451235626,0.38824541220359426,54858,54407,31.135799407958984,14.400990126484459,17.64834213256836,boundary_up_IoU_down,False
C2b,20160402_151054_1_721,0.0,0.0,0,0,0.0,0.0,0.0,0.0,0,0,21.90880012512207,6.45573524885485,20.166301727294922,other,True
C2b,20160402_151054_641_361,-0.002747260549001096,0.006905177724777167,119,-68,0.8481631277384564,0.8454158671894553,0.6108683936571936,0.6177735713819708,10066,10134,20.25160026550293,29.58534945107928,16.3519344329834,boundary_up_IoU_down,False
C2b,20160402_151054_641_721,-0.0002412308068464597,-0.0036452949074265995,-137,126,0.876483694551347,0.8762424637445005,0.5966707444142275,0.5930254495068009,21636,21510,22.920000076293945,13.554917721843736,23.339040756225586,both_down,False
C2b,20160405_171348_1281_361,0.07627960432743924,-0.0646825265610414,15,-107,0.38004569687738005,0.4563253012048193,0.34005763688760804,0.27537511032656664,499,606,15.279999732971191,35.76861019435276,52.243595123291016,other,False
C2b,20160405_171348_1281_721,0.004479282254530204,0.01564732082150777,-86,-130,0.7509304783347884,0.7554097605893186,0.3341767877508033,0.34982410857231105,32685,32815,22.920000076293945,38.40621720779093,64.06812286376953,both_up,False
C2b,20160405_171348_1921_721,0.011539134909592463,0.047869161293318196,-251,-354,0.667099471830986,0.6786386067405784,0.2720531185269645,0.3199222798202827,30313,30667,19.100000381469727,35.11280883726445,55.88145065307617,both_up,False
C2b,20160405_171348_1_721,-0.006935522558289664,0.04892302105926655,-596,702,0.599224960254372,0.5922894376960823,0.24345381599361965,0.2923768370528862,30153,29451,15.279999732971191,35.053169134177196,54.222251892089844,boundary_up_IoU_down,False
C2b,20160405_171348_641_721,-0.0022319547674025664,0.005931080551165924,142,-11,0.7109312749003984,0.7086993201329959,0.3127345594330744,0.3186656399842403,28551,28562,19.100000381469727,42.43068002091347,65.95393371582031,boundary_up_IoU_down,False
C2b,20160407_163130_1281_721,0.004190142455029355,0.04929476421916823,-192,52,0.7698312876783623,0.7740214301333916,0.4625005970856092,0.5117953613047774,17750,17698,13.369999885559082,33.11099992295196,38.901729583740234,both_up,False
C2b,20160407_163130_1921_721,0.025063856693761433,0.03550616607146262,36,-525,0.7627050214483977,0.7877688781421591,0.49893258758995673,0.5344387536614194,15113,15638,12.288599967956543,37.60108648045976,29.953941345214844,both_up,False
C2b,20160407_163130_1_361,-0.0023528602169231583,0.0020527146548650066,-47,38,0.6608811748998665,0.6585283146829434,0.514955575196539,0.517008289851404,1980,1942,9.550000190734863,27.881029082027226,29.900209426879883,boundary_up_IoU_down,False
C2b,20160407_163130_1_721,-0.015948539071262036,-0.029557937974677262,-174,434,0.7142492599775442,0.6983007209062821,0.47468840286404174,0.4451304648893645,13995,13561,12.864399909973145,27.148584529990927,31.67229652404785,both_down,False
C2b,20160407_163130_641_721,0.014379938269458048,0.060958180971777076,156,-437,0.7394201332613002,0.7538000715307582,0.38956329894039365,0.45052147991217073,16424,16861,14.198599815368652,21.862032031974678,40.12064743041992,both_up,False
C2b,20160407_163257_1281_1,0.007792616673914621,0.03800555256756494,-125,-17,0.771122921777051,0.7789155384509656,0.33943933104734403,0.37744488361490897,11317,11334,13.692999839782715,24.946717496393987,16.096254348754883,both_up,False
C2b,20160407_163257_1281_361,-0.0016125806528691777,-0.005788140810559228,189,-122,0.783638522592338,0.7820259419394688,0.5690459945190794,0.5632578537085202,12539,12661,11.207200050354004,36.811297108322265,18.24363899230957,both_down,False
C2b,20160407_163257_1281_721,-0.01625329093687311,-0.002727410870543401,-45,165,0.7609394313967861,0.744686140459913,0.5160630146977446,0.5133356038272012,6156,5991,9.550000190734863,25.36731999647246,22.1820125579834,both_down,False
C2b,20160407_163257_1921_1081,-0.018661649035658145,0.0072911156235946906,425,-77,0.5898446295879306,0.5711829805522725,0.3744400391328973,0.381731154756492,5239,5316,7.639999866485596,18.682698112785644,21.304649353027344,boundary_up_IoU_down,False
C2b,20160407_163257_1921_721,-0.00029578314781431025,0.006350870740017833,6,-2,0.7259361648655441,0.7256403817177298,0.5261403519550082,0.532491222695026,5777,5779,8.468600273132324,23.849599918179834,20.766359329223633,boundary_up_IoU_down,False
C2b,20160407_163257_1_1,0.0028157054794112346,0.016938182534172452,116,-127,0.7609237536656891,0.7637394591451003,0.6011259517655123,0.6180641342996848,10379,10506,9.297200202941895,27.068862237880055,18.35757827758789,both_up,False
C2b,20160407_163257_641_361,0.0016384162905120903,-0.007107689104474901,96,-86,0.6729404504782475,0.6745788667687596,0.4804720475992933,0.4733643584948184,8724,8810,7.639999866485596,30.964201792393865,16.75684928894043,other,False
C2b,20160407_165001_1281_1081,0.00992535974504738,0.03667602322084346,-282,83,0.5157462345960748,0.5256715943411222,0.33836266748564875,0.3750386907064922,3390,3307,5.730000019073486,18.745988059906082,22.751174926757812,both_up,False
C2b,20160407_165001_1281_361,-0.003662308746714582,-0.012305482667370693,-335,287,0.6841615484831566,0.680499239736442,0.3946241692814779,0.38231868661410723,11028,10741,12.864399909973145,20.103031213038918,23.67595672607422,both_down,False
C2b,20160407_165001_1281_721,-0.09383555901435714,-0.10187572200805828,1094,51,0.6202664271815597,0.5264308681672025,0.49848495786202285,0.39660923585396457,4144,4093,11.460000038146973,26.12046792210228,25.439496994018555,both_down,False
C2b,20160407_165001_1921_361,0.007545294889859333,0.07392537911621883,-77,-6,0.52217384292856,0.5297191378184193,0.34353493834409865,0.4174603174603175,3238,3244,9.550000190734863,8.476228168328106,23.8717098236084,both_up,False
C2b,20160407_165001_1921_721,-0.02148231954165236,-0.01967364204633104,1367,-595,0.595819209039548,0.5743368894978956,0.5234318359771483,0.5037581939308172,5273,5868,6.558599948883057,17.513715823373616,22.15146255493164,both_down,False
C2b,20160407_165001_1_1081,0.0472986497722534,0.08295231702443068,7,-215,0.13233016154016375,0.17962881131241715,0.2548032954375868,0.33775561246201746,598,813,5.477200031280518,16.783396736801365,20.189083099365234,both_up,False
C2b,20160407_165001_1_721,-0.01591173468740892,-0.023970225838079395,125,214,0.7727764887857695,0.7568647540983606,0.5415193949175007,0.5175491690794213,14988,14774,11.460000038146973,28.2460495026302,21.604562759399414,both_down,False
C2b,20160407_165001_641_1081,-0.007400014214630213,0.0017908434650016347,-60,34,0.28817946505608283,0.2807794508414526,0.36092216170524954,0.3627130051702512,668,634,5.477200031280518,23.77870567206905,24.50098991394043,boundary_up_IoU_down,False
C2b,20160407_165001_641_361,-0.011374348926332156,-0.01951898295748089,26,178,0.7895340830846913,0.7781597341583592,0.5613930879926958,0.5418741050352149,13760,13582,12.035799980163574,23.9877135041651,23.464767456054688,both_down,False
C2b,20160407_165001_641_721,0.027475711040375717,0.042940822198100914,-89,14,0.6790331646992692,0.7065088757396449,0.5764479824320614,0.6193888046301623,1208,1194,8.215800285339355,42.35576551533791,27.069761276245117,both_up,False
C2b,IMG_2931_1297_485,-0.00036876477874114855,-0.017042630432579364,462,-299,0.6506024096385542,0.650233644859813,0.6330357360455576,0.6159931056129783,2484,2783,9.297200202941895,50.21081629811563,70.70835876464844,both_down,False
C2b,IMG_2931_1297_969,0.10711685528049508,0.1585212731220999,-517,-1298,0.5035512777962164,0.6106681330767115,0.13493046039471407,0.293451733516814,7586,8884,10.378600120544434,93.93555806530281,64.53716278076172,both_up,False
C2b,IMG_2931_1945_485,0.02301535527455001,0.10192842509818417,-181,-25,0.7557897656358341,0.7788051209103841,0.4705324902374067,0.5724609153355908,5450,5475,10.125800132751465,71.83440603562556,73.48895263671875,both_up,False
C2b,IMG_2931_1945_969,0.08722665189258616,0.1157344375831102,-119,-755,0.5580956375838926,0.6453222894764787,0.21695735063947225,0.33269178822258244,5322,6077,9.297200202941895,81.51141282405612,59.59674072265625,both_up,False
C2b,IMG_2931_1_485,0.010045645850155216,0.0861738720513765,-356,37,0.7578307620383357,0.7678764078884909,0.4056416184971098,0.4918154905484863,17831,17794,12.864399909973145,75.24172262684914,71.79118347167969,both_up,False
C2b,IMG_2931_649_485,-0.03465655054722194,0.019925274499747236,751,83,0.7334207675201003,0.6987642169728784,0.48357924000602903,0.5035045145057763,12862,12779,10.954400062561035,74.6814535833102,73.02434539794922,boundary_up_IoU_down,False
C2b,IMG_2931_649_969,0.11044841833327984,0.26158589088490014,-153,-138,0.38082901554404147,0.4912774338773213,0.1713221601489758,0.432908051033876,735,873,9.297200202941895,78.93232734453086,69.33585357666016,both_up,False
C2b,IMG_2941_1297_485,0.016718711339067216,0.05882608065971462,-336,14,0.7415636717122622,0.7582823830513294,0.43680817626143315,0.49563425692114776,10680,10666,10.125800132751465,60.89195620627559,64.37071990966797,both_up,False
C2b,IMG_2941_1297_969,0.03895757042113546,0.031211501346689263,-312,-156,0.4972888299795156,0.5362464004006511,0.33234440540953364,0.3635559067562229,4127,4283,6.558599948883057,79.11907652277583,56.98193359375,both_up,False
C2b,IMG_2941_1945_485,0.015327946269661608,0.05768329719721782,-207,-130,0.7152122962882215,0.7305402425578831,0.3849731906976206,0.4426564878948384,13122,13252,9.550000190734863,75.57702384287585,66.21858215332031,both_up,False
C2b,IMG_2941_1_485,-0.009859219032550826,0.030792297026863036,369,-164,0.6149367930805056,0.6050775740479548,0.5028070881261087,0.5335993851529718,3697,3861,9.550000190734863,20.782235336647247,70.17195892333984,boundary_up_IoU_down,False
C2b,IMG_2941_1_969,0.06912105609067154,0.09445503662278718,-494,-719,0.5438679564364473,0.6129890125271188,0.22443415666586622,0.3188891932886534,8040,8759,11.460000038146973,64.76431873824079,62.515411376953125,both_up,False
C2b,IMG_2941_649_969,0.025761771733434524,0.040700082447010344,-486,-119,0.6510812054290315,0.676842977162466,0.3590006676995816,0.39970075014659195,11321,11440,9.297200202941895,70.15962144386643,62.500083923339844,both_up,False
C2b,IMG_2942_1297_485,-0.02093724895117377,0.20053513997903713,-3935,1818,0.43034901365705613,0.40941176470588236,0.24486440269221496,0.4453995426712521,4254,2436,5.730000019073486,4.932724190606038,37.14627456665039,boundary_up_IoU_down,False
C2b,IMG_2942_1945_485,0.07869492409337037,0.2775075123742644,-3586,278,0.2602820211515864,0.33897694524495675,0.17228315054835494,0.4497906629226193,3101,2823,3.819999933242798,13.419937935515676,39.027374267578125,both_up,False
C2b,IMG_2942_1_485,-0.24521656749692752,0.15164869234893658,-5637,3696,0.42080463936208773,0.1755880718651602,0.2185561847723259,0.3702048771212625,4644,948,4.648600101470947,11.89670348221182,38.92764663696289,boundary_up_IoU_down,False
C2b,IMG_2942_649_485,0.07017287653497373,0.1654007073903437,-5868,1099,0.2256500661084178,0.29582294264339154,0.22225370658977076,0.38765441398011447,2048,949,4.234300136566162,6.554741045354305,38.45912551879883,both_up,False
