WARNING: Logging before InitGoogleLogging() is written to STDERR
W1007 16:48:44.266059 23696 gpu_resources.cc:116] Please NOTE: device: 0, GPU Compute Capability: 12.0, Driver API Version: 13.2, Runtime API Version: 12.9
C:\venv_bisenet\Lib\site-packages\paddle\nn\layer\norm.py:885: UserWarning: When training, we now always track global mean and variance.
  warnings.warn(

  1/177 [..............................] - ETA: 33s - batch_cost: 0.1886 - reader cost: 0.0451
  3/177 [..............................] - ETA: 15s - batch_cost: 0.0910 - reader cost: 0.0150
  4/177 [..............................] - ETA: 14s - batch_cost: 0.0819 - reader cost: 0.0113
  5/177 [..............................] - ETA: 13s - batch_cost: 0.0766 - reader cost: 0.0090
  6/177 [>.............................] - ETA: 12s - batch_cost: 0.0748 - reader cost: 0.0075
  8/177 [>.............................] - ETA: 11s - batch_cost: 0.0688 - reader cost: 0.0056
  9/177 [>.............................] - ETA: 11s - batch_cost: 0.0673 - reader cost: 0.0050
 10/177 [>.............................] - ETA: 11s - batch_cost: 0.0668 - reader cost: 0.0046
 11/177 [>.............................] - ETA: 10s - batch_cost: 0.0655 - reader cost: 0.0042
 12/177 [=>............................] - ETA: 10s - batch_cost: 0.0648 - reader cost: 0.0038
 13/177 [=>............................] - ETA: 10s - batch_cost: 0.0642 - reader cost: 0.0035
 14/177 [=>............................] - ETA: 10s - batch_cost: 0.0637 - reader cost: 0.0033
 15/177 [=>............................] - ETA: 10s - batch_cost: 0.0634 - reader cost: 0.0031
 16/177 [=>............................] - ETA: 10s - batch_cost: 0.0630 - reader cost: 0.0029
 17/177 [=>............................] - ETA: 10s - batch_cost: 0.0626 - reader cost: 0.0027
 18/177 [==>...........................] - ETA: 9s - batch_cost: 0.0622 - reader cost: 0.0026 
 19/177 [==>...........................] - ETA: 9s - batch_cost: 0.0620 - reader cost: 0.0024
 20/177 [==>...........................] - ETA: 9s - batch_cost: 0.0616 - reader cost: 0.0023
 21/177 [==>...........................] - ETA: 9s - batch_cost: 0.0614 - reader cost: 0.0022
 22/177 [==>...........................] - ETA: 9s - batch_cost: 0.0612 - reader cost: 0.0021
 23/177 [==>...........................] - ETA: 9s - batch_cost: 0.0609 - reader cost: 0.0020
 24/177 [===>..........................] - ETA: 9s - batch_cost: 0.0607 - reader cost: 0.0019
 25/177 [===>..........................] - ETA: 9s - batch_cost: 0.0606 - reader cost: 0.0018
 26/177 [===>..........................] - ETA: 9s - batch_cost: 0.0604 - reader cost: 0.0018
 27/177 [===>..........................] - ETA: 9s - batch_cost: 0.0603 - reader cost: 0.0017
 28/177 [===>..........................] - ETA: 8s - batch_cost: 0.0602 - reader cost: 0.0016
 29/177 [===>..........................] - ETA: 8s - batch_cost: 0.0600 - reader cost: 0.0016
 30/177 [====>.........................] - ETA: 8s - batch_cost: 0.0600 - reader cost: 0.0016
 31/177 [====>.........................] - ETA: 8s - batch_cost: 0.0598 - reader cost: 0.0015
 32/177 [====>.........................] - ETA: 8s - batch_cost: 0.0597 - reader cost: 0.0015
 33/177 [====>.........................] - ETA: 8s - batch_cost: 0.0596 - reader cost: 0.0014
 34/177 [====>.........................] - ETA: 8s - batch_cost: 0.0595 - reader cost: 0.0014
 35/177 [====>.........................] - ETA: 8s - batch_cost: 0.0594 - reader cost: 0.0013
 36/177 [=====>........................] - ETA: 8s - batch_cost: 0.0594 - reader cost: 0.0013
 37/177 [=====>........................] - ETA: 8s - batch_cost: 0.0594 - reader cost: 0.0013
 38/177 [=====>........................] - ETA: 8s - batch_cost: 0.0593 - reader cost: 0.0012
 39/177 [=====>........................] - ETA: 8s - batch_cost: 0.0592 - reader cost: 0.0012
 40/177 [=====>........................] - ETA: 8s - batch_cost: 0.0592 - reader cost: 0.0012
 41/177 [=====>........................] - ETA: 8s - batch_cost: 0.0591 - reader cost: 0.0011
 42/177 [======>.......................] - ETA: 7s - batch_cost: 0.0590 - reader cost: 0.0011
 43/177 [======>.......................] - ETA: 7s - batch_cost: 0.0590 - reader cost: 0.0011
 44/177 [======>.......................] - ETA: 7s - batch_cost: 0.0590 - reader cost: 0.0011
 45/177 [======>.......................] - ETA: 7s - batch_cost: 0.0589 - reader cost: 0.0011
 46/177 [======>.......................] - ETA: 7s - batch_cost: 0.0589 - reader cost: 0.0010
 47/177 [======>.......................] - ETA: 7s - batch_cost: 0.0588 - reader cost: 0.0010
 48/177 [=======>......................] - ETA: 7s - batch_cost: 0.0587 - reader cost: 0.0010
 49/177 [=======>......................] - ETA: 7s - batch_cost: 0.0587 - reader cost: 9.8132e-04
 50/177 [=======>......................] - ETA: 7s - batch_cost: 0.0586 - reader cost: 9.6169e-04
 51/177 [=======>......................] - ETA: 7s - batch_cost: 0.0586 - reader cost: 9.4284e-04
 52/177 [=======>......................] - ETA: 7s - batch_cost: 0.0586 - reader cost: 9.2471e-04
 53/177 [=======>......................] - ETA: 7s - batch_cost: 0.0585 - reader cost: 9.0726e-04
 54/177 [========>.....................] - ETA: 7s - batch_cost: 0.0585 - reader cost: 9.0900e-04
 55/177 [========>.....................] - ETA: 7s - batch_cost: 0.0585 - reader cost: 8.9247e-04
 56/177 [========>.....................] - ETA: 7s - batch_cost: 0.0584 - reader cost: 8.7654e-04
 57/177 [========>.....................] - ETA: 7s - batch_cost: 0.0584 - reader cost: 8.6116e-04
 58/177 [========>.....................] - ETA: 6s - batch_cost: 0.0584 - reader cost: 8.4631e-04
 59/177 [=========>....................] - ETA: 6s - batch_cost: 0.0584 - reader cost: 8.3197e-04
 60/177 [=========>....................] - ETA: 6s - batch_cost: 0.0583 - reader cost: 8.1810e-04
 61/177 [=========>....................] - ETA: 6s - batch_cost: 0.0583 - reader cost: 8.0469e-04
 62/177 [=========>....................] - ETA: 6s - batch_cost: 0.0582 - reader cost: 7.9171e-04
 63/177 [=========>....................] - ETA: 6s - batch_cost: 0.0582 - reader cost: 7.7914e-04
 64/177 [=========>....................] - ETA: 6s - batch_cost: 0.0582 - reader cost: 7.6697e-04
 65/177 [==========>...................] - ETA: 6s - batch_cost: 0.0582 - reader cost: 7.5517e-04
 66/177 [==========>...................] - ETA: 6s - batch_cost: 0.0582 - reader cost: 7.4373e-04
 67/177 [==========>...................] - ETA: 6s - batch_cost: 0.0582 - reader cost: 7.3263e-04
 68/177 [==========>...................] - ETA: 6s - batch_cost: 0.0582 - reader cost: 7.3653e-04
 69/177 [==========>...................] - ETA: 6s - batch_cost: 0.0582 - reader cost: 7.4033e-04
 70/177 [==========>...................] - ETA: 6s - batch_cost: 0.0581 - reader cost: 7.2976e-04
 71/177 [===========>..................] - ETA: 6s - batch_cost: 0.0581 - reader cost: 7.1948e-04
 72/177 [===========>..................] - ETA: 6s - batch_cost: 0.0581 - reader cost: 7.0949e-04
 73/177 [===========>..................] - ETA: 6s - batch_cost: 0.0580 - reader cost: 6.9977e-04
 74/177 [===========>..................] - ETA: 5s - batch_cost: 0.0580 - reader cost: 7.0389e-04
 75/177 [===========>..................] - ETA: 5s - batch_cost: 0.0580 - reader cost: 6.9451e-04
 76/177 [===========>..................] - ETA: 5s - batch_cost: 0.0581 - reader cost: 6.8537e-04
 77/177 [============>.................] - ETA: 5s - batch_cost: 0.0581 - reader cost: 6.7647e-04
 78/177 [============>.................] - ETA: 5s - batch_cost: 0.0581 - reader cost: 6.6780e-04
 79/177 [============>.................] - ETA: 5s - batch_cost: 0.0580 - reader cost: 6.5934e-04
 80/177 [============>.................] - ETA: 5s - batch_cost: 0.0580 - reader cost: 6.5110e-04
 81/177 [============>.................] - ETA: 5s - batch_cost: 0.0580 - reader cost: 6.4306e-04
 82/177 [============>.................] - ETA: 5s - batch_cost: 0.0580 - reader cost: 6.3522e-04
 83/177 [=============>................] - ETA: 5s - batch_cost: 0.0580 - reader cost: 6.2757e-04
 84/177 [=============>................] - ETA: 5s - batch_cost: 0.0580 - reader cost: 6.2010e-04
 85/177 [=============>................] - ETA: 5s - batch_cost: 0.0580 - reader cost: 6.1280e-04
 86/177 [=============>................] - ETA: 5s - batch_cost: 0.0580 - reader cost: 6.0567e-04
 87/177 [=============>................] - ETA: 5s - batch_cost: 0.0580 - reader cost: 5.9871e-04
 88/177 [=============>................] - ETA: 5s - batch_cost: 0.0580 - reader cost: 5.9191e-04
 89/177 [==============>...............] - ETA: 5s - batch_cost: 0.0579 - reader cost: 5.8526e-04
 90/177 [==============>...............] - ETA: 5s - batch_cost: 0.0579 - reader cost: 5.7876e-04
 91/177 [==============>...............] - ETA: 4s - batch_cost: 0.0579 - reader cost: 5.7240e-04
 92/177 [==============>...............] - ETA: 4s - batch_cost: 0.0579 - reader cost: 5.6617e-04
 93/177 [==============>...............] - ETA: 4s - batch_cost: 0.0579 - reader cost: 5.6009e-04
 94/177 [==============>...............] - ETA: 4s - batch_cost: 0.0579 - reader cost: 5.5413e-04
 95/177 [===============>..............] - ETA: 4s - batch_cost: 0.0579 - reader cost: 5.5386e-04
 96/177 [===============>..............] - ETA: 4s - batch_cost: 0.0579 - reader cost: 5.4809e-04
 97/177 [===============>..............] - ETA: 4s - batch_cost: 0.0579 - reader cost: 5.4244e-04
 98/177 [===============>..............] - ETA: 4s - batch_cost: 0.0579 - reader cost: 5.3690e-04
 99/177 [===============>..............] - ETA: 4s - batch_cost: 0.0579 - reader cost: 5.3148e-04
100/177 [===============>..............] - ETA: 4s - batch_cost: 0.0579 - reader cost: 5.2617e-04
101/177 [================>.............] - ETA: 4s - batch_cost: 0.0579 - reader cost: 5.2096e-04
102/177 [================>.............] - ETA: 4s - batch_cost: 0.0578 - reader cost: 5.1585e-04
103/177 [================>.............] - ETA: 4s - batch_cost: 0.0579 - reader cost: 5.2055e-04
104/177 [================>.............] - ETA: 4s - batch_cost: 0.0579 - reader cost: 5.1554e-04
105/177 [================>.............] - ETA: 4s - batch_cost: 0.0578 - reader cost: 5.1063e-04
106/177 [================>.............] - ETA: 4s - batch_cost: 0.0578 - reader cost: 5.0582e-04
107/177 [=================>............] - ETA: 4s - batch_cost: 0.0578 - reader cost: 5.0109e-04
108/177 [=================>............] - ETA: 3s - batch_cost: 0.0578 - reader cost: 4.9645e-04
109/177 [=================>............] - ETA: 3s - batch_cost: 0.0578 - reader cost: 4.9189e-04
110/177 [=================>............] - ETA: 3s - batch_cost: 0.0578 - reader cost: 4.8742e-04
111/177 [=================>............] - ETA: 3s - batch_cost: 0.0578 - reader cost: 4.8303e-04
112/177 [=================>............] - ETA: 3s - batch_cost: 0.0578 - reader cost: 4.7872e-04
113/177 [==================>...........] - ETA: 3s - batch_cost: 0.0578 - reader cost: 4.7448e-04
114/177 [==================>...........] - ETA: 3s - batch_cost: 0.0577 - reader cost: 4.7032e-04
115/177 [==================>...........] - ETA: 3s - batch_cost: 0.0577 - reader cost: 4.6623e-04
116/177 [==================>...........] - ETA: 3s - batch_cost: 0.0577 - reader cost: 4.6221e-04
117/177 [==================>...........] - ETA: 3s - batch_cost: 0.0577 - reader cost: 4.5826e-04
118/177 [===================>..........] - ETA: 3s - batch_cost: 0.0577 - reader cost: 4.5438e-04
119/177 [===================>..........] - ETA: 3s - batch_cost: 0.0577 - reader cost: 4.5056e-04
120/177 [===================>..........] - ETA: 3s - batch_cost: 0.0577 - reader cost: 4.4680e-04
121/177 [===================>..........] - ETA: 3s - batch_cost: 0.0577 - reader cost: 4.4311e-04
122/177 [===================>..........] - ETA: 3s - batch_cost: 0.0577 - reader cost: 4.3948e-04
123/177 [===================>..........] - ETA: 3s - batch_cost: 0.0577 - reader cost: 4.3591e-04
124/177 [====================>.........] - ETA: 3s - batch_cost: 0.0577 - reader cost: 4.3239e-04
125/177 [====================>.........] - ETA: 3s - batch_cost: 0.0577 - reader cost: 4.2893e-04
126/177 [====================>.........] - ETA: 2s - batch_cost: 0.0576 - reader cost: 4.2553e-04
127/177 [====================>.........] - ETA: 2s - batch_cost: 0.0576 - reader cost: 4.2218e-04
128/177 [====================>.........] - ETA: 2s - batch_cost: 0.0577 - reader cost: 4.1888e-04
129/177 [====================>.........] - ETA: 2s - batch_cost: 0.0577 - reader cost: 4.1563e-04
130/177 [=====================>........] - ETA: 2s - batch_cost: 0.0577 - reader cost: 4.2013e-04
131/177 [=====================>........] - ETA: 2s - batch_cost: 0.0577 - reader cost: 4.1692e-04
132/177 [=====================>........] - ETA: 2s - batch_cost: 0.0577 - reader cost: 4.1376e-04
133/177 [=====================>........] - ETA: 2s - batch_cost: 0.0577 - reader cost: 4.1065e-04
134/177 [=====================>........] - ETA: 2s - batch_cost: 0.0577 - reader cost: 4.0759e-04
135/177 [=====================>........] - ETA: 2s - batch_cost: 0.0577 - reader cost: 4.0457e-04
136/177 [======================>.......] - ETA: 2s - batch_cost: 0.0576 - reader cost: 4.0159e-04
137/177 [======================>.......] - ETA: 2s - batch_cost: 0.0576 - reader cost: 3.9866e-04
138/177 [======================>.......] - ETA: 2s - batch_cost: 0.0576 - reader cost: 3.9577e-04
139/177 [======================>.......] - ETA: 2s - batch_cost: 0.0576 - reader cost: 3.9293e-04
140/177 [======================>.......] - ETA: 2s - batch_cost: 0.0576 - reader cost: 3.9012e-04
141/177 [======================>.......] - ETA: 2s - batch_cost: 0.0576 - reader cost: 3.8735e-04
142/177 [=======================>......] - ETA: 2s - batch_cost: 0.0577 - reader cost: 3.8462e-04
143/177 [=======================>......] - ETA: 1s - batch_cost: 0.0577 - reader cost: 3.8193e-04
144/177 [=======================>......] - ETA: 1s - batch_cost: 0.0576 - reader cost: 3.7928e-04
145/177 [=======================>......] - ETA: 1s - batch_cost: 0.0576 - reader cost: 3.7667e-04
146/177 [=======================>......] - ETA: 1s - batch_cost: 0.0576 - reader cost: 3.7409e-04
147/177 [=======================>......] - ETA: 1s - batch_cost: 0.0576 - reader cost: 3.7154e-04
148/177 [========================>.....] - ETA: 1s - batch_cost: 0.0577 - reader cost: 3.6903e-04
149/177 [========================>.....] - ETA: 1s - batch_cost: 0.0577 - reader cost: 3.6655e-04
150/177 [========================>.....] - ETA: 1s - batch_cost: 0.0577 - reader cost: 3.6411e-04
151/177 [========================>.....] - ETA: 1s - batch_cost: 0.0576 - reader cost: 3.6170e-04
152/177 [========================>.....] - ETA: 1s - batch_cost: 0.0576 - reader cost: 3.5932e-04
153/177 [========================>.....] - ETA: 1s - batch_cost: 0.0576 - reader cost: 3.5697e-04
154/177 [=========================>....] - ETA: 1s - batch_cost: 0.0576 - reader cost: 3.5465e-04
155/177 [=========================>....] - ETA: 1s - batch_cost: 0.0576 - reader cost: 3.5237e-04
156/177 [=========================>....] - ETA: 1s - batch_cost: 0.0576 - reader cost: 3.5011e-04
157/177 [=========================>....] - ETA: 1s - batch_cost: 0.0576 - reader cost: 3.4788e-04
158/177 [=========================>....] - ETA: 1s - batch_cost: 0.0576 - reader cost: 3.4568e-04
159/177 [=========================>....] - ETA: 1s - batch_cost: 0.0576 - reader cost: 3.4350e-04
160/177 [==========================>...] - ETA: 0s - batch_cost: 0.0576 - reader cost: 3.4135e-04
161/177 [==========================>...] - ETA: 0s - batch_cost: 0.0576 - reader cost: 3.3923e-04
162/177 [==========================>...] - ETA: 0s - batch_cost: 0.0576 - reader cost: 3.3714e-04
163/177 [==========================>...] - ETA: 0s - batch_cost: 0.0576 - reader cost: 3.3507e-04
164/177 [==========================>...] - ETA: 0s - batch_cost: 0.0576 - reader cost: 3.3303e-04
165/177 [==========================>...] - ETA: 0s - batch_cost: 0.0576 - reader cost: 3.3101e-04
166/177 [===========================>..] - ETA: 0s - batch_cost: 0.0576 - reader cost: 3.2902e-04
167/177 [===========================>..] - ETA: 0s - batch_cost: 0.0576 - reader cost: 3.2705e-04
168/177 [===========================>..] - ETA: 0s - batch_cost: 0.0576 - reader cost: 3.2510e-04
169/177 [===========================>..] - ETA: 0s - batch_cost: 0.0576 - reader cost: 3.2318e-04
170/177 [===========================>..] - ETA: 0s - batch_cost: 0.0576 - reader cost: 3.2127e-04
171/177 [===========================>..] - ETA: 0s - batch_cost: 0.0576 - reader cost: 3.1940e-04
172/177 [============================>.] - ETA: 0s - batch_cost: 0.0576 - reader cost: 3.1754e-04
173/177 [============================>.] - ETA: 0s - batch_cost: 0.0576 - reader cost: 3.1570e-04
174/177 [============================>.] - ETA: 0s - batch_cost: 0.0576 - reader cost: 3.1389e-04
176/177 [============================>.] - ETA: 0s - batch_cost: 0.0576 - reader cost: 3.1032e-04
177/177 [==============================] - 10s 58ms/step - batch_cost: 0.0575 - reader cost: 3.0857e-04

  1/177 [..............................] - ETA: 7s - batch_cost: 0.0446 - reader cost: 0.0325
  2/177 [..............................] - ETA: 8s - batch_cost: 0.0511 - reader cost: 0.0265
  3/177 [..............................] - ETA: 9s - batch_cost: 0.0541 - reader cost: 0.0177
  4/177 [..............................] - ETA: 9s - batch_cost: 0.0539 - reader cost: 0.0133
  5/177 [..............................] - ETA: 9s - batch_cost: 0.0548 - reader cost: 0.0106
  6/177 [>.............................] - ETA: 9s - batch_cost: 0.0569 - reader cost: 0.0088
  7/177 [>.............................] - ETA: 9s - batch_cost: 0.0562 - reader cost: 0.0077
  9/177 [>.............................] - ETA: 9s - batch_cost: 0.0555 - reader cost: 0.0060
 10/177 [>.............................] - ETA: 9s - batch_cost: 0.0558 - reader cost: 0.0054
 11/177 [>.............................] - ETA: 9s - batch_cost: 0.0562 - reader cost: 0.0049
 12/177 [=>............................] - ETA: 9s - batch_cost: 0.0559 - reader cost: 0.0046
 13/177 [=>............................] - ETA: 9s - batch_cost: 0.0560 - reader cost: 0.0042
 14/177 [=>............................] - ETA: 9s - batch_cost: 0.0564 - reader cost: 0.0039
 15/177 [=>............................] - ETA: 9s - batch_cost: 0.0564 - reader cost: 0.0037
 16/177 [=>............................] - ETA: 9s - batch_cost: 0.0564 - reader cost: 0.0034
 17/177 [=>............................] - ETA: 9s - batch_cost: 0.0565 - reader cost: 0.0032
 18/177 [==>...........................] - ETA: 9s - batch_cost: 0.0566 - reader cost: 0.0031
 19/177 [==>...........................] - ETA: 8s - batch_cost: 0.0565 - reader cost: 0.0029
 20/177 [==>...........................] - ETA: 8s - batch_cost: 0.0566 - reader cost: 0.0028
 21/177 [==>...........................] - ETA: 8s - batch_cost: 0.0566 - reader cost: 0.0026
 22/177 [==>...........................] - ETA: 8s - batch_cost: 0.0566 - reader cost: 0.0025
 23/177 [==>...........................] - ETA: 8s - batch_cost: 0.0566 - reader cost: 0.0024
 24/177 [===>..........................] - ETA: 8s - batch_cost: 0.0566 - reader cost: 0.0023
 25/177 [===>..........................] - ETA: 8s - batch_cost: 0.0565 - reader cost: 0.0022
 26/177 [===>..........................] - ETA: 8s - batch_cost: 0.0566 - reader cost: 0.0021
 27/177 [===>..........................] - ETA: 8s - batch_cost: 0.0565 - reader cost: 0.0020
 28/177 [===>..........................] - ETA: 8s - batch_cost: 0.0566 - reader cost: 0.0020
 29/177 [===>..........................] - ETA: 8s - batch_cost: 0.0568 - reader cost: 0.0019
 30/177 [====>.........................] - ETA: 8s - batch_cost: 0.0568 - reader cost: 0.0019
 31/177 [====>.........................] - ETA: 8s - batch_cost: 0.0569 - reader cost: 0.0018
 32/177 [====>.........................] - ETA: 8s - batch_cost: 0.0568 - reader cost: 0.0018
 33/177 [====>.........................] - ETA: 8s - batch_cost: 0.0569 - reader cost: 0.0017
 34/177 [====>.........................] - ETA: 8s - batch_cost: 0.0569 - reader cost: 0.0016
 35/177 [====>.........................] - ETA: 8s - batch_cost: 0.0569 - reader cost: 0.0016
 36/177 [=====>........................] - ETA: 8s - batch_cost: 0.0569 - reader cost: 0.0016
 37/177 [=====>........................] - ETA: 7s - batch_cost: 0.0568 - reader cost: 0.0015
 38/177 [=====>........................] - ETA: 7s - batch_cost: 0.0569 - reader cost: 0.0015
 39/177 [=====>........................] - ETA: 7s - batch_cost: 0.0569 - reader cost: 0.0014
 40/177 [=====>........................] - ETA: 7s - batch_cost: 0.0568 - reader cost: 0.0014
 41/177 [=====>........................] - ETA: 7s - batch_cost: 0.0568 - reader cost: 0.0014
 42/177 [======>.......................] - ETA: 7s - batch_cost: 0.0568 - reader cost: 0.0013
 43/177 [======>.......................] - ETA: 7s - batch_cost: 0.0568 - reader cost: 0.0013
 44/177 [======>.......................] - ETA: 7s - batch_cost: 0.0568 - reader cost: 0.0013
 45/177 [======>.......................] - ETA: 7s - batch_cost: 0.0568 - reader cost: 0.0013
 46/177 [======>.......................] - ETA: 7s - batch_cost: 0.0568 - reader cost: 0.0012
 47/177 [======>.......................] - ETA: 7s - batch_cost: 0.0568 - reader cost: 0.0012
 48/177 [=======>......................] - ETA: 7s - batch_cost: 0.0569 - reader cost: 0.0012
 49/177 [=======>......................] - ETA: 7s - batch_cost: 0.0569 - reader cost: 0.0012
 50/177 [=======>......................] - ETA: 7s - batch_cost: 0.0569 - reader cost: 0.0011
 51/177 [=======>......................] - ETA: 7s - batch_cost: 0.0568 - reader cost: 0.0011
 52/177 [=======>......................] - ETA: 7s - batch_cost: 0.0568 - reader cost: 0.0011
 53/177 [=======>......................] - ETA: 7s - batch_cost: 0.0569 - reader cost: 0.0011
 54/177 [========>.....................] - ETA: 7s - batch_cost: 0.0569 - reader cost: 0.0011
 55/177 [========>.....................] - ETA: 6s - batch_cost: 0.0569 - reader cost: 0.0011
 56/177 [========>.....................] - ETA: 6s - batch_cost: 0.0568 - reader cost: 0.0010
 57/177 [========>.....................] - ETA: 6s - batch_cost: 0.0569 - reader cost: 0.0010
 58/177 [========>.....................] - ETA: 6s - batch_cost: 0.0569 - reader cost: 0.0010
 59/177 [=========>....................] - ETA: 6s - batch_cost: 0.0568 - reader cost: 9.8464e-04
 60/177 [=========>....................] - ETA: 6s - batch_cost: 0.0569 - reader cost: 9.6823e-04
 61/177 [=========>....................] - ETA: 6s - batch_cost: 0.0569 - reader cost: 9.5236e-04
 62/177 [=========>....................] - ETA: 6s - batch_cost: 0.0569 - reader cost: 9.3700e-04
 63/177 [=========>....................] - ETA: 6s - batch_cost: 0.0569 - reader cost: 9.2212e-04
 64/177 [=========>....................] - ETA: 6s - batch_cost: 0.0569 - reader cost: 9.2333e-04
 65/177 [==========>...................] - ETA: 6s - batch_cost: 0.0568 - reader cost: 9.0912e-04
 66/177 [==========>...................] - ETA: 6s - batch_cost: 0.0569 - reader cost: 8.9535e-04
 67/177 [==========>...................] - ETA: 6s - batch_cost: 0.0569 - reader cost: 8.8199e-04
 68/177 [==========>...................] - ETA: 6s - batch_cost: 0.0568 - reader cost: 8.6901e-04
 69/177 [==========>...................] - ETA: 6s - batch_cost: 0.0569 - reader cost: 8.5642e-04
 70/177 [==========>...................] - ETA: 6s - batch_cost: 0.0569 - reader cost: 8.4419e-04
 71/177 [===========>..................] - ETA: 6s - batch_cost: 0.0569 - reader cost: 8.3230e-04
 72/177 [===========>..................] - ETA: 5s - batch_cost: 0.0569 - reader cost: 8.2074e-04
 73/177 [===========>..................] - ETA: 5s - batch_cost: 0.0569 - reader cost: 8.0949e-04
 74/177 [===========>..................] - ETA: 5s - batch_cost: 0.0569 - reader cost: 7.9855e-04
 75/177 [===========>..................] - ETA: 5s - batch_cost: 0.0569 - reader cost: 7.8791e-04
 76/177 [===========>..................] - ETA: 5s - batch_cost: 0.0569 - reader cost: 7.7754e-04
 77/177 [============>.................] - ETA: 5s - batch_cost: 0.0569 - reader cost: 7.8044e-04
 78/177 [============>.................] - ETA: 5s - batch_cost: 0.0569 - reader cost: 7.7043e-04
 79/177 [============>.................] - ETA: 5s - batch_cost: 0.0569 - reader cost: 7.6068e-04
 80/177 [============>.................] - ETA: 5s - batch_cost: 0.0569 - reader cost: 7.5117e-04
 81/177 [============>.................] - ETA: 5s - batch_cost: 0.0569 - reader cost: 7.4190e-04
 82/177 [============>.................] - ETA: 5s - batch_cost: 0.0569 - reader cost: 7.3285e-04
 83/177 [=============>................] - ETA: 5s - batch_cost: 0.0569 - reader cost: 7.2402e-04
 84/177 [=============>................] - ETA: 5s - batch_cost: 0.0569 - reader cost: 7.1540e-04
 85/177 [=============>................] - ETA: 5s - batch_cost: 0.0569 - reader cost: 7.0699e-04
 86/177 [=============>................] - ETA: 5s - batch_cost: 0.0569 - reader cost: 6.9877e-04
 87/177 [=============>................] - ETA: 5s - batch_cost: 0.0569 - reader cost: 6.9073e-04
 88/177 [=============>................] - ETA: 5s - batch_cost: 0.0569 - reader cost: 6.8288e-04
 89/177 [==============>...............] - ETA: 5s - batch_cost: 0.0569 - reader cost: 6.7521e-04
 90/177 [==============>...............] - ETA: 4s - batch_cost: 0.0569 - reader cost: 6.6771e-04
 91/177 [==============>...............] - ETA: 4s - batch_cost: 0.0569 - reader cost: 6.6037e-04
 92/177 [==============>...............] - ETA: 4s - batch_cost: 0.0569 - reader cost: 6.5319e-04
 93/177 [==============>...............] - ETA: 4s - batch_cost: 0.0569 - reader cost: 6.5694e-04
 94/177 [==============>...............] - ETA: 4s - batch_cost: 0.0569 - reader cost: 6.4995e-04
 95/177 [===============>..............] - ETA: 4s - batch_cost: 0.0569 - reader cost: 6.4311e-04
 96/177 [===============>..............] - ETA: 4s - batch_cost: 0.0569 - reader cost: 6.3641e-04
 97/177 [===============>..............] - ETA: 4s - batch_cost: 0.0569 - reader cost: 6.2985e-04
 98/177 [===============>..............] - ETA: 4s - batch_cost: 0.0569 - reader cost: 6.2342e-04
 99/177 [===============>..............] - ETA: 4s - batch_cost: 0.0569 - reader cost: 6.1712e-04
100/177 [===============>..............] - ETA: 4s - batch_cost: 0.0569 - reader cost: 6.1095e-04
101/177 [================>.............] - ETA: 4s - batch_cost: 0.0569 - reader cost: 6.0490e-04
102/177 [================>.............] - ETA: 4s - batch_cost: 0.0569 - reader cost: 5.9897e-04
103/177 [================>.............] - ETA: 4s - batch_cost: 0.0569 - reader cost: 5.9316e-04
104/177 [================>.............] - ETA: 4s - batch_cost: 0.0569 - reader cost: 5.8745e-04
105/177 [================>.............] - ETA: 4s - batch_cost: 0.0569 - reader cost: 5.8186e-04
106/177 [================>.............] - ETA: 4s - batch_cost: 0.0569 - reader cost: 5.7637e-04
107/177 [=================>............] - ETA: 3s - batch_cost: 0.0569 - reader cost: 5.7098e-04
108/177 [=================>............] - ETA: 3s - batch_cost: 0.0569 - reader cost: 5.6569e-04
109/177 [=================>............] - ETA: 3s - batch_cost: 0.0569 - reader cost: 5.6050e-04
110/177 [=================>............] - ETA: 3s - batch_cost: 0.0569 - reader cost: 5.5541e-04
111/177 [=================>............] - ETA: 3s - batch_cost: 0.0569 - reader cost: 5.5041e-04
112/177 [=================>............] - ETA: 3s - batch_cost: 0.0569 - reader cost: 5.4549e-04
113/177 [==================>...........] - ETA: 3s - batch_cost: 0.0569 - reader cost: 5.4066e-04
114/177 [==================>...........] - ETA: 3s - batch_cost: 0.0569 - reader cost: 5.3592e-04
115/177 [==================>...........] - ETA: 3s - batch_cost: 0.0569 - reader cost: 5.3126e-04
116/177 [==================>...........] - ETA: 3s - batch_cost: 0.0569 - reader cost: 5.2668e-04
117/177 [==================>...........] - ETA: 3s - batch_cost: 0.0569 - reader cost: 5.2218e-04
118/177 [===================>..........] - ETA: 3s - batch_cost: 0.0569 - reader cost: 5.1775e-04
119/177 [===================>..........] - ETA: 3s - batch_cost: 0.0569 - reader cost: 5.1340e-04
120/177 [===================>..........] - ETA: 3s - batch_cost: 0.0569 - reader cost: 5.0912e-04
121/177 [===================>..........] - ETA: 3s - batch_cost: 0.0569 - reader cost: 5.0492e-04
122/177 [===================>..........] - ETA: 3s - batch_cost: 0.0569 - reader cost: 5.0078e-04
123/177 [===================>..........] - ETA: 3s - batch_cost: 0.0569 - reader cost: 4.9671e-04
124/177 [====================>.........] - ETA: 3s - batch_cost: 0.0569 - reader cost: 4.9270e-04
125/177 [====================>.........] - ETA: 2s - batch_cost: 0.0569 - reader cost: 4.8876e-04
126/177 [====================>.........] - ETA: 2s - batch_cost: 0.0569 - reader cost: 4.8488e-04
127/177 [====================>.........] - ETA: 2s - batch_cost: 0.0569 - reader cost: 4.8106e-04
128/177 [====================>.........] - ETA: 2s - batch_cost: 0.0569 - reader cost: 4.7730e-04
129/177 [====================>.........] - ETA: 2s - batch_cost: 0.0569 - reader cost: 4.7360e-04
130/177 [=====================>........] - ETA: 2s - batch_cost: 0.0568 - reader cost: 4.7765e-04
131/177 [=====================>........] - ETA: 2s - batch_cost: 0.0569 - reader cost: 4.7400e-04
133/177 [=====================>........] - ETA: 2s - batch_cost: 0.0569 - reader cost: 4.6687e-04
134/177 [=====================>........] - ETA: 2s - batch_cost: 0.0569 - reader cost: 4.6339e-04
135/177 [=====================>........] - ETA: 2s - batch_cost: 0.0569 - reader cost: 4.5996e-04
136/177 [======================>.......] - ETA: 2s - batch_cost: 0.0569 - reader cost: 4.5658e-04
137/177 [======================>.......] - ETA: 2s - batch_cost: 0.0569 - reader cost: 4.5324e-04
138/177 [======================>.......] - ETA: 2s - batch_cost: 0.0569 - reader cost: 4.4996e-04
139/177 [======================>.......] - ETA: 2s - batch_cost: 0.0569 - reader cost: 4.4672e-04
140/177 [======================>.......] - ETA: 2s - batch_cost: 0.0569 - reader cost: 4.4353e-04
141/177 [======================>.......] - ETA: 2s - batch_cost: 0.0569 - reader cost: 4.4038e-04
142/177 [=======================>......] - ETA: 1s - batch_cost: 0.0569 - reader cost: 4.3728e-04
143/177 [=======================>......] - ETA: 1s - batch_cost: 0.0569 - reader cost: 4.4122e-04
144/177 [=======================>......] - ETA: 1s - batch_cost: 0.0569 - reader cost: 4.3816e-04
145/177 [=======================>......] - ETA: 1s - batch_cost: 0.0569 - reader cost: 4.3514e-04
146/177 [=======================>......] - ETA: 1s - batch_cost: 0.0569 - reader cost: 4.3216e-04
147/177 [=======================>......] - ETA: 1s - batch_cost: 0.0569 - reader cost: 4.2922e-04
148/177 [========================>.....] - ETA: 1s - batch_cost: 0.0569 - reader cost: 4.2632e-04
149/177 [========================>.....] - ETA: 1s - batch_cost: 0.0569 - reader cost: 4.2346e-04
150/177 [========================>.....] - ETA: 1s - batch_cost: 0.0569 - reader cost: 4.2063e-04
151/177 [========================>.....] - ETA: 1s - batch_cost: 0.0569 - reader cost: 4.1785e-04
152/177 [========================>.....] - ETA: 1s - batch_cost: 0.0569 - reader cost: 4.1510e-04
153/177 [========================>.....] - ETA: 1s - batch_cost: 0.0569 - reader cost: 4.1239e-04
154/177 [=========================>....] - ETA: 1s - batch_cost: 0.0569 - reader cost: 4.0971e-04
155/177 [=========================>....] - ETA: 1s - batch_cost: 0.0569 - reader cost: 4.0707e-04
156/177 [=========================>....] - ETA: 1s - batch_cost: 0.0569 - reader cost: 4.0446e-04
157/177 [=========================>....] - ETA: 1s - batch_cost: 0.0569 - reader cost: 4.0188e-04
158/177 [=========================>....] - ETA: 1s - batch_cost: 0.0569 - reader cost: 3.9934e-04
159/177 [=========================>....] - ETA: 1s - batch_cost: 0.0569 - reader cost: 3.9682e-04
160/177 [==========================>...] - ETA: 0s - batch_cost: 0.0569 - reader cost: 3.9434e-04
161/177 [==========================>...] - ETA: 0s - batch_cost: 0.0569 - reader cost: 3.9189e-04
162/177 [==========================>...] - ETA: 0s - batch_cost: 0.0569 - reader cost: 3.8948e-04
163/177 [==========================>...] - ETA: 0s - batch_cost: 0.0569 - reader cost: 3.8709e-04
164/177 [==========================>...] - ETA: 0s - batch_cost: 0.0569 - reader cost: 3.8473e-04
165/177 [==========================>...] - ETA: 0s - batch_cost: 0.0569 - reader cost: 3.8239e-04
166/177 [===========================>..] - ETA: 0s - batch_cost: 0.0569 - reader cost: 3.8009e-04
167/177 [===========================>..] - ETA: 0s - batch_cost: 0.0569 - reader cost: 3.7781e-04
168/177 [===========================>..] - ETA: 0s - batch_cost: 0.0569 - reader cost: 3.7557e-04
169/177 [===========================>..] - ETA: 0s - batch_cost: 0.0569 - reader cost: 3.7334e-04
170/177 [===========================>..] - ETA: 0s - batch_cost: 0.0569 - reader cost: 3.7115e-04
171/177 [===========================>..] - ETA: 0s - batch_cost: 0.0569 - reader cost: 3.6898e-04
172/177 [============================>.] - ETA: 0s - batch_cost: 0.0569 - reader cost: 3.6683e-04
173/177 [============================>.] - ETA: 0s - batch_cost: 0.0569 - reader cost: 3.6471e-04
174/177 [============================>.] - ETA: 0s - batch_cost: 0.0569 - reader cost: 3.6262e-04
175/177 [============================>.] - ETA: 0s - batch_cost: 0.0569 - reader cost: 3.6054e-04
176/177 [============================>.] - ETA: 0s - batch_cost: 0.0569 - reader cost: 3.5849e-04
177/177 [==============================] - 10s 57ms/step - batch_cost: 0.0569 - reader cost: 3.5647e-04

  1/177 [..............................] - ETA: 11s - batch_cost: 0.0672 - reader cost: 0.0459
  2/177 [..............................] - ETA: 11s - batch_cost: 0.0651 - reader cost: 0.0335
  3/177 [..............................] - ETA: 10s - batch_cost: 0.0606 - reader cost: 0.0223
  4/177 [..............................] - ETA: 10s - batch_cost: 0.0589 - reader cost: 0.0171
  5/177 [..............................] - ETA: 9s - batch_cost: 0.0579 - reader cost: 0.0137 
  6/177 [>.............................] - ETA: 10s - batch_cost: 0.0589 - reader cost: 0.0116
  7/177 [>.............................] - ETA: 10s - batch_cost: 0.0593 - reader cost: 0.0101
  8/177 [>.............................] - ETA: 10s - batch_cost: 0.0596 - reader cost: 0.0089
 10/177 [>.............................] - ETA: 9s - batch_cost: 0.0586 - reader cost: 0.0071 
 11/177 [>.............................] - ETA: 9s - batch_cost: 0.0584 - reader cost: 0.0065
 12/177 [=>............................] - ETA: 9s - batch_cost: 0.0578 - reader cost: 0.0060
 13/177 [=>............................] - ETA: 9s - batch_cost: 0.0575 - reader cost: 0.0055
 14/177 [=>............................] - ETA: 9s - batch_cost: 0.0576 - reader cost: 0.0051
 15/177 [=>............................] - ETA: 9s - batch_cost: 0.0574 - reader cost: 0.0048
 16/177 [=>............................] - ETA: 9s - batch_cost: 0.0575 - reader cost: 0.0045
 17/177 [=>............................] - ETA: 9s - batch_cost: 0.0573 - reader cost: 0.0042
 18/177 [==>...........................] - ETA: 9s - batch_cost: 0.0575 - reader cost: 0.0040
 19/177 [==>...........................] - ETA: 9s - batch_cost: 0.0575 - reader cost: 0.0038
 20/177 [==>...........................] - ETA: 9s - batch_cost: 0.0573 - reader cost: 0.0036
 21/177 [==>...........................] - ETA: 8s - batch_cost: 0.0574 - reader cost: 0.0034
 22/177 [==>...........................] - ETA: 8s - batch_cost: 0.0573 - reader cost: 0.0032
 23/177 [==>...........................] - ETA: 8s - batch_cost: 0.0572 - reader cost: 0.0031
 24/177 [===>..........................] - ETA: 8s - batch_cost: 0.0572 - reader cost: 0.0030
 25/177 [===>..........................] - ETA: 8s - batch_cost: 0.0572 - reader cost: 0.0029
 26/177 [===>..........................] - ETA: 8s - batch_cost: 0.0571 - reader cost: 0.0027
 27/177 [===>..........................] - ETA: 8s - batch_cost: 0.0571 - reader cost: 0.0026
 28/177 [===>..........................] - ETA: 8s - batch_cost: 0.0571 - reader cost: 0.0026
 29/177 [===>..........................] - ETA: 8s - batch_cost: 0.0572 - reader cost: 0.0025
 30/177 [====>.........................] - ETA: 8s - batch_cost: 0.0571 - reader cost: 0.0024
 31/177 [====>.........................] - ETA: 8s - batch_cost: 0.0572 - reader cost: 0.0023
 32/177 [====>.........................] - ETA: 8s - batch_cost: 0.0572 - reader cost: 0.0023
 33/177 [====>.........................] - ETA: 8s - batch_cost: 0.0571 - reader cost: 0.0022
 34/177 [====>.........................] - ETA: 8s - batch_cost: 0.0572 - reader cost: 0.0021
 35/177 [====>.........................] - ETA: 8s - batch_cost: 0.0571 - reader cost: 0.0021
 36/177 [=====>........................] - ETA: 8s - batch_cost: 0.0571 - reader cost: 0.0020
 37/177 [=====>........................] - ETA: 8s - batch_cost: 0.0570 - reader cost: 0.0020
 38/177 [=====>........................] - ETA: 7s - batch_cost: 0.0571 - reader cost: 0.0019
 39/177 [=====>........................] - ETA: 7s - batch_cost: 0.0571 - reader cost: 0.0019
 40/177 [=====>........................] - ETA: 7s - batch_cost: 0.0571 - reader cost: 0.0018
 41/177 [=====>........................] - ETA: 7s - batch_cost: 0.0571 - reader cost: 0.0018
 42/177 [======>.......................] - ETA: 7s - batch_cost: 0.0570 - reader cost: 0.0017
 43/177 [======>.......................] - ETA: 7s - batch_cost: 0.0570 - reader cost: 0.0017
 44/177 [======>.......................] - ETA: 7s - batch_cost: 0.0570 - reader cost: 0.0016
 45/177 [======>.......................] - ETA: 7s - batch_cost: 0.0570 - reader cost: 0.0016
 46/177 [======>.......................] - ETA: 7s - batch_cost: 0.0570 - reader cost: 0.0016
 47/177 [======>.......................] - ETA: 7s - batch_cost: 0.0570 - reader cost: 0.0015
 48/177 [=======>......................] - ETA: 7s - batch_cost: 0.0570 - reader cost: 0.0015
 49/177 [=======>......................] - ETA: 7s - batch_cost: 0.0570 - reader cost: 0.0015
 50/177 [=======>......................] - ETA: 7s - batch_cost: 0.0570 - reader cost: 0.0014
 51/177 [=======>......................] - ETA: 7s - batch_cost: 0.0570 - reader cost: 0.0014
 52/177 [=======>......................] - ETA: 7s - batch_cost: 0.0570 - reader cost: 0.0014
 53/177 [=======>......................] - ETA: 7s - batch_cost: 0.0569 - reader cost: 0.0014
 54/177 [========>.....................] - ETA: 7s - batch_cost: 0.0570 - reader cost: 0.0013
 55/177 [========>.....................] - ETA: 6s - batch_cost: 0.0569 - reader cost: 0.0013
 56/177 [========>.....................] - ETA: 6s - batch_cost: 0.0569 - reader cost: 0.0013
 57/177 [========>.....................] - ETA: 6s - batch_cost: 0.0569 - reader cost: 0.0013
 58/177 [========>.....................] - ETA: 6s - batch_cost: 0.0569 - reader cost: 0.0012
 59/177 [=========>....................] - ETA: 6s - batch_cost: 0.0569 - reader cost: 0.0012
 60/177 [=========>....................] - ETA: 6s - batch_cost: 0.0569 - reader cost: 0.0012
 61/177 [=========>....................] - ETA: 6s - batch_cost: 0.0570 - reader cost: 0.0012
 62/177 [=========>....................] - ETA: 6s - batch_cost: 0.0570 - reader cost: 0.0012
 63/177 [=========>....................] - ETA: 6s - batch_cost: 0.0569 - reader cost: 0.0011
 64/177 [=========>....................] - ETA: 6s - batch_cost: 0.0569 - reader cost: 0.0011
 65/177 [==========>...................] - ETA: 6s - batch_cost: 0.0569 - reader cost: 0.0011
 66/177 [==========>...................] - ETA: 6s - batch_cost: 0.0569 - reader cost: 0.0011
 67/177 [==========>...................] - ETA: 6s - batch_cost: 0.0569 - reader cost: 0.0011
 68/177 [==========>...................] - ETA: 6s - batch_cost: 0.0569 - reader cost: 0.0011
 69/177 [==========>...................] - ETA: 6s - batch_cost: 0.0569 - reader cost: 0.0010
 70/177 [==========>...................] - ETA: 6s - batch_cost: 0.0569 - reader cost: 0.0010
 71/177 [===========>..................] - ETA: 6s - batch_cost: 0.0569 - reader cost: 0.0010
 72/177 [===========>..................] - ETA: 5s - batch_cost: 0.0569 - reader cost: 0.0010
 73/177 [===========>..................] - ETA: 5s - batch_cost: 0.0569 - reader cost: 0.0010
 74/177 [===========>..................] - ETA: 5s - batch_cost: 0.0569 - reader cost: 9.9929e-04
 75/177 [===========>..................] - ETA: 5s - batch_cost: 0.0569 - reader cost: 9.8597e-04
 76/177 [===========>..................] - ETA: 5s - batch_cost: 0.0569 - reader cost: 9.7300e-04
 77/177 [============>.................] - ETA: 5s - batch_cost: 0.0569 - reader cost: 9.6036e-04
 78/177 [============>.................] - ETA: 5s - batch_cost: 0.0569 - reader cost: 9.4805e-04
 79/177 [============>.................] - ETA: 5s - batch_cost: 0.0569 - reader cost: 9.3605e-04
 80/177 [============>.................] - ETA: 5s - batch_cost: 0.0569 - reader cost: 9.2435e-04
 81/177 [============>.................] - ETA: 5s - batch_cost: 0.0569 - reader cost: 9.1293e-04
 82/177 [============>.................] - ETA: 5s - batch_cost: 0.0569 - reader cost: 9.2014e-04
 83/177 [=============>................] - ETA: 5s - batch_cost: 0.0569 - reader cost: 9.0906e-04
 84/177 [=============>................] - ETA: 5s - batch_cost: 0.0569 - reader cost: 8.9823e-04
 85/177 [=============>................] - ETA: 5s - batch_cost: 0.0569 - reader cost: 8.8767e-04
 86/177 [=============>................] - ETA: 5s - batch_cost: 0.0569 - reader cost: 8.7734e-04
 87/177 [=============>................] - ETA: 5s - batch_cost: 0.0569 - reader cost: 8.6726e-04
 88/177 [=============>................] - ETA: 5s - batch_cost: 0.0569 - reader cost: 8.5740e-04
 89/177 [==============>...............] - ETA: 5s - batch_cost: 0.0569 - reader cost: 8.5901e-04
 90/177 [==============>...............] - ETA: 4s - batch_cost: 0.0569 - reader cost: 8.4946e-04
 91/177 [==============>...............] - ETA: 4s - batch_cost: 0.0569 - reader cost: 8.4013e-04
 92/177 [==============>...............] - ETA: 4s - batch_cost: 0.0569 - reader cost: 8.4192e-04
 93/177 [==============>...............] - ETA: 4s - batch_cost: 0.0569 - reader cost: 8.3286e-04
 94/177 [==============>...............] - ETA: 4s - batch_cost: 0.0569 - reader cost: 8.2400e-04
 95/177 [===============>..............] - ETA: 4s - batch_cost: 0.0569 - reader cost: 8.1533e-04
 96/177 [===============>..............] - ETA: 4s - batch_cost: 0.0569 - reader cost: 8.0684e-04
 97/177 [===============>..............] - ETA: 4s - batch_cost: 0.0569 - reader cost: 7.9852e-04
 98/177 [===============>..............] - ETA: 4s - batch_cost: 0.0569 - reader cost: 7.9037e-04
 99/177 [===============>..............] - ETA: 4s - batch_cost: 0.0569 - reader cost: 7.8239e-04
100/177 [===============>..............] - ETA: 4s - batch_cost: 0.0569 - reader cost: 7.7456e-04
101/177 [================>.............] - ETA: 4s - batch_cost: 0.0569 - reader cost: 7.6689e-04
102/177 [================>.............] - ETA: 4s - batch_cost: 0.0569 - reader cost: 7.5937e-04
103/177 [================>.............] - ETA: 4s - batch_cost: 0.0569 - reader cost: 7.5200e-04
104/177 [================>.............] - ETA: 4s - batch_cost: 0.0569 - reader cost: 7.4477e-04
105/177 [================>.............] - ETA: 4s - batch_cost: 0.0569 - reader cost: 7.3768e-04
106/177 [================>.............] - ETA: 4s - batch_cost: 0.0569 - reader cost: 7.3072e-04
107/177 [=================>............] - ETA: 3s - batch_cost: 0.0569 - reader cost: 7.2389e-04
108/177 [=================>............] - ETA: 3s - batch_cost: 0.0569 - reader cost: 7.1719e-04
109/177 [=================>............] - ETA: 3s - batch_cost: 0.0569 - reader cost: 7.1061e-04
110/177 [=================>............] - ETA: 3s - batch_cost: 0.0569 - reader cost: 7.0415e-04
111/177 [=================>............] - ETA: 3s - batch_cost: 0.0569 - reader cost: 6.9780e-04
112/177 [=================>............] - ETA: 3s - batch_cost: 0.0569 - reader cost: 6.9157e-04
113/177 [==================>...........] - ETA: 3s - batch_cost: 0.0569 - reader cost: 6.8545e-04
114/177 [==================>...........] - ETA: 3s - batch_cost: 0.0569 - reader cost: 6.7944e-04
115/177 [==================>...........] - ETA: 3s - batch_cost: 0.0569 - reader cost: 6.7353e-04
116/177 [==================>...........] - ETA: 3s - batch_cost: 0.0569 - reader cost: 6.6773e-04
117/177 [==================>...........] - ETA: 3s - batch_cost: 0.0569 - reader cost: 6.6202e-04
118/177 [===================>..........] - ETA: 3s - batch_cost: 0.0569 - reader cost: 6.5641e-04
119/177 [===================>..........] - ETA: 3s - batch_cost: 0.0569 - reader cost: 6.5089e-04
120/177 [===================>..........] - ETA: 3s - batch_cost: 0.0569 - reader cost: 6.4547e-04
121/177 [===================>..........] - ETA: 3s - batch_cost: 0.0569 - reader cost: 6.4013e-04
122/177 [===================>..........] - ETA: 3s - batch_cost: 0.0569 - reader cost: 6.3489e-04
123/177 [===================>..........] - ETA: 3s - batch_cost: 0.0569 - reader cost: 6.2973e-04
124/177 [====================>.........] - ETA: 3s - batch_cost: 0.0569 - reader cost: 6.2465e-04
125/177 [====================>.........] - ETA: 2s - batch_cost: 0.0569 - reader cost: 6.1965e-04
126/177 [====================>.........] - ETA: 2s - batch_cost: 0.0569 - reader cost: 6.1473e-04
127/177 [====================>.........] - ETA: 2s - batch_cost: 0.0569 - reader cost: 6.0989e-04
128/177 [====================>.........] - ETA: 2s - batch_cost: 0.0569 - reader cost: 6.0513e-04
129/177 [====================>.........] - ETA: 2s - batch_cost: 0.0569 - reader cost: 6.0044e-04
130/177 [=====================>........] - ETA: 2s - batch_cost: 0.0569 - reader cost: 5.9582e-04
131/177 [=====================>........] - ETA: 2s - batch_cost: 0.0569 - reader cost: 5.9127e-04
132/177 [=====================>........] - ETA: 2s - batch_cost: 0.0569 - reader cost: 5.8679e-04
133/177 [=====================>........] - ETA: 2s - batch_cost: 0.0569 - reader cost: 5.8238e-04
134/177 [=====================>........] - ETA: 2s - batch_cost: 0.0569 - reader cost: 5.7803e-04
135/177 [=====================>........] - ETA: 2s - batch_cost: 0.0569 - reader cost: 5.7375e-04
136/177 [======================>.......] - ETA: 2s - batch_cost: 0.0569 - reader cost: 5.6953e-04
137/177 [======================>.......] - ETA: 2s - batch_cost: 0.0569 - reader cost: 5.6537e-04
138/177 [======================>.......] - ETA: 2s - batch_cost: 0.0569 - reader cost: 5.6128e-04
139/177 [======================>.......] - ETA: 2s - batch_cost: 0.0569 - reader cost: 5.5724e-04
140/177 [======================>.......] - ETA: 2s - batch_cost: 0.0569 - reader cost: 5.5326e-04
141/177 [======================>.......] - ETA: 2s - batch_cost: 0.0569 - reader cost: 5.4934e-04
142/177 [=======================>......] - ETA: 1s - batch_cost: 0.0569 - reader cost: 5.4547e-04
143/177 [=======================>......] - ETA: 1s - batch_cost: 0.0569 - reader cost: 5.4165e-04
144/177 [=======================>......] - ETA: 1s - batch_cost: 0.0569 - reader cost: 5.3789e-04
145/177 [=======================>......] - ETA: 1s - batch_cost: 0.0569 - reader cost: 5.3418e-04
146/177 [=======================>......] - ETA: 1s - batch_cost: 0.0569 - reader cost: 5.3052e-04
147/177 [=======================>......] - ETA: 1s - batch_cost: 0.0568 - reader cost: 5.2691e-04
148/177 [========================>.....] - ETA: 1s - batch_cost: 0.0569 - reader cost: 5.2335e-04
149/177 [========================>.....] - ETA: 1s - batch_cost: 0.0569 - reader cost: 5.1984e-04
150/177 [========================>.....] - ETA: 1s - batch_cost: 0.0568 - reader cost: 5.1637e-04
151/177 [========================>.....] - ETA: 1s - batch_cost: 0.0569 - reader cost: 5.1296e-04
152/177 [========================>.....] - ETA: 1s - batch_cost: 0.0569 - reader cost: 5.0958e-04
153/177 [========================>.....] - ETA: 1s - batch_cost: 0.0569 - reader cost: 5.0625e-04
154/177 [=========================>....] - ETA: 1s - batch_cost: 0.0569 - reader cost: 5.0296e-04
155/177 [=========================>....] - ETA: 1s - batch_cost: 0.0569 - reader cost: 4.9972e-04
156/177 [=========================>....] - ETA: 1s - batch_cost: 0.0569 - reader cost: 4.9651e-04
157/177 [=========================>....] - ETA: 1s - batch_cost: 0.0569 - reader cost: 4.9335e-04
158/177 [=========================>....] - ETA: 1s - batch_cost: 0.0569 - reader cost: 4.9023e-04
159/177 [=========================>....] - ETA: 1s - batch_cost: 0.0569 - reader cost: 4.8715e-04
160/177 [==========================>...] - ETA: 0s - batch_cost: 0.0569 - reader cost: 4.8410e-04
161/177 [==========================>...] - ETA: 0s - batch_cost: 0.0569 - reader cost: 4.8109e-04
162/177 [==========================>...] - ETA: 0s - batch_cost: 0.0569 - reader cost: 4.7812e-04
163/177 [==========================>...] - ETA: 0s - batch_cost: 0.0569 - reader cost: 4.7519e-04
164/177 [==========================>...] - ETA: 0s - batch_cost: 0.0569 - reader cost: 4.7229e-04
165/177 [==========================>...] - ETA: 0s - batch_cost: 0.0569 - reader cost: 4.6943e-04
166/177 [===========================>..] - ETA: 0s - batch_cost: 0.0569 - reader cost: 4.6660e-04
167/177 [===========================>..] - ETA: 0s - batch_cost: 0.0569 - reader cost: 4.6381e-04
168/177 [===========================>..] - ETA: 0s - batch_cost: 0.0569 - reader cost: 4.6105e-04
169/177 [===========================>..] - ETA: 0s - batch_cost: 0.0569 - reader cost: 4.5832e-04
170/177 [===========================>..] - ETA: 0s - batch_cost: 0.0569 - reader cost: 4.5562e-04
171/177 [===========================>..] - ETA: 0s - batch_cost: 0.0569 - reader cost: 4.5296e-04
172/177 [============================>.] - ETA: 0s - batch_cost: 0.0569 - reader cost: 4.5033e-04
173/177 [============================>.] - ETA: 0s - batch_cost: 0.0569 - reader cost: 4.4772e-04
174/177 [============================>.] - ETA: 0s - batch_cost: 0.0569 - reader cost: 4.4515e-04
175/177 [============================>.] - ETA: 0s - batch_cost: 0.0569 - reader cost: 4.4261e-04
176/177 [============================>.] - ETA: 0s - batch_cost: 0.0568 - reader cost: 4.4009e-04
177/177 [==============================] - 10s 57ms/step - batch_cost: 0.0568 - reader cost: 4.4610e-04

  1/177 [..............................] - ETA: 9s - batch_cost: 0.0552 - reader cost: 0.0371
  2/177 [..............................] - ETA: 10s - batch_cost: 0.0578 - reader cost: 0.0282
  3/177 [..............................] - ETA: 9s - batch_cost: 0.0566 - reader cost: 0.0188 
  4/177 [..............................] - ETA: 9s - batch_cost: 0.0571 - reader cost: 0.0141
  5/177 [..............................] - ETA: 10s - batch_cost: 0.0580 - reader cost: 0.0113
  6/177 [>.............................] - ETA: 10s - batch_cost: 0.0585 - reader cost: 0.0094
  7/177 [>.............................] - ETA: 9s - batch_cost: 0.0582 - reader cost: 0.0081 
  8/177 [>.............................] - ETA: 9s - batch_cost: 0.0582 - reader cost: 0.0071
  9/177 [>.............................] - ETA: 9s - batch_cost: 0.0574 - reader cost: 0.0063
 10/177 [>.............................] - ETA: 9s - batch_cost: 0.0574 - reader cost: 0.0057
 11/177 [>.............................] - ETA: 9s - batch_cost: 0.0572 - reader cost: 0.0052
 12/177 [=>............................] - ETA: 9s - batch_cost: 0.0571 - reader cost: 0.0047
 13/177 [=>............................] - ETA: 9s - batch_cost: 0.0574 - reader cost: 0.0044
 14/177 [=>............................] - ETA: 9s - batch_cost: 0.0574 - reader cost: 0.0041
 15/177 [=>............................] - ETA: 9s - batch_cost: 0.0574 - reader cost: 0.0038
 16/177 [=>............................] - ETA: 9s - batch_cost: 0.0570 - reader cost: 0.0036
 17/177 [=>............................] - ETA: 9s - batch_cost: 0.0570 - reader cost: 0.0033
 18/177 [==>...........................] - ETA: 9s - batch_cost: 0.0572 - reader cost: 0.0032
 19/177 [==>...........................] - ETA: 9s - batch_cost: 0.0570 - reader cost: 0.0030
 20/177 [==>...........................] - ETA: 8s - batch_cost: 0.0571 - reader cost: 0.0028
 21/177 [==>...........................] - ETA: 8s - batch_cost: 0.0570 - reader cost: 0.0027
 22/177 [==>...........................] - ETA: 8s - batch_cost: 0.0571 - reader cost: 0.0026
 23/177 [==>...........................] - ETA: 8s - batch_cost: 0.0570 - reader cost: 0.0025
 24/177 [===>..........................] - ETA: 8s - batch_cost: 0.0570 - reader cost: 0.0024
 25/177 [===>..........................] - ETA: 8s - batch_cost: 0.0569 - reader cost: 0.0023
 26/177 [===>..........................] - ETA: 8s - batch_cost: 0.0569 - reader cost: 0.0022
 27/177 [===>..........................] - ETA: 8s - batch_cost: 0.0568 - reader cost: 0.0021
 28/177 [===>..........................] - ETA: 8s - batch_cost: 0.0568 - reader cost: 0.0021
 29/177 [===>..........................] - ETA: 8s - batch_cost: 0.0568 - reader cost: 0.0020
 30/177 [====>.........................] - ETA: 8s - batch_cost: 0.0568 - reader cost: 0.0019
 31/177 [====>.........................] - ETA: 8s - batch_cost: 0.0569 - reader cost: 0.0019
 32/177 [====>.........................] - ETA: 8s - batch_cost: 0.0568 - reader cost: 0.0018
 33/177 [====>.........................] - ETA: 8s - batch_cost: 0.0568 - reader cost: 0.0017
 34/177 [====>.........................] - ETA: 8s - batch_cost: 0.0569 - reader cost: 0.0017
 35/177 [====>.........................] - ETA: 8s - batch_cost: 0.0568 - reader cost: 0.0016
 36/177 [=====>........................] - ETA: 8s - batch_cost: 0.0568 - reader cost: 0.0016
 37/177 [=====>........................] - ETA: 7s - batch_cost: 0.0569 - reader cost: 0.0016
 38/177 [=====>........................] - ETA: 7s - batch_cost: 0.0568 - reader cost: 0.0016
 39/177 [=====>........................] - ETA: 7s - batch_cost: 0.0568 - reader cost: 0.0015
 40/177 [=====>........................] - ETA: 7s - batch_cost: 0.0567 - reader cost: 0.0015
 41/177 [=====>........................] - ETA: 7s - batch_cost: 0.0568 - reader cost: 0.0014
 42/177 [======>.......................] - ETA: 7s - batch_cost: 0.0567 - reader cost: 0.0014
 43/177 [======>.......................] - ETA: 7s - batch_cost: 0.0567 - reader cost: 0.0014
 44/177 [======>.......................] - ETA: 7s - batch_cost: 0.0567 - reader cost: 0.0013
 45/177 [======>.......................] - ETA: 7s - batch_cost: 0.0568 - reader cost: 0.0013
 46/177 [======>.......................] - ETA: 7s - batch_cost: 0.0568 - reader cost: 0.0013
 47/177 [======>.......................] - ETA: 7s - batch_cost: 0.0568 - reader cost: 0.0013
 48/177 [=======>......................] - ETA: 7s - batch_cost: 0.0567 - reader cost: 0.0012
 49/177 [=======>......................] - ETA: 7s - batch_cost: 0.0567 - reader cost: 0.0012
 50/177 [=======>......................] - ETA: 7s - batch_cost: 0.0567 - reader cost: 0.0012
 51/177 [=======>......................] - ETA: 7s - batch_cost: 0.0568 - reader cost: 0.0012
 52/177 [=======>......................] - ETA: 7s - batch_cost: 0.0568 - reader cost: 0.0011
 53/177 [=======>......................] - ETA: 7s - batch_cost: 0.0568 - reader cost: 0.0011
 54/177 [========>.....................] - ETA: 7s - batch_cost: 0.0569 - reader cost: 0.0011
 55/177 [========>.....................] - ETA: 6s - batch_cost: 0.0568 - reader cost: 0.0011
 56/177 [========>.....................] - ETA: 6s - batch_cost: 0.0568 - reader cost: 0.0011
 57/177 [========>.....................] - ETA: 6s - batch_cost: 0.0568 - reader cost: 0.0010
 58/177 [========>.....................] - ETA: 6s - batch_cost: 0.0568 - reader cost: 0.0010
 59/177 [=========>....................] - ETA: 6s - batch_cost: 0.0568 - reader cost: 9.9879e-04
 60/177 [=========>....................] - ETA: 6s - batch_cost: 0.0568 - reader cost: 9.8214e-04
 61/177 [=========>....................] - ETA: 6s - batch_cost: 0.0568 - reader cost: 9.6604e-04
 62/177 [=========>....................] - ETA: 6s - batch_cost: 0.0567 - reader cost: 9.5046e-04
 63/177 [=========>....................] - ETA: 6s - batch_cost: 0.0568 - reader cost: 9.3537e-04
 64/177 [=========>....................] - ETA: 6s - batch_cost: 0.0568 - reader cost: 9.2076e-04
 65/177 [==========>...................] - ETA: 6s - batch_cost: 0.0567 - reader cost: 9.0659e-04
 66/177 [==========>...................] - ETA: 6s - batch_cost: 0.0568 - reader cost: 8.9286e-04
 67/177 [==========>...................] - ETA: 6s - batch_cost: 0.0567 - reader cost: 8.7953e-04
 68/177 [==========>...................] - ETA: 6s - batch_cost: 0.0567 - reader cost: 8.6660e-04
 69/177 [==========>...................] - ETA: 6s - batch_cost: 0.0568 - reader cost: 8.5404e-04
 70/177 [==========>...................] - ETA: 6s - batch_cost: 0.0567 - reader cost: 8.4184e-04
 71/177 [===========>..................] - ETA: 6s - batch_cost: 0.0567 - reader cost: 8.2998e-04
 72/177 [===========>..................] - ETA: 5s - batch_cost: 0.0567 - reader cost: 8.1845e-04
 73/177 [===========>..................] - ETA: 5s - batch_cost: 0.0567 - reader cost: 8.0724e-04
 74/177 [===========>..................] - ETA: 5s - batch_cost: 0.0567 - reader cost: 7.9633e-04
 75/177 [===========>..................] - ETA: 5s - batch_cost: 0.0567 - reader cost: 7.8571e-04
 76/177 [===========>..................] - ETA: 5s - batch_cost: 0.0567 - reader cost: 7.7537e-04
 77/177 [============>.................] - ETA: 5s - batch_cost: 0.0568 - reader cost: 7.6531e-04
 78/177 [============>.................] - ETA: 5s - batch_cost: 0.0567 - reader cost: 7.5549e-04
 79/177 [============>.................] - ETA: 5s - batch_cost: 0.0567 - reader cost: 7.4593e-04
 80/177 [============>.................] - ETA: 5s - batch_cost: 0.0567 - reader cost: 7.3661e-04
 81/177 [============>.................] - ETA: 5s - batch_cost: 0.0567 - reader cost: 7.2751e-04
 82/177 [============>.................] - ETA: 5s - batch_cost: 0.0568 - reader cost: 7.1864e-04
 83/177 [=============>................] - ETA: 5s - batch_cost: 0.0567 - reader cost: 7.0998e-04
 84/177 [=============>................] - ETA: 5s - batch_cost: 0.0567 - reader cost: 7.0153e-04
 85/177 [=============>................] - ETA: 5s - batch_cost: 0.0567 - reader cost: 6.9328e-04
 86/177 [=============>................] - ETA: 5s - batch_cost: 0.0567 - reader cost: 6.8521e-04
 87/177 [=============>................] - ETA: 5s - batch_cost: 0.0567 - reader cost: 6.7734e-04
 88/177 [=============>................] - ETA: 5s - batch_cost: 0.0567 - reader cost: 6.6964e-04
 89/177 [==============>...............] - ETA: 5s - batch_cost: 0.0567 - reader cost: 6.6212e-04
 90/177 [==============>...............] - ETA: 4s - batch_cost: 0.0567 - reader cost: 6.5476e-04
 91/177 [==============>...............] - ETA: 4s - batch_cost: 0.0567 - reader cost: 6.4757e-04
 92/177 [==============>...............] - ETA: 4s - batch_cost: 0.0567 - reader cost: 6.4053e-04
 93/177 [==============>...............] - ETA: 4s - batch_cost: 0.0567 - reader cost: 6.3364e-04
 94/177 [==============>...............] - ETA: 4s - batch_cost: 0.0567 - reader cost: 6.2690e-04
 95/177 [===============>..............] - ETA: 4s - batch_cost: 0.0567 - reader cost: 6.2030e-04
 96/177 [===============>..............] - ETA: 4s - batch_cost: 0.0568 - reader cost: 6.1384e-04
 97/177 [===============>..............] - ETA: 4s - batch_cost: 0.0567 - reader cost: 6.0751e-04
 98/177 [===============>..............] - ETA: 4s - batch_cost: 0.0567 - reader cost: 6.0131e-04
 99/177 [===============>..............] - ETA: 4s - batch_cost: 0.0567 - reader cost: 5.9524e-04
100/177 [===============>..............] - ETA: 4s - batch_cost: 0.0567 - reader cost: 5.8928e-04
101/177 [================>.............] - ETA: 4s - batch_cost: 0.0567 - reader cost: 5.8345e-04
102/177 [================>.............] - ETA: 4s - batch_cost: 0.0567 - reader cost: 5.7773e-04
103/177 [================>.............] - ETA: 4s - batch_cost: 0.0567 - reader cost: 5.7212e-04
104/177 [================>.............] - ETA: 4s - batch_cost: 0.0567 - reader cost: 5.6662e-04
105/177 [================>.............] - ETA: 4s - batch_cost: 0.0567 - reader cost: 5.6122e-04
106/177 [================>.............] - ETA: 4s - batch_cost: 0.0567 - reader cost: 5.5593e-04
107/177 [=================>............] - ETA: 3s - batch_cost: 0.0568 - reader cost: 5.5073e-04
108/177 [=================>............] - ETA: 3s - batch_cost: 0.0568 - reader cost: 5.4563e-04
109/177 [=================>............] - ETA: 3s - batch_cost: 0.0568 - reader cost: 5.4063e-04
110/177 [=================>............] - ETA: 3s - batch_cost: 0.0568 - reader cost: 5.3571e-04
111/177 [=================>............] - ETA: 3s - batch_cost: 0.0567 - reader cost: 5.3089e-04
112/177 [=================>............] - ETA: 3s - batch_cost: 0.0567 - reader cost: 5.2615e-04
113/177 [==================>...........] - ETA: 3s - batch_cost: 0.0567 - reader cost: 5.3038e-04
114/177 [==================>...........] - ETA: 3s - batch_cost: 0.0567 - reader cost: 5.2573e-04
115/177 [==================>...........] - ETA: 3s - batch_cost: 0.0567 - reader cost: 5.2115e-04
116/177 [==================>...........] - ETA: 3s - batch_cost: 0.0567 - reader cost: 5.1666e-04
117/177 [==================>...........] - ETA: 3s - batch_cost: 0.0567 - reader cost: 5.1225e-04
118/177 [===================>..........] - ETA: 3s - batch_cost: 0.0567 - reader cost: 5.0790e-04
119/177 [===================>..........] - ETA: 3s - batch_cost: 0.0567 - reader cost: 5.0364e-04
120/177 [===================>..........] - ETA: 3s - batch_cost: 0.0567 - reader cost: 4.9944e-04
121/177 [===================>..........] - ETA: 3s - batch_cost: 0.0567 - reader cost: 4.9531e-04
122/177 [===================>..........] - ETA: 3s - batch_cost: 0.0567 - reader cost: 4.9125e-04
123/177 [===================>..........] - ETA: 3s - batch_cost: 0.0567 - reader cost: 4.8726e-04
124/177 [====================>.........] - ETA: 3s - batch_cost: 0.0567 - reader cost: 4.8333e-04
125/177 [====================>.........] - ETA: 2s - batch_cost: 0.0567 - reader cost: 4.7946e-04
126/177 [====================>.........] - ETA: 2s - batch_cost: 0.0567 - reader cost: 4.7566e-04
127/177 [====================>.........] - ETA: 2s - batch_cost: 0.0567 - reader cost: 4.7191e-04
128/177 [====================>.........] - ETA: 2s - batch_cost: 0.0567 - reader cost: 4.6822e-04
129/177 [====================>.........] - ETA: 2s - batch_cost: 0.0568 - reader cost: 4.6459e-04
130/177 [=====================>........] - ETA: 2s - batch_cost: 0.0568 - reader cost: 4.6102e-04
131/177 [=====================>........] - ETA: 2s - batch_cost: 0.0567 - reader cost: 4.5750e-04
132/177 [=====================>........] - ETA: 2s - batch_cost: 0.0567 - reader cost: 4.5404e-04
133/177 [=====================>........] - ETA: 2s - batch_cost: 0.0567 - reader cost: 4.5062e-04
134/177 [=====================>........] - ETA: 2s - batch_cost: 0.0567 - reader cost: 4.4726e-04
135/177 [=====================>........] - ETA: 2s - batch_cost: 0.0567 - reader cost: 4.4395e-04
136/177 [======================>.......] - ETA: 2s - batch_cost: 0.0567 - reader cost: 4.4068e-04
137/177 [======================>.......] - ETA: 2s - batch_cost: 0.0567 - reader cost: 4.3747e-04
138/177 [======================>.......] - ETA: 2s - batch_cost: 0.0567 - reader cost: 4.3429e-04
139/177 [======================>.......] - ETA: 2s - batch_cost: 0.0567 - reader cost: 4.3117e-04
140/177 [======================>.......] - ETA: 2s - batch_cost: 0.0567 - reader cost: 4.2809e-04
141/177 [======================>.......] - ETA: 2s - batch_cost: 0.0567 - reader cost: 4.2505e-04
142/177 [=======================>......] - ETA: 1s - batch_cost: 0.0567 - reader cost: 4.2206e-04
143/177 [=======================>......] - ETA: 1s - batch_cost: 0.0567 - reader cost: 4.1911e-04
144/177 [=======================>......] - ETA: 1s - batch_cost: 0.0567 - reader cost: 4.1620e-04
145/177 [=======================>......] - ETA: 1s - batch_cost: 0.0568 - reader cost: 4.1333e-04
146/177 [=======================>......] - ETA: 1s - batch_cost: 0.0567 - reader cost: 4.1050e-04
147/177 [=======================>......] - ETA: 1s - batch_cost: 0.0567 - reader cost: 4.0771e-04
148/177 [========================>.....] - ETA: 1s - batch_cost: 0.0567 - reader cost: 4.0495e-04
149/177 [========================>.....] - ETA: 1s - batch_cost: 0.0567 - reader cost: 4.0223e-04
150/177 [========================>.....] - ETA: 1s - batch_cost: 0.0567 - reader cost: 3.9955e-04
151/177 [========================>.....] - ETA: 1s - batch_cost: 0.0567 - reader cost: 3.9691e-04
152/177 [========================>.....] - ETA: 1s - batch_cost: 0.0567 - reader cost: 4.0091e-04
153/177 [========================>.....] - ETA: 1s - batch_cost: 0.0567 - reader cost: 3.9829e-04
154/177 [=========================>....] - ETA: 1s - batch_cost: 0.0567 - reader cost: 3.9570e-04
155/177 [=========================>....] - ETA: 1s - batch_cost: 0.0567 - reader cost: 3.9315e-04
156/177 [=========================>....] - ETA: 1s - batch_cost: 0.0567 - reader cost: 3.9063e-04
157/177 [=========================>....] - ETA: 1s - batch_cost: 0.0567 - reader cost: 3.8814e-04
158/177 [=========================>....] - ETA: 1s - batch_cost: 0.0567 - reader cost: 3.8568e-04
159/177 [=========================>....] - ETA: 1s - batch_cost: 0.0567 - reader cost: 3.8326e-04
160/177 [==========================>...] - ETA: 0s - batch_cost: 0.0567 - reader cost: 3.8086e-04
161/177 [==========================>...] - ETA: 0s - batch_cost: 0.0567 - reader cost: 3.7849e-04
162/177 [==========================>...] - ETA: 0s - batch_cost: 0.0568 - reader cost: 3.7616e-04
163/177 [==========================>...] - ETA: 0s - batch_cost: 0.0567 - reader cost: 3.7385e-04
164/177 [==========================>...] - ETA: 0s - batch_cost: 0.0568 - reader cost: 3.7157e-04
165/177 [==========================>...] - ETA: 0s - batch_cost: 0.0568 - reader cost: 3.6932e-04
166/177 [===========================>..] - ETA: 0s - batch_cost: 0.0568 - reader cost: 3.6709e-04
167/177 [===========================>..] - ETA: 0s - batch_cost: 0.0568 - reader cost: 3.6490e-04
168/177 [===========================>..] - ETA: 0s - batch_cost: 0.0568 - reader cost: 3.6272e-04
169/177 [===========================>..] - ETA: 0s - batch_cost: 0.0568 - reader cost: 3.6058e-04
170/177 [===========================>..] - ETA: 0s - batch_cost: 0.0568 - reader cost: 3.5846e-04
171/177 [===========================>..] - ETA: 0s - batch_cost: 0.0568 - reader cost: 3.6221e-04
172/177 [============================>.] - ETA: 0s - batch_cost: 0.0568 - reader cost: 3.6011e-04
173/177 [============================>.] - ETA: 0s - batch_cost: 0.0568 - reader cost: 3.5802e-04
174/177 [============================>.] - ETA: 0s - batch_cost: 0.0568 - reader cost: 3.5597e-04
175/177 [============================>.] - ETA: 0s - batch_cost: 0.0568 - reader cost: 3.5393e-04
176/177 [============================>.] - ETA: 0s - batch_cost: 0.0568 - reader cost: 3.5192e-04
177/177 [==============================] - 10s 57ms/step - batch_cost: 0.0568 - reader cost: 3.4993e-04

  1/177 [..............................] - ETA: 10s - batch_cost: 0.0622 - reader cost: 0.0383
  2/177 [..............................] - ETA: 10s - batch_cost: 0.0579 - reader cost: 0.0291
  3/177 [..............................] - ETA: 10s - batch_cost: 0.0599 - reader cost: 0.0212
  4/177 [..............................] - ETA: 10s - batch_cost: 0.0588 - reader cost: 0.0159
  5/177 [..............................] - ETA: 9s - batch_cost: 0.0571 - reader cost: 0.0127 
  6/177 [>.............................] - ETA: 10s - batch_cost: 0.0589 - reader cost: 0.0106
  7/177 [>.............................] - ETA: 10s - batch_cost: 0.0596 - reader cost: 0.0091
  8/177 [>.............................] - ETA: 9s - batch_cost: 0.0588 - reader cost: 0.0080 
  9/177 [>.............................] - ETA: 9s - batch_cost: 0.0580 - reader cost: 0.0075
 10/177 [>.............................] - ETA: 9s - batch_cost: 0.0576 - reader cost: 0.0068
 11/177 [>.............................] - ETA: 9s - batch_cost: 0.0574 - reader cost: 0.0062
 12/177 [=>............................] - ETA: 9s - batch_cost: 0.0574 - reader cost: 0.0056
 13/177 [=>............................] - ETA: 9s - batch_cost: 0.0574 - reader cost: 0.0052
 14/177 [=>............................] - ETA: 9s - batch_cost: 0.0572 - reader cost: 0.0048
 15/177 [=>............................] - ETA: 9s - batch_cost: 0.0572 - reader cost: 0.0045
 16/177 [=>............................] - ETA: 9s - batch_cost: 0.0573 - reader cost: 0.0042
 17/177 [=>............................] - ETA: 9s - batch_cost: 0.0573 - reader cost: 0.0040
 18/177 [==>...........................] - ETA: 9s - batch_cost: 0.0571 - reader cost: 0.0038
 19/177 [==>...........................] - ETA: 9s - batch_cost: 0.0571 - reader cost: 0.0036
 20/177 [==>...........................] - ETA: 8s - batch_cost: 0.0570 - reader cost: 0.0034
 21/177 [==>...........................] - ETA: 8s - batch_cost: 0.0569 - reader cost: 0.0033
 22/177 [==>...........................] - ETA: 8s - batch_cost: 0.0570 - reader cost: 0.0031
 23/177 [==>...........................] - ETA: 8s - batch_cost: 0.0569 - reader cost: 0.0030
 24/177 [===>..........................] - ETA: 8s - batch_cost: 0.0569 - reader cost: 0.0029
 25/177 [===>..........................] - ETA: 8s - batch_cost: 0.0569 - reader cost: 0.0027
 26/177 [===>..........................] - ETA: 8s - batch_cost: 0.0570 - reader cost: 0.0026
 27/177 [===>..........................] - ETA: 8s - batch_cost: 0.0569 - reader cost: 0.0025
 28/177 [===>..........................] - ETA: 8s - batch_cost: 0.0570 - reader cost: 0.0025
 29/177 [===>..........................] - ETA: 8s - batch_cost: 0.0568 - reader cost: 0.0024
 30/177 [====>.........................] - ETA: 8s - batch_cost: 0.0569 - reader cost: 0.0023
 31/177 [====>.........................] - ETA: 8s - batch_cost: 0.0569 - reader cost: 0.0022
 32/177 [====>.........................] - ETA: 8s - batch_cost: 0.0569 - reader cost: 0.0021
 33/177 [====>.........................] - ETA: 8s - batch_cost: 0.0569 - reader cost: 0.0021
 34/177 [====>.........................] - ETA: 8s - batch_cost: 0.0569 - reader cost: 0.0020
 35/177 [====>.........................] - ETA: 8s - batch_cost: 0.0569 - reader cost: 0.0020
 36/177 [=====>........................] - ETA: 8s - batch_cost: 0.0568 - reader cost: 0.0019
 37/177 [=====>........................] - ETA: 7s - batch_cost: 0.0568 - reader cost: 0.0019
 38/177 [=====>........................] - ETA: 7s - batch_cost: 0.0569 - reader cost: 0.0018
 39/177 [=====>........................] - ETA: 7s - batch_cost: 0.0568 - reader cost: 0.0018
 40/177 [=====>........................] - ETA: 7s - batch_cost: 0.0568 - reader cost: 0.0017
 41/177 [=====>........................] - ETA: 7s - batch_cost: 0.0568 - reader cost: 0.0017
 42/177 [======>.......................] - ETA: 7s - batch_cost: 0.0568 - reader cost: 0.0016
 43/177 [======>.......................] - ETA: 7s - batch_cost: 0.0569 - reader cost: 0.0016
 44/177 [======>.......................] - ETA: 7s - batch_cost: 0.0568 - reader cost: 0.0016
 45/177 [======>.......................] - ETA: 7s - batch_cost: 0.0568 - reader cost: 0.0015
 46/177 [======>.......................] - ETA: 7s - batch_cost: 0.0568 - reader cost: 0.0015
 47/177 [======>.......................] - ETA: 7s - batch_cost: 0.0567 - reader cost: 0.0015
 48/177 [=======>......................] - ETA: 7s - batch_cost: 0.0567 - reader cost: 0.0014
 49/177 [=======>......................] - ETA: 7s - batch_cost: 0.0567 - reader cost: 0.0014
 50/177 [=======>......................] - ETA: 7s - batch_cost: 0.0568 - reader cost: 0.0014
 51/177 [=======>......................] - ETA: 7s - batch_cost: 0.0567 - reader cost: 0.0013
 52/177 [=======>......................] - ETA: 7s - batch_cost: 0.0567 - reader cost: 0.0013
 53/177 [=======>......................] - ETA: 7s - batch_cost: 0.0567 - reader cost: 0.0013
 54/177 [========>.....................] - ETA: 6s - batch_cost: 0.0567 - reader cost: 0.0013
 55/177 [========>.....................] - ETA: 6s - batch_cost: 0.0567 - reader cost: 0.0012
 56/177 [========>.....................] - ETA: 6s - batch_cost: 0.0568 - reader cost: 0.0012
 57/177 [========>.....................] - ETA: 6s - batch_cost: 0.0567 - reader cost: 0.0012
 58/177 [========>.....................] - ETA: 6s - batch_cost: 0.0567 - reader cost: 0.0012
 59/177 [=========>....................] - ETA: 6s - batch_cost: 0.0567 - reader cost: 0.0012
 60/177 [=========>....................] - ETA: 6s - batch_cost: 0.0567 - reader cost: 0.0011
 61/177 [=========>....................] - ETA: 6s - batch_cost: 0.0567 - reader cost: 0.0011
 62/177 [=========>....................] - ETA: 6s - batch_cost: 0.0567 - reader cost: 0.0011
 63/177 [=========>....................] - ETA: 6s - batch_cost: 0.0567 - reader cost: 0.0011
 64/177 [=========>....................] - ETA: 6s - batch_cost: 0.0567 - reader cost: 0.0011
 65/177 [==========>...................] - ETA: 6s - batch_cost: 0.0567 - reader cost: 0.0011
 66/177 [==========>...................] - ETA: 6s - batch_cost: 0.0567 - reader cost: 0.0010
 67/177 [==========>...................] - ETA: 6s - batch_cost: 0.0567 - reader cost: 0.0010
 68/177 [==========>...................] - ETA: 6s - batch_cost: 0.0567 - reader cost: 0.0010
 69/177 [==========>...................] - ETA: 6s - batch_cost: 0.0567 - reader cost: 9.9631e-04
 70/177 [==========>...................] - ETA: 6s - batch_cost: 0.0567 - reader cost: 9.8208e-04
 71/177 [===========>..................] - ETA: 6s - batch_cost: 0.0567 - reader cost: 9.6825e-04
 72/177 [===========>..................] - ETA: 5s - batch_cost: 0.0568 - reader cost: 9.5480e-04
 73/177 [===========>..................] - ETA: 5s - batch_cost: 0.0567 - reader cost: 9.4172e-04
 74/177 [===========>..................] - ETA: 5s - batch_cost: 0.0567 - reader cost: 9.2899e-04
 75/177 [===========>..................] - ETA: 5s - batch_cost: 0.0567 - reader cost: 9.1661e-04
 76/177 [===========>..................] - ETA: 5s - batch_cost: 0.0567 - reader cost: 9.2455e-04
 77/177 [============>.................] - ETA: 5s - batch_cost: 0.0567 - reader cost: 9.1254e-04
 78/177 [============>.................] - ETA: 5s - batch_cost: 0.0567 - reader cost: 9.0084e-04
 79/177 [============>.................] - ETA: 5s - batch_cost: 0.0567 - reader cost: 8.8944e-04
 80/177 [============>.................] - ETA: 5s - batch_cost: 0.0567 - reader cost: 8.7832e-04
 81/177 [============>.................] - ETA: 5s - batch_cost: 0.0567 - reader cost: 8.6748e-04
 82/177 [============>.................] - ETA: 5s - batch_cost: 0.0567 - reader cost: 8.5690e-04
 83/177 [=============>................] - ETA: 5s - batch_cost: 0.0567 - reader cost: 8.4658e-04
 84/177 [=============>................] - ETA: 5s - batch_cost: 0.0567 - reader cost: 8.3650e-04
 85/177 [=============>................] - ETA: 5s - batch_cost: 0.0567 - reader cost: 8.2666e-04
 86/177 [=============>................] - ETA: 5s - batch_cost: 0.0567 - reader cost: 8.1704e-04
 87/177 [=============>................] - ETA: 5s - batch_cost: 0.0567 - reader cost: 8.0765e-04
 88/177 [=============>................] - ETA: 5s - batch_cost: 0.0567 - reader cost: 7.9847e-04
 89/177 [==============>...............] - ETA: 5s - batch_cost: 0.0567 - reader cost: 7.8950e-04
 90/177 [==============>...............] - ETA: 4s - batch_cost: 0.0567 - reader cost: 7.8073e-04
 91/177 [==============>...............] - ETA: 4s - batch_cost: 0.0567 - reader cost: 7.7215e-04
 92/177 [==============>...............] - ETA: 4s - batch_cost: 0.0567 - reader cost: 7.6376e-04
 93/177 [==============>...............] - ETA: 4s - batch_cost: 0.0567 - reader cost: 7.5555e-04
 94/177 [==============>...............] - ETA: 4s - batch_cost: 0.0567 - reader cost: 7.4751e-04
 95/177 [===============>..............] - ETA: 4s - batch_cost: 0.0567 - reader cost: 7.3964e-04
 96/177 [===============>..............] - ETA: 4s - batch_cost: 0.0567 - reader cost: 7.3194e-04
 97/177 [===============>..............] - ETA: 4s - batch_cost: 0.0567 - reader cost: 7.2439e-04
 98/177 [===============>..............] - ETA: 4s - batch_cost: 0.0567 - reader cost: 7.1700e-04
 99/177 [===============>..............] - ETA: 4s - batch_cost: 0.0567 - reader cost: 7.0976e-04
100/177 [===============>..............] - ETA: 4s - batch_cost: 0.0567 - reader cost: 7.0266e-04
101/177 [================>.............] - ETA: 4s - batch_cost: 0.0567 - reader cost: 6.9570e-04
102/177 [================>.............] - ETA: 4s - batch_cost: 0.0567 - reader cost: 6.9870e-04
103/177 [================>.............] - ETA: 4s - batch_cost: 0.0567 - reader cost: 6.9192e-04
104/177 [================>.............] - ETA: 4s - batch_cost: 0.0567 - reader cost: 6.8526e-04
105/177 [================>.............] - ETA: 4s - batch_cost: 0.0567 - reader cost: 6.7874e-04
106/177 [================>.............] - ETA: 4s - batch_cost: 0.0567 - reader cost: 6.7233e-04
107/177 [=================>............] - ETA: 3s - batch_cost: 0.0567 - reader cost: 6.6605e-04
108/177 [=================>............] - ETA: 3s - batch_cost: 0.0567 - reader cost: 6.5988e-04
109/177 [=================>............] - ETA: 3s - batch_cost: 0.0567 - reader cost: 6.5383e-04
110/177 [=================>............] - ETA: 3s - batch_cost: 0.0567 - reader cost: 6.4789e-04
111/177 [=================>............] - ETA: 3s - batch_cost: 0.0567 - reader cost: 6.4205e-04
112/177 [=================>............] - ETA: 3s - batch_cost: 0.0567 - reader cost: 6.3632e-04
113/177 [==================>...........] - ETA: 3s - batch_cost: 0.0567 - reader cost: 6.3068e-04
114/177 [==================>...........] - ETA: 3s - batch_cost: 0.0567 - reader cost: 6.2515e-04
115/177 [==================>...........] - ETA: 3s - batch_cost: 0.0567 - reader cost: 6.1972e-04
116/177 [==================>...........] - ETA: 3s - batch_cost: 0.0566 - reader cost: 6.1437e-04
117/177 [==================>...........] - ETA: 3s - batch_cost: 0.0567 - reader cost: 6.0912e-04
118/177 [===================>..........] - ETA: 3s - batch_cost: 0.0567 - reader cost: 6.0396e-04
119/177 [===================>..........] - ETA: 3s - batch_cost: 0.0567 - reader cost: 5.9889e-04
120/177 [===================>..........] - ETA: 3s - batch_cost: 0.0567 - reader cost: 5.9389e-04
121/177 [===================>..........] - ETA: 3s - batch_cost: 0.0567 - reader cost: 5.8899e-04
122/177 [===================>..........] - ETA: 3s - batch_cost: 0.0567 - reader cost: 5.8416e-04
123/177 [===================>..........] - ETA: 3s - batch_cost: 0.0567 - reader cost: 5.7941e-04
124/177 [====================>.........] - ETA: 3s - batch_cost: 0.0567 - reader cost: 5.7474e-04
125/177 [====================>.........] - ETA: 2s - batch_cost: 0.0567 - reader cost: 5.7014e-04
126/177 [====================>.........] - ETA: 2s - batch_cost: 0.0567 - reader cost: 5.7356e-04
127/177 [====================>.........] - ETA: 2s - batch_cost: 0.0566 - reader cost: 5.6904e-04
128/177 [====================>.........] - ETA: 2s - batch_cost: 0.0566 - reader cost: 5.6460e-04
129/177 [====================>.........] - ETA: 2s - batch_cost: 0.0566 - reader cost: 5.6022e-04
130/177 [=====================>........] - ETA: 2s - batch_cost: 0.0567 - reader cost: 5.5591e-04
131/177 [=====================>........] - ETA: 2s - batch_cost: 0.0566 - reader cost: 5.5167e-04
132/177 [=====================>........] - ETA: 2s - batch_cost: 0.0566 - reader cost: 5.4749e-04
133/177 [=====================>........] - ETA: 2s - batch_cost: 0.0566 - reader cost: 5.4337e-04
134/177 [=====================>........] - ETA: 2s - batch_cost: 0.0566 - reader cost: 5.3932e-04
135/177 [=====================>........] - ETA: 2s - batch_cost: 0.0566 - reader cost: 5.3532e-04
136/177 [======================>.......] - ETA: 2s - batch_cost: 0.0566 - reader cost: 5.3138e-04
137/177 [======================>.......] - ETA: 2s - batch_cost: 0.0566 - reader cost: 5.2751e-04
138/177 [======================>.......] - ETA: 2s - batch_cost: 0.0566 - reader cost: 5.2368e-04
139/177 [======================>.......] - ETA: 2s - batch_cost: 0.0566 - reader cost: 5.1992e-04
140/177 [======================>.......] - ETA: 2s - batch_cost: 0.0566 - reader cost: 5.1620e-04
141/177 [======================>.......] - ETA: 2s - batch_cost: 0.0567 - reader cost: 5.1254e-04
142/177 [=======================>......] - ETA: 1s - batch_cost: 0.0566 - reader cost: 5.0893e-04
143/177 [=======================>......] - ETA: 1s - batch_cost: 0.0566 - reader cost: 5.0537e-04
144/177 [=======================>......] - ETA: 1s - batch_cost: 0.0566 - reader cost: 5.0186e-04
145/177 [=======================>......] - ETA: 1s - batch_cost: 0.0566 - reader cost: 4.9840e-04
146/177 [=======================>......] - ETA: 1s - batch_cost: 0.0566 - reader cost: 4.9499e-04
147/177 [=======================>......] - ETA: 1s - batch_cost: 0.0567 - reader cost: 4.9162e-04
148/177 [========================>.....] - ETA: 1s - batch_cost: 0.0566 - reader cost: 4.8830e-04
149/177 [========================>.....] - ETA: 1s - batch_cost: 0.0566 - reader cost: 4.8502e-04
150/177 [========================>.....] - ETA: 1s - batch_cost: 0.0567 - reader cost: 4.8179e-04
151/177 [========================>.....] - ETA: 1s - batch_cost: 0.0567 - reader cost: 4.7860e-04
152/177 [========================>.....] - ETA: 1s - batch_cost: 0.0567 - reader cost: 4.7545e-04
153/177 [========================>.....] - ETA: 1s - batch_cost: 0.0566 - reader cost: 4.7234e-04
154/177 [=========================>....] - ETA: 1s - batch_cost: 0.0566 - reader cost: 4.6927e-04
155/177 [=========================>....] - ETA: 1s - batch_cost: 0.0566 - reader cost: 4.6625e-04
156/177 [=========================>....] - ETA: 1s - batch_cost: 0.0566 - reader cost: 4.6966e-04
157/177 [=========================>....] - ETA: 1s - batch_cost: 0.0566 - reader cost: 4.6667e-04
158/177 [=========================>....] - ETA: 1s - batch_cost: 0.0566 - reader cost: 4.6372e-04
159/177 [=========================>....] - ETA: 1s - batch_cost: 0.0566 - reader cost: 4.6080e-04
160/177 [==========================>...] - ETA: 0s - batch_cost: 0.0567 - reader cost: 4.5792e-04
161/177 [==========================>...] - ETA: 0s - batch_cost: 0.0566 - reader cost: 4.5507e-04
162/177 [==========================>...] - ETA: 0s - batch_cost: 0.0566 - reader cost: 4.5227e-04
163/177 [==========================>...] - ETA: 0s - batch_cost: 0.0567 - reader cost: 4.4949e-04
164/177 [==========================>...] - ETA: 0s - batch_cost: 0.0566 - reader cost: 4.4675e-04
165/177 [==========================>...] - ETA: 0s - batch_cost: 0.0566 - reader cost: 4.4404e-04
166/177 [===========================>..] - ETA: 0s - batch_cost: 0.0566 - reader cost: 4.4137e-04
167/177 [===========================>..] - ETA: 0s - batch_cost: 0.0566 - reader cost: 4.3872e-04
168/177 [===========================>..] - ETA: 0s - batch_cost: 0.0566 - reader cost: 4.3611e-04
169/177 [===========================>..] - ETA: 0s - batch_cost: 0.0566 - reader cost: 4.3353e-04
170/177 [===========================>..] - ETA: 0s - batch_cost: 0.0566 - reader cost: 4.3098e-04
171/177 [===========================>..] - ETA: 0s - batch_cost: 0.0566 - reader cost: 4.2846e-04
172/177 [============================>.] - ETA: 0s - batch_cost: 0.0566 - reader cost: 4.2597e-04
173/177 [============================>.] - ETA: 0s - batch_cost: 0.0566 - reader cost: 4.2351e-04
174/177 [============================>.] - ETA: 0s - batch_cost: 0.0566 - reader cost: 4.2107e-04
175/177 [============================>.] - ETA: 0s - batch_cost: 0.0566 - reader cost: 4.1867e-04
176/177 [============================>.] - ETA: 0s - batch_cost: 0.0566 - reader cost: 4.1629e-04
177/177 [==============================] - 10s 57ms/step - batch_cost: 0.0566 - reader cost: 4.1394e-04

  1/177 [..............................] - ETA: 7s - batch_cost: 0.0450 - reader cost: 0.0295
  2/177 [..............................] - ETA: 8s - batch_cost: 0.0507 - reader cost: 0.0223
  3/177 [..............................] - ETA: 9s - batch_cost: 0.0545 - reader cost: 0.0148
  4/177 [..............................] - ETA: 9s - batch_cost: 0.0545 - reader cost: 0.0111
  5/177 [..............................] - ETA: 9s - batch_cost: 0.0545 - reader cost: 0.0089
  6/177 [>.............................] - ETA: 9s - batch_cost: 0.0551 - reader cost: 0.0074
  7/177 [>.............................] - ETA: 9s - batch_cost: 0.0553 - reader cost: 0.0064
  8/177 [>.............................] - ETA: 9s - batch_cost: 0.0554 - reader cost: 0.0057
  9/177 [>.............................] - ETA: 9s - batch_cost: 0.0556 - reader cost: 0.0051
 10/177 [>.............................] - ETA: 9s - batch_cost: 0.0557 - reader cost: 0.0046
 11/177 [>.............................] - ETA: 9s - batch_cost: 0.0557 - reader cost: 0.0041
 12/177 [=>............................] - ETA: 9s - batch_cost: 0.0558 - reader cost: 0.0038
 13/177 [=>............................] - ETA: 9s - batch_cost: 0.0558 - reader cost: 0.0035
 14/177 [=>............................] - ETA: 9s - batch_cost: 0.0558 - reader cost: 0.0033
 15/177 [=>............................] - ETA: 9s - batch_cost: 0.0561 - reader cost: 0.0030
 16/177 [=>............................] - ETA: 9s - batch_cost: 0.0561 - reader cost: 0.0028
 17/177 [=>............................] - ETA: 8s - batch_cost: 0.0560 - reader cost: 0.0027
 18/177 [==>...........................] - ETA: 8s - batch_cost: 0.0560 - reader cost: 0.0025
 19/177 [==>...........................] - ETA: 8s - batch_cost: 0.0561 - reader cost: 0.0024
 20/177 [==>...........................] - ETA: 8s - batch_cost: 0.0561 - reader cost: 0.0023
 21/177 [==>...........................] - ETA: 8s - batch_cost: 0.0561 - reader cost: 0.0022
 22/177 [==>...........................] - ETA: 8s - batch_cost: 0.0561 - reader cost: 0.0021
 23/177 [==>...........................] - ETA: 8s - batch_cost: 0.0562 - reader cost: 0.0020
 24/177 [===>..........................] - ETA: 8s - batch_cost: 0.0562 - reader cost: 0.0019
 25/177 [===>..........................] - ETA: 8s - batch_cost: 0.0564 - reader cost: 0.0018
 26/177 [===>..........................] - ETA: 8s - batch_cost: 0.0563 - reader cost: 0.0018
 27/177 [===>..........................] - ETA: 8s - batch_cost: 0.0564 - reader cost: 0.0017
 28/177 [===>..........................] - ETA: 8s - batch_cost: 0.0563 - reader cost: 0.0016
 29/177 [===>..........................] - ETA: 8s - batch_cost: 0.0562 - reader cost: 0.0016
 30/177 [====>.........................] - ETA: 8s - batch_cost: 0.0563 - reader cost: 0.0015
 31/177 [====>.........................] - ETA: 8s - batch_cost: 0.0563 - reader cost: 0.0015
 32/177 [====>.........................] - ETA: 8s - batch_cost: 0.0563 - reader cost: 0.0014
 33/177 [====>.........................] - ETA: 8s - batch_cost: 0.0563 - reader cost: 0.0014
 34/177 [====>.........................] - ETA: 8s - batch_cost: 0.0564 - reader cost: 0.0013
 35/177 [====>.........................] - ETA: 8s - batch_cost: 0.0564 - reader cost: 0.0013
 36/177 [=====>........................] - ETA: 7s - batch_cost: 0.0564 - reader cost: 0.0013
 37/177 [=====>........................] - ETA: 7s - batch_cost: 0.0563 - reader cost: 0.0012
 38/177 [=====>........................] - ETA: 7s - batch_cost: 0.0563 - reader cost: 0.0012
 39/177 [=====>........................] - ETA: 7s - batch_cost: 0.0563 - reader cost: 0.0012
 40/177 [=====>........................] - ETA: 7s - batch_cost: 0.0563 - reader cost: 0.0012
 41/177 [=====>........................] - ETA: 7s - batch_cost: 0.0564 - reader cost: 0.0012
 42/177 [======>.......................] - ETA: 7s - batch_cost: 0.0564 - reader cost: 0.0011
 43/177 [======>.......................] - ETA: 7s - batch_cost: 0.0564 - reader cost: 0.0011
 44/177 [======>.......................] - ETA: 7s - batch_cost: 0.0564 - reader cost: 0.0011
 45/177 [======>.......................] - ETA: 7s - batch_cost: 0.0564 - reader cost: 0.0011
 46/177 [======>.......................] - ETA: 7s - batch_cost: 0.0565 - reader cost: 0.0010
 47/177 [======>.......................] - ETA: 7s - batch_cost: 0.0565 - reader cost: 0.0010
 48/177 [=======>......................] - ETA: 7s - batch_cost: 0.0564 - reader cost: 9.9050e-04
 49/177 [=======>......................] - ETA: 7s - batch_cost: 0.0565 - reader cost: 9.7029e-04
 50/177 [=======>......................] - ETA: 7s - batch_cost: 0.0565 - reader cost: 9.5088e-04
 51/177 [=======>......................] - ETA: 7s - batch_cost: 0.0564 - reader cost: 9.3224e-04
 52/177 [=======>......................] - ETA: 7s - batch_cost: 0.0566 - reader cost: 9.1431e-04
 53/177 [=======>......................] - ETA: 7s - batch_cost: 0.0564 - reader cost: 8.9706e-04
 54/177 [========>.....................] - ETA: 6s - batch_cost: 0.0564 - reader cost: 8.8044e-04
 55/177 [========>.....................] - ETA: 6s - batch_cost: 0.0564 - reader cost: 8.6444e-04
 56/177 [========>.....................] - ETA: 6s - batch_cost: 0.0564 - reader cost: 8.4900e-04
 57/177 [========>.....................] - ETA: 6s - batch_cost: 0.0564 - reader cost: 8.3411e-04
 58/177 [========>.....................] - ETA: 6s - batch_cost: 0.0565 - reader cost: 8.1972e-04
 59/177 [=========>....................] - ETA: 6s - batch_cost: 0.0564 - reader cost: 8.0583e-04
 60/177 [=========>....................] - ETA: 6s - batch_cost: 0.0564 - reader cost: 7.9240e-04
 61/177 [=========>....................] - ETA: 6s - batch_cost: 0.0564 - reader cost: 7.7941e-04
 62/177 [=========>....................] - ETA: 6s - batch_cost: 0.0565 - reader cost: 7.8298e-04
 63/177 [=========>....................] - ETA: 6s - batch_cost: 0.0565 - reader cost: 7.7055e-04
 64/177 [=========>....................] - ETA: 6s - batch_cost: 0.0565 - reader cost: 7.5851e-04
 65/177 [==========>...................] - ETA: 6s - batch_cost: 0.0564 - reader cost: 7.4684e-04
 66/177 [==========>...................] - ETA: 6s - batch_cost: 0.0565 - reader cost: 7.5068e-04
 67/177 [==========>...................] - ETA: 6s - batch_cost: 0.0565 - reader cost: 7.3948e-04
 68/177 [==========>...................] - ETA: 6s - batch_cost: 0.0564 - reader cost: 7.2860e-04
 69/177 [==========>...................] - ETA: 6s - batch_cost: 0.0565 - reader cost: 7.1804e-04
 70/177 [==========>...................] - ETA: 6s - batch_cost: 0.0565 - reader cost: 7.0779e-04
 71/177 [===========>..................] - ETA: 5s - batch_cost: 0.0564 - reader cost: 6.9782e-04
 72/177 [===========>..................] - ETA: 5s - batch_cost: 0.0565 - reader cost: 6.8813e-04
 73/177 [===========>..................] - ETA: 5s - batch_cost: 0.0565 - reader cost: 6.7870e-04
 74/177 [===========>..................] - ETA: 5s - batch_cost: 0.0565 - reader cost: 6.6953e-04
 75/177 [===========>..................] - ETA: 5s - batch_cost: 0.0565 - reader cost: 6.6060e-04
 76/177 [===========>..................] - ETA: 5s - batch_cost: 0.0565 - reader cost: 6.5191e-04
 77/177 [============>.................] - ETA: 5s - batch_cost: 0.0565 - reader cost: 6.4344e-04
 78/177 [============>.................] - ETA: 5s - batch_cost: 0.0565 - reader cost: 6.3519e-04
 79/177 [============>.................] - ETA: 5s - batch_cost: 0.0565 - reader cost: 6.2715e-04
 80/177 [============>.................] - ETA: 5s - batch_cost: 0.0565 - reader cost: 6.1931e-04
 81/177 [============>.................] - ETA: 5s - batch_cost: 0.0565 - reader cost: 6.1167e-04
 82/177 [============>.................] - ETA: 5s - batch_cost: 0.0565 - reader cost: 6.0421e-04
 83/177 [=============>................] - ETA: 5s - batch_cost: 0.0565 - reader cost: 5.9693e-04
 84/177 [=============>................] - ETA: 5s - batch_cost: 0.0565 - reader cost: 5.8982e-04
 85/177 [=============>................] - ETA: 5s - batch_cost: 0.0565 - reader cost: 5.8288e-04
 86/177 [=============>................] - ETA: 5s - batch_cost: 0.0565 - reader cost: 5.7611e-04
 87/177 [=============>................] - ETA: 5s - batch_cost: 0.0565 - reader cost: 5.6948e-04
 88/177 [=============>................] - ETA: 5s - batch_cost: 0.0565 - reader cost: 5.6301e-04
 89/177 [==============>...............] - ETA: 4s - batch_cost: 0.0565 - reader cost: 5.5669e-04
 90/177 [==============>...............] - ETA: 4s - batch_cost: 0.0565 - reader cost: 5.5050e-04
 91/177 [==============>...............] - ETA: 4s - batch_cost: 0.0565 - reader cost: 5.4445e-04
 92/177 [==============>...............] - ETA: 4s - batch_cost: 0.0565 - reader cost: 5.3853e-04
 93/177 [==============>...............] - ETA: 4s - batch_cost: 0.0565 - reader cost: 5.3274e-04
 94/177 [==============>...............] - ETA: 4s - batch_cost: 0.0565 - reader cost: 5.2707e-04
 95/177 [===============>..............] - ETA: 4s - batch_cost: 0.0565 - reader cost: 5.2153e-04
 96/177 [===============>..............] - ETA: 4s - batch_cost: 0.0565 - reader cost: 5.1609e-04
 97/177 [===============>..............] - ETA: 4s - batch_cost: 0.0565 - reader cost: 5.1077e-04
 98/177 [===============>..............] - ETA: 4s - batch_cost: 0.0565 - reader cost: 5.1107e-04
 99/177 [===============>..............] - ETA: 4s - batch_cost: 0.0565 - reader cost: 5.0590e-04
100/177 [===============>..............] - ETA: 4s - batch_cost: 0.0566 - reader cost: 5.0085e-04
101/177 [================>.............] - ETA: 4s - batch_cost: 0.0565 - reader cost: 4.9589e-04
102/177 [================>.............] - ETA: 4s - batch_cost: 0.0565 - reader cost: 4.9103e-04
103/177 [================>.............] - ETA: 4s - batch_cost: 0.0565 - reader cost: 4.8626e-04
104/177 [================>.............] - ETA: 4s - batch_cost: 0.0565 - reader cost: 4.8158e-04
105/177 [================>.............] - ETA: 4s - batch_cost: 0.0565 - reader cost: 4.7700e-04
106/177 [================>.............] - ETA: 4s - batch_cost: 0.0565 - reader cost: 4.7250e-04
107/177 [=================>............] - ETA: 3s - batch_cost: 0.0565 - reader cost: 4.6808e-04
108/177 [=================>............] - ETA: 3s - batch_cost: 0.0565 - reader cost: 4.6375e-04
109/177 [=================>............] - ETA: 3s - batch_cost: 0.0566 - reader cost: 4.5949e-04
110/177 [=================>............] - ETA: 3s - batch_cost: 0.0566 - reader cost: 4.5531e-04
111/177 [=================>............] - ETA: 3s - batch_cost: 0.0565 - reader cost: 4.5121e-04
112/177 [=================>............] - ETA: 3s - batch_cost: 0.0565 - reader cost: 4.4718e-04
113/177 [==================>...........] - ETA: 3s - batch_cost: 0.0565 - reader cost: 4.4323e-04
114/177 [==================>...........] - ETA: 3s - batch_cost: 0.0565 - reader cost: 4.3934e-04
115/177 [==================>...........] - ETA: 3s - batch_cost: 0.0565 - reader cost: 4.3552e-04
116/177 [==================>...........] - ETA: 3s - batch_cost: 0.0565 - reader cost: 4.3176e-04
117/177 [==================>...........] - ETA: 3s - batch_cost: 0.0565 - reader cost: 4.2807e-04
118/177 [===================>..........] - ETA: 3s - batch_cost: 0.0565 - reader cost: 4.2445e-04
119/177 [===================>..........] - ETA: 3s - batch_cost: 0.0565 - reader cost: 4.2088e-04
120/177 [===================>..........] - ETA: 3s - batch_cost: 0.0565 - reader cost: 4.1737e-04
121/177 [===================>..........] - ETA: 3s - batch_cost: 0.0565 - reader cost: 4.1392e-04
122/177 [===================>..........] - ETA: 3s - batch_cost: 0.0565 - reader cost: 4.1053e-04
123/177 [===================>..........] - ETA: 3s - batch_cost: 0.0565 - reader cost: 4.0719e-04
124/177 [====================>.........] - ETA: 3s - batch_cost: 0.0565 - reader cost: 4.0391e-04
125/177 [====================>.........] - ETA: 2s - batch_cost: 0.0565 - reader cost: 4.0068e-04
126/177 [====================>.........] - ETA: 2s - batch_cost: 0.0566 - reader cost: 3.9750e-04
127/177 [====================>.........] - ETA: 2s - batch_cost: 0.0566 - reader cost: 3.9437e-04
128/177 [====================>.........] - ETA: 2s - batch_cost: 0.0566 - reader cost: 3.9129e-04
129/177 [====================>.........] - ETA: 2s - batch_cost: 0.0565 - reader cost: 3.8825e-04
130/177 [=====================>........] - ETA: 2s - batch_cost: 0.0566 - reader cost: 3.8527e-04
131/177 [=====================>........] - ETA: 2s - batch_cost: 0.0566 - reader cost: 3.8233e-04
132/177 [=====================>........] - ETA: 2s - batch_cost: 0.0565 - reader cost: 3.7943e-04
133/177 [=====================>........] - ETA: 2s - batch_cost: 0.0566 - reader cost: 3.7658e-04
134/177 [=====================>........] - ETA: 2s - batch_cost: 0.0566 - reader cost: 3.7377e-04
135/177 [=====================>........] - ETA: 2s - batch_cost: 0.0565 - reader cost: 3.7100e-04
136/177 [======================>.......] - ETA: 2s - batch_cost: 0.0565 - reader cost: 3.6827e-04
137/177 [======================>.......] - ETA: 2s - batch_cost: 0.0565 - reader cost: 3.6558e-04
138/177 [======================>.......] - ETA: 2s - batch_cost: 0.0565 - reader cost: 3.6293e-04
139/177 [======================>.......] - ETA: 2s - batch_cost: 0.0566 - reader cost: 3.6032e-04
140/177 [======================>.......] - ETA: 2s - batch_cost: 0.0566 - reader cost: 3.5775e-04
141/177 [======================>.......] - ETA: 2s - batch_cost: 0.0566 - reader cost: 3.5521e-04
142/177 [=======================>......] - ETA: 1s - batch_cost: 0.0566 - reader cost: 3.5271e-04
143/177 [=======================>......] - ETA: 1s - batch_cost: 0.0566 - reader cost: 3.5024e-04
144/177 [=======================>......] - ETA: 1s - batch_cost: 0.0566 - reader cost: 3.4781e-04
145/177 [=======================>......] - ETA: 1s - batch_cost: 0.0566 - reader cost: 3.4541e-04
146/177 [=======================>......] - ETA: 1s - batch_cost: 0.0566 - reader cost: 3.4990e-04
147/177 [=======================>......] - ETA: 1s - batch_cost: 0.0565 - reader cost: 3.4752e-04
148/177 [========================>.....] - ETA: 1s - batch_cost: 0.0565 - reader cost: 3.4517e-04
149/177 [========================>.....] - ETA: 1s - batch_cost: 0.0565 - reader cost: 3.4286e-04
150/177 [========================>.....] - ETA: 1s - batch_cost: 0.0565 - reader cost: 3.4057e-04
151/177 [========================>.....] - ETA: 1s - batch_cost: 0.0566 - reader cost: 3.3832e-04
152/177 [========================>.....] - ETA: 1s - batch_cost: 0.0566 - reader cost: 3.3609e-04
153/177 [========================>.....] - ETA: 1s - batch_cost: 0.0566 - reader cost: 3.3389e-04
154/177 [=========================>....] - ETA: 1s - batch_cost: 0.0566 - reader cost: 3.3173e-04
155/177 [=========================>....] - ETA: 1s - batch_cost: 0.0566 - reader cost: 3.2959e-04
156/177 [=========================>....] - ETA: 1s - batch_cost: 0.0566 - reader cost: 3.2747e-04
157/177 [=========================>....] - ETA: 1s - batch_cost: 0.0566 - reader cost: 3.2539e-04
158/177 [=========================>....] - ETA: 1s - batch_cost: 0.0566 - reader cost: 3.2333e-04
159/177 [=========================>....] - ETA: 1s - batch_cost: 0.0566 - reader cost: 3.2129e-04
160/177 [==========================>...] - ETA: 0s - batch_cost: 0.0566 - reader cost: 3.1929e-04
161/177 [==========================>...] - ETA: 0s - batch_cost: 0.0566 - reader cost: 3.1730e-04
162/177 [==========================>...] - ETA: 0s - batch_cost: 0.0566 - reader cost: 3.1534e-04
163/177 [==========================>...] - ETA: 0s - batch_cost: 0.0566 - reader cost: 3.1341e-04
164/177 [==========================>...] - ETA: 0s - batch_cost: 0.0566 - reader cost: 3.1150e-04
165/177 [==========================>...] - ETA: 0s - batch_cost: 0.0566 - reader cost: 3.0961e-04
166/177 [===========================>..] - ETA: 0s - batch_cost: 0.0566 - reader cost: 3.0775e-04
167/177 [===========================>..] - ETA: 0s - batch_cost: 0.0566 - reader cost: 3.0590e-04
168/177 [===========================>..] - ETA: 0s - batch_cost: 0.0566 - reader cost: 3.1002e-04
169/177 [===========================>..] - ETA: 0s - batch_cost: 0.0566 - reader cost: 3.0819e-04
170/177 [===========================>..] - ETA: 0s - batch_cost: 0.0566 - reader cost: 3.0638e-04
171/177 [===========================>..] - ETA: 0s - batch_cost: 0.0566 - reader cost: 3.0458e-04
172/177 [============================>.] - ETA: 0s - batch_cost: 0.0566 - reader cost: 3.0281e-04
173/177 [============================>.] - ETA: 0s - batch_cost: 0.0566 - reader cost: 3.0106e-04
174/177 [============================>.] - ETA: 0s - batch_cost: 0.0566 - reader cost: 2.9933e-04
175/177 [============================>.] - ETA: 0s - batch_cost: 0.0566 - reader cost: 3.0337e-04
176/177 [============================>.] - ETA: 0s - batch_cost: 0.0566 - reader cost: 3.0164e-04
177/177 [==============================] - 10s 57ms/step - batch_cost: 0.0566 - reader cost: 2.9994e-04

  1/177 [..............................] - ETA: 11s - batch_cost: 0.0629 - reader cost: 0.0424
  2/177 [..............................] - ETA: 10s - batch_cost: 0.0625 - reader cost: 0.0325
  3/177 [..............................] - ETA: 10s - batch_cost: 0.0587 - reader cost: 0.0216
  4/177 [..............................] - ETA: 10s - batch_cost: 0.0618 - reader cost: 0.0162
  5/177 [..............................] - ETA: 10s - batch_cost: 0.0617 - reader cost: 0.0130
  6/177 [>.............................] - ETA: 10s - batch_cost: 0.0614 - reader cost: 0.0108
  7/177 [>.............................] - ETA: 10s - batch_cost: 0.0612 - reader cost: 0.0093
  9/177 [>.............................] - ETA: 10s - batch_cost: 0.0597 - reader cost: 0.0072
 10/177 [>.............................] - ETA: 9s - batch_cost: 0.0589 - reader cost: 0.0065 
 11/177 [>.............................] - ETA: 9s - batch_cost: 0.0584 - reader cost: 0.0059
 12/177 [=>............................] - ETA: 9s - batch_cost: 0.0585 - reader cost: 0.0054
 13/177 [=>............................] - ETA: 9s - batch_cost: 0.0582 - reader cost: 0.0050
 14/177 [=>............................] - ETA: 9s - batch_cost: 0.0581 - reader cost: 0.0046
 15/177 [=>............................] - ETA: 9s - batch_cost: 0.0579 - reader cost: 0.0043
 16/177 [=>............................] - ETA: 9s - batch_cost: 0.0579 - reader cost: 0.0041
 17/177 [=>............................] - ETA: 9s - batch_cost: 0.0579 - reader cost: 0.0038
 18/177 [==>...........................] - ETA: 9s - batch_cost: 0.0579 - reader cost: 0.0036
 19/177 [==>...........................] - ETA: 9s - batch_cost: 0.0578 - reader cost: 0.0034
 20/177 [==>...........................] - ETA: 9s - batch_cost: 0.0578 - reader cost: 0.0032
 21/177 [==>...........................] - ETA: 9s - batch_cost: 0.0577 - reader cost: 0.0031
 22/177 [==>...........................] - ETA: 8s - batch_cost: 0.0578 - reader cost: 0.0030
 23/177 [==>...........................] - ETA: 8s - batch_cost: 0.0576 - reader cost: 0.0028
 24/177 [===>..........................] - ETA: 8s - batch_cost: 0.0576 - reader cost: 0.0027
 25/177 [===>..........................] - ETA: 8s - batch_cost: 0.0575 - reader cost: 0.0026
 26/177 [===>..........................] - ETA: 8s - batch_cost: 0.0576 - reader cost: 0.0025
 27/177 [===>..........................] - ETA: 8s - batch_cost: 0.0575 - reader cost: 0.0024
 28/177 [===>..........................] - ETA: 8s - batch_cost: 0.0574 - reader cost: 0.0024
 29/177 [===>..........................] - ETA: 8s - batch_cost: 0.0574 - reader cost: 0.0023
 30/177 [====>.........................] - ETA: 8s - batch_cost: 0.0574 - reader cost: 0.0022
 31/177 [====>.........................] - ETA: 8s - batch_cost: 0.0574 - reader cost: 0.0021
 32/177 [====>.........................] - ETA: 8s - batch_cost: 0.0574 - reader cost: 0.0021
 33/177 [====>.........................] - ETA: 8s - batch_cost: 0.0573 - reader cost: 0.0020
 34/177 [====>.........................] - ETA: 8s - batch_cost: 0.0575 - reader cost: 0.0019
 35/177 [====>.........................] - ETA: 8s - batch_cost: 0.0574 - reader cost: 0.0019
 36/177 [=====>........................] - ETA: 8s - batch_cost: 0.0573 - reader cost: 0.0018
 37/177 [=====>........................] - ETA: 8s - batch_cost: 0.0573 - reader cost: 0.0018
 38/177 [=====>........................] - ETA: 7s - batch_cost: 0.0574 - reader cost: 0.0017
 39/177 [=====>........................] - ETA: 7s - batch_cost: 0.0573 - reader cost: 0.0017
 40/177 [=====>........................] - ETA: 7s - batch_cost: 0.0573 - reader cost: 0.0016
 41/177 [=====>........................] - ETA: 7s - batch_cost: 0.0573 - reader cost: 0.0016
 42/177 [======>.......................] - ETA: 7s - batch_cost: 0.0572 - reader cost: 0.0016
 43/177 [======>.......................] - ETA: 7s - batch_cost: 0.0573 - reader cost: 0.0015
 44/177 [======>.......................] - ETA: 7s - batch_cost: 0.0573 - reader cost: 0.0015
 45/177 [======>.......................] - ETA: 7s - batch_cost: 0.0573 - reader cost: 0.0015
 46/177 [======>.......................] - ETA: 7s - batch_cost: 0.0572 - reader cost: 0.0014
 47/177 [======>.......................] - ETA: 7s - batch_cost: 0.0572 - reader cost: 0.0014
 48/177 [=======>......................] - ETA: 7s - batch_cost: 0.0572 - reader cost: 0.0014
 49/177 [=======>......................] - ETA: 7s - batch_cost: 0.0573 - reader cost: 0.0013
 50/177 [=======>......................] - ETA: 7s - batch_cost: 0.0572 - reader cost: 0.0013
 51/177 [=======>......................] - ETA: 7s - batch_cost: 0.0572 - reader cost: 0.0013
 52/177 [=======>......................] - ETA: 7s - batch_cost: 0.0572 - reader cost: 0.0013
 53/177 [=======>......................] - ETA: 7s - batch_cost: 0.0572 - reader cost: 0.0012
 54/177 [========>.....................] - ETA: 7s - batch_cost: 0.0572 - reader cost: 0.0012
 55/177 [========>.....................] - ETA: 6s - batch_cost: 0.0572 - reader cost: 0.0012
 56/177 [========>.....................] - ETA: 6s - batch_cost: 0.0572 - reader cost: 0.0012
 57/177 [========>.....................] - ETA: 6s - batch_cost: 0.0572 - reader cost: 0.0012
 58/177 [========>.....................] - ETA: 6s - batch_cost: 0.0571 - reader cost: 0.0011
 59/177 [=========>....................] - ETA: 6s - batch_cost: 0.0571 - reader cost: 0.0011
 60/177 [=========>....................] - ETA: 6s - batch_cost: 0.0571 - reader cost: 0.0011
 61/177 [=========>....................] - ETA: 6s - batch_cost: 0.0571 - reader cost: 0.0011
 62/177 [=========>....................] - ETA: 6s - batch_cost: 0.0571 - reader cost: 0.0011
 63/177 [=========>....................] - ETA: 6s - batch_cost: 0.0571 - reader cost: 0.0010
 64/177 [=========>....................] - ETA: 6s - batch_cost: 0.0571 - reader cost: 0.0010
 65/177 [==========>...................] - ETA: 6s - batch_cost: 0.0571 - reader cost: 0.0010
 66/177 [==========>...................] - ETA: 6s - batch_cost: 0.0571 - reader cost: 9.9862e-04
 67/177 [==========>...................] - ETA: 6s - batch_cost: 0.0571 - reader cost: 9.8372e-04
 68/177 [==========>...................] - ETA: 6s - batch_cost: 0.0571 - reader cost: 9.6925e-04
 69/177 [==========>...................] - ETA: 6s - batch_cost: 0.0571 - reader cost: 9.5520e-04
 70/177 [==========>...................] - ETA: 6s - batch_cost: 0.0570 - reader cost: 9.4156e-04
 71/177 [===========>..................] - ETA: 6s - batch_cost: 0.0571 - reader cost: 9.2829e-04
 72/177 [===========>..................] - ETA: 5s - batch_cost: 0.0570 - reader cost: 9.1540e-04
 73/177 [===========>..................] - ETA: 5s - batch_cost: 0.0571 - reader cost: 9.0286e-04
 74/177 [===========>..................] - ETA: 5s - batch_cost: 0.0571 - reader cost: 8.9066e-04
 75/177 [===========>..................] - ETA: 5s - batch_cost: 0.0570 - reader cost: 8.7879e-04
 76/177 [===========>..................] - ETA: 5s - batch_cost: 0.0572 - reader cost: 8.6722e-04
 78/177 [============>.................] - ETA: 5s - batch_cost: 0.0571 - reader cost: 8.4499e-04
 79/177 [============>.................] - ETA: 5s - batch_cost: 0.0570 - reader cost: 8.3429e-04
 80/177 [============>.................] - ETA: 5s - batch_cost: 0.0570 - reader cost: 8.3636e-04
 81/177 [============>.................] - ETA: 5s - batch_cost: 0.0570 - reader cost: 8.2603e-04
 82/177 [============>.................] - ETA: 5s - batch_cost: 0.0570 - reader cost: 8.1596e-04
 83/177 [=============>................] - ETA: 5s - batch_cost: 0.0570 - reader cost: 8.0613e-04
 84/177 [=============>................] - ETA: 5s - batch_cost: 0.0570 - reader cost: 7.9653e-04
 85/177 [=============>................] - ETA: 5s - batch_cost: 0.0570 - reader cost: 7.8716e-04
 86/177 [=============>................] - ETA: 5s - batch_cost: 0.0570 - reader cost: 7.7801e-04
 87/177 [=============>................] - ETA: 5s - batch_cost: 0.0570 - reader cost: 7.6906e-04
 88/177 [=============>................] - ETA: 5s - batch_cost: 0.0570 - reader cost: 7.6032e-04
 89/177 [==============>...............] - ETA: 5s - batch_cost: 0.0570 - reader cost: 7.5178e-04
 90/177 [==============>...............] - ETA: 4s - batch_cost: 0.0570 - reader cost: 7.4343e-04
 91/177 [==============>...............] - ETA: 4s - batch_cost: 0.0570 - reader cost: 7.3526e-04
 92/177 [==============>...............] - ETA: 4s - batch_cost: 0.0570 - reader cost: 7.2727e-04
 93/177 [==============>...............] - ETA: 4s - batch_cost: 0.0570 - reader cost: 7.1945e-04
 94/177 [==============>...............] - ETA: 4s - batch_cost: 0.0569 - reader cost: 7.1179e-04
 95/177 [===============>..............] - ETA: 4s - batch_cost: 0.0569 - reader cost: 7.0430e-04
 96/177 [===============>..............] - ETA: 4s - batch_cost: 0.0569 - reader cost: 6.9696e-04
 97/177 [===============>..............] - ETA: 4s - batch_cost: 0.0569 - reader cost: 6.8978e-04
 98/177 [===============>..............] - ETA: 4s - batch_cost: 0.0569 - reader cost: 6.8274e-04
 99/177 [===============>..............] - ETA: 4s - batch_cost: 0.0570 - reader cost: 6.7584e-04
100/177 [===============>..............] - ETA: 4s - batch_cost: 0.0570 - reader cost: 6.6909e-04
101/177 [================>.............] - ETA: 4s - batch_cost: 0.0569 - reader cost: 6.6246e-04
102/177 [================>.............] - ETA: 4s - batch_cost: 0.0570 - reader cost: 6.5597e-04
103/177 [================>.............] - ETA: 4s - batch_cost: 0.0569 - reader cost: 6.4960e-04
104/177 [================>.............] - ETA: 4s - batch_cost: 0.0569 - reader cost: 6.4335e-04
105/177 [================>.............] - ETA: 4s - batch_cost: 0.0569 - reader cost: 6.3722e-04
106/177 [================>.............] - ETA: 4s - batch_cost: 0.0570 - reader cost: 6.3121e-04
107/177 [=================>............] - ETA: 3s - batch_cost: 0.0570 - reader cost: 6.2531e-04
108/177 [=================>............] - ETA: 3s - batch_cost: 0.0569 - reader cost: 6.1952e-04
109/177 [=================>............] - ETA: 3s - batch_cost: 0.0570 - reader cost: 6.1384e-04
110/177 [=================>............] - ETA: 3s - batch_cost: 0.0570 - reader cost: 6.0826e-04
111/177 [=================>............] - ETA: 3s - batch_cost: 0.0570 - reader cost: 6.0278e-04
112/177 [=================>............] - ETA: 3s - batch_cost: 0.0570 - reader cost: 5.9740e-04
113/177 [==================>...........] - ETA: 3s - batch_cost: 0.0570 - reader cost: 5.9211e-04
114/177 [==================>...........] - ETA: 3s - batch_cost: 0.0569 - reader cost: 5.8692e-04
115/177 [==================>...........] - ETA: 3s - batch_cost: 0.0569 - reader cost: 5.8181e-04
116/177 [==================>...........] - ETA: 3s - batch_cost: 0.0569 - reader cost: 5.7680e-04
117/177 [==================>...........] - ETA: 3s - batch_cost: 0.0569 - reader cost: 5.7187e-04
118/177 [===================>..........] - ETA: 3s - batch_cost: 0.0569 - reader cost: 5.7550e-04
119/177 [===================>..........] - ETA: 3s - batch_cost: 0.0569 - reader cost: 5.7730e-04
120/177 [===================>..........] - ETA: 3s - batch_cost: 0.0569 - reader cost: 5.7248e-04
121/177 [===================>..........] - ETA: 3s - batch_cost: 0.0569 - reader cost: 5.7603e-04
122/177 [===================>..........] - ETA: 3s - batch_cost: 0.0569 - reader cost: 5.7130e-04
123/177 [===================>..........] - ETA: 3s - batch_cost: 0.0569 - reader cost: 5.6666e-04
124/177 [====================>.........] - ETA: 3s - batch_cost: 0.0569 - reader cost: 5.6209e-04
125/177 [====================>.........] - ETA: 2s - batch_cost: 0.0569 - reader cost: 5.5759e-04
126/177 [====================>.........] - ETA: 2s - batch_cost: 0.0569 - reader cost: 5.5317e-04
127/177 [====================>.........] - ETA: 2s - batch_cost: 0.0569 - reader cost: 5.4881e-04
128/177 [====================>.........] - ETA: 2s - batch_cost: 0.0569 - reader cost: 5.4452e-04
129/177 [====================>.........] - ETA: 2s - batch_cost: 0.0569 - reader cost: 5.4030e-04
130/177 [=====================>........] - ETA: 2s - batch_cost: 0.0569 - reader cost: 5.3615e-04
131/177 [=====================>........] - ETA: 2s - batch_cost: 0.0570 - reader cost: 5.3205e-04
132/177 [=====================>........] - ETA: 2s - batch_cost: 0.0570 - reader cost: 5.2802e-04
133/177 [=====================>........] - ETA: 2s - batch_cost: 0.0570 - reader cost: 5.2405e-04
134/177 [=====================>........] - ETA: 2s - batch_cost: 0.0570 - reader cost: 5.2014e-04
135/177 [=====================>........] - ETA: 2s - batch_cost: 0.0570 - reader cost: 5.1629e-04
136/177 [======================>.......] - ETA: 2s - batch_cost: 0.0570 - reader cost: 5.1249e-04
137/177 [======================>.......] - ETA: 2s - batch_cost: 0.0570 - reader cost: 5.0875e-04
138/177 [======================>.......] - ETA: 2s - batch_cost: 0.0570 - reader cost: 5.0507e-04
139/177 [======================>.......] - ETA: 2s - batch_cost: 0.0570 - reader cost: 5.0143e-04
140/177 [======================>.......] - ETA: 2s - batch_cost: 0.0570 - reader cost: 4.9785e-04
141/177 [======================>.......] - ETA: 2s - batch_cost: 0.0570 - reader cost: 4.9432e-04
142/177 [=======================>......] - ETA: 2s - batch_cost: 0.0570 - reader cost: 4.9788e-04
143/177 [=======================>......] - ETA: 1s - batch_cost: 0.0570 - reader cost: 4.9440e-04
144/177 [=======================>......] - ETA: 1s - batch_cost: 0.0570 - reader cost: 4.9096e-04
145/177 [=======================>......] - ETA: 1s - batch_cost: 0.0570 - reader cost: 4.8758e-04
146/177 [=======================>......] - ETA: 1s - batch_cost: 0.0570 - reader cost: 4.8424e-04
147/177 [=======================>......] - ETA: 1s - batch_cost: 0.0570 - reader cost: 4.8094e-04
148/177 [========================>.....] - ETA: 1s - batch_cost: 0.0570 - reader cost: 4.7769e-04
149/177 [========================>.....] - ETA: 1s - batch_cost: 0.0570 - reader cost: 4.7449e-04
150/177 [========================>.....] - ETA: 1s - batch_cost: 0.0570 - reader cost: 4.7132e-04
151/177 [========================>.....] - ETA: 1s - batch_cost: 0.0570 - reader cost: 4.6820e-04
152/177 [========================>.....] - ETA: 1s - batch_cost: 0.0570 - reader cost: 4.6512e-04
153/177 [========================>.....] - ETA: 1s - batch_cost: 0.0570 - reader cost: 4.6208e-04
154/177 [=========================>....] - ETA: 1s - batch_cost: 0.0570 - reader cost: 4.5908e-04
155/177 [=========================>....] - ETA: 1s - batch_cost: 0.0570 - reader cost: 4.5612e-04
156/177 [=========================>....] - ETA: 1s - batch_cost: 0.0570 - reader cost: 4.5964e-04
157/177 [=========================>....] - ETA: 1s - batch_cost: 0.0570 - reader cost: 4.5671e-04
158/177 [=========================>....] - ETA: 1s - batch_cost: 0.0570 - reader cost: 4.6015e-04
159/177 [=========================>....] - ETA: 1s - batch_cost: 0.0570 - reader cost: 4.5726e-04
160/177 [==========================>...] - ETA: 0s - batch_cost: 0.0570 - reader cost: 4.5440e-04
161/177 [==========================>...] - ETA: 0s - batch_cost: 0.0570 - reader cost: 4.5158e-04
162/177 [==========================>...] - ETA: 0s - batch_cost: 0.0570 - reader cost: 4.4879e-04
163/177 [==========================>...] - ETA: 0s - batch_cost: 0.0570 - reader cost: 4.4604e-04
164/177 [==========================>...] - ETA: 0s - batch_cost: 0.0571 - reader cost: 4.4332e-04
165/177 [==========================>...] - ETA: 0s - batch_cost: 0.0571 - reader cost: 4.4063e-04
166/177 [===========================>..] - ETA: 0s - batch_cost: 0.0571 - reader cost: 4.3797e-04
167/177 [===========================>..] - ETA: 0s - batch_cost: 0.0571 - reader cost: 4.3535e-04
168/177 [===========================>..] - ETA: 0s - batch_cost: 0.0571 - reader cost: 4.3276e-04
169/177 [===========================>..] - ETA: 0s - batch_cost: 0.0571 - reader cost: 4.3020e-04
170/177 [===========================>..] - ETA: 0s - batch_cost: 0.0571 - reader cost: 4.2767e-04
171/177 [===========================>..] - ETA: 0s - batch_cost: 0.0571 - reader cost: 4.2517e-04
172/177 [============================>.] - ETA: 0s - batch_cost: 0.0571 - reader cost: 4.2270e-04
173/177 [============================>.] - ETA: 0s - batch_cost: 0.0571 - reader cost: 4.2025e-04
174/177 [============================>.] - ETA: 0s - batch_cost: 0.0571 - reader cost: 4.1784e-04
175/177 [============================>.] - ETA: 0s - batch_cost: 0.0572 - reader cost: 4.1545e-04
176/177 [============================>.] - ETA: 0s - batch_cost: 0.0572 - reader cost: 4.1309e-04
177/177 [==============================] - 10s 57ms/step - batch_cost: 0.0572 - reader cost: 4.1076e-04

  1/177 [..............................] - ETA: 8s - batch_cost: 0.0509 - reader cost: 0.0339
  2/177 [..............................] - ETA: 9s - batch_cost: 0.0568 - reader cost: 0.0255
  3/177 [..............................] - ETA: 10s - batch_cost: 0.0589 - reader cost: 0.0170
  4/177 [..............................] - ETA: 10s - batch_cost: 0.0582 - reader cost: 0.0128
  5/177 [..............................] - ETA: 10s - batch_cost: 0.0590 - reader cost: 0.0102
  6/177 [>.............................] - ETA: 10s - batch_cost: 0.0590 - reader cost: 0.0085
  7/177 [>.............................] - ETA: 9s - batch_cost: 0.0585 - reader cost: 0.0073 
  8/177 [>.............................] - ETA: 9s - batch_cost: 0.0587 - reader cost: 0.0064
  9/177 [>.............................] - ETA: 9s - batch_cost: 0.0583 - reader cost: 0.0057
 10/177 [>.............................] - ETA: 9s - batch_cost: 0.0583 - reader cost: 0.0051
 11/177 [>.............................] - ETA: 9s - batch_cost: 0.0583 - reader cost: 0.0046
 12/177 [=>............................] - ETA: 9s - batch_cost: 0.0583 - reader cost: 0.0043
 13/177 [=>............................] - ETA: 9s - batch_cost: 0.0581 - reader cost: 0.0039
 14/177 [=>............................] - ETA: 9s - batch_cost: 0.0579 - reader cost: 0.0036
 15/177 [=>............................] - ETA: 9s - batch_cost: 0.0581 - reader cost: 0.0034
 16/177 [=>............................] - ETA: 9s - batch_cost: 0.0582 - reader cost: 0.0032
 17/177 [=>............................] - ETA: 9s - batch_cost: 0.0583 - reader cost: 0.0030
 18/177 [==>...........................] - ETA: 9s - batch_cost: 0.0584 - reader cost: 0.0028
 19/177 [==>...........................] - ETA: 9s - batch_cost: 0.0583 - reader cost: 0.0027
 20/177 [==>...........................] - ETA: 9s - batch_cost: 0.0585 - reader cost: 0.0026
 21/177 [==>...........................] - ETA: 9s - batch_cost: 0.0586 - reader cost: 0.0024
 22/177 [==>...........................] - ETA: 9s - batch_cost: 0.0585 - reader cost: 0.0023
 23/177 [==>...........................] - ETA: 9s - batch_cost: 0.0586 - reader cost: 0.0022
 24/177 [===>..........................] - ETA: 8s - batch_cost: 0.0586 - reader cost: 0.0021
 25/177 [===>..........................] - ETA: 8s - batch_cost: 0.0587 - reader cost: 0.0020
 26/177 [===>..........................] - ETA: 8s - batch_cost: 0.0588 - reader cost: 0.0020
 27/177 [===>..........................] - ETA: 8s - batch_cost: 0.0587 - reader cost: 0.0019
 28/177 [===>..........................] - ETA: 8s - batch_cost: 0.0585 - reader cost: 0.0018
 29/177 [===>..........................] - ETA: 8s - batch_cost: 0.0586 - reader cost: 0.0018
 30/177 [====>.........................] - ETA: 8s - batch_cost: 0.0585 - reader cost: 0.0017
 31/177 [====>.........................] - ETA: 8s - batch_cost: 0.0585 - reader cost: 0.0016
 32/177 [====>.........................] - ETA: 8s - batch_cost: 0.0585 - reader cost: 0.0016
 33/177 [====>.........................] - ETA: 8s - batch_cost: 0.0584 - reader cost: 0.0016
 34/177 [====>.........................] - ETA: 8s - batch_cost: 0.0584 - reader cost: 0.0015
 35/177 [====>.........................] - ETA: 8s - batch_cost: 0.0583 - reader cost: 0.0015
 36/177 [=====>........................] - ETA: 8s - batch_cost: 0.0584 - reader cost: 0.0014
 37/177 [=====>........................] - ETA: 8s - batch_cost: 0.0584 - reader cost: 0.0014
 38/177 [=====>........................] - ETA: 8s - batch_cost: 0.0585 - reader cost: 0.0014
 39/177 [=====>........................] - ETA: 8s - batch_cost: 0.0585 - reader cost: 0.0013
 40/177 [=====>........................] - ETA: 8s - batch_cost: 0.0584 - reader cost: 0.0013
 41/177 [=====>........................] - ETA: 7s - batch_cost: 0.0584 - reader cost: 0.0013
 42/177 [======>.......................] - ETA: 7s - batch_cost: 0.0584 - reader cost: 0.0012
 43/177 [======>.......................] - ETA: 7s - batch_cost: 0.0583 - reader cost: 0.0012
 44/177 [======>.......................] - ETA: 7s - batch_cost: 0.0583 - reader cost: 0.0012
 45/177 [======>.......................] - ETA: 7s - batch_cost: 0.0583 - reader cost: 0.0011
 46/177 [======>.......................] - ETA: 7s - batch_cost: 0.0583 - reader cost: 0.0011
 47/177 [======>.......................] - ETA: 7s - batch_cost: 0.0582 - reader cost: 0.0011
 48/177 [=======>......................] - ETA: 7s - batch_cost: 0.0583 - reader cost: 0.0011
 49/177 [=======>......................] - ETA: 7s - batch_cost: 0.0582 - reader cost: 0.0011
 50/177 [=======>......................] - ETA: 7s - batch_cost: 0.0581 - reader cost: 0.0010
 51/177 [=======>......................] - ETA: 7s - batch_cost: 0.0581 - reader cost: 0.0010
 52/177 [=======>......................] - ETA: 7s - batch_cost: 0.0581 - reader cost: 9.9242e-04
 53/177 [=======>......................] - ETA: 7s - batch_cost: 0.0580 - reader cost: 9.7370e-04
 54/177 [========>.....................] - ETA: 7s - batch_cost: 0.0581 - reader cost: 9.5567e-04
 55/177 [========>.....................] - ETA: 7s - batch_cost: 0.0580 - reader cost: 9.3829e-04
 56/177 [========>.....................] - ETA: 7s - batch_cost: 0.0580 - reader cost: 9.2153e-04
 57/177 [========>.....................] - ETA: 6s - batch_cost: 0.0580 - reader cost: 9.0537e-04
 58/177 [========>.....................] - ETA: 6s - batch_cost: 0.0580 - reader cost: 8.8976e-04
 59/177 [=========>....................] - ETA: 6s - batch_cost: 0.0580 - reader cost: 8.7468e-04
 60/177 [=========>....................] - ETA: 6s - batch_cost: 0.0580 - reader cost: 8.6010e-04
 61/177 [=========>....................] - ETA: 6s - batch_cost: 0.0579 - reader cost: 8.4600e-04
 62/177 [=========>....................] - ETA: 6s - batch_cost: 0.0579 - reader cost: 8.3235e-04
 63/177 [=========>....................] - ETA: 6s - batch_cost: 0.0579 - reader cost: 8.1914e-04
 64/177 [=========>....................] - ETA: 6s - batch_cost: 0.0579 - reader cost: 8.0634e-04
 65/177 [==========>...................] - ETA: 6s - batch_cost: 0.0580 - reader cost: 7.9394e-04
 66/177 [==========>...................] - ETA: 6s - batch_cost: 0.0580 - reader cost: 7.8191e-04
 67/177 [==========>...................] - ETA: 6s - batch_cost: 0.0580 - reader cost: 7.7024e-04
 68/177 [==========>...................] - ETA: 6s - batch_cost: 0.0580 - reader cost: 7.5891e-04
 69/177 [==========>...................] - ETA: 6s - batch_cost: 0.0580 - reader cost: 7.4791e-04
 70/177 [==========>...................] - ETA: 6s - batch_cost: 0.0581 - reader cost: 7.3723e-04
 71/177 [===========>..................] - ETA: 6s - batch_cost: 0.0581 - reader cost: 7.2684e-04
 72/177 [===========>..................] - ETA: 6s - batch_cost: 0.0581 - reader cost: 7.1675e-04
 73/177 [===========>..................] - ETA: 6s - batch_cost: 0.0581 - reader cost: 7.0693e-04
 74/177 [===========>..................] - ETA: 5s - batch_cost: 0.0581 - reader cost: 6.9738e-04
 75/177 [===========>..................] - ETA: 5s - batch_cost: 0.0581 - reader cost: 6.8808e-04
 76/177 [===========>..................] - ETA: 5s - batch_cost: 0.0581 - reader cost: 6.7903e-04
 77/177 [============>.................] - ETA: 5s - batch_cost: 0.0581 - reader cost: 6.7021e-04
 78/177 [============>.................] - ETA: 5s - batch_cost: 0.0581 - reader cost: 6.7445e-04
 79/177 [============>.................] - ETA: 5s - batch_cost: 0.0581 - reader cost: 6.6591e-04
 80/177 [============>.................] - ETA: 5s - batch_cost: 0.0581 - reader cost: 6.5759e-04
 81/177 [============>.................] - ETA: 5s - batch_cost: 0.0580 - reader cost: 6.4947e-04
 82/177 [============>.................] - ETA: 5s - batch_cost: 0.0580 - reader cost: 6.5375e-04
 83/177 [=============>................] - ETA: 5s - batch_cost: 0.0580 - reader cost: 6.4588e-04
 84/177 [=============>................] - ETA: 5s - batch_cost: 0.0580 - reader cost: 6.3819e-04
 85/177 [=============>................] - ETA: 5s - batch_cost: 0.0580 - reader cost: 6.3068e-04
 86/177 [=============>................] - ETA: 5s - batch_cost: 0.0580 - reader cost: 6.3509e-04
 87/177 [=============>................] - ETA: 5s - batch_cost: 0.0580 - reader cost: 6.2779e-04
 88/177 [=============>................] - ETA: 5s - batch_cost: 0.0580 - reader cost: 6.2066e-04
 89/177 [==============>...............] - ETA: 5s - batch_cost: 0.0580 - reader cost: 6.1368e-04
 90/177 [==============>...............] - ETA: 5s - batch_cost: 0.0580 - reader cost: 6.0687e-04
 91/177 [==============>...............] - ETA: 4s - batch_cost: 0.0580 - reader cost: 6.0020e-04
 92/177 [==============>...............] - ETA: 4s - batch_cost: 0.0580 - reader cost: 5.9367e-04
 93/177 [==============>...............] - ETA: 4s - batch_cost: 0.0580 - reader cost: 5.8729e-04
 94/177 [==============>...............] - ETA: 4s - batch_cost: 0.0580 - reader cost: 5.8104e-04
 95/177 [===============>..............] - ETA: 4s - batch_cost: 0.0580 - reader cost: 5.7493e-04
 96/177 [===============>..............] - ETA: 4s - batch_cost: 0.0580 - reader cost: 5.6894e-04
 97/177 [===============>..............] - ETA: 4s - batch_cost: 0.0580 - reader cost: 5.6307e-04
 98/177 [===============>..............] - ETA: 4s - batch_cost: 0.0580 - reader cost: 5.5733e-04
 99/177 [===============>..............] - ETA: 4s - batch_cost: 0.0579 - reader cost: 5.5170e-04
100/177 [===============>..............] - ETA: 4s - batch_cost: 0.0579 - reader cost: 5.4618e-04
101/177 [================>.............] - ETA: 4s - batch_cost: 0.0579 - reader cost: 5.4077e-04
102/177 [================>.............] - ETA: 4s - batch_cost: 0.0579 - reader cost: 5.3547e-04
103/177 [================>.............] - ETA: 4s - batch_cost: 0.0579 - reader cost: 5.3027e-04
104/177 [================>.............] - ETA: 4s - batch_cost: 0.0579 - reader cost: 5.2517e-04
105/177 [================>.............] - ETA: 4s - batch_cost: 0.0579 - reader cost: 5.2017e-04
106/177 [================>.............] - ETA: 4s - batch_cost: 0.0579 - reader cost: 5.1526e-04
107/177 [=================>............] - ETA: 4s - batch_cost: 0.0579 - reader cost: 5.1045e-04
108/177 [=================>............] - ETA: 3s - batch_cost: 0.0578 - reader cost: 5.0572e-04
109/177 [=================>............] - ETA: 3s - batch_cost: 0.0579 - reader cost: 5.0108e-04
110/177 [=================>............] - ETA: 3s - batch_cost: 0.0579 - reader cost: 4.9653e-04
111/177 [=================>............] - ETA: 3s - batch_cost: 0.0578 - reader cost: 4.9205e-04
112/177 [=================>............] - ETA: 3s - batch_cost: 0.0578 - reader cost: 4.8766e-04
113/177 [==================>...........] - ETA: 3s - batch_cost: 0.0578 - reader cost: 4.8334e-04
114/177 [==================>...........] - ETA: 3s - batch_cost: 0.0578 - reader cost: 4.7910e-04
115/177 [==================>...........] - ETA: 3s - batch_cost: 0.0578 - reader cost: 4.7494e-04
116/177 [==================>...........] - ETA: 3s - batch_cost: 0.0578 - reader cost: 4.7084e-04
117/177 [==================>...........] - ETA: 3s - batch_cost: 0.0578 - reader cost: 4.7536e-04
118/177 [===================>..........] - ETA: 3s - batch_cost: 0.0579 - reader cost: 4.7133e-04
119/177 [===================>..........] - ETA: 3s - batch_cost: 0.0579 - reader cost: 4.6737e-04
120/177 [===================>..........] - ETA: 3s - batch_cost: 0.0579 - reader cost: 4.6348e-04
121/177 [===================>..........] - ETA: 3s - batch_cost: 0.0579 - reader cost: 4.5965e-04
122/177 [===================>..........] - ETA: 3s - batch_cost: 0.0579 - reader cost: 4.5588e-04
123/177 [===================>..........] - ETA: 3s - batch_cost: 0.0579 - reader cost: 4.5217e-04
124/177 [====================>.........] - ETA: 3s - batch_cost: 0.0579 - reader cost: 4.4852e-04
125/177 [====================>.........] - ETA: 3s - batch_cost: 0.0579 - reader cost: 4.4494e-04
126/177 [====================>.........] - ETA: 2s - batch_cost: 0.0578 - reader cost: 4.4141e-04
127/177 [====================>.........] - ETA: 2s - batch_cost: 0.0578 - reader cost: 4.3793e-04
128/177 [====================>.........] - ETA: 2s - batch_cost: 0.0578 - reader cost: 4.3451e-04
129/177 [====================>.........] - ETA: 2s - batch_cost: 0.0578 - reader cost: 4.3114e-04
130/177 [=====================>........] - ETA: 2s - batch_cost: 0.0578 - reader cost: 4.2782e-04
131/177 [=====================>........] - ETA: 2s - batch_cost: 0.0578 - reader cost: 4.2456e-04
132/177 [=====================>........] - ETA: 2s - batch_cost: 0.0578 - reader cost: 4.2134e-04
133/177 [=====================>........] - ETA: 2s - batch_cost: 0.0578 - reader cost: 4.1817e-04
134/177 [=====================>........] - ETA: 2s - batch_cost: 0.0578 - reader cost: 4.1505e-04
135/177 [=====================>........] - ETA: 2s - batch_cost: 0.0578 - reader cost: 4.1198e-04
136/177 [======================>.......] - ETA: 2s - batch_cost: 0.0578 - reader cost: 4.0895e-04
137/177 [======================>.......] - ETA: 2s - batch_cost: 0.0578 - reader cost: 4.0596e-04
138/177 [======================>.......] - ETA: 2s - batch_cost: 0.0577 - reader cost: 4.0302e-04
139/177 [======================>.......] - ETA: 2s - batch_cost: 0.0578 - reader cost: 4.0012e-04
140/177 [======================>.......] - ETA: 2s - batch_cost: 0.0578 - reader cost: 3.9726e-04
141/177 [======================>.......] - ETA: 2s - batch_cost: 0.0577 - reader cost: 3.9445e-04
142/177 [=======================>......] - ETA: 2s - batch_cost: 0.0577 - reader cost: 3.9167e-04
143/177 [=======================>......] - ETA: 1s - batch_cost: 0.0577 - reader cost: 3.8893e-04
144/177 [=======================>......] - ETA: 1s - batch_cost: 0.0577 - reader cost: 3.8623e-04
145/177 [=======================>......] - ETA: 1s - batch_cost: 0.0577 - reader cost: 3.8357e-04
146/177 [=======================>......] - ETA: 1s - batch_cost: 0.0577 - reader cost: 3.8778e-04
147/177 [=======================>......] - ETA: 1s - batch_cost: 0.0577 - reader cost: 3.8514e-04
148/177 [========================>.....] - ETA: 1s - batch_cost: 0.0577 - reader cost: 3.8254e-04
149/177 [========================>.....] - ETA: 1s - batch_cost: 0.0577 - reader cost: 3.7997e-04
150/177 [========================>.....] - ETA: 1s - batch_cost: 0.0577 - reader cost: 3.7744e-04
151/177 [========================>.....] - ETA: 1s - batch_cost: 0.0577 - reader cost: 3.8155e-04
152/177 [========================>.....] - ETA: 1s - batch_cost: 0.0577 - reader cost: 3.7904e-04
153/177 [========================>.....] - ETA: 1s - batch_cost: 0.0577 - reader cost: 3.7656e-04
154/177 [=========================>....] - ETA: 1s - batch_cost: 0.0576 - reader cost: 3.7412e-04
155/177 [=========================>....] - ETA: 1s - batch_cost: 0.0576 - reader cost: 3.7171e-04
156/177 [=========================>....] - ETA: 1s - batch_cost: 0.0576 - reader cost: 3.6932e-04
157/177 [=========================>....] - ETA: 1s - batch_cost: 0.0576 - reader cost: 3.6697e-04
158/177 [=========================>....] - ETA: 1s - batch_cost: 0.0576 - reader cost: 3.6465e-04
159/177 [=========================>....] - ETA: 1s - batch_cost: 0.0576 - reader cost: 3.6235e-04
160/177 [==========================>...] - ETA: 0s - batch_cost: 0.0576 - reader cost: 3.6009e-04
161/177 [==========================>...] - ETA: 0s - batch_cost: 0.0577 - reader cost: 3.5785e-04
162/177 [==========================>...] - ETA: 0s - batch_cost: 0.0577 - reader cost: 3.5564e-04
163/177 [==========================>...] - ETA: 0s - batch_cost: 0.0577 - reader cost: 3.5346e-04
164/177 [==========================>...] - ETA: 0s - batch_cost: 0.0577 - reader cost: 3.5131e-04
165/177 [==========================>...] - ETA: 0s - batch_cost: 0.0577 - reader cost: 3.4918e-04
166/177 [===========================>..] - ETA: 0s - batch_cost: 0.0577 - reader cost: 3.4707e-04
167/177 [===========================>..] - ETA: 0s - batch_cost: 0.0578 - reader cost: 3.4500e-04
168/177 [===========================>..] - ETA: 0s - batch_cost: 0.0578 - reader cost: 3.4294e-04
169/177 [===========================>..] - ETA: 0s - batch_cost: 0.0578 - reader cost: 3.4091e-04
170/177 [===========================>..] - ETA: 0s - batch_cost: 0.0578 - reader cost: 3.3891e-04
171/177 [===========================>..] - ETA: 0s - batch_cost: 0.0578 - reader cost: 3.3693e-04
172/177 [============================>.] - ETA: 0s - batch_cost: 0.0578 - reader cost: 3.3497e-04
173/177 [============================>.] - ETA: 0s - batch_cost: 0.0578 - reader cost: 3.3303e-04
174/177 [============================>.] - ETA: 0s - batch_cost: 0.0578 - reader cost: 3.3112e-04
175/177 [============================>.] - ETA: 0s - batch_cost: 0.0578 - reader cost: 3.2922e-04
176/177 [============================>.] - ETA: 0s - batch_cost: 0.0578 - reader cost: 3.2735e-04
177/177 [==============================] - 10s 58ms/step - batch_cost: 0.0578 - reader cost: 3.2550e-04

  1/177 [..............................] - ETA: 11s - batch_cost: 0.0651 - reader cost: 0.0454
  2/177 [..............................] - ETA: 11s - batch_cost: 0.0644 - reader cost: 0.0332
  3/177 [..............................] - ETA: 10s - batch_cost: 0.0625 - reader cost: 0.0225
  4/177 [..............................] - ETA: 10s - batch_cost: 0.0623 - reader cost: 0.0169
  5/177 [..............................] - ETA: 10s - batch_cost: 0.0616 - reader cost: 0.0143
  6/177 [>.............................] - ETA: 10s - batch_cost: 0.0608 - reader cost: 0.0119
  7/177 [>.............................] - ETA: 10s - batch_cost: 0.0604 - reader cost: 0.0102
  8/177 [>.............................] - ETA: 10s - batch_cost: 0.0598 - reader cost: 0.0089
  9/177 [>.............................] - ETA: 10s - batch_cost: 0.0604 - reader cost: 0.0079
 11/177 [>.............................] - ETA: 9s - batch_cost: 0.0585 - reader cost: 0.0065 
 12/177 [=>............................] - ETA: 9s - batch_cost: 0.0583 - reader cost: 0.0060
 13/177 [=>............................] - ETA: 9s - batch_cost: 0.0583 - reader cost: 0.0055
 14/177 [=>............................] - ETA: 9s - batch_cost: 0.0584 - reader cost: 0.0051
 15/177 [=>............................] - ETA: 9s - batch_cost: 0.0584 - reader cost: 0.0048
 16/177 [=>............................] - ETA: 9s - batch_cost: 0.0586 - reader cost: 0.0045
 17/177 [=>............................] - ETA: 9s - batch_cost: 0.0586 - reader cost: 0.0042
 18/177 [==>...........................] - ETA: 9s - batch_cost: 0.0584 - reader cost: 0.0040
 19/177 [==>...........................] - ETA: 9s - batch_cost: 0.0585 - reader cost: 0.0038
 20/177 [==>...........................] - ETA: 9s - batch_cost: 0.0586 - reader cost: 0.0036
 21/177 [==>...........................] - ETA: 9s - batch_cost: 0.0586 - reader cost: 0.0034
 22/177 [==>...........................] - ETA: 9s - batch_cost: 0.0587 - reader cost: 0.0032
 23/177 [==>...........................] - ETA: 9s - batch_cost: 0.0585 - reader cost: 0.0031
 24/177 [===>..........................] - ETA: 8s - batch_cost: 0.0583 - reader cost: 0.0030
 25/177 [===>..........................] - ETA: 8s - batch_cost: 0.0583 - reader cost: 0.0029
 26/177 [===>..........................] - ETA: 8s - batch_cost: 0.0581 - reader cost: 0.0027
 27/177 [===>..........................] - ETA: 8s - batch_cost: 0.0581 - reader cost: 0.0026
 28/177 [===>..........................] - ETA: 8s - batch_cost: 0.0581 - reader cost: 0.0026
 29/177 [===>..........................] - ETA: 8s - batch_cost: 0.0581 - reader cost: 0.0025
 30/177 [====>.........................] - ETA: 8s - batch_cost: 0.0580 - reader cost: 0.0024
 31/177 [====>.........................] - ETA: 8s - batch_cost: 0.0579 - reader cost: 0.0023
 32/177 [====>.........................] - ETA: 8s - batch_cost: 0.0580 - reader cost: 0.0023
 33/177 [====>.........................] - ETA: 8s - batch_cost: 0.0581 - reader cost: 0.0022
 34/177 [====>.........................] - ETA: 8s - batch_cost: 0.0579 - reader cost: 0.0021
 35/177 [====>.........................] - ETA: 8s - batch_cost: 0.0579 - reader cost: 0.0021
 36/177 [=====>........................] - ETA: 8s - batch_cost: 0.0580 - reader cost: 0.0020
 37/177 [=====>........................] - ETA: 8s - batch_cost: 0.0581 - reader cost: 0.0019
 38/177 [=====>........................] - ETA: 8s - batch_cost: 0.0581 - reader cost: 0.0019
 39/177 [=====>........................] - ETA: 8s - batch_cost: 0.0582 - reader cost: 0.0018
 40/177 [=====>........................] - ETA: 7s - batch_cost: 0.0582 - reader cost: 0.0018
 41/177 [=====>........................] - ETA: 7s - batch_cost: 0.0583 - reader cost: 0.0018
 42/177 [======>.......................] - ETA: 7s - batch_cost: 0.0584 - reader cost: 0.0017
 43/177 [======>.......................] - ETA: 7s - batch_cost: 0.0584 - reader cost: 0.0017
 44/177 [======>.......................] - ETA: 7s - batch_cost: 0.0584 - reader cost: 0.0016
 45/177 [======>.......................] - ETA: 7s - batch_cost: 0.0585 - reader cost: 0.0016
 46/177 [======>.......................] - ETA: 7s - batch_cost: 0.0584 - reader cost: 0.0016
 47/177 [======>.......................] - ETA: 7s - batch_cost: 0.0583 - reader cost: 0.0015
 48/177 [=======>......................] - ETA: 7s - batch_cost: 0.0583 - reader cost: 0.0015
 49/177 [=======>......................] - ETA: 7s - batch_cost: 0.0583 - reader cost: 0.0015
 50/177 [=======>......................] - ETA: 7s - batch_cost: 0.0583 - reader cost: 0.0014
 51/177 [=======>......................] - ETA: 7s - batch_cost: 0.0583 - reader cost: 0.0014
 52/177 [=======>......................] - ETA: 7s - batch_cost: 0.0582 - reader cost: 0.0014
 53/177 [=======>......................] - ETA: 7s - batch_cost: 0.0581 - reader cost: 0.0014
 54/177 [========>.....................] - ETA: 7s - batch_cost: 0.0581 - reader cost: 0.0013
 55/177 [========>.....................] - ETA: 7s - batch_cost: 0.0581 - reader cost: 0.0013
 56/177 [========>.....................] - ETA: 7s - batch_cost: 0.0580 - reader cost: 0.0013
 57/177 [========>.....................] - ETA: 6s - batch_cost: 0.0580 - reader cost: 0.0013
 58/177 [========>.....................] - ETA: 6s - batch_cost: 0.0580 - reader cost: 0.0012
 59/177 [=========>....................] - ETA: 6s - batch_cost: 0.0580 - reader cost: 0.0012
 60/177 [=========>....................] - ETA: 6s - batch_cost: 0.0580 - reader cost: 0.0012
 61/177 [=========>....................] - ETA: 6s - batch_cost: 0.0579 - reader cost: 0.0012
 62/177 [=========>....................] - ETA: 6s - batch_cost: 0.0579 - reader cost: 0.0012
 63/177 [=========>....................] - ETA: 6s - batch_cost: 0.0579 - reader cost: 0.0012
 64/177 [=========>....................] - ETA: 6s - batch_cost: 0.0579 - reader cost: 0.0011
 65/177 [==========>...................] - ETA: 6s - batch_cost: 0.0579 - reader cost: 0.0011
 66/177 [==========>...................] - ETA: 6s - batch_cost: 0.0579 - reader cost: 0.0011
 67/177 [==========>...................] - ETA: 6s - batch_cost: 0.0579 - reader cost: 0.0011
 68/177 [==========>...................] - ETA: 6s - batch_cost: 0.0579 - reader cost: 0.0011
 69/177 [==========>...................] - ETA: 6s - batch_cost: 0.0580 - reader cost: 0.0011
 70/177 [==========>...................] - ETA: 6s - batch_cost: 0.0580 - reader cost: 0.0010
 71/177 [===========>..................] - ETA: 6s - batch_cost: 0.0580 - reader cost: 0.0010
 72/177 [===========>..................] - ETA: 6s - batch_cost: 0.0580 - reader cost: 0.0010
 73/177 [===========>..................] - ETA: 6s - batch_cost: 0.0580 - reader cost: 0.0010
 74/177 [===========>..................] - ETA: 5s - batch_cost: 0.0580 - reader cost: 0.0010
 75/177 [===========>..................] - ETA: 5s - batch_cost: 0.0580 - reader cost: 9.8820e-04
 76/177 [===========>..................] - ETA: 5s - batch_cost: 0.0580 - reader cost: 9.7520e-04
 77/177 [============>.................] - ETA: 5s - batch_cost: 0.0580 - reader cost: 9.6253e-04
 78/177 [============>.................] - ETA: 5s - batch_cost: 0.0580 - reader cost: 9.5019e-04
 79/177 [============>.................] - ETA: 5s - batch_cost: 0.0580 - reader cost: 9.3817e-04
 80/177 [============>.................] - ETA: 5s - batch_cost: 0.0579 - reader cost: 9.2644e-04
 81/177 [============>.................] - ETA: 5s - batch_cost: 0.0579 - reader cost: 9.1500e-04
 82/177 [============>.................] - ETA: 5s - batch_cost: 0.0579 - reader cost: 9.0384e-04
 83/177 [=============>................] - ETA: 5s - batch_cost: 0.0579 - reader cost: 8.9295e-04
 84/177 [=============>................] - ETA: 5s - batch_cost: 0.0578 - reader cost: 8.8232e-04
 85/177 [=============>................] - ETA: 5s - batch_cost: 0.0578 - reader cost: 8.7194e-04
 86/177 [=============>................] - ETA: 5s - batch_cost: 0.0579 - reader cost: 8.6180e-04
 87/177 [=============>................] - ETA: 5s - batch_cost: 0.0578 - reader cost: 8.5190e-04
 88/177 [=============>................] - ETA: 5s - batch_cost: 0.0578 - reader cost: 8.4222e-04
 89/177 [==============>...............] - ETA: 5s - batch_cost: 0.0578 - reader cost: 8.3275e-04
 90/177 [==============>...............] - ETA: 5s - batch_cost: 0.0578 - reader cost: 8.2350e-04
 91/177 [==============>...............] - ETA: 4s - batch_cost: 0.0578 - reader cost: 8.1445e-04
 92/177 [==============>...............] - ETA: 4s - batch_cost: 0.0577 - reader cost: 8.0560e-04
 93/177 [==============>...............] - ETA: 4s - batch_cost: 0.0577 - reader cost: 8.0775e-04
 94/177 [==============>...............] - ETA: 4s - batch_cost: 0.0577 - reader cost: 7.9916e-04
 95/177 [===============>..............] - ETA: 4s - batch_cost: 0.0577 - reader cost: 7.9075e-04
 96/177 [===============>..............] - ETA: 4s - batch_cost: 0.0577 - reader cost: 7.8251e-04
 97/177 [===============>..............] - ETA: 4s - batch_cost: 0.0577 - reader cost: 7.7444e-04
 98/177 [===============>..............] - ETA: 4s - batch_cost: 0.0578 - reader cost: 7.6654e-04
 99/177 [===============>..............] - ETA: 4s - batch_cost: 0.0577 - reader cost: 7.5880e-04
100/177 [===============>..............] - ETA: 4s - batch_cost: 0.0577 - reader cost: 7.5121e-04
101/177 [================>.............] - ETA: 4s - batch_cost: 0.0577 - reader cost: 7.4377e-04
102/177 [================>.............] - ETA: 4s - batch_cost: 0.0577 - reader cost: 7.3648e-04
103/177 [================>.............] - ETA: 4s - batch_cost: 0.0576 - reader cost: 7.2933e-04
104/177 [================>.............] - ETA: 4s - batch_cost: 0.0577 - reader cost: 7.2232e-04
105/177 [================>.............] - ETA: 4s - batch_cost: 0.0576 - reader cost: 7.1544e-04
106/177 [================>.............] - ETA: 4s - batch_cost: 0.0576 - reader cost: 7.0869e-04
107/177 [=================>............] - ETA: 4s - batch_cost: 0.0577 - reader cost: 7.0206e-04
108/177 [=================>............] - ETA: 3s - batch_cost: 0.0577 - reader cost: 6.9556e-04
109/177 [=================>............] - ETA: 3s - batch_cost: 0.0577 - reader cost: 6.8918e-04
110/177 [=================>............] - ETA: 3s - batch_cost: 0.0577 - reader cost: 6.8292e-04
111/177 [=================>............] - ETA: 3s - batch_cost: 0.0577 - reader cost: 6.7677e-04
112/177 [=================>............] - ETA: 3s - batch_cost: 0.0578 - reader cost: 6.7072e-04
113/177 [==================>...........] - ETA: 3s - batch_cost: 0.0578 - reader cost: 6.6479e-04
114/177 [==================>...........] - ETA: 3s - batch_cost: 0.0578 - reader cost: 6.5896e-04
115/177 [==================>...........] - ETA: 3s - batch_cost: 0.0578 - reader cost: 6.5323e-04
116/177 [==================>...........] - ETA: 3s - batch_cost: 0.0579 - reader cost: 6.4759e-04
117/177 [==================>...........] - ETA: 3s - batch_cost: 0.0579 - reader cost: 6.4206e-04
118/177 [===================>..........] - ETA: 3s - batch_cost: 0.0579 - reader cost: 6.3662e-04
119/177 [===================>..........] - ETA: 3s - batch_cost: 0.0579 - reader cost: 6.3127e-04
120/177 [===================>..........] - ETA: 3s - batch_cost: 0.0579 - reader cost: 6.2601e-04
121/177 [===================>..........] - ETA: 3s - batch_cost: 0.0579 - reader cost: 6.2083e-04
122/177 [===================>..........] - ETA: 3s - batch_cost: 0.0579 - reader cost: 6.1575e-04
123/177 [===================>..........] - ETA: 3s - batch_cost: 0.0579 - reader cost: 6.1512e-04
124/177 [====================>.........] - ETA: 3s - batch_cost: 0.0579 - reader cost: 6.1016e-04
125/177 [====================>.........] - ETA: 3s - batch_cost: 0.0579 - reader cost: 6.0528e-04
126/177 [====================>.........] - ETA: 2s - batch_cost: 0.0579 - reader cost: 6.0047e-04
127/177 [====================>.........] - ETA: 2s - batch_cost: 0.0579 - reader cost: 5.9574e-04
128/177 [====================>.........] - ETA: 2s - batch_cost: 0.0579 - reader cost: 5.9109e-04
129/177 [====================>.........] - ETA: 2s - batch_cost: 0.0579 - reader cost: 5.8651e-04
130/177 [=====================>........] - ETA: 2s - batch_cost: 0.0579 - reader cost: 5.8200e-04
131/177 [=====================>........] - ETA: 2s - batch_cost: 0.0579 - reader cost: 5.7755e-04
132/177 [=====================>........] - ETA: 2s - batch_cost: 0.0579 - reader cost: 5.7318e-04
133/177 [=====================>........] - ETA: 2s - batch_cost: 0.0579 - reader cost: 5.6887e-04
134/177 [=====================>........] - ETA: 2s - batch_cost: 0.0578 - reader cost: 5.6462e-04
135/177 [=====================>........] - ETA: 2s - batch_cost: 0.0578 - reader cost: 5.6044e-04
136/177 [======================>.......] - ETA: 2s - batch_cost: 0.0579 - reader cost: 5.5632e-04
137/177 [======================>.......] - ETA: 2s - batch_cost: 0.0578 - reader cost: 5.5226e-04
138/177 [======================>.......] - ETA: 2s - batch_cost: 0.0578 - reader cost: 5.4826e-04
139/177 [======================>.......] - ETA: 2s - batch_cost: 0.0578 - reader cost: 5.4431e-04
140/177 [======================>.......] - ETA: 2s - batch_cost: 0.0578 - reader cost: 5.4043e-04
141/177 [======================>.......] - ETA: 2s - batch_cost: 0.0578 - reader cost: 5.3659e-04
142/177 [=======================>......] - ETA: 2s - batch_cost: 0.0578 - reader cost: 5.3281e-04
143/177 [=======================>......] - ETA: 1s - batch_cost: 0.0578 - reader cost: 5.2909e-04
144/177 [=======================>......] - ETA: 1s - batch_cost: 0.0578 - reader cost: 5.2541e-04
145/177 [=======================>......] - ETA: 1s - batch_cost: 0.0577 - reader cost: 5.2179e-04
146/177 [=======================>......] - ETA: 1s - batch_cost: 0.0577 - reader cost: 5.2186e-04
147/177 [=======================>......] - ETA: 1s - batch_cost: 0.0577 - reader cost: 5.1831e-04
148/177 [========================>.....] - ETA: 1s - batch_cost: 0.0577 - reader cost: 5.1481e-04
149/177 [========================>.....] - ETA: 1s - batch_cost: 0.0577 - reader cost: 5.1135e-04
150/177 [========================>.....] - ETA: 1s - batch_cost: 0.0577 - reader cost: 5.0794e-04
151/177 [========================>.....] - ETA: 1s - batch_cost: 0.0577 - reader cost: 5.0458e-04
152/177 [========================>.....] - ETA: 1s - batch_cost: 0.0577 - reader cost: 5.0126e-04
153/177 [========================>.....] - ETA: 1s - batch_cost: 0.0577 - reader cost: 4.9798e-04
154/177 [=========================>....] - ETA: 1s - batch_cost: 0.0577 - reader cost: 4.9475e-04
155/177 [=========================>....] - ETA: 1s - batch_cost: 0.0577 - reader cost: 4.9156e-04
156/177 [=========================>....] - ETA: 1s - batch_cost: 0.0577 - reader cost: 4.8841e-04
157/177 [=========================>....] - ETA: 1s - batch_cost: 0.0577 - reader cost: 4.8530e-04
158/177 [=========================>....] - ETA: 1s - batch_cost: 0.0577 - reader cost: 4.8222e-04
159/177 [=========================>....] - ETA: 1s - batch_cost: 0.0577 - reader cost: 4.7919e-04
160/177 [==========================>...] - ETA: 0s - batch_cost: 0.0577 - reader cost: 4.7620e-04
161/177 [==========================>...] - ETA: 0s - batch_cost: 0.0577 - reader cost: 4.7324e-04
162/177 [==========================>...] - ETA: 0s - batch_cost: 0.0576 - reader cost: 4.7032e-04
163/177 [==========================>...] - ETA: 0s - batch_cost: 0.0576 - reader cost: 4.6743e-04
164/177 [==========================>...] - ETA: 0s - batch_cost: 0.0576 - reader cost: 4.6458e-04
165/177 [==========================>...] - ETA: 0s - batch_cost: 0.0577 - reader cost: 4.6177e-04
166/177 [===========================>..] - ETA: 0s - batch_cost: 0.0576 - reader cost: 4.5898e-04
167/177 [===========================>..] - ETA: 0s - batch_cost: 0.0577 - reader cost: 4.5624e-04
168/177 [===========================>..] - ETA: 0s - batch_cost: 0.0576 - reader cost: 4.5352e-04
169/177 [===========================>..] - ETA: 0s - batch_cost: 0.0576 - reader cost: 4.5084e-04
170/177 [===========================>..] - ETA: 0s - batch_cost: 0.0576 - reader cost: 4.4818e-04
171/177 [===========================>..] - ETA: 0s - batch_cost: 0.0577 - reader cost: 4.4556e-04
172/177 [============================>.] - ETA: 0s - batch_cost: 0.0577 - reader cost: 4.4297e-04
173/177 [============================>.] - ETA: 0s - batch_cost: 0.0577 - reader cost: 4.4041e-04
174/177 [============================>.] - ETA: 0s - batch_cost: 0.0577 - reader cost: 4.3788e-04
175/177 [============================>.] - ETA: 0s - batch_cost: 0.0577 - reader cost: 4.3538e-04
176/177 [============================>.] - ETA: 0s - batch_cost: 0.0577 - reader cost: 4.3291e-04
177/177 [==============================] - 10s 58ms/step - batch_cost: 0.0577 - reader cost: 4.3046e-04

  1/177 [..............................] - ETA: 8s - batch_cost: 0.0510 - reader cost: 0.0352
  2/177 [..............................] - ETA: 9s - batch_cost: 0.0562 - reader cost: 0.0269
  3/177 [..............................] - ETA: 10s - batch_cost: 0.0603 - reader cost: 0.0179
  4/177 [..............................] - ETA: 10s - batch_cost: 0.0603 - reader cost: 0.0134
  5/177 [..............................] - ETA: 10s - batch_cost: 0.0593 - reader cost: 0.0107
  6/177 [>.............................] - ETA: 10s - batch_cost: 0.0598 - reader cost: 0.0090
  7/177 [>.............................] - ETA: 10s - batch_cost: 0.0606 - reader cost: 0.0078
  8/177 [>.............................] - ETA: 10s - batch_cost: 0.0596 - reader cost: 0.0068
  9/177 [>.............................] - ETA: 10s - batch_cost: 0.0603 - reader cost: 0.0061
 10/177 [>.............................] - ETA: 10s - batch_cost: 0.0601 - reader cost: 0.0055
 11/177 [>.............................] - ETA: 9s - batch_cost: 0.0595 - reader cost: 0.0050 
 12/177 [=>............................] - ETA: 9s - batch_cost: 0.0595 - reader cost: 0.0046
 13/177 [=>............................] - ETA: 9s - batch_cost: 0.0592 - reader cost: 0.0042
 14/177 [=>............................] - ETA: 9s - batch_cost: 0.0590 - reader cost: 0.0039
 15/177 [=>............................] - ETA: 9s - batch_cost: 0.0587 - reader cost: 0.0036
 16/177 [=>............................] - ETA: 9s - batch_cost: 0.0586 - reader cost: 0.0034
 17/177 [=>............................] - ETA: 9s - batch_cost: 0.0585 - reader cost: 0.0032
 18/177 [==>...........................] - ETA: 9s - batch_cost: 0.0586 - reader cost: 0.0030
 19/177 [==>...........................] - ETA: 9s - batch_cost: 0.0585 - reader cost: 0.0029
 20/177 [==>...........................] - ETA: 9s - batch_cost: 0.0585 - reader cost: 0.0028
 21/177 [==>...........................] - ETA: 9s - batch_cost: 0.0584 - reader cost: 0.0027
 22/177 [==>...........................] - ETA: 9s - batch_cost: 0.0582 - reader cost: 0.0025
 23/177 [==>...........................] - ETA: 8s - batch_cost: 0.0582 - reader cost: 0.0024
 24/177 [===>..........................] - ETA: 8s - batch_cost: 0.0581 - reader cost: 0.0023
 25/177 [===>..........................] - ETA: 8s - batch_cost: 0.0580 - reader cost: 0.0022
 26/177 [===>..........................] - ETA: 8s - batch_cost: 0.0580 - reader cost: 0.0021
 27/177 [===>..........................] - ETA: 8s - batch_cost: 0.0579 - reader cost: 0.0021
 28/177 [===>..........................] - ETA: 8s - batch_cost: 0.0579 - reader cost: 0.0020
 29/177 [===>..........................] - ETA: 8s - batch_cost: 0.0579 - reader cost: 0.0019
 30/177 [====>.........................] - ETA: 8s - batch_cost: 0.0578 - reader cost: 0.0019
 31/177 [====>.........................] - ETA: 8s - batch_cost: 0.0578 - reader cost: 0.0018
 32/177 [====>.........................] - ETA: 8s - batch_cost: 0.0578 - reader cost: 0.0018
 33/177 [====>.........................] - ETA: 8s - batch_cost: 0.0578 - reader cost: 0.0017
 34/177 [====>.........................] - ETA: 8s - batch_cost: 0.0577 - reader cost: 0.0017
 35/177 [====>.........................] - ETA: 8s - batch_cost: 0.0577 - reader cost: 0.0016
 36/177 [=====>........................] - ETA: 8s - batch_cost: 0.0577 - reader cost: 0.0016
 37/177 [=====>........................] - ETA: 8s - batch_cost: 0.0577 - reader cost: 0.0015
 38/177 [=====>........................] - ETA: 8s - batch_cost: 0.0577 - reader cost: 0.0015
 39/177 [=====>........................] - ETA: 7s - batch_cost: 0.0577 - reader cost: 0.0015
 40/177 [=====>........................] - ETA: 7s - batch_cost: 0.0577 - reader cost: 0.0014
 41/177 [=====>........................] - ETA: 7s - batch_cost: 0.0576 - reader cost: 0.0014
 42/177 [======>.......................] - ETA: 7s - batch_cost: 0.0576 - reader cost: 0.0014
 43/177 [======>.......................] - ETA: 7s - batch_cost: 0.0575 - reader cost: 0.0013
 44/177 [======>.......................] - ETA: 7s - batch_cost: 0.0576 - reader cost: 0.0013
 45/177 [======>.......................] - ETA: 7s - batch_cost: 0.0576 - reader cost: 0.0013
 46/177 [======>.......................] - ETA: 7s - batch_cost: 0.0577 - reader cost: 0.0012
 47/177 [======>.......................] - ETA: 7s - batch_cost: 0.0577 - reader cost: 0.0012
 48/177 [=======>......................] - ETA: 7s - batch_cost: 0.0577 - reader cost: 0.0012
 49/177 [=======>......................] - ETA: 7s - batch_cost: 0.0579 - reader cost: 0.0012
 50/177 [=======>......................] - ETA: 7s - batch_cost: 0.0579 - reader cost: 0.0011
 51/177 [=======>......................] - ETA: 7s - batch_cost: 0.0579 - reader cost: 0.0011
 52/177 [=======>......................] - ETA: 7s - batch_cost: 0.0578 - reader cost: 0.0011
 53/177 [=======>......................] - ETA: 7s - batch_cost: 0.0578 - reader cost: 0.0011
 54/177 [========>.....................] - ETA: 7s - batch_cost: 0.0578 - reader cost: 0.0011
 55/177 [========>.....................] - ETA: 7s - batch_cost: 0.0578 - reader cost: 0.0010
 56/177 [========>.....................] - ETA: 6s - batch_cost: 0.0577 - reader cost: 0.0010
 57/177 [========>.....................] - ETA: 6s - batch_cost: 0.0577 - reader cost: 9.9518e-04
 58/177 [========>.....................] - ETA: 6s - batch_cost: 0.0577 - reader cost: 9.7802e-04
 59/177 [=========>....................] - ETA: 6s - batch_cost: 0.0577 - reader cost: 9.6144e-04
 60/177 [=========>....................] - ETA: 6s - batch_cost: 0.0577 - reader cost: 9.4542e-04
 61/177 [=========>....................] - ETA: 6s - batch_cost: 0.0576 - reader cost: 9.4634e-04
 62/177 [=========>....................] - ETA: 6s - batch_cost: 0.0576 - reader cost: 9.3107e-04
 63/177 [=========>....................] - ETA: 6s - batch_cost: 0.0576 - reader cost: 9.1630e-04
 64/177 [=========>....................] - ETA: 6s - batch_cost: 0.0576 - reader cost: 9.0198e-04
 65/177 [==========>...................] - ETA: 6s - batch_cost: 0.0576 - reader cost: 8.8810e-04
 66/177 [==========>...................] - ETA: 6s - batch_cost: 0.0576 - reader cost: 8.7465e-04
 67/177 [==========>...................] - ETA: 6s - batch_cost: 0.0576 - reader cost: 8.6159e-04
 68/177 [==========>...................] - ETA: 6s - batch_cost: 0.0576 - reader cost: 8.4892e-04
 69/177 [==========>...................] - ETA: 6s - batch_cost: 0.0575 - reader cost: 8.3662e-04
 70/177 [==========>...................] - ETA: 6s - batch_cost: 0.0576 - reader cost: 8.2467e-04
 71/177 [===========>..................] - ETA: 6s - batch_cost: 0.0576 - reader cost: 8.1305e-04
 72/177 [===========>..................] - ETA: 6s - batch_cost: 0.0577 - reader cost: 8.0176e-04
 73/177 [===========>..................] - ETA: 5s - batch_cost: 0.0576 - reader cost: 8.0448e-04
 74/177 [===========>..................] - ETA: 5s - batch_cost: 0.0576 - reader cost: 7.9361e-04
 75/177 [===========>..................] - ETA: 5s - batch_cost: 0.0577 - reader cost: 7.8303e-04
 76/177 [===========>..................] - ETA: 5s - batch_cost: 0.0577 - reader cost: 7.7272e-04
 77/177 [============>.................] - ETA: 5s - batch_cost: 0.0577 - reader cost: 7.6269e-04
 78/177 [============>.................] - ETA: 5s - batch_cost: 0.0578 - reader cost: 7.5291e-04
 79/177 [============>.................] - ETA: 5s - batch_cost: 0.0578 - reader cost: 7.4338e-04
 80/177 [============>.................] - ETA: 5s - batch_cost: 0.0579 - reader cost: 7.3409e-04
 81/177 [============>.................] - ETA: 5s - batch_cost: 0.0579 - reader cost: 7.2503e-04
 82/177 [============>.................] - ETA: 5s - batch_cost: 0.0579 - reader cost: 7.1618e-04
 83/177 [=============>................] - ETA: 5s - batch_cost: 0.0579 - reader cost: 7.0755e-04
 84/177 [=============>................] - ETA: 5s - batch_cost: 0.0579 - reader cost: 6.9913e-04
 85/177 [=============>................] - ETA: 5s - batch_cost: 0.0578 - reader cost: 6.9091e-04
 86/177 [=============>................] - ETA: 5s - batch_cost: 0.0578 - reader cost: 6.8287e-04
 87/177 [=============>................] - ETA: 5s - batch_cost: 0.0578 - reader cost: 6.7502e-04
 88/177 [=============>................] - ETA: 5s - batch_cost: 0.0578 - reader cost: 6.6735e-04
 89/177 [==============>...............] - ETA: 5s - batch_cost: 0.0578 - reader cost: 6.5985e-04
 90/177 [==============>...............] - ETA: 5s - batch_cost: 0.0578 - reader cost: 6.5252e-04
 91/177 [==============>...............] - ETA: 4s - batch_cost: 0.0578 - reader cost: 6.4535e-04
 92/177 [==============>...............] - ETA: 4s - batch_cost: 0.0577 - reader cost: 6.3834e-04
 93/177 [==============>...............] - ETA: 4s - batch_cost: 0.0577 - reader cost: 6.3147e-04
 94/177 [==============>...............] - ETA: 4s - batch_cost: 0.0577 - reader cost: 6.2476e-04
 95/177 [===============>..............] - ETA: 4s - batch_cost: 0.0577 - reader cost: 6.1818e-04
 96/177 [===============>..............] - ETA: 4s - batch_cost: 0.0577 - reader cost: 6.1174e-04
 97/177 [===============>..............] - ETA: 4s - batch_cost: 0.0578 - reader cost: 6.0543e-04
 98/177 [===============>..............] - ETA: 4s - batch_cost: 0.0578 - reader cost: 5.9926e-04
 99/177 [===============>..............] - ETA: 4s - batch_cost: 0.0578 - reader cost: 5.9320e-04
100/177 [===============>..............] - ETA: 4s - batch_cost: 0.0578 - reader cost: 5.8727e-04
101/177 [================>.............] - ETA: 4s - batch_cost: 0.0578 - reader cost: 5.8146e-04
102/177 [================>.............] - ETA: 4s - batch_cost: 0.0578 - reader cost: 5.7576e-04
103/177 [================>.............] - ETA: 4s - batch_cost: 0.0578 - reader cost: 5.7996e-04
104/177 [================>.............] - ETA: 4s - batch_cost: 0.0578 - reader cost: 5.7438e-04
105/177 [================>.............] - ETA: 4s - batch_cost: 0.0578 - reader cost: 5.6891e-04
106/177 [================>.............] - ETA: 4s - batch_cost: 0.0578 - reader cost: 5.7298e-04
107/177 [=================>............] - ETA: 4s - batch_cost: 0.0578 - reader cost: 5.6762e-04
108/177 [=================>............] - ETA: 3s - batch_cost: 0.0578 - reader cost: 5.6237e-04
109/177 [=================>............] - ETA: 3s - batch_cost: 0.0578 - reader cost: 5.5721e-04
110/177 [=================>............] - ETA: 3s - batch_cost: 0.0578 - reader cost: 5.5214e-04
111/177 [=================>............] - ETA: 3s - batch_cost: 0.0578 - reader cost: 5.4717e-04
112/177 [=================>............] - ETA: 3s - batch_cost: 0.0578 - reader cost: 5.4228e-04
113/177 [==================>...........] - ETA: 3s - batch_cost: 0.0578 - reader cost: 5.3748e-04
114/177 [==================>...........] - ETA: 3s - batch_cost: 0.0577 - reader cost: 5.3277e-04
115/177 [==================>...........] - ETA: 3s - batch_cost: 0.0577 - reader cost: 5.2813e-04
116/177 [==================>...........] - ETA: 3s - batch_cost: 0.0577 - reader cost: 5.2358e-04
117/177 [==================>...........] - ETA: 3s - batch_cost: 0.0577 - reader cost: 5.1911e-04
118/177 [===================>..........] - ETA: 3s - batch_cost: 0.0577 - reader cost: 5.1471e-04
119/177 [===================>..........] - ETA: 3s - batch_cost: 0.0577 - reader cost: 5.1038e-04
120/177 [===================>..........] - ETA: 3s - batch_cost: 0.0577 - reader cost: 5.0613e-04
121/177 [===================>..........] - ETA: 3s - batch_cost: 0.0577 - reader cost: 5.0195e-04
122/177 [===================>..........] - ETA: 3s - batch_cost: 0.0577 - reader cost: 4.9783e-04
123/177 [===================>..........] - ETA: 3s - batch_cost: 0.0577 - reader cost: 4.9378e-04
124/177 [====================>.........] - ETA: 3s - batch_cost: 0.0577 - reader cost: 4.8980e-04
125/177 [====================>.........] - ETA: 3s - batch_cost: 0.0577 - reader cost: 4.8588e-04
126/177 [====================>.........] - ETA: 2s - batch_cost: 0.0577 - reader cost: 4.8203e-04
127/177 [====================>.........] - ETA: 2s - batch_cost: 0.0576 - reader cost: 4.7823e-04
128/177 [====================>.........] - ETA: 2s - batch_cost: 0.0577 - reader cost: 4.7450e-04
129/177 [====================>.........] - ETA: 2s - batch_cost: 0.0576 - reader cost: 4.7082e-04
130/177 [=====================>........] - ETA: 2s - batch_cost: 0.0576 - reader cost: 4.6720e-04
131/177 [=====================>........] - ETA: 2s - batch_cost: 0.0577 - reader cost: 4.6363e-04
132/177 [=====================>........] - ETA: 2s - batch_cost: 0.0576 - reader cost: 4.6012e-04
133/177 [=====================>........] - ETA: 2s - batch_cost: 0.0576 - reader cost: 4.5666e-04
134/177 [=====================>........] - ETA: 2s - batch_cost: 0.0576 - reader cost: 4.5325e-04
135/177 [=====================>........] - ETA: 2s - batch_cost: 0.0576 - reader cost: 4.4989e-04
136/177 [======================>.......] - ETA: 2s - batch_cost: 0.0576 - reader cost: 4.4658e-04
137/177 [======================>.......] - ETA: 2s - batch_cost: 0.0576 - reader cost: 4.4332e-04
138/177 [======================>.......] - ETA: 2s - batch_cost: 0.0576 - reader cost: 4.4011e-04
139/177 [======================>.......] - ETA: 2s - batch_cost: 0.0575 - reader cost: 4.3695e-04
140/177 [======================>.......] - ETA: 2s - batch_cost: 0.0576 - reader cost: 4.3382e-04
141/177 [======================>.......] - ETA: 2s - batch_cost: 0.0575 - reader cost: 4.3075e-04
142/177 [=======================>......] - ETA: 2s - batch_cost: 0.0575 - reader cost: 4.2771e-04
143/177 [=======================>......] - ETA: 1s - batch_cost: 0.0575 - reader cost: 4.2472e-04
144/177 [=======================>......] - ETA: 1s - batch_cost: 0.0575 - reader cost: 4.2177e-04
145/177 [=======================>......] - ETA: 1s - batch_cost: 0.0575 - reader cost: 4.1887e-04
146/177 [=======================>......] - ETA: 1s - batch_cost: 0.0576 - reader cost: 4.1600e-04
147/177 [=======================>......] - ETA: 1s - batch_cost: 0.0576 - reader cost: 4.1317e-04
148/177 [========================>.....] - ETA: 1s - batch_cost: 0.0576 - reader cost: 4.1037e-04
149/177 [========================>.....] - ETA: 1s - batch_cost: 0.0576 - reader cost: 4.0762e-04
150/177 [========================>.....] - ETA: 1s - batch_cost: 0.0576 - reader cost: 4.0490e-04
151/177 [========================>.....] - ETA: 1s - batch_cost: 0.0577 - reader cost: 4.0222e-04
152/177 [========================>.....] - ETA: 1s - batch_cost: 0.0576 - reader cost: 3.9958e-04
153/177 [========================>.....] - ETA: 1s - batch_cost: 0.0577 - reader cost: 3.9696e-04
154/177 [=========================>....] - ETA: 1s - batch_cost: 0.0577 - reader cost: 3.9439e-04
155/177 [=========================>....] - ETA: 1s - batch_cost: 0.0577 - reader cost: 3.9184e-04
156/177 [=========================>....] - ETA: 1s - batch_cost: 0.0577 - reader cost: 3.8933e-04
157/177 [=========================>....] - ETA: 1s - batch_cost: 0.0577 - reader cost: 3.8685e-04
158/177 [=========================>....] - ETA: 1s - batch_cost: 0.0577 - reader cost: 3.8440e-04
159/177 [=========================>....] - ETA: 1s - batch_cost: 0.0577 - reader cost: 3.8198e-04
160/177 [==========================>...] - ETA: 0s - batch_cost: 0.0577 - reader cost: 3.7960e-04
161/177 [==========================>...] - ETA: 0s - batch_cost: 0.0577 - reader cost: 3.7724e-04
162/177 [==========================>...] - ETA: 0s - batch_cost: 0.0577 - reader cost: 3.7491e-04
163/177 [==========================>...] - ETA: 0s - batch_cost: 0.0577 - reader cost: 3.7261e-04
164/177 [==========================>...] - ETA: 0s - batch_cost: 0.0577 - reader cost: 3.7034e-04
165/177 [==========================>...] - ETA: 0s - batch_cost: 0.0577 - reader cost: 3.6809e-04
166/177 [===========================>..] - ETA: 0s - batch_cost: 0.0576 - reader cost: 3.6588e-04
167/177 [===========================>..] - ETA: 0s - batch_cost: 0.0577 - reader cost: 3.6369e-04
168/177 [===========================>..] - ETA: 0s - batch_cost: 0.0576 - reader cost: 3.6152e-04
169/177 [===========================>..] - ETA: 0s - batch_cost: 0.0576 - reader cost: 3.5938e-04
170/177 [===========================>..] - ETA: 0s - batch_cost: 0.0576 - reader cost: 3.5727e-04
171/177 [===========================>..] - ETA: 0s - batch_cost: 0.0576 - reader cost: 3.6398e-04
172/177 [============================>.] - ETA: 0s - batch_cost: 0.0576 - reader cost: 3.6186e-04
173/177 [============================>.] - ETA: 0s - batch_cost: 0.0576 - reader cost: 3.5977e-04
174/177 [============================>.] - ETA: 0s - batch_cost: 0.0576 - reader cost: 3.6344e-04
175/177 [============================>.] - ETA: 0s - batch_cost: 0.0576 - reader cost: 3.6136e-04
176/177 [============================>.] - ETA: 0s - batch_cost: 0.0576 - reader cost: 3.5931e-04
177/177 [==============================] - 10s 58ms/step - batch_cost: 0.0576 - reader cost: 3.5728e-04

  1/177 [..............................] - ETA: 10s - batch_cost: 0.0612 - reader cost: 0.0389
  2/177 [..............................] - ETA: 11s - batch_cost: 0.0629 - reader cost: 0.0283
  3/177 [..............................] - ETA: 10s - batch_cost: 0.0591 - reader cost: 0.0189
  4/177 [..............................] - ETA: 10s - batch_cost: 0.0594 - reader cost: 0.0142
  5/177 [..............................] - ETA: 10s - batch_cost: 0.0589 - reader cost: 0.0113
  6/177 [>.............................] - ETA: 10s - batch_cost: 0.0597 - reader cost: 0.0094
  7/177 [>.............................] - ETA: 10s - batch_cost: 0.0604 - reader cost: 0.0081
  8/177 [>.............................] - ETA: 10s - batch_cost: 0.0604 - reader cost: 0.0072
  9/177 [>.............................] - ETA: 10s - batch_cost: 0.0599 - reader cost: 0.0064
 10/177 [>.............................] - ETA: 9s - batch_cost: 0.0595 - reader cost: 0.0058 
 12/177 [=>............................] - ETA: 9s - batch_cost: 0.0582 - reader cost: 0.0048
 13/177 [=>............................] - ETA: 9s - batch_cost: 0.0580 - reader cost: 0.0044
 14/177 [=>............................] - ETA: 9s - batch_cost: 0.0578 - reader cost: 0.0041
 15/177 [=>............................] - ETA: 9s - batch_cost: 0.0579 - reader cost: 0.0038
 16/177 [=>............................] - ETA: 9s - batch_cost: 0.0578 - reader cost: 0.0036
 17/177 [=>............................] - ETA: 9s - batch_cost: 0.0578 - reader cost: 0.0034
 18/177 [==>...........................] - ETA: 9s - batch_cost: 0.0577 - reader cost: 0.0032
 19/177 [==>...........................] - ETA: 9s - batch_cost: 0.0575 - reader cost: 0.0030
 20/177 [==>...........................] - ETA: 9s - batch_cost: 0.0577 - reader cost: 0.0029
 21/177 [==>...........................] - ETA: 9s - batch_cost: 0.0576 - reader cost: 0.0027
 22/177 [==>...........................] - ETA: 8s - batch_cost: 0.0576 - reader cost: 0.0026
 23/177 [==>...........................] - ETA: 8s - batch_cost: 0.0576 - reader cost: 0.0025
 24/177 [===>..........................] - ETA: 8s - batch_cost: 0.0576 - reader cost: 0.0024
 25/177 [===>..........................] - ETA: 8s - batch_cost: 0.0575 - reader cost: 0.0023
 26/177 [===>..........................] - ETA: 8s - batch_cost: 0.0575 - reader cost: 0.0022
 27/177 [===>..........................] - ETA: 8s - batch_cost: 0.0575 - reader cost: 0.0021
 28/177 [===>..........................] - ETA: 8s - batch_cost: 0.0575 - reader cost: 0.0021
 29/177 [===>..........................] - ETA: 8s - batch_cost: 0.0574 - reader cost: 0.0020
 30/177 [====>.........................] - ETA: 8s - batch_cost: 0.0574 - reader cost: 0.0019
 31/177 [====>.........................] - ETA: 8s - batch_cost: 0.0573 - reader cost: 0.0019
 32/177 [====>.........................] - ETA: 8s - batch_cost: 0.0573 - reader cost: 0.0018
 33/177 [====>.........................] - ETA: 8s - batch_cost: 0.0573 - reader cost: 0.0017
 34/177 [====>.........................] - ETA: 8s - batch_cost: 0.0573 - reader cost: 0.0017
 35/177 [====>.........................] - ETA: 8s - batch_cost: 0.0573 - reader cost: 0.0016
 36/177 [=====>........................] - ETA: 8s - batch_cost: 0.0572 - reader cost: 0.0016
 37/177 [=====>........................] - ETA: 8s - batch_cost: 0.0572 - reader cost: 0.0016
 38/177 [=====>........................] - ETA: 7s - batch_cost: 0.0572 - reader cost: 0.0015
 39/177 [=====>........................] - ETA: 7s - batch_cost: 0.0572 - reader cost: 0.0015
 40/177 [=====>........................] - ETA: 7s - batch_cost: 0.0572 - reader cost: 0.0014
 41/177 [=====>........................] - ETA: 7s - batch_cost: 0.0572 - reader cost: 0.0014
 42/177 [======>.......................] - ETA: 7s - batch_cost: 0.0572 - reader cost: 0.0014
 43/177 [======>.......................] - ETA: 7s - batch_cost: 0.0572 - reader cost: 0.0013
 44/177 [======>.......................] - ETA: 7s - batch_cost: 0.0572 - reader cost: 0.0013
 45/177 [======>.......................] - ETA: 7s - batch_cost: 0.0571 - reader cost: 0.0013
 46/177 [======>.......................] - ETA: 7s - batch_cost: 0.0571 - reader cost: 0.0013
 47/177 [======>.......................] - ETA: 7s - batch_cost: 0.0571 - reader cost: 0.0012
 48/177 [=======>......................] - ETA: 7s - batch_cost: 0.0571 - reader cost: 0.0012
 49/177 [=======>......................] - ETA: 7s - batch_cost: 0.0571 - reader cost: 0.0012
 50/177 [=======>......................] - ETA: 7s - batch_cost: 0.0571 - reader cost: 0.0012
 51/177 [=======>......................] - ETA: 7s - batch_cost: 0.0571 - reader cost: 0.0011
 52/177 [=======>......................] - ETA: 7s - batch_cost: 0.0571 - reader cost: 0.0011
 53/177 [=======>......................] - ETA: 7s - batch_cost: 0.0571 - reader cost: 0.0011
 54/177 [========>.....................] - ETA: 7s - batch_cost: 0.0571 - reader cost: 0.0011
 55/177 [========>.....................] - ETA: 6s - batch_cost: 0.0570 - reader cost: 0.0010
 56/177 [========>.....................] - ETA: 6s - batch_cost: 0.0570 - reader cost: 0.0010
 57/177 [========>.....................] - ETA: 6s - batch_cost: 0.0570 - reader cost: 0.0010
 58/177 [========>.....................] - ETA: 6s - batch_cost: 0.0570 - reader cost: 9.9466e-04
 59/177 [=========>....................] - ETA: 6s - batch_cost: 0.0571 - reader cost: 9.7780e-04
 60/177 [=========>....................] - ETA: 6s - batch_cost: 0.0570 - reader cost: 9.6150e-04
 61/177 [=========>....................] - ETA: 6s - batch_cost: 0.0571 - reader cost: 9.4574e-04
 62/177 [=========>....................] - ETA: 6s - batch_cost: 0.0571 - reader cost: 9.3049e-04
 63/177 [=========>....................] - ETA: 6s - batch_cost: 0.0571 - reader cost: 9.1572e-04
 64/177 [=========>....................] - ETA: 6s - batch_cost: 0.0570 - reader cost: 9.0141e-04
 65/177 [==========>...................] - ETA: 6s - batch_cost: 0.0570 - reader cost: 8.8754e-04
 66/177 [==========>...................] - ETA: 6s - batch_cost: 0.0570 - reader cost: 8.7409e-04
 67/177 [==========>...................] - ETA: 6s - batch_cost: 0.0570 - reader cost: 8.6105e-04
 68/177 [==========>...................] - ETA: 6s - batch_cost: 0.0570 - reader cost: 8.4838e-04
 69/177 [==========>...................] - ETA: 6s - batch_cost: 0.0571 - reader cost: 8.3609e-04
 70/177 [==========>...................] - ETA: 6s - batch_cost: 0.0570 - reader cost: 8.2414e-04
 71/177 [===========>..................] - ETA: 6s - batch_cost: 0.0570 - reader cost: 8.1254e-04
 72/177 [===========>..................] - ETA: 6s - batch_cost: 0.0570 - reader cost: 8.0125e-04
 73/177 [===========>..................] - ETA: 5s - batch_cost: 0.0570 - reader cost: 7.9028e-04
 74/177 [===========>..................] - ETA: 5s - batch_cost: 0.0570 - reader cost: 7.7960e-04
 75/177 [===========>..................] - ETA: 5s - batch_cost: 0.0570 - reader cost: 7.6920e-04
 76/177 [===========>..................] - ETA: 5s - batch_cost: 0.0569 - reader cost: 7.5908e-04
 77/177 [============>.................] - ETA: 5s - batch_cost: 0.0569 - reader cost: 7.4922e-04
 78/177 [============>.................] - ETA: 5s - batch_cost: 0.0569 - reader cost: 7.3962e-04
 79/177 [============>.................] - ETA: 5s - batch_cost: 0.0569 - reader cost: 7.3025e-04
 80/177 [============>.................] - ETA: 5s - batch_cost: 0.0569 - reader cost: 7.2113e-04
 81/177 [============>.................] - ETA: 5s - batch_cost: 0.0569 - reader cost: 7.1222e-04
 82/177 [============>.................] - ETA: 5s - batch_cost: 0.0569 - reader cost: 7.0354e-04
 83/177 [=============>................] - ETA: 5s - batch_cost: 0.0569 - reader cost: 6.9506e-04
 84/177 [=============>................] - ETA: 5s - batch_cost: 0.0570 - reader cost: 6.8679e-04
 85/177 [=============>................] - ETA: 5s - batch_cost: 0.0569 - reader cost: 6.7871e-04
 86/177 [=============>................] - ETA: 5s - batch_cost: 0.0569 - reader cost: 6.7082e-04
 87/177 [=============>................] - ETA: 5s - batch_cost: 0.0569 - reader cost: 6.6311e-04
 88/177 [=============>................] - ETA: 5s - batch_cost: 0.0570 - reader cost: 6.5557e-04
 89/177 [==============>...............] - ETA: 5s - batch_cost: 0.0569 - reader cost: 6.4820e-04
 90/177 [==============>...............] - ETA: 4s - batch_cost: 0.0569 - reader cost: 6.4100e-04
 91/177 [==============>...............] - ETA: 4s - batch_cost: 0.0569 - reader cost: 6.3396e-04
 92/177 [==============>...............] - ETA: 4s - batch_cost: 0.0569 - reader cost: 6.2707e-04
 93/177 [==============>...............] - ETA: 4s - batch_cost: 0.0569 - reader cost: 6.3108e-04
 94/177 [==============>...............] - ETA: 4s - batch_cost: 0.0569 - reader cost: 6.2436e-04
 95/177 [===============>..............] - ETA: 4s - batch_cost: 0.0569 - reader cost: 6.1779e-04
 96/177 [===============>..............] - ETA: 4s - batch_cost: 0.0569 - reader cost: 6.1135e-04
 97/177 [===============>..............] - ETA: 4s - batch_cost: 0.0569 - reader cost: 6.0505e-04
 98/177 [===============>..............] - ETA: 4s - batch_cost: 0.0569 - reader cost: 6.0908e-04
 99/177 [===============>..............] - ETA: 4s - batch_cost: 0.0569 - reader cost: 6.0293e-04
100/177 [===============>..............] - ETA: 4s - batch_cost: 0.0569 - reader cost: 5.9690e-04
101/177 [================>.............] - ETA: 4s - batch_cost: 0.0569 - reader cost: 5.9099e-04
102/177 [================>.............] - ETA: 4s - batch_cost: 0.0569 - reader cost: 5.8520e-04
103/177 [================>.............] - ETA: 4s - batch_cost: 0.0569 - reader cost: 5.7952e-04
104/177 [================>.............] - ETA: 4s - batch_cost: 0.0569 - reader cost: 5.7394e-04
105/177 [================>.............] - ETA: 4s - batch_cost: 0.0569 - reader cost: 5.6848e-04
106/177 [================>.............] - ETA: 4s - batch_cost: 0.0569 - reader cost: 5.6789e-04
107/177 [=================>............] - ETA: 3s - batch_cost: 0.0569 - reader cost: 5.6258e-04
108/177 [=================>............] - ETA: 3s - batch_cost: 0.0569 - reader cost: 5.5737e-04
109/177 [=================>............] - ETA: 3s - batch_cost: 0.0569 - reader cost: 5.5226e-04
110/177 [=================>............] - ETA: 3s - batch_cost: 0.0569 - reader cost: 5.4724e-04
111/177 [=================>............] - ETA: 3s - batch_cost: 0.0569 - reader cost: 5.4231e-04
112/177 [=================>............] - ETA: 3s - batch_cost: 0.0569 - reader cost: 5.3746e-04
113/177 [==================>...........] - ETA: 3s - batch_cost: 0.0568 - reader cost: 5.3271e-04
114/177 [==================>...........] - ETA: 3s - batch_cost: 0.0569 - reader cost: 5.2803e-04
115/177 [==================>...........] - ETA: 3s - batch_cost: 0.0569 - reader cost: 5.2344e-04
116/177 [==================>...........] - ETA: 3s - batch_cost: 0.0569 - reader cost: 5.1893e-04
117/177 [==================>...........] - ETA: 3s - batch_cost: 0.0568 - reader cost: 5.2304e-04
118/177 [===================>..........] - ETA: 3s - batch_cost: 0.0569 - reader cost: 5.1861e-04
119/177 [===================>..........] - ETA: 3s - batch_cost: 0.0568 - reader cost: 5.1425e-04
120/177 [===================>..........] - ETA: 3s - batch_cost: 0.0569 - reader cost: 5.0997e-04
121/177 [===================>..........] - ETA: 3s - batch_cost: 0.0568 - reader cost: 5.0575e-04
122/177 [===================>..........] - ETA: 3s - batch_cost: 0.0569 - reader cost: 5.0161e-04
123/177 [===================>..........] - ETA: 3s - batch_cost: 0.0569 - reader cost: 4.9753e-04
124/177 [====================>.........] - ETA: 3s - batch_cost: 0.0568 - reader cost: 5.0157e-04
125/177 [====================>.........] - ETA: 2s - batch_cost: 0.0568 - reader cost: 4.9755e-04
126/177 [====================>.........] - ETA: 2s - batch_cost: 0.0568 - reader cost: 4.9361e-04
127/177 [====================>.........] - ETA: 2s - batch_cost: 0.0568 - reader cost: 4.8972e-04
128/177 [====================>.........] - ETA: 2s - batch_cost: 0.0568 - reader cost: 4.9373e-04
129/177 [====================>.........] - ETA: 2s - batch_cost: 0.0568 - reader cost: 4.8991e-04
130/177 [=====================>........] - ETA: 2s - batch_cost: 0.0568 - reader cost: 4.8614e-04
131/177 [=====================>........] - ETA: 2s - batch_cost: 0.0568 - reader cost: 4.8243e-04
132/177 [=====================>........] - ETA: 2s - batch_cost: 0.0568 - reader cost: 4.7877e-04
133/177 [=====================>........] - ETA: 2s - batch_cost: 0.0568 - reader cost: 4.7517e-04
134/177 [=====================>........] - ETA: 2s - batch_cost: 0.0568 - reader cost: 4.7163e-04
135/177 [=====================>........] - ETA: 2s - batch_cost: 0.0569 - reader cost: 4.6813e-04
136/177 [======================>.......] - ETA: 2s - batch_cost: 0.0569 - reader cost: 4.6469e-04
137/177 [======================>.......] - ETA: 2s - batch_cost: 0.0568 - reader cost: 4.6130e-04
138/177 [======================>.......] - ETA: 2s - batch_cost: 0.0568 - reader cost: 4.5796e-04
139/177 [======================>.......] - ETA: 2s - batch_cost: 0.0568 - reader cost: 4.5466e-04
140/177 [======================>.......] - ETA: 2s - batch_cost: 0.0568 - reader cost: 4.5141e-04
141/177 [======================>.......] - ETA: 2s - batch_cost: 0.0568 - reader cost: 4.4821e-04
142/177 [=======================>......] - ETA: 1s - batch_cost: 0.0568 - reader cost: 4.4506e-04
143/177 [=======================>......] - ETA: 1s - batch_cost: 0.0568 - reader cost: 4.4194e-04
144/177 [=======================>......] - ETA: 1s - batch_cost: 0.0568 - reader cost: 4.3887e-04
145/177 [=======================>......] - ETA: 1s - batch_cost: 0.0568 - reader cost: 4.3585e-04
146/177 [=======================>......] - ETA: 1s - batch_cost: 0.0568 - reader cost: 4.3286e-04
147/177 [=======================>......] - ETA: 1s - batch_cost: 0.0568 - reader cost: 4.2992e-04
148/177 [========================>.....] - ETA: 1s - batch_cost: 0.0568 - reader cost: 4.2701e-04
149/177 [========================>.....] - ETA: 1s - batch_cost: 0.0568 - reader cost: 4.2415e-04
150/177 [========================>.....] - ETA: 1s - batch_cost: 0.0568 - reader cost: 4.2132e-04
151/177 [========================>.....] - ETA: 1s - batch_cost: 0.0568 - reader cost: 4.1853e-04
152/177 [========================>.....] - ETA: 1s - batch_cost: 0.0568 - reader cost: 4.1578e-04
153/177 [========================>.....] - ETA: 1s - batch_cost: 0.0568 - reader cost: 4.1306e-04
154/177 [=========================>....] - ETA: 1s - batch_cost: 0.0568 - reader cost: 4.1038e-04
155/177 [=========================>....] - ETA: 1s - batch_cost: 0.0568 - reader cost: 4.0773e-04
156/177 [=========================>....] - ETA: 1s - batch_cost: 0.0568 - reader cost: 4.0511e-04
157/177 [=========================>....] - ETA: 1s - batch_cost: 0.0568 - reader cost: 4.0253e-04
158/177 [=========================>....] - ETA: 1s - batch_cost: 0.0568 - reader cost: 3.9999e-04
159/177 [=========================>....] - ETA: 1s - batch_cost: 0.0568 - reader cost: 4.0379e-04
160/177 [==========================>...] - ETA: 0s - batch_cost: 0.0568 - reader cost: 4.0127e-04
161/177 [==========================>...] - ETA: 0s - batch_cost: 0.0568 - reader cost: 3.9878e-04
162/177 [==========================>...] - ETA: 0s - batch_cost: 0.0568 - reader cost: 3.9631e-04
163/177 [==========================>...] - ETA: 0s - batch_cost: 0.0568 - reader cost: 3.9388e-04
164/177 [==========================>...] - ETA: 0s - batch_cost: 0.0568 - reader cost: 3.9148e-04
165/177 [==========================>...] - ETA: 0s - batch_cost: 0.0568 - reader cost: 3.8911e-04
166/177 [===========================>..] - ETA: 0s - batch_cost: 0.0568 - reader cost: 3.8677e-04
167/177 [===========================>..] - ETA: 0s - batch_cost: 0.0568 - reader cost: 3.8445e-04
168/177 [===========================>..] - ETA: 0s - batch_cost: 0.0568 - reader cost: 3.8216e-04
169/177 [===========================>..] - ETA: 0s - batch_cost: 0.0568 - reader cost: 3.7990e-04
170/177 [===========================>..] - ETA: 0s - batch_cost: 0.0568 - reader cost: 3.7766e-04
171/177 [===========================>..] - ETA: 0s - batch_cost: 0.0569 - reader cost: 3.7546e-04
172/177 [============================>.] - ETA: 0s - batch_cost: 0.0569 - reader cost: 3.7327e-04
173/177 [============================>.] - ETA: 0s - batch_cost: 0.0569 - reader cost: 3.7112e-04
174/177 [============================>.] - ETA: 0s - batch_cost: 0.0568 - reader cost: 3.6898e-04
175/177 [============================>.] - ETA: 0s - batch_cost: 0.0568 - reader cost: 3.6687e-04
176/177 [============================>.] - ETA: 0s - batch_cost: 0.0569 - reader cost: 3.6479e-04
177/177 [==============================] - 10s 57ms/step - batch_cost: 0.0569 - reader cost: 3.6273e-04

  1/177 [..............................] - ETA: 8s - batch_cost: 0.0477 - reader cost: 0.0342
  2/177 [..............................] - ETA: 9s - batch_cost: 0.0540 - reader cost: 0.0274
  3/177 [..............................] - ETA: 9s - batch_cost: 0.0548 - reader cost: 0.0182
  4/177 [..............................] - ETA: 9s - batch_cost: 0.0557 - reader cost: 0.0137
  5/177 [..............................] - ETA: 10s - batch_cost: 0.0584 - reader cost: 0.0109
  6/177 [>.............................] - ETA: 9s - batch_cost: 0.0581 - reader cost: 0.0091 
  7/177 [>.............................] - ETA: 9s - batch_cost: 0.0577 - reader cost: 0.0078
  8/177 [>.............................] - ETA: 9s - batch_cost: 0.0571 - reader cost: 0.0068
  9/177 [>.............................] - ETA: 9s - batch_cost: 0.0576 - reader cost: 0.0061
 10/177 [>.............................] - ETA: 9s - batch_cost: 0.0571 - reader cost: 0.0055
 11/177 [>.............................] - ETA: 9s - batch_cost: 0.0571 - reader cost: 0.0050
 12/177 [=>............................] - ETA: 9s - batch_cost: 0.0569 - reader cost: 0.0046
 13/177 [=>............................] - ETA: 9s - batch_cost: 0.0568 - reader cost: 0.0042
 14/177 [=>............................] - ETA: 9s - batch_cost: 0.0567 - reader cost: 0.0039
 15/177 [=>............................] - ETA: 9s - batch_cost: 0.0567 - reader cost: 0.0036
 16/177 [=>............................] - ETA: 9s - batch_cost: 0.0568 - reader cost: 0.0034
 17/177 [=>............................] - ETA: 9s - batch_cost: 0.0569 - reader cost: 0.0032
 18/177 [==>...........................] - ETA: 9s - batch_cost: 0.0568 - reader cost: 0.0030
 19/177 [==>...........................] - ETA: 9s - batch_cost: 0.0570 - reader cost: 0.0029
 20/177 [==>...........................] - ETA: 8s - batch_cost: 0.0567 - reader cost: 0.0027
 21/177 [==>...........................] - ETA: 8s - batch_cost: 0.0567 - reader cost: 0.0026
 22/177 [==>...........................] - ETA: 8s - batch_cost: 0.0567 - reader cost: 0.0025
 23/177 [==>...........................] - ETA: 8s - batch_cost: 0.0567 - reader cost: 0.0024
 24/177 [===>..........................] - ETA: 8s - batch_cost: 0.0567 - reader cost: 0.0023
 25/177 [===>..........................] - ETA: 8s - batch_cost: 0.0567 - reader cost: 0.0022
 26/177 [===>..........................] - ETA: 8s - batch_cost: 0.0567 - reader cost: 0.0021
 27/177 [===>..........................] - ETA: 8s - batch_cost: 0.0568 - reader cost: 0.0020
 28/177 [===>..........................] - ETA: 8s - batch_cost: 0.0567 - reader cost: 0.0020
 29/177 [===>..........................] - ETA: 8s - batch_cost: 0.0567 - reader cost: 0.0019
 30/177 [====>.........................] - ETA: 8s - batch_cost: 0.0567 - reader cost: 0.0018
 31/177 [====>.........................] - ETA: 8s - batch_cost: 0.0567 - reader cost: 0.0018
 32/177 [====>.........................] - ETA: 8s - batch_cost: 0.0567 - reader cost: 0.0017
 33/177 [====>.........................] - ETA: 8s - batch_cost: 0.0567 - reader cost: 0.0017
 34/177 [====>.........................] - ETA: 8s - batch_cost: 0.0567 - reader cost: 0.0016
 35/177 [====>.........................] - ETA: 8s - batch_cost: 0.0567 - reader cost: 0.0016
 36/177 [=====>........................] - ETA: 8s - batch_cost: 0.0568 - reader cost: 0.0015
 37/177 [=====>........................] - ETA: 7s - batch_cost: 0.0568 - reader cost: 0.0015
 38/177 [=====>........................] - ETA: 7s - batch_cost: 0.0568 - reader cost: 0.0014
 39/177 [=====>........................] - ETA: 7s - batch_cost: 0.0568 - reader cost: 0.0014
 40/177 [=====>........................] - ETA: 7s - batch_cost: 0.0567 - reader cost: 0.0014
 41/177 [=====>........................] - ETA: 7s - batch_cost: 0.0568 - reader cost: 0.0013
 42/177 [======>.......................] - ETA: 7s - batch_cost: 0.0567 - reader cost: 0.0013
 43/177 [======>.......................] - ETA: 7s - batch_cost: 0.0568 - reader cost: 0.0013
 44/177 [======>.......................] - ETA: 7s - batch_cost: 0.0567 - reader cost: 0.0012
 45/177 [======>.......................] - ETA: 7s - batch_cost: 0.0567 - reader cost: 0.0012
 46/177 [======>.......................] - ETA: 7s - batch_cost: 0.0567 - reader cost: 0.0012
 47/177 [======>.......................] - ETA: 7s - batch_cost: 0.0567 - reader cost: 0.0012
 48/177 [=======>......................] - ETA: 7s - batch_cost: 0.0567 - reader cost: 0.0011
 49/177 [=======>......................] - ETA: 7s - batch_cost: 0.0567 - reader cost: 0.0011
 50/177 [=======>......................] - ETA: 7s - batch_cost: 0.0568 - reader cost: 0.0011
 51/177 [=======>......................] - ETA: 7s - batch_cost: 0.0567 - reader cost: 0.0011
 52/177 [=======>......................] - ETA: 7s - batch_cost: 0.0568 - reader cost: 0.0011
 53/177 [=======>......................] - ETA: 7s - batch_cost: 0.0568 - reader cost: 0.0010
 54/177 [========>.....................] - ETA: 6s - batch_cost: 0.0567 - reader cost: 0.0010
 55/177 [========>.....................] - ETA: 6s - batch_cost: 0.0567 - reader cost: 9.9514e-04
 56/177 [========>.....................] - ETA: 6s - batch_cost: 0.0567 - reader cost: 9.9523e-04
 57/177 [========>.....................] - ETA: 6s - batch_cost: 0.0568 - reader cost: 9.7777e-04
 58/177 [========>.....................] - ETA: 6s - batch_cost: 0.0568 - reader cost: 9.6091e-04
 59/177 [=========>....................] - ETA: 6s - batch_cost: 0.0568 - reader cost: 9.4463e-04
 60/177 [=========>....................] - ETA: 6s - batch_cost: 0.0567 - reader cost: 9.2888e-04
 61/177 [=========>....................] - ETA: 6s - batch_cost: 0.0568 - reader cost: 9.3002e-04
 62/177 [=========>....................] - ETA: 6s - batch_cost: 0.0568 - reader cost: 9.1502e-04
 63/177 [=========>....................] - ETA: 6s - batch_cost: 0.0568 - reader cost: 9.0050e-04
 64/177 [=========>....................] - ETA: 6s - batch_cost: 0.0568 - reader cost: 8.8643e-04
 65/177 [==========>...................] - ETA: 6s - batch_cost: 0.0568 - reader cost: 8.7279e-04
 66/177 [==========>...................] - ETA: 6s - batch_cost: 0.0568 - reader cost: 8.5957e-04
 67/177 [==========>...................] - ETA: 6s - batch_cost: 0.0568 - reader cost: 8.4674e-04
 68/177 [==========>...................] - ETA: 6s - batch_cost: 0.0568 - reader cost: 8.3429e-04
 69/177 [==========>...................] - ETA: 6s - batch_cost: 0.0568 - reader cost: 8.2220e-04
 70/177 [==========>...................] - ETA: 6s - batch_cost: 0.0568 - reader cost: 8.1045e-04
 71/177 [===========>..................] - ETA: 6s - batch_cost: 0.0567 - reader cost: 7.9903e-04
 72/177 [===========>..................] - ETA: 5s - batch_cost: 0.0567 - reader cost: 7.8794e-04
 73/177 [===========>..................] - ETA: 5s - batch_cost: 0.0567 - reader cost: 7.7714e-04
 74/177 [===========>..................] - ETA: 5s - batch_cost: 0.0567 - reader cost: 7.6664e-04
 75/177 [===========>..................] - ETA: 5s - batch_cost: 0.0567 - reader cost: 7.5642e-04
 76/177 [===========>..................] - ETA: 5s - batch_cost: 0.0568 - reader cost: 7.4647e-04
 77/177 [============>.................] - ETA: 5s - batch_cost: 0.0567 - reader cost: 7.3677e-04
 78/177 [============>.................] - ETA: 5s - batch_cost: 0.0567 - reader cost: 7.2733e-04
 79/177 [============>.................] - ETA: 5s - batch_cost: 0.0568 - reader cost: 7.1812e-04
 80/177 [============>.................] - ETA: 5s - batch_cost: 0.0568 - reader cost: 7.0914e-04
 81/177 [============>.................] - ETA: 5s - batch_cost: 0.0568 - reader cost: 7.0039e-04
 82/177 [============>.................] - ETA: 5s - batch_cost: 0.0568 - reader cost: 6.9185e-04
 83/177 [=============>................] - ETA: 5s - batch_cost: 0.0568 - reader cost: 6.8351e-04
 84/177 [=============>................] - ETA: 5s - batch_cost: 0.0568 - reader cost: 6.7537e-04
 85/177 [=============>................] - ETA: 5s - batch_cost: 0.0567 - reader cost: 6.6743e-04
 86/177 [=============>................] - ETA: 5s - batch_cost: 0.0567 - reader cost: 6.5967e-04
 87/177 [=============>................] - ETA: 5s - batch_cost: 0.0567 - reader cost: 6.5209e-04
 88/177 [=============>................] - ETA: 5s - batch_cost: 0.0567 - reader cost: 6.4468e-04
 89/177 [==============>...............] - ETA: 4s - batch_cost: 0.0567 - reader cost: 6.3743e-04
 90/177 [==============>...............] - ETA: 4s - batch_cost: 0.0567 - reader cost: 6.3035e-04
 91/177 [==============>...............] - ETA: 4s - batch_cost: 0.0567 - reader cost: 6.2342e-04
 92/177 [==============>...............] - ETA: 4s - batch_cost: 0.0567 - reader cost: 6.1665e-04
 93/177 [==============>...............] - ETA: 4s - batch_cost: 0.0567 - reader cost: 6.1002e-04
 94/177 [==============>...............] - ETA: 4s - batch_cost: 0.0567 - reader cost: 6.0353e-04
 95/177 [===============>..............] - ETA: 4s - batch_cost: 0.0567 - reader cost: 5.9717e-04
 96/177 [===============>..............] - ETA: 4s - batch_cost: 0.0567 - reader cost: 5.9095e-04
 97/177 [===============>..............] - ETA: 4s - batch_cost: 0.0567 - reader cost: 5.8486e-04
 98/177 [===============>..............] - ETA: 4s - batch_cost: 0.0567 - reader cost: 5.7889e-04
 99/177 [===============>..............] - ETA: 4s - batch_cost: 0.0567 - reader cost: 5.7305e-04
100/177 [===============>..............] - ETA: 4s - batch_cost: 0.0567 - reader cost: 5.6731e-04
101/177 [================>.............] - ETA: 4s - batch_cost: 0.0567 - reader cost: 5.6170e-04
102/177 [================>.............] - ETA: 4s - batch_cost: 0.0567 - reader cost: 5.5619e-04
103/177 [================>.............] - ETA: 4s - batch_cost: 0.0567 - reader cost: 5.5079e-04
104/177 [================>.............] - ETA: 4s - batch_cost: 0.0567 - reader cost: 5.4549e-04
105/177 [================>.............] - ETA: 4s - batch_cost: 0.0567 - reader cost: 5.4030e-04
106/177 [================>.............] - ETA: 4s - batch_cost: 0.0567 - reader cost: 5.3520e-04
107/177 [=================>............] - ETA: 3s - batch_cost: 0.0567 - reader cost: 5.3020e-04
108/177 [=================>............] - ETA: 3s - batch_cost: 0.0567 - reader cost: 5.2529e-04
109/177 [=================>............] - ETA: 3s - batch_cost: 0.0567 - reader cost: 5.2047e-04
110/177 [=================>............] - ETA: 3s - batch_cost: 0.0567 - reader cost: 5.1574e-04
111/177 [=================>............] - ETA: 3s - batch_cost: 0.0567 - reader cost: 5.1109e-04
112/177 [=================>............] - ETA: 3s - batch_cost: 0.0567 - reader cost: 5.0653e-04
113/177 [==================>...........] - ETA: 3s - batch_cost: 0.0567 - reader cost: 5.0205e-04
114/177 [==================>...........] - ETA: 3s - batch_cost: 0.0568 - reader cost: 4.9764e-04
115/177 [==================>...........] - ETA: 3s - batch_cost: 0.0567 - reader cost: 4.9332e-04
116/177 [==================>...........] - ETA: 3s - batch_cost: 0.0567 - reader cost: 4.8906e-04
117/177 [==================>...........] - ETA: 3s - batch_cost: 0.0567 - reader cost: 4.8488e-04
118/177 [===================>..........] - ETA: 3s - batch_cost: 0.0567 - reader cost: 4.8078e-04
119/177 [===================>..........] - ETA: 3s - batch_cost: 0.0567 - reader cost: 4.7673e-04
120/177 [===================>..........] - ETA: 3s - batch_cost: 0.0567 - reader cost: 4.7276e-04
121/177 [===================>..........] - ETA: 3s - batch_cost: 0.0567 - reader cost: 4.6886e-04
122/177 [===================>..........] - ETA: 3s - batch_cost: 0.0567 - reader cost: 4.6501e-04
123/177 [===================>..........] - ETA: 3s - batch_cost: 0.0567 - reader cost: 4.6123e-04
124/177 [====================>.........] - ETA: 3s - batch_cost: 0.0567 - reader cost: 4.5751e-04
125/177 [====================>.........] - ETA: 2s - batch_cost: 0.0567 - reader cost: 4.5385e-04
126/177 [====================>.........] - ETA: 2s - batch_cost: 0.0567 - reader cost: 4.5025e-04
127/177 [====================>.........] - ETA: 2s - batch_cost: 0.0567 - reader cost: 4.4670e-04
128/177 [====================>.........] - ETA: 2s - batch_cost: 0.0567 - reader cost: 4.4321e-04
129/177 [====================>.........] - ETA: 2s - batch_cost: 0.0567 - reader cost: 4.3978e-04
130/177 [=====================>........] - ETA: 2s - batch_cost: 0.0567 - reader cost: 4.3640e-04
131/177 [=====================>........] - ETA: 2s - batch_cost: 0.0567 - reader cost: 4.3306e-04
132/177 [=====================>........] - ETA: 2s - batch_cost: 0.0567 - reader cost: 4.2978e-04
133/177 [=====================>........] - ETA: 2s - batch_cost: 0.0568 - reader cost: 4.2655e-04
134/177 [=====================>........] - ETA: 2s - batch_cost: 0.0567 - reader cost: 4.2337e-04
135/177 [=====================>........] - ETA: 2s - batch_cost: 0.0567 - reader cost: 4.2023e-04
136/177 [======================>.......] - ETA: 2s - batch_cost: 0.0568 - reader cost: 4.1714e-04
137/177 [======================>.......] - ETA: 2s - batch_cost: 0.0567 - reader cost: 4.1410e-04
138/177 [======================>.......] - ETA: 2s - batch_cost: 0.0567 - reader cost: 4.1110e-04
139/177 [======================>.......] - ETA: 2s - batch_cost: 0.0567 - reader cost: 4.0814e-04
140/177 [======================>.......] - ETA: 2s - batch_cost: 0.0568 - reader cost: 4.0522e-04
141/177 [======================>.......] - ETA: 2s - batch_cost: 0.0567 - reader cost: 4.0235e-04
142/177 [=======================>......] - ETA: 1s - batch_cost: 0.0567 - reader cost: 4.1012e-04
143/177 [=======================>......] - ETA: 1s - batch_cost: 0.0567 - reader cost: 4.0725e-04
144/177 [=======================>......] - ETA: 1s - batch_cost: 0.0568 - reader cost: 4.0442e-04
145/177 [=======================>......] - ETA: 1s - batch_cost: 0.0567 - reader cost: 4.0163e-04
146/177 [=======================>......] - ETA: 1s - batch_cost: 0.0567 - reader cost: 3.9888e-04
147/177 [=======================>......] - ETA: 1s - batch_cost: 0.0567 - reader cost: 3.9617e-04
148/177 [========================>.....] - ETA: 1s - batch_cost: 0.0567 - reader cost: 3.9349e-04
149/177 [========================>.....] - ETA: 1s - batch_cost: 0.0567 - reader cost: 3.9085e-04
150/177 [========================>.....] - ETA: 1s - batch_cost: 0.0568 - reader cost: 3.8825e-04
151/177 [========================>.....] - ETA: 1s - batch_cost: 0.0567 - reader cost: 3.8567e-04
152/177 [========================>.....] - ETA: 1s - batch_cost: 0.0568 - reader cost: 3.8314e-04
153/177 [========================>.....] - ETA: 1s - batch_cost: 0.0568 - reader cost: 3.8063e-04
154/177 [=========================>....] - ETA: 1s - batch_cost: 0.0568 - reader cost: 3.7816e-04
155/177 [=========================>....] - ETA: 1s - batch_cost: 0.0568 - reader cost: 3.7572e-04
156/177 [=========================>....] - ETA: 1s - batch_cost: 0.0568 - reader cost: 3.7331e-04
157/177 [=========================>....] - ETA: 1s - batch_cost: 0.0568 - reader cost: 3.7094e-04
158/177 [=========================>....] - ETA: 1s - batch_cost: 0.0568 - reader cost: 3.6859e-04
159/177 [=========================>....] - ETA: 1s - batch_cost: 0.0567 - reader cost: 3.6627e-04
160/177 [==========================>...] - ETA: 0s - batch_cost: 0.0567 - reader cost: 3.6398e-04
161/177 [==========================>...] - ETA: 0s - batch_cost: 0.0568 - reader cost: 3.6172e-04
162/177 [==========================>...] - ETA: 0s - batch_cost: 0.0568 - reader cost: 3.5949e-04
163/177 [==========================>...] - ETA: 0s - batch_cost: 0.0568 - reader cost: 3.5728e-04
164/177 [==========================>...] - ETA: 0s - batch_cost: 0.0567 - reader cost: 3.5510e-04
165/177 [==========================>...] - ETA: 0s - batch_cost: 0.0568 - reader cost: 3.5904e-04
166/177 [===========================>..] - ETA: 0s - batch_cost: 0.0567 - reader cost: 3.5688e-04
167/177 [===========================>..] - ETA: 0s - batch_cost: 0.0567 - reader cost: 3.6073e-04
168/177 [===========================>..] - ETA: 0s - batch_cost: 0.0567 - reader cost: 3.5859e-04
169/177 [===========================>..] - ETA: 0s - batch_cost: 0.0567 - reader cost: 3.5647e-04
170/177 [===========================>..] - ETA: 0s - batch_cost: 0.0568 - reader cost: 3.5437e-04
171/177 [===========================>..] - ETA: 0s - batch_cost: 0.0567 - reader cost: 3.5230e-04
172/177 [============================>.] - ETA: 0s - batch_cost: 0.0567 - reader cost: 3.5025e-04
173/177 [============================>.] - ETA: 0s - batch_cost: 0.0567 - reader cost: 3.4822e-04
174/177 [============================>.] - ETA: 0s - batch_cost: 0.0567 - reader cost: 3.4622e-04
175/177 [============================>.] - ETA: 0s - batch_cost: 0.0567 - reader cost: 3.4424e-04
176/177 [============================>.] - ETA: 0s - batch_cost: 0.0567 - reader cost: 3.4229e-04
177/177 [==============================] - 10s 57ms/step - batch_cost: 0.0567 - reader cost: 3.4603e-04

  1/177 [..............................] - ETA: 8s - batch_cost: 0.0479 - reader cost: 0.0338
  2/177 [..............................] - ETA: 9s - batch_cost: 0.0521 - reader cost: 0.0250
  3/177 [..............................] - ETA: 9s - batch_cost: 0.0562 - reader cost: 0.0167
  4/177 [..............................] - ETA: 9s - batch_cost: 0.0560 - reader cost: 0.0128
  5/177 [..............................] - ETA: 9s - batch_cost: 0.0566 - reader cost: 0.0102
  6/177 [>.............................] - ETA: 9s - batch_cost: 0.0564 - reader cost: 0.0085
  7/177 [>.............................] - ETA: 9s - batch_cost: 0.0556 - reader cost: 0.0073
  8/177 [>.............................] - ETA: 9s - batch_cost: 0.0555 - reader cost: 0.0064
  9/177 [>.............................] - ETA: 9s - batch_cost: 0.0555 - reader cost: 0.0058
 10/177 [>.............................] - ETA: 9s - batch_cost: 0.0557 - reader cost: 0.0052
 11/177 [>.............................] - ETA: 9s - batch_cost: 0.0557 - reader cost: 0.0047
 12/177 [=>............................] - ETA: 9s - batch_cost: 0.0562 - reader cost: 0.0043
 13/177 [=>............................] - ETA: 9s - batch_cost: 0.0560 - reader cost: 0.0040
 14/177 [=>............................] - ETA: 9s - batch_cost: 0.0560 - reader cost: 0.0037
 15/177 [=>............................] - ETA: 9s - batch_cost: 0.0558 - reader cost: 0.0035
 16/177 [=>............................] - ETA: 9s - batch_cost: 0.0559 - reader cost: 0.0033
 17/177 [=>............................] - ETA: 9s - batch_cost: 0.0559 - reader cost: 0.0031
 18/177 [==>...........................] - ETA: 8s - batch_cost: 0.0560 - reader cost: 0.0029
 19/177 [==>...........................] - ETA: 8s - batch_cost: 0.0562 - reader cost: 0.0027
 20/177 [==>...........................] - ETA: 8s - batch_cost: 0.0561 - reader cost: 0.0026
 21/177 [==>...........................] - ETA: 8s - batch_cost: 0.0561 - reader cost: 0.0025
 22/177 [==>...........................] - ETA: 8s - batch_cost: 0.0562 - reader cost: 0.0024
 23/177 [==>...........................] - ETA: 8s - batch_cost: 0.0562 - reader cost: 0.0023
 24/177 [===>..........................] - ETA: 8s - batch_cost: 0.0563 - reader cost: 0.0022
 25/177 [===>..........................] - ETA: 8s - batch_cost: 0.0562 - reader cost: 0.0021
 26/177 [===>..........................] - ETA: 8s - batch_cost: 0.0562 - reader cost: 0.0020
 27/177 [===>..........................] - ETA: 8s - batch_cost: 0.0562 - reader cost: 0.0019
 28/177 [===>..........................] - ETA: 8s - batch_cost: 0.0563 - reader cost: 0.0019
 29/177 [===>..........................] - ETA: 8s - batch_cost: 0.0562 - reader cost: 0.0018
 30/177 [====>.........................] - ETA: 8s - batch_cost: 0.0563 - reader cost: 0.0017
 31/177 [====>.........................] - ETA: 8s - batch_cost: 0.0563 - reader cost: 0.0017
 32/177 [====>.........................] - ETA: 8s - batch_cost: 0.0563 - reader cost: 0.0016
 33/177 [====>.........................] - ETA: 8s - batch_cost: 0.0563 - reader cost: 0.0016
 34/177 [====>.........................] - ETA: 8s - batch_cost: 0.0564 - reader cost: 0.0015
 35/177 [====>.........................] - ETA: 8s - batch_cost: 0.0563 - reader cost: 0.0015
 36/177 [=====>........................] - ETA: 7s - batch_cost: 0.0563 - reader cost: 0.0014
 37/177 [=====>........................] - ETA: 7s - batch_cost: 0.0564 - reader cost: 0.0014
 38/177 [=====>........................] - ETA: 7s - batch_cost: 0.0564 - reader cost: 0.0014
 39/177 [=====>........................] - ETA: 7s - batch_cost: 0.0563 - reader cost: 0.0013
 40/177 [=====>........................] - ETA: 7s - batch_cost: 0.0564 - reader cost: 0.0013
 41/177 [=====>........................] - ETA: 7s - batch_cost: 0.0564 - reader cost: 0.0013
 42/177 [======>.......................] - ETA: 7s - batch_cost: 0.0564 - reader cost: 0.0012
 43/177 [======>.......................] - ETA: 7s - batch_cost: 0.0564 - reader cost: 0.0012
 44/177 [======>.......................] - ETA: 7s - batch_cost: 0.0565 - reader cost: 0.0012
 45/177 [======>.......................] - ETA: 7s - batch_cost: 0.0565 - reader cost: 0.0012
 46/177 [======>.......................] - ETA: 7s - batch_cost: 0.0564 - reader cost: 0.0012
 47/177 [======>.......................] - ETA: 7s - batch_cost: 0.0564 - reader cost: 0.0012
 48/177 [=======>......................] - ETA: 7s - batch_cost: 0.0564 - reader cost: 0.0011
 49/177 [=======>......................] - ETA: 7s - batch_cost: 0.0564 - reader cost: 0.0011
 50/177 [=======>......................] - ETA: 7s - batch_cost: 0.0565 - reader cost: 0.0011
 51/177 [=======>......................] - ETA: 7s - batch_cost: 0.0565 - reader cost: 0.0011
 52/177 [=======>......................] - ETA: 7s - batch_cost: 0.0565 - reader cost: 0.0010
 53/177 [=======>......................] - ETA: 7s - batch_cost: 0.0565 - reader cost: 0.0010
 54/177 [========>.....................] - ETA: 6s - batch_cost: 0.0565 - reader cost: 0.0010
 55/177 [========>.....................] - ETA: 6s - batch_cost: 0.0565 - reader cost: 9.8334e-04
 56/177 [========>.....................] - ETA: 6s - batch_cost: 0.0565 - reader cost: 9.6578e-04
 57/177 [========>.....................] - ETA: 6s - batch_cost: 0.0565 - reader cost: 9.4883e-04
 58/177 [========>.....................] - ETA: 6s - batch_cost: 0.0565 - reader cost: 9.3248e-04
 59/177 [=========>....................] - ETA: 6s - batch_cost: 0.0565 - reader cost: 9.1667e-04
 60/177 [=========>....................] - ETA: 6s - batch_cost: 0.0565 - reader cost: 9.0139e-04
 61/177 [=========>....................] - ETA: 6s - batch_cost: 0.0565 - reader cost: 8.8662e-04
 62/177 [=========>....................] - ETA: 6s - batch_cost: 0.0565 - reader cost: 8.7232e-04
 63/177 [=========>....................] - ETA: 6s - batch_cost: 0.0565 - reader cost: 8.5847e-04
 64/177 [=========>....................] - ETA: 6s - batch_cost: 0.0565 - reader cost: 8.4506e-04
 65/177 [==========>...................] - ETA: 6s - batch_cost: 0.0566 - reader cost: 8.3206e-04
 66/177 [==========>...................] - ETA: 6s - batch_cost: 0.0565 - reader cost: 8.1945e-04
 67/177 [==========>...................] - ETA: 6s - batch_cost: 0.0565 - reader cost: 8.2213e-04
 68/177 [==========>...................] - ETA: 6s - batch_cost: 0.0565 - reader cost: 8.1004e-04
 69/177 [==========>...................] - ETA: 6s - batch_cost: 0.0565 - reader cost: 7.9830e-04
 70/177 [==========>...................] - ETA: 6s - batch_cost: 0.0566 - reader cost: 7.8690e-04
 71/177 [===========>..................] - ETA: 6s - batch_cost: 0.0565 - reader cost: 7.7581e-04
 72/177 [===========>..................] - ETA: 5s - batch_cost: 0.0566 - reader cost: 7.6504e-04
 73/177 [===========>..................] - ETA: 5s - batch_cost: 0.0565 - reader cost: 7.5456e-04
 74/177 [===========>..................] - ETA: 5s - batch_cost: 0.0566 - reader cost: 7.4436e-04
 75/177 [===========>..................] - ETA: 5s - batch_cost: 0.0566 - reader cost: 7.3444e-04
 76/177 [===========>..................] - ETA: 5s - batch_cost: 0.0566 - reader cost: 7.2477e-04
 77/177 [============>.................] - ETA: 5s - batch_cost: 0.0565 - reader cost: 7.1536e-04
 78/177 [============>.................] - ETA: 5s - batch_cost: 0.0565 - reader cost: 7.0619e-04
 79/177 [============>.................] - ETA: 5s - batch_cost: 0.0566 - reader cost: 6.9725e-04
 80/177 [============>.................] - ETA: 5s - batch_cost: 0.0566 - reader cost: 6.8853e-04
 81/177 [============>.................] - ETA: 5s - batch_cost: 0.0566 - reader cost: 6.8003e-04
 82/177 [============>.................] - ETA: 5s - batch_cost: 0.0566 - reader cost: 6.7174e-04
 83/177 [=============>................] - ETA: 5s - batch_cost: 0.0566 - reader cost: 6.6365e-04
 84/177 [=============>................] - ETA: 5s - batch_cost: 0.0566 - reader cost: 6.5575e-04
 85/177 [=============>................] - ETA: 5s - batch_cost: 0.0566 - reader cost: 6.4803e-04
 86/177 [=============>................] - ETA: 5s - batch_cost: 0.0566 - reader cost: 6.4050e-04
 87/177 [=============>................] - ETA: 5s - batch_cost: 0.0566 - reader cost: 6.3314e-04
 88/177 [=============>................] - ETA: 5s - batch_cost: 0.0566 - reader cost: 6.2594e-04
 89/177 [==============>...............] - ETA: 4s - batch_cost: 0.0565 - reader cost: 6.1891e-04
 90/177 [==============>...............] - ETA: 4s - batch_cost: 0.0565 - reader cost: 6.1203e-04
 91/177 [==============>...............] - ETA: 4s - batch_cost: 0.0566 - reader cost: 6.0531e-04
 92/177 [==============>...............] - ETA: 4s - batch_cost: 0.0566 - reader cost: 5.9873e-04
 93/177 [==============>...............] - ETA: 4s - batch_cost: 0.0566 - reader cost: 5.9229e-04
 94/177 [==============>...............] - ETA: 4s - batch_cost: 0.0566 - reader cost: 5.8599e-04
 95/177 [===============>..............] - ETA: 4s - batch_cost: 0.0566 - reader cost: 5.7982e-04
 96/177 [===============>..............] - ETA: 4s - batch_cost: 0.0566 - reader cost: 5.7378e-04
 97/177 [===============>..............] - ETA: 4s - batch_cost: 0.0566 - reader cost: 5.6786e-04
 98/177 [===============>..............] - ETA: 4s - batch_cost: 0.0566 - reader cost: 5.6207e-04
 99/177 [===============>..............] - ETA: 4s - batch_cost: 0.0566 - reader cost: 5.5639e-04
100/177 [===============>..............] - ETA: 4s - batch_cost: 0.0566 - reader cost: 5.5083e-04
101/177 [================>.............] - ETA: 4s - batch_cost: 0.0566 - reader cost: 5.4537e-04
102/177 [================>.............] - ETA: 4s - batch_cost: 0.0566 - reader cost: 5.4003e-04
103/177 [================>.............] - ETA: 4s - batch_cost: 0.0566 - reader cost: 5.3478e-04
104/177 [================>.............] - ETA: 4s - batch_cost: 0.0566 - reader cost: 5.2964e-04
105/177 [================>.............] - ETA: 4s - batch_cost: 0.0566 - reader cost: 5.2460e-04
106/177 [================>.............] - ETA: 4s - batch_cost: 0.0566 - reader cost: 5.1965e-04
107/177 [=================>............] - ETA: 3s - batch_cost: 0.0566 - reader cost: 5.1479e-04
108/177 [=================>............] - ETA: 3s - batch_cost: 0.0566 - reader cost: 5.1003e-04
109/177 [=================>............] - ETA: 3s - batch_cost: 0.0566 - reader cost: 5.0535e-04
110/177 [=================>............] - ETA: 3s - batch_cost: 0.0565 - reader cost: 5.0075e-04
111/177 [=================>............] - ETA: 3s - batch_cost: 0.0566 - reader cost: 4.9624e-04
112/177 [=================>............] - ETA: 3s - batch_cost: 0.0565 - reader cost: 4.9181e-04
113/177 [==================>...........] - ETA: 3s - batch_cost: 0.0566 - reader cost: 4.9638e-04
114/177 [==================>...........] - ETA: 3s - batch_cost: 0.0566 - reader cost: 4.9202e-04
115/177 [==================>...........] - ETA: 3s - batch_cost: 0.0566 - reader cost: 4.8775e-04
116/177 [==================>...........] - ETA: 3s - batch_cost: 0.0565 - reader cost: 4.8354e-04
117/177 [==================>...........] - ETA: 3s - batch_cost: 0.0566 - reader cost: 4.7941e-04
118/177 [===================>..........] - ETA: 3s - batch_cost: 0.0566 - reader cost: 4.7535e-04
119/177 [===================>..........] - ETA: 3s - batch_cost: 0.0566 - reader cost: 4.7135e-04
120/177 [===================>..........] - ETA: 3s - batch_cost: 0.0566 - reader cost: 4.6742e-04
121/177 [===================>..........] - ETA: 3s - batch_cost: 0.0566 - reader cost: 4.6356e-04
122/177 [===================>..........] - ETA: 3s - batch_cost: 0.0565 - reader cost: 4.5976e-04
123/177 [===================>..........] - ETA: 3s - batch_cost: 0.0566 - reader cost: 4.5602e-04
124/177 [====================>.........] - ETA: 3s - batch_cost: 0.0566 - reader cost: 4.6041e-04
125/177 [====================>.........] - ETA: 2s - batch_cost: 0.0566 - reader cost: 4.5673e-04
126/177 [====================>.........] - ETA: 2s - batch_cost: 0.0566 - reader cost: 4.5310e-04
127/177 [====================>.........] - ETA: 2s - batch_cost: 0.0566 - reader cost: 4.4953e-04
128/177 [====================>.........] - ETA: 2s - batch_cost: 0.0566 - reader cost: 4.4602e-04
129/177 [====================>.........] - ETA: 2s - batch_cost: 0.0566 - reader cost: 4.4256e-04
130/177 [=====================>........] - ETA: 2s - batch_cost: 0.0566 - reader cost: 4.4691e-04
131/177 [=====================>........] - ETA: 2s - batch_cost: 0.0566 - reader cost: 4.4349e-04
132/177 [=====================>........] - ETA: 2s - batch_cost: 0.0566 - reader cost: 4.4014e-04
133/177 [=====================>........] - ETA: 2s - batch_cost: 0.0566 - reader cost: 4.3683e-04
134/177 [=====================>........] - ETA: 2s - batch_cost: 0.0566 - reader cost: 4.3357e-04
135/177 [=====================>........] - ETA: 2s - batch_cost: 0.0566 - reader cost: 4.3035e-04
136/177 [======================>.......] - ETA: 2s - batch_cost: 0.0566 - reader cost: 4.2719e-04
137/177 [======================>.......] - ETA: 2s - batch_cost: 0.0566 - reader cost: 4.2407e-04
138/177 [======================>.......] - ETA: 2s - batch_cost: 0.0565 - reader cost: 4.2100e-04
139/177 [======================>.......] - ETA: 2s - batch_cost: 0.0566 - reader cost: 4.1797e-04
140/177 [======================>.......] - ETA: 2s - batch_cost: 0.0566 - reader cost: 4.1498e-04
141/177 [======================>.......] - ETA: 2s - batch_cost: 0.0565 - reader cost: 4.1204e-04
142/177 [=======================>......] - ETA: 1s - batch_cost: 0.0566 - reader cost: 4.0914e-04
143/177 [=======================>......] - ETA: 1s - batch_cost: 0.0566 - reader cost: 4.0628e-04
144/177 [=======================>......] - ETA: 1s - batch_cost: 0.0566 - reader cost: 4.0346e-04
145/177 [=======================>......] - ETA: 1s - batch_cost: 0.0566 - reader cost: 4.0067e-04
146/177 [=======================>......] - ETA: 1s - batch_cost: 0.0566 - reader cost: 3.9793e-04
147/177 [=======================>......] - ETA: 1s - batch_cost: 0.0566 - reader cost: 3.9522e-04
148/177 [========================>.....] - ETA: 1s - batch_cost: 0.0566 - reader cost: 3.9931e-04
149/177 [========================>.....] - ETA: 1s - batch_cost: 0.0566 - reader cost: 4.0371e-04
150/177 [========================>.....] - ETA: 1s - batch_cost: 0.0566 - reader cost: 4.0102e-04
151/177 [========================>.....] - ETA: 1s - batch_cost: 0.0566 - reader cost: 3.9836e-04
152/177 [========================>.....] - ETA: 1s - batch_cost: 0.0566 - reader cost: 3.9574e-04
153/177 [========================>.....] - ETA: 1s - batch_cost: 0.0566 - reader cost: 3.9316e-04
154/177 [=========================>....] - ETA: 1s - batch_cost: 0.0566 - reader cost: 3.9060e-04
155/177 [=========================>....] - ETA: 1s - batch_cost: 0.0566 - reader cost: 3.8808e-04
156/177 [=========================>....] - ETA: 1s - batch_cost: 0.0566 - reader cost: 3.8559e-04
157/177 [=========================>....] - ETA: 1s - batch_cost: 0.0566 - reader cost: 3.8314e-04
158/177 [=========================>....] - ETA: 1s - batch_cost: 0.0566 - reader cost: 3.8071e-04
159/177 [=========================>....] - ETA: 1s - batch_cost: 0.0566 - reader cost: 3.7832e-04
160/177 [==========================>...] - ETA: 0s - batch_cost: 0.0566 - reader cost: 3.7595e-04
161/177 [==========================>...] - ETA: 0s - batch_cost: 0.0566 - reader cost: 3.7362e-04
162/177 [==========================>...] - ETA: 0s - batch_cost: 0.0566 - reader cost: 3.7131e-04
163/177 [==========================>...] - ETA: 0s - batch_cost: 0.0566 - reader cost: 3.6904e-04
164/177 [==========================>...] - ETA: 0s - batch_cost: 0.0566 - reader cost: 3.6679e-04
165/177 [==========================>...] - ETA: 0s - batch_cost: 0.0566 - reader cost: 3.6456e-04
166/177 [===========================>..] - ETA: 0s - batch_cost: 0.0566 - reader cost: 3.6237e-04
167/177 [===========================>..] - ETA: 0s - batch_cost: 0.0566 - reader cost: 3.6020e-04
168/177 [===========================>..] - ETA: 0s - batch_cost: 0.0566 - reader cost: 3.5805e-04
169/177 [===========================>..] - ETA: 0s - batch_cost: 0.0566 - reader cost: 3.5593e-04
170/177 [===========================>..] - ETA: 0s - batch_cost: 0.0566 - reader cost: 3.5384e-04
171/177 [===========================>..] - ETA: 0s - batch_cost: 0.0566 - reader cost: 3.5177e-04
172/177 [============================>.] - ETA: 0s - batch_cost: 0.0566 - reader cost: 3.4973e-04
173/177 [============================>.] - ETA: 0s - batch_cost: 0.0566 - reader cost: 3.5348e-04
174/177 [============================>.] - ETA: 0s - batch_cost: 0.0566 - reader cost: 3.5763e-04
175/177 [============================>.] - ETA: 0s - batch_cost: 0.0566 - reader cost: 3.5558e-04
176/177 [============================>.] - ETA: 0s - batch_cost: 0.0566 - reader cost: 3.5356e-04
177/177 [==============================] - 10s 57ms/step - batch_cost: 0.0566 - reader cost: 3.5157e-04

  1/177 [..............................] - ETA: 8s - batch_cost: 0.0489 - reader cost: 0.0344
  2/177 [..............................] - ETA: 9s - batch_cost: 0.0550 - reader cost: 0.0267
  3/177 [..............................] - ETA: 9s - batch_cost: 0.0553 - reader cost: 0.0178
  4/177 [..............................] - ETA: 9s - batch_cost: 0.0560 - reader cost: 0.0133
  5/177 [..............................] - ETA: 9s - batch_cost: 0.0558 - reader cost: 0.0107
  6/177 [>.............................] - ETA: 9s - batch_cost: 0.0558 - reader cost: 0.0089
  7/177 [>.............................] - ETA: 9s - batch_cost: 0.0567 - reader cost: 0.0078
  8/177 [>.............................] - ETA: 9s - batch_cost: 0.0559 - reader cost: 0.0068
  9/177 [>.............................] - ETA: 9s - batch_cost: 0.0559 - reader cost: 0.0060
 10/177 [>.............................] - ETA: 9s - batch_cost: 0.0562 - reader cost: 0.0054
 11/177 [>.............................] - ETA: 9s - batch_cost: 0.0561 - reader cost: 0.0049
 12/177 [=>............................] - ETA: 9s - batch_cost: 0.0561 - reader cost: 0.0045
 13/177 [=>............................] - ETA: 9s - batch_cost: 0.0561 - reader cost: 0.0042
 14/177 [=>............................] - ETA: 9s - batch_cost: 0.0563 - reader cost: 0.0039
 15/177 [=>............................] - ETA: 9s - batch_cost: 0.0563 - reader cost: 0.0036
 16/177 [=>............................] - ETA: 9s - batch_cost: 0.0563 - reader cost: 0.0034
 17/177 [=>............................] - ETA: 9s - batch_cost: 0.0563 - reader cost: 0.0032
 18/177 [==>...........................] - ETA: 8s - batch_cost: 0.0564 - reader cost: 0.0030
 19/177 [==>...........................] - ETA: 8s - batch_cost: 0.0563 - reader cost: 0.0029
 20/177 [==>...........................] - ETA: 8s - batch_cost: 0.0563 - reader cost: 0.0027
 21/177 [==>...........................] - ETA: 8s - batch_cost: 0.0562 - reader cost: 0.0026
 22/177 [==>...........................] - ETA: 8s - batch_cost: 0.0563 - reader cost: 0.0025
 23/177 [==>...........................] - ETA: 8s - batch_cost: 0.0563 - reader cost: 0.0024
 24/177 [===>..........................] - ETA: 8s - batch_cost: 0.0564 - reader cost: 0.0023
 25/177 [===>..........................] - ETA: 8s - batch_cost: 0.0564 - reader cost: 0.0022
 26/177 [===>..........................] - ETA: 8s - batch_cost: 0.0564 - reader cost: 0.0021
 27/177 [===>..........................] - ETA: 8s - batch_cost: 0.0564 - reader cost: 0.0020
 28/177 [===>..........................] - ETA: 8s - batch_cost: 0.0563 - reader cost: 0.0019
 29/177 [===>..........................] - ETA: 8s - batch_cost: 0.0565 - reader cost: 0.0019
 30/177 [====>.........................] - ETA: 8s - batch_cost: 0.0565 - reader cost: 0.0018
 31/177 [====>.........................] - ETA: 8s - batch_cost: 0.0565 - reader cost: 0.0018
 32/177 [====>.........................] - ETA: 8s - batch_cost: 0.0564 - reader cost: 0.0017
 33/177 [====>.........................] - ETA: 8s - batch_cost: 0.0564 - reader cost: 0.0016
 34/177 [====>.........................] - ETA: 8s - batch_cost: 0.0564 - reader cost: 0.0016
 35/177 [====>.........................] - ETA: 8s - batch_cost: 0.0565 - reader cost: 0.0016
 36/177 [=====>........................] - ETA: 7s - batch_cost: 0.0564 - reader cost: 0.0015
 37/177 [=====>........................] - ETA: 7s - batch_cost: 0.0564 - reader cost: 0.0015
 38/177 [=====>........................] - ETA: 7s - batch_cost: 0.0565 - reader cost: 0.0014
 39/177 [=====>........................] - ETA: 7s - batch_cost: 0.0565 - reader cost: 0.0014
 40/177 [=====>........................] - ETA: 7s - batch_cost: 0.0565 - reader cost: 0.0014
 41/177 [=====>........................] - ETA: 7s - batch_cost: 0.0565 - reader cost: 0.0013
 42/177 [======>.......................] - ETA: 7s - batch_cost: 0.0565 - reader cost: 0.0013
 43/177 [======>.......................] - ETA: 7s - batch_cost: 0.0565 - reader cost: 0.0013
 44/177 [======>.......................] - ETA: 7s - batch_cost: 0.0565 - reader cost: 0.0012
 45/177 [======>.......................] - ETA: 7s - batch_cost: 0.0565 - reader cost: 0.0012
 46/177 [======>.......................] - ETA: 7s - batch_cost: 0.0565 - reader cost: 0.0012
 47/177 [======>.......................] - ETA: 7s - batch_cost: 0.0565 - reader cost: 0.0012
 48/177 [=======>......................] - ETA: 7s - batch_cost: 0.0565 - reader cost: 0.0012
 49/177 [=======>......................] - ETA: 7s - batch_cost: 0.0565 - reader cost: 0.0011
 50/177 [=======>......................] - ETA: 7s - batch_cost: 0.0565 - reader cost: 0.0011
 51/177 [=======>......................] - ETA: 7s - batch_cost: 0.0565 - reader cost: 0.0011
 52/177 [=======>......................] - ETA: 7s - batch_cost: 0.0566 - reader cost: 0.0011
 53/177 [=======>......................] - ETA: 7s - batch_cost: 0.0565 - reader cost: 0.0011
 54/177 [========>.....................] - ETA: 6s - batch_cost: 0.0565 - reader cost: 0.0010
 55/177 [========>.....................] - ETA: 6s - batch_cost: 0.0565 - reader cost: 0.0010
 56/177 [========>.....................] - ETA: 6s - batch_cost: 0.0565 - reader cost: 0.0010
 57/177 [========>.....................] - ETA: 6s - batch_cost: 0.0565 - reader cost: 9.8839e-04
 58/177 [========>.....................] - ETA: 6s - batch_cost: 0.0565 - reader cost: 9.7135e-04
 59/177 [=========>....................] - ETA: 6s - batch_cost: 0.0566 - reader cost: 9.5488e-04
 60/177 [=========>....................] - ETA: 6s - batch_cost: 0.0565 - reader cost: 9.3897e-04
 61/177 [=========>....................] - ETA: 6s - batch_cost: 0.0566 - reader cost: 9.3401e-04
 62/177 [=========>....................] - ETA: 6s - batch_cost: 0.0565 - reader cost: 9.1894e-04
 63/177 [=========>....................] - ETA: 6s - batch_cost: 0.0565 - reader cost: 9.0436e-04
 64/177 [=========>....................] - ETA: 6s - batch_cost: 0.0565 - reader cost: 8.9023e-04
 65/177 [==========>...................] - ETA: 6s - batch_cost: 0.0566 - reader cost: 8.7653e-04
 66/177 [==========>...................] - ETA: 6s - batch_cost: 0.0565 - reader cost: 8.6325e-04
 67/177 [==========>...................] - ETA: 6s - batch_cost: 0.0566 - reader cost: 8.5036e-04
 68/177 [==========>...................] - ETA: 6s - batch_cost: 0.0566 - reader cost: 8.3786e-04
 69/177 [==========>...................] - ETA: 6s - batch_cost: 0.0566 - reader cost: 8.2572e-04
 70/177 [==========>...................] - ETA: 6s - batch_cost: 0.0565 - reader cost: 8.1392e-04
 71/177 [===========>..................] - ETA: 6s - batch_cost: 0.0565 - reader cost: 8.0246e-04
 72/177 [===========>..................] - ETA: 5s - batch_cost: 0.0565 - reader cost: 7.9131e-04
 73/177 [===========>..................] - ETA: 5s - batch_cost: 0.0565 - reader cost: 7.8047e-04
 74/177 [===========>..................] - ETA: 5s - batch_cost: 0.0566 - reader cost: 7.6992e-04
 75/177 [===========>..................] - ETA: 5s - batch_cost: 0.0566 - reader cost: 7.5966e-04
 76/177 [===========>..................] - ETA: 5s - batch_cost: 0.0565 - reader cost: 7.4966e-04
 77/177 [============>.................] - ETA: 5s - batch_cost: 0.0566 - reader cost: 7.3993e-04
 78/177 [============>.................] - ETA: 5s - batch_cost: 0.0565 - reader cost: 7.3044e-04
 79/177 [============>.................] - ETA: 5s - batch_cost: 0.0566 - reader cost: 7.2120e-04
 80/177 [============>.................] - ETA: 5s - batch_cost: 0.0566 - reader cost: 7.1218e-04
 81/177 [============>.................] - ETA: 5s - batch_cost: 0.0565 - reader cost: 7.1556e-04
 82/177 [============>.................] - ETA: 5s - batch_cost: 0.0565 - reader cost: 7.0683e-04
 83/177 [=============>................] - ETA: 5s - batch_cost: 0.0565 - reader cost: 6.9832e-04
 84/177 [=============>................] - ETA: 5s - batch_cost: 0.0566 - reader cost: 6.9000e-04
 85/177 [=============>................] - ETA: 5s - batch_cost: 0.0565 - reader cost: 6.8189e-04
 86/177 [=============>................] - ETA: 5s - batch_cost: 0.0566 - reader cost: 6.7396e-04
 87/177 [=============>................] - ETA: 5s - batch_cost: 0.0566 - reader cost: 6.6621e-04
 88/177 [=============>................] - ETA: 5s - batch_cost: 0.0566 - reader cost: 6.5864e-04
 89/177 [==============>...............] - ETA: 4s - batch_cost: 0.0566 - reader cost: 6.5124e-04
 90/177 [==============>...............] - ETA: 4s - batch_cost: 0.0566 - reader cost: 6.4400e-04
 91/177 [==============>...............] - ETA: 4s - batch_cost: 0.0566 - reader cost: 6.3693e-04
 92/177 [==============>...............] - ETA: 4s - batch_cost: 0.0566 - reader cost: 6.3000e-04
 93/177 [==============>...............] - ETA: 4s - batch_cost: 0.0566 - reader cost: 6.2323e-04
 94/177 [==============>...............] - ETA: 4s - batch_cost: 0.0566 - reader cost: 6.1660e-04
 95/177 [===============>..............] - ETA: 4s - batch_cost: 0.0566 - reader cost: 6.1011e-04
 96/177 [===============>..............] - ETA: 4s - batch_cost: 0.0566 - reader cost: 6.0375e-04
 97/177 [===============>..............] - ETA: 4s - batch_cost: 0.0566 - reader cost: 5.9753e-04
 98/177 [===============>..............] - ETA: 4s - batch_cost: 0.0566 - reader cost: 5.9143e-04
 99/177 [===============>..............] - ETA: 4s - batch_cost: 0.0566 - reader cost: 5.8546e-04
100/177 [===============>..............] - ETA: 4s - batch_cost: 0.0566 - reader cost: 5.7960e-04
101/177 [================>.............] - ETA: 4s - batch_cost: 0.0566 - reader cost: 5.7386e-04
102/177 [================>.............] - ETA: 4s - batch_cost: 0.0566 - reader cost: 5.6824e-04
103/177 [================>.............] - ETA: 4s - batch_cost: 0.0566 - reader cost: 5.6272e-04
104/177 [================>.............] - ETA: 4s - batch_cost: 0.0566 - reader cost: 5.5731e-04
105/177 [================>.............] - ETA: 4s - batch_cost: 0.0566 - reader cost: 5.5200e-04
106/177 [================>.............] - ETA: 4s - batch_cost: 0.0566 - reader cost: 5.4680e-04
107/177 [=================>............] - ETA: 3s - batch_cost: 0.0566 - reader cost: 5.4168e-04
108/177 [=================>............] - ETA: 3s - batch_cost: 0.0566 - reader cost: 5.4594e-04
109/177 [=================>............] - ETA: 3s - batch_cost: 0.0566 - reader cost: 5.4093e-04
110/177 [=================>............] - ETA: 3s - batch_cost: 0.0566 - reader cost: 5.3601e-04
111/177 [=================>............] - ETA: 3s - batch_cost: 0.0566 - reader cost: 5.3119e-04
112/177 [=================>............] - ETA: 3s - batch_cost: 0.0566 - reader cost: 5.2644e-04
113/177 [==================>...........] - ETA: 3s - batch_cost: 0.0566 - reader cost: 5.2178e-04
114/177 [==================>...........] - ETA: 3s - batch_cost: 0.0566 - reader cost: 5.1721e-04
115/177 [==================>...........] - ETA: 3s - batch_cost: 0.0566 - reader cost: 5.1271e-04
116/177 [==================>...........] - ETA: 3s - batch_cost: 0.0566 - reader cost: 5.0829e-04
117/177 [==================>...........] - ETA: 3s - batch_cost: 0.0566 - reader cost: 5.0395e-04
118/177 [===================>..........] - ETA: 3s - batch_cost: 0.0566 - reader cost: 4.9967e-04
119/177 [===================>..........] - ETA: 3s - batch_cost: 0.0566 - reader cost: 4.9548e-04
120/177 [===================>..........] - ETA: 3s - batch_cost: 0.0566 - reader cost: 4.9135e-04
121/177 [===================>..........] - ETA: 3s - batch_cost: 0.0566 - reader cost: 4.8729e-04
122/177 [===================>..........] - ETA: 3s - batch_cost: 0.0566 - reader cost: 4.8329e-04
123/177 [===================>..........] - ETA: 3s - batch_cost: 0.0566 - reader cost: 4.7936e-04
124/177 [====================>.........] - ETA: 3s - batch_cost: 0.0566 - reader cost: 4.7550e-04
125/177 [====================>.........] - ETA: 2s - batch_cost: 0.0566 - reader cost: 4.7169e-04
126/177 [====================>.........] - ETA: 2s - batch_cost: 0.0566 - reader cost: 4.6795e-04
127/177 [====================>.........] - ETA: 2s - batch_cost: 0.0566 - reader cost: 4.6426e-04
128/177 [====================>.........] - ETA: 2s - batch_cost: 0.0566 - reader cost: 4.6845e-04
129/177 [====================>.........] - ETA: 2s - batch_cost: 0.0566 - reader cost: 4.6482e-04
130/177 [=====================>........] - ETA: 2s - batch_cost: 0.0566 - reader cost: 4.6124e-04
131/177 [=====================>........] - ETA: 2s - batch_cost: 0.0566 - reader cost: 4.5772e-04
132/177 [=====================>........] - ETA: 2s - batch_cost: 0.0566 - reader cost: 4.5425e-04
133/177 [=====================>........] - ETA: 2s - batch_cost: 0.0566 - reader cost: 4.5084e-04
134/177 [=====================>........] - ETA: 2s - batch_cost: 0.0566 - reader cost: 4.4747e-04
135/177 [=====================>........] - ETA: 2s - batch_cost: 0.0566 - reader cost: 4.4416e-04
136/177 [======================>.......] - ETA: 2s - batch_cost: 0.0566 - reader cost: 4.4089e-04
137/177 [======================>.......] - ETA: 2s - batch_cost: 0.0566 - reader cost: 4.3768e-04
138/177 [======================>.......] - ETA: 2s - batch_cost: 0.0566 - reader cost: 4.3450e-04
139/177 [======================>.......] - ETA: 2s - batch_cost: 0.0566 - reader cost: 4.3138e-04
141/177 [======================>.......] - ETA: 2s - batch_cost: 0.0566 - reader cost: 4.2526e-04
142/177 [=======================>......] - ETA: 1s - batch_cost: 0.0566 - reader cost: 4.2226e-04
143/177 [=======================>......] - ETA: 1s - batch_cost: 0.0566 - reader cost: 4.2622e-04
144/177 [=======================>......] - ETA: 1s - batch_cost: 0.0566 - reader cost: 4.2326e-04
145/177 [=======================>......] - ETA: 1s - batch_cost: 0.0566 - reader cost: 4.2035e-04
146/177 [=======================>......] - ETA: 1s - batch_cost: 0.0566 - reader cost: 4.1747e-04
147/177 [=======================>......] - ETA: 1s - batch_cost: 0.0566 - reader cost: 4.1463e-04
148/177 [========================>.....] - ETA: 1s - batch_cost: 0.0566 - reader cost: 4.1182e-04
149/177 [========================>.....] - ETA: 1s - batch_cost: 0.0566 - reader cost: 4.0906e-04
150/177 [========================>.....] - ETA: 1s - batch_cost: 0.0566 - reader cost: 4.0633e-04
151/177 [========================>.....] - ETA: 1s - batch_cost: 0.0566 - reader cost: 4.0364e-04
152/177 [========================>.....] - ETA: 1s - batch_cost: 0.0566 - reader cost: 4.0099e-04
153/177 [========================>.....] - ETA: 1s - batch_cost: 0.0566 - reader cost: 3.9837e-04
154/177 [=========================>....] - ETA: 1s - batch_cost: 0.0566 - reader cost: 3.9578e-04
155/177 [=========================>....] - ETA: 1s - batch_cost: 0.0566 - reader cost: 3.9323e-04
156/177 [=========================>....] - ETA: 1s - batch_cost: 0.0566 - reader cost: 3.9071e-04
157/177 [=========================>....] - ETA: 1s - batch_cost: 0.0566 - reader cost: 3.8822e-04
158/177 [=========================>....] - ETA: 1s - batch_cost: 0.0566 - reader cost: 3.8576e-04
159/177 [=========================>....] - ETA: 1s - batch_cost: 0.0566 - reader cost: 3.8333e-04
160/177 [==========================>...] - ETA: 0s - batch_cost: 0.0566 - reader cost: 3.8094e-04
161/177 [==========================>...] - ETA: 0s - batch_cost: 0.0566 - reader cost: 3.7857e-04
162/177 [==========================>...] - ETA: 0s - batch_cost: 0.0566 - reader cost: 3.7623e-04
163/177 [==========================>...] - ETA: 0s - batch_cost: 0.0566 - reader cost: 3.7393e-04
164/177 [==========================>...] - ETA: 0s - batch_cost: 0.0566 - reader cost: 3.7165e-04
165/177 [==========================>...] - ETA: 0s - batch_cost: 0.0566 - reader cost: 3.6939e-04
166/177 [===========================>..] - ETA: 0s - batch_cost: 0.0566 - reader cost: 3.6717e-04
167/177 [===========================>..] - ETA: 0s - batch_cost: 0.0566 - reader cost: 3.7098e-04
168/177 [===========================>..] - ETA: 0s - batch_cost: 0.0566 - reader cost: 3.6878e-04
169/177 [===========================>..] - ETA: 0s - batch_cost: 0.0566 - reader cost: 3.6659e-04
170/177 [===========================>..] - ETA: 0s - batch_cost: 0.0566 - reader cost: 3.6444e-04
171/177 [===========================>..] - ETA: 0s - batch_cost: 0.0566 - reader cost: 3.6231e-04
172/177 [============================>.] - ETA: 0s - batch_cost: 0.0566 - reader cost: 3.6020e-04
173/177 [============================>.] - ETA: 0s - batch_cost: 0.0566 - reader cost: 3.5812e-04
174/177 [============================>.] - ETA: 0s - batch_cost: 0.0566 - reader cost: 3.5606e-04
175/177 [============================>.] - ETA: 0s - batch_cost: 0.0566 - reader cost: 3.5402e-04
176/177 [============================>.] - ETA: 0s - batch_cost: 0.0566 - reader cost: 3.5201e-04
177/177 [==============================] - 10s 57ms/step - batch_cost: 0.0566 - reader cost: 3.5002e-04

  1/177 [..............................] - ETA: 11s - batch_cost: 0.0666 - reader cost: 0.0429
  2/177 [..............................] - ETA: 12s - batch_cost: 0.0710 - reader cost: 0.0308
  4/177 [..............................] - ETA: 10s - batch_cost: 0.0606 - reader cost: 0.0154
  5/177 [..............................] - ETA: 10s - batch_cost: 0.0633 - reader cost: 0.0123
  6/177 [>.............................] - ETA: 10s - batch_cost: 0.0618 - reader cost: 0.0103
  7/177 [>.............................] - ETA: 10s - batch_cost: 0.0619 - reader cost: 0.0088
  8/177 [>.............................] - ETA: 10s - batch_cost: 0.0612 - reader cost: 0.0082
  9/177 [>.............................] - ETA: 10s - batch_cost: 0.0603 - reader cost: 0.0073
 10/177 [>.............................] - ETA: 10s - batch_cost: 0.0598 - reader cost: 0.0066
 11/177 [>.............................] - ETA: 9s - batch_cost: 0.0596 - reader cost: 0.0060 
 12/177 [=>............................] - ETA: 9s - batch_cost: 0.0590 - reader cost: 0.0055
 13/177 [=>............................] - ETA: 9s - batch_cost: 0.0588 - reader cost: 0.0050
 14/177 [=>............................] - ETA: 9s - batch_cost: 0.0587 - reader cost: 0.0047
 15/177 [=>............................] - ETA: 9s - batch_cost: 0.0583 - reader cost: 0.0044
 16/177 [=>............................] - ETA: 9s - batch_cost: 0.0582 - reader cost: 0.0042
 17/177 [=>............................] - ETA: 9s - batch_cost: 0.0581 - reader cost: 0.0039
 18/177 [==>...........................] - ETA: 9s - batch_cost: 0.0580 - reader cost: 0.0037
 19/177 [==>...........................] - ETA: 9s - batch_cost: 0.0580 - reader cost: 0.0035
 20/177 [==>...........................] - ETA: 9s - batch_cost: 0.0581 - reader cost: 0.0033
 21/177 [==>...........................] - ETA: 9s - batch_cost: 0.0578 - reader cost: 0.0032
 22/177 [==>...........................] - ETA: 8s - batch_cost: 0.0578 - reader cost: 0.0030
 23/177 [==>...........................] - ETA: 8s - batch_cost: 0.0577 - reader cost: 0.0029
 24/177 [===>..........................] - ETA: 8s - batch_cost: 0.0577 - reader cost: 0.0028
 25/177 [===>..........................] - ETA: 8s - batch_cost: 0.0577 - reader cost: 0.0027
 26/177 [===>..........................] - ETA: 8s - batch_cost: 0.0577 - reader cost: 0.0026
 27/177 [===>..........................] - ETA: 8s - batch_cost: 0.0578 - reader cost: 0.0025
 28/177 [===>..........................] - ETA: 8s - batch_cost: 0.0578 - reader cost: 0.0024
 29/177 [===>..........................] - ETA: 8s - batch_cost: 0.0578 - reader cost: 0.0023
 30/177 [====>.........................] - ETA: 8s - batch_cost: 0.0577 - reader cost: 0.0022
 31/177 [====>.........................] - ETA: 8s - batch_cost: 0.0577 - reader cost: 0.0021
 32/177 [====>.........................] - ETA: 8s - batch_cost: 0.0577 - reader cost: 0.0021
 33/177 [====>.........................] - ETA: 8s - batch_cost: 0.0576 - reader cost: 0.0020
 34/177 [====>.........................] - ETA: 8s - batch_cost: 0.0576 - reader cost: 0.0020
 35/177 [====>.........................] - ETA: 8s - batch_cost: 0.0576 - reader cost: 0.0019
 36/177 [=====>........................] - ETA: 8s - batch_cost: 0.0575 - reader cost: 0.0018
 37/177 [=====>........................] - ETA: 8s - batch_cost: 0.0575 - reader cost: 0.0018
 38/177 [=====>........................] - ETA: 8s - batch_cost: 0.0575 - reader cost: 0.0018
 39/177 [=====>........................] - ETA: 7s - batch_cost: 0.0576 - reader cost: 0.0017
 40/177 [=====>........................] - ETA: 7s - batch_cost: 0.0576 - reader cost: 0.0017
 41/177 [=====>........................] - ETA: 7s - batch_cost: 0.0575 - reader cost: 0.0016
 42/177 [======>.......................] - ETA: 7s - batch_cost: 0.0575 - reader cost: 0.0016
 43/177 [======>.......................] - ETA: 7s - batch_cost: 0.0575 - reader cost: 0.0015
 44/177 [======>.......................] - ETA: 7s - batch_cost: 0.0575 - reader cost: 0.0015
 45/177 [======>.......................] - ETA: 7s - batch_cost: 0.0575 - reader cost: 0.0015
 46/177 [======>.......................] - ETA: 7s - batch_cost: 0.0575 - reader cost: 0.0015
 47/177 [======>.......................] - ETA: 7s - batch_cost: 0.0575 - reader cost: 0.0014
 48/177 [=======>......................] - ETA: 7s - batch_cost: 0.0575 - reader cost: 0.0014
 49/177 [=======>......................] - ETA: 7s - batch_cost: 0.0575 - reader cost: 0.0014
 50/177 [=======>......................] - ETA: 7s - batch_cost: 0.0575 - reader cost: 0.0014
 51/177 [=======>......................] - ETA: 7s - batch_cost: 0.0574 - reader cost: 0.0013
 52/177 [=======>......................] - ETA: 7s - batch_cost: 0.0574 - reader cost: 0.0013
 53/177 [=======>......................] - ETA: 7s - batch_cost: 0.0574 - reader cost: 0.0013
 54/177 [========>.....................] - ETA: 7s - batch_cost: 0.0574 - reader cost: 0.0013
 55/177 [========>.....................] - ETA: 7s - batch_cost: 0.0574 - reader cost: 0.0012
 56/177 [========>.....................] - ETA: 6s - batch_cost: 0.0574 - reader cost: 0.0012
 57/177 [========>.....................] - ETA: 6s - batch_cost: 0.0574 - reader cost: 0.0012
 58/177 [========>.....................] - ETA: 6s - batch_cost: 0.0573 - reader cost: 0.0012
 59/177 [=========>....................] - ETA: 6s - batch_cost: 0.0573 - reader cost: 0.0012
 60/177 [=========>....................] - ETA: 6s - batch_cost: 0.0574 - reader cost: 0.0011
 61/177 [=========>....................] - ETA: 6s - batch_cost: 0.0573 - reader cost: 0.0011
 62/177 [=========>....................] - ETA: 6s - batch_cost: 0.0574 - reader cost: 0.0011
 63/177 [=========>....................] - ETA: 6s - batch_cost: 0.0574 - reader cost: 0.0011
 64/177 [=========>....................] - ETA: 6s - batch_cost: 0.0574 - reader cost: 0.0011
 65/177 [==========>...................] - ETA: 6s - batch_cost: 0.0574 - reader cost: 0.0010
 66/177 [==========>...................] - ETA: 6s - batch_cost: 0.0575 - reader cost: 0.0010
 67/177 [==========>...................] - ETA: 6s - batch_cost: 0.0574 - reader cost: 0.0010
 68/177 [==========>...................] - ETA: 6s - batch_cost: 0.0574 - reader cost: 0.0010
 69/177 [==========>...................] - ETA: 6s - batch_cost: 0.0573 - reader cost: 9.8641e-04
 70/177 [==========>...................] - ETA: 6s - batch_cost: 0.0574 - reader cost: 9.7232e-04
 71/177 [===========>..................] - ETA: 6s - batch_cost: 0.0574 - reader cost: 9.5863e-04
 72/177 [===========>..................] - ETA: 6s - batch_cost: 0.0574 - reader cost: 9.4531e-04
 73/177 [===========>..................] - ETA: 5s - batch_cost: 0.0574 - reader cost: 9.3236e-04
 74/177 [===========>..................] - ETA: 5s - batch_cost: 0.0574 - reader cost: 9.1976e-04
 75/177 [===========>..................] - ETA: 5s - batch_cost: 0.0574 - reader cost: 9.0750e-04
 76/177 [===========>..................] - ETA: 5s - batch_cost: 0.0573 - reader cost: 8.9556e-04
 77/177 [============>.................] - ETA: 5s - batch_cost: 0.0573 - reader cost: 8.8393e-04
 78/177 [============>.................] - ETA: 5s - batch_cost: 0.0573 - reader cost: 8.7260e-04
 79/177 [============>.................] - ETA: 5s - batch_cost: 0.0573 - reader cost: 8.6155e-04
 80/177 [============>.................] - ETA: 5s - batch_cost: 0.0573 - reader cost: 8.5078e-04
 81/177 [============>.................] - ETA: 5s - batch_cost: 0.0573 - reader cost: 8.4028e-04
 82/177 [============>.................] - ETA: 5s - batch_cost: 0.0573 - reader cost: 8.3003e-04
 83/177 [=============>................] - ETA: 5s - batch_cost: 0.0573 - reader cost: 8.2003e-04
 84/177 [=============>................] - ETA: 5s - batch_cost: 0.0573 - reader cost: 8.1027e-04
 85/177 [=============>................] - ETA: 5s - batch_cost: 0.0572 - reader cost: 8.0074e-04
 86/177 [=============>................] - ETA: 5s - batch_cost: 0.0573 - reader cost: 7.9142e-04
 87/177 [=============>................] - ETA: 5s - batch_cost: 0.0573 - reader cost: 7.8233e-04
 88/177 [=============>................] - ETA: 5s - batch_cost: 0.0572 - reader cost: 7.7344e-04
 89/177 [==============>...............] - ETA: 5s - batch_cost: 0.0573 - reader cost: 7.6475e-04
 90/177 [==============>...............] - ETA: 4s - batch_cost: 0.0573 - reader cost: 7.5625e-04
 91/177 [==============>...............] - ETA: 4s - batch_cost: 0.0573 - reader cost: 7.4794e-04
 92/177 [==============>...............] - ETA: 4s - batch_cost: 0.0573 - reader cost: 7.3981e-04
 93/177 [==============>...............] - ETA: 4s - batch_cost: 0.0573 - reader cost: 7.3186e-04
 94/177 [==============>...............] - ETA: 4s - batch_cost: 0.0572 - reader cost: 7.2407e-04
 95/177 [===============>..............] - ETA: 4s - batch_cost: 0.0572 - reader cost: 7.1645e-04
 96/177 [===============>..............] - ETA: 4s - batch_cost: 0.0572 - reader cost: 7.1538e-04
 97/177 [===============>..............] - ETA: 4s - batch_cost: 0.0572 - reader cost: 7.0801e-04
 98/177 [===============>..............] - ETA: 4s - batch_cost: 0.0572 - reader cost: 7.0079e-04
 99/177 [===============>..............] - ETA: 4s - batch_cost: 0.0572 - reader cost: 6.9371e-04
100/177 [===============>..............] - ETA: 4s - batch_cost: 0.0572 - reader cost: 6.9681e-04
101/177 [================>.............] - ETA: 4s - batch_cost: 0.0572 - reader cost: 6.8991e-04
102/177 [================>.............] - ETA: 4s - batch_cost: 0.0572 - reader cost: 6.8315e-04
103/177 [================>.............] - ETA: 4s - batch_cost: 0.0572 - reader cost: 6.7652e-04
104/177 [================>.............] - ETA: 4s - batch_cost: 0.0572 - reader cost: 6.7001e-04
105/177 [================>.............] - ETA: 4s - batch_cost: 0.0572 - reader cost: 6.6363e-04
106/177 [================>.............] - ETA: 4s - batch_cost: 0.0571 - reader cost: 6.5737e-04
107/177 [=================>............] - ETA: 4s - batch_cost: 0.0572 - reader cost: 6.5123e-04
108/177 [=================>............] - ETA: 3s - batch_cost: 0.0572 - reader cost: 6.4520e-04
109/177 [=================>............] - ETA: 3s - batch_cost: 0.0571 - reader cost: 6.4411e-04
110/177 [=================>............] - ETA: 3s - batch_cost: 0.0571 - reader cost: 6.4740e-04
111/177 [=================>............] - ETA: 3s - batch_cost: 0.0571 - reader cost: 6.4157e-04
112/177 [=================>............] - ETA: 3s - batch_cost: 0.0571 - reader cost: 6.3584e-04
113/177 [==================>...........] - ETA: 3s - batch_cost: 0.0572 - reader cost: 6.3021e-04
114/177 [==================>...........] - ETA: 3s - batch_cost: 0.0571 - reader cost: 6.2468e-04
115/177 [==================>...........] - ETA: 3s - batch_cost: 0.0571 - reader cost: 6.1925e-04
116/177 [==================>...........] - ETA: 3s - batch_cost: 0.0571 - reader cost: 6.1391e-04
117/177 [==================>...........] - ETA: 3s - batch_cost: 0.0571 - reader cost: 6.0866e-04
118/177 [===================>..........] - ETA: 3s - batch_cost: 0.0571 - reader cost: 6.0351e-04
119/177 [===================>..........] - ETA: 3s - batch_cost: 0.0571 - reader cost: 5.9843e-04
120/177 [===================>..........] - ETA: 3s - batch_cost: 0.0571 - reader cost: 5.9345e-04
121/177 [===================>..........] - ETA: 3s - batch_cost: 0.0571 - reader cost: 5.8854e-04
122/177 [===================>..........] - ETA: 3s - batch_cost: 0.0571 - reader cost: 5.8372e-04
123/177 [===================>..........] - ETA: 3s - batch_cost: 0.0571 - reader cost: 5.7897e-04
124/177 [====================>.........] - ETA: 3s - batch_cost: 0.0571 - reader cost: 5.7430e-04
125/177 [====================>.........] - ETA: 2s - batch_cost: 0.0571 - reader cost: 5.6971e-04
126/177 [====================>.........] - ETA: 2s - batch_cost: 0.0571 - reader cost: 5.6519e-04
127/177 [====================>.........] - ETA: 2s - batch_cost: 0.0571 - reader cost: 5.6074e-04
128/177 [====================>.........] - ETA: 2s - batch_cost: 0.0571 - reader cost: 5.5636e-04
129/177 [====================>.........] - ETA: 2s - batch_cost: 0.0571 - reader cost: 5.5204e-04
130/177 [=====================>........] - ETA: 2s - batch_cost: 0.0571 - reader cost: 5.4780e-04
131/177 [=====================>........] - ETA: 2s - batch_cost: 0.0571 - reader cost: 5.4362e-04
132/177 [=====================>........] - ETA: 2s - batch_cost: 0.0571 - reader cost: 5.3950e-04
133/177 [=====================>........] - ETA: 2s - batch_cost: 0.0571 - reader cost: 5.4300e-04
134/177 [=====================>........] - ETA: 2s - batch_cost: 0.0571 - reader cost: 5.3895e-04
135/177 [=====================>........] - ETA: 2s - batch_cost: 0.0571 - reader cost: 5.3496e-04
136/177 [======================>.......] - ETA: 2s - batch_cost: 0.0571 - reader cost: 5.3102e-04
137/177 [======================>.......] - ETA: 2s - batch_cost: 0.0571 - reader cost: 5.2715e-04
138/177 [======================>.......] - ETA: 2s - batch_cost: 0.0571 - reader cost: 5.2333e-04
139/177 [======================>.......] - ETA: 2s - batch_cost: 0.0571 - reader cost: 5.1956e-04
140/177 [======================>.......] - ETA: 2s - batch_cost: 0.0571 - reader cost: 5.1585e-04
141/177 [======================>.......] - ETA: 2s - batch_cost: 0.0571 - reader cost: 5.1219e-04
142/177 [=======================>......] - ETA: 2s - batch_cost: 0.0571 - reader cost: 5.0859e-04
143/177 [=======================>......] - ETA: 1s - batch_cost: 0.0571 - reader cost: 5.0503e-04
144/177 [=======================>......] - ETA: 1s - batch_cost: 0.0571 - reader cost: 5.0152e-04
145/177 [=======================>......] - ETA: 1s - batch_cost: 0.0571 - reader cost: 4.9806e-04
146/177 [=======================>......] - ETA: 1s - batch_cost: 0.0571 - reader cost: 4.9465e-04
147/177 [=======================>......] - ETA: 1s - batch_cost: 0.0571 - reader cost: 4.9129e-04
148/177 [========================>.....] - ETA: 1s - batch_cost: 0.0571 - reader cost: 4.9474e-04
149/177 [========================>.....] - ETA: 1s - batch_cost: 0.0571 - reader cost: 4.9142e-04
150/177 [========================>.....] - ETA: 1s - batch_cost: 0.0571 - reader cost: 4.8814e-04
151/177 [========================>.....] - ETA: 1s - batch_cost: 0.0571 - reader cost: 4.8491e-04
152/177 [========================>.....] - ETA: 1s - batch_cost: 0.0571 - reader cost: 4.8172e-04
153/177 [========================>.....] - ETA: 1s - batch_cost: 0.0571 - reader cost: 4.7857e-04
154/177 [=========================>....] - ETA: 1s - batch_cost: 0.0571 - reader cost: 4.7546e-04
155/177 [=========================>....] - ETA: 1s - batch_cost: 0.0571 - reader cost: 4.7240e-04
156/177 [=========================>....] - ETA: 1s - batch_cost: 0.0571 - reader cost: 4.6937e-04
157/177 [=========================>....] - ETA: 1s - batch_cost: 0.0571 - reader cost: 4.6638e-04
158/177 [=========================>....] - ETA: 1s - batch_cost: 0.0571 - reader cost: 4.6343e-04
159/177 [=========================>....] - ETA: 1s - batch_cost: 0.0571 - reader cost: 4.6051e-04
160/177 [==========================>...] - ETA: 0s - batch_cost: 0.0571 - reader cost: 4.5763e-04
161/177 [==========================>...] - ETA: 0s - batch_cost: 0.0570 - reader cost: 4.5479e-04
162/177 [==========================>...] - ETA: 0s - batch_cost: 0.0571 - reader cost: 4.5198e-04
163/177 [==========================>...] - ETA: 0s - batch_cost: 0.0570 - reader cost: 4.4921e-04
164/177 [==========================>...] - ETA: 0s - batch_cost: 0.0570 - reader cost: 4.4647e-04
165/177 [==========================>...] - ETA: 0s - batch_cost: 0.0570 - reader cost: 4.4377e-04
166/177 [===========================>..] - ETA: 0s - batch_cost: 0.0570 - reader cost: 4.4109e-04
167/177 [===========================>..] - ETA: 0s - batch_cost: 0.0570 - reader cost: 4.3845e-04
168/177 [===========================>..] - ETA: 0s - batch_cost: 0.0570 - reader cost: 4.3584e-04
169/177 [===========================>..] - ETA: 0s - batch_cost: 0.0570 - reader cost: 4.3326e-04
170/177 [===========================>..] - ETA: 0s - batch_cost: 0.0570 - reader cost: 4.3071e-04
171/177 [===========================>..] - ETA: 0s - batch_cost: 0.0570 - reader cost: 4.3404e-04
172/177 [============================>.] - ETA: 0s - batch_cost: 0.0570 - reader cost: 4.3152e-04
173/177 [============================>.] - ETA: 0s - batch_cost: 0.0570 - reader cost: 4.2903e-04
174/177 [============================>.] - ETA: 0s - batch_cost: 0.0570 - reader cost: 4.3234e-04
175/177 [============================>.] - ETA: 0s - batch_cost: 0.0570 - reader cost: 4.2987e-04
176/177 [============================>.] - ETA: 0s - batch_cost: 0.0570 - reader cost: 4.2742e-04
177/177 [==============================] - 10s 57ms/step - batch_cost: 0.0570 - reader cost: 4.2501e-04

  1/177 [..............................] - ETA: 8s - batch_cost: 0.0465 - reader cost: 0.0315
  2/177 [..............................] - ETA: 8s - batch_cost: 0.0501 - reader cost: 0.0245
  3/177 [..............................] - ETA: 9s - batch_cost: 0.0553 - reader cost: 0.0163
  4/177 [..............................] - ETA: 9s - batch_cost: 0.0553 - reader cost: 0.0123
  5/177 [..............................] - ETA: 9s - batch_cost: 0.0544 - reader cost: 0.0098
  6/177 [>.............................] - ETA: 9s - batch_cost: 0.0552 - reader cost: 0.0082
  7/177 [>.............................] - ETA: 9s - batch_cost: 0.0551 - reader cost: 0.0070
  8/177 [>.............................] - ETA: 9s - batch_cost: 0.0554 - reader cost: 0.0061
  9/177 [>.............................] - ETA: 9s - batch_cost: 0.0557 - reader cost: 0.0054
 10/177 [>.............................] - ETA: 9s - batch_cost: 0.0557 - reader cost: 0.0049
 11/177 [>.............................] - ETA: 9s - batch_cost: 0.0557 - reader cost: 0.0045
 12/177 [=>............................] - ETA: 9s - batch_cost: 0.0557 - reader cost: 0.0041
 13/177 [=>............................] - ETA: 9s - batch_cost: 0.0559 - reader cost: 0.0038
 14/177 [=>............................] - ETA: 9s - batch_cost: 0.0560 - reader cost: 0.0035
 15/177 [=>............................] - ETA: 9s - batch_cost: 0.0562 - reader cost: 0.0033
 16/177 [=>............................] - ETA: 9s - batch_cost: 0.0563 - reader cost: 0.0031
 17/177 [=>............................] - ETA: 9s - batch_cost: 0.0563 - reader cost: 0.0029
 18/177 [==>...........................] - ETA: 8s - batch_cost: 0.0562 - reader cost: 0.0027
 19/177 [==>...........................] - ETA: 8s - batch_cost: 0.0562 - reader cost: 0.0026
 20/177 [==>...........................] - ETA: 8s - batch_cost: 0.0562 - reader cost: 0.0025
 21/177 [==>...........................] - ETA: 8s - batch_cost: 0.0562 - reader cost: 0.0024
 22/177 [==>...........................] - ETA: 8s - batch_cost: 0.0562 - reader cost: 0.0023
 23/177 [==>...........................] - ETA: 8s - batch_cost: 0.0562 - reader cost: 0.0022
 24/177 [===>..........................] - ETA: 8s - batch_cost: 0.0563 - reader cost: 0.0021
 25/177 [===>..........................] - ETA: 8s - batch_cost: 0.0563 - reader cost: 0.0020
 26/177 [===>..........................] - ETA: 8s - batch_cost: 0.0563 - reader cost: 0.0019
 27/177 [===>..........................] - ETA: 8s - batch_cost: 0.0564 - reader cost: 0.0019
 28/177 [===>..........................] - ETA: 8s - batch_cost: 0.0563 - reader cost: 0.0018
 29/177 [===>..........................] - ETA: 8s - batch_cost: 0.0563 - reader cost: 0.0017
 30/177 [====>.........................] - ETA: 8s - batch_cost: 0.0563 - reader cost: 0.0017
 31/177 [====>.........................] - ETA: 8s - batch_cost: 0.0563 - reader cost: 0.0016
 32/177 [====>.........................] - ETA: 8s - batch_cost: 0.0563 - reader cost: 0.0016
 33/177 [====>.........................] - ETA: 8s - batch_cost: 0.0563 - reader cost: 0.0015
 34/177 [====>.........................] - ETA: 8s - batch_cost: 0.0563 - reader cost: 0.0015
 35/177 [====>.........................] - ETA: 8s - batch_cost: 0.0564 - reader cost: 0.0015
 36/177 [=====>........................] - ETA: 7s - batch_cost: 0.0563 - reader cost: 0.0014
 37/177 [=====>........................] - ETA: 7s - batch_cost: 0.0564 - reader cost: 0.0014
 38/177 [=====>........................] - ETA: 7s - batch_cost: 0.0563 - reader cost: 0.0013
 39/177 [=====>........................] - ETA: 7s - batch_cost: 0.0563 - reader cost: 0.0013
 40/177 [=====>........................] - ETA: 7s - batch_cost: 0.0564 - reader cost: 0.0013
 41/177 [=====>........................] - ETA: 7s - batch_cost: 0.0564 - reader cost: 0.0012
 42/177 [======>.......................] - ETA: 7s - batch_cost: 0.0564 - reader cost: 0.0012
 43/177 [======>.......................] - ETA: 7s - batch_cost: 0.0565 - reader cost: 0.0012
 44/177 [======>.......................] - ETA: 7s - batch_cost: 0.0564 - reader cost: 0.0012
 45/177 [======>.......................] - ETA: 7s - batch_cost: 0.0565 - reader cost: 0.0011
 46/177 [======>.......................] - ETA: 7s - batch_cost: 0.0565 - reader cost: 0.0011
 47/177 [======>.......................] - ETA: 7s - batch_cost: 0.0565 - reader cost: 0.0011
 48/177 [=======>......................] - ETA: 7s - batch_cost: 0.0565 - reader cost: 0.0011
 49/177 [=======>......................] - ETA: 7s - batch_cost: 0.0565 - reader cost: 0.0011
 50/177 [=======>......................] - ETA: 7s - batch_cost: 0.0565 - reader cost: 0.0010
 51/177 [=======>......................] - ETA: 7s - batch_cost: 0.0566 - reader cost: 0.0010
 52/177 [=======>......................] - ETA: 7s - batch_cost: 0.0566 - reader cost: 0.0010
 53/177 [=======>......................] - ETA: 7s - batch_cost: 0.0566 - reader cost: 9.8168e-04
 54/177 [========>.....................] - ETA: 6s - batch_cost: 0.0566 - reader cost: 9.6350e-04
 55/177 [========>.....................] - ETA: 6s - batch_cost: 0.0566 - reader cost: 9.4598e-04
 56/177 [========>.....................] - ETA: 6s - batch_cost: 0.0566 - reader cost: 9.2909e-04
 57/177 [========>.....................] - ETA: 6s - batch_cost: 0.0568 - reader cost: 9.1279e-04
 59/177 [=========>....................] - ETA: 6s - batch_cost: 0.0566 - reader cost: 8.8185e-04
 60/177 [=========>....................] - ETA: 6s - batch_cost: 0.0566 - reader cost: 8.6715e-04
 61/177 [=========>....................] - ETA: 6s - batch_cost: 0.0566 - reader cost: 8.5294e-04
 62/177 [=========>....................] - ETA: 6s - batch_cost: 0.0566 - reader cost: 8.3918e-04
 63/177 [=========>....................] - ETA: 6s - batch_cost: 0.0566 - reader cost: 8.2586e-04
 64/177 [=========>....................] - ETA: 6s - batch_cost: 0.0566 - reader cost: 8.2853e-04
 65/177 [==========>...................] - ETA: 6s - batch_cost: 0.0566 - reader cost: 8.1578e-04
 66/177 [==========>...................] - ETA: 6s - batch_cost: 0.0566 - reader cost: 8.0342e-04
 67/177 [==========>...................] - ETA: 6s - batch_cost: 0.0566 - reader cost: 7.9143e-04
 68/177 [==========>...................] - ETA: 6s - batch_cost: 0.0566 - reader cost: 7.7979e-04
 69/177 [==========>...................] - ETA: 6s - batch_cost: 0.0566 - reader cost: 7.6849e-04
 70/177 [==========>...................] - ETA: 6s - batch_cost: 0.0566 - reader cost: 7.5751e-04
 71/177 [===========>..................] - ETA: 6s - batch_cost: 0.0566 - reader cost: 7.4684e-04
 72/177 [===========>..................] - ETA: 5s - batch_cost: 0.0566 - reader cost: 7.3647e-04
 73/177 [===========>..................] - ETA: 5s - batch_cost: 0.0566 - reader cost: 7.2638e-04
 74/177 [===========>..................] - ETA: 5s - batch_cost: 0.0566 - reader cost: 7.1657e-04
 75/177 [===========>..................] - ETA: 5s - batch_cost: 0.0566 - reader cost: 7.0701e-04
 76/177 [===========>..................] - ETA: 5s - batch_cost: 0.0567 - reader cost: 6.9771e-04
 77/177 [============>.................] - ETA: 5s - batch_cost: 0.0566 - reader cost: 6.8865e-04
 78/177 [============>.................] - ETA: 5s - batch_cost: 0.0567 - reader cost: 6.7982e-04
 79/177 [============>.................] - ETA: 5s - batch_cost: 0.0566 - reader cost: 6.7121e-04
 80/177 [============>.................] - ETA: 5s - batch_cost: 0.0566 - reader cost: 6.6282e-04
 81/177 [============>.................] - ETA: 5s - batch_cost: 0.0566 - reader cost: 6.5464e-04
 82/177 [============>.................] - ETA: 5s - batch_cost: 0.0566 - reader cost: 6.4666e-04
 83/177 [=============>................] - ETA: 5s - batch_cost: 0.0566 - reader cost: 6.3887e-04
 84/177 [=============>................] - ETA: 5s - batch_cost: 0.0567 - reader cost: 6.3126e-04
 85/177 [=============>................] - ETA: 5s - batch_cost: 0.0566 - reader cost: 6.2383e-04
 86/177 [=============>................] - ETA: 5s - batch_cost: 0.0566 - reader cost: 6.1658e-04
 87/177 [=============>................] - ETA: 5s - batch_cost: 0.0567 - reader cost: 6.2678e-04
 88/177 [=============>................] - ETA: 5s - batch_cost: 0.0567 - reader cost: 6.1966e-04
 89/177 [==============>...............] - ETA: 5s - batch_cost: 0.0567 - reader cost: 6.1269e-04
 90/177 [==============>...............] - ETA: 4s - batch_cost: 0.0567 - reader cost: 6.0589e-04
 91/177 [==============>...............] - ETA: 4s - batch_cost: 0.0567 - reader cost: 5.9923e-04
 92/177 [==============>...............] - ETA: 4s - batch_cost: 0.0567 - reader cost: 5.9271e-04
 93/177 [==============>...............] - ETA: 4s - batch_cost: 0.0567 - reader cost: 5.8634e-04
 94/177 [==============>...............] - ETA: 4s - batch_cost: 0.0566 - reader cost: 5.8010e-04
 95/177 [===============>..............] - ETA: 4s - batch_cost: 0.0566 - reader cost: 5.7400e-04
 96/177 [===============>..............] - ETA: 4s - batch_cost: 0.0566 - reader cost: 5.6802e-04
 97/177 [===============>..............] - ETA: 4s - batch_cost: 0.0567 - reader cost: 5.6216e-04
 98/177 [===============>..............] - ETA: 4s - batch_cost: 0.0566 - reader cost: 5.5643e-04
 99/177 [===============>..............] - ETA: 4s - batch_cost: 0.0567 - reader cost: 5.5080e-04
100/177 [===============>..............] - ETA: 4s - batch_cost: 0.0566 - reader cost: 5.4530e-04
101/177 [================>.............] - ETA: 4s - batch_cost: 0.0566 - reader cost: 5.3990e-04
102/177 [================>.............] - ETA: 4s - batch_cost: 0.0566 - reader cost: 5.3460e-04
103/177 [================>.............] - ETA: 4s - batch_cost: 0.0566 - reader cost: 5.2941e-04
104/177 [================>.............] - ETA: 4s - batch_cost: 0.0566 - reader cost: 5.2432e-04
105/177 [================>.............] - ETA: 4s - batch_cost: 0.0566 - reader cost: 5.1933e-04
106/177 [================>.............] - ETA: 4s - batch_cost: 0.0567 - reader cost: 5.1443e-04
107/177 [=================>............] - ETA: 3s - batch_cost: 0.0567 - reader cost: 5.0962e-04
108/177 [=================>............] - ETA: 3s - batch_cost: 0.0567 - reader cost: 5.0490e-04
109/177 [=================>............] - ETA: 3s - batch_cost: 0.0566 - reader cost: 5.0027e-04
110/177 [=================>............] - ETA: 3s - batch_cost: 0.0567 - reader cost: 4.9572e-04
111/177 [=================>............] - ETA: 3s - batch_cost: 0.0567 - reader cost: 4.9126e-04
112/177 [=================>............] - ETA: 3s - batch_cost: 0.0567 - reader cost: 4.8687e-04
113/177 [==================>...........] - ETA: 3s - batch_cost: 0.0567 - reader cost: 4.8256e-04
114/177 [==================>...........] - ETA: 3s - batch_cost: 0.0567 - reader cost: 4.7833e-04
115/177 [==================>...........] - ETA: 3s - batch_cost: 0.0567 - reader cost: 4.7417e-04
116/177 [==================>...........] - ETA: 3s - batch_cost: 0.0567 - reader cost: 4.7008e-04
117/177 [==================>...........] - ETA: 3s - batch_cost: 0.0567 - reader cost: 4.7462e-04
118/177 [===================>..........] - ETA: 3s - batch_cost: 0.0567 - reader cost: 4.7059e-04
119/177 [===================>..........] - ETA: 3s - batch_cost: 0.0567 - reader cost: 4.6664e-04
120/177 [===================>..........] - ETA: 3s - batch_cost: 0.0567 - reader cost: 4.6275e-04
121/177 [===================>..........] - ETA: 3s - batch_cost: 0.0567 - reader cost: 4.5893e-04
122/177 [===================>..........] - ETA: 3s - batch_cost: 0.0567 - reader cost: 4.5516e-04
123/177 [===================>..........] - ETA: 3s - batch_cost: 0.0567 - reader cost: 4.5146e-04
124/177 [====================>.........] - ETA: 3s - batch_cost: 0.0567 - reader cost: 4.4782e-04
125/177 [====================>.........] - ETA: 2s - batch_cost: 0.0567 - reader cost: 4.4424e-04
126/177 [====================>.........] - ETA: 2s - batch_cost: 0.0567 - reader cost: 4.4071e-04
127/177 [====================>.........] - ETA: 2s - batch_cost: 0.0567 - reader cost: 4.3724e-04
128/177 [====================>.........] - ETA: 2s - batch_cost: 0.0567 - reader cost: 4.3383e-04
129/177 [====================>.........] - ETA: 2s - batch_cost: 0.0567 - reader cost: 4.3047e-04
130/177 [=====================>........] - ETA: 2s - batch_cost: 0.0567 - reader cost: 4.2715e-04
131/177 [=====================>........] - ETA: 2s - batch_cost: 0.0567 - reader cost: 4.2389e-04
132/177 [=====================>........] - ETA: 2s - batch_cost: 0.0567 - reader cost: 4.2068e-04
133/177 [=====================>........] - ETA: 2s - batch_cost: 0.0567 - reader cost: 4.1752e-04
134/177 [=====================>........] - ETA: 2s - batch_cost: 0.0567 - reader cost: 4.1440e-04
135/177 [=====================>........] - ETA: 2s - batch_cost: 0.0567 - reader cost: 4.1133e-04
136/177 [======================>.......] - ETA: 2s - batch_cost: 0.0567 - reader cost: 4.0831e-04
137/177 [======================>.......] - ETA: 2s - batch_cost: 0.0567 - reader cost: 4.0533e-04
138/177 [======================>.......] - ETA: 2s - batch_cost: 0.0567 - reader cost: 4.0239e-04
139/177 [======================>.......] - ETA: 2s - batch_cost: 0.0567 - reader cost: 3.9950e-04
140/177 [======================>.......] - ETA: 2s - batch_cost: 0.0567 - reader cost: 3.9664e-04
141/177 [======================>.......] - ETA: 2s - batch_cost: 0.0567 - reader cost: 3.9383e-04
142/177 [=======================>......] - ETA: 1s - batch_cost: 0.0567 - reader cost: 3.9106e-04
143/177 [=======================>......] - ETA: 1s - batch_cost: 0.0567 - reader cost: 3.9196e-04
144/177 [=======================>......] - ETA: 1s - batch_cost: 0.0567 - reader cost: 3.9618e-04
145/177 [=======================>......] - ETA: 1s - batch_cost: 0.0567 - reader cost: 3.9344e-04
146/177 [=======================>......] - ETA: 1s - batch_cost: 0.0567 - reader cost: 3.9075e-04
147/177 [=======================>......] - ETA: 1s - batch_cost: 0.0567 - reader cost: 3.8809e-04
148/177 [========================>.....] - ETA: 1s - batch_cost: 0.0567 - reader cost: 3.8547e-04
149/177 [========================>.....] - ETA: 1s - batch_cost: 0.0567 - reader cost: 3.8288e-04
150/177 [========================>.....] - ETA: 1s - batch_cost: 0.0567 - reader cost: 3.8033e-04
151/177 [========================>.....] - ETA: 1s - batch_cost: 0.0567 - reader cost: 3.8119e-04
152/177 [========================>.....] - ETA: 1s - batch_cost: 0.0567 - reader cost: 3.7868e-04
153/177 [========================>.....] - ETA: 1s - batch_cost: 0.0567 - reader cost: 3.7621e-04
154/177 [=========================>....] - ETA: 1s - batch_cost: 0.0567 - reader cost: 3.8030e-04
155/177 [=========================>....] - ETA: 1s - batch_cost: 0.0567 - reader cost: 3.7785e-04
156/177 [=========================>....] - ETA: 1s - batch_cost: 0.0567 - reader cost: 3.7543e-04
157/177 [=========================>....] - ETA: 1s - batch_cost: 0.0567 - reader cost: 3.7304e-04
158/177 [=========================>....] - ETA: 1s - batch_cost: 0.0567 - reader cost: 3.7067e-04
159/177 [=========================>....] - ETA: 1s - batch_cost: 0.0567 - reader cost: 3.6834e-04
160/177 [==========================>...] - ETA: 0s - batch_cost: 0.0567 - reader cost: 3.6604e-04
161/177 [==========================>...] - ETA: 0s - batch_cost: 0.0567 - reader cost: 3.6377e-04
162/177 [==========================>...] - ETA: 0s - batch_cost: 0.0567 - reader cost: 3.6152e-04
163/177 [==========================>...] - ETA: 0s - batch_cost: 0.0567 - reader cost: 3.5930e-04
164/177 [==========================>...] - ETA: 0s - batch_cost: 0.0567 - reader cost: 3.5711e-04
165/177 [==========================>...] - ETA: 0s - batch_cost: 0.0567 - reader cost: 3.5495e-04
166/177 [===========================>..] - ETA: 0s - batch_cost: 0.0567 - reader cost: 3.5281e-04
167/177 [===========================>..] - ETA: 0s - batch_cost: 0.0567 - reader cost: 3.5070e-04
168/177 [===========================>..] - ETA: 0s - batch_cost: 0.0567 - reader cost: 3.4861e-04
169/177 [===========================>..] - ETA: 0s - batch_cost: 0.0567 - reader cost: 3.4655e-04
170/177 [===========================>..] - ETA: 0s - batch_cost: 0.0567 - reader cost: 3.5038e-04
171/177 [===========================>..] - ETA: 0s - batch_cost: 0.0567 - reader cost: 3.4833e-04
172/177 [============================>.] - ETA: 0s - batch_cost: 0.0567 - reader cost: 3.4631e-04
173/177 [============================>.] - ETA: 0s - batch_cost: 0.0567 - reader cost: 3.4430e-04
174/177 [============================>.] - ETA: 0s - batch_cost: 0.0567 - reader cost: 3.4233e-04
175/177 [============================>.] - ETA: 0s - batch_cost: 0.0567 - reader cost: 3.4037e-04
176/177 [============================>.] - ETA: 0s - batch_cost: 0.0567 - reader cost: 3.3844e-04
177/177 [==============================] - 10s 57ms/step - batch_cost: 0.0567 - reader cost: 3.3652e-04

  1/177 [..............................] - ETA: 10s - batch_cost: 0.0612 - reader cost: 0.0407
  2/177 [..............................] - ETA: 10s - batch_cost: 0.0622 - reader cost: 0.0286
  3/177 [..............................] - ETA: 10s - batch_cost: 0.0606 - reader cost: 0.0191
  4/177 [..............................] - ETA: 10s - batch_cost: 0.0611 - reader cost: 0.0143
  5/177 [..............................] - ETA: 10s - batch_cost: 0.0590 - reader cost: 0.0114
  6/177 [>.............................] - ETA: 10s - batch_cost: 0.0594 - reader cost: 0.0097
  7/177 [>.............................] - ETA: 10s - batch_cost: 0.0605 - reader cost: 0.0083
  8/177 [>.............................] - ETA: 10s - batch_cost: 0.0594 - reader cost: 0.0073
  9/177 [>.............................] - ETA: 9s - batch_cost: 0.0589 - reader cost: 0.0065 
 10/177 [>.............................] - ETA: 9s - batch_cost: 0.0585 - reader cost: 0.0058
 11/177 [>.............................] - ETA: 9s - batch_cost: 0.0582 - reader cost: 0.0053
 12/177 [=>............................] - ETA: 9s - batch_cost: 0.0582 - reader cost: 0.0049
 13/177 [=>............................] - ETA: 9s - batch_cost: 0.0581 - reader cost: 0.0045
 14/177 [=>............................] - ETA: 9s - batch_cost: 0.0578 - reader cost: 0.0042
 15/177 [=>............................] - ETA: 9s - batch_cost: 0.0577 - reader cost: 0.0039
 16/177 [=>............................] - ETA: 9s - batch_cost: 0.0577 - reader cost: 0.0037
 17/177 [=>............................] - ETA: 9s - batch_cost: 0.0576 - reader cost: 0.0035
 18/177 [==>...........................] - ETA: 9s - batch_cost: 0.0575 - reader cost: 0.0033
 19/177 [==>...........................] - ETA: 9s - batch_cost: 0.0575 - reader cost: 0.0031
 20/177 [==>...........................] - ETA: 9s - batch_cost: 0.0575 - reader cost: 0.0029
 21/177 [==>...........................] - ETA: 8s - batch_cost: 0.0574 - reader cost: 0.0028
 22/177 [==>...........................] - ETA: 8s - batch_cost: 0.0573 - reader cost: 0.0027
 23/177 [==>...........................] - ETA: 8s - batch_cost: 0.0573 - reader cost: 0.0026
 24/177 [===>..........................] - ETA: 8s - batch_cost: 0.0573 - reader cost: 0.0025
 25/177 [===>..........................] - ETA: 8s - batch_cost: 0.0574 - reader cost: 0.0024
 26/177 [===>..........................] - ETA: 8s - batch_cost: 0.0572 - reader cost: 0.0023
 27/177 [===>..........................] - ETA: 8s - batch_cost: 0.0572 - reader cost: 0.0022
 28/177 [===>..........................] - ETA: 8s - batch_cost: 0.0574 - reader cost: 0.0021
 29/177 [===>..........................] - ETA: 8s - batch_cost: 0.0574 - reader cost: 0.0020
 30/177 [====>.........................] - ETA: 8s - batch_cost: 0.0573 - reader cost: 0.0020
 31/177 [====>.........................] - ETA: 8s - batch_cost: 0.0573 - reader cost: 0.0019
 32/177 [====>.........................] - ETA: 8s - batch_cost: 0.0572 - reader cost: 0.0019
 33/177 [====>.........................] - ETA: 8s - batch_cost: 0.0572 - reader cost: 0.0018
 34/177 [====>.........................] - ETA: 8s - batch_cost: 0.0571 - reader cost: 0.0017
 35/177 [====>.........................] - ETA: 8s - batch_cost: 0.0572 - reader cost: 0.0017
 36/177 [=====>........................] - ETA: 8s - batch_cost: 0.0571 - reader cost: 0.0016
 37/177 [=====>........................] - ETA: 8s - batch_cost: 0.0571 - reader cost: 0.0016
 38/177 [=====>........................] - ETA: 7s - batch_cost: 0.0572 - reader cost: 0.0016
 39/177 [=====>........................] - ETA: 7s - batch_cost: 0.0573 - reader cost: 0.0015
 40/177 [=====>........................] - ETA: 7s - batch_cost: 0.0572 - reader cost: 0.0015
 41/177 [=====>........................] - ETA: 7s - batch_cost: 0.0572 - reader cost: 0.0014
 42/177 [======>.......................] - ETA: 7s - batch_cost: 0.0572 - reader cost: 0.0014
 43/177 [======>.......................] - ETA: 7s - batch_cost: 0.0571 - reader cost: 0.0014
 44/177 [======>.......................] - ETA: 7s - batch_cost: 0.0572 - reader cost: 0.0013
 45/177 [======>.......................] - ETA: 7s - batch_cost: 0.0572 - reader cost: 0.0013
 46/177 [======>.......................] - ETA: 7s - batch_cost: 0.0571 - reader cost: 0.0013
 47/177 [======>.......................] - ETA: 7s - batch_cost: 0.0571 - reader cost: 0.0013
 48/177 [=======>......................] - ETA: 7s - batch_cost: 0.0571 - reader cost: 0.0012
 49/177 [=======>......................] - ETA: 7s - batch_cost: 0.0571 - reader cost: 0.0012
 50/177 [=======>......................] - ETA: 7s - batch_cost: 0.0571 - reader cost: 0.0012
 51/177 [=======>......................] - ETA: 7s - batch_cost: 0.0571 - reader cost: 0.0012
 52/177 [=======>......................] - ETA: 7s - batch_cost: 0.0571 - reader cost: 0.0011
 53/177 [=======>......................] - ETA: 7s - batch_cost: 0.0571 - reader cost: 0.0011
 54/177 [========>.....................] - ETA: 7s - batch_cost: 0.0570 - reader cost: 0.0011
 55/177 [========>.....................] - ETA: 6s - batch_cost: 0.0570 - reader cost: 0.0011
 56/177 [========>.....................] - ETA: 6s - batch_cost: 0.0570 - reader cost: 0.0011
 57/177 [========>.....................] - ETA: 6s - batch_cost: 0.0570 - reader cost: 0.0010
 58/177 [========>.....................] - ETA: 6s - batch_cost: 0.0571 - reader cost: 0.0010
 59/177 [=========>....................] - ETA: 6s - batch_cost: 0.0570 - reader cost: 0.0010
 60/177 [=========>....................] - ETA: 6s - batch_cost: 0.0570 - reader cost: 9.8667e-04
 61/177 [=========>....................] - ETA: 6s - batch_cost: 0.0571 - reader cost: 9.7050e-04
 62/177 [=========>....................] - ETA: 6s - batch_cost: 0.0570 - reader cost: 9.5484e-04
 63/177 [=========>....................] - ETA: 6s - batch_cost: 0.0570 - reader cost: 9.3969e-04
 64/177 [=========>....................] - ETA: 6s - batch_cost: 0.0570 - reader cost: 9.2500e-04
 65/177 [==========>...................] - ETA: 6s - batch_cost: 0.0570 - reader cost: 9.1077e-04
 66/177 [==========>...................] - ETA: 6s - batch_cost: 0.0570 - reader cost: 8.9697e-04
 67/177 [==========>...................] - ETA: 6s - batch_cost: 0.0570 - reader cost: 8.8359e-04
 68/177 [==========>...................] - ETA: 6s - batch_cost: 0.0570 - reader cost: 8.7059e-04
 69/177 [==========>...................] - ETA: 6s - batch_cost: 0.0570 - reader cost: 8.5798e-04
 70/177 [==========>...................] - ETA: 6s - batch_cost: 0.0570 - reader cost: 8.4572e-04
 71/177 [===========>..................] - ETA: 6s - batch_cost: 0.0570 - reader cost: 8.3381e-04
 72/177 [===========>..................] - ETA: 5s - batch_cost: 0.0570 - reader cost: 8.2223e-04
 73/177 [===========>..................] - ETA: 5s - batch_cost: 0.0570 - reader cost: 8.1096e-04
 74/177 [===========>..................] - ETA: 5s - batch_cost: 0.0570 - reader cost: 8.0000e-04
 75/177 [===========>..................] - ETA: 5s - batch_cost: 0.0570 - reader cost: 7.8934e-04
 76/177 [===========>..................] - ETA: 5s - batch_cost: 0.0570 - reader cost: 7.7895e-04
 77/177 [============>.................] - ETA: 5s - batch_cost: 0.0570 - reader cost: 7.6883e-04
 78/177 [============>.................] - ETA: 5s - batch_cost: 0.0569 - reader cost: 7.5898e-04
 79/177 [============>.................] - ETA: 5s - batch_cost: 0.0569 - reader cost: 7.4937e-04
 80/177 [============>.................] - ETA: 5s - batch_cost: 0.0569 - reader cost: 7.4000e-04
 81/177 [============>.................] - ETA: 5s - batch_cost: 0.0569 - reader cost: 7.3087e-04
 82/177 [============>.................] - ETA: 5s - batch_cost: 0.0569 - reader cost: 7.2195e-04
 83/177 [=============>................] - ETA: 5s - batch_cost: 0.0569 - reader cost: 7.1326e-04
 84/177 [=============>................] - ETA: 5s - batch_cost: 0.0569 - reader cost: 7.0477e-04
 85/177 [=============>................] - ETA: 5s - batch_cost: 0.0569 - reader cost: 6.9647e-04
 86/177 [=============>................] - ETA: 5s - batch_cost: 0.0569 - reader cost: 6.8838e-04
 87/177 [=============>................] - ETA: 5s - batch_cost: 0.0569 - reader cost: 6.8046e-04
 88/177 [=============>................] - ETA: 5s - batch_cost: 0.0569 - reader cost: 6.7273e-04
 89/177 [==============>...............] - ETA: 5s - batch_cost: 0.0569 - reader cost: 6.6517e-04
 90/177 [==============>...............] - ETA: 4s - batch_cost: 0.0569 - reader cost: 6.5778e-04
 91/177 [==============>...............] - ETA: 4s - batch_cost: 0.0569 - reader cost: 6.5055e-04
 92/177 [==============>...............] - ETA: 4s - batch_cost: 0.0569 - reader cost: 6.4348e-04
 93/177 [==============>...............] - ETA: 4s - batch_cost: 0.0569 - reader cost: 6.3656e-04
 94/177 [==============>...............] - ETA: 4s - batch_cost: 0.0569 - reader cost: 6.2979e-04
 95/177 [===============>..............] - ETA: 4s - batch_cost: 0.0569 - reader cost: 6.2316e-04
 96/177 [===============>..............] - ETA: 4s - batch_cost: 0.0569 - reader cost: 6.1667e-04
 97/177 [===============>..............] - ETA: 4s - batch_cost: 0.0569 - reader cost: 6.1031e-04
 98/177 [===============>..............] - ETA: 4s - batch_cost: 0.0569 - reader cost: 6.0408e-04
 99/177 [===============>..............] - ETA: 4s - batch_cost: 0.0569 - reader cost: 5.9798e-04
100/177 [===============>..............] - ETA: 4s - batch_cost: 0.0569 - reader cost: 5.9200e-04
101/177 [================>.............] - ETA: 4s - batch_cost: 0.0569 - reader cost: 5.8614e-04
102/177 [================>.............] - ETA: 4s - batch_cost: 0.0569 - reader cost: 5.8039e-04
103/177 [================>.............] - ETA: 4s - batch_cost: 0.0569 - reader cost: 5.7476e-04
104/177 [================>.............] - ETA: 4s - batch_cost: 0.0569 - reader cost: 5.6923e-04
105/177 [================>.............] - ETA: 4s - batch_cost: 0.0568 - reader cost: 5.6381e-04
106/177 [================>.............] - ETA: 4s - batch_cost: 0.0569 - reader cost: 5.5849e-04
107/177 [=================>............] - ETA: 3s - batch_cost: 0.0569 - reader cost: 5.5327e-04
108/177 [=================>............] - ETA: 3s - batch_cost: 0.0569 - reader cost: 5.4815e-04
109/177 [=================>............] - ETA: 3s - batch_cost: 0.0569 - reader cost: 5.5228e-04
110/177 [=================>............] - ETA: 3s - batch_cost: 0.0569 - reader cost: 5.4726e-04
111/177 [=================>............] - ETA: 3s - batch_cost: 0.0569 - reader cost: 5.4233e-04
112/177 [=================>............] - ETA: 3s - batch_cost: 0.0568 - reader cost: 5.3749e-04
113/177 [==================>...........] - ETA: 3s - batch_cost: 0.0568 - reader cost: 5.3273e-04
114/177 [==================>...........] - ETA: 3s - batch_cost: 0.0569 - reader cost: 5.2806e-04
115/177 [==================>...........] - ETA: 3s - batch_cost: 0.0568 - reader cost: 5.2347e-04
116/177 [==================>...........] - ETA: 3s - batch_cost: 0.0568 - reader cost: 5.1896e-04
117/177 [==================>...........] - ETA: 3s - batch_cost: 0.0569 - reader cost: 5.1452e-04
118/177 [===================>..........] - ETA: 3s - batch_cost: 0.0568 - reader cost: 5.1016e-04
119/177 [===================>..........] - ETA: 3s - batch_cost: 0.0568 - reader cost: 5.0587e-04
120/177 [===================>..........] - ETA: 3s - batch_cost: 0.0569 - reader cost: 5.0166e-04
121/177 [===================>..........] - ETA: 3s - batch_cost: 0.0568 - reader cost: 4.9751e-04
122/177 [===================>..........] - ETA: 3s - batch_cost: 0.0569 - reader cost: 4.9343e-04
123/177 [===================>..........] - ETA: 3s - batch_cost: 0.0568 - reader cost: 4.8942e-04
124/177 [====================>.........] - ETA: 3s - batch_cost: 0.0568 - reader cost: 4.8547e-04
125/177 [====================>.........] - ETA: 2s - batch_cost: 0.0568 - reader cost: 4.8159e-04
126/177 [====================>.........] - ETA: 2s - batch_cost: 0.0568 - reader cost: 4.7777e-04
127/177 [====================>.........] - ETA: 2s - batch_cost: 0.0568 - reader cost: 4.7401e-04
128/177 [====================>.........] - ETA: 2s - batch_cost: 0.0568 - reader cost: 4.7030e-04
129/177 [====================>.........] - ETA: 2s - batch_cost: 0.0568 - reader cost: 4.6666e-04
130/177 [=====================>........] - ETA: 2s - batch_cost: 0.0568 - reader cost: 4.6307e-04
131/177 [=====================>........] - ETA: 2s - batch_cost: 0.0568 - reader cost: 4.5953e-04
132/177 [=====================>........] - ETA: 2s - batch_cost: 0.0568 - reader cost: 4.5605e-04
133/177 [=====================>........] - ETA: 2s - batch_cost: 0.0568 - reader cost: 4.5262e-04
134/177 [=====================>........] - ETA: 2s - batch_cost: 0.0568 - reader cost: 4.4924e-04
135/177 [=====================>........] - ETA: 2s - batch_cost: 0.0568 - reader cost: 4.4592e-04
136/177 [======================>.......] - ETA: 2s - batch_cost: 0.0568 - reader cost: 4.4264e-04
137/177 [======================>.......] - ETA: 2s - batch_cost: 0.0568 - reader cost: 4.3941e-04
138/177 [======================>.......] - ETA: 2s - batch_cost: 0.0568 - reader cost: 4.3622e-04
139/177 [======================>.......] - ETA: 2s - batch_cost: 0.0568 - reader cost: 4.3308e-04
140/177 [======================>.......] - ETA: 2s - batch_cost: 0.0568 - reader cost: 4.2999e-04
141/177 [======================>.......] - ETA: 2s - batch_cost: 0.0568 - reader cost: 4.2694e-04
142/177 [=======================>......] - ETA: 1s - batch_cost: 0.0568 - reader cost: 4.2394e-04
143/177 [=======================>......] - ETA: 1s - batch_cost: 0.0568 - reader cost: 4.2097e-04
144/177 [=======================>......] - ETA: 1s - batch_cost: 0.0568 - reader cost: 4.1805e-04
145/177 [=======================>......] - ETA: 1s - batch_cost: 0.0568 - reader cost: 4.1516e-04
146/177 [=======================>......] - ETA: 1s - batch_cost: 0.0568 - reader cost: 4.1232e-04
147/177 [=======================>......] - ETA: 1s - batch_cost: 0.0568 - reader cost: 4.0952e-04
148/177 [========================>.....] - ETA: 1s - batch_cost: 0.0568 - reader cost: 4.0675e-04
149/177 [========================>.....] - ETA: 1s - batch_cost: 0.0568 - reader cost: 4.0402e-04
150/177 [========================>.....] - ETA: 1s - batch_cost: 0.0568 - reader cost: 4.0133e-04
151/177 [========================>.....] - ETA: 1s - batch_cost: 0.0568 - reader cost: 3.9867e-04
152/177 [========================>.....] - ETA: 1s - batch_cost: 0.0568 - reader cost: 3.9604e-04
153/177 [========================>.....] - ETA: 1s - batch_cost: 0.0568 - reader cost: 3.9346e-04
154/177 [=========================>....] - ETA: 1s - batch_cost: 0.0568 - reader cost: 3.9090e-04
155/177 [=========================>....] - ETA: 1s - batch_cost: 0.0568 - reader cost: 3.8838e-04
156/177 [=========================>....] - ETA: 1s - batch_cost: 0.0568 - reader cost: 3.8589e-04
157/177 [=========================>....] - ETA: 1s - batch_cost: 0.0568 - reader cost: 3.8343e-04
158/177 [=========================>....] - ETA: 1s - batch_cost: 0.0568 - reader cost: 3.8100e-04
159/177 [=========================>....] - ETA: 1s - batch_cost: 0.0568 - reader cost: 3.7861e-04
160/177 [==========================>...] - ETA: 0s - batch_cost: 0.0568 - reader cost: 3.7624e-04
161/177 [==========================>...] - ETA: 0s - batch_cost: 0.0568 - reader cost: 3.7391e-04
162/177 [==========================>...] - ETA: 0s - batch_cost: 0.0568 - reader cost: 3.7160e-04
163/177 [==========================>...] - ETA: 0s - batch_cost: 0.0568 - reader cost: 3.6932e-04
164/177 [==========================>...] - ETA: 0s - batch_cost: 0.0568 - reader cost: 3.6707e-04
165/177 [==========================>...] - ETA: 0s - batch_cost: 0.0568 - reader cost: 3.6484e-04
166/177 [===========================>..] - ETA: 0s - batch_cost: 0.0568 - reader cost: 3.6264e-04
167/177 [===========================>..] - ETA: 0s - batch_cost: 0.0568 - reader cost: 3.6047e-04
168/177 [===========================>..] - ETA: 0s - batch_cost: 0.0568 - reader cost: 3.5833e-04
169/177 [===========================>..] - ETA: 0s - batch_cost: 0.0568 - reader cost: 3.5621e-04
170/177 [===========================>..] - ETA: 0s - batch_cost: 0.0568 - reader cost: 3.5411e-04
171/177 [===========================>..] - ETA: 0s - batch_cost: 0.0568 - reader cost: 3.5204e-04
172/177 [============================>.] - ETA: 0s - batch_cost: 0.0568 - reader cost: 3.4999e-04
173/177 [============================>.] - ETA: 0s - batch_cost: 0.0568 - reader cost: 3.4797e-04
174/177 [============================>.] - ETA: 0s - batch_cost: 0.0568 - reader cost: 3.4597e-04
175/177 [============================>.] - ETA: 0s - batch_cost: 0.0568 - reader cost: 3.4399e-04
176/177 [============================>.] - ETA: 0s - batch_cost: 0.0568 - reader cost: 3.4204e-04
177/177 [==============================] - 10s 57ms/step - batch_cost: 0.0568 - reader cost: 3.4011e-04

  1/177 [..............................] - ETA: 7s - batch_cost: 0.0419 - reader cost: 0.0294
  2/177 [..............................] - ETA: 8s - batch_cost: 0.0506 - reader cost: 0.0251
  3/177 [..............................] - ETA: 9s - batch_cost: 0.0536 - reader cost: 0.0167
  4/177 [..............................] - ETA: 9s - batch_cost: 0.0565 - reader cost: 0.0125
  5/177 [..............................] - ETA: 9s - batch_cost: 0.0563 - reader cost: 0.0100
  6/177 [>.............................] - ETA: 9s - batch_cost: 0.0570 - reader cost: 0.0084
  7/177 [>.............................] - ETA: 9s - batch_cost: 0.0563 - reader cost: 0.0072
  8/177 [>.............................] - ETA: 9s - batch_cost: 0.0559 - reader cost: 0.0064
  9/177 [>.............................] - ETA: 9s - batch_cost: 0.0561 - reader cost: 0.0057
 10/177 [>.............................] - ETA: 9s - batch_cost: 0.0562 - reader cost: 0.0052
 11/177 [>.............................] - ETA: 9s - batch_cost: 0.0559 - reader cost: 0.0047
 12/177 [=>............................] - ETA: 9s - batch_cost: 0.0562 - reader cost: 0.0043
 13/177 [=>............................] - ETA: 9s - batch_cost: 0.0562 - reader cost: 0.0040
 14/177 [=>............................] - ETA: 9s - batch_cost: 0.0562 - reader cost: 0.0037
 15/177 [=>............................] - ETA: 9s - batch_cost: 0.0564 - reader cost: 0.0035
 16/177 [=>............................] - ETA: 9s - batch_cost: 0.0563 - reader cost: 0.0033
 17/177 [=>............................] - ETA: 9s - batch_cost: 0.0564 - reader cost: 0.0031
 18/177 [==>...........................] - ETA: 8s - batch_cost: 0.0564 - reader cost: 0.0029
 19/177 [==>...........................] - ETA: 8s - batch_cost: 0.0565 - reader cost: 0.0027
 20/177 [==>...........................] - ETA: 8s - batch_cost: 0.0564 - reader cost: 0.0026
 21/177 [==>...........................] - ETA: 8s - batch_cost: 0.0564 - reader cost: 0.0025
 22/177 [==>...........................] - ETA: 8s - batch_cost: 0.0564 - reader cost: 0.0024
 23/177 [==>...........................] - ETA: 8s - batch_cost: 0.0565 - reader cost: 0.0023
 24/177 [===>..........................] - ETA: 8s - batch_cost: 0.0565 - reader cost: 0.0022
 25/177 [===>..........................] - ETA: 8s - batch_cost: 0.0565 - reader cost: 0.0021
 26/177 [===>..........................] - ETA: 8s - batch_cost: 0.0564 - reader cost: 0.0020
 27/177 [===>..........................] - ETA: 8s - batch_cost: 0.0565 - reader cost: 0.0019
 28/177 [===>..........................] - ETA: 8s - batch_cost: 0.0565 - reader cost: 0.0019
 29/177 [===>..........................] - ETA: 8s - batch_cost: 0.0566 - reader cost: 0.0018
 30/177 [====>.........................] - ETA: 8s - batch_cost: 0.0565 - reader cost: 0.0017
 31/177 [====>.........................] - ETA: 8s - batch_cost: 0.0565 - reader cost: 0.0017
 32/177 [====>.........................] - ETA: 8s - batch_cost: 0.0565 - reader cost: 0.0016
 33/177 [====>.........................] - ETA: 8s - batch_cost: 0.0566 - reader cost: 0.0016
 34/177 [====>.........................] - ETA: 8s - batch_cost: 0.0566 - reader cost: 0.0015
 35/177 [====>.........................] - ETA: 8s - batch_cost: 0.0565 - reader cost: 0.0015
 36/177 [=====>........................] - ETA: 7s - batch_cost: 0.0566 - reader cost: 0.0014
 37/177 [=====>........................] - ETA: 7s - batch_cost: 0.0566 - reader cost: 0.0014
 38/177 [=====>........................] - ETA: 7s - batch_cost: 0.0566 - reader cost: 0.0014
 39/177 [=====>........................] - ETA: 7s - batch_cost: 0.0567 - reader cost: 0.0014
 40/177 [=====>........................] - ETA: 7s - batch_cost: 0.0567 - reader cost: 0.0013
 41/177 [=====>........................] - ETA: 7s - batch_cost: 0.0566 - reader cost: 0.0013
 42/177 [======>.......................] - ETA: 7s - batch_cost: 0.0566 - reader cost: 0.0013
 43/177 [======>.......................] - ETA: 7s - batch_cost: 0.0567 - reader cost: 0.0012
 44/177 [======>.......................] - ETA: 7s - batch_cost: 0.0566 - reader cost: 0.0012
 45/177 [======>.......................] - ETA: 7s - batch_cost: 0.0566 - reader cost: 0.0012
 46/177 [======>.......................] - ETA: 7s - batch_cost: 0.0566 - reader cost: 0.0012
 47/177 [======>.......................] - ETA: 7s - batch_cost: 0.0567 - reader cost: 0.0011
 48/177 [=======>......................] - ETA: 7s - batch_cost: 0.0566 - reader cost: 0.0011
 49/177 [=======>......................] - ETA: 7s - batch_cost: 0.0566 - reader cost: 0.0011
 50/177 [=======>......................] - ETA: 7s - batch_cost: 0.0567 - reader cost: 0.0011
 51/177 [=======>......................] - ETA: 7s - batch_cost: 0.0566 - reader cost: 0.0010
 52/177 [=======>......................] - ETA: 7s - batch_cost: 0.0566 - reader cost: 0.0010
 53/177 [=======>......................] - ETA: 7s - batch_cost: 0.0566 - reader cost: 0.0010
 54/177 [========>.....................] - ETA: 6s - batch_cost: 0.0566 - reader cost: 9.8394e-04
 55/177 [========>.....................] - ETA: 6s - batch_cost: 0.0567 - reader cost: 9.6605e-04
 56/177 [========>.....................] - ETA: 6s - batch_cost: 0.0567 - reader cost: 9.4880e-04
 57/177 [========>.....................] - ETA: 6s - batch_cost: 0.0566 - reader cost: 9.3215e-04
 58/177 [========>.....................] - ETA: 6s - batch_cost: 0.0566 - reader cost: 9.1608e-04
 59/177 [=========>....................] - ETA: 6s - batch_cost: 0.0566 - reader cost: 9.0055e-04
 60/177 [=========>....................] - ETA: 6s - batch_cost: 0.0566 - reader cost: 8.8554e-04
 61/177 [=========>....................] - ETA: 6s - batch_cost: 0.0566 - reader cost: 8.7103e-04
 62/177 [=========>....................] - ETA: 6s - batch_cost: 0.0566 - reader cost: 8.5698e-04
 63/177 [=========>....................] - ETA: 6s - batch_cost: 0.0566 - reader cost: 8.4337e-04
 64/177 [=========>....................] - ETA: 6s - batch_cost: 0.0567 - reader cost: 8.3020e-04
 65/177 [==========>...................] - ETA: 6s - batch_cost: 0.0567 - reader cost: 8.1742e-04
 66/177 [==========>...................] - ETA: 6s - batch_cost: 0.0567 - reader cost: 8.0504e-04
 67/177 [==========>...................] - ETA: 6s - batch_cost: 0.0567 - reader cost: 7.9302e-04
 68/177 [==========>...................] - ETA: 6s - batch_cost: 0.0566 - reader cost: 7.8136e-04
 69/177 [==========>...................] - ETA: 6s - batch_cost: 0.0566 - reader cost: 7.7004e-04
 70/177 [==========>...................] - ETA: 6s - batch_cost: 0.0566 - reader cost: 7.5904e-04
 71/177 [===========>..................] - ETA: 6s - batch_cost: 0.0566 - reader cost: 7.4835e-04
 72/177 [===========>..................] - ETA: 5s - batch_cost: 0.0566 - reader cost: 7.3795e-04
 73/177 [===========>..................] - ETA: 5s - batch_cost: 0.0566 - reader cost: 7.2784e-04
 74/177 [===========>..................] - ETA: 5s - batch_cost: 0.0566 - reader cost: 7.1801e-04
 75/177 [===========>..................] - ETA: 5s - batch_cost: 0.0566 - reader cost: 7.0843e-04
 76/177 [===========>..................] - ETA: 5s - batch_cost: 0.0566 - reader cost: 6.9911e-04
 77/177 [============>.................] - ETA: 5s - batch_cost: 0.0567 - reader cost: 6.9003e-04
 78/177 [============>.................] - ETA: 5s - batch_cost: 0.0567 - reader cost: 6.8119e-04
 79/177 [============>.................] - ETA: 5s - batch_cost: 0.0567 - reader cost: 6.7256e-04
 80/177 [============>.................] - ETA: 5s - batch_cost: 0.0566 - reader cost: 6.6416e-04
 81/177 [============>.................] - ETA: 5s - batch_cost: 0.0566 - reader cost: 6.5596e-04
 82/177 [============>.................] - ETA: 5s - batch_cost: 0.0566 - reader cost: 6.4796e-04
 83/177 [=============>................] - ETA: 5s - batch_cost: 0.0566 - reader cost: 6.4015e-04
 84/177 [=============>................] - ETA: 5s - batch_cost: 0.0566 - reader cost: 6.3253e-04
 85/177 [=============>................] - ETA: 5s - batch_cost: 0.0566 - reader cost: 6.2509e-04
 86/177 [=============>................] - ETA: 5s - batch_cost: 0.0566 - reader cost: 6.1782e-04
 87/177 [=============>................] - ETA: 5s - batch_cost: 0.0566 - reader cost: 6.1072e-04
 88/177 [=============>................] - ETA: 5s - batch_cost: 0.0566 - reader cost: 6.0378e-04
 89/177 [==============>...............] - ETA: 4s - batch_cost: 0.0566 - reader cost: 5.9699e-04
 90/177 [==============>...............] - ETA: 4s - batch_cost: 0.0566 - reader cost: 5.9036e-04
 91/177 [==============>...............] - ETA: 4s - batch_cost: 0.0566 - reader cost: 5.8387e-04
 92/177 [==============>...............] - ETA: 4s - batch_cost: 0.0566 - reader cost: 5.7753e-04
 93/177 [==============>...............] - ETA: 4s - batch_cost: 0.0566 - reader cost: 5.7132e-04
 94/177 [==============>...............] - ETA: 4s - batch_cost: 0.0567 - reader cost: 5.6524e-04
 95/177 [===============>..............] - ETA: 4s - batch_cost: 0.0566 - reader cost: 5.5929e-04
 96/177 [===============>..............] - ETA: 4s - batch_cost: 0.0566 - reader cost: 5.5346e-04
 97/177 [===============>..............] - ETA: 4s - batch_cost: 0.0567 - reader cost: 5.4776e-04
 98/177 [===============>..............] - ETA: 4s - batch_cost: 0.0567 - reader cost: 5.4217e-04
 99/177 [===============>..............] - ETA: 4s - batch_cost: 0.0566 - reader cost: 5.3669e-04
100/177 [===============>..............] - ETA: 4s - batch_cost: 0.0567 - reader cost: 5.3133e-04
101/177 [================>.............] - ETA: 4s - batch_cost: 0.0567 - reader cost: 5.2606e-04
102/177 [================>.............] - ETA: 4s - batch_cost: 0.0567 - reader cost: 5.2091e-04
103/177 [================>.............] - ETA: 4s - batch_cost: 0.0567 - reader cost: 5.1585e-04
104/177 [================>.............] - ETA: 4s - batch_cost: 0.0567 - reader cost: 5.1089e-04
105/177 [================>.............] - ETA: 4s - batch_cost: 0.0567 - reader cost: 5.0602e-04
106/177 [================>.............] - ETA: 4s - batch_cost: 0.0567 - reader cost: 5.0125e-04
107/177 [=================>............] - ETA: 3s - batch_cost: 0.0567 - reader cost: 4.9657e-04
108/177 [=================>............] - ETA: 3s - batch_cost: 0.0568 - reader cost: 4.9197e-04
110/177 [=================>............] - ETA: 3s - batch_cost: 0.0567 - reader cost: 4.8302e-04
111/177 [=================>............] - ETA: 3s - batch_cost: 0.0567 - reader cost: 4.7867e-04
112/177 [=================>............] - ETA: 3s - batch_cost: 0.0567 - reader cost: 4.7440e-04
113/177 [==================>...........] - ETA: 3s - batch_cost: 0.0567 - reader cost: 4.7020e-04
114/177 [==================>...........] - ETA: 3s - batch_cost: 0.0567 - reader cost: 4.6607e-04
115/177 [==================>...........] - ETA: 3s - batch_cost: 0.0567 - reader cost: 4.6202e-04
116/177 [==================>...........] - ETA: 3s - batch_cost: 0.0567 - reader cost: 4.5804e-04
117/177 [==================>...........] - ETA: 3s - batch_cost: 0.0567 - reader cost: 4.5412e-04
118/177 [===================>..........] - ETA: 3s - batch_cost: 0.0567 - reader cost: 4.5028e-04
119/177 [===================>..........] - ETA: 3s - batch_cost: 0.0567 - reader cost: 4.4649e-04
120/177 [===================>..........] - ETA: 3s - batch_cost: 0.0567 - reader cost: 4.4277e-04
121/177 [===================>..........] - ETA: 3s - batch_cost: 0.0567 - reader cost: 4.3911e-04
122/177 [===================>..........] - ETA: 3s - batch_cost: 0.0567 - reader cost: 4.3551e-04
123/177 [===================>..........] - ETA: 3s - batch_cost: 0.0567 - reader cost: 4.3197e-04
124/177 [====================>.........] - ETA: 3s - batch_cost: 0.0567 - reader cost: 4.2849e-04
125/177 [====================>.........] - ETA: 2s - batch_cost: 0.0567 - reader cost: 4.2506e-04
126/177 [====================>.........] - ETA: 2s - batch_cost: 0.0567 - reader cost: 4.2169e-04
127/177 [====================>.........] - ETA: 2s - batch_cost: 0.0567 - reader cost: 4.1837e-04
128/177 [====================>.........] - ETA: 2s - batch_cost: 0.0567 - reader cost: 4.1510e-04
129/177 [====================>.........] - ETA: 2s - batch_cost: 0.0567 - reader cost: 4.1188e-04
130/177 [=====================>........] - ETA: 2s - batch_cost: 0.0567 - reader cost: 4.0871e-04
131/177 [=====================>........] - ETA: 2s - batch_cost: 0.0567 - reader cost: 4.0559e-04
132/177 [=====================>........] - ETA: 2s - batch_cost: 0.0567 - reader cost: 4.0252e-04
133/177 [=====================>........] - ETA: 2s - batch_cost: 0.0567 - reader cost: 3.9949e-04
134/177 [=====================>........] - ETA: 2s - batch_cost: 0.0567 - reader cost: 3.9651e-04
135/177 [=====================>........] - ETA: 2s - batch_cost: 0.0567 - reader cost: 3.9357e-04
136/177 [======================>.......] - ETA: 2s - batch_cost: 0.0567 - reader cost: 3.9068e-04
137/177 [======================>.......] - ETA: 2s - batch_cost: 0.0567 - reader cost: 3.8783e-04
138/177 [======================>.......] - ETA: 2s - batch_cost: 0.0567 - reader cost: 3.8502e-04
139/177 [======================>.......] - ETA: 2s - batch_cost: 0.0567 - reader cost: 3.8225e-04
140/177 [======================>.......] - ETA: 2s - batch_cost: 0.0567 - reader cost: 3.7952e-04
141/177 [======================>.......] - ETA: 2s - batch_cost: 0.0567 - reader cost: 3.7683e-04
142/177 [=======================>......] - ETA: 1s - batch_cost: 0.0567 - reader cost: 3.7417e-04
143/177 [=======================>......] - ETA: 1s - batch_cost: 0.0567 - reader cost: 3.7156e-04
144/177 [=======================>......] - ETA: 1s - batch_cost: 0.0567 - reader cost: 3.6898e-04
145/177 [=======================>......] - ETA: 1s - batch_cost: 0.0567 - reader cost: 3.6643e-04
146/177 [=======================>......] - ETA: 1s - batch_cost: 0.0567 - reader cost: 3.6392e-04
147/177 [=======================>......] - ETA: 1s - batch_cost: 0.0567 - reader cost: 3.6145e-04
148/177 [========================>.....] - ETA: 1s - batch_cost: 0.0567 - reader cost: 3.5900e-04
149/177 [========================>.....] - ETA: 1s - batch_cost: 0.0567 - reader cost: 3.5659e-04
150/177 [========================>.....] - ETA: 1s - batch_cost: 0.0567 - reader cost: 3.6088e-04
151/177 [========================>.....] - ETA: 1s - batch_cost: 0.0567 - reader cost: 3.5849e-04
152/177 [========================>.....] - ETA: 1s - batch_cost: 0.0567 - reader cost: 3.5613e-04
153/177 [========================>.....] - ETA: 1s - batch_cost: 0.0567 - reader cost: 3.5380e-04
154/177 [=========================>....] - ETA: 1s - batch_cost: 0.0567 - reader cost: 3.5150e-04
155/177 [=========================>....] - ETA: 1s - batch_cost: 0.0567 - reader cost: 3.4924e-04
156/177 [=========================>....] - ETA: 1s - batch_cost: 0.0567 - reader cost: 3.4700e-04
157/177 [=========================>....] - ETA: 1s - batch_cost: 0.0567 - reader cost: 3.4479e-04
158/177 [=========================>....] - ETA: 1s - batch_cost: 0.0567 - reader cost: 3.4261e-04
159/177 [=========================>....] - ETA: 1s - batch_cost: 0.0567 - reader cost: 3.4045e-04
160/177 [==========================>...] - ETA: 0s - batch_cost: 0.0567 - reader cost: 3.3832e-04
161/177 [==========================>...] - ETA: 0s - batch_cost: 0.0567 - reader cost: 3.3622e-04
162/177 [==========================>...] - ETA: 0s - batch_cost: 0.0567 - reader cost: 3.3415e-04
163/177 [==========================>...] - ETA: 0s - batch_cost: 0.0567 - reader cost: 3.3210e-04
164/177 [==========================>...] - ETA: 0s - batch_cost: 0.0567 - reader cost: 3.3007e-04
165/177 [==========================>...] - ETA: 0s - batch_cost: 0.0567 - reader cost: 3.2807e-04
166/177 [===========================>..] - ETA: 0s - batch_cost: 0.0567 - reader cost: 3.2609e-04
167/177 [===========================>..] - ETA: 0s - batch_cost: 0.0567 - reader cost: 3.2414e-04
168/177 [===========================>..] - ETA: 0s - batch_cost: 0.0567 - reader cost: 3.2221e-04
169/177 [===========================>..] - ETA: 0s - batch_cost: 0.0567 - reader cost: 3.2031e-04
170/177 [===========================>..] - ETA: 0s - batch_cost: 0.0567 - reader cost: 3.1842e-04
171/177 [===========================>..] - ETA: 0s - batch_cost: 0.0567 - reader cost: 3.1656e-04
172/177 [============================>.] - ETA: 0s - batch_cost: 0.0567 - reader cost: 3.1472e-04
173/177 [============================>.] - ETA: 0s - batch_cost: 0.0567 - reader cost: 3.1290e-04
174/177 [============================>.] - ETA: 0s - batch_cost: 0.0567 - reader cost: 3.1110e-04
175/177 [============================>.] - ETA: 0s - batch_cost: 0.0567 - reader cost: 3.0932e-04
176/177 [============================>.] - ETA: 0s - batch_cost: 0.0567 - reader cost: 3.0757e-04
177/177 [==============================] - 10s 57ms/step - batch_cost: 0.0567 - reader cost: 3.0583e-04

  1/177 [..............................] - ETA: 12s - batch_cost: 0.0693 - reader cost: 0.0417
  2/177 [..............................] - ETA: 11s - batch_cost: 0.0629 - reader cost: 0.0285
  3/177 [..............................] - ETA: 10s - batch_cost: 0.0615 - reader cost: 0.0190
  4/177 [..............................] - ETA: 10s - batch_cost: 0.0623 - reader cost: 0.0143
  5/177 [..............................] - ETA: 10s - batch_cost: 0.0606 - reader cost: 0.0116
  6/177 [>.............................] - ETA: 10s - batch_cost: 0.0609 - reader cost: 0.0097
  8/177 [>.............................] - ETA: 10s - batch_cost: 0.0599 - reader cost: 0.0073
 10/177 [>.............................] - ETA: 9s - batch_cost: 0.0580 - reader cost: 0.0059 
 11/177 [>.............................] - ETA: 9s - batch_cost: 0.0580 - reader cost: 0.0054
 12/177 [=>............................] - ETA: 9s - batch_cost: 0.0579 - reader cost: 0.0049
 13/177 [=>............................] - ETA: 9s - batch_cost: 0.0578 - reader cost: 0.0045
 14/177 [=>............................] - ETA: 9s - batch_cost: 0.0575 - reader cost: 0.0042
 15/177 [=>............................] - ETA: 9s - batch_cost: 0.0575 - reader cost: 0.0039
 16/177 [=>............................] - ETA: 9s - batch_cost: 0.0574 - reader cost: 0.0037
 17/177 [=>............................] - ETA: 9s - batch_cost: 0.0575 - reader cost: 0.0035
 18/177 [==>...........................] - ETA: 9s - batch_cost: 0.0574 - reader cost: 0.0033
 19/177 [==>...........................] - ETA: 9s - batch_cost: 0.0575 - reader cost: 0.0031
 20/177 [==>...........................] - ETA: 9s - batch_cost: 0.0574 - reader cost: 0.0030
 21/177 [==>...........................] - ETA: 8s - batch_cost: 0.0574 - reader cost: 0.0028
 22/177 [==>...........................] - ETA: 8s - batch_cost: 0.0572 - reader cost: 0.0027
 23/177 [==>...........................] - ETA: 8s - batch_cost: 0.0572 - reader cost: 0.0026
 24/177 [===>..........................] - ETA: 8s - batch_cost: 0.0573 - reader cost: 0.0025
 25/177 [===>..........................] - ETA: 8s - batch_cost: 0.0572 - reader cost: 0.0024
 26/177 [===>..........................] - ETA: 8s - batch_cost: 0.0572 - reader cost: 0.0023
 27/177 [===>..........................] - ETA: 8s - batch_cost: 0.0571 - reader cost: 0.0022
 28/177 [===>..........................] - ETA: 8s - batch_cost: 0.0571 - reader cost: 0.0021
 29/177 [===>..........................] - ETA: 8s - batch_cost: 0.0570 - reader cost: 0.0020
 30/177 [====>.........................] - ETA: 8s - batch_cost: 0.0571 - reader cost: 0.0020
 31/177 [====>.........................] - ETA: 8s - batch_cost: 0.0570 - reader cost: 0.0019
 32/177 [====>.........................] - ETA: 8s - batch_cost: 0.0572 - reader cost: 0.0018
 33/177 [====>.........................] - ETA: 8s - batch_cost: 0.0571 - reader cost: 0.0018
 34/177 [====>.........................] - ETA: 8s - batch_cost: 0.0571 - reader cost: 0.0018
 35/177 [====>.........................] - ETA: 8s - batch_cost: 0.0570 - reader cost: 0.0017
 36/177 [=====>........................] - ETA: 8s - batch_cost: 0.0570 - reader cost: 0.0017
 37/177 [=====>........................] - ETA: 8s - batch_cost: 0.0570 - reader cost: 0.0016
 38/177 [=====>........................] - ETA: 7s - batch_cost: 0.0570 - reader cost: 0.0016
 39/177 [=====>........................] - ETA: 7s - batch_cost: 0.0570 - reader cost: 0.0015
 40/177 [=====>........................] - ETA: 7s - batch_cost: 0.0571 - reader cost: 0.0015
 41/177 [=====>........................] - ETA: 7s - batch_cost: 0.0570 - reader cost: 0.0015
 42/177 [======>.......................] - ETA: 7s - batch_cost: 0.0570 - reader cost: 0.0014
 43/177 [======>.......................] - ETA: 7s - batch_cost: 0.0570 - reader cost: 0.0014
 44/177 [======>.......................] - ETA: 7s - batch_cost: 0.0570 - reader cost: 0.0014
 45/177 [======>.......................] - ETA: 7s - batch_cost: 0.0570 - reader cost: 0.0013
 46/177 [======>.......................] - ETA: 7s - batch_cost: 0.0569 - reader cost: 0.0013
 47/177 [======>.......................] - ETA: 7s - batch_cost: 0.0569 - reader cost: 0.0013
 48/177 [=======>......................] - ETA: 7s - batch_cost: 0.0570 - reader cost: 0.0013
 49/177 [=======>......................] - ETA: 7s - batch_cost: 0.0569 - reader cost: 0.0012
 50/177 [=======>......................] - ETA: 7s - batch_cost: 0.0569 - reader cost: 0.0012
 51/177 [=======>......................] - ETA: 7s - batch_cost: 0.0570 - reader cost: 0.0012
 52/177 [=======>......................] - ETA: 7s - batch_cost: 0.0569 - reader cost: 0.0012
 53/177 [=======>......................] - ETA: 7s - batch_cost: 0.0569 - reader cost: 0.0011
 54/177 [========>.....................] - ETA: 7s - batch_cost: 0.0570 - reader cost: 0.0011
 55/177 [========>.....................] - ETA: 6s - batch_cost: 0.0569 - reader cost: 0.0011
 56/177 [========>.....................] - ETA: 6s - batch_cost: 0.0569 - reader cost: 0.0011
 57/177 [========>.....................] - ETA: 6s - batch_cost: 0.0569 - reader cost: 0.0011
 58/177 [========>.....................] - ETA: 6s - batch_cost: 0.0569 - reader cost: 0.0010
 59/177 [=========>....................] - ETA: 6s - batch_cost: 0.0569 - reader cost: 0.0010
 60/177 [=========>....................] - ETA: 6s - batch_cost: 0.0569 - reader cost: 0.0010
 61/177 [=========>....................] - ETA: 6s - batch_cost: 0.0568 - reader cost: 9.8443e-04
 62/177 [=========>....................] - ETA: 6s - batch_cost: 0.0568 - reader cost: 9.6855e-04
 63/177 [=========>....................] - ETA: 6s - batch_cost: 0.0569 - reader cost: 9.5318e-04
 64/177 [=========>....................] - ETA: 6s - batch_cost: 0.0569 - reader cost: 9.3829e-04
 65/177 [==========>...................] - ETA: 6s - batch_cost: 0.0568 - reader cost: 9.2385e-04
 66/177 [==========>...................] - ETA: 6s - batch_cost: 0.0569 - reader cost: 9.0985e-04
 67/177 [==========>...................] - ETA: 6s - batch_cost: 0.0569 - reader cost: 9.1119e-04
 68/177 [==========>...................] - ETA: 6s - batch_cost: 0.0569 - reader cost: 8.9779e-04
 69/177 [==========>...................] - ETA: 6s - batch_cost: 0.0569 - reader cost: 8.8478e-04
 70/177 [==========>...................] - ETA: 6s - batch_cost: 0.0568 - reader cost: 8.7214e-04
 71/177 [===========>..................] - ETA: 6s - batch_cost: 0.0569 - reader cost: 8.5986e-04
 72/177 [===========>..................] - ETA: 5s - batch_cost: 0.0569 - reader cost: 8.4792e-04
 73/177 [===========>..................] - ETA: 5s - batch_cost: 0.0568 - reader cost: 8.3630e-04
 74/177 [===========>..................] - ETA: 5s - batch_cost: 0.0568 - reader cost: 8.2500e-04
 75/177 [===========>..................] - ETA: 5s - batch_cost: 0.0568 - reader cost: 8.1400e-04
 76/177 [===========>..................] - ETA: 5s - batch_cost: 0.0568 - reader cost: 8.0329e-04
 77/177 [============>.................] - ETA: 5s - batch_cost: 0.0568 - reader cost: 7.9286e-04
 78/177 [============>.................] - ETA: 5s - batch_cost: 0.0568 - reader cost: 7.8269e-04
 79/177 [============>.................] - ETA: 5s - batch_cost: 0.0568 - reader cost: 7.7278e-04
 80/177 [============>.................] - ETA: 5s - batch_cost: 0.0568 - reader cost: 7.6312e-04
 81/177 [============>.................] - ETA: 5s - batch_cost: 0.0568 - reader cost: 7.5370e-04
 82/177 [============>.................] - ETA: 5s - batch_cost: 0.0568 - reader cost: 7.4451e-04
 83/177 [=============>................] - ETA: 5s - batch_cost: 0.0569 - reader cost: 7.3554e-04
 84/177 [=============>................] - ETA: 5s - batch_cost: 0.0569 - reader cost: 7.2678e-04
 85/177 [=============>................] - ETA: 5s - batch_cost: 0.0569 - reader cost: 7.1823e-04
 86/177 [=============>................] - ETA: 5s - batch_cost: 0.0569 - reader cost: 7.0988e-04
 87/177 [=============>................] - ETA: 5s - batch_cost: 0.0568 - reader cost: 7.0172e-04
 88/177 [=============>................] - ETA: 5s - batch_cost: 0.0568 - reader cost: 6.9375e-04
 89/177 [==============>...............] - ETA: 5s - batch_cost: 0.0568 - reader cost: 6.8595e-04
 90/177 [==============>...............] - ETA: 4s - batch_cost: 0.0568 - reader cost: 6.7833e-04
 91/177 [==============>...............] - ETA: 4s - batch_cost: 0.0568 - reader cost: 6.7088e-04
 92/177 [==============>...............] - ETA: 4s - batch_cost: 0.0568 - reader cost: 6.6359e-04
 93/177 [==============>...............] - ETA: 4s - batch_cost: 0.0568 - reader cost: 6.5645e-04
 94/177 [==============>...............] - ETA: 4s - batch_cost: 0.0568 - reader cost: 6.4947e-04
 95/177 [===============>..............] - ETA: 4s - batch_cost: 0.0568 - reader cost: 6.4263e-04
 96/177 [===============>..............] - ETA: 4s - batch_cost: 0.0568 - reader cost: 6.3594e-04
 97/177 [===============>..............] - ETA: 4s - batch_cost: 0.0568 - reader cost: 6.2938e-04
 98/177 [===============>..............] - ETA: 4s - batch_cost: 0.0568 - reader cost: 6.2296e-04
 99/177 [===============>..............] - ETA: 4s - batch_cost: 0.0568 - reader cost: 6.1667e-04
100/177 [===============>..............] - ETA: 4s - batch_cost: 0.0568 - reader cost: 6.1050e-04
101/177 [================>.............] - ETA: 4s - batch_cost: 0.0568 - reader cost: 6.0445e-04
102/177 [================>.............] - ETA: 4s - batch_cost: 0.0568 - reader cost: 5.9853e-04
103/177 [================>.............] - ETA: 4s - batch_cost: 0.0568 - reader cost: 5.9272e-04
104/177 [================>.............] - ETA: 4s - batch_cost: 0.0568 - reader cost: 5.8702e-04
105/177 [================>.............] - ETA: 4s - batch_cost: 0.0568 - reader cost: 5.8143e-04
106/177 [================>.............] - ETA: 4s - batch_cost: 0.0568 - reader cost: 5.7594e-04
107/177 [=================>............] - ETA: 3s - batch_cost: 0.0568 - reader cost: 5.7056e-04
108/177 [=================>............] - ETA: 3s - batch_cost: 0.0568 - reader cost: 5.6528e-04
109/177 [=================>............] - ETA: 3s - batch_cost: 0.0568 - reader cost: 5.6009e-04
110/177 [=================>............] - ETA: 3s - batch_cost: 0.0568 - reader cost: 5.5960e-04
111/177 [=================>............] - ETA: 3s - batch_cost: 0.0568 - reader cost: 5.5456e-04
112/177 [=================>............] - ETA: 3s - batch_cost: 0.0568 - reader cost: 5.4961e-04
113/177 [==================>...........] - ETA: 3s - batch_cost: 0.0568 - reader cost: 5.4474e-04
114/177 [==================>...........] - ETA: 3s - batch_cost: 0.0568 - reader cost: 5.3996e-04
115/177 [==================>...........] - ETA: 3s - batch_cost: 0.0568 - reader cost: 5.3527e-04
116/177 [==================>...........] - ETA: 3s - batch_cost: 0.0568 - reader cost: 5.3065e-04
117/177 [==================>...........] - ETA: 3s - batch_cost: 0.0568 - reader cost: 5.2612e-04
118/177 [===================>..........] - ETA: 3s - batch_cost: 0.0568 - reader cost: 5.2166e-04
119/177 [===================>..........] - ETA: 3s - batch_cost: 0.0568 - reader cost: 5.1728e-04
120/177 [===================>..........] - ETA: 3s - batch_cost: 0.0568 - reader cost: 5.1297e-04
121/177 [===================>..........] - ETA: 3s - batch_cost: 0.0568 - reader cost: 5.0873e-04
122/177 [===================>..........] - ETA: 3s - batch_cost: 0.0568 - reader cost: 5.0456e-04
123/177 [===================>..........] - ETA: 3s - batch_cost: 0.0568 - reader cost: 5.0045e-04
124/177 [====================>.........] - ETA: 3s - batch_cost: 0.0568 - reader cost: 4.9642e-04
125/177 [====================>.........] - ETA: 2s - batch_cost: 0.0568 - reader cost: 4.9245e-04
126/177 [====================>.........] - ETA: 2s - batch_cost: 0.0568 - reader cost: 4.8854e-04
127/177 [====================>.........] - ETA: 2s - batch_cost: 0.0568 - reader cost: 4.8469e-04
128/177 [====================>.........] - ETA: 2s - batch_cost: 0.0568 - reader cost: 4.8091e-04
129/177 [====================>.........] - ETA: 2s - batch_cost: 0.0568 - reader cost: 4.7718e-04
130/177 [=====================>........] - ETA: 2s - batch_cost: 0.0568 - reader cost: 4.7351e-04
131/177 [=====================>........] - ETA: 2s - batch_cost: 0.0568 - reader cost: 4.6989e-04
132/177 [=====================>........] - ETA: 2s - batch_cost: 0.0568 - reader cost: 4.6633e-04
133/177 [=====================>........] - ETA: 2s - batch_cost: 0.0568 - reader cost: 4.6283e-04
134/177 [=====================>........] - ETA: 2s - batch_cost: 0.0568 - reader cost: 4.5937e-04
135/177 [=====================>........] - ETA: 2s - batch_cost: 0.0567 - reader cost: 4.5597e-04
136/177 [======================>.......] - ETA: 2s - batch_cost: 0.0568 - reader cost: 4.5262e-04
137/177 [======================>.......] - ETA: 2s - batch_cost: 0.0567 - reader cost: 4.4931e-04
138/177 [======================>.......] - ETA: 2s - batch_cost: 0.0568 - reader cost: 4.4606e-04
139/177 [======================>.......] - ETA: 2s - batch_cost: 0.0567 - reader cost: 4.4285e-04
140/177 [======================>.......] - ETA: 2s - batch_cost: 0.0568 - reader cost: 4.3968e-04
141/177 [======================>.......] - ETA: 2s - batch_cost: 0.0567 - reader cost: 4.3657e-04
142/177 [=======================>......] - ETA: 1s - batch_cost: 0.0568 - reader cost: 4.4054e-04
143/177 [=======================>......] - ETA: 1s - batch_cost: 0.0568 - reader cost: 4.3745e-04
144/177 [=======================>......] - ETA: 1s - batch_cost: 0.0568 - reader cost: 4.3442e-04
145/177 [=======================>......] - ETA: 1s - batch_cost: 0.0568 - reader cost: 4.3835e-04
146/177 [=======================>......] - ETA: 1s - batch_cost: 0.0568 - reader cost: 4.3535e-04
147/177 [=======================>......] - ETA: 1s - batch_cost: 0.0568 - reader cost: 4.3239e-04
148/177 [========================>.....] - ETA: 1s - batch_cost: 0.0568 - reader cost: 4.2946e-04
149/177 [========================>.....] - ETA: 1s - batch_cost: 0.0568 - reader cost: 4.2658e-04
150/177 [========================>.....] - ETA: 1s - batch_cost: 0.0568 - reader cost: 4.2374e-04
151/177 [========================>.....] - ETA: 1s - batch_cost: 0.0568 - reader cost: 4.2754e-04
152/177 [========================>.....] - ETA: 1s - batch_cost: 0.0568 - reader cost: 4.2473e-04
153/177 [========================>.....] - ETA: 1s - batch_cost: 0.0568 - reader cost: 4.2195e-04
154/177 [=========================>....] - ETA: 1s - batch_cost: 0.0568 - reader cost: 4.1921e-04
155/177 [=========================>....] - ETA: 1s - batch_cost: 0.0568 - reader cost: 4.1651e-04
156/177 [=========================>....] - ETA: 1s - batch_cost: 0.0568 - reader cost: 4.1384e-04
157/177 [=========================>....] - ETA: 1s - batch_cost: 0.0568 - reader cost: 4.1120e-04
158/177 [=========================>....] - ETA: 1s - batch_cost: 0.0568 - reader cost: 4.0860e-04
159/177 [=========================>....] - ETA: 1s - batch_cost: 0.0568 - reader cost: 4.0603e-04
160/177 [==========================>...] - ETA: 0s - batch_cost: 0.0568 - reader cost: 4.0349e-04
161/177 [==========================>...] - ETA: 0s - batch_cost: 0.0568 - reader cost: 4.0099e-04
162/177 [==========================>...] - ETA: 0s - batch_cost: 0.0568 - reader cost: 3.9851e-04
163/177 [==========================>...] - ETA: 0s - batch_cost: 0.0568 - reader cost: 3.9607e-04
164/177 [==========================>...] - ETA: 0s - batch_cost: 0.0568 - reader cost: 3.9365e-04
165/177 [==========================>...] - ETA: 0s - batch_cost: 0.0568 - reader cost: 3.9127e-04
166/177 [===========================>..] - ETA: 0s - batch_cost: 0.0568 - reader cost: 3.8891e-04
167/177 [===========================>..] - ETA: 0s - batch_cost: 0.0568 - reader cost: 3.8658e-04
168/177 [===========================>..] - ETA: 0s - batch_cost: 0.0568 - reader cost: 3.8428e-04
169/177 [===========================>..] - ETA: 0s - batch_cost: 0.0568 - reader cost: 3.8200e-04
170/177 [===========================>..] - ETA: 0s - batch_cost: 0.0568 - reader cost: 3.7976e-04
171/177 [===========================>..] - ETA: 0s - batch_cost: 0.0568 - reader cost: 3.7754e-04
172/177 [============================>.] - ETA: 0s - batch_cost: 0.0568 - reader cost: 3.7534e-04
173/177 [============================>.] - ETA: 0s - batch_cost: 0.0568 - reader cost: 3.7895e-04
174/177 [============================>.] - ETA: 0s - batch_cost: 0.0568 - reader cost: 3.7677e-04
175/177 [============================>.] - ETA: 0s - batch_cost: 0.0568 - reader cost: 3.7462e-04
176/177 [============================>.] - ETA: 0s - batch_cost: 0.0568 - reader cost: 3.7249e-04
177/177 [==============================] - 10s 57ms/step - batch_cost: 0.0568 - reader cost: 3.7038e-04

  1/177 [..............................] - ETA: 8s - batch_cost: 0.0490 - reader cost: 0.0345
  2/177 [..............................] - ETA: 9s - batch_cost: 0.0539 - reader cost: 0.0273
  3/177 [..............................] - ETA: 9s - batch_cost: 0.0565 - reader cost: 0.0182
  4/177 [..............................] - ETA: 9s - batch_cost: 0.0570 - reader cost: 0.0136
  5/177 [..............................] - ETA: 9s - batch_cost: 0.0560 - reader cost: 0.0109
  6/177 [>.............................] - ETA: 9s - batch_cost: 0.0572 - reader cost: 0.0091
  7/177 [>.............................] - ETA: 9s - batch_cost: 0.0568 - reader cost: 0.0078
  8/177 [>.............................] - ETA: 9s - batch_cost: 0.0565 - reader cost: 0.0068
  9/177 [>.............................] - ETA: 9s - batch_cost: 0.0565 - reader cost: 0.0061
 10/177 [>.............................] - ETA: 9s - batch_cost: 0.0565 - reader cost: 0.0055
 11/177 [>.............................] - ETA: 9s - batch_cost: 0.0567 - reader cost: 0.0050
 12/177 [=>............................] - ETA: 9s - batch_cost: 0.0568 - reader cost: 0.0045
 13/177 [=>............................] - ETA: 9s - batch_cost: 0.0568 - reader cost: 0.0042
 14/177 [=>............................] - ETA: 9s - batch_cost: 0.0568 - reader cost: 0.0039
 15/177 [=>............................] - ETA: 9s - batch_cost: 0.0568 - reader cost: 0.0036
 16/177 [=>............................] - ETA: 9s - batch_cost: 0.0567 - reader cost: 0.0034
 17/177 [=>............................] - ETA: 9s - batch_cost: 0.0567 - reader cost: 0.0032
 18/177 [==>...........................] - ETA: 9s - batch_cost: 0.0567 - reader cost: 0.0030
 19/177 [==>...........................] - ETA: 8s - batch_cost: 0.0568 - reader cost: 0.0029
 20/177 [==>...........................] - ETA: 8s - batch_cost: 0.0567 - reader cost: 0.0027
 21/177 [==>...........................] - ETA: 8s - batch_cost: 0.0567 - reader cost: 0.0026
 22/177 [==>...........................] - ETA: 8s - batch_cost: 0.0566 - reader cost: 0.0025
 23/177 [==>...........................] - ETA: 8s - batch_cost: 0.0567 - reader cost: 0.0024
 24/177 [===>..........................] - ETA: 8s - batch_cost: 0.0566 - reader cost: 0.0023
 25/177 [===>..........................] - ETA: 8s - batch_cost: 0.0566 - reader cost: 0.0022
 26/177 [===>..........................] - ETA: 8s - batch_cost: 0.0566 - reader cost: 0.0021
 27/177 [===>..........................] - ETA: 8s - batch_cost: 0.0567 - reader cost: 0.0020
 28/177 [===>..........................] - ETA: 8s - batch_cost: 0.0567 - reader cost: 0.0019
 29/177 [===>..........................] - ETA: 8s - batch_cost: 0.0567 - reader cost: 0.0019
 30/177 [====>.........................] - ETA: 8s - batch_cost: 0.0567 - reader cost: 0.0018
 31/177 [====>.........................] - ETA: 8s - batch_cost: 0.0567 - reader cost: 0.0018
 32/177 [====>.........................] - ETA: 8s - batch_cost: 0.0567 - reader cost: 0.0017
 33/177 [====>.........................] - ETA: 8s - batch_cost: 0.0567 - reader cost: 0.0017
 34/177 [====>.........................] - ETA: 8s - batch_cost: 0.0568 - reader cost: 0.0016
 35/177 [====>.........................] - ETA: 8s - batch_cost: 0.0567 - reader cost: 0.0016
 36/177 [=====>........................] - ETA: 8s - batch_cost: 0.0568 - reader cost: 0.0015
 37/177 [=====>........................] - ETA: 7s - batch_cost: 0.0567 - reader cost: 0.0015
 38/177 [=====>........................] - ETA: 7s - batch_cost: 0.0567 - reader cost: 0.0014
 39/177 [=====>........................] - ETA: 7s - batch_cost: 0.0568 - reader cost: 0.0014
 40/177 [=====>........................] - ETA: 7s - batch_cost: 0.0567 - reader cost: 0.0014
 41/177 [=====>........................] - ETA: 7s - batch_cost: 0.0567 - reader cost: 0.0013
 42/177 [======>.......................] - ETA: 7s - batch_cost: 0.0568 - reader cost: 0.0013
 43/177 [======>.......................] - ETA: 7s - batch_cost: 0.0568 - reader cost: 0.0013
 44/177 [======>.......................] - ETA: 7s - batch_cost: 0.0568 - reader cost: 0.0012
 45/177 [======>.......................] - ETA: 7s - batch_cost: 0.0567 - reader cost: 0.0012
 46/177 [======>.......................] - ETA: 7s - batch_cost: 0.0567 - reader cost: 0.0012
 47/177 [======>.......................] - ETA: 7s - batch_cost: 0.0567 - reader cost: 0.0012
 48/177 [=======>......................] - ETA: 7s - batch_cost: 0.0568 - reader cost: 0.0011
 49/177 [=======>......................] - ETA: 7s - batch_cost: 0.0567 - reader cost: 0.0011
 50/177 [=======>......................] - ETA: 7s - batch_cost: 0.0567 - reader cost: 0.0011
 51/177 [=======>......................] - ETA: 7s - batch_cost: 0.0567 - reader cost: 0.0011
 52/177 [=======>......................] - ETA: 7s - batch_cost: 0.0567 - reader cost: 0.0010
 53/177 [=======>......................] - ETA: 7s - batch_cost: 0.0567 - reader cost: 0.0010
 54/177 [========>.....................] - ETA: 6s - batch_cost: 0.0567 - reader cost: 0.0010
 55/177 [========>.....................] - ETA: 6s - batch_cost: 0.0567 - reader cost: 9.9112e-04
 56/177 [========>.....................] - ETA: 6s - batch_cost: 0.0567 - reader cost: 9.7342e-04
 57/177 [========>.....................] - ETA: 6s - batch_cost: 0.0567 - reader cost: 9.5635e-04
 58/177 [========>.....................] - ETA: 6s - batch_cost: 0.0567 - reader cost: 9.3986e-04
 59/177 [=========>....................] - ETA: 6s - batch_cost: 0.0567 - reader cost: 9.2393e-04
 60/177 [=========>....................] - ETA: 6s - batch_cost: 0.0567 - reader cost: 9.0853e-04
 61/177 [=========>....................] - ETA: 6s - batch_cost: 0.0567 - reader cost: 8.9364e-04
 62/177 [=========>....................] - ETA: 6s - batch_cost: 0.0567 - reader cost: 8.7922e-04
 63/177 [=========>....................] - ETA: 6s - batch_cost: 0.0567 - reader cost: 8.6527e-04
 64/177 [=========>....................] - ETA: 6s - batch_cost: 0.0567 - reader cost: 8.6737e-04
 65/177 [==========>...................] - ETA: 6s - batch_cost: 0.0567 - reader cost: 8.5403e-04
 66/177 [==========>...................] - ETA: 6s - batch_cost: 0.0567 - reader cost: 8.4109e-04
 67/177 [==========>...................] - ETA: 6s - batch_cost: 0.0567 - reader cost: 8.2854e-04
 68/177 [==========>...................] - ETA: 6s - batch_cost: 0.0567 - reader cost: 8.1635e-04
 69/177 [==========>...................] - ETA: 6s - batch_cost: 0.0567 - reader cost: 8.0452e-04
 70/177 [==========>...................] - ETA: 6s - batch_cost: 0.0566 - reader cost: 7.9303e-04
 71/177 [===========>..................] - ETA: 6s - batch_cost: 0.0567 - reader cost: 7.8186e-04
 72/177 [===========>..................] - ETA: 5s - batch_cost: 0.0567 - reader cost: 7.7100e-04
 73/177 [===========>..................] - ETA: 5s - batch_cost: 0.0567 - reader cost: 7.7424e-04
 74/177 [===========>..................] - ETA: 5s - batch_cost: 0.0568 - reader cost: 7.6378e-04
 75/177 [===========>..................] - ETA: 5s - batch_cost: 0.0567 - reader cost: 7.5359e-04
 76/177 [===========>..................] - ETA: 5s - batch_cost: 0.0567 - reader cost: 7.4368e-04
 77/177 [============>.................] - ETA: 5s - batch_cost: 0.0567 - reader cost: 7.3402e-04
 78/177 [============>.................] - ETA: 5s - batch_cost: 0.0568 - reader cost: 7.2461e-04
 79/177 [============>.................] - ETA: 5s - batch_cost: 0.0567 - reader cost: 7.1544e-04
 80/177 [============>.................] - ETA: 5s - batch_cost: 0.0567 - reader cost: 7.0649e-04
 81/177 [============>.................] - ETA: 5s - batch_cost: 0.0567 - reader cost: 6.9777e-04
 82/177 [============>.................] - ETA: 5s - batch_cost: 0.0567 - reader cost: 6.8926e-04
 83/177 [=============>................] - ETA: 5s - batch_cost: 0.0567 - reader cost: 6.8096e-04
 84/177 [=============>................] - ETA: 5s - batch_cost: 0.0567 - reader cost: 6.7285e-04
 85/177 [=============>................] - ETA: 5s - batch_cost: 0.0567 - reader cost: 6.6494e-04
 86/177 [=============>................] - ETA: 5s - batch_cost: 0.0567 - reader cost: 6.5720e-04
 87/177 [=============>................] - ETA: 5s - batch_cost: 0.0567 - reader cost: 6.4965e-04
 88/177 [=============>................] - ETA: 5s - batch_cost: 0.0567 - reader cost: 6.4227e-04
 89/177 [==============>...............] - ETA: 5s - batch_cost: 0.0567 - reader cost: 6.3505e-04
 90/177 [==============>...............] - ETA: 4s - batch_cost: 0.0567 - reader cost: 6.2799e-04
 91/177 [==============>...............] - ETA: 4s - batch_cost: 0.0567 - reader cost: 6.2109e-04
 92/177 [==============>...............] - ETA: 4s - batch_cost: 0.0567 - reader cost: 6.1434e-04
 93/177 [==============>...............] - ETA: 4s - batch_cost: 0.0567 - reader cost: 6.0774e-04
 94/177 [==============>...............] - ETA: 4s - batch_cost: 0.0567 - reader cost: 6.0127e-04
 95/177 [===============>..............] - ETA: 4s - batch_cost: 0.0567 - reader cost: 5.9494e-04
 96/177 [===============>..............] - ETA: 4s - batch_cost: 0.0567 - reader cost: 5.8874e-04
 97/177 [===============>..............] - ETA: 4s - batch_cost: 0.0567 - reader cost: 5.8268e-04
 98/177 [===============>..............] - ETA: 4s - batch_cost: 0.0567 - reader cost: 5.7673e-04
 99/177 [===============>..............] - ETA: 4s - batch_cost: 0.0567 - reader cost: 5.8102e-04
100/177 [===============>..............] - ETA: 4s - batch_cost: 0.0567 - reader cost: 5.7521e-04
101/177 [================>.............] - ETA: 4s - batch_cost: 0.0567 - reader cost: 5.6951e-04
102/177 [================>.............] - ETA: 4s - batch_cost: 0.0567 - reader cost: 5.6393e-04
103/177 [================>.............] - ETA: 4s - batch_cost: 0.0567 - reader cost: 5.5846e-04
104/177 [================>.............] - ETA: 4s - batch_cost: 0.0567 - reader cost: 5.5309e-04
105/177 [================>.............] - ETA: 4s - batch_cost: 0.0567 - reader cost: 5.4782e-04
106/177 [================>.............] - ETA: 4s - batch_cost: 0.0567 - reader cost: 5.4265e-04
107/177 [=================>............] - ETA: 3s - batch_cost: 0.0567 - reader cost: 5.3758e-04
108/177 [=================>............] - ETA: 3s - batch_cost: 0.0567 - reader cost: 5.3260e-04
109/177 [=================>............] - ETA: 3s - batch_cost: 0.0567 - reader cost: 5.2771e-04
110/177 [=================>............] - ETA: 3s - batch_cost: 0.0567 - reader cost: 5.2292e-04
111/177 [=================>............] - ETA: 3s - batch_cost: 0.0567 - reader cost: 5.1821e-04
112/177 [=================>............] - ETA: 3s - batch_cost: 0.0567 - reader cost: 5.1358e-04
113/177 [==================>...........] - ETA: 3s - batch_cost: 0.0567 - reader cost: 5.0903e-04
114/177 [==================>...........] - ETA: 3s - batch_cost: 0.0567 - reader cost: 5.0457e-04
115/177 [==================>...........] - ETA: 3s - batch_cost: 0.0567 - reader cost: 5.0018e-04
116/177 [==================>...........] - ETA: 3s - batch_cost: 0.0567 - reader cost: 4.9587e-04
117/177 [==================>...........] - ETA: 3s - batch_cost: 0.0567 - reader cost: 4.9163e-04
118/177 [===================>..........] - ETA: 3s - batch_cost: 0.0567 - reader cost: 4.8746e-04
119/177 [===================>..........] - ETA: 3s - batch_cost: 0.0567 - reader cost: 4.8337e-04
120/177 [===================>..........] - ETA: 3s - batch_cost: 0.0567 - reader cost: 4.7934e-04
121/177 [===================>..........] - ETA: 3s - batch_cost: 0.0568 - reader cost: 4.7538e-04
122/177 [===================>..........] - ETA: 3s - batch_cost: 0.0567 - reader cost: 4.7148e-04
123/177 [===================>..........] - ETA: 3s - batch_cost: 0.0567 - reader cost: 4.6765e-04
124/177 [====================>.........] - ETA: 3s - batch_cost: 0.0567 - reader cost: 4.6388e-04
125/177 [====================>.........] - ETA: 2s - batch_cost: 0.0567 - reader cost: 4.6017e-04
126/177 [====================>.........] - ETA: 2s - batch_cost: 0.0567 - reader cost: 4.5651e-04
127/177 [====================>.........] - ETA: 2s - batch_cost: 0.0567 - reader cost: 4.5292e-04
128/177 [====================>.........] - ETA: 2s - batch_cost: 0.0567 - reader cost: 4.4938e-04
129/177 [====================>.........] - ETA: 2s - batch_cost: 0.0567 - reader cost: 4.4590e-04
130/177 [=====================>........] - ETA: 2s - batch_cost: 0.0567 - reader cost: 4.4247e-04
131/177 [=====================>........] - ETA: 2s - batch_cost: 0.0567 - reader cost: 4.4671e-04
132/177 [=====================>........] - ETA: 2s - batch_cost: 0.0567 - reader cost: 4.4333e-04
133/177 [=====================>........] - ETA: 2s - batch_cost: 0.0567 - reader cost: 4.4000e-04
134/177 [=====================>........] - ETA: 2s - batch_cost: 0.0567 - reader cost: 4.3671e-04
135/177 [=====================>........] - ETA: 2s - batch_cost: 0.0567 - reader cost: 4.3348e-04
136/177 [======================>.......] - ETA: 2s - batch_cost: 0.0567 - reader cost: 4.3029e-04
137/177 [======================>.......] - ETA: 2s - batch_cost: 0.0567 - reader cost: 4.2715e-04
138/177 [======================>.......] - ETA: 2s - batch_cost: 0.0567 - reader cost: 4.2405e-04
139/177 [======================>.......] - ETA: 2s - batch_cost: 0.0567 - reader cost: 4.2100e-04
140/177 [======================>.......] - ETA: 2s - batch_cost: 0.0567 - reader cost: 4.1800e-04
141/177 [======================>.......] - ETA: 2s - batch_cost: 0.0567 - reader cost: 4.1503e-04
142/177 [=======================>......] - ETA: 1s - batch_cost: 0.0567 - reader cost: 4.1211e-04
143/177 [=======================>......] - ETA: 1s - batch_cost: 0.0567 - reader cost: 4.0923e-04
144/177 [=======================>......] - ETA: 1s - batch_cost: 0.0567 - reader cost: 4.0638e-04
145/177 [=======================>......] - ETA: 1s - batch_cost: 0.0567 - reader cost: 4.0358e-04
146/177 [=======================>......] - ETA: 1s - batch_cost: 0.0567 - reader cost: 4.0082e-04
147/177 [=======================>......] - ETA: 1s - batch_cost: 0.0567 - reader cost: 3.9809e-04
148/177 [========================>.....] - ETA: 1s - batch_cost: 0.0567 - reader cost: 3.9540e-04
149/177 [========================>.....] - ETA: 1s - batch_cost: 0.0567 - reader cost: 3.9275e-04
150/177 [========================>.....] - ETA: 1s - batch_cost: 0.0567 - reader cost: 3.9013e-04
151/177 [========================>.....] - ETA: 1s - batch_cost: 0.0567 - reader cost: 3.8755e-04
152/177 [========================>.....] - ETA: 1s - batch_cost: 0.0567 - reader cost: 3.8500e-04
153/177 [========================>.....] - ETA: 1s - batch_cost: 0.0567 - reader cost: 3.8248e-04
154/177 [=========================>....] - ETA: 1s - batch_cost: 0.0567 - reader cost: 3.8000e-04
155/177 [=========================>....] - ETA: 1s - batch_cost: 0.0567 - reader cost: 3.7754e-04
156/177 [=========================>....] - ETA: 1s - batch_cost: 0.0567 - reader cost: 3.7512e-04
157/177 [=========================>....] - ETA: 1s - batch_cost: 0.0567 - reader cost: 3.7273e-04
158/177 [=========================>....] - ETA: 1s - batch_cost: 0.0567 - reader cost: 3.7038e-04
159/177 [=========================>....] - ETA: 1s - batch_cost: 0.0568 - reader cost: 3.6805e-04
160/177 [==========================>...] - ETA: 0s - batch_cost: 0.0568 - reader cost: 3.6575e-04
161/177 [==========================>...] - ETA: 0s - batch_cost: 0.0568 - reader cost: 3.6347e-04
162/177 [==========================>...] - ETA: 0s - batch_cost: 0.0569 - reader cost: 3.6123e-04
163/177 [==========================>...] - ETA: 0s - batch_cost: 0.0568 - reader cost: 3.5901e-04
164/177 [==========================>...] - ETA: 0s - batch_cost: 0.0568 - reader cost: 3.5683e-04
165/177 [==========================>...] - ETA: 0s - batch_cost: 0.0569 - reader cost: 3.6072e-04
166/177 [===========================>..] - ETA: 0s - batch_cost: 0.0569 - reader cost: 3.5855e-04
167/177 [===========================>..] - ETA: 0s - batch_cost: 0.0569 - reader cost: 3.5640e-04
168/177 [===========================>..] - ETA: 0s - batch_cost: 0.0569 - reader cost: 3.5428e-04
169/177 [===========================>..] - ETA: 0s - batch_cost: 0.0569 - reader cost: 3.5219e-04
170/177 [===========================>..] - ETA: 0s - batch_cost: 0.0569 - reader cost: 3.5011e-04
171/177 [===========================>..] - ETA: 0s - batch_cost: 0.0569 - reader cost: 3.4807e-04
172/177 [============================>.] - ETA: 0s - batch_cost: 0.0569 - reader cost: 3.4604e-04
173/177 [============================>.] - ETA: 0s - batch_cost: 0.0569 - reader cost: 3.4404e-04
174/177 [============================>.] - ETA: 0s - batch_cost: 0.0569 - reader cost: 3.4206e-04
175/177 [============================>.] - ETA: 0s - batch_cost: 0.0569 - reader cost: 3.4011e-04
176/177 [============================>.] - ETA: 0s - batch_cost: 0.0569 - reader cost: 3.3818e-04
177/177 [==============================] - 10s 57ms/step - batch_cost: 0.0569 - reader cost: 3.3627e-04

  1/177 [..............................] - ETA: 9s - batch_cost: 0.0527 - reader cost: 0.0401
  2/177 [..............................] - ETA: 9s - batch_cost: 0.0562 - reader cost: 0.0341
  3/177 [..............................] - ETA: 9s - batch_cost: 0.0562 - reader cost: 0.0261
  4/177 [..............................] - ETA: 10s - batch_cost: 0.0583 - reader cost: 0.0195
  5/177 [..............................] - ETA: 10s - batch_cost: 0.0587 - reader cost: 0.0156
  6/177 [>.............................] - ETA: 10s - batch_cost: 0.0580 - reader cost: 0.0130
  7/177 [>.............................] - ETA: 10s - batch_cost: 0.0595 - reader cost: 0.0112
  9/177 [>.............................] - ETA: 9s - batch_cost: 0.0582 - reader cost: 0.0087 
 10/177 [>.............................] - ETA: 9s - batch_cost: 0.0577 - reader cost: 0.0078
 11/177 [>.............................] - ETA: 9s - batch_cost: 0.0576 - reader cost: 0.0072
 12/177 [=>............................] - ETA: 9s - batch_cost: 0.0575 - reader cost: 0.0066
 13/177 [=>............................] - ETA: 9s - batch_cost: 0.0575 - reader cost: 0.0061
 14/177 [=>............................] - ETA: 9s - batch_cost: 0.0574 - reader cost: 0.0057
 15/177 [=>............................] - ETA: 9s - batch_cost: 0.0573 - reader cost: 0.0053
 16/177 [=>............................] - ETA: 9s - batch_cost: 0.0573 - reader cost: 0.0049
 17/177 [=>............................] - ETA: 9s - batch_cost: 0.0572 - reader cost: 0.0047
 18/177 [==>...........................] - ETA: 9s - batch_cost: 0.0571 - reader cost: 0.0044
 19/177 [==>...........................] - ETA: 9s - batch_cost: 0.0571 - reader cost: 0.0042
 20/177 [==>...........................] - ETA: 9s - batch_cost: 0.0571 - reader cost: 0.0040
 21/177 [==>...........................] - ETA: 8s - batch_cost: 0.0571 - reader cost: 0.0038
 22/177 [==>...........................] - ETA: 8s - batch_cost: 0.0570 - reader cost: 0.0036
 23/177 [==>...........................] - ETA: 8s - batch_cost: 0.0570 - reader cost: 0.0035
 24/177 [===>..........................] - ETA: 8s - batch_cost: 0.0570 - reader cost: 0.0033
 25/177 [===>..........................] - ETA: 8s - batch_cost: 0.0570 - reader cost: 0.0032
 26/177 [===>..........................] - ETA: 8s - batch_cost: 0.0569 - reader cost: 0.0031
 27/177 [===>..........................] - ETA: 8s - batch_cost: 0.0570 - reader cost: 0.0030
 28/177 [===>..........................] - ETA: 8s - batch_cost: 0.0569 - reader cost: 0.0029
 29/177 [===>..........................] - ETA: 8s - batch_cost: 0.0570 - reader cost: 0.0028
 30/177 [====>.........................] - ETA: 8s - batch_cost: 0.0569 - reader cost: 0.0027
 31/177 [====>.........................] - ETA: 8s - batch_cost: 0.0570 - reader cost: 0.0026
 32/177 [====>.........................] - ETA: 8s - batch_cost: 0.0569 - reader cost: 0.0025
 33/177 [====>.........................] - ETA: 8s - batch_cost: 0.0569 - reader cost: 0.0024
 34/177 [====>.........................] - ETA: 8s - batch_cost: 0.0569 - reader cost: 0.0024
 35/177 [====>.........................] - ETA: 8s - batch_cost: 0.0569 - reader cost: 0.0023
 36/177 [=====>........................] - ETA: 8s - batch_cost: 0.0569 - reader cost: 0.0022
 37/177 [=====>........................] - ETA: 7s - batch_cost: 0.0569 - reader cost: 0.0022
 38/177 [=====>........................] - ETA: 7s - batch_cost: 0.0569 - reader cost: 0.0021
 39/177 [=====>........................] - ETA: 7s - batch_cost: 0.0569 - reader cost: 0.0021
 40/177 [=====>........................] - ETA: 7s - batch_cost: 0.0569 - reader cost: 0.0020
 41/177 [=====>........................] - ETA: 7s - batch_cost: 0.0569 - reader cost: 0.0020
 42/177 [======>.......................] - ETA: 7s - batch_cost: 0.0569 - reader cost: 0.0019
 43/177 [======>.......................] - ETA: 7s - batch_cost: 0.0569 - reader cost: 0.0019
 44/177 [======>.......................] - ETA: 7s - batch_cost: 0.0568 - reader cost: 0.0018
 45/177 [======>.......................] - ETA: 7s - batch_cost: 0.0568 - reader cost: 0.0018
 46/177 [======>.......................] - ETA: 7s - batch_cost: 0.0569 - reader cost: 0.0017
 47/177 [======>.......................] - ETA: 7s - batch_cost: 0.0568 - reader cost: 0.0017
 48/177 [=======>......................] - ETA: 7s - batch_cost: 0.0568 - reader cost: 0.0017
 49/177 [=======>......................] - ETA: 7s - batch_cost: 0.0568 - reader cost: 0.0016
 50/177 [=======>......................] - ETA: 7s - batch_cost: 0.0568 - reader cost: 0.0016
 51/177 [=======>......................] - ETA: 7s - batch_cost: 0.0568 - reader cost: 0.0016
 52/177 [=======>......................] - ETA: 7s - batch_cost: 0.0568 - reader cost: 0.0015
 53/177 [=======>......................] - ETA: 7s - batch_cost: 0.0568 - reader cost: 0.0015
 54/177 [========>.....................] - ETA: 7s - batch_cost: 0.0568 - reader cost: 0.0015
 55/177 [========>.....................] - ETA: 6s - batch_cost: 0.0568 - reader cost: 0.0015
 56/177 [========>.....................] - ETA: 6s - batch_cost: 0.0568 - reader cost: 0.0014
 57/177 [========>.....................] - ETA: 6s - batch_cost: 0.0568 - reader cost: 0.0014
 58/177 [========>.....................] - ETA: 6s - batch_cost: 0.0568 - reader cost: 0.0014
 59/177 [=========>....................] - ETA: 6s - batch_cost: 0.0568 - reader cost: 0.0014
 60/177 [=========>....................] - ETA: 6s - batch_cost: 0.0568 - reader cost: 0.0013
 61/177 [=========>....................] - ETA: 6s - batch_cost: 0.0568 - reader cost: 0.0013
 62/177 [=========>....................] - ETA: 6s - batch_cost: 0.0568 - reader cost: 0.0013
 63/177 [=========>....................] - ETA: 6s - batch_cost: 0.0568 - reader cost: 0.0013
 64/177 [=========>....................] - ETA: 6s - batch_cost: 0.0568 - reader cost: 0.0013
 65/177 [==========>...................] - ETA: 6s - batch_cost: 0.0568 - reader cost: 0.0012
 66/177 [==========>...................] - ETA: 6s - batch_cost: 0.0568 - reader cost: 0.0012
 67/177 [==========>...................] - ETA: 6s - batch_cost: 0.0568 - reader cost: 0.0012
 68/177 [==========>...................] - ETA: 6s - batch_cost: 0.0568 - reader cost: 0.0012
 69/177 [==========>...................] - ETA: 6s - batch_cost: 0.0568 - reader cost: 0.0012
 70/177 [==========>...................] - ETA: 6s - batch_cost: 0.0568 - reader cost: 0.0011
 71/177 [===========>..................] - ETA: 6s - batch_cost: 0.0568 - reader cost: 0.0011
 72/177 [===========>..................] - ETA: 5s - batch_cost: 0.0568 - reader cost: 0.0011
 73/177 [===========>..................] - ETA: 5s - batch_cost: 0.0568 - reader cost: 0.0011
 74/177 [===========>..................] - ETA: 5s - batch_cost: 0.0568 - reader cost: 0.0011
 75/177 [===========>..................] - ETA: 5s - batch_cost: 0.0568 - reader cost: 0.0011
 76/177 [===========>..................] - ETA: 5s - batch_cost: 0.0568 - reader cost: 0.0011
 77/177 [============>.................] - ETA: 5s - batch_cost: 0.0568 - reader cost: 0.0010
 78/177 [============>.................] - ETA: 5s - batch_cost: 0.0568 - reader cost: 0.0010
 79/177 [============>.................] - ETA: 5s - batch_cost: 0.0568 - reader cost: 0.0010
 80/177 [============>.................] - ETA: 5s - batch_cost: 0.0568 - reader cost: 0.0010
 81/177 [============>.................] - ETA: 5s - batch_cost: 0.0568 - reader cost: 9.9018e-04
 82/177 [============>.................] - ETA: 5s - batch_cost: 0.0568 - reader cost: 9.7810e-04
 83/177 [=============>................] - ETA: 5s - batch_cost: 0.0568 - reader cost: 9.6632e-04
 84/177 [=============>................] - ETA: 5s - batch_cost: 0.0568 - reader cost: 9.5482e-04
 85/177 [=============>................] - ETA: 5s - batch_cost: 0.0568 - reader cost: 9.4358e-04
 86/177 [=============>................] - ETA: 5s - batch_cost: 0.0568 - reader cost: 9.3261e-04
 87/177 [=============>................] - ETA: 5s - batch_cost: 0.0568 - reader cost: 9.2189e-04
 88/177 [=============>................] - ETA: 5s - batch_cost: 0.0568 - reader cost: 9.2279e-04
 89/177 [==============>...............] - ETA: 5s - batch_cost: 0.0568 - reader cost: 9.1242e-04
 90/177 [==============>...............] - ETA: 4s - batch_cost: 0.0568 - reader cost: 9.0228e-04
 91/177 [==============>...............] - ETA: 4s - batch_cost: 0.0568 - reader cost: 8.9236e-04
 92/177 [==============>...............] - ETA: 4s - batch_cost: 0.0568 - reader cost: 8.8266e-04
 93/177 [==============>...............] - ETA: 4s - batch_cost: 0.0567 - reader cost: 8.7317e-04
 94/177 [==============>...............] - ETA: 4s - batch_cost: 0.0568 - reader cost: 8.6388e-04
 95/177 [===============>..............] - ETA: 4s - batch_cost: 0.0567 - reader cost: 8.5479e-04
 96/177 [===============>..............] - ETA: 4s - batch_cost: 0.0568 - reader cost: 8.4589e-04
 97/177 [===============>..............] - ETA: 4s - batch_cost: 0.0567 - reader cost: 8.3717e-04
 98/177 [===============>..............] - ETA: 4s - batch_cost: 0.0567 - reader cost: 8.2862e-04
 99/177 [===============>..............] - ETA: 4s - batch_cost: 0.0567 - reader cost: 8.2025e-04
100/177 [===============>..............] - ETA: 4s - batch_cost: 0.0567 - reader cost: 8.1205e-04
101/177 [================>.............] - ETA: 4s - batch_cost: 0.0567 - reader cost: 8.0401e-04
102/177 [================>.............] - ETA: 4s - batch_cost: 0.0567 - reader cost: 7.9613e-04
103/177 [================>.............] - ETA: 4s - batch_cost: 0.0567 - reader cost: 7.8840e-04
104/177 [================>.............] - ETA: 4s - batch_cost: 0.0567 - reader cost: 7.8082e-04
105/177 [================>.............] - ETA: 4s - batch_cost: 0.0567 - reader cost: 7.7338e-04
106/177 [================>.............] - ETA: 4s - batch_cost: 0.0567 - reader cost: 7.6609e-04
107/177 [=================>............] - ETA: 3s - batch_cost: 0.0567 - reader cost: 7.5893e-04
108/177 [=================>............] - ETA: 3s - batch_cost: 0.0567 - reader cost: 7.5190e-04
109/177 [=================>............] - ETA: 3s - batch_cost: 0.0567 - reader cost: 7.4500e-04
110/177 [=================>............] - ETA: 3s - batch_cost: 0.0567 - reader cost: 7.3823e-04
111/177 [=================>............] - ETA: 3s - batch_cost: 0.0567 - reader cost: 7.3158e-04
112/177 [=================>............] - ETA: 3s - batch_cost: 0.0567 - reader cost: 7.2505e-04
113/177 [==================>...........] - ETA: 3s - batch_cost: 0.0567 - reader cost: 7.1863e-04
114/177 [==================>...........] - ETA: 3s - batch_cost: 0.0567 - reader cost: 7.1233e-04
115/177 [==================>...........] - ETA: 3s - batch_cost: 0.0567 - reader cost: 7.0613e-04
116/177 [==================>...........] - ETA: 3s - batch_cost: 0.0567 - reader cost: 7.0004e-04
117/177 [==================>...........] - ETA: 3s - batch_cost: 0.0567 - reader cost: 6.9406e-04
118/177 [===================>..........] - ETA: 3s - batch_cost: 0.0567 - reader cost: 7.0094e-04
119/177 [===================>..........] - ETA: 3s - batch_cost: 0.0567 - reader cost: 6.9505e-04
120/177 [===================>..........] - ETA: 3s - batch_cost: 0.0567 - reader cost: 6.8926e-04
121/177 [===================>..........] - ETA: 3s - batch_cost: 0.0567 - reader cost: 6.8357e-04
122/177 [===================>..........] - ETA: 3s - batch_cost: 0.0567 - reader cost: 6.7796e-04
123/177 [===================>..........] - ETA: 3s - batch_cost: 0.0567 - reader cost: 6.7245e-04
124/177 [====================>.........] - ETA: 3s - batch_cost: 0.0567 - reader cost: 6.6703e-04
125/177 [====================>.........] - ETA: 2s - batch_cost: 0.0567 - reader cost: 6.6169e-04
126/177 [====================>.........] - ETA: 2s - batch_cost: 0.0567 - reader cost: 6.5644e-04
127/177 [====================>.........] - ETA: 2s - batch_cost: 0.0567 - reader cost: 6.5127e-04
128/177 [====================>.........] - ETA: 2s - batch_cost: 0.0567 - reader cost: 6.4618e-04
129/177 [====================>.........] - ETA: 2s - batch_cost: 0.0567 - reader cost: 6.4117e-04
130/177 [=====================>........] - ETA: 2s - batch_cost: 0.0567 - reader cost: 6.3624e-04
131/177 [=====================>........] - ETA: 2s - batch_cost: 0.0567 - reader cost: 6.3139e-04
132/177 [=====================>........] - ETA: 2s - batch_cost: 0.0567 - reader cost: 6.2660e-04
133/177 [=====================>........] - ETA: 2s - batch_cost: 0.0567 - reader cost: 6.2189e-04
134/177 [=====================>........] - ETA: 2s - batch_cost: 0.0567 - reader cost: 6.1725e-04
135/177 [=====================>........] - ETA: 2s - batch_cost: 0.0567 - reader cost: 6.1268e-04
136/177 [======================>.......] - ETA: 2s - batch_cost: 0.0567 - reader cost: 6.1553e-04
137/177 [======================>.......] - ETA: 2s - batch_cost: 0.0567 - reader cost: 6.1104e-04
138/177 [======================>.......] - ETA: 2s - batch_cost: 0.0567 - reader cost: 6.0661e-04
139/177 [======================>.......] - ETA: 2s - batch_cost: 0.0567 - reader cost: 6.0224e-04
140/177 [======================>.......] - ETA: 2s - batch_cost: 0.0567 - reader cost: 5.9794e-04
141/177 [======================>.......] - ETA: 2s - batch_cost: 0.0567 - reader cost: 5.9875e-04
142/177 [=======================>......] - ETA: 1s - batch_cost: 0.0567 - reader cost: 5.9453e-04
143/177 [=======================>......] - ETA: 1s - batch_cost: 0.0567 - reader cost: 5.9037e-04
144/177 [=======================>......] - ETA: 1s - batch_cost: 0.0567 - reader cost: 5.8627e-04
145/177 [=======================>......] - ETA: 1s - batch_cost: 0.0567 - reader cost: 5.9262e-04
146/177 [=======================>......] - ETA: 1s - batch_cost: 0.0567 - reader cost: 5.8856e-04
147/177 [=======================>......] - ETA: 1s - batch_cost: 0.0567 - reader cost: 5.8456e-04
148/177 [========================>.....] - ETA: 1s - batch_cost: 0.0567 - reader cost: 5.8061e-04
149/177 [========================>.....] - ETA: 1s - batch_cost: 0.0567 - reader cost: 5.7671e-04
150/177 [========================>.....] - ETA: 1s - batch_cost: 0.0567 - reader cost: 5.7287e-04
151/177 [========================>.....] - ETA: 1s - batch_cost: 0.0567 - reader cost: 5.6907e-04
152/177 [========================>.....] - ETA: 1s - batch_cost: 0.0567 - reader cost: 5.6533e-04
153/177 [========================>.....] - ETA: 1s - batch_cost: 0.0567 - reader cost: 5.6163e-04
154/177 [=========================>....] - ETA: 1s - batch_cost: 0.0567 - reader cost: 5.5799e-04
155/177 [=========================>....] - ETA: 1s - batch_cost: 0.0567 - reader cost: 5.5439e-04
156/177 [=========================>....] - ETA: 1s - batch_cost: 0.0567 - reader cost: 5.5083e-04
157/177 [=========================>....] - ETA: 1s - batch_cost: 0.0567 - reader cost: 5.4732e-04
158/177 [=========================>....] - ETA: 1s - batch_cost: 0.0567 - reader cost: 5.4386e-04
159/177 [=========================>....] - ETA: 1s - batch_cost: 0.0567 - reader cost: 5.4044e-04
160/177 [==========================>...] - ETA: 0s - batch_cost: 0.0568 - reader cost: 5.3706e-04
161/177 [==========================>...] - ETA: 0s - batch_cost: 0.0567 - reader cost: 5.3373e-04
162/177 [==========================>...] - ETA: 0s - batch_cost: 0.0567 - reader cost: 5.3043e-04
163/177 [==========================>...] - ETA: 0s - batch_cost: 0.0567 - reader cost: 5.2718e-04
164/177 [==========================>...] - ETA: 0s - batch_cost: 0.0567 - reader cost: 5.2396e-04
165/177 [==========================>...] - ETA: 0s - batch_cost: 0.0567 - reader cost: 5.2079e-04
166/177 [===========================>..] - ETA: 0s - batch_cost: 0.0567 - reader cost: 5.1765e-04
167/177 [===========================>..] - ETA: 0s - batch_cost: 0.0567 - reader cost: 5.1455e-04
168/177 [===========================>..] - ETA: 0s - batch_cost: 0.0567 - reader cost: 5.1149e-04
169/177 [===========================>..] - ETA: 0s - batch_cost: 0.0567 - reader cost: 5.0846e-04
170/177 [===========================>..] - ETA: 0s - batch_cost: 0.0567 - reader cost: 5.0547e-04
171/177 [===========================>..] - ETA: 0s - batch_cost: 0.0567 - reader cost: 5.0251e-04
172/177 [============================>.] - ETA: 0s - batch_cost: 0.0568 - reader cost: 4.9959e-04
173/177 [============================>.] - ETA: 0s - batch_cost: 0.0567 - reader cost: 4.9670e-04
174/177 [============================>.] - ETA: 0s - batch_cost: 0.0567 - reader cost: 4.9385e-04
175/177 [============================>.] - ETA: 0s - batch_cost: 0.0567 - reader cost: 4.9103e-04
176/177 [============================>.] - ETA: 0s - batch_cost: 0.0567 - reader cost: 4.8824e-04
177/177 [==============================] - 10s 57ms/step - batch_cost: 0.0567 - reader cost: 4.8548e-04

  1/177 [..............................] - ETA: 7s - batch_cost: 0.0441 - reader cost: 0.0320
  2/177 [..............................] - ETA: 9s - batch_cost: 0.0511 - reader cost: 0.0244
  3/177 [..............................] - ETA: 9s - batch_cost: 0.0539 - reader cost: 0.0162
  4/177 [..............................] - ETA: 9s - batch_cost: 0.0552 - reader cost: 0.0122
  5/177 [..............................] - ETA: 9s - batch_cost: 0.0558 - reader cost: 0.0097
  6/177 [>.............................] - ETA: 9s - batch_cost: 0.0564 - reader cost: 0.0081
  7/177 [>.............................] - ETA: 9s - batch_cost: 0.0563 - reader cost: 0.0070
  8/177 [>.............................] - ETA: 9s - batch_cost: 0.0564 - reader cost: 0.0061
  9/177 [>.............................] - ETA: 9s - batch_cost: 0.0564 - reader cost: 0.0054
 10/177 [>.............................] - ETA: 9s - batch_cost: 0.0564 - reader cost: 0.0049
 11/177 [>.............................] - ETA: 9s - batch_cost: 0.0563 - reader cost: 0.0044
 12/177 [=>............................] - ETA: 9s - batch_cost: 0.0563 - reader cost: 0.0041
 13/177 [=>............................] - ETA: 9s - batch_cost: 0.0563 - reader cost: 0.0037
 14/177 [=>............................] - ETA: 9s - batch_cost: 0.0563 - reader cost: 0.0035
 15/177 [=>............................] - ETA: 9s - batch_cost: 0.0562 - reader cost: 0.0032
 16/177 [=>............................] - ETA: 9s - batch_cost: 0.0563 - reader cost: 0.0030
 17/177 [=>............................] - ETA: 9s - batch_cost: 0.0564 - reader cost: 0.0029
 18/177 [==>...........................] - ETA: 9s - batch_cost: 0.0564 - reader cost: 0.0027
 19/177 [==>...........................] - ETA: 8s - batch_cost: 0.0564 - reader cost: 0.0026
 20/177 [==>...........................] - ETA: 8s - batch_cost: 0.0564 - reader cost: 0.0024
 21/177 [==>...........................] - ETA: 8s - batch_cost: 0.0565 - reader cost: 0.0023
 22/177 [==>...........................] - ETA: 8s - batch_cost: 0.0566 - reader cost: 0.0022
 23/177 [==>...........................] - ETA: 8s - batch_cost: 0.0566 - reader cost: 0.0021
 24/177 [===>..........................] - ETA: 8s - batch_cost: 0.0565 - reader cost: 0.0021
 25/177 [===>..........................] - ETA: 8s - batch_cost: 0.0566 - reader cost: 0.0020
 26/177 [===>..........................] - ETA: 8s - batch_cost: 0.0566 - reader cost: 0.0019
 27/177 [===>..........................] - ETA: 8s - batch_cost: 0.0566 - reader cost: 0.0018
 28/177 [===>..........................] - ETA: 8s - batch_cost: 0.0565 - reader cost: 0.0018
 29/177 [===>..........................] - ETA: 8s - batch_cost: 0.0566 - reader cost: 0.0017
 30/177 [====>.........................] - ETA: 8s - batch_cost: 0.0566 - reader cost: 0.0017
 31/177 [====>.........................] - ETA: 8s - batch_cost: 0.0566 - reader cost: 0.0016
 32/177 [====>.........................] - ETA: 8s - batch_cost: 0.0566 - reader cost: 0.0016
 33/177 [====>.........................] - ETA: 8s - batch_cost: 0.0566 - reader cost: 0.0015
 34/177 [====>.........................] - ETA: 8s - batch_cost: 0.0566 - reader cost: 0.0015
 35/177 [====>.........................] - ETA: 8s - batch_cost: 0.0566 - reader cost: 0.0014
 36/177 [=====>........................] - ETA: 8s - batch_cost: 0.0566 - reader cost: 0.0014
 37/177 [=====>........................] - ETA: 7s - batch_cost: 0.0566 - reader cost: 0.0014
 38/177 [=====>........................] - ETA: 7s - batch_cost: 0.0566 - reader cost: 0.0014
 39/177 [=====>........................] - ETA: 7s - batch_cost: 0.0566 - reader cost: 0.0013
 40/177 [=====>........................] - ETA: 7s - batch_cost: 0.0566 - reader cost: 0.0013
 41/177 [=====>........................] - ETA: 7s - batch_cost: 0.0566 - reader cost: 0.0013
 42/177 [======>.......................] - ETA: 7s - batch_cost: 0.0566 - reader cost: 0.0012
 43/177 [======>.......................] - ETA: 7s - batch_cost: 0.0566 - reader cost: 0.0012
 44/177 [======>.......................] - ETA: 7s - batch_cost: 0.0566 - reader cost: 0.0012
 45/177 [======>.......................] - ETA: 7s - batch_cost: 0.0566 - reader cost: 0.0012
 46/177 [======>.......................] - ETA: 7s - batch_cost: 0.0566 - reader cost: 0.0011
 47/177 [======>.......................] - ETA: 7s - batch_cost: 0.0566 - reader cost: 0.0011
 48/177 [=======>......................] - ETA: 7s - batch_cost: 0.0566 - reader cost: 0.0011
 49/177 [=======>......................] - ETA: 7s - batch_cost: 0.0566 - reader cost: 0.0011
 50/177 [=======>......................] - ETA: 7s - batch_cost: 0.0566 - reader cost: 0.0010
 51/177 [=======>......................] - ETA: 7s - batch_cost: 0.0566 - reader cost: 0.0010
 52/177 [=======>......................] - ETA: 7s - batch_cost: 0.0567 - reader cost: 0.0010
 53/177 [=======>......................] - ETA: 7s - batch_cost: 0.0566 - reader cost: 9.8590e-04
 54/177 [========>.....................] - ETA: 6s - batch_cost: 0.0567 - reader cost: 9.6764e-04
 55/177 [========>.....................] - ETA: 6s - batch_cost: 0.0567 - reader cost: 9.5005e-04
 56/177 [========>.....................] - ETA: 6s - batch_cost: 0.0567 - reader cost: 9.3309e-04
 57/177 [========>.....................] - ETA: 6s - batch_cost: 0.0567 - reader cost: 9.1672e-04
 58/177 [========>.....................] - ETA: 6s - batch_cost: 0.0566 - reader cost: 9.0091e-04
 59/177 [=========>....................] - ETA: 6s - batch_cost: 0.0567 - reader cost: 8.8564e-04
 60/177 [=========>....................] - ETA: 6s - batch_cost: 0.0567 - reader cost: 8.7088e-04
 61/177 [=========>....................] - ETA: 6s - batch_cost: 0.0567 - reader cost: 8.5660e-04
 62/177 [=========>....................] - ETA: 6s - batch_cost: 0.0566 - reader cost: 8.4279e-04
 63/177 [=========>....................] - ETA: 6s - batch_cost: 0.0566 - reader cost: 8.2941e-04
 64/177 [=========>....................] - ETA: 6s - batch_cost: 0.0566 - reader cost: 8.1645e-04
 65/177 [==========>...................] - ETA: 6s - batch_cost: 0.0566 - reader cost: 8.0389e-04
 66/177 [==========>...................] - ETA: 6s - batch_cost: 0.0567 - reader cost: 7.9171e-04
 67/177 [==========>...................] - ETA: 6s - batch_cost: 0.0567 - reader cost: 7.7989e-04
 68/177 [==========>...................] - ETA: 6s - batch_cost: 0.0566 - reader cost: 7.6842e-04
 69/177 [==========>...................] - ETA: 6s - batch_cost: 0.0567 - reader cost: 7.5729e-04
 70/177 [==========>...................] - ETA: 6s - batch_cost: 0.0567 - reader cost: 7.4647e-04
 71/177 [===========>..................] - ETA: 6s - batch_cost: 0.0567 - reader cost: 7.3595e-04
 72/177 [===========>..................] - ETA: 5s - batch_cost: 0.0567 - reader cost: 7.2573e-04
 73/177 [===========>..................] - ETA: 5s - batch_cost: 0.0567 - reader cost: 7.1579e-04
 74/177 [===========>..................] - ETA: 5s - batch_cost: 0.0567 - reader cost: 7.0612e-04
 75/177 [===========>..................] - ETA: 5s - batch_cost: 0.0567 - reader cost: 6.9670e-04
 76/177 [===========>..................] - ETA: 5s - batch_cost: 0.0567 - reader cost: 6.8754e-04
 77/177 [============>.................] - ETA: 5s - batch_cost: 0.0567 - reader cost: 6.7861e-04
 78/177 [============>.................] - ETA: 5s - batch_cost: 0.0567 - reader cost: 6.6991e-04
 79/177 [============>.................] - ETA: 5s - batch_cost: 0.0567 - reader cost: 6.6143e-04
 80/177 [============>.................] - ETA: 5s - batch_cost: 0.0567 - reader cost: 6.5316e-04
 81/177 [============>.................] - ETA: 5s - batch_cost: 0.0567 - reader cost: 6.4510e-04
 82/177 [============>.................] - ETA: 5s - batch_cost: 0.0567 - reader cost: 6.3723e-04
 83/177 [=============>................] - ETA: 5s - batch_cost: 0.0567 - reader cost: 6.2955e-04
 84/177 [=============>................] - ETA: 5s - batch_cost: 0.0567 - reader cost: 6.2206e-04
 85/177 [=============>................] - ETA: 5s - batch_cost: 0.0567 - reader cost: 6.1474e-04
 86/177 [=============>................] - ETA: 5s - batch_cost: 0.0567 - reader cost: 6.0759e-04
 87/177 [=============>................] - ETA: 5s - batch_cost: 0.0567 - reader cost: 6.0061e-04
 88/177 [=============>................] - ETA: 5s - batch_cost: 0.0567 - reader cost: 5.9951e-04
 89/177 [==============>...............] - ETA: 5s - batch_cost: 0.0567 - reader cost: 5.9278e-04
 90/177 [==============>...............] - ETA: 4s - batch_cost: 0.0567 - reader cost: 5.8619e-04
 91/177 [==============>...............] - ETA: 4s - batch_cost: 0.0567 - reader cost: 5.7975e-04
 92/177 [==============>...............] - ETA: 4s - batch_cost: 0.0567 - reader cost: 5.7345e-04
 93/177 [==============>...............] - ETA: 4s - batch_cost: 0.0567 - reader cost: 5.6728e-04
 94/177 [==============>...............] - ETA: 4s - batch_cost: 0.0567 - reader cost: 5.6125e-04
 95/177 [===============>..............] - ETA: 4s - batch_cost: 0.0567 - reader cost: 5.5534e-04
 96/177 [===============>..............] - ETA: 4s - batch_cost: 0.0567 - reader cost: 5.4955e-04
 97/177 [===============>..............] - ETA: 4s - batch_cost: 0.0567 - reader cost: 5.4389e-04
 98/177 [===============>..............] - ETA: 4s - batch_cost: 0.0567 - reader cost: 5.3834e-04
 99/177 [===============>..............] - ETA: 4s - batch_cost: 0.0567 - reader cost: 5.3290e-04
100/177 [===============>..............] - ETA: 4s - batch_cost: 0.0567 - reader cost: 5.2757e-04
101/177 [================>.............] - ETA: 4s - batch_cost: 0.0567 - reader cost: 5.2235e-04
102/177 [================>.............] - ETA: 4s - batch_cost: 0.0567 - reader cost: 5.1723e-04
103/177 [================>.............] - ETA: 4s - batch_cost: 0.0567 - reader cost: 5.1221e-04
104/177 [================>.............] - ETA: 4s - batch_cost: 0.0567 - reader cost: 5.0728e-04
105/177 [================>.............] - ETA: 4s - batch_cost: 0.0567 - reader cost: 5.0245e-04
106/177 [================>.............] - ETA: 4s - batch_cost: 0.0567 - reader cost: 4.9771e-04
107/177 [=================>............] - ETA: 3s - batch_cost: 0.0567 - reader cost: 4.9306e-04
108/177 [=================>............] - ETA: 3s - batch_cost: 0.0567 - reader cost: 4.8849e-04
109/177 [=================>............] - ETA: 3s - batch_cost: 0.0567 - reader cost: 4.8401e-04
110/177 [=================>............] - ETA: 3s - batch_cost: 0.0567 - reader cost: 4.7961e-04
111/177 [=================>............] - ETA: 3s - batch_cost: 0.0567 - reader cost: 4.7529e-04
112/177 [=================>............] - ETA: 3s - batch_cost: 0.0567 - reader cost: 4.7105e-04
113/177 [==================>...........] - ETA: 3s - batch_cost: 0.0567 - reader cost: 4.6688e-04
114/177 [==================>...........] - ETA: 3s - batch_cost: 0.0567 - reader cost: 4.6278e-04
115/177 [==================>...........] - ETA: 3s - batch_cost: 0.0567 - reader cost: 4.5876e-04
116/177 [==================>...........] - ETA: 3s - batch_cost: 0.0567 - reader cost: 4.5480e-04
117/177 [==================>...........] - ETA: 3s - batch_cost: 0.0567 - reader cost: 4.5092e-04
118/177 [===================>..........] - ETA: 3s - batch_cost: 0.0567 - reader cost: 4.4710e-04
119/177 [===================>..........] - ETA: 3s - batch_cost: 0.0567 - reader cost: 4.4334e-04
120/177 [===================>..........] - ETA: 3s - batch_cost: 0.0567 - reader cost: 4.3964e-04
121/177 [===================>..........] - ETA: 3s - batch_cost: 0.0567 - reader cost: 4.3601e-04
122/177 [===================>..........] - ETA: 3s - batch_cost: 0.0567 - reader cost: 4.3244e-04
123/177 [===================>..........] - ETA: 3s - batch_cost: 0.0567 - reader cost: 4.2892e-04
124/177 [====================>.........] - ETA: 3s - batch_cost: 0.0567 - reader cost: 4.2546e-04
125/177 [====================>.........] - ETA: 2s - batch_cost: 0.0567 - reader cost: 4.2206e-04
126/177 [====================>.........] - ETA: 2s - batch_cost: 0.0567 - reader cost: 4.1871e-04
127/177 [====================>.........] - ETA: 2s - batch_cost: 0.0567 - reader cost: 4.1541e-04
128/177 [====================>.........] - ETA: 2s - batch_cost: 0.0567 - reader cost: 4.1217e-04
129/177 [====================>.........] - ETA: 2s - batch_cost: 0.0567 - reader cost: 4.0897e-04
130/177 [=====================>........] - ETA: 2s - batch_cost: 0.0567 - reader cost: 4.0583e-04
131/177 [=====================>........] - ETA: 2s - batch_cost: 0.0567 - reader cost: 4.0273e-04
132/177 [=====================>........] - ETA: 2s - batch_cost: 0.0567 - reader cost: 3.9968e-04
133/177 [=====================>........] - ETA: 2s - batch_cost: 0.0567 - reader cost: 3.9667e-04
134/177 [=====================>........] - ETA: 2s - batch_cost: 0.0567 - reader cost: 4.0117e-04
135/177 [=====================>........] - ETA: 2s - batch_cost: 0.0567 - reader cost: 3.9820e-04
136/177 [======================>.......] - ETA: 2s - batch_cost: 0.0567 - reader cost: 3.9527e-04
137/177 [======================>.......] - ETA: 2s - batch_cost: 0.0567 - reader cost: 3.9239e-04
138/177 [======================>.......] - ETA: 2s - batch_cost: 0.0567 - reader cost: 3.8954e-04
139/177 [======================>.......] - ETA: 2s - batch_cost: 0.0567 - reader cost: 3.8674e-04
140/177 [======================>.......] - ETA: 2s - batch_cost: 0.0567 - reader cost: 3.8398e-04
141/177 [======================>.......] - ETA: 2s - batch_cost: 0.0567 - reader cost: 3.8125e-04
142/177 [=======================>......] - ETA: 1s - batch_cost: 0.0567 - reader cost: 3.7857e-04
143/177 [=======================>......] - ETA: 1s - batch_cost: 0.0567 - reader cost: 3.7592e-04
144/177 [=======================>......] - ETA: 1s - batch_cost: 0.0567 - reader cost: 3.7331e-04
145/177 [=======================>......] - ETA: 1s - batch_cost: 0.0567 - reader cost: 3.7074e-04
146/177 [=======================>......] - ETA: 1s - batch_cost: 0.0567 - reader cost: 3.6820e-04
147/177 [=======================>......] - ETA: 1s - batch_cost: 0.0567 - reader cost: 3.6569e-04
148/177 [========================>.....] - ETA: 1s - batch_cost: 0.0567 - reader cost: 3.6322e-04
149/177 [========================>.....] - ETA: 1s - batch_cost: 0.0568 - reader cost: 3.6078e-04
150/177 [========================>.....] - ETA: 1s - batch_cost: 0.0568 - reader cost: 3.5838e-04
151/177 [========================>.....] - ETA: 1s - batch_cost: 0.0568 - reader cost: 3.5601e-04
152/177 [========================>.....] - ETA: 1s - batch_cost: 0.0568 - reader cost: 3.5366e-04
153/177 [========================>.....] - ETA: 1s - batch_cost: 0.0568 - reader cost: 3.5135e-04
154/177 [=========================>....] - ETA: 1s - batch_cost: 0.0568 - reader cost: 3.4907e-04
155/177 [=========================>....] - ETA: 1s - batch_cost: 0.0568 - reader cost: 3.4682e-04
156/177 [=========================>....] - ETA: 1s - batch_cost: 0.0568 - reader cost: 3.4460e-04
157/177 [=========================>....] - ETA: 1s - batch_cost: 0.0568 - reader cost: 3.4240e-04
158/177 [=========================>....] - ETA: 1s - batch_cost: 0.0568 - reader cost: 3.4023e-04
159/177 [=========================>....] - ETA: 1s - batch_cost: 0.0568 - reader cost: 3.3809e-04
160/177 [==========================>...] - ETA: 0s - batch_cost: 0.0568 - reader cost: 3.3598e-04
161/177 [==========================>...] - ETA: 0s - batch_cost: 0.0568 - reader cost: 3.3389e-04
162/177 [==========================>...] - ETA: 0s - batch_cost: 0.0568 - reader cost: 3.3183e-04
163/177 [==========================>...] - ETA: 0s - batch_cost: 0.0568 - reader cost: 3.2980e-04
164/177 [==========================>...] - ETA: 0s - batch_cost: 0.0568 - reader cost: 3.2779e-04
165/177 [==========================>...] - ETA: 0s - batch_cost: 0.0568 - reader cost: 3.2580e-04
166/177 [===========================>..] - ETA: 0s - batch_cost: 0.0568 - reader cost: 3.2384e-04
167/177 [===========================>..] - ETA: 0s - batch_cost: 0.0568 - reader cost: 3.2190e-04
168/177 [===========================>..] - ETA: 0s - batch_cost: 0.0568 - reader cost: 3.1998e-04
169/177 [===========================>..] - ETA: 0s - batch_cost: 0.0569 - reader cost: 3.1809e-04
170/177 [===========================>..] - ETA: 0s - batch_cost: 0.0569 - reader cost: 3.1622e-04
171/177 [===========================>..] - ETA: 0s - batch_cost: 0.0569 - reader cost: 3.1437e-04
172/177 [============================>.] - ETA: 0s - batch_cost: 0.0570 - reader cost: 3.1254e-04
174/177 [============================>.] - ETA: 0s - batch_cost: 0.0570 - reader cost: 3.0895e-04
175/177 [============================>.] - ETA: 0s - batch_cost: 0.0570 - reader cost: 3.0718e-04
177/177 [==============================] - 10s 57ms/step - batch_cost: 0.0570 - reader cost: 3.0371e-04

  1/177 [..............................] - ETA: 13s - batch_cost: 0.0756 - reader cost: 0.0431
  3/177 [..............................] - ETA: 10s - batch_cost: 0.0600 - reader cost: 0.0169
  4/177 [..............................] - ETA: 10s - batch_cost: 0.0607 - reader cost: 0.0127
  5/177 [..............................] - ETA: 10s - batch_cost: 0.0590 - reader cost: 0.0101
  6/177 [>.............................] - ETA: 10s - batch_cost: 0.0605 - reader cost: 0.0085
  7/177 [>.............................] - ETA: 10s - batch_cost: 0.0596 - reader cost: 0.0072
  8/177 [>.............................] - ETA: 10s - batch_cost: 0.0605 - reader cost: 0.0063
 10/177 [>.............................] - ETA: 9s - batch_cost: 0.0587 - reader cost: 0.0051 
 11/177 [>.............................] - ETA: 9s - batch_cost: 0.0585 - reader cost: 0.0046
 12/177 [=>............................] - ETA: 9s - batch_cost: 0.0584 - reader cost: 0.0042
 13/177 [=>............................] - ETA: 9s - batch_cost: 0.0585 - reader cost: 0.0039
 14/177 [=>............................] - ETA: 9s - batch_cost: 0.0583 - reader cost: 0.0036
 15/177 [=>............................] - ETA: 9s - batch_cost: 0.0583 - reader cost: 0.0034
 16/177 [=>............................] - ETA: 9s - batch_cost: 0.0581 - reader cost: 0.0032
 17/177 [=>............................] - ETA: 9s - batch_cost: 0.0580 - reader cost: 0.0030
 18/177 [==>...........................] - ETA: 9s - batch_cost: 0.0579 - reader cost: 0.0029
 19/177 [==>...........................] - ETA: 9s - batch_cost: 0.0579 - reader cost: 0.0027
 20/177 [==>...........................] - ETA: 9s - batch_cost: 0.0578 - reader cost: 0.0026
 21/177 [==>...........................] - ETA: 9s - batch_cost: 0.0578 - reader cost: 0.0025
 22/177 [==>...........................] - ETA: 8s - batch_cost: 0.0578 - reader cost: 0.0024
 23/177 [==>...........................] - ETA: 8s - batch_cost: 0.0577 - reader cost: 0.0022
 24/177 [===>..........................] - ETA: 8s - batch_cost: 0.0577 - reader cost: 0.0022
 25/177 [===>..........................] - ETA: 8s - batch_cost: 0.0576 - reader cost: 0.0021
 26/177 [===>..........................] - ETA: 8s - batch_cost: 0.0576 - reader cost: 0.0020
 27/177 [===>..........................] - ETA: 8s - batch_cost: 0.0576 - reader cost: 0.0019
 28/177 [===>..........................] - ETA: 8s - batch_cost: 0.0576 - reader cost: 0.0018
 29/177 [===>..........................] - ETA: 8s - batch_cost: 0.0575 - reader cost: 0.0018
 30/177 [====>.........................] - ETA: 8s - batch_cost: 0.0575 - reader cost: 0.0017
 31/177 [====>.........................] - ETA: 8s - batch_cost: 0.0575 - reader cost: 0.0017
 32/177 [====>.........................] - ETA: 8s - batch_cost: 0.0575 - reader cost: 0.0016
 33/177 [====>.........................] - ETA: 8s - batch_cost: 0.0574 - reader cost: 0.0016
 34/177 [====>.........................] - ETA: 8s - batch_cost: 0.0574 - reader cost: 0.0015
 35/177 [====>.........................] - ETA: 8s - batch_cost: 0.0574 - reader cost: 0.0015
 36/177 [=====>........................] - ETA: 8s - batch_cost: 0.0574 - reader cost: 0.0014
 37/177 [=====>........................] - ETA: 8s - batch_cost: 0.0574 - reader cost: 0.0014
 38/177 [=====>........................] - ETA: 7s - batch_cost: 0.0573 - reader cost: 0.0014
 39/177 [=====>........................] - ETA: 7s - batch_cost: 0.0573 - reader cost: 0.0013
 40/177 [=====>........................] - ETA: 7s - batch_cost: 0.0573 - reader cost: 0.0013
 41/177 [=====>........................] - ETA: 7s - batch_cost: 0.0573 - reader cost: 0.0013
 42/177 [======>.......................] - ETA: 7s - batch_cost: 0.0573 - reader cost: 0.0012
 43/177 [======>.......................] - ETA: 7s - batch_cost: 0.0573 - reader cost: 0.0012
 44/177 [======>.......................] - ETA: 7s - batch_cost: 0.0573 - reader cost: 0.0012
 45/177 [======>.......................] - ETA: 7s - batch_cost: 0.0573 - reader cost: 0.0011
 46/177 [======>.......................] - ETA: 7s - batch_cost: 0.0573 - reader cost: 0.0011
 47/177 [======>.......................] - ETA: 7s - batch_cost: 0.0573 - reader cost: 0.0011
 48/177 [=======>......................] - ETA: 7s - batch_cost: 0.0573 - reader cost: 0.0011
 49/177 [=======>......................] - ETA: 7s - batch_cost: 0.0573 - reader cost: 0.0011
 50/177 [=======>......................] - ETA: 7s - batch_cost: 0.0572 - reader cost: 0.0010
 51/177 [=======>......................] - ETA: 7s - batch_cost: 0.0572 - reader cost: 0.0010
 52/177 [=======>......................] - ETA: 7s - batch_cost: 0.0573 - reader cost: 9.9515e-04
 53/177 [=======>......................] - ETA: 7s - batch_cost: 0.0573 - reader cost: 9.7637e-04
 54/177 [========>.....................] - ETA: 7s - batch_cost: 0.0572 - reader cost: 9.5829e-04
 55/177 [========>.....................] - ETA: 6s - batch_cost: 0.0573 - reader cost: 9.4087e-04
 56/177 [========>.....................] - ETA: 6s - batch_cost: 0.0572 - reader cost: 9.2407e-04
 57/177 [========>.....................] - ETA: 6s - batch_cost: 0.0572 - reader cost: 9.0786e-04
 58/177 [========>.....................] - ETA: 6s - batch_cost: 0.0572 - reader cost: 8.9220e-04
 59/177 [=========>....................] - ETA: 6s - batch_cost: 0.0572 - reader cost: 8.7708e-04
 60/177 [=========>....................] - ETA: 6s - batch_cost: 0.0572 - reader cost: 8.6246e-04
 61/177 [=========>....................] - ETA: 6s - batch_cost: 0.0572 - reader cost: 8.4832e-04
 62/177 [=========>....................] - ETA: 6s - batch_cost: 0.0572 - reader cost: 8.3464e-04
 63/177 [=========>....................] - ETA: 6s - batch_cost: 0.0572 - reader cost: 8.2139e-04
 64/177 [=========>....................] - ETA: 6s - batch_cost: 0.0571 - reader cost: 8.0856e-04
 65/177 [==========>...................] - ETA: 6s - batch_cost: 0.0572 - reader cost: 7.9612e-04
 66/177 [==========>...................] - ETA: 6s - batch_cost: 0.0572 - reader cost: 7.8406e-04
 67/177 [==========>...................] - ETA: 6s - batch_cost: 0.0572 - reader cost: 7.7236e-04
 68/177 [==========>...................] - ETA: 6s - batch_cost: 0.0572 - reader cost: 7.6100e-04
 69/177 [==========>...................] - ETA: 6s - batch_cost: 0.0571 - reader cost: 7.4997e-04
 70/177 [==========>...................] - ETA: 6s - batch_cost: 0.0571 - reader cost: 7.3925e-04
 71/177 [===========>..................] - ETA: 6s - batch_cost: 0.0571 - reader cost: 7.2884e-04
 72/177 [===========>..................] - ETA: 6s - batch_cost: 0.0571 - reader cost: 7.1872e-04
 73/177 [===========>..................] - ETA: 5s - batch_cost: 0.0571 - reader cost: 7.0887e-04
 74/177 [===========>..................] - ETA: 5s - batch_cost: 0.0571 - reader cost: 7.1283e-04
 75/177 [===========>..................] - ETA: 5s - batch_cost: 0.0571 - reader cost: 7.0333e-04
 76/177 [===========>..................] - ETA: 5s - batch_cost: 0.0571 - reader cost: 6.9407e-04
 77/177 [============>.................] - ETA: 5s - batch_cost: 0.0571 - reader cost: 6.8506e-04
 78/177 [============>.................] - ETA: 5s - batch_cost: 0.0571 - reader cost: 6.7628e-04
 79/177 [============>.................] - ETA: 5s - batch_cost: 0.0571 - reader cost: 6.6772e-04
 80/177 [============>.................] - ETA: 5s - batch_cost: 0.0571 - reader cost: 6.5937e-04
 81/177 [============>.................] - ETA: 5s - batch_cost: 0.0571 - reader cost: 6.5123e-04
 82/177 [============>.................] - ETA: 5s - batch_cost: 0.0571 - reader cost: 6.4329e-04
 83/177 [=============>................] - ETA: 5s - batch_cost: 0.0571 - reader cost: 6.3554e-04
 84/177 [=============>................] - ETA: 5s - batch_cost: 0.0571 - reader cost: 6.2797e-04
 85/177 [=============>................] - ETA: 5s - batch_cost: 0.0570 - reader cost: 6.2058e-04
 86/177 [=============>................] - ETA: 5s - batch_cost: 0.0571 - reader cost: 6.1337e-04
 87/177 [=============>................] - ETA: 5s - batch_cost: 0.0570 - reader cost: 6.0632e-04
 88/177 [=============>................] - ETA: 5s - batch_cost: 0.0570 - reader cost: 5.9943e-04
 89/177 [==============>...............] - ETA: 5s - batch_cost: 0.0570 - reader cost: 5.9269e-04
 90/177 [==============>...............] - ETA: 4s - batch_cost: 0.0570 - reader cost: 5.8611e-04
 91/177 [==============>...............] - ETA: 4s - batch_cost: 0.0570 - reader cost: 5.7967e-04
 92/177 [==============>...............] - ETA: 4s - batch_cost: 0.0570 - reader cost: 5.7337e-04
 93/177 [==============>...............] - ETA: 4s - batch_cost: 0.0570 - reader cost: 5.6720e-04
 94/177 [==============>...............] - ETA: 4s - batch_cost: 0.0570 - reader cost: 5.6117e-04
 95/177 [===============>..............] - ETA: 4s - batch_cost: 0.0570 - reader cost: 5.5526e-04
 96/177 [===============>..............] - ETA: 4s - batch_cost: 0.0570 - reader cost: 5.4948e-04
 97/177 [===============>..............] - ETA: 4s - batch_cost: 0.0570 - reader cost: 5.4381e-04
 98/177 [===============>..............] - ETA: 4s - batch_cost: 0.0570 - reader cost: 5.3826e-04
 99/177 [===============>..............] - ETA: 4s - batch_cost: 0.0570 - reader cost: 5.3282e-04
100/177 [===============>..............] - ETA: 4s - batch_cost: 0.0570 - reader cost: 5.2750e-04
101/177 [================>.............] - ETA: 4s - batch_cost: 0.0570 - reader cost: 5.2227e-04
102/177 [================>.............] - ETA: 4s - batch_cost: 0.0570 - reader cost: 5.1715e-04
103/177 [================>.............] - ETA: 4s - batch_cost: 0.0570 - reader cost: 5.1213e-04
104/177 [================>.............] - ETA: 4s - batch_cost: 0.0570 - reader cost: 5.0721e-04
105/177 [================>.............] - ETA: 4s - batch_cost: 0.0570 - reader cost: 5.0238e-04
106/177 [================>.............] - ETA: 4s - batch_cost: 0.0570 - reader cost: 4.9764e-04
107/177 [=================>............] - ETA: 3s - batch_cost: 0.0570 - reader cost: 4.9299e-04
108/177 [=================>............] - ETA: 3s - batch_cost: 0.0570 - reader cost: 4.8842e-04
109/177 [=================>............] - ETA: 3s - batch_cost: 0.0570 - reader cost: 4.8394e-04
110/177 [=================>............] - ETA: 3s - batch_cost: 0.0570 - reader cost: 4.7954e-04
111/177 [=================>............] - ETA: 3s - batch_cost: 0.0570 - reader cost: 4.7522e-04
112/177 [=================>............] - ETA: 3s - batch_cost: 0.0570 - reader cost: 4.7098e-04
113/177 [==================>...........] - ETA: 3s - batch_cost: 0.0570 - reader cost: 4.6681e-04
114/177 [==================>...........] - ETA: 3s - batch_cost: 0.0570 - reader cost: 4.6272e-04
115/177 [==================>...........] - ETA: 3s - batch_cost: 0.0570 - reader cost: 4.5869e-04
116/177 [==================>...........] - ETA: 3s - batch_cost: 0.0570 - reader cost: 4.5474e-04
117/177 [==================>...........] - ETA: 3s - batch_cost: 0.0570 - reader cost: 4.5085e-04
118/177 [===================>..........] - ETA: 3s - batch_cost: 0.0570 - reader cost: 4.4703e-04
119/177 [===================>..........] - ETA: 3s - batch_cost: 0.0570 - reader cost: 4.4327e-04
120/177 [===================>..........] - ETA: 3s - batch_cost: 0.0570 - reader cost: 4.3958e-04
121/177 [===================>..........] - ETA: 3s - batch_cost: 0.0569 - reader cost: 4.3595e-04
122/177 [===================>..........] - ETA: 3s - batch_cost: 0.0569 - reader cost: 4.3237e-04
123/177 [===================>..........] - ETA: 3s - batch_cost: 0.0569 - reader cost: 4.2886e-04
124/177 [====================>.........] - ETA: 3s - batch_cost: 0.0569 - reader cost: 4.2540e-04
125/177 [====================>.........] - ETA: 2s - batch_cost: 0.0569 - reader cost: 4.2200e-04
126/177 [====================>.........] - ETA: 2s - batch_cost: 0.0569 - reader cost: 4.1865e-04
127/177 [====================>.........] - ETA: 2s - batch_cost: 0.0569 - reader cost: 4.1535e-04
128/177 [====================>.........] - ETA: 2s - batch_cost: 0.0569 - reader cost: 4.1211e-04
129/177 [====================>.........] - ETA: 2s - batch_cost: 0.0569 - reader cost: 4.1666e-04
130/177 [=====================>........] - ETA: 2s - batch_cost: 0.0569 - reader cost: 4.1346e-04
131/177 [=====================>........] - ETA: 2s - batch_cost: 0.0569 - reader cost: 4.1030e-04
132/177 [=====================>........] - ETA: 2s - batch_cost: 0.0569 - reader cost: 4.0719e-04
133/177 [=====================>........] - ETA: 2s - batch_cost: 0.0569 - reader cost: 4.0413e-04
134/177 [=====================>........] - ETA: 2s - batch_cost: 0.0569 - reader cost: 4.0112e-04
135/177 [=====================>........] - ETA: 2s - batch_cost: 0.0569 - reader cost: 3.9814e-04
136/177 [======================>.......] - ETA: 2s - batch_cost: 0.0569 - reader cost: 3.9522e-04
137/177 [======================>.......] - ETA: 2s - batch_cost: 0.0569 - reader cost: 3.9233e-04
138/177 [======================>.......] - ETA: 2s - batch_cost: 0.0569 - reader cost: 3.8949e-04
139/177 [======================>.......] - ETA: 2s - batch_cost: 0.0569 - reader cost: 3.8669e-04
140/177 [======================>.......] - ETA: 2s - batch_cost: 0.0569 - reader cost: 3.8393e-04
141/177 [======================>.......] - ETA: 2s - batch_cost: 0.0569 - reader cost: 3.8120e-04
142/177 [=======================>......] - ETA: 1s - batch_cost: 0.0569 - reader cost: 3.7852e-04
143/177 [=======================>......] - ETA: 1s - batch_cost: 0.0569 - reader cost: 3.7587e-04
144/177 [=======================>......] - ETA: 1s - batch_cost: 0.0569 - reader cost: 3.7326e-04
145/177 [=======================>......] - ETA: 1s - batch_cost: 0.0569 - reader cost: 3.7069e-04
146/177 [=======================>......] - ETA: 1s - batch_cost: 0.0569 - reader cost: 3.6815e-04
147/177 [=======================>......] - ETA: 1s - batch_cost: 0.0569 - reader cost: 3.6564e-04
148/177 [========================>.....] - ETA: 1s - batch_cost: 0.0569 - reader cost: 3.6317e-04
149/177 [========================>.....] - ETA: 1s - batch_cost: 0.0569 - reader cost: 3.6074e-04
150/177 [========================>.....] - ETA: 1s - batch_cost: 0.0569 - reader cost: 3.5833e-04
151/177 [========================>.....] - ETA: 1s - batch_cost: 0.0569 - reader cost: 3.5596e-04
152/177 [========================>.....] - ETA: 1s - batch_cost: 0.0569 - reader cost: 3.5362e-04
153/177 [========================>.....] - ETA: 1s - batch_cost: 0.0569 - reader cost: 3.5130e-04
154/177 [=========================>....] - ETA: 1s - batch_cost: 0.0569 - reader cost: 3.4902e-04
155/177 [=========================>....] - ETA: 1s - batch_cost: 0.0569 - reader cost: 3.4677e-04
156/177 [=========================>....] - ETA: 1s - batch_cost: 0.0569 - reader cost: 3.4455e-04
157/177 [=========================>....] - ETA: 1s - batch_cost: 0.0569 - reader cost: 3.4235e-04
158/177 [=========================>....] - ETA: 1s - batch_cost: 0.0569 - reader cost: 3.4019e-04
159/177 [=========================>....] - ETA: 1s - batch_cost: 0.0569 - reader cost: 3.3805e-04
160/177 [==========================>...] - ETA: 0s - batch_cost: 0.0569 - reader cost: 3.3593e-04
161/177 [==========================>...] - ETA: 0s - batch_cost: 0.0569 - reader cost: 3.3385e-04
162/177 [==========================>...] - ETA: 0s - batch_cost: 0.0569 - reader cost: 3.3179e-04
163/177 [==========================>...] - ETA: 0s - batch_cost: 0.0569 - reader cost: 3.2975e-04
164/177 [==========================>...] - ETA: 0s - batch_cost: 0.0569 - reader cost: 3.2774e-04
165/177 [==========================>...] - ETA: 0s - batch_cost: 0.0569 - reader cost: 3.2575e-04
166/177 [===========================>..] - ETA: 0s - batch_cost: 0.0569 - reader cost: 3.2379e-04
167/177 [===========================>..] - ETA: 0s - batch_cost: 0.0569 - reader cost: 3.2185e-04
168/177 [===========================>..] - ETA: 0s - batch_cost: 0.0569 - reader cost: 3.1994e-04
169/177 [===========================>..] - ETA: 0s - batch_cost: 0.0569 - reader cost: 3.1804e-04
170/177 [===========================>..] - ETA: 0s - batch_cost: 0.0569 - reader cost: 3.1617e-04
171/177 [===========================>..] - ETA: 0s - batch_cost: 0.0569 - reader cost: 3.1432e-04
172/177 [============================>.] - ETA: 0s - batch_cost: 0.0569 - reader cost: 3.1250e-04
173/177 [============================>.] - ETA: 0s - batch_cost: 0.0569 - reader cost: 3.1069e-04
174/177 [============================>.] - ETA: 0s - batch_cost: 0.0569 - reader cost: 3.0891e-04
175/177 [============================>.] - ETA: 0s - batch_cost: 0.0569 - reader cost: 3.0714e-04
176/177 [============================>.] - ETA: 0s - batch_cost: 0.0569 - reader cost: 3.0540e-04
177/177 [==============================] - 10s 57ms/step - batch_cost: 0.0569 - reader cost: 3.0367e-04

  1/177 [..............................] - ETA: 7s - batch_cost: 0.0445 - reader cost: 0.0305
  2/177 [..............................] - ETA: 8s - batch_cost: 0.0509 - reader cost: 0.0232
  3/177 [..............................] - ETA: 9s - batch_cost: 0.0530 - reader cost: 0.0155
  4/177 [..............................] - ETA: 9s - batch_cost: 0.0544 - reader cost: 0.0116
  5/177 [..............................] - ETA: 9s - batch_cost: 0.0553 - reader cost: 0.0093
  6/177 [>.............................] - ETA: 9s - batch_cost: 0.0558 - reader cost: 0.0077
  7/177 [>.............................] - ETA: 9s - batch_cost: 0.0558 - reader cost: 0.0066
  8/177 [>.............................] - ETA: 9s - batch_cost: 0.0561 - reader cost: 0.0058
  9/177 [>.............................] - ETA: 9s - batch_cost: 0.0560 - reader cost: 0.0052
 10/177 [>.............................] - ETA: 9s - batch_cost: 0.0562 - reader cost: 0.0046
 11/177 [>.............................] - ETA: 9s - batch_cost: 0.0561 - reader cost: 0.0042
 12/177 [=>............................] - ETA: 9s - batch_cost: 0.0562 - reader cost: 0.0039
 13/177 [=>............................] - ETA: 9s - batch_cost: 0.0562 - reader cost: 0.0036
 14/177 [=>............................] - ETA: 9s - batch_cost: 0.0562 - reader cost: 0.0033
 15/177 [=>............................] - ETA: 9s - batch_cost: 0.0563 - reader cost: 0.0031
 16/177 [=>............................] - ETA: 9s - batch_cost: 0.0563 - reader cost: 0.0029
 17/177 [=>............................] - ETA: 9s - batch_cost: 0.0564 - reader cost: 0.0028
 18/177 [==>...........................] - ETA: 8s - batch_cost: 0.0564 - reader cost: 0.0026
 19/177 [==>...........................] - ETA: 8s - batch_cost: 0.0564 - reader cost: 0.0025
 20/177 [==>...........................] - ETA: 8s - batch_cost: 0.0564 - reader cost: 0.0024
 21/177 [==>...........................] - ETA: 8s - batch_cost: 0.0565 - reader cost: 0.0023
 22/177 [==>...........................] - ETA: 8s - batch_cost: 0.0564 - reader cost: 0.0022
 23/177 [==>...........................] - ETA: 8s - batch_cost: 0.0564 - reader cost: 0.0021
 24/177 [===>..........................] - ETA: 8s - batch_cost: 0.0565 - reader cost: 0.0020
 25/177 [===>..........................] - ETA: 8s - batch_cost: 0.0565 - reader cost: 0.0019
 26/177 [===>..........................] - ETA: 8s - batch_cost: 0.0565 - reader cost: 0.0019
 27/177 [===>..........................] - ETA: 8s - batch_cost: 0.0565 - reader cost: 0.0018
 28/177 [===>..........................] - ETA: 8s - batch_cost: 0.0565 - reader cost: 0.0017
 29/177 [===>..........................] - ETA: 8s - batch_cost: 0.0566 - reader cost: 0.0017
 30/177 [====>.........................] - ETA: 8s - batch_cost: 0.0566 - reader cost: 0.0016
 31/177 [====>.........................] - ETA: 8s - batch_cost: 0.0566 - reader cost: 0.0016
 32/177 [====>.........................] - ETA: 8s - batch_cost: 0.0566 - reader cost: 0.0015
 33/177 [====>.........................] - ETA: 8s - batch_cost: 0.0566 - reader cost: 0.0015
 34/177 [====>.........................] - ETA: 8s - batch_cost: 0.0566 - reader cost: 0.0014
 35/177 [====>.........................] - ETA: 8s - batch_cost: 0.0566 - reader cost: 0.0014
 36/177 [=====>........................] - ETA: 7s - batch_cost: 0.0567 - reader cost: 0.0013
 37/177 [=====>........................] - ETA: 7s - batch_cost: 0.0567 - reader cost: 0.0013
 38/177 [=====>........................] - ETA: 7s - batch_cost: 0.0567 - reader cost: 0.0013
 39/177 [=====>........................] - ETA: 7s - batch_cost: 0.0567 - reader cost: 0.0012
 40/177 [=====>........................] - ETA: 7s - batch_cost: 0.0567 - reader cost: 0.0012
 41/177 [=====>........................] - ETA: 7s - batch_cost: 0.0567 - reader cost: 0.0012
 42/177 [======>.......................] - ETA: 7s - batch_cost: 0.0567 - reader cost: 0.0011
 43/177 [======>.......................] - ETA: 7s - batch_cost: 0.0566 - reader cost: 0.0011
 44/177 [======>.......................] - ETA: 7s - batch_cost: 0.0567 - reader cost: 0.0011
 45/177 [======>.......................] - ETA: 7s - batch_cost: 0.0566 - reader cost: 0.0011
 46/177 [======>.......................] - ETA: 7s - batch_cost: 0.0567 - reader cost: 0.0011
 47/177 [======>.......................] - ETA: 7s - batch_cost: 0.0566 - reader cost: 0.0010
 48/177 [=======>......................] - ETA: 7s - batch_cost: 0.0567 - reader cost: 0.0010
 49/177 [=======>......................] - ETA: 7s - batch_cost: 0.0567 - reader cost: 0.0010
 50/177 [=======>......................] - ETA: 7s - batch_cost: 0.0567 - reader cost: 9.8226e-04
 51/177 [=======>......................] - ETA: 7s - batch_cost: 0.0567 - reader cost: 9.6300e-04
 52/177 [=======>......................] - ETA: 7s - batch_cost: 0.0567 - reader cost: 9.4448e-04
 53/177 [=======>......................] - ETA: 7s - batch_cost: 0.0567 - reader cost: 9.2666e-04
 54/177 [========>.....................] - ETA: 6s - batch_cost: 0.0567 - reader cost: 9.0950e-04
 55/177 [========>.....................] - ETA: 6s - batch_cost: 0.0567 - reader cost: 8.9296e-04
 56/177 [========>.....................] - ETA: 6s - batch_cost: 0.0567 - reader cost: 8.7702e-04
 57/177 [========>.....................] - ETA: 6s - batch_cost: 0.0567 - reader cost: 8.6163e-04
 58/177 [========>.....................] - ETA: 6s - batch_cost: 0.0567 - reader cost: 8.4678e-04
 59/177 [=========>....................] - ETA: 6s - batch_cost: 0.0567 - reader cost: 8.3242e-04
 60/177 [=========>....................] - ETA: 6s - batch_cost: 0.0567 - reader cost: 8.1855e-04
 61/177 [=========>....................] - ETA: 6s - batch_cost: 0.0567 - reader cost: 8.0513e-04
 62/177 [=========>....................] - ETA: 6s - batch_cost: 0.0567 - reader cost: 7.9215e-04
 63/177 [=========>....................] - ETA: 6s - batch_cost: 0.0567 - reader cost: 7.7957e-04
 64/177 [=========>....................] - ETA: 6s - batch_cost: 0.0567 - reader cost: 7.6739e-04
 65/177 [==========>...................] - ETA: 6s - batch_cost: 0.0567 - reader cost: 7.5559e-04
 66/177 [==========>...................] - ETA: 6s - batch_cost: 0.0567 - reader cost: 7.4414e-04
 67/177 [==========>...................] - ETA: 6s - batch_cost: 0.0567 - reader cost: 7.3303e-04
 68/177 [==========>...................] - ETA: 6s - batch_cost: 0.0567 - reader cost: 7.2225e-04
 69/177 [==========>...................] - ETA: 6s - batch_cost: 0.0567 - reader cost: 7.1178e-04
 70/177 [==========>...................] - ETA: 6s - batch_cost: 0.0567 - reader cost: 7.1588e-04
 71/177 [===========>..................] - ETA: 6s - batch_cost: 0.0567 - reader cost: 7.0580e-04
 72/177 [===========>..................] - ETA: 5s - batch_cost: 0.0567 - reader cost: 6.9600e-04
 73/177 [===========>..................] - ETA: 5s - batch_cost: 0.0567 - reader cost: 6.8646e-04
 74/177 [===========>..................] - ETA: 5s - batch_cost: 0.0567 - reader cost: 6.7719e-04
 75/177 [===========>..................] - ETA: 5s - batch_cost: 0.0567 - reader cost: 6.6816e-04
 76/177 [===========>..................] - ETA: 5s - batch_cost: 0.0567 - reader cost: 6.5937e-04
 77/177 [============>.................] - ETA: 5s - batch_cost: 0.0567 - reader cost: 6.5080e-04
 78/177 [============>.................] - ETA: 5s - batch_cost: 0.0567 - reader cost: 6.4246e-04
 79/177 [============>.................] - ETA: 5s - batch_cost: 0.0567 - reader cost: 6.3433e-04
 80/177 [============>.................] - ETA: 5s - batch_cost: 0.0567 - reader cost: 6.2640e-04
 81/177 [============>.................] - ETA: 5s - batch_cost: 0.0567 - reader cost: 6.1866e-04
 82/177 [============>.................] - ETA: 5s - batch_cost: 0.0567 - reader cost: 6.1112e-04
 83/177 [=============>................] - ETA: 5s - batch_cost: 0.0567 - reader cost: 6.0376e-04
 84/177 [=============>................] - ETA: 5s - batch_cost: 0.0567 - reader cost: 5.9657e-04
 85/177 [=============>................] - ETA: 5s - batch_cost: 0.0567 - reader cost: 5.8955e-04
 86/177 [=============>................] - ETA: 5s - batch_cost: 0.0567 - reader cost: 5.8270e-04
 87/177 [=============>................] - ETA: 5s - batch_cost: 0.0567 - reader cost: 5.7600e-04
 88/177 [=============>................] - ETA: 5s - batch_cost: 0.0567 - reader cost: 5.6945e-04
 89/177 [==============>...............] - ETA: 4s - batch_cost: 0.0567 - reader cost: 5.6305e-04
 90/177 [==============>...............] - ETA: 4s - batch_cost: 0.0567 - reader cost: 5.5680e-04
 91/177 [==============>...............] - ETA: 4s - batch_cost: 0.0567 - reader cost: 5.5068e-04
 92/177 [==============>...............] - ETA: 4s - batch_cost: 0.0567 - reader cost: 5.4469e-04
 93/177 [==============>...............] - ETA: 4s - batch_cost: 0.0567 - reader cost: 5.3884e-04
 94/177 [==============>...............] - ETA: 4s - batch_cost: 0.0567 - reader cost: 5.3310e-04
 95/177 [===============>..............] - ETA: 4s - batch_cost: 0.0567 - reader cost: 5.2749e-04
 96/177 [===============>..............] - ETA: 4s - batch_cost: 0.0567 - reader cost: 5.2200e-04
 97/177 [===============>..............] - ETA: 4s - batch_cost: 0.0567 - reader cost: 5.1662e-04
 98/177 [===============>..............] - ETA: 4s - batch_cost: 0.0567 - reader cost: 5.1134e-04
 99/177 [===============>..............] - ETA: 4s - batch_cost: 0.0567 - reader cost: 5.0618e-04
100/177 [===============>..............] - ETA: 4s - batch_cost: 0.0567 - reader cost: 5.0112e-04
101/177 [================>.............] - ETA: 4s - batch_cost: 0.0567 - reader cost: 4.9616e-04
102/177 [================>.............] - ETA: 4s - batch_cost: 0.0567 - reader cost: 4.9129e-04
103/177 [================>.............] - ETA: 4s - batch_cost: 0.0567 - reader cost: 4.8652e-04
104/177 [================>.............] - ETA: 4s - batch_cost: 0.0567 - reader cost: 4.8184e-04
105/177 [================>.............] - ETA: 4s - batch_cost: 0.0567 - reader cost: 4.7725e-04
106/177 [================>.............] - ETA: 4s - batch_cost: 0.0567 - reader cost: 4.7275e-04
107/177 [=================>............] - ETA: 3s - batch_cost: 0.0567 - reader cost: 4.6833e-04
108/177 [=================>............] - ETA: 3s - batch_cost: 0.0567 - reader cost: 4.6400e-04
109/177 [=================>............] - ETA: 3s - batch_cost: 0.0567 - reader cost: 4.5974e-04
110/177 [=================>............] - ETA: 3s - batch_cost: 0.0567 - reader cost: 4.5556e-04
111/177 [=================>............] - ETA: 3s - batch_cost: 0.0567 - reader cost: 4.5146e-04
112/177 [=================>............] - ETA: 3s - batch_cost: 0.0567 - reader cost: 4.5634e-04
113/177 [==================>...........] - ETA: 3s - batch_cost: 0.0568 - reader cost: 4.6116e-04
114/177 [==================>...........] - ETA: 3s - batch_cost: 0.0568 - reader cost: 4.5711e-04
115/177 [==================>...........] - ETA: 3s - batch_cost: 0.0568 - reader cost: 4.5314e-04
116/177 [==================>...........] - ETA: 3s - batch_cost: 0.0568 - reader cost: 4.4923e-04
117/177 [==================>...........] - ETA: 3s - batch_cost: 0.0568 - reader cost: 4.4539e-04
118/177 [===================>..........] - ETA: 3s - batch_cost: 0.0568 - reader cost: 4.4162e-04
119/177 [===================>..........] - ETA: 3s - batch_cost: 0.0568 - reader cost: 4.3791e-04
120/177 [===================>..........] - ETA: 3s - batch_cost: 0.0568 - reader cost: 4.3426e-04
121/177 [===================>..........] - ETA: 3s - batch_cost: 0.0568 - reader cost: 4.3067e-04
122/177 [===================>..........] - ETA: 3s - batch_cost: 0.0568 - reader cost: 4.3533e-04
123/177 [===================>..........] - ETA: 3s - batch_cost: 0.0568 - reader cost: 4.3180e-04
124/177 [====================>.........] - ETA: 3s - batch_cost: 0.0568 - reader cost: 4.2831e-04
125/177 [====================>.........] - ETA: 2s - batch_cost: 0.0568 - reader cost: 4.2489e-04
126/177 [====================>.........] - ETA: 2s - batch_cost: 0.0568 - reader cost: 4.2151e-04
127/177 [====================>.........] - ETA: 2s - batch_cost: 0.0568 - reader cost: 4.1820e-04
128/177 [====================>.........] - ETA: 2s - batch_cost: 0.0568 - reader cost: 4.1493e-04
129/177 [====================>.........] - ETA: 2s - batch_cost: 0.0568 - reader cost: 4.1171e-04
130/177 [=====================>........] - ETA: 2s - batch_cost: 0.0568 - reader cost: 4.0854e-04
131/177 [=====================>........] - ETA: 2s - batch_cost: 0.0568 - reader cost: 4.0543e-04
132/177 [=====================>........] - ETA: 2s - batch_cost: 0.0568 - reader cost: 4.0235e-04
133/177 [=====================>........] - ETA: 2s - batch_cost: 0.0568 - reader cost: 3.9933e-04
134/177 [=====================>........] - ETA: 2s - batch_cost: 0.0568 - reader cost: 3.9635e-04
135/177 [=====================>........] - ETA: 2s - batch_cost: 0.0568 - reader cost: 3.9341e-04
136/177 [======================>.......] - ETA: 2s - batch_cost: 0.0568 - reader cost: 3.9052e-04
137/177 [======================>.......] - ETA: 2s - batch_cost: 0.0568 - reader cost: 3.8767e-04
138/177 [======================>.......] - ETA: 2s - batch_cost: 0.0568 - reader cost: 3.8486e-04
139/177 [======================>.......] - ETA: 2s - batch_cost: 0.0568 - reader cost: 3.8209e-04
140/177 [======================>.......] - ETA: 2s - batch_cost: 0.0568 - reader cost: 3.7936e-04
141/177 [======================>.......] - ETA: 2s - batch_cost: 0.0568 - reader cost: 3.7667e-04
142/177 [=======================>......] - ETA: 1s - batch_cost: 0.0568 - reader cost: 3.7402e-04
143/177 [=======================>......] - ETA: 1s - batch_cost: 0.0568 - reader cost: 3.7495e-04
144/177 [=======================>......] - ETA: 1s - batch_cost: 0.0568 - reader cost: 3.7235e-04
145/177 [=======================>......] - ETA: 1s - batch_cost: 0.0568 - reader cost: 3.6978e-04
146/177 [=======================>......] - ETA: 1s - batch_cost: 0.0568 - reader cost: 3.6724e-04
147/177 [=======================>......] - ETA: 1s - batch_cost: 0.0568 - reader cost: 3.6475e-04
148/177 [========================>.....] - ETA: 1s - batch_cost: 0.0568 - reader cost: 3.6228e-04
149/177 [========================>.....] - ETA: 1s - batch_cost: 0.0568 - reader cost: 3.5985e-04
150/177 [========================>.....] - ETA: 1s - batch_cost: 0.0568 - reader cost: 3.5745e-04
151/177 [========================>.....] - ETA: 1s - batch_cost: 0.0568 - reader cost: 3.5508e-04
152/177 [========================>.....] - ETA: 1s - batch_cost: 0.0568 - reader cost: 3.5275e-04
153/177 [========================>.....] - ETA: 1s - batch_cost: 0.0568 - reader cost: 3.5044e-04
154/177 [=========================>....] - ETA: 1s - batch_cost: 0.0568 - reader cost: 3.4817e-04
155/177 [=========================>....] - ETA: 1s - batch_cost: 0.0568 - reader cost: 3.4592e-04
156/177 [=========================>....] - ETA: 1s - batch_cost: 0.0568 - reader cost: 3.4370e-04
157/177 [=========================>....] - ETA: 1s - batch_cost: 0.0568 - reader cost: 3.4151e-04
158/177 [=========================>....] - ETA: 1s - batch_cost: 0.0568 - reader cost: 3.3935e-04
159/177 [=========================>....] - ETA: 1s - batch_cost: 0.0568 - reader cost: 3.3722e-04
160/177 [==========================>...] - ETA: 0s - batch_cost: 0.0568 - reader cost: 3.3511e-04
161/177 [==========================>...] - ETA: 0s - batch_cost: 0.0568 - reader cost: 3.3924e-04
162/177 [==========================>...] - ETA: 0s - batch_cost: 0.0568 - reader cost: 3.3715e-04
163/177 [==========================>...] - ETA: 0s - batch_cost: 0.0568 - reader cost: 3.3508e-04
164/177 [==========================>...] - ETA: 0s - batch_cost: 0.0568 - reader cost: 3.3304e-04
165/177 [==========================>...] - ETA: 0s - batch_cost: 0.0568 - reader cost: 3.3102e-04
166/177 [===========================>..] - ETA: 0s - batch_cost: 0.0568 - reader cost: 3.2903e-04
167/177 [===========================>..] - ETA: 0s - batch_cost: 0.0568 - reader cost: 3.2706e-04
168/177 [===========================>..] - ETA: 0s - batch_cost: 0.0568 - reader cost: 3.2511e-04
169/177 [===========================>..] - ETA: 0s - batch_cost: 0.0568 - reader cost: 3.2319e-04
170/177 [===========================>..] - ETA: 0s - batch_cost: 0.0568 - reader cost: 3.2128e-04
171/177 [===========================>..] - ETA: 0s - batch_cost: 0.0568 - reader cost: 3.1941e-04
172/177 [============================>.] - ETA: 0s - batch_cost: 0.0568 - reader cost: 3.1755e-04
173/177 [============================>.] - ETA: 0s - batch_cost: 0.0568 - reader cost: 3.1571e-04
174/177 [============================>.] - ETA: 0s - batch_cost: 0.0568 - reader cost: 3.1390e-04
175/177 [============================>.] - ETA: 0s - batch_cost: 0.0568 - reader cost: 3.1210e-04
176/177 [============================>.] - ETA: 0s - batch_cost: 0.0568 - reader cost: 3.1033e-04
177/177 [==============================] - 10s 57ms/step - batch_cost: 0.0568 - reader cost: 3.0858e-04

  1/177 [..............................] - ETA: 16s - batch_cost: 0.0931 - reader cost: 0.0613
  2/177 [..............................] - ETA: 14s - batch_cost: 0.0822 - reader cost: 0.0401
  3/177 [..............................] - ETA: 13s - batch_cost: 0.0744 - reader cost: 0.0267
  4/177 [..............................] - ETA: 12s - batch_cost: 0.0706 - reader cost: 0.0203
  5/177 [..............................] - ETA: 12s - batch_cost: 0.0707 - reader cost: 0.0162
  7/177 [>.............................] - ETA: 11s - batch_cost: 0.0670 - reader cost: 0.0116
  8/177 [>.............................] - ETA: 11s - batch_cost: 0.0652 - reader cost: 0.0101
  9/177 [>.............................] - ETA: 10s - batch_cost: 0.0653 - reader cost: 0.0090
 10/177 [>.............................] - ETA: 10s - batch_cost: 0.0644 - reader cost: 0.0081
 11/177 [>.............................] - ETA: 10s - batch_cost: 0.0640 - reader cost: 0.0074
 12/177 [=>............................] - ETA: 10s - batch_cost: 0.0636 - reader cost: 0.0068
 13/177 [=>............................] - ETA: 10s - batch_cost: 0.0635 - reader cost: 0.0062
 14/177 [=>............................] - ETA: 10s - batch_cost: 0.0629 - reader cost: 0.0058
 15/177 [=>............................] - ETA: 10s - batch_cost: 0.0631 - reader cost: 0.0054
 16/177 [=>............................] - ETA: 10s - batch_cost: 0.0627 - reader cost: 0.0051
 17/177 [=>............................] - ETA: 10s - batch_cost: 0.0630 - reader cost: 0.0048
 18/177 [==>...........................] - ETA: 9s - batch_cost: 0.0626 - reader cost: 0.0045 
 19/177 [==>...........................] - ETA: 9s - batch_cost: 0.0625 - reader cost: 0.0043
 20/177 [==>...........................] - ETA: 9s - batch_cost: 0.0623 - reader cost: 0.0041
 21/177 [==>...........................] - ETA: 9s - batch_cost: 0.0623 - reader cost: 0.0039
 22/177 [==>...........................] - ETA: 9s - batch_cost: 0.0621 - reader cost: 0.0037
 23/177 [==>...........................] - ETA: 9s - batch_cost: 0.0620 - reader cost: 0.0035
 24/177 [===>..........................] - ETA: 9s - batch_cost: 0.0620 - reader cost: 0.0034
 25/177 [===>..........................] - ETA: 9s - batch_cost: 0.0619 - reader cost: 0.0032
 26/177 [===>..........................] - ETA: 9s - batch_cost: 0.0619 - reader cost: 0.0031
 27/177 [===>..........................] - ETA: 9s - batch_cost: 0.0617 - reader cost: 0.0030
 28/177 [===>..........................] - ETA: 9s - batch_cost: 0.0619 - reader cost: 0.0029
 29/177 [===>..........................] - ETA: 9s - batch_cost: 0.0618 - reader cost: 0.0028
 30/177 [====>.........................] - ETA: 9s - batch_cost: 0.0617 - reader cost: 0.0027
 31/177 [====>.........................] - ETA: 8s - batch_cost: 0.0615 - reader cost: 0.0027
 32/177 [====>.........................] - ETA: 8s - batch_cost: 0.0615 - reader cost: 0.0026
 33/177 [====>.........................] - ETA: 8s - batch_cost: 0.0615 - reader cost: 0.0025
 34/177 [====>.........................] - ETA: 8s - batch_cost: 0.0615 - reader cost: 0.0024
 35/177 [====>.........................] - ETA: 8s - batch_cost: 0.0615 - reader cost: 0.0023
 36/177 [=====>........................] - ETA: 8s - batch_cost: 0.0615 - reader cost: 0.0023
 37/177 [=====>........................] - ETA: 8s - batch_cost: 0.0615 - reader cost: 0.0022
 38/177 [=====>........................] - ETA: 8s - batch_cost: 0.0615 - reader cost: 0.0022
 39/177 [=====>........................] - ETA: 8s - batch_cost: 0.0614 - reader cost: 0.0021
 40/177 [=====>........................] - ETA: 8s - batch_cost: 0.0614 - reader cost: 0.0021
 41/177 [=====>........................] - ETA: 8s - batch_cost: 0.0613 - reader cost: 0.0020
 42/177 [======>.......................] - ETA: 8s - batch_cost: 0.0613 - reader cost: 0.0020
 43/177 [======>.......................] - ETA: 8s - batch_cost: 0.0614 - reader cost: 0.0019
 44/177 [======>.......................] - ETA: 8s - batch_cost: 0.0614 - reader cost: 0.0019
 45/177 [======>.......................] - ETA: 8s - batch_cost: 0.0613 - reader cost: 0.0018
 46/177 [======>.......................] - ETA: 8s - batch_cost: 0.0614 - reader cost: 0.0018
 47/177 [======>.......................] - ETA: 7s - batch_cost: 0.0613 - reader cost: 0.0018
 48/177 [=======>......................] - ETA: 7s - batch_cost: 0.0613 - reader cost: 0.0017
 49/177 [=======>......................] - ETA: 7s - batch_cost: 0.0613 - reader cost: 0.0017
 50/177 [=======>......................] - ETA: 7s - batch_cost: 0.0613 - reader cost: 0.0017
 51/177 [=======>......................] - ETA: 7s - batch_cost: 0.0614 - reader cost: 0.0016
 52/177 [=======>......................] - ETA: 7s - batch_cost: 0.0613 - reader cost: 0.0016
 53/177 [=======>......................] - ETA: 7s - batch_cost: 0.0613 - reader cost: 0.0016
 54/177 [========>.....................] - ETA: 7s - batch_cost: 0.0613 - reader cost: 0.0016
 55/177 [========>.....................] - ETA: 7s - batch_cost: 0.0614 - reader cost: 0.0015
 56/177 [========>.....................] - ETA: 7s - batch_cost: 0.0614 - reader cost: 0.0015
 57/177 [========>.....................] - ETA: 7s - batch_cost: 0.0613 - reader cost: 0.0015
 58/177 [========>.....................] - ETA: 7s - batch_cost: 0.0613 - reader cost: 0.0015
 59/177 [=========>....................] - ETA: 7s - batch_cost: 0.0613 - reader cost: 0.0014
 60/177 [=========>....................] - ETA: 7s - batch_cost: 0.0614 - reader cost: 0.0014
 61/177 [=========>....................] - ETA: 7s - batch_cost: 0.0613 - reader cost: 0.0014
 62/177 [=========>....................] - ETA: 7s - batch_cost: 0.0613 - reader cost: 0.0014
 63/177 [=========>....................] - ETA: 6s - batch_cost: 0.0613 - reader cost: 0.0014
 64/177 [=========>....................] - ETA: 6s - batch_cost: 0.0612 - reader cost: 0.0013
 65/177 [==========>...................] - ETA: 6s - batch_cost: 0.0612 - reader cost: 0.0013
 66/177 [==========>...................] - ETA: 6s - batch_cost: 0.0612 - reader cost: 0.0013
 67/177 [==========>...................] - ETA: 6s - batch_cost: 0.0612 - reader cost: 0.0013
 68/177 [==========>...................] - ETA: 6s - batch_cost: 0.0611 - reader cost: 0.0013
 69/177 [==========>...................] - ETA: 6s - batch_cost: 0.0611 - reader cost: 0.0012
 70/177 [==========>...................] - ETA: 6s - batch_cost: 0.0611 - reader cost: 0.0012
 71/177 [===========>..................] - ETA: 6s - batch_cost: 0.0611 - reader cost: 0.0012
 72/177 [===========>..................] - ETA: 6s - batch_cost: 0.0611 - reader cost: 0.0012
 73/177 [===========>..................] - ETA: 6s - batch_cost: 0.0611 - reader cost: 0.0012
 74/177 [===========>..................] - ETA: 6s - batch_cost: 0.0611 - reader cost: 0.0012
 75/177 [===========>..................] - ETA: 6s - batch_cost: 0.0611 - reader cost: 0.0011
 76/177 [===========>..................] - ETA: 6s - batch_cost: 0.0611 - reader cost: 0.0011
 77/177 [============>.................] - ETA: 6s - batch_cost: 0.0611 - reader cost: 0.0011
 78/177 [============>.................] - ETA: 6s - batch_cost: 0.0611 - reader cost: 0.0011
 79/177 [============>.................] - ETA: 6s - batch_cost: 0.0611 - reader cost: 0.0011
 80/177 [============>.................] - ETA: 5s - batch_cost: 0.0611 - reader cost: 0.0011
 81/177 [============>.................] - ETA: 5s - batch_cost: 0.0611 - reader cost: 0.0011
 82/177 [============>.................] - ETA: 5s - batch_cost: 0.0611 - reader cost: 0.0010
 83/177 [=============>................] - ETA: 5s - batch_cost: 0.0611 - reader cost: 0.0010
 84/177 [=============>................] - ETA: 5s - batch_cost: 0.0611 - reader cost: 0.0010
 85/177 [=============>................] - ETA: 5s - batch_cost: 0.0611 - reader cost: 0.0010
 86/177 [=============>................] - ETA: 5s - batch_cost: 0.0610 - reader cost: 9.9001e-04
 87/177 [=============>................] - ETA: 5s - batch_cost: 0.0610 - reader cost: 9.7863e-04
 88/177 [=============>................] - ETA: 5s - batch_cost: 0.0610 - reader cost: 9.6751e-04
 89/177 [==============>...............] - ETA: 5s - batch_cost: 0.0610 - reader cost: 9.5663e-04
 90/177 [==============>...............] - ETA: 5s - batch_cost: 0.0610 - reader cost: 9.4601e-04
 91/177 [==============>...............] - ETA: 5s - batch_cost: 0.0610 - reader cost: 9.3561e-04
 92/177 [==============>...............] - ETA: 5s - batch_cost: 0.0609 - reader cost: 9.2544e-04
 93/177 [==============>...............] - ETA: 5s - batch_cost: 0.0609 - reader cost: 9.1549e-04
 94/177 [==============>...............] - ETA: 5s - batch_cost: 0.0609 - reader cost: 9.0575e-04
 95/177 [===============>..............] - ETA: 5s - batch_cost: 0.0609 - reader cost: 8.9622e-04
 96/177 [===============>..............] - ETA: 4s - batch_cost: 0.0609 - reader cost: 8.8688e-04
 97/177 [===============>..............] - ETA: 4s - batch_cost: 0.0609 - reader cost: 8.7774e-04
 98/177 [===============>..............] - ETA: 4s - batch_cost: 0.0609 - reader cost: 8.7901e-04
 99/177 [===============>..............] - ETA: 4s - batch_cost: 0.0609 - reader cost: 8.7013e-04
100/177 [===============>..............] - ETA: 4s - batch_cost: 0.0610 - reader cost: 8.7143e-04
101/177 [================>.............] - ETA: 4s - batch_cost: 0.0610 - reader cost: 8.6280e-04
102/177 [================>.............] - ETA: 4s - batch_cost: 0.0610 - reader cost: 8.5434e-04
103/177 [================>.............] - ETA: 4s - batch_cost: 0.0610 - reader cost: 8.4605e-04
104/177 [================>.............] - ETA: 4s - batch_cost: 0.0610 - reader cost: 8.3791e-04
105/177 [================>.............] - ETA: 4s - batch_cost: 0.0610 - reader cost: 8.2993e-04
106/177 [================>.............] - ETA: 4s - batch_cost: 0.0610 - reader cost: 8.2210e-04
107/177 [=================>............] - ETA: 4s - batch_cost: 0.0611 - reader cost: 8.1442e-04
108/177 [=================>............] - ETA: 4s - batch_cost: 0.0611 - reader cost: 8.0688e-04
109/177 [=================>............] - ETA: 4s - batch_cost: 0.0610 - reader cost: 7.9947e-04
110/177 [=================>............] - ETA: 4s - batch_cost: 0.0610 - reader cost: 7.9221e-04
111/177 [=================>............] - ETA: 4s - batch_cost: 0.0610 - reader cost: 7.8507e-04
112/177 [=================>............] - ETA: 3s - batch_cost: 0.0611 - reader cost: 7.7806e-04
113/177 [==================>...........] - ETA: 3s - batch_cost: 0.0610 - reader cost: 7.7117e-04
114/177 [==================>...........] - ETA: 3s - batch_cost: 0.0610 - reader cost: 7.7761e-04
115/177 [==================>...........] - ETA: 3s - batch_cost: 0.0610 - reader cost: 7.7085e-04
116/177 [==================>...........] - ETA: 3s - batch_cost: 0.0610 - reader cost: 7.6421e-04
117/177 [==================>...........] - ETA: 3s - batch_cost: 0.0610 - reader cost: 7.5768e-04
118/177 [===================>..........] - ETA: 3s - batch_cost: 0.0610 - reader cost: 7.5125e-04
119/177 [===================>..........] - ETA: 3s - batch_cost: 0.0610 - reader cost: 7.4494e-04
120/177 [===================>..........] - ETA: 3s - batch_cost: 0.0610 - reader cost: 7.3873e-04
121/177 [===================>..........] - ETA: 3s - batch_cost: 0.0610 - reader cost: 7.3263e-04
122/177 [===================>..........] - ETA: 3s - batch_cost: 0.0610 - reader cost: 7.3488e-04
123/177 [===================>..........] - ETA: 3s - batch_cost: 0.0610 - reader cost: 7.2891e-04
124/177 [====================>.........] - ETA: 3s - batch_cost: 0.0610 - reader cost: 7.2303e-04
125/177 [====================>.........] - ETA: 3s - batch_cost: 0.0609 - reader cost: 7.1724e-04
126/177 [====================>.........] - ETA: 3s - batch_cost: 0.0609 - reader cost: 7.1155e-04
127/177 [====================>.........] - ETA: 3s - batch_cost: 0.0609 - reader cost: 7.0595e-04
128/177 [====================>.........] - ETA: 2s - batch_cost: 0.0609 - reader cost: 7.0043e-04
129/177 [====================>.........] - ETA: 2s - batch_cost: 0.0609 - reader cost: 6.9500e-04
130/177 [=====================>........] - ETA: 2s - batch_cost: 0.0609 - reader cost: 6.8966e-04
131/177 [=====================>........] - ETA: 2s - batch_cost: 0.0609 - reader cost: 6.8439e-04
132/177 [=====================>........] - ETA: 2s - batch_cost: 0.0609 - reader cost: 6.7921e-04
133/177 [=====================>........] - ETA: 2s - batch_cost: 0.0609 - reader cost: 6.7410e-04
134/177 [=====================>........] - ETA: 2s - batch_cost: 0.0609 - reader cost: 6.7642e-04
135/177 [=====================>........] - ETA: 2s - batch_cost: 0.0610 - reader cost: 6.7141e-04
136/177 [======================>.......] - ETA: 2s - batch_cost: 0.0610 - reader cost: 6.6647e-04
137/177 [======================>.......] - ETA: 2s - batch_cost: 0.0610 - reader cost: 6.6160e-04
138/177 [======================>.......] - ETA: 2s - batch_cost: 0.0610 - reader cost: 6.5681e-04
139/177 [======================>.......] - ETA: 2s - batch_cost: 0.0610 - reader cost: 6.5209e-04
140/177 [======================>.......] - ETA: 2s - batch_cost: 0.0610 - reader cost: 6.4743e-04
141/177 [======================>.......] - ETA: 2s - batch_cost: 0.0610 - reader cost: 6.4284e-04
142/177 [=======================>......] - ETA: 2s - batch_cost: 0.0610 - reader cost: 6.3831e-04
143/177 [=======================>......] - ETA: 2s - batch_cost: 0.0610 - reader cost: 6.3384e-04
144/177 [=======================>......] - ETA: 2s - batch_cost: 0.0610 - reader cost: 6.2944e-04
145/177 [=======================>......] - ETA: 1s - batch_cost: 0.0610 - reader cost: 6.2510e-04
146/177 [=======================>......] - ETA: 1s - batch_cost: 0.0610 - reader cost: 6.2082e-04
147/177 [=======================>......] - ETA: 1s - batch_cost: 0.0610 - reader cost: 6.1660e-04
148/177 [========================>.....] - ETA: 1s - batch_cost: 0.0610 - reader cost: 6.1243e-04
149/177 [========================>.....] - ETA: 1s - batch_cost: 0.0610 - reader cost: 6.0832e-04
150/177 [========================>.....] - ETA: 1s - batch_cost: 0.0610 - reader cost: 6.0427e-04
151/177 [========================>.....] - ETA: 1s - batch_cost: 0.0610 - reader cost: 6.0026e-04
152/177 [========================>.....] - ETA: 1s - batch_cost: 0.0610 - reader cost: 5.9631e-04
153/177 [========================>.....] - ETA: 1s - batch_cost: 0.0610 - reader cost: 5.9242e-04
154/177 [=========================>....] - ETA: 1s - batch_cost: 0.0610 - reader cost: 5.8857e-04
155/177 [=========================>....] - ETA: 1s - batch_cost: 0.0610 - reader cost: 5.8477e-04
156/177 [=========================>....] - ETA: 1s - batch_cost: 0.0610 - reader cost: 5.8102e-04
157/177 [=========================>....] - ETA: 1s - batch_cost: 0.0610 - reader cost: 5.7732e-04
158/177 [=========================>....] - ETA: 1s - batch_cost: 0.0610 - reader cost: 5.7367e-04
159/177 [=========================>....] - ETA: 1s - batch_cost: 0.0610 - reader cost: 5.7636e-04
160/177 [==========================>...] - ETA: 1s - batch_cost: 0.0610 - reader cost: 5.7276e-04
161/177 [==========================>...] - ETA: 0s - batch_cost: 0.0610 - reader cost: 5.6920e-04
162/177 [==========================>...] - ETA: 0s - batch_cost: 0.0610 - reader cost: 5.6569e-04
163/177 [==========================>...] - ETA: 0s - batch_cost: 0.0609 - reader cost: 5.6222e-04
164/177 [==========================>...] - ETA: 0s - batch_cost: 0.0610 - reader cost: 5.5879e-04
165/177 [==========================>...] - ETA: 0s - batch_cost: 0.0609 - reader cost: 5.5540e-04
166/177 [===========================>..] - ETA: 0s - batch_cost: 0.0609 - reader cost: 5.5206e-04
167/177 [===========================>..] - ETA: 0s - batch_cost: 0.0610 - reader cost: 5.4875e-04
168/177 [===========================>..] - ETA: 0s - batch_cost: 0.0609 - reader cost: 5.4548e-04
169/177 [===========================>..] - ETA: 0s - batch_cost: 0.0609 - reader cost: 5.4226e-04
170/177 [===========================>..] - ETA: 0s - batch_cost: 0.0609 - reader cost: 5.3907e-04
171/177 [===========================>..] - ETA: 0s - batch_cost: 0.0609 - reader cost: 5.4180e-04
172/177 [============================>.] - ETA: 0s - batch_cost: 0.0610 - reader cost: 5.3865e-04
173/177 [============================>.] - ETA: 0s - batch_cost: 0.0609 - reader cost: 5.3554e-04
174/177 [============================>.] - ETA: 0s - batch_cost: 0.0609 - reader cost: 5.3246e-04
175/177 [============================>.] - ETA: 0s - batch_cost: 0.0609 - reader cost: 5.2942e-04
176/177 [============================>.] - ETA: 0s - batch_cost: 0.0609 - reader cost: 5.2641e-04
177/177 [==============================] - 11s 61ms/step - batch_cost: 0.0609 - reader cost: 5.2343e-04

  1/177 [..............................] - ETA: 11s - batch_cost: 0.0662 - reader cost: 0.0469
  2/177 [..............................] - ETA: 10s - batch_cost: 0.0614 - reader cost: 0.0370
  3/177 [..............................] - ETA: 11s - batch_cost: 0.0637 - reader cost: 0.0307
  4/177 [..............................] - ETA: 10s - batch_cost: 0.0624 - reader cost: 0.0230
  5/177 [..............................] - ETA: 10s - batch_cost: 0.0612 - reader cost: 0.0184
  6/177 [>.............................] - ETA: 10s - batch_cost: 0.0605 - reader cost: 0.0155
  7/177 [>.............................] - ETA: 10s - batch_cost: 0.0609 - reader cost: 0.0133
  8/177 [>.............................] - ETA: 10s - batch_cost: 0.0608 - reader cost: 0.0116
  9/177 [>.............................] - ETA: 10s - batch_cost: 0.0614 - reader cost: 0.0103
 10/177 [>.............................] - ETA: 10s - batch_cost: 0.0609 - reader cost: 0.0093
 11/177 [>.............................] - ETA: 10s - batch_cost: 0.0611 - reader cost: 0.0085
 12/177 [=>............................] - ETA: 10s - batch_cost: 0.0609 - reader cost: 0.0077
 13/177 [=>............................] - ETA: 9s - batch_cost: 0.0606 - reader cost: 0.0072 
 14/177 [=>............................] - ETA: 9s - batch_cost: 0.0608 - reader cost: 0.0066
 15/177 [=>............................] - ETA: 9s - batch_cost: 0.0611 - reader cost: 0.0062
 16/177 [=>............................] - ETA: 9s - batch_cost: 0.0605 - reader cost: 0.0058
 17/177 [=>............................] - ETA: 9s - batch_cost: 0.0605 - reader cost: 0.0055
 18/177 [==>...........................] - ETA: 9s - batch_cost: 0.0606 - reader cost: 0.0052
 19/177 [==>...........................] - ETA: 9s - batch_cost: 0.0606 - reader cost: 0.0049
 20/177 [==>...........................] - ETA: 9s - batch_cost: 0.0606 - reader cost: 0.0046
 21/177 [==>...........................] - ETA: 9s - batch_cost: 0.0605 - reader cost: 0.0045
 22/177 [==>...........................] - ETA: 9s - batch_cost: 0.0606 - reader cost: 0.0043
 23/177 [==>...........................] - ETA: 9s - batch_cost: 0.0606 - reader cost: 0.0041
 24/177 [===>..........................] - ETA: 9s - batch_cost: 0.0605 - reader cost: 0.0039
 25/177 [===>..........................] - ETA: 9s - batch_cost: 0.0603 - reader cost: 0.0038
 26/177 [===>..........................] - ETA: 9s - batch_cost: 0.0605 - reader cost: 0.0037
 27/177 [===>..........................] - ETA: 9s - batch_cost: 0.0605 - reader cost: 0.0035
 28/177 [===>..........................] - ETA: 9s - batch_cost: 0.0606 - reader cost: 0.0034
 29/177 [===>..........................] - ETA: 8s - batch_cost: 0.0605 - reader cost: 0.0033
 30/177 [====>.........................] - ETA: 8s - batch_cost: 0.0605 - reader cost: 0.0032
 31/177 [====>.........................] - ETA: 8s - batch_cost: 0.0605 - reader cost: 0.0031
 32/177 [====>.........................] - ETA: 8s - batch_cost: 0.0605 - reader cost: 0.0030
 33/177 [====>.........................] - ETA: 8s - batch_cost: 0.0604 - reader cost: 0.0029
 34/177 [====>.........................] - ETA: 8s - batch_cost: 0.0605 - reader cost: 0.0028
 35/177 [====>.........................] - ETA: 8s - batch_cost: 0.0605 - reader cost: 0.0027
 36/177 [=====>........................] - ETA: 8s - batch_cost: 0.0605 - reader cost: 0.0026
 37/177 [=====>........................] - ETA: 8s - batch_cost: 0.0605 - reader cost: 0.0026
 38/177 [=====>........................] - ETA: 8s - batch_cost: 0.0604 - reader cost: 0.0025
 39/177 [=====>........................] - ETA: 8s - batch_cost: 0.0604 - reader cost: 0.0024
 40/177 [=====>........................] - ETA: 8s - batch_cost: 0.0605 - reader cost: 0.0024
 41/177 [=====>........................] - ETA: 8s - batch_cost: 0.0604 - reader cost: 0.0023
 42/177 [======>.......................] - ETA: 8s - batch_cost: 0.0605 - reader cost: 0.0023
 43/177 [======>.......................] - ETA: 8s - batch_cost: 0.0604 - reader cost: 0.0022
 44/177 [======>.......................] - ETA: 8s - batch_cost: 0.0604 - reader cost: 0.0022
 45/177 [======>.......................] - ETA: 8s - batch_cost: 0.0605 - reader cost: 0.0021
 46/177 [======>.......................] - ETA: 7s - batch_cost: 0.0605 - reader cost: 0.0021
 47/177 [======>.......................] - ETA: 7s - batch_cost: 0.0605 - reader cost: 0.0020
 48/177 [=======>......................] - ETA: 7s - batch_cost: 0.0604 - reader cost: 0.0020
 49/177 [=======>......................] - ETA: 7s - batch_cost: 0.0603 - reader cost: 0.0019
 50/177 [=======>......................] - ETA: 7s - batch_cost: 0.0603 - reader cost: 0.0019
 51/177 [=======>......................] - ETA: 7s - batch_cost: 0.0604 - reader cost: 0.0019
 52/177 [=======>......................] - ETA: 7s - batch_cost: 0.0604 - reader cost: 0.0018
 53/177 [=======>......................] - ETA: 7s - batch_cost: 0.0604 - reader cost: 0.0018
 54/177 [========>.....................] - ETA: 7s - batch_cost: 0.0605 - reader cost: 0.0018
 55/177 [========>.....................] - ETA: 7s - batch_cost: 0.0605 - reader cost: 0.0017
 56/177 [========>.....................] - ETA: 7s - batch_cost: 0.0604 - reader cost: 0.0017
 57/177 [========>.....................] - ETA: 7s - batch_cost: 0.0604 - reader cost: 0.0017
 58/177 [========>.....................] - ETA: 7s - batch_cost: 0.0604 - reader cost: 0.0016
 59/177 [=========>....................] - ETA: 7s - batch_cost: 0.0604 - reader cost: 0.0016
 60/177 [=========>....................] - ETA: 7s - batch_cost: 0.0604 - reader cost: 0.0016
 61/177 [=========>....................] - ETA: 7s - batch_cost: 0.0604 - reader cost: 0.0016
 62/177 [=========>....................] - ETA: 6s - batch_cost: 0.0605 - reader cost: 0.0015
 63/177 [=========>....................] - ETA: 6s - batch_cost: 0.0604 - reader cost: 0.0015
 64/177 [=========>....................] - ETA: 6s - batch_cost: 0.0604 - reader cost: 0.0015
 65/177 [==========>...................] - ETA: 6s - batch_cost: 0.0604 - reader cost: 0.0015
 66/177 [==========>...................] - ETA: 6s - batch_cost: 0.0604 - reader cost: 0.0014
 67/177 [==========>...................] - ETA: 6s - batch_cost: 0.0604 - reader cost: 0.0014
 68/177 [==========>...................] - ETA: 6s - batch_cost: 0.0604 - reader cost: 0.0014
 69/177 [==========>...................] - ETA: 6s - batch_cost: 0.0604 - reader cost: 0.0014
 70/177 [==========>...................] - ETA: 6s - batch_cost: 0.0603 - reader cost: 0.0014
 71/177 [===========>..................] - ETA: 6s - batch_cost: 0.0603 - reader cost: 0.0013
 72/177 [===========>..................] - ETA: 6s - batch_cost: 0.0604 - reader cost: 0.0013
 73/177 [===========>..................] - ETA: 6s - batch_cost: 0.0603 - reader cost: 0.0013
 74/177 [===========>..................] - ETA: 6s - batch_cost: 0.0603 - reader cost: 0.0013
 75/177 [===========>..................] - ETA: 6s - batch_cost: 0.0603 - reader cost: 0.0013
 76/177 [===========>..................] - ETA: 6s - batch_cost: 0.0603 - reader cost: 0.0013
 77/177 [============>.................] - ETA: 6s - batch_cost: 0.0603 - reader cost: 0.0012
 78/177 [============>.................] - ETA: 5s - batch_cost: 0.0603 - reader cost: 0.0012
 79/177 [============>.................] - ETA: 5s - batch_cost: 0.0603 - reader cost: 0.0012
 80/177 [============>.................] - ETA: 5s - batch_cost: 0.0604 - reader cost: 0.0012
 81/177 [============>.................] - ETA: 5s - batch_cost: 0.0603 - reader cost: 0.0012
 82/177 [============>.................] - ETA: 5s - batch_cost: 0.0603 - reader cost: 0.0012
 83/177 [=============>................] - ETA: 5s - batch_cost: 0.0603 - reader cost: 0.0011
 84/177 [=============>................] - ETA: 5s - batch_cost: 0.0604 - reader cost: 0.0011
 85/177 [=============>................] - ETA: 5s - batch_cost: 0.0603 - reader cost: 0.0011
 86/177 [=============>................] - ETA: 5s - batch_cost: 0.0603 - reader cost: 0.0011
 87/177 [=============>................] - ETA: 5s - batch_cost: 0.0603 - reader cost: 0.0011
 88/177 [=============>................] - ETA: 5s - batch_cost: 0.0603 - reader cost: 0.0011
 89/177 [==============>...............] - ETA: 5s - batch_cost: 0.0603 - reader cost: 0.0011
 90/177 [==============>...............] - ETA: 5s - batch_cost: 0.0604 - reader cost: 0.0011
 91/177 [==============>...............] - ETA: 5s - batch_cost: 0.0604 - reader cost: 0.0011
 92/177 [==============>...............] - ETA: 5s - batch_cost: 0.0604 - reader cost: 0.0010
 93/177 [==============>...............] - ETA: 5s - batch_cost: 0.0604 - reader cost: 0.0010
 94/177 [==============>...............] - ETA: 5s - batch_cost: 0.0604 - reader cost: 0.0010
 95/177 [===============>..............] - ETA: 4s - batch_cost: 0.0604 - reader cost: 0.0010
 96/177 [===============>..............] - ETA: 4s - batch_cost: 0.0604 - reader cost: 0.0010
 97/177 [===============>..............] - ETA: 4s - batch_cost: 0.0605 - reader cost: 9.8982e-04
 98/177 [===============>..............] - ETA: 4s - batch_cost: 0.0605 - reader cost: 9.7972e-04
 99/177 [===============>..............] - ETA: 4s - batch_cost: 0.0605 - reader cost: 9.6982e-04
100/177 [===============>..............] - ETA: 4s - batch_cost: 0.0604 - reader cost: 9.6012e-04
101/177 [================>.............] - ETA: 4s - batch_cost: 0.0605 - reader cost: 9.5062e-04
102/177 [================>.............] - ETA: 4s - batch_cost: 0.0605 - reader cost: 9.4130e-04
103/177 [================>.............] - ETA: 4s - batch_cost: 0.0605 - reader cost: 9.3216e-04
104/177 [================>.............] - ETA: 4s - batch_cost: 0.0604 - reader cost: 9.2320e-04
105/177 [================>.............] - ETA: 4s - batch_cost: 0.0604 - reader cost: 9.2390e-04
106/177 [================>.............] - ETA: 4s - batch_cost: 0.0604 - reader cost: 9.1519e-04
107/177 [=================>............] - ETA: 4s - batch_cost: 0.0605 - reader cost: 9.0663e-04
108/177 [=================>............] - ETA: 4s - batch_cost: 0.0604 - reader cost: 8.9824e-04
109/177 [=================>............] - ETA: 4s - batch_cost: 0.0604 - reader cost: 8.9000e-04
110/177 [=================>............] - ETA: 4s - batch_cost: 0.0604 - reader cost: 8.8191e-04
111/177 [=================>............] - ETA: 4s - batch_cost: 0.0604 - reader cost: 8.7396e-04
112/177 [=================>............] - ETA: 3s - batch_cost: 0.0604 - reader cost: 8.6616e-04
113/177 [==================>...........] - ETA: 3s - batch_cost: 0.0605 - reader cost: 8.5849e-04
114/177 [==================>...........] - ETA: 3s - batch_cost: 0.0604 - reader cost: 8.5096e-04
115/177 [==================>...........] - ETA: 3s - batch_cost: 0.0604 - reader cost: 8.4356e-04
116/177 [==================>...........] - ETA: 3s - batch_cost: 0.0604 - reader cost: 8.3629e-04
117/177 [==================>...........] - ETA: 3s - batch_cost: 0.0604 - reader cost: 8.2914e-04
118/177 [===================>..........] - ETA: 3s - batch_cost: 0.0604 - reader cost: 8.2212e-04
119/177 [===================>..........] - ETA: 3s - batch_cost: 0.0605 - reader cost: 8.1521e-04
120/177 [===================>..........] - ETA: 3s - batch_cost: 0.0605 - reader cost: 8.0841e-04
121/177 [===================>..........] - ETA: 3s - batch_cost: 0.0604 - reader cost: 8.0173e-04
122/177 [===================>..........] - ETA: 3s - batch_cost: 0.0604 - reader cost: 7.9516e-04
123/177 [===================>..........] - ETA: 3s - batch_cost: 0.0604 - reader cost: 7.8870e-04
124/177 [====================>.........] - ETA: 3s - batch_cost: 0.0604 - reader cost: 7.9034e-04
125/177 [====================>.........] - ETA: 3s - batch_cost: 0.0604 - reader cost: 7.8401e-04
126/177 [====================>.........] - ETA: 3s - batch_cost: 0.0604 - reader cost: 7.7779e-04
127/177 [====================>.........] - ETA: 3s - batch_cost: 0.0605 - reader cost: 7.7167e-04
128/177 [====================>.........] - ETA: 2s - batch_cost: 0.0604 - reader cost: 7.6564e-04
129/177 [====================>.........] - ETA: 2s - batch_cost: 0.0604 - reader cost: 7.5970e-04
130/177 [=====================>........] - ETA: 2s - batch_cost: 0.0604 - reader cost: 7.5386e-04
131/177 [=====================>........] - ETA: 2s - batch_cost: 0.0604 - reader cost: 7.4810e-04
132/177 [=====================>........] - ETA: 2s - batch_cost: 0.0604 - reader cost: 7.4244e-04
133/177 [=====================>........] - ETA: 2s - batch_cost: 0.0604 - reader cost: 7.3686e-04
134/177 [=====================>........] - ETA: 2s - batch_cost: 0.0605 - reader cost: 7.3136e-04
135/177 [=====================>........] - ETA: 2s - batch_cost: 0.0605 - reader cost: 7.3326e-04
136/177 [======================>.......] - ETA: 2s - batch_cost: 0.0605 - reader cost: 7.2787e-04
137/177 [======================>.......] - ETA: 2s - batch_cost: 0.0605 - reader cost: 7.2256e-04
138/177 [======================>.......] - ETA: 2s - batch_cost: 0.0605 - reader cost: 7.1732e-04
139/177 [======================>.......] - ETA: 2s - batch_cost: 0.0605 - reader cost: 7.1216e-04
140/177 [======================>.......] - ETA: 2s - batch_cost: 0.0605 - reader cost: 7.0707e-04
141/177 [======================>.......] - ETA: 2s - batch_cost: 0.0605 - reader cost: 7.0206e-04
142/177 [=======================>......] - ETA: 2s - batch_cost: 0.0605 - reader cost: 6.9712e-04
143/177 [=======================>......] - ETA: 2s - batch_cost: 0.0605 - reader cost: 6.9224e-04
144/177 [=======================>......] - ETA: 2s - batch_cost: 0.0605 - reader cost: 6.9111e-04
145/177 [=======================>......] - ETA: 1s - batch_cost: 0.0605 - reader cost: 6.9329e-04
146/177 [=======================>......] - ETA: 1s - batch_cost: 0.0605 - reader cost: 6.8854e-04
147/177 [=======================>......] - ETA: 1s - batch_cost: 0.0605 - reader cost: 6.9070e-04
148/177 [========================>.....] - ETA: 1s - batch_cost: 0.0605 - reader cost: 6.8603e-04
149/177 [========================>.....] - ETA: 1s - batch_cost: 0.0605 - reader cost: 6.8142e-04
150/177 [========================>.....] - ETA: 1s - batch_cost: 0.0605 - reader cost: 6.7688e-04
151/177 [========================>.....] - ETA: 1s - batch_cost: 0.0605 - reader cost: 6.7902e-04
152/177 [========================>.....] - ETA: 1s - batch_cost: 0.0605 - reader cost: 6.7456e-04
153/177 [========================>.....] - ETA: 1s - batch_cost: 0.0605 - reader cost: 6.7015e-04
154/177 [=========================>....] - ETA: 1s - batch_cost: 0.0605 - reader cost: 6.6580e-04
155/177 [=========================>....] - ETA: 1s - batch_cost: 0.0605 - reader cost: 6.6150e-04
156/177 [=========================>....] - ETA: 1s - batch_cost: 0.0605 - reader cost: 6.5726e-04
157/177 [=========================>....] - ETA: 1s - batch_cost: 0.0605 - reader cost: 6.5307e-04
158/177 [=========================>....] - ETA: 1s - batch_cost: 0.0605 - reader cost: 6.4894e-04
159/177 [=========================>....] - ETA: 1s - batch_cost: 0.0605 - reader cost: 6.4486e-04
160/177 [==========================>...] - ETA: 1s - batch_cost: 0.0605 - reader cost: 6.4083e-04
161/177 [==========================>...] - ETA: 0s - batch_cost: 0.0605 - reader cost: 6.3685e-04
162/177 [==========================>...] - ETA: 0s - batch_cost: 0.0605 - reader cost: 6.3292e-04
163/177 [==========================>...] - ETA: 0s - batch_cost: 0.0605 - reader cost: 6.2903e-04
164/177 [==========================>...] - ETA: 0s - batch_cost: 0.0605 - reader cost: 6.2520e-04
165/177 [==========================>...] - ETA: 0s - batch_cost: 0.0605 - reader cost: 6.2141e-04
166/177 [===========================>..] - ETA: 0s - batch_cost: 0.0605 - reader cost: 6.1767e-04
167/177 [===========================>..] - ETA: 0s - batch_cost: 0.0605 - reader cost: 6.1699e-04
168/177 [===========================>..] - ETA: 0s - batch_cost: 0.0605 - reader cost: 6.1332e-04
169/177 [===========================>..] - ETA: 0s - batch_cost: 0.0605 - reader cost: 6.0969e-04
170/177 [===========================>..] - ETA: 0s - batch_cost: 0.0605 - reader cost: 6.0610e-04
171/177 [===========================>..] - ETA: 0s - batch_cost: 0.0605 - reader cost: 6.0256e-04
172/177 [============================>.] - ETA: 0s - batch_cost: 0.0605 - reader cost: 5.9906e-04
173/177 [============================>.] - ETA: 0s - batch_cost: 0.0605 - reader cost: 5.9559e-04
174/177 [============================>.] - ETA: 0s - batch_cost: 0.0605 - reader cost: 5.9791e-04
175/177 [============================>.] - ETA: 0s - batch_cost: 0.0605 - reader cost: 5.9449e-04
176/177 [============================>.] - ETA: 0s - batch_cost: 0.0605 - reader cost: 5.9112e-04
177/177 [==============================] - 11s 61ms/step - batch_cost: 0.0605 - reader cost: 5.8778e-04

  1/177 [..............................] - ETA: 11s - batch_cost: 0.0651 - reader cost: 0.0463
  2/177 [..............................] - ETA: 10s - batch_cost: 0.0627 - reader cost: 0.0362
  3/177 [..............................] - ETA: 10s - batch_cost: 0.0620 - reader cost: 0.0274
  4/177 [..............................] - ETA: 10s - batch_cost: 0.0608 - reader cost: 0.0205
  5/177 [..............................] - ETA: 10s - batch_cost: 0.0611 - reader cost: 0.0167
  6/177 [>.............................] - ETA: 10s - batch_cost: 0.0611 - reader cost: 0.0139
  7/177 [>.............................] - ETA: 10s - batch_cost: 0.0601 - reader cost: 0.0119
  8/177 [>.............................] - ETA: 10s - batch_cost: 0.0606 - reader cost: 0.0104
  9/177 [>.............................] - ETA: 10s - batch_cost: 0.0611 - reader cost: 0.0093
 10/177 [>.............................] - ETA: 10s - batch_cost: 0.0609 - reader cost: 0.0084
 11/177 [>.............................] - ETA: 10s - batch_cost: 0.0608 - reader cost: 0.0076
 12/177 [=>............................] - ETA: 10s - batch_cost: 0.0609 - reader cost: 0.0070
 13/177 [=>............................] - ETA: 9s - batch_cost: 0.0606 - reader cost: 0.0064 
 14/177 [=>............................] - ETA: 9s - batch_cost: 0.0605 - reader cost: 0.0060
 15/177 [=>............................] - ETA: 9s - batch_cost: 0.0604 - reader cost: 0.0056
 16/177 [=>............................] - ETA: 9s - batch_cost: 0.0605 - reader cost: 0.0052
 17/177 [=>............................] - ETA: 9s - batch_cost: 0.0606 - reader cost: 0.0050
 18/177 [==>...........................] - ETA: 9s - batch_cost: 0.0605 - reader cost: 0.0047
 19/177 [==>...........................] - ETA: 9s - batch_cost: 0.0604 - reader cost: 0.0045
 20/177 [==>...........................] - ETA: 9s - batch_cost: 0.0605 - reader cost: 0.0042
 21/177 [==>...........................] - ETA: 9s - batch_cost: 0.0608 - reader cost: 0.0040
 22/177 [==>...........................] - ETA: 9s - batch_cost: 0.0606 - reader cost: 0.0038
 23/177 [==>...........................] - ETA: 9s - batch_cost: 0.0605 - reader cost: 0.0037
 24/177 [===>..........................] - ETA: 9s - batch_cost: 0.0604 - reader cost: 0.0035
 25/177 [===>..........................] - ETA: 9s - batch_cost: 0.0605 - reader cost: 0.0034
 26/177 [===>..........................] - ETA: 9s - batch_cost: 0.0605 - reader cost: 0.0033
 27/177 [===>..........................] - ETA: 9s - batch_cost: 0.0605 - reader cost: 0.0031
 28/177 [===>..........................] - ETA: 9s - batch_cost: 0.0606 - reader cost: 0.0030
 29/177 [===>..........................] - ETA: 8s - batch_cost: 0.0606 - reader cost: 0.0029
 30/177 [====>.........................] - ETA: 8s - batch_cost: 0.0606 - reader cost: 0.0028
 31/177 [====>.........................] - ETA: 8s - batch_cost: 0.0607 - reader cost: 0.0027
 32/177 [====>.........................] - ETA: 8s - batch_cost: 0.0607 - reader cost: 0.0026
 33/177 [====>.........................] - ETA: 8s - batch_cost: 0.0607 - reader cost: 0.0026
 34/177 [====>.........................] - ETA: 8s - batch_cost: 0.0608 - reader cost: 0.0025
 35/177 [====>.........................] - ETA: 8s - batch_cost: 0.0607 - reader cost: 0.0024
 36/177 [=====>........................] - ETA: 8s - batch_cost: 0.0608 - reader cost: 0.0023
 37/177 [=====>........................] - ETA: 8s - batch_cost: 0.0607 - reader cost: 0.0023
 38/177 [=====>........................] - ETA: 8s - batch_cost: 0.0607 - reader cost: 0.0022
 39/177 [=====>........................] - ETA: 8s - batch_cost: 0.0609 - reader cost: 0.0022
 40/177 [=====>........................] - ETA: 8s - batch_cost: 0.0608 - reader cost: 0.0021
 41/177 [=====>........................] - ETA: 8s - batch_cost: 0.0607 - reader cost: 0.0021
 42/177 [======>.......................] - ETA: 8s - batch_cost: 0.0606 - reader cost: 0.0020
 43/177 [======>.......................] - ETA: 8s - batch_cost: 0.0607 - reader cost: 0.0020
 44/177 [======>.......................] - ETA: 8s - batch_cost: 0.0606 - reader cost: 0.0019
 45/177 [======>.......................] - ETA: 8s - batch_cost: 0.0607 - reader cost: 0.0019
 46/177 [======>.......................] - ETA: 7s - batch_cost: 0.0607 - reader cost: 0.0018
 47/177 [======>.......................] - ETA: 7s - batch_cost: 0.0607 - reader cost: 0.0018
 48/177 [=======>......................] - ETA: 7s - batch_cost: 0.0606 - reader cost: 0.0018
 49/177 [=======>......................] - ETA: 7s - batch_cost: 0.0607 - reader cost: 0.0017
 50/177 [=======>......................] - ETA: 7s - batch_cost: 0.0607 - reader cost: 0.0017
 51/177 [=======>......................] - ETA: 7s - batch_cost: 0.0607 - reader cost: 0.0017
 52/177 [=======>......................] - ETA: 7s - batch_cost: 0.0607 - reader cost: 0.0016
 53/177 [=======>......................] - ETA: 7s - batch_cost: 0.0607 - reader cost: 0.0016
 54/177 [========>.....................] - ETA: 7s - batch_cost: 0.0607 - reader cost: 0.0016
 55/177 [========>.....................] - ETA: 7s - batch_cost: 0.0607 - reader cost: 0.0016
 56/177 [========>.....................] - ETA: 7s - batch_cost: 0.0607 - reader cost: 0.0015
 57/177 [========>.....................] - ETA: 7s - batch_cost: 0.0607 - reader cost: 0.0015
 58/177 [========>.....................] - ETA: 7s - batch_cost: 0.0606 - reader cost: 0.0015
 59/177 [=========>....................] - ETA: 7s - batch_cost: 0.0607 - reader cost: 0.0015
 60/177 [=========>....................] - ETA: 7s - batch_cost: 0.0607 - reader cost: 0.0014
 61/177 [=========>....................] - ETA: 7s - batch_cost: 0.0606 - reader cost: 0.0014
 62/177 [=========>....................] - ETA: 6s - batch_cost: 0.0606 - reader cost: 0.0014
 63/177 [=========>....................] - ETA: 6s - batch_cost: 0.0606 - reader cost: 0.0014
 64/177 [=========>....................] - ETA: 6s - batch_cost: 0.0606 - reader cost: 0.0014
 65/177 [==========>...................] - ETA: 6s - batch_cost: 0.0606 - reader cost: 0.0013
 66/177 [==========>...................] - ETA: 6s - batch_cost: 0.0606 - reader cost: 0.0013
 67/177 [==========>...................] - ETA: 6s - batch_cost: 0.0606 - reader cost: 0.0013
 68/177 [==========>...................] - ETA: 6s - batch_cost: 0.0606 - reader cost: 0.0013
 69/177 [==========>...................] - ETA: 6s - batch_cost: 0.0606 - reader cost: 0.0013
 70/177 [==========>...................] - ETA: 6s - batch_cost: 0.0605 - reader cost: 0.0012
 71/177 [===========>..................] - ETA: 6s - batch_cost: 0.0605 - reader cost: 0.0012
 72/177 [===========>..................] - ETA: 6s - batch_cost: 0.0605 - reader cost: 0.0012
 73/177 [===========>..................] - ETA: 6s - batch_cost: 0.0606 - reader cost: 0.0012
 74/177 [===========>..................] - ETA: 6s - batch_cost: 0.0606 - reader cost: 0.0012
 75/177 [===========>..................] - ETA: 6s - batch_cost: 0.0606 - reader cost: 0.0012
 76/177 [===========>..................] - ETA: 6s - batch_cost: 0.0606 - reader cost: 0.0011
 77/177 [============>.................] - ETA: 6s - batch_cost: 0.0606 - reader cost: 0.0011
 78/177 [============>.................] - ETA: 6s - batch_cost: 0.0605 - reader cost: 0.0011
 79/177 [============>.................] - ETA: 5s - batch_cost: 0.0605 - reader cost: 0.0011
 80/177 [============>.................] - ETA: 5s - batch_cost: 0.0605 - reader cost: 0.0011
 81/177 [============>.................] - ETA: 5s - batch_cost: 0.0605 - reader cost: 0.0011
 82/177 [============>.................] - ETA: 5s - batch_cost: 0.0605 - reader cost: 0.0011
 83/177 [=============>................] - ETA: 5s - batch_cost: 0.0605 - reader cost: 0.0010
 84/177 [=============>................] - ETA: 5s - batch_cost: 0.0605 - reader cost: 0.0010
 85/177 [=============>................] - ETA: 5s - batch_cost: 0.0605 - reader cost: 0.0010
 86/177 [=============>................] - ETA: 5s - batch_cost: 0.0605 - reader cost: 0.0010
 87/177 [=============>................] - ETA: 5s - batch_cost: 0.0605 - reader cost: 9.9540e-04
 88/177 [=============>................] - ETA: 5s - batch_cost: 0.0605 - reader cost: 9.8409e-04
 89/177 [==============>...............] - ETA: 5s - batch_cost: 0.0605 - reader cost: 9.8428e-04
 90/177 [==============>...............] - ETA: 5s - batch_cost: 0.0605 - reader cost: 9.7334e-04
 91/177 [==============>...............] - ETA: 5s - batch_cost: 0.0605 - reader cost: 9.6265e-04
 92/177 [==============>...............] - ETA: 5s - batch_cost: 0.0605 - reader cost: 9.5218e-04
 93/177 [==============>...............] - ETA: 5s - batch_cost: 0.0606 - reader cost: 9.4194e-04
 94/177 [==============>...............] - ETA: 5s - batch_cost: 0.0605 - reader cost: 9.3192e-04
 95/177 [===============>..............] - ETA: 4s - batch_cost: 0.0605 - reader cost: 9.2211e-04
 96/177 [===============>..............] - ETA: 4s - batch_cost: 0.0604 - reader cost: 9.1251e-04
 97/177 [===============>..............] - ETA: 4s - batch_cost: 0.0605 - reader cost: 9.0310e-04
 98/177 [===============>..............] - ETA: 4s - batch_cost: 0.0604 - reader cost: 9.0408e-04
 99/177 [===============>..............] - ETA: 4s - batch_cost: 0.0605 - reader cost: 9.1016e-04
100/177 [===============>..............] - ETA: 4s - batch_cost: 0.0604 - reader cost: 9.0106e-04
101/177 [================>.............] - ETA: 4s - batch_cost: 0.0604 - reader cost: 8.9214e-04
102/177 [================>.............] - ETA: 4s - batch_cost: 0.0604 - reader cost: 8.8339e-04
103/177 [================>.............] - ETA: 4s - batch_cost: 0.0604 - reader cost: 8.7482e-04
104/177 [================>.............] - ETA: 4s - batch_cost: 0.0604 - reader cost: 8.7600e-04
105/177 [================>.............] - ETA: 4s - batch_cost: 0.0604 - reader cost: 8.6766e-04
106/177 [================>.............] - ETA: 4s - batch_cost: 0.0604 - reader cost: 8.5948e-04
107/177 [=================>............] - ETA: 4s - batch_cost: 0.0605 - reader cost: 8.6078e-04
108/177 [=================>............] - ETA: 4s - batch_cost: 0.0604 - reader cost: 8.5281e-04
109/177 [=================>............] - ETA: 4s - batch_cost: 0.0605 - reader cost: 8.4499e-04
110/177 [=================>............] - ETA: 4s - batch_cost: 0.0605 - reader cost: 8.3731e-04
111/177 [=================>............] - ETA: 3s - batch_cost: 0.0605 - reader cost: 8.2977e-04
112/177 [=================>............] - ETA: 3s - batch_cost: 0.0605 - reader cost: 8.2236e-04
113/177 [==================>...........] - ETA: 3s - batch_cost: 0.0605 - reader cost: 8.1508e-04
114/177 [==================>...........] - ETA: 3s - batch_cost: 0.0605 - reader cost: 8.0793e-04
115/177 [==================>...........] - ETA: 3s - batch_cost: 0.0605 - reader cost: 8.0090e-04
116/177 [==================>...........] - ETA: 3s - batch_cost: 0.0605 - reader cost: 7.9400e-04
117/177 [==================>...........] - ETA: 3s - batch_cost: 0.0605 - reader cost: 7.8721e-04
118/177 [===================>..........] - ETA: 3s - batch_cost: 0.0605 - reader cost: 7.8054e-04
119/177 [===================>..........] - ETA: 3s - batch_cost: 0.0605 - reader cost: 7.7398e-04
120/177 [===================>..........] - ETA: 3s - batch_cost: 0.0605 - reader cost: 7.6753e-04
121/177 [===================>..........] - ETA: 3s - batch_cost: 0.0605 - reader cost: 7.6119e-04
122/177 [===================>..........] - ETA: 3s - batch_cost: 0.0605 - reader cost: 7.5495e-04
123/177 [===================>..........] - ETA: 3s - batch_cost: 0.0605 - reader cost: 7.4881e-04
124/177 [====================>.........] - ETA: 3s - batch_cost: 0.0605 - reader cost: 7.4277e-04
125/177 [====================>.........] - ETA: 3s - batch_cost: 0.0605 - reader cost: 7.3683e-04
126/177 [====================>.........] - ETA: 3s - batch_cost: 0.0605 - reader cost: 7.3098e-04
127/177 [====================>.........] - ETA: 3s - batch_cost: 0.0605 - reader cost: 7.2523e-04
128/177 [====================>.........] - ETA: 2s - batch_cost: 0.0605 - reader cost: 7.1956e-04
129/177 [====================>.........] - ETA: 2s - batch_cost: 0.0605 - reader cost: 7.1398e-04
130/177 [=====================>........] - ETA: 2s - batch_cost: 0.0605 - reader cost: 7.0849e-04
131/177 [=====================>........] - ETA: 2s - batch_cost: 0.0605 - reader cost: 7.0308e-04
132/177 [=====================>........] - ETA: 2s - batch_cost: 0.0605 - reader cost: 6.9776e-04
133/177 [=====================>........] - ETA: 2s - batch_cost: 0.0605 - reader cost: 6.9251e-04
134/177 [=====================>........] - ETA: 2s - batch_cost: 0.0606 - reader cost: 6.8734e-04
135/177 [=====================>........] - ETA: 2s - batch_cost: 0.0606 - reader cost: 6.8225e-04
136/177 [======================>.......] - ETA: 2s - batch_cost: 0.0606 - reader cost: 6.7723e-04
137/177 [======================>.......] - ETA: 2s - batch_cost: 0.0606 - reader cost: 6.7229e-04
138/177 [======================>.......] - ETA: 2s - batch_cost: 0.0606 - reader cost: 6.6742e-04
139/177 [======================>.......] - ETA: 2s - batch_cost: 0.0606 - reader cost: 6.6262e-04
140/177 [======================>.......] - ETA: 2s - batch_cost: 0.0606 - reader cost: 6.5789e-04
141/177 [======================>.......] - ETA: 2s - batch_cost: 0.0606 - reader cost: 6.5322e-04
142/177 [=======================>......] - ETA: 2s - batch_cost: 0.0606 - reader cost: 6.4862e-04
143/177 [=======================>......] - ETA: 2s - batch_cost: 0.0605 - reader cost: 6.4408e-04
144/177 [=======================>......] - ETA: 2s - batch_cost: 0.0606 - reader cost: 6.3961e-04
145/177 [=======================>......] - ETA: 1s - batch_cost: 0.0605 - reader cost: 6.3520e-04
146/177 [=======================>......] - ETA: 1s - batch_cost: 0.0605 - reader cost: 6.3085e-04
147/177 [=======================>......] - ETA: 1s - batch_cost: 0.0605 - reader cost: 6.2656e-04
148/177 [========================>.....] - ETA: 1s - batch_cost: 0.0605 - reader cost: 6.2232e-04
149/177 [========================>.....] - ETA: 1s - batch_cost: 0.0605 - reader cost: 6.1815e-04
150/177 [========================>.....] - ETA: 1s - batch_cost: 0.0605 - reader cost: 6.1403e-04
151/177 [========================>.....] - ETA: 1s - batch_cost: 0.0605 - reader cost: 6.0996e-04
152/177 [========================>.....] - ETA: 1s - batch_cost: 0.0605 - reader cost: 6.0595e-04
153/177 [========================>.....] - ETA: 1s - batch_cost: 0.0605 - reader cost: 6.0199e-04
154/177 [=========================>....] - ETA: 1s - batch_cost: 0.0605 - reader cost: 5.9808e-04
155/177 [=========================>....] - ETA: 1s - batch_cost: 0.0605 - reader cost: 5.9422e-04
156/177 [=========================>....] - ETA: 1s - batch_cost: 0.0605 - reader cost: 5.9041e-04
157/177 [=========================>....] - ETA: 1s - batch_cost: 0.0605 - reader cost: 5.8665e-04
158/177 [=========================>....] - ETA: 1s - batch_cost: 0.0605 - reader cost: 5.8294e-04
159/177 [=========================>....] - ETA: 1s - batch_cost: 0.0605 - reader cost: 5.7927e-04
160/177 [==========================>...] - ETA: 1s - batch_cost: 0.0605 - reader cost: 5.7565e-04
161/177 [==========================>...] - ETA: 0s - batch_cost: 0.0605 - reader cost: 5.7207e-04
162/177 [==========================>...] - ETA: 0s - batch_cost: 0.0605 - reader cost: 5.6854e-04
163/177 [==========================>...] - ETA: 0s - batch_cost: 0.0605 - reader cost: 5.6505e-04
164/177 [==========================>...] - ETA: 0s - batch_cost: 0.0605 - reader cost: 5.6161e-04
165/177 [==========================>...] - ETA: 0s - batch_cost: 0.0605 - reader cost: 5.5821e-04
166/177 [===========================>..] - ETA: 0s - batch_cost: 0.0605 - reader cost: 5.5484e-04
167/177 [===========================>..] - ETA: 0s - batch_cost: 0.0605 - reader cost: 5.5152e-04
168/177 [===========================>..] - ETA: 0s - batch_cost: 0.0604 - reader cost: 5.4824e-04
169/177 [===========================>..] - ETA: 0s - batch_cost: 0.0605 - reader cost: 5.5391e-04
170/177 [===========================>..] - ETA: 0s - batch_cost: 0.0605 - reader cost: 5.5645e-04
171/177 [===========================>..] - ETA: 0s - batch_cost: 0.0605 - reader cost: 5.5319e-04
172/177 [============================>.] - ETA: 0s - batch_cost: 0.0605 - reader cost: 5.4997e-04
173/177 [============================>.] - ETA: 0s - batch_cost: 0.0605 - reader cost: 5.4680e-04
174/177 [============================>.] - ETA: 0s - batch_cost: 0.0605 - reader cost: 5.4365e-04
175/177 [============================>.] - ETA: 0s - batch_cost: 0.0605 - reader cost: 5.4055e-04
176/177 [============================>.] - ETA: 0s - batch_cost: 0.0604 - reader cost: 5.3748e-04
177/177 [==============================] - 11s 61ms/step - batch_cost: 0.0605 - reader cost: 5.3444e-04

  1/177 [..............................] - ETA: 12s - batch_cost: 0.0727 - reader cost: 0.0567
  2/177 [..............................] - ETA: 12s - batch_cost: 0.0689 - reader cost: 0.0436
  3/177 [..............................] - ETA: 11s - batch_cost: 0.0659 - reader cost: 0.0311
  4/177 [..............................] - ETA: 11s - batch_cost: 0.0638 - reader cost: 0.0233
  5/177 [..............................] - ETA: 11s - batch_cost: 0.0642 - reader cost: 0.0187
  6/177 [>.............................] - ETA: 10s - batch_cost: 0.0635 - reader cost: 0.0156
  7/177 [>.............................] - ETA: 10s - batch_cost: 0.0633 - reader cost: 0.0133
  8/177 [>.............................] - ETA: 10s - batch_cost: 0.0627 - reader cost: 0.0117
  9/177 [>.............................] - ETA: 10s - batch_cost: 0.0622 - reader cost: 0.0104
 10/177 [>.............................] - ETA: 10s - batch_cost: 0.0617 - reader cost: 0.0093
 11/177 [>.............................] - ETA: 10s - batch_cost: 0.0624 - reader cost: 0.0085
 12/177 [=>............................] - ETA: 10s - batch_cost: 0.0617 - reader cost: 0.0078
 13/177 [=>............................] - ETA: 10s - batch_cost: 0.0616 - reader cost: 0.0073
 14/177 [=>............................] - ETA: 10s - batch_cost: 0.0615 - reader cost: 0.0067
 15/177 [=>............................] - ETA: 9s - batch_cost: 0.0613 - reader cost: 0.0063 
 16/177 [=>............................] - ETA: 9s - batch_cost: 0.0610 - reader cost: 0.0059
 17/177 [=>............................] - ETA: 9s - batch_cost: 0.0609 - reader cost: 0.0056
 18/177 [==>...........................] - ETA: 9s - batch_cost: 0.0609 - reader cost: 0.0052
 19/177 [==>...........................] - ETA: 9s - batch_cost: 0.0607 - reader cost: 0.0050
 20/177 [==>...........................] - ETA: 9s - batch_cost: 0.0607 - reader cost: 0.0047
 21/177 [==>...........................] - ETA: 9s - batch_cost: 0.0607 - reader cost: 0.0045
 22/177 [==>...........................] - ETA: 9s - batch_cost: 0.0606 - reader cost: 0.0043
 23/177 [==>...........................] - ETA: 9s - batch_cost: 0.0605 - reader cost: 0.0041
 24/177 [===>..........................] - ETA: 9s - batch_cost: 0.0606 - reader cost: 0.0040
 25/177 [===>..........................] - ETA: 9s - batch_cost: 0.0605 - reader cost: 0.0038
 26/177 [===>..........................] - ETA: 9s - batch_cost: 0.0605 - reader cost: 0.0037
 27/177 [===>..........................] - ETA: 9s - batch_cost: 0.0605 - reader cost: 0.0035
 28/177 [===>..........................] - ETA: 9s - batch_cost: 0.0605 - reader cost: 0.0034
 29/177 [===>..........................] - ETA: 9s - batch_cost: 0.0604 - reader cost: 0.0033
 30/177 [====>.........................] - ETA: 8s - batch_cost: 0.0603 - reader cost: 0.0032
 31/177 [====>.........................] - ETA: 8s - batch_cost: 0.0604 - reader cost: 0.0031
 32/177 [====>.........................] - ETA: 8s - batch_cost: 0.0604 - reader cost: 0.0030
 33/177 [====>.........................] - ETA: 8s - batch_cost: 0.0603 - reader cost: 0.0029
 34/177 [====>.........................] - ETA: 8s - batch_cost: 0.0603 - reader cost: 0.0028
 35/177 [====>.........................] - ETA: 8s - batch_cost: 0.0603 - reader cost: 0.0027
 36/177 [=====>........................] - ETA: 8s - batch_cost: 0.0603 - reader cost: 0.0026
 37/177 [=====>........................] - ETA: 8s - batch_cost: 0.0603 - reader cost: 0.0026
 38/177 [=====>........................] - ETA: 8s - batch_cost: 0.0603 - reader cost: 0.0025
 39/177 [=====>........................] - ETA: 8s - batch_cost: 0.0603 - reader cost: 0.0024
 40/177 [=====>........................] - ETA: 8s - batch_cost: 0.0603 - reader cost: 0.0024
 41/177 [=====>........................] - ETA: 8s - batch_cost: 0.0603 - reader cost: 0.0023
 42/177 [======>.......................] - ETA: 8s - batch_cost: 0.0602 - reader cost: 0.0023
 43/177 [======>.......................] - ETA: 8s - batch_cost: 0.0603 - reader cost: 0.0022
 44/177 [======>.......................] - ETA: 8s - batch_cost: 0.0603 - reader cost: 0.0022
 45/177 [======>.......................] - ETA: 8s - batch_cost: 0.0604 - reader cost: 0.0021
 46/177 [======>.......................] - ETA: 7s - batch_cost: 0.0605 - reader cost: 0.0021
 47/177 [======>.......................] - ETA: 7s - batch_cost: 0.0603 - reader cost: 0.0020
 48/177 [=======>......................] - ETA: 7s - batch_cost: 0.0604 - reader cost: 0.0020
 49/177 [=======>......................] - ETA: 7s - batch_cost: 0.0604 - reader cost: 0.0019
 50/177 [=======>......................] - ETA: 7s - batch_cost: 0.0604 - reader cost: 0.0019
 51/177 [=======>......................] - ETA: 7s - batch_cost: 0.0604 - reader cost: 0.0019
 52/177 [=======>......................] - ETA: 7s - batch_cost: 0.0604 - reader cost: 0.0018
 53/177 [=======>......................] - ETA: 7s - batch_cost: 0.0604 - reader cost: 0.0018
 54/177 [========>.....................] - ETA: 7s - batch_cost: 0.0604 - reader cost: 0.0018
 55/177 [========>.....................] - ETA: 7s - batch_cost: 0.0604 - reader cost: 0.0017
 56/177 [========>.....................] - ETA: 7s - batch_cost: 0.0604 - reader cost: 0.0017
 57/177 [========>.....................] - ETA: 7s - batch_cost: 0.0604 - reader cost: 0.0017
 58/177 [========>.....................] - ETA: 7s - batch_cost: 0.0605 - reader cost: 0.0016
 59/177 [=========>....................] - ETA: 7s - batch_cost: 0.0604 - reader cost: 0.0016
 60/177 [=========>....................] - ETA: 7s - batch_cost: 0.0605 - reader cost: 0.0016
 61/177 [=========>....................] - ETA: 7s - batch_cost: 0.0604 - reader cost: 0.0016
 62/177 [=========>....................] - ETA: 6s - batch_cost: 0.0604 - reader cost: 0.0015
 63/177 [=========>....................] - ETA: 6s - batch_cost: 0.0604 - reader cost: 0.0015
 64/177 [=========>....................] - ETA: 6s - batch_cost: 0.0604 - reader cost: 0.0015
 65/177 [==========>...................] - ETA: 6s - batch_cost: 0.0604 - reader cost: 0.0015
 66/177 [==========>...................] - ETA: 6s - batch_cost: 0.0603 - reader cost: 0.0014
 67/177 [==========>...................] - ETA: 6s - batch_cost: 0.0603 - reader cost: 0.0014
 68/177 [==========>...................] - ETA: 6s - batch_cost: 0.0603 - reader cost: 0.0014
 69/177 [==========>...................] - ETA: 6s - batch_cost: 0.0603 - reader cost: 0.0014
 70/177 [==========>...................] - ETA: 6s - batch_cost: 0.0603 - reader cost: 0.0014
 71/177 [===========>..................] - ETA: 6s - batch_cost: 0.0603 - reader cost: 0.0014
 72/177 [===========>..................] - ETA: 6s - batch_cost: 0.0603 - reader cost: 0.0013
 73/177 [===========>..................] - ETA: 6s - batch_cost: 0.0603 - reader cost: 0.0013
 74/177 [===========>..................] - ETA: 6s - batch_cost: 0.0603 - reader cost: 0.0013
 75/177 [===========>..................] - ETA: 6s - batch_cost: 0.0603 - reader cost: 0.0013
 76/177 [===========>..................] - ETA: 6s - batch_cost: 0.0602 - reader cost: 0.0013
 77/177 [============>.................] - ETA: 6s - batch_cost: 0.0603 - reader cost: 0.0013
 78/177 [============>.................] - ETA: 5s - batch_cost: 0.0602 - reader cost: 0.0012
 79/177 [============>.................] - ETA: 5s - batch_cost: 0.0603 - reader cost: 0.0012
 80/177 [============>.................] - ETA: 5s - batch_cost: 0.0603 - reader cost: 0.0012
 81/177 [============>.................] - ETA: 5s - batch_cost: 0.0603 - reader cost: 0.0012
 82/177 [============>.................] - ETA: 5s - batch_cost: 0.0603 - reader cost: 0.0012
 83/177 [=============>................] - ETA: 5s - batch_cost: 0.0603 - reader cost: 0.0012
 84/177 [=============>................] - ETA: 5s - batch_cost: 0.0603 - reader cost: 0.0011
 85/177 [=============>................] - ETA: 5s - batch_cost: 0.0602 - reader cost: 0.0011
 86/177 [=============>................] - ETA: 5s - batch_cost: 0.0603 - reader cost: 0.0011
 87/177 [=============>................] - ETA: 5s - batch_cost: 0.0604 - reader cost: 0.0011
 88/177 [=============>................] - ETA: 5s - batch_cost: 0.0603 - reader cost: 0.0011
 89/177 [==============>...............] - ETA: 5s - batch_cost: 0.0603 - reader cost: 0.0011
 90/177 [==============>...............] - ETA: 5s - batch_cost: 0.0604 - reader cost: 0.0011
 91/177 [==============>...............] - ETA: 5s - batch_cost: 0.0604 - reader cost: 0.0011
 92/177 [==============>...............] - ETA: 5s - batch_cost: 0.0604 - reader cost: 0.0010
 93/177 [==============>...............] - ETA: 5s - batch_cost: 0.0603 - reader cost: 0.0010
 94/177 [==============>...............] - ETA: 5s - batch_cost: 0.0603 - reader cost: 0.0010
 95/177 [===============>..............] - ETA: 4s - batch_cost: 0.0603 - reader cost: 0.0010
 96/177 [===============>..............] - ETA: 4s - batch_cost: 0.0603 - reader cost: 0.0010
 97/177 [===============>..............] - ETA: 4s - batch_cost: 0.0603 - reader cost: 9.9376e-04
 98/177 [===============>..............] - ETA: 4s - batch_cost: 0.0603 - reader cost: 9.8362e-04
 99/177 [===============>..............] - ETA: 4s - batch_cost: 0.0603 - reader cost: 9.7368e-04
100/177 [===============>..............] - ETA: 4s - batch_cost: 0.0603 - reader cost: 9.6394e-04
101/177 [================>.............] - ETA: 4s - batch_cost: 0.0603 - reader cost: 9.5440e-04
102/177 [================>.............] - ETA: 4s - batch_cost: 0.0603 - reader cost: 9.4504e-04
103/177 [================>.............] - ETA: 4s - batch_cost: 0.0603 - reader cost: 9.4557e-04
104/177 [================>.............] - ETA: 4s - batch_cost: 0.0603 - reader cost: 9.3648e-04
105/177 [================>.............] - ETA: 4s - batch_cost: 0.0603 - reader cost: 9.2756e-04
106/177 [================>.............] - ETA: 4s - batch_cost: 0.0603 - reader cost: 9.1881e-04
107/177 [=================>............] - ETA: 4s - batch_cost: 0.0603 - reader cost: 9.1022e-04
108/177 [=================>............] - ETA: 4s - batch_cost: 0.0603 - reader cost: 9.0179e-04
109/177 [=================>............] - ETA: 4s - batch_cost: 0.0603 - reader cost: 8.9352e-04
110/177 [=================>............] - ETA: 4s - batch_cost: 0.0603 - reader cost: 8.8540e-04
111/177 [=================>............] - ETA: 3s - batch_cost: 0.0603 - reader cost: 8.7742e-04
112/177 [=================>............] - ETA: 3s - batch_cost: 0.0603 - reader cost: 8.6958e-04
113/177 [==================>...........] - ETA: 3s - batch_cost: 0.0603 - reader cost: 8.6189e-04
114/177 [==================>...........] - ETA: 3s - batch_cost: 0.0603 - reader cost: 8.5433e-04
115/177 [==================>...........] - ETA: 3s - batch_cost: 0.0603 - reader cost: 8.4690e-04
116/177 [==================>...........] - ETA: 3s - batch_cost: 0.0603 - reader cost: 8.3960e-04
117/177 [==================>...........] - ETA: 3s - batch_cost: 0.0603 - reader cost: 8.3242e-04
118/177 [===================>..........] - ETA: 3s - batch_cost: 0.0604 - reader cost: 8.2537e-04
119/177 [===================>..........] - ETA: 3s - batch_cost: 0.0604 - reader cost: 8.1843e-04
120/177 [===================>..........] - ETA: 3s - batch_cost: 0.0604 - reader cost: 8.1161e-04
121/177 [===================>..........] - ETA: 3s - batch_cost: 0.0604 - reader cost: 8.0491e-04
122/177 [===================>..........] - ETA: 3s - batch_cost: 0.0604 - reader cost: 7.9831e-04
123/177 [===================>..........] - ETA: 3s - batch_cost: 0.0604 - reader cost: 7.9994e-04
124/177 [====================>.........] - ETA: 3s - batch_cost: 0.0604 - reader cost: 7.9348e-04
125/177 [====================>.........] - ETA: 3s - batch_cost: 0.0604 - reader cost: 7.8714e-04
126/177 [====================>.........] - ETA: 3s - batch_cost: 0.0604 - reader cost: 7.8089e-04
127/177 [====================>.........] - ETA: 3s - batch_cost: 0.0604 - reader cost: 7.8261e-04
128/177 [====================>.........] - ETA: 2s - batch_cost: 0.0604 - reader cost: 7.7650e-04
129/177 [====================>.........] - ETA: 2s - batch_cost: 0.0604 - reader cost: 7.7048e-04
130/177 [=====================>........] - ETA: 2s - batch_cost: 0.0604 - reader cost: 7.6455e-04
131/177 [=====================>........] - ETA: 2s - batch_cost: 0.0604 - reader cost: 7.5872e-04
132/177 [=====================>........] - ETA: 2s - batch_cost: 0.0604 - reader cost: 7.5297e-04
133/177 [=====================>........] - ETA: 2s - batch_cost: 0.0604 - reader cost: 7.4731e-04
134/177 [=====================>........] - ETA: 2s - batch_cost: 0.0604 - reader cost: 7.4173e-04
135/177 [=====================>........] - ETA: 2s - batch_cost: 0.0604 - reader cost: 7.3623e-04
136/177 [======================>.......] - ETA: 2s - batch_cost: 0.0604 - reader cost: 7.3082e-04
137/177 [======================>.......] - ETA: 2s - batch_cost: 0.0604 - reader cost: 7.2549e-04
138/177 [======================>.......] - ETA: 2s - batch_cost: 0.0604 - reader cost: 7.2023e-04
139/177 [======================>.......] - ETA: 2s - batch_cost: 0.0605 - reader cost: 7.2223e-04
140/177 [======================>.......] - ETA: 2s - batch_cost: 0.0605 - reader cost: 7.1707e-04
141/177 [======================>.......] - ETA: 2s - batch_cost: 0.0604 - reader cost: 7.1199e-04
142/177 [=======================>......] - ETA: 2s - batch_cost: 0.0605 - reader cost: 7.0697e-04
143/177 [=======================>......] - ETA: 2s - batch_cost: 0.0605 - reader cost: 7.0203e-04
144/177 [=======================>......] - ETA: 2s - batch_cost: 0.0605 - reader cost: 6.9715e-04
145/177 [=======================>......] - ETA: 1s - batch_cost: 0.0605 - reader cost: 6.9234e-04
146/177 [=======================>......] - ETA: 1s - batch_cost: 0.0605 - reader cost: 6.8760e-04
147/177 [=======================>......] - ETA: 1s - batch_cost: 0.0605 - reader cost: 6.8292e-04
148/177 [========================>.....] - ETA: 1s - batch_cost: 0.0604 - reader cost: 6.7831e-04
149/177 [========================>.....] - ETA: 1s - batch_cost: 0.0605 - reader cost: 6.7376e-04
150/177 [========================>.....] - ETA: 1s - batch_cost: 0.0605 - reader cost: 6.6927e-04
151/177 [========================>.....] - ETA: 1s - batch_cost: 0.0605 - reader cost: 6.6483e-04
152/177 [========================>.....] - ETA: 1s - batch_cost: 0.0605 - reader cost: 6.6046e-04
153/177 [========================>.....] - ETA: 1s - batch_cost: 0.0605 - reader cost: 6.6268e-04
154/177 [=========================>....] - ETA: 1s - batch_cost: 0.0605 - reader cost: 6.5837e-04
155/177 [=========================>....] - ETA: 1s - batch_cost: 0.0605 - reader cost: 6.5413e-04
156/177 [=========================>....] - ETA: 1s - batch_cost: 0.0605 - reader cost: 6.4993e-04
157/177 [=========================>....] - ETA: 1s - batch_cost: 0.0605 - reader cost: 6.4579e-04
158/177 [=========================>....] - ETA: 1s - batch_cost: 0.0605 - reader cost: 6.4171e-04
159/177 [=========================>....] - ETA: 1s - batch_cost: 0.0605 - reader cost: 6.3767e-04
160/177 [==========================>...] - ETA: 1s - batch_cost: 0.0604 - reader cost: 6.3368e-04
161/177 [==========================>...] - ETA: 0s - batch_cost: 0.0605 - reader cost: 6.2975e-04
162/177 [==========================>...] - ETA: 0s - batch_cost: 0.0605 - reader cost: 6.2586e-04
163/177 [==========================>...] - ETA: 0s - batch_cost: 0.0605 - reader cost: 6.2202e-04
164/177 [==========================>...] - ETA: 0s - batch_cost: 0.0605 - reader cost: 6.1823e-04
165/177 [==========================>...] - ETA: 0s - batch_cost: 0.0605 - reader cost: 6.1448e-04
166/177 [===========================>..] - ETA: 0s - batch_cost: 0.0605 - reader cost: 6.1078e-04
167/177 [===========================>..] - ETA: 0s - batch_cost: 0.0605 - reader cost: 6.0712e-04
168/177 [===========================>..] - ETA: 0s - batch_cost: 0.0605 - reader cost: 6.0946e-04
169/177 [===========================>..] - ETA: 0s - batch_cost: 0.0605 - reader cost: 6.0585e-04
170/177 [===========================>..] - ETA: 0s - batch_cost: 0.0605 - reader cost: 6.0229e-04
171/177 [===========================>..] - ETA: 0s - batch_cost: 0.0605 - reader cost: 5.9876e-04
172/177 [============================>.] - ETA: 0s - batch_cost: 0.0605 - reader cost: 5.9528e-04
173/177 [============================>.] - ETA: 0s - batch_cost: 0.0605 - reader cost: 5.9184e-04
174/177 [============================>.] - ETA: 0s - batch_cost: 0.0604 - reader cost: 5.8844e-04
175/177 [============================>.] - ETA: 0s - batch_cost: 0.0604 - reader cost: 5.8508e-04
176/177 [============================>.] - ETA: 0s - batch_cost: 0.0604 - reader cost: 5.9030e-04
177/177 [==============================] - 11s 61ms/step - batch_cost: 0.0604 - reader cost: 5.9548e-04

  1/177 [..............................] - ETA: 14s - batch_cost: 0.0838 - reader cost: 0.0566
  2/177 [..............................] - ETA: 13s - batch_cost: 0.0781 - reader cost: 0.0404
  4/177 [..............................] - ETA: 11s - batch_cost: 0.0685 - reader cost: 0.0246
  5/177 [..............................] - ETA: 11s - batch_cost: 0.0674 - reader cost: 0.0197
  6/177 [>.............................] - ETA: 11s - batch_cost: 0.0671 - reader cost: 0.0164
  7/177 [>.............................] - ETA: 11s - batch_cost: 0.0666 - reader cost: 0.0141
  8/177 [>.............................] - ETA: 11s - batch_cost: 0.0662 - reader cost: 0.0124
  9/177 [>.............................] - ETA: 11s - batch_cost: 0.0663 - reader cost: 0.0110
 11/177 [>.............................] - ETA: 10s - batch_cost: 0.0633 - reader cost: 0.0091
 12/177 [=>............................] - ETA: 10s - batch_cost: 0.0635 - reader cost: 0.0084
 13/177 [=>............................] - ETA: 10s - batch_cost: 0.0631 - reader cost: 0.0077
 14/177 [=>............................] - ETA: 10s - batch_cost: 0.0623 - reader cost: 0.0072
 15/177 [=>............................] - ETA: 10s - batch_cost: 0.0629 - reader cost: 0.0068
 16/177 [=>............................] - ETA: 10s - batch_cost: 0.0624 - reader cost: 0.0063
 17/177 [=>............................] - ETA: 10s - batch_cost: 0.0625 - reader cost: 0.0060
 18/177 [==>...........................] - ETA: 9s - batch_cost: 0.0622 - reader cost: 0.0056 
 19/177 [==>...........................] - ETA: 9s - batch_cost: 0.0621 - reader cost: 0.0053
 20/177 [==>...........................] - ETA: 9s - batch_cost: 0.0620 - reader cost: 0.0051
 21/177 [==>...........................] - ETA: 9s - batch_cost: 0.0618 - reader cost: 0.0048
 22/177 [==>...........................] - ETA: 9s - batch_cost: 0.0618 - reader cost: 0.0046
 23/177 [==>...........................] - ETA: 9s - batch_cost: 0.0617 - reader cost: 0.0044
 24/177 [===>..........................] - ETA: 9s - batch_cost: 0.0615 - reader cost: 0.0042
 25/177 [===>..........................] - ETA: 9s - batch_cost: 0.0617 - reader cost: 0.0041
 26/177 [===>..........................] - ETA: 9s - batch_cost: 0.0615 - reader cost: 0.0039
 27/177 [===>..........................] - ETA: 9s - batch_cost: 0.0615 - reader cost: 0.0038
 28/177 [===>..........................] - ETA: 9s - batch_cost: 0.0613 - reader cost: 0.0036
 29/177 [===>..........................] - ETA: 9s - batch_cost: 0.0614 - reader cost: 0.0035
 30/177 [====>.........................] - ETA: 9s - batch_cost: 0.0613 - reader cost: 0.0034
 31/177 [====>.........................] - ETA: 8s - batch_cost: 0.0614 - reader cost: 0.0033
 32/177 [====>.........................] - ETA: 8s - batch_cost: 0.0615 - reader cost: 0.0032
 33/177 [====>.........................] - ETA: 8s - batch_cost: 0.0613 - reader cost: 0.0031
 34/177 [====>.........................] - ETA: 8s - batch_cost: 0.0612 - reader cost: 0.0030
 35/177 [====>.........................] - ETA: 8s - batch_cost: 0.0611 - reader cost: 0.0029
 36/177 [=====>........................] - ETA: 8s - batch_cost: 0.0611 - reader cost: 0.0028
 37/177 [=====>........................] - ETA: 8s - batch_cost: 0.0611 - reader cost: 0.0028
 38/177 [=====>........................] - ETA: 8s - batch_cost: 0.0610 - reader cost: 0.0027
 39/177 [=====>........................] - ETA: 8s - batch_cost: 0.0609 - reader cost: 0.0026
 40/177 [=====>........................] - ETA: 8s - batch_cost: 0.0609 - reader cost: 0.0025
 41/177 [=====>........................] - ETA: 8s - batch_cost: 0.0609 - reader cost: 0.0025
 42/177 [======>.......................] - ETA: 8s - batch_cost: 0.0609 - reader cost: 0.0024
 43/177 [======>.......................] - ETA: 8s - batch_cost: 0.0608 - reader cost: 0.0024
 44/177 [======>.......................] - ETA: 8s - batch_cost: 0.0607 - reader cost: 0.0023
 45/177 [======>.......................] - ETA: 8s - batch_cost: 0.0607 - reader cost: 0.0023
 46/177 [======>.......................] - ETA: 7s - batch_cost: 0.0606 - reader cost: 0.0022
 47/177 [======>.......................] - ETA: 7s - batch_cost: 0.0607 - reader cost: 0.0022
 48/177 [=======>......................] - ETA: 7s - batch_cost: 0.0606 - reader cost: 0.0021
 49/177 [=======>......................] - ETA: 7s - batch_cost: 0.0606 - reader cost: 0.0021
 50/177 [=======>......................] - ETA: 7s - batch_cost: 0.0606 - reader cost: 0.0020
 51/177 [=======>......................] - ETA: 7s - batch_cost: 0.0607 - reader cost: 0.0020
 52/177 [=======>......................] - ETA: 7s - batch_cost: 0.0606 - reader cost: 0.0020
 53/177 [=======>......................] - ETA: 7s - batch_cost: 0.0606 - reader cost: 0.0019
 54/177 [========>.....................] - ETA: 7s - batch_cost: 0.0607 - reader cost: 0.0019
 55/177 [========>.....................] - ETA: 7s - batch_cost: 0.0608 - reader cost: 0.0019
 56/177 [========>.....................] - ETA: 7s - batch_cost: 0.0607 - reader cost: 0.0018
 57/177 [========>.....................] - ETA: 7s - batch_cost: 0.0608 - reader cost: 0.0018
 58/177 [========>.....................] - ETA: 7s - batch_cost: 0.0608 - reader cost: 0.0018
 59/177 [=========>....................] - ETA: 7s - batch_cost: 0.0608 - reader cost: 0.0017
 60/177 [=========>....................] - ETA: 7s - batch_cost: 0.0607 - reader cost: 0.0017
 61/177 [=========>....................] - ETA: 7s - batch_cost: 0.0607 - reader cost: 0.0017
 62/177 [=========>....................] - ETA: 7s - batch_cost: 0.0607 - reader cost: 0.0016
 63/177 [=========>....................] - ETA: 6s - batch_cost: 0.0607 - reader cost: 0.0016
 64/177 [=========>....................] - ETA: 6s - batch_cost: 0.0606 - reader cost: 0.0016
 65/177 [==========>...................] - ETA: 6s - batch_cost: 0.0607 - reader cost: 0.0016
 66/177 [==========>...................] - ETA: 6s - batch_cost: 0.0607 - reader cost: 0.0015
 67/177 [==========>...................] - ETA: 6s - batch_cost: 0.0606 - reader cost: 0.0015
 68/177 [==========>...................] - ETA: 6s - batch_cost: 0.0606 - reader cost: 0.0015
 69/177 [==========>...................] - ETA: 6s - batch_cost: 0.0606 - reader cost: 0.0015
 70/177 [==========>...................] - ETA: 6s - batch_cost: 0.0606 - reader cost: 0.0015
 71/177 [===========>..................] - ETA: 6s - batch_cost: 0.0606 - reader cost: 0.0014
 72/177 [===========>..................] - ETA: 6s - batch_cost: 0.0606 - reader cost: 0.0014
 73/177 [===========>..................] - ETA: 6s - batch_cost: 0.0605 - reader cost: 0.0014
 74/177 [===========>..................] - ETA: 6s - batch_cost: 0.0606 - reader cost: 0.0014
 75/177 [===========>..................] - ETA: 6s - batch_cost: 0.0606 - reader cost: 0.0014
 76/177 [===========>..................] - ETA: 6s - batch_cost: 0.0606 - reader cost: 0.0013
 77/177 [============>.................] - ETA: 6s - batch_cost: 0.0606 - reader cost: 0.0013
 78/177 [============>.................] - ETA: 6s - batch_cost: 0.0606 - reader cost: 0.0013
 79/177 [============>.................] - ETA: 5s - batch_cost: 0.0606 - reader cost: 0.0013
 80/177 [============>.................] - ETA: 5s - batch_cost: 0.0606 - reader cost: 0.0013
 81/177 [============>.................] - ETA: 5s - batch_cost: 0.0606 - reader cost: 0.0013
 82/177 [============>.................] - ETA: 5s - batch_cost: 0.0606 - reader cost: 0.0013
 83/177 [=============>................] - ETA: 5s - batch_cost: 0.0606 - reader cost: 0.0012
 84/177 [=============>................] - ETA: 5s - batch_cost: 0.0606 - reader cost: 0.0012
 85/177 [=============>................] - ETA: 5s - batch_cost: 0.0606 - reader cost: 0.0012
 86/177 [=============>................] - ETA: 5s - batch_cost: 0.0606 - reader cost: 0.0012
 87/177 [=============>................] - ETA: 5s - batch_cost: 0.0606 - reader cost: 0.0012
 88/177 [=============>................] - ETA: 5s - batch_cost: 0.0606 - reader cost: 0.0012
 89/177 [==============>...............] - ETA: 5s - batch_cost: 0.0606 - reader cost: 0.0012
 90/177 [==============>...............] - ETA: 5s - batch_cost: 0.0606 - reader cost: 0.0011
 91/177 [==============>...............] - ETA: 5s - batch_cost: 0.0606 - reader cost: 0.0011
 92/177 [==============>...............] - ETA: 5s - batch_cost: 0.0606 - reader cost: 0.0011
 93/177 [==============>...............] - ETA: 5s - batch_cost: 0.0606 - reader cost: 0.0011
 94/177 [==============>...............] - ETA: 5s - batch_cost: 0.0606 - reader cost: 0.0011
 95/177 [===============>..............] - ETA: 4s - batch_cost: 0.0606 - reader cost: 0.0011
 96/177 [===============>..............] - ETA: 4s - batch_cost: 0.0606 - reader cost: 0.0011
 97/177 [===============>..............] - ETA: 4s - batch_cost: 0.0607 - reader cost: 0.0011
 98/177 [===============>..............] - ETA: 4s - batch_cost: 0.0607 - reader cost: 0.0011
 99/177 [===============>..............] - ETA: 4s - batch_cost: 0.0606 - reader cost: 0.0010
100/177 [===============>..............] - ETA: 4s - batch_cost: 0.0606 - reader cost: 0.0010
101/177 [================>.............] - ETA: 4s - batch_cost: 0.0606 - reader cost: 0.0010
102/177 [================>.............] - ETA: 4s - batch_cost: 0.0606 - reader cost: 0.0010
103/177 [================>.............] - ETA: 4s - batch_cost: 0.0606 - reader cost: 0.0010
104/177 [================>.............] - ETA: 4s - batch_cost: 0.0606 - reader cost: 0.0010
105/177 [================>.............] - ETA: 4s - batch_cost: 0.0606 - reader cost: 9.9947e-04
106/177 [================>.............] - ETA: 4s - batch_cost: 0.0606 - reader cost: 9.9004e-04
107/177 [=================>............] - ETA: 4s - batch_cost: 0.0606 - reader cost: 9.8079e-04
108/177 [=================>............] - ETA: 4s - batch_cost: 0.0606 - reader cost: 9.7171e-04
109/177 [=================>............] - ETA: 4s - batch_cost: 0.0606 - reader cost: 9.6280e-04
110/177 [=================>............] - ETA: 4s - batch_cost: 0.0606 - reader cost: 9.5404e-04
111/177 [=================>............] - ETA: 4s - batch_cost: 0.0606 - reader cost: 9.4545e-04
112/177 [=================>............] - ETA: 3s - batch_cost: 0.0606 - reader cost: 9.3701e-04
113/177 [==================>...........] - ETA: 3s - batch_cost: 0.0606 - reader cost: 9.2871e-04
114/177 [==================>...........] - ETA: 3s - batch_cost: 0.0606 - reader cost: 9.2057e-04
115/177 [==================>...........] - ETA: 3s - batch_cost: 0.0606 - reader cost: 9.1256e-04
116/177 [==================>...........] - ETA: 3s - batch_cost: 0.0606 - reader cost: 9.0470e-04
117/177 [==================>...........] - ETA: 3s - batch_cost: 0.0606 - reader cost: 8.9696e-04
118/177 [===================>..........] - ETA: 3s - batch_cost: 0.0606 - reader cost: 8.8936e-04
119/177 [===================>..........] - ETA: 3s - batch_cost: 0.0606 - reader cost: 8.8189e-04
120/177 [===================>..........] - ETA: 3s - batch_cost: 0.0606 - reader cost: 8.7454e-04
121/177 [===================>..........] - ETA: 3s - batch_cost: 0.0606 - reader cost: 8.6731e-04
122/177 [===================>..........] - ETA: 3s - batch_cost: 0.0606 - reader cost: 8.6839e-04
123/177 [===================>..........] - ETA: 3s - batch_cost: 0.0606 - reader cost: 8.6133e-04
124/177 [====================>.........] - ETA: 3s - batch_cost: 0.0606 - reader cost: 8.5438e-04
125/177 [====================>.........] - ETA: 3s - batch_cost: 0.0606 - reader cost: 8.4755e-04
126/177 [====================>.........] - ETA: 3s - batch_cost: 0.0606 - reader cost: 8.4082e-04
127/177 [====================>.........] - ETA: 3s - batch_cost: 0.0606 - reader cost: 8.3420e-04
128/177 [====================>.........] - ETA: 2s - batch_cost: 0.0606 - reader cost: 8.2768e-04
129/177 [====================>.........] - ETA: 2s - batch_cost: 0.0606 - reader cost: 8.2127e-04
130/177 [=====================>........] - ETA: 2s - batch_cost: 0.0606 - reader cost: 8.1495e-04
131/177 [=====================>........] - ETA: 2s - batch_cost: 0.0606 - reader cost: 8.0873e-04
132/177 [=====================>........] - ETA: 2s - batch_cost: 0.0606 - reader cost: 8.0260e-04
133/177 [=====================>........] - ETA: 2s - batch_cost: 0.0606 - reader cost: 7.9657e-04
134/177 [=====================>........] - ETA: 2s - batch_cost: 0.0606 - reader cost: 7.9062e-04
135/177 [=====================>........] - ETA: 2s - batch_cost: 0.0606 - reader cost: 7.8477e-04
136/177 [======================>.......] - ETA: 2s - batch_cost: 0.0606 - reader cost: 7.8640e-04
137/177 [======================>.......] - ETA: 2s - batch_cost: 0.0606 - reader cost: 7.8066e-04
138/177 [======================>.......] - ETA: 2s - batch_cost: 0.0606 - reader cost: 7.7500e-04
139/177 [======================>.......] - ETA: 2s - batch_cost: 0.0606 - reader cost: 7.6943e-04
140/177 [======================>.......] - ETA: 2s - batch_cost: 0.0606 - reader cost: 7.6393e-04
141/177 [======================>.......] - ETA: 2s - batch_cost: 0.0606 - reader cost: 7.5851e-04
142/177 [=======================>......] - ETA: 2s - batch_cost: 0.0606 - reader cost: 7.5317e-04
143/177 [=======================>......] - ETA: 2s - batch_cost: 0.0605 - reader cost: 7.4791e-04
144/177 [=======================>......] - ETA: 2s - batch_cost: 0.0605 - reader cost: 7.4271e-04
145/177 [=======================>......] - ETA: 1s - batch_cost: 0.0606 - reader cost: 7.3759e-04
146/177 [=======================>......] - ETA: 1s - batch_cost: 0.0605 - reader cost: 7.3254e-04
147/177 [=======================>......] - ETA: 1s - batch_cost: 0.0605 - reader cost: 7.2755e-04
148/177 [========================>.....] - ETA: 1s - batch_cost: 0.0605 - reader cost: 7.2264e-04
149/177 [========================>.....] - ETA: 1s - batch_cost: 0.0605 - reader cost: 7.1779e-04
150/177 [========================>.....] - ETA: 1s - batch_cost: 0.0605 - reader cost: 7.1300e-04
151/177 [========================>.....] - ETA: 1s - batch_cost: 0.0605 - reader cost: 7.0828e-04
152/177 [========================>.....] - ETA: 1s - batch_cost: 0.0605 - reader cost: 7.1018e-04
153/177 [========================>.....] - ETA: 1s - batch_cost: 0.0605 - reader cost: 7.0554e-04
154/177 [=========================>....] - ETA: 1s - batch_cost: 0.0605 - reader cost: 7.0096e-04
155/177 [=========================>....] - ETA: 1s - batch_cost: 0.0605 - reader cost: 6.9643e-04
156/177 [=========================>....] - ETA: 1s - batch_cost: 0.0605 - reader cost: 6.9839e-04
157/177 [=========================>....] - ETA: 1s - batch_cost: 0.0605 - reader cost: 6.9394e-04
158/177 [=========================>....] - ETA: 1s - batch_cost: 0.0605 - reader cost: 6.8955e-04
159/177 [=========================>....] - ETA: 1s - batch_cost: 0.0605 - reader cost: 6.8521e-04
160/177 [==========================>...] - ETA: 1s - batch_cost: 0.0605 - reader cost: 6.8093e-04
161/177 [==========================>...] - ETA: 0s - batch_cost: 0.0605 - reader cost: 6.8291e-04
162/177 [==========================>...] - ETA: 0s - batch_cost: 0.0605 - reader cost: 6.7870e-04
163/177 [==========================>...] - ETA: 0s - batch_cost: 0.0605 - reader cost: 6.7453e-04
164/177 [==========================>...] - ETA: 0s - batch_cost: 0.0605 - reader cost: 6.7042e-04
165/177 [==========================>...] - ETA: 0s - batch_cost: 0.0605 - reader cost: 6.6636e-04
166/177 [===========================>..] - ETA: 0s - batch_cost: 0.0605 - reader cost: 6.6234e-04
167/177 [===========================>..] - ETA: 0s - batch_cost: 0.0605 - reader cost: 6.5838e-04
168/177 [===========================>..] - ETA: 0s - batch_cost: 0.0605 - reader cost: 6.5446e-04
169/177 [===========================>..] - ETA: 0s - batch_cost: 0.0605 - reader cost: 6.5059e-04
170/177 [===========================>..] - ETA: 0s - batch_cost: 0.0605 - reader cost: 6.4676e-04
171/177 [===========================>..] - ETA: 0s - batch_cost: 0.0605 - reader cost: 6.4298e-04
172/177 [============================>.] - ETA: 0s - batch_cost: 0.0605 - reader cost: 6.3924e-04
173/177 [============================>.] - ETA: 0s - batch_cost: 0.0605 - reader cost: 6.3554e-04
174/177 [============================>.] - ETA: 0s - batch_cost: 0.0605 - reader cost: 6.3189e-04
175/177 [============================>.] - ETA: 0s - batch_cost: 0.0605 - reader cost: 6.2828e-04
176/177 [============================>.] - ETA: 0s - batch_cost: 0.0605 - reader cost: 6.2471e-04
177/177 [==============================] - 11s 61ms/step - batch_cost: 0.0605 - reader cost: 6.2118e-04

  1/177 [..............................] - ETA: 10s - batch_cost: 0.0622 - reader cost: 0.0431
  2/177 [..............................] - ETA: 10s - batch_cost: 0.0615 - reader cost: 0.0367
  3/177 [..............................] - ETA: 10s - batch_cost: 0.0618 - reader cost: 0.0290
  4/177 [..............................] - ETA: 10s - batch_cost: 0.0611 - reader cost: 0.0217
  5/177 [..............................] - ETA: 10s - batch_cost: 0.0605 - reader cost: 0.0174
  6/177 [>.............................] - ETA: 10s - batch_cost: 0.0607 - reader cost: 0.0145
  7/177 [>.............................] - ETA: 10s - batch_cost: 0.0607 - reader cost: 0.0124
  8/177 [>.............................] - ETA: 10s - batch_cost: 0.0612 - reader cost: 0.0109
  9/177 [>.............................] - ETA: 10s - batch_cost: 0.0608 - reader cost: 0.0097
 10/177 [>.............................] - ETA: 10s - batch_cost: 0.0607 - reader cost: 0.0087
 11/177 [>.............................] - ETA: 10s - batch_cost: 0.0610 - reader cost: 0.0079
 12/177 [=>............................] - ETA: 10s - batch_cost: 0.0606 - reader cost: 0.0072
 13/177 [=>............................] - ETA: 10s - batch_cost: 0.0608 - reader cost: 0.0067
 14/177 [=>............................] - ETA: 9s - batch_cost: 0.0605 - reader cost: 0.0062 
 15/177 [=>............................] - ETA: 9s - batch_cost: 0.0599 - reader cost: 0.0058
 16/177 [=>............................] - ETA: 9s - batch_cost: 0.0602 - reader cost: 0.0054
 17/177 [=>............................] - ETA: 9s - batch_cost: 0.0602 - reader cost: 0.0051
 18/177 [==>...........................] - ETA: 9s - batch_cost: 0.0602 - reader cost: 0.0048
 19/177 [==>...........................] - ETA: 9s - batch_cost: 0.0598 - reader cost: 0.0046
 20/177 [==>...........................] - ETA: 9s - batch_cost: 0.0601 - reader cost: 0.0044
 21/177 [==>...........................] - ETA: 9s - batch_cost: 0.0601 - reader cost: 0.0042
 22/177 [==>...........................] - ETA: 9s - batch_cost: 0.0599 - reader cost: 0.0040
 23/177 [==>...........................] - ETA: 9s - batch_cost: 0.0600 - reader cost: 0.0038
 24/177 [===>..........................] - ETA: 9s - batch_cost: 0.0598 - reader cost: 0.0037
 25/177 [===>..........................] - ETA: 9s - batch_cost: 0.0600 - reader cost: 0.0035
 26/177 [===>..........................] - ETA: 9s - batch_cost: 0.0600 - reader cost: 0.0034
 27/177 [===>..........................] - ETA: 9s - batch_cost: 0.0599 - reader cost: 0.0033
 28/177 [===>..........................] - ETA: 8s - batch_cost: 0.0599 - reader cost: 0.0031
 29/177 [===>..........................] - ETA: 8s - batch_cost: 0.0598 - reader cost: 0.0030
 30/177 [====>.........................] - ETA: 8s - batch_cost: 0.0598 - reader cost: 0.0029
 31/177 [====>.........................] - ETA: 8s - batch_cost: 0.0599 - reader cost: 0.0028
 32/177 [====>.........................] - ETA: 8s - batch_cost: 0.0599 - reader cost: 0.0028
 33/177 [====>.........................] - ETA: 8s - batch_cost: 0.0600 - reader cost: 0.0027
 34/177 [====>.........................] - ETA: 8s - batch_cost: 0.0599 - reader cost: 0.0026
 35/177 [====>.........................] - ETA: 8s - batch_cost: 0.0599 - reader cost: 0.0025
 36/177 [=====>........................] - ETA: 8s - batch_cost: 0.0600 - reader cost: 0.0025
 37/177 [=====>........................] - ETA: 8s - batch_cost: 0.0600 - reader cost: 0.0024
 38/177 [=====>........................] - ETA: 8s - batch_cost: 0.0600 - reader cost: 0.0024
 39/177 [=====>........................] - ETA: 8s - batch_cost: 0.0600 - reader cost: 0.0023
 40/177 [=====>........................] - ETA: 8s - batch_cost: 0.0601 - reader cost: 0.0022
 41/177 [=====>........................] - ETA: 8s - batch_cost: 0.0601 - reader cost: 0.0022
 42/177 [======>.......................] - ETA: 8s - batch_cost: 0.0601 - reader cost: 0.0021
 43/177 [======>.......................] - ETA: 8s - batch_cost: 0.0601 - reader cost: 0.0021
 44/177 [======>.......................] - ETA: 8s - batch_cost: 0.0600 - reader cost: 0.0020
 45/177 [======>.......................] - ETA: 7s - batch_cost: 0.0600 - reader cost: 0.0020
 46/177 [======>.......................] - ETA: 7s - batch_cost: 0.0600 - reader cost: 0.0019
 47/177 [======>.......................] - ETA: 7s - batch_cost: 0.0600 - reader cost: 0.0019
 48/177 [=======>......................] - ETA: 7s - batch_cost: 0.0600 - reader cost: 0.0019
 49/177 [=======>......................] - ETA: 7s - batch_cost: 0.0600 - reader cost: 0.0018
 50/177 [=======>......................] - ETA: 7s - batch_cost: 0.0599 - reader cost: 0.0018
 51/177 [=======>......................] - ETA: 7s - batch_cost: 0.0600 - reader cost: 0.0018
 52/177 [=======>......................] - ETA: 7s - batch_cost: 0.0600 - reader cost: 0.0017
 53/177 [=======>......................] - ETA: 7s - batch_cost: 0.0599 - reader cost: 0.0017
 54/177 [========>.....................] - ETA: 7s - batch_cost: 0.0599 - reader cost: 0.0017
 55/177 [========>.....................] - ETA: 7s - batch_cost: 0.0600 - reader cost: 0.0016
 56/177 [========>.....................] - ETA: 7s - batch_cost: 0.0599 - reader cost: 0.0016
 57/177 [========>.....................] - ETA: 7s - batch_cost: 0.0600 - reader cost: 0.0016
 58/177 [========>.....................] - ETA: 7s - batch_cost: 0.0599 - reader cost: 0.0016
 59/177 [=========>....................] - ETA: 7s - batch_cost: 0.0600 - reader cost: 0.0015
 60/177 [=========>....................] - ETA: 7s - batch_cost: 0.0600 - reader cost: 0.0015
 61/177 [=========>....................] - ETA: 6s - batch_cost: 0.0600 - reader cost: 0.0015
 62/177 [=========>....................] - ETA: 6s - batch_cost: 0.0599 - reader cost: 0.0015
 63/177 [=========>....................] - ETA: 6s - batch_cost: 0.0599 - reader cost: 0.0014
 64/177 [=========>....................] - ETA: 6s - batch_cost: 0.0600 - reader cost: 0.0014
 65/177 [==========>...................] - ETA: 6s - batch_cost: 0.0599 - reader cost: 0.0014
 66/177 [==========>...................] - ETA: 6s - batch_cost: 0.0599 - reader cost: 0.0014
 67/177 [==========>...................] - ETA: 6s - batch_cost: 0.0599 - reader cost: 0.0013
 68/177 [==========>...................] - ETA: 6s - batch_cost: 0.0599 - reader cost: 0.0013
 69/177 [==========>...................] - ETA: 6s - batch_cost: 0.0600 - reader cost: 0.0013
 70/177 [==========>...................] - ETA: 6s - batch_cost: 0.0599 - reader cost: 0.0013
 71/177 [===========>..................] - ETA: 6s - batch_cost: 0.0600 - reader cost: 0.0013
 72/177 [===========>..................] - ETA: 6s - batch_cost: 0.0599 - reader cost: 0.0013
 73/177 [===========>..................] - ETA: 6s - batch_cost: 0.0599 - reader cost: 0.0012
 74/177 [===========>..................] - ETA: 6s - batch_cost: 0.0599 - reader cost: 0.0012
 75/177 [===========>..................] - ETA: 6s - batch_cost: 0.0599 - reader cost: 0.0012
 76/177 [===========>..................] - ETA: 6s - batch_cost: 0.0599 - reader cost: 0.0012
 77/177 [============>.................] - ETA: 6s - batch_cost: 0.0599 - reader cost: 0.0012
 78/177 [============>.................] - ETA: 5s - batch_cost: 0.0599 - reader cost: 0.0012
 79/177 [============>.................] - ETA: 5s - batch_cost: 0.0599 - reader cost: 0.0011
 80/177 [============>.................] - ETA: 5s - batch_cost: 0.0599 - reader cost: 0.0011
 81/177 [============>.................] - ETA: 5s - batch_cost: 0.0599 - reader cost: 0.0011
 82/177 [============>.................] - ETA: 5s - batch_cost: 0.0599 - reader cost: 0.0011
 83/177 [=============>................] - ETA: 5s - batch_cost: 0.0599 - reader cost: 0.0011
 84/177 [=============>................] - ETA: 5s - batch_cost: 0.0600 - reader cost: 0.0011
 85/177 [=============>................] - ETA: 5s - batch_cost: 0.0599 - reader cost: 0.0011
 86/177 [=============>................] - ETA: 5s - batch_cost: 0.0599 - reader cost: 0.0011
 87/177 [=============>................] - ETA: 5s - batch_cost: 0.0599 - reader cost: 0.0010
 88/177 [=============>................] - ETA: 5s - batch_cost: 0.0599 - reader cost: 0.0010
 89/177 [==============>...............] - ETA: 5s - batch_cost: 0.0599 - reader cost: 0.0010
 90/177 [==============>...............] - ETA: 5s - batch_cost: 0.0599 - reader cost: 0.0010
 91/177 [==============>...............] - ETA: 5s - batch_cost: 0.0599 - reader cost: 0.0010
 92/177 [==============>...............] - ETA: 5s - batch_cost: 0.0599 - reader cost: 9.8922e-04
 93/177 [==============>...............] - ETA: 5s - batch_cost: 0.0599 - reader cost: 9.7858e-04
 94/177 [==============>...............] - ETA: 4s - batch_cost: 0.0599 - reader cost: 9.6817e-04
 95/177 [===============>..............] - ETA: 4s - batch_cost: 0.0599 - reader cost: 9.5798e-04
 96/177 [===============>..............] - ETA: 4s - batch_cost: 0.0599 - reader cost: 9.4800e-04
 97/177 [===============>..............] - ETA: 4s - batch_cost: 0.0599 - reader cost: 9.3823e-04
 98/177 [===============>..............] - ETA: 4s - batch_cost: 0.0599 - reader cost: 9.2865e-04
 99/177 [===============>..............] - ETA: 4s - batch_cost: 0.0599 - reader cost: 9.1927e-04
100/177 [===============>..............] - ETA: 4s - batch_cost: 0.0599 - reader cost: 9.1008e-04
101/177 [================>.............] - ETA: 4s - batch_cost: 0.0599 - reader cost: 9.0107e-04
102/177 [================>.............] - ETA: 4s - batch_cost: 0.0599 - reader cost: 8.9223e-04
103/177 [================>.............] - ETA: 4s - batch_cost: 0.0599 - reader cost: 8.8357e-04
104/177 [================>.............] - ETA: 4s - batch_cost: 0.0599 - reader cost: 8.7508e-04
105/177 [================>.............] - ETA: 4s - batch_cost: 0.0599 - reader cost: 8.6674e-04
106/177 [================>.............] - ETA: 4s - batch_cost: 0.0599 - reader cost: 8.5857e-04
107/177 [=================>............] - ETA: 4s - batch_cost: 0.0600 - reader cost: 8.5054e-04
108/177 [=================>............] - ETA: 4s - batch_cost: 0.0600 - reader cost: 8.4267e-04
109/177 [=================>............] - ETA: 4s - batch_cost: 0.0600 - reader cost: 8.3494e-04
110/177 [=================>............] - ETA: 4s - batch_cost: 0.0600 - reader cost: 8.2734e-04
111/177 [=================>............] - ETA: 3s - batch_cost: 0.0599 - reader cost: 8.1989e-04
112/177 [=================>............] - ETA: 3s - batch_cost: 0.0599 - reader cost: 8.1257e-04
113/177 [==================>...........] - ETA: 3s - batch_cost: 0.0599 - reader cost: 8.0538e-04
114/177 [==================>...........] - ETA: 3s - batch_cost: 0.0599 - reader cost: 7.9832e-04
115/177 [==================>...........] - ETA: 3s - batch_cost: 0.0600 - reader cost: 7.9137e-04
116/177 [==================>...........] - ETA: 3s - batch_cost: 0.0600 - reader cost: 7.8455e-04
117/177 [==================>...........] - ETA: 3s - batch_cost: 0.0600 - reader cost: 7.7785e-04
118/177 [===================>..........] - ETA: 3s - batch_cost: 0.0600 - reader cost: 7.7125e-04
119/177 [===================>..........] - ETA: 3s - batch_cost: 0.0600 - reader cost: 7.6477e-04
120/177 [===================>..........] - ETA: 3s - batch_cost: 0.0600 - reader cost: 7.5840e-04
121/177 [===================>..........] - ETA: 3s - batch_cost: 0.0599 - reader cost: 7.5213e-04
122/177 [===================>..........] - ETA: 3s - batch_cost: 0.0599 - reader cost: 7.4597e-04
123/177 [===================>..........] - ETA: 3s - batch_cost: 0.0600 - reader cost: 7.3990e-04
124/177 [====================>.........] - ETA: 3s - batch_cost: 0.0600 - reader cost: 7.3394e-04
125/177 [====================>.........] - ETA: 3s - batch_cost: 0.0600 - reader cost: 7.2806e-04
126/177 [====================>.........] - ETA: 3s - batch_cost: 0.0600 - reader cost: 7.2229e-04
127/177 [====================>.........] - ETA: 3s - batch_cost: 0.0600 - reader cost: 7.1660e-04
128/177 [====================>.........] - ETA: 2s - batch_cost: 0.0600 - reader cost: 7.1100e-04
129/177 [====================>.........] - ETA: 2s - batch_cost: 0.0599 - reader cost: 7.0549e-04
130/177 [=====================>........] - ETA: 2s - batch_cost: 0.0599 - reader cost: 7.0006e-04
131/177 [=====================>........] - ETA: 2s - batch_cost: 0.0599 - reader cost: 6.9472e-04
132/177 [=====================>........] - ETA: 2s - batch_cost: 0.0599 - reader cost: 6.8945e-04
133/177 [=====================>........] - ETA: 2s - batch_cost: 0.0599 - reader cost: 6.8427e-04
134/177 [=====================>........] - ETA: 2s - batch_cost: 0.0599 - reader cost: 6.7916e-04
135/177 [=====================>........] - ETA: 2s - batch_cost: 0.0599 - reader cost: 6.7413e-04
136/177 [======================>.......] - ETA: 2s - batch_cost: 0.0600 - reader cost: 6.6918e-04
137/177 [======================>.......] - ETA: 2s - batch_cost: 0.0600 - reader cost: 6.6429e-04
138/177 [======================>.......] - ETA: 2s - batch_cost: 0.0599 - reader cost: 6.5948e-04
139/177 [======================>.......] - ETA: 2s - batch_cost: 0.0599 - reader cost: 6.5473e-04
140/177 [======================>.......] - ETA: 2s - batch_cost: 0.0600 - reader cost: 6.5006e-04
141/177 [======================>.......] - ETA: 2s - batch_cost: 0.0600 - reader cost: 6.4545e-04
142/177 [=======================>......] - ETA: 2s - batch_cost: 0.0600 - reader cost: 6.4090e-04
143/177 [=======================>......] - ETA: 2s - batch_cost: 0.0600 - reader cost: 6.3642e-04
144/177 [=======================>......] - ETA: 1s - batch_cost: 0.0600 - reader cost: 6.3200e-04
145/177 [=======================>......] - ETA: 1s - batch_cost: 0.0600 - reader cost: 6.2764e-04
146/177 [=======================>......] - ETA: 1s - batch_cost: 0.0600 - reader cost: 6.2334e-04
147/177 [=======================>......] - ETA: 1s - batch_cost: 0.0600 - reader cost: 6.1910e-04
148/177 [========================>.....] - ETA: 1s - batch_cost: 0.0600 - reader cost: 6.1492e-04
149/177 [========================>.....] - ETA: 1s - batch_cost: 0.0600 - reader cost: 6.1079e-04
150/177 [========================>.....] - ETA: 1s - batch_cost: 0.0600 - reader cost: 6.0672e-04
151/177 [========================>.....] - ETA: 1s - batch_cost: 0.0600 - reader cost: 6.0270e-04
152/177 [========================>.....] - ETA: 1s - batch_cost: 0.0600 - reader cost: 5.9874e-04
153/177 [========================>.....] - ETA: 1s - batch_cost: 0.0600 - reader cost: 5.9482e-04
154/177 [=========================>....] - ETA: 1s - batch_cost: 0.0600 - reader cost: 5.9096e-04
155/177 [=========================>....] - ETA: 1s - batch_cost: 0.0600 - reader cost: 5.9360e-04
156/177 [=========================>....] - ETA: 1s - batch_cost: 0.0600 - reader cost: 5.8979e-04
157/177 [=========================>....] - ETA: 1s - batch_cost: 0.0600 - reader cost: 5.8603e-04
158/177 [=========================>....] - ETA: 1s - batch_cost: 0.0600 - reader cost: 5.8233e-04
159/177 [=========================>....] - ETA: 1s - batch_cost: 0.0600 - reader cost: 5.7866e-04
160/177 [==========================>...] - ETA: 1s - batch_cost: 0.0600 - reader cost: 5.7505e-04
161/177 [==========================>...] - ETA: 0s - batch_cost: 0.0600 - reader cost: 5.7147e-04
162/177 [==========================>...] - ETA: 0s - batch_cost: 0.0600 - reader cost: 5.6795e-04
163/177 [==========================>...] - ETA: 0s - batch_cost: 0.0600 - reader cost: 5.6446e-04
164/177 [==========================>...] - ETA: 0s - batch_cost: 0.0600 - reader cost: 5.6102e-04
165/177 [==========================>...] - ETA: 0s - batch_cost: 0.0600 - reader cost: 5.5762e-04
166/177 [===========================>..] - ETA: 0s - batch_cost: 0.0600 - reader cost: 5.5426e-04
167/177 [===========================>..] - ETA: 0s - batch_cost: 0.0600 - reader cost: 5.5094e-04
168/177 [===========================>..] - ETA: 0s - batch_cost: 0.0600 - reader cost: 5.4766e-04
169/177 [===========================>..] - ETA: 0s - batch_cost: 0.0600 - reader cost: 5.4442e-04
170/177 [===========================>..] - ETA: 0s - batch_cost: 0.0601 - reader cost: 5.4122e-04
171/177 [===========================>..] - ETA: 0s - batch_cost: 0.0601 - reader cost: 5.3805e-04
172/177 [============================>.] - ETA: 0s - batch_cost: 0.0600 - reader cost: 5.3493e-04
173/177 [============================>.] - ETA: 0s - batch_cost: 0.0601 - reader cost: 5.3183e-04
174/177 [============================>.] - ETA: 0s - batch_cost: 0.0600 - reader cost: 5.2878e-04
175/177 [============================>.] - ETA: 0s - batch_cost: 0.0600 - reader cost: 5.2576e-04
176/177 [============================>.] - ETA: 0s - batch_cost: 0.0600 - reader cost: 5.2277e-04
177/177 [==============================] - 11s 60ms/step - batch_cost: 0.0600 - reader cost: 5.1982e-04

  1/177 [..............................] - ETA: 12s - batch_cost: 0.0716 - reader cost: 0.0510
  2/177 [..............................] - ETA: 12s - batch_cost: 0.0735 - reader cost: 0.0398
  3/177 [..............................] - ETA: 11s - batch_cost: 0.0677 - reader cost: 0.0299
  4/177 [..............................] - ETA: 11s - batch_cost: 0.0667 - reader cost: 0.0258
  5/177 [..............................] - ETA: 11s - batch_cost: 0.0651 - reader cost: 0.0206
  6/177 [>.............................] - ETA: 11s - batch_cost: 0.0646 - reader cost: 0.0172
  7/177 [>.............................] - ETA: 11s - batch_cost: 0.0651 - reader cost: 0.0147
  8/177 [>.............................] - ETA: 10s - batch_cost: 0.0636 - reader cost: 0.0130
  9/177 [>.............................] - ETA: 10s - batch_cost: 0.0641 - reader cost: 0.0116
 11/177 [>.............................] - ETA: 10s - batch_cost: 0.0627 - reader cost: 0.0095
 12/177 [=>............................] - ETA: 10s - batch_cost: 0.0623 - reader cost: 0.0087
 13/177 [=>............................] - ETA: 10s - batch_cost: 0.0623 - reader cost: 0.0080
 14/177 [=>............................] - ETA: 10s - batch_cost: 0.0621 - reader cost: 0.0074
 15/177 [=>............................] - ETA: 10s - batch_cost: 0.0620 - reader cost: 0.0069
 16/177 [=>............................] - ETA: 9s - batch_cost: 0.0619 - reader cost: 0.0065 
 17/177 [=>............................] - ETA: 9s - batch_cost: 0.0617 - reader cost: 0.0061
 18/177 [==>...........................] - ETA: 9s - batch_cost: 0.0618 - reader cost: 0.0058
 19/177 [==>...........................] - ETA: 9s - batch_cost: 0.0613 - reader cost: 0.0055
 20/177 [==>...........................] - ETA: 9s - batch_cost: 0.0614 - reader cost: 0.0052
 21/177 [==>...........................] - ETA: 9s - batch_cost: 0.0615 - reader cost: 0.0050
 22/177 [==>...........................] - ETA: 9s - batch_cost: 0.0612 - reader cost: 0.0047
 23/177 [==>...........................] - ETA: 9s - batch_cost: 0.0611 - reader cost: 0.0045
 24/177 [===>..........................] - ETA: 9s - batch_cost: 0.0611 - reader cost: 0.0043
 25/177 [===>..........................] - ETA: 9s - batch_cost: 0.0612 - reader cost: 0.0042
 26/177 [===>..........................] - ETA: 9s - batch_cost: 0.0612 - reader cost: 0.0040
 27/177 [===>..........................] - ETA: 9s - batch_cost: 0.0612 - reader cost: 0.0039
 28/177 [===>..........................] - ETA: 9s - batch_cost: 0.0612 - reader cost: 0.0037
 29/177 [===>..........................] - ETA: 9s - batch_cost: 0.0613 - reader cost: 0.0036
 30/177 [====>.........................] - ETA: 9s - batch_cost: 0.0611 - reader cost: 0.0035
 31/177 [====>.........................] - ETA: 8s - batch_cost: 0.0610 - reader cost: 0.0034
 32/177 [====>.........................] - ETA: 8s - batch_cost: 0.0609 - reader cost: 0.0033
 33/177 [====>.........................] - ETA: 8s - batch_cost: 0.0609 - reader cost: 0.0032
 34/177 [====>.........................] - ETA: 8s - batch_cost: 0.0609 - reader cost: 0.0031
 35/177 [====>.........................] - ETA: 8s - batch_cost: 0.0609 - reader cost: 0.0030
 36/177 [=====>........................] - ETA: 8s - batch_cost: 0.0610 - reader cost: 0.0029
 37/177 [=====>........................] - ETA: 8s - batch_cost: 0.0609 - reader cost: 0.0028
 38/177 [=====>........................] - ETA: 8s - batch_cost: 0.0608 - reader cost: 0.0027
 39/177 [=====>........................] - ETA: 8s - batch_cost: 0.0608 - reader cost: 0.0027
 40/177 [=====>........................] - ETA: 8s - batch_cost: 0.0608 - reader cost: 0.0026
 41/177 [=====>........................] - ETA: 8s - batch_cost: 0.0608 - reader cost: 0.0025
 42/177 [======>.......................] - ETA: 8s - batch_cost: 0.0609 - reader cost: 0.0025
 43/177 [======>.......................] - ETA: 8s - batch_cost: 0.0608 - reader cost: 0.0024
 44/177 [======>.......................] - ETA: 8s - batch_cost: 0.0608 - reader cost: 0.0024
 45/177 [======>.......................] - ETA: 8s - batch_cost: 0.0607 - reader cost: 0.0023
 46/177 [======>.......................] - ETA: 7s - batch_cost: 0.0607 - reader cost: 0.0023
 47/177 [======>.......................] - ETA: 7s - batch_cost: 0.0607 - reader cost: 0.0022
 48/177 [=======>......................] - ETA: 7s - batch_cost: 0.0606 - reader cost: 0.0022
 49/177 [=======>......................] - ETA: 7s - batch_cost: 0.0606 - reader cost: 0.0021
 50/177 [=======>......................] - ETA: 7s - batch_cost: 0.0606 - reader cost: 0.0021
 51/177 [=======>......................] - ETA: 7s - batch_cost: 0.0605 - reader cost: 0.0021
 52/177 [=======>......................] - ETA: 7s - batch_cost: 0.0606 - reader cost: 0.0020
 53/177 [=======>......................] - ETA: 7s - batch_cost: 0.0606 - reader cost: 0.0020
 54/177 [========>.....................] - ETA: 7s - batch_cost: 0.0606 - reader cost: 0.0019
 55/177 [========>.....................] - ETA: 7s - batch_cost: 0.0606 - reader cost: 0.0019
 56/177 [========>.....................] - ETA: 7s - batch_cost: 0.0607 - reader cost: 0.0019
 57/177 [========>.....................] - ETA: 7s - batch_cost: 0.0606 - reader cost: 0.0018
 58/177 [========>.....................] - ETA: 7s - batch_cost: 0.0606 - reader cost: 0.0018
 59/177 [=========>....................] - ETA: 7s - batch_cost: 0.0606 - reader cost: 0.0018
 60/177 [=========>....................] - ETA: 7s - batch_cost: 0.0606 - reader cost: 0.0018
 61/177 [=========>....................] - ETA: 7s - batch_cost: 0.0605 - reader cost: 0.0017
 62/177 [=========>....................] - ETA: 6s - batch_cost: 0.0606 - reader cost: 0.0017
 63/177 [=========>....................] - ETA: 6s - batch_cost: 0.0605 - reader cost: 0.0017
 64/177 [=========>....................] - ETA: 6s - batch_cost: 0.0605 - reader cost: 0.0017
 65/177 [==========>...................] - ETA: 6s - batch_cost: 0.0605 - reader cost: 0.0016
 66/177 [==========>...................] - ETA: 6s - batch_cost: 0.0605 - reader cost: 0.0016
 67/177 [==========>...................] - ETA: 6s - batch_cost: 0.0606 - reader cost: 0.0016
 68/177 [==========>...................] - ETA: 6s - batch_cost: 0.0606 - reader cost: 0.0016
 69/177 [==========>...................] - ETA: 6s - batch_cost: 0.0606 - reader cost: 0.0016
 70/177 [==========>...................] - ETA: 6s - batch_cost: 0.0606 - reader cost: 0.0015
 71/177 [===========>..................] - ETA: 6s - batch_cost: 0.0605 - reader cost: 0.0015
 72/177 [===========>..................] - ETA: 6s - batch_cost: 0.0606 - reader cost: 0.0015
 73/177 [===========>..................] - ETA: 6s - batch_cost: 0.0605 - reader cost: 0.0015
 74/177 [===========>..................] - ETA: 6s - batch_cost: 0.0605 - reader cost: 0.0015
 75/177 [===========>..................] - ETA: 6s - batch_cost: 0.0606 - reader cost: 0.0015
 76/177 [===========>..................] - ETA: 6s - batch_cost: 0.0606 - reader cost: 0.0014
 77/177 [============>.................] - ETA: 6s - batch_cost: 0.0606 - reader cost: 0.0014
 78/177 [============>.................] - ETA: 6s - batch_cost: 0.0606 - reader cost: 0.0014
 79/177 [============>.................] - ETA: 5s - batch_cost: 0.0605 - reader cost: 0.0014
 80/177 [============>.................] - ETA: 5s - batch_cost: 0.0605 - reader cost: 0.0014
 81/177 [============>.................] - ETA: 5s - batch_cost: 0.0606 - reader cost: 0.0014
 82/177 [============>.................] - ETA: 5s - batch_cost: 0.0606 - reader cost: 0.0014
 83/177 [=============>................] - ETA: 5s - batch_cost: 0.0606 - reader cost: 0.0014
 84/177 [=============>................] - ETA: 5s - batch_cost: 0.0606 - reader cost: 0.0013
 85/177 [=============>................] - ETA: 5s - batch_cost: 0.0606 - reader cost: 0.0013
 86/177 [=============>................] - ETA: 5s - batch_cost: 0.0607 - reader cost: 0.0013
 87/177 [=============>................] - ETA: 5s - batch_cost: 0.0607 - reader cost: 0.0013
 88/177 [=============>................] - ETA: 5s - batch_cost: 0.0607 - reader cost: 0.0013
 89/177 [==============>...............] - ETA: 5s - batch_cost: 0.0607 - reader cost: 0.0013
 90/177 [==============>...............] - ETA: 5s - batch_cost: 0.0607 - reader cost: 0.0013
 91/177 [==============>...............] - ETA: 5s - batch_cost: 0.0607 - reader cost: 0.0013
 92/177 [==============>...............] - ETA: 5s - batch_cost: 0.0607 - reader cost: 0.0012
 93/177 [==============>...............] - ETA: 5s - batch_cost: 0.0606 - reader cost: 0.0012
 94/177 [==============>...............] - ETA: 5s - batch_cost: 0.0606 - reader cost: 0.0012
 95/177 [===============>..............] - ETA: 4s - batch_cost: 0.0606 - reader cost: 0.0012
 96/177 [===============>..............] - ETA: 4s - batch_cost: 0.0606 - reader cost: 0.0012
 97/177 [===============>..............] - ETA: 4s - batch_cost: 0.0606 - reader cost: 0.0012
 98/177 [===============>..............] - ETA: 4s - batch_cost: 0.0606 - reader cost: 0.0012
 99/177 [===============>..............] - ETA: 4s - batch_cost: 0.0607 - reader cost: 0.0012
100/177 [===============>..............] - ETA: 4s - batch_cost: 0.0606 - reader cost: 0.0011
101/177 [================>.............] - ETA: 4s - batch_cost: 0.0607 - reader cost: 0.0011
102/177 [================>.............] - ETA: 4s - batch_cost: 0.0607 - reader cost: 0.0011
103/177 [================>.............] - ETA: 4s - batch_cost: 0.0606 - reader cost: 0.0011
104/177 [================>.............] - ETA: 4s - batch_cost: 0.0607 - reader cost: 0.0011
105/177 [================>.............] - ETA: 4s - batch_cost: 0.0607 - reader cost: 0.0011
106/177 [================>.............] - ETA: 4s - batch_cost: 0.0606 - reader cost: 0.0011
107/177 [=================>............] - ETA: 4s - batch_cost: 0.0607 - reader cost: 0.0011
108/177 [=================>............] - ETA: 4s - batch_cost: 0.0607 - reader cost: 0.0011
109/177 [=================>............] - ETA: 4s - batch_cost: 0.0607 - reader cost: 0.0010
110/177 [=================>............] - ETA: 4s - batch_cost: 0.0607 - reader cost: 0.0010
111/177 [=================>............] - ETA: 4s - batch_cost: 0.0606 - reader cost: 0.0010
112/177 [=================>............] - ETA: 3s - batch_cost: 0.0607 - reader cost: 0.0010
113/177 [==================>...........] - ETA: 3s - batch_cost: 0.0606 - reader cost: 0.0010
114/177 [==================>...........] - ETA: 3s - batch_cost: 0.0607 - reader cost: 9.9886e-04
115/177 [==================>...........] - ETA: 3s - batch_cost: 0.0607 - reader cost: 9.9017e-04
116/177 [==================>...........] - ETA: 3s - batch_cost: 0.0607 - reader cost: 9.8164e-04
117/177 [==================>...........] - ETA: 3s - batch_cost: 0.0607 - reader cost: 9.7325e-04
118/177 [===================>..........] - ETA: 3s - batch_cost: 0.0607 - reader cost: 9.6500e-04
119/177 [===================>..........] - ETA: 3s - batch_cost: 0.0607 - reader cost: 9.5689e-04
120/177 [===================>..........] - ETA: 3s - batch_cost: 0.0607 - reader cost: 9.4891e-04
121/177 [===================>..........] - ETA: 3s - batch_cost: 0.0607 - reader cost: 9.4107e-04
122/177 [===================>..........] - ETA: 3s - batch_cost: 0.0607 - reader cost: 9.3336e-04
123/177 [===================>..........] - ETA: 3s - batch_cost: 0.0607 - reader cost: 9.2577e-04
124/177 [====================>.........] - ETA: 3s - batch_cost: 0.0607 - reader cost: 9.1830e-04
125/177 [====================>.........] - ETA: 3s - batch_cost: 0.0607 - reader cost: 9.1096e-04
126/177 [====================>.........] - ETA: 3s - batch_cost: 0.0607 - reader cost: 9.0373e-04
127/177 [====================>.........] - ETA: 3s - batch_cost: 0.0607 - reader cost: 8.9661e-04
128/177 [====================>.........] - ETA: 2s - batch_cost: 0.0607 - reader cost: 8.8961e-04
129/177 [====================>.........] - ETA: 2s - batch_cost: 0.0607 - reader cost: 8.8271e-04
130/177 [=====================>........] - ETA: 2s - batch_cost: 0.0607 - reader cost: 8.7592e-04
131/177 [=====================>........] - ETA: 2s - batch_cost: 0.0607 - reader cost: 8.6923e-04
132/177 [=====================>........] - ETA: 2s - batch_cost: 0.0607 - reader cost: 8.7022e-04
133/177 [=====================>........] - ETA: 2s - batch_cost: 0.0607 - reader cost: 8.6367e-04
134/177 [=====================>........] - ETA: 2s - batch_cost: 0.0607 - reader cost: 8.5723e-04
135/177 [=====================>........] - ETA: 2s - batch_cost: 0.0607 - reader cost: 8.5088e-04
136/177 [======================>.......] - ETA: 2s - batch_cost: 0.0607 - reader cost: 8.4462e-04
137/177 [======================>.......] - ETA: 2s - batch_cost: 0.0607 - reader cost: 8.3846e-04
138/177 [======================>.......] - ETA: 2s - batch_cost: 0.0607 - reader cost: 8.3238e-04
139/177 [======================>.......] - ETA: 2s - batch_cost: 0.0607 - reader cost: 8.2639e-04
140/177 [======================>.......] - ETA: 2s - batch_cost: 0.0607 - reader cost: 8.2049e-04
141/177 [======================>.......] - ETA: 2s - batch_cost: 0.0607 - reader cost: 8.1467e-04
142/177 [=======================>......] - ETA: 2s - batch_cost: 0.0607 - reader cost: 8.0893e-04
143/177 [=======================>......] - ETA: 2s - batch_cost: 0.0607 - reader cost: 8.0328e-04
144/177 [=======================>......] - ETA: 2s - batch_cost: 0.0607 - reader cost: 7.9770e-04
145/177 [=======================>......] - ETA: 1s - batch_cost: 0.0607 - reader cost: 7.9220e-04
146/177 [=======================>......] - ETA: 1s - batch_cost: 0.0607 - reader cost: 7.9207e-04
147/177 [=======================>......] - ETA: 1s - batch_cost: 0.0607 - reader cost: 7.8668e-04
148/177 [========================>.....] - ETA: 1s - batch_cost: 0.0607 - reader cost: 7.8137e-04
149/177 [========================>.....] - ETA: 1s - batch_cost: 0.0607 - reader cost: 7.7612e-04
150/177 [========================>.....] - ETA: 1s - batch_cost: 0.0607 - reader cost: 7.7095e-04
151/177 [========================>.....] - ETA: 1s - batch_cost: 0.0607 - reader cost: 7.6584e-04
152/177 [========================>.....] - ETA: 1s - batch_cost: 0.0607 - reader cost: 7.6080e-04
153/177 [========================>.....] - ETA: 1s - batch_cost: 0.0607 - reader cost: 7.5583e-04
154/177 [=========================>....] - ETA: 1s - batch_cost: 0.0607 - reader cost: 7.5092e-04
155/177 [=========================>....] - ETA: 1s - batch_cost: 0.0607 - reader cost: 7.4608e-04
156/177 [=========================>....] - ETA: 1s - batch_cost: 0.0607 - reader cost: 7.4130e-04
157/177 [=========================>....] - ETA: 1s - batch_cost: 0.0607 - reader cost: 7.3657e-04
158/177 [=========================>....] - ETA: 1s - batch_cost: 0.0607 - reader cost: 7.3191e-04
159/177 [=========================>....] - ETA: 1s - batch_cost: 0.0607 - reader cost: 7.3359e-04
160/177 [==========================>...] - ETA: 1s - batch_cost: 0.0607 - reader cost: 7.2901e-04
161/177 [==========================>...] - ETA: 0s - batch_cost: 0.0607 - reader cost: 7.2448e-04
162/177 [==========================>...] - ETA: 0s - batch_cost: 0.0607 - reader cost: 7.2001e-04
163/177 [==========================>...] - ETA: 0s - batch_cost: 0.0607 - reader cost: 7.1559e-04
164/177 [==========================>...] - ETA: 0s - batch_cost: 0.0607 - reader cost: 7.1123e-04
165/177 [==========================>...] - ETA: 0s - batch_cost: 0.0607 - reader cost: 7.0692e-04
166/177 [===========================>..] - ETA: 0s - batch_cost: 0.0607 - reader cost: 7.0266e-04
167/177 [===========================>..] - ETA: 0s - batch_cost: 0.0607 - reader cost: 6.9845e-04
168/177 [===========================>..] - ETA: 0s - batch_cost: 0.0607 - reader cost: 6.9429e-04
169/177 [===========================>..] - ETA: 0s - batch_cost: 0.0607 - reader cost: 6.9019e-04
170/177 [===========================>..] - ETA: 0s - batch_cost: 0.0607 - reader cost: 6.8613e-04
171/177 [===========================>..] - ETA: 0s - batch_cost: 0.0607 - reader cost: 6.8211e-04
172/177 [============================>.] - ETA: 0s - batch_cost: 0.0607 - reader cost: 6.7815e-04
173/177 [============================>.] - ETA: 0s - batch_cost: 0.0607 - reader cost: 6.7423e-04
174/177 [============================>.] - ETA: 0s - batch_cost: 0.0607 - reader cost: 6.7035e-04
175/177 [============================>.] - ETA: 0s - batch_cost: 0.0607 - reader cost: 6.6652e-04
176/177 [============================>.] - ETA: 0s - batch_cost: 0.0607 - reader cost: 6.6274e-04
177/177 [==============================] - 11s 61ms/step - batch_cost: 0.0606 - reader cost: 6.5899e-04

  1/177 [..............................] - ETA: 12s - batch_cost: 0.0724 - reader cost: 0.0510
  2/177 [..............................] - ETA: 11s - batch_cost: 0.0646 - reader cost: 0.0363
  3/177 [..............................] - ETA: 11s - batch_cost: 0.0652 - reader cost: 0.0289
  4/177 [..............................] - ETA: 11s - batch_cost: 0.0637 - reader cost: 0.0217
  5/177 [..............................] - ETA: 10s - batch_cost: 0.0623 - reader cost: 0.0174
  6/177 [>.............................] - ETA: 10s - batch_cost: 0.0619 - reader cost: 0.0145
  7/177 [>.............................] - ETA: 10s - batch_cost: 0.0620 - reader cost: 0.0124
  8/177 [>.............................] - ETA: 10s - batch_cost: 0.0614 - reader cost: 0.0109
  9/177 [>.............................] - ETA: 10s - batch_cost: 0.0611 - reader cost: 0.0096
 10/177 [>.............................] - ETA: 10s - batch_cost: 0.0611 - reader cost: 0.0087
 11/177 [>.............................] - ETA: 10s - batch_cost: 0.0614 - reader cost: 0.0079
 12/177 [=>............................] - ETA: 10s - batch_cost: 0.0610 - reader cost: 0.0072
 13/177 [=>............................] - ETA: 10s - batch_cost: 0.0609 - reader cost: 0.0067
 14/177 [=>............................] - ETA: 9s - batch_cost: 0.0609 - reader cost: 0.0062 
 15/177 [=>............................] - ETA: 9s - batch_cost: 0.0607 - reader cost: 0.0058
 16/177 [=>............................] - ETA: 9s - batch_cost: 0.0606 - reader cost: 0.0054
 17/177 [=>............................] - ETA: 9s - batch_cost: 0.0607 - reader cost: 0.0051
 18/177 [==>...........................] - ETA: 9s - batch_cost: 0.0604 - reader cost: 0.0048
 19/177 [==>...........................] - ETA: 9s - batch_cost: 0.0603 - reader cost: 0.0046
 20/177 [==>...........................] - ETA: 9s - batch_cost: 0.0603 - reader cost: 0.0043
 21/177 [==>...........................] - ETA: 9s - batch_cost: 0.0604 - reader cost: 0.0041
 22/177 [==>...........................] - ETA: 9s - batch_cost: 0.0606 - reader cost: 0.0040
 23/177 [==>...........................] - ETA: 9s - batch_cost: 0.0606 - reader cost: 0.0038
 24/177 [===>..........................] - ETA: 9s - batch_cost: 0.0606 - reader cost: 0.0037
 25/177 [===>..........................] - ETA: 9s - batch_cost: 0.0605 - reader cost: 0.0035
 26/177 [===>..........................] - ETA: 9s - batch_cost: 0.0606 - reader cost: 0.0034
 27/177 [===>..........................] - ETA: 9s - batch_cost: 0.0606 - reader cost: 0.0033
 28/177 [===>..........................] - ETA: 9s - batch_cost: 0.0605 - reader cost: 0.0031
 29/177 [===>..........................] - ETA: 9s - batch_cost: 0.0607 - reader cost: 0.0030
 30/177 [====>.........................] - ETA: 8s - batch_cost: 0.0605 - reader cost: 0.0029
 31/177 [====>.........................] - ETA: 8s - batch_cost: 0.0606 - reader cost: 0.0028
 32/177 [====>.........................] - ETA: 8s - batch_cost: 0.0607 - reader cost: 0.0027
 33/177 [====>.........................] - ETA: 8s - batch_cost: 0.0606 - reader cost: 0.0027
 34/177 [====>.........................] - ETA: 8s - batch_cost: 0.0607 - reader cost: 0.0026
 35/177 [====>.........................] - ETA: 8s - batch_cost: 0.0608 - reader cost: 0.0025
 36/177 [=====>........................] - ETA: 8s - batch_cost: 0.0608 - reader cost: 0.0024
 37/177 [=====>........................] - ETA: 8s - batch_cost: 0.0608 - reader cost: 0.0024
 38/177 [=====>........................] - ETA: 8s - batch_cost: 0.0607 - reader cost: 0.0023
 39/177 [=====>........................] - ETA: 8s - batch_cost: 0.0608 - reader cost: 0.0023
 40/177 [=====>........................] - ETA: 8s - batch_cost: 0.0608 - reader cost: 0.0022
 41/177 [=====>........................] - ETA: 8s - batch_cost: 0.0607 - reader cost: 0.0021
 42/177 [======>.......................] - ETA: 8s - batch_cost: 0.0607 - reader cost: 0.0021
 43/177 [======>.......................] - ETA: 8s - batch_cost: 0.0607 - reader cost: 0.0020
 44/177 [======>.......................] - ETA: 8s - batch_cost: 0.0608 - reader cost: 0.0020
 45/177 [======>.......................] - ETA: 8s - batch_cost: 0.0609 - reader cost: 0.0020
 46/177 [======>.......................] - ETA: 8s - batch_cost: 0.0608 - reader cost: 0.0019
 47/177 [======>.......................] - ETA: 7s - batch_cost: 0.0608 - reader cost: 0.0019
 48/177 [=======>......................] - ETA: 7s - batch_cost: 0.0608 - reader cost: 0.0018
 49/177 [=======>......................] - ETA: 7s - batch_cost: 0.0608 - reader cost: 0.0018
 50/177 [=======>......................] - ETA: 7s - batch_cost: 0.0608 - reader cost: 0.0018
 51/177 [=======>......................] - ETA: 7s - batch_cost: 0.0608 - reader cost: 0.0017
 52/177 [=======>......................] - ETA: 7s - batch_cost: 0.0608 - reader cost: 0.0017
 53/177 [=======>......................] - ETA: 7s - batch_cost: 0.0608 - reader cost: 0.0017
 54/177 [========>.....................] - ETA: 7s - batch_cost: 0.0608 - reader cost: 0.0016
 55/177 [========>.....................] - ETA: 7s - batch_cost: 0.0607 - reader cost: 0.0016
 56/177 [========>.....................] - ETA: 7s - batch_cost: 0.0608 - reader cost: 0.0016
 57/177 [========>.....................] - ETA: 7s - batch_cost: 0.0606 - reader cost: 0.0016
 58/177 [========>.....................] - ETA: 7s - batch_cost: 0.0607 - reader cost: 0.0015
 59/177 [=========>....................] - ETA: 7s - batch_cost: 0.0607 - reader cost: 0.0015
 60/177 [=========>....................] - ETA: 7s - batch_cost: 0.0607 - reader cost: 0.0015
 61/177 [=========>....................] - ETA: 7s - batch_cost: 0.0606 - reader cost: 0.0015
 62/177 [=========>....................] - ETA: 7s - batch_cost: 0.0607 - reader cost: 0.0014
 63/177 [=========>....................] - ETA: 6s - batch_cost: 0.0607 - reader cost: 0.0014
 64/177 [=========>....................] - ETA: 6s - batch_cost: 0.0606 - reader cost: 0.0014
 65/177 [==========>...................] - ETA: 6s - batch_cost: 0.0606 - reader cost: 0.0014
 66/177 [==========>...................] - ETA: 6s - batch_cost: 0.0606 - reader cost: 0.0014
 67/177 [==========>...................] - ETA: 6s - batch_cost: 0.0606 - reader cost: 0.0013
 68/177 [==========>...................] - ETA: 6s - batch_cost: 0.0606 - reader cost: 0.0013
 69/177 [==========>...................] - ETA: 6s - batch_cost: 0.0606 - reader cost: 0.0013
 70/177 [==========>...................] - ETA: 6s - batch_cost: 0.0606 - reader cost: 0.0013
 71/177 [===========>..................] - ETA: 6s - batch_cost: 0.0606 - reader cost: 0.0013
 72/177 [===========>..................] - ETA: 6s - batch_cost: 0.0606 - reader cost: 0.0012
 73/177 [===========>..................] - ETA: 6s - batch_cost: 0.0605 - reader cost: 0.0012
 74/177 [===========>..................] - ETA: 6s - batch_cost: 0.0605 - reader cost: 0.0012
 75/177 [===========>..................] - ETA: 6s - batch_cost: 0.0606 - reader cost: 0.0012
 76/177 [===========>..................] - ETA: 6s - batch_cost: 0.0606 - reader cost: 0.0012
 77/177 [============>.................] - ETA: 6s - batch_cost: 0.0605 - reader cost: 0.0012
 78/177 [============>.................] - ETA: 6s - batch_cost: 0.0606 - reader cost: 0.0012
 79/177 [============>.................] - ETA: 5s - batch_cost: 0.0606 - reader cost: 0.0011
 80/177 [============>.................] - ETA: 5s - batch_cost: 0.0606 - reader cost: 0.0011
 81/177 [============>.................] - ETA: 5s - batch_cost: 0.0606 - reader cost: 0.0011
 82/177 [============>.................] - ETA: 5s - batch_cost: 0.0607 - reader cost: 0.0011
 83/177 [=============>................] - ETA: 5s - batch_cost: 0.0606 - reader cost: 0.0011
 84/177 [=============>................] - ETA: 5s - batch_cost: 0.0606 - reader cost: 0.0011
 85/177 [=============>................] - ETA: 5s - batch_cost: 0.0607 - reader cost: 0.0011
 86/177 [=============>................] - ETA: 5s - batch_cost: 0.0607 - reader cost: 0.0011
 87/177 [=============>................] - ETA: 5s - batch_cost: 0.0607 - reader cost: 0.0010
 88/177 [=============>................] - ETA: 5s - batch_cost: 0.0606 - reader cost: 0.0010
 89/177 [==============>...............] - ETA: 5s - batch_cost: 0.0607 - reader cost: 0.0010
 90/177 [==============>...............] - ETA: 5s - batch_cost: 0.0606 - reader cost: 0.0010
 91/177 [==============>...............] - ETA: 5s - batch_cost: 0.0607 - reader cost: 9.9828e-04
 92/177 [==============>...............] - ETA: 5s - batch_cost: 0.0607 - reader cost: 9.8743e-04
 93/177 [==============>...............] - ETA: 5s - batch_cost: 0.0607 - reader cost: 9.7682e-04
 94/177 [==============>...............] - ETA: 5s - batch_cost: 0.0607 - reader cost: 9.6642e-04
 95/177 [===============>..............] - ETA: 4s - batch_cost: 0.0607 - reader cost: 9.5625e-04
 96/177 [===============>..............] - ETA: 4s - batch_cost: 0.0607 - reader cost: 9.4629e-04
 97/177 [===============>..............] - ETA: 4s - batch_cost: 0.0607 - reader cost: 9.3654e-04
 98/177 [===============>..............] - ETA: 4s - batch_cost: 0.0607 - reader cost: 9.2698e-04
 99/177 [===============>..............] - ETA: 4s - batch_cost: 0.0607 - reader cost: 9.2769e-04
100/177 [===============>..............] - ETA: 4s - batch_cost: 0.0607 - reader cost: 9.1841e-04
101/177 [================>.............] - ETA: 4s - batch_cost: 0.0607 - reader cost: 9.0932e-04
102/177 [================>.............] - ETA: 4s - batch_cost: 0.0607 - reader cost: 9.0040e-04
103/177 [================>.............] - ETA: 4s - batch_cost: 0.0607 - reader cost: 8.9166e-04
104/177 [================>.............] - ETA: 4s - batch_cost: 0.0607 - reader cost: 8.8309e-04
105/177 [================>.............] - ETA: 4s - batch_cost: 0.0607 - reader cost: 8.7468e-04
106/177 [================>.............] - ETA: 4s - batch_cost: 0.0607 - reader cost: 8.6643e-04
107/177 [=================>............] - ETA: 4s - batch_cost: 0.0607 - reader cost: 8.5833e-04
108/177 [=================>............] - ETA: 4s - batch_cost: 0.0607 - reader cost: 8.5038e-04
109/177 [=================>............] - ETA: 4s - batch_cost: 0.0607 - reader cost: 8.4258e-04
110/177 [=================>............] - ETA: 4s - batch_cost: 0.0607 - reader cost: 8.3492e-04
111/177 [=================>............] - ETA: 4s - batch_cost: 0.0607 - reader cost: 8.3619e-04
112/177 [=================>............] - ETA: 3s - batch_cost: 0.0607 - reader cost: 8.2872e-04
113/177 [==================>...........] - ETA: 3s - batch_cost: 0.0607 - reader cost: 8.2139e-04
114/177 [==================>...........] - ETA: 3s - batch_cost: 0.0608 - reader cost: 8.1418e-04
115/177 [==================>...........] - ETA: 3s - batch_cost: 0.0607 - reader cost: 8.0710e-04
116/177 [==================>...........] - ETA: 3s - batch_cost: 0.0607 - reader cost: 8.0015e-04
117/177 [==================>...........] - ETA: 3s - batch_cost: 0.0607 - reader cost: 7.9331e-04
118/177 [===================>..........] - ETA: 3s - batch_cost: 0.0607 - reader cost: 7.8659e-04
119/177 [===================>..........] - ETA: 3s - batch_cost: 0.0607 - reader cost: 7.7998e-04
120/177 [===================>..........] - ETA: 3s - batch_cost: 0.0608 - reader cost: 7.7348e-04
121/177 [===================>..........] - ETA: 3s - batch_cost: 0.0608 - reader cost: 7.6708e-04
122/177 [===================>..........] - ETA: 3s - batch_cost: 0.0608 - reader cost: 7.6080e-04
123/177 [===================>..........] - ETA: 3s - batch_cost: 0.0608 - reader cost: 7.5461e-04
124/177 [====================>.........] - ETA: 3s - batch_cost: 0.0608 - reader cost: 7.4852e-04
125/177 [====================>.........] - ETA: 3s - batch_cost: 0.0608 - reader cost: 7.4254e-04
126/177 [====================>.........] - ETA: 3s - batch_cost: 0.0608 - reader cost: 7.3664e-04
127/177 [====================>.........] - ETA: 3s - batch_cost: 0.0608 - reader cost: 7.3084e-04
128/177 [====================>.........] - ETA: 2s - batch_cost: 0.0608 - reader cost: 7.2513e-04
129/177 [====================>.........] - ETA: 2s - batch_cost: 0.0608 - reader cost: 7.2727e-04
130/177 [=====================>........] - ETA: 2s - batch_cost: 0.0608 - reader cost: 7.2168e-04
131/177 [=====================>........] - ETA: 2s - batch_cost: 0.0608 - reader cost: 7.1617e-04
132/177 [=====================>........] - ETA: 2s - batch_cost: 0.0608 - reader cost: 7.1074e-04
133/177 [=====================>........] - ETA: 2s - batch_cost: 0.0608 - reader cost: 7.0540e-04
134/177 [=====================>........] - ETA: 2s - batch_cost: 0.0608 - reader cost: 7.0014e-04
135/177 [=====================>........] - ETA: 2s - batch_cost: 0.0608 - reader cost: 6.9495e-04
136/177 [======================>.......] - ETA: 2s - batch_cost: 0.0608 - reader cost: 6.8984e-04
137/177 [======================>.......] - ETA: 2s - batch_cost: 0.0608 - reader cost: 6.8480e-04
138/177 [======================>.......] - ETA: 2s - batch_cost: 0.0608 - reader cost: 6.7984e-04
139/177 [======================>.......] - ETA: 2s - batch_cost: 0.0608 - reader cost: 6.7495e-04
140/177 [======================>.......] - ETA: 2s - batch_cost: 0.0608 - reader cost: 6.7013e-04
141/177 [======================>.......] - ETA: 2s - batch_cost: 0.0608 - reader cost: 6.6538e-04
142/177 [=======================>......] - ETA: 2s - batch_cost: 0.0608 - reader cost: 6.6069e-04
143/177 [=======================>......] - ETA: 2s - batch_cost: 0.0608 - reader cost: 6.5607e-04
144/177 [=======================>......] - ETA: 2s - batch_cost: 0.0608 - reader cost: 6.5152e-04
145/177 [=======================>......] - ETA: 1s - batch_cost: 0.0608 - reader cost: 6.5392e-04
146/177 [=======================>......] - ETA: 1s - batch_cost: 0.0608 - reader cost: 6.4944e-04
147/177 [=======================>......] - ETA: 1s - batch_cost: 0.0608 - reader cost: 6.4502e-04
148/177 [========================>.....] - ETA: 1s - batch_cost: 0.0608 - reader cost: 6.4066e-04
149/177 [========================>.....] - ETA: 1s - batch_cost: 0.0608 - reader cost: 6.3636e-04
150/177 [========================>.....] - ETA: 1s - batch_cost: 0.0609 - reader cost: 6.3212e-04
151/177 [========================>.....] - ETA: 1s - batch_cost: 0.0608 - reader cost: 6.2793e-04
152/177 [========================>.....] - ETA: 1s - batch_cost: 0.0608 - reader cost: 6.2380e-04
153/177 [========================>.....] - ETA: 1s - batch_cost: 0.0608 - reader cost: 6.1972e-04
154/177 [=========================>....] - ETA: 1s - batch_cost: 0.0608 - reader cost: 6.1570e-04
155/177 [=========================>....] - ETA: 1s - batch_cost: 0.0608 - reader cost: 6.1173e-04
156/177 [=========================>....] - ETA: 1s - batch_cost: 0.0608 - reader cost: 6.0781e-04
157/177 [=========================>....] - ETA: 1s - batch_cost: 0.0608 - reader cost: 6.0394e-04
158/177 [=========================>....] - ETA: 1s - batch_cost: 0.0608 - reader cost: 6.0011e-04
159/177 [=========================>....] - ETA: 1s - batch_cost: 0.0608 - reader cost: 5.9634e-04
160/177 [==========================>...] - ETA: 1s - batch_cost: 0.0608 - reader cost: 5.9261e-04
161/177 [==========================>...] - ETA: 0s - batch_cost: 0.0608 - reader cost: 5.8893e-04
162/177 [==========================>...] - ETA: 0s - batch_cost: 0.0608 - reader cost: 5.8530e-04
163/177 [==========================>...] - ETA: 0s - batch_cost: 0.0608 - reader cost: 5.8170e-04
164/177 [==========================>...] - ETA: 0s - batch_cost: 0.0608 - reader cost: 5.7816e-04
165/177 [==========================>...] - ETA: 0s - batch_cost: 0.0609 - reader cost: 5.7465e-04
166/177 [===========================>..] - ETA: 0s - batch_cost: 0.0609 - reader cost: 5.7119e-04
167/177 [===========================>..] - ETA: 0s - batch_cost: 0.0609 - reader cost: 5.6777e-04
168/177 [===========================>..] - ETA: 0s - batch_cost: 0.0609 - reader cost: 5.6439e-04
169/177 [===========================>..] - ETA: 0s - batch_cost: 0.0609 - reader cost: 5.6105e-04
170/177 [===========================>..] - ETA: 0s - batch_cost: 0.0609 - reader cost: 5.5775e-04
171/177 [===========================>..] - ETA: 0s - batch_cost: 0.0609 - reader cost: 5.5449e-04
172/177 [============================>.] - ETA: 0s - batch_cost: 0.0609 - reader cost: 5.5127e-04
173/177 [============================>.] - ETA: 0s - batch_cost: 0.0608 - reader cost: 5.4808e-04
174/177 [============================>.] - ETA: 0s - batch_cost: 0.0608 - reader cost: 5.4493e-04
175/177 [============================>.] - ETA: 0s - batch_cost: 0.0608 - reader cost: 5.4182e-04
176/177 [============================>.] - ETA: 0s - batch_cost: 0.0608 - reader cost: 5.3874e-04
177/177 [==============================] - 11s 61ms/step - batch_cost: 0.0608 - reader cost: 5.3569e-04

  1/177 [..............................] - ETA: 14s - batch_cost: 0.0838 - reader cost: 0.0618
  2/177 [..............................] - ETA: 13s - batch_cost: 0.0769 - reader cost: 0.0502
  3/177 [..............................] - ETA: 12s - batch_cost: 0.0697 - reader cost: 0.0420
  4/177 [..............................] - ETA: 11s - batch_cost: 0.0683 - reader cost: 0.0388
  5/177 [..............................] - ETA: 11s - batch_cost: 0.0665 - reader cost: 0.0339
  6/177 [>.............................] - ETA: 11s - batch_cost: 0.0663 - reader cost: 0.0310
  7/177 [>.............................] - ETA: 11s - batch_cost: 0.0648 - reader cost: 0.0278
  8/177 [>.............................] - ETA: 10s - batch_cost: 0.0642 - reader cost: 0.0259
  9/177 [>.............................] - ETA: 11s - batch_cost: 0.0658 - reader cost: 0.0245
 11/177 [>.............................] - ETA: 10s - batch_cost: 0.0633 - reader cost: 0.0200
 12/177 [=>............................] - ETA: 10s - batch_cost: 0.0635 - reader cost: 0.0184
 13/177 [=>............................] - ETA: 10s - batch_cost: 0.0626 - reader cost: 0.0170
 14/177 [=>............................] - ETA: 10s - batch_cost: 0.0629 - reader cost: 0.0158
 15/177 [=>............................] - ETA: 10s - batch_cost: 0.0625 - reader cost: 0.0147
 16/177 [=>............................] - ETA: 10s - batch_cost: 0.0623 - reader cost: 0.0138
 17/177 [=>............................] - ETA: 9s - batch_cost: 0.0623 - reader cost: 0.0130 
 18/177 [==>...........................] - ETA: 9s - batch_cost: 0.0621 - reader cost: 0.0123
 19/177 [==>...........................] - ETA: 9s - batch_cost: 0.0622 - reader cost: 0.0116
 20/177 [==>...........................] - ETA: 9s - batch_cost: 0.0621 - reader cost: 0.0110
 21/177 [==>...........................] - ETA: 9s - batch_cost: 0.0618 - reader cost: 0.0105
 22/177 [==>...........................] - ETA: 9s - batch_cost: 0.0618 - reader cost: 0.0100
 23/177 [==>...........................] - ETA: 9s - batch_cost: 0.0616 - reader cost: 0.0096
 24/177 [===>..........................] - ETA: 9s - batch_cost: 0.0618 - reader cost: 0.0092
 25/177 [===>..........................] - ETA: 9s - batch_cost: 0.0618 - reader cost: 0.0088
 26/177 [===>..........................] - ETA: 9s - batch_cost: 0.0618 - reader cost: 0.0085
 27/177 [===>..........................] - ETA: 9s - batch_cost: 0.0618 - reader cost: 0.0082
 28/177 [===>..........................] - ETA: 9s - batch_cost: 0.0617 - reader cost: 0.0079
 29/177 [===>..........................] - ETA: 9s - batch_cost: 0.0618 - reader cost: 0.0076
 30/177 [====>.........................] - ETA: 9s - batch_cost: 0.0618 - reader cost: 0.0074
 31/177 [====>.........................] - ETA: 9s - batch_cost: 0.0618 - reader cost: 0.0071
 32/177 [====>.........................] - ETA: 8s - batch_cost: 0.0619 - reader cost: 0.0069
 33/177 [====>.........................] - ETA: 8s - batch_cost: 0.0618 - reader cost: 0.0067
 34/177 [====>.........................] - ETA: 8s - batch_cost: 0.0615 - reader cost: 0.0065
 35/177 [====>.........................] - ETA: 8s - batch_cost: 0.0616 - reader cost: 0.0063
 36/177 [=====>........................] - ETA: 8s - batch_cost: 0.0616 - reader cost: 0.0061
 37/177 [=====>........................] - ETA: 8s - batch_cost: 0.0616 - reader cost: 0.0060
 38/177 [=====>........................] - ETA: 8s - batch_cost: 0.0615 - reader cost: 0.0058
 39/177 [=====>........................] - ETA: 8s - batch_cost: 0.0614 - reader cost: 0.0057
 40/177 [=====>........................] - ETA: 8s - batch_cost: 0.0615 - reader cost: 0.0055
 41/177 [=====>........................] - ETA: 8s - batch_cost: 0.0615 - reader cost: 0.0054
 42/177 [======>.......................] - ETA: 8s - batch_cost: 0.0614 - reader cost: 0.0053
 43/177 [======>.......................] - ETA: 8s - batch_cost: 0.0615 - reader cost: 0.0051
 44/177 [======>.......................] - ETA: 8s - batch_cost: 0.0614 - reader cost: 0.0050
 45/177 [======>.......................] - ETA: 8s - batch_cost: 0.0615 - reader cost: 0.0049
 46/177 [======>.......................] - ETA: 8s - batch_cost: 0.0614 - reader cost: 0.0048
 47/177 [======>.......................] - ETA: 7s - batch_cost: 0.0614 - reader cost: 0.0047
 48/177 [=======>......................] - ETA: 7s - batch_cost: 0.0613 - reader cost: 0.0046
 49/177 [=======>......................] - ETA: 7s - batch_cost: 0.0613 - reader cost: 0.0045
 50/177 [=======>......................] - ETA: 7s - batch_cost: 0.0613 - reader cost: 0.0045
 51/177 [=======>......................] - ETA: 7s - batch_cost: 0.0613 - reader cost: 0.0044
 52/177 [=======>......................] - ETA: 7s - batch_cost: 0.0613 - reader cost: 0.0043
 53/177 [=======>......................] - ETA: 7s - batch_cost: 0.0613 - reader cost: 0.0042
 54/177 [========>.....................] - ETA: 7s - batch_cost: 0.0613 - reader cost: 0.0041
 55/177 [========>.....................] - ETA: 7s - batch_cost: 0.0613 - reader cost: 0.0040
 56/177 [========>.....................] - ETA: 7s - batch_cost: 0.0613 - reader cost: 0.0040
 57/177 [========>.....................] - ETA: 7s - batch_cost: 0.0612 - reader cost: 0.0039
 58/177 [========>.....................] - ETA: 7s - batch_cost: 0.0612 - reader cost: 0.0039
 59/177 [=========>....................] - ETA: 7s - batch_cost: 0.0611 - reader cost: 0.0038
 60/177 [=========>....................] - ETA: 7s - batch_cost: 0.0611 - reader cost: 0.0037
 61/177 [=========>....................] - ETA: 7s - batch_cost: 0.0611 - reader cost: 0.0037
 62/177 [=========>....................] - ETA: 7s - batch_cost: 0.0611 - reader cost: 0.0036
 63/177 [=========>....................] - ETA: 6s - batch_cost: 0.0610 - reader cost: 0.0036
 64/177 [=========>....................] - ETA: 6s - batch_cost: 0.0610 - reader cost: 0.0035
 65/177 [==========>...................] - ETA: 6s - batch_cost: 0.0610 - reader cost: 0.0034
 66/177 [==========>...................] - ETA: 6s - batch_cost: 0.0610 - reader cost: 0.0034
 67/177 [==========>...................] - ETA: 6s - batch_cost: 0.0610 - reader cost: 0.0033
 68/177 [==========>...................] - ETA: 6s - batch_cost: 0.0610 - reader cost: 0.0033
 69/177 [==========>...................] - ETA: 6s - batch_cost: 0.0610 - reader cost: 0.0032
 70/177 [==========>...................] - ETA: 6s - batch_cost: 0.0610 - reader cost: 0.0032
 71/177 [===========>..................] - ETA: 6s - batch_cost: 0.0610 - reader cost: 0.0032
 72/177 [===========>..................] - ETA: 6s - batch_cost: 0.0610 - reader cost: 0.0031
 73/177 [===========>..................] - ETA: 6s - batch_cost: 0.0609 - reader cost: 0.0031
 74/177 [===========>..................] - ETA: 6s - batch_cost: 0.0610 - reader cost: 0.0030
 75/177 [===========>..................] - ETA: 6s - batch_cost: 0.0610 - reader cost: 0.0030
 76/177 [===========>..................] - ETA: 6s - batch_cost: 0.0609 - reader cost: 0.0030
 77/177 [============>.................] - ETA: 6s - batch_cost: 0.0610 - reader cost: 0.0029
 78/177 [============>.................] - ETA: 6s - batch_cost: 0.0610 - reader cost: 0.0029
 79/177 [============>.................] - ETA: 5s - batch_cost: 0.0610 - reader cost: 0.0028
 80/177 [============>.................] - ETA: 5s - batch_cost: 0.0610 - reader cost: 0.0028
 81/177 [============>.................] - ETA: 5s - batch_cost: 0.0610 - reader cost: 0.0028
 82/177 [============>.................] - ETA: 5s - batch_cost: 0.0610 - reader cost: 0.0028
 83/177 [=============>................] - ETA: 5s - batch_cost: 0.0610 - reader cost: 0.0027
 84/177 [=============>................] - ETA: 5s - batch_cost: 0.0609 - reader cost: 0.0027
 85/177 [=============>................] - ETA: 5s - batch_cost: 0.0609 - reader cost: 0.0027
 86/177 [=============>................] - ETA: 5s - batch_cost: 0.0609 - reader cost: 0.0026
 87/177 [=============>................] - ETA: 5s - batch_cost: 0.0609 - reader cost: 0.0026
 88/177 [=============>................] - ETA: 5s - batch_cost: 0.0609 - reader cost: 0.0026
 89/177 [==============>...............] - ETA: 5s - batch_cost: 0.0609 - reader cost: 0.0026
 90/177 [==============>...............] - ETA: 5s - batch_cost: 0.0609 - reader cost: 0.0025
 91/177 [==============>...............] - ETA: 5s - batch_cost: 0.0609 - reader cost: 0.0025
 92/177 [==============>...............] - ETA: 5s - batch_cost: 0.0609 - reader cost: 0.0025
 93/177 [==============>...............] - ETA: 5s - batch_cost: 0.0609 - reader cost: 0.0025
 94/177 [==============>...............] - ETA: 5s - batch_cost: 0.0609 - reader cost: 0.0024
 95/177 [===============>..............] - ETA: 5s - batch_cost: 0.0609 - reader cost: 0.0024
 96/177 [===============>..............] - ETA: 4s - batch_cost: 0.0609 - reader cost: 0.0024
 97/177 [===============>..............] - ETA: 4s - batch_cost: 0.0609 - reader cost: 0.0024
 98/177 [===============>..............] - ETA: 4s - batch_cost: 0.0609 - reader cost: 0.0023
 99/177 [===============>..............] - ETA: 4s - batch_cost: 0.0609 - reader cost: 0.0023
100/177 [===============>..............] - ETA: 4s - batch_cost: 0.0609 - reader cost: 0.0023
101/177 [================>.............] - ETA: 4s - batch_cost: 0.0609 - reader cost: 0.0023
102/177 [================>.............] - ETA: 4s - batch_cost: 0.0609 - reader cost: 0.0022
103/177 [================>.............] - ETA: 4s - batch_cost: 0.0609 - reader cost: 0.0022
104/177 [================>.............] - ETA: 4s - batch_cost: 0.0609 - reader cost: 0.0022
105/177 [================>.............] - ETA: 4s - batch_cost: 0.0609 - reader cost: 0.0022
106/177 [================>.............] - ETA: 4s - batch_cost: 0.0609 - reader cost: 0.0022
107/177 [=================>............] - ETA: 4s - batch_cost: 0.0609 - reader cost: 0.0021
108/177 [=================>............] - ETA: 4s - batch_cost: 0.0609 - reader cost: 0.0021
109/177 [=================>............] - ETA: 4s - batch_cost: 0.0609 - reader cost: 0.0021
110/177 [=================>............] - ETA: 4s - batch_cost: 0.0609 - reader cost: 0.0021
111/177 [=================>............] - ETA: 4s - batch_cost: 0.0609 - reader cost: 0.0021
112/177 [=================>............] - ETA: 3s - batch_cost: 0.0609 - reader cost: 0.0020
113/177 [==================>...........] - ETA: 3s - batch_cost: 0.0609 - reader cost: 0.0020
114/177 [==================>...........] - ETA: 3s - batch_cost: 0.0608 - reader cost: 0.0020
115/177 [==================>...........] - ETA: 3s - batch_cost: 0.0608 - reader cost: 0.0020
116/177 [==================>...........] - ETA: 3s - batch_cost: 0.0608 - reader cost: 0.0020
117/177 [==================>...........] - ETA: 3s - batch_cost: 0.0608 - reader cost: 0.0020
118/177 [===================>..........] - ETA: 3s - batch_cost: 0.0608 - reader cost: 0.0019
119/177 [===================>..........] - ETA: 3s - batch_cost: 0.0608 - reader cost: 0.0019
120/177 [===================>..........] - ETA: 3s - batch_cost: 0.0608 - reader cost: 0.0019
121/177 [===================>..........] - ETA: 3s - batch_cost: 0.0608 - reader cost: 0.0019
122/177 [===================>..........] - ETA: 3s - batch_cost: 0.0608 - reader cost: 0.0019
123/177 [===================>..........] - ETA: 3s - batch_cost: 0.0608 - reader cost: 0.0019
124/177 [====================>.........] - ETA: 3s - batch_cost: 0.0608 - reader cost: 0.0019
125/177 [====================>.........] - ETA: 3s - batch_cost: 0.0608 - reader cost: 0.0018
126/177 [====================>.........] - ETA: 3s - batch_cost: 0.0608 - reader cost: 0.0018
127/177 [====================>.........] - ETA: 3s - batch_cost: 0.0608 - reader cost: 0.0018
128/177 [====================>.........] - ETA: 2s - batch_cost: 0.0608 - reader cost: 0.0018
129/177 [====================>.........] - ETA: 2s - batch_cost: 0.0608 - reader cost: 0.0018
130/177 [=====================>........] - ETA: 2s - batch_cost: 0.0608 - reader cost: 0.0018
131/177 [=====================>........] - ETA: 2s - batch_cost: 0.0608 - reader cost: 0.0018
132/177 [=====================>........] - ETA: 2s - batch_cost: 0.0608 - reader cost: 0.0017
133/177 [=====================>........] - ETA: 2s - batch_cost: 0.0608 - reader cost: 0.0017
134/177 [=====================>........] - ETA: 2s - batch_cost: 0.0608 - reader cost: 0.0017
135/177 [=====================>........] - ETA: 2s - batch_cost: 0.0608 - reader cost: 0.0017
136/177 [======================>.......] - ETA: 2s - batch_cost: 0.0608 - reader cost: 0.0017
137/177 [======================>.......] - ETA: 2s - batch_cost: 0.0608 - reader cost: 0.0017
138/177 [======================>.......] - ETA: 2s - batch_cost: 0.0607 - reader cost: 0.0017
139/177 [======================>.......] - ETA: 2s - batch_cost: 0.0607 - reader cost: 0.0017
140/177 [======================>.......] - ETA: 2s - batch_cost: 0.0607 - reader cost: 0.0016
141/177 [======================>.......] - ETA: 2s - batch_cost: 0.0607 - reader cost: 0.0016
142/177 [=======================>......] - ETA: 2s - batch_cost: 0.0607 - reader cost: 0.0016
143/177 [=======================>......] - ETA: 2s - batch_cost: 0.0607 - reader cost: 0.0016
144/177 [=======================>......] - ETA: 2s - batch_cost: 0.0607 - reader cost: 0.0016
145/177 [=======================>......] - ETA: 1s - batch_cost: 0.0607 - reader cost: 0.0016
146/177 [=======================>......] - ETA: 1s - batch_cost: 0.0607 - reader cost: 0.0016
147/177 [=======================>......] - ETA: 1s - batch_cost: 0.0607 - reader cost: 0.0016
148/177 [========================>.....] - ETA: 1s - batch_cost: 0.0607 - reader cost: 0.0016
149/177 [========================>.....] - ETA: 1s - batch_cost: 0.0607 - reader cost: 0.0016
150/177 [========================>.....] - ETA: 1s - batch_cost: 0.0607 - reader cost: 0.0015
151/177 [========================>.....] - ETA: 1s - batch_cost: 0.0607 - reader cost: 0.0015
152/177 [========================>.....] - ETA: 1s - batch_cost: 0.0607 - reader cost: 0.0015
153/177 [========================>.....] - ETA: 1s - batch_cost: 0.0607 - reader cost: 0.0015
154/177 [=========================>....] - ETA: 1s - batch_cost: 0.0606 - reader cost: 0.0015
155/177 [=========================>....] - ETA: 1s - batch_cost: 0.0607 - reader cost: 0.0015
156/177 [=========================>....] - ETA: 1s - batch_cost: 0.0607 - reader cost: 0.0015
157/177 [=========================>....] - ETA: 1s - batch_cost: 0.0607 - reader cost: 0.0015
158/177 [=========================>....] - ETA: 1s - batch_cost: 0.0607 - reader cost: 0.0015
159/177 [=========================>....] - ETA: 1s - batch_cost: 0.0606 - reader cost: 0.0015
160/177 [==========================>...] - ETA: 1s - batch_cost: 0.0606 - reader cost: 0.0015
161/177 [==========================>...] - ETA: 0s - batch_cost: 0.0606 - reader cost: 0.0015
162/177 [==========================>...] - ETA: 0s - batch_cost: 0.0606 - reader cost: 0.0014
163/177 [==========================>...] - ETA: 0s - batch_cost: 0.0606 - reader cost: 0.0014
164/177 [==========================>...] - ETA: 0s - batch_cost: 0.0606 - reader cost: 0.0014
165/177 [==========================>...] - ETA: 0s - batch_cost: 0.0607 - reader cost: 0.0014
166/177 [===========================>..] - ETA: 0s - batch_cost: 0.0606 - reader cost: 0.0014
167/177 [===========================>..] - ETA: 0s - batch_cost: 0.0606 - reader cost: 0.0014
168/177 [===========================>..] - ETA: 0s - batch_cost: 0.0606 - reader cost: 0.0014
169/177 [===========================>..] - ETA: 0s - batch_cost: 0.0607 - reader cost: 0.0014
170/177 [===========================>..] - ETA: 0s - batch_cost: 0.0607 - reader cost: 0.0014
171/177 [===========================>..] - ETA: 0s - batch_cost: 0.0607 - reader cost: 0.0014
172/177 [============================>.] - ETA: 0s - batch_cost: 0.0607 - reader cost: 0.0014
173/177 [============================>.] - ETA: 0s - batch_cost: 0.0606 - reader cost: 0.0014
174/177 [============================>.] - ETA: 0s - batch_cost: 0.0606 - reader cost: 0.0013
175/177 [============================>.] - ETA: 0s - batch_cost: 0.0607 - reader cost: 0.0013
176/177 [============================>.] - ETA: 0s - batch_cost: 0.0606 - reader cost: 0.0013
177/177 [==============================] - 11s 61ms/step - batch_cost: 0.0606 - reader cost: 0.0013

  1/177 [..............................] - ETA: 11s - batch_cost: 0.0671 - reader cost: 0.0471
  2/177 [..............................] - ETA: 11s - batch_cost: 0.0641 - reader cost: 0.0368
  3/177 [..............................] - ETA: 10s - batch_cost: 0.0622 - reader cost: 0.0277
  4/177 [..............................] - ETA: 10s - batch_cost: 0.0613 - reader cost: 0.0211
  5/177 [..............................] - ETA: 10s - batch_cost: 0.0610 - reader cost: 0.0168
  6/177 [>.............................] - ETA: 10s - batch_cost: 0.0621 - reader cost: 0.0140
  7/177 [>.............................] - ETA: 10s - batch_cost: 0.0606 - reader cost: 0.0120
  8/177 [>.............................] - ETA: 10s - batch_cost: 0.0605 - reader cost: 0.0107
  9/177 [>.............................] - ETA: 10s - batch_cost: 0.0607 - reader cost: 0.0097
 10/177 [>.............................] - ETA: 10s - batch_cost: 0.0604 - reader cost: 0.0087
 11/177 [>.............................] - ETA: 10s - batch_cost: 0.0610 - reader cost: 0.0080
 12/177 [=>............................] - ETA: 10s - batch_cost: 0.0606 - reader cost: 0.0073
 13/177 [=>............................] - ETA: 9s - batch_cost: 0.0604 - reader cost: 0.0067 
 14/177 [=>............................] - ETA: 9s - batch_cost: 0.0605 - reader cost: 0.0063
 15/177 [=>............................] - ETA: 9s - batch_cost: 0.0604 - reader cost: 0.0058
 16/177 [=>............................] - ETA: 9s - batch_cost: 0.0605 - reader cost: 0.0055
 17/177 [=>............................] - ETA: 9s - batch_cost: 0.0605 - reader cost: 0.0052
 18/177 [==>...........................] - ETA: 9s - batch_cost: 0.0604 - reader cost: 0.0049
 19/177 [==>...........................] - ETA: 9s - batch_cost: 0.0603 - reader cost: 0.0047
 20/177 [==>...........................] - ETA: 9s - batch_cost: 0.0601 - reader cost: 0.0045
 21/177 [==>...........................] - ETA: 9s - batch_cost: 0.0605 - reader cost: 0.0043
 22/177 [==>...........................] - ETA: 9s - batch_cost: 0.0605 - reader cost: 0.0041
 23/177 [==>...........................] - ETA: 9s - batch_cost: 0.0605 - reader cost: 0.0039
 24/177 [===>..........................] - ETA: 9s - batch_cost: 0.0605 - reader cost: 0.0037
 25/177 [===>..........................] - ETA: 9s - batch_cost: 0.0605 - reader cost: 0.0036
 26/177 [===>..........................] - ETA: 9s - batch_cost: 0.0604 - reader cost: 0.0035
 27/177 [===>..........................] - ETA: 9s - batch_cost: 0.0605 - reader cost: 0.0033
 28/177 [===>..........................] - ETA: 9s - batch_cost: 0.0606 - reader cost: 0.0032
 29/177 [===>..........................] - ETA: 8s - batch_cost: 0.0607 - reader cost: 0.0031
 30/177 [====>.........................] - ETA: 8s - batch_cost: 0.0606 - reader cost: 0.0030
 31/177 [====>.........................] - ETA: 8s - batch_cost: 0.0606 - reader cost: 0.0029
 32/177 [====>.........................] - ETA: 8s - batch_cost: 0.0606 - reader cost: 0.0028
 33/177 [====>.........................] - ETA: 8s - batch_cost: 0.0606 - reader cost: 0.0027
 34/177 [====>.........................] - ETA: 8s - batch_cost: 0.0605 - reader cost: 0.0026
 35/177 [====>.........................] - ETA: 8s - batch_cost: 0.0605 - reader cost: 0.0026
 36/177 [=====>........................] - ETA: 8s - batch_cost: 0.0606 - reader cost: 0.0025
 37/177 [=====>........................] - ETA: 8s - batch_cost: 0.0604 - reader cost: 0.0024
 38/177 [=====>........................] - ETA: 8s - batch_cost: 0.0605 - reader cost: 0.0024
 39/177 [=====>........................] - ETA: 8s - batch_cost: 0.0605 - reader cost: 0.0023
 40/177 [=====>........................] - ETA: 8s - batch_cost: 0.0605 - reader cost: 0.0022
 41/177 [=====>........................] - ETA: 8s - batch_cost: 0.0605 - reader cost: 0.0022
 42/177 [======>.......................] - ETA: 8s - batch_cost: 0.0606 - reader cost: 0.0021
 43/177 [======>.......................] - ETA: 8s - batch_cost: 0.0605 - reader cost: 0.0021
 44/177 [======>.......................] - ETA: 8s - batch_cost: 0.0605 - reader cost: 0.0020
 45/177 [======>.......................] - ETA: 7s - batch_cost: 0.0605 - reader cost: 0.0020
 46/177 [======>.......................] - ETA: 7s - batch_cost: 0.0605 - reader cost: 0.0020
 47/177 [======>.......................] - ETA: 7s - batch_cost: 0.0605 - reader cost: 0.0019
 48/177 [=======>......................] - ETA: 7s - batch_cost: 0.0606 - reader cost: 0.0019
 49/177 [=======>......................] - ETA: 7s - batch_cost: 0.0606 - reader cost: 0.0018
 50/177 [=======>......................] - ETA: 7s - batch_cost: 0.0605 - reader cost: 0.0018
 51/177 [=======>......................] - ETA: 7s - batch_cost: 0.0605 - reader cost: 0.0018
 52/177 [=======>......................] - ETA: 7s - batch_cost: 0.0605 - reader cost: 0.0017
 53/177 [=======>......................] - ETA: 7s - batch_cost: 0.0606 - reader cost: 0.0017
 54/177 [========>.....................] - ETA: 7s - batch_cost: 0.0606 - reader cost: 0.0017
 55/177 [========>.....................] - ETA: 7s - batch_cost: 0.0606 - reader cost: 0.0017
 56/177 [========>.....................] - ETA: 7s - batch_cost: 0.0606 - reader cost: 0.0016
 57/177 [========>.....................] - ETA: 7s - batch_cost: 0.0606 - reader cost: 0.0016
 58/177 [========>.....................] - ETA: 7s - batch_cost: 0.0606 - reader cost: 0.0016
 59/177 [=========>....................] - ETA: 7s - batch_cost: 0.0607 - reader cost: 0.0015
 60/177 [=========>....................] - ETA: 7s - batch_cost: 0.0606 - reader cost: 0.0015
 61/177 [=========>....................] - ETA: 7s - batch_cost: 0.0606 - reader cost: 0.0015
 62/177 [=========>....................] - ETA: 6s - batch_cost: 0.0606 - reader cost: 0.0015
 63/177 [=========>....................] - ETA: 6s - batch_cost: 0.0606 - reader cost: 0.0014
 64/177 [=========>....................] - ETA: 6s - batch_cost: 0.0605 - reader cost: 0.0014
 65/177 [==========>...................] - ETA: 6s - batch_cost: 0.0605 - reader cost: 0.0014
 66/177 [==========>...................] - ETA: 6s - batch_cost: 0.0605 - reader cost: 0.0014
 67/177 [==========>...................] - ETA: 6s - batch_cost: 0.0605 - reader cost: 0.0014
 68/177 [==========>...................] - ETA: 6s - batch_cost: 0.0605 - reader cost: 0.0013
 69/177 [==========>...................] - ETA: 6s - batch_cost: 0.0605 - reader cost: 0.0013
 70/177 [==========>...................] - ETA: 6s - batch_cost: 0.0605 - reader cost: 0.0013
 71/177 [===========>..................] - ETA: 6s - batch_cost: 0.0605 - reader cost: 0.0013
 72/177 [===========>..................] - ETA: 6s - batch_cost: 0.0605 - reader cost: 0.0013
 73/177 [===========>..................] - ETA: 6s - batch_cost: 0.0605 - reader cost: 0.0013
 74/177 [===========>..................] - ETA: 6s - batch_cost: 0.0605 - reader cost: 0.0012
 75/177 [===========>..................] - ETA: 6s - batch_cost: 0.0606 - reader cost: 0.0012
 76/177 [===========>..................] - ETA: 6s - batch_cost: 0.0605 - reader cost: 0.0012
 77/177 [============>.................] - ETA: 6s - batch_cost: 0.0605 - reader cost: 0.0012
 78/177 [============>.................] - ETA: 6s - batch_cost: 0.0605 - reader cost: 0.0012
 79/177 [============>.................] - ETA: 5s - batch_cost: 0.0606 - reader cost: 0.0012
 80/177 [============>.................] - ETA: 5s - batch_cost: 0.0606 - reader cost: 0.0011
 81/177 [============>.................] - ETA: 5s - batch_cost: 0.0606 - reader cost: 0.0011
 82/177 [============>.................] - ETA: 5s - batch_cost: 0.0606 - reader cost: 0.0011
 83/177 [=============>................] - ETA: 5s - batch_cost: 0.0606 - reader cost: 0.0011
 84/177 [=============>................] - ETA: 5s - batch_cost: 0.0606 - reader cost: 0.0011
 85/177 [=============>................] - ETA: 5s - batch_cost: 0.0606 - reader cost: 0.0011
 86/177 [=============>................] - ETA: 5s - batch_cost: 0.0607 - reader cost: 0.0011
 87/177 [=============>................] - ETA: 5s - batch_cost: 0.0607 - reader cost: 0.0010
 88/177 [=============>................] - ETA: 5s - batch_cost: 0.0606 - reader cost: 0.0010
 89/177 [==============>...............] - ETA: 5s - batch_cost: 0.0606 - reader cost: 0.0010
 90/177 [==============>...............] - ETA: 5s - batch_cost: 0.0606 - reader cost: 0.0010
 91/177 [==============>...............] - ETA: 5s - batch_cost: 0.0606 - reader cost: 0.0010
 92/177 [==============>...............] - ETA: 5s - batch_cost: 0.0606 - reader cost: 0.0010
 93/177 [==============>...............] - ETA: 5s - batch_cost: 0.0606 - reader cost: 9.9211e-04
 94/177 [==============>...............] - ETA: 5s - batch_cost: 0.0606 - reader cost: 9.8156e-04
 95/177 [===============>..............] - ETA: 4s - batch_cost: 0.0606 - reader cost: 9.7123e-04
 96/177 [===============>..............] - ETA: 4s - batch_cost: 0.0606 - reader cost: 9.6111e-04
 97/177 [===============>..............] - ETA: 4s - batch_cost: 0.0606 - reader cost: 9.5120e-04
 98/177 [===============>..............] - ETA: 4s - batch_cost: 0.0606 - reader cost: 9.4150e-04
 99/177 [===============>..............] - ETA: 4s - batch_cost: 0.0606 - reader cost: 9.3199e-04
100/177 [===============>..............] - ETA: 4s - batch_cost: 0.0606 - reader cost: 9.2267e-04
101/177 [================>.............] - ETA: 4s - batch_cost: 0.0606 - reader cost: 9.1353e-04
102/177 [================>.............] - ETA: 4s - batch_cost: 0.0606 - reader cost: 9.0457e-04
103/177 [================>.............] - ETA: 4s - batch_cost: 0.0606 - reader cost: 8.9579e-04
104/177 [================>.............] - ETA: 4s - batch_cost: 0.0606 - reader cost: 8.8718e-04
105/177 [================>.............] - ETA: 4s - batch_cost: 0.0606 - reader cost: 8.7873e-04
106/177 [================>.............] - ETA: 4s - batch_cost: 0.0606 - reader cost: 8.7044e-04
107/177 [=================>............] - ETA: 4s - batch_cost: 0.0607 - reader cost: 8.6230e-04
108/177 [=================>............] - ETA: 4s - batch_cost: 0.0607 - reader cost: 8.5432e-04
109/177 [=================>............] - ETA: 4s - batch_cost: 0.0606 - reader cost: 8.4648e-04
110/177 [=================>............] - ETA: 4s - batch_cost: 0.0606 - reader cost: 8.3879e-04
111/177 [=================>............] - ETA: 4s - batch_cost: 0.0607 - reader cost: 8.4025e-04
112/177 [=================>............] - ETA: 3s - batch_cost: 0.0606 - reader cost: 8.3275e-04
113/177 [==================>...........] - ETA: 3s - batch_cost: 0.0606 - reader cost: 8.2538e-04
114/177 [==================>...........] - ETA: 3s - batch_cost: 0.0606 - reader cost: 8.1814e-04
115/177 [==================>...........] - ETA: 3s - batch_cost: 0.0606 - reader cost: 8.1102e-04
116/177 [==================>...........] - ETA: 3s - batch_cost: 0.0606 - reader cost: 8.1266e-04
117/177 [==================>...........] - ETA: 3s - batch_cost: 0.0606 - reader cost: 8.0571e-04
118/177 [===================>..........] - ETA: 3s - batch_cost: 0.0606 - reader cost: 7.9888e-04
119/177 [===================>..........] - ETA: 3s - batch_cost: 0.0606 - reader cost: 7.9217e-04
120/177 [===================>..........] - ETA: 3s - batch_cost: 0.0606 - reader cost: 7.8557e-04
121/177 [===================>..........] - ETA: 3s - batch_cost: 0.0607 - reader cost: 7.8734e-04
122/177 [===================>..........] - ETA: 3s - batch_cost: 0.0607 - reader cost: 7.8089e-04
123/177 [===================>..........] - ETA: 3s - batch_cost: 0.0607 - reader cost: 7.7454e-04
124/177 [====================>.........] - ETA: 3s - batch_cost: 0.0607 - reader cost: 7.6829e-04
125/177 [====================>.........] - ETA: 3s - batch_cost: 0.0607 - reader cost: 7.6215e-04
126/177 [====================>.........] - ETA: 3s - batch_cost: 0.0607 - reader cost: 7.5610e-04
127/177 [====================>.........] - ETA: 3s - batch_cost: 0.0607 - reader cost: 7.5015e-04
128/177 [====================>.........] - ETA: 2s - batch_cost: 0.0607 - reader cost: 7.4429e-04
129/177 [====================>.........] - ETA: 2s - batch_cost: 0.0607 - reader cost: 7.3852e-04
130/177 [=====================>........] - ETA: 2s - batch_cost: 0.0607 - reader cost: 7.3283e-04
131/177 [=====================>........] - ETA: 2s - batch_cost: 0.0607 - reader cost: 7.2724e-04
132/177 [=====================>........] - ETA: 2s - batch_cost: 0.0607 - reader cost: 7.2173e-04
133/177 [=====================>........] - ETA: 2s - batch_cost: 0.0607 - reader cost: 7.1630e-04
134/177 [=====================>........] - ETA: 2s - batch_cost: 0.0607 - reader cost: 7.1096e-04
135/177 [=====================>........] - ETA: 2s - batch_cost: 0.0607 - reader cost: 7.0569e-04
136/177 [======================>.......] - ETA: 2s - batch_cost: 0.0607 - reader cost: 7.0050e-04
137/177 [======================>.......] - ETA: 2s - batch_cost: 0.0607 - reader cost: 6.9539e-04
138/177 [======================>.......] - ETA: 2s - batch_cost: 0.0607 - reader cost: 6.9035e-04
139/177 [======================>.......] - ETA: 2s - batch_cost: 0.0607 - reader cost: 6.8538e-04
140/177 [======================>.......] - ETA: 2s - batch_cost: 0.0607 - reader cost: 6.8049e-04
141/177 [======================>.......] - ETA: 2s - batch_cost: 0.0607 - reader cost: 6.7566e-04
142/177 [=======================>......] - ETA: 2s - batch_cost: 0.0607 - reader cost: 6.7090e-04
143/177 [=======================>......] - ETA: 2s - batch_cost: 0.0607 - reader cost: 6.6621e-04
144/177 [=======================>......] - ETA: 2s - batch_cost: 0.0607 - reader cost: 6.6159e-04
145/177 [=======================>......] - ETA: 1s - batch_cost: 0.0608 - reader cost: 6.5702e-04
146/177 [=======================>......] - ETA: 1s - batch_cost: 0.0608 - reader cost: 6.5252e-04
147/177 [=======================>......] - ETA: 1s - batch_cost: 0.0607 - reader cost: 6.4808e-04
148/177 [========================>.....] - ETA: 1s - batch_cost: 0.0607 - reader cost: 6.4371e-04
149/177 [========================>.....] - ETA: 1s - batch_cost: 0.0607 - reader cost: 6.3939e-04
150/177 [========================>.....] - ETA: 1s - batch_cost: 0.0608 - reader cost: 6.3512e-04
151/177 [========================>.....] - ETA: 1s - batch_cost: 0.0608 - reader cost: 6.3092e-04
152/177 [========================>.....] - ETA: 1s - batch_cost: 0.0607 - reader cost: 6.2677e-04
153/177 [========================>.....] - ETA: 1s - batch_cost: 0.0607 - reader cost: 6.2267e-04
154/177 [=========================>....] - ETA: 1s - batch_cost: 0.0607 - reader cost: 6.1863e-04
155/177 [=========================>....] - ETA: 1s - batch_cost: 0.0607 - reader cost: 6.1464e-04
156/177 [=========================>....] - ETA: 1s - batch_cost: 0.0607 - reader cost: 6.1070e-04
157/177 [=========================>....] - ETA: 1s - batch_cost: 0.0608 - reader cost: 6.0681e-04
158/177 [=========================>....] - ETA: 1s - batch_cost: 0.0607 - reader cost: 6.0297e-04
159/177 [=========================>....] - ETA: 1s - batch_cost: 0.0608 - reader cost: 5.9917e-04
160/177 [==========================>...] - ETA: 1s - batch_cost: 0.0608 - reader cost: 5.9543e-04
161/177 [==========================>...] - ETA: 0s - batch_cost: 0.0607 - reader cost: 5.9173e-04
162/177 [==========================>...] - ETA: 0s - batch_cost: 0.0608 - reader cost: 5.8808e-04
163/177 [==========================>...] - ETA: 0s - batch_cost: 0.0607 - reader cost: 5.8447e-04
164/177 [==========================>...] - ETA: 0s - batch_cost: 0.0607 - reader cost: 5.8091e-04
165/177 [==========================>...] - ETA: 0s - batch_cost: 0.0607 - reader cost: 5.7738e-04
166/177 [===========================>..] - ETA: 0s - batch_cost: 0.0607 - reader cost: 5.7391e-04
167/177 [===========================>..] - ETA: 0s - batch_cost: 0.0607 - reader cost: 5.7047e-04
168/177 [===========================>..] - ETA: 0s - batch_cost: 0.0607 - reader cost: 5.6707e-04
169/177 [===========================>..] - ETA: 0s - batch_cost: 0.0607 - reader cost: 5.6372e-04
170/177 [===========================>..] - ETA: 0s - batch_cost: 0.0607 - reader cost: 5.6040e-04
171/177 [===========================>..] - ETA: 0s - batch_cost: 0.0607 - reader cost: 5.5713e-04
172/177 [============================>.] - ETA: 0s - batch_cost: 0.0607 - reader cost: 5.5389e-04
173/177 [============================>.] - ETA: 0s - batch_cost: 0.0607 - reader cost: 5.5068e-04
174/177 [============================>.] - ETA: 0s - batch_cost: 0.0607 - reader cost: 5.4752e-04
175/177 [============================>.] - ETA: 0s - batch_cost: 0.0607 - reader cost: 5.4439e-04
176/177 [============================>.] - ETA: 0s - batch_cost: 0.0607 - reader cost: 5.4130e-04
177/177 [==============================] - 11s 61ms/step - batch_cost: 0.0607 - reader cost: 5.3824e-04

  1/177 [..............................] - ETA: 14s - batch_cost: 0.0805 - reader cost: 0.0493
  2/177 [..............................] - ETA: 11s - batch_cost: 0.0653 - reader cost: 0.0406
  3/177 [..............................] - ETA: 11s - batch_cost: 0.0670 - reader cost: 0.0402
  4/177 [..............................] - ETA: 11s - batch_cost: 0.0644 - reader cost: 0.0349
  5/177 [..............................] - ETA: 11s - batch_cost: 0.0650 - reader cost: 0.0298
  6/177 [>.............................] - ETA: 11s - batch_cost: 0.0655 - reader cost: 0.0248
  7/177 [>.............................] - ETA: 10s - batch_cost: 0.0638 - reader cost: 0.0213
  8/177 [>.............................] - ETA: 10s - batch_cost: 0.0649 - reader cost: 0.0186
  9/177 [>.............................] - ETA: 10s - batch_cost: 0.0646 - reader cost: 0.0166
 10/177 [>.............................] - ETA: 10s - batch_cost: 0.0642 - reader cost: 0.0149
 11/177 [>.............................] - ETA: 10s - batch_cost: 0.0630 - reader cost: 0.0136
 12/177 [=>............................] - ETA: 10s - batch_cost: 0.0628 - reader cost: 0.0124
 13/177 [=>............................] - ETA: 10s - batch_cost: 0.0627 - reader cost: 0.0115
 14/177 [=>............................] - ETA: 10s - batch_cost: 0.0624 - reader cost: 0.0106
 15/177 [=>............................] - ETA: 10s - batch_cost: 0.0623 - reader cost: 0.0099
 16/177 [=>............................] - ETA: 10s - batch_cost: 0.0624 - reader cost: 0.0093
 17/177 [=>............................] - ETA: 9s - batch_cost: 0.0619 - reader cost: 0.0088 
 18/177 [==>...........................] - ETA: 9s - batch_cost: 0.0622 - reader cost: 0.0083
 19/177 [==>...........................] - ETA: 9s - batch_cost: 0.0620 - reader cost: 0.0078
 20/177 [==>...........................] - ETA: 9s - batch_cost: 0.0619 - reader cost: 0.0075
 21/177 [==>...........................] - ETA: 9s - batch_cost: 0.0617 - reader cost: 0.0071
 22/177 [==>...........................] - ETA: 9s - batch_cost: 0.0616 - reader cost: 0.0068
 23/177 [==>...........................] - ETA: 9s - batch_cost: 0.0616 - reader cost: 0.0065
 24/177 [===>..........................] - ETA: 9s - batch_cost: 0.0615 - reader cost: 0.0062
 25/177 [===>..........................] - ETA: 9s - batch_cost: 0.0615 - reader cost: 0.0060
 26/177 [===>..........................] - ETA: 9s - batch_cost: 0.0614 - reader cost: 0.0057
 27/177 [===>..........................] - ETA: 9s - batch_cost: 0.0614 - reader cost: 0.0055
 28/177 [===>..........................] - ETA: 9s - batch_cost: 0.0615 - reader cost: 0.0053
 29/177 [===>..........................] - ETA: 9s - batch_cost: 0.0615 - reader cost: 0.0051
 30/177 [====>.........................] - ETA: 9s - batch_cost: 0.0614 - reader cost: 0.0050
 31/177 [====>.........................] - ETA: 8s - batch_cost: 0.0613 - reader cost: 0.0048
 32/177 [====>.........................] - ETA: 8s - batch_cost: 0.0613 - reader cost: 0.0047
 33/177 [====>.........................] - ETA: 8s - batch_cost: 0.0613 - reader cost: 0.0045
 34/177 [====>.........................] - ETA: 8s - batch_cost: 0.0613 - reader cost: 0.0044
 35/177 [====>.........................] - ETA: 8s - batch_cost: 0.0614 - reader cost: 0.0043
 36/177 [=====>........................] - ETA: 8s - batch_cost: 0.0614 - reader cost: 0.0041
 37/177 [=====>........................] - ETA: 8s - batch_cost: 0.0612 - reader cost: 0.0040
 38/177 [=====>........................] - ETA: 8s - batch_cost: 0.0613 - reader cost: 0.0039
 39/177 [=====>........................] - ETA: 8s - batch_cost: 0.0611 - reader cost: 0.0038
 40/177 [=====>........................] - ETA: 8s - batch_cost: 0.0612 - reader cost: 0.0037
 41/177 [=====>........................] - ETA: 8s - batch_cost: 0.0613 - reader cost: 0.0036
 42/177 [======>.......................] - ETA: 8s - batch_cost: 0.0613 - reader cost: 0.0035
 43/177 [======>.......................] - ETA: 8s - batch_cost: 0.0612 - reader cost: 0.0035
 44/177 [======>.......................] - ETA: 8s - batch_cost: 0.0613 - reader cost: 0.0034
 45/177 [======>.......................] - ETA: 8s - batch_cost: 0.0613 - reader cost: 0.0033
 46/177 [======>.......................] - ETA: 8s - batch_cost: 0.0612 - reader cost: 0.0033
 47/177 [======>.......................] - ETA: 7s - batch_cost: 0.0612 - reader cost: 0.0032
 48/177 [=======>......................] - ETA: 7s - batch_cost: 0.0612 - reader cost: 0.0031
 49/177 [=======>......................] - ETA: 7s - batch_cost: 0.0612 - reader cost: 0.0031
 50/177 [=======>......................] - ETA: 7s - batch_cost: 0.0612 - reader cost: 0.0030
 51/177 [=======>......................] - ETA: 7s - batch_cost: 0.0613 - reader cost: 0.0029
 52/177 [=======>......................] - ETA: 7s - batch_cost: 0.0613 - reader cost: 0.0029
 53/177 [=======>......................] - ETA: 7s - batch_cost: 0.0612 - reader cost: 0.0028
 54/177 [========>.....................] - ETA: 7s - batch_cost: 0.0612 - reader cost: 0.0028
 55/177 [========>.....................] - ETA: 7s - batch_cost: 0.0612 - reader cost: 0.0027
 56/177 [========>.....................] - ETA: 7s - batch_cost: 0.0612 - reader cost: 0.0027
 57/177 [========>.....................] - ETA: 7s - batch_cost: 0.0611 - reader cost: 0.0026
 58/177 [========>.....................] - ETA: 7s - batch_cost: 0.0611 - reader cost: 0.0026
 59/177 [=========>....................] - ETA: 7s - batch_cost: 0.0611 - reader cost: 0.0025
 60/177 [=========>....................] - ETA: 7s - batch_cost: 0.0610 - reader cost: 0.0025
 61/177 [=========>....................] - ETA: 7s - batch_cost: 0.0610 - reader cost: 0.0025
 62/177 [=========>....................] - ETA: 7s - batch_cost: 0.0610 - reader cost: 0.0024
 63/177 [=========>....................] - ETA: 6s - batch_cost: 0.0610 - reader cost: 0.0024
 64/177 [=========>....................] - ETA: 6s - batch_cost: 0.0610 - reader cost: 0.0023
 65/177 [==========>...................] - ETA: 6s - batch_cost: 0.0609 - reader cost: 0.0023
 66/177 [==========>...................] - ETA: 6s - batch_cost: 0.0609 - reader cost: 0.0023
 67/177 [==========>...................] - ETA: 6s - batch_cost: 0.0609 - reader cost: 0.0022
 68/177 [==========>...................] - ETA: 6s - batch_cost: 0.0609 - reader cost: 0.0022
 69/177 [==========>...................] - ETA: 6s - batch_cost: 0.0608 - reader cost: 0.0022
 70/177 [==========>...................] - ETA: 6s - batch_cost: 0.0608 - reader cost: 0.0021
 71/177 [===========>..................] - ETA: 6s - batch_cost: 0.0608 - reader cost: 0.0021
 72/177 [===========>..................] - ETA: 6s - batch_cost: 0.0608 - reader cost: 0.0021
 73/177 [===========>..................] - ETA: 6s - batch_cost: 0.0607 - reader cost: 0.0021
 74/177 [===========>..................] - ETA: 6s - batch_cost: 0.0608 - reader cost: 0.0020
 75/177 [===========>..................] - ETA: 6s - batch_cost: 0.0608 - reader cost: 0.0020
 76/177 [===========>..................] - ETA: 6s - batch_cost: 0.0607 - reader cost: 0.0020
 77/177 [============>.................] - ETA: 6s - batch_cost: 0.0608 - reader cost: 0.0019
 78/177 [============>.................] - ETA: 6s - batch_cost: 0.0608 - reader cost: 0.0019
 79/177 [============>.................] - ETA: 5s - batch_cost: 0.0607 - reader cost: 0.0019
 80/177 [============>.................] - ETA: 5s - batch_cost: 0.0608 - reader cost: 0.0019
 81/177 [============>.................] - ETA: 5s - batch_cost: 0.0608 - reader cost: 0.0019
 82/177 [============>.................] - ETA: 5s - batch_cost: 0.0608 - reader cost: 0.0018
 83/177 [=============>................] - ETA: 5s - batch_cost: 0.0609 - reader cost: 0.0018
 84/177 [=============>................] - ETA: 5s - batch_cost: 0.0608 - reader cost: 0.0018
 85/177 [=============>................] - ETA: 5s - batch_cost: 0.0608 - reader cost: 0.0018
 86/177 [=============>................] - ETA: 5s - batch_cost: 0.0608 - reader cost: 0.0018
 87/177 [=============>................] - ETA: 5s - batch_cost: 0.0608 - reader cost: 0.0017
 88/177 [=============>................] - ETA: 5s - batch_cost: 0.0608 - reader cost: 0.0017
 89/177 [==============>...............] - ETA: 5s - batch_cost: 0.0608 - reader cost: 0.0017
 90/177 [==============>...............] - ETA: 5s - batch_cost: 0.0608 - reader cost: 0.0017
 91/177 [==============>...............] - ETA: 5s - batch_cost: 0.0608 - reader cost: 0.0017
 92/177 [==============>...............] - ETA: 5s - batch_cost: 0.0608 - reader cost: 0.0017
 93/177 [==============>...............] - ETA: 5s - batch_cost: 0.0608 - reader cost: 0.0016
 94/177 [==============>...............] - ETA: 5s - batch_cost: 0.0608 - reader cost: 0.0016
 95/177 [===============>..............] - ETA: 4s - batch_cost: 0.0608 - reader cost: 0.0016
 96/177 [===============>..............] - ETA: 4s - batch_cost: 0.0608 - reader cost: 0.0016
 97/177 [===============>..............] - ETA: 4s - batch_cost: 0.0608 - reader cost: 0.0016
 98/177 [===============>..............] - ETA: 4s - batch_cost: 0.0608 - reader cost: 0.0016
 99/177 [===============>..............] - ETA: 4s - batch_cost: 0.0608 - reader cost: 0.0015
100/177 [===============>..............] - ETA: 4s - batch_cost: 0.0608 - reader cost: 0.0015
101/177 [================>.............] - ETA: 4s - batch_cost: 0.0608 - reader cost: 0.0015
102/177 [================>.............] - ETA: 4s - batch_cost: 0.0608 - reader cost: 0.0015
103/177 [================>.............] - ETA: 4s - batch_cost: 0.0608 - reader cost: 0.0015
104/177 [================>.............] - ETA: 4s - batch_cost: 0.0607 - reader cost: 0.0015
105/177 [================>.............] - ETA: 4s - batch_cost: 0.0608 - reader cost: 0.0014
106/177 [================>.............] - ETA: 4s - batch_cost: 0.0608 - reader cost: 0.0014
107/177 [=================>............] - ETA: 4s - batch_cost: 0.0608 - reader cost: 0.0014
108/177 [=================>............] - ETA: 4s - batch_cost: 0.0608 - reader cost: 0.0014
109/177 [=================>............] - ETA: 4s - batch_cost: 0.0608 - reader cost: 0.0014
110/177 [=================>............] - ETA: 4s - batch_cost: 0.0608 - reader cost: 0.0014
111/177 [=================>............] - ETA: 4s - batch_cost: 0.0608 - reader cost: 0.0014
112/177 [=================>............] - ETA: 3s - batch_cost: 0.0608 - reader cost: 0.0014
113/177 [==================>...........] - ETA: 3s - batch_cost: 0.0608 - reader cost: 0.0014
114/177 [==================>...........] - ETA: 3s - batch_cost: 0.0608 - reader cost: 0.0013
115/177 [==================>...........] - ETA: 3s - batch_cost: 0.0608 - reader cost: 0.0013
116/177 [==================>...........] - ETA: 3s - batch_cost: 0.0608 - reader cost: 0.0013
117/177 [==================>...........] - ETA: 3s - batch_cost: 0.0608 - reader cost: 0.0013
118/177 [===================>..........] - ETA: 3s - batch_cost: 0.0607 - reader cost: 0.0013
119/177 [===================>..........] - ETA: 3s - batch_cost: 0.0607 - reader cost: 0.0013
120/177 [===================>..........] - ETA: 3s - batch_cost: 0.0607 - reader cost: 0.0013
121/177 [===================>..........] - ETA: 3s - batch_cost: 0.0607 - reader cost: 0.0013
122/177 [===================>..........] - ETA: 3s - batch_cost: 0.0607 - reader cost: 0.0013
123/177 [===================>..........] - ETA: 3s - batch_cost: 0.0607 - reader cost: 0.0012
124/177 [====================>.........] - ETA: 3s - batch_cost: 0.0607 - reader cost: 0.0012
125/177 [====================>.........] - ETA: 3s - batch_cost: 0.0607 - reader cost: 0.0012
126/177 [====================>.........] - ETA: 3s - batch_cost: 0.0607 - reader cost: 0.0012
127/177 [====================>.........] - ETA: 3s - batch_cost: 0.0607 - reader cost: 0.0012
128/177 [====================>.........] - ETA: 2s - batch_cost: 0.0607 - reader cost: 0.0012
129/177 [====================>.........] - ETA: 2s - batch_cost: 0.0607 - reader cost: 0.0012
130/177 [=====================>........] - ETA: 2s - batch_cost: 0.0607 - reader cost: 0.0012
131/177 [=====================>........] - ETA: 2s - batch_cost: 0.0607 - reader cost: 0.0012
132/177 [=====================>........] - ETA: 2s - batch_cost: 0.0607 - reader cost: 0.0012
133/177 [=====================>........] - ETA: 2s - batch_cost: 0.0607 - reader cost: 0.0012
134/177 [=====================>........] - ETA: 2s - batch_cost: 0.0607 - reader cost: 0.0011
135/177 [=====================>........] - ETA: 2s - batch_cost: 0.0607 - reader cost: 0.0011
136/177 [======================>.......] - ETA: 2s - batch_cost: 0.0607 - reader cost: 0.0011
137/177 [======================>.......] - ETA: 2s - batch_cost: 0.0607 - reader cost: 0.0011
138/177 [======================>.......] - ETA: 2s - batch_cost: 0.0607 - reader cost: 0.0011
139/177 [======================>.......] - ETA: 2s - batch_cost: 0.0607 - reader cost: 0.0011
140/177 [======================>.......] - ETA: 2s - batch_cost: 0.0607 - reader cost: 0.0011
141/177 [======================>.......] - ETA: 2s - batch_cost: 0.0607 - reader cost: 0.0011
142/177 [=======================>......] - ETA: 2s - batch_cost: 0.0607 - reader cost: 0.0011
143/177 [=======================>......] - ETA: 2s - batch_cost: 0.0607 - reader cost: 0.0011
144/177 [=======================>......] - ETA: 2s - batch_cost: 0.0607 - reader cost: 0.0011
145/177 [=======================>......] - ETA: 1s - batch_cost: 0.0607 - reader cost: 0.0011
146/177 [=======================>......] - ETA: 1s - batch_cost: 0.0607 - reader cost: 0.0010
147/177 [=======================>......] - ETA: 1s - batch_cost: 0.0607 - reader cost: 0.0010
148/177 [========================>.....] - ETA: 1s - batch_cost: 0.0607 - reader cost: 0.0010
149/177 [========================>.....] - ETA: 1s - batch_cost: 0.0607 - reader cost: 0.0010
150/177 [========================>.....] - ETA: 1s - batch_cost: 0.0607 - reader cost: 0.0010
151/177 [========================>.....] - ETA: 1s - batch_cost: 0.0607 - reader cost: 0.0010
152/177 [========================>.....] - ETA: 1s - batch_cost: 0.0607 - reader cost: 0.0010
153/177 [========================>.....] - ETA: 1s - batch_cost: 0.0607 - reader cost: 0.0010
154/177 [=========================>....] - ETA: 1s - batch_cost: 0.0607 - reader cost: 0.0010
155/177 [=========================>....] - ETA: 1s - batch_cost: 0.0607 - reader cost: 9.9423e-04
156/177 [=========================>....] - ETA: 1s - batch_cost: 0.0607 - reader cost: 9.8786e-04
157/177 [=========================>....] - ETA: 1s - batch_cost: 0.0607 - reader cost: 9.8157e-04
158/177 [=========================>....] - ETA: 1s - batch_cost: 0.0607 - reader cost: 9.7536e-04
159/177 [=========================>....] - ETA: 1s - batch_cost: 0.0607 - reader cost: 9.6922e-04
160/177 [==========================>...] - ETA: 1s - batch_cost: 0.0607 - reader cost: 9.6316e-04
161/177 [==========================>...] - ETA: 0s - batch_cost: 0.0606 - reader cost: 9.5718e-04
162/177 [==========================>...] - ETA: 0s - batch_cost: 0.0606 - reader cost: 9.5127e-04
163/177 [==========================>...] - ETA: 0s - batch_cost: 0.0606 - reader cost: 9.4544e-04
164/177 [==========================>...] - ETA: 0s - batch_cost: 0.0606 - reader cost: 9.3967e-04
165/177 [==========================>...] - ETA: 0s - batch_cost: 0.0606 - reader cost: 9.3398e-04
166/177 [===========================>..] - ETA: 0s - batch_cost: 0.0606 - reader cost: 9.2835e-04
167/177 [===========================>..] - ETA: 0s - batch_cost: 0.0606 - reader cost: 9.2279e-04
168/177 [===========================>..] - ETA: 0s - batch_cost: 0.0606 - reader cost: 9.1730e-04
169/177 [===========================>..] - ETA: 0s - batch_cost: 0.0606 - reader cost: 9.1187e-04
170/177 [===========================>..] - ETA: 0s - batch_cost: 0.0606 - reader cost: 9.0651e-04
171/177 [===========================>..] - ETA: 0s - batch_cost: 0.0606 - reader cost: 9.0710e-04
172/177 [============================>.] - ETA: 0s - batch_cost: 0.0606 - reader cost: 9.0182e-04
173/177 [============================>.] - ETA: 0s - batch_cost: 0.0606 - reader cost: 8.9661e-04
174/177 [============================>.] - ETA: 0s - batch_cost: 0.0606 - reader cost: 8.9146e-04
175/177 [============================>.] - ETA: 0s - batch_cost: 0.0606 - reader cost: 8.8636e-04
176/177 [============================>.] - ETA: 0s - batch_cost: 0.0606 - reader cost: 8.8133e-04
177/177 [==============================] - 11s 61ms/step - batch_cost: 0.0606 - reader cost: 8.7635e-04

  1/177 [..............................] - ETA: 10s - batch_cost: 0.0609 - reader cost: 0.0426
  2/177 [..............................] - ETA: 10s - batch_cost: 0.0627 - reader cost: 0.0384
  3/177 [..............................] - ETA: 10s - batch_cost: 0.0620 - reader cost: 0.0311
  4/177 [..............................] - ETA: 10s - batch_cost: 0.0615 - reader cost: 0.0251
  5/177 [..............................] - ETA: 10s - batch_cost: 0.0622 - reader cost: 0.0201
  6/177 [>.............................] - ETA: 10s - batch_cost: 0.0608 - reader cost: 0.0167
  7/177 [>.............................] - ETA: 10s - batch_cost: 0.0606 - reader cost: 0.0143
  8/177 [>.............................] - ETA: 10s - batch_cost: 0.0606 - reader cost: 0.0125
  9/177 [>.............................] - ETA: 10s - batch_cost: 0.0605 - reader cost: 0.0112
 10/177 [>.............................] - ETA: 10s - batch_cost: 0.0605 - reader cost: 0.0100
 11/177 [>.............................] - ETA: 10s - batch_cost: 0.0605 - reader cost: 0.0092
 12/177 [=>............................] - ETA: 9s - batch_cost: 0.0606 - reader cost: 0.0084 
 13/177 [=>............................] - ETA: 9s - batch_cost: 0.0602 - reader cost: 0.0079
 14/177 [=>............................] - ETA: 9s - batch_cost: 0.0600 - reader cost: 0.0073
 15/177 [=>............................] - ETA: 9s - batch_cost: 0.0600 - reader cost: 0.0068
 16/177 [=>............................] - ETA: 9s - batch_cost: 0.0599 - reader cost: 0.0064
 17/177 [=>............................] - ETA: 9s - batch_cost: 0.0599 - reader cost: 0.0060
 18/177 [==>...........................] - ETA: 9s - batch_cost: 0.0600 - reader cost: 0.0057
 19/177 [==>...........................] - ETA: 9s - batch_cost: 0.0600 - reader cost: 0.0054
 20/177 [==>...........................] - ETA: 9s - batch_cost: 0.0600 - reader cost: 0.0051
 21/177 [==>...........................] - ETA: 9s - batch_cost: 0.0599 - reader cost: 0.0049
 22/177 [==>...........................] - ETA: 9s - batch_cost: 0.0598 - reader cost: 0.0047
 23/177 [==>...........................] - ETA: 9s - batch_cost: 0.0599 - reader cost: 0.0045
 24/177 [===>..........................] - ETA: 9s - batch_cost: 0.0599 - reader cost: 0.0043
 25/177 [===>..........................] - ETA: 9s - batch_cost: 0.0599 - reader cost: 0.0041
 26/177 [===>..........................] - ETA: 9s - batch_cost: 0.0599 - reader cost: 0.0040
 27/177 [===>..........................] - ETA: 9s - batch_cost: 0.0600 - reader cost: 0.0038
 28/177 [===>..........................] - ETA: 8s - batch_cost: 0.0599 - reader cost: 0.0037
 29/177 [===>..........................] - ETA: 8s - batch_cost: 0.0599 - reader cost: 0.0036
 30/177 [====>.........................] - ETA: 8s - batch_cost: 0.0600 - reader cost: 0.0035
 31/177 [====>.........................] - ETA: 8s - batch_cost: 0.0599 - reader cost: 0.0034
 32/177 [====>.........................] - ETA: 8s - batch_cost: 0.0598 - reader cost: 0.0032
 33/177 [====>.........................] - ETA: 8s - batch_cost: 0.0598 - reader cost: 0.0032
 34/177 [====>.........................] - ETA: 8s - batch_cost: 0.0600 - reader cost: 0.0031
 35/177 [====>.........................] - ETA: 8s - batch_cost: 0.0600 - reader cost: 0.0030
 36/177 [=====>........................] - ETA: 8s - batch_cost: 0.0600 - reader cost: 0.0029
 37/177 [=====>........................] - ETA: 8s - batch_cost: 0.0599 - reader cost: 0.0028
 38/177 [=====>........................] - ETA: 8s - batch_cost: 0.0600 - reader cost: 0.0028
 39/177 [=====>........................] - ETA: 8s - batch_cost: 0.0601 - reader cost: 0.0027
 40/177 [=====>........................] - ETA: 8s - batch_cost: 0.0600 - reader cost: 0.0026
 41/177 [=====>........................] - ETA: 8s - batch_cost: 0.0600 - reader cost: 0.0026
 42/177 [======>.......................] - ETA: 8s - batch_cost: 0.0600 - reader cost: 0.0025
 43/177 [======>.......................] - ETA: 8s - batch_cost: 0.0599 - reader cost: 0.0024
 44/177 [======>.......................] - ETA: 7s - batch_cost: 0.0600 - reader cost: 0.0024
 45/177 [======>.......................] - ETA: 7s - batch_cost: 0.0599 - reader cost: 0.0023
 46/177 [======>.......................] - ETA: 7s - batch_cost: 0.0599 - reader cost: 0.0023
 47/177 [======>.......................] - ETA: 7s - batch_cost: 0.0599 - reader cost: 0.0022
 48/177 [=======>......................] - ETA: 7s - batch_cost: 0.0599 - reader cost: 0.0022
 49/177 [=======>......................] - ETA: 7s - batch_cost: 0.0599 - reader cost: 0.0021
 50/177 [=======>......................] - ETA: 7s - batch_cost: 0.0599 - reader cost: 0.0021
 51/177 [=======>......................] - ETA: 7s - batch_cost: 0.0599 - reader cost: 0.0021
 52/177 [=======>......................] - ETA: 7s - batch_cost: 0.0599 - reader cost: 0.0020
 53/177 [=======>......................] - ETA: 7s - batch_cost: 0.0599 - reader cost: 0.0020
 54/177 [========>.....................] - ETA: 7s - batch_cost: 0.0598 - reader cost: 0.0020
 55/177 [========>.....................] - ETA: 7s - batch_cost: 0.0599 - reader cost: 0.0019
 56/177 [========>.....................] - ETA: 7s - batch_cost: 0.0598 - reader cost: 0.0019
 57/177 [========>.....................] - ETA: 7s - batch_cost: 0.0599 - reader cost: 0.0019
 58/177 [========>.....................] - ETA: 7s - batch_cost: 0.0599 - reader cost: 0.0018
 59/177 [=========>....................] - ETA: 7s - batch_cost: 0.0598 - reader cost: 0.0018
 60/177 [=========>....................] - ETA: 7s - batch_cost: 0.0599 - reader cost: 0.0018
 61/177 [=========>....................] - ETA: 6s - batch_cost: 0.0598 - reader cost: 0.0018
 62/177 [=========>....................] - ETA: 6s - batch_cost: 0.0598 - reader cost: 0.0017
 63/177 [=========>....................] - ETA: 6s - batch_cost: 0.0598 - reader cost: 0.0017
 64/177 [=========>....................] - ETA: 6s - batch_cost: 0.0598 - reader cost: 0.0017
 65/177 [==========>...................] - ETA: 6s - batch_cost: 0.0598 - reader cost: 0.0017
 66/177 [==========>...................] - ETA: 6s - batch_cost: 0.0598 - reader cost: 0.0016
 67/177 [==========>...................] - ETA: 6s - batch_cost: 0.0598 - reader cost: 0.0016
 68/177 [==========>...................] - ETA: 6s - batch_cost: 0.0598 - reader cost: 0.0016
 69/177 [==========>...................] - ETA: 6s - batch_cost: 0.0598 - reader cost: 0.0016
 70/177 [==========>...................] - ETA: 6s - batch_cost: 0.0598 - reader cost: 0.0015
 71/177 [===========>..................] - ETA: 6s - batch_cost: 0.0598 - reader cost: 0.0015
 72/177 [===========>..................] - ETA: 6s - batch_cost: 0.0598 - reader cost: 0.0015
 73/177 [===========>..................] - ETA: 6s - batch_cost: 0.0598 - reader cost: 0.0015
 74/177 [===========>..................] - ETA: 6s - batch_cost: 0.0598 - reader cost: 0.0015
 75/177 [===========>..................] - ETA: 6s - batch_cost: 0.0598 - reader cost: 0.0015
 76/177 [===========>..................] - ETA: 6s - batch_cost: 0.0599 - reader cost: 0.0014
 77/177 [============>.................] - ETA: 5s - batch_cost: 0.0599 - reader cost: 0.0014
 78/177 [============>.................] - ETA: 5s - batch_cost: 0.0599 - reader cost: 0.0014
 79/177 [============>.................] - ETA: 5s - batch_cost: 0.0598 - reader cost: 0.0014
 80/177 [============>.................] - ETA: 5s - batch_cost: 0.0598 - reader cost: 0.0014
 81/177 [============>.................] - ETA: 5s - batch_cost: 0.0598 - reader cost: 0.0013
 82/177 [============>.................] - ETA: 5s - batch_cost: 0.0598 - reader cost: 0.0013
 83/177 [=============>................] - ETA: 5s - batch_cost: 0.0598 - reader cost: 0.0013
 84/177 [=============>................] - ETA: 5s - batch_cost: 0.0598 - reader cost: 0.0013
 85/177 [=============>................] - ETA: 5s - batch_cost: 0.0598 - reader cost: 0.0013
 86/177 [=============>................] - ETA: 5s - batch_cost: 0.0598 - reader cost: 0.0013
 87/177 [=============>................] - ETA: 5s - batch_cost: 0.0598 - reader cost: 0.0013
 88/177 [=============>................] - ETA: 5s - batch_cost: 0.0598 - reader cost: 0.0012
 89/177 [==============>...............] - ETA: 5s - batch_cost: 0.0598 - reader cost: 0.0012
 90/177 [==============>...............] - ETA: 5s - batch_cost: 0.0598 - reader cost: 0.0012
 91/177 [==============>...............] - ETA: 5s - batch_cost: 0.0598 - reader cost: 0.0012
 92/177 [==============>...............] - ETA: 5s - batch_cost: 0.0598 - reader cost: 0.0012
 93/177 [==============>...............] - ETA: 5s - batch_cost: 0.0598 - reader cost: 0.0012
 94/177 [==============>...............] - ETA: 4s - batch_cost: 0.0598 - reader cost: 0.0012
 95/177 [===============>..............] - ETA: 4s - batch_cost: 0.0598 - reader cost: 0.0012
 96/177 [===============>..............] - ETA: 4s - batch_cost: 0.0598 - reader cost: 0.0011
 97/177 [===============>..............] - ETA: 4s - batch_cost: 0.0598 - reader cost: 0.0011
 98/177 [===============>..............] - ETA: 4s - batch_cost: 0.0598 - reader cost: 0.0011
 99/177 [===============>..............] - ETA: 4s - batch_cost: 0.0598 - reader cost: 0.0011
100/177 [===============>..............] - ETA: 4s - batch_cost: 0.0598 - reader cost: 0.0011
101/177 [================>.............] - ETA: 4s - batch_cost: 0.0598 - reader cost: 0.0011
102/177 [================>.............] - ETA: 4s - batch_cost: 0.0599 - reader cost: 0.0011
103/177 [================>.............] - ETA: 4s - batch_cost: 0.0599 - reader cost: 0.0011
104/177 [================>.............] - ETA: 4s - batch_cost: 0.0599 - reader cost: 0.0011
105/177 [================>.............] - ETA: 4s - batch_cost: 0.0599 - reader cost: 0.0010
106/177 [================>.............] - ETA: 4s - batch_cost: 0.0599 - reader cost: 0.0010
107/177 [=================>............] - ETA: 4s - batch_cost: 0.0599 - reader cost: 0.0010
108/177 [=================>............] - ETA: 4s - batch_cost: 0.0599 - reader cost: 0.0010
109/177 [=================>............] - ETA: 4s - batch_cost: 0.0599 - reader cost: 0.0010
110/177 [=================>............] - ETA: 4s - batch_cost: 0.0599 - reader cost: 9.9944e-04
111/177 [=================>............] - ETA: 3s - batch_cost: 0.0599 - reader cost: 9.9043e-04
112/177 [=================>............] - ETA: 3s - batch_cost: 0.0598 - reader cost: 9.8159e-04
113/177 [==================>...........] - ETA: 3s - batch_cost: 0.0599 - reader cost: 9.7290e-04
114/177 [==================>...........] - ETA: 3s - batch_cost: 0.0599 - reader cost: 9.6437e-04
115/177 [==================>...........] - ETA: 3s - batch_cost: 0.0599 - reader cost: 9.5598e-04
116/177 [==================>...........] - ETA: 3s - batch_cost: 0.0599 - reader cost: 9.4774e-04
117/177 [==================>...........] - ETA: 3s - batch_cost: 0.0598 - reader cost: 9.3964e-04
118/177 [===================>..........] - ETA: 3s - batch_cost: 0.0598 - reader cost: 9.3168e-04
119/177 [===================>..........] - ETA: 3s - batch_cost: 0.0598 - reader cost: 9.3223e-04
120/177 [===================>..........] - ETA: 3s - batch_cost: 0.0599 - reader cost: 9.3279e-04
121/177 [===================>..........] - ETA: 3s - batch_cost: 0.0599 - reader cost: 9.2508e-04
122/177 [===================>..........] - ETA: 3s - batch_cost: 0.0599 - reader cost: 9.1750e-04
123/177 [===================>..........] - ETA: 3s - batch_cost: 0.0598 - reader cost: 9.1004e-04
124/177 [====================>.........] - ETA: 3s - batch_cost: 0.0598 - reader cost: 9.0270e-04
125/177 [====================>.........] - ETA: 3s - batch_cost: 0.0598 - reader cost: 8.9548e-04
126/177 [====================>.........] - ETA: 3s - batch_cost: 0.0599 - reader cost: 8.8837e-04
127/177 [====================>.........] - ETA: 2s - batch_cost: 0.0598 - reader cost: 8.8138e-04
128/177 [====================>.........] - ETA: 2s - batch_cost: 0.0598 - reader cost: 8.7449e-04
129/177 [====================>.........] - ETA: 2s - batch_cost: 0.0599 - reader cost: 8.6771e-04
130/177 [=====================>........] - ETA: 2s - batch_cost: 0.0598 - reader cost: 8.6104e-04
131/177 [=====================>........] - ETA: 2s - batch_cost: 0.0598 - reader cost: 8.5447e-04
132/177 [=====================>........] - ETA: 2s - batch_cost: 0.0599 - reader cost: 8.4799e-04
133/177 [=====================>........] - ETA: 2s - batch_cost: 0.0598 - reader cost: 8.4162e-04
134/177 [=====================>........] - ETA: 2s - batch_cost: 0.0599 - reader cost: 8.3534e-04
135/177 [=====================>........] - ETA: 2s - batch_cost: 0.0598 - reader cost: 8.2915e-04
136/177 [======================>.......] - ETA: 2s - batch_cost: 0.0599 - reader cost: 8.2305e-04
137/177 [======================>.......] - ETA: 2s - batch_cost: 0.0599 - reader cost: 8.1704e-04
138/177 [======================>.......] - ETA: 2s - batch_cost: 0.0598 - reader cost: 8.1112e-04
139/177 [======================>.......] - ETA: 2s - batch_cost: 0.0599 - reader cost: 8.0529e-04
140/177 [======================>.......] - ETA: 2s - batch_cost: 0.0598 - reader cost: 7.9954e-04
141/177 [======================>.......] - ETA: 2s - batch_cost: 0.0598 - reader cost: 7.9387e-04
142/177 [=======================>......] - ETA: 2s - batch_cost: 0.0598 - reader cost: 7.8828e-04
143/177 [=======================>......] - ETA: 2s - batch_cost: 0.0599 - reader cost: 7.8975e-04
144/177 [=======================>......] - ETA: 1s - batch_cost: 0.0599 - reader cost: 7.8427e-04
145/177 [=======================>......] - ETA: 1s - batch_cost: 0.0598 - reader cost: 7.7886e-04
146/177 [=======================>......] - ETA: 1s - batch_cost: 0.0599 - reader cost: 7.7353e-04
147/177 [=======================>......] - ETA: 1s - batch_cost: 0.0599 - reader cost: 7.6826e-04
148/177 [========================>.....] - ETA: 1s - batch_cost: 0.0598 - reader cost: 7.6307e-04
149/177 [========================>.....] - ETA: 1s - batch_cost: 0.0598 - reader cost: 7.5795e-04
150/177 [========================>.....] - ETA: 1s - batch_cost: 0.0598 - reader cost: 7.5290e-04
151/177 [========================>.....] - ETA: 1s - batch_cost: 0.0598 - reader cost: 7.4791e-04
152/177 [========================>.....] - ETA: 1s - batch_cost: 0.0599 - reader cost: 7.4299e-04
153/177 [========================>.....] - ETA: 1s - batch_cost: 0.0598 - reader cost: 7.3814e-04
154/177 [=========================>....] - ETA: 1s - batch_cost: 0.0598 - reader cost: 7.3334e-04
155/177 [=========================>....] - ETA: 1s - batch_cost: 0.0598 - reader cost: 7.2861e-04
156/177 [=========================>....] - ETA: 1s - batch_cost: 0.0598 - reader cost: 7.2394e-04
157/177 [=========================>....] - ETA: 1s - batch_cost: 0.0598 - reader cost: 7.1933e-04
158/177 [=========================>....] - ETA: 1s - batch_cost: 0.0599 - reader cost: 7.1478e-04
159/177 [=========================>....] - ETA: 1s - batch_cost: 0.0598 - reader cost: 7.1028e-04
160/177 [==========================>...] - ETA: 1s - batch_cost: 0.0598 - reader cost: 7.0584e-04
161/177 [==========================>...] - ETA: 0s - batch_cost: 0.0599 - reader cost: 7.0146e-04
162/177 [==========================>...] - ETA: 0s - batch_cost: 0.0598 - reader cost: 6.9713e-04
163/177 [==========================>...] - ETA: 0s - batch_cost: 0.0598 - reader cost: 6.9285e-04
164/177 [==========================>...] - ETA: 0s - batch_cost: 0.0599 - reader cost: 6.8863e-04
165/177 [==========================>...] - ETA: 0s - batch_cost: 0.0598 - reader cost: 6.8445e-04
166/177 [===========================>..] - ETA: 0s - batch_cost: 0.0598 - reader cost: 6.8033e-04
167/177 [===========================>..] - ETA: 0s - batch_cost: 0.0598 - reader cost: 6.7626e-04
168/177 [===========================>..] - ETA: 0s - batch_cost: 0.0598 - reader cost: 6.7223e-04
169/177 [===========================>..] - ETA: 0s - batch_cost: 0.0598 - reader cost: 6.6825e-04
170/177 [===========================>..] - ETA: 0s - batch_cost: 0.0598 - reader cost: 6.6432e-04
171/177 [===========================>..] - ETA: 0s - batch_cost: 0.0598 - reader cost: 6.6628e-04
172/177 [============================>.] - ETA: 0s - batch_cost: 0.0598 - reader cost: 6.6241e-04
173/177 [============================>.] - ETA: 0s - batch_cost: 0.0598 - reader cost: 6.6434e-04
174/177 [============================>.] - ETA: 0s - batch_cost: 0.0598 - reader cost: 6.6052e-04
175/177 [============================>.] - ETA: 0s - batch_cost: 0.0598 - reader cost: 6.5675e-04
176/177 [============================>.] - ETA: 0s - batch_cost: 0.0598 - reader cost: 6.5302e-04
177/177 [==============================] - 11s 60ms/step - batch_cost: 0.0598 - reader cost: 6.4933e-04
