[2026/10/07 12:17:50] INFO: 
------------Environment Information-------------
platform: Windows-11-10.0.26200-SP0
Python: 3.12.10 (tags/v3.12.10:0cc8128, Apr  8 2025, 12:21:36) [MSC v.1943 64 bit (AMD64)]
Paddle compiled with cuda: True
NVCC: Build cuda_13.4.r13.4/compiler.38657139_0
cudnn: 90.9
GPUs used: 1
CUDA_VISIBLE_DEVICES: None
GPU: ['GPU 0: NVIDIA GeForce']
PaddleSeg: 0.0.0.dev0
PaddlePaddle: 3.4.0
OpenCV: 4.11.0
------------------------------------------------
[2026/10/07 12:17:50] INFO: 
---------------Config Information---------------
batch_size: 4
iters: 18000
train_dataset:
  dataset_root: C:/Users/user/algolab_data
  mode: train
  num_classes: 2
  train_path: C:/Users/user/algolab_data/train.txt
  transforms:
  - max_scale_factor: 1.25
    min_scale_factor: 0.75
    scale_step_size: 0.25
    type: ResizeStepScaling
  - crop_size:
    - 400
    - 400
    type: RandomPaddingCrop
  - type: RandomHorizontalFlip
  - brightness_range: 0.5
    contrast_range: 0.5
    saturation_range: 0.5
    type: RandomDistort
  - type: Normalize
  type: Dataset
val_dataset:
  dataset_root: C:/Users/user/algolab_data
  mode: val
  num_classes: 2
  transforms:
  - type: Normalize
  type: Dataset
  val_path: C:/Users/user/algolab_data/val.txt
optimizer:
  beta1: 0.9
  beta2: 0.999
  type: AdamW
  weight_decay: 0.01
lr_scheduler:
  end_lr: 0.0
  learning_rate: 6.0e-05
  power: 1
  type: PolynomialDecay
loss:
  coef:
  - 1
  - 1
  - 1
  - 1
  - 1
  types:
  - coef:
    - 0.8
    - 0.2
    losses:
    - min_kept: 65000
      type: OhemCrossEntropyLoss
    - type: DiceLoss
    type: MixedLoss
  - coef:
    - 0.8
    - 0.2
    losses:
    - min_kept: 65000
      type: OhemCrossEntropyLoss
    - type: DiceLoss
    type: MixedLoss
  - coef:
    - 0.8
    - 0.2
    losses:
    - min_kept: 65000
      type: OhemCrossEntropyLoss
    - type: DiceLoss
    type: MixedLoss
  - coef:
    - 0.8
    - 0.2
    losses:
    - min_kept: 65000
      type: OhemCrossEntropyLoss
    - type: DiceLoss
    type: MixedLoss
  - coef:
    - 0.8
    - 0.2
    losses:
    - min_kept: 65000
      type: OhemCrossEntropyLoss
    - type: DiceLoss
    type: MixedLoss
model:
  context_type: none
  num_classes: 2
  shape_stream: false
  type: BiSeNetV2
------------------------------------------------

[2026/10/07 12:17:51] INFO: Set device: gpu
[2026/10/07 12:17:51] INFO: Use the following config to build model
model:
  context_type: none
  num_classes: 2
  shape_stream: false
  type: BiSeNetV2
WARNING: Logging before InitGoogleLogging() is written to STDERR
W1007 12:17:51.322777 53116 gpu_resources.cc:116] Please NOTE: device: 0, GPU Compute Capability: 12.0, Driver API Version: 13.2, Runtime API Version: 12.9
[2026/10/07 12:17:51] INFO: Use the following config to build train_dataset
train_dataset:
  dataset_root: C:/Users/user/algolab_data
  mode: train
  num_classes: 2
  train_path: C:/Users/user/algolab_data/train.txt
  transforms:
  - max_scale_factor: 1.25
    min_scale_factor: 0.75
    scale_step_size: 0.25
    type: ResizeStepScaling
  - crop_size:
    - 400
    - 400
    type: RandomPaddingCrop
  - type: RandomHorizontalFlip
  - brightness_range: 0.5
    contrast_range: 0.5
    saturation_range: 0.5
    type: RandomDistort
  - type: Normalize
  type: Dataset
[2026/10/07 12:17:51] INFO: Use the following config to build val_dataset
val_dataset:
  dataset_root: C:/Users/user/algolab_data
  mode: val
  num_classes: 2
  transforms:
  - type: Normalize
  type: Dataset
  val_path: C:/Users/user/algolab_data/val.txt
[2026/10/07 12:17:51] INFO: Use the following config to build optimizer
optimizer:
  beta1: 0.9
  beta2: 0.999
  type: AdamW
  weight_decay: 0.01
[2026/10/07 12:17:51] INFO: Use the following config to build loss
loss:
  coef:
  - 1
  - 1
  - 1
  - 1
  - 1
  types:
  - coef:
    - 0.8
    - 0.2
    losses:
    - min_kept: 65000
      type: OhemCrossEntropyLoss
    - type: DiceLoss
    type: MixedLoss
  - coef:
    - 0.8
    - 0.2
    losses:
    - min_kept: 65000
      type: OhemCrossEntropyLoss
    - type: DiceLoss
    type: MixedLoss
  - coef:
    - 0.8
    - 0.2
    losses:
    - min_kept: 65000
      type: OhemCrossEntropyLoss
    - type: DiceLoss
    type: MixedLoss
  - coef:
    - 0.8
    - 0.2
    losses:
    - min_kept: 65000
      type: OhemCrossEntropyLoss
    - type: DiceLoss
    type: MixedLoss
  - coef:
    - 0.8
    - 0.2
    losses:
    - min_kept: 65000
      type: OhemCrossEntropyLoss
    - type: DiceLoss
    type: MixedLoss
C:\venv_bisenet\Lib\site-packages\paddle\nn\layer\norm.py:885: UserWarning: When training, we now always track global mean and variance.
  warnings.warn(
[2026/10/07 12:17:54] INFO: [TRAIN] epoch: 1, iter: 10/18000, loss: 3.6696, lr: 0.000060, batch_cost: 0.2838, reader_cost: 0.02248, ips: 14.0950 samples/sec, max_mem_reserved: 922 MB, max_mem_allocated: 673 MB | ETA 01:25:05
[2026/10/07 12:17:56] INFO: [TRAIN] epoch: 1, iter: 20/18000, loss: 3.5726, lr: 0.000060, batch_cost: 0.1078, reader_cost: 0.00015, ips: 37.1034 samples/sec, max_mem_reserved: 922 MB, max_mem_allocated: 673 MB | ETA 00:32:18
[2026/10/07 12:17:57] INFO: [TRAIN] epoch: 1, iter: 30/18000, loss: 3.5126, lr: 0.000060, batch_cost: 0.1067, reader_cost: 0.00000, ips: 37.5044 samples/sec, max_mem_reserved: 922 MB, max_mem_allocated: 673 MB | ETA 00:31:56
[2026/10/07 12:17:59] INFO: [TRAIN] epoch: 1, iter: 40/18000, loss: 3.5139, lr: 0.000060, batch_cost: 0.1052, reader_cost: 0.00010, ips: 38.0386 samples/sec, max_mem_reserved: 922 MB, max_mem_allocated: 673 MB | ETA 00:31:28
[2026/10/07 12:18:00] INFO: [TRAIN] epoch: 1, iter: 50/18000, loss: 3.3974, lr: 0.000060, batch_cost: 0.1093, reader_cost: 0.00005, ips: 36.6025 samples/sec, max_mem_reserved: 922 MB, max_mem_allocated: 673 MB | ETA 00:32:41
[2026/10/07 12:18:01] INFO: [TRAIN] epoch: 1, iter: 60/18000, loss: 3.4046, lr: 0.000060, batch_cost: 0.1055, reader_cost: 0.00020, ips: 37.9309 samples/sec, max_mem_reserved: 922 MB, max_mem_allocated: 673 MB | ETA 00:31:31
[2026/10/07 12:18:03] INFO: [TRAIN] epoch: 1, iter: 70/18000, loss: 3.3484, lr: 0.000060, batch_cost: 0.1064, reader_cost: 0.00010, ips: 37.6090 samples/sec, max_mem_reserved: 922 MB, max_mem_allocated: 673 MB | ETA 00:31:46
[2026/10/07 12:18:04] INFO: [TRAIN] epoch: 1, iter: 80/18000, loss: 3.3392, lr: 0.000060, batch_cost: 0.1083, reader_cost: 0.00010, ips: 36.9259 samples/sec, max_mem_reserved: 922 MB, max_mem_allocated: 673 MB | ETA 00:32:21
[2026/10/07 12:18:06] INFO: [TRAIN] epoch: 1, iter: 90/18000, loss: 3.2276, lr: 0.000060, batch_cost: 0.1050, reader_cost: 0.00010, ips: 38.0995 samples/sec, max_mem_reserved: 922 MB, max_mem_allocated: 673 MB | ETA 00:31:20
[2026/10/07 12:18:07] INFO: [TRAIN] epoch: 1, iter: 100/18000, loss: 3.2657, lr: 0.000060, batch_cost: 0.1069, reader_cost: 0.00030, ips: 37.4077 samples/sec, max_mem_reserved: 922 MB, max_mem_allocated: 673 MB | ETA 00:31:54
[2026/10/07 12:18:08] INFO: [TRAIN] epoch: 1, iter: 110/18000, loss: 3.2325, lr: 0.000060, batch_cost: 0.1018, reader_cost: 0.00000, ips: 39.3061 samples/sec, max_mem_reserved: 922 MB, max_mem_allocated: 673 MB | ETA 00:30:20
[2026/10/07 12:18:10] INFO: [TRAIN] epoch: 1, iter: 120/18000, loss: 3.1846, lr: 0.000060, batch_cost: 0.1034, reader_cost: 0.00000, ips: 38.6858 samples/sec, max_mem_reserved: 922 MB, max_mem_allocated: 673 MB | ETA 00:30:48
[2026/10/07 12:18:11] INFO: [TRAIN] epoch: 1, iter: 130/18000, loss: 3.1462, lr: 0.000060, batch_cost: 0.1031, reader_cost: 0.00010, ips: 38.7888 samples/sec, max_mem_reserved: 922 MB, max_mem_allocated: 673 MB | ETA 00:30:42
[2026/10/07 12:18:12] INFO: [TRAIN] epoch: 1, iter: 140/18000, loss: 3.1582, lr: 0.000060, batch_cost: 0.1016, reader_cost: 0.00030, ips: 39.3517 samples/sec, max_mem_reserved: 922 MB, max_mem_allocated: 673 MB | ETA 00:30:15
[2026/10/07 12:18:14] INFO: [TRAIN] epoch: 1, iter: 150/18000, loss: 3.2184, lr: 0.000060, batch_cost: 0.1049, reader_cost: 0.00020, ips: 38.1195 samples/sec, max_mem_reserved: 922 MB, max_mem_allocated: 673 MB | ETA 00:31:13
[2026/10/07 12:18:15] INFO: [TRAIN] epoch: 1, iter: 160/18000, loss: 3.1509, lr: 0.000059, batch_cost: 0.1040, reader_cost: 0.00000, ips: 38.4537 samples/sec, max_mem_reserved: 922 MB, max_mem_allocated: 673 MB | ETA 00:30:55
[2026/10/07 12:18:17] INFO: [TRAIN] epoch: 1, iter: 170/18000, loss: 3.1148, lr: 0.000059, batch_cost: 0.1033, reader_cost: 0.00026, ips: 38.7223 samples/sec, max_mem_reserved: 922 MB, max_mem_allocated: 673 MB | ETA 00:30:41
[2026/10/07 12:18:18] INFO: [TRAIN] epoch: 1, iter: 180/18000, loss: 3.0578, lr: 0.000059, batch_cost: 0.1049, reader_cost: 0.00030, ips: 38.1212 samples/sec, max_mem_reserved: 922 MB, max_mem_allocated: 673 MB | ETA 00:31:09
[2026/10/07 12:18:19] INFO: [TRAIN] epoch: 1, iter: 190/18000, loss: 3.1987, lr: 0.000059, batch_cost: 0.1014, reader_cost: 0.00005, ips: 39.4524 samples/sec, max_mem_reserved: 922 MB, max_mem_allocated: 673 MB | ETA 00:30:05
[2026/10/07 12:18:21] INFO: [TRAIN] epoch: 1, iter: 200/18000, loss: 3.0672, lr: 0.000059, batch_cost: 0.1075, reader_cost: 0.00005, ips: 37.1945 samples/sec, max_mem_reserved: 922 MB, max_mem_allocated: 673 MB | ETA 00:31:54
[2026/10/07 12:18:22] INFO: [TRAIN] epoch: 1, iter: 210/18000, loss: 3.1382, lr: 0.000059, batch_cost: 0.1029, reader_cost: 0.00010, ips: 38.8827 samples/sec, max_mem_reserved: 922 MB, max_mem_allocated: 673 MB | ETA 00:30:30
[2026/10/07 12:18:23] INFO: [TRAIN] epoch: 1, iter: 220/18000, loss: 3.1372, lr: 0.000059, batch_cost: 0.1041, reader_cost: 0.00010, ips: 38.4304 samples/sec, max_mem_reserved: 922 MB, max_mem_allocated: 673 MB | ETA 00:30:50
[2026/10/07 12:18:25] INFO: [TRAIN] epoch: 1, iter: 230/18000, loss: 3.0572, lr: 0.000059, batch_cost: 0.1009, reader_cost: 0.00010, ips: 39.6528 samples/sec, max_mem_reserved: 922 MB, max_mem_allocated: 673 MB | ETA 00:29:52
[2026/10/07 12:18:26] INFO: [TRAIN] epoch: 1, iter: 240/18000, loss: 3.3146, lr: 0.000059, batch_cost: 0.0984, reader_cost: 0.00010, ips: 40.6453 samples/sec, max_mem_reserved: 922 MB, max_mem_allocated: 673 MB | ETA 00:29:07
[2026/10/07 12:18:27] INFO: [TRAIN] epoch: 1, iter: 250/18000, loss: 3.0585, lr: 0.000059, batch_cost: 0.1002, reader_cost: 0.00000, ips: 39.9379 samples/sec, max_mem_reserved: 922 MB, max_mem_allocated: 673 MB | ETA 00:29:37
[2026/10/07 12:18:29] INFO: [TRAIN] epoch: 1, iter: 260/18000, loss: 3.1046, lr: 0.000059, batch_cost: 0.1072, reader_cost: 0.00030, ips: 37.3195 samples/sec, max_mem_reserved: 922 MB, max_mem_allocated: 673 MB | ETA 00:31:41
[2026/10/07 12:18:30] INFO: [TRAIN] epoch: 1, iter: 270/18000, loss: 3.2735, lr: 0.000059, batch_cost: 0.1009, reader_cost: 0.00000, ips: 39.6425 samples/sec, max_mem_reserved: 922 MB, max_mem_allocated: 673 MB | ETA 00:29:48
[2026/10/07 12:18:31] INFO: [TRAIN] epoch: 1, iter: 280/18000, loss: 3.0674, lr: 0.000059, batch_cost: 0.1018, reader_cost: 0.00025, ips: 39.3120 samples/sec, max_mem_reserved: 922 MB, max_mem_allocated: 673 MB | ETA 00:30:03
[2026/10/07 12:18:33] INFO: [TRAIN] epoch: 1, iter: 290/18000, loss: 3.1749, lr: 0.000059, batch_cost: 0.1011, reader_cost: 0.00010, ips: 39.5813 samples/sec, max_mem_reserved: 922 MB, max_mem_allocated: 673 MB | ETA 00:29:49
[2026/10/07 12:18:34] INFO: [TRAIN] epoch: 1, iter: 300/18000, loss: 2.9783, lr: 0.000059, batch_cost: 0.1008, reader_cost: 0.00010, ips: 39.6872 samples/sec, max_mem_reserved: 922 MB, max_mem_allocated: 673 MB | ETA 00:29:43
[2026/10/07 12:18:35] INFO: [TRAIN] epoch: 1, iter: 310/18000, loss: 3.2799, lr: 0.000059, batch_cost: 0.1010, reader_cost: 0.00005, ips: 39.6127 samples/sec, max_mem_reserved: 922 MB, max_mem_allocated: 673 MB | ETA 00:29:46
[2026/10/07 12:18:37] INFO: [TRAIN] epoch: 1, iter: 320/18000, loss: 3.2217, lr: 0.000059, batch_cost: 0.0973, reader_cost: 0.00020, ips: 41.1309 samples/sec, max_mem_reserved: 922 MB, max_mem_allocated: 673 MB | ETA 00:28:39
[2026/10/07 12:18:38] INFO: [TRAIN] epoch: 1, iter: 330/18000, loss: 3.3451, lr: 0.000059, batch_cost: 0.0997, reader_cost: 0.00010, ips: 40.1144 samples/sec, max_mem_reserved: 922 MB, max_mem_allocated: 673 MB | ETA 00:29:21
[2026/10/07 12:18:39] INFO: [TRAIN] epoch: 1, iter: 340/18000, loss: 3.0733, lr: 0.000059, batch_cost: 0.0988, reader_cost: 0.00010, ips: 40.4750 samples/sec, max_mem_reserved: 922 MB, max_mem_allocated: 673 MB | ETA 00:29:05
[2026/10/07 12:18:41] INFO: [TRAIN] epoch: 1, iter: 350/18000, loss: 3.3145, lr: 0.000059, batch_cost: 0.1017, reader_cost: 0.00000, ips: 39.3196 samples/sec, max_mem_reserved: 922 MB, max_mem_allocated: 673 MB | ETA 00:29:55
[2026/10/07 12:18:42] INFO: [TRAIN] epoch: 1, iter: 360/18000, loss: 3.0825, lr: 0.000059, batch_cost: 0.0983, reader_cost: 0.00010, ips: 40.7010 samples/sec, max_mem_reserved: 922 MB, max_mem_allocated: 673 MB | ETA 00:28:53
[2026/10/07 12:18:43] INFO: [TRAIN] epoch: 1, iter: 370/18000, loss: 3.2192, lr: 0.000059, batch_cost: 0.0980, reader_cost: 0.00000, ips: 40.7956 samples/sec, max_mem_reserved: 922 MB, max_mem_allocated: 673 MB | ETA 00:28:48
[2026/10/07 12:18:44] INFO: [TRAIN] epoch: 1, iter: 380/18000, loss: 3.2537, lr: 0.000059, batch_cost: 0.1007, reader_cost: 0.00025, ips: 39.7096 samples/sec, max_mem_reserved: 922 MB, max_mem_allocated: 673 MB | ETA 00:29:34
[2026/10/07 12:18:46] INFO: [TRAIN] epoch: 1, iter: 390/18000, loss: 3.0666, lr: 0.000059, batch_cost: 0.0979, reader_cost: 0.00015, ips: 40.8597 samples/sec, max_mem_reserved: 922 MB, max_mem_allocated: 673 MB | ETA 00:28:43
[2026/10/07 12:18:47] INFO: [TRAIN] epoch: 1, iter: 400/18000, loss: 3.2414, lr: 0.000059, batch_cost: 0.0939, reader_cost: 0.00010, ips: 42.6043 samples/sec, max_mem_reserved: 922 MB, max_mem_allocated: 673 MB | ETA 00:27:32
[2026/10/07 12:18:48] INFO: [TRAIN] epoch: 1, iter: 410/18000, loss: 3.3946, lr: 0.000059, batch_cost: 0.0993, reader_cost: 0.00020, ips: 40.2735 samples/sec, max_mem_reserved: 922 MB, max_mem_allocated: 673 MB | ETA 00:29:07
[2026/10/07 12:18:50] INFO: [TRAIN] epoch: 1, iter: 420/18000, loss: 3.0404, lr: 0.000059, batch_cost: 0.1055, reader_cost: 0.00000, ips: 37.9275 samples/sec, max_mem_reserved: 922 MB, max_mem_allocated: 673 MB | ETA 00:30:54
[2026/10/07 12:18:51] INFO: [TRAIN] epoch: 1, iter: 430/18000, loss: 3.0820, lr: 0.000059, batch_cost: 0.0939, reader_cost: 0.00020, ips: 42.5880 samples/sec, max_mem_reserved: 922 MB, max_mem_allocated: 673 MB | ETA 00:27:30
[2026/10/07 12:18:52] INFO: [TRAIN] epoch: 1, iter: 440/18000, loss: 3.0558, lr: 0.000059, batch_cost: 0.0727, reader_cost: 0.00000, ips: 54.9968 samples/sec, max_mem_reserved: 922 MB, max_mem_allocated: 673 MB | ETA 00:21:17
[2026/10/07 12:18:53] INFO: [TRAIN] epoch: 1, iter: 450/18000, loss: 3.0856, lr: 0.000059, batch_cost: 0.0662, reader_cost: 0.00000, ips: 60.3995 samples/sec, max_mem_reserved: 922 MB, max_mem_allocated: 673 MB | ETA 00:19:22
[2026/10/07 12:18:54] INFO: [TRAIN] epoch: 1, iter: 460/18000, loss: 3.3051, lr: 0.000058, batch_cost: 0.0720, reader_cost: 0.00000, ips: 55.5852 samples/sec, max_mem_reserved: 922 MB, max_mem_allocated: 673 MB | ETA 00:21:02
[2026/10/07 12:18:54] INFO: [TRAIN] epoch: 1, iter: 470/18000, loss: 3.0518, lr: 0.000058, batch_cost: 0.0679, reader_cost: 0.00020, ips: 58.8884 samples/sec, max_mem_reserved: 922 MB, max_mem_allocated: 673 MB | ETA 00:19:50
[2026/10/07 12:18:55] INFO: [TRAIN] epoch: 2, iter: 480/18000, loss: 3.1935, lr: 0.000058, batch_cost: 0.0704, reader_cost: 0.00400, ips: 56.7926 samples/sec, max_mem_reserved: 922 MB, max_mem_allocated: 673 MB | ETA 00:20:33
[2026/10/07 12:18:56] INFO: [TRAIN] epoch: 2, iter: 490/18000, loss: 3.1883, lr: 0.000058, batch_cost: 0.0700, reader_cost: 0.00000, ips: 57.1346 samples/sec, max_mem_reserved: 922 MB, max_mem_allocated: 673 MB | ETA 00:20:25
[2026/10/07 12:18:57] INFO: [TRAIN] epoch: 2, iter: 500/18000, loss: 3.2902, lr: 0.000058, batch_cost: 0.0712, reader_cost: 0.00000, ips: 56.1656 samples/sec, max_mem_reserved: 922 MB, max_mem_allocated: 673 MB | ETA 00:20:46
[2026/10/07 12:18:58] INFO: [TRAIN] epoch: 2, iter: 510/18000, loss: 3.1864, lr: 0.000058, batch_cost: 0.0731, reader_cost: 0.00010, ips: 54.7166 samples/sec, max_mem_reserved: 922 MB, max_mem_allocated: 673 MB | ETA 00:21:18
[2026/10/07 12:18:59] INFO: [TRAIN] epoch: 2, iter: 520/18000, loss: 3.1140, lr: 0.000058, batch_cost: 0.0707, reader_cost: 0.00005, ips: 56.5373 samples/sec, max_mem_reserved: 922 MB, max_mem_allocated: 673 MB | ETA 00:20:36
[2026/10/07 12:19:00] INFO: [TRAIN] epoch: 2, iter: 530/18000, loss: 3.2234, lr: 0.000058, batch_cost: 0.0689, reader_cost: 0.00000, ips: 58.0887 samples/sec, max_mem_reserved: 922 MB, max_mem_allocated: 673 MB | ETA 00:20:02
[2026/10/07 12:19:00] INFO: [TRAIN] epoch: 2, iter: 540/18000, loss: 3.3425, lr: 0.000058, batch_cost: 0.0712, reader_cost: 0.00000, ips: 56.1804 samples/sec, max_mem_reserved: 922 MB, max_mem_allocated: 673 MB | ETA 00:20:43
[2026/10/07 12:19:01] INFO: [TRAIN] epoch: 2, iter: 550/18000, loss: 3.1777, lr: 0.000058, batch_cost: 0.0704, reader_cost: 0.00000, ips: 56.8401 samples/sec, max_mem_reserved: 922 MB, max_mem_allocated: 673 MB | ETA 00:20:28
[2026/10/07 12:19:02] INFO: [TRAIN] epoch: 2, iter: 560/18000, loss: 2.9659, lr: 0.000058, batch_cost: 0.0795, reader_cost: 0.00010, ips: 50.3253 samples/sec, max_mem_reserved: 922 MB, max_mem_allocated: 673 MB | ETA 00:23:06
[2026/10/07 12:19:03] INFO: [TRAIN] epoch: 2, iter: 570/18000, loss: 3.2146, lr: 0.000058, batch_cost: 0.0712, reader_cost: 0.00000, ips: 56.2170 samples/sec, max_mem_reserved: 922 MB, max_mem_allocated: 673 MB | ETA 00:20:40
[2026/10/07 12:19:04] INFO: [TRAIN] epoch: 2, iter: 580/18000, loss: 3.4319, lr: 0.000058, batch_cost: 0.0745, reader_cost: 0.00000, ips: 53.7086 samples/sec, max_mem_reserved: 922 MB, max_mem_allocated: 673 MB | ETA 00:21:37
[2026/10/07 12:19:05] INFO: [TRAIN] epoch: 2, iter: 590/18000, loss: 3.0550, lr: 0.000058, batch_cost: 0.0738, reader_cost: 0.00005, ips: 54.1676 samples/sec, max_mem_reserved: 922 MB, max_mem_allocated: 673 MB | ETA 00:21:25
[2026/10/07 12:19:06] INFO: [TRAIN] epoch: 2, iter: 600/18000, loss: 3.1588, lr: 0.000058, batch_cost: 0.0692, reader_cost: 0.00000, ips: 57.7766 samples/sec, max_mem_reserved: 922 MB, max_mem_allocated: 673 MB | ETA 00:20:04
[2026/10/07 12:19:07] INFO: [TRAIN] epoch: 2, iter: 610/18000, loss: 3.2256, lr: 0.000058, batch_cost: 0.0728, reader_cost: 0.00030, ips: 54.9087 samples/sec, max_mem_reserved: 922 MB, max_mem_allocated: 673 MB | ETA 00:21:06
[2026/10/07 12:19:08] INFO: [TRAIN] epoch: 2, iter: 620/18000, loss: 2.9770, lr: 0.000058, batch_cost: 0.0680, reader_cost: 0.00010, ips: 58.8061 samples/sec, max_mem_reserved: 922 MB, max_mem_allocated: 673 MB | ETA 00:19:42
[2026/10/07 12:19:08] INFO: [TRAIN] epoch: 2, iter: 630/18000, loss: 3.3881, lr: 0.000058, batch_cost: 0.0692, reader_cost: 0.00000, ips: 57.8050 samples/sec, max_mem_reserved: 922 MB, max_mem_allocated: 673 MB | ETA 00:20:01
[2026/10/07 12:19:09] INFO: [TRAIN] epoch: 2, iter: 640/18000, loss: 3.0086, lr: 0.000058, batch_cost: 0.0685, reader_cost: 0.00000, ips: 58.4361 samples/sec, max_mem_reserved: 922 MB, max_mem_allocated: 673 MB | ETA 00:19:48
[2026/10/07 12:19:10] INFO: [TRAIN] epoch: 2, iter: 650/18000, loss: 3.3728, lr: 0.000058, batch_cost: 0.0701, reader_cost: 0.00020, ips: 57.0905 samples/sec, max_mem_reserved: 922 MB, max_mem_allocated: 673 MB | ETA 00:20:15
[2026/10/07 12:19:11] INFO: [TRAIN] epoch: 2, iter: 660/18000, loss: 3.1021, lr: 0.000058, batch_cost: 0.0714, reader_cost: 0.00010, ips: 56.0008 samples/sec, max_mem_reserved: 922 MB, max_mem_allocated: 673 MB | ETA 00:20:38
[2026/10/07 12:19:12] INFO: [TRAIN] epoch: 2, iter: 670/18000, loss: 3.0913, lr: 0.000058, batch_cost: 0.0708, reader_cost: 0.00010, ips: 56.4997 samples/sec, max_mem_reserved: 922 MB, max_mem_allocated: 673 MB | ETA 00:20:26
[2026/10/07 12:19:13] INFO: [TRAIN] epoch: 2, iter: 680/18000, loss: 3.2649, lr: 0.000058, batch_cost: 0.0700, reader_cost: 0.00000, ips: 57.1807 samples/sec, max_mem_reserved: 922 MB, max_mem_allocated: 673 MB | ETA 00:20:11
[2026/10/07 12:19:14] INFO: [TRAIN] epoch: 2, iter: 690/18000, loss: 3.2039, lr: 0.000058, batch_cost: 0.0724, reader_cost: 0.00000, ips: 55.2731 samples/sec, max_mem_reserved: 922 MB, max_mem_allocated: 673 MB | ETA 00:20:52
[2026/10/07 12:19:15] INFO: [TRAIN] epoch: 2, iter: 700/18000, loss: 3.1532, lr: 0.000058, batch_cost: 0.0712, reader_cost: 0.00000, ips: 56.2159 samples/sec, max_mem_reserved: 922 MB, max_mem_allocated: 673 MB | ETA 00:20:30
[2026/10/07 12:19:16] INFO: [TRAIN] epoch: 2, iter: 710/18000, loss: 3.0428, lr: 0.000058, batch_cost: 0.0744, reader_cost: 0.00000, ips: 53.7545 samples/sec, max_mem_reserved: 922 MB, max_mem_allocated: 673 MB | ETA 00:21:26
[2026/10/07 12:19:16] INFO: [TRAIN] epoch: 2, iter: 720/18000, loss: 3.1070, lr: 0.000058, batch_cost: 0.0700, reader_cost: 0.00000, ips: 57.1771 samples/sec, max_mem_reserved: 922 MB, max_mem_allocated: 673 MB | ETA 00:20:08
[2026/10/07 12:19:17] INFO: [TRAIN] epoch: 2, iter: 730/18000, loss: 3.1079, lr: 0.000058, batch_cost: 0.0689, reader_cost: 0.00020, ips: 58.0307 samples/sec, max_mem_reserved: 922 MB, max_mem_allocated: 673 MB | ETA 00:19:50
[2026/10/07 12:19:18] INFO: [TRAIN] epoch: 2, iter: 740/18000, loss: 3.2015, lr: 0.000058, batch_cost: 0.0696, reader_cost: 0.00030, ips: 57.4416 samples/sec, max_mem_reserved: 922 MB, max_mem_allocated: 673 MB | ETA 00:20:01
[2026/10/07 12:19:19] INFO: [TRAIN] epoch: 2, iter: 750/18000, loss: 3.2848, lr: 0.000058, batch_cost: 0.0683, reader_cost: 0.00010, ips: 58.6046 samples/sec, max_mem_reserved: 922 MB, max_mem_allocated: 673 MB | ETA 00:19:37
[2026/10/07 12:19:20] INFO: [TRAIN] epoch: 2, iter: 760/18000, loss: 3.0424, lr: 0.000057, batch_cost: 0.0717, reader_cost: 0.00000, ips: 55.7811 samples/sec, max_mem_reserved: 922 MB, max_mem_allocated: 673 MB | ETA 00:20:36
[2026/10/07 12:19:21] INFO: [TRAIN] epoch: 2, iter: 770/18000, loss: 3.1601, lr: 0.000057, batch_cost: 0.0684, reader_cost: 0.00005, ips: 58.4380 samples/sec, max_mem_reserved: 922 MB, max_mem_allocated: 673 MB | ETA 00:19:39
[2026/10/07 12:19:22] INFO: [TRAIN] epoch: 2, iter: 780/18000, loss: 3.2102, lr: 0.000057, batch_cost: 0.0700, reader_cost: 0.00010, ips: 57.1587 samples/sec, max_mem_reserved: 922 MB, max_mem_allocated: 673 MB | ETA 00:20:05
[2026/10/07 12:19:22] INFO: [TRAIN] epoch: 2, iter: 790/18000, loss: 3.2440, lr: 0.000057, batch_cost: 0.0697, reader_cost: 0.00010, ips: 57.3942 samples/sec, max_mem_reserved: 922 MB, max_mem_allocated: 673 MB | ETA 00:19:59
[2026/10/07 12:19:23] INFO: [TRAIN] epoch: 2, iter: 800/18000, loss: 3.0118, lr: 0.000057, batch_cost: 0.0694, reader_cost: 0.00000, ips: 57.6213 samples/sec, max_mem_reserved: 922 MB, max_mem_allocated: 673 MB | ETA 00:19:54
[2026/10/07 12:19:24] INFO: [TRAIN] epoch: 2, iter: 810/18000, loss: 3.1301, lr: 0.000057, batch_cost: 0.0701, reader_cost: 0.00010, ips: 57.0556 samples/sec, max_mem_reserved: 922 MB, max_mem_allocated: 673 MB | ETA 00:20:05
[2026/10/07 12:19:25] INFO: [TRAIN] epoch: 2, iter: 820/18000, loss: 3.0721, lr: 0.000057, batch_cost: 0.0712, reader_cost: 0.00025, ips: 56.2162 samples/sec, max_mem_reserved: 922 MB, max_mem_allocated: 673 MB | ETA 00:20:22
[2026/10/07 12:19:26] INFO: [TRAIN] epoch: 2, iter: 830/18000, loss: 3.2540, lr: 0.000057, batch_cost: 0.0683, reader_cost: 0.00000, ips: 58.5773 samples/sec, max_mem_reserved: 922 MB, max_mem_allocated: 673 MB | ETA 00:19:32
[2026/10/07 12:19:27] INFO: [TRAIN] epoch: 2, iter: 840/18000, loss: 3.0995, lr: 0.000057, batch_cost: 0.0692, reader_cost: 0.00010, ips: 57.7774 samples/sec, max_mem_reserved: 922 MB, max_mem_allocated: 673 MB | ETA 00:19:48
[2026/10/07 12:19:28] INFO: [TRAIN] epoch: 2, iter: 850/18000, loss: 3.2725, lr: 0.000057, batch_cost: 0.0704, reader_cost: 0.00000, ips: 56.8129 samples/sec, max_mem_reserved: 922 MB, max_mem_allocated: 673 MB | ETA 00:20:07
[2026/10/07 12:19:28] INFO: [TRAIN] epoch: 2, iter: 860/18000, loss: 3.3219, lr: 0.000057, batch_cost: 0.0709, reader_cost: 0.00000, ips: 56.4011 samples/sec, max_mem_reserved: 922 MB, max_mem_allocated: 673 MB | ETA 00:20:15
[2026/10/07 12:19:29] INFO: [TRAIN] epoch: 2, iter: 870/18000, loss: 3.1688, lr: 0.000057, batch_cost: 0.0729, reader_cost: 0.00000, ips: 54.8678 samples/sec, max_mem_reserved: 922 MB, max_mem_allocated: 673 MB | ETA 00:20:48
[2026/10/07 12:19:30] INFO: [TRAIN] epoch: 2, iter: 880/18000, loss: 3.4747, lr: 0.000057, batch_cost: 0.0677, reader_cost: 0.00010, ips: 59.0753 samples/sec, max_mem_reserved: 922 MB, max_mem_allocated: 673 MB | ETA 00:19:19
[2026/10/07 12:19:31] INFO: [TRAIN] epoch: 2, iter: 890/18000, loss: 3.0998, lr: 0.000057, batch_cost: 0.0698, reader_cost: 0.00010, ips: 57.3284 samples/sec, max_mem_reserved: 922 MB, max_mem_allocated: 673 MB | ETA 00:19:53
[2026/10/07 12:19:32] INFO: [TRAIN] epoch: 2, iter: 900/18000, loss: 3.3782, lr: 0.000057, batch_cost: 0.0710, reader_cost: 0.00000, ips: 56.3437 samples/sec, max_mem_reserved: 922 MB, max_mem_allocated: 673 MB | ETA 00:20:13
[2026/10/07 12:19:33] INFO: [TRAIN] epoch: 2, iter: 910/18000, loss: 3.2706, lr: 0.000057, batch_cost: 0.0700, reader_cost: 0.00010, ips: 57.1787 samples/sec, max_mem_reserved: 922 MB, max_mem_allocated: 673 MB | ETA 00:19:55
[2026/10/07 12:19:34] INFO: [TRAIN] epoch: 2, iter: 920/18000, loss: 3.1801, lr: 0.000057, batch_cost: 0.0731, reader_cost: 0.00017, ips: 54.7450 samples/sec, max_mem_reserved: 922 MB, max_mem_allocated: 673 MB | ETA 00:20:47
[2026/10/07 12:19:34] INFO: [TRAIN] epoch: 2, iter: 930/18000, loss: 3.2549, lr: 0.000057, batch_cost: 0.0695, reader_cost: 0.00000, ips: 57.5159 samples/sec, max_mem_reserved: 922 MB, max_mem_allocated: 673 MB | ETA 00:19:47
[2026/10/07 12:19:35] INFO: [TRAIN] epoch: 2, iter: 940/18000, loss: 3.2218, lr: 0.000057, batch_cost: 0.0716, reader_cost: 0.00000, ips: 55.8306 samples/sec, max_mem_reserved: 922 MB, max_mem_allocated: 673 MB | ETA 00:20:22
[2026/10/07 12:19:36] INFO: [TRAIN] epoch: 3, iter: 950/18000, loss: 3.2371, lr: 0.000057, batch_cost: 0.0683, reader_cost: 0.00444, ips: 58.6059 samples/sec, max_mem_reserved: 922 MB, max_mem_allocated: 673 MB | ETA 00:19:23
[2026/10/07 12:19:37] INFO: [TRAIN] epoch: 3, iter: 960/18000, loss: 2.9982, lr: 0.000057, batch_cost: 0.0698, reader_cost: 0.00030, ips: 57.2674 samples/sec, max_mem_reserved: 922 MB, max_mem_allocated: 673 MB | ETA 00:19:50
[2026/10/07 12:19:38] INFO: [TRAIN] epoch: 3, iter: 970/18000, loss: 3.2731, lr: 0.000057, batch_cost: 0.0706, reader_cost: 0.00000, ips: 56.6763 samples/sec, max_mem_reserved: 922 MB, max_mem_allocated: 673 MB | ETA 00:20:01
[2026/10/07 12:19:39] INFO: [TRAIN] epoch: 3, iter: 980/18000, loss: 3.0065, lr: 0.000057, batch_cost: 0.0697, reader_cost: 0.00000, ips: 57.3827 samples/sec, max_mem_reserved: 922 MB, max_mem_allocated: 673 MB | ETA 00:19:46
[2026/10/07 12:19:40] INFO: [TRAIN] epoch: 3, iter: 990/18000, loss: 3.2684, lr: 0.000057, batch_cost: 0.0683, reader_cost: 0.00010, ips: 58.5824 samples/sec, max_mem_reserved: 922 MB, max_mem_allocated: 673 MB | ETA 00:19:21
[2026/10/07 12:19:40] INFO: [TRAIN] epoch: 3, iter: 1000/18000, loss: 3.2073, lr: 0.000057, batch_cost: 0.0709, reader_cost: 0.00000, ips: 56.4255 samples/sec, max_mem_reserved: 922 MB, max_mem_allocated: 673 MB | ETA 00:20:05
[2026/10/07 12:19:40] INFO: Start evaluating (total_samples: 348, total_iters: 348)...

  1/348 [..............................] - ETA: 28s - batch_cost: 0.0825 - reader cost: 0.0060
  6/348 [..............................] - ETA: 8s - batch_cost: 0.0237 - reader cost: 9.9961e-04
 11/348 [..............................] - ETA: 6s - batch_cost: 0.0182 - reader cost: 5.4524e-04
 16/348 [>.............................] - ETA: 5s - batch_cost: 0.0161 - reader cost: 3.7485e-04
 21/348 [>.............................] - ETA: 4s - batch_cost: 0.0151 - reader cost: 3.8052e-04
 26/348 [=>............................] - ETA: 4s - batch_cost: 0.0142 - reader cost: 3.0734e-04
 31/348 [=>............................] - ETA: 4s - batch_cost: 0.0137 - reader cost: 2.5777e-04
 36/348 [==>...........................] - ETA: 4s - batch_cost: 0.0133 - reader cost: 2.2197e-04
 41/348 [==>...........................] - ETA: 3s - batch_cost: 0.0130 - reader cost: 2.1982e-04
 46/348 [==>...........................] - ETA: 3s - batch_cost: 0.0127 - reader cost: 1.9592e-04
 51/348 [===>..........................] - ETA: 3s - batch_cost: 0.0125 - reader cost: 1.9645e-04
 56/348 [===>..........................] - ETA: 3s - batch_cost: 0.0124 - reader cost: 1.7891e-04
 61/348 [====>.........................] - ETA: 3s - batch_cost: 0.0124 - reader cost: 1.6424e-04
 65/348 [====>.........................] - ETA: 3s - batch_cost: 0.0124 - reader cost: 1.5414e-04
 70/348 [=====>........................] - ETA: 3s - batch_cost: 0.0123 - reader cost: 1.5742e-04
 75/348 [=====>........................] - ETA: 3s - batch_cost: 0.0122 - reader cost: 1.6959e-04
 80/348 [=====>........................] - ETA: 3s - batch_cost: 0.0121 - reader cost: 1.5899e-04
 85/348 [======>.......................] - ETA: 3s - batch_cost: 0.0121 - reader cost: 1.4963e-04
 90/348 [======>.......................] - ETA: 3s - batch_cost: 0.0121 - reader cost: 1.4132e-04
 95/348 [=======>......................] - ETA: 3s - batch_cost: 0.0120 - reader cost: 1.3388e-04
100/348 [=======>......................] - ETA: 2s - batch_cost: 0.0120 - reader cost: 1.2719e-04
105/348 [========>.....................] - ETA: 2s - batch_cost: 0.0120 - reader cost: 1.2113e-04
109/348 [========>.....................] - ETA: 2s - batch_cost: 0.0121 - reader cost: 1.2584e-04
113/348 [========>.....................] - ETA: 2s - batch_cost: 0.0121 - reader cost: 1.2139e-04
117/348 [=========>....................] - ETA: 2s - batch_cost: 0.0122 - reader cost: 1.1724e-04
121/348 [=========>....................] - ETA: 2s - batch_cost: 0.0122 - reader cost: 1.2583e-04
125/348 [=========>....................] - ETA: 2s - batch_cost: 0.0123 - reader cost: 1.2981e-04
130/348 [==========>...................] - ETA: 2s - batch_cost: 0.0122 - reader cost: 1.2482e-04
134/348 [==========>...................] - ETA: 2s - batch_cost: 0.0123 - reader cost: 1.2109e-04
139/348 [==========>...................] - ETA: 2s - batch_cost: 0.0122 - reader cost: 1.1674e-04
144/348 [===========>..................] - ETA: 2s - batch_cost: 0.0122 - reader cost: 1.1268e-04
149/348 [===========>..................] - ETA: 2s - batch_cost: 0.0122 - reader cost: 1.0890e-04
154/348 [============>.................] - ETA: 2s - batch_cost: 0.0121 - reader cost: 1.0537e-04
159/348 [============>.................] - ETA: 2s - batch_cost: 0.0121 - reader cost: 1.0845e-04
164/348 [=============>................] - ETA: 2s - batch_cost: 0.0120 - reader cost: 1.0514e-04
169/348 [=============>................] - ETA: 2s - batch_cost: 0.0120 - reader cost: 1.0203e-04
174/348 [==============>...............] - ETA: 2s - batch_cost: 0.0119 - reader cost: 9.9100e-05
179/348 [==============>...............] - ETA: 2s - batch_cost: 0.0119 - reader cost: 9.6332e-05
184/348 [==============>...............] - ETA: 1s - batch_cost: 0.0119 - reader cost: 9.3714e-05
189/348 [===============>..............] - ETA: 1s - batch_cost: 0.0118 - reader cost: 9.1235e-05
194/348 [===============>..............] - ETA: 1s - batch_cost: 0.0118 - reader cost: 8.8883e-05
199/348 [================>.............] - ETA: 1s - batch_cost: 0.0118 - reader cost: 8.6650e-05
204/348 [================>.............] - ETA: 1s - batch_cost: 0.0118 - reader cost: 8.4526e-05
209/348 [=================>............] - ETA: 1s - batch_cost: 0.0118 - reader cost: 9.2153e-05
214/348 [=================>............] - ETA: 1s - batch_cost: 0.0118 - reader cost: 9.4667e-05
219/348 [=================>............] - ETA: 1s - batch_cost: 0.0117 - reader cost: 9.2505e-05
224/348 [==================>...........] - ETA: 1s - batch_cost: 0.0117 - reader cost: 9.0440e-05
229/348 [==================>...........] - ETA: 1s - batch_cost: 0.0117 - reader cost: 8.8466e-05
234/348 [===================>..........] - ETA: 1s - batch_cost: 0.0117 - reader cost: 8.6575e-05
239/348 [===================>..........] - ETA: 1s - batch_cost: 0.0117 - reader cost: 8.4764e-05
244/348 [====================>.........] - ETA: 1s - batch_cost: 0.0117 - reader cost: 8.3027e-05
249/348 [====================>.........] - ETA: 1s - batch_cost: 0.0117 - reader cost: 8.1360e-05
254/348 [====================>.........] - ETA: 1s - batch_cost: 0.0117 - reader cost: 7.9759e-05
258/348 [=====================>........] - ETA: 1s - batch_cost: 0.0117 - reader cost: 7.8522e-05
262/348 [=====================>........] - ETA: 1s - batch_cost: 0.0117 - reader cost: 8.1193e-05
267/348 [======================>.......] - ETA: 0s - batch_cost: 0.0117 - reader cost: 7.9673e-05
272/348 [======================>.......] - ETA: 0s - batch_cost: 0.0117 - reader cost: 7.8208e-05
277/348 [======================>.......] - ETA: 0s - batch_cost: 0.0117 - reader cost: 7.6797e-05
282/348 [=======================>......] - ETA: 0s - batch_cost: 0.0117 - reader cost: 7.5435e-05
287/348 [=======================>......] - ETA: 0s - batch_cost: 0.0117 - reader cost: 7.4121e-05
292/348 [========================>.....] - ETA: 0s - batch_cost: 0.0117 - reader cost: 7.2852e-05
297/348 [========================>.....] - ETA: 0s - batch_cost: 0.0117 - reader cost: 7.4987e-05
302/348 [=========================>....] - ETA: 0s - batch_cost: 0.0116 - reader cost: 7.3746e-05
307/348 [=========================>....] - ETA: 0s - batch_cost: 0.0116 - reader cost: 7.2544e-05
312/348 [=========================>....] - ETA: 0s - batch_cost: 0.0116 - reader cost: 7.1382e-05
318/348 [==========================>...] - ETA: 0s - batch_cost: 0.0116 - reader cost: 7.0035e-05
323/348 [==========================>...] - ETA: 0s - batch_cost: 0.0116 - reader cost: 6.8951e-05
328/348 [===========================>..] - ETA: 0s - batch_cost: 0.0116 - reader cost: 6.7900e-05
332/348 [===========================>..] - ETA: 0s - batch_cost: 0.0116 - reader cost: 6.7082e-05
337/348 [============================>.] - ETA: 0s - batch_cost: 0.0116 - reader cost: 6.9096e-05
342/348 [============================>.] - ETA: 0s - batch_cost: 0.0116 - reader cost: 6.8086e-05
347/348 [============================>.] - ETA: 0s - batch_cost: 0.0116 - reader cost: 6.7105e-05
348/348 [==============================] - 4s 12ms/step - batch_cost: 0.0116 - reader cost: 6.6912e-05
[2026/10/07 12:19:45] INFO: [EVAL] #Images: 348 mIoU: 0.7106 Acc: 0.9662 Kappa: 0.6098 Dice: 0.8043
[2026/10/07 12:19:45] INFO: [EVAL] Class IoU: 
[0.9652 0.456 ]
[2026/10/07 12:19:45] INFO: [EVAL] Class Precision: 
[0.9709 0.8341]
[2026/10/07 12:19:45] INFO: [EVAL] Class Recall: 
[0.994  0.5015]
[2026/10/07 12:19:45] INFO: Start evaluating (total_samples: 348, total_iters: 348)...

  1/348 [..............................] - ETA: 7s - batch_cost: 0.0203 - reader cost: 0.0072
  5/348 [..............................] - ETA: 5s - batch_cost: 0.0152 - reader cost: 0.0014
 10/348 [..............................] - ETA: 4s - batch_cost: 0.0134 - reader cost: 7.6916e-04
 15/348 [>.............................] - ETA: 4s - batch_cost: 0.0128 - reader cost: 5.1277e-04
 20/348 [>.............................] - ETA: 4s - batch_cost: 0.0124 - reader cost: 3.8458e-04
 25/348 [=>............................] - ETA: 3s - batch_cost: 0.0121 - reader cost: 3.2884e-04
 30/348 [=>............................] - ETA: 3s - batch_cost: 0.0120 - reader cost: 2.7403e-04
 35/348 [==>...........................] - ETA: 3s - batch_cost: 0.0120 - reader cost: 2.3488e-04
 40/348 [==>...........................] - ETA: 3s - batch_cost: 0.0119 - reader cost: 2.4405e-04
 45/348 [==>...........................] - ETA: 3s - batch_cost: 0.0118 - reader cost: 2.1693e-04
 50/348 [===>..........................] - ETA: 3s - batch_cost: 0.0118 - reader cost: 1.9524e-04
 55/348 [===>..........................] - ETA: 3s - batch_cost: 0.0117 - reader cost: 1.7749e-04
 60/348 [====>.........................] - ETA: 3s - batch_cost: 0.0118 - reader cost: 1.6270e-04
 65/348 [====>.........................] - ETA: 3s - batch_cost: 0.0118 - reader cost: 1.5018e-04
 70/348 [=====>........................] - ETA: 3s - batch_cost: 0.0118 - reader cost: 1.3945e-04
 75/348 [=====>........................] - ETA: 3s - batch_cost: 0.0118 - reader cost: 1.3016e-04
 80/348 [=====>........................] - ETA: 3s - batch_cost: 0.0118 - reader cost: 1.2202e-04
 85/348 [======>.......................] - ETA: 3s - batch_cost: 0.0118 - reader cost: 1.1484e-04
 90/348 [======>.......................] - ETA: 3s - batch_cost: 0.0118 - reader cost: 1.0846e-04
 95/348 [=======>......................] - ETA: 2s - batch_cost: 0.0118 - reader cost: 1.0276e-04
100/348 [=======>......................] - ETA: 2s - batch_cost: 0.0117 - reader cost: 9.7618e-05
105/348 [========>.....................] - ETA: 2s - batch_cost: 0.0117 - reader cost: 9.2970e-05
110/348 [========>.....................] - ETA: 2s - batch_cost: 0.0117 - reader cost: 8.8744e-05
115/348 [========>.....................] - ETA: 2s - batch_cost: 0.0117 - reader cost: 8.4885e-05
120/348 [=========>....................] - ETA: 2s - batch_cost: 0.0116 - reader cost: 8.1348e-05
125/348 [=========>....................] - ETA: 2s - batch_cost: 0.0116 - reader cost: 7.8094e-05
130/348 [==========>...................] - ETA: 2s - batch_cost: 0.0116 - reader cost: 7.5091e-05
135/348 [==========>...................] - ETA: 2s - batch_cost: 0.0115 - reader cost: 7.2310e-05
140/348 [===========>..................] - ETA: 2s - batch_cost: 0.0115 - reader cost: 6.9727e-05
145/348 [===========>..................] - ETA: 2s - batch_cost: 0.0115 - reader cost: 6.7323e-05
150/348 [===========>..................] - ETA: 2s - batch_cost: 0.0115 - reader cost: 6.5079e-05
154/348 [============>.................] - ETA: 2s - batch_cost: 0.0116 - reader cost: 6.3388e-05
159/348 [============>.................] - ETA: 2s - batch_cost: 0.0116 - reader cost: 6.7712e-05
163/348 [=============>................] - ETA: 2s - batch_cost: 0.0116 - reader cost: 6.6051e-05
168/348 [=============>................] - ETA: 2s - batch_cost: 0.0116 - reader cost: 6.4085e-05
173/348 [=============>................] - ETA: 2s - batch_cost: 0.0117 - reader cost: 6.2233e-05
178/348 [==============>...............] - ETA: 1s - batch_cost: 0.0117 - reader cost: 6.0485e-05
183/348 [==============>...............] - ETA: 1s - batch_cost: 0.0116 - reader cost: 6.4234e-05
188/348 [===============>..............] - ETA: 1s - batch_cost: 0.0116 - reader cost: 6.2525e-05
193/348 [===============>..............] - ETA: 1s - batch_cost: 0.0116 - reader cost: 6.0905e-05
198/348 [================>.............] - ETA: 1s - batch_cost: 0.0117 - reader cost: 5.9367e-05
203/348 [================>.............] - ETA: 1s - batch_cost: 0.0117 - reader cost: 5.7905e-05
207/348 [================>.............] - ETA: 1s - batch_cost: 0.0117 - reader cost: 5.6786e-05
212/348 [=================>............] - ETA: 1s - batch_cost: 0.0117 - reader cost: 5.5447e-05
216/348 [=================>............] - ETA: 1s - batch_cost: 0.0117 - reader cost: 5.4420e-05
221/348 [==================>...........] - ETA: 1s - batch_cost: 0.0117 - reader cost: 5.3189e-05
226/348 [==================>...........] - ETA: 1s - batch_cost: 0.0117 - reader cost: 5.2012e-05
231/348 [==================>...........] - ETA: 1s - batch_cost: 0.0117 - reader cost: 5.0886e-05
236/348 [===================>..........] - ETA: 1s - batch_cost: 0.0117 - reader cost: 4.9808e-05
241/348 [===================>..........] - ETA: 1s - batch_cost: 0.0116 - reader cost: 5.2930e-05
246/348 [====================>.........] - ETA: 1s - batch_cost: 0.0116 - reader cost: 5.1854e-05
251/348 [====================>.........] - ETA: 1s - batch_cost: 0.0116 - reader cost: 5.0821e-05
256/348 [=====================>........] - ETA: 1s - batch_cost: 0.0116 - reader cost: 4.9829e-05
261/348 [=====================>........] - ETA: 1s - batch_cost: 0.0116 - reader cost: 4.8874e-05
265/348 [=====================>........] - ETA: 0s - batch_cost: 0.0116 - reader cost: 4.8136e-05
270/348 [======================>.......] - ETA: 0s - batch_cost: 0.0116 - reader cost: 4.7245e-05
275/348 [======================>.......] - ETA: 0s - batch_cost: 0.0116 - reader cost: 5.0066e-05
280/348 [=======================>......] - ETA: 0s - batch_cost: 0.0116 - reader cost: 4.9172e-05
285/348 [=======================>......] - ETA: 0s - batch_cost: 0.0116 - reader cost: 4.8309e-05
290/348 [========================>.....] - ETA: 0s - batch_cost: 0.0116 - reader cost: 4.7477e-05
295/348 [========================>.....] - ETA: 0s - batch_cost: 0.0116 - reader cost: 4.6672e-05
300/348 [========================>.....] - ETA: 0s - batch_cost: 0.0116 - reader cost: 4.5894e-05
305/348 [=========================>....] - ETA: 0s - batch_cost: 0.0116 - reader cost: 4.5142e-05
310/348 [=========================>....] - ETA: 0s - batch_cost: 0.0116 - reader cost: 4.4414e-05
315/348 [==========================>...] - ETA: 0s - batch_cost: 0.0116 - reader cost: 4.3709e-05
320/348 [==========================>...] - ETA: 0s - batch_cost: 0.0116 - reader cost: 4.3026e-05
325/348 [===========================>..] - ETA: 0s - batch_cost: 0.0115 - reader cost: 4.2364e-05
330/348 [===========================>..] - ETA: 0s - batch_cost: 0.0115 - reader cost: 4.3309e-05
335/348 [===========================>..] - ETA: 0s - batch_cost: 0.0115 - reader cost: 4.4228e-05
340/348 [============================>.] - ETA: 0s - batch_cost: 0.0115 - reader cost: 4.6520e-05
345/348 [============================>.] - ETA: 0s - batch_cost: 0.0115 - reader cost: 4.5845e-05
348/348 [==============================] - 4s 12ms/step - batch_cost: 0.0115 - reader cost: 4.8354e-05
[2026/10/07 12:19:49] INFO: [EVAL] #Images: 348 mIoU: 0.6733 Acc: 0.9625 Kappa: 0.5388 Dice: 0.7682
[2026/10/07 12:19:49] INFO: [EVAL] Class IoU: 
[0.9616 0.3851]
[2026/10/07 12:19:49] INFO: [EVAL] Class Precision: 
[0.9661 0.8376]
[2026/10/07 12:19:49] INFO: [EVAL] Class Recall: 
[0.9952 0.4162]
[2026/10/07 12:19:49] INFO: [EVAL] The model with the best validation mIoU (0.7106) was saved at iter 1000.
[2026/10/07 12:19:49] INFO: [EVAL] The EMA model with the best validation mIoU (0.6733) was saved at iter 1000.
[2026/10/07 12:19:50] INFO: [TRAIN] epoch: 3, iter: 1010/18000, loss: 3.0811, lr: 0.000057, batch_cost: 0.0725, reader_cost: 0.00020, ips: 55.1649 samples/sec, max_mem_reserved: 922 MB, max_mem_allocated: 673 MB | ETA 00:20:31
[2026/10/07 12:19:50] INFO: [TRAIN] epoch: 3, iter: 1020/18000, loss: 3.3012, lr: 0.000057, batch_cost: 0.0689, reader_cost: 0.00020, ips: 58.0247 samples/sec, max_mem_reserved: 922 MB, max_mem_allocated: 673 MB | ETA 00:19:30
[2026/10/07 12:19:51] INFO: [TRAIN] epoch: 3, iter: 1030/18000, loss: 2.9345, lr: 0.000057, batch_cost: 0.0738, reader_cost: 0.00010, ips: 54.2342 samples/sec, max_mem_reserved: 922 MB, max_mem_allocated: 673 MB | ETA 00:20:51
[2026/10/07 12:19:52] INFO: [TRAIN] epoch: 3, iter: 1040/18000, loss: 3.1479, lr: 0.000057, batch_cost: 0.0743, reader_cost: 0.00000, ips: 53.8461 samples/sec, max_mem_reserved: 922 MB, max_mem_allocated: 673 MB | ETA 00:20:59
[2026/10/07 12:19:53] INFO: [TRAIN] epoch: 3, iter: 1050/18000, loss: 3.0843, lr: 0.000057, batch_cost: 0.0711, reader_cost: 0.00000, ips: 56.2819 samples/sec, max_mem_reserved: 922 MB, max_mem_allocated: 673 MB | ETA 00:20:04
[2026/10/07 12:19:54] INFO: [TRAIN] epoch: 3, iter: 1060/18000, loss: 3.3110, lr: 0.000056, batch_cost: 0.0697, reader_cost: 0.00010, ips: 57.3483 samples/sec, max_mem_reserved: 922 MB, max_mem_allocated: 673 MB | ETA 00:19:41
[2026/10/07 12:19:55] INFO: [TRAIN] epoch: 3, iter: 1070/18000, loss: 3.0037, lr: 0.000056, batch_cost: 0.0680, reader_cost: 0.00000, ips: 58.8593 samples/sec, max_mem_reserved: 922 MB, max_mem_allocated: 673 MB | ETA 00:19:10
[2026/10/07 12:19:56] INFO: [TRAIN] epoch: 3, iter: 1080/18000, loss: 3.2501, lr: 0.000056, batch_cost: 0.0721, reader_cost: 0.00000, ips: 55.4617 samples/sec, max_mem_reserved: 922 MB, max_mem_allocated: 673 MB | ETA 00:20:20
[2026/10/07 12:19:57] INFO: [TRAIN] epoch: 3, iter: 1090/18000, loss: 3.2820, lr: 0.000056, batch_cost: 0.0679, reader_cost: 0.00000, ips: 58.8690 samples/sec, max_mem_reserved: 922 MB, max_mem_allocated: 673 MB | ETA 00:19:08
[2026/10/07 12:19:57] INFO: [TRAIN] epoch: 3, iter: 1100/18000, loss: 3.3257, lr: 0.000056, batch_cost: 0.0689, reader_cost: 0.00020, ips: 58.0753 samples/sec, max_mem_reserved: 922 MB, max_mem_allocated: 673 MB | ETA 00:19:24
[2026/10/07 12:19:58] INFO: [TRAIN] epoch: 3, iter: 1110/18000, loss: 3.2098, lr: 0.000056, batch_cost: 0.0675, reader_cost: 0.00000, ips: 59.2970 samples/sec, max_mem_reserved: 922 MB, max_mem_allocated: 673 MB | ETA 00:18:59
[2026/10/07 12:19:59] INFO: [TRAIN] epoch: 3, iter: 1120/18000, loss: 3.1509, lr: 0.000056, batch_cost: 0.0683, reader_cost: 0.00000, ips: 58.5887 samples/sec, max_mem_reserved: 922 MB, max_mem_allocated: 673 MB | ETA 00:19:12
[2026/10/07 12:20:00] INFO: [TRAIN] epoch: 3, iter: 1130/18000, loss: 3.5465, lr: 0.000056, batch_cost: 0.0730, reader_cost: 0.00000, ips: 54.8044 samples/sec, max_mem_reserved: 922 MB, max_mem_allocated: 673 MB | ETA 00:20:31
[2026/10/07 12:20:01] INFO: [TRAIN] epoch: 3, iter: 1140/18000, loss: 3.2416, lr: 0.000056, batch_cost: 0.0688, reader_cost: 0.00010, ips: 58.1587 samples/sec, max_mem_reserved: 922 MB, max_mem_allocated: 673 MB | ETA 00:19:19
[2026/10/07 12:20:02] INFO: [TRAIN] epoch: 3, iter: 1150/18000, loss: 3.0851, lr: 0.000056, batch_cost: 0.0680, reader_cost: 0.00010, ips: 58.8382 samples/sec, max_mem_reserved: 922 MB, max_mem_allocated: 673 MB | ETA 00:19:05
[2026/10/07 12:20:02] INFO: [TRAIN] epoch: 3, iter: 1160/18000, loss: 3.1503, lr: 0.000056, batch_cost: 0.0684, reader_cost: 0.00000, ips: 58.5192 samples/sec, max_mem_reserved: 922 MB, max_mem_allocated: 673 MB | ETA 00:19:11
[2026/10/07 12:20:03] INFO: [TRAIN] epoch: 3, iter: 1170/18000, loss: 3.3630, lr: 0.000056, batch_cost: 0.0683, reader_cost: 0.00005, ips: 58.5852 samples/sec, max_mem_reserved: 922 MB, max_mem_allocated: 673 MB | ETA 00:19:09
[2026/10/07 12:20:04] INFO: [TRAIN] epoch: 3, iter: 1180/18000, loss: 3.3317, lr: 0.000056, batch_cost: 0.0675, reader_cost: 0.00000, ips: 59.2890 samples/sec, max_mem_reserved: 922 MB, max_mem_allocated: 673 MB | ETA 00:18:54
[2026/10/07 12:20:05] INFO: [TRAIN] epoch: 3, iter: 1190/18000, loss: 3.2637, lr: 0.000056, batch_cost: 0.0711, reader_cost: 0.00040, ips: 56.2907 samples/sec, max_mem_reserved: 922 MB, max_mem_allocated: 673 MB | ETA 00:19:54
[2026/10/07 12:20:06] INFO: [TRAIN] epoch: 3, iter: 1200/18000, loss: 3.1167, lr: 0.000056, batch_cost: 0.0697, reader_cost: 0.00000, ips: 57.4270 samples/sec, max_mem_reserved: 922 MB, max_mem_allocated: 673 MB | ETA 00:19:30
[2026/10/07 12:20:07] INFO: [TRAIN] epoch: 3, iter: 1210/18000, loss: 3.4098, lr: 0.000056, batch_cost: 0.0685, reader_cost: 0.00015, ips: 58.4037 samples/sec, max_mem_reserved: 922 MB, max_mem_allocated: 673 MB | ETA 00:19:09
[2026/10/07 12:20:08] INFO: [TRAIN] epoch: 3, iter: 1220/18000, loss: 3.6908, lr: 0.000056, batch_cost: 0.0682, reader_cost: 0.00010, ips: 58.6315 samples/sec, max_mem_reserved: 922 MB, max_mem_allocated: 673 MB | ETA 00:19:04
[2026/10/07 12:20:08] INFO: [TRAIN] epoch: 3, iter: 1230/18000, loss: 3.1428, lr: 0.000056, batch_cost: 0.0693, reader_cost: 0.00000, ips: 57.7363 samples/sec, max_mem_reserved: 922 MB, max_mem_allocated: 673 MB | ETA 00:19:21
[2026/10/07 12:20:09] INFO: [TRAIN] epoch: 3, iter: 1240/18000, loss: 3.3215, lr: 0.000056, batch_cost: 0.0707, reader_cost: 0.00000, ips: 56.6014 samples/sec, max_mem_reserved: 922 MB, max_mem_allocated: 673 MB | ETA 00:19:44
[2026/10/07 12:20:10] INFO: [TRAIN] epoch: 3, iter: 1250/18000, loss: 3.3107, lr: 0.000056, batch_cost: 0.0693, reader_cost: 0.00000, ips: 57.6946 samples/sec, max_mem_reserved: 922 MB, max_mem_allocated: 673 MB | ETA 00:19:21
[2026/10/07 12:20:11] INFO: [TRAIN] epoch: 3, iter: 1260/18000, loss: 2.9432, lr: 0.000056, batch_cost: 0.0692, reader_cost: 0.00007, ips: 57.8288 samples/sec, max_mem_reserved: 922 MB, max_mem_allocated: 673 MB | ETA 00:19:17
[2026/10/07 12:20:12] INFO: [TRAIN] epoch: 3, iter: 1270/18000, loss: 3.3190, lr: 0.000056, batch_cost: 0.0706, reader_cost: 0.00007, ips: 56.6458 samples/sec, max_mem_reserved: 922 MB, max_mem_allocated: 673 MB | ETA 00:19:41
[2026/10/07 12:20:13] INFO: [TRAIN] epoch: 3, iter: 1280/18000, loss: 3.2762, lr: 0.000056, batch_cost: 0.0696, reader_cost: 0.00020, ips: 57.4910 samples/sec, max_mem_reserved: 922 MB, max_mem_allocated: 673 MB | ETA 00:19:23
[2026/10/07 12:20:14] INFO: [TRAIN] epoch: 3, iter: 1290/18000, loss: 3.3520, lr: 0.000056, batch_cost: 0.0723, reader_cost: 0.00010, ips: 55.3093 samples/sec, max_mem_reserved: 922 MB, max_mem_allocated: 673 MB | ETA 00:20:08
[2026/10/07 12:20:14] INFO: [TRAIN] epoch: 3, iter: 1300/18000, loss: 3.3014, lr: 0.000056, batch_cost: 0.0709, reader_cost: 0.00010, ips: 56.4224 samples/sec, max_mem_reserved: 922 MB, max_mem_allocated: 673 MB | ETA 00:19:43
[2026/10/07 12:20:15] INFO: [TRAIN] epoch: 3, iter: 1310/18000, loss: 3.3546, lr: 0.000056, batch_cost: 0.0681, reader_cost: 0.00000, ips: 58.7064 samples/sec, max_mem_reserved: 922 MB, max_mem_allocated: 673 MB | ETA 00:18:57
[2026/10/07 12:20:16] INFO: [TRAIN] epoch: 3, iter: 1320/18000, loss: 3.1681, lr: 0.000056, batch_cost: 0.0697, reader_cost: 0.00000, ips: 57.4206 samples/sec, max_mem_reserved: 922 MB, max_mem_allocated: 673 MB | ETA 00:19:21
[2026/10/07 12:20:17] INFO: [TRAIN] epoch: 3, iter: 1330/18000, loss: 3.2937, lr: 0.000056, batch_cost: 0.0690, reader_cost: 0.00030, ips: 57.9837 samples/sec, max_mem_reserved: 922 MB, max_mem_allocated: 673 MB | ETA 00:19:09
[2026/10/07 12:20:18] INFO: [TRAIN] epoch: 3, iter: 1340/18000, loss: 3.1564, lr: 0.000056, batch_cost: 0.0699, reader_cost: 0.00000, ips: 57.2172 samples/sec, max_mem_reserved: 922 MB, max_mem_allocated: 673 MB | ETA 00:19:24
[2026/10/07 12:20:19] INFO: [TRAIN] epoch: 3, iter: 1350/18000, loss: 3.4902, lr: 0.000056, batch_cost: 0.0688, reader_cost: 0.00000, ips: 58.1247 samples/sec, max_mem_reserved: 922 MB, max_mem_allocated: 673 MB | ETA 00:19:05
[2026/10/07 12:20:20] INFO: [TRAIN] epoch: 3, iter: 1360/18000, loss: 3.1438, lr: 0.000055, batch_cost: 0.0687, reader_cost: 0.00010, ips: 58.2585 samples/sec, max_mem_reserved: 922 MB, max_mem_allocated: 673 MB | ETA 00:19:02
[2026/10/07 12:20:20] INFO: [TRAIN] epoch: 3, iter: 1370/18000, loss: 3.4567, lr: 0.000055, batch_cost: 0.0702, reader_cost: 0.00010, ips: 56.9443 samples/sec, max_mem_reserved: 922 MB, max_mem_allocated: 673 MB | ETA 00:19:28
[2026/10/07 12:20:21] INFO: [TRAIN] epoch: 3, iter: 1380/18000, loss: 3.1055, lr: 0.000055, batch_cost: 0.0697, reader_cost: 0.00010, ips: 57.4276 samples/sec, max_mem_reserved: 922 MB, max_mem_allocated: 673 MB | ETA 00:19:17
[2026/10/07 12:20:22] INFO: [TRAIN] epoch: 3, iter: 1390/18000, loss: 3.2211, lr: 0.000055, batch_cost: 0.0698, reader_cost: 0.00010, ips: 57.3131 samples/sec, max_mem_reserved: 922 MB, max_mem_allocated: 673 MB | ETA 00:19:19
[2026/10/07 12:20:23] INFO: [TRAIN] epoch: 3, iter: 1400/18000, loss: 3.3366, lr: 0.000055, batch_cost: 0.0699, reader_cost: 0.00030, ips: 57.2197 samples/sec, max_mem_reserved: 922 MB, max_mem_allocated: 673 MB | ETA 00:19:20
[2026/10/07 12:20:24] INFO: [TRAIN] epoch: 3, iter: 1410/18000, loss: 3.2411, lr: 0.000055, batch_cost: 0.0714, reader_cost: 0.00000, ips: 55.9923 samples/sec, max_mem_reserved: 922 MB, max_mem_allocated: 673 MB | ETA 00:19:45
[2026/10/07 12:20:25] INFO: [TRAIN] epoch: 3, iter: 1420/18000, loss: 3.2575, lr: 0.000055, batch_cost: 0.0643, reader_cost: 0.00000, ips: 62.1810 samples/sec, max_mem_reserved: 922 MB, max_mem_allocated: 673 MB | ETA 00:17:46
[2026/10/07 12:20:26] INFO: [TRAIN] epoch: 4, iter: 1430/18000, loss: 3.0407, lr: 0.000055, batch_cost: 0.0741, reader_cost: 0.00508, ips: 53.9720 samples/sec, max_mem_reserved: 922 MB, max_mem_allocated: 673 MB | ETA 00:20:28
[2026/10/07 12:20:27] INFO: [TRAIN] epoch: 4, iter: 1440/18000, loss: 3.4734, lr: 0.000055, batch_cost: 0.0717, reader_cost: 0.00000, ips: 55.7637 samples/sec, max_mem_reserved: 922 MB, max_mem_allocated: 673 MB | ETA 00:19:47
[2026/10/07 12:20:27] INFO: [TRAIN] epoch: 4, iter: 1450/18000, loss: 3.1893, lr: 0.000055, batch_cost: 0.0711, reader_cost: 0.00025, ips: 56.2897 samples/sec, max_mem_reserved: 922 MB, max_mem_allocated: 673 MB | ETA 00:19:36
[2026/10/07 12:20:28] INFO: [TRAIN] epoch: 4, iter: 1460/18000, loss: 3.0479, lr: 0.000055, batch_cost: 0.0682, reader_cost: 0.00000, ips: 58.6151 samples/sec, max_mem_reserved: 922 MB, max_mem_allocated: 673 MB | ETA 00:18:48
[2026/10/07 12:20:29] INFO: [TRAIN] epoch: 4, iter: 1470/18000, loss: 3.3209, lr: 0.000055, batch_cost: 0.0686, reader_cost: 0.00000, ips: 58.3369 samples/sec, max_mem_reserved: 922 MB, max_mem_allocated: 673 MB | ETA 00:18:53
[2026/10/07 12:20:30] INFO: [TRAIN] epoch: 4, iter: 1480/18000, loss: 3.3251, lr: 0.000055, batch_cost: 0.0707, reader_cost: 0.00000, ips: 56.6084 samples/sec, max_mem_reserved: 922 MB, max_mem_allocated: 673 MB | ETA 00:19:27
[2026/10/07 12:20:31] INFO: [TRAIN] epoch: 4, iter: 1490/18000, loss: 3.1310, lr: 0.000055, batch_cost: 0.0675, reader_cost: 0.00010, ips: 59.2455 samples/sec, max_mem_reserved: 922 MB, max_mem_allocated: 673 MB | ETA 00:18:34
[2026/10/07 12:20:32] INFO: [TRAIN] epoch: 4, iter: 1500/18000, loss: 3.3787, lr: 0.000055, batch_cost: 0.0719, reader_cost: 0.00000, ips: 55.6600 samples/sec, max_mem_reserved: 922 MB, max_mem_allocated: 673 MB | ETA 00:19:45
[2026/10/07 12:20:32] INFO: [TRAIN] epoch: 4, iter: 1510/18000, loss: 3.3137, lr: 0.000055, batch_cost: 0.0686, reader_cost: 0.00000, ips: 58.2918 samples/sec, max_mem_reserved: 922 MB, max_mem_allocated: 673 MB | ETA 00:18:51
[2026/10/07 12:20:33] INFO: [TRAIN] epoch: 4, iter: 1520/18000, loss: 3.4568, lr: 0.000055, batch_cost: 0.0704, reader_cost: 0.00005, ips: 56.8062 samples/sec, max_mem_reserved: 922 MB, max_mem_allocated: 673 MB | ETA 00:19:20
[2026/10/07 12:20:34] INFO: [TRAIN] epoch: 4, iter: 1530/18000, loss: 3.1560, lr: 0.000055, batch_cost: 0.0684, reader_cost: 0.00014, ips: 58.4663 samples/sec, max_mem_reserved: 922 MB, max_mem_allocated: 673 MB | ETA 00:18:46
[2026/10/07 12:20:35] INFO: [TRAIN] epoch: 4, iter: 1540/18000, loss: 3.2593, lr: 0.000055, batch_cost: 0.0702, reader_cost: 0.00000, ips: 56.9939 samples/sec, max_mem_reserved: 922 MB, max_mem_allocated: 673 MB | ETA 00:19:15
[2026/10/07 12:20:36] INFO: [TRAIN] epoch: 4, iter: 1550/18000, loss: 3.2457, lr: 0.000055, batch_cost: 0.0709, reader_cost: 0.00020, ips: 56.3816 samples/sec, max_mem_reserved: 922 MB, max_mem_allocated: 673 MB | ETA 00:19:27
[2026/10/07 12:20:37] INFO: [TRAIN] epoch: 4, iter: 1560/18000, loss: 3.2356, lr: 0.000055, batch_cost: 0.0690, reader_cost: 0.00000, ips: 57.9504 samples/sec, max_mem_reserved: 922 MB, max_mem_allocated: 673 MB | ETA 00:18:54
[2026/10/07 12:20:38] INFO: [TRAIN] epoch: 4, iter: 1570/18000, loss: 3.2604, lr: 0.000055, batch_cost: 0.0710, reader_cost: 0.00005, ips: 56.3304 samples/sec, max_mem_reserved: 922 MB, max_mem_allocated: 673 MB | ETA 00:19:26
[2026/10/07 12:20:39] INFO: [TRAIN] epoch: 4, iter: 1580/18000, loss: 3.1284, lr: 0.000055, batch_cost: 0.0718, reader_cost: 0.00010, ips: 55.7066 samples/sec, max_mem_reserved: 922 MB, max_mem_allocated: 673 MB | ETA 00:19:39
[2026/10/07 12:20:39] INFO: [TRAIN] epoch: 4, iter: 1590/18000, loss: 3.4317, lr: 0.000055, batch_cost: 0.0696, reader_cost: 0.00016, ips: 57.5039 samples/sec, max_mem_reserved: 922 MB, max_mem_allocated: 673 MB | ETA 00:19:01
[2026/10/07 12:20:40] INFO: [TRAIN] epoch: 4, iter: 1600/18000, loss: 3.1843, lr: 0.000055, batch_cost: 0.0714, reader_cost: 0.00010, ips: 56.0443 samples/sec, max_mem_reserved: 922 MB, max_mem_allocated: 673 MB | ETA 00:19:30
[2026/10/07 12:20:41] INFO: [TRAIN] epoch: 4, iter: 1610/18000, loss: 3.1283, lr: 0.000055, batch_cost: 0.0693, reader_cost: 0.00000, ips: 57.7178 samples/sec, max_mem_reserved: 922 MB, max_mem_allocated: 673 MB | ETA 00:18:55
[2026/10/07 12:20:42] INFO: [TRAIN] epoch: 4, iter: 1620/18000, loss: 3.2094, lr: 0.000055, batch_cost: 0.0707, reader_cost: 0.00010, ips: 56.5956 samples/sec, max_mem_reserved: 922 MB, max_mem_allocated: 673 MB | ETA 00:19:17
[2026/10/07 12:20:43] INFO: [TRAIN] epoch: 4, iter: 1630/18000, loss: 3.1681, lr: 0.000055, batch_cost: 0.0686, reader_cost: 0.00000, ips: 58.2969 samples/sec, max_mem_reserved: 922 MB, max_mem_allocated: 673 MB | ETA 00:18:43
[2026/10/07 12:20:44] INFO: [TRAIN] epoch: 4, iter: 1640/18000, loss: 3.2296, lr: 0.000055, batch_cost: 0.0688, reader_cost: 0.00000, ips: 58.1553 samples/sec, max_mem_reserved: 922 MB, max_mem_allocated: 673 MB | ETA 00:18:45
[2026/10/07 12:20:45] INFO: [TRAIN] epoch: 4, iter: 1650/18000, loss: 3.1881, lr: 0.000055, batch_cost: 0.0704, reader_cost: 0.00005, ips: 56.8153 samples/sec, max_mem_reserved: 922 MB, max_mem_allocated: 673 MB | ETA 00:19:11
[2026/10/07 12:20:45] INFO: [TRAIN] epoch: 4, iter: 1660/18000, loss: 2.9835, lr: 0.000054, batch_cost: 0.0689, reader_cost: 0.00000, ips: 58.0261 samples/sec, max_mem_reserved: 922 MB, max_mem_allocated: 673 MB | ETA 00:18:46
[2026/10/07 12:20:46] INFO: [TRAIN] epoch: 4, iter: 1670/18000, loss: 3.1551, lr: 0.000054, batch_cost: 0.0663, reader_cost: 0.00000, ips: 60.2926 samples/sec, max_mem_reserved: 922 MB, max_mem_allocated: 673 MB | ETA 00:18:03
[2026/10/07 12:20:47] INFO: [TRAIN] epoch: 4, iter: 1680/18000, loss: 3.1925, lr: 0.000054, batch_cost: 0.0687, reader_cost: 0.00030, ips: 58.1988 samples/sec, max_mem_reserved: 922 MB, max_mem_allocated: 673 MB | ETA 00:18:41
[2026/10/07 12:20:48] INFO: [TRAIN] epoch: 4, iter: 1690/18000, loss: 3.0761, lr: 0.000054, batch_cost: 0.0672, reader_cost: 0.00010, ips: 59.5398 samples/sec, max_mem_reserved: 922 MB, max_mem_allocated: 673 MB | ETA 00:18:15
[2026/10/07 12:20:49] INFO: [TRAIN] epoch: 4, iter: 1700/18000, loss: 3.1030, lr: 0.000054, batch_cost: 0.0714, reader_cost: 0.00007, ips: 56.0470 samples/sec, max_mem_reserved: 922 MB, max_mem_allocated: 673 MB | ETA 00:19:23
[2026/10/07 12:20:50] INFO: [TRAIN] epoch: 4, iter: 1710/18000, loss: 3.2442, lr: 0.000054, batch_cost: 0.0708, reader_cost: 0.00010, ips: 56.5251 samples/sec, max_mem_reserved: 922 MB, max_mem_allocated: 673 MB | ETA 00:19:12
[2026/10/07 12:20:51] INFO: [TRAIN] epoch: 4, iter: 1720/18000, loss: 3.2079, lr: 0.000054, batch_cost: 0.0716, reader_cost: 0.00010, ips: 55.8962 samples/sec, max_mem_reserved: 922 MB, max_mem_allocated: 673 MB | ETA 00:19:25
[2026/10/07 12:20:51] INFO: [TRAIN] epoch: 4, iter: 1730/18000, loss: 3.3135, lr: 0.000054, batch_cost: 0.0704, reader_cost: 0.00020, ips: 56.8569 samples/sec, max_mem_reserved: 922 MB, max_mem_allocated: 673 MB | ETA 00:19:04
[2026/10/07 12:20:52] INFO: [TRAIN] epoch: 4, iter: 1740/18000, loss: 3.3289, lr: 0.000054, batch_cost: 0.0713, reader_cost: 0.00000, ips: 56.1097 samples/sec, max_mem_reserved: 922 MB, max_mem_allocated: 673 MB | ETA 00:19:19
[2026/10/07 12:20:53] INFO: [TRAIN] epoch: 4, iter: 1750/18000, loss: 3.3251, lr: 0.000054, batch_cost: 0.0694, reader_cost: 0.00000, ips: 57.6110 samples/sec, max_mem_reserved: 922 MB, max_mem_allocated: 673 MB | ETA 00:18:48
[2026/10/07 12:20:54] INFO: [TRAIN] epoch: 4, iter: 1760/18000, loss: 3.3106, lr: 0.000054, batch_cost: 0.0702, reader_cost: 0.00005, ips: 56.9613 samples/sec, max_mem_reserved: 922 MB, max_mem_allocated: 673 MB | ETA 00:19:00
[2026/10/07 12:20:55] INFO: [TRAIN] epoch: 4, iter: 1770/18000, loss: 3.1910, lr: 0.000054, batch_cost: 0.0678, reader_cost: 0.00000, ips: 58.9824 samples/sec, max_mem_reserved: 922 MB, max_mem_allocated: 673 MB | ETA 00:18:20
[2026/10/07 12:20:56] INFO: [TRAIN] epoch: 4, iter: 1780/18000, loss: 3.1526, lr: 0.000054, batch_cost: 0.0691, reader_cost: 0.00000, ips: 57.8763 samples/sec, max_mem_reserved: 922 MB, max_mem_allocated: 673 MB | ETA 00:18:41
[2026/10/07 12:20:57] INFO: [TRAIN] epoch: 4, iter: 1790/18000, loss: 2.9303, lr: 0.000054, batch_cost: 0.0680, reader_cost: 0.00010, ips: 58.8073 samples/sec, max_mem_reserved: 922 MB, max_mem_allocated: 673 MB | ETA 00:18:22
[2026/10/07 12:20:57] INFO: [TRAIN] epoch: 4, iter: 1800/18000, loss: 3.2068, lr: 0.000054, batch_cost: 0.0709, reader_cost: 0.00000, ips: 56.4504 samples/sec, max_mem_reserved: 922 MB, max_mem_allocated: 673 MB | ETA 00:19:07
[2026/10/07 12:20:58] INFO: [TRAIN] epoch: 4, iter: 1810/18000, loss: 3.4556, lr: 0.000054, batch_cost: 0.0708, reader_cost: 0.00010, ips: 56.5004 samples/sec, max_mem_reserved: 922 MB, max_mem_allocated: 673 MB | ETA 00:19:06
[2026/10/07 12:20:59] INFO: [TRAIN] epoch: 4, iter: 1820/18000, loss: 3.1315, lr: 0.000054, batch_cost: 0.0700, reader_cost: 0.00020, ips: 57.1804 samples/sec, max_mem_reserved: 922 MB, max_mem_allocated: 673 MB | ETA 00:18:51
[2026/10/07 12:21:00] INFO: [TRAIN] epoch: 4, iter: 1830/18000, loss: 2.8911, lr: 0.000054, batch_cost: 0.0679, reader_cost: 0.00000, ips: 58.8710 samples/sec, max_mem_reserved: 922 MB, max_mem_allocated: 673 MB | ETA 00:18:18
[2026/10/07 12:21:01] INFO: [TRAIN] epoch: 4, iter: 1840/18000, loss: 3.2488, lr: 0.000054, batch_cost: 0.0702, reader_cost: 0.00020, ips: 56.9565 samples/sec, max_mem_reserved: 922 MB, max_mem_allocated: 673 MB | ETA 00:18:54
[2026/10/07 12:21:02] INFO: [TRAIN] epoch: 4, iter: 1850/18000, loss: 3.1570, lr: 0.000054, batch_cost: 0.0690, reader_cost: 0.00000, ips: 57.9714 samples/sec, max_mem_reserved: 922 MB, max_mem_allocated: 673 MB | ETA 00:18:34
[2026/10/07 12:21:03] INFO: [TRAIN] epoch: 4, iter: 1860/18000, loss: 3.4909, lr: 0.000054, batch_cost: 0.0723, reader_cost: 0.00000, ips: 55.3554 samples/sec, max_mem_reserved: 922 MB, max_mem_allocated: 673 MB | ETA 00:19:26
[2026/10/07 12:21:04] INFO: [TRAIN] epoch: 4, iter: 1870/18000, loss: 3.2453, lr: 0.000054, batch_cost: 0.0684, reader_cost: 0.00030, ips: 58.5198 samples/sec, max_mem_reserved: 922 MB, max_mem_allocated: 673 MB | ETA 00:18:22
[2026/10/07 12:21:04] INFO: [TRAIN] epoch: 4, iter: 1880/18000, loss: 3.4956, lr: 0.000054, batch_cost: 0.0660, reader_cost: 0.00010, ips: 60.6502 samples/sec, max_mem_reserved: 922 MB, max_mem_allocated: 673 MB | ETA 00:17:43
[2026/10/07 12:21:05] INFO: [TRAIN] epoch: 4, iter: 1890/18000, loss: 3.3434, lr: 0.000054, batch_cost: 0.0654, reader_cost: 0.00010, ips: 61.1942 samples/sec, max_mem_reserved: 922 MB, max_mem_allocated: 673 MB | ETA 00:17:33
[2026/10/07 12:21:06] INFO: [TRAIN] epoch: 5, iter: 1900/18000, loss: 3.2547, lr: 0.000054, batch_cost: 0.0654, reader_cost: 0.00448, ips: 61.1290 samples/sec, max_mem_reserved: 922 MB, max_mem_allocated: 673 MB | ETA 00:17:33
[2026/10/07 12:21:07] INFO: [TRAIN] epoch: 5, iter: 1910/18000, loss: 3.2313, lr: 0.000054, batch_cost: 0.0679, reader_cost: 0.00018, ips: 58.9326 samples/sec, max_mem_reserved: 922 MB, max_mem_allocated: 673 MB | ETA 00:18:12
[2026/10/07 12:21:08] INFO: [TRAIN] epoch: 5, iter: 1920/18000, loss: 3.0547, lr: 0.000054, batch_cost: 0.0660, reader_cost: 0.00020, ips: 60.6412 samples/sec, max_mem_reserved: 922 MB, max_mem_allocated: 673 MB | ETA 00:17:40
[2026/10/07 12:21:08] INFO: [TRAIN] epoch: 5, iter: 1930/18000, loss: 3.4298, lr: 0.000054, batch_cost: 0.0642, reader_cost: 0.00000, ips: 62.2695 samples/sec, max_mem_reserved: 922 MB, max_mem_allocated: 673 MB | ETA 00:17:12
[2026/10/07 12:21:09] INFO: [TRAIN] epoch: 5, iter: 1940/18000, loss: 3.2429, lr: 0.000054, batch_cost: 0.0663, reader_cost: 0.00010, ips: 60.3162 samples/sec, max_mem_reserved: 922 MB, max_mem_allocated: 673 MB | ETA 00:17:45
[2026/10/07 12:21:10] INFO: [TRAIN] epoch: 5, iter: 1950/18000, loss: 3.2192, lr: 0.000054, batch_cost: 0.0656, reader_cost: 0.00000, ips: 60.9655 samples/sec, max_mem_reserved: 922 MB, max_mem_allocated: 673 MB | ETA 00:17:33
[2026/10/07 12:21:11] INFO: [TRAIN] epoch: 5, iter: 1960/18000, loss: 3.1199, lr: 0.000053, batch_cost: 0.0691, reader_cost: 0.00010, ips: 57.9136 samples/sec, max_mem_reserved: 922 MB, max_mem_allocated: 673 MB | ETA 00:18:27
[2026/10/07 12:21:12] INFO: [TRAIN] epoch: 5, iter: 1970/18000, loss: 3.0832, lr: 0.000053, batch_cost: 0.0664, reader_cost: 0.00000, ips: 60.2075 samples/sec, max_mem_reserved: 922 MB, max_mem_allocated: 673 MB | ETA 00:17:44
[2026/10/07 12:21:13] INFO: [TRAIN] epoch: 5, iter: 1980/18000, loss: 3.2421, lr: 0.000053, batch_cost: 0.0662, reader_cost: 0.00000, ips: 60.4012 samples/sec, max_mem_reserved: 922 MB, max_mem_allocated: 673 MB | ETA 00:17:40
[2026/10/07 12:21:13] INFO: [TRAIN] epoch: 5, iter: 1990/18000, loss: 3.1503, lr: 0.000053, batch_cost: 0.0653, reader_cost: 0.00000, ips: 61.2108 samples/sec, max_mem_reserved: 922 MB, max_mem_allocated: 673 MB | ETA 00:17:26
[2026/10/07 12:21:14] INFO: [TRAIN] epoch: 5, iter: 2000/18000, loss: 3.1584, lr: 0.000053, batch_cost: 0.0664, reader_cost: 0.00010, ips: 60.2772 samples/sec, max_mem_reserved: 922 MB, max_mem_allocated: 673 MB | ETA 00:17:41
[2026/10/07 12:21:14] INFO: Start evaluating (total_samples: 348, total_iters: 348)...

  1/348 [..............................] - ETA: 6s - batch_cost: 0.0183 - reader cost: 0.0072
  6/348 [..............................] - ETA: 4s - batch_cost: 0.0131 - reader cost: 0.0014
 11/348 [..............................] - ETA: 3s - batch_cost: 0.0118 - reader cost: 9.7732e-04
 16/348 [>.............................] - ETA: 3s - batch_cost: 0.0114 - reader cost: 6.7191e-04
 21/348 [>.............................] - ETA: 3s - batch_cost: 0.0114 - reader cost: 5.1193e-04
 26/348 [=>............................] - ETA: 3s - batch_cost: 0.0114 - reader cost: 4.1348e-04
 31/348 [=>............................] - ETA: 3s - batch_cost: 0.0113 - reader cost: 3.7903e-04
 36/348 [==>...........................] - ETA: 3s - batch_cost: 0.0114 - reader cost: 3.2639e-04
 41/348 [==>...........................] - ETA: 3s - batch_cost: 0.0115 - reader cost: 2.8658e-04
 46/348 [==>...........................] - ETA: 3s - batch_cost: 0.0113 - reader cost: 2.7685e-04
 51/348 [===>..........................] - ETA: 3s - batch_cost: 0.0113 - reader cost: 2.6944e-04
 56/348 [===>..........................] - ETA: 3s - batch_cost: 0.0112 - reader cost: 2.4538e-04
 61/348 [====>.........................] - ETA: 3s - batch_cost: 0.0112 - reader cost: 2.2527e-04
 66/348 [====>.........................] - ETA: 3s - batch_cost: 0.0111 - reader cost: 2.0820e-04
 71/348 [=====>........................] - ETA: 3s - batch_cost: 0.0111 - reader cost: 1.9354e-04
 76/348 [=====>........................] - ETA: 3s - batch_cost: 0.0111 - reader cost: 1.8081e-04
 81/348 [=====>........................] - ETA: 2s - batch_cost: 0.0111 - reader cost: 1.6965e-04
 86/348 [======>.......................] - ETA: 2s - batch_cost: 0.0112 - reader cost: 1.7138e-04
 91/348 [======>.......................] - ETA: 2s - batch_cost: 0.0112 - reader cost: 1.6196e-04
 96/348 [=======>......................] - ETA: 2s - batch_cost: 0.0112 - reader cost: 1.5353e-04
101/348 [=======>......................] - ETA: 2s - batch_cost: 0.0113 - reader cost: 1.4593e-04
106/348 [========>.....................] - ETA: 2s - batch_cost: 0.0112 - reader cost: 1.4557e-04
111/348 [========>.....................] - ETA: 2s - batch_cost: 0.0112 - reader cost: 1.3901e-04
116/348 [=========>....................] - ETA: 2s - batch_cost: 0.0112 - reader cost: 1.3302e-04
121/348 [=========>....................] - ETA: 2s - batch_cost: 0.0112 - reader cost: 1.2752e-04
126/348 [=========>....................] - ETA: 2s - batch_cost: 0.0112 - reader cost: 1.2246e-04
131/348 [==========>...................] - ETA: 2s - batch_cost: 0.0112 - reader cost: 1.1779e-04
136/348 [==========>...................] - ETA: 2s - batch_cost: 0.0112 - reader cost: 1.1346e-04
141/348 [===========>..................] - ETA: 2s - batch_cost: 0.0112 - reader cost: 1.0943e-04
146/348 [===========>..................] - ETA: 2s - batch_cost: 0.0112 - reader cost: 1.0568e-04
151/348 [============>.................] - ETA: 2s - batch_cost: 0.0112 - reader cost: 1.0219e-04
156/348 [============>.................] - ETA: 2s - batch_cost: 0.0112 - reader cost: 9.8910e-05
161/348 [============>.................] - ETA: 2s - batch_cost: 0.0112 - reader cost: 9.5838e-05
166/348 [=============>................] - ETA: 2s - batch_cost: 0.0112 - reader cost: 9.2952e-05
171/348 [=============>................] - ETA: 1s - batch_cost: 0.0112 - reader cost: 9.0234e-05
176/348 [==============>...............] - ETA: 1s - batch_cost: 0.0112 - reader cost: 8.7670e-05
181/348 [==============>...............] - ETA: 1s - batch_cost: 0.0112 - reader cost: 8.5248e-05
186/348 [===============>..............] - ETA: 1s - batch_cost: 0.0112 - reader cost: 8.8329e-05
191/348 [===============>..............] - ETA: 1s - batch_cost: 0.0111 - reader cost: 8.6017e-05
196/348 [===============>..............] - ETA: 1s - batch_cost: 0.0112 - reader cost: 8.3822e-05
201/348 [================>.............] - ETA: 1s - batch_cost: 0.0112 - reader cost: 8.1737e-05
206/348 [================>.............] - ETA: 1s - batch_cost: 0.0112 - reader cost: 7.9753e-05
211/348 [=================>............] - ETA: 1s - batch_cost: 0.0112 - reader cost: 8.2672e-05
216/348 [=================>............] - ETA: 1s - batch_cost: 0.0112 - reader cost: 8.0759e-05
221/348 [==================>...........] - ETA: 1s - batch_cost: 0.0112 - reader cost: 7.8932e-05
226/348 [==================>...........] - ETA: 1s - batch_cost: 0.0112 - reader cost: 7.7185e-05
231/348 [==================>...........] - ETA: 1s - batch_cost: 0.0111 - reader cost: 7.9842e-05
236/348 [===================>..........] - ETA: 1s - batch_cost: 0.0111 - reader cost: 7.8151e-05
241/348 [===================>..........] - ETA: 1s - batch_cost: 0.0111 - reader cost: 7.6529e-05
246/348 [====================>.........] - ETA: 1s - batch_cost: 0.0111 - reader cost: 7.9048e-05
251/348 [====================>.........] - ETA: 1s - batch_cost: 0.0111 - reader cost: 7.7474e-05
256/348 [=====================>........] - ETA: 1s - batch_cost: 0.0111 - reader cost: 7.5961e-05
261/348 [=====================>........] - ETA: 0s - batch_cost: 0.0111 - reader cost: 7.4505e-05
266/348 [=====================>........] - ETA: 0s - batch_cost: 0.0111 - reader cost: 7.3105e-05
271/348 [======================>.......] - ETA: 0s - batch_cost: 0.0111 - reader cost: 7.1756e-05
276/348 [======================>.......] - ETA: 0s - batch_cost: 0.0111 - reader cost: 7.4076e-05
281/348 [=======================>......] - ETA: 0s - batch_cost: 0.0111 - reader cost: 7.2758e-05
286/348 [=======================>......] - ETA: 0s - batch_cost: 0.0111 - reader cost: 7.1486e-05
291/348 [========================>.....] - ETA: 0s - batch_cost: 0.0111 - reader cost: 7.0258e-05
296/348 [========================>.....] - ETA: 0s - batch_cost: 0.0111 - reader cost: 7.5854e-05
300/348 [========================>.....] - ETA: 0s - batch_cost: 0.0111 - reader cost: 7.4843e-05
305/348 [=========================>....] - ETA: 0s - batch_cost: 0.0111 - reader cost: 7.3616e-05
310/348 [=========================>....] - ETA: 0s - batch_cost: 0.0111 - reader cost: 7.2428e-05
315/348 [==========================>...] - ETA: 0s - batch_cost: 0.0111 - reader cost: 7.1279e-05
320/348 [==========================>...] - ETA: 0s - batch_cost: 0.0111 - reader cost: 7.0165e-05
325/348 [===========================>..] - ETA: 0s - batch_cost: 0.0111 - reader cost: 6.9086e-05
330/348 [===========================>..] - ETA: 0s - batch_cost: 0.0111 - reader cost: 6.8039e-05
335/348 [===========================>..] - ETA: 0s - batch_cost: 0.0111 - reader cost: 7.0007e-05
340/348 [============================>.] - ETA: 0s - batch_cost: 0.0111 - reader cost: 6.8977e-05
345/348 [============================>.] - ETA: 0s - batch_cost: 0.0111 - reader cost: 7.0864e-05
348/348 [==============================] - 4s 11ms/step - batch_cost: 0.0111 - reader cost: 7.0253e-05
[2026/10/07 12:21:18] INFO: [EVAL] #Images: 348 mIoU: 0.7688 Acc: 0.9720 Kappa: 0.7088 Dice: 0.8543
[2026/10/07 12:21:18] INFO: [EVAL] Class IoU: 
[0.971  0.5666]
[2026/10/07 12:21:18] INFO: [EVAL] Class Precision: 
[0.9792 0.8187]
[2026/10/07 12:21:18] INFO: [EVAL] Class Recall: 
[0.9914 0.6478]
[2026/10/07 12:21:18] INFO: Start evaluating (total_samples: 348, total_iters: 348)...

  1/348 [..............................] - ETA: 8s - batch_cost: 0.0233 - reader cost: 0.0081
  5/348 [..............................] - ETA: 5s - batch_cost: 0.0162 - reader cost: 0.0018
 10/348 [..............................] - ETA: 4s - batch_cost: 0.0135 - reader cost: 9.0706e-04
 15/348 [>.............................] - ETA: 4s - batch_cost: 0.0128 - reader cost: 6.7194e-04
 20/348 [>.............................] - ETA: 4s - batch_cost: 0.0124 - reader cost: 5.0396e-04
 25/348 [=>............................] - ETA: 3s - batch_cost: 0.0122 - reader cost: 4.0317e-04
 30/348 [=>............................] - ETA: 3s - batch_cost: 0.0119 - reader cost: 3.3597e-04
 35/348 [==>...........................] - ETA: 3s - batch_cost: 0.0117 - reader cost: 2.8798e-04
 40/348 [==>...........................] - ETA: 3s - batch_cost: 0.0117 - reader cost: 2.5198e-04
 45/348 [==>...........................] - ETA: 3s - batch_cost: 0.0116 - reader cost: 2.2398e-04
 49/348 [===>..........................] - ETA: 3s - batch_cost: 0.0117 - reader cost: 2.2636e-04
 54/348 [===>..........................] - ETA: 3s - batch_cost: 0.0117 - reader cost: 2.0540e-04
 59/348 [====>.........................] - ETA: 3s - batch_cost: 0.0116 - reader cost: 1.8800e-04
 64/348 [====>.........................] - ETA: 3s - batch_cost: 0.0116 - reader cost: 1.8894e-04
 69/348 [====>.........................] - ETA: 3s - batch_cost: 0.0116 - reader cost: 1.7525e-04
 74/348 [=====>........................] - ETA: 3s - batch_cost: 0.0116 - reader cost: 1.6341e-04
 79/348 [=====>........................] - ETA: 3s - batch_cost: 0.0116 - reader cost: 1.5307e-04
 84/348 [======>.......................] - ETA: 3s - batch_cost: 0.0115 - reader cost: 1.4396e-04
 89/348 [======>.......................] - ETA: 2s - batch_cost: 0.0115 - reader cost: 1.3587e-04
 93/348 [=======>......................] - ETA: 2s - batch_cost: 0.0115 - reader cost: 1.3003e-04
 98/348 [=======>......................] - ETA: 2s - batch_cost: 0.0115 - reader cost: 1.2339e-04
103/348 [=======>......................] - ETA: 2s - batch_cost: 0.0115 - reader cost: 1.1740e-04
108/348 [========>.....................] - ETA: 2s - batch_cost: 0.0115 - reader cost: 1.1197e-04
113/348 [========>.....................] - ETA: 2s - batch_cost: 0.0115 - reader cost: 1.0701e-04
118/348 [=========>....................] - ETA: 2s - batch_cost: 0.0115 - reader cost: 1.1100e-04
122/348 [=========>....................] - ETA: 2s - batch_cost: 0.0115 - reader cost: 1.0736e-04
127/348 [=========>....................] - ETA: 2s - batch_cost: 0.0115 - reader cost: 1.0313e-04
132/348 [==========>...................] - ETA: 2s - batch_cost: 0.0116 - reader cost: 9.9227e-05
136/348 [==========>...................] - ETA: 2s - batch_cost: 0.0116 - reader cost: 1.0014e-04
141/348 [===========>..................] - ETA: 2s - batch_cost: 0.0117 - reader cost: 9.6590e-05
146/348 [===========>..................] - ETA: 2s - batch_cost: 0.0117 - reader cost: 9.3282e-05
150/348 [===========>..................] - ETA: 2s - batch_cost: 0.0117 - reader cost: 9.0795e-05
155/348 [============>.................] - ETA: 2s - batch_cost: 0.0118 - reader cost: 8.7866e-05
160/348 [============>.................] - ETA: 2s - batch_cost: 0.0118 - reader cost: 8.5120e-05
165/348 [=============>................] - ETA: 2s - batch_cost: 0.0117 - reader cost: 8.2541e-05
170/348 [=============>................] - ETA: 2s - batch_cost: 0.0117 - reader cost: 8.5920e-05
175/348 [==============>...............] - ETA: 2s - batch_cost: 0.0117 - reader cost: 8.3466e-05
179/348 [==============>...............] - ETA: 1s - batch_cost: 0.0118 - reader cost: 8.1600e-05
184/348 [==============>...............] - ETA: 1s - batch_cost: 0.0118 - reader cost: 7.9383e-05
189/348 [===============>..............] - ETA: 1s - batch_cost: 0.0118 - reader cost: 7.7283e-05
194/348 [===============>..............] - ETA: 1s - batch_cost: 0.0118 - reader cost: 7.5291e-05
199/348 [================>.............] - ETA: 1s - batch_cost: 0.0118 - reader cost: 7.3399e-05
204/348 [================>.............] - ETA: 1s - batch_cost: 0.0117 - reader cost: 7.1600e-05
209/348 [=================>............] - ETA: 1s - batch_cost: 0.0117 - reader cost: 6.9887e-05
214/348 [=================>............] - ETA: 1s - batch_cost: 0.0117 - reader cost: 7.2975e-05
218/348 [=================>............] - ETA: 1s - batch_cost: 0.0117 - reader cost: 7.1636e-05
223/348 [==================>...........] - ETA: 1s - batch_cost: 0.0117 - reader cost: 7.0030e-05
228/348 [==================>...........] - ETA: 1s - batch_cost: 0.0117 - reader cost: 7.5135e-05
233/348 [===================>..........] - ETA: 1s - batch_cost: 0.0117 - reader cost: 7.3523e-05
238/348 [===================>..........] - ETA: 1s - batch_cost: 0.0117 - reader cost: 7.1978e-05
243/348 [===================>..........] - ETA: 1s - batch_cost: 0.0117 - reader cost: 7.6697e-05
248/348 [====================>.........] - ETA: 1s - batch_cost: 0.0117 - reader cost: 7.5151e-05
253/348 [====================>.........] - ETA: 1s - batch_cost: 0.0117 - reader cost: 7.5669e-05
258/348 [=====================>........] - ETA: 1s - batch_cost: 0.0117 - reader cost: 7.4203e-05
262/348 [=====================>........] - ETA: 1s - batch_cost: 0.0117 - reader cost: 7.3070e-05
267/348 [======================>.......] - ETA: 0s - batch_cost: 0.0117 - reader cost: 7.1701e-05
272/348 [======================>.......] - ETA: 0s - batch_cost: 0.0117 - reader cost: 7.0383e-05
277/348 [======================>.......] - ETA: 0s - batch_cost: 0.0117 - reader cost: 6.9113e-05
282/348 [=======================>......] - ETA: 0s - batch_cost: 0.0117 - reader cost: 6.7888e-05
287/348 [=======================>......] - ETA: 0s - batch_cost: 0.0117 - reader cost: 6.6705e-05
292/348 [========================>.....] - ETA: 0s - batch_cost: 0.0117 - reader cost: 6.5563e-05
297/348 [========================>.....] - ETA: 0s - batch_cost: 0.0117 - reader cost: 6.4459e-05
301/348 [========================>.....] - ETA: 0s - batch_cost: 0.0117 - reader cost: 6.6961e-05
305/348 [=========================>....] - ETA: 0s - batch_cost: 0.0117 - reader cost: 6.6083e-05
310/348 [=========================>....] - ETA: 0s - batch_cost: 0.0117 - reader cost: 6.5017e-05
315/348 [==========================>...] - ETA: 0s - batch_cost: 0.0117 - reader cost: 6.3985e-05
320/348 [==========================>...] - ETA: 0s - batch_cost: 0.0117 - reader cost: 6.2985e-05
325/348 [===========================>..] - ETA: 0s - batch_cost: 0.0117 - reader cost: 6.2016e-05
330/348 [===========================>..] - ETA: 0s - batch_cost: 0.0117 - reader cost: 6.4106e-05
335/348 [===========================>..] - ETA: 0s - batch_cost: 0.0117 - reader cost: 6.3149e-05
339/348 [============================>.] - ETA: 0s - batch_cost: 0.0117 - reader cost: 6.2404e-05
343/348 [============================>.] - ETA: 0s - batch_cost: 0.0117 - reader cost: 6.1676e-05
348/348 [==============================] - 4s 12ms/step - batch_cost: 0.0117 - reader cost: 6.0790e-05
[2026/10/07 12:21:22] INFO: [EVAL] #Images: 348 mIoU: 0.7132 Acc: 0.9669 Kappa: 0.6144 Dice: 0.8066
[2026/10/07 12:21:22] INFO: [EVAL] Class IoU: 
[0.9659 0.4604]
[2026/10/07 12:21:22] INFO: [EVAL] Class Precision: 
[0.9708 0.8519]
[2026/10/07 12:21:22] INFO: [EVAL] Class Recall: 
[0.9948 0.5005]
[2026/10/07 12:21:22] INFO: [EVAL] The model with the best validation mIoU (0.7688) was saved at iter 2000.
[2026/10/07 12:21:22] INFO: [EVAL] The EMA model with the best validation mIoU (0.7132) was saved at iter 2000.
[2026/10/07 12:21:23] INFO: [TRAIN] epoch: 5, iter: 2010/18000, loss: 3.5362, lr: 0.000053, batch_cost: 0.0700, reader_cost: 0.00000, ips: 57.1759 samples/sec, max_mem_reserved: 922 MB, max_mem_allocated: 673 MB | ETA 00:18:38
[2026/10/07 12:21:24] INFO: [TRAIN] epoch: 5, iter: 2020/18000, loss: 3.1227, lr: 0.000053, batch_cost: 0.0700, reader_cost: 0.00013, ips: 57.1671 samples/sec, max_mem_reserved: 922 MB, max_mem_allocated: 673 MB | ETA 00:18:38
[2026/10/07 12:21:25] INFO: [TRAIN] epoch: 5, iter: 2030/18000, loss: 3.3764, lr: 0.000053, batch_cost: 0.0696, reader_cost: 0.00000, ips: 57.4590 samples/sec, max_mem_reserved: 922 MB, max_mem_allocated: 673 MB | ETA 00:18:31
[2026/10/07 12:21:26] INFO: [TRAIN] epoch: 5, iter: 2040/18000, loss: 3.2281, lr: 0.000053, batch_cost: 0.0655, reader_cost: 0.00000, ips: 61.0594 samples/sec, max_mem_reserved: 922 MB, max_mem_allocated: 673 MB | ETA 00:17:25
[2026/10/07 12:21:27] INFO: [TRAIN] epoch: 5, iter: 2050/18000, loss: 3.1748, lr: 0.000053, batch_cost: 0.0671, reader_cost: 0.00000, ips: 59.5817 samples/sec, max_mem_reserved: 922 MB, max_mem_allocated: 673 MB | ETA 00:17:50
[2026/10/07 12:21:27] INFO: [TRAIN] epoch: 5, iter: 2060/18000, loss: 3.3305, lr: 0.000053, batch_cost: 0.0685, reader_cost: 0.00015, ips: 58.3549 samples/sec, max_mem_reserved: 922 MB, max_mem_allocated: 673 MB | ETA 00:18:12
[2026/10/07 12:21:28] INFO: [TRAIN] epoch: 5, iter: 2070/18000, loss: 3.2455, lr: 0.000053, batch_cost: 0.0819, reader_cost: 0.00000, ips: 48.8449 samples/sec, max_mem_reserved: 922 MB, max_mem_allocated: 673 MB | ETA 00:21:44
[2026/10/07 12:21:30] INFO: [TRAIN] epoch: 5, iter: 2080/18000, loss: 3.4218, lr: 0.000053, batch_cost: 0.1084, reader_cost: 0.00000, ips: 36.8848 samples/sec, max_mem_reserved: 922 MB, max_mem_allocated: 673 MB | ETA 00:28:46
[2026/10/07 12:21:31] INFO: [TRAIN] epoch: 5, iter: 2090/18000, loss: 3.2226, lr: 0.000053, batch_cost: 0.1041, reader_cost: 0.00000, ips: 38.4424 samples/sec, max_mem_reserved: 922 MB, max_mem_allocated: 673 MB | ETA 00:27:35
[2026/10/07 12:21:33] INFO: [TRAIN] epoch: 5, iter: 2100/18000, loss: 3.0102, lr: 0.000053, batch_cost: 0.1048, reader_cost: 0.00010, ips: 38.1627 samples/sec, max_mem_reserved: 922 MB, max_mem_allocated: 673 MB | ETA 00:27:46
[2026/10/07 12:21:34] INFO: [TRAIN] epoch: 5, iter: 2110/18000, loss: 2.9830, lr: 0.000053, batch_cost: 0.1054, reader_cost: 0.00010, ips: 37.9493 samples/sec, max_mem_reserved: 922 MB, max_mem_allocated: 673 MB | ETA 00:27:54
[2026/10/07 12:21:35] INFO: [TRAIN] epoch: 5, iter: 2120/18000, loss: 3.3211, lr: 0.000053, batch_cost: 0.1003, reader_cost: 0.00010, ips: 39.8787 samples/sec, max_mem_reserved: 922 MB, max_mem_allocated: 673 MB | ETA 00:26:32
[2026/10/07 12:21:37] INFO: [TRAIN] epoch: 5, iter: 2130/18000, loss: 3.2334, lr: 0.000053, batch_cost: 0.1016, reader_cost: 0.00010, ips: 39.3720 samples/sec, max_mem_reserved: 922 MB, max_mem_allocated: 673 MB | ETA 00:26:52
[2026/10/07 12:21:38] INFO: [TRAIN] epoch: 5, iter: 2140/18000, loss: 3.1108, lr: 0.000053, batch_cost: 0.1017, reader_cost: 0.00000, ips: 39.3239 samples/sec, max_mem_reserved: 922 MB, max_mem_allocated: 673 MB | ETA 00:26:53
[2026/10/07 12:21:39] INFO: [TRAIN] epoch: 5, iter: 2150/18000, loss: 3.0780, lr: 0.000053, batch_cost: 0.0996, reader_cost: 0.00029, ips: 40.1669 samples/sec, max_mem_reserved: 922 MB, max_mem_allocated: 673 MB | ETA 00:26:18
[2026/10/07 12:21:40] INFO: [TRAIN] epoch: 5, iter: 2160/18000, loss: 3.2662, lr: 0.000053, batch_cost: 0.0990, reader_cost: 0.00025, ips: 40.4015 samples/sec, max_mem_reserved: 922 MB, max_mem_allocated: 673 MB | ETA 00:26:08
[2026/10/07 12:21:42] INFO: [TRAIN] epoch: 5, iter: 2170/18000, loss: 3.1991, lr: 0.000053, batch_cost: 0.0939, reader_cost: 0.00010, ips: 42.6149 samples/sec, max_mem_reserved: 922 MB, max_mem_allocated: 673 MB | ETA 00:24:45
[2026/10/07 12:21:43] INFO: [TRAIN] epoch: 5, iter: 2180/18000, loss: 3.4464, lr: 0.000053, batch_cost: 0.0974, reader_cost: 0.00000, ips: 41.0624 samples/sec, max_mem_reserved: 922 MB, max_mem_allocated: 673 MB | ETA 00:25:41
[2026/10/07 12:21:44] INFO: [TRAIN] epoch: 5, iter: 2190/18000, loss: 3.1858, lr: 0.000053, batch_cost: 0.0929, reader_cost: 0.00000, ips: 43.0492 samples/sec, max_mem_reserved: 922 MB, max_mem_allocated: 673 MB | ETA 00:24:29
[2026/10/07 12:21:45] INFO: [TRAIN] epoch: 5, iter: 2200/18000, loss: 3.4543, lr: 0.000053, batch_cost: 0.0933, reader_cost: 0.00000, ips: 42.8853 samples/sec, max_mem_reserved: 922 MB, max_mem_allocated: 673 MB | ETA 00:24:33
[2026/10/07 12:21:47] INFO: [TRAIN] epoch: 5, iter: 2210/18000, loss: 3.0079, lr: 0.000053, batch_cost: 0.0972, reader_cost: 0.00000, ips: 41.1317 samples/sec, max_mem_reserved: 922 MB, max_mem_allocated: 673 MB | ETA 00:25:35
[2026/10/07 12:21:48] INFO: [TRAIN] epoch: 5, iter: 2220/18000, loss: 3.0061, lr: 0.000053, batch_cost: 0.0970, reader_cost: 0.00010, ips: 41.2189 samples/sec, max_mem_reserved: 922 MB, max_mem_allocated: 673 MB | ETA 00:25:31
[2026/10/07 12:21:49] INFO: [TRAIN] epoch: 5, iter: 2230/18000, loss: 3.2970, lr: 0.000053, batch_cost: 0.0950, reader_cost: 0.00020, ips: 42.0870 samples/sec, max_mem_reserved: 922 MB, max_mem_allocated: 673 MB | ETA 00:24:58
[2026/10/07 12:21:50] INFO: [TRAIN] epoch: 5, iter: 2240/18000, loss: 2.9045, lr: 0.000053, batch_cost: 0.0973, reader_cost: 0.00020, ips: 41.1013 samples/sec, max_mem_reserved: 922 MB, max_mem_allocated: 673 MB | ETA 00:25:33
[2026/10/07 12:21:52] INFO: [TRAIN] epoch: 5, iter: 2250/18000, loss: 2.8896, lr: 0.000053, batch_cost: 0.1028, reader_cost: 0.00010, ips: 38.9168 samples/sec, max_mem_reserved: 922 MB, max_mem_allocated: 673 MB | ETA 00:26:58
[2026/10/07 12:21:53] INFO: [TRAIN] epoch: 5, iter: 2260/18000, loss: 3.4307, lr: 0.000052, batch_cost: 0.1006, reader_cost: 0.00000, ips: 39.7418 samples/sec, max_mem_reserved: 922 MB, max_mem_allocated: 673 MB | ETA 00:26:24
[2026/10/07 12:21:54] INFO: [TRAIN] epoch: 5, iter: 2270/18000, loss: 3.1502, lr: 0.000052, batch_cost: 0.1026, reader_cost: 0.00000, ips: 39.0001 samples/sec, max_mem_reserved: 922 MB, max_mem_allocated: 673 MB | ETA 00:26:53
[2026/10/07 12:21:56] INFO: [TRAIN] epoch: 5, iter: 2280/18000, loss: 3.2114, lr: 0.000052, batch_cost: 0.1022, reader_cost: 0.00020, ips: 39.1352 samples/sec, max_mem_reserved: 922 MB, max_mem_allocated: 673 MB | ETA 00:26:46
[2026/10/07 12:21:57] INFO: [TRAIN] epoch: 5, iter: 2290/18000, loss: 3.2326, lr: 0.000052, batch_cost: 0.1024, reader_cost: 0.00015, ips: 39.0804 samples/sec, max_mem_reserved: 922 MB, max_mem_allocated: 673 MB | ETA 00:26:47
[2026/10/07 12:21:58] INFO: [TRAIN] epoch: 5, iter: 2300/18000, loss: 3.2630, lr: 0.000052, batch_cost: 0.1017, reader_cost: 0.00010, ips: 39.3218 samples/sec, max_mem_reserved: 922 MB, max_mem_allocated: 673 MB | ETA 00:26:37
[2026/10/07 12:22:00] INFO: [TRAIN] epoch: 5, iter: 2310/18000, loss: 3.0614, lr: 0.000052, batch_cost: 0.1032, reader_cost: 0.00010, ips: 38.7600 samples/sec, max_mem_reserved: 922 MB, max_mem_allocated: 673 MB | ETA 00:26:59
[2026/10/07 12:22:01] INFO: [TRAIN] epoch: 5, iter: 2320/18000, loss: 3.0832, lr: 0.000052, batch_cost: 0.1014, reader_cost: 0.00000, ips: 39.4589 samples/sec, max_mem_reserved: 922 MB, max_mem_allocated: 673 MB | ETA 00:26:29
[2026/10/07 12:22:03] INFO: [TRAIN] epoch: 5, iter: 2330/18000, loss: 3.3605, lr: 0.000052, batch_cost: 0.1041, reader_cost: 0.00000, ips: 38.4406 samples/sec, max_mem_reserved: 922 MB, max_mem_allocated: 673 MB | ETA 00:27:10
[2026/10/07 12:22:04] INFO: [TRAIN] epoch: 5, iter: 2340/18000, loss: 3.0994, lr: 0.000052, batch_cost: 0.1045, reader_cost: 0.00010, ips: 38.2637 samples/sec, max_mem_reserved: 922 MB, max_mem_allocated: 673 MB | ETA 00:27:17
[2026/10/07 12:22:05] INFO: [TRAIN] epoch: 5, iter: 2350/18000, loss: 3.3259, lr: 0.000052, batch_cost: 0.1058, reader_cost: 0.00000, ips: 37.7929 samples/sec, max_mem_reserved: 922 MB, max_mem_allocated: 673 MB | ETA 00:27:36
[2026/10/07 12:22:07] INFO: [TRAIN] epoch: 5, iter: 2360/18000, loss: 3.4075, lr: 0.000052, batch_cost: 0.1064, reader_cost: 0.00000, ips: 37.5964 samples/sec, max_mem_reserved: 922 MB, max_mem_allocated: 673 MB | ETA 00:27:43
[2026/10/07 12:22:08] INFO: [TRAIN] epoch: 5, iter: 2370/18000, loss: 3.4948, lr: 0.000052, batch_cost: 0.0982, reader_cost: 0.00000, ips: 40.7229 samples/sec, max_mem_reserved: 922 MB, max_mem_allocated: 673 MB | ETA 00:25:35
[2026/10/07 12:22:10] INFO: [TRAIN] epoch: 6, iter: 2380/18000, loss: 3.2903, lr: 0.000052, batch_cost: 0.1249, reader_cost: 0.00901, ips: 32.0335 samples/sec, max_mem_reserved: 922 MB, max_mem_allocated: 673 MB | ETA 00:32:30
[2026/10/07 12:22:11] INFO: [TRAIN] epoch: 6, iter: 2390/18000, loss: 3.1484, lr: 0.000052, batch_cost: 0.1112, reader_cost: 0.00000, ips: 35.9864 samples/sec, max_mem_reserved: 922 MB, max_mem_allocated: 673 MB | ETA 00:28:55
[2026/10/07 12:22:13] INFO: [TRAIN] epoch: 6, iter: 2400/18000, loss: 2.9831, lr: 0.000052, batch_cost: 0.1152, reader_cost: 0.00020, ips: 34.7087 samples/sec, max_mem_reserved: 922 MB, max_mem_allocated: 673 MB | ETA 00:29:57
[2026/10/07 12:22:14] INFO: [TRAIN] epoch: 6, iter: 2410/18000, loss: 3.3265, lr: 0.000052, batch_cost: 0.1113, reader_cost: 0.00000, ips: 35.9299 samples/sec, max_mem_reserved: 922 MB, max_mem_allocated: 673 MB | ETA 00:28:55
[2026/10/07 12:22:16] INFO: [TRAIN] epoch: 6, iter: 2420/18000, loss: 2.9589, lr: 0.000052, batch_cost: 0.1119, reader_cost: 0.00000, ips: 35.7614 samples/sec, max_mem_reserved: 922 MB, max_mem_allocated: 673 MB | ETA 00:29:02
[2026/10/07 12:22:17] INFO: [TRAIN] epoch: 6, iter: 2430/18000, loss: 2.8329, lr: 0.000052, batch_cost: 0.1094, reader_cost: 0.00020, ips: 36.5566 samples/sec, max_mem_reserved: 922 MB, max_mem_allocated: 673 MB | ETA 00:28:23
[2026/10/07 12:22:19] INFO: [TRAIN] epoch: 6, iter: 2440/18000, loss: 3.5812, lr: 0.000052, batch_cost: 0.1141, reader_cost: 0.00000, ips: 35.0518 samples/sec, max_mem_reserved: 922 MB, max_mem_allocated: 673 MB | ETA 00:29:35
[2026/10/07 12:22:20] INFO: [TRAIN] epoch: 6, iter: 2450/18000, loss: 2.9998, lr: 0.000052, batch_cost: 0.1092, reader_cost: 0.00000, ips: 36.6279 samples/sec, max_mem_reserved: 922 MB, max_mem_allocated: 673 MB | ETA 00:28:18
[2026/10/07 12:22:21] INFO: [TRAIN] epoch: 6, iter: 2460/18000, loss: 3.4539, lr: 0.000052, batch_cost: 0.1119, reader_cost: 0.00010, ips: 35.7341 samples/sec, max_mem_reserved: 922 MB, max_mem_allocated: 673 MB | ETA 00:28:59
[2026/10/07 12:22:23] INFO: [TRAIN] epoch: 6, iter: 2470/18000, loss: 3.3921, lr: 0.000052, batch_cost: 0.1099, reader_cost: 0.00000, ips: 36.3954 samples/sec, max_mem_reserved: 922 MB, max_mem_allocated: 673 MB | ETA 00:28:26
[2026/10/07 12:22:24] INFO: [TRAIN] epoch: 6, iter: 2480/18000, loss: 3.0527, lr: 0.000052, batch_cost: 0.1095, reader_cost: 0.00000, ips: 36.5252 samples/sec, max_mem_reserved: 922 MB, max_mem_allocated: 673 MB | ETA 00:28:19
[2026/10/07 12:22:26] INFO: [TRAIN] epoch: 6, iter: 2490/18000, loss: 2.9621, lr: 0.000052, batch_cost: 0.1112, reader_cost: 0.00000, ips: 35.9618 samples/sec, max_mem_reserved: 922 MB, max_mem_allocated: 673 MB | ETA 00:28:45
[2026/10/07 12:22:27] INFO: [TRAIN] epoch: 6, iter: 2500/18000, loss: 2.9484, lr: 0.000052, batch_cost: 0.1077, reader_cost: 0.00010, ips: 37.1554 samples/sec, max_mem_reserved: 922 MB, max_mem_allocated: 673 MB | ETA 00:27:48
[2026/10/07 12:22:29] INFO: [TRAIN] epoch: 6, iter: 2510/18000, loss: 3.2887, lr: 0.000052, batch_cost: 0.1036, reader_cost: 0.00000, ips: 38.6098 samples/sec, max_mem_reserved: 922 MB, max_mem_allocated: 673 MB | ETA 00:26:44
[2026/10/07 12:22:30] INFO: [TRAIN] epoch: 6, iter: 2520/18000, loss: 3.4242, lr: 0.000052, batch_cost: 0.1047, reader_cost: 0.00010, ips: 38.2025 samples/sec, max_mem_reserved: 922 MB, max_mem_allocated: 673 MB | ETA 00:27:00
[2026/10/07 12:22:31] INFO: [TRAIN] epoch: 6, iter: 2530/18000, loss: 3.2952, lr: 0.000052, batch_cost: 0.1080, reader_cost: 0.00000, ips: 37.0238 samples/sec, max_mem_reserved: 922 MB, max_mem_allocated: 673 MB | ETA 00:27:51
[2026/10/07 12:22:33] INFO: [TRAIN] epoch: 6, iter: 2540/18000, loss: 3.1762, lr: 0.000052, batch_cost: 0.1076, reader_cost: 0.00000, ips: 37.1697 samples/sec, max_mem_reserved: 922 MB, max_mem_allocated: 673 MB | ETA 00:27:43
[2026/10/07 12:22:34] INFO: [TRAIN] epoch: 6, iter: 2550/18000, loss: 3.0055, lr: 0.000052, batch_cost: 0.1077, reader_cost: 0.00033, ips: 37.1246 samples/sec, max_mem_reserved: 922 MB, max_mem_allocated: 673 MB | ETA 00:27:44
[2026/10/07 12:22:36] INFO: [TRAIN] epoch: 6, iter: 2560/18000, loss: 3.5427, lr: 0.000051, batch_cost: 0.1061, reader_cost: 0.00030, ips: 37.6987 samples/sec, max_mem_reserved: 922 MB, max_mem_allocated: 673 MB | ETA 00:27:18
[2026/10/07 12:22:37] INFO: [TRAIN] epoch: 6, iter: 2570/18000, loss: 3.1164, lr: 0.000051, batch_cost: 0.1068, reader_cost: 0.00000, ips: 37.4499 samples/sec, max_mem_reserved: 922 MB, max_mem_allocated: 673 MB | ETA 00:27:28
[2026/10/07 12:22:38] INFO: [TRAIN] epoch: 6, iter: 2580/18000, loss: 3.3533, lr: 0.000051, batch_cost: 0.1061, reader_cost: 0.00010, ips: 37.7168 samples/sec, max_mem_reserved: 922 MB, max_mem_allocated: 673 MB | ETA 00:27:15
[2026/10/07 12:22:40] INFO: [TRAIN] epoch: 6, iter: 2590/18000, loss: 3.3819, lr: 0.000051, batch_cost: 0.1061, reader_cost: 0.00026, ips: 37.6882 samples/sec, max_mem_reserved: 922 MB, max_mem_allocated: 673 MB | ETA 00:27:15
[2026/10/07 12:22:41] INFO: [TRAIN] epoch: 6, iter: 2600/18000, loss: 3.1665, lr: 0.000051, batch_cost: 0.1065, reader_cost: 0.00010, ips: 37.5653 samples/sec, max_mem_reserved: 922 MB, max_mem_allocated: 673 MB | ETA 00:27:19
[2026/10/07 12:22:43] INFO: [TRAIN] epoch: 6, iter: 2610/18000, loss: 3.3008, lr: 0.000051, batch_cost: 0.1056, reader_cost: 0.00020, ips: 37.8659 samples/sec, max_mem_reserved: 922 MB, max_mem_allocated: 673 MB | ETA 00:27:05
[2026/10/07 12:22:44] INFO: [TRAIN] epoch: 6, iter: 2620/18000, loss: 3.2464, lr: 0.000051, batch_cost: 0.1072, reader_cost: 0.00006, ips: 37.3077 samples/sec, max_mem_reserved: 922 MB, max_mem_allocated: 673 MB | ETA 00:27:28
[2026/10/07 12:22:45] INFO: [TRAIN] epoch: 6, iter: 2630/18000, loss: 3.3199, lr: 0.000051, batch_cost: 0.1075, reader_cost: 0.00004, ips: 37.2260 samples/sec, max_mem_reserved: 922 MB, max_mem_allocated: 673 MB | ETA 00:27:31
[2026/10/07 12:22:47] INFO: [TRAIN] epoch: 6, iter: 2640/18000, loss: 3.1359, lr: 0.000051, batch_cost: 0.1067, reader_cost: 0.00010, ips: 37.4985 samples/sec, max_mem_reserved: 922 MB, max_mem_allocated: 673 MB | ETA 00:27:18
[2026/10/07 12:22:48] INFO: [TRAIN] epoch: 6, iter: 2650/18000, loss: 3.0839, lr: 0.000051, batch_cost: 0.1051, reader_cost: 0.00005, ips: 38.0588 samples/sec, max_mem_reserved: 922 MB, max_mem_allocated: 673 MB | ETA 00:26:53
[2026/10/07 12:22:50] INFO: [TRAIN] epoch: 6, iter: 2660/18000, loss: 2.7236, lr: 0.000051, batch_cost: 0.1047, reader_cost: 0.00010, ips: 38.2186 samples/sec, max_mem_reserved: 922 MB, max_mem_allocated: 673 MB | ETA 00:26:45
[2026/10/07 12:22:51] INFO: [TRAIN] epoch: 6, iter: 2670/18000, loss: 3.2739, lr: 0.000051, batch_cost: 0.1054, reader_cost: 0.00010, ips: 37.9494 samples/sec, max_mem_reserved: 922 MB, max_mem_allocated: 673 MB | ETA 00:26:55
[2026/10/07 12:22:52] INFO: [TRAIN] epoch: 6, iter: 2680/18000, loss: 3.5322, lr: 0.000051, batch_cost: 0.1064, reader_cost: 0.00005, ips: 37.5791 samples/sec, max_mem_reserved: 922 MB, max_mem_allocated: 673 MB | ETA 00:27:10
[2026/10/07 12:22:54] INFO: [TRAIN] epoch: 6, iter: 2690/18000, loss: 3.3520, lr: 0.000051, batch_cost: 0.1058, reader_cost: 0.00020, ips: 37.7939 samples/sec, max_mem_reserved: 922 MB, max_mem_allocated: 673 MB | ETA 00:27:00
[2026/10/07 12:22:55] INFO: [TRAIN] epoch: 6, iter: 2700/18000, loss: 3.1382, lr: 0.000051, batch_cost: 0.1061, reader_cost: 0.00010, ips: 37.6999 samples/sec, max_mem_reserved: 922 MB, max_mem_allocated: 673 MB | ETA 00:27:03
[2026/10/07 12:22:57] INFO: [TRAIN] epoch: 6, iter: 2710/18000, loss: 3.1296, lr: 0.000051, batch_cost: 0.1071, reader_cost: 0.00000, ips: 37.3528 samples/sec, max_mem_reserved: 922 MB, max_mem_allocated: 673 MB | ETA 00:27:17
[2026/10/07 12:22:58] INFO: [TRAIN] epoch: 6, iter: 2720/18000, loss: 3.1875, lr: 0.000051, batch_cost: 0.1051, reader_cost: 0.00000, ips: 38.0628 samples/sec, max_mem_reserved: 922 MB, max_mem_allocated: 673 MB | ETA 00:26:45
[2026/10/07 12:22:59] INFO: [TRAIN] epoch: 6, iter: 2730/18000, loss: 3.0660, lr: 0.000051, batch_cost: 0.1035, reader_cost: 0.00000, ips: 38.6348 samples/sec, max_mem_reserved: 922 MB, max_mem_allocated: 673 MB | ETA 00:26:20
[2026/10/07 12:23:01] INFO: [TRAIN] epoch: 6, iter: 2740/18000, loss: 3.4820, lr: 0.000051, batch_cost: 0.1094, reader_cost: 0.00020, ips: 36.5727 samples/sec, max_mem_reserved: 922 MB, max_mem_allocated: 673 MB | ETA 00:27:49
[2026/10/07 12:23:02] INFO: [TRAIN] epoch: 6, iter: 2750/18000, loss: 3.2584, lr: 0.000051, batch_cost: 0.1072, reader_cost: 0.00005, ips: 37.3011 samples/sec, max_mem_reserved: 922 MB, max_mem_allocated: 673 MB | ETA 00:27:15
[2026/10/07 12:23:04] INFO: [TRAIN] epoch: 6, iter: 2760/18000, loss: 3.2250, lr: 0.000051, batch_cost: 0.1047, reader_cost: 0.00005, ips: 38.2108 samples/sec, max_mem_reserved: 922 MB, max_mem_allocated: 673 MB | ETA 00:26:35
[2026/10/07 12:23:05] INFO: [TRAIN] epoch: 6, iter: 2770/18000, loss: 3.0485, lr: 0.000051, batch_cost: 0.1044, reader_cost: 0.00000, ips: 38.3222 samples/sec, max_mem_reserved: 922 MB, max_mem_allocated: 673 MB | ETA 00:26:29
[2026/10/07 12:23:06] INFO: [TRAIN] epoch: 6, iter: 2780/18000, loss: 3.0987, lr: 0.000051, batch_cost: 0.1081, reader_cost: 0.00000, ips: 37.0172 samples/sec, max_mem_reserved: 922 MB, max_mem_allocated: 673 MB | ETA 00:27:24
[2026/10/07 12:23:08] INFO: [TRAIN] epoch: 6, iter: 2790/18000, loss: 3.1991, lr: 0.000051, batch_cost: 0.1045, reader_cost: 0.00010, ips: 38.2665 samples/sec, max_mem_reserved: 922 MB, max_mem_allocated: 673 MB | ETA 00:26:29
[2026/10/07 12:23:09] INFO: [TRAIN] epoch: 6, iter: 2800/18000, loss: 3.0625, lr: 0.000051, batch_cost: 0.1060, reader_cost: 0.00045, ips: 37.7334 samples/sec, max_mem_reserved: 922 MB, max_mem_allocated: 673 MB | ETA 00:26:51
[2026/10/07 12:23:11] INFO: [TRAIN] epoch: 6, iter: 2810/18000, loss: 3.1614, lr: 0.000051, batch_cost: 0.1036, reader_cost: 0.00015, ips: 38.6177 samples/sec, max_mem_reserved: 922 MB, max_mem_allocated: 673 MB | ETA 00:26:13
[2026/10/07 12:23:12] INFO: [TRAIN] epoch: 6, iter: 2820/18000, loss: 3.1528, lr: 0.000051, batch_cost: 0.1103, reader_cost: 0.00000, ips: 36.2563 samples/sec, max_mem_reserved: 922 MB, max_mem_allocated: 673 MB | ETA 00:27:54
[2026/10/07 12:23:13] INFO: [TRAIN] epoch: 6, iter: 2830/18000, loss: 3.0916, lr: 0.000051, batch_cost: 0.1045, reader_cost: 0.00000, ips: 38.2610 samples/sec, max_mem_reserved: 922 MB, max_mem_allocated: 673 MB | ETA 00:26:25
[2026/10/07 12:23:15] INFO: [TRAIN] epoch: 6, iter: 2840/18000, loss: 3.3485, lr: 0.000051, batch_cost: 0.1037, reader_cost: 0.00024, ips: 38.5834 samples/sec, max_mem_reserved: 922 MB, max_mem_allocated: 673 MB | ETA 00:26:11
[2026/10/07 12:23:16] INFO: [TRAIN] epoch: 7, iter: 2850/18000, loss: 3.5127, lr: 0.000051, batch_cost: 0.1093, reader_cost: 0.00835, ips: 36.5977 samples/sec, max_mem_reserved: 922 MB, max_mem_allocated: 673 MB | ETA 00:27:35
[2026/10/07 12:23:18] INFO: [TRAIN] epoch: 7, iter: 2860/18000, loss: 3.5129, lr: 0.000050, batch_cost: 0.1081, reader_cost: 0.00000, ips: 37.0141 samples/sec, max_mem_reserved: 922 MB, max_mem_allocated: 673 MB | ETA 00:27:16
[2026/10/07 12:23:19] INFO: [TRAIN] epoch: 7, iter: 2870/18000, loss: 3.3740, lr: 0.000050, batch_cost: 0.1064, reader_cost: 0.00016, ips: 37.5770 samples/sec, max_mem_reserved: 922 MB, max_mem_allocated: 673 MB | ETA 00:26:50
[2026/10/07 12:23:21] INFO: [TRAIN] epoch: 7, iter: 2880/18000, loss: 3.2944, lr: 0.000050, batch_cost: 0.1062, reader_cost: 0.00010, ips: 37.6490 samples/sec, max_mem_reserved: 922 MB, max_mem_allocated: 673 MB | ETA 00:26:46
[2026/10/07 12:23:22] INFO: [TRAIN] epoch: 7, iter: 2890/18000, loss: 3.1980, lr: 0.000050, batch_cost: 0.1053, reader_cost: 0.00025, ips: 38.0010 samples/sec, max_mem_reserved: 922 MB, max_mem_allocated: 673 MB | ETA 00:26:30
[2026/10/07 12:23:23] INFO: [TRAIN] epoch: 7, iter: 2900/18000, loss: 3.1413, lr: 0.000050, batch_cost: 0.1046, reader_cost: 0.00005, ips: 38.2327 samples/sec, max_mem_reserved: 922 MB, max_mem_allocated: 673 MB | ETA 00:26:19
[2026/10/07 12:23:25] INFO: [TRAIN] epoch: 7, iter: 2910/18000, loss: 3.3570, lr: 0.000050, batch_cost: 0.1071, reader_cost: 0.00000, ips: 37.3455 samples/sec, max_mem_reserved: 922 MB, max_mem_allocated: 673 MB | ETA 00:26:56
[2026/10/07 12:23:26] INFO: [TRAIN] epoch: 7, iter: 2920/18000, loss: 3.2841, lr: 0.000050, batch_cost: 0.1041, reader_cost: 0.00015, ips: 38.4352 samples/sec, max_mem_reserved: 922 MB, max_mem_allocated: 673 MB | ETA 00:26:09
[2026/10/07 12:23:27] INFO: [TRAIN] epoch: 7, iter: 2930/18000, loss: 3.2766, lr: 0.000050, batch_cost: 0.1047, reader_cost: 0.00010, ips: 38.2096 samples/sec, max_mem_reserved: 922 MB, max_mem_allocated: 673 MB | ETA 00:26:17
[2026/10/07 12:23:29] INFO: [TRAIN] epoch: 7, iter: 2940/18000, loss: 3.1983, lr: 0.000050, batch_cost: 0.1061, reader_cost: 0.00014, ips: 37.7094 samples/sec, max_mem_reserved: 922 MB, max_mem_allocated: 673 MB | ETA 00:26:37
[2026/10/07 12:23:30] INFO: [TRAIN] epoch: 7, iter: 2950/18000, loss: 3.3527, lr: 0.000050, batch_cost: 0.1050, reader_cost: 0.00010, ips: 38.1063 samples/sec, max_mem_reserved: 922 MB, max_mem_allocated: 673 MB | ETA 00:26:19
[2026/10/07 12:23:32] INFO: [TRAIN] epoch: 7, iter: 2960/18000, loss: 3.0492, lr: 0.000050, batch_cost: 0.1033, reader_cost: 0.00010, ips: 38.7118 samples/sec, max_mem_reserved: 922 MB, max_mem_allocated: 673 MB | ETA 00:25:54
[2026/10/07 12:23:33] INFO: [TRAIN] epoch: 7, iter: 2970/18000, loss: 3.1057, lr: 0.000050, batch_cost: 0.1032, reader_cost: 0.00000, ips: 38.7772 samples/sec, max_mem_reserved: 922 MB, max_mem_allocated: 673 MB | ETA 00:25:50
[2026/10/07 12:23:34] INFO: [TRAIN] epoch: 7, iter: 2980/18000, loss: 3.0868, lr: 0.000050, batch_cost: 0.1079, reader_cost: 0.00015, ips: 37.0559 samples/sec, max_mem_reserved: 922 MB, max_mem_allocated: 673 MB | ETA 00:27:01
[2026/10/07 12:23:36] INFO: [TRAIN] epoch: 7, iter: 2990/18000, loss: 3.3227, lr: 0.000050, batch_cost: 0.1059, reader_cost: 0.00000, ips: 37.7649 samples/sec, max_mem_reserved: 922 MB, max_mem_allocated: 673 MB | ETA 00:26:29
[2026/10/07 12:23:37] INFO: [TRAIN] epoch: 7, iter: 3000/18000, loss: 3.2526, lr: 0.000050, batch_cost: 0.1041, reader_cost: 0.00010, ips: 38.4078 samples/sec, max_mem_reserved: 922 MB, max_mem_allocated: 673 MB | ETA 00:26:02
[2026/10/07 12:23:37] INFO: Start evaluating (total_samples: 348, total_iters: 348)...

  1/348 [..............................] - ETA: 12s - batch_cost: 0.0365 - reader cost: 0.0134
  4/348 [..............................] - ETA: 9s - batch_cost: 0.0264 - reader cost: 0.0036 
  7/348 [..............................] - ETA: 8s - batch_cost: 0.0236 - reader cost: 0.0021
 10/348 [..............................] - ETA: 7s - batch_cost: 0.0223 - reader cost: 0.0014
 13/348 [>.............................] - ETA: 7s - batch_cost: 0.0219 - reader cost: 0.0011
 16/348 [>.............................] - ETA: 7s - batch_cost: 0.0219 - reader cost: 9.0162e-04
 19/348 [>.............................] - ETA: 7s - batch_cost: 0.0217 - reader cost: 8.1199e-04
 22/348 [>.............................] - ETA: 6s - batch_cost: 0.0212 - reader cost: 7.0126e-04
 25/348 [=>............................] - ETA: 6s - batch_cost: 0.0211 - reader cost: 6.1711e-04
 28/348 [=>............................] - ETA: 6s - batch_cost: 0.0209 - reader cost: 5.5099e-04
 31/348 [=>............................] - ETA: 6s - batch_cost: 0.0209 - reader cost: 5.2989e-04
 34/348 [=>............................] - ETA: 6s - batch_cost: 0.0209 - reader cost: 4.8313e-04
 37/348 [==>...........................] - ETA: 6s - batch_cost: 0.0208 - reader cost: 4.4396e-04
 40/348 [==>...........................] - ETA: 6s - batch_cost: 0.0207 - reader cost: 4.1066e-04
 43/348 [==>...........................] - ETA: 6s - batch_cost: 0.0206 - reader cost: 3.8201e-04
 46/348 [==>...........................] - ETA: 6s - batch_cost: 0.0206 - reader cost: 3.7885e-04
 49/348 [===>..........................] - ETA: 6s - batch_cost: 0.0205 - reader cost: 3.5565e-04
 52/348 [===>..........................] - ETA: 6s - batch_cost: 0.0204 - reader cost: 3.3513e-04
 55/348 [===>..........................] - ETA: 6s - batch_cost: 0.0204 - reader cost: 3.1685e-04
 58/348 [====>.........................] - ETA: 5s - batch_cost: 0.0204 - reader cost: 3.1688e-04
 61/348 [====>.........................] - ETA: 5s - batch_cost: 0.0204 - reader cost: 3.0129e-04
 64/348 [====>.........................] - ETA: 5s - batch_cost: 0.0203 - reader cost: 2.8717e-04
 67/348 [====>.........................] - ETA: 5s - batch_cost: 0.0204 - reader cost: 2.7431e-04
 70/348 [=====>........................] - ETA: 5s - batch_cost: 0.0203 - reader cost: 2.6256e-04
 73/348 [=====>........................] - ETA: 5s - batch_cost: 0.0203 - reader cost: 2.6548e-04
 76/348 [=====>........................] - ETA: 5s - batch_cost: 0.0202 - reader cost: 2.5500e-04
 79/348 [=====>........................] - ETA: 5s - batch_cost: 0.0202 - reader cost: 2.4532e-04
 82/348 [======>.......................] - ETA: 5s - batch_cost: 0.0202 - reader cost: 2.3635e-04
 85/348 [======>.......................] - ETA: 5s - batch_cost: 0.0201 - reader cost: 2.2800e-04
 88/348 [======>.......................] - ETA: 5s - batch_cost: 0.0201 - reader cost: 2.2023e-04
 91/348 [======>.......................] - ETA: 5s - batch_cost: 0.0200 - reader cost: 2.3361e-04
 94/348 [=======>......................] - ETA: 5s - batch_cost: 0.0200 - reader cost: 2.2615e-04
 97/348 [=======>......................] - ETA: 5s - batch_cost: 0.0200 - reader cost: 2.3467e-04
100/348 [=======>......................] - ETA: 4s - batch_cost: 0.0200 - reader cost: 2.2763e-04
103/348 [=======>......................] - ETA: 4s - batch_cost: 0.0200 - reader cost: 2.2100e-04
106/348 [========>.....................] - ETA: 4s - batch_cost: 0.0200 - reader cost: 2.1474e-04
109/348 [========>.....................] - ETA: 4s - batch_cost: 0.0199 - reader cost: 2.0883e-04
112/348 [========>.....................] - ETA: 4s - batch_cost: 0.0199 - reader cost: 2.1216e-04
115/348 [========>.....................] - ETA: 4s - batch_cost: 0.0199 - reader cost: 2.0663e-04
118/348 [=========>....................] - ETA: 4s - batch_cost: 0.0199 - reader cost: 2.0137e-04
121/348 [=========>....................] - ETA: 4s - batch_cost: 0.0199 - reader cost: 1.9638e-04
124/348 [=========>....................] - ETA: 4s - batch_cost: 0.0199 - reader cost: 1.9163e-04
127/348 [=========>....................] - ETA: 4s - batch_cost: 0.0199 - reader cost: 1.8710e-04
130/348 [==========>...................] - ETA: 4s - batch_cost: 0.0199 - reader cost: 1.8279e-04
133/348 [==========>...................] - ETA: 4s - batch_cost: 0.0199 - reader cost: 1.7866e-04
136/348 [==========>...................] - ETA: 4s - batch_cost: 0.0199 - reader cost: 1.7472e-04
139/348 [==========>...................] - ETA: 4s - batch_cost: 0.0199 - reader cost: 1.7095e-04
142/348 [===========>..................] - ETA: 4s - batch_cost: 0.0198 - reader cost: 1.6734e-04
145/348 [===========>..................] - ETA: 4s - batch_cost: 0.0198 - reader cost: 1.7077e-04
148/348 [===========>..................] - ETA: 3s - batch_cost: 0.0198 - reader cost: 1.6731e-04
151/348 [============>.................] - ETA: 3s - batch_cost: 0.0197 - reader cost: 1.6398e-04
154/348 [============>.................] - ETA: 3s - batch_cost: 0.0197 - reader cost: 1.6079e-04
157/348 [============>.................] - ETA: 3s - batch_cost: 0.0197 - reader cost: 1.5771e-04
160/348 [============>.................] - ETA: 3s - batch_cost: 0.0197 - reader cost: 1.5476e-04
163/348 [=============>................] - ETA: 3s - batch_cost: 0.0197 - reader cost: 1.5191e-04
166/348 [=============>................] - ETA: 3s - batch_cost: 0.0197 - reader cost: 1.5510e-04
169/348 [=============>................] - ETA: 3s - batch_cost: 0.0197 - reader cost: 1.5235e-04
172/348 [=============>................] - ETA: 3s - batch_cost: 0.0197 - reader cost: 1.5554e-04
175/348 [==============>...............] - ETA: 3s - batch_cost: 0.0197 - reader cost: 1.5287e-04
178/348 [==============>...............] - ETA: 3s - batch_cost: 0.0196 - reader cost: 1.5030e-04
181/348 [==============>...............] - ETA: 3s - batch_cost: 0.0196 - reader cost: 1.4781e-04
184/348 [==============>...............] - ETA: 3s - batch_cost: 0.0196 - reader cost: 1.4540e-04
187/348 [===============>..............] - ETA: 3s - batch_cost: 0.0196 - reader cost: 1.4306e-04
190/348 [===============>..............] - ETA: 3s - batch_cost: 0.0196 - reader cost: 1.4080e-04
193/348 [===============>..............] - ETA: 3s - batch_cost: 0.0196 - reader cost: 1.4378e-04
196/348 [===============>..............] - ETA: 2s - batch_cost: 0.0196 - reader cost: 1.4657e-04
199/348 [================>.............] - ETA: 2s - batch_cost: 0.0196 - reader cost: 1.5093e-04
202/348 [================>.............] - ETA: 2s - batch_cost: 0.0196 - reader cost: 1.4869e-04
205/348 [================>.............] - ETA: 2s - batch_cost: 0.0196 - reader cost: 1.4954e-04
208/348 [================>.............] - ETA: 2s - batch_cost: 0.0196 - reader cost: 1.4739e-04
211/348 [=================>............] - ETA: 2s - batch_cost: 0.0196 - reader cost: 1.4529e-04
214/348 [=================>............] - ETA: 2s - batch_cost: 0.0196 - reader cost: 1.5259e-04
217/348 [=================>............] - ETA: 2s - batch_cost: 0.0196 - reader cost: 1.5275e-04
220/348 [=================>............] - ETA: 2s - batch_cost: 0.0196 - reader cost: 1.5067e-04
223/348 [==================>...........] - ETA: 2s - batch_cost: 0.0196 - reader cost: 1.4864e-04
226/348 [==================>...........] - ETA: 2s - batch_cost: 0.0196 - reader cost: 1.4667e-04
229/348 [==================>...........] - ETA: 2s - batch_cost: 0.0196 - reader cost: 1.4475e-04
232/348 [===================>..........] - ETA: 2s - batch_cost: 0.0196 - reader cost: 1.4287e-04
235/348 [===================>..........] - ETA: 2s - batch_cost: 0.0196 - reader cost: 1.4105e-04
238/348 [===================>..........] - ETA: 2s - batch_cost: 0.0196 - reader cost: 1.3927e-04
241/348 [===================>..........] - ETA: 2s - batch_cost: 0.0196 - reader cost: 1.3754e-04
244/348 [====================>.........] - ETA: 2s - batch_cost: 0.0196 - reader cost: 1.3990e-04
247/348 [====================>.........] - ETA: 1s - batch_cost: 0.0196 - reader cost: 1.3820e-04
250/348 [====================>.........] - ETA: 1s - batch_cost: 0.0196 - reader cost: 1.3655e-04
253/348 [====================>.........] - ETA: 1s - batch_cost: 0.0196 - reader cost: 1.3493e-04
256/348 [=====================>........] - ETA: 1s - batch_cost: 0.0196 - reader cost: 1.3335e-04
259/348 [=====================>........] - ETA: 1s - batch_cost: 0.0196 - reader cost: 1.3180e-04
262/348 [=====================>........] - ETA: 1s - batch_cost: 0.0196 - reader cost: 1.3029e-04
265/348 [=====================>........] - ETA: 1s - batch_cost: 0.0196 - reader cost: 1.2882e-04
268/348 [======================>.......] - ETA: 1s - batch_cost: 0.0196 - reader cost: 1.2738e-04
271/348 [======================>.......] - ETA: 1s - batch_cost: 0.0196 - reader cost: 1.2597e-04
274/348 [======================>.......] - ETA: 1s - batch_cost: 0.0196 - reader cost: 1.2459e-04
277/348 [======================>.......] - ETA: 1s - batch_cost: 0.0196 - reader cost: 1.2324e-04
280/348 [=======================>......] - ETA: 1s - batch_cost: 0.0196 - reader cost: 1.2192e-04
283/348 [=======================>......] - ETA: 1s - batch_cost: 0.0196 - reader cost: 1.2062e-04
286/348 [=======================>......] - ETA: 1s - batch_cost: 0.0196 - reader cost: 1.2289e-04
289/348 [=======================>......] - ETA: 1s - batch_cost: 0.0196 - reader cost: 1.2161e-04
292/348 [========================>.....] - ETA: 1s - batch_cost: 0.0196 - reader cost: 1.2037e-04
295/348 [========================>.....] - ETA: 1s - batch_cost: 0.0196 - reader cost: 1.1914e-04
298/348 [========================>.....] - ETA: 0s - batch_cost: 0.0196 - reader cost: 1.2132e-04
301/348 [========================>.....] - ETA: 0s - batch_cost: 0.0196 - reader cost: 1.2011e-04
304/348 [=========================>....] - ETA: 0s - batch_cost: 0.0196 - reader cost: 1.1892e-04
307/348 [=========================>....] - ETA: 0s - batch_cost: 0.0196 - reader cost: 1.1776e-04
310/348 [=========================>....] - ETA: 0s - batch_cost: 0.0196 - reader cost: 1.1662e-04
313/348 [=========================>....] - ETA: 0s - batch_cost: 0.0196 - reader cost: 1.1551e-04
316/348 [==========================>...] - ETA: 0s - batch_cost: 0.0196 - reader cost: 1.1441e-04
319/348 [==========================>...] - ETA: 0s - batch_cost: 0.0196 - reader cost: 1.1333e-04
322/348 [==========================>...] - ETA: 0s - batch_cost: 0.0196 - reader cost: 1.1228e-04
325/348 [===========================>..] - ETA: 0s - batch_cost: 0.0196 - reader cost: 1.1124e-04
328/348 [===========================>..] - ETA: 0s - batch_cost: 0.0196 - reader cost: 1.1022e-04
331/348 [===========================>..] - ETA: 0s - batch_cost: 0.0196 - reader cost: 1.0922e-04
334/348 [===========================>..] - ETA: 0s - batch_cost: 0.0196 - reader cost: 1.0824e-04
337/348 [============================>.] - ETA: 0s - batch_cost: 0.0196 - reader cost: 1.0728e-04
340/348 [============================>.] - ETA: 0s - batch_cost: 0.0196 - reader cost: 1.0633e-04
343/348 [============================>.] - ETA: 0s - batch_cost: 0.0196 - reader cost: 1.0540e-04
347/348 [============================>.] - ETA: 0s - batch_cost: 0.0196 - reader cost: 1.0419e-04
348/348 [==============================] - 7s 20ms/step - batch_cost: 0.0196 - reader cost: 1.0389e-04
[2026/10/07 12:23:44] INFO: [EVAL] #Images: 348 mIoU: 0.7829 Acc: 0.9735 Kappa: 0.7310 Dice: 0.8654
[2026/10/07 12:23:44] INFO: [EVAL] Class IoU: 
[0.9724 0.5934]
[2026/10/07 12:23:44] INFO: [EVAL] Class Precision: 
[0.9813 0.816 ]
[2026/10/07 12:23:44] INFO: [EVAL] Class Recall: 
[0.9908 0.6851]
[2026/10/07 12:23:44] INFO: Start evaluating (total_samples: 348, total_iters: 348)...

  1/348 [..............................] - ETA: 12s - batch_cost: 0.0361 - reader cost: 0.0129
  4/348 [..............................] - ETA: 9s - batch_cost: 0.0265 - reader cost: 0.0035 
  7/348 [..............................] - ETA: 8s - batch_cost: 0.0236 - reader cost: 0.0020
 10/348 [..............................] - ETA: 7s - batch_cost: 0.0223 - reader cost: 0.0014
 13/348 [>.............................] - ETA: 7s - batch_cost: 0.0215 - reader cost: 0.0011
 16/348 [>.............................] - ETA: 6s - batch_cost: 0.0209 - reader cost: 8.6966e-04
 19/348 [>.............................] - ETA: 6s - batch_cost: 0.0205 - reader cost: 7.3235e-04
 22/348 [>.............................] - ETA: 6s - batch_cost: 0.0203 - reader cost: 6.3248e-04
 25/348 [=>............................] - ETA: 6s - batch_cost: 0.0202 - reader cost: 5.5658e-04
 28/348 [=>............................] - ETA: 6s - batch_cost: 0.0202 - reader cost: 5.3264e-04
 31/348 [=>............................] - ETA: 6s - batch_cost: 0.0201 - reader cost: 4.8109e-04
 34/348 [=>............................] - ETA: 6s - batch_cost: 0.0200 - reader cost: 4.3864e-04
 37/348 [==>...........................] - ETA: 6s - batch_cost: 0.0199 - reader cost: 4.0308e-04
 40/348 [==>...........................] - ETA: 6s - batch_cost: 0.0198 - reader cost: 3.7284e-04
 43/348 [==>...........................] - ETA: 6s - batch_cost: 0.0197 - reader cost: 3.4683e-04
 46/348 [==>...........................] - ETA: 5s - batch_cost: 0.0197 - reader cost: 3.2421e-04
 49/348 [===>..........................] - ETA: 5s - batch_cost: 0.0196 - reader cost: 3.2476e-04
 52/348 [===>..........................] - ETA: 5s - batch_cost: 0.0196 - reader cost: 3.0602e-04
 55/348 [===>..........................] - ETA: 5s - batch_cost: 0.0196 - reader cost: 2.8933e-04
 58/348 [====>.........................] - ETA: 5s - batch_cost: 0.0197 - reader cost: 2.7437e-04
 61/348 [====>.........................] - ETA: 5s - batch_cost: 0.0197 - reader cost: 2.6087e-04
 64/348 [====>.........................] - ETA: 5s - batch_cost: 0.0196 - reader cost: 2.6409e-04
 67/348 [====>.........................] - ETA: 5s - batch_cost: 0.0196 - reader cost: 2.5226e-04
 70/348 [=====>........................] - ETA: 5s - batch_cost: 0.0196 - reader cost: 2.4145e-04
 73/348 [=====>........................] - ETA: 5s - batch_cost: 0.0196 - reader cost: 2.3153e-04
 76/348 [=====>........................] - ETA: 5s - batch_cost: 0.0196 - reader cost: 2.3541e-04
 79/348 [=====>........................] - ETA: 5s - batch_cost: 0.0196 - reader cost: 2.2647e-04
 82/348 [======>.......................] - ETA: 5s - batch_cost: 0.0197 - reader cost: 2.1818e-04
 85/348 [======>.......................] - ETA: 5s - batch_cost: 0.0197 - reader cost: 2.1048e-04
 88/348 [======>.......................] - ETA: 5s - batch_cost: 0.0197 - reader cost: 2.0331e-04
 91/348 [======>.......................] - ETA: 5s - batch_cost: 0.0198 - reader cost: 1.9660e-04
 94/348 [=======>......................] - ETA: 5s - batch_cost: 0.0198 - reader cost: 1.9033e-04
 97/348 [=======>......................] - ETA: 4s - batch_cost: 0.0198 - reader cost: 1.8444e-04
100/348 [=======>......................] - ETA: 4s - batch_cost: 0.0197 - reader cost: 1.7891e-04
103/348 [=======>......................] - ETA: 4s - batch_cost: 0.0197 - reader cost: 1.8345e-04
106/348 [========>.....................] - ETA: 4s - batch_cost: 0.0197 - reader cost: 1.7826e-04
109/348 [========>.....................] - ETA: 4s - batch_cost: 0.0197 - reader cost: 1.7335e-04
112/348 [========>.....................] - ETA: 4s - batch_cost: 0.0197 - reader cost: 1.7766e-04
115/348 [========>.....................] - ETA: 4s - batch_cost: 0.0197 - reader cost: 1.7303e-04
118/348 [=========>....................] - ETA: 4s - batch_cost: 0.0197 - reader cost: 1.6863e-04
121/348 [=========>....................] - ETA: 4s - batch_cost: 0.0197 - reader cost: 1.6445e-04
124/348 [=========>....................] - ETA: 4s - batch_cost: 0.0197 - reader cost: 1.6047e-04
127/348 [=========>....................] - ETA: 4s - batch_cost: 0.0197 - reader cost: 1.5668e-04
130/348 [==========>...................] - ETA: 4s - batch_cost: 0.0197 - reader cost: 1.5306e-04
133/348 [==========>...................] - ETA: 4s - batch_cost: 0.0197 - reader cost: 1.4961e-04
136/348 [==========>...................] - ETA: 4s - batch_cost: 0.0196 - reader cost: 1.4631e-04
139/348 [==========>...................] - ETA: 4s - batch_cost: 0.0196 - reader cost: 1.4315e-04
142/348 [===========>..................] - ETA: 4s - batch_cost: 0.0196 - reader cost: 1.4013e-04
145/348 [===========>..................] - ETA: 3s - batch_cost: 0.0196 - reader cost: 1.3723e-04
148/348 [===========>..................] - ETA: 3s - batch_cost: 0.0196 - reader cost: 1.3445e-04
151/348 [============>.................] - ETA: 3s - batch_cost: 0.0196 - reader cost: 1.3178e-04
154/348 [============>.................] - ETA: 3s - batch_cost: 0.0196 - reader cost: 1.2921e-04
157/348 [============>.................] - ETA: 3s - batch_cost: 0.0196 - reader cost: 1.2674e-04
160/348 [============>.................] - ETA: 3s - batch_cost: 0.0196 - reader cost: 1.3061e-04
163/348 [=============>................] - ETA: 3s - batch_cost: 0.0196 - reader cost: 1.2820e-04
166/348 [=============>................] - ETA: 3s - batch_cost: 0.0196 - reader cost: 1.2589e-04
169/348 [=============>................] - ETA: 3s - batch_cost: 0.0196 - reader cost: 1.2365e-04
172/348 [=============>................] - ETA: 3s - batch_cost: 0.0196 - reader cost: 1.2731e-04
175/348 [==============>...............] - ETA: 3s - batch_cost: 0.0196 - reader cost: 1.2513e-04
178/348 [==============>...............] - ETA: 3s - batch_cost: 0.0196 - reader cost: 1.2865e-04
181/348 [==============>...............] - ETA: 3s - batch_cost: 0.0196 - reader cost: 1.2652e-04
184/348 [==============>...............] - ETA: 3s - batch_cost: 0.0197 - reader cost: 1.2446e-04
187/348 [===============>..............] - ETA: 3s - batch_cost: 0.0197 - reader cost: 1.2246e-04
190/348 [===============>..............] - ETA: 3s - batch_cost: 0.0197 - reader cost: 1.2053e-04
193/348 [===============>..............] - ETA: 3s - batch_cost: 0.0197 - reader cost: 1.2384e-04
196/348 [===============>..............] - ETA: 3s - batch_cost: 0.0197 - reader cost: 1.2194e-04
199/348 [================>.............] - ETA: 2s - batch_cost: 0.0196 - reader cost: 1.2010e-04
202/348 [================>.............] - ETA: 2s - batch_cost: 0.0196 - reader cost: 1.1832e-04
205/348 [================>.............] - ETA: 2s - batch_cost: 0.0196 - reader cost: 1.1659e-04
208/348 [================>.............] - ETA: 2s - batch_cost: 0.0196 - reader cost: 1.1491e-04
211/348 [=================>............] - ETA: 2s - batch_cost: 0.0196 - reader cost: 1.1327e-04
214/348 [=================>............] - ETA: 2s - batch_cost: 0.0196 - reader cost: 1.1645e-04
217/348 [=================>............] - ETA: 2s - batch_cost: 0.0196 - reader cost: 1.1725e-04
220/348 [=================>............] - ETA: 2s - batch_cost: 0.0196 - reader cost: 1.1565e-04
223/348 [==================>...........] - ETA: 2s - batch_cost: 0.0196 - reader cost: 1.1857e-04
226/348 [==================>...........] - ETA: 2s - batch_cost: 0.0196 - reader cost: 1.1700e-04
229/348 [==================>...........] - ETA: 2s - batch_cost: 0.0196 - reader cost: 1.1984e-04
232/348 [===================>..........] - ETA: 2s - batch_cost: 0.0196 - reader cost: 1.1829e-04
235/348 [===================>..........] - ETA: 2s - batch_cost: 0.0196 - reader cost: 1.1678e-04
238/348 [===================>..........] - ETA: 2s - batch_cost: 0.0196 - reader cost: 1.1531e-04
241/348 [===================>..........] - ETA: 2s - batch_cost: 0.0196 - reader cost: 1.1387e-04
244/348 [====================>.........] - ETA: 2s - batch_cost: 0.0196 - reader cost: 1.1247e-04
247/348 [====================>.........] - ETA: 1s - batch_cost: 0.0196 - reader cost: 1.1111e-04
250/348 [====================>.........] - ETA: 1s - batch_cost: 0.0196 - reader cost: 1.0977e-04
253/348 [====================>.........] - ETA: 1s - batch_cost: 0.0196 - reader cost: 1.0847e-04
256/348 [=====================>........] - ETA: 1s - batch_cost: 0.0196 - reader cost: 1.0720e-04
259/348 [=====================>........] - ETA: 1s - batch_cost: 0.0196 - reader cost: 1.0596e-04
262/348 [=====================>........] - ETA: 1s - batch_cost: 0.0196 - reader cost: 1.0474e-04
265/348 [=====================>........] - ETA: 1s - batch_cost: 0.0196 - reader cost: 1.0356e-04
268/348 [======================>.......] - ETA: 1s - batch_cost: 0.0196 - reader cost: 1.0240e-04
271/348 [======================>.......] - ETA: 1s - batch_cost: 0.0196 - reader cost: 1.0865e-04
274/348 [======================>.......] - ETA: 1s - batch_cost: 0.0196 - reader cost: 1.0746e-04
277/348 [======================>.......] - ETA: 1s - batch_cost: 0.0196 - reader cost: 1.0629e-04
280/348 [=======================>......] - ETA: 1s - batch_cost: 0.0196 - reader cost: 1.0515e-04
283/348 [=======================>......] - ETA: 1s - batch_cost: 0.0196 - reader cost: 1.0758e-04
286/348 [=======================>......] - ETA: 1s - batch_cost: 0.0196 - reader cost: 1.0997e-04
289/348 [=======================>......] - ETA: 1s - batch_cost: 0.0196 - reader cost: 1.1577e-04
292/348 [========================>.....] - ETA: 1s - batch_cost: 0.0196 - reader cost: 1.1801e-04
295/348 [========================>.....] - ETA: 1s - batch_cost: 0.0196 - reader cost: 1.1681e-04
298/348 [========================>.....] - ETA: 0s - batch_cost: 0.0196 - reader cost: 1.1563e-04
301/348 [========================>.....] - ETA: 0s - batch_cost: 0.0196 - reader cost: 1.1448e-04
304/348 [=========================>....] - ETA: 0s - batch_cost: 0.0196 - reader cost: 1.1335e-04
307/348 [=========================>....] - ETA: 0s - batch_cost: 0.0196 - reader cost: 1.1552e-04
310/348 [=========================>....] - ETA: 0s - batch_cost: 0.0196 - reader cost: 1.1440e-04
313/348 [=========================>....] - ETA: 0s - batch_cost: 0.0196 - reader cost: 1.1650e-04
316/348 [==========================>...] - ETA: 0s - batch_cost: 0.0196 - reader cost: 1.1540e-04
319/348 [==========================>...] - ETA: 0s - batch_cost: 0.0196 - reader cost: 1.1431e-04
322/348 [==========================>...] - ETA: 0s - batch_cost: 0.0196 - reader cost: 1.1325e-04
325/348 [===========================>..] - ETA: 0s - batch_cost: 0.0196 - reader cost: 1.1220e-04
328/348 [===========================>..] - ETA: 0s - batch_cost: 0.0196 - reader cost: 1.1118e-04
331/348 [===========================>..] - ETA: 0s - batch_cost: 0.0196 - reader cost: 1.1320e-04
334/348 [===========================>..] - ETA: 0s - batch_cost: 0.0196 - reader cost: 1.1404e-04
337/348 [============================>.] - ETA: 0s - batch_cost: 0.0196 - reader cost: 1.1302e-04
340/348 [============================>.] - ETA: 0s - batch_cost: 0.0196 - reader cost: 1.1203e-04
343/348 [============================>.] - ETA: 0s - batch_cost: 0.0196 - reader cost: 1.1396e-04
346/348 [============================>.] - ETA: 0s - batch_cost: 0.0195 - reader cost: 1.1588e-04
348/348 [==============================] - 7s 20ms/step - batch_cost: 0.0195 - reader cost: 1.1521e-04
[2026/10/07 12:23:51] INFO: [EVAL] #Images: 348 mIoU: 0.7504 Acc: 0.9708 Kappa: 0.6789 Dice: 0.8392
[2026/10/07 12:23:51] INFO: [EVAL] Class IoU: 
[0.9698 0.5311]
[2026/10/07 12:23:51] INFO: [EVAL] Class Precision: 
[0.9757 0.8494]
[2026/10/07 12:23:51] INFO: [EVAL] Class Recall: 
[0.9938 0.5863]
[2026/10/07 12:23:51] INFO: [EVAL] The model with the best validation mIoU (0.7829) was saved at iter 3000.
[2026/10/07 12:23:51] INFO: [EVAL] The EMA model with the best validation mIoU (0.7504) was saved at iter 3000.
[2026/10/07 12:23:52] INFO: [TRAIN] epoch: 7, iter: 3010/18000, loss: 3.1252, lr: 0.000050, batch_cost: 0.1026, reader_cost: 0.00020, ips: 39.0017 samples/sec, max_mem_reserved: 922 MB, max_mem_allocated: 673 MB | ETA 00:25:37
[2026/10/07 12:23:54] INFO: [TRAIN] epoch: 7, iter: 3020/18000, loss: 3.2569, lr: 0.000050, batch_cost: 0.1061, reader_cost: 0.00020, ips: 37.6830 samples/sec, max_mem_reserved: 922 MB, max_mem_allocated: 673 MB | ETA 00:26:30
[2026/10/07 12:23:55] INFO: [TRAIN] epoch: 7, iter: 3030/18000, loss: 3.1227, lr: 0.000050, batch_cost: 0.1071, reader_cost: 0.00015, ips: 37.3489 samples/sec, max_mem_reserved: 922 MB, max_mem_allocated: 673 MB | ETA 00:26:43
[2026/10/07 12:23:57] INFO: [TRAIN] epoch: 7, iter: 3040/18000, loss: 3.0868, lr: 0.000050, batch_cost: 0.1067, reader_cost: 0.00000, ips: 37.4813 samples/sec, max_mem_reserved: 922 MB, max_mem_allocated: 673 MB | ETA 00:26:36
[2026/10/07 12:23:58] INFO: [TRAIN] epoch: 7, iter: 3050/18000, loss: 2.9969, lr: 0.000050, batch_cost: 0.1093, reader_cost: 0.00000, ips: 36.6035 samples/sec, max_mem_reserved: 922 MB, max_mem_allocated: 673 MB | ETA 00:27:13
[2026/10/07 12:23:59] INFO: [TRAIN] epoch: 7, iter: 3060/18000, loss: 3.2843, lr: 0.000050, batch_cost: 0.1090, reader_cost: 0.00020, ips: 36.7110 samples/sec, max_mem_reserved: 922 MB, max_mem_allocated: 673 MB | ETA 00:27:07
[2026/10/07 12:24:01] INFO: [TRAIN] epoch: 7, iter: 3070/18000, loss: 3.3019, lr: 0.000050, batch_cost: 0.1089, reader_cost: 0.00000, ips: 36.7182 samples/sec, max_mem_reserved: 922 MB, max_mem_allocated: 673 MB | ETA 00:27:06
[2026/10/07 12:24:02] INFO: [TRAIN] epoch: 7, iter: 3080/18000, loss: 3.1050, lr: 0.000050, batch_cost: 0.1063, reader_cost: 0.00020, ips: 37.6458 samples/sec, max_mem_reserved: 922 MB, max_mem_allocated: 673 MB | ETA 00:26:25
[2026/10/07 12:24:04] INFO: [TRAIN] epoch: 7, iter: 3090/18000, loss: 3.1156, lr: 0.000050, batch_cost: 0.1097, reader_cost: 0.00000, ips: 36.4655 samples/sec, max_mem_reserved: 922 MB, max_mem_allocated: 673 MB | ETA 00:27:15
[2026/10/07 12:24:05] INFO: [TRAIN] epoch: 7, iter: 3100/18000, loss: 2.9893, lr: 0.000050, batch_cost: 0.1049, reader_cost: 0.00010, ips: 38.1443 samples/sec, max_mem_reserved: 922 MB, max_mem_allocated: 673 MB | ETA 00:26:02
[2026/10/07 12:24:06] INFO: [TRAIN] epoch: 7, iter: 3110/18000, loss: 2.9740, lr: 0.000050, batch_cost: 0.0780, reader_cost: 0.00015, ips: 51.3035 samples/sec, max_mem_reserved: 922 MB, max_mem_allocated: 673 MB | ETA 00:19:20
[2026/10/07 12:24:07] INFO: [TRAIN] epoch: 7, iter: 3120/18000, loss: 3.1868, lr: 0.000050, batch_cost: 0.0695, reader_cost: 0.00010, ips: 57.5666 samples/sec, max_mem_reserved: 922 MB, max_mem_allocated: 673 MB | ETA 00:17:13
[2026/10/07 12:24:08] INFO: [TRAIN] epoch: 7, iter: 3130/18000, loss: 3.1741, lr: 0.000050, batch_cost: 0.0709, reader_cost: 0.00000, ips: 56.4128 samples/sec, max_mem_reserved: 922 MB, max_mem_allocated: 673 MB | ETA 00:17:34
[2026/10/07 12:24:09] INFO: [TRAIN] epoch: 7, iter: 3140/18000, loss: 2.9792, lr: 0.000050, batch_cost: 0.0707, reader_cost: 0.00010, ips: 56.5521 samples/sec, max_mem_reserved: 922 MB, max_mem_allocated: 673 MB | ETA 00:17:31
[2026/10/07 12:24:10] INFO: [TRAIN] epoch: 7, iter: 3150/18000, loss: 3.2244, lr: 0.000050, batch_cost: 0.0737, reader_cost: 0.00020, ips: 54.2487 samples/sec, max_mem_reserved: 922 MB, max_mem_allocated: 673 MB | ETA 00:18:14
[2026/10/07 12:24:10] INFO: [TRAIN] epoch: 7, iter: 3160/18000, loss: 3.4073, lr: 0.000049, batch_cost: 0.0676, reader_cost: 0.00025, ips: 59.2046 samples/sec, max_mem_reserved: 922 MB, max_mem_allocated: 673 MB | ETA 00:16:42
[2026/10/07 12:24:11] INFO: [TRAIN] epoch: 7, iter: 3170/18000, loss: 3.1946, lr: 0.000049, batch_cost: 0.0699, reader_cost: 0.00010, ips: 57.1975 samples/sec, max_mem_reserved: 922 MB, max_mem_allocated: 673 MB | ETA 00:17:17
[2026/10/07 12:24:12] INFO: [TRAIN] epoch: 7, iter: 3180/18000, loss: 3.1477, lr: 0.000049, batch_cost: 0.0685, reader_cost: 0.00000, ips: 58.4300 samples/sec, max_mem_reserved: 922 MB, max_mem_allocated: 673 MB | ETA 00:16:54
[2026/10/07 12:24:13] INFO: [TRAIN] epoch: 7, iter: 3190/18000, loss: 2.9588, lr: 0.000049, batch_cost: 0.0704, reader_cost: 0.00000, ips: 56.7834 samples/sec, max_mem_reserved: 922 MB, max_mem_allocated: 673 MB | ETA 00:17:23
[2026/10/07 12:24:14] INFO: [TRAIN] epoch: 7, iter: 3200/18000, loss: 3.1450, lr: 0.000049, batch_cost: 0.0709, reader_cost: 0.00000, ips: 56.4123 samples/sec, max_mem_reserved: 922 MB, max_mem_allocated: 673 MB | ETA 00:17:29
[2026/10/07 12:24:15] INFO: [TRAIN] epoch: 7, iter: 3210/18000, loss: 3.1142, lr: 0.000049, batch_cost: 0.0699, reader_cost: 0.00010, ips: 57.2540 samples/sec, max_mem_reserved: 922 MB, max_mem_allocated: 673 MB | ETA 00:17:13
[2026/10/07 12:24:16] INFO: [TRAIN] epoch: 7, iter: 3220/18000, loss: 2.8786, lr: 0.000049, batch_cost: 0.0710, reader_cost: 0.00000, ips: 56.3513 samples/sec, max_mem_reserved: 922 MB, max_mem_allocated: 673 MB | ETA 00:17:29
[2026/10/07 12:24:16] INFO: [TRAIN] epoch: 7, iter: 3230/18000, loss: 3.2681, lr: 0.000049, batch_cost: 0.0711, reader_cost: 0.00020, ips: 56.2762 samples/sec, max_mem_reserved: 922 MB, max_mem_allocated: 673 MB | ETA 00:17:29
[2026/10/07 12:24:17] INFO: [TRAIN] epoch: 7, iter: 3240/18000, loss: 2.8703, lr: 0.000049, batch_cost: 0.0719, reader_cost: 0.00000, ips: 55.6334 samples/sec, max_mem_reserved: 922 MB, max_mem_allocated: 673 MB | ETA 00:17:41
[2026/10/07 12:24:18] INFO: [TRAIN] epoch: 7, iter: 3250/18000, loss: 2.9311, lr: 0.000049, batch_cost: 0.0752, reader_cost: 0.00000, ips: 53.1641 samples/sec, max_mem_reserved: 922 MB, max_mem_allocated: 673 MB | ETA 00:18:29
[2026/10/07 12:24:19] INFO: [TRAIN] epoch: 7, iter: 3260/18000, loss: 3.4120, lr: 0.000049, batch_cost: 0.0685, reader_cost: 0.00010, ips: 58.3913 samples/sec, max_mem_reserved: 922 MB, max_mem_allocated: 673 MB | ETA 00:16:49
[2026/10/07 12:24:20] INFO: [TRAIN] epoch: 7, iter: 3270/18000, loss: 2.8362, lr: 0.000049, batch_cost: 0.0703, reader_cost: 0.00000, ips: 56.8668 samples/sec, max_mem_reserved: 922 MB, max_mem_allocated: 673 MB | ETA 00:17:16
[2026/10/07 12:24:21] INFO: [TRAIN] epoch: 7, iter: 3280/18000, loss: 3.4090, lr: 0.000049, batch_cost: 0.0685, reader_cost: 0.00000, ips: 58.3684 samples/sec, max_mem_reserved: 922 MB, max_mem_allocated: 673 MB | ETA 00:16:48
[2026/10/07 12:24:22] INFO: [TRAIN] epoch: 7, iter: 3290/18000, loss: 3.1968, lr: 0.000049, batch_cost: 0.0691, reader_cost: 0.00010, ips: 57.8495 samples/sec, max_mem_reserved: 922 MB, max_mem_allocated: 673 MB | ETA 00:16:57
[2026/10/07 12:24:23] INFO: [TRAIN] epoch: 7, iter: 3300/18000, loss: 2.9923, lr: 0.000049, batch_cost: 0.0697, reader_cost: 0.00000, ips: 57.3799 samples/sec, max_mem_reserved: 922 MB, max_mem_allocated: 673 MB | ETA 00:17:04
[2026/10/07 12:24:23] INFO: [TRAIN] epoch: 7, iter: 3310/18000, loss: 3.3535, lr: 0.000049, batch_cost: 0.0694, reader_cost: 0.00000, ips: 57.6547 samples/sec, max_mem_reserved: 922 MB, max_mem_allocated: 673 MB | ETA 00:16:59
[2026/10/07 12:24:24] INFO: [TRAIN] epoch: 8, iter: 3320/18000, loss: 3.1577, lr: 0.000049, batch_cost: 0.0672, reader_cost: 0.00438, ips: 59.4926 samples/sec, max_mem_reserved: 922 MB, max_mem_allocated: 673 MB | ETA 00:16:27
[2026/10/07 12:24:25] INFO: [TRAIN] epoch: 8, iter: 3330/18000, loss: 3.1927, lr: 0.000049, batch_cost: 0.0701, reader_cost: 0.00010, ips: 57.0552 samples/sec, max_mem_reserved: 922 MB, max_mem_allocated: 673 MB | ETA 00:17:08
[2026/10/07 12:24:26] INFO: [TRAIN] epoch: 8, iter: 3340/18000, loss: 3.1209, lr: 0.000049, batch_cost: 0.0716, reader_cost: 0.00020, ips: 55.8477 samples/sec, max_mem_reserved: 922 MB, max_mem_allocated: 673 MB | ETA 00:17:29
[2026/10/07 12:24:27] INFO: [TRAIN] epoch: 8, iter: 3350/18000, loss: 2.7514, lr: 0.000049, batch_cost: 0.0770, reader_cost: 0.00025, ips: 51.9144 samples/sec, max_mem_reserved: 922 MB, max_mem_allocated: 673 MB | ETA 00:18:48
[2026/10/07 12:24:28] INFO: [TRAIN] epoch: 8, iter: 3360/18000, loss: 3.2111, lr: 0.000049, batch_cost: 0.0779, reader_cost: 0.00010, ips: 51.3537 samples/sec, max_mem_reserved: 922 MB, max_mem_allocated: 673 MB | ETA 00:19:00
[2026/10/07 12:24:29] INFO: [TRAIN] epoch: 8, iter: 3370/18000, loss: 3.1276, lr: 0.000049, batch_cost: 0.0775, reader_cost: 0.00010, ips: 51.5879 samples/sec, max_mem_reserved: 922 MB, max_mem_allocated: 673 MB | ETA 00:18:54
[2026/10/07 12:24:30] INFO: [TRAIN] epoch: 8, iter: 3380/18000, loss: 3.0697, lr: 0.000049, batch_cost: 0.0994, reader_cost: 0.00000, ips: 40.2375 samples/sec, max_mem_reserved: 922 MB, max_mem_allocated: 673 MB | ETA 00:24:13
[2026/10/07 12:24:32] INFO: [TRAIN] epoch: 8, iter: 3390/18000, loss: 3.1727, lr: 0.000049, batch_cost: 0.1084, reader_cost: 0.00010, ips: 36.8851 samples/sec, max_mem_reserved: 922 MB, max_mem_allocated: 673 MB | ETA 00:26:24
[2026/10/07 12:24:33] INFO: [TRAIN] epoch: 8, iter: 3400/18000, loss: 3.0553, lr: 0.000049, batch_cost: 0.1057, reader_cost: 0.00000, ips: 37.8533 samples/sec, max_mem_reserved: 922 MB, max_mem_allocated: 673 MB | ETA 00:25:42
[2026/10/07 12:24:34] INFO: [TRAIN] epoch: 8, iter: 3410/18000, loss: 3.3758, lr: 0.000049, batch_cost: 0.1057, reader_cost: 0.00010, ips: 37.8493 samples/sec, max_mem_reserved: 922 MB, max_mem_allocated: 673 MB | ETA 00:25:41
[2026/10/07 12:24:36] INFO: [TRAIN] epoch: 8, iter: 3420/18000, loss: 3.0079, lr: 0.000049, batch_cost: 0.1067, reader_cost: 0.00010, ips: 37.4777 samples/sec, max_mem_reserved: 922 MB, max_mem_allocated: 673 MB | ETA 00:25:56
[2026/10/07 12:24:37] INFO: [TRAIN] epoch: 8, iter: 3430/18000, loss: 3.3848, lr: 0.000049, batch_cost: 0.1049, reader_cost: 0.00045, ips: 38.1363 samples/sec, max_mem_reserved: 922 MB, max_mem_allocated: 673 MB | ETA 00:25:28
[2026/10/07 12:24:39] INFO: [TRAIN] epoch: 8, iter: 3440/18000, loss: 3.2073, lr: 0.000049, batch_cost: 0.1062, reader_cost: 0.00000, ips: 37.6557 samples/sec, max_mem_reserved: 922 MB, max_mem_allocated: 673 MB | ETA 00:25:46
[2026/10/07 12:24:40] INFO: [TRAIN] epoch: 8, iter: 3450/18000, loss: 3.0690, lr: 0.000049, batch_cost: 0.0788, reader_cost: 0.00005, ips: 50.7608 samples/sec, max_mem_reserved: 922 MB, max_mem_allocated: 673 MB | ETA 00:19:06
[2026/10/07 12:24:40] INFO: [TRAIN] epoch: 8, iter: 3460/18000, loss: 3.1764, lr: 0.000048, batch_cost: 0.0734, reader_cost: 0.00020, ips: 54.5048 samples/sec, max_mem_reserved: 922 MB, max_mem_allocated: 673 MB | ETA 00:17:47
[2026/10/07 12:24:41] INFO: [TRAIN] epoch: 8, iter: 3470/18000, loss: 3.4157, lr: 0.000048, batch_cost: 0.0716, reader_cost: 0.00010, ips: 55.8443 samples/sec, max_mem_reserved: 922 MB, max_mem_allocated: 673 MB | ETA 00:17:20
[2026/10/07 12:24:42] INFO: [TRAIN] epoch: 8, iter: 3480/18000, loss: 3.0094, lr: 0.000048, batch_cost: 0.0722, reader_cost: 0.00010, ips: 55.4294 samples/sec, max_mem_reserved: 922 MB, max_mem_allocated: 673 MB | ETA 00:17:27
[2026/10/07 12:24:43] INFO: [TRAIN] epoch: 8, iter: 3490/18000, loss: 2.9952, lr: 0.000048, batch_cost: 0.0710, reader_cost: 0.00000, ips: 56.3703 samples/sec, max_mem_reserved: 922 MB, max_mem_allocated: 673 MB | ETA 00:17:09
[2026/10/07 12:24:44] INFO: [TRAIN] epoch: 8, iter: 3500/18000, loss: 3.1732, lr: 0.000048, batch_cost: 0.0714, reader_cost: 0.00000, ips: 56.0052 samples/sec, max_mem_reserved: 922 MB, max_mem_allocated: 673 MB | ETA 00:17:15
[2026/10/07 12:24:45] INFO: [TRAIN] epoch: 8, iter: 3510/18000, loss: 3.2576, lr: 0.000048, batch_cost: 0.0727, reader_cost: 0.00010, ips: 55.0198 samples/sec, max_mem_reserved: 922 MB, max_mem_allocated: 673 MB | ETA 00:17:33
[2026/10/07 12:24:46] INFO: [TRAIN] epoch: 8, iter: 3520/18000, loss: 3.0145, lr: 0.000048, batch_cost: 0.0690, reader_cost: 0.00000, ips: 57.9814 samples/sec, max_mem_reserved: 922 MB, max_mem_allocated: 673 MB | ETA 00:16:38
[2026/10/07 12:24:47] INFO: [TRAIN] epoch: 8, iter: 3530/18000, loss: 3.6864, lr: 0.000048, batch_cost: 0.0683, reader_cost: 0.00000, ips: 58.5501 samples/sec, max_mem_reserved: 922 MB, max_mem_allocated: 673 MB | ETA 00:16:28
[2026/10/07 12:24:47] INFO: [TRAIN] epoch: 8, iter: 3540/18000, loss: 3.0922, lr: 0.000048, batch_cost: 0.0698, reader_cost: 0.00000, ips: 57.2721 samples/sec, max_mem_reserved: 922 MB, max_mem_allocated: 673 MB | ETA 00:16:49
[2026/10/07 12:24:48] INFO: [TRAIN] epoch: 8, iter: 3550/18000, loss: 3.1445, lr: 0.000048, batch_cost: 0.0706, reader_cost: 0.00000, ips: 56.6483 samples/sec, max_mem_reserved: 922 MB, max_mem_allocated: 673 MB | ETA 00:17:00
[2026/10/07 12:24:49] INFO: [TRAIN] epoch: 8, iter: 3560/18000, loss: 3.1830, lr: 0.000048, batch_cost: 0.0709, reader_cost: 0.00020, ips: 56.4343 samples/sec, max_mem_reserved: 922 MB, max_mem_allocated: 673 MB | ETA 00:17:03
[2026/10/07 12:24:50] INFO: [TRAIN] epoch: 8, iter: 3570/18000, loss: 3.5503, lr: 0.000048, batch_cost: 0.0702, reader_cost: 0.00020, ips: 56.9451 samples/sec, max_mem_reserved: 922 MB, max_mem_allocated: 673 MB | ETA 00:16:53
[2026/10/07 12:24:51] INFO: [TRAIN] epoch: 8, iter: 3580/18000, loss: 3.3964, lr: 0.000048, batch_cost: 0.0697, reader_cost: 0.00000, ips: 57.4197 samples/sec, max_mem_reserved: 922 MB, max_mem_allocated: 673 MB | ETA 00:16:44
[2026/10/07 12:24:52] INFO: [TRAIN] epoch: 8, iter: 3590/18000, loss: 2.9642, lr: 0.000048, batch_cost: 0.0700, reader_cost: 0.00010, ips: 57.1022 samples/sec, max_mem_reserved: 922 MB, max_mem_allocated: 673 MB | ETA 00:16:49
[2026/10/07 12:24:53] INFO: [TRAIN] epoch: 8, iter: 3600/18000, loss: 2.9817, lr: 0.000048, batch_cost: 0.0704, reader_cost: 0.00010, ips: 56.8556 samples/sec, max_mem_reserved: 922 MB, max_mem_allocated: 673 MB | ETA 00:16:53
[2026/10/07 12:24:54] INFO: [TRAIN] epoch: 8, iter: 3610/18000, loss: 3.0781, lr: 0.000048, batch_cost: 0.0730, reader_cost: 0.00000, ips: 54.8229 samples/sec, max_mem_reserved: 922 MB, max_mem_allocated: 673 MB | ETA 00:17:29
[2026/10/07 12:24:54] INFO: [TRAIN] epoch: 8, iter: 3620/18000, loss: 3.4677, lr: 0.000048, batch_cost: 0.0706, reader_cost: 0.00020, ips: 56.6400 samples/sec, max_mem_reserved: 922 MB, max_mem_allocated: 673 MB | ETA 00:16:55
[2026/10/07 12:24:55] INFO: [TRAIN] epoch: 8, iter: 3630/18000, loss: 3.1591, lr: 0.000048, batch_cost: 0.0696, reader_cost: 0.00000, ips: 57.4471 samples/sec, max_mem_reserved: 922 MB, max_mem_allocated: 673 MB | ETA 00:16:40
[2026/10/07 12:24:56] INFO: [TRAIN] epoch: 8, iter: 3640/18000, loss: 3.2311, lr: 0.000048, batch_cost: 0.0688, reader_cost: 0.00020, ips: 58.1034 samples/sec, max_mem_reserved: 922 MB, max_mem_allocated: 673 MB | ETA 00:16:28
[2026/10/07 12:24:57] INFO: [TRAIN] epoch: 8, iter: 3650/18000, loss: 3.2916, lr: 0.000048, batch_cost: 0.0687, reader_cost: 0.00010, ips: 58.1823 samples/sec, max_mem_reserved: 922 MB, max_mem_allocated: 673 MB | ETA 00:16:26
[2026/10/07 12:24:58] INFO: [TRAIN] epoch: 8, iter: 3660/18000, loss: 3.1648, lr: 0.000048, batch_cost: 0.0726, reader_cost: 0.00000, ips: 55.1329 samples/sec, max_mem_reserved: 922 MB, max_mem_allocated: 673 MB | ETA 00:17:20
[2026/10/07 12:24:59] INFO: [TRAIN] epoch: 8, iter: 3670/18000, loss: 2.8772, lr: 0.000048, batch_cost: 0.0907, reader_cost: 0.00000, ips: 44.0968 samples/sec, max_mem_reserved: 922 MB, max_mem_allocated: 673 MB | ETA 00:21:39
[2026/10/07 12:25:00] INFO: [TRAIN] epoch: 8, iter: 3680/18000, loss: 3.4469, lr: 0.000048, batch_cost: 0.0752, reader_cost: 0.00015, ips: 53.1591 samples/sec, max_mem_reserved: 922 MB, max_mem_allocated: 673 MB | ETA 00:17:57
[2026/10/07 12:25:01] INFO: [TRAIN] epoch: 8, iter: 3690/18000, loss: 3.3349, lr: 0.000048, batch_cost: 0.0717, reader_cost: 0.00010, ips: 55.8076 samples/sec, max_mem_reserved: 922 MB, max_mem_allocated: 673 MB | ETA 00:17:05
[2026/10/07 12:25:02] INFO: [TRAIN] epoch: 8, iter: 3700/18000, loss: 3.0531, lr: 0.000048, batch_cost: 0.0739, reader_cost: 0.00010, ips: 54.1191 samples/sec, max_mem_reserved: 922 MB, max_mem_allocated: 673 MB | ETA 00:17:36
[2026/10/07 12:25:03] INFO: [TRAIN] epoch: 8, iter: 3710/18000, loss: 3.1570, lr: 0.000048, batch_cost: 0.0725, reader_cost: 0.00000, ips: 55.1848 samples/sec, max_mem_reserved: 922 MB, max_mem_allocated: 673 MB | ETA 00:17:15
[2026/10/07 12:25:03] INFO: [TRAIN] epoch: 8, iter: 3720/18000, loss: 2.9379, lr: 0.000048, batch_cost: 0.0741, reader_cost: 0.00015, ips: 53.9893 samples/sec, max_mem_reserved: 922 MB, max_mem_allocated: 673 MB | ETA 00:17:37
[2026/10/07 12:25:04] INFO: [TRAIN] epoch: 8, iter: 3730/18000, loss: 3.1726, lr: 0.000048, batch_cost: 0.0819, reader_cost: 0.00010, ips: 48.8140 samples/sec, max_mem_reserved: 922 MB, max_mem_allocated: 673 MB | ETA 00:19:29
[2026/10/07 12:25:05] INFO: [TRAIN] epoch: 8, iter: 3740/18000, loss: 3.2518, lr: 0.000048, batch_cost: 0.0712, reader_cost: 0.00010, ips: 56.1510 samples/sec, max_mem_reserved: 922 MB, max_mem_allocated: 673 MB | ETA 00:16:55
[2026/10/07 12:25:06] INFO: [TRAIN] epoch: 8, iter: 3750/18000, loss: 2.7217, lr: 0.000048, batch_cost: 0.0708, reader_cost: 0.00010, ips: 56.4604 samples/sec, max_mem_reserved: 922 MB, max_mem_allocated: 673 MB | ETA 00:16:49
[2026/10/07 12:25:07] INFO: [TRAIN] epoch: 8, iter: 3760/18000, loss: 2.9235, lr: 0.000047, batch_cost: 0.0725, reader_cost: 0.00017, ips: 55.2076 samples/sec, max_mem_reserved: 922 MB, max_mem_allocated: 673 MB | ETA 00:17:11
[2026/10/07 12:25:08] INFO: [TRAIN] epoch: 8, iter: 3770/18000, loss: 2.9784, lr: 0.000047, batch_cost: 0.0739, reader_cost: 0.00000, ips: 54.0961 samples/sec, max_mem_reserved: 922 MB, max_mem_allocated: 673 MB | ETA 00:17:32
[2026/10/07 12:25:09] INFO: [TRAIN] epoch: 8, iter: 3780/18000, loss: 3.2251, lr: 0.000047, batch_cost: 0.0722, reader_cost: 0.00000, ips: 55.3732 samples/sec, max_mem_reserved: 922 MB, max_mem_allocated: 673 MB | ETA 00:17:07
[2026/10/07 12:25:10] INFO: [TRAIN] epoch: 8, iter: 3790/18000, loss: 3.3980, lr: 0.000047, batch_cost: 0.0744, reader_cost: 0.00006, ips: 53.7705 samples/sec, max_mem_reserved: 922 MB, max_mem_allocated: 673 MB | ETA 00:17:37
[2026/10/07 12:25:11] INFO: [TRAIN] epoch: 9, iter: 3800/18000, loss: 3.2760, lr: 0.000047, batch_cost: 0.0788, reader_cost: 0.00410, ips: 50.7932 samples/sec, max_mem_reserved: 922 MB, max_mem_allocated: 673 MB | ETA 00:18:38
[2026/10/07 12:25:12] INFO: [TRAIN] epoch: 9, iter: 3810/18000, loss: 3.0002, lr: 0.000047, batch_cost: 0.0744, reader_cost: 0.00020, ips: 53.7761 samples/sec, max_mem_reserved: 922 MB, max_mem_allocated: 673 MB | ETA 00:17:35
[2026/10/07 12:25:13] INFO: [TRAIN] epoch: 9, iter: 3820/18000, loss: 3.2465, lr: 0.000047, batch_cost: 0.0730, reader_cost: 0.00021, ips: 54.7644 samples/sec, max_mem_reserved: 922 MB, max_mem_allocated: 673 MB | ETA 00:17:15
[2026/10/07 12:25:13] INFO: [TRAIN] epoch: 9, iter: 3830/18000, loss: 3.3227, lr: 0.000047, batch_cost: 0.0667, reader_cost: 0.00020, ips: 60.0092 samples/sec, max_mem_reserved: 922 MB, max_mem_allocated: 673 MB | ETA 00:15:44
[2026/10/07 12:25:14] INFO: [TRAIN] epoch: 9, iter: 3840/18000, loss: 2.9459, lr: 0.000047, batch_cost: 0.0694, reader_cost: 0.00010, ips: 57.6684 samples/sec, max_mem_reserved: 922 MB, max_mem_allocated: 673 MB | ETA 00:16:22
[2026/10/07 12:25:15] INFO: [TRAIN] epoch: 9, iter: 3850/18000, loss: 3.2260, lr: 0.000047, batch_cost: 0.0679, reader_cost: 0.00000, ips: 58.9196 samples/sec, max_mem_reserved: 922 MB, max_mem_allocated: 673 MB | ETA 00:16:00
[2026/10/07 12:25:16] INFO: [TRAIN] epoch: 9, iter: 3860/18000, loss: 3.0268, lr: 0.000047, batch_cost: 0.0695, reader_cost: 0.00000, ips: 57.5808 samples/sec, max_mem_reserved: 922 MB, max_mem_allocated: 673 MB | ETA 00:16:22
[2026/10/07 12:25:17] INFO: [TRAIN] epoch: 9, iter: 3870/18000, loss: 3.3548, lr: 0.000047, batch_cost: 0.0713, reader_cost: 0.00010, ips: 56.1016 samples/sec, max_mem_reserved: 922 MB, max_mem_allocated: 673 MB | ETA 00:16:47
[2026/10/07 12:25:18] INFO: [TRAIN] epoch: 9, iter: 3880/18000, loss: 2.9223, lr: 0.000047, batch_cost: 0.0705, reader_cost: 0.00000, ips: 56.7468 samples/sec, max_mem_reserved: 922 MB, max_mem_allocated: 673 MB | ETA 00:16:35
[2026/10/07 12:25:19] INFO: [TRAIN] epoch: 9, iter: 3890/18000, loss: 3.0621, lr: 0.000047, batch_cost: 0.0682, reader_cost: 0.00000, ips: 58.6308 samples/sec, max_mem_reserved: 922 MB, max_mem_allocated: 673 MB | ETA 00:16:02
[2026/10/07 12:25:19] INFO: [TRAIN] epoch: 9, iter: 3900/18000, loss: 3.1496, lr: 0.000047, batch_cost: 0.0694, reader_cost: 0.00010, ips: 57.6087 samples/sec, max_mem_reserved: 922 MB, max_mem_allocated: 673 MB | ETA 00:16:19
[2026/10/07 12:25:20] INFO: [TRAIN] epoch: 9, iter: 3910/18000, loss: 3.1695, lr: 0.000047, batch_cost: 0.0688, reader_cost: 0.00000, ips: 58.1636 samples/sec, max_mem_reserved: 922 MB, max_mem_allocated: 673 MB | ETA 00:16:08
[2026/10/07 12:25:21] INFO: [TRAIN] epoch: 9, iter: 3920/18000, loss: 3.2295, lr: 0.000047, batch_cost: 0.0741, reader_cost: 0.00020, ips: 53.9718 samples/sec, max_mem_reserved: 922 MB, max_mem_allocated: 673 MB | ETA 00:17:23
[2026/10/07 12:25:22] INFO: [TRAIN] epoch: 9, iter: 3930/18000, loss: 3.1359, lr: 0.000047, batch_cost: 0.0684, reader_cost: 0.00000, ips: 58.4875 samples/sec, max_mem_reserved: 922 MB, max_mem_allocated: 673 MB | ETA 00:16:02
[2026/10/07 12:25:23] INFO: [TRAIN] epoch: 9, iter: 3940/18000, loss: 3.0053, lr: 0.000047, batch_cost: 0.0705, reader_cost: 0.00020, ips: 56.7776 samples/sec, max_mem_reserved: 922 MB, max_mem_allocated: 673 MB | ETA 00:16:30
[2026/10/07 12:25:24] INFO: [TRAIN] epoch: 9, iter: 3950/18000, loss: 3.2976, lr: 0.000047, batch_cost: 0.0702, reader_cost: 0.00025, ips: 56.9758 samples/sec, max_mem_reserved: 922 MB, max_mem_allocated: 673 MB | ETA 00:16:26
[2026/10/07 12:25:25] INFO: [TRAIN] epoch: 9, iter: 3960/18000, loss: 3.3801, lr: 0.000047, batch_cost: 0.0702, reader_cost: 0.00000, ips: 56.9699 samples/sec, max_mem_reserved: 922 MB, max_mem_allocated: 673 MB | ETA 00:16:25
[2026/10/07 12:25:25] INFO: [TRAIN] epoch: 9, iter: 3970/18000, loss: 3.3882, lr: 0.000047, batch_cost: 0.0713, reader_cost: 0.00025, ips: 56.0888 samples/sec, max_mem_reserved: 922 MB, max_mem_allocated: 673 MB | ETA 00:16:40
[2026/10/07 12:25:26] INFO: [TRAIN] epoch: 9, iter: 3980/18000, loss: 2.9661, lr: 0.000047, batch_cost: 0.0698, reader_cost: 0.00000, ips: 57.2906 samples/sec, max_mem_reserved: 922 MB, max_mem_allocated: 673 MB | ETA 00:16:18
[2026/10/07 12:25:27] INFO: [TRAIN] epoch: 9, iter: 3990/18000, loss: 3.0304, lr: 0.000047, batch_cost: 0.0714, reader_cost: 0.00010, ips: 56.0075 samples/sec, max_mem_reserved: 922 MB, max_mem_allocated: 673 MB | ETA 00:16:40
[2026/10/07 12:25:28] INFO: [TRAIN] epoch: 9, iter: 4000/18000, loss: 2.4889, lr: 0.000047, batch_cost: 0.0714, reader_cost: 0.00010, ips: 55.9972 samples/sec, max_mem_reserved: 922 MB, max_mem_allocated: 673 MB | ETA 00:16:40
[2026/10/07 12:25:28] INFO: Start evaluating (total_samples: 348, total_iters: 348)...

  1/348 [..............................] - ETA: 6s - batch_cost: 0.0197 - reader cost: 0.0080
  5/348 [..............................] - ETA: 5s - batch_cost: 0.0153 - reader cost: 0.0016
 10/348 [..............................] - ETA: 4s - batch_cost: 0.0133 - reader cost: 8.0378e-04
 14/348 [>.............................] - ETA: 4s - batch_cost: 0.0131 - reader cost: 5.7413e-04
 19/348 [>.............................] - ETA: 4s - batch_cost: 0.0128 - reader cost: 4.7554e-04
 23/348 [>.............................] - ETA: 4s - batch_cost: 0.0128 - reader cost: 3.9284e-04
 27/348 [=>............................] - ETA: 4s - batch_cost: 0.0128 - reader cost: 3.3464e-04
 32/348 [=>............................] - ETA: 3s - batch_cost: 0.0126 - reader cost: 3.4488e-04
 37/348 [==>...........................] - ETA: 3s - batch_cost: 0.0125 - reader cost: 2.9827e-04
 42/348 [==>...........................] - ETA: 3s - batch_cost: 0.0124 - reader cost: 2.8682e-04
 46/348 [==>...........................] - ETA: 3s - batch_cost: 0.0124 - reader cost: 2.6188e-04
 51/348 [===>..........................] - ETA: 3s - batch_cost: 0.0123 - reader cost: 2.5594e-04
 56/348 [===>..........................] - ETA: 3s - batch_cost: 0.0122 - reader cost: 2.3309e-04
 61/348 [====>.........................] - ETA: 3s - batch_cost: 0.0122 - reader cost: 2.1398e-04
 66/348 [====>.........................] - ETA: 3s - batch_cost: 0.0121 - reader cost: 1.9777e-04
 71/348 [=====>........................] - ETA: 3s - batch_cost: 0.0121 - reader cost: 1.8384e-04
 76/348 [=====>........................] - ETA: 3s - batch_cost: 0.0121 - reader cost: 1.7175e-04
 81/348 [=====>........................] - ETA: 3s - batch_cost: 0.0121 - reader cost: 1.6115e-04
 86/348 [======>.......................] - ETA: 3s - batch_cost: 0.0120 - reader cost: 1.6343e-04
 91/348 [======>.......................] - ETA: 3s - batch_cost: 0.0120 - reader cost: 1.5445e-04
 96/348 [=======>......................] - ETA: 3s - batch_cost: 0.0120 - reader cost: 1.4640e-04
101/348 [=======>......................] - ETA: 2s - batch_cost: 0.0120 - reader cost: 1.3916e-04
105/348 [========>.....................] - ETA: 2s - batch_cost: 0.0120 - reader cost: 1.3386e-04
109/348 [========>.....................] - ETA: 2s - batch_cost: 0.0121 - reader cost: 1.2894e-04
113/348 [========>.....................] - ETA: 2s - batch_cost: 0.0121 - reader cost: 1.2438e-04
117/348 [=========>....................] - ETA: 2s - batch_cost: 0.0122 - reader cost: 1.2013e-04
122/348 [=========>....................] - ETA: 2s - batch_cost: 0.0122 - reader cost: 1.1520e-04
126/348 [=========>....................] - ETA: 2s - batch_cost: 0.0122 - reader cost: 1.1155e-04
131/348 [==========>...................] - ETA: 2s - batch_cost: 0.0122 - reader cost: 1.0729e-04
135/348 [==========>...................] - ETA: 2s - batch_cost: 0.0123 - reader cost: 1.1150e-04
140/348 [===========>..................] - ETA: 2s - batch_cost: 0.0123 - reader cost: 1.0752e-04
145/348 [===========>..................] - ETA: 2s - batch_cost: 0.0122 - reader cost: 1.0381e-04
149/348 [===========>..................] - ETA: 2s - batch_cost: 0.0123 - reader cost: 1.0102e-04
154/348 [============>.................] - ETA: 2s - batch_cost: 0.0122 - reader cost: 9.7744e-05
159/348 [============>.................] - ETA: 2s - batch_cost: 0.0122 - reader cost: 9.4670e-05
164/348 [=============>................] - ETA: 2s - batch_cost: 0.0122 - reader cost: 9.1784e-05
169/348 [=============>................] - ETA: 2s - batch_cost: 0.0122 - reader cost: 8.9068e-05
174/348 [==============>...............] - ETA: 2s - batch_cost: 0.0122 - reader cost: 8.6509e-05
179/348 [==============>...............] - ETA: 2s - batch_cost: 0.0121 - reader cost: 8.9620e-05
184/348 [==============>...............] - ETA: 1s - batch_cost: 0.0121 - reader cost: 8.7185e-05
189/348 [===============>..............] - ETA: 1s - batch_cost: 0.0121 - reader cost: 8.4878e-05
193/348 [===============>..............] - ETA: 1s - batch_cost: 0.0121 - reader cost: 8.3119e-05
198/348 [================>.............] - ETA: 1s - batch_cost: 0.0121 - reader cost: 8.1020e-05
203/348 [================>.............] - ETA: 1s - batch_cost: 0.0121 - reader cost: 8.3952e-05
208/348 [================>.............] - ETA: 1s - batch_cost: 0.0121 - reader cost: 8.1933e-05
213/348 [=================>............] - ETA: 1s - batch_cost: 0.0121 - reader cost: 8.0010e-05
218/348 [=================>............] - ETA: 1s - batch_cost: 0.0121 - reader cost: 7.8175e-05
223/348 [==================>...........] - ETA: 1s - batch_cost: 0.0121 - reader cost: 8.0909e-05
228/348 [==================>...........] - ETA: 1s - batch_cost: 0.0121 - reader cost: 7.9135e-05
233/348 [===================>..........] - ETA: 1s - batch_cost: 0.0120 - reader cost: 7.7437e-05
238/348 [===================>..........] - ETA: 1s - batch_cost: 0.0120 - reader cost: 7.5810e-05
242/348 [===================>..........] - ETA: 1s - batch_cost: 0.0121 - reader cost: 7.8690e-05
247/348 [====================>.........] - ETA: 1s - batch_cost: 0.0121 - reader cost: 7.7097e-05
252/348 [====================>.........] - ETA: 1s - batch_cost: 0.0121 - reader cost: 7.5567e-05
257/348 [=====================>........] - ETA: 1s - batch_cost: 0.0120 - reader cost: 7.4097e-05
262/348 [=====================>........] - ETA: 1s - batch_cost: 0.0120 - reader cost: 7.8431e-05
266/348 [=====================>........] - ETA: 0s - batch_cost: 0.0121 - reader cost: 7.7251e-05
271/348 [======================>.......] - ETA: 0s - batch_cost: 0.0120 - reader cost: 7.5826e-05
275/348 [======================>.......] - ETA: 0s - batch_cost: 0.0120 - reader cost: 7.8293e-05
280/348 [=======================>......] - ETA: 0s - batch_cost: 0.0120 - reader cost: 7.6895e-05
285/348 [=======================>......] - ETA: 0s - batch_cost: 0.0120 - reader cost: 7.5546e-05
290/348 [========================>.....] - ETA: 0s - batch_cost: 0.0120 - reader cost: 7.4244e-05
295/348 [========================>.....] - ETA: 0s - batch_cost: 0.0120 - reader cost: 7.2985e-05
300/348 [========================>.....] - ETA: 0s - batch_cost: 0.0120 - reader cost: 7.1769e-05
305/348 [=========================>....] - ETA: 0s - batch_cost: 0.0120 - reader cost: 7.7151e-05
310/348 [=========================>....] - ETA: 0s - batch_cost: 0.0120 - reader cost: 7.7539e-05
315/348 [==========================>...] - ETA: 0s - batch_cost: 0.0120 - reader cost: 7.9474e-05
320/348 [==========================>...] - ETA: 0s - batch_cost: 0.0120 - reader cost: 7.8233e-05
325/348 [===========================>..] - ETA: 0s - batch_cost: 0.0120 - reader cost: 7.7029e-05
330/348 [===========================>..] - ETA: 0s - batch_cost: 0.0120 - reader cost: 7.5862e-05
334/348 [===========================>..] - ETA: 0s - batch_cost: 0.0120 - reader cost: 7.4953e-05
338/348 [============================>.] - ETA: 0s - batch_cost: 0.0120 - reader cost: 7.4066e-05
342/348 [============================>.] - ETA: 0s - batch_cost: 0.0120 - reader cost: 7.3200e-05
348/348 [==============================] - 4s 12ms/step - batch_cost: 0.0120 - reader cost: 7.4789e-05
[2026/10/07 12:25:32] INFO: [EVAL] #Images: 348 mIoU: 0.7910 Acc: 0.9748 Kappa: 0.7432 Dice: 0.8715
[2026/10/07 12:25:32] INFO: [EVAL] Class IoU: 
[0.9738 0.6082]
[2026/10/07 12:25:32] INFO: [EVAL] Class Precision: 
[0.9817 0.8346]
[2026/10/07 12:25:32] INFO: [EVAL] Class Recall: 
[0.9918 0.6915]
[2026/10/07 12:25:32] INFO: Start evaluating (total_samples: 348, total_iters: 348)...

  1/348 [..............................] - ETA: 8s - batch_cost: 0.0244 - reader cost: 0.0085
  5/348 [..............................] - ETA: 5s - batch_cost: 0.0160 - reader cost: 0.0017
 10/348 [..............................] - ETA: 4s - batch_cost: 0.0138 - reader cost: 8.4918e-04
 14/348 [>.............................] - ETA: 4s - batch_cost: 0.0135 - reader cost: 6.0655e-04
 19/348 [>.............................] - ETA: 4s - batch_cost: 0.0132 - reader cost: 4.4693e-04
 24/348 [=>............................] - ETA: 4s - batch_cost: 0.0128 - reader cost: 3.5382e-04
 29/348 [=>............................] - ETA: 4s - batch_cost: 0.0125 - reader cost: 3.4473e-04
 34/348 [=>............................] - ETA: 3s - batch_cost: 0.0125 - reader cost: 2.9403e-04
 39/348 [==>...........................] - ETA: 3s - batch_cost: 0.0125 - reader cost: 2.5634e-04
 44/348 [==>...........................] - ETA: 3s - batch_cost: 0.0124 - reader cost: 2.7317e-04
 49/348 [===>..........................] - ETA: 3s - batch_cost: 0.0123 - reader cost: 2.4529e-04
 54/348 [===>..........................] - ETA: 3s - batch_cost: 0.0123 - reader cost: 2.4155e-04
 59/348 [====>.........................] - ETA: 3s - batch_cost: 0.0122 - reader cost: 2.2108e-04
 64/348 [====>.........................] - ETA: 3s - batch_cost: 0.0123 - reader cost: 2.1943e-04
 69/348 [====>.........................] - ETA: 3s - batch_cost: 0.0123 - reader cost: 2.0353e-04
 73/348 [=====>........................] - ETA: 3s - batch_cost: 0.0123 - reader cost: 2.0590e-04
 77/348 [=====>........................] - ETA: 3s - batch_cost: 0.0124 - reader cost: 1.9521e-04
 82/348 [======>.......................] - ETA: 3s - batch_cost: 0.0124 - reader cost: 1.8330e-04
 87/348 [======>.......................] - ETA: 3s - batch_cost: 0.0123 - reader cost: 1.7277e-04
 92/348 [======>.......................] - ETA: 3s - batch_cost: 0.0123 - reader cost: 1.6338e-04
 97/348 [=======>......................] - ETA: 3s - batch_cost: 0.0123 - reader cost: 1.5496e-04
102/348 [=======>......................] - ETA: 3s - batch_cost: 0.0122 - reader cost: 1.4736e-04
107/348 [========>.....................] - ETA: 2s - batch_cost: 0.0122 - reader cost: 1.4048e-04
112/348 [========>.....................] - ETA: 2s - batch_cost: 0.0122 - reader cost: 1.4320e-04
117/348 [=========>....................] - ETA: 2s - batch_cost: 0.0122 - reader cost: 1.3708e-04
121/348 [=========>....................] - ETA: 2s - batch_cost: 0.0122 - reader cost: 1.3255e-04
126/348 [=========>....................] - ETA: 2s - batch_cost: 0.0122 - reader cost: 1.2729e-04
130/348 [==========>...................] - ETA: 2s - batch_cost: 0.0122 - reader cost: 1.3109e-04
134/348 [==========>...................] - ETA: 2s - batch_cost: 0.0123 - reader cost: 1.2717e-04
138/348 [==========>...................] - ETA: 2s - batch_cost: 0.0123 - reader cost: 1.2349e-04
142/348 [===========>..................] - ETA: 2s - batch_cost: 0.0123 - reader cost: 1.3765e-04
146/348 [===========>..................] - ETA: 2s - batch_cost: 0.0124 - reader cost: 1.3388e-04
151/348 [============>.................] - ETA: 2s - batch_cost: 0.0124 - reader cost: 1.2945e-04
156/348 [============>.................] - ETA: 2s - batch_cost: 0.0123 - reader cost: 1.2530e-04
160/348 [============>.................] - ETA: 2s - batch_cost: 0.0124 - reader cost: 1.2216e-04
164/348 [=============>................] - ETA: 2s - batch_cost: 0.0124 - reader cost: 1.1918e-04
168/348 [=============>................] - ETA: 2s - batch_cost: 0.0124 - reader cost: 1.1635e-04
173/348 [=============>................] - ETA: 2s - batch_cost: 0.0123 - reader cost: 1.1298e-04
178/348 [==============>...............] - ETA: 2s - batch_cost: 0.0123 - reader cost: 1.0981e-04
182/348 [==============>...............] - ETA: 2s - batch_cost: 0.0124 - reader cost: 1.0740e-04
186/348 [===============>..............] - ETA: 2s - batch_cost: 0.0124 - reader cost: 1.1585e-04
190/348 [===============>..............] - ETA: 1s - batch_cost: 0.0124 - reader cost: 1.1341e-04
194/348 [===============>..............] - ETA: 1s - batch_cost: 0.0124 - reader cost: 1.1884e-04
198/348 [================>.............] - ETA: 1s - batch_cost: 0.0124 - reader cost: 1.1644e-04
202/348 [================>.............] - ETA: 1s - batch_cost: 0.0125 - reader cost: 1.1413e-04
206/348 [================>.............] - ETA: 1s - batch_cost: 0.0125 - reader cost: 1.1192e-04
211/348 [=================>............] - ETA: 1s - batch_cost: 0.0125 - reader cost: 1.0926e-04
216/348 [=================>............] - ETA: 1s - batch_cost: 0.0124 - reader cost: 1.0673e-04
220/348 [=================>............] - ETA: 1s - batch_cost: 0.0124 - reader cost: 1.0479e-04
224/348 [==================>...........] - ETA: 1s - batch_cost: 0.0125 - reader cost: 1.0292e-04
228/348 [==================>...........] - ETA: 1s - batch_cost: 0.0125 - reader cost: 1.0112e-04
233/348 [===================>..........] - ETA: 1s - batch_cost: 0.0125 - reader cost: 1.0541e-04
237/348 [===================>..........] - ETA: 1s - batch_cost: 0.0125 - reader cost: 1.0363e-04
242/348 [===================>..........] - ETA: 1s - batch_cost: 0.0125 - reader cost: 1.0149e-04
246/348 [====================>.........] - ETA: 1s - batch_cost: 0.0125 - reader cost: 9.9843e-05
250/348 [====================>.........] - ETA: 1s - batch_cost: 0.0125 - reader cost: 9.8246e-05
255/348 [====================>.........] - ETA: 1s - batch_cost: 0.0125 - reader cost: 1.0026e-04
259/348 [=====================>........] - ETA: 1s - batch_cost: 0.0125 - reader cost: 9.8714e-05
263/348 [=====================>........] - ETA: 1s - batch_cost: 0.0125 - reader cost: 9.7212e-05
267/348 [======================>.......] - ETA: 1s - batch_cost: 0.0125 - reader cost: 9.5756e-05
271/348 [======================>.......] - ETA: 0s - batch_cost: 0.0125 - reader cost: 9.8031e-05
275/348 [======================>.......] - ETA: 0s - batch_cost: 0.0125 - reader cost: 9.6605e-05
279/348 [=======================>......] - ETA: 0s - batch_cost: 0.0125 - reader cost: 9.5220e-05
283/348 [=======================>......] - ETA: 0s - batch_cost: 0.0126 - reader cost: 9.3875e-05
287/348 [=======================>......] - ETA: 0s - batch_cost: 0.0126 - reader cost: 9.2566e-05
291/348 [========================>.....] - ETA: 0s - batch_cost: 0.0126 - reader cost: 9.1294e-05
296/348 [========================>.....] - ETA: 0s - batch_cost: 0.0126 - reader cost: 9.1457e-05
300/348 [========================>.....] - ETA: 0s - batch_cost: 0.0126 - reader cost: 9.0237e-05
305/348 [=========================>....] - ETA: 0s - batch_cost: 0.0126 - reader cost: 8.8758e-05
310/348 [=========================>....] - ETA: 0s - batch_cost: 0.0126 - reader cost: 9.0537e-05
314/348 [==========================>...] - ETA: 0s - batch_cost: 0.0126 - reader cost: 9.2539e-05
319/348 [==========================>...] - ETA: 0s - batch_cost: 0.0126 - reader cost: 9.1089e-05
323/348 [==========================>...] - ETA: 0s - batch_cost: 0.0126 - reader cost: 8.9961e-05
327/348 [===========================>..] - ETA: 0s - batch_cost: 0.0126 - reader cost: 8.8860e-05
331/348 [===========================>..] - ETA: 0s - batch_cost: 0.0126 - reader cost: 9.0856e-05
335/348 [===========================>..] - ETA: 0s - batch_cost: 0.0126 - reader cost: 8.9771e-05
339/348 [============================>.] - ETA: 0s - batch_cost: 0.0126 - reader cost: 8.8712e-05
343/348 [============================>.] - ETA: 0s - batch_cost: 0.0127 - reader cost: 9.0659e-05
348/348 [==============================] - 4s 13ms/step - batch_cost: 0.0126 - reader cost: 9.2228e-05
[2026/10/07 12:25:37] INFO: [EVAL] #Images: 348 mIoU: 0.7807 Acc: 0.9739 Kappa: 0.7275 Dice: 0.8636
[2026/10/07 12:25:37] INFO: [EVAL] Class IoU: 
[0.9728 0.5886]
[2026/10/07 12:25:37] INFO: [EVAL] Class Precision: 
[0.98  0.841]
[2026/10/07 12:25:37] INFO: [EVAL] Class Recall: 
[0.9925 0.6624]
[2026/10/07 12:25:37] INFO: [EVAL] The model with the best validation mIoU (0.7910) was saved at iter 4000.
[2026/10/07 12:25:37] INFO: [EVAL] The EMA model with the best validation mIoU (0.7807) was saved at iter 4000.
[2026/10/07 12:25:38] INFO: [TRAIN] epoch: 9, iter: 4010/18000, loss: 3.3532, lr: 0.000047, batch_cost: 0.0689, reader_cost: 0.00000, ips: 58.0281 samples/sec, max_mem_reserved: 922 MB, max_mem_allocated: 673 MB | ETA 00:16:04
[2026/10/07 12:25:39] INFO: [TRAIN] epoch: 9, iter: 4020/18000, loss: 3.2628, lr: 0.000047, batch_cost: 0.0712, reader_cost: 0.00005, ips: 56.2168 samples/sec, max_mem_reserved: 922 MB, max_mem_allocated: 673 MB | ETA 00:16:34
[2026/10/07 12:25:39] INFO: [TRAIN] epoch: 9, iter: 4030/18000, loss: 3.3161, lr: 0.000047, batch_cost: 0.0696, reader_cost: 0.00010, ips: 57.5046 samples/sec, max_mem_reserved: 922 MB, max_mem_allocated: 673 MB | ETA 00:16:11
[2026/10/07 12:25:40] INFO: [TRAIN] epoch: 9, iter: 4040/18000, loss: 3.4611, lr: 0.000047, batch_cost: 0.0699, reader_cost: 0.00000, ips: 57.2140 samples/sec, max_mem_reserved: 922 MB, max_mem_allocated: 673 MB | ETA 00:16:15
[2026/10/07 12:25:41] INFO: [TRAIN] epoch: 9, iter: 4050/18000, loss: 2.8589, lr: 0.000047, batch_cost: 0.0689, reader_cost: 0.00010, ips: 58.0845 samples/sec, max_mem_reserved: 922 MB, max_mem_allocated: 673 MB | ETA 00:16:00
[2026/10/07 12:25:42] INFO: [TRAIN] epoch: 9, iter: 4060/18000, loss: 3.3143, lr: 0.000046, batch_cost: 0.0693, reader_cost: 0.00000, ips: 57.7161 samples/sec, max_mem_reserved: 922 MB, max_mem_allocated: 673 MB | ETA 00:16:06
[2026/10/07 12:25:43] INFO: [TRAIN] epoch: 9, iter: 4070/18000, loss: 3.4953, lr: 0.000046, batch_cost: 0.0711, reader_cost: 0.00010, ips: 56.2971 samples/sec, max_mem_reserved: 922 MB, max_mem_allocated: 673 MB | ETA 00:16:29
[2026/10/07 12:25:44] INFO: [TRAIN] epoch: 9, iter: 4080/18000, loss: 2.8808, lr: 0.000046, batch_cost: 0.0688, reader_cost: 0.00004, ips: 58.1381 samples/sec, max_mem_reserved: 922 MB, max_mem_allocated: 673 MB | ETA 00:15:57
[2026/10/07 12:25:45] INFO: [TRAIN] epoch: 9, iter: 4090/18000, loss: 3.3543, lr: 0.000046, batch_cost: 0.0700, reader_cost: 0.00000, ips: 57.1179 samples/sec, max_mem_reserved: 922 MB, max_mem_allocated: 673 MB | ETA 00:16:14
[2026/10/07 12:25:45] INFO: [TRAIN] epoch: 9, iter: 4100/18000, loss: 3.0825, lr: 0.000046, batch_cost: 0.0703, reader_cost: 0.00010, ips: 56.9236 samples/sec, max_mem_reserved: 922 MB, max_mem_allocated: 673 MB | ETA 00:16:16
[2026/10/07 12:25:46] INFO: [TRAIN] epoch: 9, iter: 4110/18000, loss: 3.1716, lr: 0.000046, batch_cost: 0.0690, reader_cost: 0.00000, ips: 57.9443 samples/sec, max_mem_reserved: 922 MB, max_mem_allocated: 673 MB | ETA 00:15:58
[2026/10/07 12:25:47] INFO: [TRAIN] epoch: 9, iter: 4120/18000, loss: 2.9159, lr: 0.000046, batch_cost: 0.0694, reader_cost: 0.00020, ips: 57.6597 samples/sec, max_mem_reserved: 922 MB, max_mem_allocated: 673 MB | ETA 00:16:02
[2026/10/07 12:25:48] INFO: [TRAIN] epoch: 9, iter: 4130/18000, loss: 3.2427, lr: 0.000046, batch_cost: 0.0706, reader_cost: 0.00000, ips: 56.6172 samples/sec, max_mem_reserved: 922 MB, max_mem_allocated: 673 MB | ETA 00:16:19
[2026/10/07 12:25:49] INFO: [TRAIN] epoch: 9, iter: 4140/18000, loss: 2.8167, lr: 0.000046, batch_cost: 0.0711, reader_cost: 0.00005, ips: 56.2831 samples/sec, max_mem_reserved: 922 MB, max_mem_allocated: 673 MB | ETA 00:16:25
[2026/10/07 12:25:50] INFO: [TRAIN] epoch: 9, iter: 4150/18000, loss: 3.1035, lr: 0.000046, batch_cost: 0.0710, reader_cost: 0.00000, ips: 56.3658 samples/sec, max_mem_reserved: 922 MB, max_mem_allocated: 673 MB | ETA 00:16:22
[2026/10/07 12:25:51] INFO: [TRAIN] epoch: 9, iter: 4160/18000, loss: 3.0460, lr: 0.000046, batch_cost: 0.0690, reader_cost: 0.00010, ips: 57.9421 samples/sec, max_mem_reserved: 922 MB, max_mem_allocated: 673 MB | ETA 00:15:55
[2026/10/07 12:25:51] INFO: [TRAIN] epoch: 9, iter: 4170/18000, loss: 3.3722, lr: 0.000046, batch_cost: 0.0701, reader_cost: 0.00000, ips: 57.0650 samples/sec, max_mem_reserved: 922 MB, max_mem_allocated: 673 MB | ETA 00:16:09
[2026/10/07 12:25:52] INFO: [TRAIN] epoch: 9, iter: 4180/18000, loss: 3.1994, lr: 0.000046, batch_cost: 0.0726, reader_cost: 0.00020, ips: 55.0904 samples/sec, max_mem_reserved: 922 MB, max_mem_allocated: 673 MB | ETA 00:16:43
[2026/10/07 12:25:53] INFO: [TRAIN] epoch: 9, iter: 4190/18000, loss: 2.9865, lr: 0.000046, batch_cost: 0.0685, reader_cost: 0.00015, ips: 58.3887 samples/sec, max_mem_reserved: 922 MB, max_mem_allocated: 673 MB | ETA 00:15:46
[2026/10/07 12:25:54] INFO: [TRAIN] epoch: 9, iter: 4200/18000, loss: 3.0718, lr: 0.000046, batch_cost: 0.0688, reader_cost: 0.00010, ips: 58.1277 samples/sec, max_mem_reserved: 922 MB, max_mem_allocated: 673 MB | ETA 00:15:49
[2026/10/07 12:25:55] INFO: [TRAIN] epoch: 9, iter: 4210/18000, loss: 3.4413, lr: 0.000046, batch_cost: 0.0696, reader_cost: 0.00010, ips: 57.4956 samples/sec, max_mem_reserved: 922 MB, max_mem_allocated: 673 MB | ETA 00:15:59
[2026/10/07 12:25:56] INFO: [TRAIN] epoch: 9, iter: 4220/18000, loss: 3.1363, lr: 0.000046, batch_cost: 0.0680, reader_cost: 0.00000, ips: 58.8292 samples/sec, max_mem_reserved: 922 MB, max_mem_allocated: 673 MB | ETA 00:15:36
[2026/10/07 12:25:57] INFO: [TRAIN] epoch: 9, iter: 4230/18000, loss: 3.4699, lr: 0.000046, batch_cost: 0.0738, reader_cost: 0.00000, ips: 54.2266 samples/sec, max_mem_reserved: 922 MB, max_mem_allocated: 673 MB | ETA 00:16:55
[2026/10/07 12:25:58] INFO: [TRAIN] epoch: 9, iter: 4240/18000, loss: 3.3429, lr: 0.000046, batch_cost: 0.0723, reader_cost: 0.00000, ips: 55.3415 samples/sec, max_mem_reserved: 922 MB, max_mem_allocated: 673 MB | ETA 00:16:34
[2026/10/07 12:25:58] INFO: [TRAIN] epoch: 9, iter: 4250/18000, loss: 3.0256, lr: 0.000046, batch_cost: 0.0665, reader_cost: 0.00000, ips: 60.1093 samples/sec, max_mem_reserved: 922 MB, max_mem_allocated: 673 MB | ETA 00:15:15
[2026/10/07 12:25:59] INFO: [TRAIN] epoch: 9, iter: 4260/18000, loss: 3.0930, lr: 0.000046, batch_cost: 0.0701, reader_cost: 0.00000, ips: 57.0427 samples/sec, max_mem_reserved: 922 MB, max_mem_allocated: 673 MB | ETA 00:16:03
[2026/10/07 12:26:00] INFO: [TRAIN] epoch: 10, iter: 4270/18000, loss: 2.8016, lr: 0.000046, batch_cost: 0.0737, reader_cost: 0.00800, ips: 54.2834 samples/sec, max_mem_reserved: 922 MB, max_mem_allocated: 673 MB | ETA 00:16:51
[2026/10/07 12:26:01] INFO: [TRAIN] epoch: 10, iter: 4280/18000, loss: 2.8442, lr: 0.000046, batch_cost: 0.0725, reader_cost: 0.00015, ips: 55.1798 samples/sec, max_mem_reserved: 922 MB, max_mem_allocated: 673 MB | ETA 00:16:34
[2026/10/07 12:26:02] INFO: [TRAIN] epoch: 10, iter: 4290/18000, loss: 3.2028, lr: 0.000046, batch_cost: 0.0704, reader_cost: 0.00010, ips: 56.7993 samples/sec, max_mem_reserved: 922 MB, max_mem_allocated: 673 MB | ETA 00:16:05
[2026/10/07 12:26:03] INFO: [TRAIN] epoch: 10, iter: 4300/18000, loss: 3.0820, lr: 0.000046, batch_cost: 0.0730, reader_cost: 0.00000, ips: 54.7898 samples/sec, max_mem_reserved: 922 MB, max_mem_allocated: 673 MB | ETA 00:16:40
[2026/10/07 12:26:04] INFO: [TRAIN] epoch: 10, iter: 4310/18000, loss: 3.1244, lr: 0.000046, batch_cost: 0.0725, reader_cost: 0.00000, ips: 55.2093 samples/sec, max_mem_reserved: 922 MB, max_mem_allocated: 673 MB | ETA 00:16:31
[2026/10/07 12:26:05] INFO: [TRAIN] epoch: 10, iter: 4320/18000, loss: 3.0085, lr: 0.000046, batch_cost: 0.0693, reader_cost: 0.00010, ips: 57.6817 samples/sec, max_mem_reserved: 922 MB, max_mem_allocated: 673 MB | ETA 00:15:48
[2026/10/07 12:26:05] INFO: [TRAIN] epoch: 10, iter: 4330/18000, loss: 3.3075, lr: 0.000046, batch_cost: 0.0723, reader_cost: 0.00000, ips: 55.3417 samples/sec, max_mem_reserved: 922 MB, max_mem_allocated: 673 MB | ETA 00:16:28
[2026/10/07 12:26:06] INFO: [TRAIN] epoch: 10, iter: 4340/18000, loss: 3.1915, lr: 0.000046, batch_cost: 0.0718, reader_cost: 0.00000, ips: 55.7468 samples/sec, max_mem_reserved: 922 MB, max_mem_allocated: 673 MB | ETA 00:16:20
[2026/10/07 12:26:07] INFO: [TRAIN] epoch: 10, iter: 4350/18000, loss: 3.1195, lr: 0.000046, batch_cost: 0.0704, reader_cost: 0.00010, ips: 56.8281 samples/sec, max_mem_reserved: 922 MB, max_mem_allocated: 673 MB | ETA 00:16:00
[2026/10/07 12:26:08] INFO: [TRAIN] epoch: 10, iter: 4360/18000, loss: 3.0395, lr: 0.000045, batch_cost: 0.0704, reader_cost: 0.00017, ips: 56.8516 samples/sec, max_mem_reserved: 922 MB, max_mem_allocated: 673 MB | ETA 00:15:59
[2026/10/07 12:26:09] INFO: [TRAIN] epoch: 10, iter: 4370/18000, loss: 3.1352, lr: 0.000045, batch_cost: 0.0721, reader_cost: 0.00010, ips: 55.4638 samples/sec, max_mem_reserved: 922 MB, max_mem_allocated: 673 MB | ETA 00:16:22
[2026/10/07 12:26:10] INFO: [TRAIN] epoch: 10, iter: 4380/18000, loss: 2.8564, lr: 0.000045, batch_cost: 0.0727, reader_cost: 0.00010, ips: 55.0082 samples/sec, max_mem_reserved: 922 MB, max_mem_allocated: 673 MB | ETA 00:16:30
[2026/10/07 12:26:11] INFO: [TRAIN] epoch: 10, iter: 4390/18000, loss: 2.9999, lr: 0.000045, batch_cost: 0.0720, reader_cost: 0.00010, ips: 55.5773 samples/sec, max_mem_reserved: 922 MB, max_mem_allocated: 673 MB | ETA 00:16:19
[2026/10/07 12:26:12] INFO: [TRAIN] epoch: 10, iter: 4400/18000, loss: 3.5058, lr: 0.000045, batch_cost: 0.0701, reader_cost: 0.00015, ips: 57.0991 samples/sec, max_mem_reserved: 922 MB, max_mem_allocated: 673 MB | ETA 00:15:52
[2026/10/07 12:26:13] INFO: [TRAIN] epoch: 10, iter: 4410/18000, loss: 3.2637, lr: 0.000045, batch_cost: 0.0798, reader_cost: 0.00000, ips: 50.1550 samples/sec, max_mem_reserved: 922 MB, max_mem_allocated: 673 MB | ETA 00:18:03
[2026/10/07 12:26:14] INFO: [TRAIN] epoch: 10, iter: 4420/18000, loss: 3.3942, lr: 0.000045, batch_cost: 0.0752, reader_cost: 0.00000, ips: 53.1585 samples/sec, max_mem_reserved: 922 MB, max_mem_allocated: 673 MB | ETA 00:17:01
[2026/10/07 12:26:14] INFO: [TRAIN] epoch: 10, iter: 4430/18000, loss: 3.0556, lr: 0.000045, batch_cost: 0.0768, reader_cost: 0.00020, ips: 52.0681 samples/sec, max_mem_reserved: 922 MB, max_mem_allocated: 673 MB | ETA 00:17:22
[2026/10/07 12:26:15] INFO: [TRAIN] epoch: 10, iter: 4440/18000, loss: 3.5449, lr: 0.000045, batch_cost: 0.0688, reader_cost: 0.00010, ips: 58.1232 samples/sec, max_mem_reserved: 922 MB, max_mem_allocated: 673 MB | ETA 00:15:33
[2026/10/07 12:26:16] INFO: [TRAIN] epoch: 10, iter: 4450/18000, loss: 3.1722, lr: 0.000045, batch_cost: 0.0668, reader_cost: 0.00000, ips: 59.8738 samples/sec, max_mem_reserved: 922 MB, max_mem_allocated: 673 MB | ETA 00:15:05
[2026/10/07 12:26:17] INFO: [TRAIN] epoch: 10, iter: 4460/18000, loss: 2.9073, lr: 0.000045, batch_cost: 0.0687, reader_cost: 0.00013, ips: 58.2217 samples/sec, max_mem_reserved: 922 MB, max_mem_allocated: 673 MB | ETA 00:15:30
[2026/10/07 12:26:18] INFO: [TRAIN] epoch: 10, iter: 4470/18000, loss: 2.9814, lr: 0.000045, batch_cost: 0.0691, reader_cost: 0.00000, ips: 57.8538 samples/sec, max_mem_reserved: 922 MB, max_mem_allocated: 673 MB | ETA 00:15:35
[2026/10/07 12:26:19] INFO: [TRAIN] epoch: 10, iter: 4480/18000, loss: 3.1010, lr: 0.000045, batch_cost: 0.0691, reader_cost: 0.00010, ips: 57.8686 samples/sec, max_mem_reserved: 922 MB, max_mem_allocated: 673 MB | ETA 00:15:34
[2026/10/07 12:26:20] INFO: [TRAIN] epoch: 10, iter: 4490/18000, loss: 2.8123, lr: 0.000045, batch_cost: 0.0706, reader_cost: 0.00000, ips: 56.6374 samples/sec, max_mem_reserved: 922 MB, max_mem_allocated: 673 MB | ETA 00:15:54
[2026/10/07 12:26:20] INFO: [TRAIN] epoch: 10, iter: 4500/18000, loss: 3.4915, lr: 0.000045, batch_cost: 0.0680, reader_cost: 0.00000, ips: 58.8223 samples/sec, max_mem_reserved: 922 MB, max_mem_allocated: 673 MB | ETA 00:15:18
[2026/10/07 12:26:21] INFO: [TRAIN] epoch: 10, iter: 4510/18000, loss: 3.0612, lr: 0.000045, batch_cost: 0.0688, reader_cost: 0.00000, ips: 58.1777 samples/sec, max_mem_reserved: 922 MB, max_mem_allocated: 673 MB | ETA 00:15:27
[2026/10/07 12:26:22] INFO: [TRAIN] epoch: 10, iter: 4520/18000, loss: 3.0825, lr: 0.000045, batch_cost: 0.0684, reader_cost: 0.00010, ips: 58.5037 samples/sec, max_mem_reserved: 922 MB, max_mem_allocated: 673 MB | ETA 00:15:21
[2026/10/07 12:26:23] INFO: [TRAIN] epoch: 10, iter: 4530/18000, loss: 3.0454, lr: 0.000045, batch_cost: 0.0697, reader_cost: 0.00010, ips: 57.3824 samples/sec, max_mem_reserved: 922 MB, max_mem_allocated: 673 MB | ETA 00:15:38
[2026/10/07 12:26:24] INFO: [TRAIN] epoch: 10, iter: 4540/18000, loss: 3.2685, lr: 0.000045, batch_cost: 0.0695, reader_cost: 0.00010, ips: 57.5567 samples/sec, max_mem_reserved: 922 MB, max_mem_allocated: 673 MB | ETA 00:15:35
[2026/10/07 12:26:25] INFO: [TRAIN] epoch: 10, iter: 4550/18000, loss: 3.4224, lr: 0.000045, batch_cost: 0.0702, reader_cost: 0.00015, ips: 56.9428 samples/sec, max_mem_reserved: 922 MB, max_mem_allocated: 673 MB | ETA 00:15:44
[2026/10/07 12:26:26] INFO: [TRAIN] epoch: 10, iter: 4560/18000, loss: 3.3837, lr: 0.000045, batch_cost: 0.0699, reader_cost: 0.00000, ips: 57.2188 samples/sec, max_mem_reserved: 922 MB, max_mem_allocated: 673 MB | ETA 00:15:39
[2026/10/07 12:26:26] INFO: [TRAIN] epoch: 10, iter: 4570/18000, loss: 2.9294, lr: 0.000045, batch_cost: 0.0677, reader_cost: 0.00010, ips: 59.0801 samples/sec, max_mem_reserved: 922 MB, max_mem_allocated: 673 MB | ETA 00:15:09
[2026/10/07 12:26:27] INFO: [TRAIN] epoch: 10, iter: 4580/18000, loss: 3.0436, lr: 0.000045, batch_cost: 0.0685, reader_cost: 0.00000, ips: 58.3550 samples/sec, max_mem_reserved: 922 MB, max_mem_allocated: 673 MB | ETA 00:15:19
[2026/10/07 12:26:28] INFO: [TRAIN] epoch: 10, iter: 4590/18000, loss: 3.0542, lr: 0.000045, batch_cost: 0.0708, reader_cost: 0.00000, ips: 56.4687 samples/sec, max_mem_reserved: 922 MB, max_mem_allocated: 673 MB | ETA 00:15:49
[2026/10/07 12:26:29] INFO: [TRAIN] epoch: 10, iter: 4600/18000, loss: 3.0200, lr: 0.000045, batch_cost: 0.0720, reader_cost: 0.00010, ips: 55.5465 samples/sec, max_mem_reserved: 922 MB, max_mem_allocated: 673 MB | ETA 00:16:04
[2026/10/07 12:26:30] INFO: [TRAIN] epoch: 10, iter: 4610/18000, loss: 3.1087, lr: 0.000045, batch_cost: 0.0714, reader_cost: 0.00020, ips: 56.0556 samples/sec, max_mem_reserved: 922 MB, max_mem_allocated: 673 MB | ETA 00:15:55
[2026/10/07 12:26:31] INFO: [TRAIN] epoch: 10, iter: 4620/18000, loss: 3.0604, lr: 0.000045, batch_cost: 0.0694, reader_cost: 0.00000, ips: 57.6081 samples/sec, max_mem_reserved: 922 MB, max_mem_allocated: 673 MB | ETA 00:15:29
[2026/10/07 12:26:32] INFO: [TRAIN] epoch: 10, iter: 4630/18000, loss: 2.9304, lr: 0.000045, batch_cost: 0.0694, reader_cost: 0.00025, ips: 57.6148 samples/sec, max_mem_reserved: 922 MB, max_mem_allocated: 673 MB | ETA 00:15:28
[2026/10/07 12:26:33] INFO: [TRAIN] epoch: 10, iter: 4640/18000, loss: 2.9817, lr: 0.000045, batch_cost: 0.0751, reader_cost: 0.00010, ips: 53.2419 samples/sec, max_mem_reserved: 922 MB, max_mem_allocated: 673 MB | ETA 00:16:43
[2026/10/07 12:26:33] INFO: [TRAIN] epoch: 10, iter: 4650/18000, loss: 3.0648, lr: 0.000045, batch_cost: 0.0696, reader_cost: 0.00030, ips: 57.4519 samples/sec, max_mem_reserved: 922 MB, max_mem_allocated: 673 MB | ETA 00:15:29
[2026/10/07 12:26:34] INFO: [TRAIN] epoch: 10, iter: 4660/18000, loss: 3.1400, lr: 0.000044, batch_cost: 0.0699, reader_cost: 0.00015, ips: 57.2535 samples/sec, max_mem_reserved: 922 MB, max_mem_allocated: 673 MB | ETA 00:15:31
[2026/10/07 12:26:35] INFO: [TRAIN] epoch: 10, iter: 4670/18000, loss: 2.9519, lr: 0.000044, batch_cost: 0.0702, reader_cost: 0.00000, ips: 56.9582 samples/sec, max_mem_reserved: 922 MB, max_mem_allocated: 673 MB | ETA 00:15:36
[2026/10/07 12:26:36] INFO: [TRAIN] epoch: 10, iter: 4680/18000, loss: 2.9557, lr: 0.000044, batch_cost: 0.0705, reader_cost: 0.00010, ips: 56.7474 samples/sec, max_mem_reserved: 922 MB, max_mem_allocated: 673 MB | ETA 00:15:38
[2026/10/07 12:26:37] INFO: [TRAIN] epoch: 10, iter: 4690/18000, loss: 3.0861, lr: 0.000044, batch_cost: 0.0708, reader_cost: 0.00000, ips: 56.5201 samples/sec, max_mem_reserved: 922 MB, max_mem_allocated: 673 MB | ETA 00:15:41
[2026/10/07 12:26:38] INFO: [TRAIN] epoch: 10, iter: 4700/18000, loss: 3.2258, lr: 0.000044, batch_cost: 0.0717, reader_cost: 0.00000, ips: 55.7744 samples/sec, max_mem_reserved: 922 MB, max_mem_allocated: 673 MB | ETA 00:15:53
[2026/10/07 12:26:39] INFO: [TRAIN] epoch: 10, iter: 4710/18000, loss: 3.0540, lr: 0.000044, batch_cost: 0.0699, reader_cost: 0.00010, ips: 57.2130 samples/sec, max_mem_reserved: 922 MB, max_mem_allocated: 673 MB | ETA 00:15:29
[2026/10/07 12:26:39] INFO: [TRAIN] epoch: 10, iter: 4720/18000, loss: 3.1561, lr: 0.000044, batch_cost: 0.0696, reader_cost: 0.00000, ips: 57.4699 samples/sec, max_mem_reserved: 922 MB, max_mem_allocated: 673 MB | ETA 00:15:24
[2026/10/07 12:26:40] INFO: [TRAIN] epoch: 10, iter: 4730/18000, loss: 2.9860, lr: 0.000044, batch_cost: 0.0744, reader_cost: 0.00010, ips: 53.7465 samples/sec, max_mem_reserved: 922 MB, max_mem_allocated: 673 MB | ETA 00:16:27
[2026/10/07 12:26:41] INFO: [TRAIN] epoch: 10, iter: 4740/18000, loss: 3.1365, lr: 0.000044, batch_cost: 0.0722, reader_cost: 0.00000, ips: 55.4173 samples/sec, max_mem_reserved: 922 MB, max_mem_allocated: 673 MB | ETA 00:15:57
[2026/10/07 12:26:42] INFO: [TRAIN] epoch: 11, iter: 4750/18000, loss: 3.2451, lr: 0.000044, batch_cost: 0.0784, reader_cost: 0.00599, ips: 50.9940 samples/sec, max_mem_reserved: 922 MB, max_mem_allocated: 673 MB | ETA 00:17:19
[2026/10/07 12:26:43] INFO: [TRAIN] epoch: 11, iter: 4760/18000, loss: 3.2564, lr: 0.000044, batch_cost: 0.0696, reader_cost: 0.00000, ips: 57.4347 samples/sec, max_mem_reserved: 922 MB, max_mem_allocated: 673 MB | ETA 00:15:22
[2026/10/07 12:26:44] INFO: [TRAIN] epoch: 11, iter: 4770/18000, loss: 2.9961, lr: 0.000044, batch_cost: 0.0735, reader_cost: 0.00010, ips: 54.3955 samples/sec, max_mem_reserved: 922 MB, max_mem_allocated: 673 MB | ETA 00:16:12
[2026/10/07 12:26:45] INFO: [TRAIN] epoch: 11, iter: 4780/18000, loss: 3.2364, lr: 0.000044, batch_cost: 0.0696, reader_cost: 0.00010, ips: 57.4989 samples/sec, max_mem_reserved: 922 MB, max_mem_allocated: 673 MB | ETA 00:15:19
[2026/10/07 12:26:46] INFO: [TRAIN] epoch: 11, iter: 4790/18000, loss: 3.3115, lr: 0.000044, batch_cost: 0.0790, reader_cost: 0.00000, ips: 50.6553 samples/sec, max_mem_reserved: 922 MB, max_mem_allocated: 673 MB | ETA 00:17:23
[2026/10/07 12:26:47] INFO: [TRAIN] epoch: 11, iter: 4800/18000, loss: 3.2784, lr: 0.000044, batch_cost: 0.0742, reader_cost: 0.00010, ips: 53.8984 samples/sec, max_mem_reserved: 922 MB, max_mem_allocated: 673 MB | ETA 00:16:19
[2026/10/07 12:26:48] INFO: [TRAIN] epoch: 11, iter: 4810/18000, loss: 2.8484, lr: 0.000044, batch_cost: 0.0712, reader_cost: 0.00020, ips: 56.2094 samples/sec, max_mem_reserved: 922 MB, max_mem_allocated: 673 MB | ETA 00:15:38
[2026/10/07 12:26:48] INFO: [TRAIN] epoch: 11, iter: 4820/18000, loss: 3.1365, lr: 0.000044, batch_cost: 0.0706, reader_cost: 0.00000, ips: 56.6436 samples/sec, max_mem_reserved: 922 MB, max_mem_allocated: 673 MB | ETA 00:15:30
[2026/10/07 12:26:49] INFO: [TRAIN] epoch: 11, iter: 4830/18000, loss: 3.1046, lr: 0.000044, batch_cost: 0.0713, reader_cost: 0.00000, ips: 56.1109 samples/sec, max_mem_reserved: 922 MB, max_mem_allocated: 673 MB | ETA 00:15:38
[2026/10/07 12:26:50] INFO: [TRAIN] epoch: 11, iter: 4840/18000, loss: 3.3339, lr: 0.000044, batch_cost: 0.0707, reader_cost: 0.00020, ips: 56.5866 samples/sec, max_mem_reserved: 922 MB, max_mem_allocated: 673 MB | ETA 00:15:30
[2026/10/07 12:26:51] INFO: [TRAIN] epoch: 11, iter: 4850/18000, loss: 3.1094, lr: 0.000044, batch_cost: 0.0700, reader_cost: 0.00000, ips: 57.1653 samples/sec, max_mem_reserved: 922 MB, max_mem_allocated: 673 MB | ETA 00:15:20
[2026/10/07 12:26:52] INFO: [TRAIN] epoch: 11, iter: 4860/18000, loss: 2.8814, lr: 0.000044, batch_cost: 0.0680, reader_cost: 0.00000, ips: 58.7904 samples/sec, max_mem_reserved: 922 MB, max_mem_allocated: 673 MB | ETA 00:14:54
[2026/10/07 12:26:53] INFO: [TRAIN] epoch: 11, iter: 4870/18000, loss: 2.9740, lr: 0.000044, batch_cost: 0.0699, reader_cost: 0.00000, ips: 57.2068 samples/sec, max_mem_reserved: 922 MB, max_mem_allocated: 673 MB | ETA 00:15:18
[2026/10/07 12:26:54] INFO: [TRAIN] epoch: 11, iter: 4880/18000, loss: 3.2356, lr: 0.000044, batch_cost: 0.0828, reader_cost: 0.00000, ips: 48.3103 samples/sec, max_mem_reserved: 922 MB, max_mem_allocated: 673 MB | ETA 00:18:06
[2026/10/07 12:26:55] INFO: [TRAIN] epoch: 11, iter: 4890/18000, loss: 3.1917, lr: 0.000044, batch_cost: 0.0706, reader_cost: 0.00000, ips: 56.6197 samples/sec, max_mem_reserved: 922 MB, max_mem_allocated: 673 MB | ETA 00:15:26
[2026/10/07 12:26:56] INFO: [TRAIN] epoch: 11, iter: 4900/18000, loss: 3.0542, lr: 0.000044, batch_cost: 0.0747, reader_cost: 0.00004, ips: 53.5713 samples/sec, max_mem_reserved: 922 MB, max_mem_allocated: 673 MB | ETA 00:16:18
[2026/10/07 12:26:56] INFO: [TRAIN] epoch: 11, iter: 4910/18000, loss: 3.2678, lr: 0.000044, batch_cost: 0.0747, reader_cost: 0.00015, ips: 53.5811 samples/sec, max_mem_reserved: 922 MB, max_mem_allocated: 673 MB | ETA 00:16:17
[2026/10/07 12:26:57] INFO: [TRAIN] epoch: 11, iter: 4920/18000, loss: 3.1372, lr: 0.000044, batch_cost: 0.0750, reader_cost: 0.00000, ips: 53.3318 samples/sec, max_mem_reserved: 922 MB, max_mem_allocated: 673 MB | ETA 00:16:21
[2026/10/07 12:26:58] INFO: [TRAIN] epoch: 11, iter: 4930/18000, loss: 3.0150, lr: 0.000044, batch_cost: 0.0789, reader_cost: 0.00000, ips: 50.7007 samples/sec, max_mem_reserved: 922 MB, max_mem_allocated: 673 MB | ETA 00:17:11
[2026/10/07 12:26:59] INFO: [TRAIN] epoch: 11, iter: 4940/18000, loss: 2.8021, lr: 0.000044, batch_cost: 0.0759, reader_cost: 0.00030, ips: 52.6784 samples/sec, max_mem_reserved: 922 MB, max_mem_allocated: 673 MB | ETA 00:16:31
[2026/10/07 12:27:00] INFO: [TRAIN] epoch: 11, iter: 4950/18000, loss: 3.0920, lr: 0.000044, batch_cost: 0.0748, reader_cost: 0.00010, ips: 53.4935 samples/sec, max_mem_reserved: 922 MB, max_mem_allocated: 673 MB | ETA 00:16:15
[2026/10/07 12:27:01] INFO: [TRAIN] epoch: 11, iter: 4960/18000, loss: 3.1795, lr: 0.000043, batch_cost: 0.0709, reader_cost: 0.00015, ips: 56.3875 samples/sec, max_mem_reserved: 922 MB, max_mem_allocated: 673 MB | ETA 00:15:25
[2026/10/07 12:27:02] INFO: [TRAIN] epoch: 11, iter: 4970/18000, loss: 2.8671, lr: 0.000043, batch_cost: 0.0739, reader_cost: 0.00000, ips: 54.1316 samples/sec, max_mem_reserved: 922 MB, max_mem_allocated: 673 MB | ETA 00:16:02
[2026/10/07 12:27:03] INFO: [TRAIN] epoch: 11, iter: 4980/18000, loss: 2.8721, lr: 0.000043, batch_cost: 0.0874, reader_cost: 0.00010, ips: 45.7413 samples/sec, max_mem_reserved: 922 MB, max_mem_allocated: 673 MB | ETA 00:18:58
[2026/10/07 12:27:04] INFO: [TRAIN] epoch: 11, iter: 4990/18000, loss: 3.1697, lr: 0.000043, batch_cost: 0.0852, reader_cost: 0.00000, ips: 46.9620 samples/sec, max_mem_reserved: 922 MB, max_mem_allocated: 673 MB | ETA 00:18:28
[2026/10/07 12:27:05] INFO: [TRAIN] epoch: 11, iter: 5000/18000, loss: 2.8306, lr: 0.000043, batch_cost: 0.0774, reader_cost: 0.00000, ips: 51.7029 samples/sec, max_mem_reserved: 922 MB, max_mem_allocated: 673 MB | ETA 00:16:45
[2026/10/07 12:27:05] INFO: Start evaluating (total_samples: 348, total_iters: 348)...

  1/348 [..............................] - ETA: 7s - batch_cost: 0.0218 - reader cost: 0.0065
  5/348 [..............................] - ETA: 5s - batch_cost: 0.0150 - reader cost: 0.0013
 10/348 [..............................] - ETA: 4s - batch_cost: 0.0128 - reader cost: 6.5167e-04
 15/348 [>.............................] - ETA: 4s - batch_cost: 0.0124 - reader cost: 4.3445e-04
 20/348 [>.............................] - ETA: 3s - batch_cost: 0.0120 - reader cost: 3.2583e-04
 25/348 [=>............................] - ETA: 3s - batch_cost: 0.0117 - reader cost: 2.6067e-04
 30/348 [=>............................] - ETA: 3s - batch_cost: 0.0116 - reader cost: 2.1722e-04
 35/348 [==>...........................] - ETA: 3s - batch_cost: 0.0114 - reader cost: 2.0679e-04
 40/348 [==>...........................] - ETA: 3s - batch_cost: 0.0113 - reader cost: 1.8094e-04
 45/348 [==>...........................] - ETA: 3s - batch_cost: 0.0112 - reader cost: 1.6084e-04
 50/348 [===>..........................] - ETA: 3s - batch_cost: 0.0112 - reader cost: 1.4475e-04
 55/348 [===>..........................] - ETA: 3s - batch_cost: 0.0111 - reader cost: 1.4978e-04
 60/348 [====>.........................] - ETA: 3s - batch_cost: 0.0111 - reader cost: 1.3730e-04
 65/348 [====>.........................] - ETA: 3s - batch_cost: 0.0111 - reader cost: 1.2674e-04
 70/348 [=====>........................] - ETA: 3s - batch_cost: 0.0111 - reader cost: 1.1769e-04
 75/348 [=====>........................] - ETA: 3s - batch_cost: 0.0111 - reader cost: 1.0984e-04
 80/348 [=====>........................] - ETA: 2s - batch_cost: 0.0111 - reader cost: 1.0298e-04
 85/348 [======>.......................] - ETA: 2s - batch_cost: 0.0111 - reader cost: 9.6919e-05
 90/348 [======>.......................] - ETA: 2s - batch_cost: 0.0111 - reader cost: 9.1534e-05
 95/348 [=======>......................] - ETA: 2s - batch_cost: 0.0111 - reader cost: 8.6717e-05
100/348 [=======>......................] - ETA: 2s - batch_cost: 0.0111 - reader cost: 8.2381e-05
105/348 [========>.....................] - ETA: 2s - batch_cost: 0.0111 - reader cost: 7.8458e-05
110/348 [========>.....................] - ETA: 2s - batch_cost: 0.0111 - reader cost: 7.4892e-05
115/348 [========>.....................] - ETA: 2s - batch_cost: 0.0111 - reader cost: 8.0370e-05
120/348 [=========>....................] - ETA: 2s - batch_cost: 0.0112 - reader cost: 7.7021e-05
124/348 [=========>....................] - ETA: 2s - batch_cost: 0.0112 - reader cost: 7.4537e-05
129/348 [==========>...................] - ETA: 2s - batch_cost: 0.0112 - reader cost: 7.1648e-05
134/348 [==========>...................] - ETA: 2s - batch_cost: 0.0113 - reader cost: 6.8974e-05
139/348 [==========>...................] - ETA: 2s - batch_cost: 0.0113 - reader cost: 7.3688e-05
144/348 [===========>..................] - ETA: 2s - batch_cost: 0.0113 - reader cost: 7.1130e-05
149/348 [===========>..................] - ETA: 2s - batch_cost: 0.0113 - reader cost: 7.5651e-05
154/348 [============>.................] - ETA: 2s - batch_cost: 0.0113 - reader cost: 7.3195e-05
159/348 [============>.................] - ETA: 2s - batch_cost: 0.0113 - reader cost: 7.0893e-05
164/348 [=============>................] - ETA: 2s - batch_cost: 0.0113 - reader cost: 6.8731e-05
169/348 [=============>................] - ETA: 2s - batch_cost: 0.0114 - reader cost: 6.6698e-05
174/348 [==============>...............] - ETA: 1s - batch_cost: 0.0114 - reader cost: 6.4781e-05
179/348 [==============>...............] - ETA: 1s - batch_cost: 0.0114 - reader cost: 6.2972e-05
184/348 [==============>...............] - ETA: 1s - batch_cost: 0.0114 - reader cost: 6.6819e-05
189/348 [===============>..............] - ETA: 1s - batch_cost: 0.0114 - reader cost: 6.5052e-05
194/348 [===============>..............] - ETA: 1s - batch_cost: 0.0114 - reader cost: 6.3375e-05
199/348 [================>.............] - ETA: 1s - batch_cost: 0.0114 - reader cost: 6.1783e-05
204/348 [================>.............] - ETA: 1s - batch_cost: 0.0114 - reader cost: 6.0268e-05
209/348 [=================>............] - ETA: 1s - batch_cost: 0.0114 - reader cost: 5.8827e-05
214/348 [=================>............] - ETA: 1s - batch_cost: 0.0113 - reader cost: 5.7452e-05
219/348 [=================>............] - ETA: 1s - batch_cost: 0.0114 - reader cost: 5.6140e-05
222/348 [==================>...........] - ETA: 1s - batch_cost: 0.0114 - reader cost: 5.5382e-05
225/348 [==================>...........] - ETA: 1s - batch_cost: 0.0115 - reader cost: 5.4643e-05
228/348 [==================>...........] - ETA: 1s - batch_cost: 0.0116 - reader cost: 5.6139e-05
231/348 [==================>...........] - ETA: 1s - batch_cost: 0.0117 - reader cost: 5.5410e-05
234/348 [===================>..........] - ETA: 1s - batch_cost: 0.0118 - reader cost: 5.6858e-05
237/348 [===================>..........] - ETA: 1s - batch_cost: 0.0119 - reader cost: 5.8271e-05
240/348 [===================>..........] - ETA: 1s - batch_cost: 0.0120 - reader cost: 5.7542e-05
243/348 [===================>..........] - ETA: 1s - batch_cost: 0.0121 - reader cost: 5.8917e-05
246/348 [====================>.........] - ETA: 1s - batch_cost: 0.0122 - reader cost: 5.8198e-05
249/348 [====================>.........] - ETA: 1s - batch_cost: 0.0123 - reader cost: 6.1539e-05
252/348 [====================>.........] - ETA: 1s - batch_cost: 0.0124 - reader cost: 6.0806e-05
255/348 [====================>.........] - ETA: 1s - batch_cost: 0.0125 - reader cost: 6.0091e-05
258/348 [=====================>........] - ETA: 1s - batch_cost: 0.0126 - reader cost: 5.9392e-05
261/348 [=====================>........] - ETA: 1s - batch_cost: 0.0127 - reader cost: 5.8709e-05
264/348 [=====================>........] - ETA: 1s - batch_cost: 0.0128 - reader cost: 6.3839e-05
267/348 [======================>.......] - ETA: 1s - batch_cost: 0.0129 - reader cost: 6.3122e-05
270/348 [======================>.......] - ETA: 1s - batch_cost: 0.0130 - reader cost: 6.2421e-05
273/348 [======================>.......] - ETA: 0s - batch_cost: 0.0131 - reader cost: 6.7248e-05
276/348 [======================>.......] - ETA: 0s - batch_cost: 0.0131 - reader cost: 6.6517e-05
279/348 [=======================>......] - ETA: 0s - batch_cost: 0.0132 - reader cost: 6.9394e-05
282/348 [=======================>......] - ETA: 0s - batch_cost: 0.0133 - reader cost: 7.2204e-05
285/348 [=======================>......] - ETA: 0s - batch_cost: 0.0133 - reader cost: 7.1444e-05
288/348 [=======================>......] - ETA: 0s - batch_cost: 0.0134 - reader cost: 7.0699e-05
291/348 [========================>.....] - ETA: 0s - batch_cost: 0.0135 - reader cost: 6.9971e-05
294/348 [========================>.....] - ETA: 0s - batch_cost: 0.0136 - reader cost: 6.9257e-05
297/348 [========================>.....] - ETA: 0s - batch_cost: 0.0136 - reader cost: 6.8557e-05
300/348 [========================>.....] - ETA: 0s - batch_cost: 0.0137 - reader cost: 6.7871e-05
303/348 [=========================>....] - ETA: 0s - batch_cost: 0.0137 - reader cost: 6.7199e-05
306/348 [=========================>....] - ETA: 0s - batch_cost: 0.0138 - reader cost: 7.1462e-05
309/348 [=========================>....] - ETA: 0s - batch_cost: 0.0138 - reader cost: 7.0768e-05
312/348 [=========================>....] - ETA: 0s - batch_cost: 0.0139 - reader cost: 7.0087e-05
315/348 [==========================>...] - ETA: 0s - batch_cost: 0.0140 - reader cost: 7.1028e-05
318/348 [==========================>...] - ETA: 0s - batch_cost: 0.0140 - reader cost: 7.0358e-05
321/348 [==========================>...] - ETA: 0s - batch_cost: 0.0140 - reader cost: 7.2808e-05
324/348 [==========================>...] - ETA: 0s - batch_cost: 0.0141 - reader cost: 7.2134e-05
327/348 [===========================>..] - ETA: 0s - batch_cost: 0.0142 - reader cost: 7.3020e-05
330/348 [===========================>..] - ETA: 0s - batch_cost: 0.0142 - reader cost: 7.2356e-05
333/348 [===========================>..] - ETA: 0s - batch_cost: 0.0143 - reader cost: 7.1705e-05
336/348 [===========================>..] - ETA: 0s - batch_cost: 0.0143 - reader cost: 7.1064e-05
339/348 [============================>.] - ETA: 0s - batch_cost: 0.0144 - reader cost: 7.0435e-05
342/348 [============================>.] - ETA: 0s - batch_cost: 0.0144 - reader cost: 7.2745e-05
345/348 [============================>.] - ETA: 0s - batch_cost: 0.0145 - reader cost: 7.2112e-05
348/348 [==============================] - 5s 15ms/step - batch_cost: 0.0145 - reader cost: 7.5415e-05
[2026/10/07 12:27:10] INFO: [EVAL] #Images: 348 mIoU: 0.7909 Acc: 0.9742 Kappa: 0.7432 Dice: 0.8716
[2026/10/07 12:27:10] INFO: [EVAL] Class IoU: 
[0.9731 0.6087]
[2026/10/07 12:27:10] INFO: [EVAL] Class Precision: 
[0.9828 0.8087]
[2026/10/07 12:27:10] INFO: [EVAL] Class Recall: 
[0.9899 0.7111]
[2026/10/07 12:27:10] INFO: Start evaluating (total_samples: 348, total_iters: 348)...

  1/348 [..............................] - ETA: 12s - batch_cost: 0.0367 - reader cost: 0.0125
  4/348 [..............................] - ETA: 9s - batch_cost: 0.0263 - reader cost: 0.0031 
  7/348 [..............................] - ETA: 8s - batch_cost: 0.0236 - reader cost: 0.0018
 10/348 [..............................] - ETA: 7s - batch_cost: 0.0220 - reader cost: 0.0013
 13/348 [>.............................] - ETA: 7s - batch_cost: 0.0215 - reader cost: 9.6317e-04
 16/348 [>.............................] - ETA: 7s - batch_cost: 0.0210 - reader cost: 7.8258e-04
 19/348 [>.............................] - ETA: 6s - batch_cost: 0.0208 - reader cost: 6.5901e-04
 22/348 [>.............................] - ETA: 6s - batch_cost: 0.0206 - reader cost: 5.6915e-04
 25/348 [=>............................] - ETA: 6s - batch_cost: 0.0204 - reader cost: 5.0085e-04
 28/348 [=>............................] - ETA: 6s - batch_cost: 0.0204 - reader cost: 4.4719e-04
 31/348 [=>............................] - ETA: 6s - batch_cost: 0.0206 - reader cost: 4.0391e-04
 34/348 [=>............................] - ETA: 6s - batch_cost: 0.0205 - reader cost: 3.6827e-04
 37/348 [==>...........................] - ETA: 6s - batch_cost: 0.0203 - reader cost: 3.3841e-04
 40/348 [==>...........................] - ETA: 6s - batch_cost: 0.0201 - reader cost: 3.1303e-04
 43/348 [==>...........................] - ETA: 6s - batch_cost: 0.0201 - reader cost: 3.1440e-04
 46/348 [==>...........................] - ETA: 6s - batch_cost: 0.0201 - reader cost: 2.9389e-04
 49/348 [===>..........................] - ETA: 6s - batch_cost: 0.0200 - reader cost: 2.9633e-04
 52/348 [===>..........................] - ETA: 5s - batch_cost: 0.0198 - reader cost: 2.9849e-04
 55/348 [===>..........................] - ETA: 5s - batch_cost: 0.0198 - reader cost: 2.8221e-04
 58/348 [====>.........................] - ETA: 5s - batch_cost: 0.0198 - reader cost: 2.6761e-04
 61/348 [====>.........................] - ETA: 5s - batch_cost: 0.0197 - reader cost: 2.7065e-04
 64/348 [====>.........................] - ETA: 5s - batch_cost: 0.0196 - reader cost: 2.8149e-04
 67/348 [====>.........................] - ETA: 5s - batch_cost: 0.0196 - reader cost: 2.8382e-04
 70/348 [=====>........................] - ETA: 5s - batch_cost: 0.0196 - reader cost: 2.7166e-04
 73/348 [=====>........................] - ETA: 5s - batch_cost: 0.0196 - reader cost: 2.8157e-04
 76/348 [=====>........................] - ETA: 5s - batch_cost: 0.0197 - reader cost: 2.7045e-04
 79/348 [=====>........................] - ETA: 5s - batch_cost: 0.0196 - reader cost: 2.6018e-04
 82/348 [======>.......................] - ETA: 5s - batch_cost: 0.0196 - reader cost: 2.5067e-04
 85/348 [======>.......................] - ETA: 5s - batch_cost: 0.0195 - reader cost: 2.4182e-04
 88/348 [======>.......................] - ETA: 5s - batch_cost: 0.0195 - reader cost: 2.3357e-04
 91/348 [======>.......................] - ETA: 5s - batch_cost: 0.0195 - reader cost: 2.4260e-04
 94/348 [=======>......................] - ETA: 4s - batch_cost: 0.0195 - reader cost: 2.6067e-04
 97/348 [=======>......................] - ETA: 4s - batch_cost: 0.0195 - reader cost: 2.5260e-04
100/348 [=======>......................] - ETA: 4s - batch_cost: 0.0195 - reader cost: 2.6007e-04
103/348 [=======>......................] - ETA: 4s - batch_cost: 0.0196 - reader cost: 2.5250e-04
106/348 [========>.....................] - ETA: 4s - batch_cost: 0.0195 - reader cost: 2.4535e-04
109/348 [========>.....................] - ETA: 4s - batch_cost: 0.0195 - reader cost: 2.4776e-04
112/348 [========>.....................] - ETA: 4s - batch_cost: 0.0195 - reader cost: 2.4113e-04
115/348 [========>.....................] - ETA: 4s - batch_cost: 0.0195 - reader cost: 2.4346e-04
118/348 [=========>....................] - ETA: 4s - batch_cost: 0.0195 - reader cost: 2.3727e-04
121/348 [=========>....................] - ETA: 4s - batch_cost: 0.0196 - reader cost: 2.3139e-04
124/348 [=========>....................] - ETA: 4s - batch_cost: 0.0196 - reader cost: 2.2579e-04
127/348 [=========>....................] - ETA: 4s - batch_cost: 0.0196 - reader cost: 2.2045e-04
130/348 [==========>...................] - ETA: 4s - batch_cost: 0.0196 - reader cost: 2.1537e-04
133/348 [==========>...................] - ETA: 4s - batch_cost: 0.0197 - reader cost: 2.1051e-04
136/348 [==========>...................] - ETA: 4s - batch_cost: 0.0197 - reader cost: 2.0587e-04
139/348 [==========>...................] - ETA: 4s - batch_cost: 0.0197 - reader cost: 2.0142e-04
142/348 [===========>..................] - ETA: 4s - batch_cost: 0.0197 - reader cost: 1.9717e-04
145/348 [===========>..................] - ETA: 4s - batch_cost: 0.0197 - reader cost: 1.9309e-04
148/348 [===========>..................] - ETA: 3s - batch_cost: 0.0197 - reader cost: 1.8917e-04
151/348 [============>.................] - ETA: 3s - batch_cost: 0.0197 - reader cost: 1.8542e-04
154/348 [============>.................] - ETA: 3s - batch_cost: 0.0196 - reader cost: 1.8180e-04
157/348 [============>.................] - ETA: 3s - batch_cost: 0.0196 - reader cost: 1.7833e-04
160/348 [============>.................] - ETA: 3s - batch_cost: 0.0196 - reader cost: 1.7499e-04
163/348 [=============>................] - ETA: 3s - batch_cost: 0.0196 - reader cost: 1.7177e-04
166/348 [=============>................] - ETA: 3s - batch_cost: 0.0196 - reader cost: 1.6866e-04
169/348 [=============>................] - ETA: 3s - batch_cost: 0.0195 - reader cost: 1.6567e-04
172/348 [=============>................] - ETA: 3s - batch_cost: 0.0195 - reader cost: 1.6278e-04
175/348 [==============>...............] - ETA: 3s - batch_cost: 0.0195 - reader cost: 1.5999e-04
178/348 [==============>...............] - ETA: 3s - batch_cost: 0.0195 - reader cost: 1.5729e-04
181/348 [==============>...............] - ETA: 3s - batch_cost: 0.0195 - reader cost: 1.5468e-04
184/348 [==============>...............] - ETA: 3s - batch_cost: 0.0194 - reader cost: 1.5216e-04
187/348 [===============>..............] - ETA: 3s - batch_cost: 0.0194 - reader cost: 1.4972e-04
190/348 [===============>..............] - ETA: 3s - batch_cost: 0.0194 - reader cost: 1.4736e-04
193/348 [===============>..............] - ETA: 3s - batch_cost: 0.0194 - reader cost: 1.4507e-04
196/348 [===============>..............] - ETA: 2s - batch_cost: 0.0194 - reader cost: 1.4794e-04
199/348 [================>.............] - ETA: 2s - batch_cost: 0.0194 - reader cost: 1.4571e-04
202/348 [================>.............] - ETA: 2s - batch_cost: 0.0194 - reader cost: 1.4355e-04
205/348 [================>.............] - ETA: 2s - batch_cost: 0.0194 - reader cost: 1.4145e-04
208/348 [================>.............] - ETA: 2s - batch_cost: 0.0194 - reader cost: 1.3941e-04
211/348 [=================>............] - ETA: 2s - batch_cost: 0.0194 - reader cost: 1.3743e-04
214/348 [=================>............] - ETA: 2s - batch_cost: 0.0194 - reader cost: 1.4018e-04
217/348 [=================>............] - ETA: 2s - batch_cost: 0.0194 - reader cost: 1.3824e-04
220/348 [=================>............] - ETA: 2s - batch_cost: 0.0194 - reader cost: 1.3635e-04
223/348 [==================>...........] - ETA: 2s - batch_cost: 0.0194 - reader cost: 1.3452e-04
226/348 [==================>...........] - ETA: 2s - batch_cost: 0.0194 - reader cost: 1.3273e-04
229/348 [==================>...........] - ETA: 2s - batch_cost: 0.0194 - reader cost: 1.3099e-04
232/348 [===================>..........] - ETA: 2s - batch_cost: 0.0194 - reader cost: 1.2930e-04
235/348 [===================>..........] - ETA: 2s - batch_cost: 0.0193 - reader cost: 1.3189e-04
238/348 [===================>..........] - ETA: 2s - batch_cost: 0.0193 - reader cost: 1.3022e-04
241/348 [===================>..........] - ETA: 2s - batch_cost: 0.0193 - reader cost: 1.2860e-04
244/348 [====================>.........] - ETA: 2s - batch_cost: 0.0193 - reader cost: 1.2702e-04
247/348 [====================>.........] - ETA: 1s - batch_cost: 0.0193 - reader cost: 1.2548e-04
250/348 [====================>.........] - ETA: 1s - batch_cost: 0.0193 - reader cost: 1.3202e-04
253/348 [====================>.........] - ETA: 1s - batch_cost: 0.0193 - reader cost: 1.3440e-04
256/348 [=====================>........] - ETA: 1s - batch_cost: 0.0193 - reader cost: 1.3283e-04
259/348 [=====================>........] - ETA: 1s - batch_cost: 0.0193 - reader cost: 1.3129e-04
262/348 [=====================>........] - ETA: 1s - batch_cost: 0.0193 - reader cost: 1.2979e-04
265/348 [=====================>........] - ETA: 1s - batch_cost: 0.0193 - reader cost: 1.2832e-04
268/348 [======================>.......] - ETA: 1s - batch_cost: 0.0193 - reader cost: 1.3061e-04
271/348 [======================>.......] - ETA: 1s - batch_cost: 0.0193 - reader cost: 1.2916e-04
274/348 [======================>.......] - ETA: 1s - batch_cost: 0.0193 - reader cost: 1.2775e-04
277/348 [======================>.......] - ETA: 1s - batch_cost: 0.0193 - reader cost: 1.3000e-04
280/348 [=======================>......] - ETA: 1s - batch_cost: 0.0193 - reader cost: 1.2861e-04
283/348 [=======================>......] - ETA: 1s - batch_cost: 0.0193 - reader cost: 1.2724e-04
286/348 [=======================>......] - ETA: 1s - batch_cost: 0.0193 - reader cost: 1.2591e-04
289/348 [=======================>......] - ETA: 1s - batch_cost: 0.0193 - reader cost: 1.2460e-04
292/348 [========================>.....] - ETA: 1s - batch_cost: 0.0193 - reader cost: 1.2332e-04
295/348 [========================>.....] - ETA: 1s - batch_cost: 0.0193 - reader cost: 1.2207e-04
298/348 [========================>.....] - ETA: 0s - batch_cost: 0.0193 - reader cost: 1.2084e-04
301/348 [========================>.....] - ETA: 0s - batch_cost: 0.0193 - reader cost: 1.1963e-04
304/348 [=========================>....] - ETA: 0s - batch_cost: 0.0193 - reader cost: 1.2177e-04
307/348 [=========================>....] - ETA: 0s - batch_cost: 0.0192 - reader cost: 1.2058e-04
310/348 [=========================>....] - ETA: 0s - batch_cost: 0.0192 - reader cost: 1.1941e-04
313/348 [=========================>....] - ETA: 0s - batch_cost: 0.0192 - reader cost: 1.1827e-04
316/348 [==========================>...] - ETA: 0s - batch_cost: 0.0192 - reader cost: 1.1715e-04
319/348 [==========================>...] - ETA: 0s - batch_cost: 0.0192 - reader cost: 1.1604e-04
322/348 [==========================>...] - ETA: 0s - batch_cost: 0.0193 - reader cost: 1.1804e-04
325/348 [===========================>..] - ETA: 0s - batch_cost: 0.0192 - reader cost: 1.1695e-04
328/348 [===========================>..] - ETA: 0s - batch_cost: 0.0192 - reader cost: 1.1588e-04
331/348 [===========================>..] - ETA: 0s - batch_cost: 0.0193 - reader cost: 1.1483e-04
334/348 [===========================>..] - ETA: 0s - batch_cost: 0.0193 - reader cost: 1.1380e-04
337/348 [============================>.] - ETA: 0s - batch_cost: 0.0193 - reader cost: 1.1279e-04
340/348 [============================>.] - ETA: 0s - batch_cost: 0.0193 - reader cost: 1.1179e-04
343/348 [============================>.] - ETA: 0s - batch_cost: 0.0193 - reader cost: 1.1082e-04
346/348 [============================>.] - ETA: 0s - batch_cost: 0.0193 - reader cost: 1.0985e-04
348/348 [==============================] - 7s 19ms/step - batch_cost: 0.0193 - reader cost: 1.0922e-04
[2026/10/07 12:27:17] INFO: [EVAL] #Images: 348 mIoU: 0.7964 Acc: 0.9754 Kappa: 0.7514 Dice: 0.8756
[2026/10/07 12:27:17] INFO: [EVAL] Class IoU: 
[0.9744 0.6185]
[2026/10/07 12:27:17] INFO: [EVAL] Class Precision: 
[0.9826 0.8324]
[2026/10/07 12:27:17] INFO: [EVAL] Class Recall: 
[0.9915 0.7065]
[2026/10/07 12:27:17] INFO: [EVAL] The model with the best validation mIoU (0.7910) was saved at iter 4000.
[2026/10/07 12:27:17] INFO: [EVAL] The EMA model with the best validation mIoU (0.7964) was saved at iter 5000.
[2026/10/07 12:27:18] INFO: [TRAIN] epoch: 11, iter: 5010/18000, loss: 2.8766, lr: 0.000043, batch_cost: 0.1045, reader_cost: 0.00010, ips: 38.2832 samples/sec, max_mem_reserved: 922 MB, max_mem_allocated: 673 MB | ETA 00:22:37
[2026/10/07 12:27:20] INFO: [TRAIN] epoch: 11, iter: 5020/18000, loss: 3.2701, lr: 0.000043, batch_cost: 0.1061, reader_cost: 0.00015, ips: 37.6953 samples/sec, max_mem_reserved: 922 MB, max_mem_allocated: 673 MB | ETA 00:22:57
[2026/10/07 12:27:21] INFO: [TRAIN] epoch: 11, iter: 5030/18000, loss: 3.2786, lr: 0.000043, batch_cost: 0.1058, reader_cost: 0.00020, ips: 37.8200 samples/sec, max_mem_reserved: 922 MB, max_mem_allocated: 673 MB | ETA 00:22:51
[2026/10/07 12:27:23] INFO: [TRAIN] epoch: 11, iter: 5040/18000, loss: 3.0749, lr: 0.000043, batch_cost: 0.1054, reader_cost: 0.00000, ips: 37.9356 samples/sec, max_mem_reserved: 922 MB, max_mem_allocated: 673 MB | ETA 00:22:46
[2026/10/07 12:27:24] INFO: [TRAIN] epoch: 11, iter: 5050/18000, loss: 3.4776, lr: 0.000043, batch_cost: 0.1056, reader_cost: 0.00000, ips: 37.8809 samples/sec, max_mem_reserved: 922 MB, max_mem_allocated: 673 MB | ETA 00:22:47
[2026/10/07 12:27:25] INFO: [TRAIN] epoch: 11, iter: 5060/18000, loss: 3.5902, lr: 0.000043, batch_cost: 0.1008, reader_cost: 0.00010, ips: 39.6850 samples/sec, max_mem_reserved: 922 MB, max_mem_allocated: 673 MB | ETA 00:21:44
[2026/10/07 12:27:27] INFO: [TRAIN] epoch: 11, iter: 5070/18000, loss: 3.0974, lr: 0.000043, batch_cost: 0.1004, reader_cost: 0.00000, ips: 39.8459 samples/sec, max_mem_reserved: 922 MB, max_mem_allocated: 673 MB | ETA 00:21:37
[2026/10/07 12:27:28] INFO: [TRAIN] epoch: 11, iter: 5080/18000, loss: 3.2605, lr: 0.000043, batch_cost: 0.1026, reader_cost: 0.00004, ips: 38.9949 samples/sec, max_mem_reserved: 922 MB, max_mem_allocated: 673 MB | ETA 00:22:05
[2026/10/07 12:27:29] INFO: [TRAIN] epoch: 11, iter: 5090/18000, loss: 3.1252, lr: 0.000043, batch_cost: 0.0976, reader_cost: 0.00000, ips: 41.0040 samples/sec, max_mem_reserved: 922 MB, max_mem_allocated: 673 MB | ETA 00:20:59
[2026/10/07 12:27:31] INFO: [TRAIN] epoch: 11, iter: 5100/18000, loss: 2.8271, lr: 0.000043, batch_cost: 0.0984, reader_cost: 0.00010, ips: 40.6367 samples/sec, max_mem_reserved: 922 MB, max_mem_allocated: 673 MB | ETA 00:21:09
[2026/10/07 12:27:32] INFO: [TRAIN] epoch: 11, iter: 5110/18000, loss: 2.9518, lr: 0.000043, batch_cost: 0.1010, reader_cost: 0.00027, ips: 39.5870 samples/sec, max_mem_reserved: 922 MB, max_mem_allocated: 673 MB | ETA 00:21:42
[2026/10/07 12:27:33] INFO: [TRAIN] epoch: 11, iter: 5120/18000, loss: 3.3329, lr: 0.000043, batch_cost: 0.1034, reader_cost: 0.00020, ips: 38.6949 samples/sec, max_mem_reserved: 922 MB, max_mem_allocated: 673 MB | ETA 00:22:11
[2026/10/07 12:27:35] INFO: [TRAIN] epoch: 11, iter: 5130/18000, loss: 3.0438, lr: 0.000043, batch_cost: 0.1020, reader_cost: 0.00020, ips: 39.2189 samples/sec, max_mem_reserved: 922 MB, max_mem_allocated: 673 MB | ETA 00:21:52
[2026/10/07 12:27:36] INFO: [TRAIN] epoch: 11, iter: 5140/18000, loss: 2.9536, lr: 0.000043, batch_cost: 0.1044, reader_cost: 0.00020, ips: 38.3198 samples/sec, max_mem_reserved: 922 MB, max_mem_allocated: 673 MB | ETA 00:22:22
[2026/10/07 12:27:37] INFO: [TRAIN] epoch: 11, iter: 5150/18000, loss: 3.0299, lr: 0.000043, batch_cost: 0.1045, reader_cost: 0.00010, ips: 38.2720 samples/sec, max_mem_reserved: 922 MB, max_mem_allocated: 673 MB | ETA 00:22:23
[2026/10/07 12:27:39] INFO: [TRAIN] epoch: 11, iter: 5160/18000, loss: 3.0373, lr: 0.000043, batch_cost: 0.1052, reader_cost: 0.00037, ips: 38.0341 samples/sec, max_mem_reserved: 922 MB, max_mem_allocated: 673 MB | ETA 00:22:30
[2026/10/07 12:27:40] INFO: [TRAIN] epoch: 11, iter: 5170/18000, loss: 2.7701, lr: 0.000043, batch_cost: 0.1029, reader_cost: 0.00010, ips: 38.8736 samples/sec, max_mem_reserved: 922 MB, max_mem_allocated: 673 MB | ETA 00:22:00
[2026/10/07 12:27:42] INFO: [TRAIN] epoch: 11, iter: 5180/18000, loss: 3.2465, lr: 0.000043, batch_cost: 0.1046, reader_cost: 0.00000, ips: 38.2472 samples/sec, max_mem_reserved: 922 MB, max_mem_allocated: 673 MB | ETA 00:22:20
[2026/10/07 12:27:43] INFO: [TRAIN] epoch: 11, iter: 5190/18000, loss: 3.5162, lr: 0.000043, batch_cost: 0.1017, reader_cost: 0.00000, ips: 39.3239 samples/sec, max_mem_reserved: 922 MB, max_mem_allocated: 673 MB | ETA 00:21:43
[2026/10/07 12:27:44] INFO: [TRAIN] epoch: 11, iter: 5200/18000, loss: 2.9950, lr: 0.000043, batch_cost: 0.1068, reader_cost: 0.00020, ips: 37.4639 samples/sec, max_mem_reserved: 922 MB, max_mem_allocated: 673 MB | ETA 00:22:46
[2026/10/07 12:27:46] INFO: [TRAIN] epoch: 11, iter: 5210/18000, loss: 3.2803, lr: 0.000043, batch_cost: 0.1033, reader_cost: 0.00010, ips: 38.7250 samples/sec, max_mem_reserved: 922 MB, max_mem_allocated: 673 MB | ETA 00:22:01
[2026/10/07 12:27:47] INFO: [TRAIN] epoch: 12, iter: 5220/18000, loss: 3.0577, lr: 0.000043, batch_cost: 0.1044, reader_cost: 0.00668, ips: 38.3019 samples/sec, max_mem_reserved: 922 MB, max_mem_allocated: 673 MB | ETA 00:22:14
[2026/10/07 12:27:48] INFO: [TRAIN] epoch: 12, iter: 5230/18000, loss: 2.8934, lr: 0.000043, batch_cost: 0.1065, reader_cost: 0.00010, ips: 37.5430 samples/sec, max_mem_reserved: 922 MB, max_mem_allocated: 673 MB | ETA 00:22:40
[2026/10/07 12:27:50] INFO: [TRAIN] epoch: 12, iter: 5240/18000, loss: 3.1335, lr: 0.000043, batch_cost: 0.1070, reader_cost: 0.00015, ips: 37.3689 samples/sec, max_mem_reserved: 922 MB, max_mem_allocated: 673 MB | ETA 00:22:45
[2026/10/07 12:27:51] INFO: [TRAIN] epoch: 12, iter: 5250/18000, loss: 2.7560, lr: 0.000043, batch_cost: 0.1072, reader_cost: 0.00010, ips: 37.2970 samples/sec, max_mem_reserved: 922 MB, max_mem_allocated: 673 MB | ETA 00:22:47
[2026/10/07 12:27:53] INFO: [TRAIN] epoch: 12, iter: 5260/18000, loss: 3.5820, lr: 0.000042, batch_cost: 0.1067, reader_cost: 0.00010, ips: 37.5012 samples/sec, max_mem_reserved: 922 MB, max_mem_allocated: 673 MB | ETA 00:22:38
[2026/10/07 12:27:54] INFO: [TRAIN] epoch: 12, iter: 5270/18000, loss: 3.6570, lr: 0.000042, batch_cost: 0.1058, reader_cost: 0.00010, ips: 37.8250 samples/sec, max_mem_reserved: 922 MB, max_mem_allocated: 673 MB | ETA 00:22:26
[2026/10/07 12:27:56] INFO: [TRAIN] epoch: 12, iter: 5280/18000, loss: 3.4895, lr: 0.000042, batch_cost: 0.1066, reader_cost: 0.00040, ips: 37.5111 samples/sec, max_mem_reserved: 922 MB, max_mem_allocated: 673 MB | ETA 00:22:36
[2026/10/07 12:27:57] INFO: [TRAIN] epoch: 12, iter: 5290/18000, loss: 2.9555, lr: 0.000042, batch_cost: 0.1044, reader_cost: 0.00030, ips: 38.3207 samples/sec, max_mem_reserved: 922 MB, max_mem_allocated: 673 MB | ETA 00:22:06
[2026/10/07 12:27:58] INFO: [TRAIN] epoch: 12, iter: 5300/18000, loss: 3.0365, lr: 0.000042, batch_cost: 0.1040, reader_cost: 0.00010, ips: 38.4441 samples/sec, max_mem_reserved: 922 MB, max_mem_allocated: 673 MB | ETA 00:22:01
[2026/10/07 12:28:00] INFO: [TRAIN] epoch: 12, iter: 5310/18000, loss: 3.0859, lr: 0.000042, batch_cost: 0.1027, reader_cost: 0.00020, ips: 38.9597 samples/sec, max_mem_reserved: 922 MB, max_mem_allocated: 673 MB | ETA 00:21:42
[2026/10/07 12:28:01] INFO: [TRAIN] epoch: 12, iter: 5320/18000, loss: 3.0310, lr: 0.000042, batch_cost: 0.1059, reader_cost: 0.00025, ips: 37.7694 samples/sec, max_mem_reserved: 922 MB, max_mem_allocated: 673 MB | ETA 00:22:22
[2026/10/07 12:28:02] INFO: [TRAIN] epoch: 12, iter: 5330/18000, loss: 3.0416, lr: 0.000042, batch_cost: 0.1040, reader_cost: 0.00010, ips: 38.4534 samples/sec, max_mem_reserved: 922 MB, max_mem_allocated: 673 MB | ETA 00:21:57
[2026/10/07 12:28:04] INFO: [TRAIN] epoch: 12, iter: 5340/18000, loss: 3.2771, lr: 0.000042, batch_cost: 0.1036, reader_cost: 0.00020, ips: 38.6223 samples/sec, max_mem_reserved: 922 MB, max_mem_allocated: 673 MB | ETA 00:21:51
[2026/10/07 12:28:05] INFO: [TRAIN] epoch: 12, iter: 5350/18000, loss: 3.3027, lr: 0.000042, batch_cost: 0.1013, reader_cost: 0.00006, ips: 39.4672 samples/sec, max_mem_reserved: 922 MB, max_mem_allocated: 673 MB | ETA 00:21:22
[2026/10/07 12:28:06] INFO: [TRAIN] epoch: 12, iter: 5360/18000, loss: 3.0773, lr: 0.000042, batch_cost: 0.1027, reader_cost: 0.00000, ips: 38.9566 samples/sec, max_mem_reserved: 922 MB, max_mem_allocated: 673 MB | ETA 00:21:37
[2026/10/07 12:28:08] INFO: [TRAIN] epoch: 12, iter: 5370/18000, loss: 2.9301, lr: 0.000042, batch_cost: 0.1075, reader_cost: 0.00000, ips: 37.2132 samples/sec, max_mem_reserved: 922 MB, max_mem_allocated: 673 MB | ETA 00:22:37
[2026/10/07 12:28:09] INFO: [TRAIN] epoch: 12, iter: 5380/18000, loss: 3.0426, lr: 0.000042, batch_cost: 0.1061, reader_cost: 0.00000, ips: 37.6852 samples/sec, max_mem_reserved: 922 MB, max_mem_allocated: 673 MB | ETA 00:22:19
[2026/10/07 12:28:11] INFO: [TRAIN] epoch: 12, iter: 5390/18000, loss: 3.1897, lr: 0.000042, batch_cost: 0.1070, reader_cost: 0.00005, ips: 37.3970 samples/sec, max_mem_reserved: 922 MB, max_mem_allocated: 673 MB | ETA 00:22:28
[2026/10/07 12:28:12] INFO: [TRAIN] epoch: 12, iter: 5400/18000, loss: 2.9370, lr: 0.000042, batch_cost: 0.1066, reader_cost: 0.00010, ips: 37.5234 samples/sec, max_mem_reserved: 922 MB, max_mem_allocated: 673 MB | ETA 00:22:23
[2026/10/07 12:28:14] INFO: [TRAIN] epoch: 12, iter: 5410/18000, loss: 3.2056, lr: 0.000042, batch_cost: 0.1060, reader_cost: 0.00010, ips: 37.7349 samples/sec, max_mem_reserved: 922 MB, max_mem_allocated: 673 MB | ETA 00:22:14
[2026/10/07 12:28:15] INFO: [TRAIN] epoch: 12, iter: 5420/18000, loss: 2.9725, lr: 0.000042, batch_cost: 0.1032, reader_cost: 0.00000, ips: 38.7413 samples/sec, max_mem_reserved: 922 MB, max_mem_allocated: 673 MB | ETA 00:21:38
[2026/10/07 12:28:16] INFO: [TRAIN] epoch: 12, iter: 5430/18000, loss: 2.9983, lr: 0.000042, batch_cost: 0.1016, reader_cost: 0.00000, ips: 39.3841 samples/sec, max_mem_reserved: 922 MB, max_mem_allocated: 673 MB | ETA 00:21:16
[2026/10/07 12:28:18] INFO: [TRAIN] epoch: 12, iter: 5440/18000, loss: 3.0893, lr: 0.000042, batch_cost: 0.1043, reader_cost: 0.00000, ips: 38.3386 samples/sec, max_mem_reserved: 922 MB, max_mem_allocated: 673 MB | ETA 00:21:50
[2026/10/07 12:28:19] INFO: [TRAIN] epoch: 12, iter: 5450/18000, loss: 3.4646, lr: 0.000042, batch_cost: 0.0989, reader_cost: 0.00015, ips: 40.4451 samples/sec, max_mem_reserved: 922 MB, max_mem_allocated: 673 MB | ETA 00:20:41
[2026/10/07 12:28:20] INFO: [TRAIN] epoch: 12, iter: 5460/18000, loss: 3.0239, lr: 0.000042, batch_cost: 0.1022, reader_cost: 0.00025, ips: 39.1355 samples/sec, max_mem_reserved: 922 MB, max_mem_allocated: 673 MB | ETA 00:21:21
[2026/10/07 12:28:22] INFO: [TRAIN] epoch: 12, iter: 5470/18000, loss: 3.0391, lr: 0.000042, batch_cost: 0.1030, reader_cost: 0.00000, ips: 38.8505 samples/sec, max_mem_reserved: 922 MB, max_mem_allocated: 673 MB | ETA 00:21:30
[2026/10/07 12:28:23] INFO: [TRAIN] epoch: 12, iter: 5480/18000, loss: 2.9309, lr: 0.000042, batch_cost: 0.1011, reader_cost: 0.00010, ips: 39.5634 samples/sec, max_mem_reserved: 922 MB, max_mem_allocated: 673 MB | ETA 00:21:05
[2026/10/07 12:28:24] INFO: [TRAIN] epoch: 12, iter: 5490/18000, loss: 3.0015, lr: 0.000042, batch_cost: 0.1031, reader_cost: 0.00010, ips: 38.7789 samples/sec, max_mem_reserved: 922 MB, max_mem_allocated: 673 MB | ETA 00:21:30
[2026/10/07 12:28:26] INFO: [TRAIN] epoch: 12, iter: 5500/18000, loss: 3.1110, lr: 0.000042, batch_cost: 0.1028, reader_cost: 0.00000, ips: 38.8944 samples/sec, max_mem_reserved: 922 MB, max_mem_allocated: 673 MB | ETA 00:21:25
[2026/10/07 12:28:27] INFO: [TRAIN] epoch: 12, iter: 5510/18000, loss: 2.8984, lr: 0.000042, batch_cost: 0.1019, reader_cost: 0.00025, ips: 39.2646 samples/sec, max_mem_reserved: 922 MB, max_mem_allocated: 673 MB | ETA 00:21:12
[2026/10/07 12:28:28] INFO: [TRAIN] epoch: 12, iter: 5520/18000, loss: 2.8492, lr: 0.000042, batch_cost: 0.1021, reader_cost: 0.00010, ips: 39.1831 samples/sec, max_mem_reserved: 922 MB, max_mem_allocated: 673 MB | ETA 00:21:14
[2026/10/07 12:28:30] INFO: [TRAIN] epoch: 12, iter: 5530/18000, loss: 3.1470, lr: 0.000042, batch_cost: 0.1027, reader_cost: 0.00010, ips: 38.9295 samples/sec, max_mem_reserved: 922 MB, max_mem_allocated: 673 MB | ETA 00:21:21
[2026/10/07 12:28:31] INFO: [TRAIN] epoch: 12, iter: 5540/18000, loss: 3.6447, lr: 0.000042, batch_cost: 0.1025, reader_cost: 0.00010, ips: 39.0156 samples/sec, max_mem_reserved: 922 MB, max_mem_allocated: 673 MB | ETA 00:21:17
[2026/10/07 12:28:32] INFO: [TRAIN] epoch: 12, iter: 5550/18000, loss: 3.1565, lr: 0.000042, batch_cost: 0.1010, reader_cost: 0.00010, ips: 39.5874 samples/sec, max_mem_reserved: 922 MB, max_mem_allocated: 673 MB | ETA 00:20:57
[2026/10/07 12:28:34] INFO: [TRAIN] epoch: 12, iter: 5560/18000, loss: 3.0332, lr: 0.000041, batch_cost: 0.1041, reader_cost: 0.00010, ips: 38.4301 samples/sec, max_mem_reserved: 922 MB, max_mem_allocated: 673 MB | ETA 00:21:34
[2026/10/07 12:28:35] INFO: [TRAIN] epoch: 12, iter: 5570/18000, loss: 3.1642, lr: 0.000041, batch_cost: 0.1021, reader_cost: 0.00015, ips: 39.1927 samples/sec, max_mem_reserved: 922 MB, max_mem_allocated: 673 MB | ETA 00:21:08
[2026/10/07 12:28:36] INFO: [TRAIN] epoch: 12, iter: 5580/18000, loss: 3.0836, lr: 0.000041, batch_cost: 0.1016, reader_cost: 0.00010, ips: 39.3678 samples/sec, max_mem_reserved: 922 MB, max_mem_allocated: 673 MB | ETA 00:21:01
[2026/10/07 12:28:38] INFO: [TRAIN] epoch: 12, iter: 5590/18000, loss: 3.1659, lr: 0.000041, batch_cost: 0.1021, reader_cost: 0.00020, ips: 39.1904 samples/sec, max_mem_reserved: 922 MB, max_mem_allocated: 673 MB | ETA 00:21:06
[2026/10/07 12:28:39] INFO: [TRAIN] epoch: 12, iter: 5600/18000, loss: 3.2044, lr: 0.000041, batch_cost: 0.1001, reader_cost: 0.00010, ips: 39.9630 samples/sec, max_mem_reserved: 922 MB, max_mem_allocated: 673 MB | ETA 00:20:41
[2026/10/07 12:28:40] INFO: [TRAIN] epoch: 12, iter: 5610/18000, loss: 3.2751, lr: 0.000041, batch_cost: 0.1016, reader_cost: 0.00000, ips: 39.3706 samples/sec, max_mem_reserved: 922 MB, max_mem_allocated: 673 MB | ETA 00:20:58
[2026/10/07 12:28:42] INFO: [TRAIN] epoch: 12, iter: 5620/18000, loss: 2.9834, lr: 0.000041, batch_cost: 0.1027, reader_cost: 0.00010, ips: 38.9594 samples/sec, max_mem_reserved: 922 MB, max_mem_allocated: 673 MB | ETA 00:21:11
[2026/10/07 12:28:43] INFO: [TRAIN] epoch: 12, iter: 5630/18000, loss: 2.9723, lr: 0.000041, batch_cost: 0.1022, reader_cost: 0.00010, ips: 39.1472 samples/sec, max_mem_reserved: 922 MB, max_mem_allocated: 673 MB | ETA 00:21:03
[2026/10/07 12:28:44] INFO: [TRAIN] epoch: 12, iter: 5640/18000, loss: 2.9058, lr: 0.000041, batch_cost: 0.1020, reader_cost: 0.00010, ips: 39.2098 samples/sec, max_mem_reserved: 922 MB, max_mem_allocated: 673 MB | ETA 00:21:00
[2026/10/07 12:28:46] INFO: [TRAIN] epoch: 12, iter: 5650/18000, loss: 3.1706, lr: 0.000041, batch_cost: 0.1013, reader_cost: 0.00010, ips: 39.4773 samples/sec, max_mem_reserved: 922 MB, max_mem_allocated: 673 MB | ETA 00:20:51
[2026/10/07 12:28:47] INFO: [TRAIN] epoch: 12, iter: 5660/18000, loss: 3.1093, lr: 0.000041, batch_cost: 0.1019, reader_cost: 0.00020, ips: 39.2357 samples/sec, max_mem_reserved: 922 MB, max_mem_allocated: 673 MB | ETA 00:20:58
[2026/10/07 12:28:48] INFO: [TRAIN] epoch: 12, iter: 5670/18000, loss: 2.7639, lr: 0.000041, batch_cost: 0.1010, reader_cost: 0.00010, ips: 39.5931 samples/sec, max_mem_reserved: 922 MB, max_mem_allocated: 673 MB | ETA 00:20:45
[2026/10/07 12:28:50] INFO: [TRAIN] epoch: 12, iter: 5680/18000, loss: 3.2179, lr: 0.000041, batch_cost: 0.1008, reader_cost: 0.00000, ips: 39.6849 samples/sec, max_mem_reserved: 922 MB, max_mem_allocated: 673 MB | ETA 00:20:41
[2026/10/07 12:28:51] INFO: [TRAIN] epoch: 13, iter: 5690/18000, loss: 3.0972, lr: 0.000041, batch_cost: 0.1011, reader_cost: 0.00736, ips: 39.5458 samples/sec, max_mem_reserved: 922 MB, max_mem_allocated: 673 MB | ETA 00:20:45
[2026/10/07 12:28:53] INFO: [TRAIN] epoch: 13, iter: 5700/18000, loss: 2.8975, lr: 0.000041, batch_cost: 0.1038, reader_cost: 0.00000, ips: 38.5303 samples/sec, max_mem_reserved: 922 MB, max_mem_allocated: 673 MB | ETA 00:21:16
[2026/10/07 12:28:54] INFO: [TRAIN] epoch: 13, iter: 5710/18000, loss: 3.3656, lr: 0.000041, batch_cost: 0.1006, reader_cost: 0.00010, ips: 39.7449 samples/sec, max_mem_reserved: 922 MB, max_mem_allocated: 673 MB | ETA 00:20:36
[2026/10/07 12:28:55] INFO: [TRAIN] epoch: 13, iter: 5720/18000, loss: 3.1983, lr: 0.000041, batch_cost: 0.1012, reader_cost: 0.00010, ips: 39.5194 samples/sec, max_mem_reserved: 922 MB, max_mem_allocated: 673 MB | ETA 00:20:42
[2026/10/07 12:28:57] INFO: [TRAIN] epoch: 13, iter: 5730/18000, loss: 3.0187, lr: 0.000041, batch_cost: 0.0992, reader_cost: 0.00000, ips: 40.3266 samples/sec, max_mem_reserved: 922 MB, max_mem_allocated: 673 MB | ETA 00:20:17
[2026/10/07 12:28:58] INFO: [TRAIN] epoch: 13, iter: 5740/18000, loss: 2.8473, lr: 0.000041, batch_cost: 0.1019, reader_cost: 0.00015, ips: 39.2541 samples/sec, max_mem_reserved: 922 MB, max_mem_allocated: 673 MB | ETA 00:20:49
[2026/10/07 12:28:59] INFO: [TRAIN] epoch: 13, iter: 5750/18000, loss: 3.1570, lr: 0.000041, batch_cost: 0.1035, reader_cost: 0.00005, ips: 38.6548 samples/sec, max_mem_reserved: 922 MB, max_mem_allocated: 673 MB | ETA 00:21:07
[2026/10/07 12:29:01] INFO: [TRAIN] epoch: 13, iter: 5760/18000, loss: 3.5153, lr: 0.000041, batch_cost: 0.1014, reader_cost: 0.00010, ips: 39.4373 samples/sec, max_mem_reserved: 922 MB, max_mem_allocated: 673 MB | ETA 00:20:41
[2026/10/07 12:29:02] INFO: [TRAIN] epoch: 13, iter: 5770/18000, loss: 3.1323, lr: 0.000041, batch_cost: 0.0997, reader_cost: 0.00010, ips: 40.1083 samples/sec, max_mem_reserved: 922 MB, max_mem_allocated: 673 MB | ETA 00:20:19
[2026/10/07 12:29:03] INFO: [TRAIN] epoch: 13, iter: 5780/18000, loss: 3.1608, lr: 0.000041, batch_cost: 0.1039, reader_cost: 0.00010, ips: 38.4843 samples/sec, max_mem_reserved: 922 MB, max_mem_allocated: 673 MB | ETA 00:21:10
[2026/10/07 12:29:05] INFO: [TRAIN] epoch: 13, iter: 5790/18000, loss: 2.9826, lr: 0.000041, batch_cost: 0.0988, reader_cost: 0.00030, ips: 40.4708 samples/sec, max_mem_reserved: 922 MB, max_mem_allocated: 673 MB | ETA 00:20:06
[2026/10/07 12:29:06] INFO: [TRAIN] epoch: 13, iter: 5800/18000, loss: 2.8082, lr: 0.000041, batch_cost: 0.1010, reader_cost: 0.00010, ips: 39.6027 samples/sec, max_mem_reserved: 922 MB, max_mem_allocated: 673 MB | ETA 00:20:32
[2026/10/07 12:29:07] INFO: [TRAIN] epoch: 13, iter: 5810/18000, loss: 3.3392, lr: 0.000041, batch_cost: 0.1027, reader_cost: 0.00036, ips: 38.9363 samples/sec, max_mem_reserved: 922 MB, max_mem_allocated: 673 MB | ETA 00:20:52
[2026/10/07 12:29:09] INFO: [TRAIN] epoch: 13, iter: 5820/18000, loss: 3.4674, lr: 0.000041, batch_cost: 0.1014, reader_cost: 0.00000, ips: 39.4578 samples/sec, max_mem_reserved: 922 MB, max_mem_allocated: 673 MB | ETA 00:20:34
[2026/10/07 12:29:10] INFO: [TRAIN] epoch: 13, iter: 5830/18000, loss: 2.9608, lr: 0.000041, batch_cost: 0.1007, reader_cost: 0.00010, ips: 39.7240 samples/sec, max_mem_reserved: 922 MB, max_mem_allocated: 673 MB | ETA 00:20:25
[2026/10/07 12:29:11] INFO: [TRAIN] epoch: 13, iter: 5840/18000, loss: 2.9879, lr: 0.000041, batch_cost: 0.1031, reader_cost: 0.00010, ips: 38.8029 samples/sec, max_mem_reserved: 922 MB, max_mem_allocated: 673 MB | ETA 00:20:53
[2026/10/07 12:29:13] INFO: [TRAIN] epoch: 13, iter: 5850/18000, loss: 2.7975, lr: 0.000041, batch_cost: 0.1014, reader_cost: 0.00000, ips: 39.4487 samples/sec, max_mem_reserved: 922 MB, max_mem_allocated: 673 MB | ETA 00:20:31
[2026/10/07 12:29:14] INFO: [TRAIN] epoch: 13, iter: 5860/18000, loss: 3.2388, lr: 0.000040, batch_cost: 0.1013, reader_cost: 0.00015, ips: 39.4746 samples/sec, max_mem_reserved: 922 MB, max_mem_allocated: 673 MB | ETA 00:20:30
[2026/10/07 12:29:15] INFO: [TRAIN] epoch: 13, iter: 5870/18000, loss: 2.7731, lr: 0.000040, batch_cost: 0.1026, reader_cost: 0.00010, ips: 38.9980 samples/sec, max_mem_reserved: 922 MB, max_mem_allocated: 673 MB | ETA 00:20:44
[2026/10/07 12:29:17] INFO: [TRAIN] epoch: 13, iter: 5880/18000, loss: 3.1180, lr: 0.000040, batch_cost: 0.1028, reader_cost: 0.00010, ips: 38.9082 samples/sec, max_mem_reserved: 922 MB, max_mem_allocated: 673 MB | ETA 00:20:46
[2026/10/07 12:29:18] INFO: [TRAIN] epoch: 13, iter: 5890/18000, loss: 2.9659, lr: 0.000040, batch_cost: 0.1005, reader_cost: 0.00005, ips: 39.7815 samples/sec, max_mem_reserved: 922 MB, max_mem_allocated: 673 MB | ETA 00:20:17
[2026/10/07 12:29:19] INFO: [TRAIN] epoch: 13, iter: 5900/18000, loss: 3.0830, lr: 0.000040, batch_cost: 0.0997, reader_cost: 0.00000, ips: 40.1078 samples/sec, max_mem_reserved: 922 MB, max_mem_allocated: 673 MB | ETA 00:20:06
[2026/10/07 12:29:21] INFO: [TRAIN] epoch: 13, iter: 5910/18000, loss: 2.7668, lr: 0.000040, batch_cost: 0.1003, reader_cost: 0.00010, ips: 39.8792 samples/sec, max_mem_reserved: 922 MB, max_mem_allocated: 673 MB | ETA 00:20:12
[2026/10/07 12:29:22] INFO: [TRAIN] epoch: 13, iter: 5920/18000, loss: 3.0757, lr: 0.000040, batch_cost: 0.1051, reader_cost: 0.00000, ips: 38.0551 samples/sec, max_mem_reserved: 922 MB, max_mem_allocated: 673 MB | ETA 00:21:09
[2026/10/07 12:29:23] INFO: [TRAIN] epoch: 13, iter: 5930/18000, loss: 3.2495, lr: 0.000040, batch_cost: 0.1000, reader_cost: 0.00031, ips: 40.0120 samples/sec, max_mem_reserved: 922 MB, max_mem_allocated: 673 MB | ETA 00:20:06
[2026/10/07 12:29:25] INFO: [TRAIN] epoch: 13, iter: 5940/18000, loss: 3.2941, lr: 0.000040, batch_cost: 0.0992, reader_cost: 0.00005, ips: 40.3295 samples/sec, max_mem_reserved: 922 MB, max_mem_allocated: 673 MB | ETA 00:19:56
[2026/10/07 12:29:26] INFO: [TRAIN] epoch: 13, iter: 5950/18000, loss: 2.9638, lr: 0.000040, batch_cost: 0.1021, reader_cost: 0.00000, ips: 39.1795 samples/sec, max_mem_reserved: 922 MB, max_mem_allocated: 673 MB | ETA 00:20:30
[2026/10/07 12:29:27] INFO: [TRAIN] epoch: 13, iter: 5960/18000, loss: 3.1948, lr: 0.000040, batch_cost: 0.1014, reader_cost: 0.00010, ips: 39.4551 samples/sec, max_mem_reserved: 922 MB, max_mem_allocated: 673 MB | ETA 00:20:20
[2026/10/07 12:29:29] INFO: [TRAIN] epoch: 13, iter: 5970/18000, loss: 3.2457, lr: 0.000040, batch_cost: 0.0999, reader_cost: 0.00022, ips: 40.0350 samples/sec, max_mem_reserved: 922 MB, max_mem_allocated: 673 MB | ETA 00:20:01
[2026/10/07 12:29:30] INFO: [TRAIN] epoch: 13, iter: 5980/18000, loss: 3.0051, lr: 0.000040, batch_cost: 0.1034, reader_cost: 0.00000, ips: 38.7018 samples/sec, max_mem_reserved: 922 MB, max_mem_allocated: 673 MB | ETA 00:20:42
[2026/10/07 12:29:31] INFO: [TRAIN] epoch: 13, iter: 5990/18000, loss: 2.9009, lr: 0.000040, batch_cost: 0.1002, reader_cost: 0.00000, ips: 39.9240 samples/sec, max_mem_reserved: 922 MB, max_mem_allocated: 673 MB | ETA 00:20:03
[2026/10/07 12:29:33] INFO: [TRAIN] epoch: 13, iter: 6000/18000, loss: 3.2381, lr: 0.000040, batch_cost: 0.1006, reader_cost: 0.00010, ips: 39.7804 samples/sec, max_mem_reserved: 922 MB, max_mem_allocated: 673 MB | ETA 00:20:06
[2026/10/07 12:29:33] INFO: Start evaluating (total_samples: 348, total_iters: 348)...

  1/348 [..............................] - ETA: 13s - batch_cost: 0.0382 - reader cost: 0.0142
  4/348 [..............................] - ETA: 9s - batch_cost: 0.0263 - reader cost: 0.0035 
  7/348 [..............................] - ETA: 7s - batch_cost: 0.0234 - reader cost: 0.0022
 10/348 [..............................] - ETA: 7s - batch_cost: 0.0221 - reader cost: 0.0015
 13/348 [>.............................] - ETA: 7s - batch_cost: 0.0214 - reader cost: 0.0012
 16/348 [>.............................] - ETA: 6s - batch_cost: 0.0209 - reader cost: 0.0010
 19/348 [>.............................] - ETA: 6s - batch_cost: 0.0204 - reader cost: 8.5046e-04
 22/348 [>.............................] - ETA: 6s - batch_cost: 0.0201 - reader cost: 7.3449e-04
 25/348 [=>............................] - ETA: 6s - batch_cost: 0.0200 - reader cost: 6.4635e-04
 28/348 [=>............................] - ETA: 6s - batch_cost: 0.0200 - reader cost: 6.1309e-04
 31/348 [=>............................] - ETA: 6s - batch_cost: 0.0199 - reader cost: 5.5376e-04
 34/348 [=>............................] - ETA: 6s - batch_cost: 0.0198 - reader cost: 5.0490e-04
 37/348 [==>...........................] - ETA: 6s - batch_cost: 0.0197 - reader cost: 4.6396e-04
 40/348 [==>...........................] - ETA: 6s - batch_cost: 0.0195 - reader cost: 4.2917e-04
 43/348 [==>...........................] - ETA: 5s - batch_cost: 0.0195 - reader cost: 4.2221e-04
 46/348 [==>...........................] - ETA: 5s - batch_cost: 0.0194 - reader cost: 3.9467e-04
 49/348 [===>..........................] - ETA: 5s - batch_cost: 0.0193 - reader cost: 3.7051e-04
 52/348 [===>..........................] - ETA: 5s - batch_cost: 0.0192 - reader cost: 3.4913e-04
 56/348 [===>..........................] - ETA: 5s - batch_cost: 0.0191 - reader cost: 3.2419e-04
 59/348 [====>.........................] - ETA: 5s - batch_cost: 0.0190 - reader cost: 3.0771e-04
 62/348 [====>.........................] - ETA: 5s - batch_cost: 0.0190 - reader cost: 2.9282e-04
 65/348 [====>.........................] - ETA: 5s - batch_cost: 0.0190 - reader cost: 2.7931e-04
 68/348 [====>.........................] - ETA: 5s - batch_cost: 0.0190 - reader cost: 2.6698e-04
 71/348 [=====>........................] - ETA: 5s - batch_cost: 0.0189 - reader cost: 2.5570e-04
 74/348 [=====>........................] - ETA: 5s - batch_cost: 0.0189 - reader cost: 2.4534e-04
 77/348 [=====>........................] - ETA: 5s - batch_cost: 0.0189 - reader cost: 2.4877e-04
 80/348 [=====>........................] - ETA: 5s - batch_cost: 0.0189 - reader cost: 2.3944e-04
 83/348 [======>.......................] - ETA: 5s - batch_cost: 0.0189 - reader cost: 2.3078e-04
 86/348 [======>.......................] - ETA: 4s - batch_cost: 0.0189 - reader cost: 2.2273e-04
 89/348 [======>.......................] - ETA: 4s - batch_cost: 0.0190 - reader cost: 2.1523e-04
 92/348 [======>.......................] - ETA: 4s - batch_cost: 0.0190 - reader cost: 2.0821e-04
 95/348 [=======>......................] - ETA: 4s - batch_cost: 0.0191 - reader cost: 2.1220e-04
 98/348 [=======>......................] - ETA: 4s - batch_cost: 0.0190 - reader cost: 2.0570e-04
101/348 [=======>......................] - ETA: 4s - batch_cost: 0.0190 - reader cost: 1.9959e-04
104/348 [=======>......................] - ETA: 4s - batch_cost: 0.0190 - reader cost: 1.9383e-04
107/348 [========>.....................] - ETA: 4s - batch_cost: 0.0190 - reader cost: 1.9775e-04
110/348 [========>.....................] - ETA: 4s - batch_cost: 0.0190 - reader cost: 1.9235e-04
113/348 [========>.....................] - ETA: 4s - batch_cost: 0.0190 - reader cost: 1.8725e-04
116/348 [=========>....................] - ETA: 4s - batch_cost: 0.0190 - reader cost: 1.8240e-04
119/348 [=========>....................] - ETA: 4s - batch_cost: 0.0189 - reader cost: 1.7781e-04
122/348 [=========>....................] - ETA: 4s - batch_cost: 0.0189 - reader cost: 1.7343e-04
125/348 [=========>....................] - ETA: 4s - batch_cost: 0.0189 - reader cost: 1.7719e-04
128/348 [==========>...................] - ETA: 4s - batch_cost: 0.0188 - reader cost: 1.7303e-04
131/348 [==========>...................] - ETA: 4s - batch_cost: 0.0188 - reader cost: 1.6907e-04
134/348 [==========>...................] - ETA: 4s - batch_cost: 0.0188 - reader cost: 1.6529e-04
137/348 [==========>...................] - ETA: 3s - batch_cost: 0.0188 - reader cost: 1.6167e-04
140/348 [===========>..................] - ETA: 3s - batch_cost: 0.0188 - reader cost: 1.5820e-04
143/348 [===========>..................] - ETA: 3s - batch_cost: 0.0188 - reader cost: 1.5488e-04
146/348 [===========>..................] - ETA: 3s - batch_cost: 0.0188 - reader cost: 1.5170e-04
149/348 [===========>..................] - ETA: 3s - batch_cost: 0.0188 - reader cost: 1.4865e-04
152/348 [============>.................] - ETA: 3s - batch_cost: 0.0188 - reader cost: 1.4571e-04
155/348 [============>.................] - ETA: 3s - batch_cost: 0.0187 - reader cost: 1.4289e-04
158/348 [============>.................] - ETA: 3s - batch_cost: 0.0187 - reader cost: 1.4018e-04
161/348 [============>.................] - ETA: 3s - batch_cost: 0.0187 - reader cost: 1.3757e-04
164/348 [=============>................] - ETA: 3s - batch_cost: 0.0187 - reader cost: 1.3505e-04
167/348 [=============>................] - ETA: 3s - batch_cost: 0.0187 - reader cost: 1.4764e-04
170/348 [=============>................] - ETA: 3s - batch_cost: 0.0187 - reader cost: 1.4503e-04
173/348 [=============>................] - ETA: 3s - batch_cost: 0.0187 - reader cost: 1.4252e-04
176/348 [==============>...............] - ETA: 3s - batch_cost: 0.0187 - reader cost: 1.4009e-04
179/348 [==============>...............] - ETA: 3s - batch_cost: 0.0187 - reader cost: 1.3774e-04
182/348 [==============>...............] - ETA: 3s - batch_cost: 0.0187 - reader cost: 1.3547e-04
185/348 [==============>...............] - ETA: 3s - batch_cost: 0.0187 - reader cost: 1.3327e-04
188/348 [===============>..............] - ETA: 3s - batch_cost: 0.0187 - reader cost: 1.3114e-04
191/348 [===============>..............] - ETA: 2s - batch_cost: 0.0187 - reader cost: 1.2908e-04
194/348 [===============>..............] - ETA: 2s - batch_cost: 0.0187 - reader cost: 1.2709e-04
197/348 [===============>..............] - ETA: 2s - batch_cost: 0.0187 - reader cost: 1.2515e-04
200/348 [================>.............] - ETA: 2s - batch_cost: 0.0187 - reader cost: 1.3212e-04
203/348 [================>.............] - ETA: 2s - batch_cost: 0.0187 - reader cost: 1.3017e-04
206/348 [================>.............] - ETA: 2s - batch_cost: 0.0187 - reader cost: 1.2827e-04
209/348 [=================>............] - ETA: 2s - batch_cost: 0.0187 - reader cost: 1.2643e-04
213/348 [=================>............] - ETA: 2s - batch_cost: 0.0187 - reader cost: 1.2405e-04
216/348 [=================>............] - ETA: 2s - batch_cost: 0.0187 - reader cost: 1.2233e-04
219/348 [=================>............] - ETA: 2s - batch_cost: 0.0187 - reader cost: 1.2066e-04
222/348 [==================>...........] - ETA: 2s - batch_cost: 0.0187 - reader cost: 1.1903e-04
225/348 [==================>...........] - ETA: 2s - batch_cost: 0.0187 - reader cost: 1.2188e-04
228/348 [==================>...........] - ETA: 2s - batch_cost: 0.0187 - reader cost: 1.2027e-04
231/348 [==================>...........] - ETA: 2s - batch_cost: 0.0186 - reader cost: 1.2306e-04
234/348 [===================>..........] - ETA: 2s - batch_cost: 0.0186 - reader cost: 1.2148e-04
237/348 [===================>..........] - ETA: 2s - batch_cost: 0.0186 - reader cost: 1.2637e-04
240/348 [===================>..........] - ETA: 2s - batch_cost: 0.0186 - reader cost: 1.2480e-04
243/348 [===================>..........] - ETA: 1s - batch_cost: 0.0186 - reader cost: 1.2325e-04
246/348 [====================>.........] - ETA: 1s - batch_cost: 0.0186 - reader cost: 1.2175e-04
249/348 [====================>.........] - ETA: 1s - batch_cost: 0.0186 - reader cost: 1.2028e-04
252/348 [====================>.........] - ETA: 1s - batch_cost: 0.0186 - reader cost: 1.1885e-04
255/348 [====================>.........] - ETA: 1s - batch_cost: 0.0186 - reader cost: 1.2336e-04
258/348 [=====================>........] - ETA: 1s - batch_cost: 0.0186 - reader cost: 1.2192e-04
261/348 [=====================>........] - ETA: 1s - batch_cost: 0.0186 - reader cost: 1.2052e-04
264/348 [=====================>........] - ETA: 1s - batch_cost: 0.0186 - reader cost: 1.1915e-04
267/348 [======================>.......] - ETA: 1s - batch_cost: 0.0186 - reader cost: 1.1781e-04
270/348 [======================>.......] - ETA: 1s - batch_cost: 0.0186 - reader cost: 1.1651e-04
273/348 [======================>.......] - ETA: 1s - batch_cost: 0.0186 - reader cost: 1.1523e-04
276/348 [======================>.......] - ETA: 1s - batch_cost: 0.0186 - reader cost: 1.1397e-04
279/348 [=======================>......] - ETA: 1s - batch_cost: 0.0186 - reader cost: 1.1275e-04
282/348 [=======================>......] - ETA: 1s - batch_cost: 0.0186 - reader cost: 1.1155e-04
285/348 [=======================>......] - ETA: 1s - batch_cost: 0.0186 - reader cost: 1.1037e-04
288/348 [=======================>......] - ETA: 1s - batch_cost: 0.0186 - reader cost: 1.0922e-04
291/348 [========================>.....] - ETA: 1s - batch_cost: 0.0186 - reader cost: 1.0810e-04
294/348 [========================>.....] - ETA: 1s - batch_cost: 0.0186 - reader cost: 1.0699e-04
297/348 [========================>.....] - ETA: 0s - batch_cost: 0.0186 - reader cost: 1.0920e-04
300/348 [========================>.....] - ETA: 0s - batch_cost: 0.0186 - reader cost: 1.0811e-04
303/348 [=========================>....] - ETA: 0s - batch_cost: 0.0186 - reader cost: 1.0703e-04
306/348 [=========================>....] - ETA: 0s - batch_cost: 0.0186 - reader cost: 1.0599e-04
309/348 [=========================>....] - ETA: 0s - batch_cost: 0.0186 - reader cost: 1.0496e-04
312/348 [=========================>....] - ETA: 0s - batch_cost: 0.0186 - reader cost: 1.0395e-04
315/348 [==========================>...] - ETA: 0s - batch_cost: 0.0186 - reader cost: 1.0296e-04
318/348 [==========================>...] - ETA: 0s - batch_cost: 0.0185 - reader cost: 1.0358e-04
321/348 [==========================>...] - ETA: 0s - batch_cost: 0.0186 - reader cost: 1.0735e-04
324/348 [==========================>...] - ETA: 0s - batch_cost: 0.0186 - reader cost: 1.0636e-04
327/348 [===========================>..] - ETA: 0s - batch_cost: 0.0186 - reader cost: 1.0538e-04
330/348 [===========================>..] - ETA: 0s - batch_cost: 0.0186 - reader cost: 1.0443e-04
333/348 [===========================>..] - ETA: 0s - batch_cost: 0.0186 - reader cost: 1.0349e-04
336/348 [===========================>..] - ETA: 0s - batch_cost: 0.0186 - reader cost: 1.0554e-04
339/348 [============================>.] - ETA: 0s - batch_cost: 0.0186 - reader cost: 1.0756e-04
342/348 [============================>.] - ETA: 0s - batch_cost: 0.0187 - reader cost: 1.1247e-04
345/348 [============================>.] - ETA: 0s - batch_cost: 0.0186 - reader cost: 1.1149e-04
348/348 [==============================] - 7s 19ms/step - batch_cost: 0.0186 - reader cost: 1.1053e-04
[2026/10/07 12:29:39] INFO: [EVAL] #Images: 348 mIoU: 0.7939 Acc: 0.9742 Kappa: 0.7478 Dice: 0.8739
[2026/10/07 12:29:39] INFO: [EVAL] Class IoU: 
[0.973  0.6148]
[2026/10/07 12:29:39] INFO: [EVAL] Class Precision: 
[0.9839 0.7952]
[2026/10/07 12:29:39] INFO: [EVAL] Class Recall: 
[0.9887 0.7304]
[2026/10/07 12:29:39] INFO: Start evaluating (total_samples: 348, total_iters: 348)...

  1/348 [..............................] - ETA: 11s - batch_cost: 0.0342 - reader cost: 0.0105
  4/348 [..............................] - ETA: 8s - batch_cost: 0.0244 - reader cost: 0.0026 
  7/348 [..............................] - ETA: 7s - batch_cost: 0.0219 - reader cost: 0.0015
 10/348 [..............................] - ETA: 6s - batch_cost: 0.0206 - reader cost: 0.0011
 13/348 [>.............................] - ETA: 6s - batch_cost: 0.0201 - reader cost: 8.4989e-04
 16/348 [>.............................] - ETA: 6s - batch_cost: 0.0197 - reader cost: 6.9053e-04
 19/348 [>.............................] - ETA: 6s - batch_cost: 0.0195 - reader cost: 5.8150e-04
 22/348 [>.............................] - ETA: 6s - batch_cost: 0.0194 - reader cost: 5.0221e-04
 25/348 [=>............................] - ETA: 6s - batch_cost: 0.0192 - reader cost: 4.4194e-04
 28/348 [=>............................] - ETA: 6s - batch_cost: 0.0192 - reader cost: 3.9459e-04
 31/348 [=>............................] - ETA: 6s - batch_cost: 0.0192 - reader cost: 3.5641e-04
 34/348 [=>............................] - ETA: 6s - batch_cost: 0.0191 - reader cost: 3.2496e-04
 37/348 [==>...........................] - ETA: 5s - batch_cost: 0.0190 - reader cost: 2.9861e-04
 40/348 [==>...........................] - ETA: 5s - batch_cost: 0.0191 - reader cost: 2.7621e-04
 43/348 [==>...........................] - ETA: 5s - batch_cost: 0.0191 - reader cost: 2.5694e-04
 46/348 [==>...........................] - ETA: 5s - batch_cost: 0.0191 - reader cost: 2.4019e-04
 49/348 [===>..........................] - ETA: 5s - batch_cost: 0.0191 - reader cost: 2.2548e-04
 52/348 [===>..........................] - ETA: 5s - batch_cost: 0.0191 - reader cost: 2.2257e-04
 55/348 [===>..........................] - ETA: 5s - batch_cost: 0.0191 - reader cost: 2.1043e-04
 58/348 [====>.........................] - ETA: 5s - batch_cost: 0.0191 - reader cost: 1.9954e-04
 61/348 [====>.........................] - ETA: 5s - batch_cost: 0.0190 - reader cost: 1.8973e-04
 64/348 [====>.........................] - ETA: 5s - batch_cost: 0.0190 - reader cost: 1.8084e-04
 67/348 [====>.........................] - ETA: 5s - batch_cost: 0.0189 - reader cost: 1.7274e-04
 70/348 [=====>........................] - ETA: 5s - batch_cost: 0.0189 - reader cost: 1.6534e-04
 73/348 [=====>........................] - ETA: 5s - batch_cost: 0.0189 - reader cost: 1.5854e-04
 76/348 [=====>........................] - ETA: 5s - batch_cost: 0.0189 - reader cost: 1.6543e-04
 79/348 [=====>........................] - ETA: 5s - batch_cost: 0.0189 - reader cost: 1.5915e-04
 82/348 [======>.......................] - ETA: 5s - batch_cost: 0.0190 - reader cost: 1.5333e-04
 85/348 [======>.......................] - ETA: 5s - batch_cost: 0.0190 - reader cost: 1.5385e-04
 88/348 [======>.......................] - ETA: 4s - batch_cost: 0.0190 - reader cost: 1.4861e-04
 91/348 [======>.......................] - ETA: 4s - batch_cost: 0.0190 - reader cost: 1.4371e-04
 94/348 [=======>......................] - ETA: 4s - batch_cost: 0.0189 - reader cost: 1.3912e-04
 97/348 [=======>......................] - ETA: 4s - batch_cost: 0.0189 - reader cost: 1.3482e-04
100/348 [=======>......................] - ETA: 4s - batch_cost: 0.0189 - reader cost: 1.3077e-04
103/348 [=======>......................] - ETA: 4s - batch_cost: 0.0189 - reader cost: 1.2697e-04
106/348 [========>.....................] - ETA: 4s - batch_cost: 0.0189 - reader cost: 1.2337e-04
109/348 [========>.....................] - ETA: 4s - batch_cost: 0.0188 - reader cost: 1.1998e-04
112/348 [========>.....................] - ETA: 4s - batch_cost: 0.0188 - reader cost: 1.1676e-04
115/348 [========>.....................] - ETA: 4s - batch_cost: 0.0188 - reader cost: 1.1372e-04
118/348 [=========>....................] - ETA: 4s - batch_cost: 0.0188 - reader cost: 1.1083e-04
121/348 [=========>....................] - ETA: 4s - batch_cost: 0.0187 - reader cost: 1.0808e-04
124/348 [=========>....................] - ETA: 4s - batch_cost: 0.0188 - reader cost: 1.1354e-04
127/348 [=========>....................] - ETA: 4s - batch_cost: 0.0188 - reader cost: 1.1085e-04
130/348 [==========>...................] - ETA: 4s - batch_cost: 0.0188 - reader cost: 1.0830e-04
133/348 [==========>...................] - ETA: 4s - batch_cost: 0.0188 - reader cost: 1.1337e-04
136/348 [==========>...................] - ETA: 3s - batch_cost: 0.0188 - reader cost: 1.1087e-04
139/348 [==========>...................] - ETA: 3s - batch_cost: 0.0188 - reader cost: 1.0847e-04
142/348 [===========>..................] - ETA: 3s - batch_cost: 0.0187 - reader cost: 1.1323e-04
145/348 [===========>..................] - ETA: 3s - batch_cost: 0.0187 - reader cost: 1.1089e-04
148/348 [===========>..................] - ETA: 3s - batch_cost: 0.0187 - reader cost: 1.1540e-04
151/348 [============>.................] - ETA: 3s - batch_cost: 0.0187 - reader cost: 1.1310e-04
154/348 [============>.................] - ETA: 3s - batch_cost: 0.0187 - reader cost: 1.1090e-04
157/348 [============>.................] - ETA: 3s - batch_cost: 0.0187 - reader cost: 1.0878e-04
160/348 [============>.................] - ETA: 3s - batch_cost: 0.0187 - reader cost: 1.0674e-04
163/348 [=============>................] - ETA: 3s - batch_cost: 0.0187 - reader cost: 1.0478e-04
166/348 [=============>................] - ETA: 3s - batch_cost: 0.0187 - reader cost: 1.0890e-04
169/348 [=============>................] - ETA: 3s - batch_cost: 0.0186 - reader cost: 1.0696e-04
172/348 [=============>................] - ETA: 3s - batch_cost: 0.0186 - reader cost: 1.0510e-04
175/348 [==============>...............] - ETA: 3s - batch_cost: 0.0186 - reader cost: 1.0330e-04
178/348 [==============>...............] - ETA: 3s - batch_cost: 0.0186 - reader cost: 1.0155e-04
181/348 [==============>...............] - ETA: 3s - batch_cost: 0.0186 - reader cost: 9.9871e-05
184/348 [==============>...............] - ETA: 3s - batch_cost: 0.0186 - reader cost: 9.8243e-05
187/348 [===============>..............] - ETA: 3s - batch_cost: 0.0186 - reader cost: 9.6667e-05
190/348 [===============>..............] - ETA: 2s - batch_cost: 0.0187 - reader cost: 9.5140e-05
193/348 [===============>..............] - ETA: 2s - batch_cost: 0.0187 - reader cost: 9.3661e-05
196/348 [===============>..............] - ETA: 2s - batch_cost: 0.0186 - reader cost: 9.7339e-05
199/348 [================>.............] - ETA: 2s - batch_cost: 0.0186 - reader cost: 9.5872e-05
202/348 [================>.............] - ETA: 2s - batch_cost: 0.0186 - reader cost: 9.4448e-05
205/348 [================>.............] - ETA: 2s - batch_cost: 0.0186 - reader cost: 9.3066e-05
208/348 [================>.............] - ETA: 2s - batch_cost: 0.0187 - reader cost: 9.6462e-05
211/348 [=================>............] - ETA: 2s - batch_cost: 0.0187 - reader cost: 9.5091e-05
214/348 [=================>............] - ETA: 2s - batch_cost: 0.0187 - reader cost: 9.3758e-05
217/348 [=================>............] - ETA: 2s - batch_cost: 0.0187 - reader cost: 9.2461e-05
220/348 [=================>............] - ETA: 2s - batch_cost: 0.0187 - reader cost: 9.1201e-05
223/348 [==================>...........] - ETA: 2s - batch_cost: 0.0187 - reader cost: 9.6846e-05
226/348 [==================>...........] - ETA: 2s - batch_cost: 0.0187 - reader cost: 9.5560e-05
229/348 [==================>...........] - ETA: 2s - batch_cost: 0.0187 - reader cost: 9.4309e-05
232/348 [===================>..........] - ETA: 2s - batch_cost: 0.0187 - reader cost: 9.7424e-05
235/348 [===================>..........] - ETA: 2s - batch_cost: 0.0187 - reader cost: 9.6180e-05
238/348 [===================>..........] - ETA: 2s - batch_cost: 0.0187 - reader cost: 1.0337e-04
241/348 [===================>..........] - ETA: 2s - batch_cost: 0.0187 - reader cost: 1.0208e-04
244/348 [====================>.........] - ETA: 1s - batch_cost: 0.0187 - reader cost: 1.0494e-04
247/348 [====================>.........] - ETA: 1s - batch_cost: 0.0187 - reader cost: 1.0613e-04
250/348 [====================>.........] - ETA: 1s - batch_cost: 0.0187 - reader cost: 1.0486e-04
253/348 [====================>.........] - ETA: 1s - batch_cost: 0.0187 - reader cost: 1.0757e-04
256/348 [=====================>........] - ETA: 1s - batch_cost: 0.0187 - reader cost: 1.0631e-04
259/348 [=====================>........] - ETA: 1s - batch_cost: 0.0187 - reader cost: 1.0508e-04
262/348 [=====================>........] - ETA: 1s - batch_cost: 0.0187 - reader cost: 1.0387e-04
265/348 [=====================>........] - ETA: 1s - batch_cost: 0.0187 - reader cost: 1.0647e-04
268/348 [======================>.......] - ETA: 1s - batch_cost: 0.0187 - reader cost: 1.0528e-04
271/348 [======================>.......] - ETA: 1s - batch_cost: 0.0187 - reader cost: 1.0780e-04
274/348 [======================>.......] - ETA: 1s - batch_cost: 0.0187 - reader cost: 1.0662e-04
277/348 [======================>.......] - ETA: 1s - batch_cost: 0.0187 - reader cost: 1.0547e-04
280/348 [=======================>......] - ETA: 1s - batch_cost: 0.0187 - reader cost: 1.0434e-04
283/348 [=======================>......] - ETA: 1s - batch_cost: 0.0187 - reader cost: 1.0323e-04
286/348 [=======================>......] - ETA: 1s - batch_cost: 0.0187 - reader cost: 1.0215e-04
289/348 [=======================>......] - ETA: 1s - batch_cost: 0.0187 - reader cost: 1.0109e-04
292/348 [========================>.....] - ETA: 1s - batch_cost: 0.0187 - reader cost: 1.0005e-04
295/348 [========================>.....] - ETA: 0s - batch_cost: 0.0187 - reader cost: 9.9033e-05
298/348 [========================>.....] - ETA: 0s - batch_cost: 0.0187 - reader cost: 1.0152e-04
301/348 [========================>.....] - ETA: 0s - batch_cost: 0.0187 - reader cost: 1.0384e-04
304/348 [=========================>....] - ETA: 0s - batch_cost: 0.0187 - reader cost: 1.0282e-04
307/348 [=========================>....] - ETA: 0s - batch_cost: 0.0187 - reader cost: 1.0672e-04
310/348 [=========================>....] - ETA: 0s - batch_cost: 0.0187 - reader cost: 1.0569e-04
313/348 [=========================>....] - ETA: 0s - batch_cost: 0.0187 - reader cost: 1.0789e-04
316/348 [==========================>...] - ETA: 0s - batch_cost: 0.0187 - reader cost: 1.0687e-04
319/348 [==========================>...] - ETA: 0s - batch_cost: 0.0187 - reader cost: 1.0586e-04
322/348 [==========================>...] - ETA: 0s - batch_cost: 0.0187 - reader cost: 1.0488e-04
325/348 [===========================>..] - ETA: 0s - batch_cost: 0.0187 - reader cost: 1.0391e-04
328/348 [===========================>..] - ETA: 0s - batch_cost: 0.0187 - reader cost: 1.0600e-04
331/348 [===========================>..] - ETA: 0s - batch_cost: 0.0187 - reader cost: 1.0504e-04
334/348 [===========================>..] - ETA: 0s - batch_cost: 0.0187 - reader cost: 1.0409e-04
337/348 [============================>.] - ETA: 0s - batch_cost: 0.0187 - reader cost: 1.0317e-04
340/348 [============================>.] - ETA: 0s - batch_cost: 0.0187 - reader cost: 1.0225e-04
343/348 [============================>.] - ETA: 0s - batch_cost: 0.0187 - reader cost: 1.0136e-04
347/348 [============================>.] - ETA: 0s - batch_cost: 0.0187 - reader cost: 1.0019e-04
348/348 [==============================] - 7s 19ms/step - batch_cost: 0.0187 - reader cost: 9.9904e-05
[2026/10/07 12:29:46] INFO: [EVAL] #Images: 348 mIoU: 0.8051 Acc: 0.9760 Kappa: 0.7643 Dice: 0.8821
[2026/10/07 12:29:46] INFO: [EVAL] Class IoU: 
[0.975  0.6353]
[2026/10/07 12:29:46] INFO: [EVAL] Class Precision: 
[0.9845 0.8188]
[2026/10/07 12:29:46] INFO: [EVAL] Class Recall: 
[0.9902 0.7392]
[2026/10/07 12:29:46] INFO: [EVAL] The model with the best validation mIoU (0.7939) was saved at iter 6000.
[2026/10/07 12:29:46] INFO: [EVAL] The EMA model with the best validation mIoU (0.8051) was saved at iter 6000.
[2026/10/07 12:29:47] INFO: [TRAIN] epoch: 13, iter: 6010/18000, loss: 3.1268, lr: 0.000040, batch_cost: 0.1023, reader_cost: 0.00000, ips: 39.0860 samples/sec, max_mem_reserved: 922 MB, max_mem_allocated: 673 MB | ETA 00:20:27
[2026/10/07 12:29:49] INFO: [TRAIN] epoch: 13, iter: 6020/18000, loss: 3.0431, lr: 0.000040, batch_cost: 0.1053, reader_cost: 0.00000, ips: 38.0036 samples/sec, max_mem_reserved: 922 MB, max_mem_allocated: 673 MB | ETA 00:21:00
[2026/10/07 12:29:50] INFO: [TRAIN] epoch: 13, iter: 6030/18000, loss: 3.1285, lr: 0.000040, batch_cost: 0.1055, reader_cost: 0.00020, ips: 37.9283 samples/sec, max_mem_reserved: 922 MB, max_mem_allocated: 673 MB | ETA 00:21:02
[2026/10/07 12:29:51] INFO: [TRAIN] epoch: 13, iter: 6040/18000, loss: 3.0038, lr: 0.000040, batch_cost: 0.1024, reader_cost: 0.00000, ips: 39.0595 samples/sec, max_mem_reserved: 922 MB, max_mem_allocated: 673 MB | ETA 00:20:24
[2026/10/07 12:29:53] INFO: [TRAIN] epoch: 13, iter: 6050/18000, loss: 2.9208, lr: 0.000040, batch_cost: 0.1034, reader_cost: 0.00010, ips: 38.6917 samples/sec, max_mem_reserved: 922 MB, max_mem_allocated: 673 MB | ETA 00:20:35
[2026/10/07 12:29:54] INFO: [TRAIN] epoch: 13, iter: 6060/18000, loss: 2.6520, lr: 0.000040, batch_cost: 0.0995, reader_cost: 0.00000, ips: 40.2200 samples/sec, max_mem_reserved: 922 MB, max_mem_allocated: 673 MB | ETA 00:19:47
[2026/10/07 12:29:55] INFO: [TRAIN] epoch: 13, iter: 6070/18000, loss: 3.1768, lr: 0.000040, batch_cost: 0.1009, reader_cost: 0.00010, ips: 39.6312 samples/sec, max_mem_reserved: 922 MB, max_mem_allocated: 673 MB | ETA 00:20:04
[2026/10/07 12:29:57] INFO: [TRAIN] epoch: 13, iter: 6080/18000, loss: 3.0044, lr: 0.000040, batch_cost: 0.1021, reader_cost: 0.00006, ips: 39.1655 samples/sec, max_mem_reserved: 922 MB, max_mem_allocated: 673 MB | ETA 00:20:17
[2026/10/07 12:29:58] INFO: [TRAIN] epoch: 13, iter: 6090/18000, loss: 3.0403, lr: 0.000040, batch_cost: 0.1004, reader_cost: 0.00021, ips: 39.8284 samples/sec, max_mem_reserved: 922 MB, max_mem_allocated: 673 MB | ETA 00:19:56
[2026/10/07 12:29:59] INFO: [TRAIN] epoch: 13, iter: 6100/18000, loss: 2.7297, lr: 0.000040, batch_cost: 0.1007, reader_cost: 0.00000, ips: 39.7320 samples/sec, max_mem_reserved: 922 MB, max_mem_allocated: 673 MB | ETA 00:19:58
[2026/10/07 12:30:01] INFO: [TRAIN] epoch: 13, iter: 6110/18000, loss: 3.3549, lr: 0.000040, batch_cost: 0.1039, reader_cost: 0.00010, ips: 38.5030 samples/sec, max_mem_reserved: 922 MB, max_mem_allocated: 673 MB | ETA 00:20:35
[2026/10/07 12:30:02] INFO: [TRAIN] epoch: 13, iter: 6120/18000, loss: 2.8162, lr: 0.000040, batch_cost: 0.1035, reader_cost: 0.00020, ips: 38.6438 samples/sec, max_mem_reserved: 922 MB, max_mem_allocated: 673 MB | ETA 00:20:29
[2026/10/07 12:30:03] INFO: [TRAIN] epoch: 13, iter: 6130/18000, loss: 3.2959, lr: 0.000040, batch_cost: 0.0999, reader_cost: 0.00000, ips: 40.0573 samples/sec, max_mem_reserved: 922 MB, max_mem_allocated: 673 MB | ETA 00:19:45
[2026/10/07 12:30:05] INFO: [TRAIN] epoch: 13, iter: 6140/18000, loss: 3.0537, lr: 0.000040, batch_cost: 0.1046, reader_cost: 0.00030, ips: 38.2498 samples/sec, max_mem_reserved: 922 MB, max_mem_allocated: 673 MB | ETA 00:20:40
[2026/10/07 12:30:06] INFO: [TRAIN] epoch: 13, iter: 6150/18000, loss: 3.1499, lr: 0.000040, batch_cost: 0.1052, reader_cost: 0.00010, ips: 38.0304 samples/sec, max_mem_reserved: 922 MB, max_mem_allocated: 673 MB | ETA 00:20:46
[2026/10/07 12:30:07] INFO: [TRAIN] epoch: 13, iter: 6160/18000, loss: 3.1879, lr: 0.000039, batch_cost: 0.0960, reader_cost: 0.00005, ips: 41.6522 samples/sec, max_mem_reserved: 922 MB, max_mem_allocated: 673 MB | ETA 00:18:57
[2026/10/07 12:30:09] INFO: [TRAIN] epoch: 14, iter: 6170/18000, loss: 2.8667, lr: 0.000039, batch_cost: 0.1081, reader_cost: 0.00695, ips: 37.0150 samples/sec, max_mem_reserved: 922 MB, max_mem_allocated: 673 MB | ETA 00:21:18
[2026/10/07 12:30:10] INFO: [TRAIN] epoch: 14, iter: 6180/18000, loss: 2.8968, lr: 0.000039, batch_cost: 0.1039, reader_cost: 0.00020, ips: 38.5033 samples/sec, max_mem_reserved: 922 MB, max_mem_allocated: 673 MB | ETA 00:20:27
[2026/10/07 12:30:12] INFO: [TRAIN] epoch: 14, iter: 6190/18000, loss: 3.0871, lr: 0.000039, batch_cost: 0.1022, reader_cost: 0.00000, ips: 39.1490 samples/sec, max_mem_reserved: 922 MB, max_mem_allocated: 673 MB | ETA 00:20:06
[2026/10/07 12:30:13] INFO: [TRAIN] epoch: 14, iter: 6200/18000, loss: 3.1279, lr: 0.000039, batch_cost: 0.1031, reader_cost: 0.00040, ips: 38.7972 samples/sec, max_mem_reserved: 922 MB, max_mem_allocated: 673 MB | ETA 00:20:16
[2026/10/07 12:30:14] INFO: [TRAIN] epoch: 14, iter: 6210/18000, loss: 3.0305, lr: 0.000039, batch_cost: 0.1016, reader_cost: 0.00000, ips: 39.3694 samples/sec, max_mem_reserved: 922 MB, max_mem_allocated: 673 MB | ETA 00:19:57
[2026/10/07 12:30:16] INFO: [TRAIN] epoch: 14, iter: 6220/18000, loss: 3.0416, lr: 0.000039, batch_cost: 0.1006, reader_cost: 0.00010, ips: 39.7556 samples/sec, max_mem_reserved: 922 MB, max_mem_allocated: 673 MB | ETA 00:19:45
[2026/10/07 12:30:17] INFO: [TRAIN] epoch: 14, iter: 6230/18000, loss: 2.9436, lr: 0.000039, batch_cost: 0.1020, reader_cost: 0.00000, ips: 39.2238 samples/sec, max_mem_reserved: 922 MB, max_mem_allocated: 673 MB | ETA 00:20:00
[2026/10/07 12:30:18] INFO: [TRAIN] epoch: 14, iter: 6240/18000, loss: 2.8231, lr: 0.000039, batch_cost: 0.1010, reader_cost: 0.00010, ips: 39.5850 samples/sec, max_mem_reserved: 922 MB, max_mem_allocated: 673 MB | ETA 00:19:48
[2026/10/07 12:30:20] INFO: [TRAIN] epoch: 14, iter: 6250/18000, loss: 3.2048, lr: 0.000039, batch_cost: 0.1011, reader_cost: 0.00010, ips: 39.5737 samples/sec, max_mem_reserved: 922 MB, max_mem_allocated: 673 MB | ETA 00:19:47
[2026/10/07 12:30:21] INFO: [TRAIN] epoch: 14, iter: 6260/18000, loss: 3.0981, lr: 0.000039, batch_cost: 0.1016, reader_cost: 0.00010, ips: 39.3790 samples/sec, max_mem_reserved: 922 MB, max_mem_allocated: 673 MB | ETA 00:19:52
[2026/10/07 12:30:22] INFO: [TRAIN] epoch: 14, iter: 6270/18000, loss: 3.4284, lr: 0.000039, batch_cost: 0.1026, reader_cost: 0.00020, ips: 38.9773 samples/sec, max_mem_reserved: 922 MB, max_mem_allocated: 673 MB | ETA 00:20:03
[2026/10/07 12:30:24] INFO: [TRAIN] epoch: 14, iter: 6280/18000, loss: 3.2581, lr: 0.000039, batch_cost: 0.1046, reader_cost: 0.00000, ips: 38.2422 samples/sec, max_mem_reserved: 922 MB, max_mem_allocated: 673 MB | ETA 00:20:25
[2026/10/07 12:30:25] INFO: [TRAIN] epoch: 14, iter: 6290/18000, loss: 3.4908, lr: 0.000039, batch_cost: 0.1017, reader_cost: 0.00010, ips: 39.3314 samples/sec, max_mem_reserved: 922 MB, max_mem_allocated: 673 MB | ETA 00:19:50
[2026/10/07 12:30:26] INFO: [TRAIN] epoch: 14, iter: 6300/18000, loss: 3.0517, lr: 0.000039, batch_cost: 0.1012, reader_cost: 0.00015, ips: 39.5247 samples/sec, max_mem_reserved: 922 MB, max_mem_allocated: 673 MB | ETA 00:19:44
[2026/10/07 12:30:28] INFO: [TRAIN] epoch: 14, iter: 6310/18000, loss: 3.5092, lr: 0.000039, batch_cost: 0.1030, reader_cost: 0.00010, ips: 38.8386 samples/sec, max_mem_reserved: 922 MB, max_mem_allocated: 673 MB | ETA 00:20:03
[2026/10/07 12:30:29] INFO: [TRAIN] epoch: 14, iter: 6320/18000, loss: 3.0494, lr: 0.000039, batch_cost: 0.1016, reader_cost: 0.00000, ips: 39.3627 samples/sec, max_mem_reserved: 922 MB, max_mem_allocated: 673 MB | ETA 00:19:46
[2026/10/07 12:30:30] INFO: [TRAIN] epoch: 14, iter: 6330/18000, loss: 3.1444, lr: 0.000039, batch_cost: 0.0979, reader_cost: 0.00000, ips: 40.8580 samples/sec, max_mem_reserved: 922 MB, max_mem_allocated: 673 MB | ETA 00:19:02
[2026/10/07 12:30:32] INFO: [TRAIN] epoch: 14, iter: 6340/18000, loss: 3.0502, lr: 0.000039, batch_cost: 0.1010, reader_cost: 0.00000, ips: 39.5847 samples/sec, max_mem_reserved: 922 MB, max_mem_allocated: 673 MB | ETA 00:19:38
[2026/10/07 12:30:33] INFO: [TRAIN] epoch: 14, iter: 6350/18000, loss: 3.3300, lr: 0.000039, batch_cost: 0.1031, reader_cost: 0.00000, ips: 38.8105 samples/sec, max_mem_reserved: 922 MB, max_mem_allocated: 673 MB | ETA 00:20:00
[2026/10/07 12:30:34] INFO: [TRAIN] epoch: 14, iter: 6360/18000, loss: 3.5709, lr: 0.000039, batch_cost: 0.1014, reader_cost: 0.00015, ips: 39.4528 samples/sec, max_mem_reserved: 922 MB, max_mem_allocated: 673 MB | ETA 00:19:40
[2026/10/07 12:30:36] INFO: [TRAIN] epoch: 14, iter: 6370/18000, loss: 3.1132, lr: 0.000039, batch_cost: 0.1018, reader_cost: 0.00000, ips: 39.2789 samples/sec, max_mem_reserved: 922 MB, max_mem_allocated: 673 MB | ETA 00:19:44
[2026/10/07 12:30:37] INFO: [TRAIN] epoch: 14, iter: 6380/18000, loss: 3.3978, lr: 0.000039, batch_cost: 0.1039, reader_cost: 0.00020, ips: 38.5020 samples/sec, max_mem_reserved: 922 MB, max_mem_allocated: 673 MB | ETA 00:20:07
[2026/10/07 12:30:38] INFO: [TRAIN] epoch: 14, iter: 6390/18000, loss: 2.9451, lr: 0.000039, batch_cost: 0.0993, reader_cost: 0.00000, ips: 40.2719 samples/sec, max_mem_reserved: 922 MB, max_mem_allocated: 673 MB | ETA 00:19:13
[2026/10/07 12:30:40] INFO: [TRAIN] epoch: 14, iter: 6400/18000, loss: 2.6978, lr: 0.000039, batch_cost: 0.1008, reader_cost: 0.00000, ips: 39.6820 samples/sec, max_mem_reserved: 922 MB, max_mem_allocated: 673 MB | ETA 00:19:29
[2026/10/07 12:30:41] INFO: [TRAIN] epoch: 14, iter: 6410/18000, loss: 3.0743, lr: 0.000039, batch_cost: 0.1018, reader_cost: 0.00020, ips: 39.2799 samples/sec, max_mem_reserved: 922 MB, max_mem_allocated: 673 MB | ETA 00:19:40
[2026/10/07 12:30:42] INFO: [TRAIN] epoch: 14, iter: 6420/18000, loss: 3.3797, lr: 0.000039, batch_cost: 0.1031, reader_cost: 0.00010, ips: 38.7988 samples/sec, max_mem_reserved: 922 MB, max_mem_allocated: 673 MB | ETA 00:19:53
[2026/10/07 12:30:44] INFO: [TRAIN] epoch: 14, iter: 6430/18000, loss: 3.2162, lr: 0.000039, batch_cost: 0.1007, reader_cost: 0.00010, ips: 39.7338 samples/sec, max_mem_reserved: 922 MB, max_mem_allocated: 673 MB | ETA 00:19:24
[2026/10/07 12:30:45] INFO: [TRAIN] epoch: 14, iter: 6440/18000, loss: 2.9220, lr: 0.000039, batch_cost: 0.1018, reader_cost: 0.00020, ips: 39.2955 samples/sec, max_mem_reserved: 922 MB, max_mem_allocated: 673 MB | ETA 00:19:36
[2026/10/07 12:30:46] INFO: [TRAIN] epoch: 14, iter: 6450/18000, loss: 2.9609, lr: 0.000039, batch_cost: 0.1015, reader_cost: 0.00010, ips: 39.3973 samples/sec, max_mem_reserved: 922 MB, max_mem_allocated: 673 MB | ETA 00:19:32
[2026/10/07 12:30:48] INFO: [TRAIN] epoch: 14, iter: 6460/18000, loss: 2.8257, lr: 0.000038, batch_cost: 0.1007, reader_cost: 0.00000, ips: 39.7071 samples/sec, max_mem_reserved: 922 MB, max_mem_allocated: 673 MB | ETA 00:19:22
[2026/10/07 12:30:49] INFO: [TRAIN] epoch: 14, iter: 6470/18000, loss: 3.4466, lr: 0.000038, batch_cost: 0.1002, reader_cost: 0.00010, ips: 39.9102 samples/sec, max_mem_reserved: 922 MB, max_mem_allocated: 673 MB | ETA 00:19:15
[2026/10/07 12:30:50] INFO: [TRAIN] epoch: 14, iter: 6480/18000, loss: 2.8044, lr: 0.000038, batch_cost: 0.1023, reader_cost: 0.00000, ips: 39.0833 samples/sec, max_mem_reserved: 922 MB, max_mem_allocated: 673 MB | ETA 00:19:39
[2026/10/07 12:30:52] INFO: [TRAIN] epoch: 14, iter: 6490/18000, loss: 2.6987, lr: 0.000038, batch_cost: 0.0999, reader_cost: 0.00000, ips: 40.0412 samples/sec, max_mem_reserved: 922 MB, max_mem_allocated: 673 MB | ETA 00:19:09
[2026/10/07 12:30:53] INFO: [TRAIN] epoch: 14, iter: 6500/18000, loss: 3.1228, lr: 0.000038, batch_cost: 0.1012, reader_cost: 0.00010, ips: 39.5379 samples/sec, max_mem_reserved: 922 MB, max_mem_allocated: 673 MB | ETA 00:19:23
[2026/10/07 12:30:54] INFO: [TRAIN] epoch: 14, iter: 6510/18000, loss: 2.9300, lr: 0.000038, batch_cost: 0.1024, reader_cost: 0.00000, ips: 39.0629 samples/sec, max_mem_reserved: 922 MB, max_mem_allocated: 673 MB | ETA 00:19:36
[2026/10/07 12:30:56] INFO: [TRAIN] epoch: 14, iter: 6520/18000, loss: 3.0284, lr: 0.000038, batch_cost: 0.1025, reader_cost: 0.00020, ips: 39.0235 samples/sec, max_mem_reserved: 922 MB, max_mem_allocated: 673 MB | ETA 00:19:36
[2026/10/07 12:30:57] INFO: [TRAIN] epoch: 14, iter: 6530/18000, loss: 3.1986, lr: 0.000038, batch_cost: 0.1025, reader_cost: 0.00000, ips: 39.0184 samples/sec, max_mem_reserved: 922 MB, max_mem_allocated: 673 MB | ETA 00:19:35
[2026/10/07 12:30:58] INFO: [TRAIN] epoch: 14, iter: 6540/18000, loss: 2.6478, lr: 0.000038, batch_cost: 0.1010, reader_cost: 0.00030, ips: 39.5853 samples/sec, max_mem_reserved: 922 MB, max_mem_allocated: 673 MB | ETA 00:19:18
[2026/10/07 12:31:00] INFO: [TRAIN] epoch: 14, iter: 6550/18000, loss: 3.0735, lr: 0.000038, batch_cost: 0.1008, reader_cost: 0.00010, ips: 39.6786 samples/sec, max_mem_reserved: 922 MB, max_mem_allocated: 673 MB | ETA 00:19:14
[2026/10/07 12:31:01] INFO: [TRAIN] epoch: 14, iter: 6560/18000, loss: 3.0115, lr: 0.000038, batch_cost: 0.1002, reader_cost: 0.00000, ips: 39.9373 samples/sec, max_mem_reserved: 922 MB, max_mem_allocated: 673 MB | ETA 00:19:05
[2026/10/07 12:31:02] INFO: [TRAIN] epoch: 14, iter: 6570/18000, loss: 3.0152, lr: 0.000038, batch_cost: 0.1030, reader_cost: 0.00000, ips: 38.8411 samples/sec, max_mem_reserved: 922 MB, max_mem_allocated: 673 MB | ETA 00:19:37
[2026/10/07 12:31:04] INFO: [TRAIN] epoch: 14, iter: 6580/18000, loss: 2.9340, lr: 0.000038, batch_cost: 0.1036, reader_cost: 0.00020, ips: 38.5987 samples/sec, max_mem_reserved: 922 MB, max_mem_allocated: 673 MB | ETA 00:19:43
[2026/10/07 12:31:05] INFO: [TRAIN] epoch: 14, iter: 6590/18000, loss: 3.4700, lr: 0.000038, batch_cost: 0.0998, reader_cost: 0.00010, ips: 40.0603 samples/sec, max_mem_reserved: 922 MB, max_mem_allocated: 673 MB | ETA 00:18:59
[2026/10/07 12:31:06] INFO: [TRAIN] epoch: 14, iter: 6600/18000, loss: 3.0194, lr: 0.000038, batch_cost: 0.1036, reader_cost: 0.00000, ips: 38.5940 samples/sec, max_mem_reserved: 922 MB, max_mem_allocated: 673 MB | ETA 00:19:41
[2026/10/07 12:31:08] INFO: [TRAIN] epoch: 14, iter: 6610/18000, loss: 3.1025, lr: 0.000038, batch_cost: 0.1016, reader_cost: 0.00010, ips: 39.3646 samples/sec, max_mem_reserved: 922 MB, max_mem_allocated: 673 MB | ETA 00:19:17
[2026/10/07 12:31:09] INFO: [TRAIN] epoch: 14, iter: 6620/18000, loss: 3.3713, lr: 0.000038, batch_cost: 0.1016, reader_cost: 0.00020, ips: 39.3584 samples/sec, max_mem_reserved: 922 MB, max_mem_allocated: 673 MB | ETA 00:19:16
[2026/10/07 12:31:10] INFO: [TRAIN] epoch: 14, iter: 6630/18000, loss: 3.2786, lr: 0.000038, batch_cost: 0.1010, reader_cost: 0.00000, ips: 39.5891 samples/sec, max_mem_reserved: 922 MB, max_mem_allocated: 673 MB | ETA 00:19:08
[2026/10/07 12:31:12] INFO: [TRAIN] epoch: 15, iter: 6640/18000, loss: 3.0046, lr: 0.000038, batch_cost: 0.0987, reader_cost: 0.00661, ips: 40.5418 samples/sec, max_mem_reserved: 922 MB, max_mem_allocated: 673 MB | ETA 00:18:40
[2026/10/07 12:31:13] INFO: [TRAIN] epoch: 15, iter: 6650/18000, loss: 3.0525, lr: 0.000038, batch_cost: 0.1015, reader_cost: 0.00010, ips: 39.4164 samples/sec, max_mem_reserved: 922 MB, max_mem_allocated: 673 MB | ETA 00:19:11
[2026/10/07 12:31:14] INFO: [TRAIN] epoch: 15, iter: 6660/18000, loss: 3.2159, lr: 0.000038, batch_cost: 0.1027, reader_cost: 0.00010, ips: 38.9553 samples/sec, max_mem_reserved: 922 MB, max_mem_allocated: 673 MB | ETA 00:19:24
[2026/10/07 12:31:16] INFO: [TRAIN] epoch: 15, iter: 6670/18000, loss: 2.9010, lr: 0.000038, batch_cost: 0.1018, reader_cost: 0.00020, ips: 39.2933 samples/sec, max_mem_reserved: 922 MB, max_mem_allocated: 673 MB | ETA 00:19:13
[2026/10/07 12:31:17] INFO: [TRAIN] epoch: 15, iter: 6680/18000, loss: 2.9936, lr: 0.000038, batch_cost: 0.0988, reader_cost: 0.00000, ips: 40.4940 samples/sec, max_mem_reserved: 922 MB, max_mem_allocated: 673 MB | ETA 00:18:38
[2026/10/07 12:31:18] INFO: [TRAIN] epoch: 15, iter: 6690/18000, loss: 3.2399, lr: 0.000038, batch_cost: 0.1048, reader_cost: 0.00020, ips: 38.1638 samples/sec, max_mem_reserved: 922 MB, max_mem_allocated: 673 MB | ETA 00:19:45
[2026/10/07 12:31:20] INFO: [TRAIN] epoch: 15, iter: 6700/18000, loss: 3.1081, lr: 0.000038, batch_cost: 0.1020, reader_cost: 0.00000, ips: 39.1969 samples/sec, max_mem_reserved: 922 MB, max_mem_allocated: 673 MB | ETA 00:19:13
[2026/10/07 12:31:21] INFO: [TRAIN] epoch: 15, iter: 6710/18000, loss: 2.9327, lr: 0.000038, batch_cost: 0.1027, reader_cost: 0.00000, ips: 38.9300 samples/sec, max_mem_reserved: 922 MB, max_mem_allocated: 673 MB | ETA 00:19:20
[2026/10/07 12:31:23] INFO: [TRAIN] epoch: 15, iter: 6720/18000, loss: 3.0946, lr: 0.000038, batch_cost: 0.1010, reader_cost: 0.00045, ips: 39.5860 samples/sec, max_mem_reserved: 922 MB, max_mem_allocated: 673 MB | ETA 00:18:59
[2026/10/07 12:31:24] INFO: [TRAIN] epoch: 15, iter: 6730/18000, loss: 3.1104, lr: 0.000038, batch_cost: 0.1004, reader_cost: 0.00000, ips: 39.8315 samples/sec, max_mem_reserved: 922 MB, max_mem_allocated: 673 MB | ETA 00:18:51
[2026/10/07 12:31:25] INFO: [TRAIN] epoch: 15, iter: 6740/18000, loss: 3.0513, lr: 0.000038, batch_cost: 0.1008, reader_cost: 0.00005, ips: 39.6979 samples/sec, max_mem_reserved: 922 MB, max_mem_allocated: 673 MB | ETA 00:18:54
[2026/10/07 12:31:26] INFO: [TRAIN] epoch: 15, iter: 6750/18000, loss: 3.0661, lr: 0.000038, batch_cost: 0.0997, reader_cost: 0.00020, ips: 40.1188 samples/sec, max_mem_reserved: 922 MB, max_mem_allocated: 673 MB | ETA 00:18:41
[2026/10/07 12:31:28] INFO: [TRAIN] epoch: 15, iter: 6760/18000, loss: 2.7647, lr: 0.000037, batch_cost: 0.0996, reader_cost: 0.00020, ips: 40.1647 samples/sec, max_mem_reserved: 922 MB, max_mem_allocated: 673 MB | ETA 00:18:39
[2026/10/07 12:31:29] INFO: [TRAIN] epoch: 15, iter: 6770/18000, loss: 3.1387, lr: 0.000037, batch_cost: 0.1015, reader_cost: 0.00000, ips: 39.4217 samples/sec, max_mem_reserved: 922 MB, max_mem_allocated: 673 MB | ETA 00:18:59
[2026/10/07 12:31:30] INFO: [TRAIN] epoch: 15, iter: 6780/18000, loss: 3.1660, lr: 0.000037, batch_cost: 0.0997, reader_cost: 0.00010, ips: 40.1287 samples/sec, max_mem_reserved: 922 MB, max_mem_allocated: 673 MB | ETA 00:18:38
[2026/10/07 12:31:32] INFO: [TRAIN] epoch: 15, iter: 6790/18000, loss: 2.9692, lr: 0.000037, batch_cost: 0.1030, reader_cost: 0.00005, ips: 38.8284 samples/sec, max_mem_reserved: 922 MB, max_mem_allocated: 673 MB | ETA 00:19:14
[2026/10/07 12:31:33] INFO: [TRAIN] epoch: 15, iter: 6800/18000, loss: 2.9297, lr: 0.000037, batch_cost: 0.1040, reader_cost: 0.00000, ips: 38.4537 samples/sec, max_mem_reserved: 922 MB, max_mem_allocated: 673 MB | ETA 00:19:25
[2026/10/07 12:31:35] INFO: [TRAIN] epoch: 15, iter: 6810/18000, loss: 3.1395, lr: 0.000037, batch_cost: 0.1099, reader_cost: 0.00020, ips: 36.3906 samples/sec, max_mem_reserved: 922 MB, max_mem_allocated: 673 MB | ETA 00:20:29
[2026/10/07 12:31:36] INFO: [TRAIN] epoch: 15, iter: 6820/18000, loss: 3.0779, lr: 0.000037, batch_cost: 0.1032, reader_cost: 0.00020, ips: 38.7551 samples/sec, max_mem_reserved: 922 MB, max_mem_allocated: 673 MB | ETA 00:19:13
[2026/10/07 12:31:37] INFO: [TRAIN] epoch: 15, iter: 6830/18000, loss: 3.2740, lr: 0.000037, batch_cost: 0.1012, reader_cost: 0.00000, ips: 39.5064 samples/sec, max_mem_reserved: 922 MB, max_mem_allocated: 673 MB | ETA 00:18:50
[2026/10/07 12:31:39] INFO: [TRAIN] epoch: 15, iter: 6840/18000, loss: 2.8684, lr: 0.000037, batch_cost: 0.1039, reader_cost: 0.00000, ips: 38.4978 samples/sec, max_mem_reserved: 922 MB, max_mem_allocated: 673 MB | ETA 00:19:19
[2026/10/07 12:31:40] INFO: [TRAIN] epoch: 15, iter: 6850/18000, loss: 2.9791, lr: 0.000037, batch_cost: 0.1076, reader_cost: 0.00010, ips: 37.1771 samples/sec, max_mem_reserved: 922 MB, max_mem_allocated: 673 MB | ETA 00:19:59
[2026/10/07 12:31:41] INFO: [TRAIN] epoch: 15, iter: 6860/18000, loss: 3.0303, lr: 0.000037, batch_cost: 0.1053, reader_cost: 0.00000, ips: 37.9816 samples/sec, max_mem_reserved: 922 MB, max_mem_allocated: 673 MB | ETA 00:19:33
[2026/10/07 12:31:43] INFO: [TRAIN] epoch: 15, iter: 6870/18000, loss: 2.8437, lr: 0.000037, batch_cost: 0.1054, reader_cost: 0.00020, ips: 37.9646 samples/sec, max_mem_reserved: 922 MB, max_mem_allocated: 673 MB | ETA 00:19:32
[2026/10/07 12:31:44] INFO: [TRAIN] epoch: 15, iter: 6880/18000, loss: 3.0186, lr: 0.000037, batch_cost: 0.1044, reader_cost: 0.00000, ips: 38.2995 samples/sec, max_mem_reserved: 922 MB, max_mem_allocated: 673 MB | ETA 00:19:21
[2026/10/07 12:31:46] INFO: [TRAIN] epoch: 15, iter: 6890/18000, loss: 2.9462, lr: 0.000037, batch_cost: 0.1058, reader_cost: 0.00010, ips: 37.8174 samples/sec, max_mem_reserved: 922 MB, max_mem_allocated: 673 MB | ETA 00:19:35
[2026/10/07 12:31:47] INFO: [TRAIN] epoch: 15, iter: 6900/18000, loss: 2.6875, lr: 0.000037, batch_cost: 0.1073, reader_cost: 0.00020, ips: 37.2873 samples/sec, max_mem_reserved: 922 MB, max_mem_allocated: 673 MB | ETA 00:19:50
[2026/10/07 12:31:48] INFO: [TRAIN] epoch: 15, iter: 6910/18000, loss: 3.3592, lr: 0.000037, batch_cost: 0.1026, reader_cost: 0.00025, ips: 38.9802 samples/sec, max_mem_reserved: 922 MB, max_mem_allocated: 673 MB | ETA 00:18:58
[2026/10/07 12:31:50] INFO: [TRAIN] epoch: 15, iter: 6920/18000, loss: 3.0859, lr: 0.000037, batch_cost: 0.1041, reader_cost: 0.00000, ips: 38.4423 samples/sec, max_mem_reserved: 922 MB, max_mem_allocated: 673 MB | ETA 00:19:12
[2026/10/07 12:31:51] INFO: [TRAIN] epoch: 15, iter: 6930/18000, loss: 2.9934, lr: 0.000037, batch_cost: 0.1035, reader_cost: 0.00010, ips: 38.6399 samples/sec, max_mem_reserved: 922 MB, max_mem_allocated: 673 MB | ETA 00:19:05
[2026/10/07 12:31:52] INFO: [TRAIN] epoch: 15, iter: 6940/18000, loss: 3.1519, lr: 0.000037, batch_cost: 0.1031, reader_cost: 0.00000, ips: 38.8004 samples/sec, max_mem_reserved: 922 MB, max_mem_allocated: 673 MB | ETA 00:19:00
[2026/10/07 12:31:54] INFO: [TRAIN] epoch: 15, iter: 6950/18000, loss: 3.4780, lr: 0.000037, batch_cost: 0.1042, reader_cost: 0.00015, ips: 38.3978 samples/sec, max_mem_reserved: 922 MB, max_mem_allocated: 673 MB | ETA 00:19:11
[2026/10/07 12:31:55] INFO: [TRAIN] epoch: 15, iter: 6960/18000, loss: 3.3009, lr: 0.000037, batch_cost: 0.1049, reader_cost: 0.00005, ips: 38.1421 samples/sec, max_mem_reserved: 922 MB, max_mem_allocated: 673 MB | ETA 00:19:17
[2026/10/07 12:31:57] INFO: [TRAIN] epoch: 15, iter: 6970/18000, loss: 3.0998, lr: 0.000037, batch_cost: 0.1064, reader_cost: 0.00025, ips: 37.5987 samples/sec, max_mem_reserved: 922 MB, max_mem_allocated: 673 MB | ETA 00:19:33
[2026/10/07 12:31:58] INFO: [TRAIN] epoch: 15, iter: 6980/18000, loss: 2.9789, lr: 0.000037, batch_cost: 0.1021, reader_cost: 0.00020, ips: 39.1766 samples/sec, max_mem_reserved: 922 MB, max_mem_allocated: 673 MB | ETA 00:18:45
[2026/10/07 12:31:59] INFO: [TRAIN] epoch: 15, iter: 6990/18000, loss: 3.0155, lr: 0.000037, batch_cost: 0.1016, reader_cost: 0.00010, ips: 39.3698 samples/sec, max_mem_reserved: 922 MB, max_mem_allocated: 673 MB | ETA 00:18:38
[2026/10/07 12:32:01] INFO: [TRAIN] epoch: 15, iter: 7000/18000, loss: 3.0866, lr: 0.000037, batch_cost: 0.1066, reader_cost: 0.00010, ips: 37.5390 samples/sec, max_mem_reserved: 922 MB, max_mem_allocated: 673 MB | ETA 00:19:32
[2026/10/07 12:32:01] INFO: Start evaluating (total_samples: 348, total_iters: 348)...

  1/348 [..............................] - ETA: 13s - batch_cost: 0.0381 - reader cost: 0.0140
  4/348 [..............................] - ETA: 9s - batch_cost: 0.0270 - reader cost: 0.0035 
  7/348 [..............................] - ETA: 8s - batch_cost: 0.0236 - reader cost: 0.0020
 10/348 [..............................] - ETA: 7s - batch_cost: 0.0223 - reader cost: 0.0014
 13/348 [>.............................] - ETA: 7s - batch_cost: 0.0214 - reader cost: 0.0011
 16/348 [>.............................] - ETA: 6s - batch_cost: 0.0209 - reader cost: 8.7501e-04
 19/348 [>.............................] - ETA: 6s - batch_cost: 0.0204 - reader cost: 7.8948e-04
 22/348 [>.............................] - ETA: 6s - batch_cost: 0.0201 - reader cost: 6.8182e-04
 25/348 [=>............................] - ETA: 6s - batch_cost: 0.0200 - reader cost: 6.0000e-04
 28/348 [=>............................] - ETA: 6s - batch_cost: 0.0199 - reader cost: 5.3572e-04
 31/348 [=>............................] - ETA: 6s - batch_cost: 0.0198 - reader cost: 4.8387e-04
 34/348 [=>............................] - ETA: 6s - batch_cost: 0.0197 - reader cost: 4.4118e-04
 37/348 [==>...........................] - ETA: 6s - batch_cost: 0.0196 - reader cost: 4.0541e-04
 40/348 [==>...........................] - ETA: 6s - batch_cost: 0.0195 - reader cost: 3.7500e-04
 43/348 [==>...........................] - ETA: 5s - batch_cost: 0.0195 - reader cost: 3.7210e-04
 46/348 [==>...........................] - ETA: 5s - batch_cost: 0.0195 - reader cost: 3.4784e-04
 49/348 [===>..........................] - ETA: 5s - batch_cost: 0.0194 - reader cost: 3.2654e-04
 52/348 [===>..........................] - ETA: 5s - batch_cost: 0.0194 - reader cost: 3.0770e-04
 55/348 [===>..........................] - ETA: 5s - batch_cost: 0.0194 - reader cost: 2.9092e-04
 58/348 [====>.........................] - ETA: 5s - batch_cost: 0.0194 - reader cost: 2.7587e-04
 61/348 [====>.........................] - ETA: 5s - batch_cost: 0.0194 - reader cost: 2.6230e-04
 64/348 [====>.........................] - ETA: 5s - batch_cost: 0.0193 - reader cost: 2.5001e-04
 67/348 [====>.........................] - ETA: 5s - batch_cost: 0.0193 - reader cost: 2.5356e-04
 70/348 [=====>........................] - ETA: 5s - batch_cost: 0.0193 - reader cost: 2.5681e-04
 73/348 [=====>........................] - ETA: 5s - batch_cost: 0.0193 - reader cost: 2.4626e-04
 76/348 [=====>........................] - ETA: 5s - batch_cost: 0.0192 - reader cost: 2.3654e-04
 79/348 [=====>........................] - ETA: 5s - batch_cost: 0.0192 - reader cost: 2.2755e-04
 82/348 [======>.......................] - ETA: 5s - batch_cost: 0.0192 - reader cost: 2.1923e-04
 85/348 [======>.......................] - ETA: 5s - batch_cost: 0.0192 - reader cost: 2.1149e-04
 88/348 [======>.......................] - ETA: 5s - batch_cost: 0.0192 - reader cost: 2.0428e-04
 91/348 [======>.......................] - ETA: 4s - batch_cost: 0.0192 - reader cost: 1.9755e-04
 94/348 [=======>......................] - ETA: 4s - batch_cost: 0.0191 - reader cost: 1.9124e-04
 97/348 [=======>......................] - ETA: 4s - batch_cost: 0.0192 - reader cost: 1.9565e-04
100/348 [=======>......................] - ETA: 4s - batch_cost: 0.0191 - reader cost: 1.8978e-04
104/348 [=======>......................] - ETA: 4s - batch_cost: 0.0190 - reader cost: 1.8248e-04
107/348 [========>.....................] - ETA: 4s - batch_cost: 0.0191 - reader cost: 1.7737e-04
110/348 [========>.....................] - ETA: 4s - batch_cost: 0.0190 - reader cost: 1.7253e-04
113/348 [========>.....................] - ETA: 4s - batch_cost: 0.0190 - reader cost: 1.6795e-04
116/348 [=========>....................] - ETA: 4s - batch_cost: 0.0190 - reader cost: 1.6361e-04
119/348 [=========>....................] - ETA: 4s - batch_cost: 0.0190 - reader cost: 1.5948e-04
122/348 [=========>....................] - ETA: 4s - batch_cost: 0.0190 - reader cost: 1.5556e-04
125/348 [=========>....................] - ETA: 4s - batch_cost: 0.0190 - reader cost: 1.5183e-04
128/348 [==========>...................] - ETA: 4s - batch_cost: 0.0190 - reader cost: 1.4827e-04
131/348 [==========>...................] - ETA: 4s - batch_cost: 0.0191 - reader cost: 1.4487e-04
134/348 [==========>...................] - ETA: 4s - batch_cost: 0.0190 - reader cost: 1.4163e-04
137/348 [==========>...................] - ETA: 4s - batch_cost: 0.0190 - reader cost: 1.3853e-04
140/348 [===========>..................] - ETA: 3s - batch_cost: 0.0190 - reader cost: 1.3556e-04
143/348 [===========>..................] - ETA: 3s - batch_cost: 0.0190 - reader cost: 1.3971e-04
146/348 [===========>..................] - ETA: 3s - batch_cost: 0.0190 - reader cost: 1.3684e-04
149/348 [===========>..................] - ETA: 3s - batch_cost: 0.0190 - reader cost: 1.3409e-04
152/348 [============>.................] - ETA: 3s - batch_cost: 0.0190 - reader cost: 1.3144e-04
155/348 [============>.................] - ETA: 3s - batch_cost: 0.0190 - reader cost: 1.2890e-04
158/348 [============>.................] - ETA: 3s - batch_cost: 0.0190 - reader cost: 1.2645e-04
161/348 [============>.................] - ETA: 3s - batch_cost: 0.0190 - reader cost: 1.2409e-04
164/348 [=============>................] - ETA: 3s - batch_cost: 0.0190 - reader cost: 1.2182e-04
167/348 [=============>................] - ETA: 3s - batch_cost: 0.0191 - reader cost: 1.1963e-04
170/348 [=============>................] - ETA: 3s - batch_cost: 0.0190 - reader cost: 1.1752e-04
173/348 [=============>................] - ETA: 3s - batch_cost: 0.0190 - reader cost: 1.1549e-04
176/348 [==============>...............] - ETA: 3s - batch_cost: 0.0190 - reader cost: 1.1352e-04
179/348 [==============>...............] - ETA: 3s - batch_cost: 0.0190 - reader cost: 1.1161e-04
182/348 [==============>...............] - ETA: 3s - batch_cost: 0.0190 - reader cost: 1.0977e-04
185/348 [==============>...............] - ETA: 3s - batch_cost: 0.0191 - reader cost: 1.1340e-04
188/348 [===============>..............] - ETA: 3s - batch_cost: 0.0191 - reader cost: 1.2224e-04
191/348 [===============>..............] - ETA: 3s - batch_cost: 0.0191 - reader cost: 1.2032e-04
194/348 [===============>..............] - ETA: 2s - batch_cost: 0.0191 - reader cost: 1.1845e-04
197/348 [===============>..............] - ETA: 2s - batch_cost: 0.0191 - reader cost: 1.1665e-04
200/348 [================>.............] - ETA: 2s - batch_cost: 0.0191 - reader cost: 1.1490e-04
203/348 [================>.............] - ETA: 2s - batch_cost: 0.0191 - reader cost: 1.1320e-04
206/348 [================>.............] - ETA: 2s - batch_cost: 0.0191 - reader cost: 1.1155e-04
209/348 [=================>............] - ETA: 2s - batch_cost: 0.0191 - reader cost: 1.1472e-04
212/348 [=================>............] - ETA: 2s - batch_cost: 0.0191 - reader cost: 1.1310e-04
215/348 [=================>............] - ETA: 2s - batch_cost: 0.0191 - reader cost: 1.1152e-04
218/348 [=================>............] - ETA: 2s - batch_cost: 0.0191 - reader cost: 1.0999e-04
221/348 [==================>...........] - ETA: 2s - batch_cost: 0.0190 - reader cost: 1.0849e-04
224/348 [==================>...........] - ETA: 2s - batch_cost: 0.0190 - reader cost: 1.0938e-04
227/348 [==================>...........] - ETA: 2s - batch_cost: 0.0190 - reader cost: 1.0793e-04
230/348 [==================>...........] - ETA: 2s - batch_cost: 0.0190 - reader cost: 1.0653e-04
233/348 [===================>..........] - ETA: 2s - batch_cost: 0.0191 - reader cost: 1.0515e-04
236/348 [===================>..........] - ETA: 2s - batch_cost: 0.0190 - reader cost: 1.0382e-04
239/348 [===================>..........] - ETA: 2s - batch_cost: 0.0190 - reader cost: 1.0251e-04
242/348 [===================>..........] - ETA: 2s - batch_cost: 0.0190 - reader cost: 1.0124e-04
245/348 [====================>.........] - ETA: 1s - batch_cost: 0.0190 - reader cost: 1.0000e-04
248/348 [====================>.........] - ETA: 1s - batch_cost: 0.0191 - reader cost: 9.8794e-05
251/348 [====================>.........] - ETA: 1s - batch_cost: 0.0191 - reader cost: 9.7613e-05
254/348 [====================>.........] - ETA: 1s - batch_cost: 0.0191 - reader cost: 9.6460e-05
257/348 [=====================>........] - ETA: 1s - batch_cost: 0.0190 - reader cost: 9.5334e-05
260/348 [=====================>........] - ETA: 1s - batch_cost: 0.0191 - reader cost: 9.4234e-05
263/348 [=====================>........] - ETA: 1s - batch_cost: 0.0191 - reader cost: 9.3159e-05
266/348 [=====================>........] - ETA: 1s - batch_cost: 0.0190 - reader cost: 9.2108e-05
269/348 [======================>.......] - ETA: 1s - batch_cost: 0.0191 - reader cost: 9.1081e-05
272/348 [======================>.......] - ETA: 1s - batch_cost: 0.0191 - reader cost: 9.0077e-05
275/348 [======================>.......] - ETA: 1s - batch_cost: 0.0191 - reader cost: 8.9094e-05
278/348 [======================>.......] - ETA: 1s - batch_cost: 0.0191 - reader cost: 8.8133e-05
281/348 [=======================>......] - ETA: 1s - batch_cost: 0.0191 - reader cost: 8.7192e-05
284/348 [=======================>......] - ETA: 1s - batch_cost: 0.0191 - reader cost: 8.6271e-05
287/348 [=======================>......] - ETA: 1s - batch_cost: 0.0191 - reader cost: 8.5369e-05
290/348 [========================>.....] - ETA: 1s - batch_cost: 0.0191 - reader cost: 8.4486e-05
293/348 [========================>.....] - ETA: 1s - batch_cost: 0.0191 - reader cost: 8.3621e-05
296/348 [========================>.....] - ETA: 0s - batch_cost: 0.0191 - reader cost: 8.6154e-05
299/348 [========================>.....] - ETA: 0s - batch_cost: 0.0191 - reader cost: 8.8630e-05
302/348 [=========================>....] - ETA: 0s - batch_cost: 0.0191 - reader cost: 8.7750e-05
305/348 [=========================>....] - ETA: 0s - batch_cost: 0.0191 - reader cost: 8.6887e-05
308/348 [=========================>....] - ETA: 0s - batch_cost: 0.0191 - reader cost: 8.6040e-05
311/348 [=========================>....] - ETA: 0s - batch_cost: 0.0191 - reader cost: 8.5210e-05
314/348 [==========================>...] - ETA: 0s - batch_cost: 0.0191 - reader cost: 9.0796e-05
317/348 [==========================>...] - ETA: 0s - batch_cost: 0.0191 - reader cost: 9.3055e-05
320/348 [==========================>...] - ETA: 0s - batch_cost: 0.0191 - reader cost: 9.2182e-05
323/348 [==========================>...] - ETA: 0s - batch_cost: 0.0191 - reader cost: 9.1326e-05
326/348 [===========================>..] - ETA: 0s - batch_cost: 0.0191 - reader cost: 9.0486e-05
329/348 [===========================>..] - ETA: 0s - batch_cost: 0.0191 - reader cost: 9.2698e-05
332/348 [===========================>..] - ETA: 0s - batch_cost: 0.0191 - reader cost: 9.1860e-05
335/348 [===========================>..] - ETA: 0s - batch_cost: 0.0191 - reader cost: 9.4027e-05
338/348 [============================>.] - ETA: 0s - batch_cost: 0.0191 - reader cost: 9.3192e-05
341/348 [============================>.] - ETA: 0s - batch_cost: 0.0191 - reader cost: 9.2372e-05
345/348 [============================>.] - ETA: 0s - batch_cost: 0.0190 - reader cost: 9.1301e-05
348/348 [==============================] - 7s 19ms/step - batch_cost: 0.0190 - reader cost: 9.0514e-05
[2026/10/07 12:32:07] INFO: [EVAL] #Images: 348 mIoU: 0.8065 Acc: 0.9744 Kappa: 0.7667 Dice: 0.8834
[2026/10/07 12:32:07] INFO: [EVAL] Class IoU: 
[0.9732 0.6397]
[2026/10/07 12:32:07] INFO: [EVAL] Class Precision: 
[0.9882 0.7582]
[2026/10/07 12:32:07] INFO: [EVAL] Class Recall: 
[0.9847 0.8037]
[2026/10/07 12:32:07] INFO: Start evaluating (total_samples: 348, total_iters: 348)...

  1/348 [..............................] - ETA: 12s - batch_cost: 0.0354 - reader cost: 0.0130
  4/348 [..............................] - ETA: 9s - batch_cost: 0.0263 - reader cost: 0.0035 
  7/348 [..............................] - ETA: 8s - batch_cost: 0.0235 - reader cost: 0.0020
 10/348 [..............................] - ETA: 7s - batch_cost: 0.0221 - reader cost: 0.0014
 13/348 [>.............................] - ETA: 7s - batch_cost: 0.0213 - reader cost: 0.0011
 16/348 [>.............................] - ETA: 7s - batch_cost: 0.0210 - reader cost: 8.7638e-04
 19/348 [>.............................] - ETA: 6s - batch_cost: 0.0210 - reader cost: 7.3801e-04
 22/348 [>.............................] - ETA: 6s - batch_cost: 0.0211 - reader cost: 6.3737e-04
 25/348 [=>............................] - ETA: 6s - batch_cost: 0.0210 - reader cost: 5.6088e-04
 28/348 [=>............................] - ETA: 6s - batch_cost: 0.0208 - reader cost: 5.3694e-04
 31/348 [=>............................] - ETA: 6s - batch_cost: 0.0207 - reader cost: 4.8498e-04
 34/348 [=>............................] - ETA: 6s - batch_cost: 0.0207 - reader cost: 4.4219e-04
 37/348 [==>...........................] - ETA: 6s - batch_cost: 0.0205 - reader cost: 4.0634e-04
 40/348 [==>...........................] - ETA: 6s - batch_cost: 0.0204 - reader cost: 3.7586e-04
 43/348 [==>...........................] - ETA: 6s - batch_cost: 0.0204 - reader cost: 3.4964e-04
 46/348 [==>...........................] - ETA: 6s - batch_cost: 0.0202 - reader cost: 3.2684e-04
 49/348 [===>..........................] - ETA: 6s - batch_cost: 0.0202 - reader cost: 3.0683e-04
 52/348 [===>..........................] - ETA: 6s - batch_cost: 0.0202 - reader cost: 2.8912e-04
 55/348 [===>..........................] - ETA: 5s - batch_cost: 0.0202 - reader cost: 2.7335e-04
 58/348 [====>.........................] - ETA: 5s - batch_cost: 0.0201 - reader cost: 2.5921e-04
 61/348 [====>.........................] - ETA: 5s - batch_cost: 0.0200 - reader cost: 2.4647e-04
 64/348 [====>.........................] - ETA: 5s - batch_cost: 0.0200 - reader cost: 2.3491e-04
 67/348 [====>.........................] - ETA: 5s - batch_cost: 0.0199 - reader cost: 2.2439e-04
 70/348 [=====>........................] - ETA: 5s - batch_cost: 0.0199 - reader cost: 2.1478e-04
 73/348 [=====>........................] - ETA: 5s - batch_cost: 0.0199 - reader cost: 2.1287e-04
 76/348 [=====>........................] - ETA: 5s - batch_cost: 0.0199 - reader cost: 2.0446e-04
 79/348 [=====>........................] - ETA: 5s - batch_cost: 0.0198 - reader cost: 2.0934e-04
 82/348 [======>.......................] - ETA: 5s - batch_cost: 0.0199 - reader cost: 2.0168e-04
 85/348 [======>.......................] - ETA: 5s - batch_cost: 0.0198 - reader cost: 1.9456e-04
 88/348 [======>.......................] - ETA: 5s - batch_cost: 0.0197 - reader cost: 1.8793e-04
 91/348 [======>.......................] - ETA: 5s - batch_cost: 0.0197 - reader cost: 1.9274e-04
 94/348 [=======>......................] - ETA: 5s - batch_cost: 0.0197 - reader cost: 1.8659e-04
 97/348 [=======>......................] - ETA: 4s - batch_cost: 0.0196 - reader cost: 1.8082e-04
100/348 [=======>......................] - ETA: 4s - batch_cost: 0.0196 - reader cost: 1.7539e-04
103/348 [=======>......................] - ETA: 4s - batch_cost: 0.0196 - reader cost: 1.7028e-04
106/348 [========>.....................] - ETA: 4s - batch_cost: 0.0196 - reader cost: 1.6546e-04
109/348 [========>.....................] - ETA: 4s - batch_cost: 0.0196 - reader cost: 1.7013e-04
112/348 [========>.....................] - ETA: 4s - batch_cost: 0.0196 - reader cost: 1.6557e-04
115/348 [========>.....................] - ETA: 4s - batch_cost: 0.0197 - reader cost: 1.6125e-04
118/348 [=========>....................] - ETA: 4s - batch_cost: 0.0197 - reader cost: 1.5715e-04
121/348 [=========>....................] - ETA: 4s - batch_cost: 0.0197 - reader cost: 1.5326e-04
124/348 [=========>....................] - ETA: 4s - batch_cost: 0.0198 - reader cost: 1.4955e-04
127/348 [=========>....................] - ETA: 4s - batch_cost: 0.0198 - reader cost: 1.4602e-04
130/348 [==========>...................] - ETA: 4s - batch_cost: 0.0197 - reader cost: 1.4265e-04
133/348 [==========>...................] - ETA: 4s - batch_cost: 0.0197 - reader cost: 1.3943e-04
136/348 [==========>...................] - ETA: 4s - batch_cost: 0.0197 - reader cost: 1.3635e-04
139/348 [==========>...................] - ETA: 4s - batch_cost: 0.0197 - reader cost: 1.3341e-04
142/348 [===========>..................] - ETA: 4s - batch_cost: 0.0197 - reader cost: 1.3059e-04
145/348 [===========>..................] - ETA: 4s - batch_cost: 0.0197 - reader cost: 1.2789e-04
148/348 [===========>..................] - ETA: 3s - batch_cost: 0.0196 - reader cost: 1.2530e-04
151/348 [============>.................] - ETA: 3s - batch_cost: 0.0196 - reader cost: 1.2281e-04
154/348 [============>.................] - ETA: 3s - batch_cost: 0.0196 - reader cost: 1.2042e-04
157/348 [============>.................] - ETA: 3s - batch_cost: 0.0196 - reader cost: 1.1811e-04
160/348 [============>.................] - ETA: 3s - batch_cost: 0.0196 - reader cost: 1.1590e-04
163/348 [=============>................] - ETA: 3s - batch_cost: 0.0196 - reader cost: 1.1377e-04
166/348 [=============>................] - ETA: 3s - batch_cost: 0.0196 - reader cost: 1.1367e-04
169/348 [=============>................] - ETA: 3s - batch_cost: 0.0196 - reader cost: 1.1165e-04
172/348 [=============>................] - ETA: 3s - batch_cost: 0.0196 - reader cost: 1.0970e-04
175/348 [==============>...............] - ETA: 3s - batch_cost: 0.0196 - reader cost: 1.1340e-04
178/348 [==============>...............] - ETA: 3s - batch_cost: 0.0196 - reader cost: 1.1711e-04
181/348 [==============>...............] - ETA: 3s - batch_cost: 0.0196 - reader cost: 1.1517e-04
184/348 [==============>...............] - ETA: 3s - batch_cost: 0.0196 - reader cost: 1.1329e-04
187/348 [===============>..............] - ETA: 3s - batch_cost: 0.0196 - reader cost: 1.1147e-04
190/348 [===============>..............] - ETA: 3s - batch_cost: 0.0196 - reader cost: 1.0971e-04
193/348 [===============>..............] - ETA: 3s - batch_cost: 0.0196 - reader cost: 1.0801e-04
196/348 [===============>..............] - ETA: 2s - batch_cost: 0.0196 - reader cost: 1.0635e-04
199/348 [================>.............] - ETA: 2s - batch_cost: 0.0196 - reader cost: 1.0475e-04
202/348 [================>.............] - ETA: 2s - batch_cost: 0.0196 - reader cost: 1.0815e-04
205/348 [================>.............] - ETA: 2s - batch_cost: 0.0196 - reader cost: 1.0656e-04
208/348 [================>.............] - ETA: 2s - batch_cost: 0.0196 - reader cost: 1.0503e-04
211/348 [=================>............] - ETA: 2s - batch_cost: 0.0196 - reader cost: 1.0353e-04
214/348 [=================>............] - ETA: 2s - batch_cost: 0.0196 - reader cost: 1.0676e-04
217/348 [=================>............] - ETA: 2s - batch_cost: 0.0196 - reader cost: 1.0528e-04
220/348 [=================>............] - ETA: 2s - batch_cost: 0.0196 - reader cost: 1.0841e-04
223/348 [==================>...........] - ETA: 2s - batch_cost: 0.0196 - reader cost: 1.0695e-04
226/348 [==================>...........] - ETA: 2s - batch_cost: 0.0196 - reader cost: 1.0553e-04
229/348 [==================>...........] - ETA: 2s - batch_cost: 0.0196 - reader cost: 1.0415e-04
232/348 [===================>..........] - ETA: 2s - batch_cost: 0.0196 - reader cost: 1.0280e-04
235/348 [===================>..........] - ETA: 2s - batch_cost: 0.0196 - reader cost: 1.0149e-04
238/348 [===================>..........] - ETA: 2s - batch_cost: 0.0196 - reader cost: 1.0021e-04
241/348 [===================>..........] - ETA: 2s - batch_cost: 0.0196 - reader cost: 9.8964e-05
244/348 [====================>.........] - ETA: 2s - batch_cost: 0.0196 - reader cost: 9.7748e-05
247/348 [====================>.........] - ETA: 1s - batch_cost: 0.0195 - reader cost: 9.6560e-05
250/348 [====================>.........] - ETA: 1s - batch_cost: 0.0195 - reader cost: 9.5402e-05
253/348 [====================>.........] - ETA: 1s - batch_cost: 0.0195 - reader cost: 9.8167e-05
256/348 [=====================>........] - ETA: 1s - batch_cost: 0.0195 - reader cost: 1.0290e-04
259/348 [=====================>........] - ETA: 1s - batch_cost: 0.0195 - reader cost: 1.0585e-04
262/348 [=====================>........] - ETA: 1s - batch_cost: 0.0195 - reader cost: 1.0464e-04
265/348 [=====================>........] - ETA: 1s - batch_cost: 0.0195 - reader cost: 1.0346e-04
268/348 [======================>.......] - ETA: 1s - batch_cost: 0.0195 - reader cost: 1.0230e-04
271/348 [======================>.......] - ETA: 1s - batch_cost: 0.0195 - reader cost: 1.0117e-04
274/348 [======================>.......] - ETA: 1s - batch_cost: 0.0195 - reader cost: 1.0371e-04
277/348 [======================>.......] - ETA: 1s - batch_cost: 0.0195 - reader cost: 1.0259e-04
280/348 [=======================>......] - ETA: 1s - batch_cost: 0.0195 - reader cost: 1.0149e-04
283/348 [=======================>......] - ETA: 1s - batch_cost: 0.0195 - reader cost: 1.0041e-04
286/348 [=======================>......] - ETA: 1s - batch_cost: 0.0195 - reader cost: 1.0286e-04
289/348 [=======================>......] - ETA: 1s - batch_cost: 0.0195 - reader cost: 1.0179e-04
292/348 [========================>.....] - ETA: 1s - batch_cost: 0.0195 - reader cost: 1.0074e-04
295/348 [========================>.....] - ETA: 1s - batch_cost: 0.0195 - reader cost: 9.9720e-05
298/348 [========================>.....] - ETA: 0s - batch_cost: 0.0195 - reader cost: 9.8716e-05
301/348 [========================>.....] - ETA: 0s - batch_cost: 0.0195 - reader cost: 9.7733e-05
304/348 [=========================>....] - ETA: 0s - batch_cost: 0.0195 - reader cost: 9.6768e-05
307/348 [=========================>....] - ETA: 0s - batch_cost: 0.0195 - reader cost: 9.9078e-05
310/348 [=========================>....] - ETA: 0s - batch_cost: 0.0195 - reader cost: 9.8119e-05
313/348 [=========================>....] - ETA: 0s - batch_cost: 0.0195 - reader cost: 1.0038e-04
316/348 [==========================>...] - ETA: 0s - batch_cost: 0.0195 - reader cost: 9.9424e-05
319/348 [==========================>...] - ETA: 0s - batch_cost: 0.0194 - reader cost: 9.8489e-05
322/348 [==========================>...] - ETA: 0s - batch_cost: 0.0194 - reader cost: 9.7571e-05
325/348 [===========================>..] - ETA: 0s - batch_cost: 0.0194 - reader cost: 9.6670e-05
328/348 [===========================>..] - ETA: 0s - batch_cost: 0.0194 - reader cost: 9.5786e-05
331/348 [===========================>..] - ETA: 0s - batch_cost: 0.0194 - reader cost: 9.4918e-05
334/348 [===========================>..] - ETA: 0s - batch_cost: 0.0195 - reader cost: 9.4065e-05
337/348 [============================>.] - ETA: 0s - batch_cost: 0.0195 - reader cost: 9.3228e-05
340/348 [============================>.] - ETA: 0s - batch_cost: 0.0195 - reader cost: 9.2405e-05
343/348 [============================>.] - ETA: 0s - batch_cost: 0.0195 - reader cost: 9.7445e-05
347/348 [============================>.] - ETA: 0s - batch_cost: 0.0195 - reader cost: 9.6322e-05
348/348 [==============================] - 7s 20ms/step - batch_cost: 0.0195 - reader cost: 9.6045e-05
[2026/10/07 12:32:14] INFO: [EVAL] #Images: 348 mIoU: 0.8097 Acc: 0.9765 Kappa: 0.7710 Dice: 0.8855
[2026/10/07 12:32:14] INFO: [EVAL] Class IoU: 
[0.9754 0.644 ]
[2026/10/07 12:32:14] INFO: [EVAL] Class Precision: 
[0.9853 0.8159]
[2026/10/07 12:32:14] INFO: [EVAL] Class Recall: 
[0.9898 0.7535]
[2026/10/07 12:32:14] INFO: [EVAL] The model with the best validation mIoU (0.8065) was saved at iter 7000.
[2026/10/07 12:32:14] INFO: [EVAL] The EMA model with the best validation mIoU (0.8097) was saved at iter 7000.
[2026/10/07 12:32:16] INFO: [TRAIN] epoch: 15, iter: 7010/18000, loss: 3.0332, lr: 0.000037, batch_cost: 0.1048, reader_cost: 0.00010, ips: 38.1799 samples/sec, max_mem_reserved: 922 MB, max_mem_allocated: 673 MB | ETA 00:19:11
[2026/10/07 12:32:17] INFO: [TRAIN] epoch: 15, iter: 7020/18000, loss: 2.9226, lr: 0.000037, batch_cost: 0.1054, reader_cost: 0.00000, ips: 37.9386 samples/sec, max_mem_reserved: 922 MB, max_mem_allocated: 673 MB | ETA 00:19:17
[2026/10/07 12:32:18] INFO: [TRAIN] epoch: 15, iter: 7030/18000, loss: 2.9498, lr: 0.000037, batch_cost: 0.1036, reader_cost: 0.00000, ips: 38.6089 samples/sec, max_mem_reserved: 922 MB, max_mem_allocated: 673 MB | ETA 00:18:56
[2026/10/07 12:32:20] INFO: [TRAIN] epoch: 15, iter: 7040/18000, loss: 2.8405, lr: 0.000037, batch_cost: 0.1060, reader_cost: 0.00005, ips: 37.7441 samples/sec, max_mem_reserved: 922 MB, max_mem_allocated: 673 MB | ETA 00:19:21
[2026/10/07 12:32:21] INFO: [TRAIN] epoch: 15, iter: 7050/18000, loss: 3.0866, lr: 0.000037, batch_cost: 0.1030, reader_cost: 0.00000, ips: 38.8432 samples/sec, max_mem_reserved: 922 MB, max_mem_allocated: 673 MB | ETA 00:18:47
[2026/10/07 12:32:23] INFO: [TRAIN] epoch: 15, iter: 7060/18000, loss: 3.0670, lr: 0.000036, batch_cost: 0.1022, reader_cost: 0.00010, ips: 39.1517 samples/sec, max_mem_reserved: 922 MB, max_mem_allocated: 673 MB | ETA 00:18:37
[2026/10/07 12:32:24] INFO: [TRAIN] epoch: 15, iter: 7070/18000, loss: 3.1889, lr: 0.000036, batch_cost: 0.1062, reader_cost: 0.00020, ips: 37.6632 samples/sec, max_mem_reserved: 922 MB, max_mem_allocated: 673 MB | ETA 00:19:20
[2026/10/07 12:32:25] INFO: [TRAIN] epoch: 15, iter: 7080/18000, loss: 3.3239, lr: 0.000036, batch_cost: 0.1020, reader_cost: 0.00020, ips: 39.2265 samples/sec, max_mem_reserved: 922 MB, max_mem_allocated: 673 MB | ETA 00:18:33
[2026/10/07 12:32:27] INFO: [TRAIN] epoch: 15, iter: 7090/18000, loss: 2.7775, lr: 0.000036, batch_cost: 0.1024, reader_cost: 0.00000, ips: 39.0564 samples/sec, max_mem_reserved: 922 MB, max_mem_allocated: 673 MB | ETA 00:18:37
[2026/10/07 12:32:28] INFO: [TRAIN] epoch: 15, iter: 7100/18000, loss: 2.8623, lr: 0.000036, batch_cost: 0.1032, reader_cost: 0.00020, ips: 38.7772 samples/sec, max_mem_reserved: 922 MB, max_mem_allocated: 673 MB | ETA 00:18:44
[2026/10/07 12:32:29] INFO: [TRAIN] epoch: 15, iter: 7110/18000, loss: 2.8887, lr: 0.000036, batch_cost: 0.0937, reader_cost: 0.00000, ips: 42.6987 samples/sec, max_mem_reserved: 922 MB, max_mem_allocated: 673 MB | ETA 00:17:00
[2026/10/07 12:32:31] INFO: [TRAIN] epoch: 16, iter: 7120/18000, loss: 2.8994, lr: 0.000036, batch_cost: 0.1143, reader_cost: 0.00738, ips: 34.9942 samples/sec, max_mem_reserved: 922 MB, max_mem_allocated: 673 MB | ETA 00:20:43
[2026/10/07 12:32:32] INFO: [TRAIN] epoch: 16, iter: 7130/18000, loss: 3.5002, lr: 0.000036, batch_cost: 0.1056, reader_cost: 0.00000, ips: 37.8742 samples/sec, max_mem_reserved: 922 MB, max_mem_allocated: 673 MB | ETA 00:19:08
[2026/10/07 12:32:33] INFO: [TRAIN] epoch: 16, iter: 7140/18000, loss: 3.4126, lr: 0.000036, batch_cost: 0.1046, reader_cost: 0.00000, ips: 38.2270 samples/sec, max_mem_reserved: 922 MB, max_mem_allocated: 673 MB | ETA 00:18:56
[2026/10/07 12:32:35] INFO: [TRAIN] epoch: 16, iter: 7150/18000, loss: 3.0869, lr: 0.000036, batch_cost: 0.1024, reader_cost: 0.00000, ips: 39.0639 samples/sec, max_mem_reserved: 922 MB, max_mem_allocated: 673 MB | ETA 00:18:31
[2026/10/07 12:32:36] INFO: [TRAIN] epoch: 16, iter: 7160/18000, loss: 3.1077, lr: 0.000036, batch_cost: 0.1021, reader_cost: 0.00000, ips: 39.1868 samples/sec, max_mem_reserved: 922 MB, max_mem_allocated: 673 MB | ETA 00:18:26
[2026/10/07 12:32:38] INFO: [TRAIN] epoch: 16, iter: 7170/18000, loss: 2.7858, lr: 0.000036, batch_cost: 0.1073, reader_cost: 0.00020, ips: 37.2815 samples/sec, max_mem_reserved: 922 MB, max_mem_allocated: 673 MB | ETA 00:19:21
[2026/10/07 12:32:39] INFO: [TRAIN] epoch: 16, iter: 7180/18000, loss: 3.1675, lr: 0.000036, batch_cost: 0.1036, reader_cost: 0.00010, ips: 38.6148 samples/sec, max_mem_reserved: 922 MB, max_mem_allocated: 673 MB | ETA 00:18:40
[2026/10/07 12:32:40] INFO: [TRAIN] epoch: 16, iter: 7190/18000, loss: 2.8615, lr: 0.000036, batch_cost: 0.1041, reader_cost: 0.00000, ips: 38.4175 samples/sec, max_mem_reserved: 922 MB, max_mem_allocated: 673 MB | ETA 00:18:45
[2026/10/07 12:32:42] INFO: [TRAIN] epoch: 16, iter: 7200/18000, loss: 3.0903, lr: 0.000036, batch_cost: 0.1023, reader_cost: 0.00000, ips: 39.0923 samples/sec, max_mem_reserved: 922 MB, max_mem_allocated: 673 MB | ETA 00:18:25
[2026/10/07 12:32:43] INFO: [TRAIN] epoch: 16, iter: 7210/18000, loss: 3.0233, lr: 0.000036, batch_cost: 0.1019, reader_cost: 0.00010, ips: 39.2416 samples/sec, max_mem_reserved: 922 MB, max_mem_allocated: 673 MB | ETA 00:18:19
[2026/10/07 12:32:44] INFO: [TRAIN] epoch: 16, iter: 7220/18000, loss: 3.4999, lr: 0.000036, batch_cost: 0.1014, reader_cost: 0.00005, ips: 39.4651 samples/sec, max_mem_reserved: 922 MB, max_mem_allocated: 673 MB | ETA 00:18:12
[2026/10/07 12:32:46] INFO: [TRAIN] epoch: 16, iter: 7230/18000, loss: 2.8755, lr: 0.000036, batch_cost: 0.1020, reader_cost: 0.00010, ips: 39.2202 samples/sec, max_mem_reserved: 922 MB, max_mem_allocated: 673 MB | ETA 00:18:18
[2026/10/07 12:32:47] INFO: [TRAIN] epoch: 16, iter: 7240/18000, loss: 2.9193, lr: 0.000036, batch_cost: 0.1037, reader_cost: 0.00000, ips: 38.5646 samples/sec, max_mem_reserved: 922 MB, max_mem_allocated: 673 MB | ETA 00:18:36
[2026/10/07 12:32:48] INFO: [TRAIN] epoch: 16, iter: 7250/18000, loss: 3.1889, lr: 0.000036, batch_cost: 0.1036, reader_cost: 0.00020, ips: 38.6230 samples/sec, max_mem_reserved: 922 MB, max_mem_allocated: 673 MB | ETA 00:18:33
[2026/10/07 12:32:50] INFO: [TRAIN] epoch: 16, iter: 7260/18000, loss: 2.9383, lr: 0.000036, batch_cost: 0.1035, reader_cost: 0.00010, ips: 38.6608 samples/sec, max_mem_reserved: 922 MB, max_mem_allocated: 673 MB | ETA 00:18:31
[2026/10/07 12:32:51] INFO: [TRAIN] epoch: 16, iter: 7270/18000, loss: 2.9253, lr: 0.000036, batch_cost: 0.1048, reader_cost: 0.00010, ips: 38.1706 samples/sec, max_mem_reserved: 922 MB, max_mem_allocated: 673 MB | ETA 00:18:44
[2026/10/07 12:32:53] INFO: [TRAIN] epoch: 16, iter: 7280/18000, loss: 3.0572, lr: 0.000036, batch_cost: 0.1014, reader_cost: 0.00020, ips: 39.4615 samples/sec, max_mem_reserved: 922 MB, max_mem_allocated: 673 MB | ETA 00:18:06
[2026/10/07 12:32:54] INFO: [TRAIN] epoch: 16, iter: 7290/18000, loss: 3.2492, lr: 0.000036, batch_cost: 0.1028, reader_cost: 0.00035, ips: 38.9113 samples/sec, max_mem_reserved: 922 MB, max_mem_allocated: 673 MB | ETA 00:18:20
[2026/10/07 12:32:55] INFO: [TRAIN] epoch: 16, iter: 7300/18000, loss: 3.0239, lr: 0.000036, batch_cost: 0.1047, reader_cost: 0.00000, ips: 38.2145 samples/sec, max_mem_reserved: 922 MB, max_mem_allocated: 673 MB | ETA 00:18:39
[2026/10/07 12:32:57] INFO: [TRAIN] epoch: 16, iter: 7310/18000, loss: 2.9765, lr: 0.000036, batch_cost: 0.0994, reader_cost: 0.00015, ips: 40.2343 samples/sec, max_mem_reserved: 922 MB, max_mem_allocated: 673 MB | ETA 00:17:42
[2026/10/07 12:32:58] INFO: [TRAIN] epoch: 16, iter: 7320/18000, loss: 3.4645, lr: 0.000036, batch_cost: 0.1022, reader_cost: 0.00000, ips: 39.1539 samples/sec, max_mem_reserved: 922 MB, max_mem_allocated: 673 MB | ETA 00:18:11
[2026/10/07 12:32:59] INFO: [TRAIN] epoch: 16, iter: 7330/18000, loss: 2.8673, lr: 0.000036, batch_cost: 0.1017, reader_cost: 0.00000, ips: 39.3196 samples/sec, max_mem_reserved: 922 MB, max_mem_allocated: 673 MB | ETA 00:18:05
[2026/10/07 12:33:01] INFO: [TRAIN] epoch: 16, iter: 7340/18000, loss: 3.1677, lr: 0.000036, batch_cost: 0.1021, reader_cost: 0.00030, ips: 39.1693 samples/sec, max_mem_reserved: 922 MB, max_mem_allocated: 673 MB | ETA 00:18:08
[2026/10/07 12:33:02] INFO: [TRAIN] epoch: 16, iter: 7350/18000, loss: 2.9548, lr: 0.000036, batch_cost: 0.1053, reader_cost: 0.00000, ips: 37.9800 samples/sec, max_mem_reserved: 922 MB, max_mem_allocated: 673 MB | ETA 00:18:41
[2026/10/07 12:33:03] INFO: [TRAIN] epoch: 16, iter: 7360/18000, loss: 3.1910, lr: 0.000035, batch_cost: 0.1009, reader_cost: 0.00030, ips: 39.6568 samples/sec, max_mem_reserved: 922 MB, max_mem_allocated: 673 MB | ETA 00:17:53
[2026/10/07 12:33:05] INFO: [TRAIN] epoch: 16, iter: 7370/18000, loss: 3.3084, lr: 0.000035, batch_cost: 0.1024, reader_cost: 0.00000, ips: 39.0754 samples/sec, max_mem_reserved: 922 MB, max_mem_allocated: 673 MB | ETA 00:18:08
[2026/10/07 12:33:06] INFO: [TRAIN] epoch: 16, iter: 7380/18000, loss: 2.9147, lr: 0.000035, batch_cost: 0.1005, reader_cost: 0.00000, ips: 39.7912 samples/sec, max_mem_reserved: 922 MB, max_mem_allocated: 673 MB | ETA 00:17:47
[2026/10/07 12:33:07] INFO: [TRAIN] epoch: 16, iter: 7390/18000, loss: 3.2494, lr: 0.000035, batch_cost: 0.1020, reader_cost: 0.00000, ips: 39.2030 samples/sec, max_mem_reserved: 922 MB, max_mem_allocated: 673 MB | ETA 00:18:02
[2026/10/07 12:33:09] INFO: [TRAIN] epoch: 16, iter: 7400/18000, loss: 3.2292, lr: 0.000035, batch_cost: 0.1049, reader_cost: 0.00005, ips: 38.1361 samples/sec, max_mem_reserved: 922 MB, max_mem_allocated: 673 MB | ETA 00:18:31
[2026/10/07 12:33:10] INFO: [TRAIN] epoch: 16, iter: 7410/18000, loss: 2.9823, lr: 0.000035, batch_cost: 0.1012, reader_cost: 0.00010, ips: 39.5284 samples/sec, max_mem_reserved: 922 MB, max_mem_allocated: 673 MB | ETA 00:17:51
[2026/10/07 12:33:11] INFO: [TRAIN] epoch: 16, iter: 7420/18000, loss: 3.1077, lr: 0.000035, batch_cost: 0.1006, reader_cost: 0.00000, ips: 39.7619 samples/sec, max_mem_reserved: 922 MB, max_mem_allocated: 673 MB | ETA 00:17:44
[2026/10/07 12:33:13] INFO: [TRAIN] epoch: 16, iter: 7430/18000, loss: 2.7982, lr: 0.000035, batch_cost: 0.1022, reader_cost: 0.00000, ips: 39.1533 samples/sec, max_mem_reserved: 922 MB, max_mem_allocated: 673 MB | ETA 00:17:59
[2026/10/07 12:33:14] INFO: [TRAIN] epoch: 16, iter: 7440/18000, loss: 3.4159, lr: 0.000035, batch_cost: 0.1011, reader_cost: 0.00000, ips: 39.5596 samples/sec, max_mem_reserved: 922 MB, max_mem_allocated: 673 MB | ETA 00:17:47
[2026/10/07 12:33:15] INFO: [TRAIN] epoch: 16, iter: 7450/18000, loss: 3.0909, lr: 0.000035, batch_cost: 0.0996, reader_cost: 0.00006, ips: 40.1438 samples/sec, max_mem_reserved: 922 MB, max_mem_allocated: 673 MB | ETA 00:17:31
[2026/10/07 12:33:17] INFO: [TRAIN] epoch: 16, iter: 7460/18000, loss: 2.9726, lr: 0.000035, batch_cost: 0.1058, reader_cost: 0.00010, ips: 37.8235 samples/sec, max_mem_reserved: 922 MB, max_mem_allocated: 673 MB | ETA 00:18:34
[2026/10/07 12:33:18] INFO: [TRAIN] epoch: 16, iter: 7470/18000, loss: 3.1075, lr: 0.000035, batch_cost: 0.1026, reader_cost: 0.00010, ips: 38.9837 samples/sec, max_mem_reserved: 922 MB, max_mem_allocated: 673 MB | ETA 00:18:00
[2026/10/07 12:33:20] INFO: [TRAIN] epoch: 16, iter: 7480/18000, loss: 3.4837, lr: 0.000035, batch_cost: 0.1013, reader_cost: 0.00010, ips: 39.4690 samples/sec, max_mem_reserved: 922 MB, max_mem_allocated: 673 MB | ETA 00:17:46
[2026/10/07 12:33:21] INFO: [TRAIN] epoch: 16, iter: 7490/18000, loss: 2.9102, lr: 0.000035, batch_cost: 0.1015, reader_cost: 0.00017, ips: 39.4107 samples/sec, max_mem_reserved: 922 MB, max_mem_allocated: 673 MB | ETA 00:17:46
[2026/10/07 12:33:22] INFO: [TRAIN] epoch: 16, iter: 7500/18000, loss: 2.7550, lr: 0.000035, batch_cost: 0.1019, reader_cost: 0.00010, ips: 39.2717 samples/sec, max_mem_reserved: 922 MB, max_mem_allocated: 673 MB | ETA 00:17:49
[2026/10/07 12:33:24] INFO: [TRAIN] epoch: 16, iter: 7510/18000, loss: 2.8005, lr: 0.000035, batch_cost: 0.1024, reader_cost: 0.00010, ips: 39.0658 samples/sec, max_mem_reserved: 922 MB, max_mem_allocated: 673 MB | ETA 00:17:54
[2026/10/07 12:33:25] INFO: [TRAIN] epoch: 16, iter: 7520/18000, loss: 2.8339, lr: 0.000035, batch_cost: 0.1040, reader_cost: 0.00000, ips: 38.4598 samples/sec, max_mem_reserved: 922 MB, max_mem_allocated: 673 MB | ETA 00:18:09
[2026/10/07 12:33:26] INFO: [TRAIN] epoch: 16, iter: 7530/18000, loss: 2.9146, lr: 0.000035, batch_cost: 0.1036, reader_cost: 0.00020, ips: 38.5977 samples/sec, max_mem_reserved: 922 MB, max_mem_allocated: 673 MB | ETA 00:18:05
[2026/10/07 12:33:28] INFO: [TRAIN] epoch: 16, iter: 7540/18000, loss: 3.3375, lr: 0.000035, batch_cost: 0.1016, reader_cost: 0.00030, ips: 39.3642 samples/sec, max_mem_reserved: 922 MB, max_mem_allocated: 673 MB | ETA 00:17:42
[2026/10/07 12:33:29] INFO: [TRAIN] epoch: 16, iter: 7550/18000, loss: 3.1126, lr: 0.000035, batch_cost: 0.1013, reader_cost: 0.00000, ips: 39.4880 samples/sec, max_mem_reserved: 922 MB, max_mem_allocated: 673 MB | ETA 00:17:38
[2026/10/07 12:33:30] INFO: [TRAIN] epoch: 16, iter: 7560/18000, loss: 3.1091, lr: 0.000035, batch_cost: 0.1013, reader_cost: 0.00000, ips: 39.4882 samples/sec, max_mem_reserved: 922 MB, max_mem_allocated: 673 MB | ETA 00:17:37
[2026/10/07 12:33:32] INFO: [TRAIN] epoch: 16, iter: 7570/18000, loss: 2.9018, lr: 0.000035, batch_cost: 0.1035, reader_cost: 0.00030, ips: 38.6470 samples/sec, max_mem_reserved: 922 MB, max_mem_allocated: 673 MB | ETA 00:17:59
[2026/10/07 12:33:33] INFO: [TRAIN] epoch: 16, iter: 7580/18000, loss: 2.7162, lr: 0.000035, batch_cost: 0.1009, reader_cost: 0.00010, ips: 39.6539 samples/sec, max_mem_reserved: 922 MB, max_mem_allocated: 673 MB | ETA 00:17:31
[2026/10/07 12:33:34] INFO: [TRAIN] epoch: 17, iter: 7590/18000, loss: 2.9081, lr: 0.000035, batch_cost: 0.1051, reader_cost: 0.00759, ips: 38.0608 samples/sec, max_mem_reserved: 922 MB, max_mem_allocated: 673 MB | ETA 00:18:14
[2026/10/07 12:33:36] INFO: [TRAIN] epoch: 17, iter: 7600/18000, loss: 3.1283, lr: 0.000035, batch_cost: 0.1011, reader_cost: 0.00010, ips: 39.5700 samples/sec, max_mem_reserved: 922 MB, max_mem_allocated: 673 MB | ETA 00:17:31
[2026/10/07 12:33:37] INFO: [TRAIN] epoch: 17, iter: 7610/18000, loss: 3.1911, lr: 0.000035, batch_cost: 0.0992, reader_cost: 0.00010, ips: 40.3257 samples/sec, max_mem_reserved: 922 MB, max_mem_allocated: 673 MB | ETA 00:17:10
[2026/10/07 12:33:39] INFO: [TRAIN] epoch: 17, iter: 7620/18000, loss: 2.9757, lr: 0.000035, batch_cost: 0.1009, reader_cost: 0.00010, ips: 39.6576 samples/sec, max_mem_reserved: 922 MB, max_mem_allocated: 673 MB | ETA 00:17:26
[2026/10/07 12:33:40] INFO: [TRAIN] epoch: 17, iter: 7630/18000, loss: 3.0325, lr: 0.000035, batch_cost: 0.1043, reader_cost: 0.00035, ips: 38.3475 samples/sec, max_mem_reserved: 922 MB, max_mem_allocated: 673 MB | ETA 00:18:01
[2026/10/07 12:33:41] INFO: [TRAIN] epoch: 17, iter: 7640/18000, loss: 2.9536, lr: 0.000035, batch_cost: 0.0996, reader_cost: 0.00000, ips: 40.1746 samples/sec, max_mem_reserved: 922 MB, max_mem_allocated: 673 MB | ETA 00:17:11
[2026/10/07 12:33:43] INFO: [TRAIN] epoch: 17, iter: 7650/18000, loss: 3.3664, lr: 0.000035, batch_cost: 0.1005, reader_cost: 0.00000, ips: 39.7923 samples/sec, max_mem_reserved: 922 MB, max_mem_allocated: 673 MB | ETA 00:17:20
[2026/10/07 12:33:44] INFO: [TRAIN] epoch: 17, iter: 7660/18000, loss: 3.0859, lr: 0.000034, batch_cost: 0.1032, reader_cost: 0.00020, ips: 38.7485 samples/sec, max_mem_reserved: 922 MB, max_mem_allocated: 673 MB | ETA 00:17:47
[2026/10/07 12:33:45] INFO: [TRAIN] epoch: 17, iter: 7670/18000, loss: 3.0479, lr: 0.000034, batch_cost: 0.1011, reader_cost: 0.00010, ips: 39.5843 samples/sec, max_mem_reserved: 922 MB, max_mem_allocated: 673 MB | ETA 00:17:23
[2026/10/07 12:33:47] INFO: [TRAIN] epoch: 17, iter: 7680/18000, loss: 3.0099, lr: 0.000034, batch_cost: 0.1017, reader_cost: 0.00015, ips: 39.3394 samples/sec, max_mem_reserved: 922 MB, max_mem_allocated: 673 MB | ETA 00:17:29
[2026/10/07 12:33:48] INFO: [TRAIN] epoch: 17, iter: 7690/18000, loss: 3.0758, lr: 0.000034, batch_cost: 0.1038, reader_cost: 0.00031, ips: 38.5397 samples/sec, max_mem_reserved: 922 MB, max_mem_allocated: 673 MB | ETA 00:17:50
[2026/10/07 12:33:49] INFO: [TRAIN] epoch: 17, iter: 7700/18000, loss: 3.0653, lr: 0.000034, batch_cost: 0.1030, reader_cost: 0.00005, ips: 38.8378 samples/sec, max_mem_reserved: 922 MB, max_mem_allocated: 673 MB | ETA 00:17:40
[2026/10/07 12:33:51] INFO: [TRAIN] epoch: 17, iter: 7710/18000, loss: 3.0193, lr: 0.000034, batch_cost: 0.1022, reader_cost: 0.00010, ips: 39.1557 samples/sec, max_mem_reserved: 922 MB, max_mem_allocated: 673 MB | ETA 00:17:31
[2026/10/07 12:33:52] INFO: [TRAIN] epoch: 17, iter: 7720/18000, loss: 2.9921, lr: 0.000034, batch_cost: 0.1020, reader_cost: 0.00000, ips: 39.2140 samples/sec, max_mem_reserved: 922 MB, max_mem_allocated: 673 MB | ETA 00:17:28
[2026/10/07 12:33:53] INFO: [TRAIN] epoch: 17, iter: 7730/18000, loss: 2.8402, lr: 0.000034, batch_cost: 0.1045, reader_cost: 0.00010, ips: 38.2670 samples/sec, max_mem_reserved: 922 MB, max_mem_allocated: 673 MB | ETA 00:17:53
[2026/10/07 12:33:55] INFO: [TRAIN] epoch: 17, iter: 7740/18000, loss: 3.0320, lr: 0.000034, batch_cost: 0.1037, reader_cost: 0.00000, ips: 38.5640 samples/sec, max_mem_reserved: 922 MB, max_mem_allocated: 673 MB | ETA 00:17:44
[2026/10/07 12:33:56] INFO: [TRAIN] epoch: 17, iter: 7750/18000, loss: 3.1989, lr: 0.000034, batch_cost: 0.1023, reader_cost: 0.00020, ips: 39.1130 samples/sec, max_mem_reserved: 922 MB, max_mem_allocated: 673 MB | ETA 00:17:28
[2026/10/07 12:33:57] INFO: [TRAIN] epoch: 17, iter: 7760/18000, loss: 3.0052, lr: 0.000034, batch_cost: 0.1061, reader_cost: 0.00015, ips: 37.6834 samples/sec, max_mem_reserved: 922 MB, max_mem_allocated: 673 MB | ETA 00:18:06
[2026/10/07 12:33:59] INFO: [TRAIN] epoch: 17, iter: 7770/18000, loss: 2.9288, lr: 0.000034, batch_cost: 0.1024, reader_cost: 0.00020, ips: 39.0787 samples/sec, max_mem_reserved: 922 MB, max_mem_allocated: 673 MB | ETA 00:17:27
[2026/10/07 12:34:00] INFO: [TRAIN] epoch: 17, iter: 7780/18000, loss: 3.0932, lr: 0.000034, batch_cost: 0.1005, reader_cost: 0.00030, ips: 39.8129 samples/sec, max_mem_reserved: 922 MB, max_mem_allocated: 673 MB | ETA 00:17:06
[2026/10/07 12:34:01] INFO: [TRAIN] epoch: 17, iter: 7790/18000, loss: 3.0495, lr: 0.000034, batch_cost: 0.1034, reader_cost: 0.00010, ips: 38.7013 samples/sec, max_mem_reserved: 922 MB, max_mem_allocated: 673 MB | ETA 00:17:35
[2026/10/07 12:34:03] INFO: [TRAIN] epoch: 17, iter: 7800/18000, loss: 2.8860, lr: 0.000034, batch_cost: 0.1030, reader_cost: 0.00010, ips: 38.8333 samples/sec, max_mem_reserved: 922 MB, max_mem_allocated: 673 MB | ETA 00:17:30
[2026/10/07 12:34:04] INFO: [TRAIN] epoch: 17, iter: 7810/18000, loss: 3.0158, lr: 0.000034, batch_cost: 0.1040, reader_cost: 0.00000, ips: 38.4591 samples/sec, max_mem_reserved: 922 MB, max_mem_allocated: 673 MB | ETA 00:17:39
[2026/10/07 12:34:06] INFO: [TRAIN] epoch: 17, iter: 7820/18000, loss: 3.2967, lr: 0.000034, batch_cost: 0.1022, reader_cost: 0.00000, ips: 39.1381 samples/sec, max_mem_reserved: 922 MB, max_mem_allocated: 673 MB | ETA 00:17:20
[2026/10/07 12:34:07] INFO: [TRAIN] epoch: 17, iter: 7830/18000, loss: 2.8868, lr: 0.000034, batch_cost: 0.1023, reader_cost: 0.00025, ips: 39.0896 samples/sec, max_mem_reserved: 922 MB, max_mem_allocated: 673 MB | ETA 00:17:20
[2026/10/07 12:34:08] INFO: [TRAIN] epoch: 17, iter: 7840/18000, loss: 3.0522, lr: 0.000034, batch_cost: 0.1024, reader_cost: 0.00010, ips: 39.0674 samples/sec, max_mem_reserved: 922 MB, max_mem_allocated: 673 MB | ETA 00:17:20
[2026/10/07 12:34:10] INFO: [TRAIN] epoch: 17, iter: 7850/18000, loss: 3.0746, lr: 0.000034, batch_cost: 0.1054, reader_cost: 0.00010, ips: 37.9482 samples/sec, max_mem_reserved: 922 MB, max_mem_allocated: 673 MB | ETA 00:17:49
[2026/10/07 12:34:11] INFO: [TRAIN] epoch: 17, iter: 7860/18000, loss: 3.0945, lr: 0.000034, batch_cost: 0.1016, reader_cost: 0.00010, ips: 39.3838 samples/sec, max_mem_reserved: 922 MB, max_mem_allocated: 673 MB | ETA 00:17:09
[2026/10/07 12:34:12] INFO: [TRAIN] epoch: 17, iter: 7870/18000, loss: 3.1120, lr: 0.000034, batch_cost: 0.0997, reader_cost: 0.00010, ips: 40.1298 samples/sec, max_mem_reserved: 922 MB, max_mem_allocated: 673 MB | ETA 00:16:49
[2026/10/07 12:34:14] INFO: [TRAIN] epoch: 17, iter: 7880/18000, loss: 2.9363, lr: 0.000034, batch_cost: 0.1023, reader_cost: 0.00000, ips: 39.0934 samples/sec, max_mem_reserved: 922 MB, max_mem_allocated: 673 MB | ETA 00:17:15
[2026/10/07 12:34:15] INFO: [TRAIN] epoch: 17, iter: 7890/18000, loss: 3.1422, lr: 0.000034, batch_cost: 0.1004, reader_cost: 0.00010, ips: 39.8337 samples/sec, max_mem_reserved: 922 MB, max_mem_allocated: 673 MB | ETA 00:16:55
[2026/10/07 12:34:16] INFO: [TRAIN] epoch: 17, iter: 7900/18000, loss: 3.1800, lr: 0.000034, batch_cost: 0.1034, reader_cost: 0.00010, ips: 38.6813 samples/sec, max_mem_reserved: 922 MB, max_mem_allocated: 673 MB | ETA 00:17:24
[2026/10/07 12:34:18] INFO: [TRAIN] epoch: 17, iter: 7910/18000, loss: 2.9727, lr: 0.000034, batch_cost: 0.1015, reader_cost: 0.00010, ips: 39.4099 samples/sec, max_mem_reserved: 922 MB, max_mem_allocated: 673 MB | ETA 00:17:04
[2026/10/07 12:34:19] INFO: [TRAIN] epoch: 17, iter: 7920/18000, loss: 2.8352, lr: 0.000034, batch_cost: 0.1094, reader_cost: 0.00010, ips: 36.5518 samples/sec, max_mem_reserved: 922 MB, max_mem_allocated: 673 MB | ETA 00:18:23
[2026/10/07 12:34:20] INFO: [TRAIN] epoch: 17, iter: 7930/18000, loss: 3.0994, lr: 0.000034, batch_cost: 0.1067, reader_cost: 0.00010, ips: 37.5003 samples/sec, max_mem_reserved: 922 MB, max_mem_allocated: 673 MB | ETA 00:17:54
[2026/10/07 12:34:22] INFO: [TRAIN] epoch: 17, iter: 7940/18000, loss: 3.2616, lr: 0.000034, batch_cost: 0.1088, reader_cost: 0.00030, ips: 36.7676 samples/sec, max_mem_reserved: 922 MB, max_mem_allocated: 673 MB | ETA 00:18:14
[2026/10/07 12:34:23] INFO: [TRAIN] epoch: 17, iter: 7950/18000, loss: 3.1302, lr: 0.000034, batch_cost: 0.1063, reader_cost: 0.00000, ips: 37.6342 samples/sec, max_mem_reserved: 922 MB, max_mem_allocated: 673 MB | ETA 00:17:48
[2026/10/07 12:34:25] INFO: [TRAIN] epoch: 17, iter: 7960/18000, loss: 2.7936, lr: 0.000033, batch_cost: 0.1069, reader_cost: 0.00000, ips: 37.4344 samples/sec, max_mem_reserved: 922 MB, max_mem_allocated: 673 MB | ETA 00:17:52
[2026/10/07 12:34:26] INFO: [TRAIN] epoch: 17, iter: 7970/18000, loss: 3.1583, lr: 0.000033, batch_cost: 0.1052, reader_cost: 0.00015, ips: 38.0200 samples/sec, max_mem_reserved: 922 MB, max_mem_allocated: 673 MB | ETA 00:17:35
[2026/10/07 12:34:27] INFO: [TRAIN] epoch: 17, iter: 7980/18000, loss: 2.9427, lr: 0.000033, batch_cost: 0.1032, reader_cost: 0.00010, ips: 38.7672 samples/sec, max_mem_reserved: 922 MB, max_mem_allocated: 673 MB | ETA 00:17:13
[2026/10/07 12:34:29] INFO: [TRAIN] epoch: 17, iter: 7990/18000, loss: 3.3022, lr: 0.000033, batch_cost: 0.1023, reader_cost: 0.00020, ips: 39.1068 samples/sec, max_mem_reserved: 922 MB, max_mem_allocated: 673 MB | ETA 00:17:03
[2026/10/07 12:34:30] INFO: [TRAIN] epoch: 17, iter: 8000/18000, loss: 3.0576, lr: 0.000033, batch_cost: 0.1006, reader_cost: 0.00010, ips: 39.7657 samples/sec, max_mem_reserved: 922 MB, max_mem_allocated: 673 MB | ETA 00:16:45
[2026/10/07 12:34:30] INFO: Start evaluating (total_samples: 348, total_iters: 348)...

  1/348 [..............................] - ETA: 9s - batch_cost: 0.0284 - reader cost: 0.0107
  4/348 [..............................] - ETA: 8s - batch_cost: 0.0238 - reader cost: 0.0027
  7/348 [..............................] - ETA: 7s - batch_cost: 0.0219 - reader cost: 0.0015
 10/348 [..............................] - ETA: 7s - batch_cost: 0.0211 - reader cost: 0.0011
 13/348 [>.............................] - ETA: 6s - batch_cost: 0.0202 - reader cost: 8.2032e-04
 16/348 [>.............................] - ETA: 6s - batch_cost: 0.0202 - reader cost: 8.2377e-04
 19/348 [>.............................] - ETA: 6s - batch_cost: 0.0200 - reader cost: 6.9370e-04
 22/348 [>.............................] - ETA: 6s - batch_cost: 0.0198 - reader cost: 5.9910e-04
 25/348 [=>............................] - ETA: 6s - batch_cost: 0.0198 - reader cost: 5.2721e-04
 28/348 [=>............................] - ETA: 6s - batch_cost: 0.0198 - reader cost: 4.7072e-04
 31/348 [=>............................] - ETA: 6s - batch_cost: 0.0198 - reader cost: 4.2517e-04
 34/348 [=>............................] - ETA: 6s - batch_cost: 0.0197 - reader cost: 3.8765e-04
 37/348 [==>...........................] - ETA: 6s - batch_cost: 0.0196 - reader cost: 3.5622e-04
 40/348 [==>...........................] - ETA: 6s - batch_cost: 0.0196 - reader cost: 3.2951e-04
 43/348 [==>...........................] - ETA: 5s - batch_cost: 0.0195 - reader cost: 3.0652e-04
 46/348 [==>...........................] - ETA: 5s - batch_cost: 0.0195 - reader cost: 2.8653e-04
 49/348 [===>..........................] - ETA: 5s - batch_cost: 0.0194 - reader cost: 2.6898e-04
 52/348 [===>..........................] - ETA: 5s - batch_cost: 0.0193 - reader cost: 2.5347e-04
 55/348 [===>..........................] - ETA: 5s - batch_cost: 0.0193 - reader cost: 2.3964e-04
 58/348 [====>.........................] - ETA: 5s - batch_cost: 0.0192 - reader cost: 2.2725e-04
 61/348 [====>.........................] - ETA: 5s - batch_cost: 0.0192 - reader cost: 2.1607e-04
 64/348 [====>.........................] - ETA: 5s - batch_cost: 0.0192 - reader cost: 2.2157e-04
 67/348 [====>.........................] - ETA: 5s - batch_cost: 0.0191 - reader cost: 2.2674e-04
 70/348 [=====>........................] - ETA: 5s - batch_cost: 0.0191 - reader cost: 2.1702e-04
 73/348 [=====>........................] - ETA: 5s - batch_cost: 0.0190 - reader cost: 2.0810e-04
 76/348 [=====>........................] - ETA: 5s - batch_cost: 0.0190 - reader cost: 1.9989e-04
 79/348 [=====>........................] - ETA: 5s - batch_cost: 0.0189 - reader cost: 1.9230e-04
 82/348 [======>.......................] - ETA: 5s - batch_cost: 0.0189 - reader cost: 1.8526e-04
 85/348 [======>.......................] - ETA: 4s - batch_cost: 0.0189 - reader cost: 1.9065e-04
 88/348 [======>.......................] - ETA: 4s - batch_cost: 0.0189 - reader cost: 1.8415e-04
 91/348 [======>.......................] - ETA: 4s - batch_cost: 0.0189 - reader cost: 1.7808e-04
 94/348 [=======>......................] - ETA: 4s - batch_cost: 0.0189 - reader cost: 1.7239e-04
 97/348 [=======>......................] - ETA: 4s - batch_cost: 0.0189 - reader cost: 1.6706e-04
100/348 [=======>......................] - ETA: 4s - batch_cost: 0.0189 - reader cost: 1.6205e-04
103/348 [=======>......................] - ETA: 4s - batch_cost: 0.0189 - reader cost: 1.5733e-04
106/348 [========>.....................] - ETA: 4s - batch_cost: 0.0190 - reader cost: 1.5288e-04
109/348 [========>.....................] - ETA: 4s - batch_cost: 0.0190 - reader cost: 1.4867e-04
112/348 [========>.....................] - ETA: 4s - batch_cost: 0.0190 - reader cost: 1.4469e-04
115/348 [========>.....................] - ETA: 4s - batch_cost: 0.0189 - reader cost: 1.4091e-04
118/348 [=========>....................] - ETA: 4s - batch_cost: 0.0190 - reader cost: 1.3733e-04
121/348 [=========>....................] - ETA: 4s - batch_cost: 0.0190 - reader cost: 1.4220e-04
124/348 [=========>....................] - ETA: 4s - batch_cost: 0.0189 - reader cost: 1.4684e-04
127/348 [=========>....................] - ETA: 4s - batch_cost: 0.0189 - reader cost: 1.4337e-04
130/348 [==========>...................] - ETA: 4s - batch_cost: 0.0189 - reader cost: 1.4007e-04
133/348 [==========>...................] - ETA: 4s - batch_cost: 0.0189 - reader cost: 1.3691e-04
136/348 [==========>...................] - ETA: 4s - batch_cost: 0.0190 - reader cost: 1.3389e-04
139/348 [==========>...................] - ETA: 3s - batch_cost: 0.0190 - reader cost: 1.3100e-04
142/348 [===========>..................] - ETA: 3s - batch_cost: 0.0190 - reader cost: 1.3527e-04
145/348 [===========>..................] - ETA: 3s - batch_cost: 0.0189 - reader cost: 1.3247e-04
148/348 [===========>..................] - ETA: 3s - batch_cost: 0.0189 - reader cost: 1.3404e-04
151/348 [============>.................] - ETA: 3s - batch_cost: 0.0189 - reader cost: 1.3138e-04
154/348 [============>.................] - ETA: 3s - batch_cost: 0.0189 - reader cost: 1.2882e-04
157/348 [============>.................] - ETA: 3s - batch_cost: 0.0190 - reader cost: 1.2636e-04
160/348 [============>.................] - ETA: 3s - batch_cost: 0.0190 - reader cost: 1.2399e-04
163/348 [=============>................] - ETA: 3s - batch_cost: 0.0190 - reader cost: 1.2170e-04
166/348 [=============>................] - ETA: 3s - batch_cost: 0.0190 - reader cost: 1.1951e-04
169/348 [=============>................] - ETA: 3s - batch_cost: 0.0190 - reader cost: 1.1738e-04
172/348 [=============>................] - ETA: 3s - batch_cost: 0.0189 - reader cost: 1.1534e-04
175/348 [==============>...............] - ETA: 3s - batch_cost: 0.0189 - reader cost: 1.1336e-04
178/348 [==============>...............] - ETA: 3s - batch_cost: 0.0189 - reader cost: 1.1711e-04
181/348 [==============>...............] - ETA: 3s - batch_cost: 0.0189 - reader cost: 1.1517e-04
184/348 [==============>...............] - ETA: 3s - batch_cost: 0.0189 - reader cost: 1.1329e-04
187/348 [===============>..............] - ETA: 3s - batch_cost: 0.0189 - reader cost: 1.1148e-04
190/348 [===============>..............] - ETA: 2s - batch_cost: 0.0189 - reader cost: 1.0972e-04
193/348 [===============>..............] - ETA: 2s - batch_cost: 0.0189 - reader cost: 1.0801e-04
196/348 [===============>..............] - ETA: 2s - batch_cost: 0.0189 - reader cost: 1.1146e-04
199/348 [================>.............] - ETA: 2s - batch_cost: 0.0188 - reader cost: 1.0978e-04
202/348 [================>.............] - ETA: 2s - batch_cost: 0.0188 - reader cost: 1.0815e-04
205/348 [================>.............] - ETA: 2s - batch_cost: 0.0189 - reader cost: 1.0656e-04
208/348 [================>.............] - ETA: 2s - batch_cost: 0.0189 - reader cost: 1.0503e-04
211/348 [=================>............] - ETA: 2s - batch_cost: 0.0189 - reader cost: 1.0353e-04
214/348 [=================>............] - ETA: 2s - batch_cost: 0.0189 - reader cost: 1.0208e-04
217/348 [=================>............] - ETA: 2s - batch_cost: 0.0189 - reader cost: 1.0528e-04
220/348 [=================>............] - ETA: 2s - batch_cost: 0.0189 - reader cost: 1.0384e-04
223/348 [==================>...........] - ETA: 2s - batch_cost: 0.0189 - reader cost: 1.0245e-04
226/348 [==================>...........] - ETA: 2s - batch_cost: 0.0189 - reader cost: 1.0109e-04
229/348 [==================>...........] - ETA: 2s - batch_cost: 0.0189 - reader cost: 9.9761e-05
232/348 [===================>..........] - ETA: 2s - batch_cost: 0.0189 - reader cost: 9.8471e-05
235/348 [===================>..........] - ETA: 2s - batch_cost: 0.0189 - reader cost: 1.0147e-04
238/348 [===================>..........] - ETA: 2s - batch_cost: 0.0189 - reader cost: 1.0019e-04
241/348 [===================>..........] - ETA: 2s - batch_cost: 0.0189 - reader cost: 9.8945e-05
244/348 [====================>.........] - ETA: 1s - batch_cost: 0.0189 - reader cost: 9.7728e-05
247/348 [====================>.........] - ETA: 1s - batch_cost: 0.0189 - reader cost: 9.6541e-05
250/348 [====================>.........] - ETA: 1s - batch_cost: 0.0189 - reader cost: 9.9336e-05
253/348 [====================>.........] - ETA: 1s - batch_cost: 0.0189 - reader cost: 9.8158e-05
256/348 [=====================>........] - ETA: 1s - batch_cost: 0.0189 - reader cost: 9.7007e-05
259/348 [=====================>........] - ETA: 1s - batch_cost: 0.0189 - reader cost: 9.5884e-05
262/348 [=====================>........] - ETA: 1s - batch_cost: 0.0189 - reader cost: 9.4786e-05
265/348 [=====================>........] - ETA: 1s - batch_cost: 0.0189 - reader cost: 9.3713e-05
268/348 [======================>.......] - ETA: 1s - batch_cost: 0.0189 - reader cost: 9.6391e-05
271/348 [======================>.......] - ETA: 1s - batch_cost: 0.0189 - reader cost: 9.9004e-05
274/348 [======================>.......] - ETA: 1s - batch_cost: 0.0189 - reader cost: 1.0523e-04
277/348 [======================>.......] - ETA: 1s - batch_cost: 0.0189 - reader cost: 1.0409e-04
280/348 [=======================>......] - ETA: 1s - batch_cost: 0.0189 - reader cost: 1.0298e-04
283/348 [=======================>......] - ETA: 1s - batch_cost: 0.0189 - reader cost: 1.0189e-04
286/348 [=======================>......] - ETA: 1s - batch_cost: 0.0189 - reader cost: 1.0082e-04
289/348 [=======================>......] - ETA: 1s - batch_cost: 0.0189 - reader cost: 9.9770e-05
292/348 [========================>.....] - ETA: 1s - batch_cost: 0.0189 - reader cost: 9.8745e-05
296/348 [========================>.....] - ETA: 0s - batch_cost: 0.0189 - reader cost: 9.7411e-05
299/348 [========================>.....] - ETA: 0s - batch_cost: 0.0189 - reader cost: 9.9785e-05
302/348 [=========================>....] - ETA: 0s - batch_cost: 0.0189 - reader cost: 9.8794e-05
305/348 [=========================>....] - ETA: 0s - batch_cost: 0.0189 - reader cost: 9.7822e-05
308/348 [=========================>....] - ETA: 0s - batch_cost: 0.0189 - reader cost: 9.6869e-05
311/348 [=========================>....] - ETA: 0s - batch_cost: 0.0189 - reader cost: 9.5935e-05
314/348 [==========================>...] - ETA: 0s - batch_cost: 0.0189 - reader cost: 9.5018e-05
317/348 [==========================>...] - ETA: 0s - batch_cost: 0.0189 - reader cost: 9.7299e-05
320/348 [==========================>...] - ETA: 0s - batch_cost: 0.0189 - reader cost: 9.6387e-05
323/348 [==========================>...] - ETA: 0s - batch_cost: 0.0189 - reader cost: 9.5491e-05
326/348 [===========================>..] - ETA: 0s - batch_cost: 0.0189 - reader cost: 9.4613e-05
329/348 [===========================>..] - ETA: 0s - batch_cost: 0.0189 - reader cost: 9.6799e-05
332/348 [===========================>..] - ETA: 0s - batch_cost: 0.0189 - reader cost: 9.5924e-05
335/348 [===========================>..] - ETA: 0s - batch_cost: 0.0189 - reader cost: 9.5065e-05
338/348 [============================>.] - ETA: 0s - batch_cost: 0.0189 - reader cost: 9.4221e-05
341/348 [============================>.] - ETA: 0s - batch_cost: 0.0189 - reader cost: 9.3392e-05
344/348 [============================>.] - ETA: 0s - batch_cost: 0.0189 - reader cost: 9.2578e-05
347/348 [============================>.] - ETA: 0s - batch_cost: 0.0189 - reader cost: 9.1777e-05
348/348 [==============================] - 7s 19ms/step - batch_cost: 0.0189 - reader cost: 9.1514e-05
[2026/10/07 12:34:37] INFO: [EVAL] #Images: 348 mIoU: 0.8096 Acc: 0.9760 Kappa: 0.7710 Dice: 0.8855
[2026/10/07 12:34:37] INFO: [EVAL] Class IoU: 
[0.9749 0.6444]
[2026/10/07 12:34:37] INFO: [EVAL] Class Precision: 
[0.9864 0.796 ]
[2026/10/07 12:34:37] INFO: [EVAL] Class Recall: 
[0.9882 0.7719]
[2026/10/07 12:34:37] INFO: Start evaluating (total_samples: 348, total_iters: 348)...

  1/348 [..............................] - ETA: 13s - batch_cost: 0.0387 - reader cost: 0.0135
  3/348 [..............................] - ETA: 10s - batch_cost: 0.0300 - reader cost: 0.0045
  6/348 [..............................] - ETA: 8s - batch_cost: 0.0256 - reader cost: 0.0023 
  9/348 [..............................] - ETA: 8s - batch_cost: 0.0236 - reader cost: 0.0015
 12/348 [>.............................] - ETA: 7s - batch_cost: 0.0228 - reader cost: 0.0011
 15/348 [>.............................] - ETA: 7s - batch_cost: 0.0222 - reader cost: 9.6761e-04
 18/348 [>.............................] - ETA: 7s - batch_cost: 0.0216 - reader cost: 8.0634e-04
 21/348 [>.............................] - ETA: 7s - batch_cost: 0.0213 - reader cost: 6.9115e-04
 24/348 [=>............................] - ETA: 6s - batch_cost: 0.0211 - reader cost: 6.0476e-04
 27/348 [=>............................] - ETA: 6s - batch_cost: 0.0209 - reader cost: 5.7472e-04
 30/348 [=>............................] - ETA: 6s - batch_cost: 0.0207 - reader cost: 5.1725e-04
 33/348 [=>............................] - ETA: 6s - batch_cost: 0.0205 - reader cost: 4.7023e-04
 36/348 [==>...........................] - ETA: 6s - batch_cost: 0.0204 - reader cost: 4.3104e-04
 39/348 [==>...........................] - ETA: 6s - batch_cost: 0.0202 - reader cost: 3.9788e-04
 42/348 [==>...........................] - ETA: 6s - batch_cost: 0.0201 - reader cost: 3.6946e-04
 45/348 [==>...........................] - ETA: 6s - batch_cost: 0.0199 - reader cost: 3.4483e-04
 48/348 [===>..........................] - ETA: 5s - batch_cost: 0.0198 - reader cost: 3.2328e-04
 51/348 [===>..........................] - ETA: 5s - batch_cost: 0.0197 - reader cost: 3.0426e-04
 54/348 [===>..........................] - ETA: 5s - batch_cost: 0.0197 - reader cost: 2.8736e-04
 57/348 [===>..........................] - ETA: 5s - batch_cost: 0.0196 - reader cost: 2.7224e-04
 60/348 [====>.........................] - ETA: 5s - batch_cost: 0.0195 - reader cost: 2.5862e-04
 63/348 [====>.........................] - ETA: 5s - batch_cost: 0.0194 - reader cost: 2.4631e-04
 66/348 [====>.........................] - ETA: 5s - batch_cost: 0.0194 - reader cost: 2.5793e-04
 69/348 [====>.........................] - ETA: 5s - batch_cost: 0.0194 - reader cost: 2.4671e-04
 72/348 [=====>........................] - ETA: 5s - batch_cost: 0.0194 - reader cost: 2.3644e-04
 75/348 [=====>........................] - ETA: 5s - batch_cost: 0.0193 - reader cost: 2.2698e-04
 78/348 [=====>........................] - ETA: 5s - batch_cost: 0.0193 - reader cost: 2.1825e-04
 81/348 [=====>........................] - ETA: 5s - batch_cost: 0.0193 - reader cost: 2.1016e-04
 84/348 [======>.......................] - ETA: 5s - batch_cost: 0.0193 - reader cost: 2.0266e-04
 87/348 [======>.......................] - ETA: 5s - batch_cost: 0.0194 - reader cost: 1.9567e-04
 90/348 [======>.......................] - ETA: 5s - batch_cost: 0.0194 - reader cost: 1.8915e-04
 93/348 [=======>......................] - ETA: 4s - batch_cost: 0.0194 - reader cost: 1.8305e-04
 96/348 [=======>......................] - ETA: 4s - batch_cost: 0.0194 - reader cost: 1.8299e-04
 99/348 [=======>......................] - ETA: 4s - batch_cost: 0.0194 - reader cost: 1.7744e-04
102/348 [=======>......................] - ETA: 4s - batch_cost: 0.0194 - reader cost: 1.7222e-04
105/348 [========>.....................] - ETA: 4s - batch_cost: 0.0194 - reader cost: 1.6730e-04
108/348 [========>.....................] - ETA: 4s - batch_cost: 0.0193 - reader cost: 1.6265e-04
111/348 [========>.....................] - ETA: 4s - batch_cost: 0.0193 - reader cost: 1.5826e-04
114/348 [========>.....................] - ETA: 4s - batch_cost: 0.0193 - reader cost: 1.5409e-04
117/348 [=========>....................] - ETA: 4s - batch_cost: 0.0193 - reader cost: 1.5014e-04
120/348 [=========>....................] - ETA: 4s - batch_cost: 0.0193 - reader cost: 1.4639e-04
123/348 [=========>....................] - ETA: 4s - batch_cost: 0.0193 - reader cost: 1.4282e-04
126/348 [=========>....................] - ETA: 4s - batch_cost: 0.0192 - reader cost: 1.3942e-04
129/348 [==========>...................] - ETA: 4s - batch_cost: 0.0192 - reader cost: 1.3618e-04
132/348 [==========>...................] - ETA: 4s - batch_cost: 0.0192 - reader cost: 1.3308e-04
135/348 [==========>...................] - ETA: 4s - batch_cost: 0.0192 - reader cost: 1.3750e-04
138/348 [==========>...................] - ETA: 4s - batch_cost: 0.0193 - reader cost: 1.3451e-04
141/348 [===========>..................] - ETA: 4s - batch_cost: 0.0193 - reader cost: 1.3165e-04
144/348 [===========>..................] - ETA: 3s - batch_cost: 0.0192 - reader cost: 1.2891e-04
147/348 [===========>..................] - ETA: 3s - batch_cost: 0.0192 - reader cost: 1.2628e-04
150/348 [===========>..................] - ETA: 3s - batch_cost: 0.0192 - reader cost: 1.2375e-04
153/348 [============>.................] - ETA: 3s - batch_cost: 0.0192 - reader cost: 1.2133e-04
156/348 [============>.................] - ETA: 3s - batch_cost: 0.0192 - reader cost: 1.1899e-04
159/348 [============>.................] - ETA: 3s - batch_cost: 0.0192 - reader cost: 1.1675e-04
162/348 [============>.................] - ETA: 3s - batch_cost: 0.0192 - reader cost: 1.1459e-04
165/348 [=============>................] - ETA: 3s - batch_cost: 0.0191 - reader cost: 1.1250e-04
168/348 [=============>................] - ETA: 3s - batch_cost: 0.0191 - reader cost: 1.1049e-04
171/348 [=============>................] - ETA: 3s - batch_cost: 0.0191 - reader cost: 1.0855e-04
174/348 [==============>...............] - ETA: 3s - batch_cost: 0.0191 - reader cost: 1.0668e-04
177/348 [==============>...............] - ETA: 3s - batch_cost: 0.0191 - reader cost: 1.0487e-04
180/348 [==============>...............] - ETA: 3s - batch_cost: 0.0191 - reader cost: 1.0313e-04
183/348 [==============>...............] - ETA: 3s - batch_cost: 0.0191 - reader cost: 1.0144e-04
186/348 [===============>..............] - ETA: 3s - batch_cost: 0.0191 - reader cost: 9.9800e-05
189/348 [===============>..............] - ETA: 3s - batch_cost: 0.0191 - reader cost: 9.8216e-05
192/348 [===============>..............] - ETA: 2s - batch_cost: 0.0191 - reader cost: 9.9484e-05
195/348 [===============>..............] - ETA: 2s - batch_cost: 0.0191 - reader cost: 9.7953e-05
198/348 [================>.............] - ETA: 2s - batch_cost: 0.0191 - reader cost: 9.6469e-05
201/348 [================>.............] - ETA: 2s - batch_cost: 0.0191 - reader cost: 9.5029e-05
204/348 [================>.............] - ETA: 2s - batch_cost: 0.0191 - reader cost: 9.3632e-05
207/348 [================>.............] - ETA: 2s - batch_cost: 0.0191 - reader cost: 9.2275e-05
210/348 [=================>............] - ETA: 2s - batch_cost: 0.0191 - reader cost: 9.0957e-05
213/348 [=================>............] - ETA: 2s - batch_cost: 0.0191 - reader cost: 8.9676e-05
216/348 [=================>............] - ETA: 2s - batch_cost: 0.0191 - reader cost: 8.8430e-05
219/348 [=================>............] - ETA: 2s - batch_cost: 0.0191 - reader cost: 8.7219e-05
222/348 [==================>...........] - ETA: 2s - batch_cost: 0.0191 - reader cost: 8.6040e-05
225/348 [==================>...........] - ETA: 2s - batch_cost: 0.0191 - reader cost: 8.4893e-05
228/348 [==================>...........] - ETA: 2s - batch_cost: 0.0191 - reader cost: 8.3776e-05
231/348 [==================>...........] - ETA: 2s - batch_cost: 0.0191 - reader cost: 8.2688e-05
234/348 [===================>..........] - ETA: 2s - batch_cost: 0.0191 - reader cost: 8.1628e-05
237/348 [===================>..........] - ETA: 2s - batch_cost: 0.0191 - reader cost: 8.0595e-05
240/348 [===================>..........] - ETA: 2s - batch_cost: 0.0191 - reader cost: 7.9587e-05
243/348 [===================>..........] - ETA: 2s - batch_cost: 0.0191 - reader cost: 7.8605e-05
246/348 [====================>.........] - ETA: 1s - batch_cost: 0.0191 - reader cost: 8.0215e-05
249/348 [====================>.........] - ETA: 1s - batch_cost: 0.0191 - reader cost: 7.9249e-05
252/348 [====================>.........] - ETA: 1s - batch_cost: 0.0191 - reader cost: 7.8305e-05
255/348 [====================>.........] - ETA: 1s - batch_cost: 0.0191 - reader cost: 8.1292e-05
258/348 [=====================>........] - ETA: 1s - batch_cost: 0.0191 - reader cost: 8.0347e-05
261/348 [=====================>........] - ETA: 1s - batch_cost: 0.0191 - reader cost: 7.9424e-05
264/348 [=====================>........] - ETA: 1s - batch_cost: 0.0191 - reader cost: 7.8521e-05
267/348 [======================>.......] - ETA: 1s - batch_cost: 0.0191 - reader cost: 7.7639e-05
270/348 [======================>.......] - ETA: 1s - batch_cost: 0.0191 - reader cost: 7.6776e-05
273/348 [======================>.......] - ETA: 1s - batch_cost: 0.0191 - reader cost: 7.5932e-05
276/348 [======================>.......] - ETA: 1s - batch_cost: 0.0191 - reader cost: 7.5107e-05
279/348 [=======================>......] - ETA: 1s - batch_cost: 0.0191 - reader cost: 7.4299e-05
282/348 [=======================>......] - ETA: 1s - batch_cost: 0.0191 - reader cost: 7.7070e-05
285/348 [=======================>......] - ETA: 1s - batch_cost: 0.0191 - reader cost: 7.6259e-05
288/348 [=======================>......] - ETA: 1s - batch_cost: 0.0191 - reader cost: 7.5464e-05
291/348 [========================>.....] - ETA: 1s - batch_cost: 0.0190 - reader cost: 7.4686e-05
294/348 [========================>.....] - ETA: 1s - batch_cost: 0.0191 - reader cost: 7.3924e-05
297/348 [========================>.....] - ETA: 0s - batch_cost: 0.0191 - reader cost: 7.6572e-05
300/348 [========================>.....] - ETA: 0s - batch_cost: 0.0191 - reader cost: 7.5806e-05
303/348 [=========================>....] - ETA: 0s - batch_cost: 0.0190 - reader cost: 7.5055e-05
306/348 [=========================>....] - ETA: 0s - batch_cost: 0.0190 - reader cost: 7.4320e-05
309/348 [=========================>....] - ETA: 0s - batch_cost: 0.0190 - reader cost: 7.3598e-05
312/348 [=========================>....] - ETA: 0s - batch_cost: 0.0190 - reader cost: 7.2890e-05
315/348 [==========================>...] - ETA: 0s - batch_cost: 0.0190 - reader cost: 7.2196e-05
318/348 [==========================>...] - ETA: 0s - batch_cost: 0.0190 - reader cost: 7.1515e-05
321/348 [==========================>...] - ETA: 0s - batch_cost: 0.0190 - reader cost: 7.0847e-05
324/348 [==========================>...] - ETA: 0s - batch_cost: 0.0190 - reader cost: 7.0191e-05
327/348 [===========================>..] - ETA: 0s - batch_cost: 0.0190 - reader cost: 6.9547e-05
330/348 [===========================>..] - ETA: 0s - batch_cost: 0.0190 - reader cost: 6.8915e-05
333/348 [===========================>..] - ETA: 0s - batch_cost: 0.0190 - reader cost: 7.1246e-05
336/348 [===========================>..] - ETA: 0s - batch_cost: 0.0190 - reader cost: 7.0610e-05
339/348 [============================>.] - ETA: 0s - batch_cost: 0.0190 - reader cost: 6.9985e-05
342/348 [============================>.] - ETA: 0s - batch_cost: 0.0190 - reader cost: 7.2319e-05
345/348 [============================>.] - ETA: 0s - batch_cost: 0.0190 - reader cost: 7.1690e-05
348/348 [==============================] - 7s 19ms/step - batch_cost: 0.0190 - reader cost: 7.1072e-05
[2026/10/07 12:34:43] INFO: [EVAL] #Images: 348 mIoU: 0.8122 Acc: 0.9769 Kappa: 0.7746 Dice: 0.8873
[2026/10/07 12:34:43] INFO: [EVAL] Class IoU: 
[0.9758 0.6486]
[2026/10/07 12:34:43] INFO: [EVAL] Class Precision: 
[0.9855 0.82  ]
[2026/10/07 12:34:43] INFO: [EVAL] Class Recall: 
[0.9901 0.7563]
[2026/10/07 12:34:44] INFO: [EVAL] The model with the best validation mIoU (0.8096) was saved at iter 8000.
[2026/10/07 12:34:44] INFO: [EVAL] The EMA model with the best validation mIoU (0.8122) was saved at iter 8000.
[2026/10/07 12:34:45] INFO: [TRAIN] epoch: 17, iter: 8010/18000, loss: 3.1124, lr: 0.000033, batch_cost: 0.1039, reader_cost: 0.00000, ips: 38.4893 samples/sec, max_mem_reserved: 922 MB, max_mem_allocated: 673 MB | ETA 00:17:18
[2026/10/07 12:34:46] INFO: [TRAIN] epoch: 17, iter: 8020/18000, loss: 2.7582, lr: 0.000033, batch_cost: 0.1044, reader_cost: 0.00010, ips: 38.3254 samples/sec, max_mem_reserved: 922 MB, max_mem_allocated: 673 MB | ETA 00:17:21
[2026/10/07 12:34:48] INFO: [TRAIN] epoch: 17, iter: 8030/18000, loss: 3.4852, lr: 0.000033, batch_cost: 0.1068, reader_cost: 0.00010, ips: 37.4649 samples/sec, max_mem_reserved: 922 MB, max_mem_allocated: 673 MB | ETA 00:17:44
[2026/10/07 12:34:49] INFO: [TRAIN] epoch: 17, iter: 8040/18000, loss: 2.8448, lr: 0.000033, batch_cost: 0.1025, reader_cost: 0.00010, ips: 39.0340 samples/sec, max_mem_reserved: 922 MB, max_mem_allocated: 673 MB | ETA 00:17:00
[2026/10/07 12:34:51] INFO: [TRAIN] epoch: 17, iter: 8050/18000, loss: 2.9112, lr: 0.000033, batch_cost: 0.1015, reader_cost: 0.00015, ips: 39.4074 samples/sec, max_mem_reserved: 922 MB, max_mem_allocated: 673 MB | ETA 00:16:49
[2026/10/07 12:34:52] INFO: [TRAIN] epoch: 18, iter: 8060/18000, loss: 2.9813, lr: 0.000033, batch_cost: 0.1003, reader_cost: 0.00684, ips: 39.8989 samples/sec, max_mem_reserved: 922 MB, max_mem_allocated: 673 MB | ETA 00:16:36
[2026/10/07 12:34:53] INFO: [TRAIN] epoch: 18, iter: 8070/18000, loss: 2.8493, lr: 0.000033, batch_cost: 0.1035, reader_cost: 0.00020, ips: 38.6294 samples/sec, max_mem_reserved: 922 MB, max_mem_allocated: 673 MB | ETA 00:17:08
[2026/10/07 12:34:55] INFO: [TRAIN] epoch: 18, iter: 8080/18000, loss: 3.1998, lr: 0.000033, batch_cost: 0.1034, reader_cost: 0.00020, ips: 38.7014 samples/sec, max_mem_reserved: 922 MB, max_mem_allocated: 673 MB | ETA 00:17:05
[2026/10/07 12:34:56] INFO: [TRAIN] epoch: 18, iter: 8090/18000, loss: 2.8777, lr: 0.000033, batch_cost: 0.1041, reader_cost: 0.00020, ips: 38.4324 samples/sec, max_mem_reserved: 922 MB, max_mem_allocated: 673 MB | ETA 00:17:11
[2026/10/07 12:34:57] INFO: [TRAIN] epoch: 18, iter: 8100/18000, loss: 3.2343, lr: 0.000033, batch_cost: 0.1028, reader_cost: 0.00000, ips: 38.9043 samples/sec, max_mem_reserved: 922 MB, max_mem_allocated: 673 MB | ETA 00:16:57
[2026/10/07 12:34:59] INFO: [TRAIN] epoch: 18, iter: 8110/18000, loss: 3.0581, lr: 0.000033, batch_cost: 0.1024, reader_cost: 0.00000, ips: 39.0814 samples/sec, max_mem_reserved: 922 MB, max_mem_allocated: 673 MB | ETA 00:16:52
[2026/10/07 12:35:00] INFO: [TRAIN] epoch: 18, iter: 8120/18000, loss: 3.0561, lr: 0.000033, batch_cost: 0.1068, reader_cost: 0.00000, ips: 37.4471 samples/sec, max_mem_reserved: 922 MB, max_mem_allocated: 673 MB | ETA 00:17:35
[2026/10/07 12:35:01] INFO: [TRAIN] epoch: 18, iter: 8130/18000, loss: 2.7292, lr: 0.000033, batch_cost: 0.1008, reader_cost: 0.00010, ips: 39.6887 samples/sec, max_mem_reserved: 922 MB, max_mem_allocated: 673 MB | ETA 00:16:34
[2026/10/07 12:35:03] INFO: [TRAIN] epoch: 18, iter: 8140/18000, loss: 3.2064, lr: 0.000033, batch_cost: 0.1023, reader_cost: 0.00000, ips: 39.0914 samples/sec, max_mem_reserved: 922 MB, max_mem_allocated: 673 MB | ETA 00:16:48
[2026/10/07 12:35:04] INFO: [TRAIN] epoch: 18, iter: 8150/18000, loss: 2.9945, lr: 0.000033, batch_cost: 0.1033, reader_cost: 0.00010, ips: 38.7257 samples/sec, max_mem_reserved: 922 MB, max_mem_allocated: 673 MB | ETA 00:16:57
[2026/10/07 12:35:05] INFO: [TRAIN] epoch: 18, iter: 8160/18000, loss: 2.9407, lr: 0.000033, batch_cost: 0.1028, reader_cost: 0.00000, ips: 38.8944 samples/sec, max_mem_reserved: 922 MB, max_mem_allocated: 673 MB | ETA 00:16:51
[2026/10/07 12:35:07] INFO: [TRAIN] epoch: 18, iter: 8170/18000, loss: 3.1260, lr: 0.000033, batch_cost: 0.1027, reader_cost: 0.00030, ips: 38.9603 samples/sec, max_mem_reserved: 922 MB, max_mem_allocated: 673 MB | ETA 00:16:49
[2026/10/07 12:35:08] INFO: [TRAIN] epoch: 18, iter: 8180/18000, loss: 3.1100, lr: 0.000033, batch_cost: 0.1044, reader_cost: 0.00025, ips: 38.3285 samples/sec, max_mem_reserved: 922 MB, max_mem_allocated: 673 MB | ETA 00:17:04
[2026/10/07 12:35:09] INFO: [TRAIN] epoch: 18, iter: 8190/18000, loss: 2.9622, lr: 0.000033, batch_cost: 0.0998, reader_cost: 0.00010, ips: 40.0891 samples/sec, max_mem_reserved: 922 MB, max_mem_allocated: 673 MB | ETA 00:16:18
[2026/10/07 12:35:11] INFO: [TRAIN] epoch: 18, iter: 8200/18000, loss: 3.1434, lr: 0.000033, batch_cost: 0.1035, reader_cost: 0.00020, ips: 38.6404 samples/sec, max_mem_reserved: 922 MB, max_mem_allocated: 673 MB | ETA 00:16:54
[2026/10/07 12:35:12] INFO: [TRAIN] epoch: 18, iter: 8210/18000, loss: 3.0070, lr: 0.000033, batch_cost: 0.1036, reader_cost: 0.00015, ips: 38.6275 samples/sec, max_mem_reserved: 922 MB, max_mem_allocated: 673 MB | ETA 00:16:53
[2026/10/07 12:35:14] INFO: [TRAIN] epoch: 18, iter: 8220/18000, loss: 2.7080, lr: 0.000033, batch_cost: 0.1014, reader_cost: 0.00020, ips: 39.4328 samples/sec, max_mem_reserved: 922 MB, max_mem_allocated: 673 MB | ETA 00:16:32
[2026/10/07 12:35:15] INFO: [TRAIN] epoch: 18, iter: 8230/18000, loss: 2.8022, lr: 0.000033, batch_cost: 0.1008, reader_cost: 0.00000, ips: 39.6885 samples/sec, max_mem_reserved: 922 MB, max_mem_allocated: 673 MB | ETA 00:16:24
[2026/10/07 12:35:16] INFO: [TRAIN] epoch: 18, iter: 8240/18000, loss: 2.7807, lr: 0.000033, batch_cost: 0.1035, reader_cost: 0.00000, ips: 38.6589 samples/sec, max_mem_reserved: 922 MB, max_mem_allocated: 673 MB | ETA 00:16:49
[2026/10/07 12:35:18] INFO: [TRAIN] epoch: 18, iter: 8250/18000, loss: 3.0221, lr: 0.000033, batch_cost: 0.1026, reader_cost: 0.00000, ips: 38.9712 samples/sec, max_mem_reserved: 922 MB, max_mem_allocated: 673 MB | ETA 00:16:40
[2026/10/07 12:35:19] INFO: [TRAIN] epoch: 18, iter: 8260/18000, loss: 2.8645, lr: 0.000032, batch_cost: 0.1033, reader_cost: 0.00010, ips: 38.7056 samples/sec, max_mem_reserved: 922 MB, max_mem_allocated: 673 MB | ETA 00:16:46
[2026/10/07 12:35:20] INFO: [TRAIN] epoch: 18, iter: 8270/18000, loss: 3.1622, lr: 0.000032, batch_cost: 0.1041, reader_cost: 0.00000, ips: 38.4174 samples/sec, max_mem_reserved: 922 MB, max_mem_allocated: 673 MB | ETA 00:16:53
[2026/10/07 12:35:22] INFO: [TRAIN] epoch: 18, iter: 8280/18000, loss: 3.1685, lr: 0.000032, batch_cost: 0.1027, reader_cost: 0.00000, ips: 38.9590 samples/sec, max_mem_reserved: 922 MB, max_mem_allocated: 673 MB | ETA 00:16:37
[2026/10/07 12:35:23] INFO: [TRAIN] epoch: 18, iter: 8290/18000, loss: 2.9993, lr: 0.000032, batch_cost: 0.1027, reader_cost: 0.00000, ips: 38.9534 samples/sec, max_mem_reserved: 922 MB, max_mem_allocated: 673 MB | ETA 00:16:37
[2026/10/07 12:35:24] INFO: [TRAIN] epoch: 18, iter: 8300/18000, loss: 3.1671, lr: 0.000032, batch_cost: 0.1011, reader_cost: 0.00000, ips: 39.5590 samples/sec, max_mem_reserved: 922 MB, max_mem_allocated: 673 MB | ETA 00:16:20
[2026/10/07 12:35:26] INFO: [TRAIN] epoch: 18, iter: 8310/18000, loss: 3.1823, lr: 0.000032, batch_cost: 0.1015, reader_cost: 0.00010, ips: 39.4248 samples/sec, max_mem_reserved: 922 MB, max_mem_allocated: 673 MB | ETA 00:16:23
[2026/10/07 12:35:27] INFO: [TRAIN] epoch: 18, iter: 8320/18000, loss: 3.3386, lr: 0.000032, batch_cost: 0.1013, reader_cost: 0.00000, ips: 39.4812 samples/sec, max_mem_reserved: 922 MB, max_mem_allocated: 673 MB | ETA 00:16:20
[2026/10/07 12:35:28] INFO: [TRAIN] epoch: 18, iter: 8330/18000, loss: 3.1048, lr: 0.000032, batch_cost: 0.1010, reader_cost: 0.00000, ips: 39.5958 samples/sec, max_mem_reserved: 922 MB, max_mem_allocated: 673 MB | ETA 00:16:16
[2026/10/07 12:35:30] INFO: [TRAIN] epoch: 18, iter: 8340/18000, loss: 3.1479, lr: 0.000032, batch_cost: 0.1037, reader_cost: 0.00010, ips: 38.5618 samples/sec, max_mem_reserved: 922 MB, max_mem_allocated: 673 MB | ETA 00:16:42
[2026/10/07 12:35:31] INFO: [TRAIN] epoch: 18, iter: 8350/18000, loss: 2.6631, lr: 0.000032, batch_cost: 0.1019, reader_cost: 0.00000, ips: 39.2586 samples/sec, max_mem_reserved: 922 MB, max_mem_allocated: 673 MB | ETA 00:16:23
[2026/10/07 12:35:32] INFO: [TRAIN] epoch: 18, iter: 8360/18000, loss: 3.1912, lr: 0.000032, batch_cost: 0.1038, reader_cost: 0.00025, ips: 38.5245 samples/sec, max_mem_reserved: 922 MB, max_mem_allocated: 673 MB | ETA 00:16:40
[2026/10/07 12:35:34] INFO: [TRAIN] epoch: 18, iter: 8370/18000, loss: 3.1584, lr: 0.000032, batch_cost: 0.1024, reader_cost: 0.00000, ips: 39.0527 samples/sec, max_mem_reserved: 922 MB, max_mem_allocated: 673 MB | ETA 00:16:26
[2026/10/07 12:35:35] INFO: [TRAIN] epoch: 18, iter: 8380/18000, loss: 2.9511, lr: 0.000032, batch_cost: 0.1066, reader_cost: 0.00010, ips: 37.5087 samples/sec, max_mem_reserved: 922 MB, max_mem_allocated: 673 MB | ETA 00:17:05
[2026/10/07 12:35:37] INFO: [TRAIN] epoch: 18, iter: 8390/18000, loss: 2.9266, lr: 0.000032, batch_cost: 0.1044, reader_cost: 0.00010, ips: 38.3304 samples/sec, max_mem_reserved: 922 MB, max_mem_allocated: 673 MB | ETA 00:16:42
[2026/10/07 12:35:38] INFO: [TRAIN] epoch: 18, iter: 8400/18000, loss: 2.8684, lr: 0.000032, batch_cost: 0.1088, reader_cost: 0.00010, ips: 36.7569 samples/sec, max_mem_reserved: 922 MB, max_mem_allocated: 673 MB | ETA 00:17:24
[2026/10/07 12:35:39] INFO: [TRAIN] epoch: 18, iter: 8410/18000, loss: 3.1152, lr: 0.000032, batch_cost: 0.1023, reader_cost: 0.00000, ips: 39.0947 samples/sec, max_mem_reserved: 922 MB, max_mem_allocated: 673 MB | ETA 00:16:21
[2026/10/07 12:35:41] INFO: [TRAIN] epoch: 18, iter: 8420/18000, loss: 3.0088, lr: 0.000032, batch_cost: 0.1054, reader_cost: 0.00007, ips: 37.9687 samples/sec, max_mem_reserved: 922 MB, max_mem_allocated: 673 MB | ETA 00:16:49
[2026/10/07 12:35:42] INFO: [TRAIN] epoch: 18, iter: 8430/18000, loss: 3.3401, lr: 0.000032, batch_cost: 0.1018, reader_cost: 0.00010, ips: 39.2846 samples/sec, max_mem_reserved: 922 MB, max_mem_allocated: 673 MB | ETA 00:16:14
[2026/10/07 12:35:43] INFO: [TRAIN] epoch: 18, iter: 8440/18000, loss: 3.1233, lr: 0.000032, batch_cost: 0.1035, reader_cost: 0.00020, ips: 38.6434 samples/sec, max_mem_reserved: 922 MB, max_mem_allocated: 673 MB | ETA 00:16:29
[2026/10/07 12:35:45] INFO: [TRAIN] epoch: 18, iter: 8450/18000, loss: 2.9122, lr: 0.000032, batch_cost: 0.1036, reader_cost: 0.00000, ips: 38.5969 samples/sec, max_mem_reserved: 922 MB, max_mem_allocated: 673 MB | ETA 00:16:29
[2026/10/07 12:35:46] INFO: [TRAIN] epoch: 18, iter: 8460/18000, loss: 2.8980, lr: 0.000032, batch_cost: 0.1026, reader_cost: 0.00010, ips: 38.9912 samples/sec, max_mem_reserved: 922 MB, max_mem_allocated: 673 MB | ETA 00:16:18
[2026/10/07 12:35:47] INFO: [TRAIN] epoch: 18, iter: 8470/18000, loss: 3.0343, lr: 0.000032, batch_cost: 0.1016, reader_cost: 0.00010, ips: 39.3662 samples/sec, max_mem_reserved: 922 MB, max_mem_allocated: 673 MB | ETA 00:16:08
[2026/10/07 12:35:49] INFO: [TRAIN] epoch: 18, iter: 8480/18000, loss: 2.8405, lr: 0.000032, batch_cost: 0.1035, reader_cost: 0.00000, ips: 38.6354 samples/sec, max_mem_reserved: 922 MB, max_mem_allocated: 673 MB | ETA 00:16:25
[2026/10/07 12:35:50] INFO: [TRAIN] epoch: 18, iter: 8490/18000, loss: 3.1445, lr: 0.000032, batch_cost: 0.1030, reader_cost: 0.00020, ips: 38.8198 samples/sec, max_mem_reserved: 922 MB, max_mem_allocated: 673 MB | ETA 00:16:19
[2026/10/07 12:35:52] INFO: [TRAIN] epoch: 18, iter: 8500/18000, loss: 3.2622, lr: 0.000032, batch_cost: 0.1067, reader_cost: 0.00010, ips: 37.4929 samples/sec, max_mem_reserved: 922 MB, max_mem_allocated: 673 MB | ETA 00:16:53
[2026/10/07 12:35:53] INFO: [TRAIN] epoch: 18, iter: 8510/18000, loss: 2.9324, lr: 0.000032, batch_cost: 0.1038, reader_cost: 0.00010, ips: 38.5183 samples/sec, max_mem_reserved: 922 MB, max_mem_allocated: 673 MB | ETA 00:16:25
[2026/10/07 12:35:54] INFO: [TRAIN] epoch: 18, iter: 8520/18000, loss: 3.1296, lr: 0.000032, batch_cost: 0.1046, reader_cost: 0.00000, ips: 38.2402 samples/sec, max_mem_reserved: 922 MB, max_mem_allocated: 673 MB | ETA 00:16:31
[2026/10/07 12:35:56] INFO: [TRAIN] epoch: 18, iter: 8530/18000, loss: 2.8733, lr: 0.000032, batch_cost: 0.0954, reader_cost: 0.00025, ips: 41.9100 samples/sec, max_mem_reserved: 922 MB, max_mem_allocated: 673 MB | ETA 00:15:03
[2026/10/07 12:35:57] INFO: [TRAIN] epoch: 19, iter: 8540/18000, loss: 3.1170, lr: 0.000032, batch_cost: 0.1087, reader_cost: 0.00737, ips: 36.8141 samples/sec, max_mem_reserved: 922 MB, max_mem_allocated: 673 MB | ETA 00:17:07
[2026/10/07 12:35:58] INFO: [TRAIN] epoch: 19, iter: 8550/18000, loss: 2.9442, lr: 0.000032, batch_cost: 0.1022, reader_cost: 0.00010, ips: 39.1454 samples/sec, max_mem_reserved: 922 MB, max_mem_allocated: 673 MB | ETA 00:16:05
[2026/10/07 12:36:00] INFO: [TRAIN] epoch: 19, iter: 8560/18000, loss: 2.9793, lr: 0.000031, batch_cost: 0.1040, reader_cost: 0.00000, ips: 38.4499 samples/sec, max_mem_reserved: 922 MB, max_mem_allocated: 673 MB | ETA 00:16:22
[2026/10/07 12:36:01] INFO: [TRAIN] epoch: 19, iter: 8570/18000, loss: 2.8589, lr: 0.000031, batch_cost: 0.1032, reader_cost: 0.00018, ips: 38.7461 samples/sec, max_mem_reserved: 922 MB, max_mem_allocated: 673 MB | ETA 00:16:13
[2026/10/07 12:36:02] INFO: [TRAIN] epoch: 19, iter: 8580/18000, loss: 3.1927, lr: 0.000031, batch_cost: 0.1023, reader_cost: 0.00000, ips: 39.1076 samples/sec, max_mem_reserved: 922 MB, max_mem_allocated: 673 MB | ETA 00:16:03
[2026/10/07 12:36:04] INFO: [TRAIN] epoch: 19, iter: 8590/18000, loss: 3.2076, lr: 0.000031, batch_cost: 0.1042, reader_cost: 0.00025, ips: 38.3820 samples/sec, max_mem_reserved: 922 MB, max_mem_allocated: 673 MB | ETA 00:16:20
[2026/10/07 12:36:05] INFO: [TRAIN] epoch: 19, iter: 8600/18000, loss: 2.9338, lr: 0.000031, batch_cost: 0.1008, reader_cost: 0.00010, ips: 39.6893 samples/sec, max_mem_reserved: 922 MB, max_mem_allocated: 673 MB | ETA 00:15:47
[2026/10/07 12:36:07] INFO: [TRAIN] epoch: 19, iter: 8610/18000, loss: 2.7322, lr: 0.000031, batch_cost: 0.1040, reader_cost: 0.00010, ips: 38.4613 samples/sec, max_mem_reserved: 922 MB, max_mem_allocated: 673 MB | ETA 00:16:16
[2026/10/07 12:36:08] INFO: [TRAIN] epoch: 19, iter: 8620/18000, loss: 3.2073, lr: 0.000031, batch_cost: 0.1029, reader_cost: 0.00000, ips: 38.8875 samples/sec, max_mem_reserved: 922 MB, max_mem_allocated: 673 MB | ETA 00:16:04
[2026/10/07 12:36:09] INFO: [TRAIN] epoch: 19, iter: 8630/18000, loss: 2.8679, lr: 0.000031, batch_cost: 0.1044, reader_cost: 0.00010, ips: 38.3251 samples/sec, max_mem_reserved: 922 MB, max_mem_allocated: 673 MB | ETA 00:16:17
[2026/10/07 12:36:11] INFO: [TRAIN] epoch: 19, iter: 8640/18000, loss: 2.9410, lr: 0.000031, batch_cost: 0.1039, reader_cost: 0.00000, ips: 38.4831 samples/sec, max_mem_reserved: 922 MB, max_mem_allocated: 673 MB | ETA 00:16:12
[2026/10/07 12:36:12] INFO: [TRAIN] epoch: 19, iter: 8650/18000, loss: 3.1167, lr: 0.000031, batch_cost: 0.1013, reader_cost: 0.00010, ips: 39.4941 samples/sec, max_mem_reserved: 922 MB, max_mem_allocated: 673 MB | ETA 00:15:46
[2026/10/07 12:36:13] INFO: [TRAIN] epoch: 19, iter: 8660/18000, loss: 3.1023, lr: 0.000031, batch_cost: 0.1023, reader_cost: 0.00030, ips: 39.1103 samples/sec, max_mem_reserved: 922 MB, max_mem_allocated: 673 MB | ETA 00:15:55
[2026/10/07 12:36:15] INFO: [TRAIN] epoch: 19, iter: 8670/18000, loss: 3.1431, lr: 0.000031, batch_cost: 0.1072, reader_cost: 0.00010, ips: 37.3308 samples/sec, max_mem_reserved: 922 MB, max_mem_allocated: 673 MB | ETA 00:16:39
[2026/10/07 12:36:16] INFO: [TRAIN] epoch: 19, iter: 8680/18000, loss: 2.9237, lr: 0.000031, batch_cost: 0.1013, reader_cost: 0.00010, ips: 39.4981 samples/sec, max_mem_reserved: 922 MB, max_mem_allocated: 673 MB | ETA 00:15:43
[2026/10/07 12:36:17] INFO: [TRAIN] epoch: 19, iter: 8690/18000, loss: 2.9540, lr: 0.000031, batch_cost: 0.1009, reader_cost: 0.00000, ips: 39.6325 samples/sec, max_mem_reserved: 922 MB, max_mem_allocated: 673 MB | ETA 00:15:39
[2026/10/07 12:36:19] INFO: [TRAIN] epoch: 19, iter: 8700/18000, loss: 2.9053, lr: 0.000031, batch_cost: 0.1013, reader_cost: 0.00005, ips: 39.4874 samples/sec, max_mem_reserved: 922 MB, max_mem_allocated: 673 MB | ETA 00:15:42
[2026/10/07 12:36:20] INFO: [TRAIN] epoch: 19, iter: 8710/18000, loss: 2.9572, lr: 0.000031, batch_cost: 0.1035, reader_cost: 0.00010, ips: 38.6519 samples/sec, max_mem_reserved: 922 MB, max_mem_allocated: 673 MB | ETA 00:16:01
[2026/10/07 12:36:21] INFO: [TRAIN] epoch: 19, iter: 8720/18000, loss: 2.9202, lr: 0.000031, batch_cost: 0.1012, reader_cost: 0.00025, ips: 39.5126 samples/sec, max_mem_reserved: 922 MB, max_mem_allocated: 673 MB | ETA 00:15:39
[2026/10/07 12:36:23] INFO: [TRAIN] epoch: 19, iter: 8730/18000, loss: 3.3240, lr: 0.000031, batch_cost: 0.1015, reader_cost: 0.00015, ips: 39.4262 samples/sec, max_mem_reserved: 922 MB, max_mem_allocated: 673 MB | ETA 00:15:40
[2026/10/07 12:36:24] INFO: [TRAIN] epoch: 19, iter: 8740/18000, loss: 3.2746, lr: 0.000031, batch_cost: 0.1047, reader_cost: 0.00010, ips: 38.1989 samples/sec, max_mem_reserved: 922 MB, max_mem_allocated: 673 MB | ETA 00:16:09
[2026/10/07 12:36:26] INFO: [TRAIN] epoch: 19, iter: 8750/18000, loss: 2.6490, lr: 0.000031, batch_cost: 0.1027, reader_cost: 0.00010, ips: 38.9436 samples/sec, max_mem_reserved: 922 MB, max_mem_allocated: 673 MB | ETA 00:15:50
[2026/10/07 12:36:27] INFO: [TRAIN] epoch: 19, iter: 8760/18000, loss: 2.8484, lr: 0.000031, batch_cost: 0.1018, reader_cost: 0.00030, ips: 39.3118 samples/sec, max_mem_reserved: 922 MB, max_mem_allocated: 673 MB | ETA 00:15:40
[2026/10/07 12:36:28] INFO: [TRAIN] epoch: 19, iter: 8770/18000, loss: 2.9783, lr: 0.000031, batch_cost: 0.1038, reader_cost: 0.00010, ips: 38.5343 samples/sec, max_mem_reserved: 922 MB, max_mem_allocated: 673 MB | ETA 00:15:58
[2026/10/07 12:36:30] INFO: [TRAIN] epoch: 19, iter: 8780/18000, loss: 2.6530, lr: 0.000031, batch_cost: 0.0991, reader_cost: 0.00020, ips: 40.3703 samples/sec, max_mem_reserved: 922 MB, max_mem_allocated: 673 MB | ETA 00:15:13
[2026/10/07 12:36:31] INFO: [TRAIN] epoch: 19, iter: 8790/18000, loss: 3.2993, lr: 0.000031, batch_cost: 0.1039, reader_cost: 0.00010, ips: 38.4843 samples/sec, max_mem_reserved: 922 MB, max_mem_allocated: 673 MB | ETA 00:15:57
[2026/10/07 12:36:32] INFO: [TRAIN] epoch: 19, iter: 8800/18000, loss: 3.1856, lr: 0.000031, batch_cost: 0.1015, reader_cost: 0.00000, ips: 39.4084 samples/sec, max_mem_reserved: 922 MB, max_mem_allocated: 673 MB | ETA 00:15:33
[2026/10/07 12:36:34] INFO: [TRAIN] epoch: 19, iter: 8810/18000, loss: 2.8517, lr: 0.000031, batch_cost: 0.1039, reader_cost: 0.00010, ips: 38.4893 samples/sec, max_mem_reserved: 922 MB, max_mem_allocated: 673 MB | ETA 00:15:55
[2026/10/07 12:36:35] INFO: [TRAIN] epoch: 19, iter: 8820/18000, loss: 2.9949, lr: 0.000031, batch_cost: 0.1010, reader_cost: 0.00000, ips: 39.5941 samples/sec, max_mem_reserved: 922 MB, max_mem_allocated: 673 MB | ETA 00:15:27
[2026/10/07 12:36:36] INFO: [TRAIN] epoch: 19, iter: 8830/18000, loss: 3.4690, lr: 0.000031, batch_cost: 0.1009, reader_cost: 0.00000, ips: 39.6267 samples/sec, max_mem_reserved: 922 MB, max_mem_allocated: 673 MB | ETA 00:15:25
[2026/10/07 12:36:38] INFO: [TRAIN] epoch: 19, iter: 8840/18000, loss: 3.3593, lr: 0.000031, batch_cost: 0.1050, reader_cost: 0.00005, ips: 38.0864 samples/sec, max_mem_reserved: 922 MB, max_mem_allocated: 673 MB | ETA 00:16:02
[2026/10/07 12:36:39] INFO: [TRAIN] epoch: 19, iter: 8850/18000, loss: 3.2011, lr: 0.000031, batch_cost: 0.1029, reader_cost: 0.00000, ips: 38.8619 samples/sec, max_mem_reserved: 922 MB, max_mem_allocated: 673 MB | ETA 00:15:41
[2026/10/07 12:36:40] INFO: [TRAIN] epoch: 19, iter: 8860/18000, loss: 3.3510, lr: 0.000030, batch_cost: 0.0997, reader_cost: 0.00025, ips: 40.1307 samples/sec, max_mem_reserved: 922 MB, max_mem_allocated: 673 MB | ETA 00:15:11
[2026/10/07 12:36:42] INFO: [TRAIN] epoch: 19, iter: 8870/18000, loss: 2.8851, lr: 0.000030, batch_cost: 0.1051, reader_cost: 0.00010, ips: 38.0579 samples/sec, max_mem_reserved: 922 MB, max_mem_allocated: 673 MB | ETA 00:15:59
[2026/10/07 12:36:43] INFO: [TRAIN] epoch: 19, iter: 8880/18000, loss: 3.2440, lr: 0.000030, batch_cost: 0.1024, reader_cost: 0.00000, ips: 39.0482 samples/sec, max_mem_reserved: 922 MB, max_mem_allocated: 673 MB | ETA 00:15:34
[2026/10/07 12:36:44] INFO: [TRAIN] epoch: 19, iter: 8890/18000, loss: 3.1828, lr: 0.000030, batch_cost: 0.1016, reader_cost: 0.00010, ips: 39.3716 samples/sec, max_mem_reserved: 922 MB, max_mem_allocated: 673 MB | ETA 00:15:25
[2026/10/07 12:36:46] INFO: [TRAIN] epoch: 19, iter: 8900/18000, loss: 3.1855, lr: 0.000030, batch_cost: 0.1036, reader_cost: 0.00010, ips: 38.5936 samples/sec, max_mem_reserved: 922 MB, max_mem_allocated: 673 MB | ETA 00:15:43
[2026/10/07 12:36:47] INFO: [TRAIN] epoch: 19, iter: 8910/18000, loss: 2.8769, lr: 0.000030, batch_cost: 0.1028, reader_cost: 0.00000, ips: 38.8981 samples/sec, max_mem_reserved: 922 MB, max_mem_allocated: 673 MB | ETA 00:15:34
[2026/10/07 12:36:48] INFO: [TRAIN] epoch: 19, iter: 8920/18000, loss: 3.0530, lr: 0.000030, batch_cost: 0.1008, reader_cost: 0.00000, ips: 39.6964 samples/sec, max_mem_reserved: 922 MB, max_mem_allocated: 673 MB | ETA 00:15:14
[2026/10/07 12:36:50] INFO: [TRAIN] epoch: 19, iter: 8930/18000, loss: 3.1184, lr: 0.000030, batch_cost: 0.1023, reader_cost: 0.00026, ips: 39.1094 samples/sec, max_mem_reserved: 922 MB, max_mem_allocated: 673 MB | ETA 00:15:27
[2026/10/07 12:36:51] INFO: [TRAIN] epoch: 19, iter: 8940/18000, loss: 2.9188, lr: 0.000030, batch_cost: 0.1028, reader_cost: 0.00000, ips: 38.9290 samples/sec, max_mem_reserved: 922 MB, max_mem_allocated: 673 MB | ETA 00:15:30
[2026/10/07 12:36:53] INFO: [TRAIN] epoch: 19, iter: 8950/18000, loss: 2.9913, lr: 0.000030, batch_cost: 0.1026, reader_cost: 0.00035, ips: 38.9892 samples/sec, max_mem_reserved: 922 MB, max_mem_allocated: 673 MB | ETA 00:15:28
[2026/10/07 12:36:54] INFO: [TRAIN] epoch: 19, iter: 8960/18000, loss: 3.0871, lr: 0.000030, batch_cost: 0.1046, reader_cost: 0.00010, ips: 38.2449 samples/sec, max_mem_reserved: 922 MB, max_mem_allocated: 673 MB | ETA 00:15:45
[2026/10/07 12:36:55] INFO: [TRAIN] epoch: 19, iter: 8970/18000, loss: 3.2129, lr: 0.000030, batch_cost: 0.1008, reader_cost: 0.00000, ips: 39.6927 samples/sec, max_mem_reserved: 922 MB, max_mem_allocated: 673 MB | ETA 00:15:09
[2026/10/07 12:36:57] INFO: [TRAIN] epoch: 19, iter: 8980/18000, loss: 2.7582, lr: 0.000030, batch_cost: 0.1038, reader_cost: 0.00000, ips: 38.5409 samples/sec, max_mem_reserved: 922 MB, max_mem_allocated: 673 MB | ETA 00:15:36
[2026/10/07 12:36:58] INFO: [TRAIN] epoch: 19, iter: 8990/18000, loss: 2.8767, lr: 0.000030, batch_cost: 0.1015, reader_cost: 0.00020, ips: 39.3963 samples/sec, max_mem_reserved: 922 MB, max_mem_allocated: 673 MB | ETA 00:15:14
[2026/10/07 12:36:59] INFO: [TRAIN] epoch: 19, iter: 9000/18000, loss: 3.0918, lr: 0.000030, batch_cost: 0.1008, reader_cost: 0.00010, ips: 39.7014 samples/sec, max_mem_reserved: 922 MB, max_mem_allocated: 673 MB | ETA 00:15:06
[2026/10/07 12:36:59] INFO: Start evaluating (total_samples: 348, total_iters: 348)...

  1/348 [..............................] - ETA: 12s - batch_cost: 0.0365 - reader cost: 0.0119
  4/348 [..............................] - ETA: 8s - batch_cost: 0.0254 - reader cost: 0.0030 
  7/348 [..............................] - ETA: 8s - batch_cost: 0.0239 - reader cost: 0.0017
 10/348 [..............................] - ETA: 7s - batch_cost: 0.0229 - reader cost: 0.0012
 13/348 [>.............................] - ETA: 7s - batch_cost: 0.0219 - reader cost: 9.1340e-04
 16/348 [>.............................] - ETA: 7s - batch_cost: 0.0218 - reader cost: 7.4214e-04
 19/348 [>.............................] - ETA: 7s - batch_cost: 0.0215 - reader cost: 7.0559e-04
 22/348 [>.............................] - ETA: 6s - batch_cost: 0.0213 - reader cost: 6.0938e-04
 25/348 [=>............................] - ETA: 6s - batch_cost: 0.0211 - reader cost: 5.5678e-04
 28/348 [=>............................] - ETA: 6s - batch_cost: 0.0209 - reader cost: 4.9713e-04
 31/348 [=>............................] - ETA: 6s - batch_cost: 0.0208 - reader cost: 4.4902e-04
 34/348 [=>............................] - ETA: 6s - batch_cost: 0.0207 - reader cost: 4.0940e-04
 37/348 [==>...........................] - ETA: 6s - batch_cost: 0.0207 - reader cost: 3.7621e-04
 40/348 [==>...........................] - ETA: 6s - batch_cost: 0.0206 - reader cost: 3.4799e-04
 43/348 [==>...........................] - ETA: 6s - batch_cost: 0.0205 - reader cost: 3.2371e-04
 46/348 [==>...........................] - ETA: 6s - batch_cost: 0.0205 - reader cost: 3.0260e-04
 49/348 [===>..........................] - ETA: 6s - batch_cost: 0.0204 - reader cost: 3.0448e-04
 52/348 [===>..........................] - ETA: 6s - batch_cost: 0.0203 - reader cost: 2.8691e-04
 55/348 [===>..........................] - ETA: 5s - batch_cost: 0.0202 - reader cost: 2.7126e-04
 58/348 [====>.........................] - ETA: 5s - batch_cost: 0.0201 - reader cost: 2.5723e-04
 61/348 [====>.........................] - ETA: 5s - batch_cost: 0.0201 - reader cost: 2.6095e-04
 64/348 [====>.........................] - ETA: 5s - batch_cost: 0.0201 - reader cost: 2.4872e-04
 67/348 [====>.........................] - ETA: 5s - batch_cost: 0.0201 - reader cost: 2.3759e-04
 70/348 [=====>........................] - ETA: 5s - batch_cost: 0.0201 - reader cost: 2.2740e-04
 73/348 [=====>........................] - ETA: 5s - batch_cost: 0.0201 - reader cost: 2.1806e-04
 76/348 [=====>........................] - ETA: 5s - batch_cost: 0.0200 - reader cost: 2.0945e-04
 79/348 [=====>........................] - ETA: 5s - batch_cost: 0.0200 - reader cost: 2.0150e-04
 82/348 [======>.......................] - ETA: 5s - batch_cost: 0.0200 - reader cost: 1.9413e-04
 85/348 [======>.......................] - ETA: 5s - batch_cost: 0.0200 - reader cost: 1.8727e-04
 88/348 [======>.......................] - ETA: 5s - batch_cost: 0.0200 - reader cost: 1.8089e-04
 91/348 [======>.......................] - ETA: 5s - batch_cost: 0.0199 - reader cost: 1.7493e-04
 94/348 [=======>......................] - ETA: 5s - batch_cost: 0.0199 - reader cost: 1.6934e-04
 97/348 [=======>......................] - ETA: 5s - batch_cost: 0.0199 - reader cost: 1.6411e-04
100/348 [=======>......................] - ETA: 4s - batch_cost: 0.0198 - reader cost: 1.6917e-04
103/348 [=======>......................] - ETA: 4s - batch_cost: 0.0198 - reader cost: 1.6424e-04
106/348 [========>.....................] - ETA: 4s - batch_cost: 0.0198 - reader cost: 1.6904e-04
109/348 [========>.....................] - ETA: 4s - batch_cost: 0.0199 - reader cost: 1.6439e-04
112/348 [========>.....................] - ETA: 4s - batch_cost: 0.0199 - reader cost: 1.5999e-04
115/348 [========>.....................] - ETA: 4s - batch_cost: 0.0199 - reader cost: 1.5581e-04
118/348 [=========>....................] - ETA: 4s - batch_cost: 0.0199 - reader cost: 1.5185e-04
121/348 [=========>....................] - ETA: 4s - batch_cost: 0.0199 - reader cost: 1.6053e-04
124/348 [=========>....................] - ETA: 4s - batch_cost: 0.0199 - reader cost: 1.6477e-04
127/348 [=========>....................] - ETA: 4s - batch_cost: 0.0198 - reader cost: 1.6088e-04
130/348 [==========>...................] - ETA: 4s - batch_cost: 0.0198 - reader cost: 1.5716e-04
133/348 [==========>...................] - ETA: 4s - batch_cost: 0.0198 - reader cost: 1.5362e-04
136/348 [==========>...................] - ETA: 4s - batch_cost: 0.0198 - reader cost: 1.5023e-04
139/348 [==========>...................] - ETA: 4s - batch_cost: 0.0198 - reader cost: 1.4699e-04
142/348 [===========>..................] - ETA: 4s - batch_cost: 0.0198 - reader cost: 1.4388e-04
145/348 [===========>..................] - ETA: 4s - batch_cost: 0.0198 - reader cost: 1.4091e-04
148/348 [===========>..................] - ETA: 3s - batch_cost: 0.0197 - reader cost: 1.3805e-04
151/348 [============>.................] - ETA: 3s - batch_cost: 0.0197 - reader cost: 1.3531e-04
154/348 [============>.................] - ETA: 3s - batch_cost: 0.0197 - reader cost: 1.3916e-04
157/348 [============>.................] - ETA: 3s - batch_cost: 0.0197 - reader cost: 1.3650e-04
160/348 [============>.................] - ETA: 3s - batch_cost: 0.0197 - reader cost: 1.3395e-04
163/348 [=============>................] - ETA: 3s - batch_cost: 0.0197 - reader cost: 1.3148e-04
166/348 [=============>................] - ETA: 3s - batch_cost: 0.0197 - reader cost: 1.2910e-04
169/348 [=============>................] - ETA: 3s - batch_cost: 0.0197 - reader cost: 1.2681e-04
172/348 [=============>................] - ETA: 3s - batch_cost: 0.0197 - reader cost: 1.2460e-04
175/348 [==============>...............] - ETA: 3s - batch_cost: 0.0197 - reader cost: 1.2246e-04
178/348 [==============>...............] - ETA: 3s - batch_cost: 0.0197 - reader cost: 1.2040e-04
181/348 [==============>...............] - ETA: 3s - batch_cost: 0.0196 - reader cost: 1.1840e-04
184/348 [==============>...............] - ETA: 3s - batch_cost: 0.0196 - reader cost: 1.2188e-04
187/348 [===============>..............] - ETA: 3s - batch_cost: 0.0196 - reader cost: 1.1992e-04
190/348 [===============>..............] - ETA: 3s - batch_cost: 0.0196 - reader cost: 1.2332e-04
193/348 [===============>..............] - ETA: 3s - batch_cost: 0.0197 - reader cost: 1.2140e-04
196/348 [===============>..............] - ETA: 3s - batch_cost: 0.0197 - reader cost: 1.1954e-04
199/348 [================>.............] - ETA: 2s - batch_cost: 0.0197 - reader cost: 1.1774e-04
202/348 [================>.............] - ETA: 2s - batch_cost: 0.0197 - reader cost: 1.1599e-04
205/348 [================>.............] - ETA: 2s - batch_cost: 0.0196 - reader cost: 1.1917e-04
208/348 [================>.............] - ETA: 2s - batch_cost: 0.0197 - reader cost: 1.1745e-04
211/348 [=================>............] - ETA: 2s - batch_cost: 0.0197 - reader cost: 1.1578e-04
214/348 [=================>............] - ETA: 2s - batch_cost: 0.0197 - reader cost: 1.1416e-04
217/348 [=================>............] - ETA: 2s - batch_cost: 0.0197 - reader cost: 1.1258e-04
220/348 [=================>............] - ETA: 2s - batch_cost: 0.0197 - reader cost: 1.1104e-04
223/348 [==================>...........] - ETA: 2s - batch_cost: 0.0196 - reader cost: 1.0955e-04
226/348 [==================>...........] - ETA: 2s - batch_cost: 0.0196 - reader cost: 1.0809e-04
229/348 [==================>...........] - ETA: 2s - batch_cost: 0.0196 - reader cost: 1.0668e-04
232/348 [===================>..........] - ETA: 2s - batch_cost: 0.0196 - reader cost: 1.0530e-04
235/348 [===================>..........] - ETA: 2s - batch_cost: 0.0196 - reader cost: 1.0825e-04
238/348 [===================>..........] - ETA: 2s - batch_cost: 0.0196 - reader cost: 1.0689e-04
241/348 [===================>..........] - ETA: 2s - batch_cost: 0.0196 - reader cost: 1.0556e-04
244/348 [====================>.........] - ETA: 2s - batch_cost: 0.0196 - reader cost: 1.0426e-04
247/348 [====================>.........] - ETA: 1s - batch_cost: 0.0196 - reader cost: 1.0299e-04
250/348 [====================>.........] - ETA: 1s - batch_cost: 0.0196 - reader cost: 1.0176e-04
253/348 [====================>.........] - ETA: 1s - batch_cost: 0.0196 - reader cost: 1.0055e-04
256/348 [=====================>........] - ETA: 1s - batch_cost: 0.0196 - reader cost: 9.9373e-05
259/348 [=====================>........] - ETA: 1s - batch_cost: 0.0196 - reader cost: 1.0208e-04
262/348 [=====================>........] - ETA: 1s - batch_cost: 0.0196 - reader cost: 1.0091e-04
265/348 [=====================>........] - ETA: 1s - batch_cost: 0.0196 - reader cost: 1.0351e-04
268/348 [======================>.......] - ETA: 1s - batch_cost: 0.0196 - reader cost: 1.0236e-04
271/348 [======================>.......] - ETA: 1s - batch_cost: 0.0196 - reader cost: 1.0122e-04
274/348 [======================>.......] - ETA: 1s - batch_cost: 0.0196 - reader cost: 1.0011e-04
277/348 [======================>.......] - ETA: 1s - batch_cost: 0.0196 - reader cost: 1.0086e-04
280/348 [=======================>......] - ETA: 1s - batch_cost: 0.0196 - reader cost: 9.9775e-05
283/348 [=======================>......] - ETA: 1s - batch_cost: 0.0196 - reader cost: 9.8717e-05
286/348 [=======================>......] - ETA: 1s - batch_cost: 0.0196 - reader cost: 1.0118e-04
289/348 [=======================>......] - ETA: 1s - batch_cost: 0.0196 - reader cost: 1.0360e-04
292/348 [========================>.....] - ETA: 1s - batch_cost: 0.0196 - reader cost: 1.0253e-04
295/348 [========================>.....] - ETA: 1s - batch_cost: 0.0196 - reader cost: 1.0149e-04
298/348 [========================>.....] - ETA: 0s - batch_cost: 0.0196 - reader cost: 1.0379e-04
301/348 [========================>.....] - ETA: 0s - batch_cost: 0.0196 - reader cost: 1.0276e-04
304/348 [=========================>....] - ETA: 0s - batch_cost: 0.0196 - reader cost: 1.0174e-04
307/348 [=========================>....] - ETA: 0s - batch_cost: 0.0196 - reader cost: 1.0075e-04
310/348 [=========================>....] - ETA: 0s - batch_cost: 0.0195 - reader cost: 9.9775e-05
313/348 [=========================>....] - ETA: 0s - batch_cost: 0.0195 - reader cost: 9.8819e-05
316/348 [==========================>...] - ETA: 0s - batch_cost: 0.0195 - reader cost: 9.7881e-05
319/348 [==========================>...] - ETA: 0s - batch_cost: 0.0195 - reader cost: 9.6960e-05
322/348 [==========================>...] - ETA: 0s - batch_cost: 0.0195 - reader cost: 9.6057e-05
325/348 [===========================>..] - ETA: 0s - batch_cost: 0.0195 - reader cost: 9.8200e-05
328/348 [===========================>..] - ETA: 0s - batch_cost: 0.0195 - reader cost: 9.7302e-05
331/348 [===========================>..] - ETA: 0s - batch_cost: 0.0195 - reader cost: 9.9441e-05
334/348 [===========================>..] - ETA: 0s - batch_cost: 0.0195 - reader cost: 9.8548e-05
337/348 [============================>.] - ETA: 0s - batch_cost: 0.0195 - reader cost: 1.0064e-04
340/348 [============================>.] - ETA: 0s - batch_cost: 0.0195 - reader cost: 9.9749e-05
343/348 [============================>.] - ETA: 0s - batch_cost: 0.0196 - reader cost: 9.8876e-05
347/348 [============================>.] - ETA: 0s - batch_cost: 0.0195 - reader cost: 9.7737e-05
348/348 [==============================] - 7s 20ms/step - batch_cost: 0.0195 - reader cost: 9.7456e-05
[2026/10/07 12:37:06] INFO: [EVAL] #Images: 348 mIoU: 0.8077 Acc: 0.9768 Kappa: 0.7681 Dice: 0.8840
[2026/10/07 12:37:06] INFO: [EVAL] Class IoU: 
[0.9759 0.6396]
[2026/10/07 12:37:06] INFO: [EVAL] Class Precision: 
[0.9838 0.8407]
[2026/10/07 12:37:06] INFO: [EVAL] Class Recall: 
[0.9917 0.7279]
[2026/10/07 12:37:06] INFO: Start evaluating (total_samples: 348, total_iters: 348)...

  1/348 [..............................] - ETA: 12s - batch_cost: 0.0374 - reader cost: 0.0135
  4/348 [..............................] - ETA: 9s - batch_cost: 0.0263 - reader cost: 0.0034 
  7/348 [..............................] - ETA: 8s - batch_cost: 0.0239 - reader cost: 0.0019
 10/348 [..............................] - ETA: 7s - batch_cost: 0.0224 - reader cost: 0.0014
 13/348 [>.............................] - ETA: 7s - batch_cost: 0.0218 - reader cost: 0.0011
 16/348 [>.............................] - ETA: 7s - batch_cost: 0.0215 - reader cost: 9.0846e-04
 19/348 [>.............................] - ETA: 7s - batch_cost: 0.0212 - reader cost: 8.1754e-04
 22/348 [>.............................] - ETA: 6s - batch_cost: 0.0210 - reader cost: 7.0605e-04
 25/348 [=>............................] - ETA: 6s - batch_cost: 0.0209 - reader cost: 6.2133e-04
 28/348 [=>............................] - ETA: 6s - batch_cost: 0.0208 - reader cost: 5.5476e-04
 31/348 [=>............................] - ETA: 6s - batch_cost: 0.0206 - reader cost: 5.0107e-04
 34/348 [=>............................] - ETA: 6s - batch_cost: 0.0205 - reader cost: 4.5686e-04
 37/348 [==>...........................] - ETA: 6s - batch_cost: 0.0204 - reader cost: 4.1982e-04
 40/348 [==>...........................] - ETA: 6s - batch_cost: 0.0204 - reader cost: 3.8833e-04
 43/348 [==>...........................] - ETA: 6s - batch_cost: 0.0203 - reader cost: 3.6124e-04
 46/348 [==>...........................] - ETA: 6s - batch_cost: 0.0202 - reader cost: 3.3768e-04
 49/348 [===>..........................] - ETA: 6s - batch_cost: 0.0202 - reader cost: 3.1700e-04
 52/348 [===>..........................] - ETA: 6s - batch_cost: 0.0202 - reader cost: 2.9872e-04
 55/348 [===>..........................] - ETA: 5s - batch_cost: 0.0202 - reader cost: 2.8242e-04
 58/348 [====>.........................] - ETA: 5s - batch_cost: 0.0201 - reader cost: 2.9393e-04
 61/348 [====>.........................] - ETA: 5s - batch_cost: 0.0201 - reader cost: 2.9595e-04
 64/348 [====>.........................] - ETA: 5s - batch_cost: 0.0202 - reader cost: 2.8208e-04
 67/348 [====>.........................] - ETA: 5s - batch_cost: 0.0202 - reader cost: 2.6945e-04
 70/348 [=====>........................] - ETA: 5s - batch_cost: 0.0201 - reader cost: 2.5790e-04
 73/348 [=====>........................] - ETA: 5s - batch_cost: 0.0201 - reader cost: 2.4730e-04
 76/348 [=====>........................] - ETA: 5s - batch_cost: 0.0201 - reader cost: 2.3754e-04
 79/348 [=====>........................] - ETA: 5s - batch_cost: 0.0201 - reader cost: 2.2852e-04
 82/348 [======>.......................] - ETA: 5s - batch_cost: 0.0201 - reader cost: 2.3234e-04
 85/348 [======>.......................] - ETA: 5s - batch_cost: 0.0201 - reader cost: 2.2414e-04
 88/348 [======>.......................] - ETA: 5s - batch_cost: 0.0200 - reader cost: 2.1650e-04
 91/348 [======>.......................] - ETA: 5s - batch_cost: 0.0200 - reader cost: 2.0937e-04
 94/348 [=======>......................] - ETA: 5s - batch_cost: 0.0200 - reader cost: 2.0268e-04
 97/348 [=======>......................] - ETA: 5s - batch_cost: 0.0200 - reader cost: 2.0661e-04
100/348 [=======>......................] - ETA: 4s - batch_cost: 0.0200 - reader cost: 2.0041e-04
103/348 [=======>......................] - ETA: 4s - batch_cost: 0.0200 - reader cost: 1.9458e-04
106/348 [========>.....................] - ETA: 4s - batch_cost: 0.0200 - reader cost: 1.8907e-04
109/348 [========>.....................] - ETA: 4s - batch_cost: 0.0200 - reader cost: 1.8386e-04
112/348 [========>.....................] - ETA: 4s - batch_cost: 0.0199 - reader cost: 1.7894e-04
115/348 [========>.....................] - ETA: 4s - batch_cost: 0.0199 - reader cost: 1.7427e-04
118/348 [=========>....................] - ETA: 4s - batch_cost: 0.0199 - reader cost: 1.6984e-04
121/348 [=========>....................] - ETA: 4s - batch_cost: 0.0199 - reader cost: 1.8216e-04
124/348 [=========>....................] - ETA: 4s - batch_cost: 0.0199 - reader cost: 1.8579e-04
127/348 [=========>....................] - ETA: 4s - batch_cost: 0.0199 - reader cost: 1.8140e-04
130/348 [==========>...................] - ETA: 4s - batch_cost: 0.0199 - reader cost: 1.7722e-04
133/348 [==========>...................] - ETA: 4s - batch_cost: 0.0199 - reader cost: 1.7721e-04
136/348 [==========>...................] - ETA: 4s - batch_cost: 0.0199 - reader cost: 1.7331e-04
139/348 [==========>...................] - ETA: 4s - batch_cost: 0.0199 - reader cost: 1.6957e-04
142/348 [===========>..................] - ETA: 4s - batch_cost: 0.0199 - reader cost: 1.6598e-04
145/348 [===========>..................] - ETA: 4s - batch_cost: 0.0198 - reader cost: 1.6255e-04
148/348 [===========>..................] - ETA: 3s - batch_cost: 0.0198 - reader cost: 1.5925e-04
151/348 [============>.................] - ETA: 3s - batch_cost: 0.0198 - reader cost: 1.5609e-04
154/348 [============>.................] - ETA: 3s - batch_cost: 0.0198 - reader cost: 1.5956e-04
157/348 [============>.................] - ETA: 3s - batch_cost: 0.0198 - reader cost: 1.5651e-04
160/348 [============>.................] - ETA: 3s - batch_cost: 0.0198 - reader cost: 1.5357e-04
163/348 [=============>................] - ETA: 3s - batch_cost: 0.0198 - reader cost: 1.5075e-04
166/348 [=============>................] - ETA: 3s - batch_cost: 0.0198 - reader cost: 1.4802e-04
169/348 [=============>................] - ETA: 3s - batch_cost: 0.0198 - reader cost: 1.4539e-04
172/348 [=============>................] - ETA: 3s - batch_cost: 0.0198 - reader cost: 1.4286e-04
175/348 [==============>...............] - ETA: 3s - batch_cost: 0.0198 - reader cost: 1.4041e-04
178/348 [==============>...............] - ETA: 3s - batch_cost: 0.0198 - reader cost: 1.4089e-04
181/348 [==============>...............] - ETA: 3s - batch_cost: 0.0197 - reader cost: 1.4409e-04
184/348 [==============>...............] - ETA: 3s - batch_cost: 0.0198 - reader cost: 1.4711e-04
187/348 [===============>..............] - ETA: 3s - batch_cost: 0.0198 - reader cost: 1.4475e-04
190/348 [===============>..............] - ETA: 3s - batch_cost: 0.0197 - reader cost: 1.5298e-04
193/348 [===============>..............] - ETA: 3s - batch_cost: 0.0198 - reader cost: 1.5061e-04
196/348 [===============>..............] - ETA: 3s - batch_cost: 0.0197 - reader cost: 1.5340e-04
199/348 [================>.............] - ETA: 2s - batch_cost: 0.0197 - reader cost: 1.5109e-04
202/348 [================>.............] - ETA: 2s - batch_cost: 0.0197 - reader cost: 1.5391e-04
205/348 [================>.............] - ETA: 2s - batch_cost: 0.0197 - reader cost: 1.5654e-04
208/348 [================>.............] - ETA: 2s - batch_cost: 0.0197 - reader cost: 1.5428e-04
211/348 [=================>............] - ETA: 2s - batch_cost: 0.0197 - reader cost: 1.5209e-04
214/348 [=================>............] - ETA: 2s - batch_cost: 0.0197 - reader cost: 1.4996e-04
217/348 [=================>............] - ETA: 2s - batch_cost: 0.0197 - reader cost: 1.5249e-04
220/348 [=================>............] - ETA: 2s - batch_cost: 0.0197 - reader cost: 1.5041e-04
223/348 [==================>...........] - ETA: 2s - batch_cost: 0.0197 - reader cost: 1.4839e-04
226/348 [==================>...........] - ETA: 2s - batch_cost: 0.0196 - reader cost: 1.4642e-04
229/348 [==================>...........] - ETA: 2s - batch_cost: 0.0197 - reader cost: 1.4450e-04
232/348 [===================>..........] - ETA: 2s - batch_cost: 0.0197 - reader cost: 1.4263e-04
235/348 [===================>..........] - ETA: 2s - batch_cost: 0.0197 - reader cost: 1.4081e-04
238/348 [===================>..........] - ETA: 2s - batch_cost: 0.0197 - reader cost: 1.4324e-04
241/348 [===================>..........] - ETA: 2s - batch_cost: 0.0197 - reader cost: 1.4145e-04
244/348 [====================>.........] - ETA: 2s - batch_cost: 0.0197 - reader cost: 1.3971e-04
247/348 [====================>.........] - ETA: 1s - batch_cost: 0.0197 - reader cost: 1.3802e-04
250/348 [====================>.........] - ETA: 1s - batch_cost: 0.0197 - reader cost: 1.3636e-04
253/348 [====================>.........] - ETA: 1s - batch_cost: 0.0197 - reader cost: 1.3867e-04
256/348 [=====================>........] - ETA: 1s - batch_cost: 0.0197 - reader cost: 1.4096e-04
259/348 [=====================>........] - ETA: 1s - batch_cost: 0.0197 - reader cost: 1.3932e-04
262/348 [=====================>........] - ETA: 1s - batch_cost: 0.0197 - reader cost: 1.3773e-04
265/348 [=====================>........] - ETA: 1s - batch_cost: 0.0197 - reader cost: 1.3617e-04
268/348 [======================>.......] - ETA: 1s - batch_cost: 0.0197 - reader cost: 1.3835e-04
271/348 [======================>.......] - ETA: 1s - batch_cost: 0.0197 - reader cost: 1.3682e-04
274/348 [======================>.......] - ETA: 1s - batch_cost: 0.0197 - reader cost: 1.3533e-04
277/348 [======================>.......] - ETA: 1s - batch_cost: 0.0197 - reader cost: 1.3386e-04
280/348 [=======================>......] - ETA: 1s - batch_cost: 0.0197 - reader cost: 1.3600e-04
283/348 [=======================>......] - ETA: 1s - batch_cost: 0.0197 - reader cost: 1.3456e-04
286/348 [=======================>......] - ETA: 1s - batch_cost: 0.0197 - reader cost: 1.3315e-04
289/348 [=======================>......] - ETA: 1s - batch_cost: 0.0196 - reader cost: 1.3177e-04
292/348 [========================>.....] - ETA: 1s - batch_cost: 0.0196 - reader cost: 1.3384e-04
295/348 [========================>.....] - ETA: 1s - batch_cost: 0.0197 - reader cost: 1.3248e-04
298/348 [========================>.....] - ETA: 0s - batch_cost: 0.0197 - reader cost: 1.3114e-04
301/348 [========================>.....] - ETA: 0s - batch_cost: 0.0197 - reader cost: 1.2984e-04
304/348 [=========================>....] - ETA: 0s - batch_cost: 0.0197 - reader cost: 1.2856e-04
307/348 [=========================>....] - ETA: 0s - batch_cost: 0.0197 - reader cost: 1.3051e-04
310/348 [=========================>....] - ETA: 0s - batch_cost: 0.0197 - reader cost: 1.2925e-04
313/348 [=========================>....] - ETA: 0s - batch_cost: 0.0197 - reader cost: 1.2962e-04
316/348 [==========================>...] - ETA: 0s - batch_cost: 0.0197 - reader cost: 1.2839e-04
319/348 [==========================>...] - ETA: 0s - batch_cost: 0.0197 - reader cost: 1.2718e-04
322/348 [==========================>...] - ETA: 0s - batch_cost: 0.0197 - reader cost: 1.3074e-04
325/348 [===========================>..] - ETA: 0s - batch_cost: 0.0197 - reader cost: 1.2953e-04
328/348 [===========================>..] - ETA: 0s - batch_cost: 0.0197 - reader cost: 1.2834e-04
331/348 [===========================>..] - ETA: 0s - batch_cost: 0.0197 - reader cost: 1.2718e-04
334/348 [===========================>..] - ETA: 0s - batch_cost: 0.0197 - reader cost: 1.2604e-04
337/348 [============================>.] - ETA: 0s - batch_cost: 0.0197 - reader cost: 1.2492e-04
340/348 [============================>.] - ETA: 0s - batch_cost: 0.0197 - reader cost: 1.2381e-04
343/348 [============================>.] - ETA: 0s - batch_cost: 0.0197 - reader cost: 1.2273e-04
346/348 [============================>.] - ETA: 0s - batch_cost: 0.0197 - reader cost: 1.2167e-04
348/348 [==============================] - 7s 20ms/step - batch_cost: 0.0197 - reader cost: 1.2097e-04
[2026/10/07 12:37:13] INFO: [EVAL] #Images: 348 mIoU: 0.8141 Acc: 0.9771 Kappa: 0.7773 Dice: 0.8887
[2026/10/07 12:37:13] INFO: [EVAL] Class IoU: 
[0.9761 0.6521]
[2026/10/07 12:37:13] INFO: [EVAL] Class Precision: 
[0.9857 0.821 ]
[2026/10/07 12:37:13] INFO: [EVAL] Class Recall: 
[0.9901 0.7602]
[2026/10/07 12:37:13] INFO: [EVAL] The model with the best validation mIoU (0.8096) was saved at iter 8000.
[2026/10/07 12:37:13] INFO: [EVAL] The EMA model with the best validation mIoU (0.8141) was saved at iter 9000.
[2026/10/07 12:37:15] INFO: [TRAIN] epoch: 20, iter: 9010/18000, loss: 2.9725, lr: 0.000030, batch_cost: 0.1020, reader_cost: 0.00625, ips: 39.1998 samples/sec, max_mem_reserved: 922 MB, max_mem_allocated: 673 MB | ETA 00:15:17
[2026/10/07 12:37:16] INFO: [TRAIN] epoch: 20, iter: 9020/18000, loss: 2.9206, lr: 0.000030, batch_cost: 0.1008, reader_cost: 0.00010, ips: 39.6742 samples/sec, max_mem_reserved: 922 MB, max_mem_allocated: 673 MB | ETA 00:15:05
[2026/10/07 12:37:17] INFO: [TRAIN] epoch: 20, iter: 9030/18000, loss: 3.1416, lr: 0.000030, batch_cost: 0.1052, reader_cost: 0.00005, ips: 38.0206 samples/sec, max_mem_reserved: 922 MB, max_mem_allocated: 673 MB | ETA 00:15:43
[2026/10/07 12:37:19] INFO: [TRAIN] epoch: 20, iter: 9040/18000, loss: 3.4618, lr: 0.000030, batch_cost: 0.1008, reader_cost: 0.00000, ips: 39.6689 samples/sec, max_mem_reserved: 922 MB, max_mem_allocated: 673 MB | ETA 00:15:03
[2026/10/07 12:37:20] INFO: [TRAIN] epoch: 20, iter: 9050/18000, loss: 3.2488, lr: 0.000030, batch_cost: 0.1024, reader_cost: 0.00000, ips: 39.0731 samples/sec, max_mem_reserved: 922 MB, max_mem_allocated: 673 MB | ETA 00:15:16
[2026/10/07 12:37:21] INFO: [TRAIN] epoch: 20, iter: 9060/18000, loss: 2.9715, lr: 0.000030, batch_cost: 0.1035, reader_cost: 0.00020, ips: 38.6367 samples/sec, max_mem_reserved: 922 MB, max_mem_allocated: 673 MB | ETA 00:15:25
[2026/10/07 12:37:23] INFO: [TRAIN] epoch: 20, iter: 9070/18000, loss: 3.2424, lr: 0.000030, batch_cost: 0.1018, reader_cost: 0.00000, ips: 39.2843 samples/sec, max_mem_reserved: 922 MB, max_mem_allocated: 673 MB | ETA 00:15:09
[2026/10/07 12:37:24] INFO: [TRAIN] epoch: 20, iter: 9080/18000, loss: 2.9805, lr: 0.000030, batch_cost: 0.0993, reader_cost: 0.00000, ips: 40.2868 samples/sec, max_mem_reserved: 922 MB, max_mem_allocated: 673 MB | ETA 00:14:45
[2026/10/07 12:37:25] INFO: [TRAIN] epoch: 20, iter: 9090/18000, loss: 3.1713, lr: 0.000030, batch_cost: 0.1005, reader_cost: 0.00010, ips: 39.8138 samples/sec, max_mem_reserved: 922 MB, max_mem_allocated: 673 MB | ETA 00:14:55
[2026/10/07 12:37:27] INFO: [TRAIN] epoch: 20, iter: 9100/18000, loss: 2.8547, lr: 0.000030, batch_cost: 0.1033, reader_cost: 0.00010, ips: 38.7243 samples/sec, max_mem_reserved: 922 MB, max_mem_allocated: 673 MB | ETA 00:15:19
[2026/10/07 12:37:28] INFO: [TRAIN] epoch: 20, iter: 9110/18000, loss: 3.0946, lr: 0.000030, batch_cost: 0.1001, reader_cost: 0.00000, ips: 39.9553 samples/sec, max_mem_reserved: 922 MB, max_mem_allocated: 673 MB | ETA 00:14:49
[2026/10/07 12:37:29] INFO: [TRAIN] epoch: 20, iter: 9120/18000, loss: 3.0085, lr: 0.000030, batch_cost: 0.1031, reader_cost: 0.00000, ips: 38.8031 samples/sec, max_mem_reserved: 922 MB, max_mem_allocated: 673 MB | ETA 00:15:15
[2026/10/07 12:37:31] INFO: [TRAIN] epoch: 20, iter: 9130/18000, loss: 2.9368, lr: 0.000030, batch_cost: 0.1002, reader_cost: 0.00000, ips: 39.9017 samples/sec, max_mem_reserved: 922 MB, max_mem_allocated: 673 MB | ETA 00:14:49
[2026/10/07 12:37:32] INFO: [TRAIN] epoch: 20, iter: 9140/18000, loss: 2.7870, lr: 0.000030, batch_cost: 0.1008, reader_cost: 0.00000, ips: 39.6917 samples/sec, max_mem_reserved: 922 MB, max_mem_allocated: 673 MB | ETA 00:14:52
[2026/10/07 12:37:33] INFO: [TRAIN] epoch: 20, iter: 9150/18000, loss: 2.8518, lr: 0.000030, batch_cost: 0.1036, reader_cost: 0.00000, ips: 38.6133 samples/sec, max_mem_reserved: 922 MB, max_mem_allocated: 673 MB | ETA 00:15:16
[2026/10/07 12:37:35] INFO: [TRAIN] epoch: 20, iter: 9160/18000, loss: 2.9687, lr: 0.000029, batch_cost: 0.1036, reader_cost: 0.00000, ips: 38.5920 samples/sec, max_mem_reserved: 922 MB, max_mem_allocated: 673 MB | ETA 00:15:16
[2026/10/07 12:37:36] INFO: [TRAIN] epoch: 20, iter: 9170/18000, loss: 3.1480, lr: 0.000029, batch_cost: 0.0987, reader_cost: 0.00000, ips: 40.5289 samples/sec, max_mem_reserved: 922 MB, max_mem_allocated: 673 MB | ETA 00:14:31
[2026/10/07 12:37:37] INFO: [TRAIN] epoch: 20, iter: 9180/18000, loss: 2.8929, lr: 0.000029, batch_cost: 0.1024, reader_cost: 0.00030, ips: 39.0492 samples/sec, max_mem_reserved: 922 MB, max_mem_allocated: 673 MB | ETA 00:15:03
[2026/10/07 12:37:39] INFO: [TRAIN] epoch: 20, iter: 9190/18000, loss: 2.9378, lr: 0.000029, batch_cost: 0.1008, reader_cost: 0.00000, ips: 39.6947 samples/sec, max_mem_reserved: 922 MB, max_mem_allocated: 673 MB | ETA 00:14:47
[2026/10/07 12:37:40] INFO: [TRAIN] epoch: 20, iter: 9200/18000, loss: 2.9155, lr: 0.000029, batch_cost: 0.1014, reader_cost: 0.00011, ips: 39.4392 samples/sec, max_mem_reserved: 922 MB, max_mem_allocated: 673 MB | ETA 00:14:52
[2026/10/07 12:37:41] INFO: [TRAIN] epoch: 20, iter: 9210/18000, loss: 3.0961, lr: 0.000029, batch_cost: 0.1013, reader_cost: 0.00010, ips: 39.4956 samples/sec, max_mem_reserved: 922 MB, max_mem_allocated: 673 MB | ETA 00:14:50
[2026/10/07 12:37:43] INFO: [TRAIN] epoch: 20, iter: 9220/18000, loss: 3.4540, lr: 0.000029, batch_cost: 0.0995, reader_cost: 0.00020, ips: 40.2080 samples/sec, max_mem_reserved: 922 MB, max_mem_allocated: 673 MB | ETA 00:14:33
[2026/10/07 12:37:44] INFO: [TRAIN] epoch: 20, iter: 9230/18000, loss: 2.8259, lr: 0.000029, batch_cost: 0.1035, reader_cost: 0.00010, ips: 38.6472 samples/sec, max_mem_reserved: 922 MB, max_mem_allocated: 673 MB | ETA 00:15:07
[2026/10/07 12:37:45] INFO: [TRAIN] epoch: 20, iter: 9240/18000, loss: 2.9319, lr: 0.000029, batch_cost: 0.1022, reader_cost: 0.00015, ips: 39.1439 samples/sec, max_mem_reserved: 922 MB, max_mem_allocated: 673 MB | ETA 00:14:55
[2026/10/07 12:37:47] INFO: [TRAIN] epoch: 20, iter: 9250/18000, loss: 2.9444, lr: 0.000029, batch_cost: 0.1045, reader_cost: 0.00000, ips: 38.2869 samples/sec, max_mem_reserved: 922 MB, max_mem_allocated: 673 MB | ETA 00:15:14
[2026/10/07 12:37:48] INFO: [TRAIN] epoch: 20, iter: 9260/18000, loss: 2.7435, lr: 0.000029, batch_cost: 0.1024, reader_cost: 0.00005, ips: 39.0614 samples/sec, max_mem_reserved: 922 MB, max_mem_allocated: 673 MB | ETA 00:14:55
[2026/10/07 12:37:49] INFO: [TRAIN] epoch: 20, iter: 9270/18000, loss: 2.7961, lr: 0.000029, batch_cost: 0.1028, reader_cost: 0.00000, ips: 38.9072 samples/sec, max_mem_reserved: 922 MB, max_mem_allocated: 673 MB | ETA 00:14:57
[2026/10/07 12:37:51] INFO: [TRAIN] epoch: 20, iter: 9280/18000, loss: 2.9642, lr: 0.000029, batch_cost: 0.0984, reader_cost: 0.00010, ips: 40.6396 samples/sec, max_mem_reserved: 922 MB, max_mem_allocated: 673 MB | ETA 00:14:18
[2026/10/07 12:37:52] INFO: [TRAIN] epoch: 20, iter: 9290/18000, loss: 3.0742, lr: 0.000029, batch_cost: 0.1020, reader_cost: 0.00010, ips: 39.2061 samples/sec, max_mem_reserved: 922 MB, max_mem_allocated: 673 MB | ETA 00:14:48
[2026/10/07 12:37:53] INFO: [TRAIN] epoch: 20, iter: 9300/18000, loss: 3.0193, lr: 0.000029, batch_cost: 0.1035, reader_cost: 0.00000, ips: 38.6321 samples/sec, max_mem_reserved: 922 MB, max_mem_allocated: 673 MB | ETA 00:15:00
[2026/10/07 12:37:55] INFO: [TRAIN] epoch: 20, iter: 9310/18000, loss: 3.0849, lr: 0.000029, batch_cost: 0.1004, reader_cost: 0.00005, ips: 39.8571 samples/sec, max_mem_reserved: 922 MB, max_mem_allocated: 673 MB | ETA 00:14:32
[2026/10/07 12:37:56] INFO: [TRAIN] epoch: 20, iter: 9320/18000, loss: 2.9420, lr: 0.000029, batch_cost: 0.1002, reader_cost: 0.00030, ips: 39.9071 samples/sec, max_mem_reserved: 922 MB, max_mem_allocated: 673 MB | ETA 00:14:30
[2026/10/07 12:37:57] INFO: [TRAIN] epoch: 20, iter: 9330/18000, loss: 3.0469, lr: 0.000029, batch_cost: 0.1025, reader_cost: 0.00020, ips: 39.0134 samples/sec, max_mem_reserved: 922 MB, max_mem_allocated: 673 MB | ETA 00:14:48
[2026/10/07 12:37:59] INFO: [TRAIN] epoch: 20, iter: 9340/18000, loss: 2.7700, lr: 0.000029, batch_cost: 0.1004, reader_cost: 0.00010, ips: 39.8249 samples/sec, max_mem_reserved: 922 MB, max_mem_allocated: 673 MB | ETA 00:14:29
[2026/10/07 12:38:00] INFO: [TRAIN] epoch: 20, iter: 9350/18000, loss: 3.1515, lr: 0.000029, batch_cost: 0.1048, reader_cost: 0.00015, ips: 38.1859 samples/sec, max_mem_reserved: 922 MB, max_mem_allocated: 673 MB | ETA 00:15:06
[2026/10/07 12:38:01] INFO: [TRAIN] epoch: 20, iter: 9360/18000, loss: 3.0841, lr: 0.000029, batch_cost: 0.1031, reader_cost: 0.00010, ips: 38.7988 samples/sec, max_mem_reserved: 922 MB, max_mem_allocated: 673 MB | ETA 00:14:50
[2026/10/07 12:38:03] INFO: [TRAIN] epoch: 20, iter: 9370/18000, loss: 3.0297, lr: 0.000029, batch_cost: 0.0993, reader_cost: 0.00010, ips: 40.2677 samples/sec, max_mem_reserved: 922 MB, max_mem_allocated: 673 MB | ETA 00:14:17
[2026/10/07 12:38:04] INFO: [TRAIN] epoch: 20, iter: 9380/18000, loss: 2.8505, lr: 0.000029, batch_cost: 0.1030, reader_cost: 0.00005, ips: 38.8347 samples/sec, max_mem_reserved: 922 MB, max_mem_allocated: 673 MB | ETA 00:14:47
[2026/10/07 12:38:05] INFO: [TRAIN] epoch: 20, iter: 9390/18000, loss: 3.3801, lr: 0.000029, batch_cost: 0.1034, reader_cost: 0.00000, ips: 38.6763 samples/sec, max_mem_reserved: 922 MB, max_mem_allocated: 673 MB | ETA 00:14:50
[2026/10/07 12:38:07] INFO: [TRAIN] epoch: 20, iter: 9400/18000, loss: 3.1881, lr: 0.000029, batch_cost: 0.1021, reader_cost: 0.00010, ips: 39.1787 samples/sec, max_mem_reserved: 922 MB, max_mem_allocated: 673 MB | ETA 00:14:38
[2026/10/07 12:38:08] INFO: [TRAIN] epoch: 20, iter: 9410/18000, loss: 3.4297, lr: 0.000029, batch_cost: 0.0995, reader_cost: 0.00020, ips: 40.1826 samples/sec, max_mem_reserved: 922 MB, max_mem_allocated: 673 MB | ETA 00:14:15
[2026/10/07 12:38:09] INFO: [TRAIN] epoch: 20, iter: 9420/18000, loss: 2.9073, lr: 0.000029, batch_cost: 0.1032, reader_cost: 0.00000, ips: 38.7618 samples/sec, max_mem_reserved: 922 MB, max_mem_allocated: 673 MB | ETA 00:14:45
[2026/10/07 12:38:11] INFO: [TRAIN] epoch: 20, iter: 9430/18000, loss: 2.8984, lr: 0.000029, batch_cost: 0.1031, reader_cost: 0.00000, ips: 38.7972 samples/sec, max_mem_reserved: 922 MB, max_mem_allocated: 673 MB | ETA 00:14:43
[2026/10/07 12:38:12] INFO: [TRAIN] epoch: 20, iter: 9440/18000, loss: 2.8050, lr: 0.000029, batch_cost: 0.1000, reader_cost: 0.00005, ips: 40.0030 samples/sec, max_mem_reserved: 922 MB, max_mem_allocated: 673 MB | ETA 00:14:15
[2026/10/07 12:38:13] INFO: [TRAIN] epoch: 20, iter: 9450/18000, loss: 2.7520, lr: 0.000029, batch_cost: 0.1001, reader_cost: 0.00020, ips: 39.9709 samples/sec, max_mem_reserved: 922 MB, max_mem_allocated: 673 MB | ETA 00:14:15
[2026/10/07 12:38:15] INFO: [TRAIN] epoch: 20, iter: 9460/18000, loss: 2.9341, lr: 0.000028, batch_cost: 0.1033, reader_cost: 0.00025, ips: 38.7220 samples/sec, max_mem_reserved: 922 MB, max_mem_allocated: 673 MB | ETA 00:14:42
[2026/10/07 12:38:16] INFO: [TRAIN] epoch: 20, iter: 9470/18000, loss: 3.2020, lr: 0.000028, batch_cost: 0.1000, reader_cost: 0.00007, ips: 40.0144 samples/sec, max_mem_reserved: 922 MB, max_mem_allocated: 673 MB | ETA 00:14:12
[2026/10/07 12:38:17] INFO: [TRAIN] epoch: 20, iter: 9480/18000, loss: 3.1612, lr: 0.000028, batch_cost: 0.0926, reader_cost: 0.00015, ips: 43.1972 samples/sec, max_mem_reserved: 922 MB, max_mem_allocated: 673 MB | ETA 00:13:08
[2026/10/07 12:38:19] INFO: [TRAIN] epoch: 21, iter: 9490/18000, loss: 2.8694, lr: 0.000028, batch_cost: 0.1152, reader_cost: 0.00735, ips: 34.7156 samples/sec, max_mem_reserved: 922 MB, max_mem_allocated: 673 MB | ETA 00:16:20
[2026/10/07 12:38:20] INFO: [TRAIN] epoch: 21, iter: 9500/18000, loss: 2.9101, lr: 0.000028, batch_cost: 0.1033, reader_cost: 0.00010, ips: 38.7089 samples/sec, max_mem_reserved: 922 MB, max_mem_allocated: 673 MB | ETA 00:14:38
[2026/10/07 12:38:21] INFO: [TRAIN] epoch: 21, iter: 9510/18000, loss: 2.8874, lr: 0.000028, batch_cost: 0.1020, reader_cost: 0.00000, ips: 39.2134 samples/sec, max_mem_reserved: 922 MB, max_mem_allocated: 673 MB | ETA 00:14:26
[2026/10/07 12:38:23] INFO: [TRAIN] epoch: 21, iter: 9520/18000, loss: 2.9954, lr: 0.000028, batch_cost: 0.1037, reader_cost: 0.00000, ips: 38.5648 samples/sec, max_mem_reserved: 922 MB, max_mem_allocated: 673 MB | ETA 00:14:39
[2026/10/07 12:38:24] INFO: [TRAIN] epoch: 21, iter: 9530/18000, loss: 2.8810, lr: 0.000028, batch_cost: 0.1039, reader_cost: 0.00010, ips: 38.4850 samples/sec, max_mem_reserved: 922 MB, max_mem_allocated: 673 MB | ETA 00:14:40
[2026/10/07 12:38:26] INFO: [TRAIN] epoch: 21, iter: 9540/18000, loss: 3.0314, lr: 0.000028, batch_cost: 0.1022, reader_cost: 0.00020, ips: 39.1330 samples/sec, max_mem_reserved: 922 MB, max_mem_allocated: 673 MB | ETA 00:14:24
[2026/10/07 12:38:27] INFO: [TRAIN] epoch: 21, iter: 9550/18000, loss: 2.9497, lr: 0.000028, batch_cost: 0.1027, reader_cost: 0.00010, ips: 38.9463 samples/sec, max_mem_reserved: 922 MB, max_mem_allocated: 673 MB | ETA 00:14:27
[2026/10/07 12:38:28] INFO: [TRAIN] epoch: 21, iter: 9560/18000, loss: 2.9274, lr: 0.000028, batch_cost: 0.1001, reader_cost: 0.00005, ips: 39.9745 samples/sec, max_mem_reserved: 922 MB, max_mem_allocated: 673 MB | ETA 00:14:04
[2026/10/07 12:38:30] INFO: [TRAIN] epoch: 21, iter: 9570/18000, loss: 2.9826, lr: 0.000028, batch_cost: 0.1012, reader_cost: 0.00000, ips: 39.5281 samples/sec, max_mem_reserved: 922 MB, max_mem_allocated: 673 MB | ETA 00:14:13
[2026/10/07 12:38:31] INFO: [TRAIN] epoch: 21, iter: 9580/18000, loss: 3.1288, lr: 0.000028, batch_cost: 0.1024, reader_cost: 0.00000, ips: 39.0615 samples/sec, max_mem_reserved: 922 MB, max_mem_allocated: 673 MB | ETA 00:14:22
[2026/10/07 12:38:32] INFO: [TRAIN] epoch: 21, iter: 9590/18000, loss: 3.1248, lr: 0.000028, batch_cost: 0.1012, reader_cost: 0.00020, ips: 39.5170 samples/sec, max_mem_reserved: 922 MB, max_mem_allocated: 673 MB | ETA 00:14:11
[2026/10/07 12:38:34] INFO: [TRAIN] epoch: 21, iter: 9600/18000, loss: 3.2381, lr: 0.000028, batch_cost: 0.1017, reader_cost: 0.00000, ips: 39.3465 samples/sec, max_mem_reserved: 922 MB, max_mem_allocated: 673 MB | ETA 00:14:13
[2026/10/07 12:38:35] INFO: [TRAIN] epoch: 21, iter: 9610/18000, loss: 2.7320, lr: 0.000028, batch_cost: 0.1036, reader_cost: 0.00015, ips: 38.6070 samples/sec, max_mem_reserved: 922 MB, max_mem_allocated: 673 MB | ETA 00:14:29
[2026/10/07 12:38:36] INFO: [TRAIN] epoch: 21, iter: 9620/18000, loss: 2.8029, lr: 0.000028, batch_cost: 0.0994, reader_cost: 0.00020, ips: 40.2605 samples/sec, max_mem_reserved: 922 MB, max_mem_allocated: 673 MB | ETA 00:13:52
[2026/10/07 12:38:38] INFO: [TRAIN] epoch: 21, iter: 9630/18000, loss: 3.5207, lr: 0.000028, batch_cost: 0.1039, reader_cost: 0.00010, ips: 38.5127 samples/sec, max_mem_reserved: 922 MB, max_mem_allocated: 673 MB | ETA 00:14:29
[2026/10/07 12:38:39] INFO: [TRAIN] epoch: 21, iter: 9640/18000, loss: 3.1086, lr: 0.000028, batch_cost: 0.1030, reader_cost: 0.00020, ips: 38.8310 samples/sec, max_mem_reserved: 922 MB, max_mem_allocated: 673 MB | ETA 00:14:21
[2026/10/07 12:38:40] INFO: [TRAIN] epoch: 21, iter: 9650/18000, loss: 3.2146, lr: 0.000028, batch_cost: 0.1027, reader_cost: 0.00000, ips: 38.9640 samples/sec, max_mem_reserved: 922 MB, max_mem_allocated: 673 MB | ETA 00:14:17
[2026/10/07 12:38:42] INFO: [TRAIN] epoch: 21, iter: 9660/18000, loss: 2.9721, lr: 0.000028, batch_cost: 0.1025, reader_cost: 0.00000, ips: 39.0081 samples/sec, max_mem_reserved: 922 MB, max_mem_allocated: 673 MB | ETA 00:14:15
[2026/10/07 12:38:43] INFO: [TRAIN] epoch: 21, iter: 9670/18000, loss: 3.1932, lr: 0.000028, batch_cost: 0.1018, reader_cost: 0.00015, ips: 39.2950 samples/sec, max_mem_reserved: 922 MB, max_mem_allocated: 673 MB | ETA 00:14:07
[2026/10/07 12:38:44] INFO: [TRAIN] epoch: 21, iter: 9680/18000, loss: 3.3090, lr: 0.000028, batch_cost: 0.1032, reader_cost: 0.00010, ips: 38.7745 samples/sec, max_mem_reserved: 922 MB, max_mem_allocated: 673 MB | ETA 00:14:18
[2026/10/07 12:38:46] INFO: [TRAIN] epoch: 21, iter: 9690/18000, loss: 2.9266, lr: 0.000028, batch_cost: 0.1016, reader_cost: 0.00000, ips: 39.3597 samples/sec, max_mem_reserved: 922 MB, max_mem_allocated: 673 MB | ETA 00:14:04
[2026/10/07 12:38:47] INFO: [TRAIN] epoch: 21, iter: 9700/18000, loss: 3.0435, lr: 0.000028, batch_cost: 0.1017, reader_cost: 0.00010, ips: 39.3246 samples/sec, max_mem_reserved: 922 MB, max_mem_allocated: 673 MB | ETA 00:14:04
[2026/10/07 12:38:48] INFO: [TRAIN] epoch: 21, iter: 9710/18000, loss: 3.0042, lr: 0.000028, batch_cost: 0.1022, reader_cost: 0.00000, ips: 39.1291 samples/sec, max_mem_reserved: 922 MB, max_mem_allocated: 673 MB | ETA 00:14:07
[2026/10/07 12:38:50] INFO: [TRAIN] epoch: 21, iter: 9720/18000, loss: 2.7894, lr: 0.000028, batch_cost: 0.1018, reader_cost: 0.00000, ips: 39.2860 samples/sec, max_mem_reserved: 922 MB, max_mem_allocated: 673 MB | ETA 00:14:03
[2026/10/07 12:38:51] INFO: [TRAIN] epoch: 21, iter: 9730/18000, loss: 3.0235, lr: 0.000028, batch_cost: 0.1013, reader_cost: 0.00010, ips: 39.5038 samples/sec, max_mem_reserved: 922 MB, max_mem_allocated: 673 MB | ETA 00:13:57
[2026/10/07 12:38:52] INFO: [TRAIN] epoch: 21, iter: 9740/18000, loss: 2.8925, lr: 0.000028, batch_cost: 0.1025, reader_cost: 0.00010, ips: 39.0329 samples/sec, max_mem_reserved: 922 MB, max_mem_allocated: 673 MB | ETA 00:14:06
[2026/10/07 12:38:54] INFO: [TRAIN] epoch: 21, iter: 9750/18000, loss: 2.9130, lr: 0.000028, batch_cost: 0.1030, reader_cost: 0.00000, ips: 38.8188 samples/sec, max_mem_reserved: 922 MB, max_mem_allocated: 673 MB | ETA 00:14:10
[2026/10/07 12:38:55] INFO: [TRAIN] epoch: 21, iter: 9760/18000, loss: 2.9736, lr: 0.000027, batch_cost: 0.1030, reader_cost: 0.00025, ips: 38.8281 samples/sec, max_mem_reserved: 922 MB, max_mem_allocated: 673 MB | ETA 00:14:08
[2026/10/07 12:38:56] INFO: [TRAIN] epoch: 21, iter: 9770/18000, loss: 2.9730, lr: 0.000027, batch_cost: 0.1012, reader_cost: 0.00010, ips: 39.5183 samples/sec, max_mem_reserved: 922 MB, max_mem_allocated: 673 MB | ETA 00:13:53
[2026/10/07 12:38:58] INFO: [TRAIN] epoch: 21, iter: 9780/18000, loss: 2.9479, lr: 0.000027, batch_cost: 0.1025, reader_cost: 0.00020, ips: 39.0056 samples/sec, max_mem_reserved: 922 MB, max_mem_allocated: 673 MB | ETA 00:14:02
[2026/10/07 12:38:59] INFO: [TRAIN] epoch: 21, iter: 9790/18000, loss: 3.0584, lr: 0.000027, batch_cost: 0.1045, reader_cost: 0.00010, ips: 38.2633 samples/sec, max_mem_reserved: 922 MB, max_mem_allocated: 673 MB | ETA 00:14:18
[2026/10/07 12:39:00] INFO: [TRAIN] epoch: 21, iter: 9800/18000, loss: 2.8841, lr: 0.000027, batch_cost: 0.1015, reader_cost: 0.00000, ips: 39.4262 samples/sec, max_mem_reserved: 922 MB, max_mem_allocated: 673 MB | ETA 00:13:51
[2026/10/07 12:39:02] INFO: [TRAIN] epoch: 21, iter: 9810/18000, loss: 3.0543, lr: 0.000027, batch_cost: 0.1021, reader_cost: 0.00010, ips: 39.1814 samples/sec, max_mem_reserved: 922 MB, max_mem_allocated: 673 MB | ETA 00:13:56
[2026/10/07 12:39:03] INFO: [TRAIN] epoch: 21, iter: 9820/18000, loss: 3.0351, lr: 0.000027, batch_cost: 0.1027, reader_cost: 0.00010, ips: 38.9325 samples/sec, max_mem_reserved: 922 MB, max_mem_allocated: 673 MB | ETA 00:14:00
[2026/10/07 12:39:04] INFO: [TRAIN] epoch: 21, iter: 9830/18000, loss: 3.2913, lr: 0.000027, batch_cost: 0.1006, reader_cost: 0.00000, ips: 39.7793 samples/sec, max_mem_reserved: 922 MB, max_mem_allocated: 673 MB | ETA 00:13:41
[2026/10/07 12:39:06] INFO: [TRAIN] epoch: 21, iter: 9840/18000, loss: 3.1025, lr: 0.000027, batch_cost: 0.1014, reader_cost: 0.00016, ips: 39.4344 samples/sec, max_mem_reserved: 922 MB, max_mem_allocated: 673 MB | ETA 00:13:47
[2026/10/07 12:39:07] INFO: [TRAIN] epoch: 21, iter: 9850/18000, loss: 3.1581, lr: 0.000027, batch_cost: 0.1002, reader_cost: 0.00000, ips: 39.9194 samples/sec, max_mem_reserved: 922 MB, max_mem_allocated: 673 MB | ETA 00:13:36
[2026/10/07 12:39:09] INFO: [TRAIN] epoch: 21, iter: 9860/18000, loss: 3.0167, lr: 0.000027, batch_cost: 0.1038, reader_cost: 0.00020, ips: 38.5305 samples/sec, max_mem_reserved: 922 MB, max_mem_allocated: 673 MB | ETA 00:14:05
[2026/10/07 12:39:10] INFO: [TRAIN] epoch: 21, iter: 9870/18000, loss: 3.1024, lr: 0.000027, batch_cost: 0.1017, reader_cost: 0.00010, ips: 39.3416 samples/sec, max_mem_reserved: 922 MB, max_mem_allocated: 673 MB | ETA 00:13:46
[2026/10/07 12:39:11] INFO: [TRAIN] epoch: 21, iter: 9880/18000, loss: 3.1494, lr: 0.000027, batch_cost: 0.1008, reader_cost: 0.00020, ips: 39.6999 samples/sec, max_mem_reserved: 922 MB, max_mem_allocated: 673 MB | ETA 00:13:38
[2026/10/07 12:39:13] INFO: [TRAIN] epoch: 21, iter: 9890/18000, loss: 2.7632, lr: 0.000027, batch_cost: 0.1046, reader_cost: 0.00000, ips: 38.2306 samples/sec, max_mem_reserved: 922 MB, max_mem_allocated: 673 MB | ETA 00:14:08
[2026/10/07 12:39:14] INFO: [TRAIN] epoch: 21, iter: 9900/18000, loss: 3.0144, lr: 0.000027, batch_cost: 0.1018, reader_cost: 0.00000, ips: 39.2856 samples/sec, max_mem_reserved: 922 MB, max_mem_allocated: 673 MB | ETA 00:13:44
[2026/10/07 12:39:15] INFO: [TRAIN] epoch: 21, iter: 9910/18000, loss: 3.1865, lr: 0.000027, batch_cost: 0.1013, reader_cost: 0.00000, ips: 39.4798 samples/sec, max_mem_reserved: 922 MB, max_mem_allocated: 673 MB | ETA 00:13:39
[2026/10/07 12:39:17] INFO: [TRAIN] epoch: 21, iter: 9920/18000, loss: 2.9693, lr: 0.000027, batch_cost: 0.1042, reader_cost: 0.00010, ips: 38.3809 samples/sec, max_mem_reserved: 922 MB, max_mem_allocated: 673 MB | ETA 00:14:02
[2026/10/07 12:39:18] INFO: [TRAIN] epoch: 21, iter: 9930/18000, loss: 3.0324, lr: 0.000027, batch_cost: 0.1025, reader_cost: 0.00010, ips: 39.0241 samples/sec, max_mem_reserved: 922 MB, max_mem_allocated: 673 MB | ETA 00:13:47
[2026/10/07 12:39:19] INFO: [TRAIN] epoch: 21, iter: 9940/18000, loss: 3.3410, lr: 0.000027, batch_cost: 0.1007, reader_cost: 0.00000, ips: 39.7221 samples/sec, max_mem_reserved: 922 MB, max_mem_allocated: 673 MB | ETA 00:13:31
[2026/10/07 12:39:21] INFO: [TRAIN] epoch: 21, iter: 9950/18000, loss: 2.8952, lr: 0.000027, batch_cost: 0.0987, reader_cost: 0.00000, ips: 40.5280 samples/sec, max_mem_reserved: 922 MB, max_mem_allocated: 673 MB | ETA 00:13:14
[2026/10/07 12:39:22] INFO: [TRAIN] epoch: 22, iter: 9960/18000, loss: 3.0516, lr: 0.000027, batch_cost: 0.1030, reader_cost: 0.00722, ips: 38.8284 samples/sec, max_mem_reserved: 922 MB, max_mem_allocated: 673 MB | ETA 00:13:48
[2026/10/07 12:39:23] INFO: [TRAIN] epoch: 22, iter: 9970/18000, loss: 3.1457, lr: 0.000027, batch_cost: 0.1032, reader_cost: 0.00000, ips: 38.7615 samples/sec, max_mem_reserved: 922 MB, max_mem_allocated: 673 MB | ETA 00:13:48
[2026/10/07 12:39:25] INFO: [TRAIN] epoch: 22, iter: 9980/18000, loss: 3.0482, lr: 0.000027, batch_cost: 0.1050, reader_cost: 0.00010, ips: 38.0887 samples/sec, max_mem_reserved: 922 MB, max_mem_allocated: 673 MB | ETA 00:14:02
[2026/10/07 12:39:26] INFO: [TRAIN] epoch: 22, iter: 9990/18000, loss: 3.3468, lr: 0.000027, batch_cost: 0.1025, reader_cost: 0.00045, ips: 39.0154 samples/sec, max_mem_reserved: 922 MB, max_mem_allocated: 673 MB | ETA 00:13:41
[2026/10/07 12:39:27] INFO: [TRAIN] epoch: 22, iter: 10000/18000, loss: 3.0724, lr: 0.000027, batch_cost: 0.1029, reader_cost: 0.00010, ips: 38.8833 samples/sec, max_mem_reserved: 922 MB, max_mem_allocated: 673 MB | ETA 00:13:42
[2026/10/07 12:39:27] INFO: Start evaluating (total_samples: 348, total_iters: 348)...

  1/348 [..............................] - ETA: 12s - batch_cost: 0.0364 - reader cost: 0.0139
  4/348 [..............................] - ETA: 8s - batch_cost: 0.0243 - reader cost: 0.0035 
  7/348 [..............................] - ETA: 7s - batch_cost: 0.0217 - reader cost: 0.0020
 10/348 [..............................] - ETA: 7s - batch_cost: 0.0210 - reader cost: 0.0014
 13/348 [>.............................] - ETA: 6s - batch_cost: 0.0205 - reader cost: 0.0011
 16/348 [>.............................] - ETA: 6s - batch_cost: 0.0202 - reader cost: 8.6847e-04
 19/348 [>.............................] - ETA: 6s - batch_cost: 0.0198 - reader cost: 7.3134e-04
 22/348 [>.............................] - ETA: 6s - batch_cost: 0.0195 - reader cost: 6.6323e-04
 25/348 [=>............................] - ETA: 6s - batch_cost: 0.0195 - reader cost: 5.8364e-04
 28/348 [=>............................] - ETA: 6s - batch_cost: 0.0194 - reader cost: 5.2111e-04
 31/348 [=>............................] - ETA: 6s - batch_cost: 0.0193 - reader cost: 4.7068e-04
 34/348 [=>............................] - ETA: 6s - batch_cost: 0.0193 - reader cost: 4.2915e-04
 37/348 [==>...........................] - ETA: 6s - batch_cost: 0.0194 - reader cost: 3.9435e-04
 40/348 [==>...........................] - ETA: 6s - batch_cost: 0.0195 - reader cost: 3.8974e-04
 43/348 [==>...........................] - ETA: 5s - batch_cost: 0.0194 - reader cost: 3.6255e-04
 46/348 [==>...........................] - ETA: 5s - batch_cost: 0.0193 - reader cost: 3.6063e-04
 49/348 [===>..........................] - ETA: 5s - batch_cost: 0.0192 - reader cost: 3.3855e-04
 52/348 [===>..........................] - ETA: 5s - batch_cost: 0.0192 - reader cost: 3.1902e-04
 55/348 [===>..........................] - ETA: 5s - batch_cost: 0.0191 - reader cost: 3.0162e-04
 58/348 [====>.........................] - ETA: 5s - batch_cost: 0.0191 - reader cost: 2.8602e-04
 61/348 [====>.........................] - ETA: 5s - batch_cost: 0.0191 - reader cost: 2.7195e-04
 64/348 [====>.........................] - ETA: 5s - batch_cost: 0.0191 - reader cost: 2.5920e-04
 67/348 [====>.........................] - ETA: 5s - batch_cost: 0.0191 - reader cost: 2.4760e-04
 70/348 [=====>........................] - ETA: 5s - batch_cost: 0.0190 - reader cost: 2.3698e-04
 73/348 [=====>........................] - ETA: 5s - batch_cost: 0.0191 - reader cost: 2.4094e-04
 76/348 [=====>........................] - ETA: 5s - batch_cost: 0.0190 - reader cost: 2.3143e-04
 79/348 [=====>........................] - ETA: 5s - batch_cost: 0.0190 - reader cost: 2.2264e-04
 82/348 [======>.......................] - ETA: 5s - batch_cost: 0.0190 - reader cost: 2.1449e-04
 85/348 [======>.......................] - ETA: 5s - batch_cost: 0.0190 - reader cost: 2.0692e-04
 88/348 [======>.......................] - ETA: 4s - batch_cost: 0.0189 - reader cost: 1.9987e-04
 91/348 [======>.......................] - ETA: 4s - batch_cost: 0.0189 - reader cost: 1.9328e-04
 94/348 [=======>......................] - ETA: 4s - batch_cost: 0.0189 - reader cost: 1.8711e-04
 97/348 [=======>......................] - ETA: 4s - batch_cost: 0.0189 - reader cost: 1.8132e-04
100/348 [=======>......................] - ETA: 4s - batch_cost: 0.0189 - reader cost: 1.7588e-04
103/348 [=======>......................] - ETA: 4s - batch_cost: 0.0189 - reader cost: 1.8046e-04
106/348 [========>.....................] - ETA: 4s - batch_cost: 0.0189 - reader cost: 1.7535e-04
109/348 [========>.....................] - ETA: 4s - batch_cost: 0.0189 - reader cost: 1.7053e-04
112/348 [========>.....................] - ETA: 4s - batch_cost: 0.0189 - reader cost: 1.6596e-04
115/348 [========>.....................] - ETA: 4s - batch_cost: 0.0189 - reader cost: 1.7033e-04
118/348 [=========>....................] - ETA: 4s - batch_cost: 0.0189 - reader cost: 1.6600e-04
121/348 [=========>....................] - ETA: 4s - batch_cost: 0.0189 - reader cost: 1.6189e-04
124/348 [=========>....................] - ETA: 4s - batch_cost: 0.0189 - reader cost: 1.6282e-04
127/348 [=========>....................] - ETA: 4s - batch_cost: 0.0189 - reader cost: 1.5898e-04
130/348 [==========>...................] - ETA: 4s - batch_cost: 0.0189 - reader cost: 1.5531e-04
133/348 [==========>...................] - ETA: 4s - batch_cost: 0.0189 - reader cost: 1.5181e-04
136/348 [==========>...................] - ETA: 4s - batch_cost: 0.0189 - reader cost: 1.5579e-04
139/348 [==========>...................] - ETA: 3s - batch_cost: 0.0189 - reader cost: 1.5243e-04
142/348 [===========>..................] - ETA: 3s - batch_cost: 0.0190 - reader cost: 1.4921e-04
145/348 [===========>..................] - ETA: 3s - batch_cost: 0.0190 - reader cost: 1.4612e-04
148/348 [===========>..................] - ETA: 3s - batch_cost: 0.0190 - reader cost: 1.4316e-04
151/348 [============>.................] - ETA: 3s - batch_cost: 0.0190 - reader cost: 1.4695e-04
154/348 [============>.................] - ETA: 3s - batch_cost: 0.0190 - reader cost: 1.5707e-04
157/348 [============>.................] - ETA: 3s - batch_cost: 0.0189 - reader cost: 1.6040e-04
160/348 [============>.................] - ETA: 3s - batch_cost: 0.0189 - reader cost: 1.6363e-04
163/348 [=============>................] - ETA: 3s - batch_cost: 0.0189 - reader cost: 1.6062e-04
166/348 [=============>................] - ETA: 3s - batch_cost: 0.0189 - reader cost: 1.5772e-04
169/348 [=============>................] - ETA: 3s - batch_cost: 0.0189 - reader cost: 1.5492e-04
172/348 [=============>................] - ETA: 3s - batch_cost: 0.0189 - reader cost: 1.5222e-04
175/348 [==============>...............] - ETA: 3s - batch_cost: 0.0189 - reader cost: 1.4961e-04
178/348 [==============>...............] - ETA: 3s - batch_cost: 0.0189 - reader cost: 1.4709e-04
182/348 [==============>...............] - ETA: 3s - batch_cost: 0.0188 - reader cost: 1.4385e-04
185/348 [==============>...............] - ETA: 3s - batch_cost: 0.0188 - reader cost: 1.4152e-04
188/348 [===============>..............] - ETA: 3s - batch_cost: 0.0188 - reader cost: 1.4453e-04
191/348 [===============>..............] - ETA: 2s - batch_cost: 0.0188 - reader cost: 1.4750e-04
194/348 [===============>..............] - ETA: 2s - batch_cost: 0.0188 - reader cost: 1.4522e-04
197/348 [===============>..............] - ETA: 2s - batch_cost: 0.0188 - reader cost: 1.4808e-04
200/348 [================>.............] - ETA: 2s - batch_cost: 0.0188 - reader cost: 1.5086e-04
203/348 [================>.............] - ETA: 2s - batch_cost: 0.0188 - reader cost: 1.4863e-04
206/348 [================>.............] - ETA: 2s - batch_cost: 0.0188 - reader cost: 1.4647e-04
209/348 [=================>............] - ETA: 2s - batch_cost: 0.0188 - reader cost: 1.4437e-04
212/348 [=================>............] - ETA: 2s - batch_cost: 0.0188 - reader cost: 1.4232e-04
215/348 [=================>............] - ETA: 2s - batch_cost: 0.0189 - reader cost: 1.4034e-04
218/348 [=================>............] - ETA: 2s - batch_cost: 0.0189 - reader cost: 1.3841e-04
221/348 [==================>...........] - ETA: 2s - batch_cost: 0.0189 - reader cost: 1.3653e-04
224/348 [==================>...........] - ETA: 2s - batch_cost: 0.0189 - reader cost: 1.3470e-04
227/348 [==================>...........] - ETA: 2s - batch_cost: 0.0189 - reader cost: 1.3292e-04
231/348 [==================>...........] - ETA: 2s - batch_cost: 0.0189 - reader cost: 1.3494e-04
234/348 [===================>..........] - ETA: 2s - batch_cost: 0.0189 - reader cost: 1.3321e-04
237/348 [===================>..........] - ETA: 2s - batch_cost: 0.0189 - reader cost: 1.3153e-04
240/348 [===================>..........] - ETA: 2s - batch_cost: 0.0189 - reader cost: 1.2988e-04
243/348 [===================>..........] - ETA: 1s - batch_cost: 0.0189 - reader cost: 1.2828e-04
246/348 [====================>.........] - ETA: 1s - batch_cost: 0.0189 - reader cost: 1.2672e-04
249/348 [====================>.........] - ETA: 1s - batch_cost: 0.0188 - reader cost: 1.2519e-04
252/348 [====================>.........] - ETA: 1s - batch_cost: 0.0189 - reader cost: 1.3165e-04
255/348 [====================>.........] - ETA: 1s - batch_cost: 0.0189 - reader cost: 1.3792e-04
258/348 [=====================>........] - ETA: 1s - batch_cost: 0.0189 - reader cost: 1.3632e-04
261/348 [=====================>........] - ETA: 1s - batch_cost: 0.0189 - reader cost: 1.3475e-04
264/348 [=====================>........] - ETA: 1s - batch_cost: 0.0189 - reader cost: 1.3322e-04
267/348 [======================>.......] - ETA: 1s - batch_cost: 0.0189 - reader cost: 1.3172e-04
270/348 [======================>.......] - ETA: 1s - batch_cost: 0.0189 - reader cost: 1.3026e-04
273/348 [======================>.......] - ETA: 1s - batch_cost: 0.0189 - reader cost: 1.3244e-04
276/348 [======================>.......] - ETA: 1s - batch_cost: 0.0189 - reader cost: 1.3100e-04
279/348 [=======================>......] - ETA: 1s - batch_cost: 0.0189 - reader cost: 1.2960e-04
282/348 [=======================>......] - ETA: 1s - batch_cost: 0.0189 - reader cost: 1.3355e-04
285/348 [=======================>......] - ETA: 1s - batch_cost: 0.0188 - reader cost: 1.3432e-04
288/348 [=======================>......] - ETA: 1s - batch_cost: 0.0188 - reader cost: 1.3292e-04
291/348 [========================>.....] - ETA: 1s - batch_cost: 0.0188 - reader cost: 1.3155e-04
294/348 [========================>.....] - ETA: 1s - batch_cost: 0.0189 - reader cost: 1.3021e-04
297/348 [========================>.....] - ETA: 0s - batch_cost: 0.0189 - reader cost: 1.2889e-04
300/348 [========================>.....] - ETA: 0s - batch_cost: 0.0189 - reader cost: 1.2761e-04
303/348 [=========================>....] - ETA: 0s - batch_cost: 0.0188 - reader cost: 1.2964e-04
306/348 [=========================>....] - ETA: 0s - batch_cost: 0.0188 - reader cost: 1.2837e-04
309/348 [=========================>....] - ETA: 0s - batch_cost: 0.0189 - reader cost: 1.2712e-04
312/348 [=========================>....] - ETA: 0s - batch_cost: 0.0189 - reader cost: 1.2590e-04
315/348 [==========================>...] - ETA: 0s - batch_cost: 0.0189 - reader cost: 1.2470e-04
318/348 [==========================>...] - ETA: 0s - batch_cost: 0.0189 - reader cost: 1.2667e-04
321/348 [==========================>...] - ETA: 0s - batch_cost: 0.0189 - reader cost: 1.2549e-04
324/348 [==========================>...] - ETA: 0s - batch_cost: 0.0189 - reader cost: 1.2741e-04
327/348 [===========================>..] - ETA: 0s - batch_cost: 0.0189 - reader cost: 1.2624e-04
330/348 [===========================>..] - ETA: 0s - batch_cost: 0.0189 - reader cost: 1.2509e-04
333/348 [===========================>..] - ETA: 0s - batch_cost: 0.0189 - reader cost: 1.2396e-04
336/348 [===========================>..] - ETA: 0s - batch_cost: 0.0189 - reader cost: 1.2583e-04
339/348 [============================>.] - ETA: 0s - batch_cost: 0.0189 - reader cost: 1.2472e-04
342/348 [============================>.] - ETA: 0s - batch_cost: 0.0189 - reader cost: 1.2362e-04
345/348 [============================>.] - ETA: 0s - batch_cost: 0.0189 - reader cost: 1.2255e-04
348/348 [==============================] - 7s 19ms/step - batch_cost: 0.0188 - reader cost: 1.2149e-04
[2026/10/07 12:39:34] INFO: [EVAL] #Images: 348 mIoU: 0.8025 Acc: 0.9762 Kappa: 0.7604 Dice: 0.8802
[2026/10/07 12:39:34] INFO: [EVAL] Class IoU: 
[0.9752 0.6298]
[2026/10/07 12:39:34] INFO: [EVAL] Class Precision: 
[0.9831 0.8398]
[2026/10/07 12:39:34] INFO: [EVAL] Class Recall: 
[0.9918 0.7158]
[2026/10/07 12:39:34] INFO: Start evaluating (total_samples: 348, total_iters: 348)...

  1/348 [..............................] - ETA: 12s - batch_cost: 0.0355 - reader cost: 0.0143
  4/348 [..............................] - ETA: 8s - batch_cost: 0.0253 - reader cost: 0.0038 
  7/348 [..............................] - ETA: 7s - batch_cost: 0.0232 - reader cost: 0.0022
 10/348 [..............................] - ETA: 7s - batch_cost: 0.0226 - reader cost: 0.0015
 13/348 [>.............................] - ETA: 7s - batch_cost: 0.0220 - reader cost: 0.0012
 16/348 [>.............................] - ETA: 7s - batch_cost: 0.0216 - reader cost: 9.5570e-04
 19/348 [>.............................] - ETA: 6s - batch_cost: 0.0212 - reader cost: 8.0480e-04
 22/348 [>.............................] - ETA: 6s - batch_cost: 0.0207 - reader cost: 7.4047e-04
 25/348 [=>............................] - ETA: 6s - batch_cost: 0.0206 - reader cost: 6.5162e-04
 28/348 [=>............................] - ETA: 6s - batch_cost: 0.0203 - reader cost: 5.8180e-04
 31/348 [=>............................] - ETA: 6s - batch_cost: 0.0201 - reader cost: 5.5772e-04
 34/348 [=>............................] - ETA: 6s - batch_cost: 0.0200 - reader cost: 5.0851e-04
 37/348 [==>...........................] - ETA: 6s - batch_cost: 0.0199 - reader cost: 4.6728e-04
 40/348 [==>...........................] - ETA: 6s - batch_cost: 0.0198 - reader cost: 4.3224e-04
 43/348 [==>...........................] - ETA: 6s - batch_cost: 0.0197 - reader cost: 4.0208e-04
 46/348 [==>...........................] - ETA: 5s - batch_cost: 0.0196 - reader cost: 3.8716e-04
 49/348 [===>..........................] - ETA: 5s - batch_cost: 0.0195 - reader cost: 3.6345e-04
 52/348 [===>..........................] - ETA: 5s - batch_cost: 0.0195 - reader cost: 3.4248e-04
 55/348 [===>..........................] - ETA: 5s - batch_cost: 0.0194 - reader cost: 3.2380e-04
 58/348 [====>.........................] - ETA: 5s - batch_cost: 0.0194 - reader cost: 3.0705e-04
 61/348 [====>.........................] - ETA: 5s - batch_cost: 0.0193 - reader cost: 2.9195e-04
 64/348 [====>.........................] - ETA: 5s - batch_cost: 0.0192 - reader cost: 2.7827e-04
 67/348 [====>.........................] - ETA: 5s - batch_cost: 0.0192 - reader cost: 2.8075e-04
 70/348 [=====>........................] - ETA: 5s - batch_cost: 0.0192 - reader cost: 2.6871e-04
 73/348 [=====>........................] - ETA: 5s - batch_cost: 0.0193 - reader cost: 2.5767e-04
 76/348 [=====>........................] - ETA: 5s - batch_cost: 0.0193 - reader cost: 2.6066e-04
 79/348 [=====>........................] - ETA: 5s - batch_cost: 0.0193 - reader cost: 2.6341e-04
 82/348 [======>.......................] - ETA: 5s - batch_cost: 0.0193 - reader cost: 2.5377e-04
 85/348 [======>.......................] - ETA: 5s - batch_cost: 0.0192 - reader cost: 2.4482e-04
 88/348 [======>.......................] - ETA: 5s - batch_cost: 0.0193 - reader cost: 2.3647e-04
 91/348 [======>.......................] - ETA: 4s - batch_cost: 0.0193 - reader cost: 2.2867e-04
 94/348 [=======>......................] - ETA: 4s - batch_cost: 0.0193 - reader cost: 2.2138e-04
 97/348 [=======>......................] - ETA: 4s - batch_cost: 0.0193 - reader cost: 2.1453e-04
100/348 [=======>......................] - ETA: 4s - batch_cost: 0.0192 - reader cost: 2.1807e-04
103/348 [=======>......................] - ETA: 4s - batch_cost: 0.0192 - reader cost: 2.1172e-04
106/348 [========>.....................] - ETA: 4s - batch_cost: 0.0193 - reader cost: 2.0573e-04
109/348 [========>.....................] - ETA: 4s - batch_cost: 0.0193 - reader cost: 2.3230e-04
112/348 [========>.....................] - ETA: 4s - batch_cost: 0.0193 - reader cost: 2.2608e-04
115/348 [========>.....................] - ETA: 4s - batch_cost: 0.0193 - reader cost: 2.2018e-04
118/348 [=========>....................] - ETA: 4s - batch_cost: 0.0193 - reader cost: 2.1458e-04
121/348 [=========>....................] - ETA: 4s - batch_cost: 0.0193 - reader cost: 2.0926e-04
124/348 [=========>....................] - ETA: 4s - batch_cost: 0.0193 - reader cost: 2.0420e-04
127/348 [=========>....................] - ETA: 4s - batch_cost: 0.0193 - reader cost: 2.0708e-04
130/348 [==========>...................] - ETA: 4s - batch_cost: 0.0193 - reader cost: 2.0231e-04
133/348 [==========>...................] - ETA: 4s - batch_cost: 0.0193 - reader cost: 1.9774e-04
136/348 [==========>...................] - ETA: 4s - batch_cost: 0.0193 - reader cost: 1.9338e-04
139/348 [==========>...................] - ETA: 4s - batch_cost: 0.0193 - reader cost: 1.8921e-04
142/348 [===========>..................] - ETA: 3s - batch_cost: 0.0193 - reader cost: 1.9217e-04
145/348 [===========>..................] - ETA: 3s - batch_cost: 0.0192 - reader cost: 1.8819e-04
148/348 [===========>..................] - ETA: 3s - batch_cost: 0.0192 - reader cost: 1.8438e-04
151/348 [============>.................] - ETA: 3s - batch_cost: 0.0192 - reader cost: 1.8072e-04
154/348 [============>.................] - ETA: 3s - batch_cost: 0.0192 - reader cost: 1.7720e-04
157/348 [============>.................] - ETA: 3s - batch_cost: 0.0192 - reader cost: 1.7381e-04
160/348 [============>.................] - ETA: 3s - batch_cost: 0.0192 - reader cost: 1.7055e-04
163/348 [=============>................] - ETA: 3s - batch_cost: 0.0191 - reader cost: 1.6741e-04
166/348 [=============>................] - ETA: 3s - batch_cost: 0.0191 - reader cost: 1.6439e-04
169/348 [=============>................] - ETA: 3s - batch_cost: 0.0191 - reader cost: 1.6739e-04
172/348 [=============>................] - ETA: 3s - batch_cost: 0.0191 - reader cost: 1.6447e-04
175/348 [==============>...............] - ETA: 3s - batch_cost: 0.0192 - reader cost: 1.6165e-04
178/348 [==============>...............] - ETA: 3s - batch_cost: 0.0192 - reader cost: 1.5892e-04
181/348 [==============>...............] - ETA: 3s - batch_cost: 0.0192 - reader cost: 1.5629e-04
184/348 [==============>...............] - ETA: 3s - batch_cost: 0.0192 - reader cost: 1.5918e-04
187/348 [===============>..............] - ETA: 3s - batch_cost: 0.0192 - reader cost: 1.6199e-04
190/348 [===============>..............] - ETA: 3s - batch_cost: 0.0192 - reader cost: 1.5943e-04
193/348 [===============>..............] - ETA: 3s - batch_cost: 0.0193 - reader cost: 1.5695e-04
196/348 [===============>..............] - ETA: 2s - batch_cost: 0.0193 - reader cost: 1.5455e-04
199/348 [================>.............] - ETA: 2s - batch_cost: 0.0193 - reader cost: 1.5222e-04
202/348 [================>.............] - ETA: 2s - batch_cost: 0.0193 - reader cost: 1.4996e-04
205/348 [================>.............] - ETA: 2s - batch_cost: 0.0193 - reader cost: 1.4776e-04
208/348 [================>.............] - ETA: 2s - batch_cost: 0.0193 - reader cost: 1.4805e-04
211/348 [=================>............] - ETA: 2s - batch_cost: 0.0194 - reader cost: 1.4595e-04
214/348 [=================>............] - ETA: 2s - batch_cost: 0.0194 - reader cost: 1.4390e-04
217/348 [=================>............] - ETA: 2s - batch_cost: 0.0195 - reader cost: 1.4191e-04
220/348 [=================>............] - ETA: 2s - batch_cost: 0.0195 - reader cost: 1.4452e-04
223/348 [==================>...........] - ETA: 2s - batch_cost: 0.0195 - reader cost: 1.4257e-04
226/348 [==================>...........] - ETA: 2s - batch_cost: 0.0195 - reader cost: 1.4068e-04
229/348 [==================>...........] - ETA: 2s - batch_cost: 0.0196 - reader cost: 1.4320e-04
232/348 [===================>..........] - ETA: 2s - batch_cost: 0.0196 - reader cost: 1.4135e-04
235/348 [===================>..........] - ETA: 2s - batch_cost: 0.0196 - reader cost: 1.3954e-04
238/348 [===================>..........] - ETA: 2s - batch_cost: 0.0196 - reader cost: 1.3779e-04
241/348 [===================>..........] - ETA: 2s - batch_cost: 0.0196 - reader cost: 1.3607e-04
244/348 [====================>.........] - ETA: 2s - batch_cost: 0.0197 - reader cost: 1.3849e-04
247/348 [====================>.........] - ETA: 1s - batch_cost: 0.0197 - reader cost: 1.3681e-04
250/348 [====================>.........] - ETA: 1s - batch_cost: 0.0197 - reader cost: 1.3517e-04
253/348 [====================>.........] - ETA: 1s - batch_cost: 0.0196 - reader cost: 1.3357e-04
256/348 [=====================>........] - ETA: 1s - batch_cost: 0.0196 - reader cost: 1.3200e-04
259/348 [=====================>........] - ETA: 1s - batch_cost: 0.0196 - reader cost: 1.3047e-04
262/348 [=====================>........] - ETA: 1s - batch_cost: 0.0196 - reader cost: 1.2898e-04
265/348 [=====================>........] - ETA: 1s - batch_cost: 0.0196 - reader cost: 1.2752e-04
268/348 [======================>.......] - ETA: 1s - batch_cost: 0.0196 - reader cost: 1.2609e-04
271/348 [======================>.......] - ETA: 1s - batch_cost: 0.0196 - reader cost: 1.2470e-04
274/348 [======================>.......] - ETA: 1s - batch_cost: 0.0196 - reader cost: 1.2333e-04
277/348 [======================>.......] - ETA: 1s - batch_cost: 0.0196 - reader cost: 1.2560e-04
280/348 [=======================>......] - ETA: 1s - batch_cost: 0.0196 - reader cost: 1.2783e-04
283/348 [=======================>......] - ETA: 1s - batch_cost: 0.0196 - reader cost: 1.2648e-04
286/348 [=======================>......] - ETA: 1s - batch_cost: 0.0196 - reader cost: 1.2515e-04
289/348 [=======================>......] - ETA: 1s - batch_cost: 0.0196 - reader cost: 1.2731e-04
292/348 [========================>.....] - ETA: 1s - batch_cost: 0.0196 - reader cost: 1.2600e-04
295/348 [========================>.....] - ETA: 1s - batch_cost: 0.0196 - reader cost: 1.2472e-04
298/348 [========================>.....] - ETA: 0s - batch_cost: 0.0196 - reader cost: 1.2346e-04
301/348 [========================>.....] - ETA: 0s - batch_cost: 0.0196 - reader cost: 1.2223e-04
304/348 [=========================>....] - ETA: 0s - batch_cost: 0.0196 - reader cost: 1.2103e-04
307/348 [=========================>....] - ETA: 0s - batch_cost: 0.0196 - reader cost: 1.1985e-04
310/348 [=========================>....] - ETA: 0s - batch_cost: 0.0196 - reader cost: 1.1869e-04
313/348 [=========================>....] - ETA: 0s - batch_cost: 0.0196 - reader cost: 1.1755e-04
316/348 [==========================>...] - ETA: 0s - batch_cost: 0.0197 - reader cost: 1.1643e-04
319/348 [==========================>...] - ETA: 0s - batch_cost: 0.0197 - reader cost: 1.1534e-04
322/348 [==========================>...] - ETA: 0s - batch_cost: 0.0197 - reader cost: 1.1426e-04
325/348 [===========================>..] - ETA: 0s - batch_cost: 0.0197 - reader cost: 1.1321e-04
328/348 [===========================>..] - ETA: 0s - batch_cost: 0.0197 - reader cost: 1.1217e-04
331/348 [===========================>..] - ETA: 0s - batch_cost: 0.0197 - reader cost: 1.1719e-04
334/348 [===========================>..] - ETA: 0s - batch_cost: 0.0197 - reader cost: 1.1916e-04
337/348 [============================>.] - ETA: 0s - batch_cost: 0.0197 - reader cost: 1.1810e-04
340/348 [============================>.] - ETA: 0s - batch_cost: 0.0197 - reader cost: 1.1705e-04
343/348 [============================>.] - ETA: 0s - batch_cost: 0.0197 - reader cost: 1.1603e-04
347/348 [============================>.] - ETA: 0s - batch_cost: 0.0196 - reader cost: 1.1469e-04
348/348 [==============================] - 7s 20ms/step - batch_cost: 0.0196 - reader cost: 1.1436e-04
[2026/10/07 12:39:41] INFO: [EVAL] #Images: 348 mIoU: 0.8146 Acc: 0.9772 Kappa: 0.7781 Dice: 0.8890
[2026/10/07 12:39:41] INFO: [EVAL] Class IoU: 
[0.9762 0.6531]
[2026/10/07 12:39:41] INFO: [EVAL] Class Precision: 
[0.9858 0.8218]
[2026/10/07 12:39:41] INFO: [EVAL] Class Recall: 
[0.9901 0.7609]
[2026/10/07 12:39:41] INFO: [EVAL] The model with the best validation mIoU (0.8096) was saved at iter 8000.
[2026/10/07 12:39:41] INFO: [EVAL] The EMA model with the best validation mIoU (0.8146) was saved at iter 10000.
[2026/10/07 12:39:42] INFO: [TRAIN] epoch: 22, iter: 10010/18000, loss: 2.6483, lr: 0.000027, batch_cost: 0.1053, reader_cost: 0.00030, ips: 37.9914 samples/sec, max_mem_reserved: 922 MB, max_mem_allocated: 673 MB | ETA 00:14:01
[2026/10/07 12:39:44] INFO: [TRAIN] epoch: 22, iter: 10020/18000, loss: 2.9798, lr: 0.000027, batch_cost: 0.1019, reader_cost: 0.00010, ips: 39.2526 samples/sec, max_mem_reserved: 922 MB, max_mem_allocated: 673 MB | ETA 00:13:33
[2026/10/07 12:39:45] INFO: [TRAIN] epoch: 22, iter: 10030/18000, loss: 2.8616, lr: 0.000027, batch_cost: 0.1016, reader_cost: 0.00000, ips: 39.3761 samples/sec, max_mem_reserved: 922 MB, max_mem_allocated: 673 MB | ETA 00:13:29
[2026/10/07 12:39:46] INFO: [TRAIN] epoch: 22, iter: 10040/18000, loss: 2.8334, lr: 0.000027, batch_cost: 0.1006, reader_cost: 0.00010, ips: 39.7544 samples/sec, max_mem_reserved: 922 MB, max_mem_allocated: 673 MB | ETA 00:13:20
[2026/10/07 12:39:48] INFO: [TRAIN] epoch: 22, iter: 10050/18000, loss: 2.9384, lr: 0.000027, batch_cost: 0.1065, reader_cost: 0.00000, ips: 37.5618 samples/sec, max_mem_reserved: 922 MB, max_mem_allocated: 673 MB | ETA 00:14:06
[2026/10/07 12:39:49] INFO: [TRAIN] epoch: 22, iter: 10060/18000, loss: 2.9222, lr: 0.000026, batch_cost: 0.1047, reader_cost: 0.00010, ips: 38.1946 samples/sec, max_mem_reserved: 922 MB, max_mem_allocated: 673 MB | ETA 00:13:51
[2026/10/07 12:39:51] INFO: [TRAIN] epoch: 22, iter: 10070/18000, loss: 3.2007, lr: 0.000026, batch_cost: 0.1044, reader_cost: 0.00000, ips: 38.3072 samples/sec, max_mem_reserved: 922 MB, max_mem_allocated: 673 MB | ETA 00:13:48
[2026/10/07 12:39:52] INFO: [TRAIN] epoch: 22, iter: 10080/18000, loss: 2.8770, lr: 0.000026, batch_cost: 0.1048, reader_cost: 0.00000, ips: 38.1716 samples/sec, max_mem_reserved: 922 MB, max_mem_allocated: 673 MB | ETA 00:13:49
[2026/10/07 12:39:53] INFO: [TRAIN] epoch: 22, iter: 10090/18000, loss: 3.0702, lr: 0.000026, batch_cost: 0.1023, reader_cost: 0.00000, ips: 39.0976 samples/sec, max_mem_reserved: 922 MB, max_mem_allocated: 673 MB | ETA 00:13:29
[2026/10/07 12:39:55] INFO: [TRAIN] epoch: 22, iter: 10100/18000, loss: 2.9488, lr: 0.000026, batch_cost: 0.1028, reader_cost: 0.00020, ips: 38.9023 samples/sec, max_mem_reserved: 922 MB, max_mem_allocated: 673 MB | ETA 00:13:32
[2026/10/07 12:39:56] INFO: [TRAIN] epoch: 22, iter: 10110/18000, loss: 3.1076, lr: 0.000026, batch_cost: 0.1036, reader_cost: 0.00000, ips: 38.6196 samples/sec, max_mem_reserved: 922 MB, max_mem_allocated: 673 MB | ETA 00:13:37
[2026/10/07 12:39:57] INFO: [TRAIN] epoch: 22, iter: 10120/18000, loss: 2.9604, lr: 0.000026, batch_cost: 0.1035, reader_cost: 0.00000, ips: 38.6613 samples/sec, max_mem_reserved: 922 MB, max_mem_allocated: 673 MB | ETA 00:13:35
[2026/10/07 12:39:59] INFO: [TRAIN] epoch: 22, iter: 10130/18000, loss: 2.9470, lr: 0.000026, batch_cost: 0.1043, reader_cost: 0.00000, ips: 38.3498 samples/sec, max_mem_reserved: 922 MB, max_mem_allocated: 673 MB | ETA 00:13:40
[2026/10/07 12:40:00] INFO: [TRAIN] epoch: 22, iter: 10140/18000, loss: 3.0898, lr: 0.000026, batch_cost: 0.1026, reader_cost: 0.00010, ips: 38.9974 samples/sec, max_mem_reserved: 922 MB, max_mem_allocated: 673 MB | ETA 00:13:26
[2026/10/07 12:40:01] INFO: [TRAIN] epoch: 22, iter: 10150/18000, loss: 3.0572, lr: 0.000026, batch_cost: 0.1026, reader_cost: 0.00010, ips: 38.9938 samples/sec, max_mem_reserved: 922 MB, max_mem_allocated: 673 MB | ETA 00:13:25
[2026/10/07 12:40:03] INFO: [TRAIN] epoch: 22, iter: 10160/18000, loss: 2.9185, lr: 0.000026, batch_cost: 0.1052, reader_cost: 0.00010, ips: 38.0091 samples/sec, max_mem_reserved: 922 MB, max_mem_allocated: 673 MB | ETA 00:13:45
[2026/10/07 12:40:04] INFO: [TRAIN] epoch: 22, iter: 10170/18000, loss: 2.7358, lr: 0.000026, batch_cost: 0.1047, reader_cost: 0.00010, ips: 38.2002 samples/sec, max_mem_reserved: 922 MB, max_mem_allocated: 673 MB | ETA 00:13:39
[2026/10/07 12:40:06] INFO: [TRAIN] epoch: 22, iter: 10180/18000, loss: 3.1473, lr: 0.000026, batch_cost: 0.1080, reader_cost: 0.00000, ips: 37.0320 samples/sec, max_mem_reserved: 922 MB, max_mem_allocated: 673 MB | ETA 00:14:04
[2026/10/07 12:40:07] INFO: [TRAIN] epoch: 22, iter: 10190/18000, loss: 3.1207, lr: 0.000026, batch_cost: 0.1055, reader_cost: 0.00000, ips: 37.9043 samples/sec, max_mem_reserved: 922 MB, max_mem_allocated: 673 MB | ETA 00:13:44
[2026/10/07 12:40:08] INFO: [TRAIN] epoch: 22, iter: 10200/18000, loss: 3.1934, lr: 0.000026, batch_cost: 0.1058, reader_cost: 0.00015, ips: 37.7988 samples/sec, max_mem_reserved: 922 MB, max_mem_allocated: 673 MB | ETA 00:13:45
[2026/10/07 12:40:10] INFO: [TRAIN] epoch: 22, iter: 10210/18000, loss: 3.5172, lr: 0.000026, batch_cost: 0.1043, reader_cost: 0.00004, ips: 38.3521 samples/sec, max_mem_reserved: 922 MB, max_mem_allocated: 673 MB | ETA 00:13:32
[2026/10/07 12:40:11] INFO: [TRAIN] epoch: 22, iter: 10220/18000, loss: 3.0467, lr: 0.000026, batch_cost: 0.1040, reader_cost: 0.00010, ips: 38.4763 samples/sec, max_mem_reserved: 922 MB, max_mem_allocated: 673 MB | ETA 00:13:28
[2026/10/07 12:40:12] INFO: [TRAIN] epoch: 22, iter: 10230/18000, loss: 2.9533, lr: 0.000026, batch_cost: 0.1049, reader_cost: 0.00015, ips: 38.1445 samples/sec, max_mem_reserved: 922 MB, max_mem_allocated: 673 MB | ETA 00:13:34
[2026/10/07 12:40:14] INFO: [TRAIN] epoch: 22, iter: 10240/18000, loss: 2.6937, lr: 0.000026, batch_cost: 0.1023, reader_cost: 0.00020, ips: 39.0885 samples/sec, max_mem_reserved: 922 MB, max_mem_allocated: 673 MB | ETA 00:13:14
[2026/10/07 12:40:15] INFO: [TRAIN] epoch: 22, iter: 10250/18000, loss: 2.6103, lr: 0.000026, batch_cost: 0.1027, reader_cost: 0.00010, ips: 38.9534 samples/sec, max_mem_reserved: 922 MB, max_mem_allocated: 673 MB | ETA 00:13:15
[2026/10/07 12:40:16] INFO: [TRAIN] epoch: 22, iter: 10260/18000, loss: 3.3046, lr: 0.000026, batch_cost: 0.1026, reader_cost: 0.00020, ips: 38.9833 samples/sec, max_mem_reserved: 922 MB, max_mem_allocated: 673 MB | ETA 00:13:14
[2026/10/07 12:40:18] INFO: [TRAIN] epoch: 22, iter: 10270/18000, loss: 2.9581, lr: 0.000026, batch_cost: 0.1030, reader_cost: 0.00006, ips: 38.8344 samples/sec, max_mem_reserved: 922 MB, max_mem_allocated: 673 MB | ETA 00:13:16
[2026/10/07 12:40:19] INFO: [TRAIN] epoch: 22, iter: 10280/18000, loss: 2.7422, lr: 0.000026, batch_cost: 0.1048, reader_cost: 0.00020, ips: 38.1499 samples/sec, max_mem_reserved: 922 MB, max_mem_allocated: 673 MB | ETA 00:13:29
[2026/10/07 12:40:21] INFO: [TRAIN] epoch: 22, iter: 10290/18000, loss: 3.4121, lr: 0.000026, batch_cost: 0.1032, reader_cost: 0.00010, ips: 38.7520 samples/sec, max_mem_reserved: 922 MB, max_mem_allocated: 673 MB | ETA 00:13:15
[2026/10/07 12:40:22] INFO: [TRAIN] epoch: 22, iter: 10300/18000, loss: 2.8774, lr: 0.000026, batch_cost: 0.1021, reader_cost: 0.00010, ips: 39.1615 samples/sec, max_mem_reserved: 922 MB, max_mem_allocated: 673 MB | ETA 00:13:06
[2026/10/07 12:40:23] INFO: [TRAIN] epoch: 22, iter: 10310/18000, loss: 3.0621, lr: 0.000026, batch_cost: 0.1039, reader_cost: 0.00020, ips: 38.5088 samples/sec, max_mem_reserved: 922 MB, max_mem_allocated: 673 MB | ETA 00:13:18
[2026/10/07 12:40:25] INFO: [TRAIN] epoch: 22, iter: 10320/18000, loss: 3.2470, lr: 0.000026, batch_cost: 0.1020, reader_cost: 0.00000, ips: 39.2281 samples/sec, max_mem_reserved: 922 MB, max_mem_allocated: 673 MB | ETA 00:13:03
[2026/10/07 12:40:26] INFO: [TRAIN] epoch: 22, iter: 10330/18000, loss: 3.1147, lr: 0.000026, batch_cost: 0.1026, reader_cost: 0.00000, ips: 39.0028 samples/sec, max_mem_reserved: 922 MB, max_mem_allocated: 673 MB | ETA 00:13:06
[2026/10/07 12:40:27] INFO: [TRAIN] epoch: 22, iter: 10340/18000, loss: 3.1199, lr: 0.000026, batch_cost: 0.1045, reader_cost: 0.00000, ips: 38.2881 samples/sec, max_mem_reserved: 922 MB, max_mem_allocated: 673 MB | ETA 00:13:20
[2026/10/07 12:40:29] INFO: [TRAIN] epoch: 22, iter: 10350/18000, loss: 2.8523, lr: 0.000026, batch_cost: 0.1037, reader_cost: 0.00000, ips: 38.5841 samples/sec, max_mem_reserved: 922 MB, max_mem_allocated: 673 MB | ETA 00:13:13
[2026/10/07 12:40:30] INFO: [TRAIN] epoch: 22, iter: 10360/18000, loss: 3.3270, lr: 0.000025, batch_cost: 0.1047, reader_cost: 0.00025, ips: 38.1975 samples/sec, max_mem_reserved: 922 MB, max_mem_allocated: 673 MB | ETA 00:13:20
[2026/10/07 12:40:31] INFO: [TRAIN] epoch: 22, iter: 10370/18000, loss: 2.7437, lr: 0.000025, batch_cost: 0.1039, reader_cost: 0.00030, ips: 38.4890 samples/sec, max_mem_reserved: 922 MB, max_mem_allocated: 673 MB | ETA 00:13:12
[2026/10/07 12:40:33] INFO: [TRAIN] epoch: 22, iter: 10380/18000, loss: 2.9721, lr: 0.000025, batch_cost: 0.1029, reader_cost: 0.00000, ips: 38.8626 samples/sec, max_mem_reserved: 922 MB, max_mem_allocated: 673 MB | ETA 00:13:04
[2026/10/07 12:40:34] INFO: [TRAIN] epoch: 22, iter: 10390/18000, loss: 3.3495, lr: 0.000025, batch_cost: 0.1018, reader_cost: 0.00010, ips: 39.2779 samples/sec, max_mem_reserved: 922 MB, max_mem_allocated: 673 MB | ETA 00:12:54
[2026/10/07 12:40:35] INFO: [TRAIN] epoch: 22, iter: 10400/18000, loss: 3.0795, lr: 0.000025, batch_cost: 0.1037, reader_cost: 0.00015, ips: 38.5704 samples/sec, max_mem_reserved: 922 MB, max_mem_allocated: 673 MB | ETA 00:13:08
[2026/10/07 12:40:37] INFO: [TRAIN] epoch: 22, iter: 10410/18000, loss: 3.0839, lr: 0.000025, batch_cost: 0.1051, reader_cost: 0.00000, ips: 38.0748 samples/sec, max_mem_reserved: 922 MB, max_mem_allocated: 673 MB | ETA 00:13:17
[2026/10/07 12:40:38] INFO: [TRAIN] epoch: 22, iter: 10420/18000, loss: 2.9672, lr: 0.000025, batch_cost: 0.1039, reader_cost: 0.00035, ips: 38.4819 samples/sec, max_mem_reserved: 922 MB, max_mem_allocated: 673 MB | ETA 00:13:07
[2026/10/07 12:40:40] INFO: [TRAIN] epoch: 23, iter: 10430/18000, loss: 2.8690, lr: 0.000025, batch_cost: 0.1010, reader_cost: 0.00715, ips: 39.5955 samples/sec, max_mem_reserved: 922 MB, max_mem_allocated: 673 MB | ETA 00:12:44
[2026/10/07 12:40:41] INFO: [TRAIN] epoch: 23, iter: 10440/18000, loss: 3.1156, lr: 0.000025, batch_cost: 0.1071, reader_cost: 0.00000, ips: 37.3348 samples/sec, max_mem_reserved: 922 MB, max_mem_allocated: 673 MB | ETA 00:13:29
[2026/10/07 12:40:42] INFO: [TRAIN] epoch: 23, iter: 10450/18000, loss: 3.4087, lr: 0.000025, batch_cost: 0.1025, reader_cost: 0.00000, ips: 39.0268 samples/sec, max_mem_reserved: 922 MB, max_mem_allocated: 673 MB | ETA 00:12:53
[2026/10/07 12:40:44] INFO: [TRAIN] epoch: 23, iter: 10460/18000, loss: 3.0367, lr: 0.000025, batch_cost: 0.1043, reader_cost: 0.00000, ips: 38.3651 samples/sec, max_mem_reserved: 922 MB, max_mem_allocated: 673 MB | ETA 00:13:06
[2026/10/07 12:40:45] INFO: [TRAIN] epoch: 23, iter: 10470/18000, loss: 2.9610, lr: 0.000025, batch_cost: 0.1063, reader_cost: 0.00010, ips: 37.6294 samples/sec, max_mem_reserved: 922 MB, max_mem_allocated: 673 MB | ETA 00:13:20
[2026/10/07 12:40:46] INFO: [TRAIN] epoch: 23, iter: 10480/18000, loss: 3.2453, lr: 0.000025, batch_cost: 0.1026, reader_cost: 0.00025, ips: 39.0033 samples/sec, max_mem_reserved: 922 MB, max_mem_allocated: 673 MB | ETA 00:12:51
[2026/10/07 12:40:48] INFO: [TRAIN] epoch: 23, iter: 10490/18000, loss: 2.8822, lr: 0.000025, batch_cost: 0.1033, reader_cost: 0.00010, ips: 38.7281 samples/sec, max_mem_reserved: 922 MB, max_mem_allocated: 673 MB | ETA 00:12:55
[2026/10/07 12:40:49] INFO: [TRAIN] epoch: 23, iter: 10500/18000, loss: 2.8015, lr: 0.000025, batch_cost: 0.1017, reader_cost: 0.00020, ips: 39.3166 samples/sec, max_mem_reserved: 922 MB, max_mem_allocated: 673 MB | ETA 00:12:43
[2026/10/07 12:40:50] INFO: [TRAIN] epoch: 23, iter: 10510/18000, loss: 2.9593, lr: 0.000025, batch_cost: 0.1023, reader_cost: 0.00010, ips: 39.0970 samples/sec, max_mem_reserved: 922 MB, max_mem_allocated: 673 MB | ETA 00:12:46
[2026/10/07 12:40:52] INFO: [TRAIN] epoch: 23, iter: 10520/18000, loss: 2.8678, lr: 0.000025, batch_cost: 0.1013, reader_cost: 0.00010, ips: 39.5032 samples/sec, max_mem_reserved: 922 MB, max_mem_allocated: 673 MB | ETA 00:12:37
[2026/10/07 12:40:53] INFO: [TRAIN] epoch: 23, iter: 10530/18000, loss: 3.1001, lr: 0.000025, batch_cost: 0.1018, reader_cost: 0.00010, ips: 39.3079 samples/sec, max_mem_reserved: 922 MB, max_mem_allocated: 673 MB | ETA 00:12:40
[2026/10/07 12:40:54] INFO: [TRAIN] epoch: 23, iter: 10540/18000, loss: 3.1581, lr: 0.000025, batch_cost: 0.1041, reader_cost: 0.00010, ips: 38.4157 samples/sec, max_mem_reserved: 922 MB, max_mem_allocated: 673 MB | ETA 00:12:56
[2026/10/07 12:40:56] INFO: [TRAIN] epoch: 23, iter: 10550/18000, loss: 3.0843, lr: 0.000025, batch_cost: 0.1049, reader_cost: 0.00010, ips: 38.1146 samples/sec, max_mem_reserved: 922 MB, max_mem_allocated: 673 MB | ETA 00:13:01
[2026/10/07 12:40:57] INFO: [TRAIN] epoch: 23, iter: 10560/18000, loss: 3.0394, lr: 0.000025, batch_cost: 0.1033, reader_cost: 0.00000, ips: 38.7256 samples/sec, max_mem_reserved: 922 MB, max_mem_allocated: 673 MB | ETA 00:12:48
[2026/10/07 12:40:59] INFO: [TRAIN] epoch: 23, iter: 10570/18000, loss: 2.8003, lr: 0.000025, batch_cost: 0.0995, reader_cost: 0.00010, ips: 40.2030 samples/sec, max_mem_reserved: 922 MB, max_mem_allocated: 673 MB | ETA 00:12:19
[2026/10/07 12:41:00] INFO: [TRAIN] epoch: 23, iter: 10580/18000, loss: 2.8669, lr: 0.000025, batch_cost: 0.1028, reader_cost: 0.00004, ips: 38.9043 samples/sec, max_mem_reserved: 922 MB, max_mem_allocated: 673 MB | ETA 00:12:42
[2026/10/07 12:41:01] INFO: [TRAIN] epoch: 23, iter: 10590/18000, loss: 3.0165, lr: 0.000025, batch_cost: 0.0982, reader_cost: 0.00000, ips: 40.7294 samples/sec, max_mem_reserved: 922 MB, max_mem_allocated: 673 MB | ETA 00:12:07
[2026/10/07 12:41:02] INFO: [TRAIN] epoch: 23, iter: 10600/18000, loss: 3.0451, lr: 0.000025, batch_cost: 0.0732, reader_cost: 0.00000, ips: 54.6760 samples/sec, max_mem_reserved: 922 MB, max_mem_allocated: 673 MB | ETA 00:09:01
[2026/10/07 12:41:03] INFO: [TRAIN] epoch: 23, iter: 10610/18000, loss: 3.1750, lr: 0.000025, batch_cost: 0.0661, reader_cost: 0.00000, ips: 60.4752 samples/sec, max_mem_reserved: 922 MB, max_mem_allocated: 673 MB | ETA 00:08:08
[2026/10/07 12:41:04] INFO: [TRAIN] epoch: 23, iter: 10620/18000, loss: 2.7790, lr: 0.000025, batch_cost: 0.0662, reader_cost: 0.00010, ips: 60.4215 samples/sec, max_mem_reserved: 922 MB, max_mem_allocated: 673 MB | ETA 00:08:08
[2026/10/07 12:41:05] INFO: [TRAIN] epoch: 23, iter: 10630/18000, loss: 3.4262, lr: 0.000025, batch_cost: 0.0691, reader_cost: 0.00000, ips: 57.8805 samples/sec, max_mem_reserved: 922 MB, max_mem_allocated: 673 MB | ETA 00:08:29
[2026/10/07 12:41:06] INFO: [TRAIN] epoch: 23, iter: 10640/18000, loss: 2.7605, lr: 0.000025, batch_cost: 0.0770, reader_cost: 0.00010, ips: 51.9363 samples/sec, max_mem_reserved: 922 MB, max_mem_allocated: 673 MB | ETA 00:09:26
[2026/10/07 12:41:07] INFO: [TRAIN] epoch: 23, iter: 10650/18000, loss: 2.7321, lr: 0.000025, batch_cost: 0.0966, reader_cost: 0.00010, ips: 41.4125 samples/sec, max_mem_reserved: 922 MB, max_mem_allocated: 673 MB | ETA 00:11:49
[2026/10/07 12:41:08] INFO: [TRAIN] epoch: 23, iter: 10660/18000, loss: 2.9718, lr: 0.000024, batch_cost: 0.0966, reader_cost: 0.00010, ips: 41.3922 samples/sec, max_mem_reserved: 922 MB, max_mem_allocated: 673 MB | ETA 00:11:49
[2026/10/07 12:41:09] INFO: [TRAIN] epoch: 23, iter: 10670/18000, loss: 2.9400, lr: 0.000024, batch_cost: 0.0982, reader_cost: 0.00010, ips: 40.7466 samples/sec, max_mem_reserved: 922 MB, max_mem_allocated: 673 MB | ETA 00:11:59
[2026/10/07 12:41:11] INFO: [TRAIN] epoch: 23, iter: 10680/18000, loss: 2.5664, lr: 0.000024, batch_cost: 0.1003, reader_cost: 0.00045, ips: 39.8924 samples/sec, max_mem_reserved: 922 MB, max_mem_allocated: 673 MB | ETA 00:12:13
[2026/10/07 12:41:12] INFO: [TRAIN] epoch: 23, iter: 10690/18000, loss: 2.8493, lr: 0.000024, batch_cost: 0.0984, reader_cost: 0.00007, ips: 40.6657 samples/sec, max_mem_reserved: 922 MB, max_mem_allocated: 673 MB | ETA 00:11:59
[2026/10/07 12:41:13] INFO: [TRAIN] epoch: 23, iter: 10700/18000, loss: 2.8197, lr: 0.000024, batch_cost: 0.0986, reader_cost: 0.00010, ips: 40.5632 samples/sec, max_mem_reserved: 922 MB, max_mem_allocated: 673 MB | ETA 00:11:59
[2026/10/07 12:41:15] INFO: [TRAIN] epoch: 23, iter: 10710/18000, loss: 3.2359, lr: 0.000024, batch_cost: 0.1008, reader_cost: 0.00012, ips: 39.6833 samples/sec, max_mem_reserved: 922 MB, max_mem_allocated: 673 MB | ETA 00:12:14
[2026/10/07 12:41:16] INFO: [TRAIN] epoch: 23, iter: 10720/18000, loss: 3.2789, lr: 0.000024, batch_cost: 0.1018, reader_cost: 0.00000, ips: 39.2845 samples/sec, max_mem_reserved: 922 MB, max_mem_allocated: 673 MB | ETA 00:12:21
[2026/10/07 12:41:17] INFO: [TRAIN] epoch: 23, iter: 10730/18000, loss: 2.9059, lr: 0.000024, batch_cost: 0.0984, reader_cost: 0.00000, ips: 40.6309 samples/sec, max_mem_reserved: 922 MB, max_mem_allocated: 673 MB | ETA 00:11:55
[2026/10/07 12:41:18] INFO: [TRAIN] epoch: 23, iter: 10740/18000, loss: 3.1132, lr: 0.000024, batch_cost: 0.0957, reader_cost: 0.00040, ips: 41.7800 samples/sec, max_mem_reserved: 922 MB, max_mem_allocated: 673 MB | ETA 00:11:35
[2026/10/07 12:41:20] INFO: [TRAIN] epoch: 23, iter: 10750/18000, loss: 2.9841, lr: 0.000024, batch_cost: 0.0960, reader_cost: 0.00010, ips: 41.6601 samples/sec, max_mem_reserved: 922 MB, max_mem_allocated: 673 MB | ETA 00:11:36
[2026/10/07 12:41:21] INFO: [TRAIN] epoch: 23, iter: 10760/18000, loss: 2.6668, lr: 0.000024, batch_cost: 0.0980, reader_cost: 0.00010, ips: 40.8304 samples/sec, max_mem_reserved: 922 MB, max_mem_allocated: 673 MB | ETA 00:11:49
[2026/10/07 12:41:22] INFO: [TRAIN] epoch: 23, iter: 10770/18000, loss: 2.8834, lr: 0.000024, batch_cost: 0.0999, reader_cost: 0.00021, ips: 40.0279 samples/sec, max_mem_reserved: 922 MB, max_mem_allocated: 673 MB | ETA 00:12:02
[2026/10/07 12:41:24] INFO: [TRAIN] epoch: 23, iter: 10780/18000, loss: 2.6915, lr: 0.000024, batch_cost: 0.0967, reader_cost: 0.00010, ips: 41.3859 samples/sec, max_mem_reserved: 922 MB, max_mem_allocated: 673 MB | ETA 00:11:37
[2026/10/07 12:41:25] INFO: [TRAIN] epoch: 23, iter: 10790/18000, loss: 3.1196, lr: 0.000024, batch_cost: 0.1004, reader_cost: 0.00005, ips: 39.8565 samples/sec, max_mem_reserved: 922 MB, max_mem_allocated: 673 MB | ETA 00:12:03
[2026/10/07 12:41:26] INFO: [TRAIN] epoch: 23, iter: 10800/18000, loss: 3.0532, lr: 0.000024, batch_cost: 0.0969, reader_cost: 0.00000, ips: 41.2591 samples/sec, max_mem_reserved: 922 MB, max_mem_allocated: 673 MB | ETA 00:11:38
[2026/10/07 12:41:27] INFO: [TRAIN] epoch: 23, iter: 10810/18000, loss: 3.0453, lr: 0.000024, batch_cost: 0.0973, reader_cost: 0.00005, ips: 41.1186 samples/sec, max_mem_reserved: 922 MB, max_mem_allocated: 673 MB | ETA 00:11:39
[2026/10/07 12:41:29] INFO: [TRAIN] epoch: 23, iter: 10820/18000, loss: 3.0326, lr: 0.000024, batch_cost: 0.0944, reader_cost: 0.00010, ips: 42.3744 samples/sec, max_mem_reserved: 922 MB, max_mem_allocated: 673 MB | ETA 00:11:17
[2026/10/07 12:41:30] INFO: [TRAIN] epoch: 23, iter: 10830/18000, loss: 3.3117, lr: 0.000024, batch_cost: 0.0971, reader_cost: 0.00010, ips: 41.1885 samples/sec, max_mem_reserved: 922 MB, max_mem_allocated: 673 MB | ETA 00:11:36
[2026/10/07 12:41:31] INFO: [TRAIN] epoch: 23, iter: 10840/18000, loss: 3.2500, lr: 0.000024, batch_cost: 0.1005, reader_cost: 0.00010, ips: 39.8132 samples/sec, max_mem_reserved: 922 MB, max_mem_allocated: 673 MB | ETA 00:11:59
[2026/10/07 12:41:33] INFO: [TRAIN] epoch: 23, iter: 10850/18000, loss: 2.9418, lr: 0.000024, batch_cost: 0.0982, reader_cost: 0.00020, ips: 40.7321 samples/sec, max_mem_reserved: 922 MB, max_mem_allocated: 673 MB | ETA 00:11:42
[2026/10/07 12:41:34] INFO: [TRAIN] epoch: 23, iter: 10860/18000, loss: 3.4459, lr: 0.000024, batch_cost: 0.1046, reader_cost: 0.00010, ips: 38.2469 samples/sec, max_mem_reserved: 922 MB, max_mem_allocated: 673 MB | ETA 00:12:26
[2026/10/07 12:41:35] INFO: [TRAIN] epoch: 23, iter: 10870/18000, loss: 3.0410, lr: 0.000024, batch_cost: 0.0981, reader_cost: 0.00000, ips: 40.7906 samples/sec, max_mem_reserved: 922 MB, max_mem_allocated: 673 MB | ETA 00:11:39
[2026/10/07 12:41:36] INFO: [TRAIN] epoch: 23, iter: 10880/18000, loss: 2.9491, lr: 0.000024, batch_cost: 0.0963, reader_cost: 0.00000, ips: 41.5347 samples/sec, max_mem_reserved: 922 MB, max_mem_allocated: 673 MB | ETA 00:11:25
[2026/10/07 12:41:38] INFO: [TRAIN] epoch: 23, iter: 10890/18000, loss: 2.9440, lr: 0.000024, batch_cost: 0.0974, reader_cost: 0.00030, ips: 41.0655 samples/sec, max_mem_reserved: 922 MB, max_mem_allocated: 673 MB | ETA 00:11:32
[2026/10/07 12:41:39] INFO: [TRAIN] epoch: 23, iter: 10900/18000, loss: 2.8350, lr: 0.000024, batch_cost: 0.0914, reader_cost: 0.00010, ips: 43.7867 samples/sec, max_mem_reserved: 922 MB, max_mem_allocated: 673 MB | ETA 00:10:48
[2026/10/07 12:41:40] INFO: [TRAIN] epoch: 24, iter: 10910/18000, loss: 3.2540, lr: 0.000024, batch_cost: 0.0956, reader_cost: 0.00594, ips: 41.8390 samples/sec, max_mem_reserved: 922 MB, max_mem_allocated: 673 MB | ETA 00:11:17
[2026/10/07 12:41:41] INFO: [TRAIN] epoch: 24, iter: 10920/18000, loss: 2.7136, lr: 0.000024, batch_cost: 0.0940, reader_cost: 0.00010, ips: 42.5535 samples/sec, max_mem_reserved: 922 MB, max_mem_allocated: 673 MB | ETA 00:11:05
[2026/10/07 12:41:43] INFO: [TRAIN] epoch: 24, iter: 10930/18000, loss: 3.0068, lr: 0.000024, batch_cost: 0.0909, reader_cost: 0.00000, ips: 44.0031 samples/sec, max_mem_reserved: 922 MB, max_mem_allocated: 673 MB | ETA 00:10:42
[2026/10/07 12:41:44] INFO: [TRAIN] epoch: 24, iter: 10940/18000, loss: 3.1717, lr: 0.000024, batch_cost: 0.0925, reader_cost: 0.00020, ips: 43.2359 samples/sec, max_mem_reserved: 922 MB, max_mem_allocated: 673 MB | ETA 00:10:53
[2026/10/07 12:41:45] INFO: [TRAIN] epoch: 24, iter: 10950/18000, loss: 2.7032, lr: 0.000024, batch_cost: 0.0913, reader_cost: 0.00000, ips: 43.7964 samples/sec, max_mem_reserved: 922 MB, max_mem_allocated: 673 MB | ETA 00:10:43
[2026/10/07 12:41:46] INFO: [TRAIN] epoch: 24, iter: 10960/18000, loss: 2.9809, lr: 0.000023, batch_cost: 0.0931, reader_cost: 0.00020, ips: 42.9421 samples/sec, max_mem_reserved: 922 MB, max_mem_allocated: 673 MB | ETA 00:10:55
[2026/10/07 12:41:47] INFO: [TRAIN] epoch: 24, iter: 10970/18000, loss: 3.0739, lr: 0.000023, batch_cost: 0.0938, reader_cost: 0.00010, ips: 42.6303 samples/sec, max_mem_reserved: 922 MB, max_mem_allocated: 673 MB | ETA 00:10:59
[2026/10/07 12:41:49] INFO: [TRAIN] epoch: 24, iter: 10980/18000, loss: 2.8313, lr: 0.000023, batch_cost: 0.0918, reader_cost: 0.00020, ips: 43.5759 samples/sec, max_mem_reserved: 922 MB, max_mem_allocated: 673 MB | ETA 00:10:44
[2026/10/07 12:41:50] INFO: [TRAIN] epoch: 24, iter: 10990/18000, loss: 3.1786, lr: 0.000023, batch_cost: 0.0948, reader_cost: 0.00000, ips: 42.1747 samples/sec, max_mem_reserved: 922 MB, max_mem_allocated: 673 MB | ETA 00:11:04
[2026/10/07 12:41:51] INFO: [TRAIN] epoch: 24, iter: 11000/18000, loss: 3.1450, lr: 0.000023, batch_cost: 0.0905, reader_cost: 0.00000, ips: 44.2136 samples/sec, max_mem_reserved: 922 MB, max_mem_allocated: 673 MB | ETA 00:10:33
[2026/10/07 12:41:51] INFO: Start evaluating (total_samples: 348, total_iters: 348)...

  1/348 [..............................] - ETA: 10s - batch_cost: 0.0309 - reader cost: 0.0134
  4/348 [..............................] - ETA: 7s - batch_cost: 0.0228 - reader cost: 0.0034 
  7/348 [..............................] - ETA: 7s - batch_cost: 0.0221 - reader cost: 0.0019
 10/348 [..............................] - ETA: 7s - batch_cost: 0.0208 - reader cost: 0.0013
 13/348 [>.............................] - ETA: 6s - batch_cost: 0.0206 - reader cost: 0.0010
 16/348 [>.............................] - ETA: 6s - batch_cost: 0.0200 - reader cost: 8.3967e-04
 20/348 [>.............................] - ETA: 6s - batch_cost: 0.0193 - reader cost: 6.7173e-04
 24/348 [=>............................] - ETA: 6s - batch_cost: 0.0188 - reader cost: 5.5978e-04
 27/348 [=>............................] - ETA: 6s - batch_cost: 0.0187 - reader cost: 5.3461e-04
 30/348 [=>............................] - ETA: 5s - batch_cost: 0.0187 - reader cost: 4.8115e-04
 33/348 [=>............................] - ETA: 5s - batch_cost: 0.0185 - reader cost: 4.3741e-04
 36/348 [==>...........................] - ETA: 5s - batch_cost: 0.0184 - reader cost: 4.0096e-04
 40/348 [==>...........................] - ETA: 5s - batch_cost: 0.0183 - reader cost: 3.6086e-04
 43/348 [==>...........................] - ETA: 5s - batch_cost: 0.0182 - reader cost: 3.3569e-04
 46/348 [==>...........................] - ETA: 5s - batch_cost: 0.0182 - reader cost: 3.1380e-04
 49/348 [===>..........................] - ETA: 5s - batch_cost: 0.0181 - reader cost: 2.9458e-04
 53/348 [===>..........................] - ETA: 5s - batch_cost: 0.0180 - reader cost: 2.7235e-04
 57/348 [===>..........................] - ETA: 5s - batch_cost: 0.0179 - reader cost: 2.5324e-04
 60/348 [====>.........................] - ETA: 5s - batch_cost: 0.0179 - reader cost: 2.4058e-04
 63/348 [====>.........................] - ETA: 5s - batch_cost: 0.0178 - reader cost: 2.2912e-04
 66/348 [====>.........................] - ETA: 5s - batch_cost: 0.0178 - reader cost: 2.1871e-04
 69/348 [====>.........................] - ETA: 4s - batch_cost: 0.0177 - reader cost: 2.0920e-04
 72/348 [=====>........................] - ETA: 4s - batch_cost: 0.0177 - reader cost: 2.0048e-04
 76/348 [=====>........................] - ETA: 4s - batch_cost: 0.0176 - reader cost: 1.8993e-04
 80/348 [=====>........................] - ETA: 4s - batch_cost: 0.0176 - reader cost: 1.8043e-04
 83/348 [======>.......................] - ETA: 4s - batch_cost: 0.0176 - reader cost: 1.7391e-04
 86/348 [======>.......................] - ETA: 4s - batch_cost: 0.0176 - reader cost: 1.6784e-04
 89/348 [======>.......................] - ETA: 4s - batch_cost: 0.0176 - reader cost: 1.7344e-04
 93/348 [=======>......................] - ETA: 4s - batch_cost: 0.0175 - reader cost: 1.7677e-04
 96/348 [=======>......................] - ETA: 4s - batch_cost: 0.0175 - reader cost: 1.8167e-04
 99/348 [=======>......................] - ETA: 4s - batch_cost: 0.0175 - reader cost: 1.7616e-04
103/348 [=======>......................] - ETA: 4s - batch_cost: 0.0174 - reader cost: 1.6932e-04
106/348 [========>.....................] - ETA: 4s - batch_cost: 0.0174 - reader cost: 1.6453e-04
109/348 [========>.....................] - ETA: 4s - batch_cost: 0.0174 - reader cost: 1.6000e-04
112/348 [========>.....................] - ETA: 4s - batch_cost: 0.0174 - reader cost: 1.5572e-04
115/348 [========>.....................] - ETA: 4s - batch_cost: 0.0175 - reader cost: 1.5165e-04
118/348 [=========>....................] - ETA: 4s - batch_cost: 0.0175 - reader cost: 1.6902e-04
121/348 [=========>....................] - ETA: 3s - batch_cost: 0.0175 - reader cost: 1.6483e-04
124/348 [=========>....................] - ETA: 3s - batch_cost: 0.0175 - reader cost: 1.6084e-04
127/348 [=========>....................] - ETA: 3s - batch_cost: 0.0175 - reader cost: 1.5704e-04
131/348 [==========>...................] - ETA: 3s - batch_cost: 0.0174 - reader cost: 1.5225e-04
134/348 [==========>...................] - ETA: 3s - batch_cost: 0.0174 - reader cost: 1.4884e-04
138/348 [==========>...................] - ETA: 3s - batch_cost: 0.0174 - reader cost: 1.4819e-04
141/348 [===========>..................] - ETA: 3s - batch_cost: 0.0174 - reader cost: 1.4504e-04
144/348 [===========>..................] - ETA: 3s - batch_cost: 0.0174 - reader cost: 1.4201e-04
147/348 [===========>..................] - ETA: 3s - batch_cost: 0.0174 - reader cost: 1.3912e-04
151/348 [============>.................] - ETA: 3s - batch_cost: 0.0174 - reader cost: 1.3543e-04
155/348 [============>.................] - ETA: 3s - batch_cost: 0.0174 - reader cost: 1.3194e-04
158/348 [============>.................] - ETA: 3s - batch_cost: 0.0174 - reader cost: 1.3570e-04
161/348 [============>.................] - ETA: 3s - batch_cost: 0.0174 - reader cost: 1.3946e-04
164/348 [=============>................] - ETA: 3s - batch_cost: 0.0174 - reader cost: 1.3691e-04
168/348 [=============>................] - ETA: 3s - batch_cost: 0.0174 - reader cost: 1.3960e-04
171/348 [=============>................] - ETA: 3s - batch_cost: 0.0174 - reader cost: 1.3715e-04
174/348 [==============>...............] - ETA: 3s - batch_cost: 0.0174 - reader cost: 1.3478e-04
177/348 [==============>...............] - ETA: 2s - batch_cost: 0.0174 - reader cost: 1.3250e-04
180/348 [==============>...............] - ETA: 2s - batch_cost: 0.0174 - reader cost: 1.3029e-04
183/348 [==============>...............] - ETA: 2s - batch_cost: 0.0175 - reader cost: 1.2815e-04
187/348 [===============>..............] - ETA: 2s - batch_cost: 0.0174 - reader cost: 1.2541e-04
190/348 [===============>..............] - ETA: 2s - batch_cost: 0.0174 - reader cost: 1.2343e-04
193/348 [===============>..............] - ETA: 2s - batch_cost: 0.0174 - reader cost: 1.2151e-04
196/348 [===============>..............] - ETA: 2s - batch_cost: 0.0174 - reader cost: 1.1965e-04
200/348 [================>.............] - ETA: 2s - batch_cost: 0.0174 - reader cost: 1.1726e-04
203/348 [================>.............] - ETA: 2s - batch_cost: 0.0174 - reader cost: 1.1553e-04
207/348 [================>.............] - ETA: 2s - batch_cost: 0.0174 - reader cost: 1.1330e-04
211/348 [=================>............] - ETA: 2s - batch_cost: 0.0174 - reader cost: 1.1115e-04
214/348 [=================>............] - ETA: 2s - batch_cost: 0.0174 - reader cost: 1.0959e-04
218/348 [=================>............] - ETA: 2s - batch_cost: 0.0173 - reader cost: 1.0758e-04
221/348 [==================>...........] - ETA: 2s - batch_cost: 0.0174 - reader cost: 1.0612e-04
224/348 [==================>...........] - ETA: 2s - batch_cost: 0.0174 - reader cost: 1.0470e-04
228/348 [==================>...........] - ETA: 2s - batch_cost: 0.0174 - reader cost: 1.0286e-04
231/348 [==================>...........] - ETA: 2s - batch_cost: 0.0174 - reader cost: 1.0153e-04
235/348 [===================>..........] - ETA: 1s - batch_cost: 0.0174 - reader cost: 9.9797e-05
239/348 [===================>..........] - ETA: 1s - batch_cost: 0.0173 - reader cost: 9.8127e-05
242/348 [===================>..........] - ETA: 1s - batch_cost: 0.0173 - reader cost: 9.6910e-05
245/348 [====================>.........] - ETA: 1s - batch_cost: 0.0173 - reader cost: 9.5724e-05
248/348 [====================>.........] - ETA: 1s - batch_cost: 0.0173 - reader cost: 9.4566e-05
251/348 [====================>.........] - ETA: 1s - batch_cost: 0.0173 - reader cost: 9.3435e-05
254/348 [====================>.........] - ETA: 1s - batch_cost: 0.0173 - reader cost: 9.2332e-05
257/348 [=====================>........] - ETA: 1s - batch_cost: 0.0173 - reader cost: 9.5146e-05
260/348 [=====================>........] - ETA: 1s - batch_cost: 0.0173 - reader cost: 9.4048e-05
263/348 [=====================>........] - ETA: 1s - batch_cost: 0.0173 - reader cost: 9.2975e-05
266/348 [=====================>........] - ETA: 1s - batch_cost: 0.0173 - reader cost: 9.1926e-05
270/348 [======================>.......] - ETA: 1s - batch_cost: 0.0173 - reader cost: 9.0565e-05
273/348 [======================>.......] - ETA: 1s - batch_cost: 0.0173 - reader cost: 8.9569e-05
276/348 [======================>.......] - ETA: 1s - batch_cost: 0.0174 - reader cost: 8.8596e-05
280/348 [=======================>......] - ETA: 1s - batch_cost: 0.0174 - reader cost: 8.7330e-05
283/348 [=======================>......] - ETA: 1s - batch_cost: 0.0174 - reader cost: 8.6404e-05
286/348 [=======================>......] - ETA: 1s - batch_cost: 0.0173 - reader cost: 8.7413e-05
289/348 [=======================>......] - ETA: 1s - batch_cost: 0.0174 - reader cost: 8.6506e-05
292/348 [========================>.....] - ETA: 0s - batch_cost: 0.0174 - reader cost: 8.5617e-05
295/348 [========================>.....] - ETA: 0s - batch_cost: 0.0174 - reader cost: 8.4746e-05
298/348 [========================>.....] - ETA: 0s - batch_cost: 0.0174 - reader cost: 8.3893e-05
301/348 [========================>.....] - ETA: 0s - batch_cost: 0.0174 - reader cost: 8.6378e-05
304/348 [=========================>....] - ETA: 0s - batch_cost: 0.0174 - reader cost: 8.8858e-05
307/348 [=========================>....] - ETA: 0s - batch_cost: 0.0174 - reader cost: 8.7990e-05
310/348 [=========================>....] - ETA: 0s - batch_cost: 0.0174 - reader cost: 8.7138e-05
313/348 [=========================>....] - ETA: 0s - batch_cost: 0.0174 - reader cost: 8.9497e-05
317/348 [==========================>...] - ETA: 0s - batch_cost: 0.0174 - reader cost: 8.8368e-05
320/348 [==========================>...] - ETA: 0s - batch_cost: 0.0174 - reader cost: 8.7539e-05
323/348 [==========================>...] - ETA: 0s - batch_cost: 0.0174 - reader cost: 8.6726e-05
327/348 [===========================>..] - ETA: 0s - batch_cost: 0.0174 - reader cost: 8.5665e-05
330/348 [===========================>..] - ETA: 0s - batch_cost: 0.0174 - reader cost: 8.4886e-05
333/348 [===========================>..] - ETA: 0s - batch_cost: 0.0174 - reader cost: 8.4122e-05
336/348 [===========================>..] - ETA: 0s - batch_cost: 0.0175 - reader cost: 8.3371e-05
339/348 [============================>.] - ETA: 0s - batch_cost: 0.0175 - reader cost: 8.2633e-05
342/348 [============================>.] - ETA: 0s - batch_cost: 0.0175 - reader cost: 8.1908e-05
346/348 [============================>.] - ETA: 0s - batch_cost: 0.0175 - reader cost: 8.0961e-05
348/348 [==============================] - 6s 18ms/step - batch_cost: 0.0174 - reader cost: 8.0496e-05
[2026/10/07 12:41:57] INFO: [EVAL] #Images: 348 mIoU: 0.8102 Acc: 0.9771 Kappa: 0.7716 Dice: 0.8858
[2026/10/07 12:41:57] INFO: [EVAL] Class IoU: 
[0.9761 0.6442]
[2026/10/07 12:41:57] INFO: [EVAL] Class Precision: 
[0.9842 0.8405]
[2026/10/07 12:41:57] INFO: [EVAL] Class Recall: 
[0.9917 0.7339]
[2026/10/07 12:41:57] INFO: Start evaluating (total_samples: 348, total_iters: 348)...

  1/348 [..............................] - ETA: 10s - batch_cost: 0.0300 - reader cost: 0.0120
  4/348 [..............................] - ETA: 7s - batch_cost: 0.0231 - reader cost: 0.0030 
  7/348 [..............................] - ETA: 7s - batch_cost: 0.0208 - reader cost: 0.0017
 11/348 [..............................] - ETA: 6s - batch_cost: 0.0193 - reader cost: 0.0011
 14/348 [>.............................] - ETA: 6s - batch_cost: 0.0189 - reader cost: 8.5751e-04
 17/348 [>.............................] - ETA: 6s - batch_cost: 0.0187 - reader cost: 7.0618e-04
 20/348 [>.............................] - ETA: 6s - batch_cost: 0.0185 - reader cost: 6.0025e-04
 23/348 [>.............................] - ETA: 6s - batch_cost: 0.0185 - reader cost: 5.2196e-04
 26/348 [=>............................] - ETA: 5s - batch_cost: 0.0184 - reader cost: 4.6173e-04
 30/348 [=>............................] - ETA: 5s - batch_cost: 0.0181 - reader cost: 4.0017e-04
 34/348 [=>............................] - ETA: 5s - batch_cost: 0.0179 - reader cost: 3.5309e-04
 38/348 [==>...........................] - ETA: 5s - batch_cost: 0.0178 - reader cost: 3.1592e-04
 41/348 [==>...........................] - ETA: 5s - batch_cost: 0.0178 - reader cost: 2.9281e-04
 44/348 [==>...........................] - ETA: 5s - batch_cost: 0.0179 - reader cost: 2.7284e-04
 47/348 [===>..........................] - ETA: 5s - batch_cost: 0.0179 - reader cost: 2.5543e-04
 50/348 [===>..........................] - ETA: 5s - batch_cost: 0.0179 - reader cost: 2.7164e-04
 53/348 [===>..........................] - ETA: 5s - batch_cost: 0.0180 - reader cost: 2.7526e-04
 56/348 [===>..........................] - ETA: 5s - batch_cost: 0.0181 - reader cost: 2.7838e-04
 59/348 [====>.........................] - ETA: 5s - batch_cost: 0.0181 - reader cost: 2.6422e-04
 62/348 [====>.........................] - ETA: 5s - batch_cost: 0.0181 - reader cost: 2.5144e-04
 65/348 [====>.........................] - ETA: 5s - batch_cost: 0.0181 - reader cost: 2.3983e-04
 68/348 [====>.........................] - ETA: 5s - batch_cost: 0.0182 - reader cost: 2.2925e-04
 71/348 [=====>........................] - ETA: 5s - batch_cost: 0.0182 - reader cost: 2.3393e-04
 74/348 [=====>........................] - ETA: 5s - batch_cost: 0.0182 - reader cost: 2.2444e-04
 77/348 [=====>........................] - ETA: 4s - batch_cost: 0.0182 - reader cost: 2.1570e-04
 81/348 [=====>........................] - ETA: 4s - batch_cost: 0.0181 - reader cost: 2.0505e-04
 84/348 [======>.......................] - ETA: 4s - batch_cost: 0.0181 - reader cost: 1.9772e-04
 87/348 [======>.......................] - ETA: 4s - batch_cost: 0.0181 - reader cost: 1.9090e-04
 90/348 [======>.......................] - ETA: 4s - batch_cost: 0.0181 - reader cost: 1.8454e-04
 93/348 [=======>......................] - ETA: 4s - batch_cost: 0.0182 - reader cost: 1.7859e-04
 96/348 [=======>......................] - ETA: 4s - batch_cost: 0.0182 - reader cost: 1.7301e-04
 99/348 [=======>......................] - ETA: 4s - batch_cost: 0.0182 - reader cost: 1.6776e-04
102/348 [=======>......................] - ETA: 4s - batch_cost: 0.0182 - reader cost: 1.7270e-04
105/348 [========>.....................] - ETA: 4s - batch_cost: 0.0182 - reader cost: 1.6776e-04
108/348 [========>.....................] - ETA: 4s - batch_cost: 0.0182 - reader cost: 1.6793e-04
111/348 [========>.....................] - ETA: 4s - batch_cost: 0.0182 - reader cost: 1.6339e-04
114/348 [========>.....................] - ETA: 4s - batch_cost: 0.0181 - reader cost: 1.7049e-04
117/348 [=========>....................] - ETA: 4s - batch_cost: 0.0181 - reader cost: 1.6612e-04
121/348 [=========>....................] - ETA: 4s - batch_cost: 0.0181 - reader cost: 1.6063e-04
124/348 [=========>....................] - ETA: 4s - batch_cost: 0.0181 - reader cost: 1.5674e-04
127/348 [=========>....................] - ETA: 4s - batch_cost: 0.0181 - reader cost: 1.5304e-04
130/348 [==========>...................] - ETA: 3s - batch_cost: 0.0181 - reader cost: 1.4950e-04
133/348 [==========>...................] - ETA: 3s - batch_cost: 0.0182 - reader cost: 1.4613e-04
136/348 [==========>...................] - ETA: 3s - batch_cost: 0.0182 - reader cost: 1.4291e-04
139/348 [==========>...................] - ETA: 3s - batch_cost: 0.0182 - reader cost: 1.4695e-04
142/348 [===========>..................] - ETA: 3s - batch_cost: 0.0182 - reader cost: 1.4385e-04
145/348 [===========>..................] - ETA: 3s - batch_cost: 0.0182 - reader cost: 1.4087e-04
148/348 [===========>..................] - ETA: 3s - batch_cost: 0.0182 - reader cost: 1.3802e-04
151/348 [============>.................] - ETA: 3s - batch_cost: 0.0183 - reader cost: 1.3527e-04
154/348 [============>.................] - ETA: 3s - batch_cost: 0.0183 - reader cost: 1.3912e-04
157/348 [============>.................] - ETA: 3s - batch_cost: 0.0183 - reader cost: 1.3646e-04
160/348 [============>.................] - ETA: 3s - batch_cost: 0.0183 - reader cost: 1.3390e-04
163/348 [=============>................] - ETA: 3s - batch_cost: 0.0183 - reader cost: 1.3144e-04
166/348 [=============>................] - ETA: 3s - batch_cost: 0.0183 - reader cost: 1.3508e-04
169/348 [=============>................] - ETA: 3s - batch_cost: 0.0184 - reader cost: 1.3269e-04
172/348 [=============>................] - ETA: 3s - batch_cost: 0.0184 - reader cost: 1.3037e-04
175/348 [==============>...............] - ETA: 3s - batch_cost: 0.0184 - reader cost: 1.2814e-04
178/348 [==============>...............] - ETA: 3s - batch_cost: 0.0184 - reader cost: 1.2598e-04
181/348 [==============>...............] - ETA: 3s - batch_cost: 0.0183 - reader cost: 1.2389e-04
184/348 [==============>...............] - ETA: 3s - batch_cost: 0.0183 - reader cost: 1.2187e-04
187/348 [===============>..............] - ETA: 2s - batch_cost: 0.0183 - reader cost: 1.2530e-04
190/348 [===============>..............] - ETA: 2s - batch_cost: 0.0183 - reader cost: 1.2332e-04
193/348 [===============>..............] - ETA: 2s - batch_cost: 0.0183 - reader cost: 1.2140e-04
196/348 [===============>..............] - ETA: 2s - batch_cost: 0.0183 - reader cost: 1.1954e-04
199/348 [================>.............] - ETA: 2s - batch_cost: 0.0183 - reader cost: 1.1774e-04
202/348 [================>.............] - ETA: 2s - batch_cost: 0.0183 - reader cost: 1.1599e-04
205/348 [================>.............] - ETA: 2s - batch_cost: 0.0183 - reader cost: 1.1919e-04
208/348 [================>.............] - ETA: 2s - batch_cost: 0.0183 - reader cost: 1.2227e-04
211/348 [=================>............] - ETA: 2s - batch_cost: 0.0183 - reader cost: 1.2053e-04
214/348 [=================>............] - ETA: 2s - batch_cost: 0.0183 - reader cost: 1.1884e-04
217/348 [=================>............] - ETA: 2s - batch_cost: 0.0183 - reader cost: 1.2176e-04
220/348 [=================>............] - ETA: 2s - batch_cost: 0.0183 - reader cost: 1.2010e-04
223/348 [==================>...........] - ETA: 2s - batch_cost: 0.0183 - reader cost: 1.1848e-04
226/348 [==================>...........] - ETA: 2s - batch_cost: 0.0183 - reader cost: 1.1691e-04
229/348 [==================>...........] - ETA: 2s - batch_cost: 0.0183 - reader cost: 1.1979e-04
232/348 [===================>..........] - ETA: 2s - batch_cost: 0.0182 - reader cost: 1.1824e-04
235/348 [===================>..........] - ETA: 2s - batch_cost: 0.0182 - reader cost: 1.1673e-04
238/348 [===================>..........] - ETA: 2s - batch_cost: 0.0182 - reader cost: 1.1526e-04
241/348 [===================>..........] - ETA: 1s - batch_cost: 0.0182 - reader cost: 1.1383e-04
244/348 [====================>.........] - ETA: 1s - batch_cost: 0.0182 - reader cost: 1.1243e-04
247/348 [====================>.........] - ETA: 1s - batch_cost: 0.0182 - reader cost: 1.1106e-04
250/348 [====================>.........] - ETA: 1s - batch_cost: 0.0182 - reader cost: 1.0973e-04
253/348 [====================>.........] - ETA: 1s - batch_cost: 0.0182 - reader cost: 1.0843e-04
256/348 [=====================>........] - ETA: 1s - batch_cost: 0.0182 - reader cost: 1.0716e-04
259/348 [=====================>........] - ETA: 1s - batch_cost: 0.0182 - reader cost: 1.0591e-04
262/348 [=====================>........] - ETA: 1s - batch_cost: 0.0182 - reader cost: 1.0470e-04
265/348 [=====================>........] - ETA: 1s - batch_cost: 0.0182 - reader cost: 1.0352e-04
268/348 [======================>.......] - ETA: 1s - batch_cost: 0.0182 - reader cost: 1.0236e-04
271/348 [======================>.......] - ETA: 1s - batch_cost: 0.0182 - reader cost: 1.0122e-04
274/348 [======================>.......] - ETA: 1s - batch_cost: 0.0183 - reader cost: 1.0380e-04
277/348 [======================>.......] - ETA: 1s - batch_cost: 0.0183 - reader cost: 1.0450e-04
280/348 [=======================>......] - ETA: 1s - batch_cost: 0.0183 - reader cost: 1.0338e-04
283/348 [=======================>......] - ETA: 1s - batch_cost: 0.0183 - reader cost: 1.0761e-04
286/348 [=======================>......] - ETA: 1s - batch_cost: 0.0183 - reader cost: 1.0998e-04
289/348 [=======================>......] - ETA: 1s - batch_cost: 0.0183 - reader cost: 1.0884e-04
292/348 [========================>.....] - ETA: 1s - batch_cost: 0.0183 - reader cost: 1.0772e-04
295/348 [========================>.....] - ETA: 0s - batch_cost: 0.0183 - reader cost: 1.0662e-04
298/348 [========================>.....] - ETA: 0s - batch_cost: 0.0183 - reader cost: 1.0555e-04
301/348 [========================>.....] - ETA: 0s - batch_cost: 0.0183 - reader cost: 1.0782e-04
304/348 [=========================>....] - ETA: 0s - batch_cost: 0.0183 - reader cost: 1.0676e-04
307/348 [=========================>....] - ETA: 0s - batch_cost: 0.0183 - reader cost: 1.0571e-04
310/348 [=========================>....] - ETA: 0s - batch_cost: 0.0183 - reader cost: 1.0791e-04
313/348 [=========================>....] - ETA: 0s - batch_cost: 0.0183 - reader cost: 1.0688e-04
317/348 [==========================>...] - ETA: 0s - batch_cost: 0.0183 - reader cost: 1.0553e-04
320/348 [==========================>...] - ETA: 0s - batch_cost: 0.0183 - reader cost: 1.0454e-04
324/348 [==========================>...] - ETA: 0s - batch_cost: 0.0183 - reader cost: 1.0325e-04
327/348 [===========================>..] - ETA: 0s - batch_cost: 0.0183 - reader cost: 1.0537e-04
330/348 [===========================>..] - ETA: 0s - batch_cost: 0.0183 - reader cost: 1.1045e-04
333/348 [===========================>..] - ETA: 0s - batch_cost: 0.0183 - reader cost: 1.0945e-04
336/348 [===========================>..] - ETA: 0s - batch_cost: 0.0183 - reader cost: 1.0847e-04
339/348 [============================>.] - ETA: 0s - batch_cost: 0.0183 - reader cost: 1.1046e-04
342/348 [============================>.] - ETA: 0s - batch_cost: 0.0182 - reader cost: 1.1242e-04
346/348 [============================>.] - ETA: 0s - batch_cost: 0.0182 - reader cost: 1.1112e-04
348/348 [==============================] - 6s 18ms/step - batch_cost: 0.0182 - reader cost: 1.1048e-04
[2026/10/07 12:42:04] INFO: [EVAL] #Images: 348 mIoU: 0.8151 Acc: 0.9772 Kappa: 0.7788 Dice: 0.8894
[2026/10/07 12:42:04] INFO: [EVAL] Class IoU: 
[0.9762 0.654 ]
[2026/10/07 12:42:04] INFO: [EVAL] Class Precision: 
[0.9858 0.8215]
[2026/10/07 12:42:04] INFO: [EVAL] Class Recall: 
[0.9901 0.7623]
[2026/10/07 12:42:04] INFO: [EVAL] The model with the best validation mIoU (0.8102) was saved at iter 11000.
[2026/10/07 12:42:04] INFO: [EVAL] The EMA model with the best validation mIoU (0.8151) was saved at iter 11000.
[2026/10/07 12:42:05] INFO: [TRAIN] epoch: 24, iter: 11010/18000, loss: 3.0309, lr: 0.000023, batch_cost: 0.0974, reader_cost: 0.00000, ips: 41.0802 samples/sec, max_mem_reserved: 922 MB, max_mem_allocated: 673 MB | ETA 00:11:20
[2026/10/07 12:42:06] INFO: [TRAIN] epoch: 24, iter: 11020/18000, loss: 3.0062, lr: 0.000023, batch_cost: 0.0954, reader_cost: 0.00000, ips: 41.9442 samples/sec, max_mem_reserved: 922 MB, max_mem_allocated: 673 MB | ETA 00:11:05
[2026/10/07 12:42:08] INFO: [TRAIN] epoch: 24, iter: 11030/18000, loss: 2.9106, lr: 0.000023, batch_cost: 0.0984, reader_cost: 0.00010, ips: 40.6488 samples/sec, max_mem_reserved: 922 MB, max_mem_allocated: 673 MB | ETA 00:11:25
[2026/10/07 12:42:09] INFO: [TRAIN] epoch: 24, iter: 11040/18000, loss: 2.7668, lr: 0.000023, batch_cost: 0.0987, reader_cost: 0.00010, ips: 40.5104 samples/sec, max_mem_reserved: 922 MB, max_mem_allocated: 673 MB | ETA 00:11:27
[2026/10/07 12:42:10] INFO: [TRAIN] epoch: 24, iter: 11050/18000, loss: 2.7042, lr: 0.000023, batch_cost: 0.1005, reader_cost: 0.00000, ips: 39.8069 samples/sec, max_mem_reserved: 922 MB, max_mem_allocated: 673 MB | ETA 00:11:38
[2026/10/07 12:42:11] INFO: [TRAIN] epoch: 24, iter: 11060/18000, loss: 3.3341, lr: 0.000023, batch_cost: 0.0947, reader_cost: 0.00000, ips: 42.2484 samples/sec, max_mem_reserved: 922 MB, max_mem_allocated: 673 MB | ETA 00:10:57
[2026/10/07 12:42:13] INFO: [TRAIN] epoch: 24, iter: 11070/18000, loss: 2.8805, lr: 0.000023, batch_cost: 0.1010, reader_cost: 0.00020, ips: 39.6080 samples/sec, max_mem_reserved: 922 MB, max_mem_allocated: 673 MB | ETA 00:11:39
[2026/10/07 12:42:14] INFO: [TRAIN] epoch: 24, iter: 11080/18000, loss: 3.1158, lr: 0.000023, batch_cost: 0.1045, reader_cost: 0.00020, ips: 38.2824 samples/sec, max_mem_reserved: 922 MB, max_mem_allocated: 673 MB | ETA 00:12:03
[2026/10/07 12:42:15] INFO: [TRAIN] epoch: 24, iter: 11090/18000, loss: 3.2784, lr: 0.000023, batch_cost: 0.0992, reader_cost: 0.00000, ips: 40.3182 samples/sec, max_mem_reserved: 922 MB, max_mem_allocated: 673 MB | ETA 00:11:25
[2026/10/07 12:42:17] INFO: [TRAIN] epoch: 24, iter: 11100/18000, loss: 3.1350, lr: 0.000023, batch_cost: 0.1016, reader_cost: 0.00005, ips: 39.3597 samples/sec, max_mem_reserved: 922 MB, max_mem_allocated: 673 MB | ETA 00:11:41
[2026/10/07 12:42:18] INFO: [TRAIN] epoch: 24, iter: 11110/18000, loss: 3.0557, lr: 0.000023, batch_cost: 0.1042, reader_cost: 0.00000, ips: 38.3914 samples/sec, max_mem_reserved: 922 MB, max_mem_allocated: 673 MB | ETA 00:11:57
[2026/10/07 12:42:20] INFO: [TRAIN] epoch: 24, iter: 11120/18000, loss: 2.8695, lr: 0.000023, batch_cost: 0.1084, reader_cost: 0.00000, ips: 36.9067 samples/sec, max_mem_reserved: 922 MB, max_mem_allocated: 673 MB | ETA 00:12:25
[2026/10/07 12:42:21] INFO: [TRAIN] epoch: 24, iter: 11130/18000, loss: 3.0338, lr: 0.000023, batch_cost: 0.1019, reader_cost: 0.00000, ips: 39.2516 samples/sec, max_mem_reserved: 922 MB, max_mem_allocated: 673 MB | ETA 00:11:40
[2026/10/07 12:42:22] INFO: [TRAIN] epoch: 24, iter: 11140/18000, loss: 3.1071, lr: 0.000023, batch_cost: 0.0987, reader_cost: 0.00010, ips: 40.5467 samples/sec, max_mem_reserved: 922 MB, max_mem_allocated: 673 MB | ETA 00:11:16
[2026/10/07 12:42:23] INFO: [TRAIN] epoch: 24, iter: 11150/18000, loss: 3.0468, lr: 0.000023, batch_cost: 0.1032, reader_cost: 0.00010, ips: 38.7698 samples/sec, max_mem_reserved: 922 MB, max_mem_allocated: 673 MB | ETA 00:11:46
[2026/10/07 12:42:25] INFO: [TRAIN] epoch: 24, iter: 11160/18000, loss: 3.0225, lr: 0.000023, batch_cost: 0.1031, reader_cost: 0.00010, ips: 38.7993 samples/sec, max_mem_reserved: 922 MB, max_mem_allocated: 673 MB | ETA 00:11:45
[2026/10/07 12:42:26] INFO: [TRAIN] epoch: 24, iter: 11170/18000, loss: 2.9549, lr: 0.000023, batch_cost: 0.0984, reader_cost: 0.00010, ips: 40.6672 samples/sec, max_mem_reserved: 922 MB, max_mem_allocated: 673 MB | ETA 00:11:11
[2026/10/07 12:42:27] INFO: [TRAIN] epoch: 24, iter: 11180/18000, loss: 3.1822, lr: 0.000023, batch_cost: 0.0982, reader_cost: 0.00000, ips: 40.7473 samples/sec, max_mem_reserved: 922 MB, max_mem_allocated: 673 MB | ETA 00:11:09
[2026/10/07 12:42:29] INFO: [TRAIN] epoch: 24, iter: 11190/18000, loss: 3.0109, lr: 0.000023, batch_cost: 0.0967, reader_cost: 0.00000, ips: 41.3598 samples/sec, max_mem_reserved: 922 MB, max_mem_allocated: 673 MB | ETA 00:10:58
[2026/10/07 12:42:30] INFO: [TRAIN] epoch: 24, iter: 11200/18000, loss: 3.1393, lr: 0.000023, batch_cost: 0.0945, reader_cost: 0.00000, ips: 42.3406 samples/sec, max_mem_reserved: 922 MB, max_mem_allocated: 673 MB | ETA 00:10:42
[2026/10/07 12:42:31] INFO: [TRAIN] epoch: 24, iter: 11210/18000, loss: 3.1546, lr: 0.000023, batch_cost: 0.0732, reader_cost: 0.00010, ips: 54.6381 samples/sec, max_mem_reserved: 922 MB, max_mem_allocated: 673 MB | ETA 00:08:17
[2026/10/07 12:42:32] INFO: [TRAIN] epoch: 24, iter: 11220/18000, loss: 3.0517, lr: 0.000023, batch_cost: 0.0715, reader_cost: 0.00030, ips: 55.9465 samples/sec, max_mem_reserved: 922 MB, max_mem_allocated: 673 MB | ETA 00:08:04
[2026/10/07 12:42:33] INFO: [TRAIN] epoch: 24, iter: 11230/18000, loss: 2.7781, lr: 0.000023, batch_cost: 0.0670, reader_cost: 0.00000, ips: 59.7065 samples/sec, max_mem_reserved: 922 MB, max_mem_allocated: 673 MB | ETA 00:07:33
[2026/10/07 12:42:33] INFO: [TRAIN] epoch: 24, iter: 11240/18000, loss: 2.9498, lr: 0.000023, batch_cost: 0.0716, reader_cost: 0.00010, ips: 55.8580 samples/sec, max_mem_reserved: 922 MB, max_mem_allocated: 673 MB | ETA 00:08:04
[2026/10/07 12:42:34] INFO: [TRAIN] epoch: 24, iter: 11250/18000, loss: 3.1853, lr: 0.000023, batch_cost: 0.0724, reader_cost: 0.00020, ips: 55.2654 samples/sec, max_mem_reserved: 922 MB, max_mem_allocated: 673 MB | ETA 00:08:08
[2026/10/07 12:42:35] INFO: [TRAIN] epoch: 24, iter: 11260/18000, loss: 3.0878, lr: 0.000022, batch_cost: 0.0684, reader_cost: 0.00000, ips: 58.4552 samples/sec, max_mem_reserved: 922 MB, max_mem_allocated: 673 MB | ETA 00:07:41
[2026/10/07 12:42:36] INFO: [TRAIN] epoch: 24, iter: 11270/18000, loss: 2.9871, lr: 0.000022, batch_cost: 0.0724, reader_cost: 0.00020, ips: 55.2122 samples/sec, max_mem_reserved: 922 MB, max_mem_allocated: 673 MB | ETA 00:08:07
[2026/10/07 12:42:37] INFO: [TRAIN] epoch: 24, iter: 11280/18000, loss: 3.0566, lr: 0.000022, batch_cost: 0.0709, reader_cost: 0.00010, ips: 56.3841 samples/sec, max_mem_reserved: 922 MB, max_mem_allocated: 673 MB | ETA 00:07:56
[2026/10/07 12:42:38] INFO: [TRAIN] epoch: 24, iter: 11290/18000, loss: 3.1132, lr: 0.000022, batch_cost: 0.0698, reader_cost: 0.00000, ips: 57.2908 samples/sec, max_mem_reserved: 922 MB, max_mem_allocated: 673 MB | ETA 00:07:48
[2026/10/07 12:42:39] INFO: [TRAIN] epoch: 24, iter: 11300/18000, loss: 2.7699, lr: 0.000022, batch_cost: 0.0706, reader_cost: 0.00020, ips: 56.6336 samples/sec, max_mem_reserved: 922 MB, max_mem_allocated: 673 MB | ETA 00:07:53
[2026/10/07 12:42:40] INFO: [TRAIN] epoch: 24, iter: 11310/18000, loss: 2.8749, lr: 0.000022, batch_cost: 0.0800, reader_cost: 0.00030, ips: 50.0304 samples/sec, max_mem_reserved: 922 MB, max_mem_allocated: 673 MB | ETA 00:08:54
[2026/10/07 12:42:41] INFO: [TRAIN] epoch: 24, iter: 11320/18000, loss: 3.0362, lr: 0.000022, batch_cost: 0.0746, reader_cost: 0.00010, ips: 53.6253 samples/sec, max_mem_reserved: 922 MB, max_mem_allocated: 673 MB | ETA 00:08:18
[2026/10/07 12:42:41] INFO: [TRAIN] epoch: 24, iter: 11330/18000, loss: 3.0251, lr: 0.000022, batch_cost: 0.0689, reader_cost: 0.00010, ips: 58.0244 samples/sec, max_mem_reserved: 922 MB, max_mem_allocated: 673 MB | ETA 00:07:39
[2026/10/07 12:42:42] INFO: [TRAIN] epoch: 24, iter: 11340/18000, loss: 2.8660, lr: 0.000022, batch_cost: 0.0671, reader_cost: 0.00010, ips: 59.6399 samples/sec, max_mem_reserved: 922 MB, max_mem_allocated: 673 MB | ETA 00:07:26
[2026/10/07 12:42:43] INFO: [TRAIN] epoch: 24, iter: 11350/18000, loss: 2.8968, lr: 0.000022, batch_cost: 0.0689, reader_cost: 0.00000, ips: 58.0912 samples/sec, max_mem_reserved: 922 MB, max_mem_allocated: 673 MB | ETA 00:07:37
[2026/10/07 12:42:44] INFO: [TRAIN] epoch: 24, iter: 11360/18000, loss: 3.1649, lr: 0.000022, batch_cost: 0.0681, reader_cost: 0.00000, ips: 58.7127 samples/sec, max_mem_reserved: 922 MB, max_mem_allocated: 673 MB | ETA 00:07:32
[2026/10/07 12:42:45] INFO: [TRAIN] epoch: 24, iter: 11370/18000, loss: 2.7771, lr: 0.000022, batch_cost: 0.0689, reader_cost: 0.00000, ips: 58.0172 samples/sec, max_mem_reserved: 922 MB, max_mem_allocated: 673 MB | ETA 00:07:37
[2026/10/07 12:42:46] INFO: [TRAIN] epoch: 25, iter: 11380/18000, loss: 2.9271, lr: 0.000022, batch_cost: 0.0753, reader_cost: 0.00557, ips: 53.1298 samples/sec, max_mem_reserved: 922 MB, max_mem_allocated: 673 MB | ETA 00:08:18
[2026/10/07 12:42:47] INFO: [TRAIN] epoch: 25, iter: 11390/18000, loss: 2.9750, lr: 0.000022, batch_cost: 0.0691, reader_cost: 0.00015, ips: 57.9225 samples/sec, max_mem_reserved: 922 MB, max_mem_allocated: 673 MB | ETA 00:07:36
[2026/10/07 12:42:47] INFO: [TRAIN] epoch: 25, iter: 11400/18000, loss: 3.3330, lr: 0.000022, batch_cost: 0.0688, reader_cost: 0.00015, ips: 58.1024 samples/sec, max_mem_reserved: 922 MB, max_mem_allocated: 673 MB | ETA 00:07:34
[2026/10/07 12:42:48] INFO: [TRAIN] epoch: 25, iter: 11410/18000, loss: 2.8251, lr: 0.000022, batch_cost: 0.0685, reader_cost: 0.00020, ips: 58.3915 samples/sec, max_mem_reserved: 922 MB, max_mem_allocated: 673 MB | ETA 00:07:31
[2026/10/07 12:42:49] INFO: [TRAIN] epoch: 25, iter: 11420/18000, loss: 2.6994, lr: 0.000022, batch_cost: 0.0718, reader_cost: 0.00000, ips: 55.7360 samples/sec, max_mem_reserved: 922 MB, max_mem_allocated: 673 MB | ETA 00:07:52
[2026/10/07 12:42:50] INFO: [TRAIN] epoch: 25, iter: 11430/18000, loss: 3.5287, lr: 0.000022, batch_cost: 0.0691, reader_cost: 0.00010, ips: 57.8721 samples/sec, max_mem_reserved: 922 MB, max_mem_allocated: 673 MB | ETA 00:07:34
[2026/10/07 12:42:51] INFO: [TRAIN] epoch: 25, iter: 11440/18000, loss: 3.0879, lr: 0.000022, batch_cost: 0.0711, reader_cost: 0.00000, ips: 56.2272 samples/sec, max_mem_reserved: 922 MB, max_mem_allocated: 673 MB | ETA 00:07:46
[2026/10/07 12:42:52] INFO: [TRAIN] epoch: 25, iter: 11450/18000, loss: 2.9278, lr: 0.000022, batch_cost: 0.0690, reader_cost: 0.00000, ips: 57.9930 samples/sec, max_mem_reserved: 922 MB, max_mem_allocated: 673 MB | ETA 00:07:31
[2026/10/07 12:42:53] INFO: [TRAIN] epoch: 25, iter: 11460/18000, loss: 2.8088, lr: 0.000022, batch_cost: 0.0678, reader_cost: 0.00015, ips: 58.9706 samples/sec, max_mem_reserved: 922 MB, max_mem_allocated: 673 MB | ETA 00:07:23
[2026/10/07 12:42:53] INFO: [TRAIN] epoch: 25, iter: 11470/18000, loss: 3.1438, lr: 0.000022, batch_cost: 0.0687, reader_cost: 0.00000, ips: 58.1867 samples/sec, max_mem_reserved: 922 MB, max_mem_allocated: 673 MB | ETA 00:07:28
[2026/10/07 12:42:54] INFO: [TRAIN] epoch: 25, iter: 11480/18000, loss: 2.8934, lr: 0.000022, batch_cost: 0.0711, reader_cost: 0.00000, ips: 56.2965 samples/sec, max_mem_reserved: 922 MB, max_mem_allocated: 673 MB | ETA 00:07:43
[2026/10/07 12:42:55] INFO: [TRAIN] epoch: 25, iter: 11490/18000, loss: 3.0171, lr: 0.000022, batch_cost: 0.0660, reader_cost: 0.00000, ips: 60.5659 samples/sec, max_mem_reserved: 922 MB, max_mem_allocated: 673 MB | ETA 00:07:09
[2026/10/07 12:42:56] INFO: [TRAIN] epoch: 25, iter: 11500/18000, loss: 2.8592, lr: 0.000022, batch_cost: 0.0682, reader_cost: 0.00010, ips: 58.6301 samples/sec, max_mem_reserved: 922 MB, max_mem_allocated: 673 MB | ETA 00:07:23
[2026/10/07 12:42:57] INFO: [TRAIN] epoch: 25, iter: 11510/18000, loss: 2.9587, lr: 0.000022, batch_cost: 0.0691, reader_cost: 0.00000, ips: 57.8551 samples/sec, max_mem_reserved: 922 MB, max_mem_allocated: 673 MB | ETA 00:07:28
[2026/10/07 12:42:58] INFO: [TRAIN] epoch: 25, iter: 11520/18000, loss: 2.9265, lr: 0.000022, batch_cost: 0.0692, reader_cost: 0.00000, ips: 57.8405 samples/sec, max_mem_reserved: 922 MB, max_mem_allocated: 673 MB | ETA 00:07:28
[2026/10/07 12:42:58] INFO: [TRAIN] epoch: 25, iter: 11530/18000, loss: 2.8789, lr: 0.000022, batch_cost: 0.0703, reader_cost: 0.00020, ips: 56.9142 samples/sec, max_mem_reserved: 922 MB, max_mem_allocated: 673 MB | ETA 00:07:34
[2026/10/07 12:42:59] INFO: [TRAIN] epoch: 25, iter: 11540/18000, loss: 2.8019, lr: 0.000022, batch_cost: 0.0691, reader_cost: 0.00020, ips: 57.9167 samples/sec, max_mem_reserved: 922 MB, max_mem_allocated: 673 MB | ETA 00:07:26
[2026/10/07 12:43:00] INFO: [TRAIN] epoch: 25, iter: 11550/18000, loss: 3.1604, lr: 0.000022, batch_cost: 0.0688, reader_cost: 0.00020, ips: 58.1816 samples/sec, max_mem_reserved: 922 MB, max_mem_allocated: 673 MB | ETA 00:07:23
[2026/10/07 12:43:01] INFO: [TRAIN] epoch: 25, iter: 11560/18000, loss: 2.9027, lr: 0.000021, batch_cost: 0.0685, reader_cost: 0.00020, ips: 58.4136 samples/sec, max_mem_reserved: 922 MB, max_mem_allocated: 673 MB | ETA 00:07:20
[2026/10/07 12:43:02] INFO: [TRAIN] epoch: 25, iter: 11570/18000, loss: 2.7473, lr: 0.000021, batch_cost: 0.0686, reader_cost: 0.00000, ips: 58.3377 samples/sec, max_mem_reserved: 922 MB, max_mem_allocated: 673 MB | ETA 00:07:20
[2026/10/07 12:43:03] INFO: [TRAIN] epoch: 25, iter: 11580/18000, loss: 3.0614, lr: 0.000021, batch_cost: 0.0725, reader_cost: 0.00000, ips: 55.1484 samples/sec, max_mem_reserved: 922 MB, max_mem_allocated: 673 MB | ETA 00:07:45
[2026/10/07 12:43:04] INFO: [TRAIN] epoch: 25, iter: 11590/18000, loss: 3.0969, lr: 0.000021, batch_cost: 0.0714, reader_cost: 0.00015, ips: 56.0122 samples/sec, max_mem_reserved: 922 MB, max_mem_allocated: 673 MB | ETA 00:07:37
[2026/10/07 12:43:04] INFO: [TRAIN] epoch: 25, iter: 11600/18000, loss: 2.8566, lr: 0.000021, batch_cost: 0.0676, reader_cost: 0.00000, ips: 59.1691 samples/sec, max_mem_reserved: 922 MB, max_mem_allocated: 673 MB | ETA 00:07:12
[2026/10/07 12:43:05] INFO: [TRAIN] epoch: 25, iter: 11610/18000, loss: 2.8366, lr: 0.000021, batch_cost: 0.0680, reader_cost: 0.00010, ips: 58.8026 samples/sec, max_mem_reserved: 922 MB, max_mem_allocated: 673 MB | ETA 00:07:14
[2026/10/07 12:43:06] INFO: [TRAIN] epoch: 25, iter: 11620/18000, loss: 3.0144, lr: 0.000021, batch_cost: 0.0670, reader_cost: 0.00000, ips: 59.6597 samples/sec, max_mem_reserved: 922 MB, max_mem_allocated: 673 MB | ETA 00:07:07
[2026/10/07 12:43:07] INFO: [TRAIN] epoch: 25, iter: 11630/18000, loss: 3.0975, lr: 0.000021, batch_cost: 0.0691, reader_cost: 0.00000, ips: 57.9041 samples/sec, max_mem_reserved: 922 MB, max_mem_allocated: 673 MB | ETA 00:07:20
[2026/10/07 12:43:08] INFO: [TRAIN] epoch: 25, iter: 11640/18000, loss: 2.8930, lr: 0.000021, batch_cost: 0.0685, reader_cost: 0.00000, ips: 58.3732 samples/sec, max_mem_reserved: 922 MB, max_mem_allocated: 673 MB | ETA 00:07:15
[2026/10/07 12:43:09] INFO: [TRAIN] epoch: 25, iter: 11650/18000, loss: 3.3393, lr: 0.000021, batch_cost: 0.0767, reader_cost: 0.00010, ips: 52.1391 samples/sec, max_mem_reserved: 922 MB, max_mem_allocated: 673 MB | ETA 00:08:07
[2026/10/07 12:43:10] INFO: [TRAIN] epoch: 25, iter: 11660/18000, loss: 3.0384, lr: 0.000021, batch_cost: 0.0691, reader_cost: 0.00015, ips: 57.9182 samples/sec, max_mem_reserved: 922 MB, max_mem_allocated: 673 MB | ETA 00:07:17
[2026/10/07 12:43:10] INFO: [TRAIN] epoch: 25, iter: 11670/18000, loss: 3.0536, lr: 0.000021, batch_cost: 0.0678, reader_cost: 0.00000, ips: 59.0176 samples/sec, max_mem_reserved: 922 MB, max_mem_allocated: 673 MB | ETA 00:07:09
[2026/10/07 12:43:11] INFO: [TRAIN] epoch: 25, iter: 11680/18000, loss: 3.1448, lr: 0.000021, batch_cost: 0.0712, reader_cost: 0.00010, ips: 56.1592 samples/sec, max_mem_reserved: 922 MB, max_mem_allocated: 673 MB | ETA 00:07:30
[2026/10/07 12:43:12] INFO: [TRAIN] epoch: 25, iter: 11690/18000, loss: 3.1006, lr: 0.000021, batch_cost: 0.0708, reader_cost: 0.00000, ips: 56.4651 samples/sec, max_mem_reserved: 922 MB, max_mem_allocated: 673 MB | ETA 00:07:27
[2026/10/07 12:43:13] INFO: [TRAIN] epoch: 25, iter: 11700/18000, loss: 3.0953, lr: 0.000021, batch_cost: 0.0759, reader_cost: 0.00025, ips: 52.7266 samples/sec, max_mem_reserved: 922 MB, max_mem_allocated: 673 MB | ETA 00:07:57
[2026/10/07 12:43:14] INFO: [TRAIN] epoch: 25, iter: 11710/18000, loss: 2.9682, lr: 0.000021, batch_cost: 0.0687, reader_cost: 0.00010, ips: 58.2299 samples/sec, max_mem_reserved: 922 MB, max_mem_allocated: 673 MB | ETA 00:07:12
[2026/10/07 12:43:15] INFO: [TRAIN] epoch: 25, iter: 11720/18000, loss: 3.0161, lr: 0.000021, batch_cost: 0.0720, reader_cost: 0.00010, ips: 55.5916 samples/sec, max_mem_reserved: 922 MB, max_mem_allocated: 673 MB | ETA 00:07:31
[2026/10/07 12:43:16] INFO: [TRAIN] epoch: 25, iter: 11730/18000, loss: 3.0008, lr: 0.000021, batch_cost: 0.0695, reader_cost: 0.00000, ips: 57.5538 samples/sec, max_mem_reserved: 922 MB, max_mem_allocated: 673 MB | ETA 00:07:15
[2026/10/07 12:43:17] INFO: [TRAIN] epoch: 25, iter: 11740/18000, loss: 2.9748, lr: 0.000021, batch_cost: 0.0725, reader_cost: 0.00010, ips: 55.1528 samples/sec, max_mem_reserved: 922 MB, max_mem_allocated: 673 MB | ETA 00:07:34
[2026/10/07 12:43:18] INFO: [TRAIN] epoch: 25, iter: 11750/18000, loss: 3.1213, lr: 0.000021, batch_cost: 0.0689, reader_cost: 0.00005, ips: 58.0943 samples/sec, max_mem_reserved: 922 MB, max_mem_allocated: 673 MB | ETA 00:07:10
[2026/10/07 12:43:18] INFO: [TRAIN] epoch: 25, iter: 11760/18000, loss: 2.8641, lr: 0.000021, batch_cost: 0.0698, reader_cost: 0.00000, ips: 57.3062 samples/sec, max_mem_reserved: 922 MB, max_mem_allocated: 673 MB | ETA 00:07:15
[2026/10/07 12:43:19] INFO: [TRAIN] epoch: 25, iter: 11770/18000, loss: 3.1503, lr: 0.000021, batch_cost: 0.0677, reader_cost: 0.00010, ips: 59.0878 samples/sec, max_mem_reserved: 922 MB, max_mem_allocated: 673 MB | ETA 00:07:01
[2026/10/07 12:43:20] INFO: [TRAIN] epoch: 25, iter: 11780/18000, loss: 3.0906, lr: 0.000021, batch_cost: 0.0711, reader_cost: 0.00000, ips: 56.2766 samples/sec, max_mem_reserved: 922 MB, max_mem_allocated: 673 MB | ETA 00:07:22
[2026/10/07 12:43:21] INFO: [TRAIN] epoch: 25, iter: 11790/18000, loss: 3.0909, lr: 0.000021, batch_cost: 0.0710, reader_cost: 0.00025, ips: 56.3735 samples/sec, max_mem_reserved: 922 MB, max_mem_allocated: 673 MB | ETA 00:07:20
[2026/10/07 12:43:22] INFO: [TRAIN] epoch: 25, iter: 11800/18000, loss: 2.7860, lr: 0.000021, batch_cost: 0.0698, reader_cost: 0.00000, ips: 57.3018 samples/sec, max_mem_reserved: 922 MB, max_mem_allocated: 673 MB | ETA 00:07:12
[2026/10/07 12:43:23] INFO: [TRAIN] epoch: 25, iter: 11810/18000, loss: 2.7455, lr: 0.000021, batch_cost: 0.0695, reader_cost: 0.00000, ips: 57.5552 samples/sec, max_mem_reserved: 922 MB, max_mem_allocated: 673 MB | ETA 00:07:10
[2026/10/07 12:43:24] INFO: [TRAIN] epoch: 25, iter: 11820/18000, loss: 2.8408, lr: 0.000021, batch_cost: 0.0688, reader_cost: 0.00000, ips: 58.1142 samples/sec, max_mem_reserved: 922 MB, max_mem_allocated: 673 MB | ETA 00:07:05
[2026/10/07 12:43:24] INFO: [TRAIN] epoch: 25, iter: 11830/18000, loss: 2.9879, lr: 0.000021, batch_cost: 0.0708, reader_cost: 0.00000, ips: 56.5246 samples/sec, max_mem_reserved: 922 MB, max_mem_allocated: 673 MB | ETA 00:07:16
[2026/10/07 12:43:25] INFO: [TRAIN] epoch: 25, iter: 11840/18000, loss: 2.7879, lr: 0.000021, batch_cost: 0.0738, reader_cost: 0.00000, ips: 54.2129 samples/sec, max_mem_reserved: 922 MB, max_mem_allocated: 673 MB | ETA 00:07:34
[2026/10/07 12:43:26] INFO: [TRAIN] epoch: 25, iter: 11850/18000, loss: 2.9561, lr: 0.000021, batch_cost: 0.0636, reader_cost: 0.00010, ips: 62.8447 samples/sec, max_mem_reserved: 922 MB, max_mem_allocated: 673 MB | ETA 00:06:31
[2026/10/07 12:43:27] INFO: [TRAIN] epoch: 26, iter: 11860/18000, loss: 2.6723, lr: 0.000020, batch_cost: 0.0748, reader_cost: 0.00451, ips: 53.4849 samples/sec, max_mem_reserved: 922 MB, max_mem_allocated: 673 MB | ETA 00:07:39
[2026/10/07 12:43:28] INFO: [TRAIN] epoch: 26, iter: 11870/18000, loss: 2.6450, lr: 0.000020, batch_cost: 0.0699, reader_cost: 0.00000, ips: 57.2607 samples/sec, max_mem_reserved: 922 MB, max_mem_allocated: 673 MB | ETA 00:07:08
[2026/10/07 12:43:29] INFO: [TRAIN] epoch: 26, iter: 11880/18000, loss: 3.1311, lr: 0.000020, batch_cost: 0.0693, reader_cost: 0.00020, ips: 57.7179 samples/sec, max_mem_reserved: 922 MB, max_mem_allocated: 673 MB | ETA 00:07:04
[2026/10/07 12:43:30] INFO: [TRAIN] epoch: 26, iter: 11890/18000, loss: 3.2941, lr: 0.000020, batch_cost: 0.0699, reader_cost: 0.00000, ips: 57.2266 samples/sec, max_mem_reserved: 922 MB, max_mem_allocated: 673 MB | ETA 00:07:07
[2026/10/07 12:43:30] INFO: [TRAIN] epoch: 26, iter: 11900/18000, loss: 2.8530, lr: 0.000020, batch_cost: 0.0672, reader_cost: 0.00000, ips: 59.5138 samples/sec, max_mem_reserved: 922 MB, max_mem_allocated: 673 MB | ETA 00:06:49
[2026/10/07 12:43:31] INFO: [TRAIN] epoch: 26, iter: 11910/18000, loss: 3.1799, lr: 0.000020, batch_cost: 0.0696, reader_cost: 0.00000, ips: 57.5045 samples/sec, max_mem_reserved: 922 MB, max_mem_allocated: 673 MB | ETA 00:07:03
[2026/10/07 12:43:32] INFO: [TRAIN] epoch: 26, iter: 11920/18000, loss: 2.8396, lr: 0.000020, batch_cost: 0.0674, reader_cost: 0.00010, ips: 59.3107 samples/sec, max_mem_reserved: 922 MB, max_mem_allocated: 673 MB | ETA 00:06:50
[2026/10/07 12:43:33] INFO: [TRAIN] epoch: 26, iter: 11930/18000, loss: 2.9442, lr: 0.000020, batch_cost: 0.0695, reader_cost: 0.00015, ips: 57.5681 samples/sec, max_mem_reserved: 922 MB, max_mem_allocated: 673 MB | ETA 00:07:01
[2026/10/07 12:43:34] INFO: [TRAIN] epoch: 26, iter: 11940/18000, loss: 2.8516, lr: 0.000020, batch_cost: 0.0724, reader_cost: 0.00010, ips: 55.2324 samples/sec, max_mem_reserved: 922 MB, max_mem_allocated: 673 MB | ETA 00:07:18
[2026/10/07 12:43:35] INFO: [TRAIN] epoch: 26, iter: 11950/18000, loss: 3.0732, lr: 0.000020, batch_cost: 0.0673, reader_cost: 0.00000, ips: 59.4496 samples/sec, max_mem_reserved: 922 MB, max_mem_allocated: 673 MB | ETA 00:06:47
[2026/10/07 12:43:36] INFO: [TRAIN] epoch: 26, iter: 11960/18000, loss: 3.0297, lr: 0.000020, batch_cost: 0.0681, reader_cost: 0.00000, ips: 58.7182 samples/sec, max_mem_reserved: 922 MB, max_mem_allocated: 673 MB | ETA 00:06:51
[2026/10/07 12:43:36] INFO: [TRAIN] epoch: 26, iter: 11970/18000, loss: 3.0875, lr: 0.000020, batch_cost: 0.0689, reader_cost: 0.00000, ips: 58.0806 samples/sec, max_mem_reserved: 922 MB, max_mem_allocated: 673 MB | ETA 00:06:55
[2026/10/07 12:43:37] INFO: [TRAIN] epoch: 26, iter: 11980/18000, loss: 2.8666, lr: 0.000020, batch_cost: 0.0687, reader_cost: 0.00010, ips: 58.2508 samples/sec, max_mem_reserved: 922 MB, max_mem_allocated: 673 MB | ETA 00:06:53
[2026/10/07 12:43:38] INFO: [TRAIN] epoch: 26, iter: 11990/18000, loss: 3.0642, lr: 0.000020, batch_cost: 0.0690, reader_cost: 0.00000, ips: 58.0118 samples/sec, max_mem_reserved: 922 MB, max_mem_allocated: 673 MB | ETA 00:06:54
[2026/10/07 12:43:39] INFO: [TRAIN] epoch: 26, iter: 12000/18000, loss: 2.9146, lr: 0.000020, batch_cost: 0.0679, reader_cost: 0.00015, ips: 58.8746 samples/sec, max_mem_reserved: 922 MB, max_mem_allocated: 673 MB | ETA 00:06:47
[2026/10/07 12:43:39] INFO: Start evaluating (total_samples: 348, total_iters: 348)...

  1/348 [..............................] - ETA: 6s - batch_cost: 0.0200 - reader cost: 0.0075
  6/348 [..............................] - ETA: 4s - batch_cost: 0.0136 - reader cost: 0.0015
 11/348 [..............................] - ETA: 4s - batch_cost: 0.0123 - reader cost: 8.2228e-04
 16/348 [>.............................] - ETA: 4s - batch_cost: 0.0120 - reader cost: 5.6532e-04
 21/348 [>.............................] - ETA: 3s - batch_cost: 0.0117 - reader cost: 4.8003e-04
 26/348 [=>............................] - ETA: 3s - batch_cost: 0.0115 - reader cost: 4.2670e-04
 31/348 [=>............................] - ETA: 3s - batch_cost: 0.0113 - reader cost: 3.5787e-04
 36/348 [==>...........................] - ETA: 3s - batch_cost: 0.0113 - reader cost: 3.3582e-04
 41/348 [==>...........................] - ETA: 3s - batch_cost: 0.0113 - reader cost: 2.9487e-04
 46/348 [==>...........................] - ETA: 3s - batch_cost: 0.0112 - reader cost: 2.6282e-04
 51/348 [===>..........................] - ETA: 3s - batch_cost: 0.0112 - reader cost: 2.3705e-04
 56/348 [===>..........................] - ETA: 3s - batch_cost: 0.0112 - reader cost: 2.1588e-04
 61/348 [====>.........................] - ETA: 3s - batch_cost: 0.0112 - reader cost: 1.9819e-04
 66/348 [====>.........................] - ETA: 3s - batch_cost: 0.0112 - reader cost: 1.8317e-04
 71/348 [=====>........................] - ETA: 3s - batch_cost: 0.0111 - reader cost: 1.8447e-04
 76/348 [=====>........................] - ETA: 3s - batch_cost: 0.0111 - reader cost: 1.7233e-04
 81/348 [=====>........................] - ETA: 2s - batch_cost: 0.0111 - reader cost: 1.6169e-04
 86/348 [======>.......................] - ETA: 2s - batch_cost: 0.0111 - reader cost: 1.5229e-04
 91/348 [======>.......................] - ETA: 2s - batch_cost: 0.0111 - reader cost: 1.4393e-04
 96/348 [=======>......................] - ETA: 2s - batch_cost: 0.0111 - reader cost: 1.4701e-04
101/348 [=======>......................] - ETA: 2s - batch_cost: 0.0111 - reader cost: 1.3973e-04
106/348 [========>.....................] - ETA: 2s - batch_cost: 0.0111 - reader cost: 1.3314e-04
111/348 [========>.....................] - ETA: 2s - batch_cost: 0.0111 - reader cost: 1.2714e-04
116/348 [=========>....................] - ETA: 2s - batch_cost: 0.0110 - reader cost: 1.2166e-04
121/348 [=========>....................] - ETA: 2s - batch_cost: 0.0110 - reader cost: 1.1663e-04
126/348 [=========>....................] - ETA: 2s - batch_cost: 0.0110 - reader cost: 1.1201e-04
131/348 [==========>...................] - ETA: 2s - batch_cost: 0.0110 - reader cost: 1.0773e-04
136/348 [==========>...................] - ETA: 2s - batch_cost: 0.0110 - reader cost: 1.0377e-04
141/348 [===========>..................] - ETA: 2s - batch_cost: 0.0110 - reader cost: 1.0009e-04
146/348 [===========>..................] - ETA: 2s - batch_cost: 0.0110 - reader cost: 1.0346e-04
151/348 [============>.................] - ETA: 2s - batch_cost: 0.0110 - reader cost: 1.0004e-04
156/348 [============>.................] - ETA: 2s - batch_cost: 0.0110 - reader cost: 9.6830e-05
161/348 [============>.................] - ETA: 2s - batch_cost: 0.0110 - reader cost: 9.3823e-05
166/348 [=============>................] - ETA: 2s - batch_cost: 0.0110 - reader cost: 9.0997e-05
171/348 [=============>................] - ETA: 1s - batch_cost: 0.0110 - reader cost: 8.8336e-05
176/348 [==============>...............] - ETA: 1s - batch_cost: 0.0110 - reader cost: 8.5827e-05
181/348 [==============>...............] - ETA: 1s - batch_cost: 0.0110 - reader cost: 8.8970e-05
186/348 [===============>..............] - ETA: 1s - batch_cost: 0.0110 - reader cost: 8.6578e-05
191/348 [===============>..............] - ETA: 1s - batch_cost: 0.0110 - reader cost: 8.4312e-05
196/348 [===============>..............] - ETA: 1s - batch_cost: 0.0110 - reader cost: 8.2161e-05
201/348 [================>.............] - ETA: 1s - batch_cost: 0.0110 - reader cost: 8.0117e-05
206/348 [================>.............] - ETA: 1s - batch_cost: 0.0110 - reader cost: 7.8172e-05
211/348 [=================>............] - ETA: 1s - batch_cost: 0.0110 - reader cost: 7.6320e-05
216/348 [=================>............] - ETA: 1s - batch_cost: 0.0110 - reader cost: 7.9219e-05
221/348 [==================>...........] - ETA: 1s - batch_cost: 0.0110 - reader cost: 7.7427e-05
226/348 [==================>...........] - ETA: 1s - batch_cost: 0.0110 - reader cost: 7.5714e-05
231/348 [==================>...........] - ETA: 1s - batch_cost: 0.0110 - reader cost: 7.8365e-05
236/348 [===================>..........] - ETA: 1s - batch_cost: 0.0110 - reader cost: 7.6705e-05
241/348 [===================>..........] - ETA: 1s - batch_cost: 0.0110 - reader cost: 7.9223e-05
246/348 [====================>.........] - ETA: 1s - batch_cost: 0.0110 - reader cost: 7.7613e-05
251/348 [====================>.........] - ETA: 1s - batch_cost: 0.0110 - reader cost: 7.6067e-05
256/348 [=====================>........] - ETA: 1s - batch_cost: 0.0110 - reader cost: 7.8467e-05
261/348 [=====================>........] - ETA: 0s - batch_cost: 0.0110 - reader cost: 7.6964e-05
266/348 [=====================>........] - ETA: 0s - batch_cost: 0.0110 - reader cost: 7.5517e-05
271/348 [======================>.......] - ETA: 0s - batch_cost: 0.0110 - reader cost: 8.1475e-05
276/348 [======================>.......] - ETA: 0s - batch_cost: 0.0110 - reader cost: 7.9999e-05
281/348 [=======================>......] - ETA: 0s - batch_cost: 0.0110 - reader cost: 7.8575e-05
286/348 [=======================>......] - ETA: 0s - batch_cost: 0.0110 - reader cost: 7.7202e-05
291/348 [========================>.....] - ETA: 0s - batch_cost: 0.0110 - reader cost: 7.9314e-05
296/348 [========================>.....] - ETA: 0s - batch_cost: 0.0110 - reader cost: 7.7974e-05
301/348 [========================>.....] - ETA: 0s - batch_cost: 0.0110 - reader cost: 7.6679e-05
306/348 [=========================>....] - ETA: 0s - batch_cost: 0.0110 - reader cost: 7.5426e-05
311/348 [=========================>....] - ETA: 0s - batch_cost: 0.0110 - reader cost: 7.4213e-05
316/348 [==========================>...] - ETA: 0s - batch_cost: 0.0110 - reader cost: 7.3039e-05
320/348 [==========================>...] - ETA: 0s - batch_cost: 0.0110 - reader cost: 7.5252e-05
325/348 [===========================>..] - ETA: 0s - batch_cost: 0.0111 - reader cost: 7.4095e-05
330/348 [===========================>..] - ETA: 0s - batch_cost: 0.0111 - reader cost: 7.2972e-05
335/348 [===========================>..] - ETA: 0s - batch_cost: 0.0111 - reader cost: 7.1883e-05
340/348 [============================>.] - ETA: 0s - batch_cost: 0.0111 - reader cost: 7.0826e-05
345/348 [============================>.] - ETA: 0s - batch_cost: 0.0111 - reader cost: 6.9799e-05
348/348 [==============================] - 4s 11ms/step - batch_cost: 0.0110 - reader cost: 6.9198e-05
[2026/10/07 12:43:43] INFO: [EVAL] #Images: 348 mIoU: 0.8169 Acc: 0.9772 Kappa: 0.7814 Dice: 0.8907
[2026/10/07 12:43:43] INFO: [EVAL] Class IoU: 
[0.9761 0.6577]
[2026/10/07 12:43:43] INFO: [EVAL] Class Precision: 
[0.9867 0.8103]
[2026/10/07 12:43:43] INFO: [EVAL] Class Recall: 
[0.9891 0.7774]
[2026/10/07 12:43:43] INFO: Start evaluating (total_samples: 348, total_iters: 348)...

  1/348 [..............................] - ETA: 8s - batch_cost: 0.0252 - reader cost: 0.0085
  5/348 [..............................] - ETA: 5s - batch_cost: 0.0156 - reader cost: 0.0017
 10/348 [..............................] - ETA: 4s - batch_cost: 0.0132 - reader cost: 8.5113e-04
 15/348 [>.............................] - ETA: 4s - batch_cost: 0.0126 - reader cost: 6.3478e-04
 20/348 [>.............................] - ETA: 4s - batch_cost: 0.0124 - reader cost: 4.7609e-04
 24/348 [=>............................] - ETA: 4s - batch_cost: 0.0124 - reader cost: 3.9674e-04
 29/348 [=>............................] - ETA: 3s - batch_cost: 0.0121 - reader cost: 3.2834e-04
 34/348 [=>............................] - ETA: 3s - batch_cost: 0.0120 - reader cost: 2.8005e-04
 39/348 [==>...........................] - ETA: 3s - batch_cost: 0.0119 - reader cost: 2.6977e-04
 44/348 [==>...........................] - ETA: 3s - batch_cost: 0.0117 - reader cost: 2.3911e-04
 49/348 [===>..........................] - ETA: 3s - batch_cost: 0.0116 - reader cost: 2.3493e-04
 54/348 [===>..........................] - ETA: 3s - batch_cost: 0.0115 - reader cost: 2.3184e-04
 59/348 [====>.........................] - ETA: 3s - batch_cost: 0.0116 - reader cost: 2.1220e-04
 64/348 [====>.........................] - ETA: 3s - batch_cost: 0.0115 - reader cost: 1.9562e-04
 69/348 [====>.........................] - ETA: 3s - batch_cost: 0.0115 - reader cost: 1.8144e-04
 74/348 [=====>........................] - ETA: 3s - batch_cost: 0.0115 - reader cost: 1.9631e-04
 79/348 [=====>........................] - ETA: 3s - batch_cost: 0.0114 - reader cost: 1.8388e-04
 84/348 [======>.......................] - ETA: 3s - batch_cost: 0.0114 - reader cost: 1.7294e-04
 89/348 [======>.......................] - ETA: 2s - batch_cost: 0.0114 - reader cost: 1.6322e-04
 94/348 [=======>......................] - ETA: 2s - batch_cost: 0.0115 - reader cost: 1.5454e-04
 99/348 [=======>......................] - ETA: 2s - batch_cost: 0.0115 - reader cost: 1.4674e-04
104/348 [=======>......................] - ETA: 2s - batch_cost: 0.0115 - reader cost: 1.3968e-04
109/348 [========>.....................] - ETA: 2s - batch_cost: 0.0115 - reader cost: 1.3327e-04
114/348 [========>.....................] - ETA: 2s - batch_cost: 0.0115 - reader cost: 1.2743e-04
119/348 [=========>....................] - ETA: 2s - batch_cost: 0.0115 - reader cost: 1.2207e-04
124/348 [=========>....................] - ETA: 2s - batch_cost: 0.0115 - reader cost: 1.2523e-04
129/348 [==========>...................] - ETA: 2s - batch_cost: 0.0115 - reader cost: 1.2818e-04
134/348 [==========>...................] - ETA: 2s - batch_cost: 0.0114 - reader cost: 1.2340e-04
139/348 [==========>...................] - ETA: 2s - batch_cost: 0.0114 - reader cost: 1.1896e-04
144/348 [===========>..................] - ETA: 2s - batch_cost: 0.0114 - reader cost: 1.2879e-04
149/348 [===========>..................] - ETA: 2s - batch_cost: 0.0114 - reader cost: 1.2447e-04
154/348 [============>.................] - ETA: 2s - batch_cost: 0.0114 - reader cost: 1.3041e-04
159/348 [============>.................] - ETA: 2s - batch_cost: 0.0114 - reader cost: 1.2631e-04
164/348 [=============>................] - ETA: 2s - batch_cost: 0.0114 - reader cost: 1.2246e-04
169/348 [=============>................] - ETA: 2s - batch_cost: 0.0114 - reader cost: 1.1884e-04
174/348 [==============>...............] - ETA: 1s - batch_cost: 0.0114 - reader cost: 1.2113e-04
179/348 [==============>...............] - ETA: 1s - batch_cost: 0.0114 - reader cost: 1.1774e-04
184/348 [==============>...............] - ETA: 1s - batch_cost: 0.0114 - reader cost: 1.1454e-04
189/348 [===============>..............] - ETA: 1s - batch_cost: 0.0114 - reader cost: 1.1679e-04
194/348 [===============>..............] - ETA: 1s - batch_cost: 0.0114 - reader cost: 1.1378e-04
199/348 [================>.............] - ETA: 1s - batch_cost: 0.0114 - reader cost: 1.1092e-04
204/348 [================>.............] - ETA: 1s - batch_cost: 0.0114 - reader cost: 1.0820e-04
208/348 [================>.............] - ETA: 1s - batch_cost: 0.0114 - reader cost: 1.0612e-04
213/348 [=================>............] - ETA: 1s - batch_cost: 0.0114 - reader cost: 1.0363e-04
218/348 [=================>............] - ETA: 1s - batch_cost: 0.0114 - reader cost: 1.0125e-04
223/348 [==================>...........] - ETA: 1s - batch_cost: 0.0114 - reader cost: 9.8982e-05
228/348 [==================>...........] - ETA: 1s - batch_cost: 0.0114 - reader cost: 9.6812e-05
233/348 [===================>..........] - ETA: 1s - batch_cost: 0.0114 - reader cost: 9.4734e-05
238/348 [===================>..........] - ETA: 1s - batch_cost: 0.0114 - reader cost: 9.2744e-05
243/348 [===================>..........] - ETA: 1s - batch_cost: 0.0114 - reader cost: 9.4979e-05
248/348 [====================>.........] - ETA: 1s - batch_cost: 0.0114 - reader cost: 9.3064e-05
253/348 [====================>.........] - ETA: 1s - batch_cost: 0.0114 - reader cost: 9.1225e-05
258/348 [=====================>........] - ETA: 1s - batch_cost: 0.0114 - reader cost: 8.9457e-05
263/348 [=====================>........] - ETA: 0s - batch_cost: 0.0114 - reader cost: 8.7756e-05
268/348 [======================>.......] - ETA: 0s - batch_cost: 0.0114 - reader cost: 8.6119e-05
273/348 [======================>.......] - ETA: 0s - batch_cost: 0.0113 - reader cost: 8.6397e-05
278/348 [======================>.......] - ETA: 0s - batch_cost: 0.0113 - reader cost: 8.4844e-05
283/348 [=======================>......] - ETA: 0s - batch_cost: 0.0113 - reader cost: 8.3345e-05
288/348 [=======================>......] - ETA: 0s - batch_cost: 0.0113 - reader cost: 8.1898e-05
293/348 [========================>.....] - ETA: 0s - batch_cost: 0.0113 - reader cost: 8.0500e-05
298/348 [========================>.....] - ETA: 0s - batch_cost: 0.0113 - reader cost: 8.2482e-05
303/348 [=========================>....] - ETA: 0s - batch_cost: 0.0113 - reader cost: 8.1121e-05
308/348 [=========================>....] - ETA: 0s - batch_cost: 0.0113 - reader cost: 7.9804e-05
313/348 [=========================>....] - ETA: 0s - batch_cost: 0.0113 - reader cost: 7.8529e-05
318/348 [==========================>...] - ETA: 0s - batch_cost: 0.0113 - reader cost: 7.7294e-05
323/348 [==========================>...] - ETA: 0s - batch_cost: 0.0113 - reader cost: 7.6098e-05
328/348 [===========================>..] - ETA: 0s - batch_cost: 0.0113 - reader cost: 7.4938e-05
333/348 [===========================>..] - ETA: 0s - batch_cost: 0.0113 - reader cost: 7.6816e-05
338/348 [============================>.] - ETA: 0s - batch_cost: 0.0114 - reader cost: 7.5680e-05
343/348 [============================>.] - ETA: 0s - batch_cost: 0.0114 - reader cost: 7.7489e-05
348/348 [==============================] - 4s 11ms/step - batch_cost: 0.0113 - reader cost: 7.6375e-05
[2026/10/07 12:43:47] INFO: [EVAL] #Images: 348 mIoU: 0.8172 Acc: 0.9774 Kappa: 0.7817 Dice: 0.8909
[2026/10/07 12:43:47] INFO: [EVAL] Class IoU: 
[0.9764 0.6579]
[2026/10/07 12:43:47] INFO: [EVAL] Class Precision: 
[0.9862 0.8209]
[2026/10/07 12:43:47] INFO: [EVAL] Class Recall: 
[0.99   0.7682]
[2026/10/07 12:43:47] INFO: [EVAL] The model with the best validation mIoU (0.8169) was saved at iter 12000.
[2026/10/07 12:43:47] INFO: [EVAL] The EMA model with the best validation mIoU (0.8172) was saved at iter 12000.
[2026/10/07 12:43:48] INFO: [TRAIN] epoch: 26, iter: 12010/18000, loss: 2.9959, lr: 0.000020, batch_cost: 0.0705, reader_cost: 0.00000, ips: 56.7728 samples/sec, max_mem_reserved: 922 MB, max_mem_allocated: 673 MB | ETA 00:07:02
[2026/10/07 12:43:49] INFO: [TRAIN] epoch: 26, iter: 12020/18000, loss: 2.8732, lr: 0.000020, batch_cost: 0.0692, reader_cost: 0.00000, ips: 57.8168 samples/sec, max_mem_reserved: 922 MB, max_mem_allocated: 673 MB | ETA 00:06:53
[2026/10/07 12:43:50] INFO: [TRAIN] epoch: 26, iter: 12030/18000, loss: 3.2774, lr: 0.000020, batch_cost: 0.0666, reader_cost: 0.00005, ips: 60.0279 samples/sec, max_mem_reserved: 922 MB, max_mem_allocated: 673 MB | ETA 00:06:37
[2026/10/07 12:43:50] INFO: [TRAIN] epoch: 26, iter: 12040/18000, loss: 2.4133, lr: 0.000020, batch_cost: 0.0687, reader_cost: 0.00000, ips: 58.2414 samples/sec, max_mem_reserved: 922 MB, max_mem_allocated: 673 MB | ETA 00:06:49
[2026/10/07 12:43:51] INFO: [TRAIN] epoch: 26, iter: 12050/18000, loss: 2.8514, lr: 0.000020, batch_cost: 0.0662, reader_cost: 0.00010, ips: 60.3858 samples/sec, max_mem_reserved: 922 MB, max_mem_allocated: 673 MB | ETA 00:06:34
[2026/10/07 12:43:52] INFO: [TRAIN] epoch: 26, iter: 12060/18000, loss: 3.3590, lr: 0.000020, batch_cost: 0.0700, reader_cost: 0.00000, ips: 57.1435 samples/sec, max_mem_reserved: 922 MB, max_mem_allocated: 673 MB | ETA 00:06:55
[2026/10/07 12:43:53] INFO: [TRAIN] epoch: 26, iter: 12070/18000, loss: 3.0429, lr: 0.000020, batch_cost: 0.0666, reader_cost: 0.00000, ips: 60.0764 samples/sec, max_mem_reserved: 922 MB, max_mem_allocated: 673 MB | ETA 00:06:34
[2026/10/07 12:43:54] INFO: [TRAIN] epoch: 26, iter: 12080/18000, loss: 3.1217, lr: 0.000020, batch_cost: 0.0682, reader_cost: 0.00000, ips: 58.6675 samples/sec, max_mem_reserved: 922 MB, max_mem_allocated: 673 MB | ETA 00:06:43
[2026/10/07 12:43:55] INFO: [TRAIN] epoch: 26, iter: 12090/18000, loss: 3.1305, lr: 0.000020, batch_cost: 0.0681, reader_cost: 0.00010, ips: 58.7684 samples/sec, max_mem_reserved: 922 MB, max_mem_allocated: 673 MB | ETA 00:06:42
[2026/10/07 12:43:55] INFO: [TRAIN] epoch: 26, iter: 12100/18000, loss: 2.9072, lr: 0.000020, batch_cost: 0.0686, reader_cost: 0.00000, ips: 58.3438 samples/sec, max_mem_reserved: 922 MB, max_mem_allocated: 673 MB | ETA 00:06:44
[2026/10/07 12:43:56] INFO: [TRAIN] epoch: 26, iter: 12110/18000, loss: 2.7060, lr: 0.000020, batch_cost: 0.0694, reader_cost: 0.00000, ips: 57.6695 samples/sec, max_mem_reserved: 922 MB, max_mem_allocated: 673 MB | ETA 00:06:48
[2026/10/07 12:43:57] INFO: [TRAIN] epoch: 26, iter: 12120/18000, loss: 3.0383, lr: 0.000020, batch_cost: 0.0687, reader_cost: 0.00015, ips: 58.2502 samples/sec, max_mem_reserved: 922 MB, max_mem_allocated: 673 MB | ETA 00:06:43
[2026/10/07 12:43:58] INFO: [TRAIN] epoch: 26, iter: 12130/18000, loss: 2.7248, lr: 0.000020, batch_cost: 0.0685, reader_cost: 0.00000, ips: 58.3582 samples/sec, max_mem_reserved: 922 MB, max_mem_allocated: 673 MB | ETA 00:06:42
[2026/10/07 12:43:59] INFO: [TRAIN] epoch: 26, iter: 12140/18000, loss: 2.7071, lr: 0.000020, batch_cost: 0.0700, reader_cost: 0.00010, ips: 57.1173 samples/sec, max_mem_reserved: 922 MB, max_mem_allocated: 673 MB | ETA 00:06:50
[2026/10/07 12:44:00] INFO: [TRAIN] epoch: 26, iter: 12150/18000, loss: 3.3742, lr: 0.000020, batch_cost: 0.0692, reader_cost: 0.00000, ips: 57.7921 samples/sec, max_mem_reserved: 922 MB, max_mem_allocated: 673 MB | ETA 00:06:44
[2026/10/07 12:44:01] INFO: [TRAIN] epoch: 26, iter: 12160/18000, loss: 2.9268, lr: 0.000019, batch_cost: 0.0715, reader_cost: 0.00000, ips: 55.9221 samples/sec, max_mem_reserved: 922 MB, max_mem_allocated: 673 MB | ETA 00:06:57
[2026/10/07 12:44:01] INFO: [TRAIN] epoch: 26, iter: 12170/18000, loss: 2.8285, lr: 0.000019, batch_cost: 0.0679, reader_cost: 0.00005, ips: 58.9012 samples/sec, max_mem_reserved: 922 MB, max_mem_allocated: 673 MB | ETA 00:06:35
[2026/10/07 12:44:02] INFO: [TRAIN] epoch: 26, iter: 12180/18000, loss: 3.0058, lr: 0.000019, batch_cost: 0.0703, reader_cost: 0.00000, ips: 56.8736 samples/sec, max_mem_reserved: 922 MB, max_mem_allocated: 673 MB | ETA 00:06:49
[2026/10/07 12:44:03] INFO: [TRAIN] epoch: 26, iter: 12190/18000, loss: 2.8288, lr: 0.000019, batch_cost: 0.0687, reader_cost: 0.00000, ips: 58.2387 samples/sec, max_mem_reserved: 922 MB, max_mem_allocated: 673 MB | ETA 00:06:39
[2026/10/07 12:44:04] INFO: [TRAIN] epoch: 26, iter: 12200/18000, loss: 3.3327, lr: 0.000019, batch_cost: 0.0702, reader_cost: 0.00000, ips: 56.9536 samples/sec, max_mem_reserved: 922 MB, max_mem_allocated: 673 MB | ETA 00:06:47
[2026/10/07 12:44:05] INFO: [TRAIN] epoch: 26, iter: 12210/18000, loss: 3.0509, lr: 0.000019, batch_cost: 0.0702, reader_cost: 0.00000, ips: 56.9917 samples/sec, max_mem_reserved: 922 MB, max_mem_allocated: 673 MB | ETA 00:06:46
[2026/10/07 12:44:06] INFO: [TRAIN] epoch: 26, iter: 12220/18000, loss: 2.7800, lr: 0.000019, batch_cost: 0.0699, reader_cost: 0.00010, ips: 57.2275 samples/sec, max_mem_reserved: 922 MB, max_mem_allocated: 673 MB | ETA 00:06:44
[2026/10/07 12:44:07] INFO: [TRAIN] epoch: 26, iter: 12230/18000, loss: 3.0000, lr: 0.000019, batch_cost: 0.0685, reader_cost: 0.00020, ips: 58.3673 samples/sec, max_mem_reserved: 922 MB, max_mem_allocated: 673 MB | ETA 00:06:35
[2026/10/07 12:44:07] INFO: [TRAIN] epoch: 26, iter: 12240/18000, loss: 2.8366, lr: 0.000019, batch_cost: 0.0693, reader_cost: 0.00030, ips: 57.7559 samples/sec, max_mem_reserved: 922 MB, max_mem_allocated: 673 MB | ETA 00:06:38
[2026/10/07 12:44:08] INFO: [TRAIN] epoch: 26, iter: 12250/18000, loss: 2.8558, lr: 0.000019, batch_cost: 0.0668, reader_cost: 0.00010, ips: 59.8840 samples/sec, max_mem_reserved: 922 MB, max_mem_allocated: 673 MB | ETA 00:06:24
[2026/10/07 12:44:09] INFO: [TRAIN] epoch: 26, iter: 12260/18000, loss: 2.9596, lr: 0.000019, batch_cost: 0.0703, reader_cost: 0.00020, ips: 56.9098 samples/sec, max_mem_reserved: 922 MB, max_mem_allocated: 673 MB | ETA 00:06:43
[2026/10/07 12:44:10] INFO: [TRAIN] epoch: 26, iter: 12270/18000, loss: 3.1177, lr: 0.000019, batch_cost: 0.0688, reader_cost: 0.00000, ips: 58.1295 samples/sec, max_mem_reserved: 922 MB, max_mem_allocated: 673 MB | ETA 00:06:34
[2026/10/07 12:44:11] INFO: [TRAIN] epoch: 26, iter: 12280/18000, loss: 3.1853, lr: 0.000019, batch_cost: 0.0691, reader_cost: 0.00000, ips: 57.8457 samples/sec, max_mem_reserved: 922 MB, max_mem_allocated: 673 MB | ETA 00:06:35
[2026/10/07 12:44:12] INFO: [TRAIN] epoch: 26, iter: 12290/18000, loss: 3.0459, lr: 0.000019, batch_cost: 0.0693, reader_cost: 0.00030, ips: 57.7556 samples/sec, max_mem_reserved: 922 MB, max_mem_allocated: 673 MB | ETA 00:06:35
[2026/10/07 12:44:13] INFO: [TRAIN] epoch: 26, iter: 12300/18000, loss: 2.8445, lr: 0.000019, batch_cost: 0.0676, reader_cost: 0.00011, ips: 59.1470 samples/sec, max_mem_reserved: 922 MB, max_mem_allocated: 673 MB | ETA 00:06:25
[2026/10/07 12:44:13] INFO: [TRAIN] epoch: 26, iter: 12310/18000, loss: 3.0020, lr: 0.000019, batch_cost: 0.0673, reader_cost: 0.00000, ips: 59.4413 samples/sec, max_mem_reserved: 922 MB, max_mem_allocated: 673 MB | ETA 00:06:22
[2026/10/07 12:44:14] INFO: [TRAIN] epoch: 26, iter: 12320/18000, loss: 2.8259, lr: 0.000019, batch_cost: 0.0684, reader_cost: 0.00020, ips: 58.5156 samples/sec, max_mem_reserved: 922 MB, max_mem_allocated: 673 MB | ETA 00:06:28
[2026/10/07 12:44:15] INFO: [TRAIN] epoch: 27, iter: 12330/18000, loss: 2.9547, lr: 0.000019, batch_cost: 0.0676, reader_cost: 0.00457, ips: 59.1290 samples/sec, max_mem_reserved: 922 MB, max_mem_allocated: 673 MB | ETA 00:06:23
[2026/10/07 12:44:16] INFO: [TRAIN] epoch: 27, iter: 12340/18000, loss: 3.1277, lr: 0.000019, batch_cost: 0.0681, reader_cost: 0.00020, ips: 58.7204 samples/sec, max_mem_reserved: 922 MB, max_mem_allocated: 673 MB | ETA 00:06:25
[2026/10/07 12:44:17] INFO: [TRAIN] epoch: 27, iter: 12350/18000, loss: 2.9061, lr: 0.000019, batch_cost: 0.0671, reader_cost: 0.00000, ips: 59.5869 samples/sec, max_mem_reserved: 922 MB, max_mem_allocated: 673 MB | ETA 00:06:19
[2026/10/07 12:44:18] INFO: [TRAIN] epoch: 27, iter: 12360/18000, loss: 3.1397, lr: 0.000019, batch_cost: 0.0668, reader_cost: 0.00006, ips: 59.8757 samples/sec, max_mem_reserved: 922 MB, max_mem_allocated: 673 MB | ETA 00:06:16
[2026/10/07 12:44:18] INFO: [TRAIN] epoch: 27, iter: 12370/18000, loss: 2.8639, lr: 0.000019, batch_cost: 0.0691, reader_cost: 0.00010, ips: 57.8540 samples/sec, max_mem_reserved: 922 MB, max_mem_allocated: 673 MB | ETA 00:06:29
[2026/10/07 12:44:19] INFO: [TRAIN] epoch: 27, iter: 12380/18000, loss: 2.9939, lr: 0.000019, batch_cost: 0.0702, reader_cost: 0.00000, ips: 57.0159 samples/sec, max_mem_reserved: 922 MB, max_mem_allocated: 673 MB | ETA 00:06:34
[2026/10/07 12:44:20] INFO: [TRAIN] epoch: 27, iter: 12390/18000, loss: 3.3336, lr: 0.000019, batch_cost: 0.0681, reader_cost: 0.00010, ips: 58.7422 samples/sec, max_mem_reserved: 922 MB, max_mem_allocated: 673 MB | ETA 00:06:22
[2026/10/07 12:44:21] INFO: [TRAIN] epoch: 27, iter: 12400/18000, loss: 3.1999, lr: 0.000019, batch_cost: 0.0698, reader_cost: 0.00000, ips: 57.3464 samples/sec, max_mem_reserved: 922 MB, max_mem_allocated: 673 MB | ETA 00:06:30
[2026/10/07 12:44:22] INFO: [TRAIN] epoch: 27, iter: 12410/18000, loss: 2.7194, lr: 0.000019, batch_cost: 0.0674, reader_cost: 0.00010, ips: 59.3371 samples/sec, max_mem_reserved: 922 MB, max_mem_allocated: 673 MB | ETA 00:06:16
[2026/10/07 12:44:23] INFO: [TRAIN] epoch: 27, iter: 12420/18000, loss: 2.9970, lr: 0.000019, batch_cost: 0.0693, reader_cost: 0.00000, ips: 57.7327 samples/sec, max_mem_reserved: 922 MB, max_mem_allocated: 673 MB | ETA 00:06:26
[2026/10/07 12:44:23] INFO: [TRAIN] epoch: 27, iter: 12430/18000, loss: 3.1230, lr: 0.000019, batch_cost: 0.0683, reader_cost: 0.00030, ips: 58.5458 samples/sec, max_mem_reserved: 922 MB, max_mem_allocated: 673 MB | ETA 00:06:20
[2026/10/07 12:44:24] INFO: [TRAIN] epoch: 27, iter: 12440/18000, loss: 2.7966, lr: 0.000019, batch_cost: 0.0678, reader_cost: 0.00015, ips: 58.9664 samples/sec, max_mem_reserved: 922 MB, max_mem_allocated: 673 MB | ETA 00:06:17
[2026/10/07 12:44:25] INFO: [TRAIN] epoch: 27, iter: 12450/18000, loss: 3.1373, lr: 0.000019, batch_cost: 0.0668, reader_cost: 0.00000, ips: 59.9145 samples/sec, max_mem_reserved: 922 MB, max_mem_allocated: 673 MB | ETA 00:06:10
[2026/10/07 12:44:26] INFO: [TRAIN] epoch: 27, iter: 12460/18000, loss: 2.8988, lr: 0.000018, batch_cost: 0.0696, reader_cost: 0.00000, ips: 57.5078 samples/sec, max_mem_reserved: 922 MB, max_mem_allocated: 673 MB | ETA 00:06:25
[2026/10/07 12:44:27] INFO: [TRAIN] epoch: 27, iter: 12470/18000, loss: 2.9244, lr: 0.000018, batch_cost: 0.0691, reader_cost: 0.00010, ips: 57.9207 samples/sec, max_mem_reserved: 922 MB, max_mem_allocated: 673 MB | ETA 00:06:21
[2026/10/07 12:44:28] INFO: [TRAIN] epoch: 27, iter: 12480/18000, loss: 3.0841, lr: 0.000018, batch_cost: 0.0686, reader_cost: 0.00010, ips: 58.2821 samples/sec, max_mem_reserved: 922 MB, max_mem_allocated: 673 MB | ETA 00:06:18
[2026/10/07 12:44:29] INFO: [TRAIN] epoch: 27, iter: 12490/18000, loss: 3.0294, lr: 0.000018, batch_cost: 0.0682, reader_cost: 0.00000, ips: 58.6802 samples/sec, max_mem_reserved: 922 MB, max_mem_allocated: 673 MB | ETA 00:06:15
[2026/10/07 12:44:29] INFO: [TRAIN] epoch: 27, iter: 12500/18000, loss: 3.1950, lr: 0.000018, batch_cost: 0.0694, reader_cost: 0.00006, ips: 57.6707 samples/sec, max_mem_reserved: 922 MB, max_mem_allocated: 673 MB | ETA 00:06:21
[2026/10/07 12:44:30] INFO: [TRAIN] epoch: 27, iter: 12510/18000, loss: 2.9785, lr: 0.000018, batch_cost: 0.0679, reader_cost: 0.00010, ips: 58.9301 samples/sec, max_mem_reserved: 922 MB, max_mem_allocated: 673 MB | ETA 00:06:12
[2026/10/07 12:44:31] INFO: [TRAIN] epoch: 27, iter: 12520/18000, loss: 3.1132, lr: 0.000018, batch_cost: 0.0680, reader_cost: 0.00000, ips: 58.8306 samples/sec, max_mem_reserved: 922 MB, max_mem_allocated: 673 MB | ETA 00:06:12
[2026/10/07 12:44:32] INFO: [TRAIN] epoch: 27, iter: 12530/18000, loss: 3.0631, lr: 0.000018, batch_cost: 0.0710, reader_cost: 0.00000, ips: 56.3460 samples/sec, max_mem_reserved: 922 MB, max_mem_allocated: 673 MB | ETA 00:06:28
[2026/10/07 12:44:33] INFO: [TRAIN] epoch: 27, iter: 12540/18000, loss: 3.0268, lr: 0.000018, batch_cost: 0.0751, reader_cost: 0.00000, ips: 53.2830 samples/sec, max_mem_reserved: 922 MB, max_mem_allocated: 673 MB | ETA 00:06:49
[2026/10/07 12:44:34] INFO: [TRAIN] epoch: 27, iter: 12550/18000, loss: 2.8357, lr: 0.000018, batch_cost: 0.0712, reader_cost: 0.00025, ips: 56.1982 samples/sec, max_mem_reserved: 922 MB, max_mem_allocated: 673 MB | ETA 00:06:27
[2026/10/07 12:44:35] INFO: [TRAIN] epoch: 27, iter: 12560/18000, loss: 2.7393, lr: 0.000018, batch_cost: 0.0679, reader_cost: 0.00000, ips: 58.9193 samples/sec, max_mem_reserved: 922 MB, max_mem_allocated: 673 MB | ETA 00:06:09
[2026/10/07 12:44:35] INFO: [TRAIN] epoch: 27, iter: 12570/18000, loss: 2.9541, lr: 0.000018, batch_cost: 0.0706, reader_cost: 0.00020, ips: 56.6250 samples/sec, max_mem_reserved: 922 MB, max_mem_allocated: 673 MB | ETA 00:06:23
[2026/10/07 12:44:36] INFO: [TRAIN] epoch: 27, iter: 12580/18000, loss: 2.8173, lr: 0.000018, batch_cost: 0.0737, reader_cost: 0.00010, ips: 54.2503 samples/sec, max_mem_reserved: 922 MB, max_mem_allocated: 673 MB | ETA 00:06:39
[2026/10/07 12:44:37] INFO: [TRAIN] epoch: 27, iter: 12590/18000, loss: 2.7899, lr: 0.000018, batch_cost: 0.0700, reader_cost: 0.00010, ips: 57.1458 samples/sec, max_mem_reserved: 922 MB, max_mem_allocated: 673 MB | ETA 00:06:18
[2026/10/07 12:44:38] INFO: [TRAIN] epoch: 27, iter: 12600/18000, loss: 3.3729, lr: 0.000018, batch_cost: 0.0689, reader_cost: 0.00010, ips: 58.0315 samples/sec, max_mem_reserved: 922 MB, max_mem_allocated: 673 MB | ETA 00:06:12
[2026/10/07 12:44:39] INFO: [TRAIN] epoch: 27, iter: 12610/18000, loss: 3.3686, lr: 0.000018, batch_cost: 0.0688, reader_cost: 0.00000, ips: 58.1570 samples/sec, max_mem_reserved: 922 MB, max_mem_allocated: 673 MB | ETA 00:06:10
[2026/10/07 12:44:40] INFO: [TRAIN] epoch: 27, iter: 12620/18000, loss: 3.3195, lr: 0.000018, batch_cost: 0.0687, reader_cost: 0.00000, ips: 58.2351 samples/sec, max_mem_reserved: 922 MB, max_mem_allocated: 673 MB | ETA 00:06:09
[2026/10/07 12:44:41] INFO: [TRAIN] epoch: 27, iter: 12630/18000, loss: 2.8255, lr: 0.000018, batch_cost: 0.0695, reader_cost: 0.00010, ips: 57.5422 samples/sec, max_mem_reserved: 922 MB, max_mem_allocated: 673 MB | ETA 00:06:13
[2026/10/07 12:44:42] INFO: [TRAIN] epoch: 27, iter: 12640/18000, loss: 3.0248, lr: 0.000018, batch_cost: 0.0683, reader_cost: 0.00000, ips: 58.5916 samples/sec, max_mem_reserved: 922 MB, max_mem_allocated: 673 MB | ETA 00:06:05
[2026/10/07 12:44:42] INFO: [TRAIN] epoch: 27, iter: 12650/18000, loss: 2.7409, lr: 0.000018, batch_cost: 0.0670, reader_cost: 0.00010, ips: 59.7239 samples/sec, max_mem_reserved: 922 MB, max_mem_allocated: 673 MB | ETA 00:05:58
[2026/10/07 12:44:43] INFO: [TRAIN] epoch: 27, iter: 12660/18000, loss: 3.4931, lr: 0.000018, batch_cost: 0.0685, reader_cost: 0.00000, ips: 58.4228 samples/sec, max_mem_reserved: 922 MB, max_mem_allocated: 673 MB | ETA 00:06:05
[2026/10/07 12:44:44] INFO: [TRAIN] epoch: 27, iter: 12670/18000, loss: 2.6784, lr: 0.000018, batch_cost: 0.0681, reader_cost: 0.00000, ips: 58.7478 samples/sec, max_mem_reserved: 922 MB, max_mem_allocated: 673 MB | ETA 00:06:02
[2026/10/07 12:44:45] INFO: [TRAIN] epoch: 27, iter: 12680/18000, loss: 2.9006, lr: 0.000018, batch_cost: 0.0704, reader_cost: 0.00010, ips: 56.8358 samples/sec, max_mem_reserved: 922 MB, max_mem_allocated: 673 MB | ETA 00:06:14
[2026/10/07 12:44:46] INFO: [TRAIN] epoch: 27, iter: 12690/18000, loss: 2.9629, lr: 0.000018, batch_cost: 0.0703, reader_cost: 0.00015, ips: 56.9125 samples/sec, max_mem_reserved: 922 MB, max_mem_allocated: 673 MB | ETA 00:06:13
[2026/10/07 12:44:47] INFO: [TRAIN] epoch: 27, iter: 12700/18000, loss: 2.9299, lr: 0.000018, batch_cost: 0.0684, reader_cost: 0.00000, ips: 58.4876 samples/sec, max_mem_reserved: 922 MB, max_mem_allocated: 673 MB | ETA 00:06:02
[2026/10/07 12:44:47] INFO: [TRAIN] epoch: 27, iter: 12710/18000, loss: 2.8879, lr: 0.000018, batch_cost: 0.0680, reader_cost: 0.00000, ips: 58.8024 samples/sec, max_mem_reserved: 922 MB, max_mem_allocated: 673 MB | ETA 00:05:59
[2026/10/07 12:44:48] INFO: [TRAIN] epoch: 27, iter: 12720/18000, loss: 2.8606, lr: 0.000018, batch_cost: 0.0693, reader_cost: 0.00005, ips: 57.7566 samples/sec, max_mem_reserved: 922 MB, max_mem_allocated: 673 MB | ETA 00:06:05
[2026/10/07 12:44:49] INFO: [TRAIN] epoch: 27, iter: 12730/18000, loss: 2.9222, lr: 0.000018, batch_cost: 0.0695, reader_cost: 0.00020, ips: 57.5515 samples/sec, max_mem_reserved: 922 MB, max_mem_allocated: 673 MB | ETA 00:06:06
[2026/10/07 12:44:50] INFO: [TRAIN] epoch: 27, iter: 12740/18000, loss: 3.3442, lr: 0.000018, batch_cost: 0.0695, reader_cost: 0.00010, ips: 57.5154 samples/sec, max_mem_reserved: 922 MB, max_mem_allocated: 673 MB | ETA 00:06:05
[2026/10/07 12:44:51] INFO: [TRAIN] epoch: 27, iter: 12750/18000, loss: 2.7481, lr: 0.000018, batch_cost: 0.0672, reader_cost: 0.00010, ips: 59.5645 samples/sec, max_mem_reserved: 922 MB, max_mem_allocated: 673 MB | ETA 00:05:52
[2026/10/07 12:44:52] INFO: [TRAIN] epoch: 27, iter: 12760/18000, loss: 3.0664, lr: 0.000017, batch_cost: 0.0687, reader_cost: 0.00000, ips: 58.2010 samples/sec, max_mem_reserved: 922 MB, max_mem_allocated: 673 MB | ETA 00:06:00
[2026/10/07 12:44:53] INFO: [TRAIN] epoch: 27, iter: 12770/18000, loss: 3.0629, lr: 0.000017, batch_cost: 0.0688, reader_cost: 0.00020, ips: 58.1310 samples/sec, max_mem_reserved: 922 MB, max_mem_allocated: 673 MB | ETA 00:05:59
[2026/10/07 12:44:53] INFO: [TRAIN] epoch: 27, iter: 12780/18000, loss: 2.8742, lr: 0.000017, batch_cost: 0.0686, reader_cost: 0.00000, ips: 58.3285 samples/sec, max_mem_reserved: 922 MB, max_mem_allocated: 673 MB | ETA 00:05:57
[2026/10/07 12:44:54] INFO: [TRAIN] epoch: 27, iter: 12790/18000, loss: 2.9282, lr: 0.000017, batch_cost: 0.0686, reader_cost: 0.00010, ips: 58.2684 samples/sec, max_mem_reserved: 922 MB, max_mem_allocated: 673 MB | ETA 00:05:57
[2026/10/07 12:44:55] INFO: [TRAIN] epoch: 28, iter: 12800/18000, loss: 2.8636, lr: 0.000017, batch_cost: 0.0682, reader_cost: 0.00525, ips: 58.6818 samples/sec, max_mem_reserved: 922 MB, max_mem_allocated: 673 MB | ETA 00:05:54
[2026/10/07 12:44:56] INFO: [TRAIN] epoch: 28, iter: 12810/18000, loss: 2.9656, lr: 0.000017, batch_cost: 0.0690, reader_cost: 0.00030, ips: 57.9504 samples/sec, max_mem_reserved: 922 MB, max_mem_allocated: 673 MB | ETA 00:05:58
[2026/10/07 12:44:57] INFO: [TRAIN] epoch: 28, iter: 12820/18000, loss: 2.9311, lr: 0.000017, batch_cost: 0.0691, reader_cost: 0.00010, ips: 57.8878 samples/sec, max_mem_reserved: 922 MB, max_mem_allocated: 673 MB | ETA 00:05:57
[2026/10/07 12:44:58] INFO: [TRAIN] epoch: 28, iter: 12830/18000, loss: 3.1508, lr: 0.000017, batch_cost: 0.0679, reader_cost: 0.00020, ips: 58.9325 samples/sec, max_mem_reserved: 922 MB, max_mem_allocated: 673 MB | ETA 00:05:50
[2026/10/07 12:44:59] INFO: [TRAIN] epoch: 28, iter: 12840/18000, loss: 3.1146, lr: 0.000017, batch_cost: 0.0731, reader_cost: 0.00020, ips: 54.7131 samples/sec, max_mem_reserved: 922 MB, max_mem_allocated: 673 MB | ETA 00:06:17
[2026/10/07 12:44:59] INFO: [TRAIN] epoch: 28, iter: 12850/18000, loss: 2.9364, lr: 0.000017, batch_cost: 0.0692, reader_cost: 0.00030, ips: 57.7981 samples/sec, max_mem_reserved: 922 MB, max_mem_allocated: 673 MB | ETA 00:05:56
[2026/10/07 12:45:00] INFO: [TRAIN] epoch: 28, iter: 12860/18000, loss: 2.7841, lr: 0.000017, batch_cost: 0.0682, reader_cost: 0.00000, ips: 58.6676 samples/sec, max_mem_reserved: 922 MB, max_mem_allocated: 673 MB | ETA 00:05:50
[2026/10/07 12:45:01] INFO: [TRAIN] epoch: 28, iter: 12870/18000, loss: 3.3502, lr: 0.000017, batch_cost: 0.0676, reader_cost: 0.00000, ips: 59.1970 samples/sec, max_mem_reserved: 922 MB, max_mem_allocated: 673 MB | ETA 00:05:46
[2026/10/07 12:45:02] INFO: [TRAIN] epoch: 28, iter: 12880/18000, loss: 2.8769, lr: 0.000017, batch_cost: 0.0691, reader_cost: 0.00000, ips: 57.9041 samples/sec, max_mem_reserved: 922 MB, max_mem_allocated: 673 MB | ETA 00:05:53
[2026/10/07 12:45:03] INFO: [TRAIN] epoch: 28, iter: 12890/18000, loss: 2.8430, lr: 0.000017, batch_cost: 0.0695, reader_cost: 0.00000, ips: 57.5754 samples/sec, max_mem_reserved: 922 MB, max_mem_allocated: 673 MB | ETA 00:05:55
[2026/10/07 12:45:04] INFO: [TRAIN] epoch: 28, iter: 12900/18000, loss: 2.9240, lr: 0.000017, batch_cost: 0.0680, reader_cost: 0.00000, ips: 58.8469 samples/sec, max_mem_reserved: 922 MB, max_mem_allocated: 673 MB | ETA 00:05:46
[2026/10/07 12:45:04] INFO: [TRAIN] epoch: 28, iter: 12910/18000, loss: 2.8910, lr: 0.000017, batch_cost: 0.0648, reader_cost: 0.00020, ips: 61.7456 samples/sec, max_mem_reserved: 922 MB, max_mem_allocated: 673 MB | ETA 00:05:29
[2026/10/07 12:45:05] INFO: [TRAIN] epoch: 28, iter: 12920/18000, loss: 3.1536, lr: 0.000017, batch_cost: 0.0682, reader_cost: 0.00010, ips: 58.6814 samples/sec, max_mem_reserved: 922 MB, max_mem_allocated: 673 MB | ETA 00:05:46
[2026/10/07 12:45:06] INFO: [TRAIN] epoch: 28, iter: 12930/18000, loss: 3.3100, lr: 0.000017, batch_cost: 0.0679, reader_cost: 0.00000, ips: 58.9482 samples/sec, max_mem_reserved: 922 MB, max_mem_allocated: 673 MB | ETA 00:05:44
[2026/10/07 12:45:07] INFO: [TRAIN] epoch: 28, iter: 12940/18000, loss: 3.3038, lr: 0.000017, batch_cost: 0.0696, reader_cost: 0.00000, ips: 57.4776 samples/sec, max_mem_reserved: 922 MB, max_mem_allocated: 673 MB | ETA 00:05:52
[2026/10/07 12:45:08] INFO: [TRAIN] epoch: 28, iter: 12950/18000, loss: 2.9347, lr: 0.000017, batch_cost: 0.0684, reader_cost: 0.00010, ips: 58.4712 samples/sec, max_mem_reserved: 922 MB, max_mem_allocated: 673 MB | ETA 00:05:45
[2026/10/07 12:45:09] INFO: [TRAIN] epoch: 28, iter: 12960/18000, loss: 3.4083, lr: 0.000017, batch_cost: 0.0682, reader_cost: 0.00000, ips: 58.6616 samples/sec, max_mem_reserved: 922 MB, max_mem_allocated: 673 MB | ETA 00:05:43
[2026/10/07 12:45:09] INFO: [TRAIN] epoch: 28, iter: 12970/18000, loss: 2.9000, lr: 0.000017, batch_cost: 0.0680, reader_cost: 0.00000, ips: 58.7879 samples/sec, max_mem_reserved: 922 MB, max_mem_allocated: 673 MB | ETA 00:05:42
[2026/10/07 12:45:10] INFO: [TRAIN] epoch: 28, iter: 12980/18000, loss: 2.6259, lr: 0.000017, batch_cost: 0.0668, reader_cost: 0.00000, ips: 59.8791 samples/sec, max_mem_reserved: 922 MB, max_mem_allocated: 673 MB | ETA 00:05:35
[2026/10/07 12:45:11] INFO: [TRAIN] epoch: 28, iter: 12990/18000, loss: 2.9958, lr: 0.000017, batch_cost: 0.0672, reader_cost: 0.00000, ips: 59.5595 samples/sec, max_mem_reserved: 922 MB, max_mem_allocated: 673 MB | ETA 00:05:36
[2026/10/07 12:45:12] INFO: [TRAIN] epoch: 28, iter: 13000/18000, loss: 3.1100, lr: 0.000017, batch_cost: 0.0692, reader_cost: 0.00000, ips: 57.7778 samples/sec, max_mem_reserved: 922 MB, max_mem_allocated: 673 MB | ETA 00:05:46
[2026/10/07 12:45:12] INFO: Start evaluating (total_samples: 348, total_iters: 348)...

  1/348 [..............................] - ETA: 8s - batch_cost: 0.0252 - reader cost: 0.0091
  5/348 [..............................] - ETA: 5s - batch_cost: 0.0157 - reader cost: 0.0018
 10/348 [..............................] - ETA: 4s - batch_cost: 0.0136 - reader cost: 9.0621e-04
 15/348 [>.............................] - ETA: 4s - batch_cost: 0.0124 - reader cost: 6.0414e-04
 20/348 [>.............................] - ETA: 3s - batch_cost: 0.0119 - reader cost: 4.5310e-04
 25/348 [=>............................] - ETA: 3s - batch_cost: 0.0117 - reader cost: 3.6248e-04
 30/348 [=>............................] - ETA: 3s - batch_cost: 0.0116 - reader cost: 3.0207e-04
 35/348 [==>...........................] - ETA: 3s - batch_cost: 0.0114 - reader cost: 2.5892e-04
 40/348 [==>...........................] - ETA: 3s - batch_cost: 0.0113 - reader cost: 2.2655e-04
 45/348 [==>...........................] - ETA: 3s - batch_cost: 0.0112 - reader cost: 2.0138e-04
 50/348 [===>..........................] - ETA: 3s - batch_cost: 0.0111 - reader cost: 1.8124e-04
 55/348 [===>..........................] - ETA: 3s - batch_cost: 0.0110 - reader cost: 1.6476e-04
 60/348 [====>.........................] - ETA: 3s - batch_cost: 0.0110 - reader cost: 1.5103e-04
 65/348 [====>.........................] - ETA: 3s - batch_cost: 0.0110 - reader cost: 1.3942e-04
 70/348 [=====>........................] - ETA: 3s - batch_cost: 0.0110 - reader cost: 1.2946e-04
 75/348 [=====>........................] - ETA: 2s - batch_cost: 0.0109 - reader cost: 1.2083e-04
 80/348 [=====>........................] - ETA: 2s - batch_cost: 0.0109 - reader cost: 1.1328e-04
 85/348 [======>.......................] - ETA: 2s - batch_cost: 0.0109 - reader cost: 1.0661e-04
 90/348 [======>.......................] - ETA: 2s - batch_cost: 0.0109 - reader cost: 1.1164e-04
 95/348 [=======>......................] - ETA: 2s - batch_cost: 0.0109 - reader cost: 1.1641e-04
100/348 [=======>......................] - ETA: 2s - batch_cost: 0.0110 - reader cost: 1.1059e-04
105/348 [========>.....................] - ETA: 2s - batch_cost: 0.0110 - reader cost: 1.1496e-04
110/348 [========>.....................] - ETA: 2s - batch_cost: 0.0110 - reader cost: 1.1888e-04
115/348 [========>.....................] - ETA: 2s - batch_cost: 0.0110 - reader cost: 1.1372e-04
120/348 [=========>....................] - ETA: 2s - batch_cost: 0.0110 - reader cost: 1.0898e-04
125/348 [=========>....................] - ETA: 2s - batch_cost: 0.0110 - reader cost: 1.1262e-04
130/348 [==========>...................] - ETA: 2s - batch_cost: 0.0110 - reader cost: 1.1597e-04
135/348 [==========>...................] - ETA: 2s - batch_cost: 0.0110 - reader cost: 1.1168e-04
140/348 [===========>..................] - ETA: 2s - batch_cost: 0.0109 - reader cost: 1.0769e-04
145/348 [===========>..................] - ETA: 2s - batch_cost: 0.0109 - reader cost: 1.0398e-04
150/348 [===========>..................] - ETA: 2s - batch_cost: 0.0109 - reader cost: 1.0051e-04
155/348 [============>.................] - ETA: 2s - batch_cost: 0.0110 - reader cost: 9.7269e-05
160/348 [============>.................] - ETA: 2s - batch_cost: 0.0110 - reader cost: 9.4229e-05
165/348 [=============>................] - ETA: 2s - batch_cost: 0.0110 - reader cost: 9.1374e-05
170/348 [=============>................] - ETA: 1s - batch_cost: 0.0109 - reader cost: 9.4631e-05
175/348 [==============>...............] - ETA: 1s - batch_cost: 0.0110 - reader cost: 9.1927e-05
180/348 [==============>...............] - ETA: 1s - batch_cost: 0.0109 - reader cost: 8.9374e-05
185/348 [==============>...............] - ETA: 1s - batch_cost: 0.0109 - reader cost: 8.6958e-05
190/348 [===============>..............] - ETA: 1s - batch_cost: 0.0109 - reader cost: 8.9885e-05
195/348 [===============>..............] - ETA: 1s - batch_cost: 0.0109 - reader cost: 8.7580e-05
200/348 [================>.............] - ETA: 1s - batch_cost: 0.0109 - reader cost: 8.5391e-05
205/348 [================>.............] - ETA: 1s - batch_cost: 0.0109 - reader cost: 8.3308e-05
210/348 [=================>............] - ETA: 1s - batch_cost: 0.0109 - reader cost: 8.1325e-05
215/348 [=================>............] - ETA: 1s - batch_cost: 0.0109 - reader cost: 7.9433e-05
220/348 [=================>............] - ETA: 1s - batch_cost: 0.0109 - reader cost: 8.2170e-05
225/348 [==================>...........] - ETA: 1s - batch_cost: 0.0109 - reader cost: 8.0344e-05
230/348 [==================>...........] - ETA: 1s - batch_cost: 0.0109 - reader cost: 7.8597e-05
235/348 [===================>..........] - ETA: 1s - batch_cost: 0.0109 - reader cost: 7.6925e-05
240/348 [===================>..........] - ETA: 1s - batch_cost: 0.0109 - reader cost: 7.5322e-05
245/348 [====================>.........] - ETA: 1s - batch_cost: 0.0109 - reader cost: 7.3785e-05
250/348 [====================>.........] - ETA: 1s - batch_cost: 0.0109 - reader cost: 7.2309e-05
255/348 [====================>.........] - ETA: 1s - batch_cost: 0.0109 - reader cost: 7.0892e-05
260/348 [=====================>........] - ETA: 0s - batch_cost: 0.0109 - reader cost: 6.9528e-05
265/348 [=====================>........] - ETA: 0s - batch_cost: 0.0109 - reader cost: 7.1958e-05
270/348 [======================>.......] - ETA: 0s - batch_cost: 0.0109 - reader cost: 7.8033e-05
275/348 [======================>.......] - ETA: 0s - batch_cost: 0.0109 - reader cost: 7.6614e-05
280/348 [=======================>......] - ETA: 0s - batch_cost: 0.0109 - reader cost: 7.5246e-05
285/348 [=======================>......] - ETA: 0s - batch_cost: 0.0109 - reader cost: 7.3926e-05
290/348 [========================>.....] - ETA: 0s - batch_cost: 0.0109 - reader cost: 7.2651e-05
295/348 [========================>.....] - ETA: 0s - batch_cost: 0.0109 - reader cost: 7.1420e-05
300/348 [========================>.....] - ETA: 0s - batch_cost: 0.0109 - reader cost: 7.0229e-05
305/348 [=========================>....] - ETA: 0s - batch_cost: 0.0109 - reader cost: 6.9078e-05
310/348 [=========================>....] - ETA: 0s - batch_cost: 0.0110 - reader cost: 6.7964e-05
315/348 [==========================>...] - ETA: 0s - batch_cost: 0.0109 - reader cost: 6.6885e-05
320/348 [==========================>...] - ETA: 0s - batch_cost: 0.0109 - reader cost: 6.5840e-05
325/348 [===========================>..] - ETA: 0s - batch_cost: 0.0109 - reader cost: 6.4827e-05
330/348 [===========================>..] - ETA: 0s - batch_cost: 0.0109 - reader cost: 6.3845e-05
334/348 [===========================>..] - ETA: 0s - batch_cost: 0.0110 - reader cost: 6.3080e-05
339/348 [============================>.] - ETA: 0s - batch_cost: 0.0110 - reader cost: 6.2150e-05
343/348 [============================>.] - ETA: 0s - batch_cost: 0.0110 - reader cost: 6.2893e-05
348/348 [==============================] - 4s 11ms/step - batch_cost: 0.0110 - reader cost: 6.1990e-05
[2026/10/07 12:45:16] INFO: [EVAL] #Images: 348 mIoU: 0.8121 Acc: 0.9767 Kappa: 0.7745 Dice: 0.8872
[2026/10/07 12:45:16] INFO: [EVAL] Class IoU: 
[0.9757 0.6485]
[2026/10/07 12:45:16] INFO: [EVAL] Class Precision: 
[0.9857 0.8147]
[2026/10/07 12:45:16] INFO: [EVAL] Class Recall: 
[0.9896 0.7607]
[2026/10/07 12:45:16] INFO: Start evaluating (total_samples: 348, total_iters: 348)...

  1/348 [..............................] - ETA: 6s - batch_cost: 0.0200 - reader cost: 0.0070
  5/348 [..............................] - ETA: 5s - batch_cost: 0.0148 - reader cost: 0.0014
 10/348 [..............................] - ETA: 4s - batch_cost: 0.0129 - reader cost: 7.0236e-04
 15/348 [>.............................] - ETA: 4s - batch_cost: 0.0122 - reader cost: 4.6824e-04
 20/348 [>.............................] - ETA: 3s - batch_cost: 0.0118 - reader cost: 3.7711e-04
 25/348 [=>............................] - ETA: 3s - batch_cost: 0.0117 - reader cost: 3.0169e-04
 30/348 [=>............................] - ETA: 3s - batch_cost: 0.0115 - reader cost: 2.5140e-04
 35/348 [==>...........................] - ETA: 3s - batch_cost: 0.0114 - reader cost: 2.1549e-04
 40/348 [==>...........................] - ETA: 3s - batch_cost: 0.0113 - reader cost: 1.8855e-04
 45/348 [==>...........................] - ETA: 3s - batch_cost: 0.0112 - reader cost: 1.6760e-04
 50/348 [===>..........................] - ETA: 3s - batch_cost: 0.0111 - reader cost: 1.5084e-04
 55/348 [===>..........................] - ETA: 3s - batch_cost: 0.0111 - reader cost: 1.3713e-04
 60/348 [====>.........................] - ETA: 3s - batch_cost: 0.0111 - reader cost: 1.2570e-04
 65/348 [====>.........................] - ETA: 3s - batch_cost: 0.0111 - reader cost: 1.1603e-04
 70/348 [=====>........................] - ETA: 3s - batch_cost: 0.0111 - reader cost: 1.2227e-04
 75/348 [=====>........................] - ETA: 3s - batch_cost: 0.0111 - reader cost: 1.1412e-04
 80/348 [=====>........................] - ETA: 2s - batch_cost: 0.0111 - reader cost: 1.1976e-04
 85/348 [======>.......................] - ETA: 2s - batch_cost: 0.0110 - reader cost: 1.2433e-04
 90/348 [======>.......................] - ETA: 2s - batch_cost: 0.0110 - reader cost: 1.2865e-04
 95/348 [=======>......................] - ETA: 2s - batch_cost: 0.0109 - reader cost: 1.3217e-04
100/348 [=======>......................] - ETA: 2s - batch_cost: 0.0109 - reader cost: 1.2556e-04
105/348 [========>.....................] - ETA: 2s - batch_cost: 0.0109 - reader cost: 1.1958e-04
110/348 [========>.....................] - ETA: 2s - batch_cost: 0.0109 - reader cost: 1.2324e-04
115/348 [========>.....................] - ETA: 2s - batch_cost: 0.0110 - reader cost: 1.2659e-04
120/348 [=========>....................] - ETA: 2s - batch_cost: 0.0110 - reader cost: 1.3385e-04
125/348 [=========>....................] - ETA: 2s - batch_cost: 0.0110 - reader cost: 1.3664e-04
130/348 [==========>...................] - ETA: 2s - batch_cost: 0.0110 - reader cost: 1.3139e-04
135/348 [==========>...................] - ETA: 2s - batch_cost: 0.0109 - reader cost: 1.2652e-04
140/348 [===========>..................] - ETA: 2s - batch_cost: 0.0109 - reader cost: 1.2914e-04
145/348 [===========>..................] - ETA: 2s - batch_cost: 0.0109 - reader cost: 1.2469e-04
150/348 [===========>..................] - ETA: 2s - batch_cost: 0.0109 - reader cost: 1.2053e-04
155/348 [============>.................] - ETA: 2s - batch_cost: 0.0109 - reader cost: 1.1664e-04
160/348 [============>.................] - ETA: 2s - batch_cost: 0.0109 - reader cost: 1.1924e-04
165/348 [=============>................] - ETA: 1s - batch_cost: 0.0108 - reader cost: 1.1563e-04
170/348 [=============>................] - ETA: 1s - batch_cost: 0.0108 - reader cost: 1.1809e-04
175/348 [==============>...............] - ETA: 1s - batch_cost: 0.0108 - reader cost: 1.2045e-04
180/348 [==============>...............] - ETA: 1s - batch_cost: 0.0108 - reader cost: 1.1711e-04
185/348 [==============>...............] - ETA: 1s - batch_cost: 0.0108 - reader cost: 1.2476e-04
190/348 [===============>..............] - ETA: 1s - batch_cost: 0.0108 - reader cost: 1.2148e-04
195/348 [===============>..............] - ETA: 1s - batch_cost: 0.0108 - reader cost: 1.2355e-04
200/348 [================>.............] - ETA: 1s - batch_cost: 0.0108 - reader cost: 1.2046e-04
205/348 [================>.............] - ETA: 1s - batch_cost: 0.0108 - reader cost: 1.2241e-04
210/348 [=================>............] - ETA: 1s - batch_cost: 0.0108 - reader cost: 1.1949e-04
215/348 [=================>............] - ETA: 1s - batch_cost: 0.0108 - reader cost: 1.1671e-04
220/348 [=================>............] - ETA: 1s - batch_cost: 0.0108 - reader cost: 1.1406e-04
225/348 [==================>...........] - ETA: 1s - batch_cost: 0.0108 - reader cost: 1.1153e-04
230/348 [==================>...........] - ETA: 1s - batch_cost: 0.0108 - reader cost: 1.1345e-04
235/348 [===================>..........] - ETA: 1s - batch_cost: 0.0108 - reader cost: 1.1521e-04
240/348 [===================>..........] - ETA: 1s - batch_cost: 0.0108 - reader cost: 1.1697e-04
245/348 [====================>.........] - ETA: 1s - batch_cost: 0.0108 - reader cost: 1.1861e-04
250/348 [====================>.........] - ETA: 1s - batch_cost: 0.0108 - reader cost: 1.1624e-04
255/348 [====================>.........] - ETA: 1s - batch_cost: 0.0108 - reader cost: 1.1396e-04
260/348 [=====================>........] - ETA: 0s - batch_cost: 0.0108 - reader cost: 1.1177e-04
265/348 [=====================>........] - ETA: 0s - batch_cost: 0.0108 - reader cost: 1.0966e-04
270/348 [======================>.......] - ETA: 0s - batch_cost: 0.0108 - reader cost: 1.0763e-04
275/348 [======================>.......] - ETA: 0s - batch_cost: 0.0108 - reader cost: 1.0926e-04
280/348 [=======================>......] - ETA: 0s - batch_cost: 0.0108 - reader cost: 1.0731e-04
285/348 [=======================>......] - ETA: 0s - batch_cost: 0.0108 - reader cost: 1.0543e-04
290/348 [========================>.....] - ETA: 0s - batch_cost: 0.0108 - reader cost: 1.0707e-04
295/348 [========================>.....] - ETA: 0s - batch_cost: 0.0108 - reader cost: 1.0525e-04
300/348 [========================>.....] - ETA: 0s - batch_cost: 0.0108 - reader cost: 1.0350e-04
305/348 [=========================>....] - ETA: 0s - batch_cost: 0.0108 - reader cost: 1.0515e-04
310/348 [=========================>....] - ETA: 0s - batch_cost: 0.0108 - reader cost: 1.0669e-04
315/348 [==========================>...] - ETA: 0s - batch_cost: 0.0108 - reader cost: 1.0499e-04
320/348 [==========================>...] - ETA: 0s - batch_cost: 0.0108 - reader cost: 1.0335e-04
325/348 [===========================>..] - ETA: 0s - batch_cost: 0.0108 - reader cost: 1.0176e-04
330/348 [===========================>..] - ETA: 0s - batch_cost: 0.0108 - reader cost: 1.0022e-04
335/348 [===========================>..] - ETA: 0s - batch_cost: 0.0108 - reader cost: 9.8724e-05
340/348 [============================>.] - ETA: 0s - batch_cost: 0.0108 - reader cost: 9.7272e-05
345/348 [============================>.] - ETA: 0s - batch_cost: 0.0108 - reader cost: 9.5862e-05
348/348 [==============================] - 4s 11ms/step - batch_cost: 0.0108 - reader cost: 9.5036e-05
[2026/10/07 12:45:20] INFO: [EVAL] #Images: 348 mIoU: 0.8171 Acc: 0.9774 Kappa: 0.7816 Dice: 0.8908
[2026/10/07 12:45:20] INFO: [EVAL] Class IoU: 
[0.9764 0.6578]
[2026/10/07 12:45:20] INFO: [EVAL] Class Precision: 
[0.9862 0.8207]
[2026/10/07 12:45:20] INFO: [EVAL] Class Recall: 
[0.99   0.7681]
[2026/10/07 12:45:20] INFO: [EVAL] The model with the best validation mIoU (0.8169) was saved at iter 12000.
[2026/10/07 12:45:20] INFO: [EVAL] The EMA model with the best validation mIoU (0.8172) was saved at iter 12000.
[2026/10/07 12:45:21] INFO: [TRAIN] epoch: 28, iter: 13010/18000, loss: 2.8827, lr: 0.000017, batch_cost: 0.0676, reader_cost: 0.00010, ips: 59.1738 samples/sec, max_mem_reserved: 922 MB, max_mem_allocated: 673 MB | ETA 00:05:37
[2026/10/07 12:45:21] INFO: [TRAIN] epoch: 28, iter: 13020/18000, loss: 3.0969, lr: 0.000017, batch_cost: 0.0654, reader_cost: 0.00010, ips: 61.1558 samples/sec, max_mem_reserved: 922 MB, max_mem_allocated: 673 MB | ETA 00:05:25
[2026/10/07 12:45:22] INFO: [TRAIN] epoch: 28, iter: 13030/18000, loss: 3.0377, lr: 0.000017, batch_cost: 0.0645, reader_cost: 0.00000, ips: 62.0388 samples/sec, max_mem_reserved: 922 MB, max_mem_allocated: 673 MB | ETA 00:05:20
[2026/10/07 12:45:23] INFO: [TRAIN] epoch: 28, iter: 13040/18000, loss: 2.8913, lr: 0.000017, batch_cost: 0.0645, reader_cost: 0.00000, ips: 62.0371 samples/sec, max_mem_reserved: 922 MB, max_mem_allocated: 673 MB | ETA 00:05:19
[2026/10/07 12:45:24] INFO: [TRAIN] epoch: 28, iter: 13050/18000, loss: 2.8904, lr: 0.000017, batch_cost: 0.0653, reader_cost: 0.00020, ips: 61.2668 samples/sec, max_mem_reserved: 922 MB, max_mem_allocated: 673 MB | ETA 00:05:23
[2026/10/07 12:45:25] INFO: [TRAIN] epoch: 28, iter: 13060/18000, loss: 2.7185, lr: 0.000016, batch_cost: 0.0642, reader_cost: 0.00020, ips: 62.3537 samples/sec, max_mem_reserved: 922 MB, max_mem_allocated: 673 MB | ETA 00:05:16
[2026/10/07 12:45:25] INFO: [TRAIN] epoch: 28, iter: 13070/18000, loss: 2.8406, lr: 0.000016, batch_cost: 0.0645, reader_cost: 0.00000, ips: 62.0547 samples/sec, max_mem_reserved: 922 MB, max_mem_allocated: 673 MB | ETA 00:05:17
[2026/10/07 12:45:26] INFO: [TRAIN] epoch: 28, iter: 13080/18000, loss: 2.9632, lr: 0.000016, batch_cost: 0.0637, reader_cost: 0.00010, ips: 62.8417 samples/sec, max_mem_reserved: 922 MB, max_mem_allocated: 673 MB | ETA 00:05:13
[2026/10/07 12:45:27] INFO: [TRAIN] epoch: 28, iter: 13090/18000, loss: 2.9265, lr: 0.000016, batch_cost: 0.0687, reader_cost: 0.00010, ips: 58.2662 samples/sec, max_mem_reserved: 922 MB, max_mem_allocated: 673 MB | ETA 00:05:37
[2026/10/07 12:45:28] INFO: [TRAIN] epoch: 28, iter: 13100/18000, loss: 3.1098, lr: 0.000016, batch_cost: 0.0695, reader_cost: 0.00010, ips: 57.5255 samples/sec, max_mem_reserved: 922 MB, max_mem_allocated: 673 MB | ETA 00:05:40
[2026/10/07 12:45:29] INFO: [TRAIN] epoch: 28, iter: 13110/18000, loss: 3.0462, lr: 0.000016, batch_cost: 0.0722, reader_cost: 0.00000, ips: 55.3917 samples/sec, max_mem_reserved: 922 MB, max_mem_allocated: 673 MB | ETA 00:05:53
[2026/10/07 12:45:30] INFO: [TRAIN] epoch: 28, iter: 13120/18000, loss: 3.0113, lr: 0.000016, batch_cost: 0.0724, reader_cost: 0.00010, ips: 55.2350 samples/sec, max_mem_reserved: 922 MB, max_mem_allocated: 673 MB | ETA 00:05:53
[2026/10/07 12:45:30] INFO: [TRAIN] epoch: 28, iter: 13130/18000, loss: 3.1442, lr: 0.000016, batch_cost: 0.0711, reader_cost: 0.00000, ips: 56.2230 samples/sec, max_mem_reserved: 922 MB, max_mem_allocated: 673 MB | ETA 00:05:46
[2026/10/07 12:45:31] INFO: [TRAIN] epoch: 28, iter: 13140/18000, loss: 2.8321, lr: 0.000016, batch_cost: 0.0708, reader_cost: 0.00005, ips: 56.4712 samples/sec, max_mem_reserved: 922 MB, max_mem_allocated: 673 MB | ETA 00:05:44
[2026/10/07 12:45:32] INFO: [TRAIN] epoch: 28, iter: 13150/18000, loss: 2.9324, lr: 0.000016, batch_cost: 0.0708, reader_cost: 0.00015, ips: 56.4846 samples/sec, max_mem_reserved: 922 MB, max_mem_allocated: 673 MB | ETA 00:05:43
[2026/10/07 12:45:33] INFO: [TRAIN] epoch: 28, iter: 13160/18000, loss: 3.1549, lr: 0.000016, batch_cost: 0.0650, reader_cost: 0.00010, ips: 61.5717 samples/sec, max_mem_reserved: 922 MB, max_mem_allocated: 673 MB | ETA 00:05:14
[2026/10/07 12:45:34] INFO: [TRAIN] epoch: 28, iter: 13170/18000, loss: 3.0377, lr: 0.000016, batch_cost: 0.0701, reader_cost: 0.00000, ips: 57.0790 samples/sec, max_mem_reserved: 922 MB, max_mem_allocated: 673 MB | ETA 00:05:38
[2026/10/07 12:45:35] INFO: [TRAIN] epoch: 28, iter: 13180/18000, loss: 3.1984, lr: 0.000016, batch_cost: 0.0685, reader_cost: 0.00000, ips: 58.3631 samples/sec, max_mem_reserved: 922 MB, max_mem_allocated: 673 MB | ETA 00:05:30
[2026/10/07 12:45:36] INFO: [TRAIN] epoch: 28, iter: 13190/18000, loss: 3.0501, lr: 0.000016, batch_cost: 0.0689, reader_cost: 0.00015, ips: 58.0881 samples/sec, max_mem_reserved: 922 MB, max_mem_allocated: 673 MB | ETA 00:05:31
[2026/10/07 12:45:36] INFO: [TRAIN] epoch: 28, iter: 13200/18000, loss: 3.1158, lr: 0.000016, batch_cost: 0.0671, reader_cost: 0.00000, ips: 59.6340 samples/sec, max_mem_reserved: 922 MB, max_mem_allocated: 673 MB | ETA 00:05:21
[2026/10/07 12:45:37] INFO: [TRAIN] epoch: 28, iter: 13210/18000, loss: 2.7119, lr: 0.000016, batch_cost: 0.0681, reader_cost: 0.00005, ips: 58.6974 samples/sec, max_mem_reserved: 922 MB, max_mem_allocated: 673 MB | ETA 00:05:26
[2026/10/07 12:45:38] INFO: [TRAIN] epoch: 28, iter: 13220/18000, loss: 3.0063, lr: 0.000016, batch_cost: 0.0704, reader_cost: 0.00000, ips: 56.8063 samples/sec, max_mem_reserved: 922 MB, max_mem_allocated: 673 MB | ETA 00:05:36
[2026/10/07 12:45:39] INFO: [TRAIN] epoch: 28, iter: 13230/18000, loss: 2.8070, lr: 0.000016, batch_cost: 0.0701, reader_cost: 0.00000, ips: 57.0592 samples/sec, max_mem_reserved: 922 MB, max_mem_allocated: 673 MB | ETA 00:05:34
[2026/10/07 12:45:40] INFO: [TRAIN] epoch: 28, iter: 13240/18000, loss: 2.8629, lr: 0.000016, batch_cost: 0.0693, reader_cost: 0.00015, ips: 57.7551 samples/sec, max_mem_reserved: 922 MB, max_mem_allocated: 673 MB | ETA 00:05:29
[2026/10/07 12:45:41] INFO: [TRAIN] epoch: 28, iter: 13250/18000, loss: 2.9786, lr: 0.000016, batch_cost: 0.0693, reader_cost: 0.00000, ips: 57.6939 samples/sec, max_mem_reserved: 922 MB, max_mem_allocated: 673 MB | ETA 00:05:29
[2026/10/07 12:45:41] INFO: [TRAIN] epoch: 28, iter: 13260/18000, loss: 2.9555, lr: 0.000016, batch_cost: 0.0684, reader_cost: 0.00000, ips: 58.4388 samples/sec, max_mem_reserved: 922 MB, max_mem_allocated: 673 MB | ETA 00:05:24
[2026/10/07 12:45:42] INFO: [TRAIN] epoch: 28, iter: 13270/18000, loss: 2.5928, lr: 0.000016, batch_cost: 0.0654, reader_cost: 0.00000, ips: 61.1298 samples/sec, max_mem_reserved: 922 MB, max_mem_allocated: 673 MB | ETA 00:05:09
[2026/10/07 12:45:43] INFO: [TRAIN] epoch: 29, iter: 13280/18000, loss: 2.7131, lr: 0.000016, batch_cost: 0.0714, reader_cost: 0.00480, ips: 56.0172 samples/sec, max_mem_reserved: 922 MB, max_mem_allocated: 673 MB | ETA 00:05:37
[2026/10/07 12:45:44] INFO: [TRAIN] epoch: 29, iter: 13290/18000, loss: 2.6615, lr: 0.000016, batch_cost: 0.0687, reader_cost: 0.00000, ips: 58.2016 samples/sec, max_mem_reserved: 922 MB, max_mem_allocated: 673 MB | ETA 00:05:23
[2026/10/07 12:45:45] INFO: [TRAIN] epoch: 29, iter: 13300/18000, loss: 2.9873, lr: 0.000016, batch_cost: 0.0688, reader_cost: 0.00000, ips: 58.1039 samples/sec, max_mem_reserved: 922 MB, max_mem_allocated: 673 MB | ETA 00:05:23
[2026/10/07 12:45:46] INFO: [TRAIN] epoch: 29, iter: 13310/18000, loss: 3.1975, lr: 0.000016, batch_cost: 0.0686, reader_cost: 0.00000, ips: 58.3508 samples/sec, max_mem_reserved: 922 MB, max_mem_allocated: 673 MB | ETA 00:05:21
[2026/10/07 12:45:47] INFO: [TRAIN] epoch: 29, iter: 13320/18000, loss: 3.3134, lr: 0.000016, batch_cost: 0.0683, reader_cost: 0.00000, ips: 58.5856 samples/sec, max_mem_reserved: 922 MB, max_mem_allocated: 673 MB | ETA 00:05:19
[2026/10/07 12:45:47] INFO: [TRAIN] epoch: 29, iter: 13330/18000, loss: 3.2439, lr: 0.000016, batch_cost: 0.0708, reader_cost: 0.00000, ips: 56.5261 samples/sec, max_mem_reserved: 922 MB, max_mem_allocated: 673 MB | ETA 00:05:30
[2026/10/07 12:45:48] INFO: [TRAIN] epoch: 29, iter: 13340/18000, loss: 2.7872, lr: 0.000016, batch_cost: 0.0688, reader_cost: 0.00000, ips: 58.0995 samples/sec, max_mem_reserved: 922 MB, max_mem_allocated: 673 MB | ETA 00:05:20
[2026/10/07 12:45:49] INFO: [TRAIN] epoch: 29, iter: 13350/18000, loss: 2.8697, lr: 0.000016, batch_cost: 0.0686, reader_cost: 0.00000, ips: 58.2873 samples/sec, max_mem_reserved: 922 MB, max_mem_allocated: 673 MB | ETA 00:05:19
[2026/10/07 12:45:50] INFO: [TRAIN] epoch: 29, iter: 13360/18000, loss: 2.6550, lr: 0.000015, batch_cost: 0.0680, reader_cost: 0.00000, ips: 58.8466 samples/sec, max_mem_reserved: 922 MB, max_mem_allocated: 673 MB | ETA 00:05:15
[2026/10/07 12:45:51] INFO: [TRAIN] epoch: 29, iter: 13370/18000, loss: 3.0058, lr: 0.000015, batch_cost: 0.0693, reader_cost: 0.00030, ips: 57.6889 samples/sec, max_mem_reserved: 922 MB, max_mem_allocated: 673 MB | ETA 00:05:21
[2026/10/07 12:45:52] INFO: [TRAIN] epoch: 29, iter: 13380/18000, loss: 3.0862, lr: 0.000015, batch_cost: 0.0697, reader_cost: 0.00000, ips: 57.4077 samples/sec, max_mem_reserved: 922 MB, max_mem_allocated: 673 MB | ETA 00:05:21
[2026/10/07 12:45:53] INFO: [TRAIN] epoch: 29, iter: 13390/18000, loss: 3.1129, lr: 0.000015, batch_cost: 0.0687, reader_cost: 0.00000, ips: 58.1967 samples/sec, max_mem_reserved: 922 MB, max_mem_allocated: 673 MB | ETA 00:05:16
[2026/10/07 12:45:53] INFO: [TRAIN] epoch: 29, iter: 13400/18000, loss: 3.0738, lr: 0.000015, batch_cost: 0.0686, reader_cost: 0.00000, ips: 58.3332 samples/sec, max_mem_reserved: 922 MB, max_mem_allocated: 673 MB | ETA 00:05:15
[2026/10/07 12:45:54] INFO: [TRAIN] epoch: 29, iter: 13410/18000, loss: 3.0990, lr: 0.000015, batch_cost: 0.0699, reader_cost: 0.00010, ips: 57.1906 samples/sec, max_mem_reserved: 922 MB, max_mem_allocated: 673 MB | ETA 00:05:21
[2026/10/07 12:45:55] INFO: [TRAIN] epoch: 29, iter: 13420/18000, loss: 2.7760, lr: 0.000015, batch_cost: 0.0699, reader_cost: 0.00009, ips: 57.2563 samples/sec, max_mem_reserved: 922 MB, max_mem_allocated: 673 MB | ETA 00:05:19
[2026/10/07 12:45:56] INFO: [TRAIN] epoch: 29, iter: 13430/18000, loss: 3.0724, lr: 0.000015, batch_cost: 0.0691, reader_cost: 0.00000, ips: 57.8901 samples/sec, max_mem_reserved: 922 MB, max_mem_allocated: 673 MB | ETA 00:05:15
[2026/10/07 12:45:57] INFO: [TRAIN] epoch: 29, iter: 13440/18000, loss: 2.9218, lr: 0.000015, batch_cost: 0.0694, reader_cost: 0.00000, ips: 57.6150 samples/sec, max_mem_reserved: 922 MB, max_mem_allocated: 673 MB | ETA 00:05:16
[2026/10/07 12:45:58] INFO: [TRAIN] epoch: 29, iter: 13450/18000, loss: 3.0978, lr: 0.000015, batch_cost: 0.0698, reader_cost: 0.00010, ips: 57.3095 samples/sec, max_mem_reserved: 922 MB, max_mem_allocated: 673 MB | ETA 00:05:17
[2026/10/07 12:45:59] INFO: [TRAIN] epoch: 29, iter: 13460/18000, loss: 2.9202, lr: 0.000015, batch_cost: 0.0703, reader_cost: 0.00010, ips: 56.9257 samples/sec, max_mem_reserved: 922 MB, max_mem_allocated: 673 MB | ETA 00:05:19
[2026/10/07 12:45:59] INFO: [TRAIN] epoch: 29, iter: 13470/18000, loss: 2.8892, lr: 0.000015, batch_cost: 0.0675, reader_cost: 0.00000, ips: 59.2541 samples/sec, max_mem_reserved: 922 MB, max_mem_allocated: 673 MB | ETA 00:05:05
[2026/10/07 12:46:00] INFO: [TRAIN] epoch: 29, iter: 13480/18000, loss: 3.0183, lr: 0.000015, batch_cost: 0.0694, reader_cost: 0.00000, ips: 57.6652 samples/sec, max_mem_reserved: 922 MB, max_mem_allocated: 673 MB | ETA 00:05:13
[2026/10/07 12:46:01] INFO: [TRAIN] epoch: 29, iter: 13490/18000, loss: 3.1577, lr: 0.000015, batch_cost: 0.0693, reader_cost: 0.00000, ips: 57.7238 samples/sec, max_mem_reserved: 922 MB, max_mem_allocated: 673 MB | ETA 00:05:12
[2026/10/07 12:46:02] INFO: [TRAIN] epoch: 29, iter: 13500/18000, loss: 2.7409, lr: 0.000015, batch_cost: 0.0680, reader_cost: 0.00000, ips: 58.8227 samples/sec, max_mem_reserved: 922 MB, max_mem_allocated: 673 MB | ETA 00:05:06
[2026/10/07 12:46:03] INFO: [TRAIN] epoch: 29, iter: 13510/18000, loss: 3.1939, lr: 0.000015, batch_cost: 0.0690, reader_cost: 0.00010, ips: 58.0026 samples/sec, max_mem_reserved: 922 MB, max_mem_allocated: 673 MB | ETA 00:05:09
[2026/10/07 12:46:04] INFO: [TRAIN] epoch: 29, iter: 13520/18000, loss: 3.3620, lr: 0.000015, batch_cost: 0.0683, reader_cost: 0.00010, ips: 58.6072 samples/sec, max_mem_reserved: 922 MB, max_mem_allocated: 673 MB | ETA 00:05:05
[2026/10/07 12:46:04] INFO: [TRAIN] epoch: 29, iter: 13530/18000, loss: 2.8891, lr: 0.000015, batch_cost: 0.0667, reader_cost: 0.00000, ips: 59.9316 samples/sec, max_mem_reserved: 922 MB, max_mem_allocated: 673 MB | ETA 00:04:58
[2026/10/07 12:46:05] INFO: [TRAIN] epoch: 29, iter: 13540/18000, loss: 2.8834, lr: 0.000015, batch_cost: 0.0671, reader_cost: 0.00000, ips: 59.6483 samples/sec, max_mem_reserved: 922 MB, max_mem_allocated: 673 MB | ETA 00:04:59
[2026/10/07 12:46:06] INFO: [TRAIN] epoch: 29, iter: 13550/18000, loss: 3.0505, lr: 0.000015, batch_cost: 0.0696, reader_cost: 0.00020, ips: 57.5073 samples/sec, max_mem_reserved: 922 MB, max_mem_allocated: 673 MB | ETA 00:05:09
[2026/10/07 12:46:07] INFO: [TRAIN] epoch: 29, iter: 13560/18000, loss: 2.8890, lr: 0.000015, batch_cost: 0.0651, reader_cost: 0.00000, ips: 61.4109 samples/sec, max_mem_reserved: 922 MB, max_mem_allocated: 673 MB | ETA 00:04:49
[2026/10/07 12:46:08] INFO: [TRAIN] epoch: 29, iter: 13570/18000, loss: 3.1736, lr: 0.000015, batch_cost: 0.0673, reader_cost: 0.00005, ips: 59.4574 samples/sec, max_mem_reserved: 922 MB, max_mem_allocated: 673 MB | ETA 00:04:58
[2026/10/07 12:46:09] INFO: [TRAIN] epoch: 29, iter: 13580/18000, loss: 3.2084, lr: 0.000015, batch_cost: 0.0652, reader_cost: 0.00000, ips: 61.3842 samples/sec, max_mem_reserved: 922 MB, max_mem_allocated: 673 MB | ETA 00:04:48
[2026/10/07 12:46:09] INFO: [TRAIN] epoch: 29, iter: 13590/18000, loss: 2.8428, lr: 0.000015, batch_cost: 0.0701, reader_cost: 0.00005, ips: 57.0897 samples/sec, max_mem_reserved: 922 MB, max_mem_allocated: 673 MB | ETA 00:05:08
[2026/10/07 12:46:10] INFO: [TRAIN] epoch: 29, iter: 13600/18000, loss: 3.3670, lr: 0.000015, batch_cost: 0.0668, reader_cost: 0.00010, ips: 59.8487 samples/sec, max_mem_reserved: 922 MB, max_mem_allocated: 673 MB | ETA 00:04:54
[2026/10/07 12:46:11] INFO: [TRAIN] epoch: 29, iter: 13610/18000, loss: 2.8066, lr: 0.000015, batch_cost: 0.0662, reader_cost: 0.00000, ips: 60.4007 samples/sec, max_mem_reserved: 922 MB, max_mem_allocated: 673 MB | ETA 00:04:50
[2026/10/07 12:46:12] INFO: [TRAIN] epoch: 29, iter: 13620/18000, loss: 2.9558, lr: 0.000015, batch_cost: 0.0663, reader_cost: 0.00000, ips: 60.3339 samples/sec, max_mem_reserved: 922 MB, max_mem_allocated: 673 MB | ETA 00:04:50
[2026/10/07 12:46:13] INFO: [TRAIN] epoch: 29, iter: 13630/18000, loss: 3.1588, lr: 0.000015, batch_cost: 0.0661, reader_cost: 0.00000, ips: 60.5459 samples/sec, max_mem_reserved: 922 MB, max_mem_allocated: 673 MB | ETA 00:04:48
[2026/10/07 12:46:14] INFO: [TRAIN] epoch: 29, iter: 13640/18000, loss: 2.8779, lr: 0.000015, batch_cost: 0.0679, reader_cost: 0.00020, ips: 58.8989 samples/sec, max_mem_reserved: 922 MB, max_mem_allocated: 673 MB | ETA 00:04:56
[2026/10/07 12:46:14] INFO: [TRAIN] epoch: 29, iter: 13650/18000, loss: 2.5290, lr: 0.000015, batch_cost: 0.0661, reader_cost: 0.00000, ips: 60.5092 samples/sec, max_mem_reserved: 922 MB, max_mem_allocated: 673 MB | ETA 00:04:47
[2026/10/07 12:46:15] INFO: [TRAIN] epoch: 29, iter: 13660/18000, loss: 2.6624, lr: 0.000014, batch_cost: 0.0637, reader_cost: 0.00010, ips: 62.8414 samples/sec, max_mem_reserved: 922 MB, max_mem_allocated: 673 MB | ETA 00:04:36
[2026/10/07 12:46:16] INFO: [TRAIN] epoch: 29, iter: 13670/18000, loss: 3.2129, lr: 0.000014, batch_cost: 0.0652, reader_cost: 0.00000, ips: 61.3648 samples/sec, max_mem_reserved: 922 MB, max_mem_allocated: 673 MB | ETA 00:04:42
[2026/10/07 12:46:17] INFO: [TRAIN] epoch: 29, iter: 13680/18000, loss: 2.7073, lr: 0.000014, batch_cost: 0.0647, reader_cost: 0.00020, ips: 61.8145 samples/sec, max_mem_reserved: 922 MB, max_mem_allocated: 673 MB | ETA 00:04:39
[2026/10/07 12:46:18] INFO: [TRAIN] epoch: 29, iter: 13690/18000, loss: 2.8704, lr: 0.000014, batch_cost: 0.0650, reader_cost: 0.00010, ips: 61.5588 samples/sec, max_mem_reserved: 922 MB, max_mem_allocated: 673 MB | ETA 00:04:40
[2026/10/07 12:46:19] INFO: [TRAIN] epoch: 29, iter: 13700/18000, loss: 2.7696, lr: 0.000014, batch_cost: 0.0683, reader_cost: 0.00000, ips: 58.5824 samples/sec, max_mem_reserved: 922 MB, max_mem_allocated: 673 MB | ETA 00:04:53
[2026/10/07 12:46:19] INFO: [TRAIN] epoch: 29, iter: 13710/18000, loss: 3.2193, lr: 0.000014, batch_cost: 0.0705, reader_cost: 0.00000, ips: 56.7565 samples/sec, max_mem_reserved: 922 MB, max_mem_allocated: 673 MB | ETA 00:05:02
[2026/10/07 12:46:20] INFO: [TRAIN] epoch: 29, iter: 13720/18000, loss: 2.8815, lr: 0.000014, batch_cost: 0.0674, reader_cost: 0.00010, ips: 59.3236 samples/sec, max_mem_reserved: 922 MB, max_mem_allocated: 673 MB | ETA 00:04:48
[2026/10/07 12:46:21] INFO: [TRAIN] epoch: 29, iter: 13730/18000, loss: 3.0184, lr: 0.000014, batch_cost: 0.0683, reader_cost: 0.00020, ips: 58.5897 samples/sec, max_mem_reserved: 922 MB, max_mem_allocated: 673 MB | ETA 00:04:51
[2026/10/07 12:46:22] INFO: [TRAIN] epoch: 29, iter: 13740/18000, loss: 3.0997, lr: 0.000014, batch_cost: 0.0675, reader_cost: 0.00000, ips: 59.2416 samples/sec, max_mem_reserved: 922 MB, max_mem_allocated: 673 MB | ETA 00:04:47
[2026/10/07 12:46:23] INFO: [TRAIN] epoch: 30, iter: 13750/18000, loss: 2.9404, lr: 0.000014, batch_cost: 0.0673, reader_cost: 0.00481, ips: 59.4745 samples/sec, max_mem_reserved: 922 MB, max_mem_allocated: 673 MB | ETA 00:04:45
[2026/10/07 12:46:24] INFO: [TRAIN] epoch: 30, iter: 13760/18000, loss: 3.0268, lr: 0.000014, batch_cost: 0.0658, reader_cost: 0.00020, ips: 60.8364 samples/sec, max_mem_reserved: 922 MB, max_mem_allocated: 673 MB | ETA 00:04:38
[2026/10/07 12:46:24] INFO: [TRAIN] epoch: 30, iter: 13770/18000, loss: 3.4019, lr: 0.000014, batch_cost: 0.0701, reader_cost: 0.00000, ips: 57.0370 samples/sec, max_mem_reserved: 922 MB, max_mem_allocated: 673 MB | ETA 00:04:56
[2026/10/07 12:46:25] INFO: [TRAIN] epoch: 30, iter: 13780/18000, loss: 2.8490, lr: 0.000014, batch_cost: 0.0703, reader_cost: 0.00010, ips: 56.9381 samples/sec, max_mem_reserved: 922 MB, max_mem_allocated: 673 MB | ETA 00:04:56
[2026/10/07 12:46:26] INFO: [TRAIN] epoch: 30, iter: 13790/18000, loss: 2.9402, lr: 0.000014, batch_cost: 0.0709, reader_cost: 0.00000, ips: 56.4342 samples/sec, max_mem_reserved: 922 MB, max_mem_allocated: 673 MB | ETA 00:04:58
[2026/10/07 12:46:27] INFO: [TRAIN] epoch: 30, iter: 13800/18000, loss: 3.2798, lr: 0.000014, batch_cost: 0.0722, reader_cost: 0.00010, ips: 55.3733 samples/sec, max_mem_reserved: 922 MB, max_mem_allocated: 673 MB | ETA 00:05:03
[2026/10/07 12:46:28] INFO: [TRAIN] epoch: 30, iter: 13810/18000, loss: 2.9189, lr: 0.000014, batch_cost: 0.0706, reader_cost: 0.00010, ips: 56.6481 samples/sec, max_mem_reserved: 922 MB, max_mem_allocated: 673 MB | ETA 00:04:55
[2026/10/07 12:46:29] INFO: [TRAIN] epoch: 30, iter: 13820/18000, loss: 2.8203, lr: 0.000014, batch_cost: 0.0698, reader_cost: 0.00010, ips: 57.3443 samples/sec, max_mem_reserved: 922 MB, max_mem_allocated: 673 MB | ETA 00:04:51
[2026/10/07 12:46:30] INFO: [TRAIN] epoch: 30, iter: 13830/18000, loss: 2.9737, lr: 0.000014, batch_cost: 0.0673, reader_cost: 0.00010, ips: 59.4138 samples/sec, max_mem_reserved: 922 MB, max_mem_allocated: 673 MB | ETA 00:04:40
[2026/10/07 12:46:30] INFO: [TRAIN] epoch: 30, iter: 13840/18000, loss: 2.8237, lr: 0.000014, batch_cost: 0.0650, reader_cost: 0.00020, ips: 61.5501 samples/sec, max_mem_reserved: 922 MB, max_mem_allocated: 673 MB | ETA 00:04:30
[2026/10/07 12:46:31] INFO: [TRAIN] epoch: 30, iter: 13850/18000, loss: 2.9167, lr: 0.000014, batch_cost: 0.0663, reader_cost: 0.00000, ips: 60.3309 samples/sec, max_mem_reserved: 922 MB, max_mem_allocated: 673 MB | ETA 00:04:35
[2026/10/07 12:46:32] INFO: [TRAIN] epoch: 30, iter: 13860/18000, loss: 2.8621, lr: 0.000014, batch_cost: 0.0647, reader_cost: 0.00000, ips: 61.8610 samples/sec, max_mem_reserved: 922 MB, max_mem_allocated: 673 MB | ETA 00:04:27
[2026/10/07 12:46:33] INFO: [TRAIN] epoch: 30, iter: 13870/18000, loss: 2.7408, lr: 0.000014, batch_cost: 0.0657, reader_cost: 0.00000, ips: 60.8683 samples/sec, max_mem_reserved: 922 MB, max_mem_allocated: 673 MB | ETA 00:04:31
[2026/10/07 12:46:34] INFO: [TRAIN] epoch: 30, iter: 13880/18000, loss: 2.8062, lr: 0.000014, batch_cost: 0.0714, reader_cost: 0.00000, ips: 56.0273 samples/sec, max_mem_reserved: 922 MB, max_mem_allocated: 673 MB | ETA 00:04:54
[2026/10/07 12:46:35] INFO: [TRAIN] epoch: 30, iter: 13890/18000, loss: 2.8335, lr: 0.000014, batch_cost: 0.0691, reader_cost: 0.00005, ips: 57.8820 samples/sec, max_mem_reserved: 922 MB, max_mem_allocated: 673 MB | ETA 00:04:44
[2026/10/07 12:46:35] INFO: [TRAIN] epoch: 30, iter: 13900/18000, loss: 3.1122, lr: 0.000014, batch_cost: 0.0686, reader_cost: 0.00000, ips: 58.3112 samples/sec, max_mem_reserved: 922 MB, max_mem_allocated: 673 MB | ETA 00:04:41
[2026/10/07 12:46:36] INFO: [TRAIN] epoch: 30, iter: 13910/18000, loss: 3.0562, lr: 0.000014, batch_cost: 0.0697, reader_cost: 0.00000, ips: 57.3723 samples/sec, max_mem_reserved: 922 MB, max_mem_allocated: 673 MB | ETA 00:04:45
[2026/10/07 12:46:37] INFO: [TRAIN] epoch: 30, iter: 13920/18000, loss: 3.2242, lr: 0.000014, batch_cost: 0.0687, reader_cost: 0.00000, ips: 58.2603 samples/sec, max_mem_reserved: 922 MB, max_mem_allocated: 673 MB | ETA 00:04:40
[2026/10/07 12:46:38] INFO: [TRAIN] epoch: 30, iter: 13930/18000, loss: 2.5195, lr: 0.000014, batch_cost: 0.0695, reader_cost: 0.00010, ips: 57.5153 samples/sec, max_mem_reserved: 922 MB, max_mem_allocated: 673 MB | ETA 00:04:43
[2026/10/07 12:46:39] INFO: [TRAIN] epoch: 30, iter: 13940/18000, loss: 3.1184, lr: 0.000014, batch_cost: 0.0690, reader_cost: 0.00000, ips: 57.9364 samples/sec, max_mem_reserved: 922 MB, max_mem_allocated: 673 MB | ETA 00:04:40
[2026/10/07 12:46:40] INFO: [TRAIN] epoch: 30, iter: 13950/18000, loss: 3.1625, lr: 0.000014, batch_cost: 0.0692, reader_cost: 0.00020, ips: 57.7829 samples/sec, max_mem_reserved: 922 MB, max_mem_allocated: 673 MB | ETA 00:04:40
[2026/10/07 12:46:41] INFO: [TRAIN] epoch: 30, iter: 13960/18000, loss: 3.0533, lr: 0.000013, batch_cost: 0.0707, reader_cost: 0.00010, ips: 56.5617 samples/sec, max_mem_reserved: 922 MB, max_mem_allocated: 673 MB | ETA 00:04:45
[2026/10/07 12:46:41] INFO: [TRAIN] epoch: 30, iter: 13970/18000, loss: 2.7572, lr: 0.000013, batch_cost: 0.0700, reader_cost: 0.00000, ips: 57.1389 samples/sec, max_mem_reserved: 922 MB, max_mem_allocated: 673 MB | ETA 00:04:42
[2026/10/07 12:46:42] INFO: [TRAIN] epoch: 30, iter: 13980/18000, loss: 3.2448, lr: 0.000013, batch_cost: 0.0681, reader_cost: 0.00010, ips: 58.7651 samples/sec, max_mem_reserved: 922 MB, max_mem_allocated: 673 MB | ETA 00:04:33
[2026/10/07 12:46:43] INFO: [TRAIN] epoch: 30, iter: 13990/18000, loss: 2.9788, lr: 0.000013, batch_cost: 0.0696, reader_cost: 0.00000, ips: 57.4949 samples/sec, max_mem_reserved: 922 MB, max_mem_allocated: 673 MB | ETA 00:04:38
[2026/10/07 12:46:44] INFO: [TRAIN] epoch: 30, iter: 14000/18000, loss: 3.2907, lr: 0.000013, batch_cost: 0.0670, reader_cost: 0.00000, ips: 59.7172 samples/sec, max_mem_reserved: 922 MB, max_mem_allocated: 673 MB | ETA 00:04:27
[2026/10/07 12:46:44] INFO: Start evaluating (total_samples: 348, total_iters: 348)...

  1/348 [..............................] - ETA: 6s - batch_cost: 0.0202 - reader cost: 0.0081
  5/348 [..............................] - ETA: 4s - batch_cost: 0.0145 - reader cost: 0.0016
 10/348 [..............................] - ETA: 4s - batch_cost: 0.0131 - reader cost: 8.1272e-04
 15/348 [>.............................] - ETA: 4s - batch_cost: 0.0124 - reader cost: 5.4181e-04
 20/348 [>.............................] - ETA: 3s - batch_cost: 0.0119 - reader cost: 4.0636e-04
 25/348 [=>............................] - ETA: 3s - batch_cost: 0.0117 - reader cost: 3.2509e-04
 30/348 [=>............................] - ETA: 3s - batch_cost: 0.0118 - reader cost: 2.7091e-04
 35/348 [==>...........................] - ETA: 3s - batch_cost: 0.0117 - reader cost: 2.3221e-04
 40/348 [==>...........................] - ETA: 3s - batch_cost: 0.0118 - reader cost: 2.1992e-04
 44/348 [==>...........................] - ETA: 3s - batch_cost: 0.0118 - reader cost: 1.9993e-04
 49/348 [===>..........................] - ETA: 3s - batch_cost: 0.0119 - reader cost: 1.7953e-04
 53/348 [===>..........................] - ETA: 3s - batch_cost: 0.0120 - reader cost: 1.8485e-04
 57/348 [===>..........................] - ETA: 3s - batch_cost: 0.0120 - reader cost: 1.8120e-04
 62/348 [====>.........................] - ETA: 3s - batch_cost: 0.0120 - reader cost: 1.6659e-04
 67/348 [====>.........................] - ETA: 3s - batch_cost: 0.0119 - reader cost: 1.5415e-04
 72/348 [=====>........................] - ETA: 3s - batch_cost: 0.0119 - reader cost: 1.4345e-04
 77/348 [=====>........................] - ETA: 3s - batch_cost: 0.0118 - reader cost: 1.3413e-04
 82/348 [======>.......................] - ETA: 3s - batch_cost: 0.0118 - reader cost: 1.2595e-04
 87/348 [======>.......................] - ETA: 3s - batch_cost: 0.0117 - reader cost: 1.1872e-04
 92/348 [======>.......................] - ETA: 3s - batch_cost: 0.0117 - reader cost: 1.1226e-04
 97/348 [=======>......................] - ETA: 2s - batch_cost: 0.0117 - reader cost: 1.1693e-04
102/348 [=======>......................] - ETA: 2s - batch_cost: 0.0116 - reader cost: 1.1120e-04
107/348 [========>.....................] - ETA: 2s - batch_cost: 0.0116 - reader cost: 1.1528e-04
112/348 [========>.....................] - ETA: 2s - batch_cost: 0.0116 - reader cost: 1.1013e-04
117/348 [=========>....................] - ETA: 2s - batch_cost: 0.0115 - reader cost: 1.0543e-04
122/348 [=========>....................] - ETA: 2s - batch_cost: 0.0115 - reader cost: 1.0111e-04
127/348 [=========>....................] - ETA: 2s - batch_cost: 0.0115 - reader cost: 9.7126e-05
132/348 [==========>...................] - ETA: 2s - batch_cost: 0.0114 - reader cost: 9.3447e-05
137/348 [==========>...................] - ETA: 2s - batch_cost: 0.0114 - reader cost: 9.0037e-05
142/348 [===========>..................] - ETA: 2s - batch_cost: 0.0114 - reader cost: 8.6867e-05
147/348 [===========>..................] - ETA: 2s - batch_cost: 0.0114 - reader cost: 8.3912e-05
152/348 [============>.................] - ETA: 2s - batch_cost: 0.0114 - reader cost: 8.1152e-05
156/348 [============>.................] - ETA: 2s - batch_cost: 0.0114 - reader cost: 7.9071e-05
161/348 [============>.................] - ETA: 2s - batch_cost: 0.0114 - reader cost: 7.6615e-05
166/348 [=============>................] - ETA: 2s - batch_cost: 0.0114 - reader cost: 7.4308e-05
171/348 [=============>................] - ETA: 2s - batch_cost: 0.0114 - reader cost: 7.2135e-05
176/348 [==============>...............] - ETA: 1s - batch_cost: 0.0113 - reader cost: 7.5357e-05
181/348 [==============>...............] - ETA: 1s - batch_cost: 0.0113 - reader cost: 7.3275e-05
186/348 [===============>..............] - ETA: 1s - batch_cost: 0.0113 - reader cost: 7.1305e-05
191/348 [===============>..............] - ETA: 1s - batch_cost: 0.0113 - reader cost: 6.9438e-05
196/348 [===============>..............] - ETA: 1s - batch_cost: 0.0113 - reader cost: 6.7667e-05
201/348 [================>.............] - ETA: 1s - batch_cost: 0.0113 - reader cost: 6.5984e-05
206/348 [================>.............] - ETA: 1s - batch_cost: 0.0112 - reader cost: 6.9199e-05
210/348 [=================>............] - ETA: 1s - batch_cost: 0.0113 - reader cost: 6.7881e-05
215/348 [=================>............] - ETA: 1s - batch_cost: 0.0113 - reader cost: 6.6303e-05
220/348 [=================>............] - ETA: 1s - batch_cost: 0.0113 - reader cost: 6.4796e-05
225/348 [==================>...........] - ETA: 1s - batch_cost: 0.0113 - reader cost: 6.3356e-05
230/348 [==================>...........] - ETA: 1s - batch_cost: 0.0113 - reader cost: 6.1978e-05
235/348 [===================>..........] - ETA: 1s - batch_cost: 0.0113 - reader cost: 6.0660e-05
240/348 [===================>..........] - ETA: 1s - batch_cost: 0.0113 - reader cost: 5.9396e-05
245/348 [====================>.........] - ETA: 1s - batch_cost: 0.0113 - reader cost: 5.8184e-05
250/348 [====================>.........] - ETA: 1s - batch_cost: 0.0113 - reader cost: 6.0984e-05
255/348 [====================>.........] - ETA: 1s - batch_cost: 0.0112 - reader cost: 5.9788e-05
260/348 [=====================>........] - ETA: 0s - batch_cost: 0.0112 - reader cost: 5.8638e-05
265/348 [=====================>........] - ETA: 0s - batch_cost: 0.0112 - reader cost: 5.7532e-05
270/348 [======================>.......] - ETA: 0s - batch_cost: 0.0112 - reader cost: 5.6466e-05
275/348 [======================>.......] - ETA: 0s - batch_cost: 0.0112 - reader cost: 5.9077e-05
280/348 [=======================>......] - ETA: 0s - batch_cost: 0.0112 - reader cost: 5.8022e-05
285/348 [=======================>......] - ETA: 0s - batch_cost: 0.0112 - reader cost: 5.7004e-05
290/348 [========================>.....] - ETA: 0s - batch_cost: 0.0112 - reader cost: 5.6021e-05
295/348 [========================>.....] - ETA: 0s - batch_cost: 0.0112 - reader cost: 5.5071e-05
300/348 [========================>.....] - ETA: 0s - batch_cost: 0.0112 - reader cost: 5.4154e-05
305/348 [=========================>....] - ETA: 0s - batch_cost: 0.0112 - reader cost: 5.3266e-05
310/348 [=========================>....] - ETA: 0s - batch_cost: 0.0112 - reader cost: 5.5634e-05
315/348 [==========================>...] - ETA: 0s - batch_cost: 0.0112 - reader cost: 5.4751e-05
320/348 [==========================>...] - ETA: 0s - batch_cost: 0.0112 - reader cost: 5.7027e-05
325/348 [===========================>..] - ETA: 0s - batch_cost: 0.0112 - reader cost: 5.6150e-05
330/348 [===========================>..] - ETA: 0s - batch_cost: 0.0112 - reader cost: 5.5299e-05
335/348 [===========================>..] - ETA: 0s - batch_cost: 0.0113 - reader cost: 5.7459e-05
340/348 [============================>.] - ETA: 0s - batch_cost: 0.0113 - reader cost: 5.6614e-05
345/348 [============================>.] - ETA: 0s - batch_cost: 0.0112 - reader cost: 5.5793e-05
348/348 [==============================] - 4s 11ms/step - batch_cost: 0.0112 - reader cost: 5.5312e-05
[2026/10/07 12:46:48] INFO: [EVAL] #Images: 348 mIoU: 0.8131 Acc: 0.9765 Kappa: 0.7760 Dice: 0.8880
[2026/10/07 12:46:48] INFO: [EVAL] Class IoU: 
[0.9754 0.6508]
[2026/10/07 12:46:48] INFO: [EVAL] Class Precision: 
[0.9867 0.8007]
[2026/10/07 12:46:48] INFO: [EVAL] Class Recall: 
[0.9884 0.7767]
[2026/10/07 12:46:48] INFO: Start evaluating (total_samples: 348, total_iters: 348)...

  1/348 [..............................] - ETA: 7s - batch_cost: 0.0201 - reader cost: 0.0075
  5/348 [..............................] - ETA: 4s - batch_cost: 0.0142 - reader cost: 0.0015
 10/348 [..............................] - ETA: 4s - batch_cost: 0.0129 - reader cost: 7.5116e-04
 14/348 [>.............................] - ETA: 4s - batch_cost: 0.0130 - reader cost: 6.0781e-04
 19/348 [>.............................] - ETA: 4s - batch_cost: 0.0126 - reader cost: 4.4786e-04
 24/348 [=>............................] - ETA: 3s - batch_cost: 0.0121 - reader cost: 3.5456e-04
 29/348 [=>............................] - ETA: 3s - batch_cost: 0.0118 - reader cost: 2.9343e-04
 34/348 [=>............................] - ETA: 3s - batch_cost: 0.0117 - reader cost: 2.5028e-04
 39/348 [==>...........................] - ETA: 3s - batch_cost: 0.0117 - reader cost: 2.4380e-04
 44/348 [==>...........................] - ETA: 3s - batch_cost: 0.0116 - reader cost: 2.1610e-04
 49/348 [===>..........................] - ETA: 3s - batch_cost: 0.0116 - reader cost: 1.9405e-04
 54/348 [===>..........................] - ETA: 3s - batch_cost: 0.0115 - reader cost: 1.7608e-04
 59/348 [====>.........................] - ETA: 3s - batch_cost: 0.0115 - reader cost: 1.6116e-04
 64/348 [====>.........................] - ETA: 3s - batch_cost: 0.0114 - reader cost: 1.4857e-04
 69/348 [====>.........................] - ETA: 3s - batch_cost: 0.0114 - reader cost: 1.3780e-04
 74/348 [=====>........................] - ETA: 3s - batch_cost: 0.0114 - reader cost: 1.4191e-04
 79/348 [=====>........................] - ETA: 3s - batch_cost: 0.0114 - reader cost: 1.3293e-04
 84/348 [======>.......................] - ETA: 3s - batch_cost: 0.0114 - reader cost: 1.2502e-04
 88/348 [======>.......................] - ETA: 2s - batch_cost: 0.0115 - reader cost: 1.1934e-04
 93/348 [=======>......................] - ETA: 2s - batch_cost: 0.0115 - reader cost: 1.2366e-04
 98/348 [=======>......................] - ETA: 2s - batch_cost: 0.0115 - reader cost: 1.2756e-04
103/348 [=======>......................] - ETA: 2s - batch_cost: 0.0116 - reader cost: 1.2136e-04
108/348 [========>.....................] - ETA: 2s - batch_cost: 0.0116 - reader cost: 1.2503e-04
113/348 [========>.....................] - ETA: 2s - batch_cost: 0.0116 - reader cost: 1.2836e-04
118/348 [=========>....................] - ETA: 2s - batch_cost: 0.0116 - reader cost: 1.2292e-04
123/348 [=========>....................] - ETA: 2s - batch_cost: 0.0116 - reader cost: 1.2610e-04
128/348 [==========>...................] - ETA: 2s - batch_cost: 0.0116 - reader cost: 1.2117e-04
133/348 [==========>...................] - ETA: 2s - batch_cost: 0.0116 - reader cost: 1.2414e-04
138/348 [==========>...................] - ETA: 2s - batch_cost: 0.0116 - reader cost: 1.1964e-04
143/348 [===========>..................] - ETA: 2s - batch_cost: 0.0115 - reader cost: 1.1546e-04
148/348 [===========>..................] - ETA: 2s - batch_cost: 0.0115 - reader cost: 1.1832e-04
153/348 [============>.................] - ETA: 2s - batch_cost: 0.0115 - reader cost: 1.1445e-04
158/348 [============>.................] - ETA: 2s - batch_cost: 0.0116 - reader cost: 1.1083e-04
162/348 [============>.................] - ETA: 2s - batch_cost: 0.0116 - reader cost: 1.1426e-04
167/348 [=============>................] - ETA: 2s - batch_cost: 0.0116 - reader cost: 1.1084e-04
172/348 [=============>................] - ETA: 2s - batch_cost: 0.0116 - reader cost: 1.0762e-04
177/348 [==============>...............] - ETA: 1s - batch_cost: 0.0116 - reader cost: 1.0458e-04
182/348 [==============>...............] - ETA: 1s - batch_cost: 0.0116 - reader cost: 1.0171e-04
187/348 [===============>..............] - ETA: 1s - batch_cost: 0.0115 - reader cost: 1.0434e-04
192/348 [===============>..............] - ETA: 1s - batch_cost: 0.0115 - reader cost: 1.0162e-04
196/348 [===============>..............] - ETA: 1s - batch_cost: 0.0115 - reader cost: 9.9545e-05
201/348 [================>.............] - ETA: 1s - batch_cost: 0.0115 - reader cost: 9.7068e-05
206/348 [================>.............] - ETA: 1s - batch_cost: 0.0115 - reader cost: 9.4712e-05
211/348 [=================>............] - ETA: 1s - batch_cost: 0.0115 - reader cost: 9.2468e-05
216/348 [=================>............] - ETA: 1s - batch_cost: 0.0115 - reader cost: 9.0328e-05
221/348 [==================>...........] - ETA: 1s - batch_cost: 0.0115 - reader cost: 8.8284e-05
226/348 [==================>...........] - ETA: 1s - batch_cost: 0.0115 - reader cost: 8.6331e-05
231/348 [==================>...........] - ETA: 1s - batch_cost: 0.0115 - reader cost: 8.4462e-05
236/348 [===================>..........] - ETA: 1s - batch_cost: 0.0115 - reader cost: 8.2673e-05
241/348 [===================>..........] - ETA: 1s - batch_cost: 0.0114 - reader cost: 8.0957e-05
246/348 [====================>.........] - ETA: 1s - batch_cost: 0.0114 - reader cost: 8.3430e-05
251/348 [====================>.........] - ETA: 1s - batch_cost: 0.0114 - reader cost: 8.1768e-05
256/348 [=====================>........] - ETA: 1s - batch_cost: 0.0115 - reader cost: 8.0171e-05
261/348 [=====================>........] - ETA: 1s - batch_cost: 0.0115 - reader cost: 7.8635e-05
265/348 [=====================>........] - ETA: 0s - batch_cost: 0.0115 - reader cost: 7.7448e-05
270/348 [======================>.......] - ETA: 0s - batch_cost: 0.0115 - reader cost: 7.6014e-05
275/348 [======================>.......] - ETA: 0s - batch_cost: 0.0115 - reader cost: 7.4632e-05
280/348 [=======================>......] - ETA: 0s - batch_cost: 0.0115 - reader cost: 7.3299e-05
285/348 [=======================>......] - ETA: 0s - batch_cost: 0.0115 - reader cost: 7.2013e-05
290/348 [========================>.....] - ETA: 0s - batch_cost: 0.0114 - reader cost: 7.0772e-05
295/348 [========================>.....] - ETA: 0s - batch_cost: 0.0114 - reader cost: 6.9572e-05
300/348 [========================>.....] - ETA: 0s - batch_cost: 0.0115 - reader cost: 6.8413e-05
305/348 [=========================>....] - ETA: 0s - batch_cost: 0.0115 - reader cost: 7.0605e-05
309/348 [=========================>....] - ETA: 0s - batch_cost: 0.0115 - reader cost: 6.9691e-05
314/348 [==========================>...] - ETA: 0s - batch_cost: 0.0115 - reader cost: 6.8581e-05
319/348 [==========================>...] - ETA: 0s - batch_cost: 0.0115 - reader cost: 6.7506e-05
324/348 [==========================>...] - ETA: 0s - batch_cost: 0.0115 - reader cost: 6.9578e-05
329/348 [===========================>..] - ETA: 0s - batch_cost: 0.0115 - reader cost: 6.8520e-05
334/348 [===========================>..] - ETA: 0s - batch_cost: 0.0115 - reader cost: 6.7495e-05
339/348 [============================>.] - ETA: 0s - batch_cost: 0.0115 - reader cost: 6.6499e-05
344/348 [============================>.] - ETA: 0s - batch_cost: 0.0115 - reader cost: 6.5533e-05
348/348 [==============================] - 4s 12ms/step - batch_cost: 0.0114 - reader cost: 6.4779e-05
[2026/10/07 12:46:52] INFO: [EVAL] #Images: 348 mIoU: 0.8162 Acc: 0.9772 Kappa: 0.7803 Dice: 0.8902
[2026/10/07 12:46:52] INFO: [EVAL] Class IoU: 
[0.9762 0.6561]
[2026/10/07 12:46:52] INFO: [EVAL] Class Precision: 
[0.9862 0.8172]
[2026/10/07 12:46:52] INFO: [EVAL] Class Recall: 
[0.9897 0.769 ]
[2026/10/07 12:46:52] INFO: [EVAL] The model with the best validation mIoU (0.8169) was saved at iter 12000.
[2026/10/07 12:46:52] INFO: [EVAL] The EMA model with the best validation mIoU (0.8172) was saved at iter 12000.
[2026/10/07 12:46:53] INFO: [TRAIN] epoch: 30, iter: 14010/18000, loss: 2.8394, lr: 0.000013, batch_cost: 0.0684, reader_cost: 0.00000, ips: 58.5031 samples/sec, max_mem_reserved: 922 MB, max_mem_allocated: 673 MB | ETA 00:04:32
[2026/10/07 12:46:54] INFO: [TRAIN] epoch: 30, iter: 14020/18000, loss: 3.0757, lr: 0.000013, batch_cost: 0.0700, reader_cost: 0.00005, ips: 57.1691 samples/sec, max_mem_reserved: 922 MB, max_mem_allocated: 673 MB | ETA 00:04:38
[2026/10/07 12:46:55] INFO: [TRAIN] epoch: 30, iter: 14030/18000, loss: 2.9923, lr: 0.000013, batch_cost: 0.0688, reader_cost: 0.00000, ips: 58.1607 samples/sec, max_mem_reserved: 922 MB, max_mem_allocated: 673 MB | ETA 00:04:33
[2026/10/07 12:46:55] INFO: [TRAIN] epoch: 30, iter: 14040/18000, loss: 3.0846, lr: 0.000013, batch_cost: 0.0684, reader_cost: 0.00010, ips: 58.5042 samples/sec, max_mem_reserved: 922 MB, max_mem_allocated: 673 MB | ETA 00:04:30
[2026/10/07 12:46:56] INFO: [TRAIN] epoch: 30, iter: 14050/18000, loss: 3.2036, lr: 0.000013, batch_cost: 0.0688, reader_cost: 0.00000, ips: 58.1626 samples/sec, max_mem_reserved: 922 MB, max_mem_allocated: 673 MB | ETA 00:04:31
[2026/10/07 12:46:57] INFO: [TRAIN] epoch: 30, iter: 14060/18000, loss: 2.8689, lr: 0.000013, batch_cost: 0.0687, reader_cost: 0.00000, ips: 58.2270 samples/sec, max_mem_reserved: 922 MB, max_mem_allocated: 673 MB | ETA 00:04:30
[2026/10/07 12:46:58] INFO: [TRAIN] epoch: 30, iter: 14070/18000, loss: 2.6998, lr: 0.000013, batch_cost: 0.0698, reader_cost: 0.00010, ips: 57.3355 samples/sec, max_mem_reserved: 922 MB, max_mem_allocated: 673 MB | ETA 00:04:34
[2026/10/07 12:46:59] INFO: [TRAIN] epoch: 30, iter: 14080/18000, loss: 2.8680, lr: 0.000013, batch_cost: 0.0686, reader_cost: 0.00000, ips: 58.2821 samples/sec, max_mem_reserved: 922 MB, max_mem_allocated: 673 MB | ETA 00:04:29
[2026/10/07 12:47:00] INFO: [TRAIN] epoch: 30, iter: 14090/18000, loss: 3.1336, lr: 0.000013, batch_cost: 0.0682, reader_cost: 0.00000, ips: 58.6923 samples/sec, max_mem_reserved: 922 MB, max_mem_allocated: 673 MB | ETA 00:04:26
[2026/10/07 12:47:00] INFO: [TRAIN] epoch: 30, iter: 14100/18000, loss: 2.7430, lr: 0.000013, batch_cost: 0.0684, reader_cost: 0.00000, ips: 58.4756 samples/sec, max_mem_reserved: 922 MB, max_mem_allocated: 673 MB | ETA 00:04:26
[2026/10/07 12:47:01] INFO: [TRAIN] epoch: 30, iter: 14110/18000, loss: 2.8011, lr: 0.000013, batch_cost: 0.0681, reader_cost: 0.00020, ips: 58.7585 samples/sec, max_mem_reserved: 922 MB, max_mem_allocated: 673 MB | ETA 00:04:24
[2026/10/07 12:47:02] INFO: [TRAIN] epoch: 30, iter: 14120/18000, loss: 3.1087, lr: 0.000013, batch_cost: 0.0690, reader_cost: 0.00020, ips: 57.9648 samples/sec, max_mem_reserved: 922 MB, max_mem_allocated: 673 MB | ETA 00:04:27
[2026/10/07 12:47:03] INFO: [TRAIN] epoch: 30, iter: 14130/18000, loss: 2.9074, lr: 0.000013, batch_cost: 0.0706, reader_cost: 0.00000, ips: 56.6593 samples/sec, max_mem_reserved: 922 MB, max_mem_allocated: 673 MB | ETA 00:04:33
[2026/10/07 12:47:04] INFO: [TRAIN] epoch: 30, iter: 14140/18000, loss: 2.9506, lr: 0.000013, batch_cost: 0.0692, reader_cost: 0.00035, ips: 57.7672 samples/sec, max_mem_reserved: 922 MB, max_mem_allocated: 673 MB | ETA 00:04:27
[2026/10/07 12:47:05] INFO: [TRAIN] epoch: 30, iter: 14150/18000, loss: 2.8892, lr: 0.000013, batch_cost: 0.0680, reader_cost: 0.00025, ips: 58.8249 samples/sec, max_mem_reserved: 922 MB, max_mem_allocated: 673 MB | ETA 00:04:21
[2026/10/07 12:47:06] INFO: [TRAIN] epoch: 30, iter: 14160/18000, loss: 3.5086, lr: 0.000013, batch_cost: 0.0681, reader_cost: 0.00000, ips: 58.7604 samples/sec, max_mem_reserved: 922 MB, max_mem_allocated: 673 MB | ETA 00:04:21
[2026/10/07 12:47:06] INFO: [TRAIN] epoch: 30, iter: 14170/18000, loss: 2.7754, lr: 0.000013, batch_cost: 0.0697, reader_cost: 0.00000, ips: 57.4062 samples/sec, max_mem_reserved: 922 MB, max_mem_allocated: 673 MB | ETA 00:04:26
[2026/10/07 12:47:07] INFO: [TRAIN] epoch: 30, iter: 14180/18000, loss: 2.5431, lr: 0.000013, batch_cost: 0.0708, reader_cost: 0.00000, ips: 56.5324 samples/sec, max_mem_reserved: 922 MB, max_mem_allocated: 673 MB | ETA 00:04:30
[2026/10/07 12:47:08] INFO: [TRAIN] epoch: 30, iter: 14190/18000, loss: 3.0203, lr: 0.000013, batch_cost: 0.0707, reader_cost: 0.00000, ips: 56.5601 samples/sec, max_mem_reserved: 922 MB, max_mem_allocated: 673 MB | ETA 00:04:29
[2026/10/07 12:47:09] INFO: [TRAIN] epoch: 30, iter: 14200/18000, loss: 2.6666, lr: 0.000013, batch_cost: 0.0710, reader_cost: 0.00000, ips: 56.3709 samples/sec, max_mem_reserved: 922 MB, max_mem_allocated: 673 MB | ETA 00:04:29
[2026/10/07 12:47:10] INFO: [TRAIN] epoch: 30, iter: 14210/18000, loss: 3.2645, lr: 0.000013, batch_cost: 0.0715, reader_cost: 0.00000, ips: 55.9275 samples/sec, max_mem_reserved: 922 MB, max_mem_allocated: 673 MB | ETA 00:04:31
[2026/10/07 12:47:11] INFO: [TRAIN] epoch: 30, iter: 14220/18000, loss: 3.0636, lr: 0.000013, batch_cost: 0.0623, reader_cost: 0.00010, ips: 64.2061 samples/sec, max_mem_reserved: 922 MB, max_mem_allocated: 673 MB | ETA 00:03:55
[2026/10/07 12:47:12] INFO: [TRAIN] epoch: 31, iter: 14230/18000, loss: 2.9368, lr: 0.000013, batch_cost: 0.0725, reader_cost: 0.00461, ips: 55.1423 samples/sec, max_mem_reserved: 922 MB, max_mem_allocated: 673 MB | ETA 00:04:33
[2026/10/07 12:47:12] INFO: [TRAIN] epoch: 31, iter: 14240/18000, loss: 2.9698, lr: 0.000013, batch_cost: 0.0693, reader_cost: 0.00000, ips: 57.6858 samples/sec, max_mem_reserved: 922 MB, max_mem_allocated: 673 MB | ETA 00:04:20
[2026/10/07 12:47:13] INFO: [TRAIN] epoch: 31, iter: 14250/18000, loss: 3.0331, lr: 0.000013, batch_cost: 0.0683, reader_cost: 0.00000, ips: 58.5340 samples/sec, max_mem_reserved: 922 MB, max_mem_allocated: 673 MB | ETA 00:04:16
[2026/10/07 12:47:14] INFO: [TRAIN] epoch: 31, iter: 14260/18000, loss: 3.1509, lr: 0.000012, batch_cost: 0.0683, reader_cost: 0.00010, ips: 58.5467 samples/sec, max_mem_reserved: 922 MB, max_mem_allocated: 673 MB | ETA 00:04:15
[2026/10/07 12:47:15] INFO: [TRAIN] epoch: 31, iter: 14270/18000, loss: 3.2940, lr: 0.000012, batch_cost: 0.0683, reader_cost: 0.00000, ips: 58.5887 samples/sec, max_mem_reserved: 922 MB, max_mem_allocated: 673 MB | ETA 00:04:14
[2026/10/07 12:47:16] INFO: [TRAIN] epoch: 31, iter: 14280/18000, loss: 2.8236, lr: 0.000012, batch_cost: 0.0709, reader_cost: 0.00010, ips: 56.4135 samples/sec, max_mem_reserved: 922 MB, max_mem_allocated: 673 MB | ETA 00:04:23
[2026/10/07 12:47:17] INFO: [TRAIN] epoch: 31, iter: 14290/18000, loss: 3.0232, lr: 0.000012, batch_cost: 0.0667, reader_cost: 0.00000, ips: 59.9800 samples/sec, max_mem_reserved: 922 MB, max_mem_allocated: 673 MB | ETA 00:04:07
[2026/10/07 12:47:17] INFO: [TRAIN] epoch: 31, iter: 14300/18000, loss: 2.9177, lr: 0.000012, batch_cost: 0.0678, reader_cost: 0.00010, ips: 59.0367 samples/sec, max_mem_reserved: 922 MB, max_mem_allocated: 673 MB | ETA 00:04:10
[2026/10/07 12:47:18] INFO: [TRAIN] epoch: 31, iter: 14310/18000, loss: 2.8500, lr: 0.000012, batch_cost: 0.0655, reader_cost: 0.00010, ips: 61.0779 samples/sec, max_mem_reserved: 922 MB, max_mem_allocated: 673 MB | ETA 00:04:01
[2026/10/07 12:47:19] INFO: [TRAIN] epoch: 31, iter: 14320/18000, loss: 3.0643, lr: 0.000012, batch_cost: 0.0677, reader_cost: 0.00010, ips: 59.0617 samples/sec, max_mem_reserved: 922 MB, max_mem_allocated: 673 MB | ETA 00:04:09
[2026/10/07 12:47:20] INFO: [TRAIN] epoch: 31, iter: 14330/18000, loss: 2.9592, lr: 0.000012, batch_cost: 0.0663, reader_cost: 0.00010, ips: 60.3232 samples/sec, max_mem_reserved: 922 MB, max_mem_allocated: 673 MB | ETA 00:04:03
[2026/10/07 12:47:21] INFO: [TRAIN] epoch: 31, iter: 14340/18000, loss: 3.3870, lr: 0.000012, batch_cost: 0.0682, reader_cost: 0.00000, ips: 58.6764 samples/sec, max_mem_reserved: 922 MB, max_mem_allocated: 673 MB | ETA 00:04:09
[2026/10/07 12:47:22] INFO: [TRAIN] epoch: 31, iter: 14350/18000, loss: 2.7668, lr: 0.000012, batch_cost: 0.0671, reader_cost: 0.00000, ips: 59.5717 samples/sec, max_mem_reserved: 922 MB, max_mem_allocated: 673 MB | ETA 00:04:05
[2026/10/07 12:47:22] INFO: [TRAIN] epoch: 31, iter: 14360/18000, loss: 2.9264, lr: 0.000012, batch_cost: 0.0692, reader_cost: 0.00000, ips: 57.8293 samples/sec, max_mem_reserved: 922 MB, max_mem_allocated: 673 MB | ETA 00:04:11
[2026/10/07 12:47:23] INFO: [TRAIN] epoch: 31, iter: 14370/18000, loss: 2.7488, lr: 0.000012, batch_cost: 0.0663, reader_cost: 0.00020, ips: 60.2937 samples/sec, max_mem_reserved: 922 MB, max_mem_allocated: 673 MB | ETA 00:04:00
[2026/10/07 12:47:24] INFO: [TRAIN] epoch: 31, iter: 14380/18000, loss: 2.9091, lr: 0.000012, batch_cost: 0.0691, reader_cost: 0.00000, ips: 57.8509 samples/sec, max_mem_reserved: 922 MB, max_mem_allocated: 673 MB | ETA 00:04:10
[2026/10/07 12:47:25] INFO: [TRAIN] epoch: 31, iter: 14390/18000, loss: 2.9198, lr: 0.000012, batch_cost: 0.0675, reader_cost: 0.00000, ips: 59.2242 samples/sec, max_mem_reserved: 922 MB, max_mem_allocated: 673 MB | ETA 00:04:03
[2026/10/07 12:47:26] INFO: [TRAIN] epoch: 31, iter: 14400/18000, loss: 3.4423, lr: 0.000012, batch_cost: 0.0672, reader_cost: 0.00020, ips: 59.5470 samples/sec, max_mem_reserved: 922 MB, max_mem_allocated: 673 MB | ETA 00:04:01
[2026/10/07 12:47:27] INFO: [TRAIN] epoch: 31, iter: 14410/18000, loss: 2.7520, lr: 0.000012, batch_cost: 0.0675, reader_cost: 0.00000, ips: 59.2528 samples/sec, max_mem_reserved: 922 MB, max_mem_allocated: 673 MB | ETA 00:04:02
[2026/10/07 12:47:27] INFO: [TRAIN] epoch: 31, iter: 14420/18000, loss: 3.1261, lr: 0.000012, batch_cost: 0.0656, reader_cost: 0.00020, ips: 61.0144 samples/sec, max_mem_reserved: 922 MB, max_mem_allocated: 673 MB | ETA 00:03:54
[2026/10/07 12:47:28] INFO: [TRAIN] epoch: 31, iter: 14430/18000, loss: 2.8605, lr: 0.000012, batch_cost: 0.0666, reader_cost: 0.00020, ips: 60.0759 samples/sec, max_mem_reserved: 922 MB, max_mem_allocated: 673 MB | ETA 00:03:57
[2026/10/07 12:47:29] INFO: [TRAIN] epoch: 31, iter: 14440/18000, loss: 2.8417, lr: 0.000012, batch_cost: 0.0692, reader_cost: 0.00000, ips: 57.7707 samples/sec, max_mem_reserved: 922 MB, max_mem_allocated: 673 MB | ETA 00:04:06
[2026/10/07 12:47:30] INFO: [TRAIN] epoch: 31, iter: 14450/18000, loss: 2.6236, lr: 0.000012, batch_cost: 0.0700, reader_cost: 0.00000, ips: 57.1044 samples/sec, max_mem_reserved: 922 MB, max_mem_allocated: 673 MB | ETA 00:04:08
[2026/10/07 12:47:31] INFO: [TRAIN] epoch: 31, iter: 14460/18000, loss: 3.2639, lr: 0.000012, batch_cost: 0.0675, reader_cost: 0.00000, ips: 59.2855 samples/sec, max_mem_reserved: 922 MB, max_mem_allocated: 673 MB | ETA 00:03:58
[2026/10/07 12:47:32] INFO: [TRAIN] epoch: 31, iter: 14470/18000, loss: 3.3552, lr: 0.000012, batch_cost: 0.0688, reader_cost: 0.00020, ips: 58.1671 samples/sec, max_mem_reserved: 922 MB, max_mem_allocated: 673 MB | ETA 00:04:02
[2026/10/07 12:47:33] INFO: [TRAIN] epoch: 31, iter: 14480/18000, loss: 2.5131, lr: 0.000012, batch_cost: 0.0677, reader_cost: 0.00010, ips: 59.0718 samples/sec, max_mem_reserved: 922 MB, max_mem_allocated: 673 MB | ETA 00:03:58
[2026/10/07 12:47:33] INFO: [TRAIN] epoch: 31, iter: 14490/18000, loss: 2.8811, lr: 0.000012, batch_cost: 0.0678, reader_cost: 0.00000, ips: 58.9905 samples/sec, max_mem_reserved: 922 MB, max_mem_allocated: 673 MB | ETA 00:03:58
[2026/10/07 12:47:34] INFO: [TRAIN] epoch: 31, iter: 14500/18000, loss: 3.1876, lr: 0.000012, batch_cost: 0.0692, reader_cost: 0.00000, ips: 57.8452 samples/sec, max_mem_reserved: 922 MB, max_mem_allocated: 673 MB | ETA 00:04:02
[2026/10/07 12:47:35] INFO: [TRAIN] epoch: 31, iter: 14510/18000, loss: 3.1178, lr: 0.000012, batch_cost: 0.0658, reader_cost: 0.00000, ips: 60.8072 samples/sec, max_mem_reserved: 922 MB, max_mem_allocated: 673 MB | ETA 00:03:49
[2026/10/07 12:47:36] INFO: [TRAIN] epoch: 31, iter: 14520/18000, loss: 2.8835, lr: 0.000012, batch_cost: 0.0666, reader_cost: 0.00000, ips: 60.0218 samples/sec, max_mem_reserved: 922 MB, max_mem_allocated: 673 MB | ETA 00:03:51
[2026/10/07 12:47:37] INFO: [TRAIN] epoch: 31, iter: 14530/18000, loss: 2.7393, lr: 0.000012, batch_cost: 0.0658, reader_cost: 0.00000, ips: 60.8004 samples/sec, max_mem_reserved: 922 MB, max_mem_allocated: 673 MB | ETA 00:03:48
[2026/10/07 12:47:38] INFO: [TRAIN] epoch: 31, iter: 14540/18000, loss: 2.7408, lr: 0.000012, batch_cost: 0.0677, reader_cost: 0.00025, ips: 59.1210 samples/sec, max_mem_reserved: 922 MB, max_mem_allocated: 673 MB | ETA 00:03:54
[2026/10/07 12:47:38] INFO: [TRAIN] epoch: 31, iter: 14550/18000, loss: 2.9431, lr: 0.000012, batch_cost: 0.0700, reader_cost: 0.00000, ips: 57.1785 samples/sec, max_mem_reserved: 922 MB, max_mem_allocated: 673 MB | ETA 00:04:01
[2026/10/07 12:47:39] INFO: [TRAIN] epoch: 31, iter: 14560/18000, loss: 3.1128, lr: 0.000011, batch_cost: 0.0668, reader_cost: 0.00005, ips: 59.9116 samples/sec, max_mem_reserved: 922 MB, max_mem_allocated: 673 MB | ETA 00:03:49
[2026/10/07 12:47:40] INFO: [TRAIN] epoch: 31, iter: 14570/18000, loss: 3.1302, lr: 0.000011, batch_cost: 0.0661, reader_cost: 0.00000, ips: 60.5554 samples/sec, max_mem_reserved: 922 MB, max_mem_allocated: 673 MB | ETA 00:03:46
[2026/10/07 12:47:41] INFO: [TRAIN] epoch: 31, iter: 14580/18000, loss: 2.9761, lr: 0.000011, batch_cost: 0.0654, reader_cost: 0.00020, ips: 61.1621 samples/sec, max_mem_reserved: 922 MB, max_mem_allocated: 673 MB | ETA 00:03:43
[2026/10/07 12:47:42] INFO: [TRAIN] epoch: 31, iter: 14590/18000, loss: 2.9450, lr: 0.000011, batch_cost: 0.0672, reader_cost: 0.00020, ips: 59.5594 samples/sec, max_mem_reserved: 922 MB, max_mem_allocated: 673 MB | ETA 00:03:49
[2026/10/07 12:47:43] INFO: [TRAIN] epoch: 31, iter: 14600/18000, loss: 3.2058, lr: 0.000011, batch_cost: 0.0663, reader_cost: 0.00004, ips: 60.2935 samples/sec, max_mem_reserved: 922 MB, max_mem_allocated: 673 MB | ETA 00:03:45
[2026/10/07 12:47:43] INFO: [TRAIN] epoch: 31, iter: 14610/18000, loss: 3.1780, lr: 0.000011, batch_cost: 0.0693, reader_cost: 0.00010, ips: 57.7197 samples/sec, max_mem_reserved: 922 MB, max_mem_allocated: 673 MB | ETA 00:03:54
[2026/10/07 12:47:44] INFO: [TRAIN] epoch: 31, iter: 14620/18000, loss: 2.8860, lr: 0.000011, batch_cost: 0.0658, reader_cost: 0.00010, ips: 60.7887 samples/sec, max_mem_reserved: 922 MB, max_mem_allocated: 673 MB | ETA 00:03:42
[2026/10/07 12:47:45] INFO: [TRAIN] epoch: 31, iter: 14630/18000, loss: 3.0717, lr: 0.000011, batch_cost: 0.0679, reader_cost: 0.00010, ips: 58.9025 samples/sec, max_mem_reserved: 922 MB, max_mem_allocated: 673 MB | ETA 00:03:48
[2026/10/07 12:47:46] INFO: [TRAIN] epoch: 31, iter: 14640/18000, loss: 3.1064, lr: 0.000011, batch_cost: 0.0666, reader_cost: 0.00010, ips: 60.0451 samples/sec, max_mem_reserved: 922 MB, max_mem_allocated: 673 MB | ETA 00:03:43
[2026/10/07 12:47:47] INFO: [TRAIN] epoch: 31, iter: 14650/18000, loss: 2.7407, lr: 0.000011, batch_cost: 0.0676, reader_cost: 0.00000, ips: 59.1437 samples/sec, max_mem_reserved: 922 MB, max_mem_allocated: 673 MB | ETA 00:03:46
[2026/10/07 12:47:48] INFO: [TRAIN] epoch: 31, iter: 14660/18000, loss: 2.9918, lr: 0.000011, batch_cost: 0.0697, reader_cost: 0.00000, ips: 57.3567 samples/sec, max_mem_reserved: 922 MB, max_mem_allocated: 673 MB | ETA 00:03:52
[2026/10/07 12:47:48] INFO: [TRAIN] epoch: 31, iter: 14670/18000, loss: 3.0609, lr: 0.000011, batch_cost: 0.0680, reader_cost: 0.00000, ips: 58.8120 samples/sec, max_mem_reserved: 922 MB, max_mem_allocated: 673 MB | ETA 00:03:46
[2026/10/07 12:47:49] INFO: [TRAIN] epoch: 31, iter: 14680/18000, loss: 2.9907, lr: 0.000011, batch_cost: 0.0684, reader_cost: 0.00010, ips: 58.4428 samples/sec, max_mem_reserved: 922 MB, max_mem_allocated: 673 MB | ETA 00:03:47
[2026/10/07 12:47:50] INFO: [TRAIN] epoch: 31, iter: 14690/18000, loss: 3.0760, lr: 0.000011, batch_cost: 0.0660, reader_cost: 0.00000, ips: 60.5625 samples/sec, max_mem_reserved: 922 MB, max_mem_allocated: 673 MB | ETA 00:03:38
[2026/10/07 12:47:51] INFO: [TRAIN] epoch: 32, iter: 14700/18000, loss: 3.0195, lr: 0.000011, batch_cost: 0.0682, reader_cost: 0.00451, ips: 58.6253 samples/sec, max_mem_reserved: 922 MB, max_mem_allocated: 673 MB | ETA 00:03:45
[2026/10/07 12:47:52] INFO: [TRAIN] epoch: 32, iter: 14710/18000, loss: 2.9396, lr: 0.000011, batch_cost: 0.0708, reader_cost: 0.00000, ips: 56.4650 samples/sec, max_mem_reserved: 922 MB, max_mem_allocated: 673 MB | ETA 00:03:53
[2026/10/07 12:47:53] INFO: [TRAIN] epoch: 32, iter: 14720/18000, loss: 3.0806, lr: 0.000011, batch_cost: 0.0671, reader_cost: 0.00000, ips: 59.6082 samples/sec, max_mem_reserved: 922 MB, max_mem_allocated: 673 MB | ETA 00:03:40
[2026/10/07 12:47:53] INFO: [TRAIN] epoch: 32, iter: 14730/18000, loss: 2.8144, lr: 0.000011, batch_cost: 0.0684, reader_cost: 0.00010, ips: 58.4772 samples/sec, max_mem_reserved: 922 MB, max_mem_allocated: 673 MB | ETA 00:03:43
[2026/10/07 12:47:54] INFO: [TRAIN] epoch: 32, iter: 14740/18000, loss: 2.8405, lr: 0.000011, batch_cost: 0.0680, reader_cost: 0.00000, ips: 58.8032 samples/sec, max_mem_reserved: 922 MB, max_mem_allocated: 673 MB | ETA 00:03:41
[2026/10/07 12:47:55] INFO: [TRAIN] epoch: 32, iter: 14750/18000, loss: 2.7571, lr: 0.000011, batch_cost: 0.0693, reader_cost: 0.00010, ips: 57.6797 samples/sec, max_mem_reserved: 922 MB, max_mem_allocated: 673 MB | ETA 00:03:45
[2026/10/07 12:47:56] INFO: [TRAIN] epoch: 32, iter: 14760/18000, loss: 3.3384, lr: 0.000011, batch_cost: 0.0713, reader_cost: 0.00010, ips: 56.0691 samples/sec, max_mem_reserved: 922 MB, max_mem_allocated: 673 MB | ETA 00:03:51
[2026/10/07 12:47:57] INFO: [TRAIN] epoch: 32, iter: 14770/18000, loss: 2.7629, lr: 0.000011, batch_cost: 0.0701, reader_cost: 0.00020, ips: 57.0805 samples/sec, max_mem_reserved: 922 MB, max_mem_allocated: 673 MB | ETA 00:03:46
[2026/10/07 12:47:58] INFO: [TRAIN] epoch: 32, iter: 14780/18000, loss: 3.0842, lr: 0.000011, batch_cost: 0.0663, reader_cost: 0.00000, ips: 60.2930 samples/sec, max_mem_reserved: 922 MB, max_mem_allocated: 673 MB | ETA 00:03:33
[2026/10/07 12:47:59] INFO: [TRAIN] epoch: 32, iter: 14790/18000, loss: 2.9905, lr: 0.000011, batch_cost: 0.0699, reader_cost: 0.00010, ips: 57.1916 samples/sec, max_mem_reserved: 922 MB, max_mem_allocated: 673 MB | ETA 00:03:44
[2026/10/07 12:47:59] INFO: [TRAIN] epoch: 32, iter: 14800/18000, loss: 2.8873, lr: 0.000011, batch_cost: 0.0684, reader_cost: 0.00000, ips: 58.4741 samples/sec, max_mem_reserved: 922 MB, max_mem_allocated: 673 MB | ETA 00:03:38
[2026/10/07 12:48:00] INFO: [TRAIN] epoch: 32, iter: 14810/18000, loss: 3.3141, lr: 0.000011, batch_cost: 0.0719, reader_cost: 0.00000, ips: 55.6561 samples/sec, max_mem_reserved: 922 MB, max_mem_allocated: 673 MB | ETA 00:03:49
[2026/10/07 12:48:01] INFO: [TRAIN] epoch: 32, iter: 14820/18000, loss: 2.9469, lr: 0.000011, batch_cost: 0.0931, reader_cost: 0.00000, ips: 42.9869 samples/sec, max_mem_reserved: 922 MB, max_mem_allocated: 673 MB | ETA 00:04:55
[2026/10/07 12:48:03] INFO: [TRAIN] epoch: 32, iter: 14830/18000, loss: 3.0720, lr: 0.000011, batch_cost: 0.0970, reader_cost: 0.00030, ips: 41.2569 samples/sec, max_mem_reserved: 922 MB, max_mem_allocated: 673 MB | ETA 00:05:07
[2026/10/07 12:48:04] INFO: [TRAIN] epoch: 32, iter: 14840/18000, loss: 3.0684, lr: 0.000011, batch_cost: 0.0979, reader_cost: 0.00020, ips: 40.8697 samples/sec, max_mem_reserved: 922 MB, max_mem_allocated: 673 MB | ETA 00:05:09
[2026/10/07 12:48:05] INFO: [TRAIN] epoch: 32, iter: 14850/18000, loss: 2.8836, lr: 0.000011, batch_cost: 0.1068, reader_cost: 0.00000, ips: 37.4368 samples/sec, max_mem_reserved: 922 MB, max_mem_allocated: 673 MB | ETA 00:05:36
[2026/10/07 12:48:07] INFO: [TRAIN] epoch: 32, iter: 14860/18000, loss: 2.7573, lr: 0.000010, batch_cost: 0.1184, reader_cost: 0.00000, ips: 33.7741 samples/sec, max_mem_reserved: 922 MB, max_mem_allocated: 673 MB | ETA 00:06:11
[2026/10/07 12:48:08] INFO: [TRAIN] epoch: 32, iter: 14870/18000, loss: 2.8154, lr: 0.000010, batch_cost: 0.1039, reader_cost: 0.00000, ips: 38.5145 samples/sec, max_mem_reserved: 922 MB, max_mem_allocated: 673 MB | ETA 00:05:25
[2026/10/07 12:48:10] INFO: [TRAIN] epoch: 32, iter: 14880/18000, loss: 2.7311, lr: 0.000010, batch_cost: 0.1086, reader_cost: 0.00000, ips: 36.8258 samples/sec, max_mem_reserved: 922 MB, max_mem_allocated: 673 MB | ETA 00:05:38
[2026/10/07 12:48:11] INFO: [TRAIN] epoch: 32, iter: 14890/18000, loss: 2.8248, lr: 0.000010, batch_cost: 0.1028, reader_cost: 0.00030, ips: 38.9153 samples/sec, max_mem_reserved: 922 MB, max_mem_allocated: 673 MB | ETA 00:05:19
[2026/10/07 12:48:12] INFO: [TRAIN] epoch: 32, iter: 14900/18000, loss: 3.0192, lr: 0.000010, batch_cost: 0.0958, reader_cost: 0.00000, ips: 41.7667 samples/sec, max_mem_reserved: 922 MB, max_mem_allocated: 673 MB | ETA 00:04:56
[2026/10/07 12:48:14] INFO: [TRAIN] epoch: 32, iter: 14910/18000, loss: 3.0042, lr: 0.000010, batch_cost: 0.1002, reader_cost: 0.00000, ips: 39.9115 samples/sec, max_mem_reserved: 922 MB, max_mem_allocated: 673 MB | ETA 00:05:09
[2026/10/07 12:48:15] INFO: [TRAIN] epoch: 32, iter: 14920/18000, loss: 3.0152, lr: 0.000010, batch_cost: 0.0997, reader_cost: 0.00005, ips: 40.1217 samples/sec, max_mem_reserved: 922 MB, max_mem_allocated: 673 MB | ETA 00:05:07
[2026/10/07 12:48:16] INFO: [TRAIN] epoch: 32, iter: 14930/18000, loss: 2.9020, lr: 0.000010, batch_cost: 0.1023, reader_cost: 0.00010, ips: 39.0859 samples/sec, max_mem_reserved: 922 MB, max_mem_allocated: 673 MB | ETA 00:05:14
[2026/10/07 12:48:18] INFO: [TRAIN] epoch: 32, iter: 14940/18000, loss: 2.5749, lr: 0.000010, batch_cost: 0.0993, reader_cost: 0.00020, ips: 40.2903 samples/sec, max_mem_reserved: 922 MB, max_mem_allocated: 673 MB | ETA 00:05:03
[2026/10/07 12:48:19] INFO: [TRAIN] epoch: 32, iter: 14950/18000, loss: 2.9460, lr: 0.000010, batch_cost: 0.1013, reader_cost: 0.00020, ips: 39.5036 samples/sec, max_mem_reserved: 922 MB, max_mem_allocated: 673 MB | ETA 00:05:08
[2026/10/07 12:48:20] INFO: [TRAIN] epoch: 32, iter: 14960/18000, loss: 2.9244, lr: 0.000010, batch_cost: 0.0973, reader_cost: 0.00010, ips: 41.0889 samples/sec, max_mem_reserved: 922 MB, max_mem_allocated: 673 MB | ETA 00:04:55
[2026/10/07 12:48:21] INFO: [TRAIN] epoch: 32, iter: 14970/18000, loss: 3.4268, lr: 0.000010, batch_cost: 0.0979, reader_cost: 0.00020, ips: 40.8726 samples/sec, max_mem_reserved: 922 MB, max_mem_allocated: 673 MB | ETA 00:04:56
[2026/10/07 12:48:23] INFO: [TRAIN] epoch: 32, iter: 14980/18000, loss: 2.6849, lr: 0.000010, batch_cost: 0.0985, reader_cost: 0.00000, ips: 40.5918 samples/sec, max_mem_reserved: 922 MB, max_mem_allocated: 673 MB | ETA 00:04:57
[2026/10/07 12:48:24] INFO: [TRAIN] epoch: 32, iter: 14990/18000, loss: 2.9710, lr: 0.000010, batch_cost: 0.1019, reader_cost: 0.00010, ips: 39.2654 samples/sec, max_mem_reserved: 922 MB, max_mem_allocated: 673 MB | ETA 00:05:06
[2026/10/07 12:48:25] INFO: [TRAIN] epoch: 32, iter: 15000/18000, loss: 2.8903, lr: 0.000010, batch_cost: 0.1030, reader_cost: 0.00010, ips: 38.8460 samples/sec, max_mem_reserved: 922 MB, max_mem_allocated: 673 MB | ETA 00:05:08
[2026/10/07 12:48:25] INFO: Start evaluating (total_samples: 348, total_iters: 348)...

  1/348 [..............................] - ETA: 11s - batch_cost: 0.0330 - reader cost: 0.0125
  4/348 [..............................] - ETA: 8s - batch_cost: 0.0235 - reader cost: 0.0031 
  7/348 [..............................] - ETA: 7s - batch_cost: 0.0211 - reader cost: 0.0018
 10/348 [..............................] - ETA: 6s - batch_cost: 0.0203 - reader cost: 0.0013
 13/348 [>.............................] - ETA: 6s - batch_cost: 0.0198 - reader cost: 9.6292e-04
 16/348 [>.............................] - ETA: 6s - batch_cost: 0.0192 - reader cost: 7.8237e-04
 19/348 [>.............................] - ETA: 6s - batch_cost: 0.0190 - reader cost: 7.3811e-04
 22/348 [>.............................] - ETA: 6s - batch_cost: 0.0187 - reader cost: 6.3746e-04
 26/348 [=>............................] - ETA: 5s - batch_cost: 0.0183 - reader cost: 5.3939e-04
 29/348 [=>............................] - ETA: 5s - batch_cost: 0.0183 - reader cost: 4.8359e-04
 33/348 [=>............................] - ETA: 5s - batch_cost: 0.0180 - reader cost: 4.2497e-04
 36/348 [==>...........................] - ETA: 5s - batch_cost: 0.0180 - reader cost: 3.8956e-04
 39/348 [==>...........................] - ETA: 5s - batch_cost: 0.0180 - reader cost: 3.5959e-04
 42/348 [==>...........................] - ETA: 5s - batch_cost: 0.0178 - reader cost: 3.3391e-04
 46/348 [==>...........................] - ETA: 5s - batch_cost: 0.0177 - reader cost: 3.0487e-04
 49/348 [===>..........................] - ETA: 5s - batch_cost: 0.0177 - reader cost: 3.0662e-04
 52/348 [===>..........................] - ETA: 5s - batch_cost: 0.0176 - reader cost: 2.8893e-04
 55/348 [===>..........................] - ETA: 5s - batch_cost: 0.0176 - reader cost: 2.7317e-04
 58/348 [====>.........................] - ETA: 5s - batch_cost: 0.0176 - reader cost: 2.5904e-04
 61/348 [====>.........................] - ETA: 5s - batch_cost: 0.0176 - reader cost: 2.4630e-04
 64/348 [====>.........................] - ETA: 5s - batch_cost: 0.0176 - reader cost: 2.3475e-04
 67/348 [====>.........................] - ETA: 4s - batch_cost: 0.0177 - reader cost: 2.3917e-04
 70/348 [=====>........................] - ETA: 5s - batch_cost: 0.0179 - reader cost: 2.4322e-04
 73/348 [=====>........................] - ETA: 4s - batch_cost: 0.0180 - reader cost: 2.3323e-04
 76/348 [=====>........................] - ETA: 4s - batch_cost: 0.0180 - reader cost: 2.2402e-04
 79/348 [=====>........................] - ETA: 4s - batch_cost: 0.0181 - reader cost: 2.2825e-04
 82/348 [======>.......................] - ETA: 4s - batch_cost: 0.0181 - reader cost: 2.1990e-04
 85/348 [======>.......................] - ETA: 4s - batch_cost: 0.0181 - reader cost: 2.1214e-04
 88/348 [======>.......................] - ETA: 4s - batch_cost: 0.0181 - reader cost: 2.0490e-04
 91/348 [======>.......................] - ETA: 4s - batch_cost: 0.0182 - reader cost: 2.0912e-04
 94/348 [=======>......................] - ETA: 4s - batch_cost: 0.0183 - reader cost: 2.0245e-04
 97/348 [=======>......................] - ETA: 4s - batch_cost: 0.0184 - reader cost: 1.9618e-04
100/348 [=======>......................] - ETA: 4s - batch_cost: 0.0184 - reader cost: 1.9030e-04
103/348 [=======>......................] - ETA: 4s - batch_cost: 0.0185 - reader cost: 1.8476e-04
106/348 [========>.....................] - ETA: 4s - batch_cost: 0.0185 - reader cost: 1.7953e-04
109/348 [========>.....................] - ETA: 4s - batch_cost: 0.0185 - reader cost: 1.7459e-04
112/348 [========>.....................] - ETA: 4s - batch_cost: 0.0185 - reader cost: 1.6991e-04
115/348 [========>.....................] - ETA: 4s - batch_cost: 0.0185 - reader cost: 1.6548e-04
118/348 [=========>....................] - ETA: 4s - batch_cost: 0.0185 - reader cost: 1.6127e-04
121/348 [=========>....................] - ETA: 4s - batch_cost: 0.0186 - reader cost: 1.5727e-04
124/348 [=========>....................] - ETA: 4s - batch_cost: 0.0186 - reader cost: 1.5347e-04
127/348 [=========>....................] - ETA: 4s - batch_cost: 0.0186 - reader cost: 1.4984e-04
130/348 [==========>...................] - ETA: 4s - batch_cost: 0.0186 - reader cost: 1.5405e-04
133/348 [==========>...................] - ETA: 4s - batch_cost: 0.0186 - reader cost: 1.5057e-04
136/348 [==========>...................] - ETA: 3s - batch_cost: 0.0186 - reader cost: 1.4725e-04
139/348 [==========>...................] - ETA: 3s - batch_cost: 0.0186 - reader cost: 1.5489e-04
142/348 [===========>..................] - ETA: 3s - batch_cost: 0.0186 - reader cost: 1.5162e-04
145/348 [===========>..................] - ETA: 3s - batch_cost: 0.0186 - reader cost: 1.4849e-04
148/348 [===========>..................] - ETA: 3s - batch_cost: 0.0186 - reader cost: 1.4548e-04
151/348 [============>.................] - ETA: 3s - batch_cost: 0.0186 - reader cost: 1.4259e-04
154/348 [============>.................] - ETA: 3s - batch_cost: 0.0186 - reader cost: 1.3981e-04
157/348 [============>.................] - ETA: 3s - batch_cost: 0.0186 - reader cost: 1.3714e-04
160/348 [============>.................] - ETA: 3s - batch_cost: 0.0187 - reader cost: 1.3456e-04
163/348 [=============>................] - ETA: 3s - batch_cost: 0.0187 - reader cost: 1.3209e-04
166/348 [=============>................] - ETA: 3s - batch_cost: 0.0187 - reader cost: 1.2970e-04
169/348 [=============>................] - ETA: 3s - batch_cost: 0.0187 - reader cost: 1.2740e-04
172/348 [=============>................] - ETA: 3s - batch_cost: 0.0187 - reader cost: 1.2518e-04
175/348 [==============>...............] - ETA: 3s - batch_cost: 0.0187 - reader cost: 1.2303e-04
178/348 [==============>...............] - ETA: 3s - batch_cost: 0.0187 - reader cost: 1.2096e-04
181/348 [==============>...............] - ETA: 3s - batch_cost: 0.0187 - reader cost: 1.2442e-04
184/348 [==============>...............] - ETA: 3s - batch_cost: 0.0187 - reader cost: 1.2784e-04
187/348 [===============>..............] - ETA: 3s - batch_cost: 0.0187 - reader cost: 1.2578e-04
190/348 [===============>..............] - ETA: 2s - batch_cost: 0.0187 - reader cost: 1.2380e-04
193/348 [===============>..............] - ETA: 2s - batch_cost: 0.0187 - reader cost: 1.2710e-04
196/348 [===============>..............] - ETA: 2s - batch_cost: 0.0187 - reader cost: 1.2515e-04
199/348 [================>.............] - ETA: 2s - batch_cost: 0.0187 - reader cost: 1.3089e-04
202/348 [================>.............] - ETA: 2s - batch_cost: 0.0187 - reader cost: 1.3390e-04
205/348 [================>.............] - ETA: 2s - batch_cost: 0.0187 - reader cost: 1.3194e-04
208/348 [================>.............] - ETA: 2s - batch_cost: 0.0187 - reader cost: 1.3003e-04
211/348 [=================>............] - ETA: 2s - batch_cost: 0.0187 - reader cost: 1.2818e-04
214/348 [=================>............] - ETA: 2s - batch_cost: 0.0187 - reader cost: 1.2639e-04
217/348 [=================>............] - ETA: 2s - batch_cost: 0.0187 - reader cost: 1.2924e-04
220/348 [=================>............] - ETA: 2s - batch_cost: 0.0187 - reader cost: 1.3207e-04
223/348 [==================>...........] - ETA: 2s - batch_cost: 0.0187 - reader cost: 1.3030e-04
226/348 [==================>...........] - ETA: 2s - batch_cost: 0.0187 - reader cost: 1.2857e-04
229/348 [==================>...........] - ETA: 2s - batch_cost: 0.0187 - reader cost: 1.2688e-04
232/348 [===================>..........] - ETA: 2s - batch_cost: 0.0187 - reader cost: 1.2524e-04
235/348 [===================>..........] - ETA: 2s - batch_cost: 0.0187 - reader cost: 1.2364e-04
238/348 [===================>..........] - ETA: 2s - batch_cost: 0.0187 - reader cost: 1.2209e-04
241/348 [===================>..........] - ETA: 2s - batch_cost: 0.0187 - reader cost: 1.2057e-04
244/348 [====================>.........] - ETA: 1s - batch_cost: 0.0187 - reader cost: 1.1908e-04
247/348 [====================>.........] - ETA: 1s - batch_cost: 0.0187 - reader cost: 1.1764e-04
251/348 [====================>.........] - ETA: 1s - batch_cost: 0.0186 - reader cost: 1.1576e-04
254/348 [====================>.........] - ETA: 1s - batch_cost: 0.0186 - reader cost: 1.1439e-04
257/348 [=====================>........] - ETA: 1s - batch_cost: 0.0186 - reader cost: 1.1306e-04
260/348 [=====================>........] - ETA: 1s - batch_cost: 0.0186 - reader cost: 1.1176e-04
263/348 [=====================>........] - ETA: 1s - batch_cost: 0.0186 - reader cost: 1.1048e-04
266/348 [=====================>........] - ETA: 1s - batch_cost: 0.0186 - reader cost: 1.0923e-04
269/348 [======================>.......] - ETA: 1s - batch_cost: 0.0186 - reader cost: 1.0802e-04
272/348 [======================>.......] - ETA: 1s - batch_cost: 0.0187 - reader cost: 1.0682e-04
275/348 [======================>.......] - ETA: 1s - batch_cost: 0.0187 - reader cost: 1.0566e-04
278/348 [======================>.......] - ETA: 1s - batch_cost: 0.0187 - reader cost: 1.0452e-04
281/348 [=======================>......] - ETA: 1s - batch_cost: 0.0187 - reader cost: 1.0340e-04
284/348 [=======================>......] - ETA: 1s - batch_cost: 0.0187 - reader cost: 1.0582e-04
287/348 [=======================>......] - ETA: 1s - batch_cost: 0.0187 - reader cost: 1.0471e-04
290/348 [========================>.....] - ETA: 1s - batch_cost: 0.0187 - reader cost: 1.0883e-04
293/348 [========================>.....] - ETA: 1s - batch_cost: 0.0187 - reader cost: 1.0771e-04
296/348 [========================>.....] - ETA: 0s - batch_cost: 0.0187 - reader cost: 1.0662e-04
299/348 [========================>.....] - ETA: 0s - batch_cost: 0.0187 - reader cost: 1.0555e-04
302/348 [=========================>....] - ETA: 0s - batch_cost: 0.0187 - reader cost: 1.0450e-04
305/348 [=========================>....] - ETA: 0s - batch_cost: 0.0188 - reader cost: 1.0347e-04
308/348 [=========================>....] - ETA: 0s - batch_cost: 0.0188 - reader cost: 1.0247e-04
311/348 [=========================>....] - ETA: 0s - batch_cost: 0.0188 - reader cost: 1.0148e-04
314/348 [==========================>...] - ETA: 0s - batch_cost: 0.0188 - reader cost: 1.0051e-04
317/348 [==========================>...] - ETA: 0s - batch_cost: 0.0188 - reader cost: 1.0271e-04
320/348 [==========================>...] - ETA: 0s - batch_cost: 0.0188 - reader cost: 1.0488e-04
323/348 [==========================>...] - ETA: 0s - batch_cost: 0.0188 - reader cost: 1.0390e-04
326/348 [===========================>..] - ETA: 0s - batch_cost: 0.0188 - reader cost: 1.0295e-04
329/348 [===========================>..] - ETA: 0s - batch_cost: 0.0188 - reader cost: 1.0201e-04
332/348 [===========================>..] - ETA: 0s - batch_cost: 0.0188 - reader cost: 1.0410e-04
335/348 [===========================>..] - ETA: 0s - batch_cost: 0.0188 - reader cost: 1.0317e-04
338/348 [============================>.] - ETA: 0s - batch_cost: 0.0189 - reader cost: 1.0225e-04
341/348 [============================>.] - ETA: 0s - batch_cost: 0.0189 - reader cost: 1.0135e-04
344/348 [============================>.] - ETA: 0s - batch_cost: 0.0189 - reader cost: 1.0047e-04
347/348 [============================>.] - ETA: 0s - batch_cost: 0.0189 - reader cost: 9.9599e-05
348/348 [==============================] - 7s 19ms/step - batch_cost: 0.0189 - reader cost: 9.9312e-05
[2026/10/07 12:48:32] INFO: [EVAL] #Images: 348 mIoU: 0.8128 Acc: 0.9767 Kappa: 0.7756 Dice: 0.8878
[2026/10/07 12:48:32] INFO: [EVAL] Class IoU: 
[0.9757 0.65  ]
[2026/10/07 12:48:32] INFO: [EVAL] Class Precision: 
[0.9861 0.8109]
[2026/10/07 12:48:32] INFO: [EVAL] Class Recall: 
[0.9893 0.7662]
[2026/10/07 12:48:32] INFO: Start evaluating (total_samples: 348, total_iters: 348)...

  1/348 [..............................] - ETA: 12s - batch_cost: 0.0362 - reader cost: 0.0136
  4/348 [..............................] - ETA: 8s - batch_cost: 0.0248 - reader cost: 0.0034 
  7/348 [..............................] - ETA: 7s - batch_cost: 0.0226 - reader cost: 0.0019
 10/348 [..............................] - ETA: 7s - batch_cost: 0.0216 - reader cost: 0.0014
 13/348 [>.............................] - ETA: 7s - batch_cost: 0.0209 - reader cost: 0.0010
 16/348 [>.............................] - ETA: 6s - batch_cost: 0.0205 - reader cost: 8.5242e-04
 19/348 [>.............................] - ETA: 6s - batch_cost: 0.0205 - reader cost: 7.1783e-04
 22/348 [>.............................] - ETA: 6s - batch_cost: 0.0205 - reader cost: 6.6537e-04
 25/348 [=>............................] - ETA: 6s - batch_cost: 0.0204 - reader cost: 5.8553e-04
 28/348 [=>............................] - ETA: 6s - batch_cost: 0.0204 - reader cost: 5.2279e-04
 31/348 [=>............................] - ETA: 6s - batch_cost: 0.0202 - reader cost: 5.5308e-04
 34/348 [=>............................] - ETA: 6s - batch_cost: 0.0202 - reader cost: 5.0428e-04
 37/348 [==>...........................] - ETA: 6s - batch_cost: 0.0201 - reader cost: 4.6339e-04
 40/348 [==>...........................] - ETA: 6s - batch_cost: 0.0200 - reader cost: 4.2863e-04
 43/348 [==>...........................] - ETA: 6s - batch_cost: 0.0200 - reader cost: 4.1057e-04
 46/348 [==>...........................] - ETA: 6s - batch_cost: 0.0200 - reader cost: 3.8380e-04
 49/348 [===>..........................] - ETA: 6s - batch_cost: 0.0200 - reader cost: 3.9127e-04
 52/348 [===>..........................] - ETA: 5s - batch_cost: 0.0200 - reader cost: 3.6870e-04
 55/348 [===>..........................] - ETA: 5s - batch_cost: 0.0199 - reader cost: 3.4859e-04
 58/348 [====>.........................] - ETA: 5s - batch_cost: 0.0199 - reader cost: 3.3056e-04
 61/348 [====>.........................] - ETA: 5s - batch_cost: 0.0200 - reader cost: 3.1430e-04
 64/348 [====>.........................] - ETA: 5s - batch_cost: 0.0200 - reader cost: 2.9957e-04
 67/348 [====>.........................] - ETA: 5s - batch_cost: 0.0199 - reader cost: 2.8616e-04
 70/348 [=====>........................] - ETA: 5s - batch_cost: 0.0199 - reader cost: 2.7389e-04
 73/348 [=====>........................] - ETA: 5s - batch_cost: 0.0200 - reader cost: 2.6264e-04
 76/348 [=====>........................] - ETA: 5s - batch_cost: 0.0200 - reader cost: 2.5227e-04
 79/348 [=====>........................] - ETA: 5s - batch_cost: 0.0200 - reader cost: 2.4269e-04
 82/348 [======>.......................] - ETA: 5s - batch_cost: 0.0199 - reader cost: 2.3381e-04
 85/348 [======>.......................] - ETA: 5s - batch_cost: 0.0199 - reader cost: 2.2556e-04
 88/348 [======>.......................] - ETA: 5s - batch_cost: 0.0199 - reader cost: 2.1787e-04
 91/348 [======>.......................] - ETA: 5s - batch_cost: 0.0199 - reader cost: 2.1069e-04
 94/348 [=======>......................] - ETA: 5s - batch_cost: 0.0198 - reader cost: 2.1459e-04
 97/348 [=======>......................] - ETA: 5s - batch_cost: 0.0198 - reader cost: 2.0796e-04
100/348 [=======>......................] - ETA: 4s - batch_cost: 0.0199 - reader cost: 2.0172e-04
103/348 [=======>......................] - ETA: 4s - batch_cost: 0.0199 - reader cost: 2.0552e-04
106/348 [========>.....................] - ETA: 4s - batch_cost: 0.0198 - reader cost: 1.9970e-04
109/348 [========>.....................] - ETA: 4s - batch_cost: 0.0198 - reader cost: 1.9420e-04
112/348 [========>.....................] - ETA: 4s - batch_cost: 0.0198 - reader cost: 1.8900e-04
115/348 [========>.....................] - ETA: 4s - batch_cost: 0.0198 - reader cost: 1.8407e-04
118/348 [=========>....................] - ETA: 4s - batch_cost: 0.0197 - reader cost: 1.7939e-04
121/348 [=========>....................] - ETA: 4s - batch_cost: 0.0197 - reader cost: 1.8327e-04
124/348 [=========>....................] - ETA: 4s - batch_cost: 0.0197 - reader cost: 1.8691e-04
127/348 [=========>....................] - ETA: 4s - batch_cost: 0.0197 - reader cost: 1.8250e-04
130/348 [==========>...................] - ETA: 4s - batch_cost: 0.0197 - reader cost: 1.8598e-04
133/348 [==========>...................] - ETA: 4s - batch_cost: 0.0197 - reader cost: 1.8179e-04
136/348 [==========>...................] - ETA: 4s - batch_cost: 0.0197 - reader cost: 1.7778e-04
139/348 [==========>...................] - ETA: 4s - batch_cost: 0.0197 - reader cost: 1.7394e-04
142/348 [===========>..................] - ETA: 4s - batch_cost: 0.0197 - reader cost: 1.7027e-04
145/348 [===========>..................] - ETA: 4s - batch_cost: 0.0197 - reader cost: 1.8048e-04
148/348 [===========>..................] - ETA: 3s - batch_cost: 0.0198 - reader cost: 1.7682e-04
151/348 [============>.................] - ETA: 3s - batch_cost: 0.0198 - reader cost: 1.7331e-04
154/348 [============>.................] - ETA: 3s - batch_cost: 0.0198 - reader cost: 1.6993e-04
157/348 [============>.................] - ETA: 3s - batch_cost: 0.0198 - reader cost: 1.7310e-04
160/348 [============>.................] - ETA: 3s - batch_cost: 0.0198 - reader cost: 1.6986e-04
163/348 [=============>................] - ETA: 3s - batch_cost: 0.0198 - reader cost: 1.6673e-04
166/348 [=============>................] - ETA: 3s - batch_cost: 0.0198 - reader cost: 1.6372e-04
169/348 [=============>................] - ETA: 3s - batch_cost: 0.0198 - reader cost: 1.6081e-04
172/348 [=============>................] - ETA: 3s - batch_cost: 0.0198 - reader cost: 1.5801e-04
175/348 [==============>...............] - ETA: 3s - batch_cost: 0.0198 - reader cost: 1.5530e-04
178/348 [==============>...............] - ETA: 3s - batch_cost: 0.0197 - reader cost: 1.5268e-04
181/348 [==============>...............] - ETA: 3s - batch_cost: 0.0197 - reader cost: 1.5015e-04
184/348 [==============>...............] - ETA: 3s - batch_cost: 0.0197 - reader cost: 1.5312e-04
187/348 [===============>..............] - ETA: 3s - batch_cost: 0.0197 - reader cost: 1.5067e-04
190/348 [===============>..............] - ETA: 3s - batch_cost: 0.0197 - reader cost: 1.4829e-04
193/348 [===============>..............] - ETA: 3s - batch_cost: 0.0197 - reader cost: 1.4598e-04
196/348 [===============>..............] - ETA: 3s - batch_cost: 0.0196 - reader cost: 1.4375e-04
199/348 [================>.............] - ETA: 2s - batch_cost: 0.0197 - reader cost: 1.4158e-04
202/348 [================>.............] - ETA: 2s - batch_cost: 0.0197 - reader cost: 1.3948e-04
205/348 [================>.............] - ETA: 2s - batch_cost: 0.0197 - reader cost: 1.3744e-04
208/348 [================>.............] - ETA: 2s - batch_cost: 0.0197 - reader cost: 1.3545e-04
212/348 [=================>............] - ETA: 2s - batch_cost: 0.0196 - reader cost: 1.3290e-04
215/348 [=================>............] - ETA: 2s - batch_cost: 0.0196 - reader cost: 1.3104e-04
218/348 [=================>............] - ETA: 2s - batch_cost: 0.0196 - reader cost: 1.2924e-04
221/348 [==================>...........] - ETA: 2s - batch_cost: 0.0196 - reader cost: 1.2749e-04
224/348 [==================>...........] - ETA: 2s - batch_cost: 0.0196 - reader cost: 1.2578e-04
227/348 [==================>...........] - ETA: 2s - batch_cost: 0.0196 - reader cost: 1.2412e-04
230/348 [==================>...........] - ETA: 2s - batch_cost: 0.0196 - reader cost: 1.2681e-04
233/348 [===================>..........] - ETA: 2s - batch_cost: 0.0196 - reader cost: 1.2946e-04
236/348 [===================>..........] - ETA: 2s - batch_cost: 0.0196 - reader cost: 1.2782e-04
239/348 [===================>..........] - ETA: 2s - batch_cost: 0.0196 - reader cost: 1.2621e-04
242/348 [===================>..........] - ETA: 2s - batch_cost: 0.0196 - reader cost: 1.2465e-04
245/348 [====================>.........] - ETA: 2s - batch_cost: 0.0196 - reader cost: 1.2312e-04
248/348 [====================>.........] - ETA: 1s - batch_cost: 0.0196 - reader cost: 1.2163e-04
251/348 [====================>.........] - ETA: 1s - batch_cost: 0.0196 - reader cost: 1.2018e-04
254/348 [====================>.........] - ETA: 1s - batch_cost: 0.0196 - reader cost: 1.1876e-04
257/348 [=====================>........] - ETA: 1s - batch_cost: 0.0196 - reader cost: 1.1737e-04
260/348 [=====================>........] - ETA: 1s - batch_cost: 0.0196 - reader cost: 1.2372e-04
263/348 [=====================>........] - ETA: 1s - batch_cost: 0.0196 - reader cost: 1.2231e-04
266/348 [=====================>........] - ETA: 1s - batch_cost: 0.0196 - reader cost: 1.2093e-04
269/348 [======================>.......] - ETA: 1s - batch_cost: 0.0196 - reader cost: 1.2330e-04
272/348 [======================>.......] - ETA: 1s - batch_cost: 0.0196 - reader cost: 1.2562e-04
275/348 [======================>.......] - ETA: 1s - batch_cost: 0.0196 - reader cost: 1.2425e-04
278/348 [======================>.......] - ETA: 1s - batch_cost: 0.0196 - reader cost: 1.2291e-04
281/348 [=======================>......] - ETA: 1s - batch_cost: 0.0196 - reader cost: 1.2160e-04
284/348 [=======================>......] - ETA: 1s - batch_cost: 0.0196 - reader cost: 1.2384e-04
287/348 [=======================>......] - ETA: 1s - batch_cost: 0.0196 - reader cost: 1.2254e-04
290/348 [========================>.....] - ETA: 1s - batch_cost: 0.0196 - reader cost: 1.2647e-04
293/348 [========================>.....] - ETA: 1s - batch_cost: 0.0196 - reader cost: 1.2517e-04
296/348 [========================>.....] - ETA: 1s - batch_cost: 0.0196 - reader cost: 1.2390e-04
299/348 [========================>.....] - ETA: 0s - batch_cost: 0.0196 - reader cost: 1.2266e-04
302/348 [=========================>....] - ETA: 0s - batch_cost: 0.0196 - reader cost: 1.2144e-04
305/348 [=========================>....] - ETA: 0s - batch_cost: 0.0196 - reader cost: 1.2025e-04
308/348 [=========================>....] - ETA: 0s - batch_cost: 0.0196 - reader cost: 1.2237e-04
311/348 [=========================>....] - ETA: 0s - batch_cost: 0.0196 - reader cost: 1.2119e-04
314/348 [==========================>...] - ETA: 0s - batch_cost: 0.0196 - reader cost: 1.2003e-04
317/348 [==========================>...] - ETA: 0s - batch_cost: 0.0196 - reader cost: 1.2205e-04
320/348 [==========================>...] - ETA: 0s - batch_cost: 0.0196 - reader cost: 1.2403e-04
323/348 [==========================>...] - ETA: 0s - batch_cost: 0.0196 - reader cost: 1.2288e-04
326/348 [===========================>..] - ETA: 0s - batch_cost: 0.0196 - reader cost: 1.2175e-04
329/348 [===========================>..] - ETA: 0s - batch_cost: 0.0196 - reader cost: 1.2064e-04
332/348 [===========================>..] - ETA: 0s - batch_cost: 0.0196 - reader cost: 1.1955e-04
335/348 [===========================>..] - ETA: 0s - batch_cost: 0.0196 - reader cost: 1.1848e-04
338/348 [============================>.] - ETA: 0s - batch_cost: 0.0196 - reader cost: 1.1743e-04
341/348 [============================>.] - ETA: 0s - batch_cost: 0.0196 - reader cost: 1.1640e-04
344/348 [============================>.] - ETA: 0s - batch_cost: 0.0196 - reader cost: 1.1829e-04
348/348 [==============================] - 7s 20ms/step - batch_cost: 0.0196 - reader cost: 1.1693e-04
[2026/10/07 12:48:39] INFO: [EVAL] #Images: 348 mIoU: 0.8154 Acc: 0.9770 Kappa: 0.7793 Dice: 0.8896
[2026/10/07 12:48:39] INFO: [EVAL] Class IoU: 
[0.976  0.6548]
[2026/10/07 12:48:39] INFO: [EVAL] Class Precision: 
[0.9864 0.8118]
[2026/10/07 12:48:39] INFO: [EVAL] Class Recall: 
[0.9893 0.772 ]
[2026/10/07 12:48:39] INFO: [EVAL] The model with the best validation mIoU (0.8169) was saved at iter 12000.
[2026/10/07 12:48:39] INFO: [EVAL] The EMA model with the best validation mIoU (0.8172) was saved at iter 12000.
[2026/10/07 12:48:40] INFO: [TRAIN] epoch: 32, iter: 15010/18000, loss: 2.7337, lr: 0.000010, batch_cost: 0.1072, reader_cost: 0.00010, ips: 37.3085 samples/sec, max_mem_reserved: 922 MB, max_mem_allocated: 673 MB | ETA 00:05:20
[2026/10/07 12:48:42] INFO: [TRAIN] epoch: 32, iter: 15020/18000, loss: 2.7821, lr: 0.000010, batch_cost: 0.1006, reader_cost: 0.00010, ips: 39.7694 samples/sec, max_mem_reserved: 922 MB, max_mem_allocated: 673 MB | ETA 00:04:59
[2026/10/07 12:48:43] INFO: [TRAIN] epoch: 32, iter: 15030/18000, loss: 2.8460, lr: 0.000010, batch_cost: 0.1045, reader_cost: 0.00035, ips: 38.2778 samples/sec, max_mem_reserved: 922 MB, max_mem_allocated: 673 MB | ETA 00:05:10
[2026/10/07 12:48:45] INFO: [TRAIN] epoch: 32, iter: 15040/18000, loss: 3.0757, lr: 0.000010, batch_cost: 0.1053, reader_cost: 0.00010, ips: 37.9764 samples/sec, max_mem_reserved: 922 MB, max_mem_allocated: 673 MB | ETA 00:05:11
[2026/10/07 12:48:46] INFO: [TRAIN] epoch: 32, iter: 15050/18000, loss: 2.8776, lr: 0.000010, batch_cost: 0.1009, reader_cost: 0.00000, ips: 39.6339 samples/sec, max_mem_reserved: 922 MB, max_mem_allocated: 673 MB | ETA 00:04:57
[2026/10/07 12:48:47] INFO: [TRAIN] epoch: 32, iter: 15060/18000, loss: 3.0649, lr: 0.000010, batch_cost: 0.1043, reader_cost: 0.00020, ips: 38.3567 samples/sec, max_mem_reserved: 922 MB, max_mem_allocated: 673 MB | ETA 00:05:06
[2026/10/07 12:48:49] INFO: [TRAIN] epoch: 32, iter: 15070/18000, loss: 3.1097, lr: 0.000010, batch_cost: 0.1044, reader_cost: 0.00025, ips: 38.3055 samples/sec, max_mem_reserved: 922 MB, max_mem_allocated: 673 MB | ETA 00:05:05
[2026/10/07 12:48:50] INFO: [TRAIN] epoch: 32, iter: 15080/18000, loss: 3.0335, lr: 0.000010, batch_cost: 0.1022, reader_cost: 0.00010, ips: 39.1245 samples/sec, max_mem_reserved: 922 MB, max_mem_allocated: 673 MB | ETA 00:04:58
[2026/10/07 12:48:51] INFO: [TRAIN] epoch: 32, iter: 15090/18000, loss: 3.0236, lr: 0.000010, batch_cost: 0.0995, reader_cost: 0.00000, ips: 40.2208 samples/sec, max_mem_reserved: 922 MB, max_mem_allocated: 673 MB | ETA 00:04:49
[2026/10/07 12:48:53] INFO: [TRAIN] epoch: 32, iter: 15100/18000, loss: 2.7545, lr: 0.000010, batch_cost: 0.1014, reader_cost: 0.00000, ips: 39.4486 samples/sec, max_mem_reserved: 922 MB, max_mem_allocated: 673 MB | ETA 00:04:54
[2026/10/07 12:48:54] INFO: [TRAIN] epoch: 32, iter: 15110/18000, loss: 3.2463, lr: 0.000010, batch_cost: 0.0959, reader_cost: 0.00015, ips: 41.7194 samples/sec, max_mem_reserved: 922 MB, max_mem_allocated: 673 MB | ETA 00:04:37
[2026/10/07 12:48:55] INFO: [TRAIN] epoch: 32, iter: 15120/18000, loss: 3.5218, lr: 0.000010, batch_cost: 0.0943, reader_cost: 0.00000, ips: 42.4243 samples/sec, max_mem_reserved: 922 MB, max_mem_allocated: 673 MB | ETA 00:04:31
[2026/10/07 12:48:56] INFO: [TRAIN] epoch: 32, iter: 15130/18000, loss: 3.1311, lr: 0.000010, batch_cost: 0.0941, reader_cost: 0.00000, ips: 42.5178 samples/sec, max_mem_reserved: 922 MB, max_mem_allocated: 673 MB | ETA 00:04:30
[2026/10/07 12:48:58] INFO: [TRAIN] epoch: 32, iter: 15140/18000, loss: 3.0863, lr: 0.000010, batch_cost: 0.1023, reader_cost: 0.00010, ips: 39.1128 samples/sec, max_mem_reserved: 922 MB, max_mem_allocated: 673 MB | ETA 00:04:52
[2026/10/07 12:48:59] INFO: [TRAIN] epoch: 32, iter: 15150/18000, loss: 3.2650, lr: 0.000010, batch_cost: 0.1010, reader_cost: 0.00010, ips: 39.6216 samples/sec, max_mem_reserved: 922 MB, max_mem_allocated: 673 MB | ETA 00:04:47
[2026/10/07 12:49:00] INFO: [TRAIN] epoch: 32, iter: 15160/18000, loss: 2.8328, lr: 0.000009, batch_cost: 0.0968, reader_cost: 0.00040, ips: 41.3127 samples/sec, max_mem_reserved: 922 MB, max_mem_allocated: 673 MB | ETA 00:04:34
[2026/10/07 12:49:01] INFO: [TRAIN] epoch: 33, iter: 15170/18000, loss: 3.1507, lr: 0.000009, batch_cost: 0.0932, reader_cost: 0.00690, ips: 42.9325 samples/sec, max_mem_reserved: 922 MB, max_mem_allocated: 673 MB | ETA 00:04:23
[2026/10/07 12:49:03] INFO: [TRAIN] epoch: 33, iter: 15180/18000, loss: 2.8301, lr: 0.000009, batch_cost: 0.1078, reader_cost: 0.00040, ips: 37.1214 samples/sec, max_mem_reserved: 922 MB, max_mem_allocated: 673 MB | ETA 00:05:03
[2026/10/07 12:49:04] INFO: [TRAIN] epoch: 33, iter: 15190/18000, loss: 2.9555, lr: 0.000009, batch_cost: 0.1035, reader_cost: 0.00000, ips: 38.6556 samples/sec, max_mem_reserved: 922 MB, max_mem_allocated: 673 MB | ETA 00:04:50
[2026/10/07 12:49:06] INFO: [TRAIN] epoch: 33, iter: 15200/18000, loss: 3.1103, lr: 0.000009, batch_cost: 0.0950, reader_cost: 0.00000, ips: 42.1265 samples/sec, max_mem_reserved: 922 MB, max_mem_allocated: 673 MB | ETA 00:04:25
[2026/10/07 12:49:07] INFO: [TRAIN] epoch: 33, iter: 15210/18000, loss: 2.7862, lr: 0.000009, batch_cost: 0.0940, reader_cost: 0.00020, ips: 42.5429 samples/sec, max_mem_reserved: 922 MB, max_mem_allocated: 673 MB | ETA 00:04:22
[2026/10/07 12:49:08] INFO: [TRAIN] epoch: 33, iter: 15220/18000, loss: 2.8790, lr: 0.000009, batch_cost: 0.0972, reader_cost: 0.00010, ips: 41.1579 samples/sec, max_mem_reserved: 922 MB, max_mem_allocated: 673 MB | ETA 00:04:30
[2026/10/07 12:49:09] INFO: [TRAIN] epoch: 33, iter: 15230/18000, loss: 2.8419, lr: 0.000009, batch_cost: 0.0944, reader_cost: 0.00025, ips: 42.3843 samples/sec, max_mem_reserved: 922 MB, max_mem_allocated: 673 MB | ETA 00:04:21
[2026/10/07 12:49:11] INFO: [TRAIN] epoch: 33, iter: 15240/18000, loss: 2.8992, lr: 0.000009, batch_cost: 0.1030, reader_cost: 0.00011, ips: 38.8301 samples/sec, max_mem_reserved: 922 MB, max_mem_allocated: 673 MB | ETA 00:04:44
[2026/10/07 12:49:12] INFO: [TRAIN] epoch: 33, iter: 15250/18000, loss: 3.0396, lr: 0.000009, batch_cost: 0.1050, reader_cost: 0.00005, ips: 38.0866 samples/sec, max_mem_reserved: 922 MB, max_mem_allocated: 673 MB | ETA 00:04:48
[2026/10/07 12:49:13] INFO: [TRAIN] epoch: 33, iter: 15260/18000, loss: 3.2175, lr: 0.000009, batch_cost: 0.1036, reader_cost: 0.00000, ips: 38.6259 samples/sec, max_mem_reserved: 922 MB, max_mem_allocated: 673 MB | ETA 00:04:43
[2026/10/07 12:49:15] INFO: [TRAIN] epoch: 33, iter: 15270/18000, loss: 2.8581, lr: 0.000009, batch_cost: 0.1035, reader_cost: 0.00010, ips: 38.6467 samples/sec, max_mem_reserved: 922 MB, max_mem_allocated: 673 MB | ETA 00:04:42
[2026/10/07 12:49:16] INFO: [TRAIN] epoch: 33, iter: 15280/18000, loss: 2.7751, lr: 0.000009, batch_cost: 0.1048, reader_cost: 0.00010, ips: 38.1556 samples/sec, max_mem_reserved: 922 MB, max_mem_allocated: 673 MB | ETA 00:04:45
[2026/10/07 12:49:17] INFO: [TRAIN] epoch: 33, iter: 15290/18000, loss: 3.2074, lr: 0.000009, batch_cost: 0.1062, reader_cost: 0.00026, ips: 37.6491 samples/sec, max_mem_reserved: 922 MB, max_mem_allocated: 673 MB | ETA 00:04:47
[2026/10/07 12:49:19] INFO: [TRAIN] epoch: 33, iter: 15300/18000, loss: 2.4983, lr: 0.000009, batch_cost: 0.1024, reader_cost: 0.00020, ips: 39.0500 samples/sec, max_mem_reserved: 922 MB, max_mem_allocated: 673 MB | ETA 00:04:36
[2026/10/07 12:49:20] INFO: [TRAIN] epoch: 33, iter: 15310/18000, loss: 3.3802, lr: 0.000009, batch_cost: 0.1048, reader_cost: 0.00000, ips: 38.1780 samples/sec, max_mem_reserved: 922 MB, max_mem_allocated: 673 MB | ETA 00:04:41
[2026/10/07 12:49:22] INFO: [TRAIN] epoch: 33, iter: 15320/18000, loss: 3.1615, lr: 0.000009, batch_cost: 0.1057, reader_cost: 0.00010, ips: 37.8252 samples/sec, max_mem_reserved: 922 MB, max_mem_allocated: 673 MB | ETA 00:04:43
[2026/10/07 12:49:23] INFO: [TRAIN] epoch: 33, iter: 15330/18000, loss: 3.0976, lr: 0.000009, batch_cost: 0.1080, reader_cost: 0.00000, ips: 37.0259 samples/sec, max_mem_reserved: 922 MB, max_mem_allocated: 673 MB | ETA 00:04:48
[2026/10/07 12:49:24] INFO: [TRAIN] epoch: 33, iter: 15340/18000, loss: 2.9681, lr: 0.000009, batch_cost: 0.1059, reader_cost: 0.00010, ips: 37.7564 samples/sec, max_mem_reserved: 922 MB, max_mem_allocated: 673 MB | ETA 00:04:41
[2026/10/07 12:49:26] INFO: [TRAIN] epoch: 33, iter: 15350/18000, loss: 3.1876, lr: 0.000009, batch_cost: 0.1048, reader_cost: 0.00025, ips: 38.1544 samples/sec, max_mem_reserved: 922 MB, max_mem_allocated: 673 MB | ETA 00:04:37
[2026/10/07 12:49:27] INFO: [TRAIN] epoch: 33, iter: 15360/18000, loss: 2.9083, lr: 0.000009, batch_cost: 0.1018, reader_cost: 0.00000, ips: 39.3105 samples/sec, max_mem_reserved: 922 MB, max_mem_allocated: 673 MB | ETA 00:04:28
[2026/10/07 12:49:28] INFO: [TRAIN] epoch: 33, iter: 15370/18000, loss: 2.9192, lr: 0.000009, batch_cost: 0.1014, reader_cost: 0.00010, ips: 39.4307 samples/sec, max_mem_reserved: 922 MB, max_mem_allocated: 673 MB | ETA 00:04:26
[2026/10/07 12:49:30] INFO: [TRAIN] epoch: 33, iter: 15380/18000, loss: 2.9315, lr: 0.000009, batch_cost: 0.1045, reader_cost: 0.00010, ips: 38.2903 samples/sec, max_mem_reserved: 922 MB, max_mem_allocated: 673 MB | ETA 00:04:33
[2026/10/07 12:49:31] INFO: [TRAIN] epoch: 33, iter: 15390/18000, loss: 3.0733, lr: 0.000009, batch_cost: 0.1026, reader_cost: 0.00000, ips: 38.9725 samples/sec, max_mem_reserved: 922 MB, max_mem_allocated: 673 MB | ETA 00:04:27
[2026/10/07 12:49:33] INFO: [TRAIN] epoch: 33, iter: 15400/18000, loss: 3.1422, lr: 0.000009, batch_cost: 0.1034, reader_cost: 0.00000, ips: 38.7028 samples/sec, max_mem_reserved: 922 MB, max_mem_allocated: 673 MB | ETA 00:04:28
[2026/10/07 12:49:34] INFO: [TRAIN] epoch: 33, iter: 15410/18000, loss: 2.9028, lr: 0.000009, batch_cost: 0.1047, reader_cost: 0.00010, ips: 38.2106 samples/sec, max_mem_reserved: 922 MB, max_mem_allocated: 673 MB | ETA 00:04:31
[2026/10/07 12:49:35] INFO: [TRAIN] epoch: 33, iter: 15420/18000, loss: 2.7635, lr: 0.000009, batch_cost: 0.1025, reader_cost: 0.00000, ips: 39.0386 samples/sec, max_mem_reserved: 922 MB, max_mem_allocated: 673 MB | ETA 00:04:24
[2026/10/07 12:49:37] INFO: [TRAIN] epoch: 33, iter: 15430/18000, loss: 3.2190, lr: 0.000009, batch_cost: 0.1041, reader_cost: 0.00000, ips: 38.4163 samples/sec, max_mem_reserved: 922 MB, max_mem_allocated: 673 MB | ETA 00:04:27
[2026/10/07 12:49:38] INFO: [TRAIN] epoch: 33, iter: 15440/18000, loss: 3.2802, lr: 0.000009, batch_cost: 0.1051, reader_cost: 0.00010, ips: 38.0454 samples/sec, max_mem_reserved: 922 MB, max_mem_allocated: 673 MB | ETA 00:04:29
[2026/10/07 12:49:39] INFO: [TRAIN] epoch: 33, iter: 15450/18000, loss: 3.3981, lr: 0.000009, batch_cost: 0.1032, reader_cost: 0.00000, ips: 38.7608 samples/sec, max_mem_reserved: 922 MB, max_mem_allocated: 673 MB | ETA 00:04:23
[2026/10/07 12:49:41] INFO: [TRAIN] epoch: 33, iter: 15460/18000, loss: 2.9033, lr: 0.000008, batch_cost: 0.1035, reader_cost: 0.00010, ips: 38.6540 samples/sec, max_mem_reserved: 922 MB, max_mem_allocated: 673 MB | ETA 00:04:22
[2026/10/07 12:49:42] INFO: [TRAIN] epoch: 33, iter: 15470/18000, loss: 3.1511, lr: 0.000008, batch_cost: 0.1043, reader_cost: 0.00000, ips: 38.3368 samples/sec, max_mem_reserved: 922 MB, max_mem_allocated: 673 MB | ETA 00:04:23
[2026/10/07 12:49:43] INFO: [TRAIN] epoch: 33, iter: 15480/18000, loss: 3.0384, lr: 0.000008, batch_cost: 0.1044, reader_cost: 0.00000, ips: 38.2974 samples/sec, max_mem_reserved: 922 MB, max_mem_allocated: 673 MB | ETA 00:04:23
[2026/10/07 12:49:45] INFO: [TRAIN] epoch: 33, iter: 15490/18000, loss: 2.8195, lr: 0.000008, batch_cost: 0.1043, reader_cost: 0.00020, ips: 38.3518 samples/sec, max_mem_reserved: 922 MB, max_mem_allocated: 673 MB | ETA 00:04:21
[2026/10/07 12:49:46] INFO: [TRAIN] epoch: 33, iter: 15500/18000, loss: 2.8475, lr: 0.000008, batch_cost: 0.1035, reader_cost: 0.00000, ips: 38.6544 samples/sec, max_mem_reserved: 922 MB, max_mem_allocated: 673 MB | ETA 00:04:18
[2026/10/07 12:49:48] INFO: [TRAIN] epoch: 33, iter: 15510/18000, loss: 2.9953, lr: 0.000008, batch_cost: 0.1037, reader_cost: 0.00010, ips: 38.5875 samples/sec, max_mem_reserved: 922 MB, max_mem_allocated: 673 MB | ETA 00:04:18
[2026/10/07 12:49:49] INFO: [TRAIN] epoch: 33, iter: 15520/18000, loss: 3.0626, lr: 0.000008, batch_cost: 0.1049, reader_cost: 0.00020, ips: 38.1249 samples/sec, max_mem_reserved: 922 MB, max_mem_allocated: 673 MB | ETA 00:04:20
[2026/10/07 12:49:50] INFO: [TRAIN] epoch: 33, iter: 15530/18000, loss: 2.6563, lr: 0.000008, batch_cost: 0.1043, reader_cost: 0.00010, ips: 38.3358 samples/sec, max_mem_reserved: 922 MB, max_mem_allocated: 673 MB | ETA 00:04:17
[2026/10/07 12:49:52] INFO: [TRAIN] epoch: 33, iter: 15540/18000, loss: 2.7816, lr: 0.000008, batch_cost: 0.1002, reader_cost: 0.00020, ips: 39.9371 samples/sec, max_mem_reserved: 922 MB, max_mem_allocated: 673 MB | ETA 00:04:06
[2026/10/07 12:49:53] INFO: [TRAIN] epoch: 33, iter: 15550/18000, loss: 3.1025, lr: 0.000008, batch_cost: 0.1027, reader_cost: 0.00000, ips: 38.9523 samples/sec, max_mem_reserved: 922 MB, max_mem_allocated: 673 MB | ETA 00:04:11
[2026/10/07 12:49:54] INFO: [TRAIN] epoch: 33, iter: 15560/18000, loss: 2.8119, lr: 0.000008, batch_cost: 0.1035, reader_cost: 0.00010, ips: 38.6626 samples/sec, max_mem_reserved: 922 MB, max_mem_allocated: 673 MB | ETA 00:04:12
[2026/10/07 12:49:56] INFO: [TRAIN] epoch: 33, iter: 15570/18000, loss: 2.9043, lr: 0.000008, batch_cost: 0.1054, reader_cost: 0.00000, ips: 37.9535 samples/sec, max_mem_reserved: 922 MB, max_mem_allocated: 673 MB | ETA 00:04:16
[2026/10/07 12:49:57] INFO: [TRAIN] epoch: 33, iter: 15580/18000, loss: 2.9022, lr: 0.000008, batch_cost: 0.1060, reader_cost: 0.00010, ips: 37.7372 samples/sec, max_mem_reserved: 922 MB, max_mem_allocated: 673 MB | ETA 00:04:16
[2026/10/07 12:49:58] INFO: [TRAIN] epoch: 33, iter: 15590/18000, loss: 2.8559, lr: 0.000008, batch_cost: 0.1007, reader_cost: 0.00000, ips: 39.7219 samples/sec, max_mem_reserved: 922 MB, max_mem_allocated: 673 MB | ETA 00:04:02
[2026/10/07 12:50:00] INFO: [TRAIN] epoch: 33, iter: 15600/18000, loss: 3.1585, lr: 0.000008, batch_cost: 0.1032, reader_cost: 0.00000, ips: 38.7750 samples/sec, max_mem_reserved: 922 MB, max_mem_allocated: 673 MB | ETA 00:04:07
[2026/10/07 12:50:01] INFO: [TRAIN] epoch: 33, iter: 15610/18000, loss: 2.6575, lr: 0.000008, batch_cost: 0.1016, reader_cost: 0.00000, ips: 39.3825 samples/sec, max_mem_reserved: 922 MB, max_mem_allocated: 673 MB | ETA 00:04:02
[2026/10/07 12:50:03] INFO: [TRAIN] epoch: 33, iter: 15620/18000, loss: 2.6800, lr: 0.000008, batch_cost: 0.1036, reader_cost: 0.00010, ips: 38.6065 samples/sec, max_mem_reserved: 922 MB, max_mem_allocated: 673 MB | ETA 00:04:06
[2026/10/07 12:50:04] INFO: [TRAIN] epoch: 33, iter: 15630/18000, loss: 3.1823, lr: 0.000008, batch_cost: 0.1032, reader_cost: 0.00005, ips: 38.7749 samples/sec, max_mem_reserved: 922 MB, max_mem_allocated: 673 MB | ETA 00:04:04
[2026/10/07 12:50:05] INFO: [TRAIN] epoch: 33, iter: 15640/18000, loss: 3.0113, lr: 0.000008, batch_cost: 0.0977, reader_cost: 0.00020, ips: 40.9402 samples/sec, max_mem_reserved: 922 MB, max_mem_allocated: 673 MB | ETA 00:03:50
[2026/10/07 12:50:07] INFO: [TRAIN] epoch: 34, iter: 15650/18000, loss: 3.0315, lr: 0.000008, batch_cost: 0.1095, reader_cost: 0.00721, ips: 36.5375 samples/sec, max_mem_reserved: 922 MB, max_mem_allocated: 673 MB | ETA 00:04:17
[2026/10/07 12:50:08] INFO: [TRAIN] epoch: 34, iter: 15660/18000, loss: 3.2824, lr: 0.000008, batch_cost: 0.1052, reader_cost: 0.00000, ips: 38.0346 samples/sec, max_mem_reserved: 922 MB, max_mem_allocated: 673 MB | ETA 00:04:06
[2026/10/07 12:50:09] INFO: [TRAIN] epoch: 34, iter: 15670/18000, loss: 2.9467, lr: 0.000008, batch_cost: 0.1053, reader_cost: 0.00010, ips: 37.9770 samples/sec, max_mem_reserved: 922 MB, max_mem_allocated: 673 MB | ETA 00:04:05
[2026/10/07 12:50:11] INFO: [TRAIN] epoch: 34, iter: 15680/18000, loss: 2.7293, lr: 0.000008, batch_cost: 0.1042, reader_cost: 0.00006, ips: 38.3980 samples/sec, max_mem_reserved: 922 MB, max_mem_allocated: 673 MB | ETA 00:04:01
[2026/10/07 12:50:12] INFO: [TRAIN] epoch: 34, iter: 15690/18000, loss: 3.2751, lr: 0.000008, batch_cost: 0.1032, reader_cost: 0.00010, ips: 38.7497 samples/sec, max_mem_reserved: 922 MB, max_mem_allocated: 673 MB | ETA 00:03:58
[2026/10/07 12:50:13] INFO: [TRAIN] epoch: 34, iter: 15700/18000, loss: 2.8153, lr: 0.000008, batch_cost: 0.1033, reader_cost: 0.00010, ips: 38.7389 samples/sec, max_mem_reserved: 922 MB, max_mem_allocated: 673 MB | ETA 00:03:57
[2026/10/07 12:50:15] INFO: [TRAIN] epoch: 34, iter: 15710/18000, loss: 3.2086, lr: 0.000008, batch_cost: 0.1067, reader_cost: 0.00007, ips: 37.5049 samples/sec, max_mem_reserved: 922 MB, max_mem_allocated: 673 MB | ETA 00:04:04
[2026/10/07 12:50:16] INFO: [TRAIN] epoch: 34, iter: 15720/18000, loss: 2.9875, lr: 0.000008, batch_cost: 0.1018, reader_cost: 0.00015, ips: 39.2973 samples/sec, max_mem_reserved: 922 MB, max_mem_allocated: 673 MB | ETA 00:03:52
[2026/10/07 12:50:18] INFO: [TRAIN] epoch: 34, iter: 15730/18000, loss: 3.0140, lr: 0.000008, batch_cost: 0.1036, reader_cost: 0.00000, ips: 38.6006 samples/sec, max_mem_reserved: 922 MB, max_mem_allocated: 673 MB | ETA 00:03:55
[2026/10/07 12:50:19] INFO: [TRAIN] epoch: 34, iter: 15740/18000, loss: 2.7836, lr: 0.000008, batch_cost: 0.1052, reader_cost: 0.00015, ips: 38.0064 samples/sec, max_mem_reserved: 922 MB, max_mem_allocated: 673 MB | ETA 00:03:57
[2026/10/07 12:50:20] INFO: [TRAIN] epoch: 34, iter: 15750/18000, loss: 2.9726, lr: 0.000008, batch_cost: 0.1036, reader_cost: 0.00005, ips: 38.5915 samples/sec, max_mem_reserved: 922 MB, max_mem_allocated: 673 MB | ETA 00:03:53
[2026/10/07 12:50:22] INFO: [TRAIN] epoch: 34, iter: 15760/18000, loss: 2.7823, lr: 0.000007, batch_cost: 0.1050, reader_cost: 0.00010, ips: 38.0836 samples/sec, max_mem_reserved: 922 MB, max_mem_allocated: 673 MB | ETA 00:03:55
[2026/10/07 12:50:23] INFO: [TRAIN] epoch: 34, iter: 15770/18000, loss: 2.8165, lr: 0.000007, batch_cost: 0.1040, reader_cost: 0.00000, ips: 38.4488 samples/sec, max_mem_reserved: 922 MB, max_mem_allocated: 673 MB | ETA 00:03:51
[2026/10/07 12:50:24] INFO: [TRAIN] epoch: 34, iter: 15780/18000, loss: 2.7737, lr: 0.000007, batch_cost: 0.1032, reader_cost: 0.00000, ips: 38.7703 samples/sec, max_mem_reserved: 922 MB, max_mem_allocated: 673 MB | ETA 00:03:49
[2026/10/07 12:50:26] INFO: [TRAIN] epoch: 34, iter: 15790/18000, loss: 2.7377, lr: 0.000007, batch_cost: 0.0997, reader_cost: 0.00010, ips: 40.1123 samples/sec, max_mem_reserved: 922 MB, max_mem_allocated: 673 MB | ETA 00:03:40
[2026/10/07 12:50:27] INFO: [TRAIN] epoch: 34, iter: 15800/18000, loss: 3.0173, lr: 0.000007, batch_cost: 0.1052, reader_cost: 0.00021, ips: 38.0109 samples/sec, max_mem_reserved: 922 MB, max_mem_allocated: 673 MB | ETA 00:03:51
[2026/10/07 12:50:28] INFO: [TRAIN] epoch: 34, iter: 15810/18000, loss: 2.7988, lr: 0.000007, batch_cost: 0.1029, reader_cost: 0.00000, ips: 38.8550 samples/sec, max_mem_reserved: 922 MB, max_mem_allocated: 673 MB | ETA 00:03:45
[2026/10/07 12:50:30] INFO: [TRAIN] epoch: 34, iter: 15820/18000, loss: 3.3437, lr: 0.000007, batch_cost: 0.1028, reader_cost: 0.00010, ips: 38.9291 samples/sec, max_mem_reserved: 922 MB, max_mem_allocated: 673 MB | ETA 00:03:43
[2026/10/07 12:50:31] INFO: [TRAIN] epoch: 34, iter: 15830/18000, loss: 2.9897, lr: 0.000007, batch_cost: 0.1042, reader_cost: 0.00000, ips: 38.3923 samples/sec, max_mem_reserved: 922 MB, max_mem_allocated: 673 MB | ETA 00:03:46
[2026/10/07 12:50:32] INFO: [TRAIN] epoch: 34, iter: 15840/18000, loss: 3.0024, lr: 0.000007, batch_cost: 0.1039, reader_cost: 0.00010, ips: 38.4819 samples/sec, max_mem_reserved: 922 MB, max_mem_allocated: 673 MB | ETA 00:03:44
[2026/10/07 12:50:34] INFO: [TRAIN] epoch: 34, iter: 15850/18000, loss: 2.7230, lr: 0.000007, batch_cost: 0.1025, reader_cost: 0.00000, ips: 39.0071 samples/sec, max_mem_reserved: 922 MB, max_mem_allocated: 673 MB | ETA 00:03:40
[2026/10/07 12:50:35] INFO: [TRAIN] epoch: 34, iter: 15860/18000, loss: 3.0417, lr: 0.000007, batch_cost: 0.1031, reader_cost: 0.00000, ips: 38.8074 samples/sec, max_mem_reserved: 922 MB, max_mem_allocated: 673 MB | ETA 00:03:40
[2026/10/07 12:50:37] INFO: [TRAIN] epoch: 34, iter: 15870/18000, loss: 2.6703, lr: 0.000007, batch_cost: 0.1055, reader_cost: 0.00000, ips: 37.9197 samples/sec, max_mem_reserved: 922 MB, max_mem_allocated: 673 MB | ETA 00:03:44
[2026/10/07 12:50:38] INFO: [TRAIN] epoch: 34, iter: 15880/18000, loss: 2.9556, lr: 0.000007, batch_cost: 0.1030, reader_cost: 0.00010, ips: 38.8163 samples/sec, max_mem_reserved: 922 MB, max_mem_allocated: 673 MB | ETA 00:03:38
[2026/10/07 12:50:39] INFO: [TRAIN] epoch: 34, iter: 15890/18000, loss: 2.8745, lr: 0.000007, batch_cost: 0.1037, reader_cost: 0.00020, ips: 38.5826 samples/sec, max_mem_reserved: 922 MB, max_mem_allocated: 673 MB | ETA 00:03:38
[2026/10/07 12:50:41] INFO: [TRAIN] epoch: 34, iter: 15900/18000, loss: 3.1040, lr: 0.000007, batch_cost: 0.1060, reader_cost: 0.00000, ips: 37.7491 samples/sec, max_mem_reserved: 922 MB, max_mem_allocated: 673 MB | ETA 00:03:42
[2026/10/07 12:50:42] INFO: [TRAIN] epoch: 34, iter: 15910/18000, loss: 3.1671, lr: 0.000007, batch_cost: 0.1046, reader_cost: 0.00010, ips: 38.2447 samples/sec, max_mem_reserved: 922 MB, max_mem_allocated: 673 MB | ETA 00:03:38
[2026/10/07 12:50:43] INFO: [TRAIN] epoch: 34, iter: 15920/18000, loss: 2.8780, lr: 0.000007, batch_cost: 0.1031, reader_cost: 0.00010, ips: 38.8125 samples/sec, max_mem_reserved: 922 MB, max_mem_allocated: 673 MB | ETA 00:03:34
[2026/10/07 12:50:45] INFO: [TRAIN] epoch: 34, iter: 15930/18000, loss: 2.6930, lr: 0.000007, batch_cost: 0.1036, reader_cost: 0.00030, ips: 38.6034 samples/sec, max_mem_reserved: 922 MB, max_mem_allocated: 673 MB | ETA 00:03:34
[2026/10/07 12:50:46] INFO: [TRAIN] epoch: 34, iter: 15940/18000, loss: 2.9829, lr: 0.000007, batch_cost: 0.1056, reader_cost: 0.00000, ips: 37.8875 samples/sec, max_mem_reserved: 922 MB, max_mem_allocated: 673 MB | ETA 00:03:37
[2026/10/07 12:50:48] INFO: [TRAIN] epoch: 34, iter: 15950/18000, loss: 3.1181, lr: 0.000007, batch_cost: 0.1056, reader_cost: 0.00000, ips: 37.8893 samples/sec, max_mem_reserved: 922 MB, max_mem_allocated: 673 MB | ETA 00:03:36
[2026/10/07 12:50:49] INFO: [TRAIN] epoch: 34, iter: 15960/18000, loss: 2.8229, lr: 0.000007, batch_cost: 0.1044, reader_cost: 0.00010, ips: 38.3307 samples/sec, max_mem_reserved: 922 MB, max_mem_allocated: 673 MB | ETA 00:03:32
[2026/10/07 12:50:50] INFO: [TRAIN] epoch: 34, iter: 15970/18000, loss: 2.8943, lr: 0.000007, batch_cost: 0.1090, reader_cost: 0.00000, ips: 36.6939 samples/sec, max_mem_reserved: 922 MB, max_mem_allocated: 673 MB | ETA 00:03:41
[2026/10/07 12:50:52] INFO: [TRAIN] epoch: 34, iter: 15980/18000, loss: 3.1111, lr: 0.000007, batch_cost: 0.1089, reader_cost: 0.00030, ips: 36.7434 samples/sec, max_mem_reserved: 922 MB, max_mem_allocated: 673 MB | ETA 00:03:39
[2026/10/07 12:50:53] INFO: [TRAIN] epoch: 34, iter: 15990/18000, loss: 2.9405, lr: 0.000007, batch_cost: 0.1077, reader_cost: 0.00010, ips: 37.1326 samples/sec, max_mem_reserved: 922 MB, max_mem_allocated: 673 MB | ETA 00:03:36
[2026/10/07 12:50:55] INFO: [TRAIN] epoch: 34, iter: 16000/18000, loss: 2.9094, lr: 0.000007, batch_cost: 0.1051, reader_cost: 0.00010, ips: 38.0491 samples/sec, max_mem_reserved: 922 MB, max_mem_allocated: 673 MB | ETA 00:03:30
[2026/10/07 12:50:55] INFO: Start evaluating (total_samples: 348, total_iters: 348)...

  1/348 [..............................] - ETA: 12s - batch_cost: 0.0373 - reader cost: 0.0131
  4/348 [..............................] - ETA: 9s - batch_cost: 0.0266 - reader cost: 0.0035 
  7/348 [..............................] - ETA: 8s - batch_cost: 0.0236 - reader cost: 0.0020
 10/348 [..............................] - ETA: 7s - batch_cost: 0.0225 - reader cost: 0.0014
 13/348 [>.............................] - ETA: 7s - batch_cost: 0.0217 - reader cost: 0.0011
 16/348 [>.............................] - ETA: 7s - batch_cost: 0.0215 - reader cost: 8.8009e-04
 19/348 [>.............................] - ETA: 7s - batch_cost: 0.0213 - reader cost: 7.4113e-04
 22/348 [>.............................] - ETA: 6s - batch_cost: 0.0212 - reader cost: 6.4007e-04
 25/348 [=>............................] - ETA: 6s - batch_cost: 0.0209 - reader cost: 5.6326e-04
 28/348 [=>............................] - ETA: 6s - batch_cost: 0.0207 - reader cost: 5.0291e-04
 31/348 [=>............................] - ETA: 6s - batch_cost: 0.0206 - reader cost: 4.5424e-04
 34/348 [=>............................] - ETA: 6s - batch_cost: 0.0205 - reader cost: 4.1416e-04
 37/348 [==>...........................] - ETA: 6s - batch_cost: 0.0204 - reader cost: 3.8058e-04
 40/348 [==>...........................] - ETA: 6s - batch_cost: 0.0203 - reader cost: 3.7704e-04
 43/348 [==>...........................] - ETA: 6s - batch_cost: 0.0203 - reader cost: 3.5074e-04
 46/348 [==>...........................] - ETA: 6s - batch_cost: 0.0203 - reader cost: 3.2786e-04
 49/348 [===>..........................] - ETA: 6s - batch_cost: 0.0202 - reader cost: 3.2844e-04
 52/348 [===>..........................] - ETA: 5s - batch_cost: 0.0201 - reader cost: 3.2866e-04
 55/348 [===>..........................] - ETA: 5s - batch_cost: 0.0200 - reader cost: 3.1073e-04
 58/348 [====>.........................] - ETA: 5s - batch_cost: 0.0199 - reader cost: 2.9466e-04
 61/348 [====>.........................] - ETA: 5s - batch_cost: 0.0199 - reader cost: 2.8017e-04
 64/348 [====>.........................] - ETA: 5s - batch_cost: 0.0199 - reader cost: 2.6704e-04
 67/348 [====>.........................] - ETA: 5s - batch_cost: 0.0198 - reader cost: 2.7135e-04
 70/348 [=====>........................] - ETA: 5s - batch_cost: 0.0198 - reader cost: 2.5972e-04
 73/348 [=====>........................] - ETA: 5s - batch_cost: 0.0198 - reader cost: 2.5599e-04
 76/348 [=====>........................] - ETA: 5s - batch_cost: 0.0198 - reader cost: 2.4589e-04
 79/348 [=====>........................] - ETA: 5s - batch_cost: 0.0198 - reader cost: 2.3655e-04
 82/348 [======>.......................] - ETA: 5s - batch_cost: 0.0198 - reader cost: 2.2790e-04
 85/348 [======>.......................] - ETA: 5s - batch_cost: 0.0198 - reader cost: 2.3162e-04
 88/348 [======>.......................] - ETA: 5s - batch_cost: 0.0197 - reader cost: 2.2372e-04
 91/348 [======>.......................] - ETA: 5s - batch_cost: 0.0197 - reader cost: 2.1635e-04
 94/348 [=======>......................] - ETA: 5s - batch_cost: 0.0196 - reader cost: 2.0944e-04
 97/348 [=======>......................] - ETA: 4s - batch_cost: 0.0197 - reader cost: 2.1336e-04
100/348 [=======>......................] - ETA: 4s - batch_cost: 0.0196 - reader cost: 2.0696e-04
103/348 [=======>......................] - ETA: 4s - batch_cost: 0.0196 - reader cost: 2.1058e-04
106/348 [========>.....................] - ETA: 4s - batch_cost: 0.0196 - reader cost: 2.0462e-04
109/348 [========>.....................] - ETA: 4s - batch_cost: 0.0196 - reader cost: 1.9899e-04
112/348 [========>.....................] - ETA: 4s - batch_cost: 0.0196 - reader cost: 1.9366e-04
115/348 [========>.....................] - ETA: 4s - batch_cost: 0.0196 - reader cost: 1.9322e-04
118/348 [=========>....................] - ETA: 4s - batch_cost: 0.0196 - reader cost: 1.8831e-04
121/348 [=========>....................] - ETA: 4s - batch_cost: 0.0197 - reader cost: 1.8364e-04
124/348 [=========>....................] - ETA: 4s - batch_cost: 0.0196 - reader cost: 1.7920e-04
127/348 [=========>....................] - ETA: 4s - batch_cost: 0.0196 - reader cost: 1.7496e-04
130/348 [==========>...................] - ETA: 4s - batch_cost: 0.0196 - reader cost: 1.7093e-04
133/348 [==========>...................] - ETA: 4s - batch_cost: 0.0196 - reader cost: 1.6707e-04
136/348 [==========>...................] - ETA: 4s - batch_cost: 0.0195 - reader cost: 1.6339e-04
139/348 [==========>...................] - ETA: 4s - batch_cost: 0.0195 - reader cost: 1.5986e-04
142/348 [===========>..................] - ETA: 4s - batch_cost: 0.0195 - reader cost: 1.5648e-04
145/348 [===========>..................] - ETA: 3s - batch_cost: 0.0195 - reader cost: 1.5324e-04
148/348 [===========>..................] - ETA: 3s - batch_cost: 0.0195 - reader cost: 1.5360e-04
151/348 [============>.................] - ETA: 3s - batch_cost: 0.0195 - reader cost: 1.5055e-04
154/348 [============>.................] - ETA: 3s - batch_cost: 0.0195 - reader cost: 1.4762e-04
157/348 [============>.................] - ETA: 3s - batch_cost: 0.0195 - reader cost: 1.5118e-04
160/348 [============>.................] - ETA: 3s - batch_cost: 0.0195 - reader cost: 1.4834e-04
163/348 [=============>................] - ETA: 3s - batch_cost: 0.0195 - reader cost: 1.4561e-04
166/348 [=============>................] - ETA: 3s - batch_cost: 0.0195 - reader cost: 1.4298e-04
169/348 [=============>................] - ETA: 3s - batch_cost: 0.0195 - reader cost: 1.4044e-04
172/348 [=============>................] - ETA: 3s - batch_cost: 0.0195 - reader cost: 1.3799e-04
175/348 [==============>...............] - ETA: 3s - batch_cost: 0.0195 - reader cost: 1.3563e-04
178/348 [==============>...............] - ETA: 3s - batch_cost: 0.0195 - reader cost: 1.3334e-04
181/348 [==============>...............] - ETA: 3s - batch_cost: 0.0195 - reader cost: 1.3113e-04
184/348 [==============>...............] - ETA: 3s - batch_cost: 0.0195 - reader cost: 1.2899e-04
187/348 [===============>..............] - ETA: 3s - batch_cost: 0.0195 - reader cost: 1.3762e-04
190/348 [===============>..............] - ETA: 3s - batch_cost: 0.0195 - reader cost: 1.3544e-04
193/348 [===============>..............] - ETA: 3s - batch_cost: 0.0195 - reader cost: 1.3334e-04
196/348 [===============>..............] - ETA: 2s - batch_cost: 0.0195 - reader cost: 1.3130e-04
199/348 [================>.............] - ETA: 2s - batch_cost: 0.0195 - reader cost: 1.3936e-04
202/348 [================>.............] - ETA: 2s - batch_cost: 0.0195 - reader cost: 1.3729e-04
205/348 [================>.............] - ETA: 2s - batch_cost: 0.0195 - reader cost: 1.3528e-04
208/348 [================>.............] - ETA: 2s - batch_cost: 0.0196 - reader cost: 1.4297e-04
211/348 [=================>............] - ETA: 2s - batch_cost: 0.0196 - reader cost: 1.4568e-04
214/348 [=================>............] - ETA: 2s - batch_cost: 0.0196 - reader cost: 1.4574e-04
217/348 [=================>............] - ETA: 2s - batch_cost: 0.0196 - reader cost: 1.4372e-04
220/348 [=================>............] - ETA: 2s - batch_cost: 0.0196 - reader cost: 1.4465e-04
223/348 [==================>...........] - ETA: 2s - batch_cost: 0.0196 - reader cost: 1.4270e-04
226/348 [==================>...........] - ETA: 2s - batch_cost: 0.0196 - reader cost: 1.4081e-04
229/348 [==================>...........] - ETA: 2s - batch_cost: 0.0196 - reader cost: 1.3896e-04
232/348 [===================>..........] - ETA: 2s - batch_cost: 0.0196 - reader cost: 1.3717e-04
235/348 [===================>..........] - ETA: 2s - batch_cost: 0.0196 - reader cost: 1.3541e-04
238/348 [===================>..........] - ETA: 2s - batch_cost: 0.0196 - reader cost: 1.3371e-04
241/348 [===================>..........] - ETA: 2s - batch_cost: 0.0196 - reader cost: 1.3204e-04
244/348 [====================>.........] - ETA: 2s - batch_cost: 0.0196 - reader cost: 1.3042e-04
247/348 [====================>.........] - ETA: 1s - batch_cost: 0.0196 - reader cost: 1.2884e-04
250/348 [====================>.........] - ETA: 1s - batch_cost: 0.0196 - reader cost: 1.2729e-04
253/348 [====================>.........] - ETA: 1s - batch_cost: 0.0196 - reader cost: 1.2578e-04
256/348 [=====================>........] - ETA: 1s - batch_cost: 0.0196 - reader cost: 1.2431e-04
259/348 [=====================>........] - ETA: 1s - batch_cost: 0.0196 - reader cost: 1.2672e-04
262/348 [=====================>........] - ETA: 1s - batch_cost: 0.0196 - reader cost: 1.2907e-04
265/348 [=====================>........] - ETA: 1s - batch_cost: 0.0196 - reader cost: 1.3140e-04
268/348 [======================>.......] - ETA: 1s - batch_cost: 0.0196 - reader cost: 1.2993e-04
271/348 [======================>.......] - ETA: 1s - batch_cost: 0.0196 - reader cost: 1.2849e-04
274/348 [======================>.......] - ETA: 1s - batch_cost: 0.0196 - reader cost: 1.2708e-04
277/348 [======================>.......] - ETA: 1s - batch_cost: 0.0196 - reader cost: 1.2932e-04
280/348 [=======================>......] - ETA: 1s - batch_cost: 0.0196 - reader cost: 1.2793e-04
283/348 [=======================>......] - ETA: 1s - batch_cost: 0.0196 - reader cost: 1.2658e-04
286/348 [=======================>......] - ETA: 1s - batch_cost: 0.0196 - reader cost: 1.2874e-04
289/348 [=======================>......] - ETA: 1s - batch_cost: 0.0196 - reader cost: 1.2741e-04
292/348 [========================>.....] - ETA: 1s - batch_cost: 0.0196 - reader cost: 1.2610e-04
295/348 [========================>.....] - ETA: 1s - batch_cost: 0.0196 - reader cost: 1.2482e-04
298/348 [========================>.....] - ETA: 0s - batch_cost: 0.0196 - reader cost: 1.2356e-04
301/348 [========================>.....] - ETA: 0s - batch_cost: 0.0196 - reader cost: 1.2233e-04
304/348 [=========================>....] - ETA: 0s - batch_cost: 0.0196 - reader cost: 1.2112e-04
307/348 [=========================>....] - ETA: 0s - batch_cost: 0.0196 - reader cost: 1.1994e-04
310/348 [=========================>....] - ETA: 0s - batch_cost: 0.0196 - reader cost: 1.1878e-04
313/348 [=========================>....] - ETA: 0s - batch_cost: 0.0196 - reader cost: 1.1764e-04
316/348 [==========================>...] - ETA: 0s - batch_cost: 0.0196 - reader cost: 1.1652e-04
319/348 [==========================>...] - ETA: 0s - batch_cost: 0.0196 - reader cost: 1.1543e-04
322/348 [==========================>...] - ETA: 0s - batch_cost: 0.0196 - reader cost: 1.1435e-04
325/348 [===========================>..] - ETA: 0s - batch_cost: 0.0196 - reader cost: 1.1329e-04
328/348 [===========================>..] - ETA: 0s - batch_cost: 0.0196 - reader cost: 1.1226e-04
331/348 [===========================>..] - ETA: 0s - batch_cost: 0.0196 - reader cost: 1.1124e-04
334/348 [===========================>..] - ETA: 0s - batch_cost: 0.0196 - reader cost: 1.1024e-04
337/348 [============================>.] - ETA: 0s - batch_cost: 0.0196 - reader cost: 1.1223e-04
340/348 [============================>.] - ETA: 0s - batch_cost: 0.0196 - reader cost: 1.1124e-04
343/348 [============================>.] - ETA: 0s - batch_cost: 0.0196 - reader cost: 1.1026e-04
346/348 [============================>.] - ETA: 0s - batch_cost: 0.0196 - reader cost: 1.0931e-04
348/348 [==============================] - 7s 20ms/step - batch_cost: 0.0196 - reader cost: 1.0868e-04
[2026/10/07 12:51:01] INFO: [EVAL] #Images: 348 mIoU: 0.8151 Acc: 0.9770 Kappa: 0.7788 Dice: 0.8894
[2026/10/07 12:51:01] INFO: [EVAL] Class IoU: 
[0.9759 0.6542]
[2026/10/07 12:51:01] INFO: [EVAL] Class Precision: 
[0.9863 0.8122]
[2026/10/07 12:51:01] INFO: [EVAL] Class Recall: 
[0.9893 0.7708]
[2026/10/07 12:51:01] INFO: Start evaluating (total_samples: 348, total_iters: 348)...

  1/348 [..............................] - ETA: 11s - batch_cost: 0.0335 - reader cost: 0.0118
  4/348 [..............................] - ETA: 8s - batch_cost: 0.0252 - reader cost: 0.0030 
  7/348 [..............................] - ETA: 7s - batch_cost: 0.0233 - reader cost: 0.0017
 10/348 [..............................] - ETA: 7s - batch_cost: 0.0218 - reader cost: 0.0012
 13/348 [>.............................] - ETA: 7s - batch_cost: 0.0212 - reader cost: 9.1069e-04
 16/348 [>.............................] - ETA: 7s - batch_cost: 0.0210 - reader cost: 7.3993e-04
 19/348 [>.............................] - ETA: 6s - batch_cost: 0.0207 - reader cost: 6.2310e-04
 22/348 [>.............................] - ETA: 6s - batch_cost: 0.0206 - reader cost: 5.3813e-04
 25/348 [=>............................] - ETA: 6s - batch_cost: 0.0203 - reader cost: 4.7356e-04
 28/348 [=>............................] - ETA: 6s - batch_cost: 0.0204 - reader cost: 4.2282e-04
 31/348 [=>............................] - ETA: 6s - batch_cost: 0.0203 - reader cost: 3.8190e-04
 34/348 [=>............................] - ETA: 6s - batch_cost: 0.0204 - reader cost: 3.7783e-04
 37/348 [==>...........................] - ETA: 6s - batch_cost: 0.0203 - reader cost: 3.4720e-04
 40/348 [==>...........................] - ETA: 6s - batch_cost: 0.0203 - reader cost: 3.4628e-04
 43/348 [==>...........................] - ETA: 6s - batch_cost: 0.0202 - reader cost: 3.2212e-04
 46/348 [==>...........................] - ETA: 6s - batch_cost: 0.0202 - reader cost: 3.2277e-04
 49/348 [===>..........................] - ETA: 6s - batch_cost: 0.0203 - reader cost: 3.0301e-04
 52/348 [===>..........................] - ETA: 6s - batch_cost: 0.0203 - reader cost: 2.8552e-04
 55/348 [===>..........................] - ETA: 5s - batch_cost: 0.0202 - reader cost: 2.6995e-04
 58/348 [====>.........................] - ETA: 5s - batch_cost: 0.0203 - reader cost: 2.5599e-04
 61/348 [====>.........................] - ETA: 5s - batch_cost: 0.0203 - reader cost: 2.4340e-04
 64/348 [====>.........................] - ETA: 5s - batch_cost: 0.0203 - reader cost: 2.3199e-04
 67/348 [====>.........................] - ETA: 5s - batch_cost: 0.0204 - reader cost: 2.3741e-04
 70/348 [=====>........................] - ETA: 5s - batch_cost: 0.0204 - reader cost: 2.2724e-04
 73/348 [=====>........................] - ETA: 5s - batch_cost: 0.0204 - reader cost: 2.1790e-04
 76/348 [=====>........................] - ETA: 5s - batch_cost: 0.0204 - reader cost: 2.2245e-04
 79/348 [=====>........................] - ETA: 5s - batch_cost: 0.0204 - reader cost: 2.1400e-04
 82/348 [======>.......................] - ETA: 5s - batch_cost: 0.0204 - reader cost: 2.1836e-04
 85/348 [======>.......................] - ETA: 5s - batch_cost: 0.0203 - reader cost: 2.1065e-04
 88/348 [======>.......................] - ETA: 5s - batch_cost: 0.0203 - reader cost: 2.1481e-04
 91/348 [======>.......................] - ETA: 5s - batch_cost: 0.0203 - reader cost: 2.0773e-04
 94/348 [=======>......................] - ETA: 5s - batch_cost: 0.0203 - reader cost: 2.0110e-04
 97/348 [=======>......................] - ETA: 5s - batch_cost: 0.0203 - reader cost: 1.9488e-04
100/348 [=======>......................] - ETA: 5s - batch_cost: 0.0203 - reader cost: 1.8903e-04
103/348 [=======>......................] - ETA: 4s - batch_cost: 0.0202 - reader cost: 1.8857e-04
106/348 [========>.....................] - ETA: 4s - batch_cost: 0.0202 - reader cost: 1.8323e-04
109/348 [========>.....................] - ETA: 4s - batch_cost: 0.0202 - reader cost: 1.7819e-04
112/348 [========>.....................] - ETA: 4s - batch_cost: 0.0202 - reader cost: 1.7342e-04
115/348 [========>.....................] - ETA: 4s - batch_cost: 0.0202 - reader cost: 1.6889e-04
118/348 [=========>....................] - ETA: 4s - batch_cost: 0.0202 - reader cost: 1.6460e-04
121/348 [=========>....................] - ETA: 4s - batch_cost: 0.0202 - reader cost: 1.6052e-04
124/348 [=========>....................] - ETA: 4s - batch_cost: 0.0202 - reader cost: 1.5664e-04
127/348 [=========>....................] - ETA: 4s - batch_cost: 0.0202 - reader cost: 1.5294e-04
130/348 [==========>...................] - ETA: 4s - batch_cost: 0.0202 - reader cost: 1.4941e-04
133/348 [==========>...................] - ETA: 4s - batch_cost: 0.0201 - reader cost: 1.5356e-04
136/348 [==========>...................] - ETA: 4s - batch_cost: 0.0201 - reader cost: 1.5017e-04
139/348 [==========>...................] - ETA: 4s - batch_cost: 0.0201 - reader cost: 1.5420e-04
142/348 [===========>..................] - ETA: 4s - batch_cost: 0.0201 - reader cost: 1.5094e-04
145/348 [===========>..................] - ETA: 4s - batch_cost: 0.0201 - reader cost: 1.4782e-04
148/348 [===========>..................] - ETA: 4s - batch_cost: 0.0201 - reader cost: 1.5161e-04
151/348 [============>.................] - ETA: 3s - batch_cost: 0.0201 - reader cost: 1.4860e-04
154/348 [============>.................] - ETA: 3s - batch_cost: 0.0201 - reader cost: 1.4571e-04
157/348 [============>.................] - ETA: 3s - batch_cost: 0.0201 - reader cost: 1.4292e-04
160/348 [============>.................] - ETA: 3s - batch_cost: 0.0201 - reader cost: 1.4024e-04
163/348 [=============>................] - ETA: 3s - batch_cost: 0.0201 - reader cost: 1.3766e-04
166/348 [=============>................] - ETA: 3s - batch_cost: 0.0201 - reader cost: 1.4137e-04
169/348 [=============>................] - ETA: 3s - batch_cost: 0.0201 - reader cost: 1.4477e-04
172/348 [=============>................] - ETA: 3s - batch_cost: 0.0201 - reader cost: 1.4224e-04
175/348 [==============>...............] - ETA: 3s - batch_cost: 0.0201 - reader cost: 1.3980e-04
178/348 [==============>...............] - ETA: 3s - batch_cost: 0.0201 - reader cost: 1.3745e-04
181/348 [==============>...............] - ETA: 3s - batch_cost: 0.0200 - reader cost: 1.3517e-04
184/348 [==============>...............] - ETA: 3s - batch_cost: 0.0200 - reader cost: 1.3296e-04
187/348 [===============>..............] - ETA: 3s - batch_cost: 0.0200 - reader cost: 1.3083e-04
190/348 [===============>..............] - ETA: 3s - batch_cost: 0.0200 - reader cost: 1.2876e-04
193/348 [===============>..............] - ETA: 3s - batch_cost: 0.0200 - reader cost: 1.2676e-04
196/348 [===============>..............] - ETA: 3s - batch_cost: 0.0200 - reader cost: 1.2482e-04
199/348 [================>.............] - ETA: 2s - batch_cost: 0.0200 - reader cost: 1.2294e-04
202/348 [================>.............] - ETA: 2s - batch_cost: 0.0200 - reader cost: 1.2112e-04
205/348 [================>.............] - ETA: 2s - batch_cost: 0.0200 - reader cost: 1.1934e-04
208/348 [================>.............] - ETA: 2s - batch_cost: 0.0200 - reader cost: 1.1762e-04
211/348 [=================>............] - ETA: 2s - batch_cost: 0.0200 - reader cost: 1.1595e-04
214/348 [=================>............] - ETA: 2s - batch_cost: 0.0200 - reader cost: 1.1432e-04
217/348 [=================>............] - ETA: 2s - batch_cost: 0.0200 - reader cost: 1.1274e-04
220/348 [=================>............] - ETA: 2s - batch_cost: 0.0200 - reader cost: 1.1121e-04
223/348 [==================>...........] - ETA: 2s - batch_cost: 0.0200 - reader cost: 1.0971e-04
226/348 [==================>...........] - ETA: 2s - batch_cost: 0.0200 - reader cost: 1.0825e-04
229/348 [==================>...........] - ETA: 2s - batch_cost: 0.0200 - reader cost: 1.1112e-04
232/348 [===================>..........] - ETA: 2s - batch_cost: 0.0200 - reader cost: 1.0969e-04
235/348 [===================>..........] - ETA: 2s - batch_cost: 0.0200 - reader cost: 1.0829e-04
238/348 [===================>..........] - ETA: 2s - batch_cost: 0.0200 - reader cost: 1.0692e-04
241/348 [===================>..........] - ETA: 2s - batch_cost: 0.0200 - reader cost: 1.0559e-04
244/348 [====================>.........] - ETA: 2s - batch_cost: 0.0200 - reader cost: 1.0429e-04
247/348 [====================>.........] - ETA: 2s - batch_cost: 0.0200 - reader cost: 1.0302e-04
250/348 [====================>.........] - ETA: 1s - batch_cost: 0.0200 - reader cost: 1.0179e-04
253/348 [====================>.........] - ETA: 1s - batch_cost: 0.0200 - reader cost: 1.0058e-04
256/348 [=====================>........] - ETA: 1s - batch_cost: 0.0200 - reader cost: 9.9403e-05
259/348 [=====================>........] - ETA: 1s - batch_cost: 0.0200 - reader cost: 9.8251e-05
262/348 [=====================>........] - ETA: 1s - batch_cost: 0.0200 - reader cost: 9.7126e-05
265/348 [=====================>........] - ETA: 1s - batch_cost: 0.0200 - reader cost: 9.6027e-05
268/348 [======================>.......] - ETA: 1s - batch_cost: 0.0200 - reader cost: 9.4952e-05
271/348 [======================>.......] - ETA: 1s - batch_cost: 0.0200 - reader cost: 9.7609e-05
274/348 [======================>.......] - ETA: 1s - batch_cost: 0.0200 - reader cost: 9.6540e-05
277/348 [======================>.......] - ETA: 1s - batch_cost: 0.0200 - reader cost: 9.5495e-05
280/348 [=======================>......] - ETA: 1s - batch_cost: 0.0200 - reader cost: 9.4472e-05
283/348 [=======================>......] - ETA: 1s - batch_cost: 0.0200 - reader cost: 9.3470e-05
286/348 [=======================>......] - ETA: 1s - batch_cost: 0.0200 - reader cost: 9.2490e-05
289/348 [=======================>......] - ETA: 1s - batch_cost: 0.0200 - reader cost: 9.1530e-05
292/348 [========================>.....] - ETA: 1s - batch_cost: 0.0200 - reader cost: 9.4010e-05
295/348 [========================>.....] - ETA: 1s - batch_cost: 0.0200 - reader cost: 9.6443e-05
298/348 [========================>.....] - ETA: 1s - batch_cost: 0.0200 - reader cost: 9.5472e-05
301/348 [========================>.....] - ETA: 0s - batch_cost: 0.0200 - reader cost: 9.4521e-05
304/348 [=========================>....] - ETA: 0s - batch_cost: 0.0200 - reader cost: 9.3588e-05
307/348 [=========================>....] - ETA: 0s - batch_cost: 0.0200 - reader cost: 9.2673e-05
310/348 [=========================>....] - ETA: 0s - batch_cost: 0.0200 - reader cost: 9.1777e-05
313/348 [=========================>....] - ETA: 0s - batch_cost: 0.0200 - reader cost: 9.0897e-05
316/348 [==========================>...] - ETA: 0s - batch_cost: 0.0200 - reader cost: 9.0034e-05
319/348 [==========================>...] - ETA: 0s - batch_cost: 0.0200 - reader cost: 8.9187e-05
322/348 [==========================>...] - ETA: 0s - batch_cost: 0.0200 - reader cost: 8.8356e-05
325/348 [===========================>..] - ETA: 0s - batch_cost: 0.0200 - reader cost: 8.7541e-05
328/348 [===========================>..] - ETA: 0s - batch_cost: 0.0200 - reader cost: 8.6740e-05
331/348 [===========================>..] - ETA: 0s - batch_cost: 0.0200 - reader cost: 8.8934e-05
334/348 [===========================>..] - ETA: 0s - batch_cost: 0.0200 - reader cost: 8.8136e-05
337/348 [============================>.] - ETA: 0s - batch_cost: 0.0200 - reader cost: 8.7351e-05
340/348 [============================>.] - ETA: 0s - batch_cost: 0.0200 - reader cost: 8.6580e-05
343/348 [============================>.] - ETA: 0s - batch_cost: 0.0200 - reader cost: 8.5823e-05
346/348 [============================>.] - ETA: 0s - batch_cost: 0.0200 - reader cost: 9.0851e-05
348/348 [==============================] - 7s 20ms/step - batch_cost: 0.0200 - reader cost: 9.0328e-05
[2026/10/07 12:51:08] INFO: [EVAL] #Images: 348 mIoU: 0.8157 Acc: 0.9771 Kappa: 0.7797 Dice: 0.8898
[2026/10/07 12:51:08] INFO: [EVAL] Class IoU: 
[0.976  0.6554]
[2026/10/07 12:51:08] INFO: [EVAL] Class Precision: 
[0.9864 0.813 ]
[2026/10/07 12:51:08] INFO: [EVAL] Class Recall: 
[0.9894 0.7717]
[2026/10/07 12:51:09] INFO: [EVAL] The model with the best validation mIoU (0.8169) was saved at iter 12000.
[2026/10/07 12:51:09] INFO: [EVAL] The EMA model with the best validation mIoU (0.8172) was saved at iter 12000.
[2026/10/07 12:51:10] INFO: [TRAIN] epoch: 34, iter: 16010/18000, loss: 3.0331, lr: 0.000007, batch_cost: 0.1061, reader_cost: 0.00010, ips: 37.7118 samples/sec, max_mem_reserved: 922 MB, max_mem_allocated: 673 MB | ETA 00:03:31
[2026/10/07 12:51:11] INFO: [TRAIN] epoch: 34, iter: 16020/18000, loss: 3.0592, lr: 0.000007, batch_cost: 0.1028, reader_cost: 0.00000, ips: 38.9178 samples/sec, max_mem_reserved: 922 MB, max_mem_allocated: 673 MB | ETA 00:03:23
[2026/10/07 12:51:13] INFO: [TRAIN] epoch: 34, iter: 16030/18000, loss: 2.8104, lr: 0.000007, batch_cost: 0.1041, reader_cost: 0.00000, ips: 38.4431 samples/sec, max_mem_reserved: 922 MB, max_mem_allocated: 673 MB | ETA 00:03:24
[2026/10/07 12:51:14] INFO: [TRAIN] epoch: 34, iter: 16040/18000, loss: 3.0092, lr: 0.000007, batch_cost: 0.1018, reader_cost: 0.00000, ips: 39.2918 samples/sec, max_mem_reserved: 922 MB, max_mem_allocated: 673 MB | ETA 00:03:19
[2026/10/07 12:51:15] INFO: [TRAIN] epoch: 34, iter: 16050/18000, loss: 3.3797, lr: 0.000007, batch_cost: 0.1026, reader_cost: 0.00000, ips: 38.9984 samples/sec, max_mem_reserved: 922 MB, max_mem_allocated: 673 MB | ETA 00:03:20
[2026/10/07 12:51:17] INFO: [TRAIN] epoch: 34, iter: 16060/18000, loss: 2.8325, lr: 0.000006, batch_cost: 0.1049, reader_cost: 0.00025, ips: 38.1233 samples/sec, max_mem_reserved: 922 MB, max_mem_allocated: 673 MB | ETA 00:03:23
[2026/10/07 12:51:18] INFO: [TRAIN] epoch: 34, iter: 16070/18000, loss: 2.8570, lr: 0.000006, batch_cost: 0.1009, reader_cost: 0.00000, ips: 39.6291 samples/sec, max_mem_reserved: 922 MB, max_mem_allocated: 673 MB | ETA 00:03:14
[2026/10/07 12:51:19] INFO: [TRAIN] epoch: 34, iter: 16080/18000, loss: 2.6583, lr: 0.000006, batch_cost: 0.1050, reader_cost: 0.00000, ips: 38.1034 samples/sec, max_mem_reserved: 922 MB, max_mem_allocated: 673 MB | ETA 00:03:21
[2026/10/07 12:51:21] INFO: [TRAIN] epoch: 34, iter: 16090/18000, loss: 2.9205, lr: 0.000006, batch_cost: 0.1034, reader_cost: 0.00000, ips: 38.7023 samples/sec, max_mem_reserved: 922 MB, max_mem_allocated: 673 MB | ETA 00:03:17
[2026/10/07 12:51:22] INFO: [TRAIN] epoch: 34, iter: 16100/18000, loss: 3.1192, lr: 0.000006, batch_cost: 0.1027, reader_cost: 0.00020, ips: 38.9632 samples/sec, max_mem_reserved: 922 MB, max_mem_allocated: 673 MB | ETA 00:03:15
[2026/10/07 12:51:24] INFO: [TRAIN] epoch: 34, iter: 16110/18000, loss: 3.3450, lr: 0.000006, batch_cost: 0.1026, reader_cost: 0.00000, ips: 38.9703 samples/sec, max_mem_reserved: 922 MB, max_mem_allocated: 673 MB | ETA 00:03:13
[2026/10/07 12:51:25] INFO: [TRAIN] epoch: 35, iter: 16120/18000, loss: 3.0925, lr: 0.000006, batch_cost: 0.1040, reader_cost: 0.00735, ips: 38.4611 samples/sec, max_mem_reserved: 922 MB, max_mem_allocated: 673 MB | ETA 00:03:15
[2026/10/07 12:51:26] INFO: [TRAIN] epoch: 35, iter: 16130/18000, loss: 3.3337, lr: 0.000006, batch_cost: 0.1022, reader_cost: 0.00010, ips: 39.1346 samples/sec, max_mem_reserved: 922 MB, max_mem_allocated: 673 MB | ETA 00:03:11
[2026/10/07 12:51:28] INFO: [TRAIN] epoch: 35, iter: 16140/18000, loss: 2.7661, lr: 0.000006, batch_cost: 0.1015, reader_cost: 0.00000, ips: 39.4035 samples/sec, max_mem_reserved: 922 MB, max_mem_allocated: 673 MB | ETA 00:03:08
[2026/10/07 12:51:29] INFO: [TRAIN] epoch: 35, iter: 16150/18000, loss: 3.1092, lr: 0.000006, batch_cost: 0.1048, reader_cost: 0.00010, ips: 38.1698 samples/sec, max_mem_reserved: 922 MB, max_mem_allocated: 673 MB | ETA 00:03:13
[2026/10/07 12:51:30] INFO: [TRAIN] epoch: 35, iter: 16160/18000, loss: 2.9899, lr: 0.000006, batch_cost: 0.1025, reader_cost: 0.00020, ips: 39.0301 samples/sec, max_mem_reserved: 922 MB, max_mem_allocated: 673 MB | ETA 00:03:08
[2026/10/07 12:51:32] INFO: [TRAIN] epoch: 35, iter: 16170/18000, loss: 3.0287, lr: 0.000006, batch_cost: 0.1009, reader_cost: 0.00010, ips: 39.6458 samples/sec, max_mem_reserved: 922 MB, max_mem_allocated: 673 MB | ETA 00:03:04
[2026/10/07 12:51:33] INFO: [TRAIN] epoch: 35, iter: 16180/18000, loss: 2.8887, lr: 0.000006, batch_cost: 0.1024, reader_cost: 0.00000, ips: 39.0643 samples/sec, max_mem_reserved: 922 MB, max_mem_allocated: 673 MB | ETA 00:03:06
[2026/10/07 12:51:34] INFO: [TRAIN] epoch: 35, iter: 16190/18000, loss: 3.0067, lr: 0.000006, batch_cost: 0.1032, reader_cost: 0.00010, ips: 38.7712 samples/sec, max_mem_reserved: 922 MB, max_mem_allocated: 673 MB | ETA 00:03:06
[2026/10/07 12:51:36] INFO: [TRAIN] epoch: 35, iter: 16200/18000, loss: 2.8480, lr: 0.000006, batch_cost: 0.1029, reader_cost: 0.00010, ips: 38.8712 samples/sec, max_mem_reserved: 922 MB, max_mem_allocated: 673 MB | ETA 00:03:05
[2026/10/07 12:51:37] INFO: [TRAIN] epoch: 35, iter: 16210/18000, loss: 2.5785, lr: 0.000006, batch_cost: 0.1017, reader_cost: 0.00000, ips: 39.3207 samples/sec, max_mem_reserved: 922 MB, max_mem_allocated: 673 MB | ETA 00:03:02
[2026/10/07 12:51:39] INFO: [TRAIN] epoch: 35, iter: 16220/18000, loss: 2.7809, lr: 0.000006, batch_cost: 0.1031, reader_cost: 0.00020, ips: 38.7860 samples/sec, max_mem_reserved: 922 MB, max_mem_allocated: 673 MB | ETA 00:03:03
[2026/10/07 12:51:40] INFO: [TRAIN] epoch: 35, iter: 16230/18000, loss: 2.6456, lr: 0.000006, batch_cost: 0.1018, reader_cost: 0.00010, ips: 39.2872 samples/sec, max_mem_reserved: 922 MB, max_mem_allocated: 673 MB | ETA 00:03:00
[2026/10/07 12:51:41] INFO: [TRAIN] epoch: 35, iter: 16240/18000, loss: 2.9177, lr: 0.000006, batch_cost: 0.1048, reader_cost: 0.00020, ips: 38.1713 samples/sec, max_mem_reserved: 922 MB, max_mem_allocated: 673 MB | ETA 00:03:04
[2026/10/07 12:51:43] INFO: [TRAIN] epoch: 35, iter: 16250/18000, loss: 2.7314, lr: 0.000006, batch_cost: 0.1016, reader_cost: 0.00000, ips: 39.3594 samples/sec, max_mem_reserved: 922 MB, max_mem_allocated: 673 MB | ETA 00:02:57
[2026/10/07 12:51:44] INFO: [TRAIN] epoch: 35, iter: 16260/18000, loss: 2.9676, lr: 0.000006, batch_cost: 0.1034, reader_cost: 0.00015, ips: 38.6772 samples/sec, max_mem_reserved: 922 MB, max_mem_allocated: 673 MB | ETA 00:02:59
[2026/10/07 12:51:45] INFO: [TRAIN] epoch: 35, iter: 16270/18000, loss: 3.0059, lr: 0.000006, batch_cost: 0.1028, reader_cost: 0.00000, ips: 38.8928 samples/sec, max_mem_reserved: 922 MB, max_mem_allocated: 673 MB | ETA 00:02:57
[2026/10/07 12:51:47] INFO: [TRAIN] epoch: 35, iter: 16280/18000, loss: 2.8877, lr: 0.000006, batch_cost: 0.1004, reader_cost: 0.00010, ips: 39.8427 samples/sec, max_mem_reserved: 922 MB, max_mem_allocated: 673 MB | ETA 00:02:52
[2026/10/07 12:51:48] INFO: [TRAIN] epoch: 35, iter: 16290/18000, loss: 2.9470, lr: 0.000006, batch_cost: 0.1009, reader_cost: 0.00000, ips: 39.6457 samples/sec, max_mem_reserved: 922 MB, max_mem_allocated: 673 MB | ETA 00:02:52
[2026/10/07 12:51:49] INFO: [TRAIN] epoch: 35, iter: 16300/18000, loss: 3.3012, lr: 0.000006, batch_cost: 0.1030, reader_cost: 0.00000, ips: 38.8525 samples/sec, max_mem_reserved: 922 MB, max_mem_allocated: 673 MB | ETA 00:02:55
[2026/10/07 12:51:51] INFO: [TRAIN] epoch: 35, iter: 16310/18000, loss: 3.1226, lr: 0.000006, batch_cost: 0.1010, reader_cost: 0.00010, ips: 39.5974 samples/sec, max_mem_reserved: 922 MB, max_mem_allocated: 673 MB | ETA 00:02:50
[2026/10/07 12:51:52] INFO: [TRAIN] epoch: 35, iter: 16320/18000, loss: 3.0636, lr: 0.000006, batch_cost: 0.1031, reader_cost: 0.00000, ips: 38.7995 samples/sec, max_mem_reserved: 922 MB, max_mem_allocated: 673 MB | ETA 00:02:53
[2026/10/07 12:51:53] INFO: [TRAIN] epoch: 35, iter: 16330/18000, loss: 3.2130, lr: 0.000006, batch_cost: 0.1021, reader_cost: 0.00000, ips: 39.1837 samples/sec, max_mem_reserved: 922 MB, max_mem_allocated: 673 MB | ETA 00:02:50
[2026/10/07 12:51:55] INFO: [TRAIN] epoch: 35, iter: 16340/18000, loss: 2.9821, lr: 0.000006, batch_cost: 0.1031, reader_cost: 0.00000, ips: 38.7983 samples/sec, max_mem_reserved: 922 MB, max_mem_allocated: 673 MB | ETA 00:02:51
[2026/10/07 12:51:56] INFO: [TRAIN] epoch: 35, iter: 16350/18000, loss: 3.1999, lr: 0.000006, batch_cost: 0.1011, reader_cost: 0.00000, ips: 39.5514 samples/sec, max_mem_reserved: 922 MB, max_mem_allocated: 673 MB | ETA 00:02:46
[2026/10/07 12:51:57] INFO: [TRAIN] epoch: 35, iter: 16360/18000, loss: 2.9156, lr: 0.000005, batch_cost: 0.1042, reader_cost: 0.00031, ips: 38.3782 samples/sec, max_mem_reserved: 922 MB, max_mem_allocated: 673 MB | ETA 00:02:50
[2026/10/07 12:51:59] INFO: [TRAIN] epoch: 35, iter: 16370/18000, loss: 3.3176, lr: 0.000005, batch_cost: 0.1028, reader_cost: 0.00020, ips: 38.9227 samples/sec, max_mem_reserved: 922 MB, max_mem_allocated: 673 MB | ETA 00:02:47
[2026/10/07 12:52:00] INFO: [TRAIN] epoch: 35, iter: 16380/18000, loss: 2.8810, lr: 0.000005, batch_cost: 0.1010, reader_cost: 0.00000, ips: 39.5894 samples/sec, max_mem_reserved: 922 MB, max_mem_allocated: 673 MB | ETA 00:02:43
[2026/10/07 12:52:01] INFO: [TRAIN] epoch: 35, iter: 16390/18000, loss: 3.0144, lr: 0.000005, batch_cost: 0.1026, reader_cost: 0.00005, ips: 38.9760 samples/sec, max_mem_reserved: 922 MB, max_mem_allocated: 673 MB | ETA 00:02:45
[2026/10/07 12:52:03] INFO: [TRAIN] epoch: 35, iter: 16400/18000, loss: 3.0233, lr: 0.000005, batch_cost: 0.1006, reader_cost: 0.00010, ips: 39.7772 samples/sec, max_mem_reserved: 922 MB, max_mem_allocated: 673 MB | ETA 00:02:40
[2026/10/07 12:52:04] INFO: [TRAIN] epoch: 35, iter: 16410/18000, loss: 2.9929, lr: 0.000005, batch_cost: 0.1034, reader_cost: 0.00025, ips: 38.6947 samples/sec, max_mem_reserved: 922 MB, max_mem_allocated: 673 MB | ETA 00:02:44
[2026/10/07 12:52:05] INFO: [TRAIN] epoch: 35, iter: 16420/18000, loss: 3.2294, lr: 0.000005, batch_cost: 0.1014, reader_cost: 0.00000, ips: 39.4410 samples/sec, max_mem_reserved: 922 MB, max_mem_allocated: 673 MB | ETA 00:02:40
[2026/10/07 12:52:07] INFO: [TRAIN] epoch: 35, iter: 16430/18000, loss: 2.7202, lr: 0.000005, batch_cost: 0.1036, reader_cost: 0.00020, ips: 38.6152 samples/sec, max_mem_reserved: 922 MB, max_mem_allocated: 673 MB | ETA 00:02:42
[2026/10/07 12:52:08] INFO: [TRAIN] epoch: 35, iter: 16440/18000, loss: 2.9473, lr: 0.000005, batch_cost: 0.1036, reader_cost: 0.00000, ips: 38.5970 samples/sec, max_mem_reserved: 922 MB, max_mem_allocated: 673 MB | ETA 00:02:41
[2026/10/07 12:52:09] INFO: [TRAIN] epoch: 35, iter: 16450/18000, loss: 3.0451, lr: 0.000005, batch_cost: 0.1041, reader_cost: 0.00010, ips: 38.4145 samples/sec, max_mem_reserved: 922 MB, max_mem_allocated: 673 MB | ETA 00:02:41
[2026/10/07 12:52:11] INFO: [TRAIN] epoch: 35, iter: 16460/18000, loss: 3.0119, lr: 0.000005, batch_cost: 0.1024, reader_cost: 0.00005, ips: 39.0652 samples/sec, max_mem_reserved: 922 MB, max_mem_allocated: 673 MB | ETA 00:02:37
[2026/10/07 12:52:12] INFO: [TRAIN] epoch: 35, iter: 16470/18000, loss: 2.7841, lr: 0.000005, batch_cost: 0.1027, reader_cost: 0.00010, ips: 38.9476 samples/sec, max_mem_reserved: 922 MB, max_mem_allocated: 673 MB | ETA 00:02:37
[2026/10/07 12:52:14] INFO: [TRAIN] epoch: 35, iter: 16480/18000, loss: 2.9448, lr: 0.000005, batch_cost: 0.1024, reader_cost: 0.00000, ips: 39.0613 samples/sec, max_mem_reserved: 922 MB, max_mem_allocated: 673 MB | ETA 00:02:35
[2026/10/07 12:52:15] INFO: [TRAIN] epoch: 35, iter: 16490/18000, loss: 2.9423, lr: 0.000005, batch_cost: 0.1037, reader_cost: 0.00010, ips: 38.5652 samples/sec, max_mem_reserved: 922 MB, max_mem_allocated: 673 MB | ETA 00:02:36
[2026/10/07 12:52:16] INFO: [TRAIN] epoch: 35, iter: 16500/18000, loss: 2.9267, lr: 0.000005, batch_cost: 0.1037, reader_cost: 0.00010, ips: 38.5706 samples/sec, max_mem_reserved: 922 MB, max_mem_allocated: 673 MB | ETA 00:02:35
[2026/10/07 12:52:18] INFO: [TRAIN] epoch: 35, iter: 16510/18000, loss: 2.8366, lr: 0.000005, batch_cost: 0.1023, reader_cost: 0.00010, ips: 39.1022 samples/sec, max_mem_reserved: 922 MB, max_mem_allocated: 673 MB | ETA 00:02:32
[2026/10/07 12:52:19] INFO: [TRAIN] epoch: 35, iter: 16520/18000, loss: 2.8084, lr: 0.000005, batch_cost: 0.1019, reader_cost: 0.00000, ips: 39.2477 samples/sec, max_mem_reserved: 922 MB, max_mem_allocated: 673 MB | ETA 00:02:30
[2026/10/07 12:52:20] INFO: [TRAIN] epoch: 35, iter: 16530/18000, loss: 3.0728, lr: 0.000005, batch_cost: 0.1041, reader_cost: 0.00010, ips: 38.4086 samples/sec, max_mem_reserved: 922 MB, max_mem_allocated: 673 MB | ETA 00:02:33
[2026/10/07 12:52:22] INFO: [TRAIN] epoch: 35, iter: 16540/18000, loss: 2.6673, lr: 0.000005, batch_cost: 0.1014, reader_cost: 0.00010, ips: 39.4353 samples/sec, max_mem_reserved: 922 MB, max_mem_allocated: 673 MB | ETA 00:02:28
[2026/10/07 12:52:23] INFO: [TRAIN] epoch: 35, iter: 16550/18000, loss: 3.0046, lr: 0.000005, batch_cost: 0.1016, reader_cost: 0.00010, ips: 39.3865 samples/sec, max_mem_reserved: 922 MB, max_mem_allocated: 673 MB | ETA 00:02:27
[2026/10/07 12:52:24] INFO: [TRAIN] epoch: 35, iter: 16560/18000, loss: 3.2956, lr: 0.000005, batch_cost: 0.1017, reader_cost: 0.00000, ips: 39.3461 samples/sec, max_mem_reserved: 922 MB, max_mem_allocated: 673 MB | ETA 00:02:26
[2026/10/07 12:52:26] INFO: [TRAIN] epoch: 35, iter: 16570/18000, loss: 3.2988, lr: 0.000005, batch_cost: 0.1035, reader_cost: 0.00020, ips: 38.6296 samples/sec, max_mem_reserved: 922 MB, max_mem_allocated: 673 MB | ETA 00:02:28
[2026/10/07 12:52:27] INFO: [TRAIN] epoch: 35, iter: 16580/18000, loss: 3.0337, lr: 0.000005, batch_cost: 0.1029, reader_cost: 0.00015, ips: 38.8771 samples/sec, max_mem_reserved: 922 MB, max_mem_allocated: 673 MB | ETA 00:02:26
[2026/10/07 12:52:28] INFO: [TRAIN] epoch: 35, iter: 16590/18000, loss: 3.0915, lr: 0.000005, batch_cost: 0.0924, reader_cost: 0.00010, ips: 43.3075 samples/sec, max_mem_reserved: 922 MB, max_mem_allocated: 673 MB | ETA 00:02:10
[2026/10/07 12:52:30] INFO: [TRAIN] epoch: 36, iter: 16600/18000, loss: 3.7010, lr: 0.000005, batch_cost: 0.1139, reader_cost: 0.00799, ips: 35.1279 samples/sec, max_mem_reserved: 922 MB, max_mem_allocated: 673 MB | ETA 00:02:39
[2026/10/07 12:52:31] INFO: [TRAIN] epoch: 36, iter: 16610/18000, loss: 2.9378, lr: 0.000005, batch_cost: 0.1053, reader_cost: 0.00010, ips: 37.9885 samples/sec, max_mem_reserved: 922 MB, max_mem_allocated: 673 MB | ETA 00:02:26
[2026/10/07 12:52:32] INFO: [TRAIN] epoch: 36, iter: 16620/18000, loss: 2.5923, lr: 0.000005, batch_cost: 0.1022, reader_cost: 0.00020, ips: 39.1228 samples/sec, max_mem_reserved: 922 MB, max_mem_allocated: 673 MB | ETA 00:02:21
[2026/10/07 12:52:34] INFO: [TRAIN] epoch: 36, iter: 16630/18000, loss: 2.6610, lr: 0.000005, batch_cost: 0.1023, reader_cost: 0.00000, ips: 39.1099 samples/sec, max_mem_reserved: 922 MB, max_mem_allocated: 673 MB | ETA 00:02:20
[2026/10/07 12:52:35] INFO: [TRAIN] epoch: 36, iter: 16640/18000, loss: 2.9168, lr: 0.000005, batch_cost: 0.1017, reader_cost: 0.00010, ips: 39.3155 samples/sec, max_mem_reserved: 922 MB, max_mem_allocated: 673 MB | ETA 00:02:18
[2026/10/07 12:52:37] INFO: [TRAIN] epoch: 36, iter: 16650/18000, loss: 2.8172, lr: 0.000005, batch_cost: 0.1037, reader_cost: 0.00000, ips: 38.5888 samples/sec, max_mem_reserved: 922 MB, max_mem_allocated: 673 MB | ETA 00:02:19
[2026/10/07 12:52:38] INFO: [TRAIN] epoch: 36, iter: 16660/18000, loss: 3.2007, lr: 0.000004, batch_cost: 0.1046, reader_cost: 0.00010, ips: 38.2464 samples/sec, max_mem_reserved: 922 MB, max_mem_allocated: 673 MB | ETA 00:02:20
[2026/10/07 12:52:39] INFO: [TRAIN] epoch: 36, iter: 16670/18000, loss: 2.8674, lr: 0.000004, batch_cost: 0.1025, reader_cost: 0.00010, ips: 39.0113 samples/sec, max_mem_reserved: 922 MB, max_mem_allocated: 673 MB | ETA 00:02:16
[2026/10/07 12:52:41] INFO: [TRAIN] epoch: 36, iter: 16680/18000, loss: 3.0649, lr: 0.000004, batch_cost: 0.1039, reader_cost: 0.00011, ips: 38.5076 samples/sec, max_mem_reserved: 922 MB, max_mem_allocated: 673 MB | ETA 00:02:17
[2026/10/07 12:52:42] INFO: [TRAIN] epoch: 36, iter: 16690/18000, loss: 2.8810, lr: 0.000004, batch_cost: 0.1006, reader_cost: 0.00010, ips: 39.7457 samples/sec, max_mem_reserved: 922 MB, max_mem_allocated: 673 MB | ETA 00:02:11
[2026/10/07 12:52:43] INFO: [TRAIN] epoch: 36, iter: 16700/18000, loss: 2.8610, lr: 0.000004, batch_cost: 0.1032, reader_cost: 0.00000, ips: 38.7628 samples/sec, max_mem_reserved: 922 MB, max_mem_allocated: 673 MB | ETA 00:02:14
[2026/10/07 12:52:45] INFO: [TRAIN] epoch: 36, iter: 16710/18000, loss: 2.5432, lr: 0.000004, batch_cost: 0.1033, reader_cost: 0.00000, ips: 38.7156 samples/sec, max_mem_reserved: 922 MB, max_mem_allocated: 673 MB | ETA 00:02:13
[2026/10/07 12:52:46] INFO: [TRAIN] epoch: 36, iter: 16720/18000, loss: 3.1126, lr: 0.000004, batch_cost: 0.1046, reader_cost: 0.00000, ips: 38.2316 samples/sec, max_mem_reserved: 922 MB, max_mem_allocated: 673 MB | ETA 00:02:13
[2026/10/07 12:52:47] INFO: [TRAIN] epoch: 36, iter: 16730/18000, loss: 2.9187, lr: 0.000004, batch_cost: 0.1040, reader_cost: 0.00010, ips: 38.4508 samples/sec, max_mem_reserved: 922 MB, max_mem_allocated: 673 MB | ETA 00:02:12
[2026/10/07 12:52:49] INFO: [TRAIN] epoch: 36, iter: 16740/18000, loss: 3.4562, lr: 0.000004, batch_cost: 0.1010, reader_cost: 0.00000, ips: 39.6138 samples/sec, max_mem_reserved: 922 MB, max_mem_allocated: 673 MB | ETA 00:02:07
[2026/10/07 12:52:50] INFO: [TRAIN] epoch: 36, iter: 16750/18000, loss: 3.0678, lr: 0.000004, batch_cost: 0.1032, reader_cost: 0.00010, ips: 38.7748 samples/sec, max_mem_reserved: 922 MB, max_mem_allocated: 673 MB | ETA 00:02:08
[2026/10/07 12:52:52] INFO: [TRAIN] epoch: 36, iter: 16760/18000, loss: 3.0043, lr: 0.000004, batch_cost: 0.1044, reader_cost: 0.00010, ips: 38.3050 samples/sec, max_mem_reserved: 922 MB, max_mem_allocated: 673 MB | ETA 00:02:09
[2026/10/07 12:52:53] INFO: [TRAIN] epoch: 36, iter: 16770/18000, loss: 3.4258, lr: 0.000004, batch_cost: 0.1050, reader_cost: 0.00010, ips: 38.1062 samples/sec, max_mem_reserved: 922 MB, max_mem_allocated: 673 MB | ETA 00:02:09
[2026/10/07 12:52:54] INFO: [TRAIN] epoch: 36, iter: 16780/18000, loss: 2.7460, lr: 0.000004, batch_cost: 0.1020, reader_cost: 0.00020, ips: 39.2180 samples/sec, max_mem_reserved: 922 MB, max_mem_allocated: 673 MB | ETA 00:02:04
[2026/10/07 12:52:56] INFO: [TRAIN] epoch: 36, iter: 16790/18000, loss: 2.9296, lr: 0.000004, batch_cost: 0.1028, reader_cost: 0.00010, ips: 38.8945 samples/sec, max_mem_reserved: 922 MB, max_mem_allocated: 673 MB | ETA 00:02:04
[2026/10/07 12:52:57] INFO: [TRAIN] epoch: 36, iter: 16800/18000, loss: 3.1033, lr: 0.000004, batch_cost: 0.1033, reader_cost: 0.00020, ips: 38.7365 samples/sec, max_mem_reserved: 922 MB, max_mem_allocated: 673 MB | ETA 00:02:03
[2026/10/07 12:52:58] INFO: [TRAIN] epoch: 36, iter: 16810/18000, loss: 2.9614, lr: 0.000004, batch_cost: 0.1017, reader_cost: 0.00020, ips: 39.3389 samples/sec, max_mem_reserved: 922 MB, max_mem_allocated: 673 MB | ETA 00:02:00
[2026/10/07 12:53:00] INFO: [TRAIN] epoch: 36, iter: 16820/18000, loss: 2.8676, lr: 0.000004, batch_cost: 0.1038, reader_cost: 0.00000, ips: 38.5474 samples/sec, max_mem_reserved: 922 MB, max_mem_allocated: 673 MB | ETA 00:02:02
[2026/10/07 12:53:01] INFO: [TRAIN] epoch: 36, iter: 16830/18000, loss: 3.1570, lr: 0.000004, batch_cost: 0.1063, reader_cost: 0.00000, ips: 37.6290 samples/sec, max_mem_reserved: 922 MB, max_mem_allocated: 673 MB | ETA 00:02:04
[2026/10/07 12:53:02] INFO: [TRAIN] epoch: 36, iter: 16840/18000, loss: 2.7697, lr: 0.000004, batch_cost: 0.1034, reader_cost: 0.00000, ips: 38.6907 samples/sec, max_mem_reserved: 922 MB, max_mem_allocated: 673 MB | ETA 00:01:59
[2026/10/07 12:53:04] INFO: [TRAIN] epoch: 36, iter: 16850/18000, loss: 3.0592, lr: 0.000004, batch_cost: 0.1044, reader_cost: 0.00010, ips: 38.3026 samples/sec, max_mem_reserved: 922 MB, max_mem_allocated: 673 MB | ETA 00:02:00
[2026/10/07 12:53:05] INFO: [TRAIN] epoch: 36, iter: 16860/18000, loss: 3.0279, lr: 0.000004, batch_cost: 0.1004, reader_cost: 0.00000, ips: 39.8332 samples/sec, max_mem_reserved: 922 MB, max_mem_allocated: 673 MB | ETA 00:01:54
[2026/10/07 12:53:07] INFO: [TRAIN] epoch: 36, iter: 16870/18000, loss: 2.8340, lr: 0.000004, batch_cost: 0.1039, reader_cost: 0.00006, ips: 38.5019 samples/sec, max_mem_reserved: 922 MB, max_mem_allocated: 673 MB | ETA 00:01:57
[2026/10/07 12:53:08] INFO: [TRAIN] epoch: 36, iter: 16880/18000, loss: 2.7061, lr: 0.000004, batch_cost: 0.1036, reader_cost: 0.00030, ips: 38.6010 samples/sec, max_mem_reserved: 922 MB, max_mem_allocated: 673 MB | ETA 00:01:56
[2026/10/07 12:53:09] INFO: [TRAIN] epoch: 36, iter: 16890/18000, loss: 3.1848, lr: 0.000004, batch_cost: 0.1020, reader_cost: 0.00010, ips: 39.2254 samples/sec, max_mem_reserved: 922 MB, max_mem_allocated: 673 MB | ETA 00:01:53
[2026/10/07 12:53:11] INFO: [TRAIN] epoch: 36, iter: 16900/18000, loss: 3.0461, lr: 0.000004, batch_cost: 0.1034, reader_cost: 0.00010, ips: 38.6973 samples/sec, max_mem_reserved: 922 MB, max_mem_allocated: 673 MB | ETA 00:01:53
[2026/10/07 12:53:12] INFO: [TRAIN] epoch: 36, iter: 16910/18000, loss: 2.9243, lr: 0.000004, batch_cost: 0.1046, reader_cost: 0.00000, ips: 38.2390 samples/sec, max_mem_reserved: 922 MB, max_mem_allocated: 673 MB | ETA 00:01:54
[2026/10/07 12:53:13] INFO: [TRAIN] epoch: 36, iter: 16920/18000, loss: 2.8554, lr: 0.000004, batch_cost: 0.1020, reader_cost: 0.00000, ips: 39.2019 samples/sec, max_mem_reserved: 922 MB, max_mem_allocated: 673 MB | ETA 00:01:50
[2026/10/07 12:53:15] INFO: [TRAIN] epoch: 36, iter: 16930/18000, loss: 2.9834, lr: 0.000004, batch_cost: 0.1043, reader_cost: 0.00000, ips: 38.3678 samples/sec, max_mem_reserved: 922 MB, max_mem_allocated: 673 MB | ETA 00:01:51
[2026/10/07 12:53:16] INFO: [TRAIN] epoch: 36, iter: 16940/18000, loss: 2.7972, lr: 0.000004, batch_cost: 0.1028, reader_cost: 0.00010, ips: 38.8931 samples/sec, max_mem_reserved: 922 MB, max_mem_allocated: 673 MB | ETA 00:01:49
[2026/10/07 12:53:17] INFO: [TRAIN] epoch: 36, iter: 16950/18000, loss: 2.7477, lr: 0.000004, batch_cost: 0.1055, reader_cost: 0.00000, ips: 37.9265 samples/sec, max_mem_reserved: 922 MB, max_mem_allocated: 673 MB | ETA 00:01:50
[2026/10/07 12:53:19] INFO: [TRAIN] epoch: 36, iter: 16960/18000, loss: 2.9279, lr: 0.000003, batch_cost: 0.1002, reader_cost: 0.00010, ips: 39.9164 samples/sec, max_mem_reserved: 922 MB, max_mem_allocated: 673 MB | ETA 00:01:44
[2026/10/07 12:53:20] INFO: [TRAIN] epoch: 36, iter: 16970/18000, loss: 2.9698, lr: 0.000003, batch_cost: 0.1035, reader_cost: 0.00016, ips: 38.6461 samples/sec, max_mem_reserved: 922 MB, max_mem_allocated: 673 MB | ETA 00:01:46
[2026/10/07 12:53:21] INFO: [TRAIN] epoch: 36, iter: 16980/18000, loss: 2.9015, lr: 0.000003, batch_cost: 0.1054, reader_cost: 0.00010, ips: 37.9602 samples/sec, max_mem_reserved: 922 MB, max_mem_allocated: 673 MB | ETA 00:01:47
[2026/10/07 12:53:23] INFO: [TRAIN] epoch: 36, iter: 16990/18000, loss: 2.9458, lr: 0.000003, batch_cost: 0.1042, reader_cost: 0.00000, ips: 38.3887 samples/sec, max_mem_reserved: 922 MB, max_mem_allocated: 673 MB | ETA 00:01:45
[2026/10/07 12:53:24] INFO: [TRAIN] epoch: 36, iter: 17000/18000, loss: 2.8354, lr: 0.000003, batch_cost: 0.1017, reader_cost: 0.00020, ips: 39.3451 samples/sec, max_mem_reserved: 922 MB, max_mem_allocated: 673 MB | ETA 00:01:41
[2026/10/07 12:53:24] INFO: Start evaluating (total_samples: 348, total_iters: 348)...

  1/348 [..............................] - ETA: 11s - batch_cost: 0.0334 - reader cost: 0.0130
  4/348 [..............................] - ETA: 8s - batch_cost: 0.0260 - reader cost: 0.0033 
  7/348 [..............................] - ETA: 7s - batch_cost: 0.0233 - reader cost: 0.0020
 10/348 [..............................] - ETA: 7s - batch_cost: 0.0223 - reader cost: 0.0014
 13/348 [>.............................] - ETA: 7s - batch_cost: 0.0221 - reader cost: 0.0011
 16/348 [>.............................] - ETA: 7s - batch_cost: 0.0215 - reader cost: 9.0604e-04
 19/348 [>.............................] - ETA: 6s - batch_cost: 0.0212 - reader cost: 7.6298e-04
 22/348 [>.............................] - ETA: 6s - batch_cost: 0.0207 - reader cost: 7.0434e-04
 25/348 [=>............................] - ETA: 6s - batch_cost: 0.0204 - reader cost: 6.1982e-04
 28/348 [=>............................] - ETA: 6s - batch_cost: 0.0203 - reader cost: 5.8930e-04
 31/348 [=>............................] - ETA: 6s - batch_cost: 0.0201 - reader cost: 5.3227e-04
 34/348 [=>............................] - ETA: 6s - batch_cost: 0.0200 - reader cost: 4.8531e-04
 37/348 [==>...........................] - ETA: 6s - batch_cost: 0.0198 - reader cost: 4.4596e-04
 40/348 [==>...........................] - ETA: 6s - batch_cost: 0.0198 - reader cost: 4.1251e-04
 43/348 [==>...........................] - ETA: 6s - batch_cost: 0.0197 - reader cost: 3.8373e-04
 46/348 [==>...........................] - ETA: 5s - batch_cost: 0.0197 - reader cost: 3.5871e-04
 49/348 [===>..........................] - ETA: 5s - batch_cost: 0.0197 - reader cost: 3.3674e-04
 52/348 [===>..........................] - ETA: 5s - batch_cost: 0.0197 - reader cost: 3.1732e-04
 55/348 [===>..........................] - ETA: 5s - batch_cost: 0.0197 - reader cost: 3.0001e-04
 58/348 [====>.........................] - ETA: 5s - batch_cost: 0.0196 - reader cost: 3.0169e-04
 61/348 [====>.........................] - ETA: 5s - batch_cost: 0.0196 - reader cost: 3.0368e-04
 64/348 [====>.........................] - ETA: 5s - batch_cost: 0.0195 - reader cost: 2.8944e-04
 67/348 [====>.........................] - ETA: 5s - batch_cost: 0.0195 - reader cost: 2.7648e-04
 70/348 [=====>........................] - ETA: 5s - batch_cost: 0.0195 - reader cost: 2.6463e-04
 73/348 [=====>........................] - ETA: 5s - batch_cost: 0.0195 - reader cost: 2.5376e-04
 76/348 [=====>........................] - ETA: 5s - batch_cost: 0.0195 - reader cost: 2.4374e-04
 79/348 [=====>........................] - ETA: 5s - batch_cost: 0.0195 - reader cost: 2.3449e-04
 82/348 [======>.......................] - ETA: 5s - batch_cost: 0.0194 - reader cost: 2.2591e-04
 85/348 [======>.......................] - ETA: 5s - batch_cost: 0.0194 - reader cost: 2.2966e-04
 88/348 [======>.......................] - ETA: 5s - batch_cost: 0.0194 - reader cost: 2.2183e-04
 91/348 [======>.......................] - ETA: 4s - batch_cost: 0.0194 - reader cost: 2.1452e-04
 94/348 [=======>......................] - ETA: 4s - batch_cost: 0.0194 - reader cost: 2.0768e-04
 97/348 [=======>......................] - ETA: 4s - batch_cost: 0.0194 - reader cost: 2.1163e-04
100/348 [=======>......................] - ETA: 4s - batch_cost: 0.0194 - reader cost: 2.1527e-04
103/348 [=======>......................] - ETA: 4s - batch_cost: 0.0194 - reader cost: 2.0900e-04
106/348 [========>.....................] - ETA: 4s - batch_cost: 0.0194 - reader cost: 2.0309e-04
109/348 [========>.....................] - ETA: 4s - batch_cost: 0.0194 - reader cost: 2.1136e-04
112/348 [========>.....................] - ETA: 4s - batch_cost: 0.0194 - reader cost: 2.0570e-04
115/348 [========>.....................] - ETA: 4s - batch_cost: 0.0194 - reader cost: 2.0034e-04
118/348 [=========>....................] - ETA: 4s - batch_cost: 0.0193 - reader cost: 2.0371e-04
121/348 [=========>....................] - ETA: 4s - batch_cost: 0.0193 - reader cost: 1.9866e-04
124/348 [=========>....................] - ETA: 4s - batch_cost: 0.0193 - reader cost: 2.0191e-04
127/348 [=========>....................] - ETA: 4s - batch_cost: 0.0193 - reader cost: 1.9714e-04
130/348 [==========>...................] - ETA: 4s - batch_cost: 0.0192 - reader cost: 1.9259e-04
133/348 [==========>...................] - ETA: 4s - batch_cost: 0.0192 - reader cost: 1.8825e-04
136/348 [==========>...................] - ETA: 4s - batch_cost: 0.0192 - reader cost: 1.8410e-04
139/348 [==========>...................] - ETA: 4s - batch_cost: 0.0192 - reader cost: 1.8012e-04
142/348 [===========>..................] - ETA: 3s - batch_cost: 0.0192 - reader cost: 1.7632e-04
145/348 [===========>..................] - ETA: 3s - batch_cost: 0.0192 - reader cost: 1.7267e-04
148/348 [===========>..................] - ETA: 3s - batch_cost: 0.0192 - reader cost: 1.7592e-04
151/348 [============>.................] - ETA: 3s - batch_cost: 0.0192 - reader cost: 1.7242e-04
154/348 [============>.................] - ETA: 3s - batch_cost: 0.0192 - reader cost: 1.6907e-04
157/348 [============>.................] - ETA: 3s - batch_cost: 0.0192 - reader cost: 1.6583e-04
160/348 [============>.................] - ETA: 3s - batch_cost: 0.0192 - reader cost: 1.6273e-04
163/348 [=============>................] - ETA: 3s - batch_cost: 0.0193 - reader cost: 1.5973e-04
166/348 [=============>................] - ETA: 3s - batch_cost: 0.0193 - reader cost: 1.5684e-04
169/348 [=============>................] - ETA: 3s - batch_cost: 0.0193 - reader cost: 1.5406e-04
172/348 [=============>................] - ETA: 3s - batch_cost: 0.0193 - reader cost: 1.5137e-04
175/348 [==============>...............] - ETA: 3s - batch_cost: 0.0193 - reader cost: 1.4878e-04
178/348 [==============>...............] - ETA: 3s - batch_cost: 0.0193 - reader cost: 1.4627e-04
181/348 [==============>...............] - ETA: 3s - batch_cost: 0.0194 - reader cost: 1.4385e-04
184/348 [==============>...............] - ETA: 3s - batch_cost: 0.0193 - reader cost: 1.4150e-04
187/348 [===============>..............] - ETA: 3s - batch_cost: 0.0194 - reader cost: 1.4274e-04
190/348 [===============>..............] - ETA: 3s - batch_cost: 0.0194 - reader cost: 1.4048e-04
193/348 [===============>..............] - ETA: 3s - batch_cost: 0.0194 - reader cost: 1.3830e-04
196/348 [===============>..............] - ETA: 2s - batch_cost: 0.0194 - reader cost: 1.4128e-04
199/348 [================>.............] - ETA: 2s - batch_cost: 0.0194 - reader cost: 1.3915e-04
202/348 [================>.............] - ETA: 2s - batch_cost: 0.0194 - reader cost: 1.3708e-04
205/348 [================>.............] - ETA: 2s - batch_cost: 0.0194 - reader cost: 1.3507e-04
208/348 [================>.............] - ETA: 2s - batch_cost: 0.0194 - reader cost: 1.3313e-04
211/348 [=================>............] - ETA: 2s - batch_cost: 0.0194 - reader cost: 1.3123e-04
214/348 [=================>............] - ETA: 2s - batch_cost: 0.0194 - reader cost: 1.2939e-04
217/348 [=================>............] - ETA: 2s - batch_cost: 0.0194 - reader cost: 1.2760e-04
220/348 [=================>............] - ETA: 2s - batch_cost: 0.0194 - reader cost: 1.2586e-04
223/348 [==================>...........] - ETA: 2s - batch_cost: 0.0194 - reader cost: 1.2417e-04
226/348 [==================>...........] - ETA: 2s - batch_cost: 0.0194 - reader cost: 1.2252e-04
229/348 [==================>...........] - ETA: 2s - batch_cost: 0.0194 - reader cost: 1.2092e-04
232/348 [===================>..........] - ETA: 2s - batch_cost: 0.0194 - reader cost: 1.2367e-04
235/348 [===================>..........] - ETA: 2s - batch_cost: 0.0194 - reader cost: 1.2209e-04
238/348 [===================>..........] - ETA: 2s - batch_cost: 0.0194 - reader cost: 1.2056e-04
241/348 [===================>..........] - ETA: 2s - batch_cost: 0.0194 - reader cost: 1.1905e-04
244/348 [====================>.........] - ETA: 2s - batch_cost: 0.0194 - reader cost: 1.1759e-04
247/348 [====================>.........] - ETA: 1s - batch_cost: 0.0194 - reader cost: 1.1616e-04
250/348 [====================>.........] - ETA: 1s - batch_cost: 0.0194 - reader cost: 1.1477e-04
253/348 [====================>.........] - ETA: 1s - batch_cost: 0.0194 - reader cost: 1.1341e-04
256/348 [=====================>........] - ETA: 1s - batch_cost: 0.0194 - reader cost: 1.1599e-04
259/348 [=====================>........] - ETA: 1s - batch_cost: 0.0194 - reader cost: 1.1850e-04
262/348 [=====================>........] - ETA: 1s - batch_cost: 0.0195 - reader cost: 1.1714e-04
265/348 [=====================>........] - ETA: 1s - batch_cost: 0.0195 - reader cost: 1.1959e-04
268/348 [======================>.......] - ETA: 1s - batch_cost: 0.0195 - reader cost: 1.2197e-04
271/348 [======================>.......] - ETA: 1s - batch_cost: 0.0195 - reader cost: 1.2062e-04
274/348 [======================>.......] - ETA: 1s - batch_cost: 0.0195 - reader cost: 1.2295e-04
277/348 [======================>.......] - ETA: 1s - batch_cost: 0.0196 - reader cost: 1.2162e-04
280/348 [=======================>......] - ETA: 1s - batch_cost: 0.0196 - reader cost: 1.2031e-04
283/348 [=======================>......] - ETA: 1s - batch_cost: 0.0196 - reader cost: 1.1904e-04
286/348 [=======================>......] - ETA: 1s - batch_cost: 0.0196 - reader cost: 1.2128e-04
289/348 [=======================>......] - ETA: 1s - batch_cost: 0.0196 - reader cost: 1.2002e-04
292/348 [========================>.....] - ETA: 1s - batch_cost: 0.0196 - reader cost: 1.1879e-04
295/348 [========================>.....] - ETA: 1s - batch_cost: 0.0196 - reader cost: 1.1758e-04
298/348 [========================>.....] - ETA: 0s - batch_cost: 0.0196 - reader cost: 1.1640e-04
301/348 [========================>.....] - ETA: 0s - batch_cost: 0.0196 - reader cost: 1.1524e-04
304/348 [=========================>....] - ETA: 0s - batch_cost: 0.0196 - reader cost: 1.1410e-04
307/348 [=========================>....] - ETA: 0s - batch_cost: 0.0196 - reader cost: 1.1298e-04
310/348 [=========================>....] - ETA: 0s - batch_cost: 0.0196 - reader cost: 1.1189e-04
313/348 [=========================>....] - ETA: 0s - batch_cost: 0.0196 - reader cost: 1.1082e-04
316/348 [==========================>...] - ETA: 0s - batch_cost: 0.0195 - reader cost: 1.0977e-04
319/348 [==========================>...] - ETA: 0s - batch_cost: 0.0195 - reader cost: 1.1187e-04
322/348 [==========================>...] - ETA: 0s - batch_cost: 0.0195 - reader cost: 1.1082e-04
325/348 [===========================>..] - ETA: 0s - batch_cost: 0.0196 - reader cost: 1.0980e-04
328/348 [===========================>..] - ETA: 0s - batch_cost: 0.0196 - reader cost: 1.0880e-04
331/348 [===========================>..] - ETA: 0s - batch_cost: 0.0196 - reader cost: 1.0781e-04
334/348 [===========================>..] - ETA: 0s - batch_cost: 0.0196 - reader cost: 1.0840e-04
337/348 [============================>.] - ETA: 0s - batch_cost: 0.0196 - reader cost: 1.0744e-04
340/348 [============================>.] - ETA: 0s - batch_cost: 0.0196 - reader cost: 1.0649e-04
343/348 [============================>.] - ETA: 0s - batch_cost: 0.0197 - reader cost: 1.0556e-04
347/348 [============================>.] - ETA: 0s - batch_cost: 0.0196 - reader cost: 1.0585e-04
348/348 [==============================] - 7s 20ms/step - batch_cost: 0.0196 - reader cost: 1.0704e-04
[2026/10/07 12:53:31] INFO: [EVAL] #Images: 348 mIoU: 0.8151 Acc: 0.9770 Kappa: 0.7788 Dice: 0.8894
[2026/10/07 12:53:31] INFO: [EVAL] Class IoU: 
[0.976  0.6542]
[2026/10/07 12:53:31] INFO: [EVAL] Class Precision: 
[0.9863 0.8125]
[2026/10/07 12:53:31] INFO: [EVAL] Class Recall: 
[0.9894 0.7705]
[2026/10/07 12:53:31] INFO: Start evaluating (total_samples: 348, total_iters: 348)...

  1/348 [..............................] - ETA: 13s - batch_cost: 0.0388 - reader cost: 0.0140
  4/348 [..............................] - ETA: 9s - batch_cost: 0.0271 - reader cost: 0.0035 
  7/348 [..............................] - ETA: 8s - batch_cost: 0.0238 - reader cost: 0.0020
 10/348 [..............................] - ETA: 7s - batch_cost: 0.0229 - reader cost: 0.0015
 13/348 [>.............................] - ETA: 7s - batch_cost: 0.0222 - reader cost: 0.0012
 16/348 [>.............................] - ETA: 7s - batch_cost: 0.0219 - reader cost: 9.3751e-04
 19/348 [>.............................] - ETA: 7s - batch_cost: 0.0217 - reader cost: 7.8948e-04
 22/348 [>.............................] - ETA: 7s - batch_cost: 0.0215 - reader cost: 7.7345e-04
 25/348 [=>............................] - ETA: 6s - batch_cost: 0.0214 - reader cost: 6.8064e-04
 28/348 [=>............................] - ETA: 6s - batch_cost: 0.0213 - reader cost: 6.2698e-04
 31/348 [=>............................] - ETA: 6s - batch_cost: 0.0212 - reader cost: 5.6631e-04
 34/348 [=>............................] - ETA: 6s - batch_cost: 0.0213 - reader cost: 5.1634e-04
 37/348 [==>...........................] - ETA: 6s - batch_cost: 0.0212 - reader cost: 4.9337e-04
 40/348 [==>...........................] - ETA: 6s - batch_cost: 0.0212 - reader cost: 4.5637e-04
 43/348 [==>...........................] - ETA: 6s - batch_cost: 0.0210 - reader cost: 4.2453e-04
 46/348 [==>...........................] - ETA: 6s - batch_cost: 0.0209 - reader cost: 3.9684e-04
 49/348 [===>..........................] - ETA: 6s - batch_cost: 0.0209 - reader cost: 3.7255e-04
 52/348 [===>..........................] - ETA: 6s - batch_cost: 0.0209 - reader cost: 3.5105e-04
 55/348 [===>..........................] - ETA: 6s - batch_cost: 0.0209 - reader cost: 3.3190e-04
 58/348 [====>.........................] - ETA: 6s - batch_cost: 0.0209 - reader cost: 3.3198e-04
 61/348 [====>.........................] - ETA: 6s - batch_cost: 0.0209 - reader cost: 3.2659e-04
 64/348 [====>.........................] - ETA: 5s - batch_cost: 0.0210 - reader cost: 3.1128e-04
 67/348 [====>.........................] - ETA: 5s - batch_cost: 0.0211 - reader cost: 3.1235e-04
 69/348 [====>.........................] - ETA: 5s - batch_cost: 0.0213 - reader cost: 3.0330e-04
 72/348 [=====>........................] - ETA: 5s - batch_cost: 0.0214 - reader cost: 2.9710e-04
 75/348 [=====>........................] - ETA: 5s - batch_cost: 0.0214 - reader cost: 2.8521e-04
 78/348 [=====>........................] - ETA: 5s - batch_cost: 0.0215 - reader cost: 2.8708e-04
 81/348 [=====>........................] - ETA: 5s - batch_cost: 0.0216 - reader cost: 2.7645e-04
 84/348 [======>.......................] - ETA: 5s - batch_cost: 0.0216 - reader cost: 2.6657e-04
 87/348 [======>.......................] - ETA: 5s - batch_cost: 0.0216 - reader cost: 2.5738e-04
 90/348 [======>.......................] - ETA: 5s - batch_cost: 0.0217 - reader cost: 2.4880e-04
 92/348 [======>.......................] - ETA: 5s - batch_cost: 0.0218 - reader cost: 2.4339e-04
 95/348 [=======>......................] - ETA: 5s - batch_cost: 0.0218 - reader cost: 2.5676e-04
 98/348 [=======>......................] - ETA: 5s - batch_cost: 0.0218 - reader cost: 2.4890e-04
101/348 [=======>......................] - ETA: 5s - batch_cost: 0.0218 - reader cost: 2.5148e-04
104/348 [=======>......................] - ETA: 5s - batch_cost: 0.0218 - reader cost: 2.5391e-04
107/348 [========>.....................] - ETA: 5s - batch_cost: 0.0217 - reader cost: 2.4679e-04
110/348 [========>.....................] - ETA: 5s - batch_cost: 0.0217 - reader cost: 2.4006e-04
113/348 [========>.....................] - ETA: 5s - batch_cost: 0.0216 - reader cost: 2.4254e-04
116/348 [=========>....................] - ETA: 5s - batch_cost: 0.0215 - reader cost: 2.3626e-04
119/348 [=========>....................] - ETA: 4s - batch_cost: 0.0215 - reader cost: 2.3031e-04
122/348 [=========>....................] - ETA: 4s - batch_cost: 0.0215 - reader cost: 2.2465e-04
125/348 [=========>....................] - ETA: 4s - batch_cost: 0.0214 - reader cost: 2.1925e-04
128/348 [==========>...................] - ETA: 4s - batch_cost: 0.0214 - reader cost: 2.2192e-04
131/348 [==========>...................] - ETA: 4s - batch_cost: 0.0213 - reader cost: 2.1684e-04
134/348 [==========>...................] - ETA: 4s - batch_cost: 0.0213 - reader cost: 2.2692e-04
137/348 [==========>...................] - ETA: 4s - batch_cost: 0.0213 - reader cost: 2.2195e-04
140/348 [===========>..................] - ETA: 4s - batch_cost: 0.0213 - reader cost: 2.1719e-04
143/348 [===========>..................] - ETA: 4s - batch_cost: 0.0212 - reader cost: 2.1263e-04
146/348 [===========>..................] - ETA: 4s - batch_cost: 0.0212 - reader cost: 2.0827e-04
149/348 [===========>..................] - ETA: 4s - batch_cost: 0.0211 - reader cost: 2.0407e-04
152/348 [============>.................] - ETA: 4s - batch_cost: 0.0211 - reader cost: 2.0004e-04
155/348 [============>.................] - ETA: 4s - batch_cost: 0.0211 - reader cost: 1.9956e-04
158/348 [============>.................] - ETA: 4s - batch_cost: 0.0210 - reader cost: 2.0226e-04
161/348 [============>.................] - ETA: 3s - batch_cost: 0.0210 - reader cost: 1.9849e-04
164/348 [=============>................] - ETA: 3s - batch_cost: 0.0210 - reader cost: 1.9831e-04
167/348 [=============>................] - ETA: 3s - batch_cost: 0.0209 - reader cost: 1.9475e-04
170/348 [=============>................] - ETA: 3s - batch_cost: 0.0209 - reader cost: 1.9131e-04
173/348 [=============>................] - ETA: 3s - batch_cost: 0.0209 - reader cost: 1.9362e-04
176/348 [==============>...............] - ETA: 3s - batch_cost: 0.0208 - reader cost: 1.9032e-04
179/348 [==============>...............] - ETA: 3s - batch_cost: 0.0208 - reader cost: 1.8713e-04
182/348 [==============>...............] - ETA: 3s - batch_cost: 0.0208 - reader cost: 1.8954e-04
185/348 [==============>...............] - ETA: 3s - batch_cost: 0.0208 - reader cost: 1.8647e-04
188/348 [===============>..............] - ETA: 3s - batch_cost: 0.0207 - reader cost: 1.8881e-04
191/348 [===============>..............] - ETA: 3s - batch_cost: 0.0207 - reader cost: 1.8585e-04
194/348 [===============>..............] - ETA: 3s - batch_cost: 0.0207 - reader cost: 1.8298e-04
197/348 [===============>..............] - ETA: 3s - batch_cost: 0.0207 - reader cost: 1.8019e-04
200/348 [================>.............] - ETA: 3s - batch_cost: 0.0207 - reader cost: 1.7749e-04
203/348 [================>.............] - ETA: 3s - batch_cost: 0.0206 - reader cost: 1.7486e-04
206/348 [================>.............] - ETA: 2s - batch_cost: 0.0206 - reader cost: 1.7232e-04
209/348 [=================>............] - ETA: 2s - batch_cost: 0.0206 - reader cost: 1.6984e-04
212/348 [=================>............] - ETA: 2s - batch_cost: 0.0206 - reader cost: 1.7210e-04
215/348 [=================>............] - ETA: 2s - batch_cost: 0.0206 - reader cost: 1.6970e-04
218/348 [=================>............] - ETA: 2s - batch_cost: 0.0206 - reader cost: 1.7200e-04
221/348 [==================>...........] - ETA: 2s - batch_cost: 0.0206 - reader cost: 1.6966e-04
224/348 [==================>...........] - ETA: 2s - batch_cost: 0.0206 - reader cost: 1.6739e-04
227/348 [==================>...........] - ETA: 2s - batch_cost: 0.0205 - reader cost: 1.6956e-04
230/348 [==================>...........] - ETA: 2s - batch_cost: 0.0205 - reader cost: 1.7174e-04
233/348 [===================>..........] - ETA: 2s - batch_cost: 0.0205 - reader cost: 1.6953e-04
237/348 [===================>..........] - ETA: 2s - batch_cost: 0.0205 - reader cost: 1.6667e-04
240/348 [===================>..........] - ETA: 2s - batch_cost: 0.0204 - reader cost: 1.6458e-04
243/348 [===================>..........] - ETA: 2s - batch_cost: 0.0204 - reader cost: 1.6255e-04
246/348 [====================>.........] - ETA: 2s - batch_cost: 0.0204 - reader cost: 1.6057e-04
249/348 [====================>.........] - ETA: 2s - batch_cost: 0.0204 - reader cost: 1.5863e-04
252/348 [====================>.........] - ETA: 1s - batch_cost: 0.0204 - reader cost: 1.5675e-04
255/348 [====================>.........] - ETA: 1s - batch_cost: 0.0203 - reader cost: 1.5490e-04
258/348 [=====================>........] - ETA: 1s - batch_cost: 0.0204 - reader cost: 1.5310e-04
261/348 [=====================>........] - ETA: 1s - batch_cost: 0.0204 - reader cost: 1.5134e-04
264/348 [=====================>........] - ETA: 1s - batch_cost: 0.0203 - reader cost: 1.4962e-04
267/348 [======================>.......] - ETA: 1s - batch_cost: 0.0203 - reader cost: 1.4794e-04
270/348 [======================>.......] - ETA: 1s - batch_cost: 0.0203 - reader cost: 1.4630e-04
273/348 [======================>.......] - ETA: 1s - batch_cost: 0.0203 - reader cost: 1.4469e-04
276/348 [======================>.......] - ETA: 1s - batch_cost: 0.0203 - reader cost: 1.4865e-04
279/348 [=======================>......] - ETA: 1s - batch_cost: 0.0203 - reader cost: 1.4705e-04
282/348 [=======================>......] - ETA: 1s - batch_cost: 0.0203 - reader cost: 1.4548e-04
285/348 [=======================>......] - ETA: 1s - batch_cost: 0.0203 - reader cost: 1.4395e-04
288/348 [=======================>......] - ETA: 1s - batch_cost: 0.0203 - reader cost: 1.4594e-04
291/348 [========================>.....] - ETA: 1s - batch_cost: 0.0203 - reader cost: 1.4444e-04
294/348 [========================>.....] - ETA: 1s - batch_cost: 0.0203 - reader cost: 1.4638e-04
297/348 [========================>.....] - ETA: 1s - batch_cost: 0.0203 - reader cost: 1.4828e-04
300/348 [========================>.....] - ETA: 0s - batch_cost: 0.0202 - reader cost: 1.4680e-04
303/348 [=========================>....] - ETA: 0s - batch_cost: 0.0202 - reader cost: 1.4534e-04
306/348 [=========================>....] - ETA: 0s - batch_cost: 0.0202 - reader cost: 1.4392e-04
309/348 [=========================>....] - ETA: 0s - batch_cost: 0.0202 - reader cost: 1.4252e-04
312/348 [=========================>....] - ETA: 0s - batch_cost: 0.0202 - reader cost: 1.4436e-04
315/348 [==========================>...] - ETA: 0s - batch_cost: 0.0202 - reader cost: 1.4298e-04
318/348 [==========================>...] - ETA: 0s - batch_cost: 0.0202 - reader cost: 1.4163e-04
321/348 [==========================>...] - ETA: 0s - batch_cost: 0.0202 - reader cost: 1.4261e-04
324/348 [==========================>...] - ETA: 0s - batch_cost: 0.0202 - reader cost: 1.4437e-04
327/348 [===========================>..] - ETA: 0s - batch_cost: 0.0202 - reader cost: 1.4305e-04
330/348 [===========================>..] - ETA: 0s - batch_cost: 0.0201 - reader cost: 1.4175e-04
333/348 [===========================>..] - ETA: 0s - batch_cost: 0.0201 - reader cost: 1.4047e-04
336/348 [===========================>..] - ETA: 0s - batch_cost: 0.0201 - reader cost: 1.3922e-04
339/348 [============================>.] - ETA: 0s - batch_cost: 0.0201 - reader cost: 1.3798e-04
342/348 [============================>.] - ETA: 0s - batch_cost: 0.0201 - reader cost: 1.3677e-04
346/348 [============================>.] - ETA: 0s - batch_cost: 0.0201 - reader cost: 1.3519e-04
348/348 [==============================] - 7s 20ms/step - batch_cost: 0.0200 - reader cost: 1.3442e-04
[2026/10/07 12:53:38] INFO: [EVAL] #Images: 348 mIoU: 0.8160 Acc: 0.9772 Kappa: 0.7802 Dice: 0.8901
[2026/10/07 12:53:38] INFO: [EVAL] Class IoU: 
[0.9761 0.6559]
[2026/10/07 12:53:38] INFO: [EVAL] Class Precision: 
[0.9863 0.8148]
[2026/10/07 12:53:38] INFO: [EVAL] Class Recall: 
[0.9895 0.7709]
[2026/10/07 12:53:38] INFO: [EVAL] The model with the best validation mIoU (0.8169) was saved at iter 12000.
[2026/10/07 12:53:38] INFO: [EVAL] The EMA model with the best validation mIoU (0.8172) was saved at iter 12000.
[2026/10/07 12:53:40] INFO: [TRAIN] epoch: 36, iter: 17010/18000, loss: 2.8037, lr: 0.000003, batch_cost: 0.1048, reader_cost: 0.00010, ips: 38.1826 samples/sec, max_mem_reserved: 922 MB, max_mem_allocated: 673 MB | ETA 00:01:43
[2026/10/07 12:53:41] INFO: [TRAIN] epoch: 36, iter: 17020/18000, loss: 2.8713, lr: 0.000003, batch_cost: 0.1040, reader_cost: 0.00015, ips: 38.4727 samples/sec, max_mem_reserved: 922 MB, max_mem_allocated: 673 MB | ETA 00:01:41
[2026/10/07 12:53:42] INFO: [TRAIN] epoch: 36, iter: 17030/18000, loss: 3.1637, lr: 0.000003, batch_cost: 0.1115, reader_cost: 0.00000, ips: 35.8714 samples/sec, max_mem_reserved: 922 MB, max_mem_allocated: 673 MB | ETA 00:01:48
[2026/10/07 12:53:44] INFO: [TRAIN] epoch: 36, iter: 17040/18000, loss: 2.8801, lr: 0.000003, batch_cost: 0.1044, reader_cost: 0.00015, ips: 38.3134 samples/sec, max_mem_reserved: 922 MB, max_mem_allocated: 673 MB | ETA 00:01:40
[2026/10/07 12:53:45] INFO: [TRAIN] epoch: 36, iter: 17050/18000, loss: 2.9296, lr: 0.000003, batch_cost: 0.1035, reader_cost: 0.00010, ips: 38.6353 samples/sec, max_mem_reserved: 922 MB, max_mem_allocated: 673 MB | ETA 00:01:38
[2026/10/07 12:53:46] INFO: [TRAIN] epoch: 36, iter: 17060/18000, loss: 2.9735, lr: 0.000003, batch_cost: 0.0997, reader_cost: 0.00010, ips: 40.1242 samples/sec, max_mem_reserved: 922 MB, max_mem_allocated: 673 MB | ETA 00:01:33
[2026/10/07 12:53:48] INFO: [TRAIN] epoch: 37, iter: 17070/18000, loss: 3.0063, lr: 0.000003, batch_cost: 0.1052, reader_cost: 0.00644, ips: 38.0346 samples/sec, max_mem_reserved: 922 MB, max_mem_allocated: 673 MB | ETA 00:01:37
[2026/10/07 12:53:49] INFO: [TRAIN] epoch: 37, iter: 17080/18000, loss: 2.6768, lr: 0.000003, batch_cost: 0.1034, reader_cost: 0.00000, ips: 38.6714 samples/sec, max_mem_reserved: 922 MB, max_mem_allocated: 673 MB | ETA 00:01:35
[2026/10/07 12:53:51] INFO: [TRAIN] epoch: 37, iter: 17090/18000, loss: 2.9740, lr: 0.000003, batch_cost: 0.1052, reader_cost: 0.00015, ips: 38.0379 samples/sec, max_mem_reserved: 922 MB, max_mem_allocated: 673 MB | ETA 00:01:35
[2026/10/07 12:53:52] INFO: [TRAIN] epoch: 37, iter: 17100/18000, loss: 2.9714, lr: 0.000003, batch_cost: 0.1025, reader_cost: 0.00010, ips: 39.0135 samples/sec, max_mem_reserved: 922 MB, max_mem_allocated: 673 MB | ETA 00:01:32
[2026/10/07 12:53:53] INFO: [TRAIN] epoch: 37, iter: 17110/18000, loss: 2.8751, lr: 0.000003, batch_cost: 0.1016, reader_cost: 0.00000, ips: 39.3816 samples/sec, max_mem_reserved: 922 MB, max_mem_allocated: 673 MB | ETA 00:01:30
[2026/10/07 12:53:55] INFO: [TRAIN] epoch: 37, iter: 17120/18000, loss: 2.7577, lr: 0.000003, batch_cost: 0.1028, reader_cost: 0.00010, ips: 38.9208 samples/sec, max_mem_reserved: 922 MB, max_mem_allocated: 673 MB | ETA 00:01:30
[2026/10/07 12:53:56] INFO: [TRAIN] epoch: 37, iter: 17130/18000, loss: 3.0651, lr: 0.000003, batch_cost: 0.1028, reader_cost: 0.00010, ips: 38.9270 samples/sec, max_mem_reserved: 922 MB, max_mem_allocated: 673 MB | ETA 00:01:29
[2026/10/07 12:53:57] INFO: [TRAIN] epoch: 37, iter: 17140/18000, loss: 2.7494, lr: 0.000003, batch_cost: 0.1050, reader_cost: 0.00010, ips: 38.0888 samples/sec, max_mem_reserved: 922 MB, max_mem_allocated: 673 MB | ETA 00:01:30
[2026/10/07 12:53:59] INFO: [TRAIN] epoch: 37, iter: 17150/18000, loss: 2.9117, lr: 0.000003, batch_cost: 0.1016, reader_cost: 0.00000, ips: 39.3825 samples/sec, max_mem_reserved: 922 MB, max_mem_allocated: 673 MB | ETA 00:01:26
[2026/10/07 12:54:00] INFO: [TRAIN] epoch: 37, iter: 17160/18000, loss: 2.7295, lr: 0.000003, batch_cost: 0.1059, reader_cost: 0.00000, ips: 37.7604 samples/sec, max_mem_reserved: 922 MB, max_mem_allocated: 673 MB | ETA 00:01:28
[2026/10/07 12:54:01] INFO: [TRAIN] epoch: 37, iter: 17170/18000, loss: 2.7292, lr: 0.000003, batch_cost: 0.1085, reader_cost: 0.00015, ips: 36.8670 samples/sec, max_mem_reserved: 922 MB, max_mem_allocated: 673 MB | ETA 00:01:30
[2026/10/07 12:54:03] INFO: [TRAIN] epoch: 37, iter: 17180/18000, loss: 2.9840, lr: 0.000003, batch_cost: 0.1045, reader_cost: 0.00020, ips: 38.2600 samples/sec, max_mem_reserved: 922 MB, max_mem_allocated: 673 MB | ETA 00:01:25
[2026/10/07 12:54:04] INFO: [TRAIN] epoch: 37, iter: 17190/18000, loss: 2.9064, lr: 0.000003, batch_cost: 0.1018, reader_cost: 0.00030, ips: 39.3042 samples/sec, max_mem_reserved: 922 MB, max_mem_allocated: 673 MB | ETA 00:01:22
[2026/10/07 12:54:06] INFO: [TRAIN] epoch: 37, iter: 17200/18000, loss: 3.0984, lr: 0.000003, batch_cost: 0.1050, reader_cost: 0.00015, ips: 38.0852 samples/sec, max_mem_reserved: 922 MB, max_mem_allocated: 673 MB | ETA 00:01:24
[2026/10/07 12:54:07] INFO: [TRAIN] epoch: 37, iter: 17210/18000, loss: 2.7826, lr: 0.000003, batch_cost: 0.1048, reader_cost: 0.00010, ips: 38.1804 samples/sec, max_mem_reserved: 922 MB, max_mem_allocated: 673 MB | ETA 00:01:22
[2026/10/07 12:54:08] INFO: [TRAIN] epoch: 37, iter: 17220/18000, loss: 2.9832, lr: 0.000003, batch_cost: 0.1030, reader_cost: 0.00005, ips: 38.8423 samples/sec, max_mem_reserved: 922 MB, max_mem_allocated: 673 MB | ETA 00:01:20
[2026/10/07 12:54:10] INFO: [TRAIN] epoch: 37, iter: 17230/18000, loss: 3.5268, lr: 0.000003, batch_cost: 0.1047, reader_cost: 0.00000, ips: 38.2035 samples/sec, max_mem_reserved: 922 MB, max_mem_allocated: 673 MB | ETA 00:01:20
[2026/10/07 12:54:11] INFO: [TRAIN] epoch: 37, iter: 17240/18000, loss: 3.2550, lr: 0.000003, batch_cost: 0.1061, reader_cost: 0.00010, ips: 37.6830 samples/sec, max_mem_reserved: 922 MB, max_mem_allocated: 673 MB | ETA 00:01:20
[2026/10/07 12:54:12] INFO: [TRAIN] epoch: 37, iter: 17250/18000, loss: 2.9405, lr: 0.000003, batch_cost: 0.1061, reader_cost: 0.00000, ips: 37.6961 samples/sec, max_mem_reserved: 922 MB, max_mem_allocated: 673 MB | ETA 00:01:19
[2026/10/07 12:54:14] INFO: [TRAIN] epoch: 37, iter: 17260/18000, loss: 2.8830, lr: 0.000002, batch_cost: 0.1053, reader_cost: 0.00010, ips: 37.9698 samples/sec, max_mem_reserved: 922 MB, max_mem_allocated: 673 MB | ETA 00:01:17
[2026/10/07 12:54:15] INFO: [TRAIN] epoch: 37, iter: 17270/18000, loss: 3.2901, lr: 0.000002, batch_cost: 0.1065, reader_cost: 0.00000, ips: 37.5416 samples/sec, max_mem_reserved: 922 MB, max_mem_allocated: 673 MB | ETA 00:01:17
[2026/10/07 12:54:17] INFO: [TRAIN] epoch: 37, iter: 17280/18000, loss: 2.8993, lr: 0.000002, batch_cost: 0.1044, reader_cost: 0.00005, ips: 38.3252 samples/sec, max_mem_reserved: 922 MB, max_mem_allocated: 673 MB | ETA 00:01:15
[2026/10/07 12:54:18] INFO: [TRAIN] epoch: 37, iter: 17290/18000, loss: 3.0820, lr: 0.000002, batch_cost: 0.1044, reader_cost: 0.00028, ips: 38.3139 samples/sec, max_mem_reserved: 922 MB, max_mem_allocated: 673 MB | ETA 00:01:14
[2026/10/07 12:54:19] INFO: [TRAIN] epoch: 37, iter: 17300/18000, loss: 3.3882, lr: 0.000002, batch_cost: 0.1090, reader_cost: 0.00000, ips: 36.6948 samples/sec, max_mem_reserved: 922 MB, max_mem_allocated: 673 MB | ETA 00:01:16
[2026/10/07 12:54:21] INFO: [TRAIN] epoch: 37, iter: 17310/18000, loss: 2.9807, lr: 0.000002, batch_cost: 0.1047, reader_cost: 0.00000, ips: 38.2094 samples/sec, max_mem_reserved: 922 MB, max_mem_allocated: 673 MB | ETA 00:01:12
[2026/10/07 12:54:22] INFO: [TRAIN] epoch: 37, iter: 17320/18000, loss: 2.9363, lr: 0.000002, batch_cost: 0.1074, reader_cost: 0.00010, ips: 37.2504 samples/sec, max_mem_reserved: 922 MB, max_mem_allocated: 673 MB | ETA 00:01:13
[2026/10/07 12:54:24] INFO: [TRAIN] epoch: 37, iter: 17330/18000, loss: 2.8995, lr: 0.000002, batch_cost: 0.1075, reader_cost: 0.00010, ips: 37.1975 samples/sec, max_mem_reserved: 922 MB, max_mem_allocated: 673 MB | ETA 00:01:12
[2026/10/07 12:54:25] INFO: [TRAIN] epoch: 37, iter: 17340/18000, loss: 2.8459, lr: 0.000002, batch_cost: 0.1036, reader_cost: 0.00010, ips: 38.6173 samples/sec, max_mem_reserved: 922 MB, max_mem_allocated: 673 MB | ETA 00:01:08
[2026/10/07 12:54:26] INFO: [TRAIN] epoch: 37, iter: 17350/18000, loss: 2.8280, lr: 0.000002, batch_cost: 0.1057, reader_cost: 0.00015, ips: 37.8517 samples/sec, max_mem_reserved: 922 MB, max_mem_allocated: 673 MB | ETA 00:01:08
[2026/10/07 12:54:28] INFO: [TRAIN] epoch: 37, iter: 17360/18000, loss: 2.8601, lr: 0.000002, batch_cost: 0.1150, reader_cost: 0.00010, ips: 34.7928 samples/sec, max_mem_reserved: 922 MB, max_mem_allocated: 673 MB | ETA 00:01:13
[2026/10/07 12:54:29] INFO: [TRAIN] epoch: 37, iter: 17370/18000, loss: 2.9265, lr: 0.000002, batch_cost: 0.1050, reader_cost: 0.00017, ips: 38.0778 samples/sec, max_mem_reserved: 922 MB, max_mem_allocated: 673 MB | ETA 00:01:06
[2026/10/07 12:54:31] INFO: [TRAIN] epoch: 37, iter: 17380/18000, loss: 2.9504, lr: 0.000002, batch_cost: 0.1067, reader_cost: 0.00010, ips: 37.4893 samples/sec, max_mem_reserved: 922 MB, max_mem_allocated: 673 MB | ETA 00:01:06
[2026/10/07 12:54:32] INFO: [TRAIN] epoch: 37, iter: 17390/18000, loss: 2.9342, lr: 0.000002, batch_cost: 0.1093, reader_cost: 0.00000, ips: 36.5858 samples/sec, max_mem_reserved: 922 MB, max_mem_allocated: 673 MB | ETA 00:01:06
[2026/10/07 12:54:33] INFO: [TRAIN] epoch: 37, iter: 17400/18000, loss: 2.9077, lr: 0.000002, batch_cost: 0.1075, reader_cost: 0.00010, ips: 37.1930 samples/sec, max_mem_reserved: 922 MB, max_mem_allocated: 673 MB | ETA 00:01:04
[2026/10/07 12:54:35] INFO: [TRAIN] epoch: 37, iter: 17410/18000, loss: 2.5555, lr: 0.000002, batch_cost: 0.1064, reader_cost: 0.00000, ips: 37.6076 samples/sec, max_mem_reserved: 922 MB, max_mem_allocated: 673 MB | ETA 00:01:02
[2026/10/07 12:54:36] INFO: [TRAIN] epoch: 37, iter: 17420/18000, loss: 2.9684, lr: 0.000002, batch_cost: 0.1062, reader_cost: 0.00015, ips: 37.6670 samples/sec, max_mem_reserved: 922 MB, max_mem_allocated: 673 MB | ETA 00:01:01
[2026/10/07 12:54:38] INFO: [TRAIN] epoch: 37, iter: 17430/18000, loss: 2.8407, lr: 0.000002, batch_cost: 0.1064, reader_cost: 0.00000, ips: 37.5806 samples/sec, max_mem_reserved: 922 MB, max_mem_allocated: 673 MB | ETA 00:01:00
[2026/10/07 12:54:39] INFO: [TRAIN] epoch: 37, iter: 17440/18000, loss: 2.6259, lr: 0.000002, batch_cost: 0.1073, reader_cost: 0.00010, ips: 37.2923 samples/sec, max_mem_reserved: 922 MB, max_mem_allocated: 673 MB | ETA 00:01:00
[2026/10/07 12:54:40] INFO: [TRAIN] epoch: 37, iter: 17450/18000, loss: 2.8946, lr: 0.000002, batch_cost: 0.1031, reader_cost: 0.00000, ips: 38.7972 samples/sec, max_mem_reserved: 922 MB, max_mem_allocated: 673 MB | ETA 00:00:56
[2026/10/07 12:54:42] INFO: [TRAIN] epoch: 37, iter: 17460/18000, loss: 3.0126, lr: 0.000002, batch_cost: 0.1014, reader_cost: 0.00010, ips: 39.4528 samples/sec, max_mem_reserved: 922 MB, max_mem_allocated: 673 MB | ETA 00:00:54
[2026/10/07 12:54:43] INFO: [TRAIN] epoch: 37, iter: 17470/18000, loss: 3.3000, lr: 0.000002, batch_cost: 0.1010, reader_cost: 0.00000, ips: 39.5865 samples/sec, max_mem_reserved: 922 MB, max_mem_allocated: 673 MB | ETA 00:00:53
[2026/10/07 12:54:44] INFO: [TRAIN] epoch: 37, iter: 17480/18000, loss: 2.9083, lr: 0.000002, batch_cost: 0.1012, reader_cost: 0.00000, ips: 39.5287 samples/sec, max_mem_reserved: 922 MB, max_mem_allocated: 673 MB | ETA 00:00:52
[2026/10/07 12:54:46] INFO: [TRAIN] epoch: 37, iter: 17490/18000, loss: 3.1549, lr: 0.000002, batch_cost: 0.0984, reader_cost: 0.00020, ips: 40.6481 samples/sec, max_mem_reserved: 922 MB, max_mem_allocated: 673 MB | ETA 00:00:50
[2026/10/07 12:54:47] INFO: [TRAIN] epoch: 37, iter: 17500/18000, loss: 3.7504, lr: 0.000002, batch_cost: 0.0972, reader_cost: 0.00000, ips: 41.1690 samples/sec, max_mem_reserved: 922 MB, max_mem_allocated: 673 MB | ETA 00:00:48
[2026/10/07 12:54:48] INFO: [TRAIN] epoch: 37, iter: 17510/18000, loss: 2.9154, lr: 0.000002, batch_cost: 0.0989, reader_cost: 0.00005, ips: 40.4569 samples/sec, max_mem_reserved: 922 MB, max_mem_allocated: 673 MB | ETA 00:00:48
[2026/10/07 12:54:50] INFO: [TRAIN] epoch: 37, iter: 17520/18000, loss: 2.8449, lr: 0.000002, batch_cost: 0.0985, reader_cost: 0.00010, ips: 40.5955 samples/sec, max_mem_reserved: 922 MB, max_mem_allocated: 673 MB | ETA 00:00:47
[2026/10/07 12:54:51] INFO: [TRAIN] epoch: 37, iter: 17530/18000, loss: 2.5290, lr: 0.000002, batch_cost: 0.1000, reader_cost: 0.00000, ips: 40.0081 samples/sec, max_mem_reserved: 922 MB, max_mem_allocated: 673 MB | ETA 00:00:46
[2026/10/07 12:54:52] INFO: [TRAIN] epoch: 38, iter: 17540/18000, loss: 3.0849, lr: 0.000002, batch_cost: 0.0960, reader_cost: 0.00762, ips: 41.6831 samples/sec, max_mem_reserved: 922 MB, max_mem_allocated: 673 MB | ETA 00:00:44
[2026/10/07 12:54:53] INFO: [TRAIN] epoch: 38, iter: 17550/18000, loss: 2.9530, lr: 0.000002, batch_cost: 0.1020, reader_cost: 0.00010, ips: 39.2349 samples/sec, max_mem_reserved: 922 MB, max_mem_allocated: 673 MB | ETA 00:00:45
[2026/10/07 12:54:55] INFO: [TRAIN] epoch: 38, iter: 17560/18000, loss: 2.9883, lr: 0.000001, batch_cost: 0.1023, reader_cost: 0.00020, ips: 39.0988 samples/sec, max_mem_reserved: 922 MB, max_mem_allocated: 673 MB | ETA 00:00:45
[2026/10/07 12:54:56] INFO: [TRAIN] epoch: 38, iter: 17570/18000, loss: 2.7997, lr: 0.000001, batch_cost: 0.0958, reader_cost: 0.00000, ips: 41.7581 samples/sec, max_mem_reserved: 922 MB, max_mem_allocated: 673 MB | ETA 00:00:41
[2026/10/07 12:54:57] INFO: [TRAIN] epoch: 38, iter: 17580/18000, loss: 3.1169, lr: 0.000001, batch_cost: 0.1017, reader_cost: 0.00000, ips: 39.3133 samples/sec, max_mem_reserved: 922 MB, max_mem_allocated: 673 MB | ETA 00:00:42
[2026/10/07 12:54:59] INFO: [TRAIN] epoch: 38, iter: 17590/18000, loss: 2.8869, lr: 0.000001, batch_cost: 0.0986, reader_cost: 0.00000, ips: 40.5685 samples/sec, max_mem_reserved: 922 MB, max_mem_allocated: 673 MB | ETA 00:00:40
[2026/10/07 12:55:00] INFO: [TRAIN] epoch: 38, iter: 17600/18000, loss: 3.0120, lr: 0.000001, batch_cost: 0.0973, reader_cost: 0.00010, ips: 41.1062 samples/sec, max_mem_reserved: 922 MB, max_mem_allocated: 673 MB | ETA 00:00:38
[2026/10/07 12:55:01] INFO: [TRAIN] epoch: 38, iter: 17610/18000, loss: 2.7716, lr: 0.000001, batch_cost: 0.0978, reader_cost: 0.00000, ips: 40.9071 samples/sec, max_mem_reserved: 922 MB, max_mem_allocated: 673 MB | ETA 00:00:38
[2026/10/07 12:55:03] INFO: [TRAIN] epoch: 38, iter: 17620/18000, loss: 2.9239, lr: 0.000001, batch_cost: 0.1015, reader_cost: 0.00000, ips: 39.4035 samples/sec, max_mem_reserved: 922 MB, max_mem_allocated: 673 MB | ETA 00:00:38
[2026/10/07 12:55:04] INFO: [TRAIN] epoch: 38, iter: 17630/18000, loss: 2.7175, lr: 0.000001, batch_cost: 0.1031, reader_cost: 0.00016, ips: 38.7936 samples/sec, max_mem_reserved: 922 MB, max_mem_allocated: 673 MB | ETA 00:00:38
[2026/10/07 12:55:05] INFO: [TRAIN] epoch: 38, iter: 17640/18000, loss: 2.8511, lr: 0.000001, batch_cost: 0.0976, reader_cost: 0.00010, ips: 40.9700 samples/sec, max_mem_reserved: 922 MB, max_mem_allocated: 673 MB | ETA 00:00:35
[2026/10/07 12:55:06] INFO: [TRAIN] epoch: 38, iter: 17650/18000, loss: 3.0059, lr: 0.000001, batch_cost: 0.1012, reader_cost: 0.00000, ips: 39.5250 samples/sec, max_mem_reserved: 922 MB, max_mem_allocated: 673 MB | ETA 00:00:35
[2026/10/07 12:55:08] INFO: [TRAIN] epoch: 38, iter: 17660/18000, loss: 2.7734, lr: 0.000001, batch_cost: 0.1015, reader_cost: 0.00010, ips: 39.3997 samples/sec, max_mem_reserved: 922 MB, max_mem_allocated: 673 MB | ETA 00:00:34
[2026/10/07 12:55:09] INFO: [TRAIN] epoch: 38, iter: 17670/18000, loss: 2.6221, lr: 0.000001, batch_cost: 0.1004, reader_cost: 0.00000, ips: 39.8389 samples/sec, max_mem_reserved: 922 MB, max_mem_allocated: 673 MB | ETA 00:00:33
[2026/10/07 12:55:10] INFO: [TRAIN] epoch: 38, iter: 17680/18000, loss: 2.8798, lr: 0.000001, batch_cost: 0.1013, reader_cost: 0.00000, ips: 39.4792 samples/sec, max_mem_reserved: 922 MB, max_mem_allocated: 673 MB | ETA 00:00:32
[2026/10/07 12:55:12] INFO: [TRAIN] epoch: 38, iter: 17690/18000, loss: 3.0208, lr: 0.000001, batch_cost: 0.0970, reader_cost: 0.00005, ips: 41.2517 samples/sec, max_mem_reserved: 922 MB, max_mem_allocated: 673 MB | ETA 00:00:30
[2026/10/07 12:55:13] INFO: [TRAIN] epoch: 38, iter: 17700/18000, loss: 2.9052, lr: 0.000001, batch_cost: 0.0970, reader_cost: 0.00010, ips: 41.2280 samples/sec, max_mem_reserved: 922 MB, max_mem_allocated: 673 MB | ETA 00:00:29
[2026/10/07 12:55:14] INFO: [TRAIN] epoch: 38, iter: 17710/18000, loss: 3.3005, lr: 0.000001, batch_cost: 0.0971, reader_cost: 0.00000, ips: 41.1918 samples/sec, max_mem_reserved: 922 MB, max_mem_allocated: 673 MB | ETA 00:00:28
[2026/10/07 12:55:16] INFO: [TRAIN] epoch: 38, iter: 17720/18000, loss: 3.5251, lr: 0.000001, batch_cost: 0.0992, reader_cost: 0.00010, ips: 40.3425 samples/sec, max_mem_reserved: 922 MB, max_mem_allocated: 673 MB | ETA 00:00:27
[2026/10/07 12:55:17] INFO: [TRAIN] epoch: 38, iter: 17730/18000, loss: 2.6844, lr: 0.000001, batch_cost: 0.1019, reader_cost: 0.00000, ips: 39.2425 samples/sec, max_mem_reserved: 922 MB, max_mem_allocated: 673 MB | ETA 00:00:27
[2026/10/07 12:55:18] INFO: [TRAIN] epoch: 38, iter: 17740/18000, loss: 3.1929, lr: 0.000001, batch_cost: 0.0987, reader_cost: 0.00000, ips: 40.5413 samples/sec, max_mem_reserved: 922 MB, max_mem_allocated: 673 MB | ETA 00:00:25
[2026/10/07 12:55:19] INFO: [TRAIN] epoch: 38, iter: 17750/18000, loss: 3.0902, lr: 0.000001, batch_cost: 0.0996, reader_cost: 0.00010, ips: 40.1635 samples/sec, max_mem_reserved: 922 MB, max_mem_allocated: 673 MB | ETA 00:00:24
[2026/10/07 12:55:21] INFO: [TRAIN] epoch: 38, iter: 17760/18000, loss: 2.6227, lr: 0.000001, batch_cost: 0.0984, reader_cost: 0.00005, ips: 40.6503 samples/sec, max_mem_reserved: 922 MB, max_mem_allocated: 673 MB | ETA 00:00:23
[2026/10/07 12:55:22] INFO: [TRAIN] epoch: 38, iter: 17770/18000, loss: 2.8917, lr: 0.000001, batch_cost: 0.0966, reader_cost: 0.00010, ips: 41.4088 samples/sec, max_mem_reserved: 922 MB, max_mem_allocated: 673 MB | ETA 00:00:22
[2026/10/07 12:55:23] INFO: [TRAIN] epoch: 38, iter: 17780/18000, loss: 3.3864, lr: 0.000001, batch_cost: 0.0995, reader_cost: 0.00000, ips: 40.2082 samples/sec, max_mem_reserved: 922 MB, max_mem_allocated: 673 MB | ETA 00:00:21
[2026/10/07 12:55:25] INFO: [TRAIN] epoch: 38, iter: 17790/18000, loss: 2.8779, lr: 0.000001, batch_cost: 0.0979, reader_cost: 0.00000, ips: 40.8629 samples/sec, max_mem_reserved: 922 MB, max_mem_allocated: 673 MB | ETA 00:00:20
[2026/10/07 12:55:26] INFO: [TRAIN] epoch: 38, iter: 17800/18000, loss: 3.0319, lr: 0.000001, batch_cost: 0.0986, reader_cost: 0.00000, ips: 40.5504 samples/sec, max_mem_reserved: 922 MB, max_mem_allocated: 673 MB | ETA 00:00:19
[2026/10/07 12:55:27] INFO: [TRAIN] epoch: 38, iter: 17810/18000, loss: 2.9105, lr: 0.000001, batch_cost: 0.0981, reader_cost: 0.00010, ips: 40.7600 samples/sec, max_mem_reserved: 922 MB, max_mem_allocated: 673 MB | ETA 00:00:18
[2026/10/07 12:55:28] INFO: [TRAIN] epoch: 38, iter: 17820/18000, loss: 2.7460, lr: 0.000001, batch_cost: 0.1008, reader_cost: 0.00000, ips: 39.6894 samples/sec, max_mem_reserved: 922 MB, max_mem_allocated: 673 MB | ETA 00:00:18
[2026/10/07 12:55:30] INFO: [TRAIN] epoch: 38, iter: 17830/18000, loss: 2.9261, lr: 0.000001, batch_cost: 0.1086, reader_cost: 0.00000, ips: 36.8223 samples/sec, max_mem_reserved: 922 MB, max_mem_allocated: 673 MB | ETA 00:00:18
[2026/10/07 12:55:31] INFO: [TRAIN] epoch: 38, iter: 17840/18000, loss: 2.6996, lr: 0.000001, batch_cost: 0.1077, reader_cost: 0.00010, ips: 37.1470 samples/sec, max_mem_reserved: 922 MB, max_mem_allocated: 673 MB | ETA 00:00:17
[2026/10/07 12:55:33] INFO: [TRAIN] epoch: 38, iter: 17850/18000, loss: 2.7154, lr: 0.000001, batch_cost: 0.1050, reader_cost: 0.00020, ips: 38.0790 samples/sec, max_mem_reserved: 922 MB, max_mem_allocated: 673 MB | ETA 00:00:15
[2026/10/07 12:55:34] INFO: [TRAIN] epoch: 38, iter: 17860/18000, loss: 3.1215, lr: 0.000000, batch_cost: 0.1065, reader_cost: 0.00010, ips: 37.5572 samples/sec, max_mem_reserved: 922 MB, max_mem_allocated: 673 MB | ETA 00:00:14
[2026/10/07 12:55:35] INFO: [TRAIN] epoch: 38, iter: 17870/18000, loss: 3.0549, lr: 0.000000, batch_cost: 0.1068, reader_cost: 0.00010, ips: 37.4494 samples/sec, max_mem_reserved: 922 MB, max_mem_allocated: 673 MB | ETA 00:00:13
[2026/10/07 12:55:37] INFO: [TRAIN] epoch: 38, iter: 17880/18000, loss: 3.0291, lr: 0.000000, batch_cost: 0.1030, reader_cost: 0.00025, ips: 38.8318 samples/sec, max_mem_reserved: 922 MB, max_mem_allocated: 673 MB | ETA 00:00:12
[2026/10/07 12:55:38] INFO: [TRAIN] epoch: 38, iter: 17890/18000, loss: 3.1477, lr: 0.000000, batch_cost: 0.1052, reader_cost: 0.00000, ips: 38.0184 samples/sec, max_mem_reserved: 922 MB, max_mem_allocated: 673 MB | ETA 00:00:11
[2026/10/07 12:55:39] INFO: [TRAIN] epoch: 38, iter: 17900/18000, loss: 2.8581, lr: 0.000000, batch_cost: 0.1039, reader_cost: 0.00010, ips: 38.4812 samples/sec, max_mem_reserved: 922 MB, max_mem_allocated: 673 MB | ETA 00:00:10
[2026/10/07 12:55:41] INFO: [TRAIN] epoch: 38, iter: 17910/18000, loss: 3.1350, lr: 0.000000, batch_cost: 0.1019, reader_cost: 0.00010, ips: 39.2688 samples/sec, max_mem_reserved: 922 MB, max_mem_allocated: 673 MB | ETA 00:00:09
[2026/10/07 12:55:42] INFO: [TRAIN] epoch: 38, iter: 17920/18000, loss: 2.9969, lr: 0.000000, batch_cost: 0.1044, reader_cost: 0.00000, ips: 38.3152 samples/sec, max_mem_reserved: 922 MB, max_mem_allocated: 673 MB | ETA 00:00:08
[2026/10/07 12:55:43] INFO: [TRAIN] epoch: 38, iter: 17930/18000, loss: 3.1191, lr: 0.000000, batch_cost: 0.1058, reader_cost: 0.00010, ips: 37.7943 samples/sec, max_mem_reserved: 922 MB, max_mem_allocated: 673 MB | ETA 00:00:07
[2026/10/07 12:55:45] INFO: [TRAIN] epoch: 38, iter: 17940/18000, loss: 3.0552, lr: 0.000000, batch_cost: 0.1043, reader_cost: 0.00010, ips: 38.3517 samples/sec, max_mem_reserved: 922 MB, max_mem_allocated: 673 MB | ETA 00:00:06
[2026/10/07 12:55:46] INFO: [TRAIN] epoch: 38, iter: 17950/18000, loss: 3.3817, lr: 0.000000, batch_cost: 0.0997, reader_cost: 0.00020, ips: 40.1229 samples/sec, max_mem_reserved: 922 MB, max_mem_allocated: 673 MB | ETA 00:00:04
[2026/10/07 12:55:47] INFO: [TRAIN] epoch: 38, iter: 17960/18000, loss: 2.7236, lr: 0.000000, batch_cost: 0.1020, reader_cost: 0.00010, ips: 39.2183 samples/sec, max_mem_reserved: 922 MB, max_mem_allocated: 673 MB | ETA 00:00:04
[2026/10/07 12:55:49] INFO: [TRAIN] epoch: 38, iter: 17970/18000, loss: 2.7184, lr: 0.000000, batch_cost: 0.0997, reader_cost: 0.00000, ips: 40.1233 samples/sec, max_mem_reserved: 922 MB, max_mem_allocated: 673 MB | ETA 00:00:02
[2026/10/07 12:55:50] INFO: [TRAIN] epoch: 38, iter: 17980/18000, loss: 3.1499, lr: 0.000000, batch_cost: 0.0990, reader_cost: 0.00010, ips: 40.4010 samples/sec, max_mem_reserved: 922 MB, max_mem_allocated: 673 MB | ETA 00:00:01
[2026/10/07 12:55:51] INFO: [TRAIN] epoch: 38, iter: 17990/18000, loss: 3.0679, lr: 0.000000, batch_cost: 0.1011, reader_cost: 0.00015, ips: 39.5618 samples/sec, max_mem_reserved: 922 MB, max_mem_allocated: 673 MB | ETA 00:00:01
[2026/10/07 12:55:53] INFO: [TRAIN] epoch: 38, iter: 18000/18000, loss: 3.4598, lr: 0.000000, batch_cost: 0.0978, reader_cost: 0.00010, ips: 40.9110 samples/sec, max_mem_reserved: 922 MB, max_mem_allocated: 673 MB | ETA 00:00:00
[2026/10/07 12:55:53] INFO: Start evaluating (total_samples: 348, total_iters: 348)...

  1/348 [..............................] - ETA: 11s - batch_cost: 0.0336 - reader cost: 0.0146
  4/348 [..............................] - ETA: 8s - batch_cost: 0.0260 - reader cost: 0.0036 
  7/348 [..............................] - ETA: 8s - batch_cost: 0.0236 - reader cost: 0.0021
 10/348 [..............................] - ETA: 7s - batch_cost: 0.0217 - reader cost: 0.0015
 13/348 [>.............................] - ETA: 6s - batch_cost: 0.0206 - reader cost: 0.0013
 17/348 [>.............................] - ETA: 6s - batch_cost: 0.0195 - reader cost: 9.7409e-04
 20/348 [>.............................] - ETA: 6s - batch_cost: 0.0194 - reader cost: 8.5468e-04
 23/348 [>.............................] - ETA: 6s - batch_cost: 0.0192 - reader cost: 7.4320e-04
 26/348 [=>............................] - ETA: 6s - batch_cost: 0.0191 - reader cost: 6.5745e-04
 29/348 [=>............................] - ETA: 6s - batch_cost: 0.0191 - reader cost: 5.8944e-04
 32/348 [=>............................] - ETA: 5s - batch_cost: 0.0189 - reader cost: 5.3418e-04
 35/348 [==>...........................] - ETA: 5s - batch_cost: 0.0189 - reader cost: 4.8839e-04
 38/348 [==>...........................] - ETA: 5s - batch_cost: 0.0188 - reader cost: 4.4983e-04
 41/348 [==>...........................] - ETA: 5s - batch_cost: 0.0188 - reader cost: 4.1692e-04
 44/348 [==>...........................] - ETA: 5s - batch_cost: 0.0188 - reader cost: 4.1126e-04
 47/348 [===>..........................] - ETA: 5s - batch_cost: 0.0188 - reader cost: 3.8501e-04
 50/348 [===>..........................] - ETA: 5s - batch_cost: 0.0188 - reader cost: 3.6191e-04
 53/348 [===>..........................] - ETA: 5s - batch_cost: 0.0186 - reader cost: 3.4142e-04
 56/348 [===>..........................] - ETA: 5s - batch_cost: 0.0187 - reader cost: 3.2313e-04
 59/348 [====>.........................] - ETA: 5s - batch_cost: 0.0186 - reader cost: 3.0670e-04
 62/348 [====>.........................] - ETA: 5s - batch_cost: 0.0185 - reader cost: 2.9186e-04
 65/348 [====>.........................] - ETA: 5s - batch_cost: 0.0185 - reader cost: 2.7839e-04
 68/348 [====>.........................] - ETA: 5s - batch_cost: 0.0186 - reader cost: 2.6611e-04
 71/348 [=====>........................] - ETA: 5s - batch_cost: 0.0186 - reader cost: 2.6895e-04
 74/348 [=====>........................] - ETA: 5s - batch_cost: 0.0186 - reader cost: 2.5804e-04
 77/348 [=====>........................] - ETA: 5s - batch_cost: 0.0186 - reader cost: 2.4799e-04
 80/348 [=====>........................] - ETA: 5s - batch_cost: 0.0186 - reader cost: 2.3869e-04
 83/348 [======>.......................] - ETA: 4s - batch_cost: 0.0186 - reader cost: 2.3006e-04
 86/348 [======>.......................] - ETA: 4s - batch_cost: 0.0186 - reader cost: 2.3952e-04
 89/348 [======>.......................] - ETA: 4s - batch_cost: 0.0186 - reader cost: 2.3145e-04
 92/348 [======>.......................] - ETA: 4s - batch_cost: 0.0186 - reader cost: 2.2390e-04
 95/348 [=======>......................] - ETA: 4s - batch_cost: 0.0186 - reader cost: 2.2735e-04
 98/348 [=======>......................] - ETA: 4s - batch_cost: 0.0185 - reader cost: 2.3575e-04
101/348 [=======>......................] - ETA: 4s - batch_cost: 0.0186 - reader cost: 2.2875e-04
104/348 [=======>......................] - ETA: 4s - batch_cost: 0.0186 - reader cost: 2.3175e-04
107/348 [========>.....................] - ETA: 4s - batch_cost: 0.0187 - reader cost: 2.2526e-04
110/348 [========>.....................] - ETA: 4s - batch_cost: 0.0187 - reader cost: 2.2822e-04
113/348 [========>.....................] - ETA: 4s - batch_cost: 0.0187 - reader cost: 2.2216e-04
116/348 [=========>....................] - ETA: 4s - batch_cost: 0.0187 - reader cost: 2.1641e-04
119/348 [=========>....................] - ETA: 4s - batch_cost: 0.0186 - reader cost: 2.1096e-04
122/348 [=========>....................] - ETA: 4s - batch_cost: 0.0187 - reader cost: 2.0577e-04
125/348 [=========>....................] - ETA: 4s - batch_cost: 0.0186 - reader cost: 2.0083e-04
128/348 [==========>...................] - ETA: 4s - batch_cost: 0.0186 - reader cost: 1.9612e-04
131/348 [==========>...................] - ETA: 4s - batch_cost: 0.0187 - reader cost: 1.9163e-04
134/348 [==========>...................] - ETA: 4s - batch_cost: 0.0187 - reader cost: 1.8734e-04
137/348 [==========>...................] - ETA: 3s - batch_cost: 0.0186 - reader cost: 1.8324e-04
140/348 [===========>..................] - ETA: 3s - batch_cost: 0.0186 - reader cost: 1.7931e-04
143/348 [===========>..................] - ETA: 3s - batch_cost: 0.0187 - reader cost: 1.7555e-04
146/348 [===========>..................] - ETA: 3s - batch_cost: 0.0187 - reader cost: 1.8233e-04
149/348 [===========>..................] - ETA: 3s - batch_cost: 0.0187 - reader cost: 1.7866e-04
152/348 [============>.................] - ETA: 3s - batch_cost: 0.0186 - reader cost: 1.7513e-04
155/348 [============>.................] - ETA: 3s - batch_cost: 0.0186 - reader cost: 1.7174e-04
158/348 [============>.................] - ETA: 3s - batch_cost: 0.0186 - reader cost: 1.6848e-04
161/348 [============>.................] - ETA: 3s - batch_cost: 0.0186 - reader cost: 1.6534e-04
164/348 [=============>................] - ETA: 3s - batch_cost: 0.0186 - reader cost: 1.6232e-04
167/348 [=============>................] - ETA: 3s - batch_cost: 0.0187 - reader cost: 1.5940e-04
170/348 [=============>................] - ETA: 3s - batch_cost: 0.0187 - reader cost: 1.5659e-04
173/348 [=============>................] - ETA: 3s - batch_cost: 0.0188 - reader cost: 1.6543e-04
176/348 [==============>...............] - ETA: 3s - batch_cost: 0.0187 - reader cost: 1.6261e-04
179/348 [==============>...............] - ETA: 3s - batch_cost: 0.0187 - reader cost: 1.5988e-04
182/348 [==============>...............] - ETA: 3s - batch_cost: 0.0187 - reader cost: 1.5725e-04
185/348 [==============>...............] - ETA: 3s - batch_cost: 0.0187 - reader cost: 1.6228e-04
188/348 [===============>..............] - ETA: 3s - batch_cost: 0.0187 - reader cost: 1.5969e-04
191/348 [===============>..............] - ETA: 2s - batch_cost: 0.0187 - reader cost: 1.5718e-04
194/348 [===============>..............] - ETA: 2s - batch_cost: 0.0188 - reader cost: 1.5991e-04
197/348 [===============>..............] - ETA: 2s - batch_cost: 0.0188 - reader cost: 1.6004e-04
200/348 [================>.............] - ETA: 2s - batch_cost: 0.0188 - reader cost: 1.5764e-04
203/348 [================>.............] - ETA: 2s - batch_cost: 0.0188 - reader cost: 1.5531e-04
206/348 [================>.............] - ETA: 2s - batch_cost: 0.0188 - reader cost: 1.5550e-04
209/348 [=================>............] - ETA: 2s - batch_cost: 0.0188 - reader cost: 1.6056e-04
212/348 [=================>............] - ETA: 2s - batch_cost: 0.0188 - reader cost: 1.5828e-04
215/348 [=================>............] - ETA: 2s - batch_cost: 0.0188 - reader cost: 1.5608e-04
218/348 [=================>............] - ETA: 2s - batch_cost: 0.0188 - reader cost: 1.5393e-04
221/348 [==================>...........] - ETA: 2s - batch_cost: 0.0188 - reader cost: 1.5184e-04
224/348 [==================>...........] - ETA: 2s - batch_cost: 0.0188 - reader cost: 1.4980e-04
227/348 [==================>...........] - ETA: 2s - batch_cost: 0.0189 - reader cost: 1.4782e-04
230/348 [==================>...........] - ETA: 2s - batch_cost: 0.0189 - reader cost: 1.4590e-04
233/348 [===================>..........] - ETA: 2s - batch_cost: 0.0189 - reader cost: 1.4402e-04
236/348 [===================>..........] - ETA: 2s - batch_cost: 0.0189 - reader cost: 1.4219e-04
239/348 [===================>..........] - ETA: 2s - batch_cost: 0.0189 - reader cost: 1.4459e-04
242/348 [===================>..........] - ETA: 2s - batch_cost: 0.0188 - reader cost: 1.4279e-04
245/348 [====================>.........] - ETA: 1s - batch_cost: 0.0188 - reader cost: 1.4104e-04
248/348 [====================>.........] - ETA: 1s - batch_cost: 0.0188 - reader cost: 1.3934e-04
251/348 [====================>.........] - ETA: 1s - batch_cost: 0.0188 - reader cost: 1.3767e-04
254/348 [====================>.........] - ETA: 1s - batch_cost: 0.0188 - reader cost: 1.3605e-04
257/348 [=====================>........] - ETA: 1s - batch_cost: 0.0188 - reader cost: 1.3446e-04
260/348 [=====================>........] - ETA: 1s - batch_cost: 0.0188 - reader cost: 1.3291e-04
263/348 [=====================>........] - ETA: 1s - batch_cost: 0.0188 - reader cost: 1.3523e-04
266/348 [=====================>........] - ETA: 1s - batch_cost: 0.0188 - reader cost: 1.3370e-04
269/348 [======================>.......] - ETA: 1s - batch_cost: 0.0188 - reader cost: 1.3221e-04
272/348 [======================>.......] - ETA: 1s - batch_cost: 0.0188 - reader cost: 1.3075e-04
275/348 [======================>.......] - ETA: 1s - batch_cost: 0.0188 - reader cost: 1.2933e-04
278/348 [======================>.......] - ETA: 1s - batch_cost: 0.0188 - reader cost: 1.2793e-04
281/348 [=======================>......] - ETA: 1s - batch_cost: 0.0188 - reader cost: 1.2657e-04
284/348 [=======================>......] - ETA: 1s - batch_cost: 0.0188 - reader cost: 1.2523e-04
287/348 [=======================>......] - ETA: 1s - batch_cost: 0.0188 - reader cost: 1.2392e-04
290/348 [========================>.....] - ETA: 1s - batch_cost: 0.0188 - reader cost: 1.2264e-04
293/348 [========================>.....] - ETA: 1s - batch_cost: 0.0188 - reader cost: 1.2138e-04
296/348 [========================>.....] - ETA: 0s - batch_cost: 0.0188 - reader cost: 1.2015e-04
299/348 [========================>.....] - ETA: 0s - batch_cost: 0.0188 - reader cost: 1.1895e-04
302/348 [=========================>....] - ETA: 0s - batch_cost: 0.0189 - reader cost: 1.2108e-04
305/348 [=========================>....] - ETA: 0s - batch_cost: 0.0189 - reader cost: 1.1988e-04
308/348 [=========================>....] - ETA: 0s - batch_cost: 0.0189 - reader cost: 1.2196e-04
311/348 [=========================>....] - ETA: 0s - batch_cost: 0.0189 - reader cost: 1.2078e-04
314/348 [==========================>...] - ETA: 0s - batch_cost: 0.0188 - reader cost: 1.1963e-04
317/348 [==========================>...] - ETA: 0s - batch_cost: 0.0188 - reader cost: 1.1849e-04
320/348 [==========================>...] - ETA: 0s - batch_cost: 0.0188 - reader cost: 1.1738e-04
323/348 [==========================>...] - ETA: 0s - batch_cost: 0.0188 - reader cost: 1.1629e-04
326/348 [===========================>..] - ETA: 0s - batch_cost: 0.0188 - reader cost: 1.1522e-04
329/348 [===========================>..] - ETA: 0s - batch_cost: 0.0188 - reader cost: 1.1417e-04
332/348 [===========================>..] - ETA: 0s - batch_cost: 0.0188 - reader cost: 1.1314e-04
335/348 [===========================>..] - ETA: 0s - batch_cost: 0.0188 - reader cost: 1.1213e-04
338/348 [============================>.] - ETA: 0s - batch_cost: 0.0188 - reader cost: 1.1113e-04
341/348 [============================>.] - ETA: 0s - batch_cost: 0.0189 - reader cost: 1.1015e-04
344/348 [============================>.] - ETA: 0s - batch_cost: 0.0189 - reader cost: 1.0919e-04
348/348 [==============================] - 7s 19ms/step - batch_cost: 0.0188 - reader cost: 1.0794e-04
[2026/10/07 12:55:59] INFO: [EVAL] #Images: 348 mIoU: 0.8149 Acc: 0.9773 Kappa: 0.7784 Dice: 0.8892
[2026/10/07 12:55:59] INFO: [EVAL] Class IoU: 
[0.9763 0.6534]
[2026/10/07 12:55:59] INFO: [EVAL] Class Precision: 
[0.9855 0.827 ]
[2026/10/07 12:55:59] INFO: [EVAL] Class Recall: 
[0.9905 0.7569]
[2026/10/07 12:55:59] INFO: Start evaluating (total_samples: 348, total_iters: 348)...

  1/348 [..............................] - ETA: 11s - batch_cost: 0.0345 - reader cost: 0.0135
  4/348 [..............................] - ETA: 8s - batch_cost: 0.0258 - reader cost: 0.0034 
  7/348 [..............................] - ETA: 8s - batch_cost: 0.0239 - reader cost: 0.0021
 10/348 [..............................] - ETA: 7s - batch_cost: 0.0231 - reader cost: 0.0015
 13/348 [>.............................] - ETA: 7s - batch_cost: 0.0222 - reader cost: 0.0012
 16/348 [>.............................] - ETA: 7s - batch_cost: 0.0219 - reader cost: 9.6953e-04
 19/348 [>.............................] - ETA: 7s - batch_cost: 0.0216 - reader cost: 8.1645e-04
 22/348 [>.............................] - ETA: 6s - batch_cost: 0.0213 - reader cost: 7.0511e-04
 25/348 [=>............................] - ETA: 6s - batch_cost: 0.0209 - reader cost: 6.2050e-04
 28/348 [=>............................] - ETA: 6s - batch_cost: 0.0208 - reader cost: 5.5402e-04
 31/348 [=>............................] - ETA: 6s - batch_cost: 0.0205 - reader cost: 5.0040e-04
 34/348 [=>............................] - ETA: 6s - batch_cost: 0.0203 - reader cost: 4.5625e-04
 37/348 [==>...........................] - ETA: 6s - batch_cost: 0.0202 - reader cost: 4.1926e-04
 40/348 [==>...........................] - ETA: 6s - batch_cost: 0.0201 - reader cost: 3.8781e-04
 43/348 [==>...........................] - ETA: 6s - batch_cost: 0.0200 - reader cost: 3.6076e-04
 46/348 [==>...........................] - ETA: 6s - batch_cost: 0.0201 - reader cost: 3.3723e-04
 49/348 [===>..........................] - ETA: 6s - batch_cost: 0.0203 - reader cost: 3.1658e-04
 52/348 [===>..........................] - ETA: 6s - batch_cost: 0.0203 - reader cost: 3.1753e-04
 55/348 [===>..........................] - ETA: 5s - batch_cost: 0.0203 - reader cost: 3.0021e-04
 58/348 [====>.........................] - ETA: 5s - batch_cost: 0.0203 - reader cost: 2.8468e-04
 61/348 [====>.........................] - ETA: 5s - batch_cost: 0.0202 - reader cost: 2.7068e-04
 64/348 [====>.........................] - ETA: 5s - batch_cost: 0.0202 - reader cost: 2.5799e-04
 67/348 [====>.........................] - ETA: 5s - batch_cost: 0.0201 - reader cost: 2.5453e-04
 70/348 [=====>........................] - ETA: 5s - batch_cost: 0.0201 - reader cost: 2.4362e-04
 73/348 [=====>........................] - ETA: 5s - batch_cost: 0.0200 - reader cost: 2.3361e-04
 76/348 [=====>........................] - ETA: 5s - batch_cost: 0.0199 - reader cost: 2.2439e-04
 79/348 [=====>........................] - ETA: 5s - batch_cost: 0.0198 - reader cost: 2.1587e-04
 82/348 [======>.......................] - ETA: 5s - batch_cost: 0.0198 - reader cost: 2.0797e-04
 85/348 [======>.......................] - ETA: 5s - batch_cost: 0.0197 - reader cost: 2.0063e-04
 88/348 [======>.......................] - ETA: 5s - batch_cost: 0.0197 - reader cost: 1.9379e-04
 91/348 [======>.......................] - ETA: 5s - batch_cost: 0.0197 - reader cost: 1.8740e-04
 94/348 [=======>......................] - ETA: 4s - batch_cost: 0.0196 - reader cost: 1.8142e-04
 97/348 [=======>......................] - ETA: 4s - batch_cost: 0.0196 - reader cost: 1.7581e-04
100/348 [=======>......................] - ETA: 4s - batch_cost: 0.0195 - reader cost: 1.7053e-04
103/348 [=======>......................] - ETA: 4s - batch_cost: 0.0195 - reader cost: 1.6557e-04
106/348 [========>.....................] - ETA: 4s - batch_cost: 0.0194 - reader cost: 1.6088e-04
109/348 [========>.....................] - ETA: 4s - batch_cost: 0.0194 - reader cost: 1.5645e-04
112/348 [========>.....................] - ETA: 4s - batch_cost: 0.0194 - reader cost: 1.6108e-04
115/348 [========>.....................] - ETA: 4s - batch_cost: 0.0195 - reader cost: 1.5688e-04
118/348 [=========>....................] - ETA: 4s - batch_cost: 0.0195 - reader cost: 1.6115e-04
121/348 [=========>....................] - ETA: 4s - batch_cost: 0.0194 - reader cost: 1.6542e-04
124/348 [=========>....................] - ETA: 4s - batch_cost: 0.0194 - reader cost: 1.6142e-04
127/348 [=========>....................] - ETA: 4s - batch_cost: 0.0194 - reader cost: 1.5760e-04
130/348 [==========>...................] - ETA: 4s - batch_cost: 0.0194 - reader cost: 1.5397e-04
133/348 [==========>...................] - ETA: 4s - batch_cost: 0.0194 - reader cost: 1.5049e-04
136/348 [==========>...................] - ETA: 4s - batch_cost: 0.0194 - reader cost: 1.5178e-04
139/348 [==========>...................] - ETA: 4s - batch_cost: 0.0193 - reader cost: 1.4851e-04
142/348 [===========>..................] - ETA: 4s - batch_cost: 0.0194 - reader cost: 1.5232e-04
145/348 [===========>..................] - ETA: 3s - batch_cost: 0.0193 - reader cost: 1.5612e-04
148/348 [===========>..................] - ETA: 3s - batch_cost: 0.0193 - reader cost: 1.5295e-04
151/348 [============>.................] - ETA: 3s - batch_cost: 0.0193 - reader cost: 1.4991e-04
154/348 [============>.................] - ETA: 3s - batch_cost: 0.0193 - reader cost: 1.4699e-04
157/348 [============>.................] - ETA: 3s - batch_cost: 0.0193 - reader cost: 1.4419e-04
160/348 [============>.................] - ETA: 3s - batch_cost: 0.0193 - reader cost: 1.4148e-04
163/348 [=============>................] - ETA: 3s - batch_cost: 0.0193 - reader cost: 1.4501e-04
166/348 [=============>................] - ETA: 3s - batch_cost: 0.0193 - reader cost: 1.4239e-04
169/348 [=============>................] - ETA: 3s - batch_cost: 0.0193 - reader cost: 1.4578e-04
172/348 [=============>................] - ETA: 3s - batch_cost: 0.0192 - reader cost: 1.4324e-04
175/348 [==============>...............] - ETA: 3s - batch_cost: 0.0192 - reader cost: 1.4078e-04
178/348 [==============>...............] - ETA: 3s - batch_cost: 0.0192 - reader cost: 1.3841e-04
181/348 [==============>...............] - ETA: 3s - batch_cost: 0.0192 - reader cost: 1.3612e-04
184/348 [==============>...............] - ETA: 3s - batch_cost: 0.0191 - reader cost: 1.3933e-04
187/348 [===============>..............] - ETA: 3s - batch_cost: 0.0191 - reader cost: 1.3709e-04
190/348 [===============>..............] - ETA: 3s - batch_cost: 0.0191 - reader cost: 1.4028e-04
193/348 [===============>..............] - ETA: 2s - batch_cost: 0.0192 - reader cost: 1.4331e-04
196/348 [===============>..............] - ETA: 2s - batch_cost: 0.0191 - reader cost: 1.4112e-04
199/348 [================>.............] - ETA: 2s - batch_cost: 0.0191 - reader cost: 1.4401e-04
202/348 [================>.............] - ETA: 2s - batch_cost: 0.0191 - reader cost: 1.4187e-04
205/348 [================>.............] - ETA: 2s - batch_cost: 0.0191 - reader cost: 1.3979e-04
208/348 [================>.............] - ETA: 2s - batch_cost: 0.0191 - reader cost: 1.3778e-04
211/348 [=================>............] - ETA: 2s - batch_cost: 0.0191 - reader cost: 1.3582e-04
214/348 [=================>............] - ETA: 2s - batch_cost: 0.0191 - reader cost: 1.3391e-04
217/348 [=================>............] - ETA: 2s - batch_cost: 0.0191 - reader cost: 1.3206e-04
220/348 [=================>............] - ETA: 2s - batch_cost: 0.0191 - reader cost: 1.3754e-04
223/348 [==================>...........] - ETA: 2s - batch_cost: 0.0191 - reader cost: 1.3569e-04
226/348 [==================>...........] - ETA: 2s - batch_cost: 0.0191 - reader cost: 1.3389e-04
229/348 [==================>...........] - ETA: 2s - batch_cost: 0.0191 - reader cost: 1.3214e-04
232/348 [===================>..........] - ETA: 2s - batch_cost: 0.0191 - reader cost: 1.3269e-04
235/348 [===================>..........] - ETA: 2s - batch_cost: 0.0191 - reader cost: 1.3100e-04
238/348 [===================>..........] - ETA: 2s - batch_cost: 0.0191 - reader cost: 1.2935e-04
241/348 [===================>..........] - ETA: 2s - batch_cost: 0.0191 - reader cost: 1.2774e-04
244/348 [====================>.........] - ETA: 1s - batch_cost: 0.0191 - reader cost: 1.2617e-04
247/348 [====================>.........] - ETA: 1s - batch_cost: 0.0191 - reader cost: 1.2463e-04
250/348 [====================>.........] - ETA: 1s - batch_cost: 0.0191 - reader cost: 1.2314e-04
253/348 [====================>.........] - ETA: 1s - batch_cost: 0.0191 - reader cost: 1.2168e-04
256/348 [=====================>........] - ETA: 1s - batch_cost: 0.0191 - reader cost: 1.2025e-04
259/348 [=====================>........] - ETA: 1s - batch_cost: 0.0191 - reader cost: 1.1886e-04
262/348 [=====================>........] - ETA: 1s - batch_cost: 0.0191 - reader cost: 1.1750e-04
265/348 [=====================>........] - ETA: 1s - batch_cost: 0.0191 - reader cost: 1.1993e-04
268/348 [======================>.......] - ETA: 1s - batch_cost: 0.0191 - reader cost: 1.1859e-04
271/348 [======================>.......] - ETA: 1s - batch_cost: 0.0191 - reader cost: 1.1728e-04
274/348 [======================>.......] - ETA: 1s - batch_cost: 0.0191 - reader cost: 1.1599e-04
277/348 [======================>.......] - ETA: 1s - batch_cost: 0.0191 - reader cost: 1.1474e-04
280/348 [=======================>......] - ETA: 1s - batch_cost: 0.0191 - reader cost: 1.1351e-04
283/348 [=======================>......] - ETA: 1s - batch_cost: 0.0191 - reader cost: 1.1230e-04
286/348 [=======================>......] - ETA: 1s - batch_cost: 0.0191 - reader cost: 1.1113e-04
289/348 [=======================>......] - ETA: 1s - batch_cost: 0.0191 - reader cost: 1.1344e-04
292/348 [========================>.....] - ETA: 1s - batch_cost: 0.0191 - reader cost: 1.1227e-04
295/348 [========================>.....] - ETA: 1s - batch_cost: 0.0191 - reader cost: 1.1113e-04
298/348 [========================>.....] - ETA: 0s - batch_cost: 0.0191 - reader cost: 1.1517e-04
301/348 [========================>.....] - ETA: 0s - batch_cost: 0.0191 - reader cost: 1.1402e-04
304/348 [=========================>....] - ETA: 0s - batch_cost: 0.0191 - reader cost: 1.1622e-04
307/348 [=========================>....] - ETA: 0s - batch_cost: 0.0191 - reader cost: 1.1834e-04
310/348 [=========================>....] - ETA: 0s - batch_cost: 0.0191 - reader cost: 1.1720e-04
313/348 [=========================>....] - ETA: 0s - batch_cost: 0.0191 - reader cost: 1.1769e-04
316/348 [==========================>...] - ETA: 0s - batch_cost: 0.0191 - reader cost: 1.1657e-04
319/348 [==========================>...] - ETA: 0s - batch_cost: 0.0191 - reader cost: 1.1548e-04
322/348 [==========================>...] - ETA: 0s - batch_cost: 0.0191 - reader cost: 1.1751e-04
325/348 [===========================>..] - ETA: 0s - batch_cost: 0.0191 - reader cost: 1.1642e-04
328/348 [===========================>..] - ETA: 0s - batch_cost: 0.0191 - reader cost: 1.1536e-04
331/348 [===========================>..] - ETA: 0s - batch_cost: 0.0191 - reader cost: 1.1733e-04
334/348 [===========================>..] - ETA: 0s - batch_cost: 0.0192 - reader cost: 1.1628e-04
337/348 [============================>.] - ETA: 0s - batch_cost: 0.0192 - reader cost: 1.1821e-04
340/348 [============================>.] - ETA: 0s - batch_cost: 0.0192 - reader cost: 1.1717e-04
343/348 [============================>.] - ETA: 0s - batch_cost: 0.0192 - reader cost: 1.1614e-04
347/348 [============================>.] - ETA: 0s - batch_cost: 0.0191 - reader cost: 1.1480e-04
348/348 [==============================] - 7s 19ms/step - batch_cost: 0.0191 - reader cost: 1.1447e-04
[2026/10/07 12:56:06] INFO: [EVAL] #Images: 348 mIoU: 0.8165 Acc: 0.9772 Kappa: 0.7808 Dice: 0.8904
[2026/10/07 12:56:06] INFO: [EVAL] Class IoU: 
[0.9762 0.6568]
[2026/10/07 12:56:06] INFO: [EVAL] Class Precision: 
[0.9864 0.815 ]
[2026/10/07 12:56:06] INFO: [EVAL] Class Recall: 
[0.9895 0.7718]
[2026/10/07 12:56:06] INFO: [EVAL] The model with the best validation mIoU (0.8169) was saved at iter 12000.
[2026/10/07 12:56:06] INFO: [EVAL] The EMA model with the best validation mIoU (0.8172) was saved at iter 12000.
<class 'paddle.nn.layer.conv.Conv2D'>'s flops has been counted
<class 'paddle.nn.layer.norm.BatchNorm2D'>'s flops has been counted
<class 'paddle.nn.layer.activation.ReLU'>'s flops has been counted
Cannot find suitable count function for <class 'paddle.nn.layer.pooling.MaxPool2D'>. Treat it as zero FLOPs.
<class 'paddle.nn.layer.pooling.AdaptiveAvgPool2D'>'s flops has been counted
Cannot find suitable count function for <class 'paddleseg.models.layers.wrap_functions.Add'>. Treat it as zero FLOPs.
Cannot find suitable count function for <class 'paddle.nn.layer.common.Identity'>. Treat it as zero FLOPs.
<class 'paddle.nn.layer.pooling.AvgPool2D'>'s flops has been counted
Cannot find suitable count function for <class 'paddle.nn.layer.activation.Sigmoid'>. Treat it as zero FLOPs.
<class 'paddle.nn.layer.common.Dropout'>'s flops has been counted
Total Flops: 4934732616     Total Params: 2328346
