WARNING: Logging before InitGoogleLogging() is written to STDERR
W1008 12:16:09.729698  8600 gpu_resources.cc:116] Please NOTE: device: 0, GPU Compute Capability: 12.0, Driver API Version: 13.2, Runtime API Version: 12.9
C:\venv_bisenet\Lib\site-packages\paddle\framework\restricted_unpickler.py:221: VisibleDeprecationWarning: dtype(): align should be passed as Python or NumPy boolean but got `align=0`. Did you mean to pass a tuple to create a subarray type? (Deprecated NumPy 2.4)
  return RestrictedUnpickler(f, encoding=encoding).load()
C:\venv_bisenet\Lib\site-packages\paddle\nn\layer\norm.py:885: UserWarning: When training, we now always track global mean and variance.
  warnings.warn(

  1/348 [..............................] - ETA: 31s - batch_cost: 0.0897 - reader cost: 0.0100
  4/348 [..............................] - ETA: 13s - batch_cost: 0.0380 - reader cost: 0.0025
  7/348 [..............................] - ETA: 10s - batch_cost: 0.0293 - reader cost: 0.0014
 11/348 [..............................] - ETA: 8s - batch_cost: 0.0246 - reader cost: 0.0010 
 14/348 [>.............................] - ETA: 7s - batch_cost: 0.0230 - reader cost: 7.8729e-04
 18/348 [>.............................] - ETA: 7s - batch_cost: 0.0216 - reader cost: 6.1234e-04
 22/348 [>.............................] - ETA: 6s - batch_cost: 0.0200 - reader cost: 5.0100e-04
 26/348 [=>............................] - ETA: 6s - batch_cost: 0.0191 - reader cost: 4.2393e-04
 30/348 [=>............................] - ETA: 5s - batch_cost: 0.0185 - reader cost: 3.6740e-04
 34/348 [=>............................] - ETA: 5s - batch_cost: 0.0178 - reader cost: 3.2418e-04
 37/348 [==>...........................] - ETA: 5s - batch_cost: 0.0179 - reader cost: 2.9789e-04
 41/348 [==>...........................] - ETA: 5s - batch_cost: 0.0176 - reader cost: 2.9321e-04
 45/348 [==>...........................] - ETA: 5s - batch_cost: 0.0172 - reader cost: 2.6715e-04
 49/348 [===>..........................] - ETA: 5s - batch_cost: 0.0169 - reader cost: 2.4534e-04
 53/348 [===>..........................] - ETA: 4s - batch_cost: 0.0167 - reader cost: 2.2683e-04
 57/348 [===>..........................] - ETA: 4s - batch_cost: 0.0165 - reader cost: 2.1091e-04
 61/348 [====>.........................] - ETA: 4s - batch_cost: 0.0164 - reader cost: 1.9708e-04
 65/348 [====>.........................] - ETA: 4s - batch_cost: 0.0163 - reader cost: 1.8495e-04
 69/348 [====>.........................] - ETA: 4s - batch_cost: 0.0162 - reader cost: 1.7423e-04
 73/348 [=====>........................] - ETA: 4s - batch_cost: 0.0161 - reader cost: 1.6468e-04
 77/348 [=====>........................] - ETA: 4s - batch_cost: 0.0160 - reader cost: 1.6911e-04
 80/348 [=====>........................] - ETA: 4s - batch_cost: 0.0160 - reader cost: 1.6277e-04
 84/348 [======>.......................] - ETA: 4s - batch_cost: 0.0159 - reader cost: 1.5501e-04
 88/348 [======>.......................] - ETA: 4s - batch_cost: 0.0159 - reader cost: 1.4797e-04
 92/348 [======>.......................] - ETA: 4s - batch_cost: 0.0159 - reader cost: 1.4154e-04
 96/348 [=======>......................] - ETA: 4s - batch_cost: 0.0158 - reader cost: 1.4606e-04
100/348 [=======>......................] - ETA: 3s - batch_cost: 0.0157 - reader cost: 1.4021e-04
103/348 [=======>......................] - ETA: 3s - batch_cost: 0.0157 - reader cost: 1.3613e-04
106/348 [========>.....................] - ETA: 3s - batch_cost: 0.0159 - reader cost: 1.4647e-04
109/348 [========>.....................] - ETA: 3s - batch_cost: 0.0160 - reader cost: 1.4244e-04
112/348 [========>.....................] - ETA: 3s - batch_cost: 0.0162 - reader cost: 1.3863e-04
115/348 [========>.....................] - ETA: 3s - batch_cost: 0.0162 - reader cost: 1.3501e-04
118/348 [=========>....................] - ETA: 3s - batch_cost: 0.0163 - reader cost: 1.3995e-04
121/348 [=========>....................] - ETA: 3s - batch_cost: 0.0163 - reader cost: 1.3648e-04
124/348 [=========>....................] - ETA: 3s - batch_cost: 0.0163 - reader cost: 1.3318e-04
127/348 [=========>....................] - ETA: 3s - batch_cost: 0.0164 - reader cost: 1.3795e-04
130/348 [==========>...................] - ETA: 3s - batch_cost: 0.0165 - reader cost: 1.4247e-04
134/348 [==========>...................] - ETA: 3s - batch_cost: 0.0164 - reader cost: 1.4568e-04
138/348 [==========>...................] - ETA: 3s - batch_cost: 0.0164 - reader cost: 1.5962e-04
142/348 [===========>..................] - ETA: 3s - batch_cost: 0.0163 - reader cost: 1.6218e-04
145/348 [===========>..................] - ETA: 3s - batch_cost: 0.0164 - reader cost: 1.5882e-04
149/348 [===========>..................] - ETA: 3s - batch_cost: 0.0163 - reader cost: 1.5456e-04
153/348 [============>.................] - ETA: 3s - batch_cost: 0.0163 - reader cost: 1.5052e-04
157/348 [============>.................] - ETA: 3s - batch_cost: 0.0162 - reader cost: 1.4668e-04
161/348 [============>.................] - ETA: 3s - batch_cost: 0.0161 - reader cost: 1.4304e-04
165/348 [=============>................] - ETA: 2s - batch_cost: 0.0161 - reader cost: 1.3957e-04
169/348 [=============>................] - ETA: 2s - batch_cost: 0.0160 - reader cost: 1.4219e-04
173/348 [=============>................] - ETA: 2s - batch_cost: 0.0160 - reader cost: 1.3890e-04
177/348 [==============>...............] - ETA: 2s - batch_cost: 0.0159 - reader cost: 1.4143e-04
181/348 [==============>...............] - ETA: 2s - batch_cost: 0.0159 - reader cost: 1.4383e-04
185/348 [==============>...............] - ETA: 2s - batch_cost: 0.0159 - reader cost: 1.4072e-04
189/348 [===============>..............] - ETA: 2s - batch_cost: 0.0158 - reader cost: 1.3774e-04
193/348 [===============>..............] - ETA: 2s - batch_cost: 0.0158 - reader cost: 1.3488e-04
197/348 [===============>..............] - ETA: 2s - batch_cost: 0.0157 - reader cost: 1.3214e-04
201/348 [================>.............] - ETA: 2s - batch_cost: 0.0157 - reader cost: 1.3450e-04
205/348 [================>.............] - ETA: 2s - batch_cost: 0.0157 - reader cost: 1.3188e-04
209/348 [=================>............] - ETA: 2s - batch_cost: 0.0156 - reader cost: 1.2935e-04
213/348 [=================>............] - ETA: 2s - batch_cost: 0.0156 - reader cost: 1.2692e-04
217/348 [=================>............] - ETA: 2s - batch_cost: 0.0156 - reader cost: 1.2458e-04
220/348 [=================>............] - ETA: 2s - batch_cost: 0.0157 - reader cost: 1.2288e-04
223/348 [==================>...........] - ETA: 1s - batch_cost: 0.0157 - reader cost: 1.2123e-04
227/348 [==================>...........] - ETA: 1s - batch_cost: 0.0157 - reader cost: 1.2573e-04
231/348 [==================>...........] - ETA: 1s - batch_cost: 0.0157 - reader cost: 1.2356e-04
235/348 [===================>..........] - ETA: 1s - batch_cost: 0.0156 - reader cost: 1.2145e-04
239/348 [===================>..........] - ETA: 1s - batch_cost: 0.0156 - reader cost: 1.1942e-04
243/348 [===================>..........] - ETA: 1s - batch_cost: 0.0156 - reader cost: 1.1745e-04
247/348 [====================>.........] - ETA: 1s - batch_cost: 0.0156 - reader cost: 1.1555e-04
251/348 [====================>.........] - ETA: 1s - batch_cost: 0.0155 - reader cost: 1.1371e-04
255/348 [====================>.........] - ETA: 1s - batch_cost: 0.0155 - reader cost: 1.1381e-04
258/348 [=====================>........] - ETA: 1s - batch_cost: 0.0156 - reader cost: 1.1248e-04
262/348 [=====================>........] - ETA: 1s - batch_cost: 0.0156 - reader cost: 1.1077e-04
266/348 [=====================>........] - ETA: 1s - batch_cost: 0.0155 - reader cost: 1.1286e-04
271/348 [======================>.......] - ETA: 1s - batch_cost: 0.0155 - reader cost: 1.1078e-04
275/348 [======================>.......] - ETA: 1s - batch_cost: 0.0154 - reader cost: 1.1280e-04
279/348 [=======================>......] - ETA: 1s - batch_cost: 0.0154 - reader cost: 1.1119e-04
283/348 [=======================>......] - ETA: 1s - batch_cost: 0.0154 - reader cost: 1.0961e-04
287/348 [=======================>......] - ETA: 0s - batch_cost: 0.0153 - reader cost: 1.0809e-04
292/348 [========================>.....] - ETA: 0s - batch_cost: 0.0153 - reader cost: 1.0966e-04
297/348 [========================>.....] - ETA: 0s - batch_cost: 0.0152 - reader cost: 1.0782e-04
301/348 [========================>.....] - ETA: 0s - batch_cost: 0.0152 - reader cost: 1.0639e-04
305/348 [=========================>....] - ETA: 0s - batch_cost: 0.0152 - reader cost: 1.0499e-04
308/348 [=========================>....] - ETA: 0s - batch_cost: 0.0152 - reader cost: 1.0397e-04
311/348 [=========================>....] - ETA: 0s - batch_cost: 0.0153 - reader cost: 1.0296e-04
314/348 [==========================>...] - ETA: 0s - batch_cost: 0.0153 - reader cost: 1.0198e-04
318/348 [==========================>...] - ETA: 0s - batch_cost: 0.0153 - reader cost: 1.0384e-04
322/348 [==========================>...] - ETA: 0s - batch_cost: 0.0153 - reader cost: 1.0255e-04
326/348 [===========================>..] - ETA: 0s - batch_cost: 0.0153 - reader cost: 1.0743e-04
330/348 [===========================>..] - ETA: 0s - batch_cost: 0.0153 - reader cost: 1.0915e-04
333/348 [===========================>..] - ETA: 0s - batch_cost: 0.0153 - reader cost: 1.1117e-04
336/348 [===========================>..] - ETA: 0s - batch_cost: 0.0153 - reader cost: 1.1018e-04
339/348 [============================>.] - ETA: 0s - batch_cost: 0.0154 - reader cost: 1.0920e-04
342/348 [============================>.] - ETA: 0s - batch_cost: 0.0154 - reader cost: 1.0825e-04
346/348 [============================>.] - ETA: 0s - batch_cost: 0.0154 - reader cost: 1.0699e-04
348/348 [==============================] - 5s 16ms/step - batch_cost: 0.0153 - reader cost: 1.0638e-04

  1/348 [..............................] - ETA: 7s - batch_cost: 0.0230 - reader cost: 0.0095
  5/348 [..............................] - ETA: 5s - batch_cost: 0.0159 - reader cost: 0.0019
 10/348 [..............................] - ETA: 4s - batch_cost: 0.0136 - reader cost: 9.5391e-04
 15/348 [>.............................] - ETA: 4s - batch_cost: 0.0130 - reader cost: 7.0260e-04
 18/348 [>.............................] - ETA: 4s - batch_cost: 0.0137 - reader cost: 5.8550e-04
 22/348 [>.............................] - ETA: 4s - batch_cost: 0.0137 - reader cost: 4.7905e-04
 26/348 [=>............................] - ETA: 4s - batch_cost: 0.0138 - reader cost: 4.0535e-04
 31/348 [=>............................] - ETA: 4s - batch_cost: 0.0134 - reader cost: 3.3997e-04
 36/348 [==>...........................] - ETA: 4s - batch_cost: 0.0131 - reader cost: 3.2052e-04
 40/348 [==>...........................] - ETA: 4s - batch_cost: 0.0132 - reader cost: 3.1350e-04
 44/348 [==>...........................] - ETA: 4s - batch_cost: 0.0132 - reader cost: 2.8500e-04
 48/348 [===>..........................] - ETA: 4s - batch_cost: 0.0132 - reader cost: 2.6125e-04
 52/348 [===>..........................] - ETA: 4s - batch_cost: 0.0134 - reader cost: 2.4115e-04
 56/348 [===>..........................] - ETA: 4s - batch_cost: 0.0135 - reader cost: 2.2393e-04
 59/348 [====>.........................] - ETA: 4s - batch_cost: 0.0139 - reader cost: 2.1254e-04
 62/348 [====>.........................] - ETA: 4s - batch_cost: 0.0141 - reader cost: 2.1838e-04
 66/348 [====>.........................] - ETA: 4s - batch_cost: 0.0142 - reader cost: 2.0514e-04
 69/348 [====>.........................] - ETA: 4s - batch_cost: 0.0143 - reader cost: 1.9623e-04
 72/348 [=====>........................] - ETA: 4s - batch_cost: 0.0144 - reader cost: 1.8805e-04
 76/348 [=====>........................] - ETA: 4s - batch_cost: 0.0146 - reader cost: 1.7815e-04
 79/348 [=====>........................] - ETA: 4s - batch_cost: 0.0147 - reader cost: 1.8404e-04
 82/348 [======>.......................] - ETA: 4s - batch_cost: 0.0148 - reader cost: 1.7731e-04
 85/348 [======>.......................] - ETA: 3s - batch_cost: 0.0149 - reader cost: 1.7105e-04
 88/348 [======>.......................] - ETA: 3s - batch_cost: 0.0150 - reader cost: 1.6522e-04
 92/348 [======>.......................] - ETA: 3s - batch_cost: 0.0150 - reader cost: 1.5804e-04
 96/348 [=======>......................] - ETA: 3s - batch_cost: 0.0151 - reader cost: 1.5679e-04
100/348 [=======>......................] - ETA: 3s - batch_cost: 0.0150 - reader cost: 1.5052e-04
104/348 [=======>......................] - ETA: 3s - batch_cost: 0.0150 - reader cost: 1.4473e-04
108/348 [========>.....................] - ETA: 3s - batch_cost: 0.0150 - reader cost: 1.3937e-04
112/348 [========>.....................] - ETA: 3s - batch_cost: 0.0149 - reader cost: 1.3440e-04
116/348 [=========>....................] - ETA: 3s - batch_cost: 0.0148 - reader cost: 1.2976e-04
120/348 [=========>....................] - ETA: 3s - batch_cost: 0.0147 - reader cost: 1.3377e-04
124/348 [=========>....................] - ETA: 3s - batch_cost: 0.0147 - reader cost: 1.3756e-04
127/348 [=========>....................] - ETA: 3s - batch_cost: 0.0148 - reader cost: 1.4217e-04
131/348 [==========>...................] - ETA: 3s - batch_cost: 0.0147 - reader cost: 1.3783e-04
135/348 [==========>...................] - ETA: 3s - batch_cost: 0.0147 - reader cost: 1.3374e-04
139/348 [==========>...................] - ETA: 3s - batch_cost: 0.0146 - reader cost: 1.3709e-04
143/348 [===========>..................] - ETA: 3s - batch_cost: 0.0146 - reader cost: 1.3325e-04
148/348 [===========>..................] - ETA: 2s - batch_cost: 0.0145 - reader cost: 1.2875e-04
152/348 [============>.................] - ETA: 2s - batch_cost: 0.0144 - reader cost: 1.3194e-04
156/348 [============>.................] - ETA: 2s - batch_cost: 0.0144 - reader cost: 1.3500e-04
160/348 [============>.................] - ETA: 2s - batch_cost: 0.0143 - reader cost: 1.3162e-04
164/348 [=============>................] - ETA: 2s - batch_cost: 0.0144 - reader cost: 1.2841e-04
169/348 [=============>................] - ETA: 2s - batch_cost: 0.0143 - reader cost: 1.2462e-04
174/348 [==============>...............] - ETA: 2s - batch_cost: 0.0142 - reader cost: 1.2103e-04
178/348 [==============>...............] - ETA: 2s - batch_cost: 0.0142 - reader cost: 1.1831e-04
183/348 [==============>...............] - ETA: 2s - batch_cost: 0.0141 - reader cost: 1.1508e-04
188/348 [===============>..............] - ETA: 2s - batch_cost: 0.0141 - reader cost: 1.1736e-04
193/348 [===============>..............] - ETA: 2s - batch_cost: 0.0140 - reader cost: 1.1432e-04
198/348 [================>.............] - ETA: 2s - batch_cost: 0.0139 - reader cost: 1.1144e-04
203/348 [================>.............] - ETA: 2s - batch_cost: 0.0139 - reader cost: 1.0869e-04
208/348 [================>.............] - ETA: 1s - batch_cost: 0.0138 - reader cost: 1.0608e-04
212/348 [=================>............] - ETA: 1s - batch_cost: 0.0138 - reader cost: 1.0408e-04
216/348 [=================>............] - ETA: 1s - batch_cost: 0.0138 - reader cost: 1.0215e-04
220/348 [=================>............] - ETA: 1s - batch_cost: 0.0138 - reader cost: 1.0029e-04
224/348 [==================>...........] - ETA: 1s - batch_cost: 0.0138 - reader cost: 9.8502e-05
228/348 [==================>...........] - ETA: 1s - batch_cost: 0.0138 - reader cost: 9.6774e-05
232/348 [===================>..........] - ETA: 1s - batch_cost: 0.0138 - reader cost: 9.7323e-05
237/348 [===================>..........] - ETA: 1s - batch_cost: 0.0138 - reader cost: 9.5270e-05
241/348 [===================>..........] - ETA: 1s - batch_cost: 0.0138 - reader cost: 9.3689e-05
246/348 [====================>.........] - ETA: 1s - batch_cost: 0.0137 - reader cost: 9.1784e-05
250/348 [====================>.........] - ETA: 1s - batch_cost: 0.0138 - reader cost: 9.4321e-05
253/348 [====================>.........] - ETA: 1s - batch_cost: 0.0138 - reader cost: 9.3203e-05
256/348 [=====================>........] - ETA: 1s - batch_cost: 0.0138 - reader cost: 9.2111e-05
260/348 [=====================>........] - ETA: 1s - batch_cost: 0.0139 - reader cost: 9.4536e-05
265/348 [=====================>........] - ETA: 1s - batch_cost: 0.0138 - reader cost: 9.8433e-05
270/348 [======================>.......] - ETA: 1s - batch_cost: 0.0138 - reader cost: 9.6610e-05
275/348 [======================>.......] - ETA: 1s - batch_cost: 0.0137 - reader cost: 9.4853e-05
279/348 [=======================>......] - ETA: 0s - batch_cost: 0.0137 - reader cost: 9.3493e-05
284/348 [=======================>......] - ETA: 0s - batch_cost: 0.0137 - reader cost: 9.1847e-05
289/348 [=======================>......] - ETA: 0s - batch_cost: 0.0137 - reader cost: 9.0258e-05
294/348 [========================>.....] - ETA: 0s - batch_cost: 0.0137 - reader cost: 8.8723e-05
299/348 [========================>.....] - ETA: 0s - batch_cost: 0.0136 - reader cost: 9.0582e-05
304/348 [=========================>....] - ETA: 0s - batch_cost: 0.0136 - reader cost: 8.9092e-05
309/348 [=========================>....] - ETA: 0s - batch_cost: 0.0136 - reader cost: 9.0881e-05
314/348 [==========================>...] - ETA: 0s - batch_cost: 0.0135 - reader cost: 8.9434e-05
319/348 [==========================>...] - ETA: 0s - batch_cost: 0.0135 - reader cost: 8.8032e-05
323/348 [==========================>...] - ETA: 0s - batch_cost: 0.0135 - reader cost: 8.8505e-05
328/348 [===========================>..] - ETA: 0s - batch_cost: 0.0135 - reader cost: 9.0204e-05
332/348 [===========================>..] - ETA: 0s - batch_cost: 0.0135 - reader cost: 8.9118e-05
335/348 [===========================>..] - ETA: 0s - batch_cost: 0.0135 - reader cost: 8.8319e-05
339/348 [============================>.] - ETA: 0s - batch_cost: 0.0135 - reader cost: 8.7277e-05
343/348 [============================>.] - ETA: 0s - batch_cost: 0.0135 - reader cost: 8.6260e-05
348/348 [==============================] - 5s 14ms/step - batch_cost: 0.0134 - reader cost: 8.7893e-05

  1/348 [..............................] - ETA: 8s - batch_cost: 0.0238 - reader cost: 0.0075
  5/348 [..............................] - ETA: 5s - batch_cost: 0.0168 - reader cost: 0.0015
  9/348 [..............................] - ETA: 5s - batch_cost: 0.0154 - reader cost: 8.3399e-04
 13/348 [>.............................] - ETA: 5s - batch_cost: 0.0152 - reader cost: 5.7738e-04
 17/348 [>.............................] - ETA: 5s - batch_cost: 0.0150 - reader cost: 4.4152e-04
 21/348 [>.............................] - ETA: 4s - batch_cost: 0.0146 - reader cost: 3.5742e-04
 25/348 [=>............................] - ETA: 4s - batch_cost: 0.0147 - reader cost: 3.0024e-04
 29/348 [=>............................] - ETA: 4s - batch_cost: 0.0146 - reader cost: 2.5882e-04
 34/348 [=>............................] - ETA: 4s - batch_cost: 0.0142 - reader cost: 2.5030e-04
 38/348 [==>...........................] - ETA: 4s - batch_cost: 0.0141 - reader cost: 2.2395e-04
 42/348 [==>...........................] - ETA: 4s - batch_cost: 0.0139 - reader cost: 2.0262e-04
 46/348 [==>...........................] - ETA: 4s - batch_cost: 0.0140 - reader cost: 1.8500e-04
 50/348 [===>..........................] - ETA: 4s - batch_cost: 0.0141 - reader cost: 1.9017e-04
 54/348 [===>..........................] - ETA: 4s - batch_cost: 0.0141 - reader cost: 1.9460e-04
 58/348 [====>.........................] - ETA: 4s - batch_cost: 0.0140 - reader cost: 1.8118e-04
 63/348 [====>.........................] - ETA: 3s - batch_cost: 0.0138 - reader cost: 1.6680e-04
 68/348 [====>.........................] - ETA: 3s - batch_cost: 0.0137 - reader cost: 1.5453e-04
 73/348 [=====>........................] - ETA: 3s - batch_cost: 0.0135 - reader cost: 1.5765e-04
 77/348 [=====>........................] - ETA: 3s - batch_cost: 0.0135 - reader cost: 1.4946e-04
 81/348 [=====>........................] - ETA: 3s - batch_cost: 0.0135 - reader cost: 1.5448e-04
 86/348 [======>.......................] - ETA: 3s - batch_cost: 0.0134 - reader cost: 1.4550e-04
 91/348 [======>.......................] - ETA: 3s - batch_cost: 0.0133 - reader cost: 1.3750e-04
 95/348 [=======>......................] - ETA: 3s - batch_cost: 0.0133 - reader cost: 1.3171e-04
100/348 [=======>......................] - ETA: 3s - batch_cost: 0.0132 - reader cost: 1.2513e-04
104/348 [=======>......................] - ETA: 3s - batch_cost: 0.0132 - reader cost: 1.2032e-04
109/348 [========>.....................] - ETA: 3s - batch_cost: 0.0132 - reader cost: 1.1480e-04
113/348 [========>.....................] - ETA: 3s - batch_cost: 0.0132 - reader cost: 1.1073e-04
117/348 [=========>....................] - ETA: 3s - batch_cost: 0.0132 - reader cost: 1.0695e-04
122/348 [=========>....................] - ETA: 3s - batch_cost: 0.0132 - reader cost: 1.0256e-04
127/348 [=========>....................] - ETA: 2s - batch_cost: 0.0131 - reader cost: 9.8527e-05
131/348 [==========>...................] - ETA: 2s - batch_cost: 0.0131 - reader cost: 9.5518e-05
135/348 [==========>...................] - ETA: 2s - batch_cost: 0.0131 - reader cost: 9.2688e-05
139/348 [==========>...................] - ETA: 2s - batch_cost: 0.0131 - reader cost: 9.0021e-05
143/348 [===========>..................] - ETA: 2s - batch_cost: 0.0132 - reader cost: 8.7503e-05
147/348 [===========>..................] - ETA: 2s - batch_cost: 0.0132 - reader cost: 8.5122e-05
151/348 [============>.................] - ETA: 2s - batch_cost: 0.0132 - reader cost: 8.2867e-05
155/348 [============>.................] - ETA: 2s - batch_cost: 0.0132 - reader cost: 8.0729e-05
160/348 [============>.................] - ETA: 2s - batch_cost: 0.0131 - reader cost: 8.4470e-05
163/348 [=============>................] - ETA: 2s - batch_cost: 0.0132 - reader cost: 8.2916e-05
166/348 [=============>................] - ETA: 2s - batch_cost: 0.0134 - reader cost: 8.7438e-05
169/348 [=============>................] - ETA: 2s - batch_cost: 0.0134 - reader cost: 8.5886e-05
172/348 [=============>................] - ETA: 2s - batch_cost: 0.0135 - reader cost: 8.8043e-05
175/348 [==============>...............] - ETA: 2s - batch_cost: 0.0137 - reader cost: 8.6534e-05
179/348 [==============>...............] - ETA: 2s - batch_cost: 0.0137 - reader cost: 8.4600e-05
183/348 [==============>...............] - ETA: 2s - batch_cost: 0.0138 - reader cost: 8.2751e-05
187/348 [===============>..............] - ETA: 2s - batch_cost: 0.0138 - reader cost: 8.0981e-05
191/348 [===============>..............] - ETA: 2s - batch_cost: 0.0139 - reader cost: 7.9285e-05
195/348 [===============>..............] - ETA: 2s - batch_cost: 0.0139 - reader cost: 7.7658e-05
200/348 [================>.............] - ETA: 2s - batch_cost: 0.0138 - reader cost: 7.5717e-05
204/348 [================>.............] - ETA: 2s - batch_cost: 0.0139 - reader cost: 7.4232e-05
208/348 [================>.............] - ETA: 1s - batch_cost: 0.0138 - reader cost: 7.7613e-05
213/348 [=================>............] - ETA: 1s - batch_cost: 0.0138 - reader cost: 7.5791e-05
218/348 [=================>............] - ETA: 1s - batch_cost: 0.0137 - reader cost: 7.4053e-05
223/348 [==================>...........] - ETA: 1s - batch_cost: 0.0137 - reader cost: 7.2393e-05
228/348 [==================>...........] - ETA: 1s - batch_cost: 0.0136 - reader cost: 7.0805e-05
232/348 [===================>..........] - ETA: 1s - batch_cost: 0.0136 - reader cost: 6.9584e-05
236/348 [===================>..........] - ETA: 1s - batch_cost: 0.0136 - reader cost: 6.8405e-05
239/348 [===================>..........] - ETA: 1s - batch_cost: 0.0137 - reader cost: 6.7546e-05
243/348 [===================>..........] - ETA: 1s - batch_cost: 0.0137 - reader cost: 6.6434e-05
247/348 [====================>.........] - ETA: 1s - batch_cost: 0.0137 - reader cost: 6.5359e-05
251/348 [====================>.........] - ETA: 1s - batch_cost: 0.0137 - reader cost: 6.4317e-05
255/348 [====================>.........] - ETA: 1s - batch_cost: 0.0137 - reader cost: 6.7227e-05
259/348 [=====================>........] - ETA: 1s - batch_cost: 0.0137 - reader cost: 7.0051e-05
263/348 [=====================>........] - ETA: 1s - batch_cost: 0.0137 - reader cost: 6.8985e-05
268/348 [======================>.......] - ETA: 1s - batch_cost: 0.0137 - reader cost: 6.7698e-05
272/348 [======================>.......] - ETA: 1s - batch_cost: 0.0137 - reader cost: 7.2233e-05
276/348 [======================>.......] - ETA: 1s - batch_cost: 0.0137 - reader cost: 7.1186e-05
280/348 [=======================>......] - ETA: 0s - batch_cost: 0.0137 - reader cost: 7.3738e-05
284/348 [=======================>......] - ETA: 0s - batch_cost: 0.0137 - reader cost: 7.2699e-05
288/348 [=======================>......] - ETA: 0s - batch_cost: 0.0137 - reader cost: 7.1689e-05
292/348 [========================>.....] - ETA: 0s - batch_cost: 0.0137 - reader cost: 7.9323e-05
296/348 [========================>.....] - ETA: 0s - batch_cost: 0.0137 - reader cost: 8.0682e-05
300/348 [========================>.....] - ETA: 0s - batch_cost: 0.0137 - reader cost: 7.9606e-05
304/348 [=========================>....] - ETA: 0s - batch_cost: 0.0137 - reader cost: 8.1848e-05
308/348 [=========================>....] - ETA: 0s - batch_cost: 0.0137 - reader cost: 8.0785e-05
312/348 [=========================>....] - ETA: 0s - batch_cost: 0.0137 - reader cost: 7.9749e-05
317/348 [==========================>...] - ETA: 0s - batch_cost: 0.0137 - reader cost: 7.8492e-05
322/348 [==========================>...] - ETA: 0s - batch_cost: 0.0136 - reader cost: 8.1942e-05
326/348 [===========================>..] - ETA: 0s - batch_cost: 0.0136 - reader cost: 8.0937e-05
330/348 [===========================>..] - ETA: 0s - batch_cost: 0.0136 - reader cost: 7.9955e-05
334/348 [===========================>..] - ETA: 0s - batch_cost: 0.0136 - reader cost: 7.8998e-05
338/348 [============================>.] - ETA: 0s - batch_cost: 0.0136 - reader cost: 7.8063e-05
342/348 [============================>.] - ETA: 0s - batch_cost: 0.0136 - reader cost: 7.7150e-05
348/348 [==============================] - 5s 14ms/step - batch_cost: 0.0135 - reader cost: 7.5820e-05

  1/348 [..............................] - ETA: 8s - batch_cost: 0.0236 - reader cost: 0.0080
  5/348 [..............................] - ETA: 5s - batch_cost: 0.0162 - reader cost: 0.0016
  9/348 [..............................] - ETA: 5s - batch_cost: 0.0151 - reader cost: 8.9100e-04
 13/348 [>.............................] - ETA: 4s - batch_cost: 0.0145 - reader cost: 6.1684e-04
 17/348 [>.............................] - ETA: 4s - batch_cost: 0.0143 - reader cost: 5.3054e-04
 21/348 [>.............................] - ETA: 4s - batch_cost: 0.0145 - reader cost: 4.2948e-04
 25/348 [=>............................] - ETA: 4s - batch_cost: 0.0145 - reader cost: 3.6077e-04
 29/348 [=>............................] - ETA: 4s - batch_cost: 0.0145 - reader cost: 3.1100e-04
 33/348 [=>............................] - ETA: 4s - batch_cost: 0.0143 - reader cost: 2.7331e-04
 37/348 [==>...........................] - ETA: 4s - batch_cost: 0.0142 - reader cost: 2.4376e-04
 41/348 [==>...........................] - ETA: 4s - batch_cost: 0.0143 - reader cost: 2.1998e-04
 45/348 [==>...........................] - ETA: 4s - batch_cost: 0.0142 - reader cost: 2.0043e-04
 49/348 [===>..........................] - ETA: 4s - batch_cost: 0.0143 - reader cost: 2.0449e-04
 54/348 [===>..........................] - ETA: 4s - batch_cost: 0.0140 - reader cost: 1.9507e-04
 58/348 [====>.........................] - ETA: 4s - batch_cost: 0.0141 - reader cost: 1.9887e-04
 63/348 [====>.........................] - ETA: 4s - batch_cost: 0.0140 - reader cost: 1.8308e-04
 67/348 [====>.........................] - ETA: 3s - batch_cost: 0.0139 - reader cost: 1.7215e-04
 71/348 [=====>........................] - ETA: 3s - batch_cost: 0.0139 - reader cost: 1.7654e-04
 75/348 [=====>........................] - ETA: 3s - batch_cost: 0.0139 - reader cost: 1.8046e-04
 79/348 [=====>........................] - ETA: 3s - batch_cost: 0.0138 - reader cost: 1.7133e-04
 83/348 [======>.......................] - ETA: 3s - batch_cost: 0.0138 - reader cost: 1.7513e-04
 88/348 [======>.......................] - ETA: 3s - batch_cost: 0.0136 - reader cost: 1.7655e-04
 92/348 [======>.......................] - ETA: 3s - batch_cost: 0.0136 - reader cost: 1.6887e-04
 96/348 [=======>......................] - ETA: 3s - batch_cost: 0.0136 - reader cost: 1.6184e-04
100/348 [=======>......................] - ETA: 3s - batch_cost: 0.0136 - reader cost: 1.5536e-04
105/348 [========>.....................] - ETA: 3s - batch_cost: 0.0134 - reader cost: 1.4796e-04
110/348 [========>.....................] - ETA: 3s - batch_cost: 0.0134 - reader cost: 1.4124e-04
114/348 [========>.....................] - ETA: 3s - batch_cost: 0.0133 - reader cost: 1.3628e-04
119/348 [=========>....................] - ETA: 3s - batch_cost: 0.0133 - reader cost: 1.4736e-04
123/348 [=========>....................] - ETA: 3s - batch_cost: 0.0133 - reader cost: 1.4257e-04
127/348 [=========>....................] - ETA: 2s - batch_cost: 0.0133 - reader cost: 1.3808e-04
131/348 [==========>...................] - ETA: 2s - batch_cost: 0.0133 - reader cost: 1.3387e-04
135/348 [==========>...................] - ETA: 2s - batch_cost: 0.0134 - reader cost: 1.2990e-04
139/348 [==========>...................] - ETA: 2s - batch_cost: 0.0134 - reader cost: 1.2616e-04
143/348 [===========>..................] - ETA: 2s - batch_cost: 0.0134 - reader cost: 1.3316e-04
146/348 [===========>..................] - ETA: 2s - batch_cost: 0.0136 - reader cost: 1.3042e-04
149/348 [===========>..................] - ETA: 2s - batch_cost: 0.0137 - reader cost: 1.2779e-04
152/348 [============>.................] - ETA: 2s - batch_cost: 0.0138 - reader cost: 1.2527e-04
155/348 [============>.................] - ETA: 2s - batch_cost: 0.0139 - reader cost: 1.2285e-04
158/348 [============>.................] - ETA: 2s - batch_cost: 0.0140 - reader cost: 1.2051e-04
162/348 [============>.................] - ETA: 2s - batch_cost: 0.0140 - reader cost: 1.1754e-04
166/348 [=============>................] - ETA: 2s - batch_cost: 0.0140 - reader cost: 1.1471e-04
170/348 [=============>................] - ETA: 2s - batch_cost: 0.0141 - reader cost: 1.2964e-04
174/348 [==============>...............] - ETA: 2s - batch_cost: 0.0141 - reader cost: 1.2666e-04
178/348 [==============>...............] - ETA: 2s - batch_cost: 0.0141 - reader cost: 1.2381e-04
182/348 [==============>...............] - ETA: 2s - batch_cost: 0.0141 - reader cost: 1.2109e-04
187/348 [===============>..............] - ETA: 2s - batch_cost: 0.0140 - reader cost: 1.1785e-04
191/348 [===============>..............] - ETA: 2s - batch_cost: 0.0140 - reader cost: 1.1538e-04
196/348 [===============>..............] - ETA: 2s - batch_cost: 0.0139 - reader cost: 1.1244e-04
200/348 [================>.............] - ETA: 2s - batch_cost: 0.0139 - reader cost: 1.1019e-04
204/348 [================>.............] - ETA: 2s - batch_cost: 0.0139 - reader cost: 1.0803e-04
209/348 [=================>............] - ETA: 1s - batch_cost: 0.0138 - reader cost: 1.0544e-04
214/348 [=================>............] - ETA: 1s - batch_cost: 0.0138 - reader cost: 1.1001e-04
219/348 [=================>............] - ETA: 1s - batch_cost: 0.0137 - reader cost: 1.0750e-04
224/348 [==================>...........] - ETA: 1s - batch_cost: 0.0137 - reader cost: 1.0510e-04
228/348 [==================>...........] - ETA: 1s - batch_cost: 0.0137 - reader cost: 1.0326e-04
233/348 [===================>..........] - ETA: 1s - batch_cost: 0.0137 - reader cost: 1.0104e-04
237/348 [===================>..........] - ETA: 1s - batch_cost: 0.0137 - reader cost: 9.9335e-05
240/348 [===================>..........] - ETA: 1s - batch_cost: 0.0137 - reader cost: 9.8093e-05
244/348 [====================>.........] - ETA: 1s - batch_cost: 0.0137 - reader cost: 9.6485e-05
248/348 [====================>.........] - ETA: 1s - batch_cost: 0.0137 - reader cost: 9.4929e-05
252/348 [====================>.........] - ETA: 1s - batch_cost: 0.0137 - reader cost: 9.3422e-05
256/348 [=====================>........] - ETA: 1s - batch_cost: 0.0137 - reader cost: 9.1963e-05
260/348 [=====================>........] - ETA: 1s - batch_cost: 0.0137 - reader cost: 9.4395e-05
264/348 [=====================>........] - ETA: 1s - batch_cost: 0.0137 - reader cost: 9.2965e-05
268/348 [======================>.......] - ETA: 1s - batch_cost: 0.0137 - reader cost: 9.1578e-05
272/348 [======================>.......] - ETA: 1s - batch_cost: 0.0137 - reader cost: 9.0231e-05
276/348 [======================>.......] - ETA: 0s - batch_cost: 0.0137 - reader cost: 8.8923e-05
280/348 [=======================>......] - ETA: 0s - batch_cost: 0.0137 - reader cost: 8.7653e-05
284/348 [=======================>......] - ETA: 0s - batch_cost: 0.0137 - reader cost: 8.6418e-05
288/348 [=======================>......] - ETA: 0s - batch_cost: 0.0137 - reader cost: 8.5218e-05
292/348 [========================>.....] - ETA: 0s - batch_cost: 0.0137 - reader cost: 8.4051e-05
296/348 [========================>.....] - ETA: 0s - batch_cost: 0.0136 - reader cost: 8.2915e-05
301/348 [========================>.....] - ETA: 0s - batch_cost: 0.0136 - reader cost: 8.1538e-05
306/348 [=========================>....] - ETA: 0s - batch_cost: 0.0136 - reader cost: 8.0205e-05
310/348 [=========================>....] - ETA: 0s - batch_cost: 0.0136 - reader cost: 7.9170e-05
315/348 [==========================>...] - ETA: 0s - batch_cost: 0.0135 - reader cost: 8.1088e-05
320/348 [==========================>...] - ETA: 0s - batch_cost: 0.0135 - reader cost: 7.9821e-05
325/348 [===========================>..] - ETA: 0s - batch_cost: 0.0135 - reader cost: 7.8593e-05
329/348 [===========================>..] - ETA: 0s - batch_cost: 0.0135 - reader cost: 8.0676e-05
333/348 [===========================>..] - ETA: 0s - batch_cost: 0.0135 - reader cost: 7.9707e-05
337/348 [============================>.] - ETA: 0s - batch_cost: 0.0135 - reader cost: 7.8761e-05
341/348 [============================>.] - ETA: 0s - batch_cost: 0.0135 - reader cost: 7.7837e-05
346/348 [============================>.] - ETA: 0s - batch_cost: 0.0134 - reader cost: 7.9603e-05
348/348 [==============================] - 5s 14ms/step - batch_cost: 0.0134 - reader cost: 8.2034e-05

  1/348 [..............................] - ETA: 10s - batch_cost: 0.0311 - reader cost: 0.0113
  5/348 [..............................] - ETA: 5s - batch_cost: 0.0167 - reader cost: 0.0023 
 10/348 [..............................] - ETA: 4s - batch_cost: 0.0141 - reader cost: 0.0011
 14/348 [>.............................] - ETA: 4s - batch_cost: 0.0142 - reader cost: 8.0436e-04
 18/348 [>.............................] - ETA: 4s - batch_cost: 0.0141 - reader cost: 6.2561e-04
 21/348 [>.............................] - ETA: 4s - batch_cost: 0.0147 - reader cost: 5.3624e-04
 25/348 [=>............................] - ETA: 4s - batch_cost: 0.0147 - reader cost: 4.9044e-04
 29/348 [=>............................] - ETA: 4s - batch_cost: 0.0148 - reader cost: 4.2279e-04
 33/348 [=>............................] - ETA: 4s - batch_cost: 0.0147 - reader cost: 3.7154e-04
 38/348 [==>...........................] - ETA: 4s - batch_cost: 0.0143 - reader cost: 3.2266e-04
 43/348 [==>...........................] - ETA: 4s - batch_cost: 0.0141 - reader cost: 2.8514e-04
 47/348 [===>..........................] - ETA: 4s - batch_cost: 0.0140 - reader cost: 2.6087e-04
 51/348 [===>..........................] - ETA: 4s - batch_cost: 0.0139 - reader cost: 2.4041e-04
 55/348 [===>..........................] - ETA: 4s - batch_cost: 0.0140 - reader cost: 2.2293e-04
 59/348 [====>.........................] - ETA: 4s - batch_cost: 0.0140 - reader cost: 2.0781e-04
 64/348 [====>.........................] - ETA: 3s - batch_cost: 0.0137 - reader cost: 1.9158e-04
 69/348 [====>.........................] - ETA: 3s - batch_cost: 0.0135 - reader cost: 1.7769e-04
 74/348 [=====>........................] - ETA: 3s - batch_cost: 0.0133 - reader cost: 1.6569e-04
 79/348 [=====>........................] - ETA: 3s - batch_cost: 0.0132 - reader cost: 1.5520e-04
 84/348 [======>.......................] - ETA: 3s - batch_cost: 0.0131 - reader cost: 1.4596e-04
 89/348 [======>.......................] - ETA: 3s - batch_cost: 0.0130 - reader cost: 1.3776e-04
 93/348 [=======>......................] - ETA: 3s - batch_cost: 0.0130 - reader cost: 1.3184e-04
 96/348 [=======>......................] - ETA: 3s - batch_cost: 0.0131 - reader cost: 1.2772e-04
 99/348 [=======>......................] - ETA: 3s - batch_cost: 0.0132 - reader cost: 1.2385e-04
103/348 [=======>......................] - ETA: 3s - batch_cost: 0.0132 - reader cost: 1.1904e-04
107/348 [========>.....................] - ETA: 3s - batch_cost: 0.0132 - reader cost: 1.1459e-04
112/348 [========>.....................] - ETA: 3s - batch_cost: 0.0132 - reader cost: 1.0947e-04
116/348 [=========>....................] - ETA: 3s - batch_cost: 0.0131 - reader cost: 1.0570e-04
121/348 [=========>....................] - ETA: 3s - batch_cost: 0.0130 - reader cost: 1.0961e-04
126/348 [=========>....................] - ETA: 2s - batch_cost: 0.0129 - reader cost: 1.0526e-04
131/348 [==========>...................] - ETA: 2s - batch_cost: 0.0129 - reader cost: 1.0887e-04
135/348 [==========>...................] - ETA: 2s - batch_cost: 0.0129 - reader cost: 1.0564e-04
139/348 [==========>...................] - ETA: 2s - batch_cost: 0.0129 - reader cost: 1.0260e-04
142/348 [===========>..................] - ETA: 2s - batch_cost: 0.0130 - reader cost: 1.0044e-04
146/348 [===========>..................] - ETA: 2s - batch_cost: 0.0130 - reader cost: 1.0801e-04
150/348 [===========>..................] - ETA: 2s - batch_cost: 0.0130 - reader cost: 1.0513e-04
154/348 [============>.................] - ETA: 2s - batch_cost: 0.0131 - reader cost: 1.0568e-04
158/348 [============>.................] - ETA: 2s - batch_cost: 0.0130 - reader cost: 1.0300e-04
163/348 [=============>................] - ETA: 2s - batch_cost: 0.0130 - reader cost: 9.9843e-05
168/348 [=============>................] - ETA: 2s - batch_cost: 0.0129 - reader cost: 9.6872e-05
173/348 [=============>................] - ETA: 2s - batch_cost: 0.0128 - reader cost: 9.4072e-05
178/348 [==============>...............] - ETA: 2s - batch_cost: 0.0128 - reader cost: 9.1430e-05
183/348 [==============>...............] - ETA: 2s - batch_cost: 0.0127 - reader cost: 9.4388e-05
188/348 [===============>..............] - ETA: 2s - batch_cost: 0.0127 - reader cost: 9.1877e-05
191/348 [===============>..............] - ETA: 2s - batch_cost: 0.0128 - reader cost: 9.0434e-05
195/348 [===============>..............] - ETA: 1s - batch_cost: 0.0129 - reader cost: 8.8579e-05
199/348 [================>.............] - ETA: 1s - batch_cost: 0.0129 - reader cost: 8.6799e-05
202/348 [================>.............] - ETA: 1s - batch_cost: 0.0130 - reader cost: 8.9078e-05
206/348 [================>.............] - ETA: 1s - batch_cost: 0.0130 - reader cost: 8.7348e-05
210/348 [=================>............] - ETA: 1s - batch_cost: 0.0130 - reader cost: 9.0416e-05
214/348 [=================>............] - ETA: 1s - batch_cost: 0.0130 - reader cost: 8.8726e-05
218/348 [=================>............] - ETA: 1s - batch_cost: 0.0130 - reader cost: 9.1722e-05
222/348 [==================>...........] - ETA: 1s - batch_cost: 0.0130 - reader cost: 9.0070e-05
227/348 [==================>...........] - ETA: 1s - batch_cost: 0.0130 - reader cost: 8.8086e-05
232/348 [===================>..........] - ETA: 1s - batch_cost: 0.0130 - reader cost: 8.6187e-05
237/348 [===================>..........] - ETA: 1s - batch_cost: 0.0129 - reader cost: 8.8586e-05
242/348 [===================>..........] - ETA: 1s - batch_cost: 0.0129 - reader cost: 8.6756e-05
247/348 [====================>.........] - ETA: 1s - batch_cost: 0.0129 - reader cost: 8.5000e-05
252/348 [====================>.........] - ETA: 1s - batch_cost: 0.0128 - reader cost: 8.3313e-05
256/348 [=====================>........] - ETA: 1s - batch_cost: 0.0128 - reader cost: 8.5929e-05
261/348 [=====================>........] - ETA: 1s - batch_cost: 0.0128 - reader cost: 8.4283e-05
266/348 [=====================>........] - ETA: 1s - batch_cost: 0.0128 - reader cost: 8.2699e-05
271/348 [======================>.......] - ETA: 0s - batch_cost: 0.0128 - reader cost: 8.1173e-05
276/348 [======================>.......] - ETA: 0s - batch_cost: 0.0127 - reader cost: 7.9703e-05
280/348 [=======================>......] - ETA: 0s - batch_cost: 0.0128 - reader cost: 7.8564e-05
284/348 [=======================>......] - ETA: 0s - batch_cost: 0.0128 - reader cost: 7.7457e-05
288/348 [=======================>......] - ETA: 0s - batch_cost: 0.0128 - reader cost: 7.6382e-05
292/348 [========================>.....] - ETA: 0s - batch_cost: 0.0128 - reader cost: 7.5335e-05
296/348 [========================>.....] - ETA: 0s - batch_cost: 0.0128 - reader cost: 7.4317e-05
301/348 [========================>.....] - ETA: 0s - batch_cost: 0.0128 - reader cost: 7.3083e-05
306/348 [=========================>....] - ETA: 0s - batch_cost: 0.0127 - reader cost: 7.1889e-05
310/348 [=========================>....] - ETA: 0s - batch_cost: 0.0127 - reader cost: 7.0961e-05
315/348 [==========================>...] - ETA: 0s - batch_cost: 0.0127 - reader cost: 6.9835e-05
320/348 [==========================>...] - ETA: 0s - batch_cost: 0.0127 - reader cost: 6.8744e-05
324/348 [==========================>...] - ETA: 0s - batch_cost: 0.0127 - reader cost: 6.7895e-05
329/348 [===========================>..] - ETA: 0s - batch_cost: 0.0127 - reader cost: 6.6863e-05
334/348 [===========================>..] - ETA: 0s - batch_cost: 0.0126 - reader cost: 6.5862e-05
339/348 [============================>.] - ETA: 0s - batch_cost: 0.0126 - reader cost: 6.4891e-05
344/348 [============================>.] - ETA: 0s - batch_cost: 0.0126 - reader cost: 6.3947e-05
348/348 [==============================] - 4s 13ms/step - batch_cost: 0.0126 - reader cost: 6.3212e-05

  1/348 [..............................] - ETA: 6s - batch_cost: 0.0195 - reader cost: 0.0075
  5/348 [..............................] - ETA: 5s - batch_cost: 0.0155 - reader cost: 0.0015
 10/348 [..............................] - ETA: 4s - batch_cost: 0.0134 - reader cost: 7.5085e-04
 15/348 [>.............................] - ETA: 4s - batch_cost: 0.0126 - reader cost: 5.0057e-04
 20/348 [>.............................] - ETA: 4s - batch_cost: 0.0121 - reader cost: 3.7543e-04
 25/348 [=>............................] - ETA: 3s - batch_cost: 0.0120 - reader cost: 3.0034e-04
 30/348 [=>............................] - ETA: 3s - batch_cost: 0.0120 - reader cost: 3.1713e-04
 34/348 [=>............................] - ETA: 3s - batch_cost: 0.0121 - reader cost: 2.7982e-04
 39/348 [==>...........................] - ETA: 3s - batch_cost: 0.0120 - reader cost: 2.4394e-04
 44/348 [==>...........................] - ETA: 3s - batch_cost: 0.0119 - reader cost: 2.1622e-04
 49/348 [===>..........................] - ETA: 3s - batch_cost: 0.0118 - reader cost: 2.1459e-04
 54/348 [===>..........................] - ETA: 3s - batch_cost: 0.0117 - reader cost: 1.9472e-04
 59/348 [====>.........................] - ETA: 3s - batch_cost: 0.0117 - reader cost: 1.7822e-04
 64/348 [====>.........................] - ETA: 3s - batch_cost: 0.0116 - reader cost: 1.6429e-04
 69/348 [====>.........................] - ETA: 3s - batch_cost: 0.0116 - reader cost: 1.5239e-04
 73/348 [=====>........................] - ETA: 3s - batch_cost: 0.0117 - reader cost: 1.4404e-04
 77/348 [=====>........................] - ETA: 3s - batch_cost: 0.0119 - reader cost: 1.4953e-04
 81/348 [=====>........................] - ETA: 3s - batch_cost: 0.0119 - reader cost: 1.6072e-04
 85/348 [======>.......................] - ETA: 3s - batch_cost: 0.0120 - reader cost: 1.5316e-04
 90/348 [======>.......................] - ETA: 3s - batch_cost: 0.0120 - reader cost: 1.4465e-04
 94/348 [=======>......................] - ETA: 3s - batch_cost: 0.0121 - reader cost: 1.3849e-04
 98/348 [=======>......................] - ETA: 3s - batch_cost: 0.0121 - reader cost: 1.5322e-04
103/348 [=======>......................] - ETA: 3s - batch_cost: 0.0121 - reader cost: 1.4578e-04
107/348 [========>.....................] - ETA: 3s - batch_cost: 0.0122 - reader cost: 1.4033e-04
111/348 [========>.....................] - ETA: 2s - batch_cost: 0.0123 - reader cost: 1.4427e-04
116/348 [=========>....................] - ETA: 2s - batch_cost: 0.0123 - reader cost: 1.3805e-04
121/348 [=========>....................] - ETA: 2s - batch_cost: 0.0123 - reader cost: 1.3654e-04
126/348 [=========>....................] - ETA: 2s - batch_cost: 0.0122 - reader cost: 1.3112e-04
131/348 [==========>...................] - ETA: 2s - batch_cost: 0.0122 - reader cost: 1.2611e-04
136/348 [==========>...................] - ETA: 2s - batch_cost: 0.0122 - reader cost: 1.2148e-04
141/348 [===========>..................] - ETA: 2s - batch_cost: 0.0121 - reader cost: 1.1717e-04
146/348 [===========>..................] - ETA: 2s - batch_cost: 0.0121 - reader cost: 1.1316e-04
151/348 [============>.................] - ETA: 2s - batch_cost: 0.0120 - reader cost: 1.0941e-04
156/348 [============>.................] - ETA: 2s - batch_cost: 0.0120 - reader cost: 1.0590e-04
161/348 [============>.................] - ETA: 2s - batch_cost: 0.0120 - reader cost: 1.0261e-04
166/348 [=============>................] - ETA: 2s - batch_cost: 0.0120 - reader cost: 1.0555e-04
171/348 [=============>................] - ETA: 2s - batch_cost: 0.0119 - reader cost: 1.0246e-04
176/348 [==============>...............] - ETA: 2s - batch_cost: 0.0119 - reader cost: 9.9551e-05
181/348 [==============>...............] - ETA: 2s - batch_cost: 0.0119 - reader cost: 1.0846e-04
186/348 [===============>..............] - ETA: 1s - batch_cost: 0.0119 - reader cost: 1.1630e-04
191/348 [===============>..............] - ETA: 1s - batch_cost: 0.0119 - reader cost: 1.1326e-04
196/348 [===============>..............] - ETA: 1s - batch_cost: 0.0118 - reader cost: 1.1037e-04
200/348 [================>.............] - ETA: 1s - batch_cost: 0.0119 - reader cost: 1.0816e-04
204/348 [================>.............] - ETA: 1s - batch_cost: 0.0119 - reader cost: 1.0604e-04
208/348 [================>.............] - ETA: 1s - batch_cost: 0.0120 - reader cost: 1.0400e-04
211/348 [=================>............] - ETA: 1s - batch_cost: 0.0120 - reader cost: 1.0252e-04
215/348 [=================>............] - ETA: 1s - batch_cost: 0.0121 - reader cost: 1.0062e-04
219/348 [=================>............] - ETA: 1s - batch_cost: 0.0122 - reader cost: 9.8779e-05
222/348 [==================>...........] - ETA: 1s - batch_cost: 0.0122 - reader cost: 9.7444e-05
226/348 [==================>...........] - ETA: 1s - batch_cost: 0.0123 - reader cost: 9.5720e-05
230/348 [==================>...........] - ETA: 1s - batch_cost: 0.0123 - reader cost: 9.4055e-05
233/348 [===================>..........] - ETA: 1s - batch_cost: 0.0124 - reader cost: 9.7141e-05
237/348 [===================>..........] - ETA: 1s - batch_cost: 0.0124 - reader cost: 9.5501e-05
241/348 [===================>..........] - ETA: 1s - batch_cost: 0.0124 - reader cost: 9.3916e-05
245/348 [====================>.........] - ETA: 1s - batch_cost: 0.0124 - reader cost: 9.2383e-05
249/348 [====================>.........] - ETA: 1s - batch_cost: 0.0124 - reader cost: 9.0899e-05
253/348 [====================>.........] - ETA: 1s - batch_cost: 0.0124 - reader cost: 8.9462e-05
257/348 [=====================>........] - ETA: 1s - batch_cost: 0.0124 - reader cost: 8.8069e-05
262/348 [=====================>........] - ETA: 1s - batch_cost: 0.0124 - reader cost: 8.6389e-05
267/348 [======================>.......] - ETA: 1s - batch_cost: 0.0124 - reader cost: 8.4771e-05
272/348 [======================>.......] - ETA: 0s - batch_cost: 0.0124 - reader cost: 8.3212e-05
277/348 [======================>.......] - ETA: 0s - batch_cost: 0.0124 - reader cost: 8.1710e-05
282/348 [=======================>......] - ETA: 0s - batch_cost: 0.0124 - reader cost: 8.0262e-05
287/348 [=======================>......] - ETA: 0s - batch_cost: 0.0124 - reader cost: 7.8863e-05
292/348 [========================>.....] - ETA: 0s - batch_cost: 0.0123 - reader cost: 7.7513e-05
297/348 [========================>.....] - ETA: 0s - batch_cost: 0.0123 - reader cost: 7.6208e-05
302/348 [=========================>....] - ETA: 0s - batch_cost: 0.0123 - reader cost: 7.4946e-05
307/348 [=========================>....] - ETA: 0s - batch_cost: 0.0123 - reader cost: 7.3726e-05
311/348 [=========================>....] - ETA: 0s - batch_cost: 0.0123 - reader cost: 7.2777e-05
316/348 [==========================>...] - ETA: 0s - batch_cost: 0.0123 - reader cost: 7.4790e-05
321/348 [==========================>...] - ETA: 0s - batch_cost: 0.0123 - reader cost: 7.3625e-05
326/348 [===========================>..] - ETA: 0s - batch_cost: 0.0122 - reader cost: 7.8628e-05
331/348 [===========================>..] - ETA: 0s - batch_cost: 0.0122 - reader cost: 7.7440e-05
335/348 [===========================>..] - ETA: 0s - batch_cost: 0.0122 - reader cost: 7.6515e-05
339/348 [============================>.] - ETA: 0s - batch_cost: 0.0123 - reader cost: 7.5612e-05
343/348 [============================>.] - ETA: 0s - batch_cost: 0.0123 - reader cost: 7.7649e-05
348/348 [==============================] - 4s 12ms/step - batch_cost: 0.0122 - reader cost: 7.6533e-05

  1/348 [..............................] - ETA: 11s - batch_cost: 0.0339 - reader cost: 0.0133
  4/348 [..............................] - ETA: 7s - batch_cost: 0.0228 - reader cost: 0.0036 
  7/348 [..............................] - ETA: 7s - batch_cost: 0.0212 - reader cost: 0.0020
 10/348 [..............................] - ETA: 7s - batch_cost: 0.0205 - reader cost: 0.0014
 13/348 [>.............................] - ETA: 6s - batch_cost: 0.0202 - reader cost: 0.0011
 16/348 [>.............................] - ETA: 6s - batch_cost: 0.0196 - reader cost: 8.9522e-04
 19/348 [>.............................] - ETA: 6s - batch_cost: 0.0194 - reader cost: 8.0649e-04
 22/348 [>.............................] - ETA: 6s - batch_cost: 0.0190 - reader cost: 6.9652e-04
 25/348 [=>............................] - ETA: 6s - batch_cost: 0.0191 - reader cost: 6.1294e-04
 28/348 [=>............................] - ETA: 6s - batch_cost: 0.0193 - reader cost: 5.4726e-04
 31/348 [=>............................] - ETA: 6s - batch_cost: 0.0193 - reader cost: 4.9430e-04
 34/348 [=>............................] - ETA: 6s - batch_cost: 0.0191 - reader cost: 4.5069e-04
 37/348 [==>...........................] - ETA: 5s - batch_cost: 0.0189 - reader cost: 4.1415e-04
 40/348 [==>...........................] - ETA: 5s - batch_cost: 0.0190 - reader cost: 4.0808e-04
 43/348 [==>...........................] - ETA: 5s - batch_cost: 0.0190 - reader cost: 3.7961e-04
 46/348 [==>...........................] - ETA: 5s - batch_cost: 0.0189 - reader cost: 3.5485e-04
 49/348 [===>..........................] - ETA: 5s - batch_cost: 0.0189 - reader cost: 3.3313e-04
 52/348 [===>..........................] - ETA: 5s - batch_cost: 0.0189 - reader cost: 3.1391e-04
 55/348 [===>..........................] - ETA: 5s - batch_cost: 0.0188 - reader cost: 2.9679e-04
 58/348 [====>.........................] - ETA: 5s - batch_cost: 0.0187 - reader cost: 2.8144e-04
 62/348 [====>.........................] - ETA: 5s - batch_cost: 0.0185 - reader cost: 2.6328e-04
 65/348 [====>.........................] - ETA: 5s - batch_cost: 0.0185 - reader cost: 2.5113e-04
 68/348 [====>.........................] - ETA: 5s - batch_cost: 0.0185 - reader cost: 2.4005e-04
 71/348 [=====>........................] - ETA: 5s - batch_cost: 0.0184 - reader cost: 2.2991e-04
 74/348 [=====>........................] - ETA: 5s - batch_cost: 0.0184 - reader cost: 2.2059e-04
 77/348 [=====>........................] - ETA: 5s - batch_cost: 0.0184 - reader cost: 2.2498e-04
 80/348 [=====>........................] - ETA: 5s - batch_cost: 0.0184 - reader cost: 2.1654e-04
 84/348 [======>.......................] - ETA: 4s - batch_cost: 0.0183 - reader cost: 2.0623e-04
 87/348 [======>.......................] - ETA: 4s - batch_cost: 0.0182 - reader cost: 1.9912e-04
 90/348 [======>.......................] - ETA: 4s - batch_cost: 0.0182 - reader cost: 1.9248e-04
 93/348 [=======>......................] - ETA: 4s - batch_cost: 0.0182 - reader cost: 1.8627e-04
 97/348 [=======>......................] - ETA: 4s - batch_cost: 0.0181 - reader cost: 1.7859e-04
100/348 [=======>......................] - ETA: 4s - batch_cost: 0.0181 - reader cost: 1.7323e-04
103/348 [=======>......................] - ETA: 4s - batch_cost: 0.0180 - reader cost: 1.6819e-04
106/348 [========>.....................] - ETA: 4s - batch_cost: 0.0180 - reader cost: 1.7287e-04
109/348 [========>.....................] - ETA: 4s - batch_cost: 0.0180 - reader cost: 1.6811e-04
112/348 [========>.....................] - ETA: 4s - batch_cost: 0.0180 - reader cost: 1.6361e-04
115/348 [========>.....................] - ETA: 4s - batch_cost: 0.0179 - reader cost: 1.5934e-04
118/348 [=========>....................] - ETA: 4s - batch_cost: 0.0179 - reader cost: 1.6377e-04
121/348 [=========>....................] - ETA: 4s - batch_cost: 0.0180 - reader cost: 1.5971e-04
124/348 [=========>....................] - ETA: 4s - batch_cost: 0.0180 - reader cost: 1.5585e-04
127/348 [=========>....................] - ETA: 4s - batch_cost: 0.0180 - reader cost: 1.5217e-04
130/348 [==========>...................] - ETA: 3s - batch_cost: 0.0180 - reader cost: 1.4866e-04
133/348 [==========>...................] - ETA: 3s - batch_cost: 0.0180 - reader cost: 1.4530e-04
136/348 [==========>...................] - ETA: 3s - batch_cost: 0.0180 - reader cost: 1.4210e-04
140/348 [===========>..................] - ETA: 3s - batch_cost: 0.0179 - reader cost: 1.3804e-04
143/348 [===========>..................] - ETA: 3s - batch_cost: 0.0179 - reader cost: 1.3514e-04
147/348 [===========>..................] - ETA: 3s - batch_cost: 0.0178 - reader cost: 1.3146e-04
150/348 [===========>..................] - ETA: 3s - batch_cost: 0.0178 - reader cost: 1.2884e-04
153/348 [============>.................] - ETA: 3s - batch_cost: 0.0178 - reader cost: 1.2631e-04
156/348 [============>.................] - ETA: 3s - batch_cost: 0.0178 - reader cost: 1.3029e-04
160/348 [============>.................] - ETA: 3s - batch_cost: 0.0178 - reader cost: 1.3329e-04
164/348 [=============>................] - ETA: 3s - batch_cost: 0.0178 - reader cost: 1.3004e-04
168/348 [=============>................] - ETA: 3s - batch_cost: 0.0177 - reader cost: 1.2694e-04
172/348 [=============>................] - ETA: 3s - batch_cost: 0.0177 - reader cost: 1.2983e-04
176/348 [==============>...............] - ETA: 3s - batch_cost: 0.0177 - reader cost: 1.3260e-04
179/348 [==============>...............] - ETA: 3s - batch_cost: 0.0176 - reader cost: 1.3038e-04
182/348 [==============>...............] - ETA: 2s - batch_cost: 0.0176 - reader cost: 1.2823e-04
186/348 [===============>..............] - ETA: 2s - batch_cost: 0.0176 - reader cost: 1.2547e-04
189/348 [===============>..............] - ETA: 2s - batch_cost: 0.0176 - reader cost: 1.2348e-04
192/348 [===============>..............] - ETA: 2s - batch_cost: 0.0176 - reader cost: 1.2155e-04
195/348 [===============>..............] - ETA: 2s - batch_cost: 0.0176 - reader cost: 1.1968e-04
198/348 [================>.............] - ETA: 2s - batch_cost: 0.0176 - reader cost: 1.1786e-04
201/348 [================>.............] - ETA: 2s - batch_cost: 0.0176 - reader cost: 1.2111e-04
204/348 [================>.............] - ETA: 2s - batch_cost: 0.0176 - reader cost: 1.1933e-04
207/348 [================>.............] - ETA: 2s - batch_cost: 0.0177 - reader cost: 1.1760e-04
210/348 [=================>............] - ETA: 2s - batch_cost: 0.0177 - reader cost: 1.1592e-04
213/348 [=================>............] - ETA: 2s - batch_cost: 0.0177 - reader cost: 1.1429e-04
216/348 [=================>............] - ETA: 2s - batch_cost: 0.0177 - reader cost: 1.1270e-04
219/348 [=================>............] - ETA: 2s - batch_cost: 0.0177 - reader cost: 1.1115e-04
222/348 [==================>...........] - ETA: 2s - batch_cost: 0.0177 - reader cost: 1.0965e-04
225/348 [==================>...........] - ETA: 2s - batch_cost: 0.0177 - reader cost: 1.0819e-04
228/348 [==================>...........] - ETA: 2s - batch_cost: 0.0177 - reader cost: 1.0906e-04
231/348 [==================>...........] - ETA: 2s - batch_cost: 0.0177 - reader cost: 1.0764e-04
234/348 [===================>..........] - ETA: 2s - batch_cost: 0.0177 - reader cost: 1.0626e-04
237/348 [===================>..........] - ETA: 1s - batch_cost: 0.0177 - reader cost: 1.0492e-04
240/348 [===================>..........] - ETA: 1s - batch_cost: 0.0177 - reader cost: 1.0361e-04
243/348 [===================>..........] - ETA: 1s - batch_cost: 0.0177 - reader cost: 1.0233e-04
246/348 [====================>.........] - ETA: 1s - batch_cost: 0.0177 - reader cost: 1.0108e-04
249/348 [====================>.........] - ETA: 1s - batch_cost: 0.0177 - reader cost: 9.9862e-05
252/348 [====================>.........] - ETA: 1s - batch_cost: 0.0177 - reader cost: 9.8673e-05
255/348 [====================>.........] - ETA: 1s - batch_cost: 0.0177 - reader cost: 9.7512e-05
258/348 [=====================>........] - ETA: 1s - batch_cost: 0.0177 - reader cost: 9.6378e-05
261/348 [=====================>........] - ETA: 1s - batch_cost: 0.0178 - reader cost: 9.5271e-05
264/348 [=====================>........] - ETA: 1s - batch_cost: 0.0177 - reader cost: 9.4188e-05
267/348 [======================>.......] - ETA: 1s - batch_cost: 0.0177 - reader cost: 9.3130e-05
270/348 [======================>.......] - ETA: 1s - batch_cost: 0.0177 - reader cost: 9.2095e-05
274/348 [======================>.......] - ETA: 1s - batch_cost: 0.0177 - reader cost: 9.0750e-05
277/348 [======================>.......] - ETA: 1s - batch_cost: 0.0177 - reader cost: 9.3377e-05
280/348 [=======================>......] - ETA: 1s - batch_cost: 0.0177 - reader cost: 9.2377e-05
283/348 [=======================>......] - ETA: 1s - batch_cost: 0.0177 - reader cost: 9.1398e-05
287/348 [=======================>......] - ETA: 1s - batch_cost: 0.0177 - reader cost: 9.3616e-05
290/348 [========================>.....] - ETA: 1s - batch_cost: 0.0177 - reader cost: 9.2648e-05
293/348 [========================>.....] - ETA: 0s - batch_cost: 0.0177 - reader cost: 9.5116e-05
296/348 [========================>.....] - ETA: 0s - batch_cost: 0.0177 - reader cost: 9.7534e-05
299/348 [========================>.....] - ETA: 0s - batch_cost: 0.0177 - reader cost: 9.6556e-05
302/348 [=========================>....] - ETA: 0s - batch_cost: 0.0177 - reader cost: 9.5596e-05
305/348 [=========================>....] - ETA: 0s - batch_cost: 0.0177 - reader cost: 9.4656e-05
308/348 [=========================>....] - ETA: 0s - batch_cost: 0.0177 - reader cost: 9.3734e-05
311/348 [=========================>....] - ETA: 0s - batch_cost: 0.0177 - reader cost: 9.9250e-05
313/348 [=========================>....] - ETA: 0s - batch_cost: 0.0178 - reader cost: 9.8616e-05
316/348 [==========================>...] - ETA: 0s - batch_cost: 0.0178 - reader cost: 1.0085e-04
319/348 [==========================>...] - ETA: 0s - batch_cost: 0.0178 - reader cost: 9.9904e-05
322/348 [==========================>...] - ETA: 0s - batch_cost: 0.0179 - reader cost: 9.8973e-05
325/348 [===========================>..] - ETA: 0s - batch_cost: 0.0179 - reader cost: 1.0113e-04
328/348 [===========================>..] - ETA: 0s - batch_cost: 0.0179 - reader cost: 1.0021e-04
331/348 [===========================>..] - ETA: 0s - batch_cost: 0.0180 - reader cost: 9.9301e-05
334/348 [===========================>..] - ETA: 0s - batch_cost: 0.0180 - reader cost: 9.8409e-05
337/348 [============================>.] - ETA: 0s - batch_cost: 0.0180 - reader cost: 9.9086e-05
340/348 [============================>.] - ETA: 0s - batch_cost: 0.0180 - reader cost: 1.0115e-04
343/348 [============================>.] - ETA: 0s - batch_cost: 0.0180 - reader cost: 1.0026e-04
346/348 [============================>.] - ETA: 0s - batch_cost: 0.0180 - reader cost: 9.9393e-05
348/348 [==============================] - 6s 18ms/step - batch_cost: 0.0180 - reader cost: 9.8822e-05

  1/348 [..............................] - ETA: 11s - batch_cost: 0.0345 - reader cost: 0.0145
  4/348 [..............................] - ETA: 9s - batch_cost: 0.0258 - reader cost: 0.0036 
  7/348 [..............................] - ETA: 8s - batch_cost: 0.0237 - reader cost: 0.0021
 10/348 [..............................] - ETA: 7s - batch_cost: 0.0226 - reader cost: 0.0015
 13/348 [>.............................] - ETA: 7s - batch_cost: 0.0220 - reader cost: 0.0011
 16/348 [>.............................] - ETA: 7s - batch_cost: 0.0217 - reader cost: 9.0708e-04
 19/348 [>.............................] - ETA: 7s - batch_cost: 0.0212 - reader cost: 8.1676e-04
 22/348 [>.............................] - ETA: 6s - batch_cost: 0.0208 - reader cost: 7.0538e-04
 25/348 [=>............................] - ETA: 6s - batch_cost: 0.0206 - reader cost: 6.2074e-04
 28/348 [=>............................] - ETA: 6s - batch_cost: 0.0206 - reader cost: 5.5423e-04
 31/348 [=>............................] - ETA: 6s - batch_cost: 0.0203 - reader cost: 5.0059e-04
 34/348 [=>............................] - ETA: 6s - batch_cost: 0.0202 - reader cost: 4.5642e-04
 37/348 [==>...........................] - ETA: 6s - batch_cost: 0.0200 - reader cost: 4.6569e-04
 40/348 [==>...........................] - ETA: 6s - batch_cost: 0.0199 - reader cost: 4.3076e-04
 43/348 [==>...........................] - ETA: 6s - batch_cost: 0.0198 - reader cost: 4.0071e-04
 46/348 [==>...........................] - ETA: 6s - batch_cost: 0.0198 - reader cost: 3.7458e-04
 49/348 [===>..........................] - ETA: 5s - batch_cost: 0.0197 - reader cost: 3.5164e-04
 52/348 [===>..........................] - ETA: 5s - batch_cost: 0.0198 - reader cost: 3.3136e-04
 55/348 [===>..........................] - ETA: 5s - batch_cost: 0.0198 - reader cost: 3.1328e-04
 58/348 [====>.........................] - ETA: 5s - batch_cost: 0.0197 - reader cost: 2.9708e-04
 61/348 [====>.........................] - ETA: 5s - batch_cost: 0.0198 - reader cost: 2.9886e-04
 64/348 [====>.........................] - ETA: 5s - batch_cost: 0.0197 - reader cost: 2.8485e-04
 67/348 [====>.........................] - ETA: 5s - batch_cost: 0.0198 - reader cost: 2.8061e-04
 70/348 [=====>........................] - ETA: 5s - batch_cost: 0.0197 - reader cost: 2.6858e-04
 73/348 [=====>........................] - ETA: 5s - batch_cost: 0.0197 - reader cost: 2.5754e-04
 76/348 [=====>........................] - ETA: 5s - batch_cost: 0.0197 - reader cost: 2.6054e-04
 79/348 [=====>........................] - ETA: 5s - batch_cost: 0.0195 - reader cost: 2.5064e-04
 82/348 [======>.......................] - ETA: 5s - batch_cost: 0.0195 - reader cost: 2.4147e-04
 85/348 [======>.......................] - ETA: 5s - batch_cost: 0.0195 - reader cost: 2.3295e-04
 88/348 [======>.......................] - ETA: 5s - batch_cost: 0.0195 - reader cost: 2.2501e-04
 91/348 [======>.......................] - ETA: 5s - batch_cost: 0.0195 - reader cost: 2.1759e-04
 94/348 [=======>......................] - ETA: 5s - batch_cost: 0.0195 - reader cost: 2.1065e-04
 97/348 [=======>......................] - ETA: 4s - batch_cost: 0.0195 - reader cost: 2.0413e-04
100/348 [=======>......................] - ETA: 4s - batch_cost: 0.0194 - reader cost: 1.9801e-04
103/348 [=======>......................] - ETA: 4s - batch_cost: 0.0194 - reader cost: 1.9224e-04
107/348 [========>.....................] - ETA: 4s - batch_cost: 0.0193 - reader cost: 2.0376e-04
110/348 [========>.....................] - ETA: 4s - batch_cost: 0.0192 - reader cost: 1.9820e-04
113/348 [========>.....................] - ETA: 4s - batch_cost: 0.0192 - reader cost: 2.0178e-04
116/348 [=========>....................] - ETA: 4s - batch_cost: 0.0192 - reader cost: 2.0954e-04
119/348 [=========>....................] - ETA: 4s - batch_cost: 0.0192 - reader cost: 2.0426e-04
122/348 [=========>....................] - ETA: 4s - batch_cost: 0.0192 - reader cost: 2.1173e-04
125/348 [=========>....................] - ETA: 4s - batch_cost: 0.0191 - reader cost: 2.0664e-04
128/348 [==========>...................] - ETA: 4s - batch_cost: 0.0191 - reader cost: 2.0180e-04
131/348 [==========>...................] - ETA: 4s - batch_cost: 0.0191 - reader cost: 2.0489e-04
134/348 [==========>...................] - ETA: 4s - batch_cost: 0.0190 - reader cost: 2.0030e-04
137/348 [==========>...................] - ETA: 4s - batch_cost: 0.0190 - reader cost: 1.9591e-04
140/348 [===========>..................] - ETA: 4s - batch_cost: 0.0190 - reader cost: 1.9172e-04
143/348 [===========>..................] - ETA: 3s - batch_cost: 0.0189 - reader cost: 1.8769e-04
146/348 [===========>..................] - ETA: 3s - batch_cost: 0.0189 - reader cost: 1.8384e-04
149/348 [===========>..................] - ETA: 3s - batch_cost: 0.0190 - reader cost: 1.8014e-04
152/348 [============>.................] - ETA: 3s - batch_cost: 0.0190 - reader cost: 1.8316e-04
155/348 [============>.................] - ETA: 3s - batch_cost: 0.0189 - reader cost: 1.7962e-04
158/348 [============>.................] - ETA: 3s - batch_cost: 0.0189 - reader cost: 1.8572e-04
161/348 [============>.................] - ETA: 3s - batch_cost: 0.0189 - reader cost: 1.9474e-04
164/348 [=============>................] - ETA: 3s - batch_cost: 0.0189 - reader cost: 1.9727e-04
167/348 [=============>................] - ETA: 3s - batch_cost: 0.0189 - reader cost: 1.9372e-04
170/348 [=============>................] - ETA: 3s - batch_cost: 0.0188 - reader cost: 1.9031e-04
173/348 [=============>................] - ETA: 3s - batch_cost: 0.0188 - reader cost: 1.8992e-04
176/348 [==============>...............] - ETA: 3s - batch_cost: 0.0188 - reader cost: 1.8669e-04
179/348 [==============>...............] - ETA: 3s - batch_cost: 0.0188 - reader cost: 1.8356e-04
182/348 [==============>...............] - ETA: 3s - batch_cost: 0.0187 - reader cost: 1.8053e-04
185/348 [==============>...............] - ETA: 3s - batch_cost: 0.0187 - reader cost: 1.7761e-04
188/348 [===============>..............] - ETA: 3s - batch_cost: 0.0187 - reader cost: 1.7477e-04
191/348 [===============>..............] - ETA: 2s - batch_cost: 0.0187 - reader cost: 1.7203e-04
194/348 [===============>..............] - ETA: 2s - batch_cost: 0.0187 - reader cost: 1.7712e-04
197/348 [===============>..............] - ETA: 2s - batch_cost: 0.0188 - reader cost: 1.7443e-04
200/348 [================>.............] - ETA: 2s - batch_cost: 0.0188 - reader cost: 1.7181e-04
203/348 [================>.............] - ETA: 2s - batch_cost: 0.0188 - reader cost: 1.7419e-04
206/348 [================>.............] - ETA: 2s - batch_cost: 0.0188 - reader cost: 1.7166e-04
209/348 [=================>............] - ETA: 2s - batch_cost: 0.0188 - reader cost: 1.6919e-04
212/348 [=================>............] - ETA: 2s - batch_cost: 0.0188 - reader cost: 1.6680e-04
215/348 [=================>............] - ETA: 2s - batch_cost: 0.0188 - reader cost: 1.6912e-04
218/348 [=================>............] - ETA: 2s - batch_cost: 0.0188 - reader cost: 1.6679e-04
221/348 [==================>...........] - ETA: 2s - batch_cost: 0.0188 - reader cost: 1.6737e-04
224/348 [==================>...........] - ETA: 2s - batch_cost: 0.0188 - reader cost: 1.6512e-04
227/348 [==================>...........] - ETA: 2s - batch_cost: 0.0188 - reader cost: 1.6294e-04
230/348 [==================>...........] - ETA: 2s - batch_cost: 0.0188 - reader cost: 1.6516e-04
233/348 [===================>..........] - ETA: 2s - batch_cost: 0.0188 - reader cost: 1.6732e-04
236/348 [===================>..........] - ETA: 2s - batch_cost: 0.0188 - reader cost: 1.6519e-04
239/348 [===================>..........] - ETA: 2s - batch_cost: 0.0188 - reader cost: 1.6312e-04
242/348 [===================>..........] - ETA: 2s - batch_cost: 0.0188 - reader cost: 1.6109e-04
245/348 [====================>.........] - ETA: 1s - batch_cost: 0.0188 - reader cost: 1.5912e-04
249/348 [====================>.........] - ETA: 1s - batch_cost: 0.0187 - reader cost: 1.5656e-04
253/348 [====================>.........] - ETA: 1s - batch_cost: 0.0187 - reader cost: 1.5409e-04
256/348 [=====================>........] - ETA: 1s - batch_cost: 0.0187 - reader cost: 1.5228e-04
259/348 [=====================>........] - ETA: 1s - batch_cost: 0.0187 - reader cost: 1.5438e-04
262/348 [=====================>........] - ETA: 1s - batch_cost: 0.0187 - reader cost: 1.5261e-04
265/348 [=====================>........] - ETA: 1s - batch_cost: 0.0187 - reader cost: 1.5088e-04
268/348 [======================>.......] - ETA: 1s - batch_cost: 0.0186 - reader cost: 1.4920e-04
271/348 [======================>.......] - ETA: 1s - batch_cost: 0.0186 - reader cost: 1.4754e-04
275/348 [======================>.......] - ETA: 1s - batch_cost: 0.0186 - reader cost: 1.4540e-04
278/348 [======================>.......] - ETA: 1s - batch_cost: 0.0185 - reader cost: 1.4383e-04
282/348 [=======================>......] - ETA: 1s - batch_cost: 0.0185 - reader cost: 1.4179e-04
286/348 [=======================>......] - ETA: 1s - batch_cost: 0.0185 - reader cost: 1.3981e-04
289/348 [=======================>......] - ETA: 1s - batch_cost: 0.0185 - reader cost: 1.3835e-04
292/348 [========================>.....] - ETA: 1s - batch_cost: 0.0184 - reader cost: 1.3693e-04
295/348 [========================>.....] - ETA: 0s - batch_cost: 0.0184 - reader cost: 1.3554e-04
298/348 [========================>.....] - ETA: 0s - batch_cost: 0.0184 - reader cost: 1.3418e-04
301/348 [========================>.....] - ETA: 0s - batch_cost: 0.0184 - reader cost: 1.3526e-04
304/348 [=========================>....] - ETA: 0s - batch_cost: 0.0184 - reader cost: 1.3392e-04
307/348 [=========================>....] - ETA: 0s - batch_cost: 0.0184 - reader cost: 1.3261e-04
310/348 [=========================>....] - ETA: 0s - batch_cost: 0.0184 - reader cost: 1.3133e-04
314/348 [==========================>...] - ETA: 0s - batch_cost: 0.0184 - reader cost: 1.2966e-04
317/348 [==========================>...] - ETA: 0s - batch_cost: 0.0184 - reader cost: 1.2843e-04
320/348 [==========================>...] - ETA: 0s - batch_cost: 0.0184 - reader cost: 1.3036e-04
323/348 [==========================>...] - ETA: 0s - batch_cost: 0.0184 - reader cost: 1.2915e-04
326/348 [===========================>..] - ETA: 0s - batch_cost: 0.0184 - reader cost: 1.3103e-04
329/348 [===========================>..] - ETA: 0s - batch_cost: 0.0183 - reader cost: 1.2984e-04
332/348 [===========================>..] - ETA: 0s - batch_cost: 0.0184 - reader cost: 1.3168e-04
335/348 [===========================>..] - ETA: 0s - batch_cost: 0.0184 - reader cost: 1.3050e-04
338/348 [============================>.] - ETA: 0s - batch_cost: 0.0184 - reader cost: 1.2934e-04
341/348 [============================>.] - ETA: 0s - batch_cost: 0.0184 - reader cost: 1.2820e-04
344/348 [============================>.] - ETA: 0s - batch_cost: 0.0184 - reader cost: 1.2708e-04
348/348 [==============================] - 6s 19ms/step - batch_cost: 0.0183 - reader cost: 1.2850e-04

  1/348 [..............................] - ETA: 11s - batch_cost: 0.0335 - reader cost: 0.0145
  4/348 [..............................] - ETA: 7s - batch_cost: 0.0226 - reader cost: 0.0036 
  7/348 [..............................] - ETA: 7s - batch_cost: 0.0210 - reader cost: 0.0021
 10/348 [..............................] - ETA: 6s - batch_cost: 0.0200 - reader cost: 0.0015
 13/348 [>.............................] - ETA: 6s - batch_cost: 0.0195 - reader cost: 0.0011
 16/348 [>.............................] - ETA: 6s - batch_cost: 0.0192 - reader cost: 9.0736e-04
 19/348 [>.............................] - ETA: 6s - batch_cost: 0.0190 - reader cost: 7.6409e-04
 22/348 [>.............................] - ETA: 6s - batch_cost: 0.0192 - reader cost: 6.5990e-04
 25/348 [=>............................] - ETA: 6s - batch_cost: 0.0191 - reader cost: 5.8071e-04
 28/348 [=>............................] - ETA: 6s - batch_cost: 0.0190 - reader cost: 5.5427e-04
 31/348 [=>............................] - ETA: 6s - batch_cost: 0.0189 - reader cost: 5.3290e-04
 34/348 [=>............................] - ETA: 5s - batch_cost: 0.0187 - reader cost: 4.8588e-04
 37/348 [==>...........................] - ETA: 5s - batch_cost: 0.0185 - reader cost: 4.4649e-04
 40/348 [==>...........................] - ETA: 5s - batch_cost: 0.0185 - reader cost: 4.1300e-04
 43/348 [==>...........................] - ETA: 5s - batch_cost: 0.0185 - reader cost: 3.8419e-04
 46/348 [==>...........................] - ETA: 5s - batch_cost: 0.0187 - reader cost: 3.5913e-04
 49/348 [===>..........................] - ETA: 5s - batch_cost: 0.0186 - reader cost: 3.3714e-04
 52/348 [===>..........................] - ETA: 5s - batch_cost: 0.0185 - reader cost: 3.1769e-04
 55/348 [===>..........................] - ETA: 5s - batch_cost: 0.0184 - reader cost: 3.1853e-04
 58/348 [====>.........................] - ETA: 5s - batch_cost: 0.0184 - reader cost: 3.0206e-04
 62/348 [====>.........................] - ETA: 5s - batch_cost: 0.0182 - reader cost: 2.8257e-04
 65/348 [====>.........................] - ETA: 5s - batch_cost: 0.0182 - reader cost: 2.6953e-04
 69/348 [====>.........................] - ETA: 5s - batch_cost: 0.0181 - reader cost: 2.6840e-04
 72/348 [=====>........................] - ETA: 5s - batch_cost: 0.0181 - reader cost: 2.7110e-04
 75/348 [=====>........................] - ETA: 4s - batch_cost: 0.0180 - reader cost: 2.6025e-04
 78/348 [=====>........................] - ETA: 4s - batch_cost: 0.0179 - reader cost: 2.5024e-04
 81/348 [=====>........................] - ETA: 4s - batch_cost: 0.0180 - reader cost: 2.4098e-04
 84/348 [======>.......................] - ETA: 4s - batch_cost: 0.0180 - reader cost: 2.3237e-04
 87/348 [======>.......................] - ETA: 4s - batch_cost: 0.0180 - reader cost: 2.2436e-04
 90/348 [======>.......................] - ETA: 4s - batch_cost: 0.0180 - reader cost: 2.2798e-04
 93/348 [=======>......................] - ETA: 4s - batch_cost: 0.0180 - reader cost: 2.2062e-04
 96/348 [=======>......................] - ETA: 4s - batch_cost: 0.0180 - reader cost: 2.1373e-04
 99/348 [=======>......................] - ETA: 4s - batch_cost: 0.0181 - reader cost: 2.0725e-04
102/348 [=======>......................] - ETA: 4s - batch_cost: 0.0180 - reader cost: 2.0116e-04
105/348 [========>.....................] - ETA: 4s - batch_cost: 0.0181 - reader cost: 1.9541e-04
108/348 [========>.....................] - ETA: 4s - batch_cost: 0.0181 - reader cost: 1.8998e-04
111/348 [========>.....................] - ETA: 4s - batch_cost: 0.0180 - reader cost: 1.8485e-04
114/348 [========>.....................] - ETA: 4s - batch_cost: 0.0180 - reader cost: 1.7998e-04
118/348 [=========>....................] - ETA: 4s - batch_cost: 0.0179 - reader cost: 1.8235e-04
121/348 [=========>....................] - ETA: 4s - batch_cost: 0.0179 - reader cost: 1.7782e-04
125/348 [=========>....................] - ETA: 4s - batch_cost: 0.0178 - reader cost: 1.8013e-04
128/348 [==========>...................] - ETA: 4s - batch_cost: 0.0178 - reader cost: 1.7591e-04
131/348 [==========>...................] - ETA: 3s - batch_cost: 0.0178 - reader cost: 1.7188e-04
134/348 [==========>...................] - ETA: 3s - batch_cost: 0.0178 - reader cost: 1.6803e-04
137/348 [==========>...................] - ETA: 3s - batch_cost: 0.0178 - reader cost: 1.6435e-04
140/348 [===========>..................] - ETA: 3s - batch_cost: 0.0178 - reader cost: 1.6083e-04
144/348 [===========>..................] - ETA: 3s - batch_cost: 0.0177 - reader cost: 1.5636e-04
148/348 [===========>..................] - ETA: 3s - batch_cost: 0.0177 - reader cost: 1.5214e-04
152/348 [============>.................] - ETA: 3s - batch_cost: 0.0176 - reader cost: 1.4813e-04
155/348 [============>.................] - ETA: 3s - batch_cost: 0.0176 - reader cost: 1.4527e-04
158/348 [============>.................] - ETA: 3s - batch_cost: 0.0176 - reader cost: 1.4882e-04
161/348 [============>.................] - ETA: 3s - batch_cost: 0.0176 - reader cost: 1.4605e-04
165/348 [=============>................] - ETA: 3s - batch_cost: 0.0175 - reader cost: 1.4251e-04
168/348 [=============>................] - ETA: 3s - batch_cost: 0.0175 - reader cost: 1.3996e-04
171/348 [=============>................] - ETA: 3s - batch_cost: 0.0175 - reader cost: 1.3751e-04
174/348 [==============>...............] - ETA: 3s - batch_cost: 0.0175 - reader cost: 1.3514e-04
177/348 [==============>...............] - ETA: 3s - batch_cost: 0.0175 - reader cost: 1.3285e-04
181/348 [==============>...............] - ETA: 2s - batch_cost: 0.0175 - reader cost: 1.2991e-04
185/348 [==============>...............] - ETA: 2s - batch_cost: 0.0174 - reader cost: 1.3252e-04
188/348 [===============>..............] - ETA: 2s - batch_cost: 0.0174 - reader cost: 1.3849e-04
191/348 [===============>..............] - ETA: 2s - batch_cost: 0.0174 - reader cost: 1.3632e-04
194/348 [===============>..............] - ETA: 2s - batch_cost: 0.0174 - reader cost: 1.3936e-04
197/348 [===============>..............] - ETA: 2s - batch_cost: 0.0174 - reader cost: 1.3724e-04
200/348 [================>.............] - ETA: 2s - batch_cost: 0.0174 - reader cost: 1.4018e-04
204/348 [================>.............] - ETA: 2s - batch_cost: 0.0174 - reader cost: 1.3743e-04
207/348 [================>.............] - ETA: 2s - batch_cost: 0.0174 - reader cost: 1.4026e-04
210/348 [=================>............] - ETA: 2s - batch_cost: 0.0174 - reader cost: 1.3826e-04
213/348 [=================>............] - ETA: 2s - batch_cost: 0.0174 - reader cost: 1.3631e-04
216/348 [=================>............] - ETA: 2s - batch_cost: 0.0173 - reader cost: 1.3442e-04
219/348 [=================>............] - ETA: 2s - batch_cost: 0.0173 - reader cost: 1.3258e-04
222/348 [==================>...........] - ETA: 2s - batch_cost: 0.0174 - reader cost: 1.3078e-04
226/348 [==================>...........] - ETA: 2s - batch_cost: 0.0173 - reader cost: 1.2847e-04
229/348 [==================>...........] - ETA: 2s - batch_cost: 0.0174 - reader cost: 1.2679e-04
232/348 [===================>..........] - ETA: 2s - batch_cost: 0.0174 - reader cost: 1.2515e-04
235/348 [===================>..........] - ETA: 2s - batch_cost: 0.0174 - reader cost: 1.2355e-04
238/348 [===================>..........] - ETA: 1s - batch_cost: 0.0174 - reader cost: 1.2619e-04
241/348 [===================>..........] - ETA: 1s - batch_cost: 0.0174 - reader cost: 1.2876e-04
244/348 [====================>.........] - ETA: 1s - batch_cost: 0.0174 - reader cost: 1.2718e-04
248/348 [====================>.........] - ETA: 1s - batch_cost: 0.0173 - reader cost: 1.2513e-04
251/348 [====================>.........] - ETA: 1s - batch_cost: 0.0173 - reader cost: 1.2363e-04
254/348 [====================>.........] - ETA: 1s - batch_cost: 0.0173 - reader cost: 1.2217e-04
257/348 [=====================>........] - ETA: 1s - batch_cost: 0.0173 - reader cost: 1.2075e-04
260/348 [=====================>........] - ETA: 1s - batch_cost: 0.0173 - reader cost: 1.2256e-04
263/348 [=====================>........] - ETA: 1s - batch_cost: 0.0173 - reader cost: 1.2496e-04
266/348 [=====================>........] - ETA: 1s - batch_cost: 0.0173 - reader cost: 1.2355e-04
269/348 [======================>.......] - ETA: 1s - batch_cost: 0.0173 - reader cost: 1.2218e-04
273/348 [======================>.......] - ETA: 1s - batch_cost: 0.0173 - reader cost: 1.2039e-04
276/348 [======================>.......] - ETA: 1s - batch_cost: 0.0173 - reader cost: 1.1908e-04
279/348 [=======================>......] - ETA: 1s - batch_cost: 0.0173 - reader cost: 1.1780e-04
283/348 [=======================>......] - ETA: 1s - batch_cost: 0.0173 - reader cost: 1.1613e-04
286/348 [=======================>......] - ETA: 1s - batch_cost: 0.0173 - reader cost: 1.1738e-04
289/348 [=======================>......] - ETA: 1s - batch_cost: 0.0173 - reader cost: 1.1616e-04
292/348 [========================>.....] - ETA: 0s - batch_cost: 0.0173 - reader cost: 1.1497e-04
295/348 [========================>.....] - ETA: 0s - batch_cost: 0.0173 - reader cost: 1.1380e-04
298/348 [========================>.....] - ETA: 0s - batch_cost: 0.0173 - reader cost: 1.1266e-04
302/348 [=========================>....] - ETA: 0s - batch_cost: 0.0173 - reader cost: 1.1116e-04
305/348 [=========================>....] - ETA: 0s - batch_cost: 0.0173 - reader cost: 1.1007e-04
308/348 [=========================>....] - ETA: 0s - batch_cost: 0.0173 - reader cost: 1.1224e-04
311/348 [=========================>....] - ETA: 0s - batch_cost: 0.0173 - reader cost: 1.1116e-04
314/348 [==========================>...] - ETA: 0s - batch_cost: 0.0173 - reader cost: 1.1010e-04
317/348 [==========================>...] - ETA: 0s - batch_cost: 0.0173 - reader cost: 1.0906e-04
321/348 [==========================>...] - ETA: 0s - batch_cost: 0.0173 - reader cost: 1.0770e-04
325/348 [===========================>..] - ETA: 0s - batch_cost: 0.0173 - reader cost: 1.0637e-04
328/348 [===========================>..] - ETA: 0s - batch_cost: 0.0173 - reader cost: 1.0540e-04
331/348 [===========================>..] - ETA: 0s - batch_cost: 0.0173 - reader cost: 1.0445e-04
334/348 [===========================>..] - ETA: 0s - batch_cost: 0.0173 - reader cost: 1.0351e-04
337/348 [============================>.] - ETA: 0s - batch_cost: 0.0173 - reader cost: 1.0259e-04
340/348 [============================>.] - ETA: 0s - batch_cost: 0.0173 - reader cost: 1.0168e-04
343/348 [============================>.] - ETA: 0s - batch_cost: 0.0173 - reader cost: 1.0079e-04
347/348 [============================>.] - ETA: 0s - batch_cost: 0.0173 - reader cost: 9.9629e-05
348/348 [==============================] - 6s 18ms/step - batch_cost: 0.0173 - reader cost: 9.9343e-05

  1/348 [..............................] - ETA: 10s - batch_cost: 0.0303 - reader cost: 0.0110
  4/348 [..............................] - ETA: 8s - batch_cost: 0.0231 - reader cost: 0.0030 
  7/348 [..............................] - ETA: 7s - batch_cost: 0.0210 - reader cost: 0.0017
 10/348 [..............................] - ETA: 6s - batch_cost: 0.0203 - reader cost: 0.0013
 13/348 [>.............................] - ETA: 6s - batch_cost: 0.0194 - reader cost: 0.0010
 16/348 [>.............................] - ETA: 6s - batch_cost: 0.0190 - reader cost: 8.4653e-04
 20/348 [>.............................] - ETA: 6s - batch_cost: 0.0185 - reader cost: 6.7723e-04
 23/348 [>.............................] - ETA: 6s - batch_cost: 0.0185 - reader cost: 6.5433e-04
 27/348 [=>............................] - ETA: 5s - batch_cost: 0.0181 - reader cost: 5.5740e-04
 30/348 [=>............................] - ETA: 5s - batch_cost: 0.0180 - reader cost: 5.0166e-04
 34/348 [=>............................] - ETA: 5s - batch_cost: 0.0177 - reader cost: 4.8690e-04
 37/348 [==>...........................] - ETA: 5s - batch_cost: 0.0177 - reader cost: 4.4742e-04
 40/348 [==>...........................] - ETA: 5s - batch_cost: 0.0175 - reader cost: 4.1386e-04
 43/348 [==>...........................] - ETA: 5s - batch_cost: 0.0175 - reader cost: 3.8499e-04
 46/348 [==>...........................] - ETA: 5s - batch_cost: 0.0175 - reader cost: 3.5988e-04
 49/348 [===>..........................] - ETA: 5s - batch_cost: 0.0175 - reader cost: 3.3785e-04
 52/348 [===>..........................] - ETA: 5s - batch_cost: 0.0176 - reader cost: 3.1836e-04
 55/348 [===>..........................] - ETA: 5s - batch_cost: 0.0176 - reader cost: 3.0099e-04
 58/348 [====>.........................] - ETA: 5s - batch_cost: 0.0176 - reader cost: 2.8542e-04
 62/348 [====>.........................] - ETA: 5s - batch_cost: 0.0175 - reader cost: 2.6701e-04
 66/348 [====>.........................] - ETA: 5s - batch_cost: 0.0174 - reader cost: 2.5083e-04
 69/348 [====>.........................] - ETA: 4s - batch_cost: 0.0174 - reader cost: 2.3992e-04
 72/348 [=====>........................] - ETA: 4s - batch_cost: 0.0174 - reader cost: 2.2992e-04
 75/348 [=====>........................] - ETA: 4s - batch_cost: 0.0174 - reader cost: 2.2073e-04
 78/348 [=====>........................] - ETA: 4s - batch_cost: 0.0174 - reader cost: 2.1224e-04
 81/348 [=====>........................] - ETA: 4s - batch_cost: 0.0174 - reader cost: 2.0438e-04
 84/348 [======>.......................] - ETA: 4s - batch_cost: 0.0174 - reader cost: 1.9708e-04
 88/348 [======>.......................] - ETA: 4s - batch_cost: 0.0173 - reader cost: 1.8812e-04
 92/348 [======>.......................] - ETA: 4s - batch_cost: 0.0172 - reader cost: 1.7994e-04
 96/348 [=======>......................] - ETA: 4s - batch_cost: 0.0171 - reader cost: 1.8286e-04
 99/348 [=======>......................] - ETA: 4s - batch_cost: 0.0171 - reader cost: 1.7732e-04
102/348 [=======>......................] - ETA: 4s - batch_cost: 0.0171 - reader cost: 1.7211e-04
105/348 [========>.....................] - ETA: 4s - batch_cost: 0.0172 - reader cost: 1.7671e-04
108/348 [========>.....................] - ETA: 4s - batch_cost: 0.0172 - reader cost: 1.7180e-04
111/348 [========>.....................] - ETA: 4s - batch_cost: 0.0171 - reader cost: 1.6716e-04
115/348 [========>.....................] - ETA: 4s - batch_cost: 0.0171 - reader cost: 1.6584e-04
119/348 [=========>....................] - ETA: 4s - batch_cost: 0.0171 - reader cost: 1.6026e-04
122/348 [=========>....................] - ETA: 3s - batch_cost: 0.0171 - reader cost: 1.5632e-04
126/348 [=========>....................] - ETA: 3s - batch_cost: 0.0170 - reader cost: 1.5929e-04
130/348 [==========>...................] - ETA: 3s - batch_cost: 0.0170 - reader cost: 1.5439e-04
134/348 [==========>...................] - ETA: 3s - batch_cost: 0.0170 - reader cost: 1.6471e-04
137/348 [==========>...................] - ETA: 3s - batch_cost: 0.0170 - reader cost: 1.6110e-04
141/348 [===========>..................] - ETA: 3s - batch_cost: 0.0170 - reader cost: 1.5653e-04
144/348 [===========>..................] - ETA: 3s - batch_cost: 0.0170 - reader cost: 1.5327e-04
147/348 [===========>..................] - ETA: 3s - batch_cost: 0.0170 - reader cost: 1.5015e-04
150/348 [===========>..................] - ETA: 3s - batch_cost: 0.0169 - reader cost: 1.4714e-04
154/348 [============>.................] - ETA: 3s - batch_cost: 0.0169 - reader cost: 1.5635e-04
157/348 [============>.................] - ETA: 3s - batch_cost: 0.0169 - reader cost: 1.5336e-04
160/348 [============>.................] - ETA: 3s - batch_cost: 0.0169 - reader cost: 1.5049e-04
162/348 [============>.................] - ETA: 3s - batch_cost: 0.0170 - reader cost: 1.4863e-04
165/348 [=============>................] - ETA: 3s - batch_cost: 0.0170 - reader cost: 1.4593e-04
169/348 [=============>................] - ETA: 3s - batch_cost: 0.0170 - reader cost: 1.4247e-04
172/348 [=============>................] - ETA: 3s - batch_cost: 0.0171 - reader cost: 1.3999e-04
175/348 [==============>...............] - ETA: 3s - batch_cost: 0.0171 - reader cost: 1.3759e-04
178/348 [==============>...............] - ETA: 2s - batch_cost: 0.0171 - reader cost: 1.4093e-04
181/348 [==============>...............] - ETA: 2s - batch_cost: 0.0171 - reader cost: 1.3859e-04
184/348 [==============>...............] - ETA: 2s - batch_cost: 0.0171 - reader cost: 1.4177e-04
187/348 [===============>..............] - ETA: 2s - batch_cost: 0.0171 - reader cost: 1.3949e-04
191/348 [===============>..............] - ETA: 2s - batch_cost: 0.0171 - reader cost: 1.3657e-04
194/348 [===============>..............] - ETA: 2s - batch_cost: 0.0171 - reader cost: 1.3705e-04
197/348 [===============>..............] - ETA: 2s - batch_cost: 0.0171 - reader cost: 1.3497e-04
200/348 [================>.............] - ETA: 2s - batch_cost: 0.0172 - reader cost: 1.3294e-04
203/348 [================>.............] - ETA: 2s - batch_cost: 0.0172 - reader cost: 1.4089e-04
206/348 [================>.............] - ETA: 2s - batch_cost: 0.0172 - reader cost: 1.4368e-04
209/348 [=================>............] - ETA: 2s - batch_cost: 0.0172 - reader cost: 1.4162e-04
212/348 [=================>............] - ETA: 2s - batch_cost: 0.0172 - reader cost: 1.3962e-04
215/348 [=================>............] - ETA: 2s - batch_cost: 0.0172 - reader cost: 1.3767e-04
218/348 [=================>............] - ETA: 2s - batch_cost: 0.0172 - reader cost: 1.3577e-04
221/348 [==================>...........] - ETA: 2s - batch_cost: 0.0172 - reader cost: 1.3393e-04
224/348 [==================>...........] - ETA: 2s - batch_cost: 0.0172 - reader cost: 1.3214e-04
227/348 [==================>...........] - ETA: 2s - batch_cost: 0.0172 - reader cost: 1.3039e-04
230/348 [==================>...........] - ETA: 2s - batch_cost: 0.0172 - reader cost: 1.2869e-04
233/348 [===================>..........] - ETA: 2s - batch_cost: 0.0172 - reader cost: 1.2703e-04
236/348 [===================>..........] - ETA: 1s - batch_cost: 0.0172 - reader cost: 1.2542e-04
239/348 [===================>..........] - ETA: 1s - batch_cost: 0.0172 - reader cost: 1.2384e-04
242/348 [===================>..........] - ETA: 1s - batch_cost: 0.0172 - reader cost: 1.2231e-04
245/348 [====================>.........] - ETA: 1s - batch_cost: 0.0172 - reader cost: 1.2081e-04
248/348 [====================>.........] - ETA: 1s - batch_cost: 0.0173 - reader cost: 1.1935e-04
252/348 [====================>.........] - ETA: 1s - batch_cost: 0.0173 - reader cost: 1.1746e-04
255/348 [====================>.........] - ETA: 1s - batch_cost: 0.0173 - reader cost: 1.1607e-04
259/348 [=====================>........] - ETA: 1s - batch_cost: 0.0173 - reader cost: 1.1428e-04
262/348 [=====================>........] - ETA: 1s - batch_cost: 0.0173 - reader cost: 1.1297e-04
265/348 [=====================>........] - ETA: 1s - batch_cost: 0.0173 - reader cost: 1.1563e-04
268/348 [======================>.......] - ETA: 1s - batch_cost: 0.0173 - reader cost: 1.1434e-04
271/348 [======================>.......] - ETA: 1s - batch_cost: 0.0173 - reader cost: 1.1307e-04
274/348 [======================>.......] - ETA: 1s - batch_cost: 0.0173 - reader cost: 1.1183e-04
277/348 [======================>.......] - ETA: 1s - batch_cost: 0.0173 - reader cost: 1.1062e-04
280/348 [=======================>......] - ETA: 1s - batch_cost: 0.0173 - reader cost: 1.0944e-04
283/348 [=======================>......] - ETA: 1s - batch_cost: 0.0173 - reader cost: 1.0828e-04
286/348 [=======================>......] - ETA: 1s - batch_cost: 0.0174 - reader cost: 1.0714e-04
289/348 [=======================>......] - ETA: 1s - batch_cost: 0.0174 - reader cost: 1.0603e-04
292/348 [========================>.....] - ETA: 0s - batch_cost: 0.0174 - reader cost: 1.0835e-04
296/348 [========================>.....] - ETA: 0s - batch_cost: 0.0173 - reader cost: 1.0689e-04
300/348 [========================>.....] - ETA: 0s - batch_cost: 0.0173 - reader cost: 1.0546e-04
303/348 [=========================>....] - ETA: 0s - batch_cost: 0.0173 - reader cost: 1.0442e-04
306/348 [=========================>....] - ETA: 0s - batch_cost: 0.0173 - reader cost: 1.0339e-04
310/348 [=========================>....] - ETA: 0s - batch_cost: 0.0173 - reader cost: 1.0206e-04
313/348 [=========================>....] - ETA: 0s - batch_cost: 0.0173 - reader cost: 1.0428e-04
317/348 [==========================>...] - ETA: 0s - batch_cost: 0.0173 - reader cost: 1.0296e-04
321/348 [==========================>...] - ETA: 0s - batch_cost: 0.0172 - reader cost: 1.0168e-04
324/348 [==========================>...] - ETA: 0s - batch_cost: 0.0172 - reader cost: 1.0074e-04
327/348 [===========================>..] - ETA: 0s - batch_cost: 0.0172 - reader cost: 1.0287e-04
330/348 [===========================>..] - ETA: 0s - batch_cost: 0.0172 - reader cost: 1.0194e-04
333/348 [===========================>..] - ETA: 0s - batch_cost: 0.0172 - reader cost: 1.0102e-04
336/348 [===========================>..] - ETA: 0s - batch_cost: 0.0172 - reader cost: 1.0012e-04
340/348 [============================>.] - ETA: 0s - batch_cost: 0.0172 - reader cost: 1.0359e-04
344/348 [============================>.] - ETA: 0s - batch_cost: 0.0172 - reader cost: 1.0238e-04
348/348 [==============================] - 6s 17ms/step - batch_cost: 0.0171 - reader cost: 1.0496e-04

  1/348 [..............................] - ETA: 10s - batch_cost: 0.0311 - reader cost: 0.0120
  4/348 [..............................] - ETA: 7s - batch_cost: 0.0204 - reader cost: 0.0030 
  7/348 [..............................] - ETA: 6s - batch_cost: 0.0189 - reader cost: 0.0017
 11/348 [..............................] - ETA: 6s - batch_cost: 0.0178 - reader cost: 0.0011
 14/348 [>.............................] - ETA: 5s - batch_cost: 0.0177 - reader cost: 8.5940e-04
 18/348 [>.............................] - ETA: 5s - batch_cost: 0.0172 - reader cost: 6.6842e-04
 22/348 [>.............................] - ETA: 5s - batch_cost: 0.0168 - reader cost: 5.4689e-04
 26/348 [=>............................] - ETA: 5s - batch_cost: 0.0166 - reader cost: 4.6275e-04
 30/348 [=>............................] - ETA: 5s - batch_cost: 0.0164 - reader cost: 4.0105e-04
 33/348 [=>............................] - ETA: 5s - batch_cost: 0.0164 - reader cost: 3.6459e-04
 36/348 [==>...........................] - ETA: 5s - batch_cost: 0.0165 - reader cost: 3.3421e-04
 39/348 [==>...........................] - ETA: 5s - batch_cost: 0.0165 - reader cost: 3.0850e-04
 42/348 [==>...........................] - ETA: 5s - batch_cost: 0.0166 - reader cost: 3.1027e-04
 46/348 [==>...........................] - ETA: 5s - batch_cost: 0.0166 - reader cost: 2.8329e-04
 49/348 [===>..........................] - ETA: 5s - batch_cost: 0.0166 - reader cost: 2.6594e-04
 52/348 [===>..........................] - ETA: 4s - batch_cost: 0.0166 - reader cost: 2.5060e-04
 55/348 [===>..........................] - ETA: 4s - batch_cost: 0.0167 - reader cost: 2.3693e-04
 58/348 [====>.........................] - ETA: 4s - batch_cost: 0.0168 - reader cost: 2.2468e-04
 61/348 [====>.........................] - ETA: 4s - batch_cost: 0.0168 - reader cost: 2.1363e-04
 65/348 [====>.........................] - ETA: 4s - batch_cost: 0.0167 - reader cost: 2.0048e-04
 68/348 [====>.........................] - ETA: 4s - batch_cost: 0.0167 - reader cost: 2.0634e-04
 71/348 [=====>........................] - ETA: 4s - batch_cost: 0.0167 - reader cost: 1.9762e-04
 75/348 [=====>........................] - ETA: 4s - batch_cost: 0.0166 - reader cost: 1.8708e-04
 79/348 [=====>........................] - ETA: 4s - batch_cost: 0.0166 - reader cost: 1.7761e-04
 82/348 [======>.......................] - ETA: 4s - batch_cost: 0.0166 - reader cost: 1.7111e-04
 86/348 [======>.......................] - ETA: 4s - batch_cost: 0.0165 - reader cost: 1.6315e-04
 89/348 [======>.......................] - ETA: 4s - batch_cost: 0.0165 - reader cost: 1.5765e-04
 92/348 [======>.......................] - ETA: 4s - batch_cost: 0.0165 - reader cost: 1.5251e-04
 95/348 [=======>......................] - ETA: 4s - batch_cost: 0.0165 - reader cost: 1.4770e-04
 99/348 [=======>......................] - ETA: 4s - batch_cost: 0.0165 - reader cost: 1.4173e-04
102/348 [=======>......................] - ETA: 4s - batch_cost: 0.0166 - reader cost: 1.4742e-04
105/348 [========>.....................] - ETA: 4s - batch_cost: 0.0166 - reader cost: 1.4321e-04
108/348 [========>.....................] - ETA: 4s - batch_cost: 0.0166 - reader cost: 1.3923e-04
112/348 [========>.....................] - ETA: 3s - batch_cost: 0.0166 - reader cost: 1.4319e-04
116/348 [=========>....................] - ETA: 3s - batch_cost: 0.0166 - reader cost: 1.3825e-04
120/348 [=========>....................] - ETA: 3s - batch_cost: 0.0166 - reader cost: 1.3364e-04
123/348 [=========>....................] - ETA: 3s - batch_cost: 0.0166 - reader cost: 1.3038e-04
127/348 [=========>....................] - ETA: 3s - batch_cost: 0.0166 - reader cost: 1.2628e-04
131/348 [==========>...................] - ETA: 3s - batch_cost: 0.0165 - reader cost: 1.2242e-04
135/348 [==========>...................] - ETA: 3s - batch_cost: 0.0165 - reader cost: 1.2622e-04
139/348 [==========>...................] - ETA: 3s - batch_cost: 0.0165 - reader cost: 1.2259e-04
143/348 [===========>..................] - ETA: 3s - batch_cost: 0.0165 - reader cost: 1.1916e-04
147/348 [===========>..................] - ETA: 3s - batch_cost: 0.0164 - reader cost: 1.1592e-04
150/348 [===========>..................] - ETA: 3s - batch_cost: 0.0165 - reader cost: 1.1360e-04
153/348 [============>.................] - ETA: 3s - batch_cost: 0.0165 - reader cost: 1.1137e-04
157/348 [============>.................] - ETA: 3s - batch_cost: 0.0165 - reader cost: 1.0854e-04
161/348 [============>.................] - ETA: 3s - batch_cost: 0.0165 - reader cost: 1.0584e-04
165/348 [=============>................] - ETA: 3s - batch_cost: 0.0164 - reader cost: 1.0327e-04
169/348 [=============>................] - ETA: 2s - batch_cost: 0.0164 - reader cost: 1.0083e-04
173/348 [=============>................] - ETA: 2s - batch_cost: 0.0164 - reader cost: 1.0720e-04
176/348 [==============>...............] - ETA: 2s - batch_cost: 0.0164 - reader cost: 1.0537e-04
179/348 [==============>...............] - ETA: 2s - batch_cost: 0.0165 - reader cost: 1.0361e-04
182/348 [==============>...............] - ETA: 2s - batch_cost: 0.0165 - reader cost: 1.0740e-04
185/348 [==============>...............] - ETA: 2s - batch_cost: 0.0165 - reader cost: 1.0565e-04
189/348 [===============>..............] - ETA: 2s - batch_cost: 0.0165 - reader cost: 1.0871e-04
193/348 [===============>..............] - ETA: 2s - batch_cost: 0.0165 - reader cost: 1.0646e-04
197/348 [===============>..............] - ETA: 2s - batch_cost: 0.0164 - reader cost: 1.0936e-04
201/348 [================>.............] - ETA: 2s - batch_cost: 0.0164 - reader cost: 1.0718e-04
204/348 [================>.............] - ETA: 2s - batch_cost: 0.0165 - reader cost: 1.0976e-04
207/348 [================>.............] - ETA: 2s - batch_cost: 0.0165 - reader cost: 1.0817e-04
210/348 [=================>............] - ETA: 2s - batch_cost: 0.0165 - reader cost: 1.1138e-04
213/348 [=================>............] - ETA: 2s - batch_cost: 0.0166 - reader cost: 1.0981e-04
216/348 [=================>............] - ETA: 2s - batch_cost: 0.0166 - reader cost: 1.0828e-04
219/348 [=================>............] - ETA: 2s - batch_cost: 0.0166 - reader cost: 1.0680e-04
222/348 [==================>...........] - ETA: 2s - batch_cost: 0.0166 - reader cost: 1.0536e-04
225/348 [==================>...........] - ETA: 2s - batch_cost: 0.0166 - reader cost: 1.0395e-04
228/348 [==================>...........] - ETA: 2s - batch_cost: 0.0166 - reader cost: 1.0258e-04
231/348 [==================>...........] - ETA: 1s - batch_cost: 0.0166 - reader cost: 1.0125e-04
234/348 [===================>..........] - ETA: 1s - batch_cost: 0.0166 - reader cost: 1.0423e-04
237/348 [===================>..........] - ETA: 1s - batch_cost: 0.0166 - reader cost: 1.0291e-04
240/348 [===================>..........] - ETA: 1s - batch_cost: 0.0166 - reader cost: 1.0162e-04
244/348 [====================>.........] - ETA: 1s - batch_cost: 0.0166 - reader cost: 9.9954e-05
247/348 [====================>.........] - ETA: 1s - batch_cost: 0.0166 - reader cost: 9.8740e-05
250/348 [====================>.........] - ETA: 1s - batch_cost: 0.0166 - reader cost: 1.0155e-04
253/348 [====================>.........] - ETA: 1s - batch_cost: 0.0166 - reader cost: 1.0035e-04
256/348 [=====================>........] - ETA: 1s - batch_cost: 0.0166 - reader cost: 9.9175e-05
260/348 [=====================>........] - ETA: 1s - batch_cost: 0.0166 - reader cost: 9.7649e-05
263/348 [=====================>........] - ETA: 1s - batch_cost: 0.0166 - reader cost: 9.6535e-05
266/348 [=====================>........] - ETA: 1s - batch_cost: 0.0166 - reader cost: 9.9177e-05
269/348 [======================>.......] - ETA: 1s - batch_cost: 0.0166 - reader cost: 9.8071e-05
272/348 [======================>.......] - ETA: 1s - batch_cost: 0.0166 - reader cost: 9.6989e-05
275/348 [======================>.......] - ETA: 1s - batch_cost: 0.0166 - reader cost: 9.5931e-05
278/348 [======================>.......] - ETA: 1s - batch_cost: 0.0167 - reader cost: 9.4896e-05
282/348 [=======================>......] - ETA: 1s - batch_cost: 0.0166 - reader cost: 9.3550e-05
285/348 [=======================>......] - ETA: 1s - batch_cost: 0.0166 - reader cost: 9.2565e-05
289/348 [=======================>......] - ETA: 0s - batch_cost: 0.0166 - reader cost: 9.1284e-05
292/348 [========================>.....] - ETA: 0s - batch_cost: 0.0166 - reader cost: 9.0346e-05
295/348 [========================>.....] - ETA: 0s - batch_cost: 0.0166 - reader cost: 8.9427e-05
298/348 [========================>.....] - ETA: 0s - batch_cost: 0.0166 - reader cost: 8.8527e-05
302/348 [=========================>....] - ETA: 0s - batch_cost: 0.0166 - reader cost: 8.7354e-05
305/348 [=========================>....] - ETA: 0s - batch_cost: 0.0166 - reader cost: 8.6495e-05
308/348 [=========================>....] - ETA: 0s - batch_cost: 0.0167 - reader cost: 8.5653e-05
311/348 [=========================>....] - ETA: 0s - batch_cost: 0.0167 - reader cost: 8.4826e-05
314/348 [==========================>...] - ETA: 0s - batch_cost: 0.0167 - reader cost: 8.4016e-05
318/348 [==========================>...] - ETA: 0s - batch_cost: 0.0166 - reader cost: 8.2959e-05
321/348 [==========================>...] - ETA: 0s - batch_cost: 0.0166 - reader cost: 8.5283e-05
325/348 [===========================>..] - ETA: 0s - batch_cost: 0.0166 - reader cost: 8.4234e-05
328/348 [===========================>..] - ETA: 0s - batch_cost: 0.0166 - reader cost: 8.3463e-05
332/348 [===========================>..] - ETA: 0s - batch_cost: 0.0166 - reader cost: 8.2458e-05
336/348 [===========================>..] - ETA: 0s - batch_cost: 0.0166 - reader cost: 8.1476e-05
339/348 [============================>.] - ETA: 0s - batch_cost: 0.0166 - reader cost: 8.0755e-05
343/348 [============================>.] - ETA: 0s - batch_cost: 0.0166 - reader cost: 7.9813e-05
347/348 [============================>.] - ETA: 0s - batch_cost: 0.0166 - reader cost: 7.8893e-05
348/348 [==============================] - 6s 17ms/step - batch_cost: 0.0166 - reader cost: 7.8666e-05

  1/348 [..............................] - ETA: 10s - batch_cost: 0.0288 - reader cost: 0.0091
  4/348 [..............................] - ETA: 7s - batch_cost: 0.0210 - reader cost: 0.0023 
  8/348 [..............................] - ETA: 6s - batch_cost: 0.0185 - reader cost: 0.0011
 12/348 [>.............................] - ETA: 5s - batch_cost: 0.0177 - reader cost: 7.5899e-04
 15/348 [>.............................] - ETA: 5s - batch_cost: 0.0176 - reader cost: 6.0719e-04
 19/348 [>.............................] - ETA: 5s - batch_cost: 0.0170 - reader cost: 4.7936e-04
 23/348 [>.............................] - ETA: 5s - batch_cost: 0.0168 - reader cost: 3.9599e-04
 26/348 [=>............................] - ETA: 5s - batch_cost: 0.0168 - reader cost: 3.7004e-04
 29/348 [=>............................] - ETA: 5s - batch_cost: 0.0167 - reader cost: 3.3176e-04
 33/348 [=>............................] - ETA: 5s - batch_cost: 0.0167 - reader cost: 2.9155e-04
 36/348 [==>...........................] - ETA: 5s - batch_cost: 0.0167 - reader cost: 2.6725e-04
 40/348 [==>...........................] - ETA: 5s - batch_cost: 0.0166 - reader cost: 2.5434e-04
 44/348 [==>...........................] - ETA: 5s - batch_cost: 0.0165 - reader cost: 2.3122e-04
 47/348 [===>..........................] - ETA: 5s - batch_cost: 0.0166 - reader cost: 2.5915e-04
 51/348 [===>..........................] - ETA: 4s - batch_cost: 0.0165 - reader cost: 2.3882e-04
 55/348 [===>..........................] - ETA: 4s - batch_cost: 0.0165 - reader cost: 2.2145e-04
 59/348 [====>.........................] - ETA: 4s - batch_cost: 0.0165 - reader cost: 2.2340e-04
 62/348 [====>.........................] - ETA: 4s - batch_cost: 0.0165 - reader cost: 2.1259e-04
 65/348 [====>.........................] - ETA: 4s - batch_cost: 0.0167 - reader cost: 2.0278e-04
 68/348 [====>.........................] - ETA: 4s - batch_cost: 0.0167 - reader cost: 1.9383e-04
 71/348 [=====>........................] - ETA: 4s - batch_cost: 0.0167 - reader cost: 1.8564e-04
 75/348 [=====>........................] - ETA: 4s - batch_cost: 0.0166 - reader cost: 1.7574e-04
 78/348 [=====>........................] - ETA: 4s - batch_cost: 0.0166 - reader cost: 1.6898e-04
 82/348 [======>.......................] - ETA: 4s - batch_cost: 0.0165 - reader cost: 1.6074e-04
 86/348 [======>.......................] - ETA: 4s - batch_cost: 0.0165 - reader cost: 1.5326e-04
 89/348 [======>.......................] - ETA: 4s - batch_cost: 0.0165 - reader cost: 1.5933e-04
 92/348 [======>.......................] - ETA: 4s - batch_cost: 0.0165 - reader cost: 1.5414e-04
 96/348 [=======>......................] - ETA: 4s - batch_cost: 0.0165 - reader cost: 1.5814e-04
100/348 [=======>......................] - ETA: 4s - batch_cost: 0.0164 - reader cost: 1.5181e-04
104/348 [=======>......................] - ETA: 4s - batch_cost: 0.0164 - reader cost: 1.4597e-04
107/348 [========>.....................] - ETA: 3s - batch_cost: 0.0164 - reader cost: 1.4188e-04
110/348 [========>.....................] - ETA: 3s - batch_cost: 0.0164 - reader cost: 1.3801e-04
114/348 [========>.....................] - ETA: 3s - batch_cost: 0.0163 - reader cost: 1.3317e-04
118/348 [=========>....................] - ETA: 3s - batch_cost: 0.0163 - reader cost: 1.4140e-04
121/348 [=========>....................] - ETA: 3s - batch_cost: 0.0163 - reader cost: 1.4614e-04
125/348 [=========>....................] - ETA: 3s - batch_cost: 0.0163 - reader cost: 1.4947e-04
128/348 [==========>...................] - ETA: 3s - batch_cost: 0.0163 - reader cost: 1.4597e-04
131/348 [==========>...................] - ETA: 3s - batch_cost: 0.0164 - reader cost: 1.4263e-04
134/348 [==========>...................] - ETA: 3s - batch_cost: 0.0164 - reader cost: 1.3943e-04
138/348 [==========>...................] - ETA: 3s - batch_cost: 0.0164 - reader cost: 1.3539e-04
141/348 [===========>..................] - ETA: 3s - batch_cost: 0.0164 - reader cost: 1.3251e-04
144/348 [===========>..................] - ETA: 3s - batch_cost: 0.0164 - reader cost: 1.2975e-04
147/348 [===========>..................] - ETA: 3s - batch_cost: 0.0164 - reader cost: 1.2710e-04
150/348 [===========>..................] - ETA: 3s - batch_cost: 0.0165 - reader cost: 1.3122e-04
154/348 [============>.................] - ETA: 3s - batch_cost: 0.0165 - reader cost: 1.3764e-04
158/348 [============>.................] - ETA: 3s - batch_cost: 0.0164 - reader cost: 1.3416e-04
162/348 [============>.................] - ETA: 3s - batch_cost: 0.0164 - reader cost: 1.3084e-04
165/348 [=============>................] - ETA: 3s - batch_cost: 0.0165 - reader cost: 1.3461e-04
169/348 [=============>................] - ETA: 2s - batch_cost: 0.0165 - reader cost: 1.3734e-04
173/348 [=============>................] - ETA: 2s - batch_cost: 0.0165 - reader cost: 1.3715e-04
176/348 [==============>...............] - ETA: 2s - batch_cost: 0.0165 - reader cost: 1.3481e-04
179/348 [==============>...............] - ETA: 2s - batch_cost: 0.0165 - reader cost: 1.3809e-04
183/348 [==============>...............] - ETA: 2s - batch_cost: 0.0165 - reader cost: 1.3508e-04
187/348 [===============>..............] - ETA: 2s - batch_cost: 0.0165 - reader cost: 1.3219e-04
190/348 [===============>..............] - ETA: 2s - batch_cost: 0.0165 - reader cost: 1.3010e-04
193/348 [===============>..............] - ETA: 2s - batch_cost: 0.0165 - reader cost: 1.3331e-04
196/348 [===============>..............] - ETA: 2s - batch_cost: 0.0165 - reader cost: 1.3127e-04
199/348 [================>.............] - ETA: 2s - batch_cost: 0.0165 - reader cost: 1.2929e-04
202/348 [================>.............] - ETA: 2s - batch_cost: 0.0165 - reader cost: 1.2737e-04
205/348 [================>.............] - ETA: 2s - batch_cost: 0.0165 - reader cost: 1.2551e-04
209/348 [=================>............] - ETA: 2s - batch_cost: 0.0165 - reader cost: 1.2310e-04
213/348 [=================>............] - ETA: 2s - batch_cost: 0.0165 - reader cost: 1.2079e-04
216/348 [=================>............] - ETA: 2s - batch_cost: 0.0165 - reader cost: 1.1912e-04
219/348 [=================>............] - ETA: 2s - batch_cost: 0.0165 - reader cost: 1.1748e-04
222/348 [==================>...........] - ETA: 2s - batch_cost: 0.0165 - reader cost: 1.1590e-04
226/348 [==================>...........] - ETA: 2s - batch_cost: 0.0165 - reader cost: 1.1824e-04
230/348 [==================>...........] - ETA: 1s - batch_cost: 0.0165 - reader cost: 1.2055e-04
233/348 [===================>..........] - ETA: 1s - batch_cost: 0.0165 - reader cost: 1.1900e-04
237/348 [===================>..........] - ETA: 1s - batch_cost: 0.0165 - reader cost: 1.1699e-04
240/348 [===================>..........] - ETA: 1s - batch_cost: 0.0165 - reader cost: 1.1553e-04
244/348 [====================>.........] - ETA: 1s - batch_cost: 0.0165 - reader cost: 1.1364e-04
248/348 [====================>.........] - ETA: 1s - batch_cost: 0.0165 - reader cost: 1.1180e-04
251/348 [====================>.........] - ETA: 1s - batch_cost: 0.0165 - reader cost: 1.1047e-04
254/348 [====================>.........] - ETA: 1s - batch_cost: 0.0165 - reader cost: 1.0916e-04
258/348 [=====================>........] - ETA: 1s - batch_cost: 0.0165 - reader cost: 1.0747e-04
262/348 [=====================>........] - ETA: 1s - batch_cost: 0.0165 - reader cost: 1.0583e-04
266/348 [=====================>........] - ETA: 1s - batch_cost: 0.0165 - reader cost: 1.0424e-04
269/348 [======================>.......] - ETA: 1s - batch_cost: 0.0165 - reader cost: 1.0308e-04
272/348 [======================>.......] - ETA: 1s - batch_cost: 0.0165 - reader cost: 1.0559e-04
275/348 [======================>.......] - ETA: 1s - batch_cost: 0.0165 - reader cost: 1.0444e-04
279/348 [=======================>......] - ETA: 1s - batch_cost: 0.0165 - reader cost: 1.0295e-04
282/348 [=======================>......] - ETA: 1s - batch_cost: 0.0165 - reader cost: 1.0185e-04
286/348 [=======================>......] - ETA: 1s - batch_cost: 0.0165 - reader cost: 1.0043e-04
289/348 [=======================>......] - ETA: 0s - batch_cost: 0.0165 - reader cost: 9.9383e-05
293/348 [========================>.....] - ETA: 0s - batch_cost: 0.0165 - reader cost: 9.8027e-05
296/348 [========================>.....] - ETA: 0s - batch_cost: 0.0165 - reader cost: 1.0041e-04
300/348 [========================>.....] - ETA: 0s - batch_cost: 0.0165 - reader cost: 9.9069e-05
303/348 [=========================>....] - ETA: 0s - batch_cost: 0.0165 - reader cost: 9.8088e-05
306/348 [=========================>....] - ETA: 0s - batch_cost: 0.0165 - reader cost: 9.7127e-05
309/348 [=========================>....] - ETA: 0s - batch_cost: 0.0165 - reader cost: 9.6184e-05
313/348 [=========================>....] - ETA: 0s - batch_cost: 0.0165 - reader cost: 9.4955e-05
316/348 [==========================>...] - ETA: 0s - batch_cost: 0.0165 - reader cost: 9.7217e-05
319/348 [==========================>...] - ETA: 0s - batch_cost: 0.0165 - reader cost: 9.6302e-05
322/348 [==========================>...] - ETA: 0s - batch_cost: 0.0165 - reader cost: 9.5405e-05
326/348 [===========================>..] - ETA: 0s - batch_cost: 0.0165 - reader cost: 9.4235e-05
329/348 [===========================>..] - ETA: 0s - batch_cost: 0.0165 - reader cost: 9.9458e-05
333/348 [===========================>..] - ETA: 0s - batch_cost: 0.0165 - reader cost: 9.8264e-05
336/348 [===========================>..] - ETA: 0s - batch_cost: 0.0165 - reader cost: 9.7386e-05
339/348 [============================>.] - ETA: 0s - batch_cost: 0.0165 - reader cost: 9.6524e-05
342/348 [============================>.] - ETA: 0s - batch_cost: 0.0165 - reader cost: 9.5678e-05
346/348 [============================>.] - ETA: 0s - batch_cost: 0.0165 - reader cost: 9.4572e-05
348/348 [==============================] - 6s 17ms/step - batch_cost: 0.0165 - reader cost: 9.4028e-05

  1/348 [..............................] - ETA: 10s - batch_cost: 0.0293 - reader cost: 0.0100
  4/348 [..............................] - ETA: 7s - batch_cost: 0.0218 - reader cost: 0.0028 
  8/348 [..............................] - ETA: 6s - batch_cost: 0.0187 - reader cost: 0.0014
 11/348 [..............................] - ETA: 6s - batch_cost: 0.0186 - reader cost: 0.0010
 14/348 [>.............................] - ETA: 6s - batch_cost: 0.0188 - reader cost: 7.8818e-04
 17/348 [>.............................] - ETA: 6s - batch_cost: 0.0189 - reader cost: 6.4909e-04
 20/348 [>.............................] - ETA: 6s - batch_cost: 0.0186 - reader cost: 5.5172e-04
 23/348 [>.............................] - ETA: 6s - batch_cost: 0.0186 - reader cost: 5.2315e-04
 26/348 [=>............................] - ETA: 6s - batch_cost: 0.0184 - reader cost: 4.6279e-04
 29/348 [=>............................] - ETA: 5s - batch_cost: 0.0183 - reader cost: 4.1491e-04
 32/348 [=>............................] - ETA: 5s - batch_cost: 0.0182 - reader cost: 3.7602e-04
 36/348 [==>...........................] - ETA: 5s - batch_cost: 0.0178 - reader cost: 3.6204e-04
 39/348 [==>...........................] - ETA: 5s - batch_cost: 0.0177 - reader cost: 3.3419e-04
 42/348 [==>...........................] - ETA: 5s - batch_cost: 0.0177 - reader cost: 3.1032e-04
 46/348 [==>...........................] - ETA: 5s - batch_cost: 0.0176 - reader cost: 2.8333e-04
 50/348 [===>..........................] - ETA: 5s - batch_cost: 0.0175 - reader cost: 2.6067e-04
 53/348 [===>..........................] - ETA: 5s - batch_cost: 0.0174 - reader cost: 2.4591e-04
 57/348 [===>..........................] - ETA: 5s - batch_cost: 0.0173 - reader cost: 2.4621e-04
 60/348 [====>.........................] - ETA: 5s - batch_cost: 0.0173 - reader cost: 2.3390e-04
 64/348 [====>.........................] - ETA: 4s - batch_cost: 0.0172 - reader cost: 2.5064e-04
 68/348 [====>.........................] - ETA: 4s - batch_cost: 0.0171 - reader cost: 2.3590e-04
 71/348 [=====>........................] - ETA: 4s - batch_cost: 0.0171 - reader cost: 2.2593e-04
 74/348 [=====>........................] - ETA: 4s - batch_cost: 0.0171 - reader cost: 2.3028e-04
 77/348 [=====>........................] - ETA: 4s - batch_cost: 0.0171 - reader cost: 2.2131e-04
 80/348 [=====>........................] - ETA: 4s - batch_cost: 0.0171 - reader cost: 2.1301e-04
 83/348 [======>.......................] - ETA: 4s - batch_cost: 0.0171 - reader cost: 2.0531e-04
 86/348 [======>.......................] - ETA: 4s - batch_cost: 0.0171 - reader cost: 1.9815e-04
 89/348 [======>.......................] - ETA: 4s - batch_cost: 0.0171 - reader cost: 1.9147e-04
 92/348 [======>.......................] - ETA: 4s - batch_cost: 0.0171 - reader cost: 1.8522e-04
 95/348 [=======>......................] - ETA: 4s - batch_cost: 0.0171 - reader cost: 1.8989e-04
 98/348 [=======>......................] - ETA: 4s - batch_cost: 0.0171 - reader cost: 1.8408e-04
101/348 [=======>......................] - ETA: 4s - batch_cost: 0.0171 - reader cost: 1.7861e-04
104/348 [=======>......................] - ETA: 4s - batch_cost: 0.0171 - reader cost: 1.7346e-04
108/348 [========>.....................] - ETA: 4s - batch_cost: 0.0171 - reader cost: 1.6704e-04
111/348 [========>.....................] - ETA: 4s - batch_cost: 0.0171 - reader cost: 1.6252e-04
114/348 [========>.....................] - ETA: 4s - batch_cost: 0.0171 - reader cost: 1.5825e-04
117/348 [=========>....................] - ETA: 4s - batch_cost: 0.0171 - reader cost: 1.5419e-04
120/348 [=========>....................] - ETA: 3s - batch_cost: 0.0171 - reader cost: 1.5033e-04
123/348 [=========>....................] - ETA: 3s - batch_cost: 0.0172 - reader cost: 1.4667e-04
126/348 [=========>....................] - ETA: 3s - batch_cost: 0.0171 - reader cost: 1.5112e-04
129/348 [==========>...................] - ETA: 3s - batch_cost: 0.0171 - reader cost: 1.4761e-04
133/348 [==========>...................] - ETA: 3s - batch_cost: 0.0171 - reader cost: 1.4317e-04
136/348 [==========>...................] - ETA: 3s - batch_cost: 0.0171 - reader cost: 1.4729e-04
139/348 [==========>...................] - ETA: 3s - batch_cost: 0.0171 - reader cost: 1.4411e-04
143/348 [===========>..................] - ETA: 3s - batch_cost: 0.0171 - reader cost: 1.4008e-04
146/348 [===========>..................] - ETA: 3s - batch_cost: 0.0171 - reader cost: 1.3720e-04
150/348 [===========>..................] - ETA: 3s - batch_cost: 0.0171 - reader cost: 1.3354e-04
153/348 [============>.................] - ETA: 3s - batch_cost: 0.0171 - reader cost: 1.3092e-04
156/348 [============>.................] - ETA: 3s - batch_cost: 0.0171 - reader cost: 1.2841e-04
159/348 [============>.................] - ETA: 3s - batch_cost: 0.0171 - reader cost: 1.2598e-04
163/348 [=============>................] - ETA: 3s - batch_cost: 0.0170 - reader cost: 1.2289e-04
167/348 [=============>................] - ETA: 3s - batch_cost: 0.0170 - reader cost: 1.1995e-04
170/348 [=============>................] - ETA: 3s - batch_cost: 0.0170 - reader cost: 1.1783e-04
173/348 [=============>................] - ETA: 3s - batch_cost: 0.0170 - reader cost: 1.1579e-04
176/348 [==============>...............] - ETA: 2s - batch_cost: 0.0170 - reader cost: 1.1381e-04
179/348 [==============>...............] - ETA: 2s - batch_cost: 0.0170 - reader cost: 1.2039e-04
183/348 [==============>...............] - ETA: 2s - batch_cost: 0.0170 - reader cost: 1.1776e-04
186/348 [===============>..............] - ETA: 2s - batch_cost: 0.0170 - reader cost: 1.1586e-04
189/348 [===============>..............] - ETA: 2s - batch_cost: 0.0170 - reader cost: 1.1402e-04
192/348 [===============>..............] - ETA: 2s - batch_cost: 0.0170 - reader cost: 1.1224e-04
195/348 [===============>..............] - ETA: 2s - batch_cost: 0.0170 - reader cost: 1.1051e-04
198/348 [================>.............] - ETA: 2s - batch_cost: 0.0170 - reader cost: 1.0884e-04
201/348 [================>.............] - ETA: 2s - batch_cost: 0.0170 - reader cost: 1.0721e-04
205/348 [================>.............] - ETA: 2s - batch_cost: 0.0169 - reader cost: 1.0512e-04
208/348 [================>.............] - ETA: 2s - batch_cost: 0.0169 - reader cost: 1.0360e-04
211/348 [=================>............] - ETA: 2s - batch_cost: 0.0169 - reader cost: 1.0213e-04
215/348 [=================>............] - ETA: 2s - batch_cost: 0.0169 - reader cost: 1.0489e-04
219/348 [=================>............] - ETA: 2s - batch_cost: 0.0169 - reader cost: 1.0297e-04
223/348 [==================>...........] - ETA: 2s - batch_cost: 0.0169 - reader cost: 1.0561e-04
226/348 [==================>...........] - ETA: 2s - batch_cost: 0.0169 - reader cost: 1.0420e-04
229/348 [==================>...........] - ETA: 2s - batch_cost: 0.0169 - reader cost: 1.0284e-04
232/348 [===================>..........] - ETA: 1s - batch_cost: 0.0169 - reader cost: 1.0151e-04
235/348 [===================>..........] - ETA: 1s - batch_cost: 0.0169 - reader cost: 1.0021e-04
239/348 [===================>..........] - ETA: 1s - batch_cost: 0.0169 - reader cost: 1.0272e-04
243/348 [===================>..........] - ETA: 1s - batch_cost: 0.0169 - reader cost: 1.0103e-04
246/348 [====================>.........] - ETA: 1s - batch_cost: 0.0169 - reader cost: 9.9796e-05
250/348 [====================>.........] - ETA: 1s - batch_cost: 0.0169 - reader cost: 9.8199e-05
254/348 [====================>.........] - ETA: 1s - batch_cost: 0.0169 - reader cost: 9.6652e-05
258/348 [=====================>........] - ETA: 1s - batch_cost: 0.0169 - reader cost: 9.5154e-05
262/348 [=====================>........] - ETA: 1s - batch_cost: 0.0169 - reader cost: 9.7510e-05
266/348 [=====================>........] - ETA: 1s - batch_cost: 0.0168 - reader cost: 9.6044e-05
270/348 [======================>.......] - ETA: 1s - batch_cost: 0.0168 - reader cost: 9.4621e-05
274/348 [======================>.......] - ETA: 1s - batch_cost: 0.0168 - reader cost: 9.6885e-05
278/348 [======================>.......] - ETA: 1s - batch_cost: 0.0168 - reader cost: 9.5491e-05
281/348 [=======================>......] - ETA: 1s - batch_cost: 0.0168 - reader cost: 9.4471e-05
284/348 [=======================>......] - ETA: 1s - batch_cost: 0.0168 - reader cost: 9.3474e-05
287/348 [=======================>......] - ETA: 1s - batch_cost: 0.0169 - reader cost: 9.5977e-05
290/348 [========================>.....] - ETA: 0s - batch_cost: 0.0169 - reader cost: 9.8465e-05
293/348 [========================>.....] - ETA: 0s - batch_cost: 0.0169 - reader cost: 9.9197e-05
296/348 [========================>.....] - ETA: 0s - batch_cost: 0.0169 - reader cost: 9.8191e-05
300/348 [========================>.....] - ETA: 0s - batch_cost: 0.0169 - reader cost: 9.6882e-05
303/348 [=========================>....] - ETA: 0s - batch_cost: 0.0169 - reader cost: 9.5923e-05
307/348 [=========================>....] - ETA: 0s - batch_cost: 0.0169 - reader cost: 1.0118e-04
310/348 [=========================>....] - ETA: 0s - batch_cost: 0.0169 - reader cost: 1.0020e-04
314/348 [==========================>...] - ETA: 0s - batch_cost: 0.0169 - reader cost: 1.0213e-04
317/348 [==========================>...] - ETA: 0s - batch_cost: 0.0169 - reader cost: 1.0117e-04
321/348 [==========================>...] - ETA: 0s - batch_cost: 0.0169 - reader cost: 9.9905e-05
325/348 [===========================>..] - ETA: 0s - batch_cost: 0.0168 - reader cost: 9.8675e-05
328/348 [===========================>..] - ETA: 0s - batch_cost: 0.0168 - reader cost: 9.7773e-05
331/348 [===========================>..] - ETA: 0s - batch_cost: 0.0169 - reader cost: 9.6887e-05
334/348 [===========================>..] - ETA: 0s - batch_cost: 0.0169 - reader cost: 9.6016e-05
337/348 [============================>.] - ETA: 0s - batch_cost: 0.0169 - reader cost: 9.8129e-05
340/348 [============================>.] - ETA: 0s - batch_cost: 0.0169 - reader cost: 1.0021e-04
343/348 [============================>.] - ETA: 0s - batch_cost: 0.0169 - reader cost: 1.0224e-04
347/348 [============================>.] - ETA: 0s - batch_cost: 0.0168 - reader cost: 1.0106e-04
348/348 [==============================] - 6s 17ms/step - batch_cost: 0.0168 - reader cost: 1.0077e-04

  1/348 [..............................] - ETA: 8s - batch_cost: 0.0234 - reader cost: 0.0125
  4/348 [..............................] - ETA: 6s - batch_cost: 0.0193 - reader cost: 0.0034
  7/348 [..............................] - ETA: 6s - batch_cost: 0.0184 - reader cost: 0.0021
 11/348 [..............................] - ETA: 5s - batch_cost: 0.0175 - reader cost: 0.0013
 15/348 [>.............................] - ETA: 5s - batch_cost: 0.0170 - reader cost: 9.6914e-04
 19/348 [>.............................] - ETA: 5s - batch_cost: 0.0168 - reader cost: 8.4478e-04
 22/348 [>.............................] - ETA: 5s - batch_cost: 0.0167 - reader cost: 7.2958e-04
 26/348 [=>............................] - ETA: 5s - batch_cost: 0.0166 - reader cost: 6.5570e-04
 30/348 [=>............................] - ETA: 5s - batch_cost: 0.0166 - reader cost: 5.6827e-04
 33/348 [=>............................] - ETA: 5s - batch_cost: 0.0166 - reader cost: 5.1661e-04
 36/348 [==>...........................] - ETA: 5s - batch_cost: 0.0167 - reader cost: 4.7356e-04
 39/348 [==>...........................] - ETA: 5s - batch_cost: 0.0167 - reader cost: 4.3713e-04
 43/348 [==>...........................] - ETA: 5s - batch_cost: 0.0165 - reader cost: 3.9647e-04
 46/348 [==>...........................] - ETA: 5s - batch_cost: 0.0165 - reader cost: 3.7061e-04
 49/348 [===>..........................] - ETA: 5s - batch_cost: 0.0166 - reader cost: 3.4792e-04
 52/348 [===>..........................] - ETA: 4s - batch_cost: 0.0167 - reader cost: 3.4722e-04
 56/348 [===>..........................] - ETA: 4s - batch_cost: 0.0166 - reader cost: 3.2241e-04
 59/348 [====>.........................] - ETA: 4s - batch_cost: 0.0166 - reader cost: 3.0602e-04
 62/348 [====>.........................] - ETA: 4s - batch_cost: 0.0166 - reader cost: 2.9121e-04
 65/348 [====>.........................] - ETA: 4s - batch_cost: 0.0166 - reader cost: 2.7777e-04
 68/348 [====>.........................] - ETA: 4s - batch_cost: 0.0167 - reader cost: 2.6552e-04
 71/348 [=====>........................] - ETA: 4s - batch_cost: 0.0167 - reader cost: 2.6491e-04
 75/348 [=====>........................] - ETA: 4s - batch_cost: 0.0166 - reader cost: 2.5078e-04
 78/348 [=====>........................] - ETA: 4s - batch_cost: 0.0166 - reader cost: 2.4114e-04
 82/348 [======>.......................] - ETA: 4s - batch_cost: 0.0166 - reader cost: 2.2938e-04
 85/348 [======>.......................] - ETA: 4s - batch_cost: 0.0166 - reader cost: 2.3306e-04
 88/348 [======>.......................] - ETA: 4s - batch_cost: 0.0167 - reader cost: 2.2511e-04
 92/348 [======>.......................] - ETA: 4s - batch_cost: 0.0167 - reader cost: 2.1533e-04
 96/348 [=======>......................] - ETA: 4s - batch_cost: 0.0166 - reader cost: 2.1162e-04
100/348 [=======>......................] - ETA: 4s - batch_cost: 0.0166 - reader cost: 2.2314e-04
103/348 [=======>......................] - ETA: 4s - batch_cost: 0.0166 - reader cost: 2.2634e-04
107/348 [========>.....................] - ETA: 4s - batch_cost: 0.0166 - reader cost: 2.1788e-04
110/348 [========>.....................] - ETA: 3s - batch_cost: 0.0166 - reader cost: 2.1193e-04
114/348 [========>.....................] - ETA: 3s - batch_cost: 0.0166 - reader cost: 2.1324e-04
117/348 [=========>....................] - ETA: 3s - batch_cost: 0.0166 - reader cost: 2.0777e-04
120/348 [=========>....................] - ETA: 3s - batch_cost: 0.0166 - reader cost: 2.0258e-04
123/348 [=========>....................] - ETA: 3s - batch_cost: 0.0166 - reader cost: 1.9764e-04
126/348 [=========>....................] - ETA: 3s - batch_cost: 0.0166 - reader cost: 1.9293e-04
129/348 [==========>...................] - ETA: 3s - batch_cost: 0.0166 - reader cost: 1.8844e-04
132/348 [==========>...................] - ETA: 3s - batch_cost: 0.0166 - reader cost: 1.8416e-04
135/348 [==========>...................] - ETA: 3s - batch_cost: 0.0166 - reader cost: 1.9487e-04
138/348 [==========>...................] - ETA: 3s - batch_cost: 0.0166 - reader cost: 1.9064e-04
141/348 [===========>..................] - ETA: 3s - batch_cost: 0.0166 - reader cost: 1.8658e-04
145/348 [===========>..................] - ETA: 3s - batch_cost: 0.0166 - reader cost: 1.8143e-04
148/348 [===========>..................] - ETA: 3s - batch_cost: 0.0166 - reader cost: 1.7776e-04
151/348 [============>.................] - ETA: 3s - batch_cost: 0.0166 - reader cost: 1.8089e-04
154/348 [============>.................] - ETA: 3s - batch_cost: 0.0166 - reader cost: 1.7737e-04
157/348 [============>.................] - ETA: 3s - batch_cost: 0.0166 - reader cost: 1.8671e-04
160/348 [============>.................] - ETA: 3s - batch_cost: 0.0167 - reader cost: 1.8321e-04
164/348 [=============>................] - ETA: 3s - batch_cost: 0.0166 - reader cost: 1.7874e-04
167/348 [=============>................] - ETA: 3s - batch_cost: 0.0166 - reader cost: 1.7553e-04
170/348 [=============>................] - ETA: 2s - batch_cost: 0.0166 - reader cost: 1.7243e-04
174/348 [==============>...............] - ETA: 2s - batch_cost: 0.0166 - reader cost: 1.6847e-04
178/348 [==============>...............] - ETA: 2s - batch_cost: 0.0166 - reader cost: 1.7030e-04
182/348 [==============>...............] - ETA: 2s - batch_cost: 0.0166 - reader cost: 1.6656e-04
186/348 [===============>..............] - ETA: 2s - batch_cost: 0.0166 - reader cost: 1.6297e-04
189/348 [===============>..............] - ETA: 2s - batch_cost: 0.0166 - reader cost: 1.6039e-04
192/348 [===============>..............] - ETA: 2s - batch_cost: 0.0166 - reader cost: 1.5788e-04
195/348 [===============>..............] - ETA: 2s - batch_cost: 0.0167 - reader cost: 1.5545e-04
198/348 [================>.............] - ETA: 2s - batch_cost: 0.0167 - reader cost: 1.5310e-04
201/348 [================>.............] - ETA: 2s - batch_cost: 0.0167 - reader cost: 1.5081e-04
205/348 [================>.............] - ETA: 2s - batch_cost: 0.0167 - reader cost: 1.4787e-04
208/348 [================>.............] - ETA: 2s - batch_cost: 0.0167 - reader cost: 1.4574e-04
211/348 [=================>............] - ETA: 2s - batch_cost: 0.0167 - reader cost: 1.4366e-04
214/348 [=================>............] - ETA: 2s - batch_cost: 0.0167 - reader cost: 1.4632e-04
217/348 [=================>............] - ETA: 2s - batch_cost: 0.0167 - reader cost: 1.4430e-04
220/348 [=================>............] - ETA: 2s - batch_cost: 0.0167 - reader cost: 1.4233e-04
224/348 [==================>...........] - ETA: 2s - batch_cost: 0.0167 - reader cost: 1.3979e-04
228/348 [==================>...........] - ETA: 2s - batch_cost: 0.0167 - reader cost: 1.3734e-04
232/348 [===================>..........] - ETA: 1s - batch_cost: 0.0167 - reader cost: 1.3497e-04
236/348 [===================>..........] - ETA: 1s - batch_cost: 0.0167 - reader cost: 1.3268e-04
240/348 [===================>..........] - ETA: 1s - batch_cost: 0.0167 - reader cost: 1.3047e-04
244/348 [====================>.........] - ETA: 1s - batch_cost: 0.0167 - reader cost: 1.3244e-04
248/348 [====================>.........] - ETA: 1s - batch_cost: 0.0166 - reader cost: 1.3030e-04
252/348 [====================>.........] - ETA: 1s - batch_cost: 0.0166 - reader cost: 1.2823e-04
255/348 [====================>.........] - ETA: 1s - batch_cost: 0.0166 - reader cost: 1.2672e-04
259/348 [=====================>........] - ETA: 1s - batch_cost: 0.0166 - reader cost: 1.2477e-04
262/348 [=====================>........] - ETA: 1s - batch_cost: 0.0166 - reader cost: 1.2716e-04
266/348 [=====================>........] - ETA: 1s - batch_cost: 0.0166 - reader cost: 1.2525e-04
270/348 [======================>.......] - ETA: 1s - batch_cost: 0.0166 - reader cost: 1.2339e-04
273/348 [======================>.......] - ETA: 1s - batch_cost: 0.0166 - reader cost: 1.2571e-04
276/348 [======================>.......] - ETA: 1s - batch_cost: 0.0166 - reader cost: 1.2434e-04
280/348 [=======================>......] - ETA: 1s - batch_cost: 0.0166 - reader cost: 1.2614e-04
284/348 [=======================>......] - ETA: 1s - batch_cost: 0.0166 - reader cost: 1.2436e-04
287/348 [=======================>......] - ETA: 1s - batch_cost: 0.0166 - reader cost: 1.2306e-04
290/348 [========================>.....] - ETA: 0s - batch_cost: 0.0166 - reader cost: 1.2522e-04
293/348 [========================>.....] - ETA: 0s - batch_cost: 0.0166 - reader cost: 1.2908e-04
296/348 [========================>.....] - ETA: 0s - batch_cost: 0.0166 - reader cost: 1.2777e-04
299/348 [========================>.....] - ETA: 0s - batch_cost: 0.0166 - reader cost: 1.2649e-04
302/348 [=========================>....] - ETA: 0s - batch_cost: 0.0166 - reader cost: 1.2631e-04
306/348 [=========================>....] - ETA: 0s - batch_cost: 0.0166 - reader cost: 1.2466e-04
309/348 [=========================>....] - ETA: 0s - batch_cost: 0.0166 - reader cost: 1.2345e-04
313/348 [=========================>....] - ETA: 0s - batch_cost: 0.0166 - reader cost: 1.2187e-04
316/348 [==========================>...] - ETA: 0s - batch_cost: 0.0166 - reader cost: 1.2071e-04
320/348 [==========================>...] - ETA: 0s - batch_cost: 0.0166 - reader cost: 1.1920e-04
323/348 [==========================>...] - ETA: 0s - batch_cost: 0.0166 - reader cost: 1.1810e-04
326/348 [===========================>..] - ETA: 0s - batch_cost: 0.0166 - reader cost: 1.1701e-04
329/348 [===========================>..] - ETA: 0s - batch_cost: 0.0166 - reader cost: 1.1898e-04
332/348 [===========================>..] - ETA: 0s - batch_cost: 0.0167 - reader cost: 1.1791e-04
335/348 [===========================>..] - ETA: 0s - batch_cost: 0.0167 - reader cost: 1.1685e-04
338/348 [============================>.] - ETA: 0s - batch_cost: 0.0167 - reader cost: 1.1582e-04
341/348 [============================>.] - ETA: 0s - batch_cost: 0.0167 - reader cost: 1.1480e-04
344/348 [============================>.] - ETA: 0s - batch_cost: 0.0167 - reader cost: 1.1380e-04
348/348 [==============================] - 6s 17ms/step - batch_cost: 0.0167 - reader cost: 1.1249e-04

  1/348 [..............................] - ETA: 10s - batch_cost: 0.0302 - reader cost: 0.0111
  4/348 [..............................] - ETA: 7s - batch_cost: 0.0210 - reader cost: 0.0028 
  7/348 [..............................] - ETA: 6s - batch_cost: 0.0193 - reader cost: 0.0016
 11/348 [..............................] - ETA: 6s - batch_cost: 0.0176 - reader cost: 0.0010
 14/348 [>.............................] - ETA: 5s - batch_cost: 0.0173 - reader cost: 7.9543e-04
 17/348 [>.............................] - ETA: 5s - batch_cost: 0.0173 - reader cost: 6.5506e-04
 20/348 [>.............................] - ETA: 5s - batch_cost: 0.0173 - reader cost: 5.5680e-04
 23/348 [>.............................] - ETA: 5s - batch_cost: 0.0172 - reader cost: 4.8418e-04
 26/348 [=>............................] - ETA: 5s - batch_cost: 0.0172 - reader cost: 4.2831e-04
 29/348 [=>............................] - ETA: 5s - batch_cost: 0.0171 - reader cost: 3.8400e-04
 33/348 [=>............................] - ETA: 5s - batch_cost: 0.0169 - reader cost: 3.3746e-04
 37/348 [==>...........................] - ETA: 5s - batch_cost: 0.0168 - reader cost: 3.0097e-04
 41/348 [==>...........................] - ETA: 5s - batch_cost: 0.0167 - reader cost: 2.9599e-04
 45/348 [==>...........................] - ETA: 5s - batch_cost: 0.0166 - reader cost: 2.9191e-04
 49/348 [===>..........................] - ETA: 5s - batch_cost: 0.0165 - reader cost: 2.6808e-04
 53/348 [===>..........................] - ETA: 4s - batch_cost: 0.0163 - reader cost: 2.6670e-04
 57/348 [===>..........................] - ETA: 4s - batch_cost: 0.0163 - reader cost: 2.4799e-04
 61/348 [====>.........................] - ETA: 4s - batch_cost: 0.0162 - reader cost: 2.3173e-04
 64/348 [====>.........................] - ETA: 4s - batch_cost: 0.0162 - reader cost: 2.2087e-04
 68/348 [====>.........................] - ETA: 4s - batch_cost: 0.0162 - reader cost: 2.0787e-04
 71/348 [=====>........................] - ETA: 4s - batch_cost: 0.0162 - reader cost: 1.9909e-04
 75/348 [=====>........................] - ETA: 4s - batch_cost: 0.0162 - reader cost: 2.1514e-04
 79/348 [=====>........................] - ETA: 4s - batch_cost: 0.0161 - reader cost: 2.0425e-04
 83/348 [======>.......................] - ETA: 4s - batch_cost: 0.0161 - reader cost: 2.0049e-04
 86/348 [======>.......................] - ETA: 4s - batch_cost: 0.0161 - reader cost: 2.0512e-04
 90/348 [======>.......................] - ETA: 4s - batch_cost: 0.0161 - reader cost: 1.9601e-04
 94/348 [=======>......................] - ETA: 4s - batch_cost: 0.0160 - reader cost: 1.8767e-04
 98/348 [=======>......................] - ETA: 4s - batch_cost: 0.0160 - reader cost: 1.9020e-04
101/348 [=======>......................] - ETA: 4s - batch_cost: 0.0160 - reader cost: 1.8969e-04
105/348 [========>.....................] - ETA: 3s - batch_cost: 0.0160 - reader cost: 1.8247e-04
109/348 [========>.....................] - ETA: 3s - batch_cost: 0.0160 - reader cost: 1.7577e-04
113/348 [========>.....................] - ETA: 3s - batch_cost: 0.0159 - reader cost: 1.6955e-04
117/348 [=========>....................] - ETA: 3s - batch_cost: 0.0160 - reader cost: 1.6375e-04
121/348 [=========>....................] - ETA: 3s - batch_cost: 0.0159 - reader cost: 1.5834e-04
125/348 [=========>....................] - ETA: 3s - batch_cost: 0.0159 - reader cost: 1.5327e-04
129/348 [==========>...................] - ETA: 3s - batch_cost: 0.0159 - reader cost: 1.5627e-04
133/348 [==========>...................] - ETA: 3s - batch_cost: 0.0158 - reader cost: 1.5157e-04
137/348 [==========>...................] - ETA: 3s - batch_cost: 0.0158 - reader cost: 1.4715e-04
141/348 [===========>..................] - ETA: 3s - batch_cost: 0.0158 - reader cost: 1.4297e-04
145/348 [===========>..................] - ETA: 3s - batch_cost: 0.0158 - reader cost: 1.3903e-04
149/348 [===========>..................] - ETA: 3s - batch_cost: 0.0158 - reader cost: 1.3530e-04
153/348 [============>.................] - ETA: 3s - batch_cost: 0.0158 - reader cost: 1.3176e-04
156/348 [============>.................] - ETA: 3s - batch_cost: 0.0158 - reader cost: 1.2922e-04
159/348 [============>.................] - ETA: 3s - batch_cost: 0.0158 - reader cost: 1.3308e-04
163/348 [=============>................] - ETA: 2s - batch_cost: 0.0158 - reader cost: 1.2982e-04
166/348 [=============>................] - ETA: 2s - batch_cost: 0.0158 - reader cost: 1.3348e-04
170/348 [=============>................] - ETA: 2s - batch_cost: 0.0158 - reader cost: 1.3034e-04
174/348 [==============>...............] - ETA: 2s - batch_cost: 0.0158 - reader cost: 1.2734e-04
178/348 [==============>...............] - ETA: 2s - batch_cost: 0.0158 - reader cost: 1.2448e-04
181/348 [==============>...............] - ETA: 2s - batch_cost: 0.0158 - reader cost: 1.2242e-04
185/348 [==============>...............] - ETA: 2s - batch_cost: 0.0158 - reader cost: 1.1977e-04
189/348 [===============>..............] - ETA: 2s - batch_cost: 0.0158 - reader cost: 1.1723e-04
192/348 [===============>..............] - ETA: 2s - batch_cost: 0.0158 - reader cost: 1.1540e-04
195/348 [===============>..............] - ETA: 2s - batch_cost: 0.0159 - reader cost: 1.1363e-04
198/348 [================>.............] - ETA: 2s - batch_cost: 0.0159 - reader cost: 1.1191e-04
202/348 [================>.............] - ETA: 2s - batch_cost: 0.0158 - reader cost: 1.0969e-04
206/348 [================>.............] - ETA: 2s - batch_cost: 0.0158 - reader cost: 1.0756e-04
210/348 [=================>............] - ETA: 2s - batch_cost: 0.0158 - reader cost: 1.0551e-04
214/348 [=================>............] - ETA: 2s - batch_cost: 0.0158 - reader cost: 1.0354e-04
218/348 [=================>............] - ETA: 2s - batch_cost: 0.0158 - reader cost: 1.0622e-04
222/348 [==================>...........] - ETA: 2s - batch_cost: 0.0158 - reader cost: 1.0431e-04
226/348 [==================>...........] - ETA: 1s - batch_cost: 0.0158 - reader cost: 1.0246e-04
230/348 [==================>...........] - ETA: 1s - batch_cost: 0.0158 - reader cost: 1.0503e-04
234/348 [===================>..........] - ETA: 1s - batch_cost: 0.0158 - reader cost: 1.0324e-04
237/348 [===================>..........] - ETA: 1s - batch_cost: 0.0158 - reader cost: 1.0615e-04
240/348 [===================>..........] - ETA: 1s - batch_cost: 0.0158 - reader cost: 1.0482e-04
243/348 [===================>..........] - ETA: 1s - batch_cost: 0.0158 - reader cost: 1.0353e-04
246/348 [====================>.........] - ETA: 1s - batch_cost: 0.0159 - reader cost: 1.0226e-04
249/348 [====================>.........] - ETA: 1s - batch_cost: 0.0159 - reader cost: 1.0505e-04
253/348 [====================>.........] - ETA: 1s - batch_cost: 0.0159 - reader cost: 1.0339e-04
256/348 [=====================>........] - ETA: 1s - batch_cost: 0.0159 - reader cost: 1.0217e-04
259/348 [=====================>........] - ETA: 1s - batch_cost: 0.0159 - reader cost: 1.0099e-04
262/348 [=====================>........] - ETA: 1s - batch_cost: 0.0159 - reader cost: 1.0365e-04
265/348 [=====================>........] - ETA: 1s - batch_cost: 0.0160 - reader cost: 1.0625e-04
268/348 [======================>.......] - ETA: 1s - batch_cost: 0.0160 - reader cost: 1.0506e-04
271/348 [======================>.......] - ETA: 1s - batch_cost: 0.0160 - reader cost: 1.0945e-04
275/348 [======================>.......] - ETA: 1s - batch_cost: 0.0160 - reader cost: 1.0785e-04
279/348 [=======================>......] - ETA: 1s - batch_cost: 0.0160 - reader cost: 1.0631e-04
283/348 [=======================>......] - ETA: 1s - batch_cost: 0.0160 - reader cost: 1.0480e-04
287/348 [=======================>......] - ETA: 0s - batch_cost: 0.0160 - reader cost: 1.0334e-04
291/348 [========================>.....] - ETA: 0s - batch_cost: 0.0160 - reader cost: 1.0192e-04
294/348 [========================>.....] - ETA: 0s - batch_cost: 0.0160 - reader cost: 1.0088e-04
297/348 [========================>.....] - ETA: 0s - batch_cost: 0.0160 - reader cost: 9.9864e-05
300/348 [========================>.....] - ETA: 0s - batch_cost: 0.0160 - reader cost: 9.8866e-05
303/348 [=========================>....] - ETA: 0s - batch_cost: 0.0160 - reader cost: 9.7887e-05
306/348 [=========================>....] - ETA: 0s - batch_cost: 0.0160 - reader cost: 9.6927e-05
310/348 [=========================>....] - ETA: 0s - batch_cost: 0.0160 - reader cost: 9.5677e-05
314/348 [==========================>...] - ETA: 0s - batch_cost: 0.0160 - reader cost: 9.4458e-05
318/348 [==========================>...] - ETA: 0s - batch_cost: 0.0160 - reader cost: 9.6397e-05
322/348 [==========================>...] - ETA: 0s - batch_cost: 0.0160 - reader cost: 9.8305e-05
325/348 [===========================>..] - ETA: 0s - batch_cost: 0.0160 - reader cost: 9.7397e-05
329/348 [===========================>..] - ETA: 0s - batch_cost: 0.0160 - reader cost: 9.6213e-05
333/348 [===========================>..] - ETA: 0s - batch_cost: 0.0160 - reader cost: 9.5057e-05
336/348 [===========================>..] - ETA: 0s - batch_cost: 0.0160 - reader cost: 9.4209e-05
339/348 [============================>.] - ETA: 0s - batch_cost: 0.0160 - reader cost: 9.3375e-05
342/348 [============================>.] - ETA: 0s - batch_cost: 0.0161 - reader cost: 9.5503e-05
346/348 [============================>.] - ETA: 0s - batch_cost: 0.0160 - reader cost: 9.4399e-05
348/348 [==============================] - 6s 16ms/step - batch_cost: 0.0160 - reader cost: 9.3856e-05

  1/348 [..............................] - ETA: 6s - batch_cost: 0.0200 - reader cost: 0.0080
  5/348 [..............................] - ETA: 5s - batch_cost: 0.0170 - reader cost: 0.0016
  8/348 [..............................] - ETA: 5s - batch_cost: 0.0167 - reader cost: 0.0010
 11/348 [..............................] - ETA: 5s - batch_cost: 0.0167 - reader cost: 7.2729e-04
 14/348 [>.............................] - ETA: 5s - batch_cost: 0.0168 - reader cost: 5.7144e-04
 18/348 [>.............................] - ETA: 5s - batch_cost: 0.0165 - reader cost: 4.4445e-04
 21/348 [>.............................] - ETA: 5s - batch_cost: 0.0166 - reader cost: 3.8096e-04
 25/348 [=>............................] - ETA: 5s - batch_cost: 0.0166 - reader cost: 3.2001e-04
 29/348 [=>............................] - ETA: 5s - batch_cost: 0.0165 - reader cost: 2.7587e-04
 33/348 [=>............................] - ETA: 5s - batch_cost: 0.0163 - reader cost: 2.4243e-04
 37/348 [==>...........................] - ETA: 5s - batch_cost: 0.0162 - reader cost: 2.1622e-04
 41/348 [==>...........................] - ETA: 5s - batch_cost: 0.0162 - reader cost: 2.1948e-04
 44/348 [==>...........................] - ETA: 5s - batch_cost: 0.0163 - reader cost: 2.0452e-04
 47/348 [===>..........................] - ETA: 4s - batch_cost: 0.0163 - reader cost: 1.9147e-04
 51/348 [===>..........................] - ETA: 4s - batch_cost: 0.0163 - reader cost: 1.7645e-04
 55/348 [===>..........................] - ETA: 4s - batch_cost: 0.0164 - reader cost: 1.6362e-04
 58/348 [====>.........................] - ETA: 4s - batch_cost: 0.0164 - reader cost: 1.5515e-04
 61/348 [====>.........................] - ETA: 4s - batch_cost: 0.0164 - reader cost: 1.4752e-04
 65/348 [====>.........................] - ETA: 4s - batch_cost: 0.0164 - reader cost: 1.3844e-04
 68/348 [====>.........................] - ETA: 4s - batch_cost: 0.0164 - reader cost: 1.3234e-04
 71/348 [=====>........................] - ETA: 4s - batch_cost: 0.0164 - reader cost: 1.4084e-04
 74/348 [=====>........................] - ETA: 4s - batch_cost: 0.0165 - reader cost: 1.4865e-04
 77/348 [=====>........................] - ETA: 4s - batch_cost: 0.0165 - reader cost: 1.5567e-04
 80/348 [=====>........................] - ETA: 4s - batch_cost: 0.0165 - reader cost: 1.4983e-04
 83/348 [======>.......................] - ETA: 4s - batch_cost: 0.0166 - reader cost: 1.5647e-04
 86/348 [======>.......................] - ETA: 4s - batch_cost: 0.0166 - reader cost: 1.5101e-04
 89/348 [======>.......................] - ETA: 4s - batch_cost: 0.0167 - reader cost: 1.4592e-04
 92/348 [======>.......................] - ETA: 4s - batch_cost: 0.0167 - reader cost: 1.5219e-04
 95/348 [=======>......................] - ETA: 4s - batch_cost: 0.0167 - reader cost: 1.4738e-04
 98/348 [=======>......................] - ETA: 4s - batch_cost: 0.0168 - reader cost: 1.4287e-04
102/348 [=======>......................] - ETA: 4s - batch_cost: 0.0167 - reader cost: 1.3727e-04
105/348 [========>.....................] - ETA: 4s - batch_cost: 0.0167 - reader cost: 1.3335e-04
108/348 [========>.....................] - ETA: 4s - batch_cost: 0.0167 - reader cost: 1.2964e-04
111/348 [========>.....................] - ETA: 4s - batch_cost: 0.0167 - reader cost: 1.3520e-04
115/348 [========>.....................] - ETA: 3s - batch_cost: 0.0167 - reader cost: 1.3050e-04
118/348 [=========>....................] - ETA: 3s - batch_cost: 0.0167 - reader cost: 1.2718e-04
122/348 [=========>....................] - ETA: 3s - batch_cost: 0.0167 - reader cost: 1.2301e-04
126/348 [=========>....................] - ETA: 3s - batch_cost: 0.0166 - reader cost: 1.1911e-04
130/348 [==========>...................] - ETA: 3s - batch_cost: 0.0166 - reader cost: 1.2315e-04
134/348 [==========>...................] - ETA: 3s - batch_cost: 0.0166 - reader cost: 1.1947e-04
138/348 [==========>...................] - ETA: 3s - batch_cost: 0.0165 - reader cost: 1.1601e-04
142/348 [===========>..................] - ETA: 3s - batch_cost: 0.0165 - reader cost: 1.1274e-04
146/348 [===========>..................] - ETA: 3s - batch_cost: 0.0165 - reader cost: 1.1654e-04
150/348 [===========>..................] - ETA: 3s - batch_cost: 0.0164 - reader cost: 1.1343e-04
153/348 [============>.................] - ETA: 3s - batch_cost: 0.0165 - reader cost: 1.1121e-04
157/348 [============>.................] - ETA: 3s - batch_cost: 0.0165 - reader cost: 1.1475e-04
160/348 [============>.................] - ETA: 3s - batch_cost: 0.0165 - reader cost: 1.1581e-04
163/348 [=============>................] - ETA: 3s - batch_cost: 0.0165 - reader cost: 1.1368e-04
166/348 [=============>................] - ETA: 3s - batch_cost: 0.0165 - reader cost: 1.1769e-04
169/348 [=============>................] - ETA: 3s - batch_cost: 0.0165 - reader cost: 1.1560e-04
172/348 [=============>................] - ETA: 2s - batch_cost: 0.0166 - reader cost: 1.1358e-04
176/348 [==============>...............] - ETA: 2s - batch_cost: 0.0166 - reader cost: 1.1100e-04
179/348 [==============>...............] - ETA: 2s - batch_cost: 0.0166 - reader cost: 1.0914e-04
182/348 [==============>...............] - ETA: 2s - batch_cost: 0.0166 - reader cost: 1.0734e-04
185/348 [==============>...............] - ETA: 2s - batch_cost: 0.0166 - reader cost: 1.0560e-04
188/348 [===============>..............] - ETA: 2s - batch_cost: 0.0166 - reader cost: 1.0922e-04
192/348 [===============>..............] - ETA: 2s - batch_cost: 0.0166 - reader cost: 1.1216e-04
195/348 [===============>..............] - ETA: 2s - batch_cost: 0.0166 - reader cost: 1.1360e-04
199/348 [================>.............] - ETA: 2s - batch_cost: 0.0166 - reader cost: 1.1132e-04
203/348 [================>.............] - ETA: 2s - batch_cost: 0.0165 - reader cost: 1.0913e-04
207/348 [================>.............] - ETA: 2s - batch_cost: 0.0165 - reader cost: 1.0702e-04
211/348 [=================>............] - ETA: 2s - batch_cost: 0.0165 - reader cost: 1.0973e-04
215/348 [=================>............] - ETA: 2s - batch_cost: 0.0165 - reader cost: 1.0769e-04
219/348 [=================>............] - ETA: 2s - batch_cost: 0.0164 - reader cost: 1.1029e-04
222/348 [==================>...........] - ETA: 2s - batch_cost: 0.0165 - reader cost: 1.0880e-04
225/348 [==================>...........] - ETA: 2s - batch_cost: 0.0165 - reader cost: 1.0735e-04
229/348 [==================>...........] - ETA: 1s - batch_cost: 0.0165 - reader cost: 1.0547e-04
232/348 [===================>..........] - ETA: 1s - batch_cost: 0.0165 - reader cost: 1.0842e-04
235/348 [===================>..........] - ETA: 1s - batch_cost: 0.0165 - reader cost: 1.0703e-04
239/348 [===================>..........] - ETA: 1s - batch_cost: 0.0165 - reader cost: 1.0524e-04
242/348 [===================>..........] - ETA: 1s - batch_cost: 0.0165 - reader cost: 1.0394e-04
245/348 [====================>.........] - ETA: 1s - batch_cost: 0.0165 - reader cost: 1.0267e-04
249/348 [====================>.........] - ETA: 1s - batch_cost: 0.0165 - reader cost: 1.0504e-04
252/348 [====================>.........] - ETA: 1s - batch_cost: 0.0165 - reader cost: 1.0379e-04
256/348 [=====================>........] - ETA: 1s - batch_cost: 0.0165 - reader cost: 1.0607e-04
259/348 [=====================>........] - ETA: 1s - batch_cost: 0.0165 - reader cost: 1.0484e-04
263/348 [=====================>........] - ETA: 1s - batch_cost: 0.0164 - reader cost: 1.0324e-04
267/348 [======================>.......] - ETA: 1s - batch_cost: 0.0164 - reader cost: 1.0544e-04
271/348 [======================>.......] - ETA: 1s - batch_cost: 0.0164 - reader cost: 1.0389e-04
275/348 [======================>.......] - ETA: 1s - batch_cost: 0.0164 - reader cost: 1.0237e-04
279/348 [=======================>......] - ETA: 1s - batch_cost: 0.0164 - reader cost: 1.0091e-04
282/348 [=======================>......] - ETA: 1s - batch_cost: 0.0164 - reader cost: 1.0338e-04
286/348 [=======================>......] - ETA: 1s - batch_cost: 0.0164 - reader cost: 1.0193e-04
290/348 [========================>.....] - ETA: 0s - batch_cost: 0.0164 - reader cost: 1.0052e-04
293/348 [========================>.....] - ETA: 0s - batch_cost: 0.0164 - reader cost: 1.0291e-04
296/348 [========================>.....] - ETA: 0s - batch_cost: 0.0164 - reader cost: 1.0360e-04
299/348 [========================>.....] - ETA: 0s - batch_cost: 0.0164 - reader cost: 1.0256e-04
302/348 [=========================>....] - ETA: 0s - batch_cost: 0.0164 - reader cost: 1.0154e-04
306/348 [=========================>....] - ETA: 0s - batch_cost: 0.0164 - reader cost: 1.0022e-04
310/348 [=========================>....] - ETA: 0s - batch_cost: 0.0163 - reader cost: 1.0214e-04
314/348 [==========================>...] - ETA: 0s - batch_cost: 0.0163 - reader cost: 1.0084e-04
318/348 [==========================>...] - ETA: 0s - batch_cost: 0.0163 - reader cost: 9.9571e-05
322/348 [==========================>...] - ETA: 0s - batch_cost: 0.0163 - reader cost: 9.8334e-05
325/348 [===========================>..] - ETA: 0s - batch_cost: 0.0163 - reader cost: 9.7427e-05
328/348 [===========================>..] - ETA: 0s - batch_cost: 0.0163 - reader cost: 9.9587e-05
331/348 [===========================>..] - ETA: 0s - batch_cost: 0.0163 - reader cost: 9.8684e-05
334/348 [===========================>..] - ETA: 0s - batch_cost: 0.0164 - reader cost: 9.7798e-05
337/348 [============================>.] - ETA: 0s - batch_cost: 0.0164 - reader cost: 9.6927e-05
341/348 [============================>.] - ETA: 0s - batch_cost: 0.0164 - reader cost: 9.5790e-05
345/348 [============================>.] - ETA: 0s - batch_cost: 0.0164 - reader cost: 9.4680e-05
348/348 [==============================] - 6s 17ms/step - batch_cost: 0.0163 - reader cost: 9.3864e-05

  1/348 [..............................] - ETA: 12s - batch_cost: 0.0367 - reader cost: 0.0145
  4/348 [..............................] - ETA: 8s - batch_cost: 0.0247 - reader cost: 0.0038 
  7/348 [..............................] - ETA: 7s - batch_cost: 0.0216 - reader cost: 0.0021
 10/348 [..............................] - ETA: 6s - batch_cost: 0.0201 - reader cost: 0.0015
 13/348 [>.............................] - ETA: 6s - batch_cost: 0.0194 - reader cost: 0.0012
 16/348 [>.............................] - ETA: 6s - batch_cost: 0.0192 - reader cost: 9.7179e-04
 20/348 [>.............................] - ETA: 6s - batch_cost: 0.0186 - reader cost: 7.7744e-04
 24/348 [=>............................] - ETA: 5s - batch_cost: 0.0180 - reader cost: 6.8956e-04
 28/348 [=>............................] - ETA: 5s - batch_cost: 0.0177 - reader cost: 5.9105e-04
 32/348 [=>............................] - ETA: 5s - batch_cost: 0.0173 - reader cost: 5.1717e-04
 36/348 [==>...........................] - ETA: 5s - batch_cost: 0.0172 - reader cost: 4.5970e-04
 39/348 [==>...........................] - ETA: 5s - batch_cost: 0.0173 - reader cost: 4.2434e-04
 42/348 [==>...........................] - ETA: 5s - batch_cost: 0.0173 - reader cost: 4.1785e-04
 45/348 [==>...........................] - ETA: 5s - batch_cost: 0.0173 - reader cost: 3.8999e-04
 49/348 [===>..........................] - ETA: 5s - batch_cost: 0.0172 - reader cost: 3.5815e-04
 53/348 [===>..........................] - ETA: 5s - batch_cost: 0.0171 - reader cost: 3.3112e-04
 56/348 [===>..........................] - ETA: 5s - batch_cost: 0.0171 - reader cost: 3.1338e-04
 59/348 [====>.........................] - ETA: 5s - batch_cost: 0.0171 - reader cost: 2.9745e-04
 63/348 [====>.........................] - ETA: 4s - batch_cost: 0.0170 - reader cost: 2.7856e-04
 67/348 [====>.........................] - ETA: 4s - batch_cost: 0.0169 - reader cost: 2.6193e-04
 71/348 [=====>........................] - ETA: 4s - batch_cost: 0.0169 - reader cost: 2.4718e-04
 75/348 [=====>........................] - ETA: 4s - batch_cost: 0.0168 - reader cost: 2.3399e-04
 79/348 [=====>........................] - ETA: 4s - batch_cost: 0.0167 - reader cost: 2.2215e-04
 82/348 [======>.......................] - ETA: 4s - batch_cost: 0.0167 - reader cost: 2.1402e-04
 85/348 [======>.......................] - ETA: 4s - batch_cost: 0.0167 - reader cost: 2.0646e-04
 89/348 [======>.......................] - ETA: 4s - batch_cost: 0.0167 - reader cost: 1.9719e-04
 93/348 [=======>......................] - ETA: 4s - batch_cost: 0.0167 - reader cost: 1.9943e-04
 97/348 [=======>......................] - ETA: 4s - batch_cost: 0.0166 - reader cost: 2.0151e-04
101/348 [=======>......................] - ETA: 4s - batch_cost: 0.0166 - reader cost: 1.9353e-04
105/348 [========>.....................] - ETA: 4s - batch_cost: 0.0165 - reader cost: 1.9565e-04
109/348 [========>.....................] - ETA: 3s - batch_cost: 0.0165 - reader cost: 1.9766e-04
112/348 [========>.....................] - ETA: 3s - batch_cost: 0.0165 - reader cost: 1.9237e-04
116/348 [=========>....................] - ETA: 3s - batch_cost: 0.0165 - reader cost: 1.8573e-04
120/348 [=========>....................] - ETA: 3s - batch_cost: 0.0165 - reader cost: 1.7954e-04
123/348 [=========>....................] - ETA: 3s - batch_cost: 0.0165 - reader cost: 1.7516e-04
126/348 [=========>....................] - ETA: 3s - batch_cost: 0.0165 - reader cost: 1.7099e-04
130/348 [==========>...................] - ETA: 3s - batch_cost: 0.0165 - reader cost: 1.6573e-04
133/348 [==========>...................] - ETA: 3s - batch_cost: 0.0165 - reader cost: 1.6199e-04
137/348 [==========>...................] - ETA: 3s - batch_cost: 0.0165 - reader cost: 1.5726e-04
141/348 [===========>..................] - ETA: 3s - batch_cost: 0.0165 - reader cost: 1.5989e-04
144/348 [===========>..................] - ETA: 3s - batch_cost: 0.0165 - reader cost: 1.5656e-04
147/348 [===========>..................] - ETA: 3s - batch_cost: 0.0165 - reader cost: 1.5337e-04
150/348 [===========>..................] - ETA: 3s - batch_cost: 0.0165 - reader cost: 1.6033e-04
153/348 [============>.................] - ETA: 3s - batch_cost: 0.0165 - reader cost: 1.5719e-04
156/348 [============>.................] - ETA: 3s - batch_cost: 0.0166 - reader cost: 1.5417e-04
159/348 [============>.................] - ETA: 3s - batch_cost: 0.0166 - reader cost: 1.5126e-04
162/348 [============>.................] - ETA: 3s - batch_cost: 0.0166 - reader cost: 1.4846e-04
166/348 [=============>................] - ETA: 3s - batch_cost: 0.0166 - reader cost: 1.4488e-04
169/348 [=============>................] - ETA: 3s - batch_cost: 0.0166 - reader cost: 1.4231e-04
172/348 [=============>................] - ETA: 2s - batch_cost: 0.0166 - reader cost: 1.3982e-04
176/348 [==============>...............] - ETA: 2s - batch_cost: 0.0166 - reader cost: 1.4236e-04
180/348 [==============>...............] - ETA: 2s - batch_cost: 0.0165 - reader cost: 1.3920e-04
183/348 [==============>...............] - ETA: 2s - batch_cost: 0.0165 - reader cost: 1.3692e-04
187/348 [===============>..............] - ETA: 2s - batch_cost: 0.0165 - reader cost: 1.3399e-04
190/348 [===============>..............] - ETA: 2s - batch_cost: 0.0165 - reader cost: 1.3504e-04
194/348 [===============>..............] - ETA: 2s - batch_cost: 0.0165 - reader cost: 1.3225e-04
198/348 [================>.............] - ETA: 2s - batch_cost: 0.0165 - reader cost: 1.2958e-04
202/348 [================>.............] - ETA: 2s - batch_cost: 0.0165 - reader cost: 1.2701e-04
206/348 [================>.............] - ETA: 2s - batch_cost: 0.0165 - reader cost: 1.2455e-04
209/348 [=================>............] - ETA: 2s - batch_cost: 0.0165 - reader cost: 1.2276e-04
212/348 [=================>............] - ETA: 2s - batch_cost: 0.0165 - reader cost: 1.2102e-04
216/348 [=================>............] - ETA: 2s - batch_cost: 0.0165 - reader cost: 1.1878e-04
219/348 [=================>............] - ETA: 2s - batch_cost: 0.0165 - reader cost: 1.1715e-04
223/348 [==================>...........] - ETA: 2s - batch_cost: 0.0165 - reader cost: 1.1505e-04
227/348 [==================>...........] - ETA: 2s - batch_cost: 0.0165 - reader cost: 1.1303e-04
231/348 [==================>...........] - ETA: 1s - batch_cost: 0.0165 - reader cost: 1.1107e-04
234/348 [===================>..........] - ETA: 1s - batch_cost: 0.0165 - reader cost: 1.0965e-04
238/348 [===================>..........] - ETA: 1s - batch_cost: 0.0164 - reader cost: 1.0780e-04
242/348 [===================>..........] - ETA: 1s - batch_cost: 0.0164 - reader cost: 1.0602e-04
246/348 [====================>.........] - ETA: 1s - batch_cost: 0.0164 - reader cost: 1.0430e-04
249/348 [====================>.........] - ETA: 1s - batch_cost: 0.0164 - reader cost: 1.0304e-04
252/348 [====================>.........] - ETA: 1s - batch_cost: 0.0164 - reader cost: 1.0181e-04
256/348 [=====================>........] - ETA: 1s - batch_cost: 0.0164 - reader cost: 1.0022e-04
259/348 [=====================>........] - ETA: 1s - batch_cost: 0.0164 - reader cost: 9.9062e-05
262/348 [=====================>........] - ETA: 1s - batch_cost: 0.0164 - reader cost: 1.0174e-04
266/348 [=====================>........] - ETA: 1s - batch_cost: 0.0164 - reader cost: 1.0021e-04
269/348 [======================>.......] - ETA: 1s - batch_cost: 0.0164 - reader cost: 9.9094e-05
273/348 [======================>.......] - ETA: 1s - batch_cost: 0.0164 - reader cost: 9.7642e-05
277/348 [======================>.......] - ETA: 1s - batch_cost: 0.0164 - reader cost: 9.6232e-05
281/348 [=======================>......] - ETA: 1s - batch_cost: 0.0164 - reader cost: 9.4863e-05
285/348 [=======================>......] - ETA: 1s - batch_cost: 0.0164 - reader cost: 9.3531e-05
289/348 [=======================>......] - ETA: 0s - batch_cost: 0.0164 - reader cost: 9.2237e-05
292/348 [========================>.....] - ETA: 0s - batch_cost: 0.0164 - reader cost: 9.1289e-05
296/348 [========================>.....] - ETA: 0s - batch_cost: 0.0164 - reader cost: 9.0055e-05
300/348 [========================>.....] - ETA: 0s - batch_cost: 0.0163 - reader cost: 8.8855e-05
303/348 [=========================>....] - ETA: 0s - batch_cost: 0.0163 - reader cost: 8.7975e-05
307/348 [=========================>....] - ETA: 0s - batch_cost: 0.0163 - reader cost: 9.0060e-05
311/348 [=========================>....] - ETA: 0s - batch_cost: 0.0163 - reader cost: 8.8902e-05
314/348 [==========================>...] - ETA: 0s - batch_cost: 0.0163 - reader cost: 8.8052e-05
317/348 [==========================>...] - ETA: 0s - batch_cost: 0.0163 - reader cost: 8.7219e-05
320/348 [==========================>...] - ETA: 0s - batch_cost: 0.0163 - reader cost: 8.6401e-05
323/348 [==========================>...] - ETA: 0s - batch_cost: 0.0163 - reader cost: 8.5599e-05
327/348 [===========================>..] - ETA: 0s - batch_cost: 0.0163 - reader cost: 8.7608e-05
330/348 [===========================>..] - ETA: 0s - batch_cost: 0.0163 - reader cost: 8.6812e-05
333/348 [===========================>..] - ETA: 0s - batch_cost: 0.0163 - reader cost: 8.6030e-05
336/348 [===========================>..] - ETA: 0s - batch_cost: 0.0163 - reader cost: 8.5262e-05
340/348 [============================>.] - ETA: 0s - batch_cost: 0.0163 - reader cost: 8.4259e-05
343/348 [============================>.] - ETA: 0s - batch_cost: 0.0163 - reader cost: 8.3522e-05
347/348 [============================>.] - ETA: 0s - batch_cost: 0.0163 - reader cost: 8.2559e-05
348/348 [==============================] - 6s 17ms/step - batch_cost: 0.0163 - reader cost: 8.2322e-05

  1/348 [..............................] - ETA: 10s - batch_cost: 0.0292 - reader cost: 0.0111
  4/348 [..............................] - ETA: 7s - batch_cost: 0.0209 - reader cost: 0.0034 
  7/348 [..............................] - ETA: 6s - batch_cost: 0.0195 - reader cost: 0.0019
 10/348 [..............................] - ETA: 6s - batch_cost: 0.0186 - reader cost: 0.0014
 14/348 [>.............................] - ETA: 5s - batch_cost: 0.0176 - reader cost: 9.7101e-04
 17/348 [>.............................] - ETA: 5s - batch_cost: 0.0174 - reader cost: 7.9966e-04
 20/348 [>.............................] - ETA: 5s - batch_cost: 0.0173 - reader cost: 6.7971e-04
 23/348 [>.............................] - ETA: 5s - batch_cost: 0.0172 - reader cost: 6.3485e-04
 26/348 [=>............................] - ETA: 5s - batch_cost: 0.0172 - reader cost: 5.9996e-04
 30/348 [=>............................] - ETA: 5s - batch_cost: 0.0171 - reader cost: 5.1997e-04
 34/348 [=>............................] - ETA: 5s - batch_cost: 0.0170 - reader cost: 4.8828e-04
 38/348 [==>...........................] - ETA: 5s - batch_cost: 0.0168 - reader cost: 4.6313e-04
 42/348 [==>...........................] - ETA: 5s - batch_cost: 0.0167 - reader cost: 4.1902e-04
 45/348 [==>...........................] - ETA: 5s - batch_cost: 0.0168 - reader cost: 3.9109e-04
 48/348 [===>..........................] - ETA: 5s - batch_cost: 0.0168 - reader cost: 3.8747e-04
 52/348 [===>..........................] - ETA: 4s - batch_cost: 0.0167 - reader cost: 3.5767e-04
 56/348 [===>..........................] - ETA: 4s - batch_cost: 0.0165 - reader cost: 3.3212e-04
 60/348 [====>.........................] - ETA: 4s - batch_cost: 0.0164 - reader cost: 3.2664e-04
 64/348 [====>.........................] - ETA: 4s - batch_cost: 0.0164 - reader cost: 3.0622e-04
 67/348 [====>.........................] - ETA: 4s - batch_cost: 0.0164 - reader cost: 2.9251e-04
 70/348 [=====>........................] - ETA: 4s - batch_cost: 0.0164 - reader cost: 2.7997e-04
 73/348 [=====>........................] - ETA: 4s - batch_cost: 0.0165 - reader cost: 2.6847e-04
 76/348 [=====>........................] - ETA: 4s - batch_cost: 0.0166 - reader cost: 2.7103e-04
 79/348 [=====>........................] - ETA: 4s - batch_cost: 0.0167 - reader cost: 2.6074e-04
 82/348 [======>.......................] - ETA: 4s - batch_cost: 0.0167 - reader cost: 2.5120e-04
 85/348 [======>.......................] - ETA: 4s - batch_cost: 0.0168 - reader cost: 2.5408e-04
 88/348 [======>.......................] - ETA: 4s - batch_cost: 0.0168 - reader cost: 2.4542e-04
 92/348 [======>.......................] - ETA: 4s - batch_cost: 0.0167 - reader cost: 2.4563e-04
 95/348 [=======>......................] - ETA: 4s - batch_cost: 0.0168 - reader cost: 2.4840e-04
 98/348 [=======>......................] - ETA: 4s - batch_cost: 0.0168 - reader cost: 2.4080e-04
101/348 [=======>......................] - ETA: 4s - batch_cost: 0.0168 - reader cost: 2.3365e-04
104/348 [=======>......................] - ETA: 4s - batch_cost: 0.0168 - reader cost: 2.2691e-04
108/348 [========>.....................] - ETA: 4s - batch_cost: 0.0167 - reader cost: 2.1850e-04
112/348 [========>.....................] - ETA: 3s - batch_cost: 0.0167 - reader cost: 2.1070e-04
116/348 [=========>....................] - ETA: 3s - batch_cost: 0.0167 - reader cost: 2.0343e-04
120/348 [=========>....................] - ETA: 3s - batch_cost: 0.0167 - reader cost: 1.9665e-04
123/348 [=========>....................] - ETA: 3s - batch_cost: 0.0167 - reader cost: 1.9186e-04
127/348 [=========>....................] - ETA: 3s - batch_cost: 0.0166 - reader cost: 1.8581e-04
131/348 [==========>...................] - ETA: 3s - batch_cost: 0.0166 - reader cost: 1.8014e-04
135/348 [==========>...................] - ETA: 3s - batch_cost: 0.0166 - reader cost: 1.7480e-04
138/348 [==========>...................] - ETA: 3s - batch_cost: 0.0166 - reader cost: 1.7100e-04
141/348 [===========>..................] - ETA: 3s - batch_cost: 0.0166 - reader cost: 1.6736e-04
145/348 [===========>..................] - ETA: 3s - batch_cost: 0.0165 - reader cost: 1.6964e-04
149/348 [===========>..................] - ETA: 3s - batch_cost: 0.0165 - reader cost: 1.6508e-04
153/348 [============>.................] - ETA: 3s - batch_cost: 0.0165 - reader cost: 1.6077e-04
157/348 [============>.................] - ETA: 3s - batch_cost: 0.0165 - reader cost: 1.5667e-04
161/348 [============>.................] - ETA: 3s - batch_cost: 0.0164 - reader cost: 1.5278e-04
165/348 [=============>................] - ETA: 3s - batch_cost: 0.0164 - reader cost: 1.4908e-04
169/348 [=============>................] - ETA: 2s - batch_cost: 0.0164 - reader cost: 1.4555e-04
172/348 [=============>................] - ETA: 2s - batch_cost: 0.0164 - reader cost: 1.4301e-04
176/348 [==============>...............] - ETA: 2s - batch_cost: 0.0164 - reader cost: 1.3976e-04
179/348 [==============>...............] - ETA: 2s - batch_cost: 0.0164 - reader cost: 1.4298e-04
183/348 [==============>...............] - ETA: 2s - batch_cost: 0.0164 - reader cost: 1.3986e-04
187/348 [===============>..............] - ETA: 2s - batch_cost: 0.0164 - reader cost: 1.4221e-04
191/348 [===============>..............] - ETA: 2s - batch_cost: 0.0164 - reader cost: 1.3924e-04
195/348 [===============>..............] - ETA: 2s - batch_cost: 0.0164 - reader cost: 1.3638e-04
198/348 [================>.............] - ETA: 2s - batch_cost: 0.0164 - reader cost: 1.3431e-04
201/348 [================>.............] - ETA: 2s - batch_cost: 0.0164 - reader cost: 1.3231e-04
205/348 [================>.............] - ETA: 2s - batch_cost: 0.0164 - reader cost: 1.2973e-04
208/348 [================>.............] - ETA: 2s - batch_cost: 0.0164 - reader cost: 1.2786e-04
212/348 [=================>............] - ETA: 2s - batch_cost: 0.0164 - reader cost: 1.2544e-04
216/348 [=================>............] - ETA: 2s - batch_cost: 0.0163 - reader cost: 1.2312e-04
219/348 [=================>............] - ETA: 2s - batch_cost: 0.0163 - reader cost: 1.2143e-04
223/348 [==================>...........] - ETA: 2s - batch_cost: 0.0163 - reader cost: 1.1926e-04
227/348 [==================>...........] - ETA: 2s - batch_cost: 0.0163 - reader cost: 1.2383e-04
231/348 [==================>...........] - ETA: 1s - batch_cost: 0.0163 - reader cost: 1.2168e-04
235/348 [===================>..........] - ETA: 1s - batch_cost: 0.0163 - reader cost: 1.1961e-04
239/348 [===================>..........] - ETA: 1s - batch_cost: 0.0163 - reader cost: 1.1761e-04
243/348 [===================>..........] - ETA: 1s - batch_cost: 0.0163 - reader cost: 1.1567e-04
247/348 [====================>.........] - ETA: 1s - batch_cost: 0.0163 - reader cost: 1.1380e-04
251/348 [====================>.........] - ETA: 1s - batch_cost: 0.0162 - reader cost: 1.1199e-04
254/348 [====================>.........] - ETA: 1s - batch_cost: 0.0163 - reader cost: 1.1066e-04
257/348 [=====================>........] - ETA: 1s - batch_cost: 0.0163 - reader cost: 1.0937e-04
260/348 [=====================>........] - ETA: 1s - batch_cost: 0.0163 - reader cost: 1.0811e-04
264/348 [=====================>........] - ETA: 1s - batch_cost: 0.0163 - reader cost: 1.1025e-04
268/348 [======================>.......] - ETA: 1s - batch_cost: 0.0163 - reader cost: 1.0861e-04
271/348 [======================>.......] - ETA: 1s - batch_cost: 0.0163 - reader cost: 1.1110e-04
274/348 [======================>.......] - ETA: 1s - batch_cost: 0.0163 - reader cost: 1.0988e-04
277/348 [======================>.......] - ETA: 1s - batch_cost: 0.0163 - reader cost: 1.0869e-04
281/348 [=======================>......] - ETA: 1s - batch_cost: 0.0163 - reader cost: 1.0714e-04
285/348 [=======================>......] - ETA: 1s - batch_cost: 0.0163 - reader cost: 1.0564e-04
289/348 [=======================>......] - ETA: 0s - batch_cost: 0.0163 - reader cost: 1.0418e-04
292/348 [========================>.....] - ETA: 0s - batch_cost: 0.0163 - reader cost: 1.0311e-04
296/348 [========================>.....] - ETA: 0s - batch_cost: 0.0162 - reader cost: 1.0509e-04
299/348 [========================>.....] - ETA: 0s - batch_cost: 0.0162 - reader cost: 1.0404e-04
302/348 [=========================>....] - ETA: 0s - batch_cost: 0.0163 - reader cost: 1.0300e-04
305/348 [=========================>....] - ETA: 0s - batch_cost: 0.0163 - reader cost: 1.0199e-04
308/348 [=========================>....] - ETA: 0s - batch_cost: 0.0163 - reader cost: 1.0100e-04
312/348 [=========================>....] - ETA: 0s - batch_cost: 0.0163 - reader cost: 9.9701e-05
316/348 [==========================>...] - ETA: 0s - batch_cost: 0.0163 - reader cost: 9.8439e-05
320/348 [==========================>...] - ETA: 0s - batch_cost: 0.0163 - reader cost: 1.0034e-04
323/348 [==========================>...] - ETA: 0s - batch_cost: 0.0163 - reader cost: 9.9404e-05
327/348 [===========================>..] - ETA: 0s - batch_cost: 0.0163 - reader cost: 9.8188e-05
330/348 [===========================>..] - ETA: 0s - batch_cost: 0.0163 - reader cost: 9.7295e-05
334/348 [===========================>..] - ETA: 0s - batch_cost: 0.0163 - reader cost: 9.6130e-05
337/348 [============================>.] - ETA: 0s - batch_cost: 0.0163 - reader cost: 9.5274e-05
340/348 [============================>.] - ETA: 0s - batch_cost: 0.0163 - reader cost: 9.4433e-05
343/348 [============================>.] - ETA: 0s - batch_cost: 0.0163 - reader cost: 9.3607e-05
347/348 [============================>.] - ETA: 0s - batch_cost: 0.0163 - reader cost: 9.5414e-05
348/348 [==============================] - 6s 16ms/step - batch_cost: 0.0162 - reader cost: 9.5140e-05

  1/348 [..............................] - ETA: 10s - batch_cost: 0.0288 - reader cost: 0.0132
  4/348 [..............................] - ETA: 6s - batch_cost: 0.0200 - reader cost: 0.0033 
  7/348 [..............................] - ETA: 6s - batch_cost: 0.0186 - reader cost: 0.0019
 10/348 [..............................] - ETA: 6s - batch_cost: 0.0184 - reader cost: 0.0013
 13/348 [>.............................] - ETA: 6s - batch_cost: 0.0184 - reader cost: 0.0010
 16/348 [>.............................] - ETA: 6s - batch_cost: 0.0180 - reader cost: 8.2332e-04
 20/348 [>.............................] - ETA: 5s - batch_cost: 0.0176 - reader cost: 6.5866e-04
 24/348 [=>............................] - ETA: 5s - batch_cost: 0.0173 - reader cost: 5.4888e-04
 27/348 [=>............................] - ETA: 5s - batch_cost: 0.0172 - reader cost: 4.8789e-04
 30/348 [=>............................] - ETA: 5s - batch_cost: 0.0173 - reader cost: 4.3910e-04
 33/348 [=>............................] - ETA: 5s - batch_cost: 0.0173 - reader cost: 3.9918e-04
 36/348 [==>...........................] - ETA: 5s - batch_cost: 0.0173 - reader cost: 3.9383e-04
 40/348 [==>...........................] - ETA: 5s - batch_cost: 0.0172 - reader cost: 3.7915e-04
 44/348 [==>...........................] - ETA: 5s - batch_cost: 0.0170 - reader cost: 3.4468e-04
 48/348 [===>..........................] - ETA: 5s - batch_cost: 0.0170 - reader cost: 3.1595e-04
 51/348 [===>..........................] - ETA: 5s - batch_cost: 0.0169 - reader cost: 2.9737e-04
 55/348 [===>..........................] - ETA: 5s - batch_cost: 0.0169 - reader cost: 2.7574e-04
 59/348 [====>.........................] - ETA: 4s - batch_cost: 0.0167 - reader cost: 2.5705e-04
 62/348 [====>.........................] - ETA: 4s - batch_cost: 0.0167 - reader cost: 2.4461e-04
 65/348 [====>.........................] - ETA: 4s - batch_cost: 0.0168 - reader cost: 2.3332e-04
 69/348 [====>.........................] - ETA: 4s - batch_cost: 0.0168 - reader cost: 2.3432e-04
 72/348 [=====>........................] - ETA: 4s - batch_cost: 0.0168 - reader cost: 2.2456e-04
 75/348 [=====>........................] - ETA: 4s - batch_cost: 0.0169 - reader cost: 2.2888e-04
 78/348 [=====>........................] - ETA: 4s - batch_cost: 0.0170 - reader cost: 2.2008e-04
 81/348 [=====>........................] - ETA: 4s - batch_cost: 0.0170 - reader cost: 2.1193e-04
 85/348 [======>.......................] - ETA: 4s - batch_cost: 0.0169 - reader cost: 2.0195e-04
 88/348 [======>.......................] - ETA: 4s - batch_cost: 0.0170 - reader cost: 1.9507e-04
 91/348 [======>.......................] - ETA: 4s - batch_cost: 0.0170 - reader cost: 1.8864e-04
 94/348 [=======>......................] - ETA: 4s - batch_cost: 0.0170 - reader cost: 1.8262e-04
 97/348 [=======>......................] - ETA: 4s - batch_cost: 0.0170 - reader cost: 1.7697e-04
101/348 [=======>......................] - ETA: 4s - batch_cost: 0.0170 - reader cost: 1.6996e-04
105/348 [========>.....................] - ETA: 4s - batch_cost: 0.0169 - reader cost: 1.6349e-04
108/348 [========>.....................] - ETA: 4s - batch_cost: 0.0169 - reader cost: 1.5895e-04
112/348 [========>.....................] - ETA: 4s - batch_cost: 0.0169 - reader cost: 1.5327e-04
116/348 [=========>....................] - ETA: 3s - batch_cost: 0.0168 - reader cost: 1.4798e-04
120/348 [=========>....................] - ETA: 3s - batch_cost: 0.0168 - reader cost: 1.4305e-04
124/348 [=========>....................] - ETA: 3s - batch_cost: 0.0167 - reader cost: 1.4278e-04
128/348 [==========>...................] - ETA: 3s - batch_cost: 0.0167 - reader cost: 1.3832e-04
132/348 [==========>...................] - ETA: 3s - batch_cost: 0.0166 - reader cost: 1.3413e-04
135/348 [==========>...................] - ETA: 3s - batch_cost: 0.0167 - reader cost: 1.3854e-04
138/348 [==========>...................] - ETA: 3s - batch_cost: 0.0167 - reader cost: 1.3553e-04
142/348 [===========>..................] - ETA: 3s - batch_cost: 0.0166 - reader cost: 1.3171e-04
146/348 [===========>..................] - ETA: 3s - batch_cost: 0.0166 - reader cost: 1.2811e-04
150/348 [===========>..................] - ETA: 3s - batch_cost: 0.0165 - reader cost: 1.2469e-04
154/348 [============>.................] - ETA: 3s - batch_cost: 0.0165 - reader cost: 1.2145e-04
157/348 [============>.................] - ETA: 3s - batch_cost: 0.0165 - reader cost: 1.2550e-04
160/348 [============>.................] - ETA: 3s - batch_cost: 0.0166 - reader cost: 1.2314e-04
163/348 [=============>................] - ETA: 3s - batch_cost: 0.0166 - reader cost: 1.2477e-04
167/348 [=============>................] - ETA: 3s - batch_cost: 0.0166 - reader cost: 1.2179e-04
170/348 [=============>................] - ETA: 2s - batch_cost: 0.0166 - reader cost: 1.1964e-04
173/348 [=============>................] - ETA: 2s - batch_cost: 0.0166 - reader cost: 1.1756e-04
176/348 [==============>...............] - ETA: 2s - batch_cost: 0.0166 - reader cost: 1.1556e-04
179/348 [==============>...............] - ETA: 2s - batch_cost: 0.0166 - reader cost: 1.1362e-04
183/348 [==============>...............] - ETA: 2s - batch_cost: 0.0165 - reader cost: 1.1114e-04
186/348 [===============>..............] - ETA: 2s - batch_cost: 0.0165 - reader cost: 1.0935e-04
189/348 [===============>..............] - ETA: 2s - batch_cost: 0.0165 - reader cost: 1.0761e-04
193/348 [===============>..............] - ETA: 2s - batch_cost: 0.0165 - reader cost: 1.0538e-04
196/348 [===============>..............] - ETA: 2s - batch_cost: 0.0165 - reader cost: 1.0377e-04
199/348 [================>.............] - ETA: 2s - batch_cost: 0.0165 - reader cost: 1.0732e-04
203/348 [================>.............] - ETA: 2s - batch_cost: 0.0165 - reader cost: 1.0520e-04
207/348 [================>.............] - ETA: 2s - batch_cost: 0.0165 - reader cost: 1.0317e-04
210/348 [=================>............] - ETA: 2s - batch_cost: 0.0165 - reader cost: 1.0170e-04
213/348 [=================>............] - ETA: 2s - batch_cost: 0.0165 - reader cost: 1.0026e-04
217/348 [=================>............] - ETA: 2s - batch_cost: 0.0165 - reader cost: 9.8416e-05
221/348 [==================>...........] - ETA: 2s - batch_cost: 0.0165 - reader cost: 9.6635e-05
224/348 [==================>...........] - ETA: 2s - batch_cost: 0.0165 - reader cost: 9.5341e-05
228/348 [==================>...........] - ETA: 2s - batch_cost: 0.0165 - reader cost: 9.3668e-05
232/348 [===================>..........] - ETA: 1s - batch_cost: 0.0165 - reader cost: 9.6386e-05
236/348 [===================>..........] - ETA: 1s - batch_cost: 0.0165 - reader cost: 9.8997e-05
239/348 [===================>..........] - ETA: 1s - batch_cost: 0.0165 - reader cost: 9.7755e-05
242/348 [===================>..........] - ETA: 1s - batch_cost: 0.0165 - reader cost: 9.6543e-05
246/348 [====================>.........] - ETA: 1s - batch_cost: 0.0165 - reader cost: 9.9042e-05
250/348 [====================>.........] - ETA: 1s - batch_cost: 0.0165 - reader cost: 9.7457e-05
254/348 [====================>.........] - ETA: 1s - batch_cost: 0.0164 - reader cost: 9.5922e-05
257/348 [=====================>........] - ETA: 1s - batch_cost: 0.0165 - reader cost: 9.4802e-05
261/348 [=====================>........] - ETA: 1s - batch_cost: 0.0164 - reader cost: 9.3350e-05
264/348 [=====================>........] - ETA: 1s - batch_cost: 0.0165 - reader cost: 9.4982e-05
267/348 [======================>.......] - ETA: 1s - batch_cost: 0.0165 - reader cost: 9.7668e-05
271/348 [======================>.......] - ETA: 1s - batch_cost: 0.0164 - reader cost: 9.6226e-05
275/348 [======================>.......] - ETA: 1s - batch_cost: 0.0164 - reader cost: 9.4826e-05
279/348 [=======================>......] - ETA: 1s - batch_cost: 0.0164 - reader cost: 9.3467e-05
283/348 [=======================>......] - ETA: 1s - batch_cost: 0.0164 - reader cost: 9.2146e-05
286/348 [=======================>......] - ETA: 1s - batch_cost: 0.0164 - reader cost: 9.1179e-05
289/348 [=======================>......] - ETA: 0s - batch_cost: 0.0164 - reader cost: 9.0233e-05
293/348 [========================>.....] - ETA: 0s - batch_cost: 0.0164 - reader cost: 8.9001e-05
296/348 [========================>.....] - ETA: 0s - batch_cost: 0.0164 - reader cost: 8.8099e-05
300/348 [========================>.....] - ETA: 0s - batch_cost: 0.0163 - reader cost: 8.6924e-05
303/348 [=========================>....] - ETA: 0s - batch_cost: 0.0163 - reader cost: 8.6064e-05
306/348 [=========================>....] - ETA: 0s - batch_cost: 0.0164 - reader cost: 8.5220e-05
309/348 [=========================>....] - ETA: 0s - batch_cost: 0.0164 - reader cost: 8.4392e-05
312/348 [=========================>....] - ETA: 0s - batch_cost: 0.0164 - reader cost: 9.0008e-05
315/348 [==========================>...] - ETA: 0s - batch_cost: 0.0164 - reader cost: 8.9150e-05
318/348 [==========================>...] - ETA: 0s - batch_cost: 0.0164 - reader cost: 8.8309e-05
321/348 [==========================>...] - ETA: 0s - batch_cost: 0.0164 - reader cost: 8.7484e-05
324/348 [==========================>...] - ETA: 0s - batch_cost: 0.0164 - reader cost: 8.6674e-05
328/348 [===========================>..] - ETA: 0s - batch_cost: 0.0164 - reader cost: 8.5617e-05
331/348 [===========================>..] - ETA: 0s - batch_cost: 0.0164 - reader cost: 8.4841e-05
334/348 [===========================>..] - ETA: 0s - batch_cost: 0.0164 - reader cost: 8.4079e-05
337/348 [============================>.] - ETA: 0s - batch_cost: 0.0164 - reader cost: 8.3330e-05
340/348 [============================>.] - ETA: 0s - batch_cost: 0.0165 - reader cost: 8.2595e-05
343/348 [============================>.] - ETA: 0s - batch_cost: 0.0165 - reader cost: 8.1873e-05
348/348 [==============================] - 6s 17ms/step - batch_cost: 0.0164 - reader cost: 8.0696e-05

  1/348 [..............................] - ETA: 12s - batch_cost: 0.0352 - reader cost: 0.0127
  4/348 [..............................] - ETA: 8s - batch_cost: 0.0238 - reader cost: 0.0032 
  7/348 [..............................] - ETA: 7s - batch_cost: 0.0217 - reader cost: 0.0020
 10/348 [..............................] - ETA: 7s - batch_cost: 0.0204 - reader cost: 0.0014
 14/348 [>.............................] - ETA: 6s - batch_cost: 0.0194 - reader cost: 9.7619e-04
 17/348 [>.............................] - ETA: 6s - batch_cost: 0.0189 - reader cost: 8.0392e-04
 20/348 [>.............................] - ETA: 6s - batch_cost: 0.0188 - reader cost: 6.8333e-04
 23/348 [>.............................] - ETA: 6s - batch_cost: 0.0187 - reader cost: 6.3778e-04
 26/348 [=>............................] - ETA: 6s - batch_cost: 0.0186 - reader cost: 5.6419e-04
 30/348 [=>............................] - ETA: 5s - batch_cost: 0.0182 - reader cost: 4.8896e-04
 33/348 [=>............................] - ETA: 5s - batch_cost: 0.0181 - reader cost: 4.4451e-04
 36/348 [==>...........................] - ETA: 5s - batch_cost: 0.0180 - reader cost: 4.0747e-04
 39/348 [==>...........................] - ETA: 5s - batch_cost: 0.0179 - reader cost: 3.7613e-04
 42/348 [==>...........................] - ETA: 5s - batch_cost: 0.0178 - reader cost: 3.4926e-04
 46/348 [==>...........................] - ETA: 5s - batch_cost: 0.0177 - reader cost: 3.1889e-04
 49/348 [===>..........................] - ETA: 5s - batch_cost: 0.0176 - reader cost: 3.1975e-04
 52/348 [===>..........................] - ETA: 5s - batch_cost: 0.0176 - reader cost: 3.2056e-04
 55/348 [===>..........................] - ETA: 5s - batch_cost: 0.0175 - reader cost: 3.0308e-04
 58/348 [====>.........................] - ETA: 5s - batch_cost: 0.0175 - reader cost: 3.0463e-04
 61/348 [====>.........................] - ETA: 5s - batch_cost: 0.0175 - reader cost: 2.8965e-04
 64/348 [====>.........................] - ETA: 5s - batch_cost: 0.0175 - reader cost: 2.7607e-04
 67/348 [====>.........................] - ETA: 5s - batch_cost: 0.0175 - reader cost: 2.6371e-04
 70/348 [=====>........................] - ETA: 4s - batch_cost: 0.0175 - reader cost: 2.5241e-04
 73/348 [=====>........................] - ETA: 4s - batch_cost: 0.0175 - reader cost: 2.4203e-04
 76/348 [=====>........................] - ETA: 4s - batch_cost: 0.0174 - reader cost: 2.3248e-04
 79/348 [=====>........................] - ETA: 4s - batch_cost: 0.0175 - reader cost: 2.2365e-04
 83/348 [======>.......................] - ETA: 4s - batch_cost: 0.0174 - reader cost: 2.1287e-04
 87/348 [======>.......................] - ETA: 4s - batch_cost: 0.0173 - reader cost: 2.0309e-04
 91/348 [======>.......................] - ETA: 4s - batch_cost: 0.0172 - reader cost: 2.0513e-04
 94/348 [=======>......................] - ETA: 4s - batch_cost: 0.0173 - reader cost: 2.0930e-04
 97/348 [=======>......................] - ETA: 4s - batch_cost: 0.0173 - reader cost: 2.0283e-04
100/348 [=======>......................] - ETA: 4s - batch_cost: 0.0173 - reader cost: 1.9674e-04
103/348 [=======>......................] - ETA: 4s - batch_cost: 0.0173 - reader cost: 1.9101e-04
107/348 [========>.....................] - ETA: 4s - batch_cost: 0.0173 - reader cost: 1.8387e-04
111/348 [========>.....................] - ETA: 4s - batch_cost: 0.0172 - reader cost: 1.8181e-04
114/348 [========>.....................] - ETA: 4s - batch_cost: 0.0172 - reader cost: 1.7703e-04
117/348 [=========>....................] - ETA: 4s - batch_cost: 0.0172 - reader cost: 1.7249e-04
120/348 [=========>....................] - ETA: 3s - batch_cost: 0.0172 - reader cost: 1.6817e-04
124/348 [=========>....................] - ETA: 3s - batch_cost: 0.0172 - reader cost: 1.6275e-04
127/348 [=========>....................] - ETA: 3s - batch_cost: 0.0172 - reader cost: 1.5891e-04
130/348 [==========>...................] - ETA: 3s - batch_cost: 0.0172 - reader cost: 1.5524e-04
133/348 [==========>...................] - ETA: 3s - batch_cost: 0.0172 - reader cost: 1.5174e-04
137/348 [==========>...................] - ETA: 3s - batch_cost: 0.0171 - reader cost: 1.4731e-04
141/348 [===========>..................] - ETA: 3s - batch_cost: 0.0171 - reader cost: 1.5023e-04
145/348 [===========>..................] - ETA: 3s - batch_cost: 0.0170 - reader cost: 1.4609e-04
148/348 [===========>..................] - ETA: 3s - batch_cost: 0.0170 - reader cost: 1.4313e-04
151/348 [============>.................] - ETA: 3s - batch_cost: 0.0170 - reader cost: 1.4028e-04
155/348 [============>.................] - ETA: 3s - batch_cost: 0.0170 - reader cost: 1.3997e-04
159/348 [============>.................] - ETA: 3s - batch_cost: 0.0169 - reader cost: 1.3645e-04
162/348 [============>.................] - ETA: 3s - batch_cost: 0.0169 - reader cost: 1.3393e-04
165/348 [=============>................] - ETA: 3s - batch_cost: 0.0169 - reader cost: 1.3756e-04
168/348 [=============>................] - ETA: 3s - batch_cost: 0.0169 - reader cost: 1.4701e-04
171/348 [=============>................] - ETA: 3s - batch_cost: 0.0169 - reader cost: 1.4443e-04
174/348 [==============>...............] - ETA: 2s - batch_cost: 0.0169 - reader cost: 1.4194e-04
177/348 [==============>...............] - ETA: 2s - batch_cost: 0.0169 - reader cost: 1.3953e-04
180/348 [==============>...............] - ETA: 2s - batch_cost: 0.0169 - reader cost: 1.3721e-04
183/348 [==============>...............] - ETA: 2s - batch_cost: 0.0169 - reader cost: 1.3496e-04
186/348 [===============>..............] - ETA: 2s - batch_cost: 0.0169 - reader cost: 1.3278e-04
190/348 [===============>..............] - ETA: 2s - batch_cost: 0.0169 - reader cost: 1.2999e-04
193/348 [===============>..............] - ETA: 2s - batch_cost: 0.0169 - reader cost: 1.3318e-04
196/348 [===============>..............] - ETA: 2s - batch_cost: 0.0169 - reader cost: 1.3114e-04
199/348 [================>.............] - ETA: 2s - batch_cost: 0.0169 - reader cost: 1.2917e-04
202/348 [================>.............] - ETA: 2s - batch_cost: 0.0170 - reader cost: 1.2725e-04
205/348 [================>.............] - ETA: 2s - batch_cost: 0.0170 - reader cost: 1.3026e-04
208/348 [================>.............] - ETA: 2s - batch_cost: 0.0170 - reader cost: 1.2838e-04
212/348 [=================>............] - ETA: 2s - batch_cost: 0.0170 - reader cost: 1.2596e-04
216/348 [=================>............] - ETA: 2s - batch_cost: 0.0169 - reader cost: 1.2362e-04
219/348 [=================>............] - ETA: 2s - batch_cost: 0.0169 - reader cost: 1.2193e-04
222/348 [==================>...........] - ETA: 2s - batch_cost: 0.0169 - reader cost: 1.2479e-04
225/348 [==================>...........] - ETA: 2s - batch_cost: 0.0170 - reader cost: 1.2313e-04
228/348 [==================>...........] - ETA: 2s - batch_cost: 0.0170 - reader cost: 1.2151e-04
231/348 [==================>...........] - ETA: 2s - batch_cost: 0.0170 - reader cost: 1.2425e-04
235/348 [===================>..........] - ETA: 1s - batch_cost: 0.0170 - reader cost: 1.2639e-04
238/348 [===================>..........] - ETA: 1s - batch_cost: 0.0170 - reader cost: 1.2901e-04
241/348 [===================>..........] - ETA: 1s - batch_cost: 0.0170 - reader cost: 1.2740e-04
244/348 [====================>.........] - ETA: 1s - batch_cost: 0.0170 - reader cost: 1.2997e-04
248/348 [====================>.........] - ETA: 1s - batch_cost: 0.0170 - reader cost: 1.2788e-04
251/348 [====================>.........] - ETA: 1s - batch_cost: 0.0170 - reader cost: 1.2635e-04
254/348 [====================>.........] - ETA: 1s - batch_cost: 0.0170 - reader cost: 1.2486e-04
257/348 [=====================>........] - ETA: 1s - batch_cost: 0.0170 - reader cost: 1.2729e-04
260/348 [=====================>........] - ETA: 1s - batch_cost: 0.0170 - reader cost: 1.2582e-04
263/348 [=====================>........] - ETA: 1s - batch_cost: 0.0171 - reader cost: 1.2637e-04
266/348 [=====================>........] - ETA: 1s - batch_cost: 0.0171 - reader cost: 1.2494e-04
269/348 [======================>.......] - ETA: 1s - batch_cost: 0.0171 - reader cost: 1.2355e-04
272/348 [======================>.......] - ETA: 1s - batch_cost: 0.0171 - reader cost: 1.2408e-04
275/348 [======================>.......] - ETA: 1s - batch_cost: 0.0171 - reader cost: 1.2273e-04
278/348 [======================>.......] - ETA: 1s - batch_cost: 0.0171 - reader cost: 1.2140e-04
282/348 [=======================>......] - ETA: 1s - batch_cost: 0.0171 - reader cost: 1.1968e-04
286/348 [=======================>......] - ETA: 1s - batch_cost: 0.0171 - reader cost: 1.1801e-04
289/348 [=======================>......] - ETA: 1s - batch_cost: 0.0171 - reader cost: 1.1678e-04
292/348 [========================>.....] - ETA: 0s - batch_cost: 0.0171 - reader cost: 1.1900e-04
295/348 [========================>.....] - ETA: 0s - batch_cost: 0.0171 - reader cost: 1.2119e-04
298/348 [========================>.....] - ETA: 0s - batch_cost: 0.0171 - reader cost: 1.1997e-04
301/348 [========================>.....] - ETA: 0s - batch_cost: 0.0171 - reader cost: 1.2331e-04
304/348 [=========================>....] - ETA: 0s - batch_cost: 0.0171 - reader cost: 1.2209e-04
307/348 [=========================>....] - ETA: 0s - batch_cost: 0.0171 - reader cost: 1.2090e-04
310/348 [=========================>....] - ETA: 0s - batch_cost: 0.0171 - reader cost: 1.1973e-04
313/348 [=========================>....] - ETA: 0s - batch_cost: 0.0171 - reader cost: 1.1858e-04
316/348 [==========================>...] - ETA: 0s - batch_cost: 0.0171 - reader cost: 1.1746e-04
319/348 [==========================>...] - ETA: 0s - batch_cost: 0.0171 - reader cost: 1.1635e-04
322/348 [==========================>...] - ETA: 0s - batch_cost: 0.0171 - reader cost: 1.1527e-04
325/348 [===========================>..] - ETA: 0s - batch_cost: 0.0171 - reader cost: 1.1420e-04
328/348 [===========================>..] - ETA: 0s - batch_cost: 0.0171 - reader cost: 1.1621e-04
331/348 [===========================>..] - ETA: 0s - batch_cost: 0.0171 - reader cost: 1.1515e-04
334/348 [===========================>..] - ETA: 0s - batch_cost: 0.0171 - reader cost: 1.1711e-04
337/348 [============================>.] - ETA: 0s - batch_cost: 0.0171 - reader cost: 1.1905e-04
340/348 [============================>.] - ETA: 0s - batch_cost: 0.0171 - reader cost: 1.2096e-04
343/348 [============================>.] - ETA: 0s - batch_cost: 0.0171 - reader cost: 1.2281e-04
347/348 [============================>.] - ETA: 0s - batch_cost: 0.0171 - reader cost: 1.2139e-04
348/348 [==============================] - 6s 17ms/step - batch_cost: 0.0171 - reader cost: 1.2104e-04

  1/348 [..............................] - ETA: 10s - batch_cost: 0.0317 - reader cost: 0.0151
  4/348 [..............................] - ETA: 7s - batch_cost: 0.0225 - reader cost: 0.0040 
  7/348 [..............................] - ETA: 6s - batch_cost: 0.0197 - reader cost: 0.0023
 10/348 [..............................] - ETA: 6s - batch_cost: 0.0190 - reader cost: 0.0016
 13/348 [>.............................] - ETA: 6s - batch_cost: 0.0186 - reader cost: 0.0012
 17/348 [>.............................] - ETA: 6s - batch_cost: 0.0179 - reader cost: 9.4978e-04
 20/348 [>.............................] - ETA: 5s - batch_cost: 0.0178 - reader cost: 8.0731e-04
 23/348 [>.............................] - ETA: 5s - batch_cost: 0.0177 - reader cost: 7.4549e-04
 26/348 [=>............................] - ETA: 5s - batch_cost: 0.0176 - reader cost: 7.5635e-04
 30/348 [=>............................] - ETA: 5s - batch_cost: 0.0173 - reader cost: 6.8882e-04
 33/348 [=>............................] - ETA: 5s - batch_cost: 0.0173 - reader cost: 6.2620e-04
 36/348 [==>...........................] - ETA: 5s - batch_cost: 0.0172 - reader cost: 5.7402e-04
 40/348 [==>...........................] - ETA: 5s - batch_cost: 0.0171 - reader cost: 5.4161e-04
 43/348 [==>...........................] - ETA: 5s - batch_cost: 0.0171 - reader cost: 5.0382e-04
 47/348 [===>..........................] - ETA: 5s - batch_cost: 0.0170 - reader cost: 4.8222e-04
 50/348 [===>..........................] - ETA: 5s - batch_cost: 0.0169 - reader cost: 4.5329e-04
 54/348 [===>..........................] - ETA: 5s - batch_cost: 0.0168 - reader cost: 4.1971e-04
 57/348 [===>..........................] - ETA: 5s - batch_cost: 0.0170 - reader cost: 4.1519e-04
 60/348 [====>.........................] - ETA: 4s - batch_cost: 0.0171 - reader cost: 4.0509e-04
 63/348 [====>.........................] - ETA: 4s - batch_cost: 0.0172 - reader cost: 4.0169e-04
 66/348 [====>.........................] - ETA: 4s - batch_cost: 0.0173 - reader cost: 3.9856e-04
 69/348 [====>.........................] - ETA: 4s - batch_cost: 0.0173 - reader cost: 3.9581e-04
 72/348 [=====>........................] - ETA: 4s - batch_cost: 0.0174 - reader cost: 3.7932e-04
 75/348 [=====>........................] - ETA: 4s - batch_cost: 0.0174 - reader cost: 3.9115e-04
 78/348 [=====>........................] - ETA: 4s - batch_cost: 0.0175 - reader cost: 3.7611e-04
 81/348 [=====>........................] - ETA: 4s - batch_cost: 0.0175 - reader cost: 3.6218e-04
 84/348 [======>.......................] - ETA: 4s - batch_cost: 0.0175 - reader cost: 3.4924e-04
 87/348 [======>.......................] - ETA: 4s - batch_cost: 0.0176 - reader cost: 3.3720e-04
 90/348 [======>.......................] - ETA: 4s - batch_cost: 0.0176 - reader cost: 3.2596e-04
 93/348 [=======>......................] - ETA: 4s - batch_cost: 0.0176 - reader cost: 3.1545e-04
 96/348 [=======>......................] - ETA: 4s - batch_cost: 0.0177 - reader cost: 3.0559e-04
 99/348 [=======>......................] - ETA: 4s - batch_cost: 0.0177 - reader cost: 2.9633e-04
102/348 [=======>......................] - ETA: 4s - batch_cost: 0.0177 - reader cost: 2.8761e-04
105/348 [========>.....................] - ETA: 4s - batch_cost: 0.0177 - reader cost: 2.7939e-04
108/348 [========>.....................] - ETA: 4s - batch_cost: 0.0177 - reader cost: 2.7163e-04
111/348 [========>.....................] - ETA: 4s - batch_cost: 0.0177 - reader cost: 2.6429e-04
114/348 [========>.....................] - ETA: 4s - batch_cost: 0.0177 - reader cost: 2.5734e-04
117/348 [=========>....................] - ETA: 4s - batch_cost: 0.0177 - reader cost: 2.5074e-04
120/348 [=========>....................] - ETA: 4s - batch_cost: 0.0177 - reader cost: 2.4447e-04
123/348 [=========>....................] - ETA: 4s - batch_cost: 0.0178 - reader cost: 2.3851e-04
126/348 [=========>....................] - ETA: 4s - batch_cost: 0.0178 - reader cost: 2.3283e-04
129/348 [==========>...................] - ETA: 3s - batch_cost: 0.0178 - reader cost: 2.3517e-04
132/348 [==========>...................] - ETA: 3s - batch_cost: 0.0177 - reader cost: 2.2982e-04
135/348 [==========>...................] - ETA: 3s - batch_cost: 0.0178 - reader cost: 2.2472e-04
138/348 [==========>...................] - ETA: 3s - batch_cost: 0.0178 - reader cost: 2.1983e-04
141/348 [===========>..................] - ETA: 3s - batch_cost: 0.0178 - reader cost: 2.1516e-04
144/348 [===========>..................] - ETA: 3s - batch_cost: 0.0178 - reader cost: 2.1763e-04
147/348 [===========>..................] - ETA: 3s - batch_cost: 0.0178 - reader cost: 2.1319e-04
150/348 [===========>..................] - ETA: 3s - batch_cost: 0.0178 - reader cost: 2.1559e-04
153/348 [============>.................] - ETA: 3s - batch_cost: 0.0178 - reader cost: 2.1789e-04
156/348 [============>.................] - ETA: 3s - batch_cost: 0.0179 - reader cost: 2.2011e-04
159/348 [============>.................] - ETA: 3s - batch_cost: 0.0178 - reader cost: 2.2228e-04
163/348 [=============>................] - ETA: 3s - batch_cost: 0.0178 - reader cost: 2.1682e-04
166/348 [=============>................] - ETA: 3s - batch_cost: 0.0178 - reader cost: 2.1290e-04
169/348 [=============>................] - ETA: 3s - batch_cost: 0.0178 - reader cost: 2.0913e-04
172/348 [=============>................] - ETA: 3s - batch_cost: 0.0178 - reader cost: 2.0548e-04
175/348 [==============>...............] - ETA: 3s - batch_cost: 0.0178 - reader cost: 2.0196e-04
178/348 [==============>...............] - ETA: 3s - batch_cost: 0.0178 - reader cost: 1.9855e-04
181/348 [==============>...............] - ETA: 3s - batch_cost: 0.0178 - reader cost: 2.0078e-04
185/348 [==============>...............] - ETA: 2s - batch_cost: 0.0177 - reader cost: 1.9644e-04
189/348 [===============>..............] - ETA: 2s - batch_cost: 0.0177 - reader cost: 1.9228e-04
193/348 [===============>..............] - ETA: 2s - batch_cost: 0.0176 - reader cost: 1.8830e-04
196/348 [===============>..............] - ETA: 2s - batch_cost: 0.0176 - reader cost: 1.9053e-04
200/348 [================>.............] - ETA: 2s - batch_cost: 0.0176 - reader cost: 1.8672e-04
204/348 [================>.............] - ETA: 2s - batch_cost: 0.0175 - reader cost: 1.8305e-04
207/348 [================>.............] - ETA: 2s - batch_cost: 0.0175 - reader cost: 1.8040e-04
211/348 [=================>............] - ETA: 2s - batch_cost: 0.0175 - reader cost: 1.7698e-04
214/348 [=================>............] - ETA: 2s - batch_cost: 0.0175 - reader cost: 1.7450e-04
218/348 [=================>............] - ETA: 2s - batch_cost: 0.0175 - reader cost: 1.7130e-04
221/348 [==================>...........] - ETA: 2s - batch_cost: 0.0174 - reader cost: 1.6897e-04
225/348 [==================>...........] - ETA: 2s - batch_cost: 0.0174 - reader cost: 1.6597e-04
228/348 [==================>...........] - ETA: 2s - batch_cost: 0.0174 - reader cost: 1.6379e-04
231/348 [==================>...........] - ETA: 2s - batch_cost: 0.0174 - reader cost: 1.6166e-04
234/348 [===================>..........] - ETA: 2s - batch_cost: 0.0174 - reader cost: 1.6604e-04
237/348 [===================>..........] - ETA: 1s - batch_cost: 0.0174 - reader cost: 1.6393e-04
240/348 [===================>..........] - ETA: 1s - batch_cost: 0.0174 - reader cost: 1.6188e-04
243/348 [===================>..........] - ETA: 1s - batch_cost: 0.0174 - reader cost: 1.6400e-04
246/348 [====================>.........] - ETA: 1s - batch_cost: 0.0174 - reader cost: 1.6200e-04
249/348 [====================>.........] - ETA: 1s - batch_cost: 0.0174 - reader cost: 1.6005e-04
253/348 [====================>.........] - ETA: 1s - batch_cost: 0.0174 - reader cost: 1.5752e-04
256/348 [=====================>........] - ETA: 1s - batch_cost: 0.0174 - reader cost: 1.5567e-04
259/348 [=====================>........] - ETA: 1s - batch_cost: 0.0174 - reader cost: 1.5387e-04
262/348 [=====================>........] - ETA: 1s - batch_cost: 0.0174 - reader cost: 1.5211e-04
265/348 [=====================>........] - ETA: 1s - batch_cost: 0.0174 - reader cost: 1.5416e-04
268/348 [======================>.......] - ETA: 1s - batch_cost: 0.0174 - reader cost: 1.5621e-04
271/348 [======================>.......] - ETA: 1s - batch_cost: 0.0174 - reader cost: 1.5448e-04
274/348 [======================>.......] - ETA: 1s - batch_cost: 0.0174 - reader cost: 1.5279e-04
277/348 [======================>.......] - ETA: 1s - batch_cost: 0.0174 - reader cost: 1.5114e-04
280/348 [=======================>......] - ETA: 1s - batch_cost: 0.0174 - reader cost: 1.5311e-04
284/348 [=======================>......] - ETA: 1s - batch_cost: 0.0174 - reader cost: 1.5095e-04
288/348 [=======================>......] - ETA: 1s - batch_cost: 0.0173 - reader cost: 1.4885e-04
291/348 [========================>.....] - ETA: 1s - batch_cost: 0.0173 - reader cost: 1.5076e-04
295/348 [========================>.....] - ETA: 0s - batch_cost: 0.0173 - reader cost: 1.5210e-04
298/348 [========================>.....] - ETA: 0s - batch_cost: 0.0173 - reader cost: 1.5057e-04
301/348 [========================>.....] - ETA: 0s - batch_cost: 0.0173 - reader cost: 1.5116e-04
305/348 [=========================>....] - ETA: 0s - batch_cost: 0.0173 - reader cost: 1.5573e-04
308/348 [=========================>....] - ETA: 0s - batch_cost: 0.0173 - reader cost: 1.5422e-04
311/348 [=========================>....] - ETA: 0s - batch_cost: 0.0173 - reader cost: 1.5273e-04
315/348 [==========================>...] - ETA: 0s - batch_cost: 0.0173 - reader cost: 1.5079e-04
318/348 [==========================>...] - ETA: 0s - batch_cost: 0.0173 - reader cost: 1.4937e-04
321/348 [==========================>...] - ETA: 0s - batch_cost: 0.0173 - reader cost: 1.4797e-04
325/348 [===========================>..] - ETA: 0s - batch_cost: 0.0172 - reader cost: 1.4615e-04
328/348 [===========================>..] - ETA: 0s - batch_cost: 0.0172 - reader cost: 1.4481e-04
331/348 [===========================>..] - ETA: 0s - batch_cost: 0.0173 - reader cost: 1.4350e-04
334/348 [===========================>..] - ETA: 0s - batch_cost: 0.0173 - reader cost: 1.4221e-04
337/348 [============================>.] - ETA: 0s - batch_cost: 0.0173 - reader cost: 1.4095e-04
340/348 [============================>.] - ETA: 0s - batch_cost: 0.0173 - reader cost: 1.3970e-04
343/348 [============================>.] - ETA: 0s - batch_cost: 0.0173 - reader cost: 1.3848e-04
347/348 [============================>.] - ETA: 0s - batch_cost: 0.0173 - reader cost: 1.3688e-04
348/348 [==============================] - 6s 18ms/step - batch_cost: 0.0173 - reader cost: 1.3936e-04

  1/348 [..............................] - ETA: 10s - batch_cost: 0.0300 - reader cost: 0.0110
  4/348 [..............................] - ETA: 8s - batch_cost: 0.0245 - reader cost: 0.0028 
  7/348 [..............................] - ETA: 7s - batch_cost: 0.0216 - reader cost: 0.0016
 10/348 [..............................] - ETA: 6s - batch_cost: 0.0202 - reader cost: 0.0011
 13/348 [>.............................] - ETA: 6s - batch_cost: 0.0195 - reader cost: 8.8681e-04
 16/348 [>.............................] - ETA: 6s - batch_cost: 0.0191 - reader cost: 7.2053e-04
 19/348 [>.............................] - ETA: 6s - batch_cost: 0.0192 - reader cost: 6.0676e-04
 22/348 [>.............................] - ETA: 6s - batch_cost: 0.0191 - reader cost: 5.2402e-04
 25/348 [=>............................] - ETA: 6s - batch_cost: 0.0189 - reader cost: 4.6114e-04
 29/348 [=>............................] - ETA: 5s - batch_cost: 0.0185 - reader cost: 3.9753e-04
 33/348 [=>............................] - ETA: 5s - batch_cost: 0.0182 - reader cost: 3.4935e-04
 36/348 [==>...........................] - ETA: 5s - batch_cost: 0.0182 - reader cost: 3.2024e-04
 39/348 [==>...........................] - ETA: 5s - batch_cost: 0.0182 - reader cost: 2.9560e-04
 43/348 [==>...........................] - ETA: 5s - batch_cost: 0.0179 - reader cost: 2.6810e-04
 46/348 [==>...........................] - ETA: 5s - batch_cost: 0.0179 - reader cost: 2.5062e-04
 50/348 [===>..........................] - ETA: 5s - batch_cost: 0.0177 - reader cost: 2.3057e-04
 53/348 [===>..........................] - ETA: 5s - batch_cost: 0.0177 - reader cost: 2.1752e-04
 57/348 [===>..........................] - ETA: 5s - batch_cost: 0.0175 - reader cost: 2.1980e-04
 61/348 [====>.........................] - ETA: 5s - batch_cost: 0.0174 - reader cost: 2.2177e-04
 64/348 [====>.........................] - ETA: 5s - batch_cost: 0.0174 - reader cost: 2.1137e-04
 67/348 [====>.........................] - ETA: 4s - batch_cost: 0.0175 - reader cost: 2.0191e-04
 70/348 [=====>........................] - ETA: 4s - batch_cost: 0.0176 - reader cost: 1.9326e-04
 73/348 [=====>........................] - ETA: 4s - batch_cost: 0.0177 - reader cost: 1.8531e-04
 76/348 [=====>........................] - ETA: 4s - batch_cost: 0.0176 - reader cost: 1.7800e-04
 79/348 [=====>........................] - ETA: 4s - batch_cost: 0.0176 - reader cost: 1.7124e-04
 82/348 [======>.......................] - ETA: 4s - batch_cost: 0.0176 - reader cost: 1.6497e-04
 85/348 [======>.......................] - ETA: 4s - batch_cost: 0.0176 - reader cost: 1.5915e-04
 88/348 [======>.......................] - ETA: 4s - batch_cost: 0.0176 - reader cost: 1.5373e-04
 91/348 [======>.......................] - ETA: 4s - batch_cost: 0.0176 - reader cost: 1.4866e-04
 94/348 [=======>......................] - ETA: 4s - batch_cost: 0.0177 - reader cost: 1.4391e-04
 97/348 [=======>......................] - ETA: 4s - batch_cost: 0.0177 - reader cost: 1.3946e-04
100/348 [=======>......................] - ETA: 4s - batch_cost: 0.0177 - reader cost: 1.3528e-04
103/348 [=======>......................] - ETA: 4s - batch_cost: 0.0177 - reader cost: 1.3134e-04
107/348 [========>.....................] - ETA: 4s - batch_cost: 0.0176 - reader cost: 1.2643e-04
110/348 [========>.....................] - ETA: 4s - batch_cost: 0.0176 - reader cost: 1.3665e-04
113/348 [========>.....................] - ETA: 4s - batch_cost: 0.0176 - reader cost: 1.3302e-04
117/348 [=========>....................] - ETA: 4s - batch_cost: 0.0175 - reader cost: 1.2847e-04
120/348 [=========>....................] - ETA: 4s - batch_cost: 0.0175 - reader cost: 1.3365e-04
123/348 [=========>....................] - ETA: 4s - batch_cost: 0.0175 - reader cost: 1.3853e-04
126/348 [=========>....................] - ETA: 3s - batch_cost: 0.0175 - reader cost: 1.3523e-04
130/348 [==========>...................] - ETA: 3s - batch_cost: 0.0175 - reader cost: 1.3876e-04
133/348 [==========>...................] - ETA: 3s - batch_cost: 0.0175 - reader cost: 1.3563e-04
136/348 [==========>...................] - ETA: 3s - batch_cost: 0.0175 - reader cost: 1.3264e-04
139/348 [==========>...................] - ETA: 3s - batch_cost: 0.0174 - reader cost: 1.2978e-04
142/348 [===========>..................] - ETA: 3s - batch_cost: 0.0174 - reader cost: 1.2704e-04
146/348 [===========>..................] - ETA: 3s - batch_cost: 0.0174 - reader cost: 1.3726e-04
150/348 [===========>..................] - ETA: 3s - batch_cost: 0.0173 - reader cost: 1.3360e-04
153/348 [============>.................] - ETA: 3s - batch_cost: 0.0173 - reader cost: 1.3751e-04
156/348 [============>.................] - ETA: 3s - batch_cost: 0.0173 - reader cost: 1.3487e-04
160/348 [============>.................] - ETA: 3s - batch_cost: 0.0172 - reader cost: 1.3150e-04
163/348 [=============>................] - ETA: 3s - batch_cost: 0.0172 - reader cost: 1.2908e-04
167/348 [=============>................] - ETA: 3s - batch_cost: 0.0172 - reader cost: 1.2599e-04
171/348 [=============>................] - ETA: 3s - batch_cost: 0.0172 - reader cost: 1.2304e-04
174/348 [==============>...............] - ETA: 3s - batch_cost: 0.0172 - reader cost: 1.2092e-04
178/348 [==============>...............] - ETA: 2s - batch_cost: 0.0171 - reader cost: 1.1820e-04
181/348 [==============>...............] - ETA: 2s - batch_cost: 0.0171 - reader cost: 1.2176e-04
184/348 [==============>...............] - ETA: 2s - batch_cost: 0.0171 - reader cost: 1.2524e-04
187/348 [===============>..............] - ETA: 2s - batch_cost: 0.0171 - reader cost: 1.2857e-04
190/348 [===============>..............] - ETA: 2s - batch_cost: 0.0172 - reader cost: 1.2933e-04
193/348 [===============>..............] - ETA: 2s - batch_cost: 0.0172 - reader cost: 1.3250e-04
196/348 [===============>..............] - ETA: 2s - batch_cost: 0.0172 - reader cost: 1.3047e-04
199/348 [================>.............] - ETA: 2s - batch_cost: 0.0172 - reader cost: 1.2851e-04
203/348 [================>.............] - ETA: 2s - batch_cost: 0.0171 - reader cost: 1.2597e-04
206/348 [================>.............] - ETA: 2s - batch_cost: 0.0172 - reader cost: 1.2414e-04
209/348 [=================>............] - ETA: 2s - batch_cost: 0.0172 - reader cost: 1.2236e-04
212/348 [=================>............] - ETA: 2s - batch_cost: 0.0172 - reader cost: 1.2063e-04
215/348 [=================>............] - ETA: 2s - batch_cost: 0.0172 - reader cost: 1.1894e-04
219/348 [=================>............] - ETA: 2s - batch_cost: 0.0171 - reader cost: 1.1677e-04
223/348 [==================>...........] - ETA: 2s - batch_cost: 0.0171 - reader cost: 1.1758e-04
226/348 [==================>...........] - ETA: 2s - batch_cost: 0.0171 - reader cost: 1.1602e-04
229/348 [==================>...........] - ETA: 2s - batch_cost: 0.0171 - reader cost: 1.1450e-04
233/348 [===================>..........] - ETA: 1s - batch_cost: 0.0171 - reader cost: 1.1254e-04
237/348 [===================>..........] - ETA: 1s - batch_cost: 0.0170 - reader cost: 1.1064e-04
241/348 [===================>..........] - ETA: 1s - batch_cost: 0.0170 - reader cost: 1.1089e-04
244/348 [====================>.........] - ETA: 1s - batch_cost: 0.0170 - reader cost: 1.0953e-04
247/348 [====================>.........] - ETA: 1s - batch_cost: 0.0170 - reader cost: 1.0820e-04
251/348 [====================>.........] - ETA: 1s - batch_cost: 0.0170 - reader cost: 1.1046e-04
254/348 [====================>.........] - ETA: 1s - batch_cost: 0.0170 - reader cost: 1.0915e-04
258/348 [=====================>........] - ETA: 1s - batch_cost: 0.0170 - reader cost: 1.0746e-04
261/348 [=====================>........] - ETA: 1s - batch_cost: 0.0170 - reader cost: 1.0623e-04
264/348 [=====================>........] - ETA: 1s - batch_cost: 0.0170 - reader cost: 1.0502e-04
267/348 [======================>.......] - ETA: 1s - batch_cost: 0.0171 - reader cost: 1.0384e-04
270/348 [======================>.......] - ETA: 1s - batch_cost: 0.0171 - reader cost: 1.0269e-04
273/348 [======================>.......] - ETA: 1s - batch_cost: 0.0171 - reader cost: 1.0156e-04
276/348 [======================>.......] - ETA: 1s - batch_cost: 0.0171 - reader cost: 1.0045e-04
279/348 [=======================>......] - ETA: 1s - batch_cost: 0.0171 - reader cost: 9.9373e-05
282/348 [=======================>......] - ETA: 1s - batch_cost: 0.0171 - reader cost: 9.8316e-05
285/348 [=======================>......] - ETA: 1s - batch_cost: 0.0171 - reader cost: 9.7281e-05
288/348 [=======================>......] - ETA: 1s - batch_cost: 0.0171 - reader cost: 9.6267e-05
291/348 [========================>.....] - ETA: 0s - batch_cost: 0.0171 - reader cost: 9.5275e-05
294/348 [========================>.....] - ETA: 0s - batch_cost: 0.0172 - reader cost: 9.4303e-05
298/348 [========================>.....] - ETA: 0s - batch_cost: 0.0171 - reader cost: 9.3037e-05
301/348 [========================>.....] - ETA: 0s - batch_cost: 0.0172 - reader cost: 9.2110e-05
305/348 [=========================>....] - ETA: 0s - batch_cost: 0.0171 - reader cost: 9.4185e-05
308/348 [=========================>....] - ETA: 0s - batch_cost: 0.0171 - reader cost: 9.3267e-05
311/348 [=========================>....] - ETA: 0s - batch_cost: 0.0171 - reader cost: 9.2368e-05
315/348 [==========================>...] - ETA: 0s - batch_cost: 0.0171 - reader cost: 9.4390e-05
319/348 [==========================>...] - ETA: 0s - batch_cost: 0.0171 - reader cost: 9.3206e-05
323/348 [==========================>...] - ETA: 0s - batch_cost: 0.0171 - reader cost: 9.2052e-05
326/348 [===========================>..] - ETA: 0s - batch_cost: 0.0171 - reader cost: 9.4284e-05
329/348 [===========================>..] - ETA: 0s - batch_cost: 0.0171 - reader cost: 9.3425e-05
332/348 [===========================>..] - ETA: 0s - batch_cost: 0.0171 - reader cost: 9.2580e-05
335/348 [===========================>..] - ETA: 0s - batch_cost: 0.0171 - reader cost: 9.1751e-05
338/348 [============================>.] - ETA: 0s - batch_cost: 0.0171 - reader cost: 9.0937e-05
342/348 [============================>.] - ETA: 0s - batch_cost: 0.0171 - reader cost: 8.9873e-05
346/348 [============================>.] - ETA: 0s - batch_cost: 0.0171 - reader cost: 8.8834e-05
348/348 [==============================] - 6s 17ms/step - batch_cost: 0.0170 - reader cost: 8.8324e-05

  1/348 [..............................] - ETA: 11s - batch_cost: 0.0329 - reader cost: 0.0125
  4/348 [..............................] - ETA: 7s - batch_cost: 0.0220 - reader cost: 0.0031 
  7/348 [..............................] - ETA: 7s - batch_cost: 0.0204 - reader cost: 0.0018
 10/348 [..............................] - ETA: 6s - batch_cost: 0.0196 - reader cost: 0.0013
 13/348 [>.............................] - ETA: 6s - batch_cost: 0.0189 - reader cost: 9.6182e-04
 16/348 [>.............................] - ETA: 6s - batch_cost: 0.0185 - reader cost: 7.8148e-04
 20/348 [>.............................] - ETA: 6s - batch_cost: 0.0180 - reader cost: 6.7519e-04
 23/348 [>.............................] - ETA: 5s - batch_cost: 0.0178 - reader cost: 5.8712e-04
 26/348 [=>............................] - ETA: 5s - batch_cost: 0.0176 - reader cost: 5.1938e-04
 30/348 [=>............................] - ETA: 5s - batch_cost: 0.0174 - reader cost: 4.5013e-04
 34/348 [=>............................] - ETA: 5s - batch_cost: 0.0172 - reader cost: 3.9717e-04
 38/348 [==>...........................] - ETA: 5s - batch_cost: 0.0170 - reader cost: 3.5536e-04
 41/348 [==>...........................] - ETA: 5s - batch_cost: 0.0170 - reader cost: 3.2936e-04
 45/348 [==>...........................] - ETA: 5s - batch_cost: 0.0169 - reader cost: 3.0008e-04
 49/348 [===>..........................] - ETA: 5s - batch_cost: 0.0167 - reader cost: 2.7559e-04
 53/348 [===>..........................] - ETA: 4s - batch_cost: 0.0166 - reader cost: 2.5479e-04
 57/348 [===>..........................] - ETA: 4s - batch_cost: 0.0166 - reader cost: 2.3691e-04
 61/348 [====>.........................] - ETA: 4s - batch_cost: 0.0165 - reader cost: 2.5416e-04
 65/348 [====>.........................] - ETA: 4s - batch_cost: 0.0163 - reader cost: 2.3852e-04
 69/348 [====>.........................] - ETA: 4s - batch_cost: 0.0163 - reader cost: 2.2469e-04
 73/348 [=====>........................] - ETA: 4s - batch_cost: 0.0163 - reader cost: 2.1238e-04
 77/348 [=====>........................] - ETA: 4s - batch_cost: 0.0163 - reader cost: 2.0135e-04
 81/348 [=====>........................] - ETA: 4s - batch_cost: 0.0163 - reader cost: 2.1600e-04
 85/348 [======>.......................] - ETA: 4s - batch_cost: 0.0162 - reader cost: 2.0583e-04
 88/348 [======>.......................] - ETA: 4s - batch_cost: 0.0163 - reader cost: 1.9881e-04
 92/348 [======>.......................] - ETA: 4s - batch_cost: 0.0162 - reader cost: 1.9017e-04
 96/348 [=======>......................] - ETA: 4s - batch_cost: 0.0162 - reader cost: 1.9260e-04
 99/348 [=======>......................] - ETA: 4s - batch_cost: 0.0162 - reader cost: 1.8677e-04
102/348 [=======>......................] - ETA: 4s - batch_cost: 0.0162 - reader cost: 1.8128e-04
105/348 [========>.....................] - ETA: 3s - batch_cost: 0.0162 - reader cost: 1.7610e-04
108/348 [========>.....................] - ETA: 3s - batch_cost: 0.0162 - reader cost: 1.7120e-04
112/348 [========>.....................] - ETA: 3s - batch_cost: 0.0162 - reader cost: 1.7402e-04
115/348 [========>.....................] - ETA: 3s - batch_cost: 0.0162 - reader cost: 1.6948e-04
119/348 [=========>....................] - ETA: 3s - batch_cost: 0.0162 - reader cost: 1.7217e-04
123/348 [=========>....................] - ETA: 3s - batch_cost: 0.0163 - reader cost: 1.8293e-04
127/348 [=========>....................] - ETA: 3s - batch_cost: 0.0162 - reader cost: 1.7717e-04
131/348 [==========>...................] - ETA: 3s - batch_cost: 0.0162 - reader cost: 1.7176e-04
135/348 [==========>...................] - ETA: 3s - batch_cost: 0.0162 - reader cost: 1.6667e-04
138/348 [==========>...................] - ETA: 3s - batch_cost: 0.0162 - reader cost: 1.6305e-04
142/348 [===========>..................] - ETA: 3s - batch_cost: 0.0162 - reader cost: 1.5845e-04
146/348 [===========>..................] - ETA: 3s - batch_cost: 0.0162 - reader cost: 1.5758e-04
149/348 [===========>..................] - ETA: 3s - batch_cost: 0.0162 - reader cost: 1.5441e-04
152/348 [============>.................] - ETA: 3s - batch_cost: 0.0162 - reader cost: 1.5136e-04
156/348 [============>.................] - ETA: 3s - batch_cost: 0.0162 - reader cost: 1.5389e-04
160/348 [============>.................] - ETA: 3s - batch_cost: 0.0162 - reader cost: 1.5004e-04
163/348 [=============>................] - ETA: 3s - batch_cost: 0.0162 - reader cost: 1.4728e-04
167/348 [=============>................] - ETA: 2s - batch_cost: 0.0161 - reader cost: 1.4375e-04
171/348 [=============>................] - ETA: 2s - batch_cost: 0.0161 - reader cost: 1.4039e-04
175/348 [==============>...............] - ETA: 2s - batch_cost: 0.0161 - reader cost: 1.3718e-04
179/348 [==============>...............] - ETA: 2s - batch_cost: 0.0161 - reader cost: 1.3411e-04
183/348 [==============>...............] - ETA: 2s - batch_cost: 0.0161 - reader cost: 1.3118e-04
186/348 [===============>..............] - ETA: 2s - batch_cost: 0.0161 - reader cost: 1.2907e-04
190/348 [===============>..............] - ETA: 2s - batch_cost: 0.0161 - reader cost: 1.3678e-04
194/348 [===============>..............] - ETA: 2s - batch_cost: 0.0161 - reader cost: 1.3914e-04
198/348 [================>.............] - ETA: 2s - batch_cost: 0.0161 - reader cost: 1.3633e-04
202/348 [================>.............] - ETA: 2s - batch_cost: 0.0161 - reader cost: 1.3363e-04
206/348 [================>.............] - ETA: 2s - batch_cost: 0.0161 - reader cost: 1.3104e-04
210/348 [=================>............] - ETA: 2s - batch_cost: 0.0161 - reader cost: 1.3331e-04
214/348 [=================>............] - ETA: 2s - batch_cost: 0.0161 - reader cost: 1.3081e-04
217/348 [=================>............] - ETA: 2s - batch_cost: 0.0161 - reader cost: 1.3367e-04
221/348 [==================>...........] - ETA: 2s - batch_cost: 0.0161 - reader cost: 1.3125e-04
224/348 [==================>...........] - ETA: 2s - batch_cost: 0.0161 - reader cost: 1.2949e-04
228/348 [==================>...........] - ETA: 1s - batch_cost: 0.0161 - reader cost: 1.3164e-04
231/348 [==================>...........] - ETA: 1s - batch_cost: 0.0161 - reader cost: 1.2993e-04
234/348 [===================>..........] - ETA: 1s - batch_cost: 0.0162 - reader cost: 1.2826e-04
237/348 [===================>..........] - ETA: 1s - batch_cost: 0.0162 - reader cost: 1.2664e-04
240/348 [===================>..........] - ETA: 1s - batch_cost: 0.0162 - reader cost: 1.2922e-04
244/348 [====================>.........] - ETA: 1s - batch_cost: 0.0162 - reader cost: 1.2710e-04
248/348 [====================>.........] - ETA: 1s - batch_cost: 0.0162 - reader cost: 1.2916e-04
251/348 [====================>.........] - ETA: 1s - batch_cost: 0.0162 - reader cost: 1.2761e-04
254/348 [====================>.........] - ETA: 1s - batch_cost: 0.0162 - reader cost: 1.3208e-04
257/348 [=====================>........] - ETA: 1s - batch_cost: 0.0163 - reader cost: 1.3054e-04
260/348 [=====================>........] - ETA: 1s - batch_cost: 0.0163 - reader cost: 1.2903e-04
263/348 [=====================>........] - ETA: 1s - batch_cost: 0.0163 - reader cost: 1.2756e-04
267/348 [======================>.......] - ETA: 1s - batch_cost: 0.0163 - reader cost: 1.2565e-04
271/348 [======================>.......] - ETA: 1s - batch_cost: 0.0163 - reader cost: 1.2379e-04
275/348 [======================>.......] - ETA: 1s - batch_cost: 0.0163 - reader cost: 1.2563e-04
279/348 [=======================>......] - ETA: 1s - batch_cost: 0.0163 - reader cost: 1.2741e-04
283/348 [=======================>......] - ETA: 1s - batch_cost: 0.0163 - reader cost: 1.2914e-04
287/348 [=======================>......] - ETA: 1s - batch_cost: 0.0162 - reader cost: 1.2734e-04
291/348 [========================>.....] - ETA: 0s - batch_cost: 0.0162 - reader cost: 1.2559e-04
294/348 [========================>.....] - ETA: 0s - batch_cost: 0.0162 - reader cost: 1.2431e-04
297/348 [========================>.....] - ETA: 0s - batch_cost: 0.0162 - reader cost: 1.2305e-04
301/348 [========================>.....] - ETA: 0s - batch_cost: 0.0162 - reader cost: 1.2142e-04
305/348 [=========================>....] - ETA: 0s - batch_cost: 0.0162 - reader cost: 1.2310e-04
309/348 [=========================>....] - ETA: 0s - batch_cost: 0.0162 - reader cost: 1.2151e-04
312/348 [=========================>....] - ETA: 0s - batch_cost: 0.0162 - reader cost: 1.2034e-04
315/348 [==========================>...] - ETA: 0s - batch_cost: 0.0162 - reader cost: 1.2237e-04
318/348 [==========================>...] - ETA: 0s - batch_cost: 0.0162 - reader cost: 1.2122e-04
321/348 [==========================>...] - ETA: 0s - batch_cost: 0.0162 - reader cost: 1.2008e-04
324/348 [==========================>...] - ETA: 0s - batch_cost: 0.0163 - reader cost: 1.2362e-04
327/348 [===========================>..] - ETA: 0s - batch_cost: 0.0163 - reader cost: 1.2249e-04
330/348 [===========================>..] - ETA: 0s - batch_cost: 0.0163 - reader cost: 1.2137e-04
333/348 [===========================>..] - ETA: 0s - batch_cost: 0.0163 - reader cost: 1.2028e-04
336/348 [===========================>..] - ETA: 0s - batch_cost: 0.0163 - reader cost: 1.1921e-04
340/348 [============================>.] - ETA: 0s - batch_cost: 0.0163 - reader cost: 1.1780e-04
343/348 [============================>.] - ETA: 0s - batch_cost: 0.0163 - reader cost: 1.1677e-04
347/348 [============================>.] - ETA: 0s - batch_cost: 0.0163 - reader cost: 1.1543e-04
348/348 [==============================] - 6s 17ms/step - batch_cost: 0.0163 - reader cost: 1.1510e-04

  1/348 [..............................] - ETA: 11s - batch_cost: 0.0327 - reader cost: 0.0130
  4/348 [..............................] - ETA: 7s - batch_cost: 0.0224 - reader cost: 0.0033 
  7/348 [..............................] - ETA: 6s - batch_cost: 0.0203 - reader cost: 0.0019
 10/348 [..............................] - ETA: 6s - batch_cost: 0.0196 - reader cost: 0.0013
 13/348 [>.............................] - ETA: 6s - batch_cost: 0.0191 - reader cost: 0.0010
 17/348 [>.............................] - ETA: 6s - batch_cost: 0.0184 - reader cost: 8.2664e-04
 21/348 [>.............................] - ETA: 5s - batch_cost: 0.0178 - reader cost: 7.1688e-04
 24/348 [=>............................] - ETA: 5s - batch_cost: 0.0177 - reader cost: 6.2727e-04
 28/348 [=>............................] - ETA: 5s - batch_cost: 0.0174 - reader cost: 5.3766e-04
 32/348 [=>............................] - ETA: 5s - batch_cost: 0.0172 - reader cost: 4.7045e-04
 36/348 [==>...........................] - ETA: 5s - batch_cost: 0.0170 - reader cost: 4.4614e-04
 40/348 [==>...........................] - ETA: 5s - batch_cost: 0.0169 - reader cost: 4.0153e-04
 44/348 [==>...........................] - ETA: 5s - batch_cost: 0.0168 - reader cost: 3.6502e-04
 48/348 [===>..........................] - ETA: 5s - batch_cost: 0.0167 - reader cost: 3.3461e-04
 52/348 [===>..........................] - ETA: 4s - batch_cost: 0.0165 - reader cost: 3.0887e-04
 55/348 [===>..........................] - ETA: 4s - batch_cost: 0.0165 - reader cost: 2.9202e-04
 59/348 [====>.........................] - ETA: 4s - batch_cost: 0.0164 - reader cost: 2.8918e-04
 63/348 [====>.........................] - ETA: 4s - batch_cost: 0.0164 - reader cost: 2.7082e-04
 66/348 [====>.........................] - ETA: 4s - batch_cost: 0.0164 - reader cost: 2.5851e-04
 70/348 [=====>........................] - ETA: 4s - batch_cost: 0.0163 - reader cost: 2.4374e-04
 73/348 [=====>........................] - ETA: 4s - batch_cost: 0.0164 - reader cost: 2.3372e-04
 77/348 [=====>........................] - ETA: 4s - batch_cost: 0.0163 - reader cost: 2.2158e-04
 81/348 [=====>........................] - ETA: 4s - batch_cost: 0.0163 - reader cost: 2.1064e-04
 84/348 [======>.......................] - ETA: 4s - batch_cost: 0.0163 - reader cost: 2.0311e-04
 87/348 [======>.......................] - ETA: 4s - batch_cost: 0.0163 - reader cost: 1.9611e-04
 90/348 [======>.......................] - ETA: 4s - batch_cost: 0.0163 - reader cost: 2.0072e-04
 93/348 [=======>......................] - ETA: 4s - batch_cost: 0.0163 - reader cost: 1.9425e-04
 96/348 [=======>......................] - ETA: 4s - batch_cost: 0.0164 - reader cost: 1.8818e-04
 99/348 [=======>......................] - ETA: 4s - batch_cost: 0.0164 - reader cost: 1.8247e-04
103/348 [=======>......................] - ETA: 4s - batch_cost: 0.0164 - reader cost: 1.8511e-04
106/348 [========>.....................] - ETA: 4s - batch_cost: 0.0164 - reader cost: 1.7987e-04
109/348 [========>.....................] - ETA: 3s - batch_cost: 0.0164 - reader cost: 1.7492e-04
113/348 [========>.....................] - ETA: 3s - batch_cost: 0.0164 - reader cost: 1.8647e-04
116/348 [=========>....................] - ETA: 3s - batch_cost: 0.0164 - reader cost: 1.8165e-04
119/348 [=========>....................] - ETA: 3s - batch_cost: 0.0164 - reader cost: 1.7707e-04
122/348 [=========>....................] - ETA: 3s - batch_cost: 0.0165 - reader cost: 1.7271e-04
126/348 [=========>....................] - ETA: 3s - batch_cost: 0.0164 - reader cost: 1.6723e-04
130/348 [==========>...................] - ETA: 3s - batch_cost: 0.0164 - reader cost: 1.6208e-04
133/348 [==========>...................] - ETA: 3s - batch_cost: 0.0164 - reader cost: 1.5843e-04
137/348 [==========>...................] - ETA: 3s - batch_cost: 0.0164 - reader cost: 1.5750e-04
141/348 [===========>..................] - ETA: 3s - batch_cost: 0.0164 - reader cost: 1.5303e-04
145/348 [===========>..................] - ETA: 3s - batch_cost: 0.0164 - reader cost: 1.5570e-04
148/348 [===========>..................] - ETA: 3s - batch_cost: 0.0164 - reader cost: 1.5254e-04
151/348 [============>.................] - ETA: 3s - batch_cost: 0.0164 - reader cost: 1.5286e-04
154/348 [============>.................] - ETA: 3s - batch_cost: 0.0164 - reader cost: 1.4988e-04
157/348 [============>.................] - ETA: 3s - batch_cost: 0.0164 - reader cost: 1.4701e-04
160/348 [============>.................] - ETA: 3s - batch_cost: 0.0165 - reader cost: 1.4426e-04
164/348 [=============>................] - ETA: 3s - batch_cost: 0.0165 - reader cost: 1.4074e-04
167/348 [=============>................] - ETA: 3s - batch_cost: 0.0165 - reader cost: 1.3821e-04
171/348 [=============>................] - ETA: 2s - batch_cost: 0.0165 - reader cost: 1.3498e-04
175/348 [==============>...............] - ETA: 2s - batch_cost: 0.0165 - reader cost: 1.3477e-04
178/348 [==============>...............] - ETA: 2s - batch_cost: 0.0165 - reader cost: 1.3250e-04
182/348 [==============>...............] - ETA: 2s - batch_cost: 0.0164 - reader cost: 1.3509e-04
186/348 [===============>..............] - ETA: 2s - batch_cost: 0.0164 - reader cost: 1.3219e-04
189/348 [===============>..............] - ETA: 2s - batch_cost: 0.0165 - reader cost: 1.3009e-04
192/348 [===============>..............] - ETA: 2s - batch_cost: 0.0165 - reader cost: 1.2806e-04
195/348 [===============>..............] - ETA: 2s - batch_cost: 0.0165 - reader cost: 1.2609e-04
198/348 [================>.............] - ETA: 2s - batch_cost: 0.0165 - reader cost: 1.2418e-04
201/348 [================>.............] - ETA: 2s - batch_cost: 0.0165 - reader cost: 1.2232e-04
204/348 [================>.............] - ETA: 2s - batch_cost: 0.0165 - reader cost: 1.2799e-04
207/348 [================>.............] - ETA: 2s - batch_cost: 0.0165 - reader cost: 1.2614e-04
211/348 [=================>............] - ETA: 2s - batch_cost: 0.0165 - reader cost: 1.2849e-04
214/348 [=================>............] - ETA: 2s - batch_cost: 0.0165 - reader cost: 1.2669e-04
217/348 [=================>............] - ETA: 2s - batch_cost: 0.0166 - reader cost: 1.2956e-04
221/348 [==================>...........] - ETA: 2s - batch_cost: 0.0165 - reader cost: 1.2722e-04
224/348 [==================>...........] - ETA: 2s - batch_cost: 0.0166 - reader cost: 1.2551e-04
228/348 [==================>...........] - ETA: 2s - batch_cost: 0.0165 - reader cost: 1.2331e-04
232/348 [===================>..........] - ETA: 1s - batch_cost: 0.0165 - reader cost: 1.2118e-04
236/348 [===================>..........] - ETA: 1s - batch_cost: 0.0165 - reader cost: 1.1913e-04
240/348 [===================>..........] - ETA: 1s - batch_cost: 0.0165 - reader cost: 1.2131e-04
244/348 [====================>.........] - ETA: 1s - batch_cost: 0.0165 - reader cost: 1.1932e-04
248/348 [====================>.........] - ETA: 1s - batch_cost: 0.0165 - reader cost: 1.1740e-04
251/348 [====================>.........] - ETA: 1s - batch_cost: 0.0165 - reader cost: 1.1599e-04
255/348 [====================>.........] - ETA: 1s - batch_cost: 0.0164 - reader cost: 1.1810e-04
258/348 [=====================>........] - ETA: 1s - batch_cost: 0.0165 - reader cost: 1.1673e-04
262/348 [=====================>........] - ETA: 1s - batch_cost: 0.0164 - reader cost: 1.1495e-04
266/348 [=====================>........] - ETA: 1s - batch_cost: 0.0164 - reader cost: 1.1322e-04
270/348 [======================>.......] - ETA: 1s - batch_cost: 0.0164 - reader cost: 1.1524e-04
274/348 [======================>.......] - ETA: 1s - batch_cost: 0.0164 - reader cost: 1.1356e-04
278/348 [======================>.......] - ETA: 1s - batch_cost: 0.0164 - reader cost: 1.1193e-04
282/348 [=======================>......] - ETA: 1s - batch_cost: 0.0164 - reader cost: 1.1034e-04
285/348 [=======================>......] - ETA: 1s - batch_cost: 0.0164 - reader cost: 1.1268e-04
289/348 [=======================>......] - ETA: 0s - batch_cost: 0.0164 - reader cost: 1.1112e-04
293/348 [========================>.....] - ETA: 0s - batch_cost: 0.0163 - reader cost: 1.0961e-04
297/348 [========================>.....] - ETA: 0s - batch_cost: 0.0163 - reader cost: 1.0813e-04
300/348 [========================>.....] - ETA: 0s - batch_cost: 0.0163 - reader cost: 1.0705e-04
304/348 [=========================>....] - ETA: 0s - batch_cost: 0.0163 - reader cost: 1.0564e-04
307/348 [=========================>....] - ETA: 0s - batch_cost: 0.0163 - reader cost: 1.0461e-04
310/348 [=========================>....] - ETA: 0s - batch_cost: 0.0163 - reader cost: 1.0360e-04
313/348 [=========================>....] - ETA: 0s - batch_cost: 0.0164 - reader cost: 1.0260e-04
316/348 [==========================>...] - ETA: 0s - batch_cost: 0.0164 - reader cost: 1.0163e-04
320/348 [==========================>...] - ETA: 0s - batch_cost: 0.0164 - reader cost: 1.0036e-04
324/348 [==========================>...] - ETA: 0s - batch_cost: 0.0163 - reader cost: 9.9120e-05
327/348 [===========================>..] - ETA: 0s - batch_cost: 0.0164 - reader cost: 9.8211e-05
330/348 [===========================>..] - ETA: 0s - batch_cost: 0.0164 - reader cost: 1.0035e-04
333/348 [===========================>..] - ETA: 0s - batch_cost: 0.0164 - reader cost: 9.9443e-05
336/348 [===========================>..] - ETA: 0s - batch_cost: 0.0164 - reader cost: 9.8556e-05
339/348 [============================>.] - ETA: 0s - batch_cost: 0.0164 - reader cost: 9.7683e-05
342/348 [============================>.] - ETA: 0s - batch_cost: 0.0164 - reader cost: 9.6827e-05
346/348 [============================>.] - ETA: 0s - batch_cost: 0.0164 - reader cost: 9.5707e-05
348/348 [==============================] - 6s 17ms/step - batch_cost: 0.0164 - reader cost: 9.5157e-05

  1/348 [..............................] - ETA: 11s - batch_cost: 0.0344 - reader cost: 0.0127
  4/348 [..............................] - ETA: 7s - batch_cost: 0.0230 - reader cost: 0.0032 
  7/348 [..............................] - ETA: 7s - batch_cost: 0.0211 - reader cost: 0.0018
 10/348 [..............................] - ETA: 6s - batch_cost: 0.0198 - reader cost: 0.0013
 13/348 [>.............................] - ETA: 6s - batch_cost: 0.0191 - reader cost: 9.7399e-04
 17/348 [>.............................] - ETA: 6s - batch_cost: 0.0185 - reader cost: 7.4482e-04
 21/348 [>.............................] - ETA: 6s - batch_cost: 0.0182 - reader cost: 6.0295e-04
 24/348 [=>............................] - ETA: 5s - batch_cost: 0.0180 - reader cost: 5.2758e-04
 28/348 [=>............................] - ETA: 5s - batch_cost: 0.0176 - reader cost: 4.5221e-04
 32/348 [=>............................] - ETA: 5s - batch_cost: 0.0175 - reader cost: 3.9569e-04
 36/348 [==>...........................] - ETA: 5s - batch_cost: 0.0172 - reader cost: 3.5172e-04
 40/348 [==>...........................] - ETA: 5s - batch_cost: 0.0171 - reader cost: 3.1655e-04
 44/348 [==>...........................] - ETA: 5s - batch_cost: 0.0170 - reader cost: 2.8777e-04
 47/348 [===>..........................] - ETA: 5s - batch_cost: 0.0170 - reader cost: 2.6940e-04
 51/348 [===>..........................] - ETA: 5s - batch_cost: 0.0169 - reader cost: 2.6789e-04
 55/348 [===>..........................] - ETA: 5s - batch_cost: 0.0168 - reader cost: 2.4841e-04
 59/348 [====>.........................] - ETA: 4s - batch_cost: 0.0167 - reader cost: 2.4849e-04
 63/348 [====>.........................] - ETA: 4s - batch_cost: 0.0166 - reader cost: 2.3272e-04
 67/348 [====>.........................] - ETA: 4s - batch_cost: 0.0165 - reader cost: 2.1882e-04
 70/348 [=====>........................] - ETA: 4s - batch_cost: 0.0165 - reader cost: 2.2353e-04
 73/348 [=====>........................] - ETA: 4s - batch_cost: 0.0166 - reader cost: 2.1434e-04
 77/348 [=====>........................] - ETA: 4s - batch_cost: 0.0166 - reader cost: 2.0321e-04
 81/348 [=====>........................] - ETA: 4s - batch_cost: 0.0165 - reader cost: 1.9954e-04
 85/348 [======>.......................] - ETA: 4s - batch_cost: 0.0165 - reader cost: 1.9015e-04
 88/348 [======>.......................] - ETA: 4s - batch_cost: 0.0165 - reader cost: 1.8367e-04
 91/348 [======>.......................] - ETA: 4s - batch_cost: 0.0165 - reader cost: 1.9417e-04
 94/348 [=======>......................] - ETA: 4s - batch_cost: 0.0165 - reader cost: 1.8797e-04
 97/348 [=======>......................] - ETA: 4s - batch_cost: 0.0165 - reader cost: 1.8216e-04
100/348 [=======>......................] - ETA: 4s - batch_cost: 0.0165 - reader cost: 1.9668e-04
103/348 [=======>......................] - ETA: 4s - batch_cost: 0.0165 - reader cost: 1.9095e-04
107/348 [========>.....................] - ETA: 4s - batch_cost: 0.0165 - reader cost: 1.9316e-04
110/348 [========>.....................] - ETA: 4s - batch_cost: 0.0166 - reader cost: 1.8789e-04
114/348 [========>.....................] - ETA: 3s - batch_cost: 0.0165 - reader cost: 1.8576e-04
118/348 [=========>....................] - ETA: 3s - batch_cost: 0.0165 - reader cost: 1.7947e-04
122/348 [=========>....................] - ETA: 3s - batch_cost: 0.0165 - reader cost: 1.7358e-04
126/348 [=========>....................] - ETA: 3s - batch_cost: 0.0165 - reader cost: 1.7207e-04
129/348 [==========>...................] - ETA: 3s - batch_cost: 0.0165 - reader cost: 1.6807e-04
132/348 [==========>...................] - ETA: 3s - batch_cost: 0.0165 - reader cost: 1.6425e-04
136/348 [==========>...................] - ETA: 3s - batch_cost: 0.0165 - reader cost: 1.5942e-04
140/348 [===========>..................] - ETA: 3s - batch_cost: 0.0164 - reader cost: 1.5487e-04
144/348 [===========>..................] - ETA: 3s - batch_cost: 0.0164 - reader cost: 1.5056e-04
148/348 [===========>..................] - ETA: 3s - batch_cost: 0.0164 - reader cost: 1.4650e-04
152/348 [============>.................] - ETA: 3s - batch_cost: 0.0163 - reader cost: 1.4926e-04
156/348 [============>.................] - ETA: 3s - batch_cost: 0.0163 - reader cost: 1.4543e-04
159/348 [============>.................] - ETA: 3s - batch_cost: 0.0163 - reader cost: 1.4269e-04
162/348 [============>.................] - ETA: 3s - batch_cost: 0.0163 - reader cost: 1.4004e-04
165/348 [=============>................] - ETA: 3s - batch_cost: 0.0164 - reader cost: 1.3750e-04
169/348 [=============>................] - ETA: 2s - batch_cost: 0.0163 - reader cost: 1.3424e-04
173/348 [=============>................] - ETA: 2s - batch_cost: 0.0164 - reader cost: 1.3692e-04
176/348 [==============>...............] - ETA: 2s - batch_cost: 0.0164 - reader cost: 1.4026e-04
179/348 [==============>...............] - ETA: 2s - batch_cost: 0.0164 - reader cost: 1.3791e-04
182/348 [==============>...............] - ETA: 2s - batch_cost: 0.0164 - reader cost: 1.3564e-04
186/348 [===============>..............] - ETA: 2s - batch_cost: 0.0164 - reader cost: 1.3810e-04
190/348 [===============>..............] - ETA: 2s - batch_cost: 0.0164 - reader cost: 1.3520e-04
193/348 [===============>..............] - ETA: 2s - batch_cost: 0.0164 - reader cost: 1.3827e-04
196/348 [===============>..............] - ETA: 2s - batch_cost: 0.0164 - reader cost: 1.3616e-04
199/348 [================>.............] - ETA: 2s - batch_cost: 0.0164 - reader cost: 1.3411e-04
202/348 [================>.............] - ETA: 2s - batch_cost: 0.0164 - reader cost: 1.3706e-04
205/348 [================>.............] - ETA: 2s - batch_cost: 0.0164 - reader cost: 1.3505e-04
209/348 [=================>............] - ETA: 2s - batch_cost: 0.0164 - reader cost: 1.3247e-04
212/348 [=================>............] - ETA: 2s - batch_cost: 0.0164 - reader cost: 1.3059e-04
216/348 [=================>............] - ETA: 2s - batch_cost: 0.0164 - reader cost: 1.2817e-04
220/348 [=================>............] - ETA: 2s - batch_cost: 0.0164 - reader cost: 1.3035e-04
223/348 [==================>...........] - ETA: 2s - batch_cost: 0.0164 - reader cost: 1.2860e-04
226/348 [==================>...........] - ETA: 2s - batch_cost: 0.0164 - reader cost: 1.2689e-04
229/348 [==================>...........] - ETA: 1s - batch_cost: 0.0164 - reader cost: 1.2523e-04
232/348 [===================>..........] - ETA: 1s - batch_cost: 0.0164 - reader cost: 1.2361e-04
236/348 [===================>..........] - ETA: 1s - batch_cost: 0.0164 - reader cost: 1.2152e-04
240/348 [===================>..........] - ETA: 1s - batch_cost: 0.0164 - reader cost: 1.1949e-04
244/348 [====================>.........] - ETA: 1s - batch_cost: 0.0164 - reader cost: 1.1753e-04
248/348 [====================>.........] - ETA: 1s - batch_cost: 0.0163 - reader cost: 1.1967e-04
252/348 [====================>.........] - ETA: 1s - batch_cost: 0.0163 - reader cost: 1.1777e-04
256/348 [=====================>........] - ETA: 1s - batch_cost: 0.0163 - reader cost: 1.1593e-04
260/348 [=====================>........] - ETA: 1s - batch_cost: 0.0163 - reader cost: 1.1414e-04
264/348 [=====================>........] - ETA: 1s - batch_cost: 0.0163 - reader cost: 1.1241e-04
268/348 [======================>.......] - ETA: 1s - batch_cost: 0.0162 - reader cost: 1.1447e-04
272/348 [======================>.......] - ETA: 1s - batch_cost: 0.0162 - reader cost: 1.1278e-04
276/348 [======================>.......] - ETA: 1s - batch_cost: 0.0162 - reader cost: 1.1115e-04
280/348 [=======================>......] - ETA: 1s - batch_cost: 0.0162 - reader cost: 1.0956e-04
283/348 [=======================>......] - ETA: 1s - batch_cost: 0.0162 - reader cost: 1.0840e-04
287/348 [=======================>......] - ETA: 1s - batch_cost: 0.0162 - reader cost: 1.0689e-04
291/348 [========================>.....] - ETA: 0s - batch_cost: 0.0162 - reader cost: 1.0542e-04
295/348 [========================>.....] - ETA: 0s - batch_cost: 0.0162 - reader cost: 1.0756e-04
299/348 [========================>.....] - ETA: 0s - batch_cost: 0.0162 - reader cost: 1.0612e-04
302/348 [=========================>....] - ETA: 0s - batch_cost: 0.0162 - reader cost: 1.0838e-04
306/348 [=========================>....] - ETA: 0s - batch_cost: 0.0162 - reader cost: 1.0696e-04
310/348 [=========================>....] - ETA: 0s - batch_cost: 0.0162 - reader cost: 1.0558e-04
313/348 [=========================>....] - ETA: 0s - batch_cost: 0.0162 - reader cost: 1.0457e-04
316/348 [==========================>...] - ETA: 0s - batch_cost: 0.0162 - reader cost: 1.0358e-04
320/348 [==========================>...] - ETA: 0s - batch_cost: 0.0162 - reader cost: 1.0228e-04
324/348 [==========================>...] - ETA: 0s - batch_cost: 0.0162 - reader cost: 1.0102e-04
328/348 [===========================>..] - ETA: 0s - batch_cost: 0.0162 - reader cost: 9.9789e-05
332/348 [===========================>..] - ETA: 0s - batch_cost: 0.0161 - reader cost: 9.8587e-05
335/348 [===========================>..] - ETA: 0s - batch_cost: 0.0162 - reader cost: 9.7704e-05
338/348 [============================>.] - ETA: 0s - batch_cost: 0.0162 - reader cost: 9.6837e-05
342/348 [============================>.] - ETA: 0s - batch_cost: 0.0162 - reader cost: 9.5704e-05
346/348 [============================>.] - ETA: 0s - batch_cost: 0.0162 - reader cost: 9.7484e-05
348/348 [==============================] - 6s 16ms/step - batch_cost: 0.0162 - reader cost: 9.6924e-05

  1/348 [..............................] - ETA: 10s - batch_cost: 0.0290 - reader cost: 0.0125
  5/348 [..............................] - ETA: 6s - batch_cost: 0.0189 - reader cost: 0.0027 
  9/348 [..............................] - ETA: 5s - batch_cost: 0.0176 - reader cost: 0.0015
 13/348 [>.............................] - ETA: 5s - batch_cost: 0.0166 - reader cost: 0.0012
 17/348 [>.............................] - ETA: 5s - batch_cost: 0.0165 - reader cost: 9.7126e-04
 21/348 [>.............................] - ETA: 5s - batch_cost: 0.0165 - reader cost: 8.3389e-04
 25/348 [=>............................] - ETA: 5s - batch_cost: 0.0162 - reader cost: 7.4037e-04
 29/348 [=>............................] - ETA: 5s - batch_cost: 0.0160 - reader cost: 6.7272e-04
 33/348 [=>............................] - ETA: 5s - batch_cost: 0.0160 - reader cost: 5.9118e-04
 37/348 [==>...........................] - ETA: 4s - batch_cost: 0.0158 - reader cost: 5.4093e-04
 41/348 [==>...........................] - ETA: 4s - batch_cost: 0.0157 - reader cost: 4.8816e-04
 45/348 [==>...........................] - ETA: 4s - batch_cost: 0.0157 - reader cost: 4.4477e-04
 49/348 [===>..........................] - ETA: 4s - batch_cost: 0.0157 - reader cost: 4.0846e-04
 53/348 [===>..........................] - ETA: 4s - batch_cost: 0.0157 - reader cost: 3.7763e-04
 56/348 [===>..........................] - ETA: 4s - batch_cost: 0.0158 - reader cost: 3.7532e-04
 60/348 [====>.........................] - ETA: 4s - batch_cost: 0.0158 - reader cost: 3.5030e-04
 64/348 [====>.........................] - ETA: 4s - batch_cost: 0.0158 - reader cost: 3.4401e-04
 68/348 [====>.........................] - ETA: 4s - batch_cost: 0.0158 - reader cost: 3.2377e-04
 72/348 [=====>........................] - ETA: 4s - batch_cost: 0.0158 - reader cost: 3.0579e-04
 75/348 [=====>........................] - ETA: 4s - batch_cost: 0.0159 - reader cost: 2.9355e-04
 79/348 [=====>........................] - ETA: 4s - batch_cost: 0.0159 - reader cost: 2.7869e-04
 82/348 [======>.......................] - ETA: 4s - batch_cost: 0.0160 - reader cost: 2.8064e-04
 85/348 [======>.......................] - ETA: 4s - batch_cost: 0.0160 - reader cost: 2.7074e-04
 88/348 [======>.......................] - ETA: 4s - batch_cost: 0.0161 - reader cost: 2.6151e-04
 92/348 [======>.......................] - ETA: 4s - batch_cost: 0.0161 - reader cost: 2.6109e-04
 95/348 [=======>......................] - ETA: 4s - batch_cost: 0.0161 - reader cost: 2.5284e-04
 98/348 [=======>......................] - ETA: 4s - batch_cost: 0.0161 - reader cost: 2.4510e-04
101/348 [=======>......................] - ETA: 4s - batch_cost: 0.0162 - reader cost: 2.3782e-04
104/348 [=======>......................] - ETA: 3s - batch_cost: 0.0162 - reader cost: 2.3096e-04
107/348 [========>.....................] - ETA: 3s - batch_cost: 0.0163 - reader cost: 2.2449e-04
110/348 [========>.....................] - ETA: 3s - batch_cost: 0.0163 - reader cost: 2.1837e-04
114/348 [========>.....................] - ETA: 3s - batch_cost: 0.0163 - reader cost: 2.1530e-04
117/348 [=========>....................] - ETA: 3s - batch_cost: 0.0163 - reader cost: 2.1833e-04
121/348 [=========>....................] - ETA: 3s - batch_cost: 0.0163 - reader cost: 2.1111e-04
124/348 [=========>....................] - ETA: 3s - batch_cost: 0.0163 - reader cost: 2.1406e-04
127/348 [=========>....................] - ETA: 3s - batch_cost: 0.0163 - reader cost: 2.0900e-04
131/348 [==========>...................] - ETA: 3s - batch_cost: 0.0162 - reader cost: 2.0262e-04
135/348 [==========>...................] - ETA: 3s - batch_cost: 0.0162 - reader cost: 2.1143e-04
139/348 [==========>...................] - ETA: 3s - batch_cost: 0.0162 - reader cost: 2.0535e-04
143/348 [===========>..................] - ETA: 3s - batch_cost: 0.0161 - reader cost: 1.9960e-04
147/348 [===========>..................] - ETA: 3s - batch_cost: 0.0161 - reader cost: 2.0097e-04
151/348 [============>.................] - ETA: 3s - batch_cost: 0.0161 - reader cost: 1.9565e-04
155/348 [============>.................] - ETA: 3s - batch_cost: 0.0161 - reader cost: 1.9060e-04
159/348 [============>.................] - ETA: 3s - batch_cost: 0.0161 - reader cost: 1.9209e-04
163/348 [=============>................] - ETA: 3s - batch_cost: 0.0161 - reader cost: 1.8738e-04
167/348 [=============>................] - ETA: 2s - batch_cost: 0.0161 - reader cost: 1.9488e-04
170/348 [=============>................] - ETA: 2s - batch_cost: 0.0161 - reader cost: 1.9144e-04
174/348 [==============>...............] - ETA: 2s - batch_cost: 0.0161 - reader cost: 1.9278e-04
177/348 [==============>...............] - ETA: 2s - batch_cost: 0.0161 - reader cost: 1.8952e-04
181/348 [==============>...............] - ETA: 2s - batch_cost: 0.0161 - reader cost: 1.8533e-04
184/348 [==============>...............] - ETA: 2s - batch_cost: 0.0161 - reader cost: 1.8231e-04
188/348 [===============>..............] - ETA: 2s - batch_cost: 0.0161 - reader cost: 1.8378e-04
192/348 [===============>..............] - ETA: 2s - batch_cost: 0.0161 - reader cost: 1.7995e-04
196/348 [===============>..............] - ETA: 2s - batch_cost: 0.0161 - reader cost: 1.7628e-04
199/348 [================>.............] - ETA: 2s - batch_cost: 0.0161 - reader cost: 1.7362e-04
202/348 [================>.............] - ETA: 2s - batch_cost: 0.0162 - reader cost: 1.7104e-04
206/348 [================>.............] - ETA: 2s - batch_cost: 0.0162 - reader cost: 1.6772e-04
209/348 [=================>............] - ETA: 2s - batch_cost: 0.0162 - reader cost: 1.6532e-04
213/348 [=================>............] - ETA: 2s - batch_cost: 0.0162 - reader cost: 1.7159e-04
217/348 [=================>............] - ETA: 2s - batch_cost: 0.0162 - reader cost: 1.6843e-04
221/348 [==================>...........] - ETA: 2s - batch_cost: 0.0161 - reader cost: 1.6538e-04
225/348 [==================>...........] - ETA: 2s - batch_cost: 0.0161 - reader cost: 1.6244e-04
229/348 [==================>...........] - ETA: 1s - batch_cost: 0.0161 - reader cost: 1.5960e-04
233/348 [===================>..........] - ETA: 1s - batch_cost: 0.0161 - reader cost: 1.5686e-04
237/348 [===================>..........] - ETA: 1s - batch_cost: 0.0161 - reader cost: 1.5421e-04
240/348 [===================>..........] - ETA: 1s - batch_cost: 0.0161 - reader cost: 1.5229e-04
244/348 [====================>.........] - ETA: 1s - batch_cost: 0.0161 - reader cost: 1.5596e-04
247/348 [====================>.........] - ETA: 1s - batch_cost: 0.0161 - reader cost: 1.5407e-04
251/348 [====================>.........] - ETA: 1s - batch_cost: 0.0161 - reader cost: 1.5161e-04
255/348 [====================>.........] - ETA: 1s - batch_cost: 0.0161 - reader cost: 1.4923e-04
259/348 [=====================>........] - ETA: 1s - batch_cost: 0.0161 - reader cost: 1.5082e-04
262/348 [=====================>........] - ETA: 1s - batch_cost: 0.0161 - reader cost: 1.5292e-04
266/348 [=====================>........] - ETA: 1s - batch_cost: 0.0161 - reader cost: 1.5062e-04
270/348 [======================>.......] - ETA: 1s - batch_cost: 0.0161 - reader cost: 1.4838e-04
273/348 [======================>.......] - ETA: 1s - batch_cost: 0.0161 - reader cost: 1.5041e-04
276/348 [======================>.......] - ETA: 1s - batch_cost: 0.0162 - reader cost: 1.4878e-04
280/348 [=======================>......] - ETA: 1s - batch_cost: 0.0162 - reader cost: 1.5022e-04
284/348 [=======================>......] - ETA: 1s - batch_cost: 0.0162 - reader cost: 1.4811e-04
287/348 [=======================>......] - ETA: 0s - batch_cost: 0.0162 - reader cost: 1.5005e-04
290/348 [========================>.....] - ETA: 0s - batch_cost: 0.0162 - reader cost: 1.4849e-04
293/348 [========================>.....] - ETA: 0s - batch_cost: 0.0162 - reader cost: 1.4697e-04
296/348 [========================>.....] - ETA: 0s - batch_cost: 0.0162 - reader cost: 1.4548e-04
300/348 [========================>.....] - ETA: 0s - batch_cost: 0.0162 - reader cost: 1.4354e-04
303/348 [=========================>....] - ETA: 0s - batch_cost: 0.0162 - reader cost: 1.4212e-04
306/348 [=========================>....] - ETA: 0s - batch_cost: 0.0162 - reader cost: 1.4073e-04
310/348 [=========================>....] - ETA: 0s - batch_cost: 0.0162 - reader cost: 1.4213e-04
313/348 [=========================>....] - ETA: 0s - batch_cost: 0.0162 - reader cost: 1.4077e-04
317/348 [==========================>...] - ETA: 0s - batch_cost: 0.0162 - reader cost: 1.4846e-04
320/348 [==========================>...] - ETA: 0s - batch_cost: 0.0162 - reader cost: 1.4706e-04
324/348 [==========================>...] - ETA: 0s - batch_cost: 0.0162 - reader cost: 1.4833e-04
328/348 [===========================>..] - ETA: 0s - batch_cost: 0.0162 - reader cost: 1.4652e-04
331/348 [===========================>..] - ETA: 0s - batch_cost: 0.0162 - reader cost: 1.4519e-04
335/348 [===========================>..] - ETA: 0s - batch_cost: 0.0162 - reader cost: 1.4346e-04
339/348 [============================>.] - ETA: 0s - batch_cost: 0.0162 - reader cost: 1.4177e-04
343/348 [============================>.] - ETA: 0s - batch_cost: 0.0162 - reader cost: 1.4012e-04
347/348 [============================>.] - ETA: 0s - batch_cost: 0.0162 - reader cost: 1.4138e-04
348/348 [==============================] - 6s 16ms/step - batch_cost: 0.0162 - reader cost: 1.4097e-04

  1/348 [..............................] - ETA: 10s - batch_cost: 0.0295 - reader cost: 0.0130
  4/348 [..............................] - ETA: 7s - batch_cost: 0.0202 - reader cost: 0.0033 
  7/348 [..............................] - ETA: 6s - batch_cost: 0.0193 - reader cost: 0.0019
 10/348 [..............................] - ETA: 6s - batch_cost: 0.0186 - reader cost: 0.0013
 13/348 [>.............................] - ETA: 6s - batch_cost: 0.0182 - reader cost: 0.0010
 17/348 [>.............................] - ETA: 5s - batch_cost: 0.0174 - reader cost: 7.6502e-04
 21/348 [>.............................] - ETA: 5s - batch_cost: 0.0170 - reader cost: 6.1930e-04
 25/348 [=>............................] - ETA: 5s - batch_cost: 0.0166 - reader cost: 5.2021e-04
 29/348 [=>............................] - ETA: 5s - batch_cost: 0.0165 - reader cost: 4.4846e-04
 33/348 [=>............................] - ETA: 5s - batch_cost: 0.0164 - reader cost: 3.9410e-04
 36/348 [==>...........................] - ETA: 5s - batch_cost: 0.0166 - reader cost: 3.6126e-04
 40/348 [==>...........................] - ETA: 5s - batch_cost: 0.0166 - reader cost: 3.2513e-04
 43/348 [==>...........................] - ETA: 5s - batch_cost: 0.0167 - reader cost: 3.0245e-04
 46/348 [==>...........................] - ETA: 5s - batch_cost: 0.0169 - reader cost: 2.8272e-04
 49/348 [===>..........................] - ETA: 5s - batch_cost: 0.0170 - reader cost: 2.6541e-04
 52/348 [===>..........................] - ETA: 5s - batch_cost: 0.0170 - reader cost: 2.5010e-04
 55/348 [===>..........................] - ETA: 5s - batch_cost: 0.0171 - reader cost: 2.3646e-04
 58/348 [====>.........................] - ETA: 5s - batch_cost: 0.0171 - reader cost: 2.2423e-04
 61/348 [====>.........................] - ETA: 5s - batch_cost: 0.0171 - reader cost: 2.2972e-04
 64/348 [====>.........................] - ETA: 4s - batch_cost: 0.0172 - reader cost: 2.1895e-04
 67/348 [====>.........................] - ETA: 4s - batch_cost: 0.0172 - reader cost: 2.0915e-04
 70/348 [=====>........................] - ETA: 4s - batch_cost: 0.0172 - reader cost: 2.0019e-04
 74/348 [=====>........................] - ETA: 4s - batch_cost: 0.0172 - reader cost: 2.0286e-04
 77/348 [=====>........................] - ETA: 4s - batch_cost: 0.0172 - reader cost: 1.9496e-04
 80/348 [=====>........................] - ETA: 4s - batch_cost: 0.0172 - reader cost: 1.8765e-04
 83/348 [======>.......................] - ETA: 4s - batch_cost: 0.0172 - reader cost: 1.8086e-04
 87/348 [======>.......................] - ETA: 4s - batch_cost: 0.0172 - reader cost: 1.7255e-04
 91/348 [======>.......................] - ETA: 4s - batch_cost: 0.0171 - reader cost: 1.6496e-04
 95/348 [=======>......................] - ETA: 4s - batch_cost: 0.0171 - reader cost: 1.5802e-04
 98/348 [=======>......................] - ETA: 4s - batch_cost: 0.0171 - reader cost: 1.5318e-04
102/348 [=======>......................] - ETA: 4s - batch_cost: 0.0170 - reader cost: 1.4717e-04
105/348 [========>.....................] - ETA: 4s - batch_cost: 0.0170 - reader cost: 1.4297e-04
108/348 [========>.....................] - ETA: 4s - batch_cost: 0.0170 - reader cost: 1.3900e-04
112/348 [========>.....................] - ETA: 4s - batch_cost: 0.0170 - reader cost: 1.3403e-04
115/348 [========>.....................] - ETA: 4s - batch_cost: 0.0170 - reader cost: 1.3054e-04
118/348 [=========>....................] - ETA: 3s - batch_cost: 0.0170 - reader cost: 1.2722e-04
121/348 [=========>....................] - ETA: 3s - batch_cost: 0.0170 - reader cost: 1.2406e-04
124/348 [=========>....................] - ETA: 3s - batch_cost: 0.0170 - reader cost: 1.2913e-04
127/348 [=========>....................] - ETA: 3s - batch_cost: 0.0170 - reader cost: 1.2608e-04
130/348 [==========>...................] - ETA: 3s - batch_cost: 0.0170 - reader cost: 1.2721e-04
134/348 [==========>...................] - ETA: 3s - batch_cost: 0.0170 - reader cost: 1.2341e-04
138/348 [==========>...................] - ETA: 3s - batch_cost: 0.0169 - reader cost: 1.1983e-04
141/348 [===========>..................] - ETA: 3s - batch_cost: 0.0169 - reader cost: 1.1728e-04
144/348 [===========>..................] - ETA: 3s - batch_cost: 0.0169 - reader cost: 1.2179e-04
147/348 [===========>..................] - ETA: 3s - batch_cost: 0.0170 - reader cost: 1.1931e-04
150/348 [===========>..................] - ETA: 3s - batch_cost: 0.0169 - reader cost: 1.2358e-04
154/348 [============>.................] - ETA: 3s - batch_cost: 0.0169 - reader cost: 1.2037e-04
158/348 [============>.................] - ETA: 3s - batch_cost: 0.0169 - reader cost: 1.2375e-04
161/348 [============>.................] - ETA: 3s - batch_cost: 0.0170 - reader cost: 1.2145e-04
164/348 [=============>................] - ETA: 3s - batch_cost: 0.0170 - reader cost: 1.1922e-04
168/348 [=============>................] - ETA: 3s - batch_cost: 0.0169 - reader cost: 1.1639e-04
171/348 [=============>................] - ETA: 3s - batch_cost: 0.0169 - reader cost: 1.1434e-04
175/348 [==============>...............] - ETA: 2s - batch_cost: 0.0169 - reader cost: 1.1173e-04
178/348 [==============>...............] - ETA: 2s - batch_cost: 0.0169 - reader cost: 1.0985e-04
181/348 [==============>...............] - ETA: 2s - batch_cost: 0.0170 - reader cost: 1.0803e-04
184/348 [==============>...............] - ETA: 2s - batch_cost: 0.0170 - reader cost: 1.0908e-04
187/348 [===============>..............] - ETA: 2s - batch_cost: 0.0170 - reader cost: 1.0733e-04
191/348 [===============>..............] - ETA: 2s - batch_cost: 0.0170 - reader cost: 1.0508e-04
194/348 [===============>..............] - ETA: 2s - batch_cost: 0.0170 - reader cost: 1.0346e-04
197/348 [===============>..............] - ETA: 2s - batch_cost: 0.0170 - reader cost: 1.0188e-04
200/348 [================>.............] - ETA: 2s - batch_cost: 0.0170 - reader cost: 1.0036e-04
203/348 [================>.............] - ETA: 2s - batch_cost: 0.0170 - reader cost: 1.0385e-04
206/348 [================>.............] - ETA: 2s - batch_cost: 0.0170 - reader cost: 1.0234e-04
210/348 [=================>............] - ETA: 2s - batch_cost: 0.0170 - reader cost: 1.0039e-04
213/348 [=================>............] - ETA: 2s - batch_cost: 0.0170 - reader cost: 9.8974e-05
216/348 [=================>............] - ETA: 2s - batch_cost: 0.0170 - reader cost: 9.7599e-05
219/348 [=================>............] - ETA: 2s - batch_cost: 0.0170 - reader cost: 9.6262e-05
222/348 [==================>...........] - ETA: 2s - batch_cost: 0.0170 - reader cost: 9.4961e-05
225/348 [==================>...........] - ETA: 2s - batch_cost: 0.0170 - reader cost: 9.3695e-05
229/348 [==================>...........] - ETA: 2s - batch_cost: 0.0170 - reader cost: 9.2059e-05
233/348 [===================>..........] - ETA: 1s - batch_cost: 0.0170 - reader cost: 9.4771e-05
237/348 [===================>..........] - ETA: 1s - batch_cost: 0.0170 - reader cost: 9.7387e-05
240/348 [===================>..........] - ETA: 1s - batch_cost: 0.0170 - reader cost: 9.6170e-05
243/348 [===================>..........] - ETA: 1s - batch_cost: 0.0170 - reader cost: 9.4983e-05
246/348 [====================>.........] - ETA: 1s - batch_cost: 0.0170 - reader cost: 9.3824e-05
249/348 [====================>.........] - ETA: 1s - batch_cost: 0.0170 - reader cost: 9.2694e-05
252/348 [====================>.........] - ETA: 1s - batch_cost: 0.0170 - reader cost: 9.1591e-05
255/348 [====================>.........] - ETA: 1s - batch_cost: 0.0170 - reader cost: 9.4433e-05
258/348 [=====================>........] - ETA: 1s - batch_cost: 0.0170 - reader cost: 9.5301e-05
261/348 [=====================>........] - ETA: 1s - batch_cost: 0.0170 - reader cost: 9.4205e-05
264/348 [=====================>........] - ETA: 1s - batch_cost: 0.0170 - reader cost: 9.3135e-05
267/348 [======================>.......] - ETA: 1s - batch_cost: 0.0170 - reader cost: 9.2089e-05
270/348 [======================>.......] - ETA: 1s - batch_cost: 0.0170 - reader cost: 9.1065e-05
273/348 [======================>.......] - ETA: 1s - batch_cost: 0.0170 - reader cost: 9.0065e-05
276/348 [======================>.......] - ETA: 1s - batch_cost: 0.0171 - reader cost: 8.9086e-05
279/348 [=======================>......] - ETA: 1s - batch_cost: 0.0171 - reader cost: 8.8128e-05
282/348 [=======================>......] - ETA: 1s - batch_cost: 0.0171 - reader cost: 8.7190e-05
285/348 [=======================>......] - ETA: 1s - batch_cost: 0.0171 - reader cost: 8.6272e-05
288/348 [=======================>......] - ETA: 1s - batch_cost: 0.0171 - reader cost: 8.5374e-05
291/348 [========================>.....] - ETA: 0s - batch_cost: 0.0171 - reader cost: 8.4494e-05
294/348 [========================>.....] - ETA: 0s - batch_cost: 0.0171 - reader cost: 8.3631e-05
298/348 [========================>.....] - ETA: 0s - batch_cost: 0.0171 - reader cost: 8.2509e-05
301/348 [========================>.....] - ETA: 0s - batch_cost: 0.0171 - reader cost: 8.5007e-05
304/348 [=========================>....] - ETA: 0s - batch_cost: 0.0171 - reader cost: 8.4168e-05
308/348 [=========================>....] - ETA: 0s - batch_cost: 0.0171 - reader cost: 8.7964e-05
311/348 [=========================>....] - ETA: 0s - batch_cost: 0.0171 - reader cost: 9.0340e-05
314/348 [==========================>...] - ETA: 0s - batch_cost: 0.0171 - reader cost: 8.9477e-05
318/348 [==========================>...] - ETA: 0s - batch_cost: 0.0171 - reader cost: 8.8351e-05
322/348 [==========================>...] - ETA: 0s - batch_cost: 0.0171 - reader cost: 8.7254e-05
325/348 [===========================>..] - ETA: 0s - batch_cost: 0.0171 - reader cost: 8.6448e-05
328/348 [===========================>..] - ETA: 0s - batch_cost: 0.0171 - reader cost: 8.5658e-05
331/348 [===========================>..] - ETA: 0s - batch_cost: 0.0171 - reader cost: 8.4881e-05
334/348 [===========================>..] - ETA: 0s - batch_cost: 0.0171 - reader cost: 8.4119e-05
338/348 [============================>.] - ETA: 0s - batch_cost: 0.0171 - reader cost: 8.3123e-05
341/348 [============================>.] - ETA: 0s - batch_cost: 0.0171 - reader cost: 8.5324e-05
344/348 [============================>.] - ETA: 0s - batch_cost: 0.0171 - reader cost: 8.4580e-05
348/348 [==============================] - 6s 17ms/step - batch_cost: 0.0171 - reader cost: 8.3608e-05

  1/348 [..............................] - ETA: 10s - batch_cost: 0.0314 - reader cost: 0.0132
  4/348 [..............................] - ETA: 7s - batch_cost: 0.0220 - reader cost: 0.0033 
  7/348 [..............................] - ETA: 7s - batch_cost: 0.0203 - reader cost: 0.0019
 10/348 [..............................] - ETA: 6s - batch_cost: 0.0195 - reader cost: 0.0014
 14/348 [>.............................] - ETA: 6s - batch_cost: 0.0187 - reader cost: 0.0011
 18/348 [>.............................] - ETA: 6s - batch_cost: 0.0181 - reader cost: 9.0150e-04
 21/348 [>.............................] - ETA: 5s - batch_cost: 0.0179 - reader cost: 7.7271e-04
 25/348 [=>............................] - ETA: 5s - batch_cost: 0.0178 - reader cost: 6.4908e-04
 28/348 [=>............................] - ETA: 5s - batch_cost: 0.0179 - reader cost: 5.7954e-04
 31/348 [=>............................] - ETA: 5s - batch_cost: 0.0179 - reader cost: 5.2345e-04
 35/348 [==>...........................] - ETA: 5s - batch_cost: 0.0176 - reader cost: 4.6363e-04
 39/348 [==>...........................] - ETA: 5s - batch_cost: 0.0175 - reader cost: 4.4167e-04
 42/348 [==>...........................] - ETA: 5s - batch_cost: 0.0174 - reader cost: 4.3390e-04
 45/348 [==>...........................] - ETA: 5s - batch_cost: 0.0174 - reader cost: 4.0497e-04
 48/348 [===>..........................] - ETA: 5s - batch_cost: 0.0175 - reader cost: 3.7966e-04
 51/348 [===>..........................] - ETA: 5s - batch_cost: 0.0175 - reader cost: 3.5733e-04
 55/348 [===>..........................] - ETA: 5s - batch_cost: 0.0174 - reader cost: 3.3134e-04
 59/348 [====>.........................] - ETA: 5s - batch_cost: 0.0172 - reader cost: 3.0888e-04
 63/348 [====>.........................] - ETA: 4s - batch_cost: 0.0171 - reader cost: 2.8927e-04
 67/348 [====>.........................] - ETA: 4s - batch_cost: 0.0170 - reader cost: 2.8691e-04
 71/348 [=====>........................] - ETA: 4s - batch_cost: 0.0169 - reader cost: 2.7074e-04
 74/348 [=====>........................] - ETA: 4s - batch_cost: 0.0169 - reader cost: 2.5977e-04
 77/348 [=====>........................] - ETA: 4s - batch_cost: 0.0169 - reader cost: 2.4965e-04
 80/348 [=====>........................] - ETA: 4s - batch_cost: 0.0169 - reader cost: 2.4028e-04
 84/348 [======>.......................] - ETA: 4s - batch_cost: 0.0168 - reader cost: 2.4075e-04
 87/348 [======>.......................] - ETA: 4s - batch_cost: 0.0168 - reader cost: 2.4400e-04
 91/348 [======>.......................] - ETA: 4s - batch_cost: 0.0168 - reader cost: 2.4424e-04
 94/348 [=======>......................] - ETA: 4s - batch_cost: 0.0169 - reader cost: 2.3645e-04
 97/348 [=======>......................] - ETA: 4s - batch_cost: 0.0169 - reader cost: 2.2914e-04
100/348 [=======>......................] - ETA: 4s - batch_cost: 0.0170 - reader cost: 2.3224e-04
103/348 [=======>......................] - ETA: 4s - batch_cost: 0.0171 - reader cost: 2.2548e-04
106/348 [========>.....................] - ETA: 4s - batch_cost: 0.0171 - reader cost: 2.1910e-04
109/348 [========>.....................] - ETA: 4s - batch_cost: 0.0171 - reader cost: 2.1307e-04
112/348 [========>.....................] - ETA: 4s - batch_cost: 0.0171 - reader cost: 2.0736e-04
115/348 [========>.....................] - ETA: 4s - batch_cost: 0.0171 - reader cost: 2.0195e-04
118/348 [=========>....................] - ETA: 4s - batch_cost: 0.0171 - reader cost: 2.0549e-04
122/348 [=========>....................] - ETA: 3s - batch_cost: 0.0170 - reader cost: 1.9876e-04
126/348 [=========>....................] - ETA: 3s - batch_cost: 0.0170 - reader cost: 1.9245e-04
129/348 [==========>...................] - ETA: 3s - batch_cost: 0.0170 - reader cost: 1.8797e-04
132/348 [==========>...................] - ETA: 3s - batch_cost: 0.0171 - reader cost: 1.9128e-04
136/348 [==========>...................] - ETA: 3s - batch_cost: 0.0170 - reader cost: 1.8566e-04
139/348 [==========>...................] - ETA: 3s - batch_cost: 0.0171 - reader cost: 1.8165e-04
142/348 [===========>..................] - ETA: 3s - batch_cost: 0.0170 - reader cost: 1.7781e-04
145/348 [===========>..................] - ETA: 3s - batch_cost: 0.0171 - reader cost: 1.8103e-04
149/348 [===========>..................] - ETA: 3s - batch_cost: 0.0171 - reader cost: 1.7617e-04
153/348 [============>.................] - ETA: 3s - batch_cost: 0.0170 - reader cost: 1.7156e-04
156/348 [============>.................] - ETA: 3s - batch_cost: 0.0170 - reader cost: 1.6826e-04
159/348 [============>.................] - ETA: 3s - batch_cost: 0.0170 - reader cost: 1.6509e-04
163/348 [=============>................] - ETA: 3s - batch_cost: 0.0170 - reader cost: 1.6103e-04
167/348 [=============>................] - ETA: 3s - batch_cost: 0.0170 - reader cost: 1.5718e-04
170/348 [=============>................] - ETA: 3s - batch_cost: 0.0170 - reader cost: 1.5440e-04
173/348 [=============>................] - ETA: 3s - batch_cost: 0.0170 - reader cost: 1.5173e-04
177/348 [==============>...............] - ETA: 2s - batch_cost: 0.0169 - reader cost: 1.4830e-04
180/348 [==============>...............] - ETA: 2s - batch_cost: 0.0169 - reader cost: 1.4583e-04
184/348 [==============>...............] - ETA: 2s - batch_cost: 0.0169 - reader cost: 1.4266e-04
187/348 [===============>..............] - ETA: 2s - batch_cost: 0.0169 - reader cost: 1.4037e-04
190/348 [===============>..............] - ETA: 2s - batch_cost: 0.0169 - reader cost: 1.3815e-04
194/348 [===============>..............] - ETA: 2s - batch_cost: 0.0169 - reader cost: 1.3530e-04
197/348 [===============>..............] - ETA: 2s - batch_cost: 0.0169 - reader cost: 1.4339e-04
201/348 [================>.............] - ETA: 2s - batch_cost: 0.0169 - reader cost: 1.4554e-04
204/348 [================>.............] - ETA: 2s - batch_cost: 0.0169 - reader cost: 1.4340e-04
207/348 [================>.............] - ETA: 2s - batch_cost: 0.0169 - reader cost: 1.4132e-04
210/348 [=================>............] - ETA: 2s - batch_cost: 0.0169 - reader cost: 1.3930e-04
213/348 [=================>............] - ETA: 2s - batch_cost: 0.0170 - reader cost: 1.4203e-04
216/348 [=================>............] - ETA: 2s - batch_cost: 0.0170 - reader cost: 1.4006e-04
219/348 [=================>............] - ETA: 2s - batch_cost: 0.0170 - reader cost: 1.3814e-04
222/348 [==================>...........] - ETA: 2s - batch_cost: 0.0170 - reader cost: 1.3628e-04
225/348 [==================>...........] - ETA: 2s - batch_cost: 0.0170 - reader cost: 1.3446e-04
229/348 [==================>...........] - ETA: 2s - batch_cost: 0.0170 - reader cost: 1.3211e-04
232/348 [===================>..........] - ETA: 2s - batch_cost: 0.0170 - reader cost: 1.3040e-04
235/348 [===================>..........] - ETA: 1s - batch_cost: 0.0170 - reader cost: 1.2874e-04
238/348 [===================>..........] - ETA: 1s - batch_cost: 0.0170 - reader cost: 1.2712e-04
241/348 [===================>..........] - ETA: 1s - batch_cost: 0.0170 - reader cost: 1.3385e-04
244/348 [====================>.........] - ETA: 1s - batch_cost: 0.0170 - reader cost: 1.3221e-04
248/348 [====================>.........] - ETA: 1s - batch_cost: 0.0170 - reader cost: 1.3007e-04
252/348 [====================>.........] - ETA: 1s - batch_cost: 0.0170 - reader cost: 1.3398e-04
255/348 [====================>.........] - ETA: 1s - batch_cost: 0.0170 - reader cost: 1.3240e-04
258/348 [=====================>........] - ETA: 1s - batch_cost: 0.0170 - reader cost: 1.3086e-04
261/348 [=====================>........] - ETA: 1s - batch_cost: 0.0171 - reader cost: 1.3701e-04
264/348 [=====================>........] - ETA: 1s - batch_cost: 0.0171 - reader cost: 1.3928e-04
267/348 [======================>.......] - ETA: 1s - batch_cost: 0.0171 - reader cost: 1.3771e-04
270/348 [======================>.......] - ETA: 1s - batch_cost: 0.0171 - reader cost: 1.3988e-04
273/348 [======================>.......] - ETA: 1s - batch_cost: 0.0171 - reader cost: 1.3834e-04
276/348 [======================>.......] - ETA: 1s - batch_cost: 0.0171 - reader cost: 1.3684e-04
279/348 [=======================>......] - ETA: 1s - batch_cost: 0.0171 - reader cost: 1.3895e-04
282/348 [=======================>......] - ETA: 1s - batch_cost: 0.0171 - reader cost: 1.3747e-04
285/348 [=======================>......] - ETA: 1s - batch_cost: 0.0171 - reader cost: 1.3602e-04
288/348 [=======================>......] - ETA: 1s - batch_cost: 0.0171 - reader cost: 1.3461e-04
291/348 [========================>.....] - ETA: 0s - batch_cost: 0.0171 - reader cost: 1.3322e-04
294/348 [========================>.....] - ETA: 0s - batch_cost: 0.0171 - reader cost: 1.3186e-04
298/348 [========================>.....] - ETA: 0s - batch_cost: 0.0171 - reader cost: 1.3009e-04
301/348 [========================>.....] - ETA: 0s - batch_cost: 0.0171 - reader cost: 1.2879e-04
304/348 [=========================>....] - ETA: 0s - batch_cost: 0.0171 - reader cost: 1.2752e-04
308/348 [=========================>....] - ETA: 0s - batch_cost: 0.0171 - reader cost: 1.2587e-04
311/348 [=========================>....] - ETA: 0s - batch_cost: 0.0171 - reader cost: 1.2465e-04
314/348 [==========================>...] - ETA: 0s - batch_cost: 0.0171 - reader cost: 1.2665e-04
317/348 [==========================>...] - ETA: 0s - batch_cost: 0.0171 - reader cost: 1.2545e-04
321/348 [==========================>...] - ETA: 0s - batch_cost: 0.0171 - reader cost: 1.2388e-04
324/348 [==========================>...] - ETA: 0s - batch_cost: 0.0171 - reader cost: 1.2274e-04
327/348 [===========================>..] - ETA: 0s - batch_cost: 0.0171 - reader cost: 1.2161e-04
330/348 [===========================>..] - ETA: 0s - batch_cost: 0.0171 - reader cost: 1.2050e-04
333/348 [===========================>..] - ETA: 0s - batch_cost: 0.0172 - reader cost: 1.1942e-04
336/348 [===========================>..] - ETA: 0s - batch_cost: 0.0172 - reader cost: 1.1835e-04
339/348 [============================>.] - ETA: 0s - batch_cost: 0.0172 - reader cost: 1.1731e-04
342/348 [============================>.] - ETA: 0s - batch_cost: 0.0172 - reader cost: 1.1628e-04
346/348 [============================>.] - ETA: 0s - batch_cost: 0.0172 - reader cost: 1.1782e-04
348/348 [==============================] - 6s 17ms/step - batch_cost: 0.0172 - reader cost: 1.1714e-04

  1/348 [..............................] - ETA: 10s - batch_cost: 0.0306 - reader cost: 0.0106
  4/348 [..............................] - ETA: 7s - batch_cost: 0.0217 - reader cost: 0.0026 
  7/348 [..............................] - ETA: 6s - batch_cost: 0.0201 - reader cost: 0.0015
 10/348 [..............................] - ETA: 6s - batch_cost: 0.0193 - reader cost: 0.0011
 13/348 [>.............................] - ETA: 6s - batch_cost: 0.0188 - reader cost: 8.8884e-04
 17/348 [>.............................] - ETA: 6s - batch_cost: 0.0181 - reader cost: 7.3869e-04
 21/348 [>.............................] - ETA: 5s - batch_cost: 0.0177 - reader cost: 5.9799e-04
 24/348 [=>............................] - ETA: 5s - batch_cost: 0.0177 - reader cost: 5.2324e-04
 27/348 [=>............................] - ETA: 5s - batch_cost: 0.0176 - reader cost: 4.6510e-04
 30/348 [=>............................] - ETA: 5s - batch_cost: 0.0176 - reader cost: 4.1859e-04
 33/348 [=>............................] - ETA: 5s - batch_cost: 0.0175 - reader cost: 3.8054e-04
 36/348 [==>...........................] - ETA: 5s - batch_cost: 0.0174 - reader cost: 3.4883e-04
 39/348 [==>...........................] - ETA: 5s - batch_cost: 0.0173 - reader cost: 3.2199e-04
 43/348 [==>...........................] - ETA: 5s - batch_cost: 0.0172 - reader cost: 2.9204e-04
 46/348 [==>...........................] - ETA: 5s - batch_cost: 0.0172 - reader cost: 2.7299e-04
 49/348 [===>..........................] - ETA: 5s - batch_cost: 0.0172 - reader cost: 2.5628e-04
 53/348 [===>..........................] - ETA: 5s - batch_cost: 0.0171 - reader cost: 2.5580e-04
 57/348 [===>..........................] - ETA: 5s - batch_cost: 0.0170 - reader cost: 2.3785e-04
 61/348 [====>.........................] - ETA: 4s - batch_cost: 0.0168 - reader cost: 2.2225e-04
 65/348 [====>.........................] - ETA: 4s - batch_cost: 0.0168 - reader cost: 2.2421e-04
 69/348 [====>.........................] - ETA: 4s - batch_cost: 0.0167 - reader cost: 2.1121e-04
 72/348 [=====>........................] - ETA: 4s - batch_cost: 0.0168 - reader cost: 2.1748e-04
 75/348 [=====>........................] - ETA: 4s - batch_cost: 0.0168 - reader cost: 2.2208e-04
 78/348 [=====>........................] - ETA: 4s - batch_cost: 0.0168 - reader cost: 2.1354e-04
 81/348 [=====>........................] - ETA: 4s - batch_cost: 0.0169 - reader cost: 2.0563e-04
 84/348 [======>.......................] - ETA: 4s - batch_cost: 0.0169 - reader cost: 1.9829e-04
 87/348 [======>.......................] - ETA: 4s - batch_cost: 0.0169 - reader cost: 1.9145e-04
 90/348 [======>.......................] - ETA: 4s - batch_cost: 0.0170 - reader cost: 1.8507e-04
 93/348 [=======>......................] - ETA: 4s - batch_cost: 0.0170 - reader cost: 1.7910e-04
 96/348 [=======>......................] - ETA: 4s - batch_cost: 0.0171 - reader cost: 1.8391e-04
 99/348 [=======>......................] - ETA: 4s - batch_cost: 0.0171 - reader cost: 1.7833e-04
102/348 [=======>......................] - ETA: 4s - batch_cost: 0.0171 - reader cost: 1.7309e-04
105/348 [========>.....................] - ETA: 4s - batch_cost: 0.0172 - reader cost: 1.7774e-04
108/348 [========>.....................] - ETA: 4s - batch_cost: 0.0172 - reader cost: 1.7280e-04
111/348 [========>.....................] - ETA: 4s - batch_cost: 0.0173 - reader cost: 1.6813e-04
114/348 [========>.....................] - ETA: 4s - batch_cost: 0.0173 - reader cost: 1.6370e-04
117/348 [=========>....................] - ETA: 4s - batch_cost: 0.0173 - reader cost: 1.5951e-04
120/348 [=========>....................] - ETA: 4s - batch_cost: 0.0173 - reader cost: 1.5552e-04
124/348 [=========>....................] - ETA: 3s - batch_cost: 0.0173 - reader cost: 1.5050e-04
127/348 [=========>....................] - ETA: 3s - batch_cost: 0.0173 - reader cost: 1.4695e-04
131/348 [==========>...................] - ETA: 3s - batch_cost: 0.0172 - reader cost: 1.4246e-04
134/348 [==========>...................] - ETA: 3s - batch_cost: 0.0172 - reader cost: 1.3927e-04
138/348 [==========>...................] - ETA: 3s - batch_cost: 0.0172 - reader cost: 1.3523e-04
141/348 [===========>..................] - ETA: 3s - batch_cost: 0.0172 - reader cost: 1.3236e-04
145/348 [===========>..................] - ETA: 3s - batch_cost: 0.0171 - reader cost: 1.3560e-04
149/348 [===========>..................] - ETA: 3s - batch_cost: 0.0171 - reader cost: 1.3196e-04
152/348 [============>.................] - ETA: 3s - batch_cost: 0.0171 - reader cost: 1.2936e-04
156/348 [============>.................] - ETA: 3s - batch_cost: 0.0171 - reader cost: 1.2604e-04
159/348 [============>.................] - ETA: 3s - batch_cost: 0.0171 - reader cost: 1.2992e-04
163/348 [=============>................] - ETA: 3s - batch_cost: 0.0170 - reader cost: 1.2673e-04
166/348 [=============>................] - ETA: 3s - batch_cost: 0.0170 - reader cost: 1.2444e-04
169/348 [=============>................] - ETA: 3s - batch_cost: 0.0170 - reader cost: 1.2223e-04
172/348 [=============>................] - ETA: 3s - batch_cost: 0.0171 - reader cost: 1.2592e-04
175/348 [==============>...............] - ETA: 3s - batch_cost: 0.0171 - reader cost: 1.2376e-04
178/348 [==============>...............] - ETA: 2s - batch_cost: 0.0171 - reader cost: 1.2168e-04
181/348 [==============>...............] - ETA: 2s - batch_cost: 0.0171 - reader cost: 1.2519e-04
184/348 [==============>...............] - ETA: 2s - batch_cost: 0.0171 - reader cost: 1.2315e-04
187/348 [===============>..............] - ETA: 2s - batch_cost: 0.0171 - reader cost: 1.2117e-04
190/348 [===============>..............] - ETA: 2s - batch_cost: 0.0171 - reader cost: 1.1926e-04
193/348 [===============>..............] - ETA: 2s - batch_cost: 0.0171 - reader cost: 1.2258e-04
196/348 [===============>..............] - ETA: 2s - batch_cost: 0.0171 - reader cost: 1.2581e-04
199/348 [================>.............] - ETA: 2s - batch_cost: 0.0171 - reader cost: 1.3399e-04
202/348 [================>.............] - ETA: 2s - batch_cost: 0.0171 - reader cost: 1.3200e-04
206/348 [================>.............] - ETA: 2s - batch_cost: 0.0171 - reader cost: 1.3674e-04
209/348 [=================>............] - ETA: 2s - batch_cost: 0.0171 - reader cost: 1.3478e-04
212/348 [=================>............] - ETA: 2s - batch_cost: 0.0171 - reader cost: 1.3287e-04
215/348 [=================>............] - ETA: 2s - batch_cost: 0.0172 - reader cost: 1.3102e-04
218/348 [=================>............] - ETA: 2s - batch_cost: 0.0172 - reader cost: 1.2921e-04
222/348 [==================>...........] - ETA: 2s - batch_cost: 0.0172 - reader cost: 1.2689e-04
225/348 [==================>...........] - ETA: 2s - batch_cost: 0.0172 - reader cost: 1.2519e-04
229/348 [==================>...........] - ETA: 2s - batch_cost: 0.0171 - reader cost: 1.2301e-04
232/348 [===================>..........] - ETA: 2s - batch_cost: 0.0171 - reader cost: 1.2142e-04
235/348 [===================>..........] - ETA: 1s - batch_cost: 0.0171 - reader cost: 1.2414e-04
238/348 [===================>..........] - ETA: 1s - batch_cost: 0.0171 - reader cost: 1.2258e-04
242/348 [===================>..........] - ETA: 1s - batch_cost: 0.0171 - reader cost: 1.2055e-04
245/348 [====================>.........] - ETA: 1s - batch_cost: 0.0171 - reader cost: 1.1908e-04
248/348 [====================>.........] - ETA: 1s - batch_cost: 0.0171 - reader cost: 1.2170e-04
251/348 [====================>.........] - ETA: 1s - batch_cost: 0.0171 - reader cost: 1.2024e-04
255/348 [====================>.........] - ETA: 1s - batch_cost: 0.0171 - reader cost: 1.1835e-04
259/348 [=====================>........] - ETA: 1s - batch_cost: 0.0171 - reader cost: 1.2042e-04
262/348 [=====================>........] - ETA: 1s - batch_cost: 0.0171 - reader cost: 1.2102e-04
265/348 [=====================>........] - ETA: 1s - batch_cost: 0.0171 - reader cost: 1.1965e-04
268/348 [======================>.......] - ETA: 1s - batch_cost: 0.0171 - reader cost: 1.1831e-04
271/348 [======================>.......] - ETA: 1s - batch_cost: 0.0171 - reader cost: 1.1700e-04
274/348 [======================>.......] - ETA: 1s - batch_cost: 0.0171 - reader cost: 1.1572e-04
277/348 [======================>.......] - ETA: 1s - batch_cost: 0.0171 - reader cost: 1.1447e-04
280/348 [=======================>......] - ETA: 1s - batch_cost: 0.0171 - reader cost: 1.1324e-04
283/348 [=======================>......] - ETA: 1s - batch_cost: 0.0171 - reader cost: 1.1557e-04
286/348 [=======================>......] - ETA: 1s - batch_cost: 0.0171 - reader cost: 1.1786e-04
289/348 [=======================>......] - ETA: 1s - batch_cost: 0.0171 - reader cost: 1.1664e-04
292/348 [========================>.....] - ETA: 0s - batch_cost: 0.0171 - reader cost: 1.1544e-04
295/348 [========================>.....] - ETA: 0s - batch_cost: 0.0171 - reader cost: 1.1427e-04
299/348 [========================>.....] - ETA: 0s - batch_cost: 0.0170 - reader cost: 1.1274e-04
303/348 [=========================>....] - ETA: 0s - batch_cost: 0.0170 - reader cost: 1.1125e-04
306/348 [=========================>....] - ETA: 0s - batch_cost: 0.0170 - reader cost: 1.1016e-04
309/348 [=========================>....] - ETA: 0s - batch_cost: 0.0170 - reader cost: 1.0909e-04
312/348 [=========================>....] - ETA: 0s - batch_cost: 0.0170 - reader cost: 1.0804e-04
315/348 [==========================>...] - ETA: 0s - batch_cost: 0.0170 - reader cost: 1.0701e-04
318/348 [==========================>...] - ETA: 0s - batch_cost: 0.0170 - reader cost: 1.0600e-04
321/348 [==========================>...] - ETA: 0s - batch_cost: 0.0170 - reader cost: 1.0501e-04
324/348 [==========================>...] - ETA: 0s - batch_cost: 0.0170 - reader cost: 1.0867e-04
328/348 [===========================>..] - ETA: 0s - batch_cost: 0.0170 - reader cost: 1.1040e-04
332/348 [===========================>..] - ETA: 0s - batch_cost: 0.0170 - reader cost: 1.0907e-04
336/348 [===========================>..] - ETA: 0s - batch_cost: 0.0170 - reader cost: 1.0778e-04
339/348 [============================>.] - ETA: 0s - batch_cost: 0.0170 - reader cost: 1.0977e-04
343/348 [============================>.] - ETA: 0s - batch_cost: 0.0170 - reader cost: 1.0849e-04
347/348 [============================>.] - ETA: 0s - batch_cost: 0.0170 - reader cost: 1.0724e-04
348/348 [==============================] - 6s 17ms/step - batch_cost: 0.0169 - reader cost: 1.0693e-04

  1/348 [..............................] - ETA: 9s - batch_cost: 0.0260 - reader cost: 0.0105
  5/348 [..............................] - ETA: 6s - batch_cost: 0.0180 - reader cost: 0.0021
  9/348 [..............................] - ETA: 5s - batch_cost: 0.0168 - reader cost: 0.0013
 13/348 [>.............................] - ETA: 5s - batch_cost: 0.0161 - reader cost: 8.8561e-04
 16/348 [>.............................] - ETA: 5s - batch_cost: 0.0162 - reader cost: 7.1956e-04
 20/348 [>.............................] - ETA: 5s - batch_cost: 0.0162 - reader cost: 5.7565e-04
 23/348 [>.............................] - ETA: 5s - batch_cost: 0.0163 - reader cost: 5.0056e-04
 27/348 [=>............................] - ETA: 5s - batch_cost: 0.0162 - reader cost: 4.2641e-04
 31/348 [=>............................] - ETA: 5s - batch_cost: 0.0162 - reader cost: 3.7139e-04
 35/348 [==>...........................] - ETA: 5s - batch_cost: 0.0162 - reader cost: 3.2894e-04
 38/348 [==>...........................] - ETA: 5s - batch_cost: 0.0163 - reader cost: 3.0297e-04
 41/348 [==>...........................] - ETA: 5s - batch_cost: 0.0164 - reader cost: 2.8080e-04
 45/348 [==>...........................] - ETA: 5s - batch_cost: 0.0164 - reader cost: 2.5584e-04
 48/348 [===>..........................] - ETA: 5s - batch_cost: 0.0165 - reader cost: 2.3985e-04
 51/348 [===>..........................] - ETA: 5s - batch_cost: 0.0165 - reader cost: 2.2574e-04
 55/348 [===>..........................] - ETA: 4s - batch_cost: 0.0164 - reader cost: 2.0933e-04
 59/348 [====>.........................] - ETA: 4s - batch_cost: 0.0163 - reader cost: 1.9514e-04
 63/348 [====>.........................] - ETA: 4s - batch_cost: 0.0163 - reader cost: 1.8275e-04
 66/348 [====>.........................] - ETA: 4s - batch_cost: 0.0163 - reader cost: 1.7444e-04
 69/348 [====>.........................] - ETA: 4s - batch_cost: 0.0164 - reader cost: 1.6685e-04
 72/348 [=====>........................] - ETA: 4s - batch_cost: 0.0164 - reader cost: 1.5990e-04
 75/348 [=====>........................] - ETA: 4s - batch_cost: 0.0165 - reader cost: 1.5351e-04
 79/348 [=====>........................] - ETA: 4s - batch_cost: 0.0165 - reader cost: 1.4573e-04
 82/348 [======>.......................] - ETA: 4s - batch_cost: 0.0165 - reader cost: 1.4040e-04
 85/348 [======>.......................] - ETA: 4s - batch_cost: 0.0165 - reader cost: 1.3545e-04
 89/348 [======>.......................] - ETA: 4s - batch_cost: 0.0163 - reader cost: 1.3524e-04
 93/348 [=======>......................] - ETA: 4s - batch_cost: 0.0163 - reader cost: 1.2942e-04
 97/348 [=======>......................] - ETA: 4s - batch_cost: 0.0163 - reader cost: 1.2408e-04
101/348 [=======>......................] - ETA: 4s - batch_cost: 0.0162 - reader cost: 1.1917e-04
105/348 [========>.....................] - ETA: 4s - batch_cost: 0.0162 - reader cost: 1.1463e-04
109/348 [========>.....................] - ETA: 3s - batch_cost: 0.0162 - reader cost: 1.1971e-04
113/348 [========>.....................] - ETA: 3s - batch_cost: 0.0162 - reader cost: 1.1547e-04
117/348 [=========>....................] - ETA: 3s - batch_cost: 0.0162 - reader cost: 1.1152e-04
121/348 [=========>....................] - ETA: 3s - batch_cost: 0.0161 - reader cost: 1.0784e-04
125/348 [=========>....................] - ETA: 3s - batch_cost: 0.0161 - reader cost: 1.1239e-04
129/348 [==========>...................] - ETA: 3s - batch_cost: 0.0161 - reader cost: 1.0891e-04
133/348 [==========>...................] - ETA: 3s - batch_cost: 0.0161 - reader cost: 1.0563e-04
137/348 [==========>...................] - ETA: 3s - batch_cost: 0.0160 - reader cost: 1.0255e-04
140/348 [===========>..................] - ETA: 3s - batch_cost: 0.0161 - reader cost: 1.0579e-04
143/348 [===========>..................] - ETA: 3s - batch_cost: 0.0161 - reader cost: 1.0357e-04
147/348 [===========>..................] - ETA: 3s - batch_cost: 0.0161 - reader cost: 1.0525e-04
151/348 [============>.................] - ETA: 3s - batch_cost: 0.0161 - reader cost: 1.0246e-04
154/348 [============>.................] - ETA: 3s - batch_cost: 0.0161 - reader cost: 1.0730e-04
157/348 [============>.................] - ETA: 3s - batch_cost: 0.0161 - reader cost: 1.0525e-04
161/348 [============>.................] - ETA: 3s - batch_cost: 0.0161 - reader cost: 1.0264e-04
165/348 [=============>................] - ETA: 2s - batch_cost: 0.0161 - reader cost: 1.0015e-04
168/348 [=============>................] - ETA: 2s - batch_cost: 0.0161 - reader cost: 1.0431e-04
171/348 [=============>................] - ETA: 2s - batch_cost: 0.0161 - reader cost: 1.0248e-04
174/348 [==============>...............] - ETA: 2s - batch_cost: 0.0161 - reader cost: 1.0071e-04
177/348 [==============>...............] - ETA: 2s - batch_cost: 0.0162 - reader cost: 9.9004e-05
180/348 [==============>...............] - ETA: 2s - batch_cost: 0.0162 - reader cost: 9.7354e-05
184/348 [==============>...............] - ETA: 2s - batch_cost: 0.0162 - reader cost: 9.5238e-05
187/348 [===============>..............] - ETA: 2s - batch_cost: 0.0162 - reader cost: 9.9051e-05
190/348 [===============>..............] - ETA: 2s - batch_cost: 0.0163 - reader cost: 9.7487e-05
194/348 [===============>..............] - ETA: 2s - batch_cost: 0.0162 - reader cost: 1.0577e-04
198/348 [================>.............] - ETA: 2s - batch_cost: 0.0162 - reader cost: 1.0869e-04
201/348 [================>.............] - ETA: 2s - batch_cost: 0.0162 - reader cost: 1.0706e-04
205/348 [================>.............] - ETA: 2s - batch_cost: 0.0162 - reader cost: 1.0497e-04
208/348 [================>.............] - ETA: 2s - batch_cost: 0.0162 - reader cost: 1.0600e-04
212/348 [=================>............] - ETA: 2s - batch_cost: 0.0162 - reader cost: 1.0400e-04
216/348 [=================>............] - ETA: 2s - batch_cost: 0.0162 - reader cost: 1.0207e-04
220/348 [=================>............] - ETA: 2s - batch_cost: 0.0162 - reader cost: 1.0022e-04
224/348 [==================>...........] - ETA: 2s - batch_cost: 0.0162 - reader cost: 9.8429e-05
228/348 [==================>...........] - ETA: 1s - batch_cost: 0.0162 - reader cost: 9.6702e-05
232/348 [===================>..........] - ETA: 1s - batch_cost: 0.0162 - reader cost: 9.5034e-05
236/348 [===================>..........] - ETA: 1s - batch_cost: 0.0161 - reader cost: 9.3424e-05
240/348 [===================>..........] - ETA: 1s - batch_cost: 0.0161 - reader cost: 9.1867e-05
244/348 [====================>.........] - ETA: 1s - batch_cost: 0.0161 - reader cost: 9.0361e-05
247/348 [====================>.........] - ETA: 1s - batch_cost: 0.0161 - reader cost: 8.9263e-05
250/348 [====================>.........] - ETA: 1s - batch_cost: 0.0161 - reader cost: 8.8192e-05
254/348 [====================>.........] - ETA: 1s - batch_cost: 0.0161 - reader cost: 9.0735e-05
258/348 [=====================>........] - ETA: 1s - batch_cost: 0.0161 - reader cost: 8.9328e-05
261/348 [=====================>........] - ETA: 1s - batch_cost: 0.0161 - reader cost: 8.8302e-05
264/348 [=====================>........] - ETA: 1s - batch_cost: 0.0161 - reader cost: 8.7298e-05
268/348 [======================>.......] - ETA: 1s - batch_cost: 0.0161 - reader cost: 8.5995e-05
272/348 [======================>.......] - ETA: 1s - batch_cost: 0.0161 - reader cost: 8.4731e-05
276/348 [======================>.......] - ETA: 1s - batch_cost: 0.0161 - reader cost: 9.0744e-05
280/348 [=======================>......] - ETA: 1s - batch_cost: 0.0161 - reader cost: 8.9448e-05
283/348 [=======================>......] - ETA: 1s - batch_cost: 0.0162 - reader cost: 9.2029e-05
286/348 [=======================>......] - ETA: 1s - batch_cost: 0.0162 - reader cost: 9.1063e-05
290/348 [========================>.....] - ETA: 0s - batch_cost: 0.0161 - reader cost: 8.9807e-05
293/348 [========================>.....] - ETA: 0s - batch_cost: 0.0162 - reader cost: 8.8888e-05
296/348 [========================>.....] - ETA: 0s - batch_cost: 0.0162 - reader cost: 8.7987e-05
300/348 [========================>.....] - ETA: 0s - batch_cost: 0.0161 - reader cost: 9.0143e-05
304/348 [=========================>....] - ETA: 0s - batch_cost: 0.0161 - reader cost: 9.2248e-05
307/348 [=========================>....] - ETA: 0s - batch_cost: 0.0162 - reader cost: 9.1347e-05
310/348 [=========================>....] - ETA: 0s - batch_cost: 0.0162 - reader cost: 9.3691e-05
313/348 [=========================>....] - ETA: 0s - batch_cost: 0.0163 - reader cost: 9.2793e-05
316/348 [==========================>...] - ETA: 0s - batch_cost: 0.0163 - reader cost: 9.1912e-05
319/348 [==========================>...] - ETA: 0s - batch_cost: 0.0163 - reader cost: 9.3320e-05
322/348 [==========================>...] - ETA: 0s - batch_cost: 0.0163 - reader cost: 9.5548e-05
326/348 [===========================>..] - ETA: 0s - batch_cost: 0.0163 - reader cost: 9.4376e-05
329/348 [===========================>..] - ETA: 0s - batch_cost: 0.0163 - reader cost: 9.3515e-05
332/348 [===========================>..] - ETA: 0s - batch_cost: 0.0164 - reader cost: 9.2670e-05
335/348 [===========================>..] - ETA: 0s - batch_cost: 0.0164 - reader cost: 9.1840e-05
338/348 [============================>.] - ETA: 0s - batch_cost: 0.0164 - reader cost: 9.1025e-05
341/348 [============================>.] - ETA: 0s - batch_cost: 0.0164 - reader cost: 9.0224e-05
344/348 [============================>.] - ETA: 0s - batch_cost: 0.0164 - reader cost: 8.9437e-05
348/348 [==============================] - 6s 17ms/step - batch_cost: 0.0164 - reader cost: 8.8409e-05

  1/348 [..............................] - ETA: 10s - batch_cost: 0.0303 - reader cost: 0.0123
  5/348 [..............................] - ETA: 6s - batch_cost: 0.0192 - reader cost: 0.0025 
  8/348 [..............................] - ETA: 6s - batch_cost: 0.0183 - reader cost: 0.0015
 11/348 [..............................] - ETA: 6s - batch_cost: 0.0178 - reader cost: 0.0011
 15/348 [>.............................] - ETA: 5s - batch_cost: 0.0171 - reader cost: 8.2219e-04
 19/348 [>.............................] - ETA: 5s - batch_cost: 0.0169 - reader cost: 6.4910e-04
 23/348 [>.............................] - ETA: 5s - batch_cost: 0.0165 - reader cost: 5.3621e-04
 26/348 [=>............................] - ETA: 5s - batch_cost: 0.0165 - reader cost: 4.7434e-04
 30/348 [=>............................] - ETA: 5s - batch_cost: 0.0164 - reader cost: 4.1110e-04
 33/348 [=>............................] - ETA: 5s - batch_cost: 0.0165 - reader cost: 3.7372e-04
 36/348 [==>...........................] - ETA: 5s - batch_cost: 0.0165 - reader cost: 3.4258e-04
 39/348 [==>...........................] - ETA: 5s - batch_cost: 0.0165 - reader cost: 3.1623e-04
 43/348 [==>...........................] - ETA: 5s - batch_cost: 0.0164 - reader cost: 2.8681e-04
 47/348 [===>..........................] - ETA: 4s - batch_cost: 0.0163 - reader cost: 2.6240e-04
 51/348 [===>..........................] - ETA: 4s - batch_cost: 0.0163 - reader cost: 2.4182e-04
 55/348 [===>..........................] - ETA: 4s - batch_cost: 0.0161 - reader cost: 2.2423e-04
 59/348 [====>.........................] - ETA: 4s - batch_cost: 0.0161 - reader cost: 2.0903e-04
 62/348 [====>.........................] - ETA: 4s - batch_cost: 0.0162 - reader cost: 1.9892e-04
 65/348 [====>.........................] - ETA: 4s - batch_cost: 0.0162 - reader cost: 1.8974e-04
 68/348 [====>.........................] - ETA: 4s - batch_cost: 0.0163 - reader cost: 1.8137e-04
 72/348 [=====>........................] - ETA: 4s - batch_cost: 0.0163 - reader cost: 1.7129e-04
 75/348 [=====>........................] - ETA: 4s - batch_cost: 0.0163 - reader cost: 1.6444e-04
 79/348 [=====>........................] - ETA: 4s - batch_cost: 0.0163 - reader cost: 1.5611e-04
 83/348 [======>.......................] - ETA: 4s - batch_cost: 0.0162 - reader cost: 1.4859e-04
 87/348 [======>.......................] - ETA: 4s - batch_cost: 0.0161 - reader cost: 1.4176e-04
 91/348 [======>.......................] - ETA: 4s - batch_cost: 0.0161 - reader cost: 1.3553e-04
 94/348 [=======>......................] - ETA: 4s - batch_cost: 0.0161 - reader cost: 1.3120e-04
 98/348 [=======>......................] - ETA: 4s - batch_cost: 0.0161 - reader cost: 1.2585e-04
102/348 [=======>......................] - ETA: 4s - batch_cost: 0.0161 - reader cost: 1.2091e-04
106/348 [========>.....................] - ETA: 3s - batch_cost: 0.0161 - reader cost: 1.1635e-04
109/348 [========>.....................] - ETA: 3s - batch_cost: 0.0161 - reader cost: 1.1315e-04
113/348 [========>.....................] - ETA: 3s - batch_cost: 0.0161 - reader cost: 1.0914e-04
117/348 [=========>....................] - ETA: 3s - batch_cost: 0.0161 - reader cost: 1.0541e-04
121/348 [=========>....................] - ETA: 3s - batch_cost: 0.0160 - reader cost: 1.0192e-04
125/348 [=========>....................] - ETA: 3s - batch_cost: 0.0160 - reader cost: 9.8663e-05
129/348 [==========>...................] - ETA: 3s - batch_cost: 0.0160 - reader cost: 9.5604e-05
132/348 [==========>...................] - ETA: 3s - batch_cost: 0.0161 - reader cost: 1.0102e-04
135/348 [==========>...................] - ETA: 3s - batch_cost: 0.0161 - reader cost: 1.0618e-04
139/348 [==========>...................] - ETA: 3s - batch_cost: 0.0161 - reader cost: 1.0313e-04
143/348 [===========>..................] - ETA: 3s - batch_cost: 0.0161 - reader cost: 1.0724e-04
146/348 [===========>..................] - ETA: 3s - batch_cost: 0.0161 - reader cost: 1.0503e-04
150/348 [===========>..................] - ETA: 3s - batch_cost: 0.0161 - reader cost: 1.0223e-04
153/348 [============>.................] - ETA: 3s - batch_cost: 0.0161 - reader cost: 1.0023e-04
156/348 [============>.................] - ETA: 3s - batch_cost: 0.0162 - reader cost: 9.8302e-05
159/348 [============>.................] - ETA: 3s - batch_cost: 0.0162 - reader cost: 9.6447e-05
162/348 [============>.................] - ETA: 3s - batch_cost: 0.0162 - reader cost: 9.4661e-05
166/348 [=============>................] - ETA: 2s - batch_cost: 0.0162 - reader cost: 9.2380e-05
169/348 [=============>................] - ETA: 2s - batch_cost: 0.0162 - reader cost: 9.0740e-05
172/348 [=============>................] - ETA: 2s - batch_cost: 0.0163 - reader cost: 8.9157e-05
175/348 [==============>...............] - ETA: 2s - batch_cost: 0.0163 - reader cost: 9.0579e-05
179/348 [==============>...............] - ETA: 2s - batch_cost: 0.0163 - reader cost: 8.8555e-05
183/348 [==============>...............] - ETA: 2s - batch_cost: 0.0162 - reader cost: 8.6619e-05
186/348 [===============>..............] - ETA: 2s - batch_cost: 0.0163 - reader cost: 8.5222e-05
189/348 [===============>..............] - ETA: 2s - batch_cost: 0.0163 - reader cost: 8.9162e-05
193/348 [===============>..............] - ETA: 2s - batch_cost: 0.0163 - reader cost: 9.2495e-05
197/348 [===============>..............] - ETA: 2s - batch_cost: 0.0163 - reader cost: 9.0617e-05
201/348 [================>.............] - ETA: 2s - batch_cost: 0.0162 - reader cost: 8.8814e-05
205/348 [================>.............] - ETA: 2s - batch_cost: 0.0162 - reader cost: 8.7081e-05
209/348 [=================>............] - ETA: 2s - batch_cost: 0.0162 - reader cost: 8.5414e-05
213/348 [=================>............] - ETA: 2s - batch_cost: 0.0162 - reader cost: 8.3810e-05
216/348 [=================>............] - ETA: 2s - batch_cost: 0.0162 - reader cost: 8.2646e-05
220/348 [=================>............] - ETA: 2s - batch_cost: 0.0162 - reader cost: 8.5688e-05
224/348 [==================>...........] - ETA: 2s - batch_cost: 0.0161 - reader cost: 8.4158e-05
228/348 [==================>...........] - ETA: 1s - batch_cost: 0.0161 - reader cost: 8.2681e-05
231/348 [==================>...........] - ETA: 1s - batch_cost: 0.0161 - reader cost: 8.1607e-05
234/348 [===================>..........] - ETA: 1s - batch_cost: 0.0161 - reader cost: 8.0561e-05
237/348 [===================>..........] - ETA: 1s - batch_cost: 0.0161 - reader cost: 7.9541e-05
240/348 [===================>..........] - ETA: 1s - batch_cost: 0.0161 - reader cost: 7.8547e-05
243/348 [===================>..........] - ETA: 1s - batch_cost: 0.0162 - reader cost: 7.7577e-05
246/348 [====================>.........] - ETA: 1s - batch_cost: 0.0162 - reader cost: 7.6631e-05
249/348 [====================>.........] - ETA: 1s - batch_cost: 0.0162 - reader cost: 7.5708e-05
253/348 [====================>.........] - ETA: 1s - batch_cost: 0.0162 - reader cost: 7.4511e-05
257/348 [=====================>........] - ETA: 1s - batch_cost: 0.0161 - reader cost: 7.3351e-05
260/348 [=====================>........] - ETA: 1s - batch_cost: 0.0161 - reader cost: 7.2505e-05
263/348 [=====================>........] - ETA: 1s - batch_cost: 0.0162 - reader cost: 7.1678e-05
267/348 [======================>.......] - ETA: 1s - batch_cost: 0.0161 - reader cost: 7.0604e-05
271/348 [======================>.......] - ETA: 1s - batch_cost: 0.0161 - reader cost: 6.9562e-05
275/348 [======================>.......] - ETA: 1s - batch_cost: 0.0161 - reader cost: 7.2191e-05
278/348 [======================>.......] - ETA: 1s - batch_cost: 0.0161 - reader cost: 7.1412e-05
281/348 [=======================>......] - ETA: 1s - batch_cost: 0.0161 - reader cost: 7.0649e-05
285/348 [=======================>......] - ETA: 1s - batch_cost: 0.0161 - reader cost: 6.9658e-05
289/348 [=======================>......] - ETA: 0s - batch_cost: 0.0161 - reader cost: 7.2157e-05
293/348 [========================>.....] - ETA: 0s - batch_cost: 0.0161 - reader cost: 7.1172e-05
297/348 [========================>.....] - ETA: 0s - batch_cost: 0.0161 - reader cost: 7.0213e-05
300/348 [========================>.....] - ETA: 0s - batch_cost: 0.0161 - reader cost: 6.9511e-05
303/348 [=========================>....] - ETA: 0s - batch_cost: 0.0162 - reader cost: 6.8823e-05
306/348 [=========================>....] - ETA: 0s - batch_cost: 0.0162 - reader cost: 6.8148e-05
310/348 [=========================>....] - ETA: 0s - batch_cost: 0.0162 - reader cost: 6.7269e-05
313/348 [=========================>....] - ETA: 0s - batch_cost: 0.0162 - reader cost: 6.6624e-05
317/348 [==========================>...] - ETA: 0s - batch_cost: 0.0162 - reader cost: 6.5783e-05
321/348 [==========================>...] - ETA: 0s - batch_cost: 0.0161 - reader cost: 6.4963e-05
325/348 [===========================>..] - ETA: 0s - batch_cost: 0.0161 - reader cost: 6.4164e-05
329/348 [===========================>..] - ETA: 0s - batch_cost: 0.0161 - reader cost: 6.3384e-05
333/348 [===========================>..] - ETA: 0s - batch_cost: 0.0161 - reader cost: 6.5627e-05
336/348 [===========================>..] - ETA: 0s - batch_cost: 0.0161 - reader cost: 6.5041e-05
340/348 [============================>.] - ETA: 0s - batch_cost: 0.0161 - reader cost: 6.4276e-05
343/348 [============================>.] - ETA: 0s - batch_cost: 0.0161 - reader cost: 6.3713e-05
347/348 [============================>.] - ETA: 0s - batch_cost: 0.0161 - reader cost: 6.2979e-05
348/348 [==============================] - 6s 16ms/step - batch_cost: 0.0161 - reader cost: 6.2798e-05

  1/348 [..............................] - ETA: 10s - batch_cost: 0.0300 - reader cost: 0.0110
  4/348 [..............................] - ETA: 7s - batch_cost: 0.0214 - reader cost: 0.0028 
  8/348 [..............................] - ETA: 6s - batch_cost: 0.0178 - reader cost: 0.0015
 11/348 [..............................] - ETA: 6s - batch_cost: 0.0176 - reader cost: 0.0011
 15/348 [>.............................] - ETA: 5s - batch_cost: 0.0172 - reader cost: 8.6700e-04
 18/348 [>.............................] - ETA: 5s - batch_cost: 0.0170 - reader cost: 7.2250e-04
 21/348 [>.............................] - ETA: 5s - batch_cost: 0.0171 - reader cost: 6.1929e-04
 25/348 [=>............................] - ETA: 5s - batch_cost: 0.0168 - reader cost: 5.2020e-04
 29/348 [=>............................] - ETA: 5s - batch_cost: 0.0165 - reader cost: 4.4845e-04
 32/348 [=>............................] - ETA: 5s - batch_cost: 0.0167 - reader cost: 4.0641e-04
 35/348 [==>...........................] - ETA: 5s - batch_cost: 0.0168 - reader cost: 3.7157e-04
 38/348 [==>...........................] - ETA: 5s - batch_cost: 0.0168 - reader cost: 3.6849e-04
 41/348 [==>...........................] - ETA: 5s - batch_cost: 0.0168 - reader cost: 3.4153e-04
 44/348 [==>...........................] - ETA: 5s - batch_cost: 0.0169 - reader cost: 3.1825e-04
 48/348 [===>..........................] - ETA: 5s - batch_cost: 0.0169 - reader cost: 2.9172e-04
 52/348 [===>..........................] - ETA: 5s - batch_cost: 0.0168 - reader cost: 2.6928e-04
 56/348 [===>..........................] - ETA: 4s - batch_cost: 0.0168 - reader cost: 2.6797e-04
 60/348 [====>.........................] - ETA: 4s - batch_cost: 0.0166 - reader cost: 2.6676e-04
 64/348 [====>.........................] - ETA: 4s - batch_cost: 0.0165 - reader cost: 2.5009e-04
 68/348 [====>.........................] - ETA: 4s - batch_cost: 0.0164 - reader cost: 2.3538e-04
 71/348 [=====>........................] - ETA: 4s - batch_cost: 0.0165 - reader cost: 2.2543e-04
 74/348 [=====>........................] - ETA: 4s - batch_cost: 0.0165 - reader cost: 2.1629e-04
 77/348 [=====>........................] - ETA: 4s - batch_cost: 0.0165 - reader cost: 2.0787e-04
 80/348 [=====>........................] - ETA: 4s - batch_cost: 0.0165 - reader cost: 2.0007e-04
 83/348 [======>.......................] - ETA: 4s - batch_cost: 0.0165 - reader cost: 1.9284e-04
 86/348 [======>.......................] - ETA: 4s - batch_cost: 0.0165 - reader cost: 1.9764e-04
 89/348 [======>.......................] - ETA: 4s - batch_cost: 0.0165 - reader cost: 1.9098e-04
 92/348 [======>.......................] - ETA: 4s - batch_cost: 0.0165 - reader cost: 1.8475e-04
 96/348 [=======>......................] - ETA: 4s - batch_cost: 0.0165 - reader cost: 1.7705e-04
 99/348 [=======>......................] - ETA: 4s - batch_cost: 0.0166 - reader cost: 1.7169e-04
102/348 [=======>......................] - ETA: 4s - batch_cost: 0.0166 - reader cost: 1.7645e-04
105/348 [========>.....................] - ETA: 4s - batch_cost: 0.0167 - reader cost: 1.8100e-04
109/348 [========>.....................] - ETA: 4s - batch_cost: 0.0166 - reader cost: 1.7436e-04
112/348 [========>.....................] - ETA: 3s - batch_cost: 0.0167 - reader cost: 1.6969e-04
116/348 [=========>....................] - ETA: 3s - batch_cost: 0.0166 - reader cost: 1.6383e-04
119/348 [=========>....................] - ETA: 3s - batch_cost: 0.0167 - reader cost: 1.5970e-04
123/348 [=========>....................] - ETA: 3s - batch_cost: 0.0166 - reader cost: 1.6263e-04
127/348 [=========>....................] - ETA: 3s - batch_cost: 0.0166 - reader cost: 1.5751e-04
131/348 [==========>...................] - ETA: 3s - batch_cost: 0.0166 - reader cost: 1.5270e-04
134/348 [==========>...................] - ETA: 3s - batch_cost: 0.0166 - reader cost: 1.4928e-04
137/348 [==========>...................] - ETA: 3s - batch_cost: 0.0166 - reader cost: 1.4601e-04
141/348 [===========>..................] - ETA: 3s - batch_cost: 0.0166 - reader cost: 1.4187e-04
145/348 [===========>..................] - ETA: 3s - batch_cost: 0.0166 - reader cost: 1.3796e-04
149/348 [===========>..................] - ETA: 3s - batch_cost: 0.0166 - reader cost: 1.3426e-04
153/348 [============>.................] - ETA: 3s - batch_cost: 0.0165 - reader cost: 1.3075e-04
157/348 [============>.................] - ETA: 3s - batch_cost: 0.0165 - reader cost: 1.4021e-04
160/348 [============>.................] - ETA: 3s - batch_cost: 0.0165 - reader cost: 1.3758e-04
163/348 [=============>................] - ETA: 3s - batch_cost: 0.0165 - reader cost: 1.3504e-04
167/348 [=============>................] - ETA: 3s - batch_cost: 0.0165 - reader cost: 1.3181e-04
171/348 [=============>................] - ETA: 2s - batch_cost: 0.0164 - reader cost: 1.2873e-04
175/348 [==============>...............] - ETA: 2s - batch_cost: 0.0164 - reader cost: 1.2578e-04
179/348 [==============>...............] - ETA: 2s - batch_cost: 0.0164 - reader cost: 1.2297e-04
183/348 [==============>...............] - ETA: 2s - batch_cost: 0.0163 - reader cost: 1.2029e-04
186/348 [===============>..............] - ETA: 2s - batch_cost: 0.0163 - reader cost: 1.1835e-04
190/348 [===============>..............] - ETA: 2s - batch_cost: 0.0163 - reader cost: 1.1585e-04
193/348 [===============>..............] - ETA: 2s - batch_cost: 0.0163 - reader cost: 1.1405e-04
196/348 [===============>..............] - ETA: 2s - batch_cost: 0.0163 - reader cost: 1.1741e-04
200/348 [================>.............] - ETA: 2s - batch_cost: 0.0163 - reader cost: 1.1506e-04
203/348 [================>.............] - ETA: 2s - batch_cost: 0.0163 - reader cost: 1.1336e-04
206/348 [================>.............] - ETA: 2s - batch_cost: 0.0163 - reader cost: 1.1171e-04
210/348 [=================>............] - ETA: 2s - batch_cost: 0.0163 - reader cost: 1.1435e-04
213/348 [=================>............] - ETA: 2s - batch_cost: 0.0163 - reader cost: 1.1274e-04
216/348 [=================>............] - ETA: 2s - batch_cost: 0.0163 - reader cost: 1.1118e-04
220/348 [=================>............] - ETA: 2s - batch_cost: 0.0163 - reader cost: 1.0916e-04
223/348 [==================>...........] - ETA: 2s - batch_cost: 0.0163 - reader cost: 1.0769e-04
227/348 [==================>...........] - ETA: 2s - batch_cost: 0.0163 - reader cost: 1.0579e-04
230/348 [==================>...........] - ETA: 1s - batch_cost: 0.0163 - reader cost: 1.0441e-04
234/348 [===================>..........] - ETA: 1s - batch_cost: 0.0163 - reader cost: 1.0692e-04
238/348 [===================>..........] - ETA: 1s - batch_cost: 0.0163 - reader cost: 1.1175e-04
241/348 [===================>..........] - ETA: 1s - batch_cost: 0.0163 - reader cost: 1.1036e-04
244/348 [====================>.........] - ETA: 1s - batch_cost: 0.0163 - reader cost: 1.0901e-04
247/348 [====================>.........] - ETA: 1s - batch_cost: 0.0163 - reader cost: 1.0768e-04
251/348 [====================>.........] - ETA: 1s - batch_cost: 0.0163 - reader cost: 1.0597e-04
255/348 [====================>.........] - ETA: 1s - batch_cost: 0.0163 - reader cost: 1.0430e-04
258/348 [=====================>........] - ETA: 1s - batch_cost: 0.0163 - reader cost: 1.0309e-04
262/348 [=====================>........] - ETA: 1s - batch_cost: 0.0163 - reader cost: 1.0152e-04
266/348 [=====================>........] - ETA: 1s - batch_cost: 0.0163 - reader cost: 9.9991e-05
270/348 [======================>.......] - ETA: 1s - batch_cost: 0.0163 - reader cost: 9.8509e-05
274/348 [======================>.......] - ETA: 1s - batch_cost: 0.0163 - reader cost: 9.7071e-05
278/348 [======================>.......] - ETA: 1s - batch_cost: 0.0163 - reader cost: 9.5674e-05
282/348 [=======================>......] - ETA: 1s - batch_cost: 0.0163 - reader cost: 9.4317e-05
286/348 [=======================>......] - ETA: 1s - batch_cost: 0.0163 - reader cost: 9.6495e-05
290/348 [========================>.....] - ETA: 0s - batch_cost: 0.0163 - reader cost: 9.5164e-05
294/348 [========================>.....] - ETA: 0s - batch_cost: 0.0162 - reader cost: 9.7262e-05
298/348 [========================>.....] - ETA: 0s - batch_cost: 0.0162 - reader cost: 9.5956e-05
302/348 [=========================>....] - ETA: 0s - batch_cost: 0.0162 - reader cost: 9.7997e-05
305/348 [=========================>....] - ETA: 0s - batch_cost: 0.0162 - reader cost: 1.0031e-04
309/348 [=========================>....] - ETA: 0s - batch_cost: 0.0162 - reader cost: 9.9013e-05
312/348 [=========================>....] - ETA: 0s - batch_cost: 0.0162 - reader cost: 9.8061e-05
316/348 [==========================>...] - ETA: 0s - batch_cost: 0.0162 - reader cost: 9.6820e-05
319/348 [==========================>...] - ETA: 0s - batch_cost: 0.0162 - reader cost: 9.5909e-05
322/348 [==========================>...] - ETA: 0s - batch_cost: 0.0162 - reader cost: 9.5016e-05
326/348 [===========================>..] - ETA: 0s - batch_cost: 0.0162 - reader cost: 9.3850e-05
330/348 [===========================>..] - ETA: 0s - batch_cost: 0.0162 - reader cost: 9.2712e-05
333/348 [===========================>..] - ETA: 0s - batch_cost: 0.0162 - reader cost: 9.1877e-05
336/348 [===========================>..] - ETA: 0s - batch_cost: 0.0162 - reader cost: 9.1057e-05
339/348 [============================>.] - ETA: 0s - batch_cost: 0.0163 - reader cost: 9.0251e-05
342/348 [============================>.] - ETA: 0s - batch_cost: 0.0163 - reader cost: 8.9459e-05
346/348 [============================>.] - ETA: 0s - batch_cost: 0.0163 - reader cost: 9.1292e-05
348/348 [==============================] - 6s 16ms/step - batch_cost: 0.0162 - reader cost: 9.3658e-05

  1/348 [..............................] - ETA: 11s - batch_cost: 0.0344 - reader cost: 0.0140
  4/348 [..............................] - ETA: 8s - batch_cost: 0.0235 - reader cost: 0.0037 
  7/348 [..............................] - ETA: 7s - batch_cost: 0.0214 - reader cost: 0.0021
 10/348 [..............................] - ETA: 7s - batch_cost: 0.0203 - reader cost: 0.0015
 14/348 [>.............................] - ETA: 6s - batch_cost: 0.0190 - reader cost: 0.0011
 17/348 [>.............................] - ETA: 6s - batch_cost: 0.0186 - reader cost: 8.8021e-04
 20/348 [>.............................] - ETA: 6s - batch_cost: 0.0184 - reader cost: 7.4818e-04
 24/348 [=>............................] - ETA: 5s - batch_cost: 0.0180 - reader cost: 6.2348e-04
 28/348 [=>............................] - ETA: 5s - batch_cost: 0.0177 - reader cost: 5.3442e-04
 32/348 [=>............................] - ETA: 5s - batch_cost: 0.0174 - reader cost: 4.8336e-04
 35/348 [==>...........................] - ETA: 5s - batch_cost: 0.0175 - reader cost: 4.4193e-04
 38/348 [==>...........................] - ETA: 5s - batch_cost: 0.0175 - reader cost: 4.0704e-04
 41/348 [==>...........................] - ETA: 5s - batch_cost: 0.0175 - reader cost: 3.7725e-04
 44/348 [==>...........................] - ETA: 5s - batch_cost: 0.0175 - reader cost: 3.5153e-04
 47/348 [===>..........................] - ETA: 5s - batch_cost: 0.0175 - reader cost: 3.2909e-04
 50/348 [===>..........................] - ETA: 5s - batch_cost: 0.0175 - reader cost: 3.2858e-04
 53/348 [===>..........................] - ETA: 5s - batch_cost: 0.0175 - reader cost: 3.0998e-04
 56/348 [===>..........................] - ETA: 5s - batch_cost: 0.0176 - reader cost: 2.9338e-04
 59/348 [====>.........................] - ETA: 5s - batch_cost: 0.0176 - reader cost: 2.7846e-04
 62/348 [====>.........................] - ETA: 5s - batch_cost: 0.0176 - reader cost: 2.6499e-04
 65/348 [====>.........................] - ETA: 5s - batch_cost: 0.0177 - reader cost: 2.5276e-04
 68/348 [====>.........................] - ETA: 5s - batch_cost: 0.0177 - reader cost: 2.4161e-04
 71/348 [=====>........................] - ETA: 4s - batch_cost: 0.0177 - reader cost: 2.3140e-04
 75/348 [=====>........................] - ETA: 4s - batch_cost: 0.0175 - reader cost: 2.3238e-04
 78/348 [=====>........................] - ETA: 4s - batch_cost: 0.0175 - reader cost: 2.3626e-04
 81/348 [=====>........................] - ETA: 4s - batch_cost: 0.0175 - reader cost: 2.2751e-04
 85/348 [======>.......................] - ETA: 4s - batch_cost: 0.0174 - reader cost: 2.2856e-04
 88/348 [======>.......................] - ETA: 4s - batch_cost: 0.0174 - reader cost: 2.2077e-04
 91/348 [======>.......................] - ETA: 4s - batch_cost: 0.0174 - reader cost: 2.1349e-04
 95/348 [=======>......................] - ETA: 4s - batch_cost: 0.0173 - reader cost: 2.0451e-04
 99/348 [=======>......................] - ETA: 4s - batch_cost: 0.0173 - reader cost: 1.9624e-04
102/348 [=======>......................] - ETA: 4s - batch_cost: 0.0173 - reader cost: 1.9047e-04
105/348 [========>.....................] - ETA: 4s - batch_cost: 0.0173 - reader cost: 1.8503e-04
108/348 [========>.....................] - ETA: 4s - batch_cost: 0.0173 - reader cost: 1.7989e-04
112/348 [========>.....................] - ETA: 4s - batch_cost: 0.0172 - reader cost: 1.7346e-04
115/348 [========>.....................] - ETA: 4s - batch_cost: 0.0172 - reader cost: 1.6894e-04
119/348 [=========>....................] - ETA: 4s - batch_cost: 0.0172 - reader cost: 1.7172e-04
122/348 [=========>....................] - ETA: 3s - batch_cost: 0.0172 - reader cost: 1.6749e-04
125/348 [=========>....................] - ETA: 3s - batch_cost: 0.0172 - reader cost: 1.6348e-04
128/348 [==========>...................] - ETA: 3s - batch_cost: 0.0172 - reader cost: 1.5964e-04
131/348 [==========>...................] - ETA: 3s - batch_cost: 0.0172 - reader cost: 1.5599e-04
134/348 [==========>...................] - ETA: 3s - batch_cost: 0.0172 - reader cost: 1.5985e-04
138/348 [==========>...................] - ETA: 3s - batch_cost: 0.0171 - reader cost: 1.5522e-04
142/348 [===========>..................] - ETA: 3s - batch_cost: 0.0171 - reader cost: 1.5085e-04
146/348 [===========>..................] - ETA: 3s - batch_cost: 0.0171 - reader cost: 1.4671e-04
150/348 [===========>..................] - ETA: 3s - batch_cost: 0.0171 - reader cost: 1.5613e-04
154/348 [============>.................] - ETA: 3s - batch_cost: 0.0170 - reader cost: 1.5208e-04
158/348 [============>.................] - ETA: 3s - batch_cost: 0.0170 - reader cost: 1.4823e-04
161/348 [============>.................] - ETA: 3s - batch_cost: 0.0170 - reader cost: 1.5161e-04
164/348 [=============>................] - ETA: 3s - batch_cost: 0.0170 - reader cost: 1.4884e-04
168/348 [=============>................] - ETA: 3s - batch_cost: 0.0170 - reader cost: 1.5119e-04
172/348 [=============>................] - ETA: 3s - batch_cost: 0.0169 - reader cost: 1.4767e-04
175/348 [==============>...............] - ETA: 2s - batch_cost: 0.0169 - reader cost: 1.4514e-04
179/348 [==============>...............] - ETA: 2s - batch_cost: 0.0169 - reader cost: 1.4190e-04
182/348 [==============>...............] - ETA: 2s - batch_cost: 0.0169 - reader cost: 1.3956e-04
185/348 [==============>...............] - ETA: 2s - batch_cost: 0.0169 - reader cost: 1.4232e-04
189/348 [===============>..............] - ETA: 2s - batch_cost: 0.0169 - reader cost: 1.3931e-04
193/348 [===============>..............] - ETA: 2s - batch_cost: 0.0169 - reader cost: 1.4160e-04
197/348 [===============>..............] - ETA: 2s - batch_cost: 0.0169 - reader cost: 1.3872e-04
200/348 [================>.............] - ETA: 2s - batch_cost: 0.0169 - reader cost: 1.4171e-04
203/348 [================>.............] - ETA: 2s - batch_cost: 0.0169 - reader cost: 1.3961e-04
206/348 [================>.............] - ETA: 2s - batch_cost: 0.0169 - reader cost: 1.4244e-04
209/348 [=================>............] - ETA: 2s - batch_cost: 0.0169 - reader cost: 1.4039e-04
212/348 [=================>............] - ETA: 2s - batch_cost: 0.0169 - reader cost: 1.3840e-04
215/348 [=================>............] - ETA: 2s - batch_cost: 0.0169 - reader cost: 1.3647e-04
219/348 [=================>............] - ETA: 2s - batch_cost: 0.0169 - reader cost: 1.3398e-04
223/348 [==================>...........] - ETA: 2s - batch_cost: 0.0169 - reader cost: 1.3158e-04
226/348 [==================>...........] - ETA: 2s - batch_cost: 0.0169 - reader cost: 1.2983e-04
229/348 [==================>...........] - ETA: 2s - batch_cost: 0.0169 - reader cost: 1.2813e-04
233/348 [===================>..........] - ETA: 1s - batch_cost: 0.0169 - reader cost: 1.2593e-04
237/348 [===================>..........] - ETA: 1s - batch_cost: 0.0169 - reader cost: 1.2380e-04
241/348 [===================>..........] - ETA: 1s - batch_cost: 0.0168 - reader cost: 1.2175e-04
245/348 [====================>.........] - ETA: 1s - batch_cost: 0.0168 - reader cost: 1.2384e-04
249/348 [====================>.........] - ETA: 1s - batch_cost: 0.0168 - reader cost: 1.2185e-04
253/348 [====================>.........] - ETA: 1s - batch_cost: 0.0168 - reader cost: 1.2389e-04
256/348 [=====================>........] - ETA: 1s - batch_cost: 0.0168 - reader cost: 1.2244e-04
259/348 [=====================>........] - ETA: 1s - batch_cost: 0.0168 - reader cost: 1.2102e-04
262/348 [=====================>........] - ETA: 1s - batch_cost: 0.0168 - reader cost: 1.1964e-04
266/348 [=====================>........] - ETA: 1s - batch_cost: 0.0168 - reader cost: 1.1784e-04
270/348 [======================>.......] - ETA: 1s - batch_cost: 0.0168 - reader cost: 1.1609e-04
273/348 [======================>.......] - ETA: 1s - batch_cost: 0.0168 - reader cost: 1.1481e-04
276/348 [======================>.......] - ETA: 1s - batch_cost: 0.0168 - reader cost: 1.1357e-04
279/348 [=======================>......] - ETA: 1s - batch_cost: 0.0168 - reader cost: 1.1235e-04
283/348 [=======================>......] - ETA: 1s - batch_cost: 0.0168 - reader cost: 1.1076e-04
286/348 [=======================>......] - ETA: 1s - batch_cost: 0.0168 - reader cost: 1.0960e-04
290/348 [========================>.....] - ETA: 0s - batch_cost: 0.0168 - reader cost: 1.0808e-04
293/348 [========================>.....] - ETA: 0s - batch_cost: 0.0168 - reader cost: 1.0698e-04
297/348 [========================>.....] - ETA: 0s - batch_cost: 0.0168 - reader cost: 1.0554e-04
300/348 [========================>.....] - ETA: 0s - batch_cost: 0.0168 - reader cost: 1.0448e-04
303/348 [=========================>....] - ETA: 0s - batch_cost: 0.0168 - reader cost: 1.0345e-04
306/348 [=========================>....] - ETA: 0s - batch_cost: 0.0168 - reader cost: 1.0243e-04
309/348 [=========================>....] - ETA: 0s - batch_cost: 0.0168 - reader cost: 1.0144e-04
312/348 [=========================>....] - ETA: 0s - batch_cost: 0.0169 - reader cost: 1.0046e-04
315/348 [==========================>...] - ETA: 0s - batch_cost: 0.0169 - reader cost: 9.9506e-05
318/348 [==========================>...] - ETA: 0s - batch_cost: 0.0169 - reader cost: 9.8567e-05
321/348 [==========================>...] - ETA: 0s - batch_cost: 0.0169 - reader cost: 9.7646e-05
324/348 [==========================>...] - ETA: 0s - batch_cost: 0.0169 - reader cost: 9.6742e-05
327/348 [===========================>..] - ETA: 0s - batch_cost: 0.0169 - reader cost: 9.8915e-05
330/348 [===========================>..] - ETA: 0s - batch_cost: 0.0169 - reader cost: 9.8015e-05
333/348 [===========================>..] - ETA: 0s - batch_cost: 0.0169 - reader cost: 1.0014e-04
336/348 [===========================>..] - ETA: 0s - batch_cost: 0.0169 - reader cost: 9.9241e-05
339/348 [============================>.] - ETA: 0s - batch_cost: 0.0169 - reader cost: 9.8363e-05
342/348 [============================>.] - ETA: 0s - batch_cost: 0.0169 - reader cost: 9.7500e-05
346/348 [============================>.] - ETA: 0s - batch_cost: 0.0169 - reader cost: 9.6373e-05
348/348 [==============================] - 6s 17ms/step - batch_cost: 0.0168 - reader cost: 9.5819e-05

  1/348 [..............................] - ETA: 10s - batch_cost: 0.0297 - reader cost: 0.0129
  4/348 [..............................] - ETA: 7s - batch_cost: 0.0202 - reader cost: 0.0032 
  8/348 [..............................] - ETA: 6s - batch_cost: 0.0181 - reader cost: 0.0016
 11/348 [..............................] - ETA: 5s - batch_cost: 0.0176 - reader cost: 0.0012
 15/348 [>.............................] - ETA: 5s - batch_cost: 0.0168 - reader cost: 8.6230e-04
 18/348 [>.............................] - ETA: 5s - batch_cost: 0.0167 - reader cost: 7.1858e-04
 22/348 [>.............................] - ETA: 5s - batch_cost: 0.0165 - reader cost: 5.8793e-04
 25/348 [=>............................] - ETA: 5s - batch_cost: 0.0166 - reader cost: 5.1738e-04
 28/348 [=>............................] - ETA: 5s - batch_cost: 0.0166 - reader cost: 4.6194e-04
 31/348 [=>............................] - ETA: 5s - batch_cost: 0.0166 - reader cost: 4.1724e-04
 34/348 [=>............................] - ETA: 5s - batch_cost: 0.0167 - reader cost: 3.8042e-04
 38/348 [==>...........................] - ETA: 5s - batch_cost: 0.0167 - reader cost: 3.4038e-04
 41/348 [==>...........................] - ETA: 5s - batch_cost: 0.0166 - reader cost: 3.1547e-04
 45/348 [==>...........................] - ETA: 5s - batch_cost: 0.0165 - reader cost: 2.8743e-04
 49/348 [===>..........................] - ETA: 5s - batch_cost: 0.0165 - reader cost: 2.6397e-04
 52/348 [===>..........................] - ETA: 4s - batch_cost: 0.0165 - reader cost: 2.4874e-04
 55/348 [===>..........................] - ETA: 4s - batch_cost: 0.0166 - reader cost: 2.5334e-04
 58/348 [====>.........................] - ETA: 4s - batch_cost: 0.0166 - reader cost: 2.4024e-04
 61/348 [====>.........................] - ETA: 4s - batch_cost: 0.0167 - reader cost: 2.2842e-04
 64/348 [====>.........................] - ETA: 4s - batch_cost: 0.0168 - reader cost: 2.3339e-04
 67/348 [====>.........................] - ETA: 4s - batch_cost: 0.0168 - reader cost: 2.2294e-04
 70/348 [=====>........................] - ETA: 4s - batch_cost: 0.0168 - reader cost: 2.1338e-04
 74/348 [=====>........................] - ETA: 4s - batch_cost: 0.0167 - reader cost: 2.0185e-04
 77/348 [=====>........................] - ETA: 4s - batch_cost: 0.0168 - reader cost: 1.9398e-04
 80/348 [=====>........................] - ETA: 4s - batch_cost: 0.0168 - reader cost: 1.8671e-04
 83/348 [======>.......................] - ETA: 4s - batch_cost: 0.0169 - reader cost: 1.9808e-04
 86/348 [======>.......................] - ETA: 4s - batch_cost: 0.0169 - reader cost: 1.9117e-04
 90/348 [======>.......................] - ETA: 4s - batch_cost: 0.0169 - reader cost: 1.9377e-04
 94/348 [=======>......................] - ETA: 4s - batch_cost: 0.0169 - reader cost: 1.8553e-04
 97/348 [=======>......................] - ETA: 4s - batch_cost: 0.0169 - reader cost: 1.7979e-04
100/348 [=======>......................] - ETA: 4s - batch_cost: 0.0169 - reader cost: 1.7440e-04
103/348 [=======>......................] - ETA: 4s - batch_cost: 0.0169 - reader cost: 1.6932e-04
107/348 [========>.....................] - ETA: 4s - batch_cost: 0.0169 - reader cost: 1.7225e-04
111/348 [========>.....................] - ETA: 4s - batch_cost: 0.0168 - reader cost: 1.7505e-04
115/348 [========>.....................] - ETA: 3s - batch_cost: 0.0168 - reader cost: 1.6896e-04
118/348 [=========>....................] - ETA: 3s - batch_cost: 0.0168 - reader cost: 1.6466e-04
122/348 [=========>....................] - ETA: 3s - batch_cost: 0.0167 - reader cost: 1.5927e-04
125/348 [=========>....................] - ETA: 3s - batch_cost: 0.0167 - reader cost: 1.6343e-04
129/348 [==========>...................] - ETA: 3s - batch_cost: 0.0167 - reader cost: 1.5837e-04
132/348 [==========>...................] - ETA: 3s - batch_cost: 0.0167 - reader cost: 1.5477e-04
135/348 [==========>...................] - ETA: 3s - batch_cost: 0.0167 - reader cost: 1.5133e-04
138/348 [==========>...................] - ETA: 3s - batch_cost: 0.0167 - reader cost: 1.4804e-04
141/348 [===========>..................] - ETA: 3s - batch_cost: 0.0167 - reader cost: 1.4489e-04
144/348 [===========>..................] - ETA: 3s - batch_cost: 0.0167 - reader cost: 1.4187e-04
147/348 [===========>..................] - ETA: 3s - batch_cost: 0.0167 - reader cost: 1.4575e-04
150/348 [===========>..................] - ETA: 3s - batch_cost: 0.0168 - reader cost: 1.4283e-04
153/348 [============>.................] - ETA: 3s - batch_cost: 0.0168 - reader cost: 1.5339e-04
156/348 [============>.................] - ETA: 3s - batch_cost: 0.0168 - reader cost: 1.5683e-04
159/348 [============>.................] - ETA: 3s - batch_cost: 0.0168 - reader cost: 1.5387e-04
162/348 [============>.................] - ETA: 3s - batch_cost: 0.0169 - reader cost: 1.5102e-04
166/348 [=============>................] - ETA: 3s - batch_cost: 0.0168 - reader cost: 1.4738e-04
169/348 [=============>................] - ETA: 3s - batch_cost: 0.0168 - reader cost: 1.4477e-04
172/348 [=============>................] - ETA: 3s - batch_cost: 0.0168 - reader cost: 1.4224e-04
175/348 [==============>...............] - ETA: 2s - batch_cost: 0.0169 - reader cost: 1.4552e-04
178/348 [==============>...............] - ETA: 2s - batch_cost: 0.0169 - reader cost: 1.4306e-04
181/348 [==============>...............] - ETA: 2s - batch_cost: 0.0169 - reader cost: 1.4069e-04
184/348 [==============>...............] - ETA: 2s - batch_cost: 0.0169 - reader cost: 1.3840e-04
187/348 [===============>..............] - ETA: 2s - batch_cost: 0.0169 - reader cost: 1.4160e-04
190/348 [===============>..............] - ETA: 2s - batch_cost: 0.0169 - reader cost: 1.4462e-04
193/348 [===============>..............] - ETA: 2s - batch_cost: 0.0169 - reader cost: 1.4238e-04
196/348 [===============>..............] - ETA: 2s - batch_cost: 0.0169 - reader cost: 1.4020e-04
199/348 [================>.............] - ETA: 2s - batch_cost: 0.0169 - reader cost: 1.3808e-04
203/348 [================>.............] - ETA: 2s - batch_cost: 0.0169 - reader cost: 1.3536e-04
206/348 [================>.............] - ETA: 2s - batch_cost: 0.0169 - reader cost: 1.3823e-04
209/348 [=================>............] - ETA: 2s - batch_cost: 0.0169 - reader cost: 1.3625e-04
212/348 [=================>............] - ETA: 2s - batch_cost: 0.0169 - reader cost: 1.3903e-04
215/348 [=================>............] - ETA: 2s - batch_cost: 0.0170 - reader cost: 1.3709e-04
218/348 [=================>............] - ETA: 2s - batch_cost: 0.0170 - reader cost: 1.3521e-04
221/348 [==================>...........] - ETA: 2s - batch_cost: 0.0170 - reader cost: 1.3789e-04
224/348 [==================>...........] - ETA: 2s - batch_cost: 0.0170 - reader cost: 1.3605e-04
227/348 [==================>...........] - ETA: 2s - batch_cost: 0.0170 - reader cost: 1.3425e-04
230/348 [==================>...........] - ETA: 2s - batch_cost: 0.0170 - reader cost: 1.3685e-04
233/348 [===================>..........] - ETA: 2s - batch_cost: 0.0171 - reader cost: 1.3508e-04
236/348 [===================>..........] - ETA: 1s - batch_cost: 0.0171 - reader cost: 1.3337e-04
239/348 [===================>..........] - ETA: 1s - batch_cost: 0.0171 - reader cost: 1.3588e-04
242/348 [===================>..........] - ETA: 1s - batch_cost: 0.0171 - reader cost: 1.3419e-04
245/348 [====================>.........] - ETA: 1s - batch_cost: 0.0171 - reader cost: 1.3255e-04
249/348 [====================>.........] - ETA: 1s - batch_cost: 0.0170 - reader cost: 1.3450e-04
252/348 [====================>.........] - ETA: 1s - batch_cost: 0.0170 - reader cost: 1.3290e-04
255/348 [====================>.........] - ETA: 1s - batch_cost: 0.0170 - reader cost: 1.3133e-04
258/348 [=====================>........] - ETA: 1s - batch_cost: 0.0171 - reader cost: 1.3368e-04
261/348 [=====================>........] - ETA: 1s - batch_cost: 0.0171 - reader cost: 1.3214e-04
264/348 [=====================>........] - ETA: 1s - batch_cost: 0.0171 - reader cost: 1.3064e-04
267/348 [======================>.......] - ETA: 1s - batch_cost: 0.0171 - reader cost: 1.2917e-04
270/348 [======================>.......] - ETA: 1s - batch_cost: 0.0171 - reader cost: 1.2774e-04
274/348 [======================>.......] - ETA: 1s - batch_cost: 0.0171 - reader cost: 1.2587e-04
277/348 [======================>.......] - ETA: 1s - batch_cost: 0.0171 - reader cost: 1.2813e-04
280/348 [=======================>......] - ETA: 1s - batch_cost: 0.0171 - reader cost: 1.2676e-04
283/348 [=======================>......] - ETA: 1s - batch_cost: 0.0170 - reader cost: 1.2541e-04
287/348 [=======================>......] - ETA: 1s - batch_cost: 0.0170 - reader cost: 1.2366e-04
290/348 [========================>.....] - ETA: 1s - batch_cost: 0.0170 - reader cost: 1.2238e-04
294/348 [========================>.....] - ETA: 0s - batch_cost: 0.0170 - reader cost: 1.2413e-04
297/348 [========================>.....] - ETA: 0s - batch_cost: 0.0170 - reader cost: 1.2287e-04
300/348 [========================>.....] - ETA: 0s - batch_cost: 0.0170 - reader cost: 1.2165e-04
303/348 [=========================>....] - ETA: 0s - batch_cost: 0.0170 - reader cost: 1.2044e-04
307/348 [=========================>....] - ETA: 0s - batch_cost: 0.0170 - reader cost: 1.1887e-04
310/348 [=========================>....] - ETA: 0s - batch_cost: 0.0170 - reader cost: 1.1772e-04
313/348 [=========================>....] - ETA: 0s - batch_cost: 0.0170 - reader cost: 1.1659e-04
316/348 [==========================>...] - ETA: 0s - batch_cost: 0.0170 - reader cost: 1.1549e-04
319/348 [==========================>...] - ETA: 0s - batch_cost: 0.0170 - reader cost: 1.1440e-04
322/348 [==========================>...] - ETA: 0s - batch_cost: 0.0170 - reader cost: 1.1333e-04
325/348 [===========================>..] - ETA: 0s - batch_cost: 0.0171 - reader cost: 1.1229e-04
328/348 [===========================>..] - ETA: 0s - batch_cost: 0.0171 - reader cost: 1.1430e-04
331/348 [===========================>..] - ETA: 0s - batch_cost: 0.0171 - reader cost: 1.1326e-04
334/348 [===========================>..] - ETA: 0s - batch_cost: 0.0171 - reader cost: 1.1524e-04
337/348 [============================>.] - ETA: 0s - batch_cost: 0.0171 - reader cost: 1.1721e-04
341/348 [============================>.] - ETA: 0s - batch_cost: 0.0171 - reader cost: 1.1876e-04
344/348 [============================>.] - ETA: 0s - batch_cost: 0.0171 - reader cost: 1.2064e-04
348/348 [==============================] - 6s 17ms/step - batch_cost: 0.0171 - reader cost: 1.1925e-04

  1/348 [..............................] - ETA: 10s - batch_cost: 0.0315 - reader cost: 0.0122
  4/348 [..............................] - ETA: 7s - batch_cost: 0.0227 - reader cost: 0.0030 
  7/348 [..............................] - ETA: 7s - batch_cost: 0.0205 - reader cost: 0.0019
 10/348 [..............................] - ETA: 6s - batch_cost: 0.0193 - reader cost: 0.0013
 14/348 [>.............................] - ETA: 6s - batch_cost: 0.0181 - reader cost: 9.4162e-04
 18/348 [>.............................] - ETA: 5s - batch_cost: 0.0177 - reader cost: 7.3237e-04
 22/348 [>.............................] - ETA: 5s - batch_cost: 0.0175 - reader cost: 5.9921e-04
 25/348 [=>............................] - ETA: 5s - batch_cost: 0.0174 - reader cost: 5.2731e-04
 28/348 [=>............................] - ETA: 5s - batch_cost: 0.0176 - reader cost: 4.7081e-04
 31/348 [=>............................] - ETA: 5s - batch_cost: 0.0175 - reader cost: 4.2525e-04
 34/348 [=>............................] - ETA: 5s - batch_cost: 0.0177 - reader cost: 3.8772e-04
 37/348 [==>...........................] - ETA: 5s - batch_cost: 0.0177 - reader cost: 3.5629e-04
 40/348 [==>...........................] - ETA: 5s - batch_cost: 0.0176 - reader cost: 3.2957e-04
 43/348 [==>...........................] - ETA: 5s - batch_cost: 0.0175 - reader cost: 3.0657e-04
 47/348 [===>..........................] - ETA: 5s - batch_cost: 0.0174 - reader cost: 2.8048e-04
 51/348 [===>..........................] - ETA: 5s - batch_cost: 0.0173 - reader cost: 2.5848e-04
 55/348 [===>..........................] - ETA: 5s - batch_cost: 0.0172 - reader cost: 2.3968e-04
 59/348 [====>.........................] - ETA: 5s - batch_cost: 0.0171 - reader cost: 2.2343e-04
 63/348 [====>.........................] - ETA: 4s - batch_cost: 0.0170 - reader cost: 2.0925e-04
 66/348 [====>.........................] - ETA: 4s - batch_cost: 0.0170 - reader cost: 2.1487e-04
 70/348 [=====>........................] - ETA: 4s - batch_cost: 0.0169 - reader cost: 2.0259e-04
 74/348 [=====>........................] - ETA: 4s - batch_cost: 0.0168 - reader cost: 1.9164e-04
 78/348 [=====>........................] - ETA: 4s - batch_cost: 0.0167 - reader cost: 1.9465e-04
 81/348 [=====>........................] - ETA: 4s - batch_cost: 0.0167 - reader cost: 1.8744e-04
 85/348 [======>.......................] - ETA: 4s - batch_cost: 0.0167 - reader cost: 1.7862e-04
 89/348 [======>.......................] - ETA: 4s - batch_cost: 0.0166 - reader cost: 1.8188e-04
 93/348 [=======>......................] - ETA: 4s - batch_cost: 0.0165 - reader cost: 1.7406e-04
 97/348 [=======>......................] - ETA: 4s - batch_cost: 0.0165 - reader cost: 1.6688e-04
101/348 [=======>......................] - ETA: 4s - batch_cost: 0.0164 - reader cost: 1.6027e-04
104/348 [=======>......................] - ETA: 4s - batch_cost: 0.0164 - reader cost: 1.5565e-04
108/348 [========>.....................] - ETA: 3s - batch_cost: 0.0164 - reader cost: 1.4988e-04
112/348 [========>.....................] - ETA: 3s - batch_cost: 0.0164 - reader cost: 1.4453e-04
116/348 [=========>....................] - ETA: 3s - batch_cost: 0.0163 - reader cost: 1.3955e-04
119/348 [=========>....................] - ETA: 3s - batch_cost: 0.0163 - reader cost: 1.3603e-04
123/348 [=========>....................] - ETA: 3s - batch_cost: 0.0163 - reader cost: 1.3972e-04
126/348 [=========>....................] - ETA: 3s - batch_cost: 0.0163 - reader cost: 1.3640e-04
130/348 [==========>...................] - ETA: 3s - batch_cost: 0.0163 - reader cost: 1.3989e-04
134/348 [==========>...................] - ETA: 3s - batch_cost: 0.0163 - reader cost: 1.4319e-04
137/348 [==========>...................] - ETA: 3s - batch_cost: 0.0163 - reader cost: 1.4005e-04
140/348 [===========>..................] - ETA: 3s - batch_cost: 0.0163 - reader cost: 1.4419e-04
144/348 [===========>..................] - ETA: 3s - batch_cost: 0.0163 - reader cost: 1.4018e-04
148/348 [===========>..................] - ETA: 3s - batch_cost: 0.0163 - reader cost: 1.3639e-04
152/348 [============>.................] - ETA: 3s - batch_cost: 0.0162 - reader cost: 1.3281e-04
156/348 [============>.................] - ETA: 3s - batch_cost: 0.0162 - reader cost: 1.3385e-04
160/348 [============>.................] - ETA: 3s - batch_cost: 0.0162 - reader cost: 1.3050e-04
164/348 [=============>................] - ETA: 3s - batch_cost: 0.0162 - reader cost: 1.3340e-04
167/348 [=============>................] - ETA: 2s - batch_cost: 0.0162 - reader cost: 1.3100e-04
171/348 [=============>................] - ETA: 2s - batch_cost: 0.0162 - reader cost: 1.2794e-04
174/348 [==============>...............] - ETA: 2s - batch_cost: 0.0162 - reader cost: 1.3148e-04
177/348 [==============>...............] - ETA: 2s - batch_cost: 0.0162 - reader cost: 1.3490e-04
180/348 [==============>...............] - ETA: 2s - batch_cost: 0.0162 - reader cost: 1.3819e-04
183/348 [==============>...............] - ETA: 2s - batch_cost: 0.0162 - reader cost: 1.3593e-04
187/348 [===============>..............] - ETA: 2s - batch_cost: 0.0162 - reader cost: 1.3302e-04
190/348 [===============>..............] - ETA: 2s - batch_cost: 0.0163 - reader cost: 1.3621e-04
193/348 [===============>..............] - ETA: 2s - batch_cost: 0.0163 - reader cost: 1.3410e-04
196/348 [===============>..............] - ETA: 2s - batch_cost: 0.0163 - reader cost: 1.3204e-04
200/348 [================>.............] - ETA: 2s - batch_cost: 0.0163 - reader cost: 1.2940e-04
204/348 [================>.............] - ETA: 2s - batch_cost: 0.0163 - reader cost: 1.2687e-04
207/348 [================>.............] - ETA: 2s - batch_cost: 0.0163 - reader cost: 1.2503e-04
210/348 [=================>............] - ETA: 2s - batch_cost: 0.0163 - reader cost: 1.2324e-04
213/348 [=================>............] - ETA: 2s - batch_cost: 0.0163 - reader cost: 1.2624e-04
216/348 [=================>............] - ETA: 2s - batch_cost: 0.0164 - reader cost: 1.2449e-04
220/348 [=================>............] - ETA: 2s - batch_cost: 0.0163 - reader cost: 1.2679e-04
224/348 [==================>...........] - ETA: 2s - batch_cost: 0.0163 - reader cost: 1.2453e-04
227/348 [==================>...........] - ETA: 2s - batch_cost: 0.0163 - reader cost: 1.2288e-04
231/348 [==================>...........] - ETA: 1s - batch_cost: 0.0163 - reader cost: 1.2075e-04
234/348 [===================>..........] - ETA: 1s - batch_cost: 0.0163 - reader cost: 1.1921e-04
238/348 [===================>..........] - ETA: 1s - batch_cost: 0.0163 - reader cost: 1.1720e-04
241/348 [===================>..........] - ETA: 1s - batch_cost: 0.0163 - reader cost: 1.1574e-04
244/348 [====================>.........] - ETA: 1s - batch_cost: 0.0164 - reader cost: 1.1432e-04
247/348 [====================>.........] - ETA: 1s - batch_cost: 0.0164 - reader cost: 1.1293e-04
251/348 [====================>.........] - ETA: 1s - batch_cost: 0.0163 - reader cost: 1.1113e-04
254/348 [====================>.........] - ETA: 1s - batch_cost: 0.0164 - reader cost: 1.0982e-04
257/348 [=====================>........] - ETA: 1s - batch_cost: 0.0164 - reader cost: 1.0854e-04
260/348 [=====================>........] - ETA: 1s - batch_cost: 0.0164 - reader cost: 1.1116e-04
264/348 [=====================>........] - ETA: 1s - batch_cost: 0.0163 - reader cost: 1.1327e-04
267/348 [======================>.......] - ETA: 1s - batch_cost: 0.0164 - reader cost: 1.1763e-04
271/348 [======================>.......] - ETA: 1s - batch_cost: 0.0163 - reader cost: 1.1589e-04
274/348 [======================>.......] - ETA: 1s - batch_cost: 0.0164 - reader cost: 1.1462e-04
278/348 [======================>.......] - ETA: 1s - batch_cost: 0.0163 - reader cost: 1.1297e-04
281/348 [=======================>......] - ETA: 1s - batch_cost: 0.0163 - reader cost: 1.1177e-04
285/348 [=======================>......] - ETA: 1s - batch_cost: 0.0163 - reader cost: 1.1020e-04
289/348 [=======================>......] - ETA: 0s - batch_cost: 0.0163 - reader cost: 1.1212e-04
293/348 [========================>.....] - ETA: 0s - batch_cost: 0.0163 - reader cost: 1.1059e-04
296/348 [========================>.....] - ETA: 0s - batch_cost: 0.0163 - reader cost: 1.0947e-04
299/348 [========================>.....] - ETA: 0s - batch_cost: 0.0163 - reader cost: 1.0837e-04
303/348 [=========================>....] - ETA: 0s - batch_cost: 0.0163 - reader cost: 1.0694e-04
307/348 [=========================>....] - ETA: 0s - batch_cost: 0.0163 - reader cost: 1.0882e-04
311/348 [=========================>....] - ETA: 0s - batch_cost: 0.0163 - reader cost: 1.0742e-04
314/348 [==========================>...] - ETA: 0s - batch_cost: 0.0163 - reader cost: 1.0959e-04
318/348 [==========================>...] - ETA: 0s - batch_cost: 0.0163 - reader cost: 1.0821e-04
322/348 [==========================>...] - ETA: 0s - batch_cost: 0.0163 - reader cost: 1.0997e-04
326/348 [===========================>..] - ETA: 0s - batch_cost: 0.0163 - reader cost: 1.0862e-04
329/348 [===========================>..] - ETA: 0s - batch_cost: 0.0163 - reader cost: 1.1067e-04
333/348 [===========================>..] - ETA: 0s - batch_cost: 0.0163 - reader cost: 1.0934e-04
336/348 [===========================>..] - ETA: 0s - batch_cost: 0.0163 - reader cost: 1.0837e-04
339/348 [============================>.] - ETA: 0s - batch_cost: 0.0163 - reader cost: 1.0741e-04
342/348 [============================>.] - ETA: 0s - batch_cost: 0.0163 - reader cost: 1.0647e-04
345/348 [============================>.] - ETA: 0s - batch_cost: 0.0163 - reader cost: 1.1141e-04
348/348 [==============================] - 6s 17ms/step - batch_cost: 0.0163 - reader cost: 1.1045e-04

  1/348 [..............................] - ETA: 10s - batch_cost: 0.0300 - reader cost: 0.0125
  4/348 [..............................] - ETA: 7s - batch_cost: 0.0217 - reader cost: 0.0034 
  7/348 [..............................] - ETA: 6s - batch_cost: 0.0203 - reader cost: 0.0019
 11/348 [..............................] - ETA: 6s - batch_cost: 0.0188 - reader cost: 0.0012
 15/348 [>.............................] - ETA: 6s - batch_cost: 0.0178 - reader cost: 9.0016e-04
 19/348 [>.............................] - ETA: 5s - batch_cost: 0.0174 - reader cost: 7.6320e-04
 23/348 [>.............................] - ETA: 5s - batch_cost: 0.0171 - reader cost: 6.3047e-04
 26/348 [=>............................] - ETA: 5s - batch_cost: 0.0171 - reader cost: 5.5773e-04
 29/348 [=>............................] - ETA: 5s - batch_cost: 0.0171 - reader cost: 5.0003e-04
 33/348 [=>............................] - ETA: 5s - batch_cost: 0.0171 - reader cost: 4.3942e-04
 36/348 [==>...........................] - ETA: 5s - batch_cost: 0.0170 - reader cost: 4.0280e-04
 39/348 [==>...........................] - ETA: 5s - batch_cost: 0.0171 - reader cost: 3.7182e-04
 43/348 [==>...........................] - ETA: 5s - batch_cost: 0.0170 - reader cost: 3.3723e-04
 46/348 [==>...........................] - ETA: 5s - batch_cost: 0.0169 - reader cost: 3.1524e-04
 50/348 [===>..........................] - ETA: 5s - batch_cost: 0.0168 - reader cost: 2.9002e-04
 54/348 [===>..........................] - ETA: 4s - batch_cost: 0.0167 - reader cost: 2.6853e-04
 58/348 [====>.........................] - ETA: 4s - batch_cost: 0.0166 - reader cost: 2.6724e-04
 62/348 [====>.........................] - ETA: 4s - batch_cost: 0.0166 - reader cost: 2.5000e-04
 65/348 [====>.........................] - ETA: 4s - batch_cost: 0.0166 - reader cost: 2.4643e-04
 68/348 [====>.........................] - ETA: 4s - batch_cost: 0.0167 - reader cost: 2.3555e-04
 72/348 [=====>........................] - ETA: 4s - batch_cost: 0.0166 - reader cost: 2.2247e-04
 76/348 [=====>........................] - ETA: 4s - batch_cost: 0.0166 - reader cost: 2.1076e-04
 80/348 [=====>........................] - ETA: 4s - batch_cost: 0.0165 - reader cost: 2.0022e-04
 83/348 [======>.......................] - ETA: 4s - batch_cost: 0.0166 - reader cost: 1.9298e-04
 86/348 [======>.......................] - ETA: 4s - batch_cost: 0.0166 - reader cost: 1.8625e-04
 89/348 [======>.......................] - ETA: 4s - batch_cost: 0.0167 - reader cost: 1.9120e-04
 93/348 [=======>......................] - ETA: 4s - batch_cost: 0.0166 - reader cost: 1.8298e-04
 97/348 [=======>......................] - ETA: 4s - batch_cost: 0.0165 - reader cost: 1.7543e-04
101/348 [=======>......................] - ETA: 4s - batch_cost: 0.0165 - reader cost: 1.6849e-04
104/348 [=======>......................] - ETA: 4s - batch_cost: 0.0165 - reader cost: 1.7325e-04
107/348 [========>.....................] - ETA: 4s - batch_cost: 0.0165 - reader cost: 1.6839e-04
110/348 [========>.....................] - ETA: 4s - batch_cost: 0.0166 - reader cost: 1.7748e-04
113/348 [========>.....................] - ETA: 3s - batch_cost: 0.0166 - reader cost: 1.7277e-04
116/348 [=========>....................] - ETA: 3s - batch_cost: 0.0167 - reader cost: 1.6830e-04
120/348 [=========>....................] - ETA: 3s - batch_cost: 0.0166 - reader cost: 1.6269e-04
124/348 [=========>....................] - ETA: 3s - batch_cost: 0.0166 - reader cost: 1.5744e-04
127/348 [=========>....................] - ETA: 3s - batch_cost: 0.0166 - reader cost: 1.5373e-04
131/348 [==========>...................] - ETA: 3s - batch_cost: 0.0166 - reader cost: 1.4903e-04
135/348 [==========>...................] - ETA: 3s - batch_cost: 0.0166 - reader cost: 1.4462e-04
138/348 [==========>...................] - ETA: 3s - batch_cost: 0.0166 - reader cost: 1.4872e-04
141/348 [===========>..................] - ETA: 3s - batch_cost: 0.0166 - reader cost: 1.4555e-04
144/348 [===========>..................] - ETA: 3s - batch_cost: 0.0166 - reader cost: 1.4252e-04
148/348 [===========>..................] - ETA: 3s - batch_cost: 0.0166 - reader cost: 1.3867e-04
151/348 [============>.................] - ETA: 3s - batch_cost: 0.0166 - reader cost: 1.3591e-04
154/348 [============>.................] - ETA: 3s - batch_cost: 0.0166 - reader cost: 1.3327e-04
158/348 [============>.................] - ETA: 3s - batch_cost: 0.0166 - reader cost: 1.2989e-04
161/348 [============>.................] - ETA: 3s - batch_cost: 0.0166 - reader cost: 1.2747e-04
165/348 [=============>................] - ETA: 3s - batch_cost: 0.0166 - reader cost: 1.2438e-04
168/348 [=============>................] - ETA: 3s - batch_cost: 0.0166 - reader cost: 1.2811e-04
171/348 [=============>................] - ETA: 2s - batch_cost: 0.0167 - reader cost: 1.2586e-04
174/348 [==============>...............] - ETA: 2s - batch_cost: 0.0167 - reader cost: 1.2369e-04
178/348 [==============>...............] - ETA: 2s - batch_cost: 0.0167 - reader cost: 1.2091e-04
181/348 [==============>...............] - ETA: 2s - batch_cost: 0.0167 - reader cost: 1.1891e-04
184/348 [==============>...............] - ETA: 2s - batch_cost: 0.0167 - reader cost: 1.1697e-04
187/348 [===============>..............] - ETA: 2s - batch_cost: 0.0167 - reader cost: 1.2045e-04
191/348 [===============>..............] - ETA: 2s - batch_cost: 0.0167 - reader cost: 1.1792e-04
195/348 [===============>..............] - ETA: 2s - batch_cost: 0.0166 - reader cost: 1.1551e-04
199/348 [================>.............] - ETA: 2s - batch_cost: 0.0166 - reader cost: 1.1821e-04
203/348 [================>.............] - ETA: 2s - batch_cost: 0.0166 - reader cost: 1.1588e-04
206/348 [================>.............] - ETA: 2s - batch_cost: 0.0166 - reader cost: 1.1419e-04
210/348 [=================>............] - ETA: 2s - batch_cost: 0.0166 - reader cost: 1.1202e-04
213/348 [=================>............] - ETA: 2s - batch_cost: 0.0166 - reader cost: 1.1290e-04
216/348 [=================>............] - ETA: 2s - batch_cost: 0.0166 - reader cost: 1.1596e-04
220/348 [=================>............] - ETA: 2s - batch_cost: 0.0166 - reader cost: 1.1385e-04
224/348 [==================>...........] - ETA: 2s - batch_cost: 0.0166 - reader cost: 1.1182e-04
228/348 [==================>...........] - ETA: 2s - batch_cost: 0.0166 - reader cost: 1.0986e-04
232/348 [===================>..........] - ETA: 1s - batch_cost: 0.0166 - reader cost: 1.0796e-04
236/348 [===================>..........] - ETA: 1s - batch_cost: 0.0166 - reader cost: 1.1037e-04
239/348 [===================>..........] - ETA: 1s - batch_cost: 0.0166 - reader cost: 1.0899e-04
242/348 [===================>..........] - ETA: 1s - batch_cost: 0.0166 - reader cost: 1.0763e-04
245/348 [====================>.........] - ETA: 1s - batch_cost: 0.0166 - reader cost: 1.0632e-04
249/348 [====================>.........] - ETA: 1s - batch_cost: 0.0166 - reader cost: 1.0461e-04
253/348 [====================>.........] - ETA: 1s - batch_cost: 0.0165 - reader cost: 1.0691e-04
257/348 [=====================>........] - ETA: 1s - batch_cost: 0.0165 - reader cost: 1.0913e-04
260/348 [=====================>........] - ETA: 1s - batch_cost: 0.0165 - reader cost: 1.0788e-04
264/348 [=====================>........] - ETA: 1s - batch_cost: 0.0165 - reader cost: 1.0624e-04
268/348 [======================>.......] - ETA: 1s - batch_cost: 0.0165 - reader cost: 1.0466e-04
272/348 [======================>.......] - ETA: 1s - batch_cost: 0.0165 - reader cost: 1.0680e-04
275/348 [======================>.......] - ETA: 1s - batch_cost: 0.0165 - reader cost: 1.0563e-04
278/348 [======================>.......] - ETA: 1s - batch_cost: 0.0165 - reader cost: 1.0449e-04
281/348 [=======================>......] - ETA: 1s - batch_cost: 0.0165 - reader cost: 1.0338e-04
284/348 [=======================>......] - ETA: 1s - batch_cost: 0.0165 - reader cost: 1.0229e-04
287/348 [=======================>......] - ETA: 1s - batch_cost: 0.0166 - reader cost: 1.0303e-04
290/348 [========================>.....] - ETA: 0s - batch_cost: 0.0166 - reader cost: 1.0196e-04
294/348 [========================>.....] - ETA: 0s - batch_cost: 0.0166 - reader cost: 1.0058e-04
298/348 [========================>.....] - ETA: 0s - batch_cost: 0.0166 - reader cost: 9.9226e-05
302/348 [=========================>....] - ETA: 0s - batch_cost: 0.0166 - reader cost: 9.7912e-05
306/348 [=========================>....] - ETA: 0s - batch_cost: 0.0166 - reader cost: 9.6632e-05
310/348 [=========================>....] - ETA: 0s - batch_cost: 0.0166 - reader cost: 9.5385e-05
314/348 [==========================>...] - ETA: 0s - batch_cost: 0.0166 - reader cost: 9.4170e-05
318/348 [==========================>...] - ETA: 0s - batch_cost: 0.0166 - reader cost: 9.2985e-05
321/348 [==========================>...] - ETA: 0s - batch_cost: 0.0166 - reader cost: 9.2116e-05
324/348 [==========================>...] - ETA: 0s - batch_cost: 0.0166 - reader cost: 9.4346e-05
327/348 [===========================>..] - ETA: 0s - batch_cost: 0.0166 - reader cost: 9.3480e-05
330/348 [===========================>..] - ETA: 0s - batch_cost: 0.0166 - reader cost: 9.2631e-05
333/348 [===========================>..] - ETA: 0s - batch_cost: 0.0166 - reader cost: 9.4797e-05
336/348 [===========================>..] - ETA: 0s - batch_cost: 0.0166 - reader cost: 9.8438e-05
340/348 [============================>.] - ETA: 0s - batch_cost: 0.0166 - reader cost: 1.0022e-04
343/348 [============================>.] - ETA: 0s - batch_cost: 0.0166 - reader cost: 9.9345e-05
347/348 [============================>.] - ETA: 0s - batch_cost: 0.0166 - reader cost: 1.0108e-04
348/348 [==============================] - 6s 17ms/step - batch_cost: 0.0165 - reader cost: 1.0079e-04
