WARNING: Logging before InitGoogleLogging() is written to STDERR
W1007 21:12:48.511687 56952 gpu_resources.cc:116] Please NOTE: device: 0, GPU Compute Capability: 12.0, Driver API Version: 13.2, Runtime API Version: 12.9
C:\venv_bisenet\Lib\site-packages\paddle\nn\layer\norm.py:885: UserWarning: When training, we now always track global mean and variance.
  warnings.warn(

  1/348 [..............................] - ETA: 34s - batch_cost: 0.0993 - reader cost: 0.0116
  4/348 [..............................] - ETA: 13s - batch_cost: 0.0384 - reader cost: 0.0029
  7/348 [..............................] - ETA: 10s - batch_cost: 0.0302 - reader cost: 0.0017
 10/348 [..............................] - ETA: 8s - batch_cost: 0.0266 - reader cost: 0.0012 
 13/348 [>.............................] - ETA: 8s - batch_cost: 0.0248 - reader cost: 8.9222e-04
 17/348 [>.............................] - ETA: 7s - batch_cost: 0.0228 - reader cost: 6.8228e-04
 21/348 [>.............................] - ETA: 7s - batch_cost: 0.0215 - reader cost: 5.5233e-04
 25/348 [=>............................] - ETA: 6s - batch_cost: 0.0207 - reader cost: 5.0394e-04
 28/348 [=>............................] - ETA: 6s - batch_cost: 0.0203 - reader cost: 4.4995e-04
 31/348 [=>............................] - ETA: 6s - batch_cost: 0.0200 - reader cost: 4.0640e-04
 35/348 [==>...........................] - ETA: 6s - batch_cost: 0.0198 - reader cost: 3.5996e-04
 38/348 [==>...........................] - ETA: 6s - batch_cost: 0.0198 - reader cost: 3.3154e-04
 41/348 [==>...........................] - ETA: 6s - batch_cost: 0.0198 - reader cost: 3.0728e-04
 45/348 [==>...........................] - ETA: 5s - batch_cost: 0.0195 - reader cost: 2.7997e-04
 49/348 [===>..........................] - ETA: 5s - batch_cost: 0.0192 - reader cost: 2.5711e-04
 53/348 [===>..........................] - ETA: 5s - batch_cost: 0.0190 - reader cost: 2.3771e-04
 57/348 [===>..........................] - ETA: 5s - batch_cost: 0.0188 - reader cost: 2.2103e-04
 61/348 [====>.........................] - ETA: 5s - batch_cost: 0.0186 - reader cost: 2.0653e-04
 65/348 [====>.........................] - ETA: 5s - batch_cost: 0.0184 - reader cost: 1.9382e-04
 68/348 [====>.........................] - ETA: 5s - batch_cost: 0.0185 - reader cost: 1.8527e-04
 71/348 [=====>........................] - ETA: 5s - batch_cost: 0.0185 - reader cost: 1.9149e-04
 74/348 [=====>........................] - ETA: 5s - batch_cost: 0.0185 - reader cost: 1.8373e-04
 77/348 [=====>........................] - ETA: 5s - batch_cost: 0.0185 - reader cost: 1.8955e-04
 80/348 [=====>........................] - ETA: 4s - batch_cost: 0.0185 - reader cost: 1.8244e-04
 83/348 [======>.......................] - ETA: 4s - batch_cost: 0.0185 - reader cost: 1.7585e-04
 86/348 [======>.......................] - ETA: 4s - batch_cost: 0.0185 - reader cost: 1.6972e-04
 89/348 [======>.......................] - ETA: 4s - batch_cost: 0.0185 - reader cost: 1.6399e-04
 92/348 [======>.......................] - ETA: 4s - batch_cost: 0.0185 - reader cost: 1.5865e-04
 96/348 [=======>......................] - ETA: 4s - batch_cost: 0.0184 - reader cost: 1.5204e-04
 99/348 [=======>......................] - ETA: 4s - batch_cost: 0.0184 - reader cost: 1.4743e-04
102/348 [=======>......................] - ETA: 4s - batch_cost: 0.0184 - reader cost: 1.4309e-04
105/348 [========>.....................] - ETA: 4s - batch_cost: 0.0185 - reader cost: 1.3900e-04
108/348 [========>.....................] - ETA: 4s - batch_cost: 0.0185 - reader cost: 1.3514e-04
111/348 [========>.....................] - ETA: 4s - batch_cost: 0.0185 - reader cost: 1.4050e-04
115/348 [========>.....................] - ETA: 4s - batch_cost: 0.0185 - reader cost: 1.3561e-04
118/348 [=========>....................] - ETA: 4s - batch_cost: 0.0185 - reader cost: 1.3216e-04
121/348 [=========>....................] - ETA: 4s - batch_cost: 0.0185 - reader cost: 1.3743e-04
124/348 [=========>....................] - ETA: 4s - batch_cost: 0.0185 - reader cost: 1.3411e-04
128/348 [==========>...................] - ETA: 4s - batch_cost: 0.0184 - reader cost: 1.2992e-04
131/348 [==========>...................] - ETA: 3s - batch_cost: 0.0184 - reader cost: 1.2694e-04
135/348 [==========>...................] - ETA: 3s - batch_cost: 0.0183 - reader cost: 1.2318e-04
138/348 [==========>...................] - ETA: 3s - batch_cost: 0.0183 - reader cost: 1.2050e-04
141/348 [===========>..................] - ETA: 3s - batch_cost: 0.0183 - reader cost: 1.1794e-04
144/348 [===========>..................] - ETA: 3s - batch_cost: 0.0183 - reader cost: 1.1548e-04
147/348 [===========>..................] - ETA: 3s - batch_cost: 0.0183 - reader cost: 1.1312e-04
150/348 [===========>..................] - ETA: 3s - batch_cost: 0.0183 - reader cost: 1.1086e-04
153/348 [============>.................] - ETA: 3s - batch_cost: 0.0183 - reader cost: 1.0869e-04
156/348 [============>.................] - ETA: 3s - batch_cost: 0.0183 - reader cost: 1.0660e-04
160/348 [============>.................] - ETA: 3s - batch_cost: 0.0182 - reader cost: 1.0393e-04
164/348 [=============>................] - ETA: 3s - batch_cost: 0.0181 - reader cost: 1.0140e-04
167/348 [=============>................] - ETA: 3s - batch_cost: 0.0181 - reader cost: 9.9576e-05
170/348 [=============>................] - ETA: 3s - batch_cost: 0.0181 - reader cost: 1.0956e-04
174/348 [==============>...............] - ETA: 3s - batch_cost: 0.0181 - reader cost: 1.0705e-04
177/348 [==============>...............] - ETA: 3s - batch_cost: 0.0181 - reader cost: 1.0523e-04
180/348 [==============>...............] - ETA: 3s - batch_cost: 0.0181 - reader cost: 1.0348e-04
183/348 [==============>...............] - ETA: 2s - batch_cost: 0.0181 - reader cost: 1.0178e-04
186/348 [===============>..............] - ETA: 2s - batch_cost: 0.0181 - reader cost: 1.0014e-04
189/348 [===============>..............] - ETA: 2s - batch_cost: 0.0180 - reader cost: 9.8550e-05
192/348 [===============>..............] - ETA: 2s - batch_cost: 0.0180 - reader cost: 9.7010e-05
195/348 [===============>..............] - ETA: 2s - batch_cost: 0.0180 - reader cost: 9.5518e-05
198/348 [================>.............] - ETA: 2s - batch_cost: 0.0180 - reader cost: 9.4071e-05
201/348 [================>.............] - ETA: 2s - batch_cost: 0.0180 - reader cost: 9.2667e-05
205/348 [================>.............] - ETA: 2s - batch_cost: 0.0180 - reader cost: 9.0858e-05
208/348 [================>.............] - ETA: 2s - batch_cost: 0.0179 - reader cost: 8.9548e-05
211/348 [=================>............] - ETA: 2s - batch_cost: 0.0179 - reader cost: 8.8275e-05
214/348 [=================>............] - ETA: 2s - batch_cost: 0.0180 - reader cost: 8.7037e-05
218/348 [=================>............] - ETA: 2s - batch_cost: 0.0180 - reader cost: 8.5440e-05
221/348 [==================>...........] - ETA: 2s - batch_cost: 0.0179 - reader cost: 8.4280e-05
224/348 [==================>...........] - ETA: 2s - batch_cost: 0.0179 - reader cost: 8.3152e-05
227/348 [==================>...........] - ETA: 2s - batch_cost: 0.0179 - reader cost: 8.2053e-05
230/348 [==================>...........] - ETA: 2s - batch_cost: 0.0179 - reader cost: 8.0982e-05
233/348 [===================>..........] - ETA: 2s - batch_cost: 0.0179 - reader cost: 8.4228e-05
237/348 [===================>..........] - ETA: 1s - batch_cost: 0.0178 - reader cost: 8.2807e-05
241/348 [===================>..........] - ETA: 1s - batch_cost: 0.0178 - reader cost: 8.1432e-05
245/348 [====================>.........] - ETA: 1s - batch_cost: 0.0178 - reader cost: 8.0103e-05
248/348 [====================>.........] - ETA: 1s - batch_cost: 0.0178 - reader cost: 7.9134e-05
251/348 [====================>.........] - ETA: 1s - batch_cost: 0.0178 - reader cost: 7.8188e-05
255/348 [====================>.........] - ETA: 1s - batch_cost: 0.0177 - reader cost: 7.6962e-05
258/348 [=====================>........] - ETA: 1s - batch_cost: 0.0178 - reader cost: 7.6067e-05
261/348 [=====================>........] - ETA: 1s - batch_cost: 0.0178 - reader cost: 7.7207e-05
264/348 [=====================>........] - ETA: 1s - batch_cost: 0.0178 - reader cost: 7.6330e-05
267/348 [======================>.......] - ETA: 1s - batch_cost: 0.0178 - reader cost: 7.9217e-05
270/348 [======================>.......] - ETA: 1s - batch_cost: 0.0178 - reader cost: 8.0207e-05
273/348 [======================>.......] - ETA: 1s - batch_cost: 0.0178 - reader cost: 7.9325e-05
276/348 [======================>.......] - ETA: 1s - batch_cost: 0.0178 - reader cost: 7.8463e-05
279/348 [=======================>......] - ETA: 1s - batch_cost: 0.0178 - reader cost: 7.9481e-05
283/348 [=======================>......] - ETA: 1s - batch_cost: 0.0178 - reader cost: 7.8358e-05
286/348 [=======================>......] - ETA: 1s - batch_cost: 0.0178 - reader cost: 7.7536e-05
289/348 [=======================>......] - ETA: 1s - batch_cost: 0.0178 - reader cost: 7.6731e-05
293/348 [========================>.....] - ETA: 0s - batch_cost: 0.0177 - reader cost: 7.5684e-05
297/348 [========================>.....] - ETA: 0s - batch_cost: 0.0177 - reader cost: 7.4664e-05
300/348 [========================>.....] - ETA: 0s - batch_cost: 0.0177 - reader cost: 7.3918e-05
303/348 [=========================>....] - ETA: 0s - batch_cost: 0.0177 - reader cost: 7.3186e-05
306/348 [=========================>....] - ETA: 0s - batch_cost: 0.0177 - reader cost: 7.2468e-05
309/348 [=========================>....] - ETA: 0s - batch_cost: 0.0178 - reader cost: 7.5004e-05
312/348 [=========================>....] - ETA: 0s - batch_cost: 0.0178 - reader cost: 7.4283e-05
315/348 [==========================>...] - ETA: 0s - batch_cost: 0.0178 - reader cost: 7.3575e-05
318/348 [==========================>...] - ETA: 0s - batch_cost: 0.0179 - reader cost: 7.6051e-05
321/348 [==========================>...] - ETA: 0s - batch_cost: 0.0179 - reader cost: 7.5340e-05
324/348 [==========================>...] - ETA: 0s - batch_cost: 0.0179 - reader cost: 7.4643e-05
327/348 [===========================>..] - ETA: 0s - batch_cost: 0.0179 - reader cost: 7.3958e-05
330/348 [===========================>..] - ETA: 0s - batch_cost: 0.0180 - reader cost: 7.3286e-05
333/348 [===========================>..] - ETA: 0s - batch_cost: 0.0180 - reader cost: 7.8644e-05
336/348 [===========================>..] - ETA: 0s - batch_cost: 0.0181 - reader cost: 7.7942e-05
339/348 [============================>.] - ETA: 0s - batch_cost: 0.0181 - reader cost: 7.7253e-05
342/348 [============================>.] - ETA: 0s - batch_cost: 0.0181 - reader cost: 7.9472e-05
345/348 [============================>.] - ETA: 0s - batch_cost: 0.0182 - reader cost: 7.8781e-05
348/348 [==============================] - 6s 18ms/step - batch_cost: 0.0182 - reader cost: 7.8102e-05

  1/348 [..............................] - ETA: 13s - batch_cost: 0.0397 - reader cost: 0.0156
  4/348 [..............................] - ETA: 9s - batch_cost: 0.0263 - reader cost: 0.0039 
  7/348 [..............................] - ETA: 7s - batch_cost: 0.0233 - reader cost: 0.0022
 10/348 [..............................] - ETA: 7s - batch_cost: 0.0215 - reader cost: 0.0016
 13/348 [>.............................] - ETA: 7s - batch_cost: 0.0210 - reader cost: 0.0012
 16/348 [>.............................] - ETA: 6s - batch_cost: 0.0207 - reader cost: 9.7494e-04
 19/348 [>.............................] - ETA: 6s - batch_cost: 0.0206 - reader cost: 8.2100e-04
 22/348 [>.............................] - ETA: 6s - batch_cost: 0.0202 - reader cost: 7.0905e-04
 25/348 [=>............................] - ETA: 6s - batch_cost: 0.0201 - reader cost: 6.2396e-04
 28/348 [=>............................] - ETA: 6s - batch_cost: 0.0199 - reader cost: 5.9278e-04
 31/348 [=>............................] - ETA: 6s - batch_cost: 0.0199 - reader cost: 5.3541e-04
 34/348 [=>............................] - ETA: 6s - batch_cost: 0.0197 - reader cost: 4.8817e-04
 37/348 [==>...........................] - ETA: 6s - batch_cost: 0.0197 - reader cost: 5.0263e-04
 40/348 [==>...........................] - ETA: 6s - batch_cost: 0.0197 - reader cost: 4.8987e-04
 43/348 [==>...........................] - ETA: 6s - batch_cost: 0.0197 - reader cost: 4.5570e-04
 46/348 [==>...........................] - ETA: 5s - batch_cost: 0.0198 - reader cost: 4.2598e-04
 49/348 [===>..........................] - ETA: 5s - batch_cost: 0.0197 - reader cost: 3.9990e-04
 52/348 [===>..........................] - ETA: 5s - batch_cost: 0.0197 - reader cost: 3.7683e-04
 55/348 [===>..........................] - ETA: 5s - batch_cost: 0.0197 - reader cost: 3.5627e-04
 58/348 [====>.........................] - ETA: 5s - batch_cost: 0.0196 - reader cost: 3.6395e-04
 61/348 [====>.........................] - ETA: 5s - batch_cost: 0.0198 - reader cost: 3.4605e-04
 64/348 [====>.........................] - ETA: 5s - batch_cost: 0.0199 - reader cost: 3.2983e-04
 67/348 [====>.........................] - ETA: 5s - batch_cost: 0.0200 - reader cost: 3.1506e-04
 70/348 [=====>........................] - ETA: 5s - batch_cost: 0.0201 - reader cost: 3.0156e-04
 73/348 [=====>........................] - ETA: 5s - batch_cost: 0.0201 - reader cost: 2.8917e-04
 76/348 [=====>........................] - ETA: 5s - batch_cost: 0.0201 - reader cost: 2.7775e-04
 79/348 [=====>........................] - ETA: 5s - batch_cost: 0.0201 - reader cost: 2.6720e-04
 82/348 [======>.......................] - ETA: 5s - batch_cost: 0.0201 - reader cost: 2.6965e-04
 85/348 [======>.......................] - ETA: 5s - batch_cost: 0.0200 - reader cost: 2.6014e-04
 88/348 [======>.......................] - ETA: 5s - batch_cost: 0.0199 - reader cost: 2.5127e-04
 92/348 [======>.......................] - ETA: 5s - batch_cost: 0.0197 - reader cost: 2.4034e-04
 95/348 [=======>......................] - ETA: 4s - batch_cost: 0.0196 - reader cost: 2.3275e-04
 98/348 [=======>......................] - ETA: 4s - batch_cost: 0.0196 - reader cost: 2.2563e-04
102/348 [=======>......................] - ETA: 4s - batch_cost: 0.0193 - reader cost: 2.1678e-04
105/348 [========>.....................] - ETA: 4s - batch_cost: 0.0193 - reader cost: 2.1059e-04
108/348 [========>.....................] - ETA: 4s - batch_cost: 0.0193 - reader cost: 2.1402e-04
111/348 [========>.....................] - ETA: 4s - batch_cost: 0.0192 - reader cost: 2.0824e-04
114/348 [========>.....................] - ETA: 4s - batch_cost: 0.0192 - reader cost: 2.0276e-04
117/348 [=========>....................] - ETA: 4s - batch_cost: 0.0192 - reader cost: 1.9756e-04
120/348 [=========>....................] - ETA: 4s - batch_cost: 0.0192 - reader cost: 1.9262e-04
123/348 [=========>....................] - ETA: 4s - batch_cost: 0.0192 - reader cost: 1.8792e-04
126/348 [=========>....................] - ETA: 4s - batch_cost: 0.0191 - reader cost: 1.8758e-04
129/348 [==========>...................] - ETA: 4s - batch_cost: 0.0191 - reader cost: 1.9097e-04
132/348 [==========>...................] - ETA: 4s - batch_cost: 0.0191 - reader cost: 1.8663e-04
136/348 [==========>...................] - ETA: 4s - batch_cost: 0.0190 - reader cost: 1.8114e-04
140/348 [===========>..................] - ETA: 3s - batch_cost: 0.0189 - reader cost: 1.7596e-04
144/348 [===========>..................] - ETA: 3s - batch_cost: 0.0189 - reader cost: 1.7459e-04
148/348 [===========>..................] - ETA: 3s - batch_cost: 0.0188 - reader cost: 1.6987e-04
152/348 [============>.................] - ETA: 3s - batch_cost: 0.0187 - reader cost: 1.6540e-04
155/348 [============>.................] - ETA: 3s - batch_cost: 0.0187 - reader cost: 1.6220e-04
158/348 [============>.................] - ETA: 3s - batch_cost: 0.0187 - reader cost: 1.5912e-04
161/348 [============>.................] - ETA: 3s - batch_cost: 0.0187 - reader cost: 1.6239e-04
165/348 [=============>................] - ETA: 3s - batch_cost: 0.0186 - reader cost: 1.5845e-04
168/348 [=============>................] - ETA: 3s - batch_cost: 0.0186 - reader cost: 1.5562e-04
172/348 [=============>................] - ETA: 3s - batch_cost: 0.0185 - reader cost: 1.6111e-04
175/348 [==============>...............] - ETA: 3s - batch_cost: 0.0185 - reader cost: 1.6696e-04
178/348 [==============>...............] - ETA: 3s - batch_cost: 0.0185 - reader cost: 1.6414e-04
181/348 [==============>...............] - ETA: 3s - batch_cost: 0.0185 - reader cost: 1.6142e-04
184/348 [==============>...............] - ETA: 3s - batch_cost: 0.0185 - reader cost: 1.5879e-04
187/348 [===============>..............] - ETA: 2s - batch_cost: 0.0185 - reader cost: 1.5624e-04
190/348 [===============>..............] - ETA: 2s - batch_cost: 0.0185 - reader cost: 1.5377e-04
193/348 [===============>..............] - ETA: 2s - batch_cost: 0.0185 - reader cost: 1.5138e-04
197/348 [===============>..............] - ETA: 2s - batch_cost: 0.0184 - reader cost: 1.4831e-04
200/348 [================>.............] - ETA: 2s - batch_cost: 0.0184 - reader cost: 1.4609e-04
203/348 [================>.............] - ETA: 2s - batch_cost: 0.0184 - reader cost: 1.4393e-04
206/348 [================>.............] - ETA: 2s - batch_cost: 0.0184 - reader cost: 1.4183e-04
210/348 [=================>............] - ETA: 2s - batch_cost: 0.0183 - reader cost: 1.3913e-04
213/348 [=================>............] - ETA: 2s - batch_cost: 0.0183 - reader cost: 1.4189e-04
216/348 [=================>............] - ETA: 2s - batch_cost: 0.0183 - reader cost: 1.3992e-04
219/348 [=================>............] - ETA: 2s - batch_cost: 0.0184 - reader cost: 1.3800e-04
222/348 [==================>...........] - ETA: 2s - batch_cost: 0.0184 - reader cost: 1.3613e-04
225/348 [==================>...........] - ETA: 2s - batch_cost: 0.0184 - reader cost: 1.3432e-04
228/348 [==================>...........] - ETA: 2s - batch_cost: 0.0184 - reader cost: 1.3255e-04
232/348 [===================>..........] - ETA: 2s - batch_cost: 0.0184 - reader cost: 1.3027e-04
235/348 [===================>..........] - ETA: 2s - batch_cost: 0.0184 - reader cost: 1.2860e-04
239/348 [===================>..........] - ETA: 2s - batch_cost: 0.0184 - reader cost: 1.2645e-04
243/348 [===================>..........] - ETA: 1s - batch_cost: 0.0183 - reader cost: 1.2437e-04
246/348 [====================>.........] - ETA: 1s - batch_cost: 0.0183 - reader cost: 1.2285e-04
250/348 [====================>.........] - ETA: 1s - batch_cost: 0.0183 - reader cost: 1.2089e-04
253/348 [====================>.........] - ETA: 1s - batch_cost: 0.0183 - reader cost: 1.2339e-04
257/348 [=====================>........] - ETA: 1s - batch_cost: 0.0182 - reader cost: 1.2147e-04
260/348 [=====================>........] - ETA: 1s - batch_cost: 0.0182 - reader cost: 1.2007e-04
263/348 [=====================>........] - ETA: 1s - batch_cost: 0.0182 - reader cost: 1.1870e-04
266/348 [=====================>........] - ETA: 1s - batch_cost: 0.0182 - reader cost: 1.1736e-04
270/348 [======================>.......] - ETA: 1s - batch_cost: 0.0181 - reader cost: 1.1562e-04
274/348 [======================>.......] - ETA: 1s - batch_cost: 0.0181 - reader cost: 1.1393e-04
278/348 [======================>.......] - ETA: 1s - batch_cost: 0.0180 - reader cost: 1.1229e-04
282/348 [=======================>......] - ETA: 1s - batch_cost: 0.0180 - reader cost: 1.1070e-04
286/348 [=======================>......] - ETA: 1s - batch_cost: 0.0180 - reader cost: 1.0915e-04
290/348 [========================>.....] - ETA: 1s - batch_cost: 0.0180 - reader cost: 1.0765e-04
293/348 [========================>.....] - ETA: 0s - batch_cost: 0.0180 - reader cost: 1.0654e-04
296/348 [========================>.....] - ETA: 0s - batch_cost: 0.0180 - reader cost: 1.0546e-04
299/348 [========================>.....] - ETA: 0s - batch_cost: 0.0180 - reader cost: 1.0441e-04
302/348 [=========================>....] - ETA: 0s - batch_cost: 0.0180 - reader cost: 1.0504e-04
305/348 [=========================>....] - ETA: 0s - batch_cost: 0.0180 - reader cost: 1.0401e-04
308/348 [=========================>....] - ETA: 0s - batch_cost: 0.0180 - reader cost: 1.0626e-04
311/348 [=========================>....] - ETA: 0s - batch_cost: 0.0180 - reader cost: 1.0524e-04
314/348 [==========================>...] - ETA: 0s - batch_cost: 0.0180 - reader cost: 1.0423e-04
318/348 [==========================>...] - ETA: 0s - batch_cost: 0.0180 - reader cost: 1.0292e-04
321/348 [==========================>...] - ETA: 0s - batch_cost: 0.0181 - reader cost: 1.0196e-04
324/348 [==========================>...] - ETA: 0s - batch_cost: 0.0180 - reader cost: 1.0261e-04
328/348 [===========================>..] - ETA: 0s - batch_cost: 0.0180 - reader cost: 1.0136e-04
331/348 [===========================>..] - ETA: 0s - batch_cost: 0.0180 - reader cost: 1.0044e-04
334/348 [===========================>..] - ETA: 0s - batch_cost: 0.0180 - reader cost: 9.9542e-05
337/348 [============================>.] - ETA: 0s - batch_cost: 0.0181 - reader cost: 9.8656e-05
340/348 [============================>.] - ETA: 0s - batch_cost: 0.0181 - reader cost: 9.7785e-05
343/348 [============================>.] - ETA: 0s - batch_cost: 0.0181 - reader cost: 9.6930e-05
346/348 [============================>.] - ETA: 0s - batch_cost: 0.0181 - reader cost: 9.6090e-05
348/348 [==============================] - 6s 18ms/step - batch_cost: 0.0181 - reader cost: 9.5537e-05

  1/348 [..............................] - ETA: 6s - batch_cost: 0.0200 - reader cost: 0.0065
  5/348 [..............................] - ETA: 5s - batch_cost: 0.0151 - reader cost: 0.0013
  9/348 [..............................] - ETA: 4s - batch_cost: 0.0145 - reader cost: 7.2593e-04
 13/348 [>.............................] - ETA: 4s - batch_cost: 0.0138 - reader cost: 5.0257e-04
 17/348 [>.............................] - ETA: 4s - batch_cost: 0.0139 - reader cost: 3.8432e-04
 21/348 [>.............................] - ETA: 4s - batch_cost: 0.0139 - reader cost: 3.1111e-04
 25/348 [=>............................] - ETA: 4s - batch_cost: 0.0138 - reader cost: 2.6134e-04
 29/348 [=>............................] - ETA: 4s - batch_cost: 0.0141 - reader cost: 2.2529e-04
 33/348 [=>............................] - ETA: 4s - batch_cost: 0.0141 - reader cost: 1.9798e-04
 37/348 [==>...........................] - ETA: 4s - batch_cost: 0.0142 - reader cost: 2.0374e-04
 41/348 [==>...........................] - ETA: 4s - batch_cost: 0.0141 - reader cost: 1.8386e-04
 45/348 [==>...........................] - ETA: 4s - batch_cost: 0.0140 - reader cost: 1.6752e-04
 49/348 [===>..........................] - ETA: 4s - batch_cost: 0.0139 - reader cost: 1.5384e-04
 53/348 [===>..........................] - ETA: 4s - batch_cost: 0.0139 - reader cost: 1.4223e-04
 57/348 [===>..........................] - ETA: 4s - batch_cost: 0.0138 - reader cost: 1.3225e-04
 62/348 [====>.........................] - ETA: 3s - batch_cost: 0.0137 - reader cost: 1.2159e-04
 66/348 [====>.........................] - ETA: 3s - batch_cost: 0.0137 - reader cost: 1.1422e-04
 70/348 [=====>........................] - ETA: 3s - batch_cost: 0.0138 - reader cost: 1.0769e-04
 74/348 [=====>........................] - ETA: 3s - batch_cost: 0.0137 - reader cost: 1.0187e-04
 78/348 [=====>........................] - ETA: 3s - batch_cost: 0.0138 - reader cost: 1.0946e-04
 82/348 [======>.......................] - ETA: 3s - batch_cost: 0.0138 - reader cost: 1.0412e-04
 86/348 [======>.......................] - ETA: 3s - batch_cost: 0.0138 - reader cost: 9.9274e-05
 90/348 [======>.......................] - ETA: 3s - batch_cost: 0.0138 - reader cost: 9.4861e-05
 94/348 [=======>......................] - ETA: 3s - batch_cost: 0.0138 - reader cost: 9.0825e-05
 98/348 [=======>......................] - ETA: 3s - batch_cost: 0.0138 - reader cost: 8.7118e-05
102/348 [=======>......................] - ETA: 3s - batch_cost: 0.0138 - reader cost: 8.3701e-05
106/348 [========>.....................] - ETA: 3s - batch_cost: 0.0138 - reader cost: 8.9983e-05
110/348 [========>.....................] - ETA: 3s - batch_cost: 0.0138 - reader cost: 8.6711e-05
114/348 [========>.....................] - ETA: 3s - batch_cost: 0.0137 - reader cost: 8.3668e-05
118/348 [=========>....................] - ETA: 3s - batch_cost: 0.0137 - reader cost: 8.0832e-05
122/348 [=========>....................] - ETA: 3s - batch_cost: 0.0137 - reader cost: 7.8182e-05
126/348 [=========>....................] - ETA: 3s - batch_cost: 0.0137 - reader cost: 7.5700e-05
130/348 [==========>...................] - ETA: 2s - batch_cost: 0.0137 - reader cost: 7.3371e-05
134/348 [==========>...................] - ETA: 2s - batch_cost: 0.0136 - reader cost: 7.1180e-05
138/348 [==========>...................] - ETA: 2s - batch_cost: 0.0136 - reader cost: 6.9117e-05
142/348 [===========>..................] - ETA: 2s - batch_cost: 0.0136 - reader cost: 6.7170e-05
146/348 [===========>..................] - ETA: 2s - batch_cost: 0.0136 - reader cost: 6.5330e-05
150/348 [===========>..................] - ETA: 2s - batch_cost: 0.0136 - reader cost: 6.3588e-05
154/348 [============>.................] - ETA: 2s - batch_cost: 0.0136 - reader cost: 6.1936e-05
158/348 [============>.................] - ETA: 2s - batch_cost: 0.0135 - reader cost: 6.0368e-05
162/348 [============>.................] - ETA: 2s - batch_cost: 0.0136 - reader cost: 5.8878e-05
166/348 [=============>................] - ETA: 2s - batch_cost: 0.0136 - reader cost: 5.7459e-05
170/348 [=============>................] - ETA: 2s - batch_cost: 0.0136 - reader cost: 6.1982e-05
174/348 [==============>...............] - ETA: 2s - batch_cost: 0.0136 - reader cost: 6.0557e-05
178/348 [==============>...............] - ETA: 2s - batch_cost: 0.0136 - reader cost: 5.9196e-05
182/348 [==============>...............] - ETA: 2s - batch_cost: 0.0136 - reader cost: 6.3364e-05
186/348 [===============>..............] - ETA: 2s - batch_cost: 0.0136 - reader cost: 6.2002e-05
190/348 [===============>..............] - ETA: 2s - batch_cost: 0.0135 - reader cost: 6.0696e-05
194/348 [===============>..............] - ETA: 2s - batch_cost: 0.0135 - reader cost: 5.9445e-05
198/348 [================>.............] - ETA: 2s - batch_cost: 0.0135 - reader cost: 5.8244e-05
202/348 [================>.............] - ETA: 1s - batch_cost: 0.0135 - reader cost: 5.7091e-05
206/348 [================>.............] - ETA: 1s - batch_cost: 0.0135 - reader cost: 5.5982e-05
210/348 [=================>............] - ETA: 1s - batch_cost: 0.0135 - reader cost: 5.4916e-05
214/348 [=================>............] - ETA: 1s - batch_cost: 0.0135 - reader cost: 5.3889e-05
218/348 [=================>............] - ETA: 1s - batch_cost: 0.0135 - reader cost: 5.2900e-05
222/348 [==================>...........] - ETA: 1s - batch_cost: 0.0135 - reader cost: 5.1947e-05
226/348 [==================>...........] - ETA: 1s - batch_cost: 0.0135 - reader cost: 5.1028e-05
230/348 [==================>...........] - ETA: 1s - batch_cost: 0.0135 - reader cost: 5.0140e-05
234/348 [===================>..........] - ETA: 1s - batch_cost: 0.0135 - reader cost: 4.9283e-05
238/348 [===================>..........] - ETA: 1s - batch_cost: 0.0135 - reader cost: 4.8455e-05
242/348 [===================>..........] - ETA: 1s - batch_cost: 0.0135 - reader cost: 5.1792e-05
246/348 [====================>.........] - ETA: 1s - batch_cost: 0.0135 - reader cost: 5.0950e-05
250/348 [====================>.........] - ETA: 1s - batch_cost: 0.0135 - reader cost: 5.4179e-05
255/348 [====================>.........] - ETA: 1s - batch_cost: 0.0135 - reader cost: 5.3117e-05
259/348 [=====================>........] - ETA: 1s - batch_cost: 0.0135 - reader cost: 5.2297e-05
263/348 [=====================>........] - ETA: 1s - batch_cost: 0.0135 - reader cost: 5.1501e-05
267/348 [======================>.......] - ETA: 1s - batch_cost: 0.0135 - reader cost: 5.0730e-05
272/348 [======================>.......] - ETA: 1s - batch_cost: 0.0134 - reader cost: 4.9797e-05
276/348 [======================>.......] - ETA: 0s - batch_cost: 0.0134 - reader cost: 4.9075e-05
280/348 [=======================>......] - ETA: 0s - batch_cost: 0.0135 - reader cost: 4.8374e-05
284/348 [=======================>......] - ETA: 0s - batch_cost: 0.0134 - reader cost: 4.7693e-05
288/348 [=======================>......] - ETA: 0s - batch_cost: 0.0134 - reader cost: 5.0505e-05
292/348 [========================>.....] - ETA: 0s - batch_cost: 0.0134 - reader cost: 4.9813e-05
296/348 [========================>.....] - ETA: 0s - batch_cost: 0.0134 - reader cost: 5.2539e-05
300/348 [========================>.....] - ETA: 0s - batch_cost: 0.0134 - reader cost: 5.1839e-05
304/348 [=========================>....] - ETA: 0s - batch_cost: 0.0134 - reader cost: 5.4446e-05
308/348 [=========================>....] - ETA: 0s - batch_cost: 0.0134 - reader cost: 5.3739e-05
312/348 [=========================>....] - ETA: 0s - batch_cost: 0.0134 - reader cost: 5.3050e-05
316/348 [==========================>...] - ETA: 0s - batch_cost: 0.0134 - reader cost: 5.2378e-05
320/348 [==========================>...] - ETA: 0s - batch_cost: 0.0134 - reader cost: 5.1723e-05
324/348 [==========================>...] - ETA: 0s - batch_cost: 0.0134 - reader cost: 5.1085e-05
328/348 [===========================>..] - ETA: 0s - batch_cost: 0.0134 - reader cost: 5.0462e-05
332/348 [===========================>..] - ETA: 0s - batch_cost: 0.0134 - reader cost: 4.9854e-05
336/348 [===========================>..] - ETA: 0s - batch_cost: 0.0135 - reader cost: 4.9260e-05
340/348 [============================>.] - ETA: 0s - batch_cost: 0.0135 - reader cost: 4.8681e-05
344/348 [============================>.] - ETA: 0s - batch_cost: 0.0135 - reader cost: 4.8115e-05
348/348 [==============================] - 5s 14ms/step - batch_cost: 0.0135 - reader cost: 4.7562e-05

  1/348 [..............................] - ETA: 6s - batch_cost: 0.0198 - reader cost: 0.0078
  5/348 [..............................] - ETA: 5s - batch_cost: 0.0147 - reader cost: 0.0018
  9/348 [..............................] - ETA: 4s - batch_cost: 0.0141 - reader cost: 9.8170e-04
 13/348 [>.............................] - ETA: 4s - batch_cost: 0.0140 - reader cost: 6.7964e-04
 17/348 [>.............................] - ETA: 4s - batch_cost: 0.0139 - reader cost: 5.1972e-04
 21/348 [>.............................] - ETA: 4s - batch_cost: 0.0137 - reader cost: 4.6830e-04
 25/348 [=>............................] - ETA: 4s - batch_cost: 0.0136 - reader cost: 4.3299e-04
 29/348 [=>............................] - ETA: 4s - batch_cost: 0.0135 - reader cost: 4.0770e-04
 33/348 [=>............................] - ETA: 4s - batch_cost: 0.0135 - reader cost: 3.5829e-04
 37/348 [==>...........................] - ETA: 4s - batch_cost: 0.0134 - reader cost: 3.1955e-04
 41/348 [==>...........................] - ETA: 4s - batch_cost: 0.0133 - reader cost: 2.8838e-04
 45/348 [==>...........................] - ETA: 4s - batch_cost: 0.0134 - reader cost: 2.6274e-04
 49/348 [===>..........................] - ETA: 4s - batch_cost: 0.0133 - reader cost: 2.4129e-04
 53/348 [===>..........................] - ETA: 3s - batch_cost: 0.0133 - reader cost: 2.2308e-04
 57/348 [===>..........................] - ETA: 3s - batch_cost: 0.0134 - reader cost: 2.0743e-04
 61/348 [====>.........................] - ETA: 3s - batch_cost: 0.0134 - reader cost: 2.1023e-04
 65/348 [====>.........................] - ETA: 3s - batch_cost: 0.0134 - reader cost: 1.9729e-04
 69/348 [====>.........................] - ETA: 3s - batch_cost: 0.0135 - reader cost: 1.8586e-04
 73/348 [=====>........................] - ETA: 3s - batch_cost: 0.0135 - reader cost: 1.7567e-04
 77/348 [=====>........................] - ETA: 3s - batch_cost: 0.0136 - reader cost: 1.6655e-04
 81/348 [=====>........................] - ETA: 3s - batch_cost: 0.0136 - reader cost: 1.5832e-04
 85/348 [======>.......................] - ETA: 3s - batch_cost: 0.0136 - reader cost: 1.5087e-04
 89/348 [======>.......................] - ETA: 3s - batch_cost: 0.0136 - reader cost: 1.5519e-04
 93/348 [=======>......................] - ETA: 3s - batch_cost: 0.0136 - reader cost: 1.4851e-04
 97/348 [=======>......................] - ETA: 3s - batch_cost: 0.0136 - reader cost: 1.4239e-04
101/348 [=======>......................] - ETA: 3s - batch_cost: 0.0135 - reader cost: 1.3675e-04
105/348 [========>.....................] - ETA: 3s - batch_cost: 0.0135 - reader cost: 1.3154e-04
109/348 [========>.....................] - ETA: 3s - batch_cost: 0.0135 - reader cost: 1.3148e-04
113/348 [========>.....................] - ETA: 3s - batch_cost: 0.0135 - reader cost: 1.2682e-04
117/348 [=========>....................] - ETA: 3s - batch_cost: 0.0135 - reader cost: 1.3101e-04
121/348 [=========>....................] - ETA: 3s - batch_cost: 0.0135 - reader cost: 1.2668e-04
125/348 [=========>....................] - ETA: 3s - batch_cost: 0.0135 - reader cost: 1.2262e-04
129/348 [==========>...................] - ETA: 2s - batch_cost: 0.0135 - reader cost: 1.1882e-04
133/348 [==========>...................] - ETA: 2s - batch_cost: 0.0134 - reader cost: 1.1525e-04
137/348 [==========>...................] - ETA: 2s - batch_cost: 0.0135 - reader cost: 1.1188e-04
141/348 [===========>..................] - ETA: 2s - batch_cost: 0.0134 - reader cost: 1.0871e-04
145/348 [===========>..................] - ETA: 2s - batch_cost: 0.0134 - reader cost: 1.0571e-04
149/348 [===========>..................] - ETA: 2s - batch_cost: 0.0134 - reader cost: 1.0287e-04
153/348 [============>.................] - ETA: 2s - batch_cost: 0.0134 - reader cost: 1.0018e-04
157/348 [============>.................] - ETA: 2s - batch_cost: 0.0134 - reader cost: 9.7630e-05
161/348 [============>.................] - ETA: 2s - batch_cost: 0.0134 - reader cost: 1.0758e-04
165/348 [=============>................] - ETA: 2s - batch_cost: 0.0134 - reader cost: 1.0497e-04
169/348 [=============>................] - ETA: 2s - batch_cost: 0.0134 - reader cost: 1.0249e-04
173/348 [=============>................] - ETA: 2s - batch_cost: 0.0134 - reader cost: 1.0595e-04
177/348 [==============>...............] - ETA: 2s - batch_cost: 0.0134 - reader cost: 1.0355e-04
181/348 [==============>...............] - ETA: 2s - batch_cost: 0.0134 - reader cost: 1.0127e-04
185/348 [==============>...............] - ETA: 2s - batch_cost: 0.0134 - reader cost: 9.9076e-05
189/348 [===============>..............] - ETA: 2s - batch_cost: 0.0133 - reader cost: 9.6980e-05
193/348 [===============>..............] - ETA: 2s - batch_cost: 0.0133 - reader cost: 9.4970e-05
197/348 [===============>..............] - ETA: 2s - batch_cost: 0.0133 - reader cost: 9.3041e-05
201/348 [================>.............] - ETA: 1s - batch_cost: 0.0133 - reader cost: 9.1190e-05
205/348 [================>.............] - ETA: 1s - batch_cost: 0.0134 - reader cost: 9.4292e-05
209/348 [=================>............] - ETA: 1s - batch_cost: 0.0134 - reader cost: 9.2487e-05
213/348 [=================>............] - ETA: 1s - batch_cost: 0.0134 - reader cost: 9.0750e-05
217/348 [=================>............] - ETA: 1s - batch_cost: 0.0134 - reader cost: 8.9077e-05
221/348 [==================>...........] - ETA: 1s - batch_cost: 0.0134 - reader cost: 9.2003e-05
225/348 [==================>...........] - ETA: 1s - batch_cost: 0.0134 - reader cost: 9.0367e-05
229/348 [==================>...........] - ETA: 1s - batch_cost: 0.0134 - reader cost: 8.8789e-05
233/348 [===================>..........] - ETA: 1s - batch_cost: 0.0134 - reader cost: 8.7264e-05
237/348 [===================>..........] - ETA: 1s - batch_cost: 0.0134 - reader cost: 8.5791e-05
241/348 [===================>..........] - ETA: 1s - batch_cost: 0.0133 - reader cost: 8.8517e-05
245/348 [====================>.........] - ETA: 1s - batch_cost: 0.0134 - reader cost: 9.1122e-05
249/348 [====================>.........] - ETA: 1s - batch_cost: 0.0134 - reader cost: 8.9658e-05
253/348 [====================>.........] - ETA: 1s - batch_cost: 0.0133 - reader cost: 8.8240e-05
257/348 [=====================>........] - ETA: 1s - batch_cost: 0.0134 - reader cost: 8.6867e-05
261/348 [=====================>........] - ETA: 1s - batch_cost: 0.0134 - reader cost: 8.5536e-05
265/348 [=====================>........] - ETA: 1s - batch_cost: 0.0134 - reader cost: 8.4245e-05
269/348 [======================>.......] - ETA: 1s - batch_cost: 0.0134 - reader cost: 8.2992e-05
273/348 [======================>.......] - ETA: 1s - batch_cost: 0.0134 - reader cost: 8.1776e-05
277/348 [======================>.......] - ETA: 0s - batch_cost: 0.0134 - reader cost: 8.4199e-05
281/348 [=======================>......] - ETA: 0s - batch_cost: 0.0134 - reader cost: 8.3000e-05
285/348 [=======================>......] - ETA: 0s - batch_cost: 0.0134 - reader cost: 8.1835e-05
289/348 [=======================>......] - ETA: 0s - batch_cost: 0.0134 - reader cost: 8.0703e-05
293/348 [========================>.....] - ETA: 0s - batch_cost: 0.0134 - reader cost: 8.6474e-05
297/348 [========================>.....] - ETA: 0s - batch_cost: 0.0134 - reader cost: 8.8684e-05
301/348 [========================>.....] - ETA: 0s - batch_cost: 0.0133 - reader cost: 8.7506e-05
305/348 [=========================>....] - ETA: 0s - batch_cost: 0.0133 - reader cost: 8.6358e-05
309/348 [=========================>....] - ETA: 0s - batch_cost: 0.0133 - reader cost: 8.8497e-05
313/348 [=========================>....] - ETA: 0s - batch_cost: 0.0133 - reader cost: 8.7366e-05
318/348 [==========================>...] - ETA: 0s - batch_cost: 0.0133 - reader cost: 8.5992e-05
322/348 [==========================>...] - ETA: 0s - batch_cost: 0.0133 - reader cost: 8.4924e-05
326/348 [===========================>..] - ETA: 0s - batch_cost: 0.0133 - reader cost: 8.3882e-05
330/348 [===========================>..] - ETA: 0s - batch_cost: 0.0133 - reader cost: 8.2865e-05
334/348 [===========================>..] - ETA: 0s - batch_cost: 0.0133 - reader cost: 8.1873e-05
338/348 [============================>.] - ETA: 0s - batch_cost: 0.0134 - reader cost: 8.0904e-05
342/348 [============================>.] - ETA: 0s - batch_cost: 0.0134 - reader cost: 7.9957e-05
346/348 [============================>.] - ETA: 0s - batch_cost: 0.0134 - reader cost: 7.9033e-05
348/348 [==============================] - 5s 13ms/step - batch_cost: 0.0134 - reader cost: 7.8579e-05

  1/348 [..............................] - ETA: 7s - batch_cost: 0.0225 - reader cost: 0.0070
  5/348 [..............................] - ETA: 5s - batch_cost: 0.0156 - reader cost: 0.0014
  9/348 [..............................] - ETA: 5s - batch_cost: 0.0155 - reader cost: 7.7703e-04
 13/348 [>.............................] - ETA: 5s - batch_cost: 0.0150 - reader cost: 5.3795e-04
 17/348 [>.............................] - ETA: 4s - batch_cost: 0.0147 - reader cost: 4.1137e-04
 21/348 [>.............................] - ETA: 4s - batch_cost: 0.0146 - reader cost: 3.3301e-04
 25/348 [=>............................] - ETA: 4s - batch_cost: 0.0145 - reader cost: 2.7973e-04
 29/348 [=>............................] - ETA: 4s - batch_cost: 0.0143 - reader cost: 2.7604e-04
 33/348 [=>............................] - ETA: 4s - batch_cost: 0.0142 - reader cost: 2.4258e-04
 37/348 [==>...........................] - ETA: 4s - batch_cost: 0.0140 - reader cost: 2.1636e-04
 41/348 [==>...........................] - ETA: 4s - batch_cost: 0.0140 - reader cost: 2.0813e-04
 45/348 [==>...........................] - ETA: 4s - batch_cost: 0.0140 - reader cost: 2.1184e-04
 49/348 [===>..........................] - ETA: 4s - batch_cost: 0.0140 - reader cost: 1.9455e-04
 53/348 [===>..........................] - ETA: 4s - batch_cost: 0.0139 - reader cost: 1.7987e-04
 57/348 [===>..........................] - ETA: 4s - batch_cost: 0.0138 - reader cost: 1.6724e-04
 61/348 [====>.........................] - ETA: 3s - batch_cost: 0.0138 - reader cost: 1.5628e-04
 65/348 [====>.........................] - ETA: 3s - batch_cost: 0.0137 - reader cost: 1.4666e-04
 69/348 [====>.........................] - ETA: 3s - batch_cost: 0.0137 - reader cost: 1.3816e-04
 74/348 [=====>........................] - ETA: 3s - batch_cost: 0.0137 - reader cost: 1.2882e-04
 78/348 [=====>........................] - ETA: 3s - batch_cost: 0.0136 - reader cost: 1.2222e-04
 82/348 [======>.......................] - ETA: 3s - batch_cost: 0.0136 - reader cost: 1.1626e-04
 86/348 [======>.......................] - ETA: 3s - batch_cost: 0.0136 - reader cost: 1.1085e-04
 91/348 [======>.......................] - ETA: 3s - batch_cost: 0.0135 - reader cost: 1.0476e-04
 95/348 [=======>......................] - ETA: 3s - batch_cost: 0.0135 - reader cost: 1.0035e-04
 99/348 [=======>......................] - ETA: 3s - batch_cost: 0.0135 - reader cost: 9.6292e-05
103/348 [=======>......................] - ETA: 3s - batch_cost: 0.0135 - reader cost: 9.2553e-05
107/348 [========>.....................] - ETA: 3s - batch_cost: 0.0135 - reader cost: 8.9093e-05
111/348 [========>.....................] - ETA: 3s - batch_cost: 0.0135 - reader cost: 9.0459e-05
115/348 [========>.....................] - ETA: 3s - batch_cost: 0.0135 - reader cost: 8.7313e-05
119/348 [=========>....................] - ETA: 3s - batch_cost: 0.0135 - reader cost: 8.4378e-05
123/348 [=========>....................] - ETA: 3s - batch_cost: 0.0135 - reader cost: 8.1634e-05
127/348 [=========>....................] - ETA: 2s - batch_cost: 0.0135 - reader cost: 7.9063e-05
131/348 [==========>...................] - ETA: 2s - batch_cost: 0.0135 - reader cost: 7.6649e-05
135/348 [==========>...................] - ETA: 2s - batch_cost: 0.0135 - reader cost: 8.1868e-05
139/348 [==========>...................] - ETA: 2s - batch_cost: 0.0135 - reader cost: 7.9512e-05
143/348 [===========>..................] - ETA: 2s - batch_cost: 0.0134 - reader cost: 7.7288e-05
147/348 [===========>..................] - ETA: 2s - batch_cost: 0.0135 - reader cost: 7.5185e-05
151/348 [============>.................] - ETA: 2s - batch_cost: 0.0134 - reader cost: 7.9832e-05
155/348 [============>.................] - ETA: 2s - batch_cost: 0.0134 - reader cost: 7.7772e-05
159/348 [============>.................] - ETA: 2s - batch_cost: 0.0135 - reader cost: 7.5816e-05
163/348 [=============>................] - ETA: 2s - batch_cost: 0.0135 - reader cost: 7.3955e-05
167/348 [=============>................] - ETA: 2s - batch_cost: 0.0134 - reader cost: 7.2184e-05
171/348 [=============>................] - ETA: 2s - batch_cost: 0.0134 - reader cost: 7.0495e-05
176/348 [==============>...............] - ETA: 2s - batch_cost: 0.0134 - reader cost: 6.8493e-05
180/348 [==============>...............] - ETA: 2s - batch_cost: 0.0134 - reader cost: 6.6970e-05
184/348 [==============>...............] - ETA: 2s - batch_cost: 0.0134 - reader cost: 6.5515e-05
188/348 [===============>..............] - ETA: 2s - batch_cost: 0.0134 - reader cost: 6.4121e-05
192/348 [===============>..............] - ETA: 2s - batch_cost: 0.0134 - reader cost: 6.7993e-05
196/348 [===============>..............] - ETA: 2s - batch_cost: 0.0134 - reader cost: 6.6605e-05
200/348 [================>.............] - ETA: 1s - batch_cost: 0.0134 - reader cost: 6.5273e-05
204/348 [================>.............] - ETA: 1s - batch_cost: 0.0134 - reader cost: 6.3993e-05
208/348 [================>.............] - ETA: 1s - batch_cost: 0.0134 - reader cost: 6.2763e-05
212/348 [=================>............] - ETA: 1s - batch_cost: 0.0134 - reader cost: 6.1578e-05
216/348 [=================>............] - ETA: 1s - batch_cost: 0.0134 - reader cost: 6.0438e-05
220/348 [=================>............] - ETA: 1s - batch_cost: 0.0134 - reader cost: 5.9339e-05
224/348 [==================>...........] - ETA: 1s - batch_cost: 0.0135 - reader cost: 5.8280e-05
228/348 [==================>...........] - ETA: 1s - batch_cost: 0.0134 - reader cost: 5.7257e-05
232/348 [===================>..........] - ETA: 1s - batch_cost: 0.0135 - reader cost: 5.6270e-05
236/348 [===================>..........] - ETA: 1s - batch_cost: 0.0135 - reader cost: 5.5316e-05
240/348 [===================>..........] - ETA: 1s - batch_cost: 0.0135 - reader cost: 5.4394e-05
244/348 [====================>.........] - ETA: 1s - batch_cost: 0.0134 - reader cost: 5.3502e-05
248/348 [====================>.........] - ETA: 1s - batch_cost: 0.0134 - reader cost: 5.2640e-05
252/348 [====================>.........] - ETA: 1s - batch_cost: 0.0135 - reader cost: 5.1804e-05
256/348 [=====================>........] - ETA: 1s - batch_cost: 0.0135 - reader cost: 5.0995e-05
260/348 [=====================>........] - ETA: 1s - batch_cost: 0.0134 - reader cost: 5.0210e-05
264/348 [=====================>........] - ETA: 1s - batch_cost: 0.0134 - reader cost: 5.3240e-05
268/348 [======================>.......] - ETA: 1s - batch_cost: 0.0134 - reader cost: 5.6204e-05
272/348 [======================>.......] - ETA: 1s - batch_cost: 0.0134 - reader cost: 5.9064e-05
276/348 [======================>.......] - ETA: 0s - batch_cost: 0.0134 - reader cost: 5.8208e-05
280/348 [=======================>......] - ETA: 0s - batch_cost: 0.0135 - reader cost: 5.7376e-05
284/348 [=======================>......] - ETA: 0s - batch_cost: 0.0135 - reader cost: 5.6568e-05
289/348 [=======================>......] - ETA: 0s - batch_cost: 0.0134 - reader cost: 5.5589e-05
293/348 [========================>.....] - ETA: 0s - batch_cost: 0.0134 - reader cost: 5.9350e-05
297/348 [========================>.....] - ETA: 0s - batch_cost: 0.0134 - reader cost: 6.0449e-05
301/348 [========================>.....] - ETA: 0s - batch_cost: 0.0134 - reader cost: 5.9646e-05
305/348 [=========================>....] - ETA: 0s - batch_cost: 0.0134 - reader cost: 5.8864e-05
309/348 [=========================>....] - ETA: 0s - batch_cost: 0.0134 - reader cost: 5.8102e-05
313/348 [=========================>....] - ETA: 0s - batch_cost: 0.0134 - reader cost: 6.0554e-05
317/348 [==========================>...] - ETA: 0s - batch_cost: 0.0135 - reader cost: 6.9278e-05
321/348 [==========================>...] - ETA: 0s - batch_cost: 0.0135 - reader cost: 6.8415e-05
325/348 [===========================>..] - ETA: 0s - batch_cost: 0.0135 - reader cost: 6.7573e-05
329/348 [===========================>..] - ETA: 0s - batch_cost: 0.0135 - reader cost: 7.1321e-05
333/348 [===========================>..] - ETA: 0s - batch_cost: 0.0135 - reader cost: 7.0465e-05
337/348 [============================>.] - ETA: 0s - batch_cost: 0.0135 - reader cost: 6.9628e-05
341/348 [============================>.] - ETA: 0s - batch_cost: 0.0135 - reader cost: 7.1753e-05
345/348 [============================>.] - ETA: 0s - batch_cost: 0.0135 - reader cost: 7.0921e-05
348/348 [==============================] - 5s 14ms/step - batch_cost: 0.0136 - reader cost: 7.0310e-05

  1/348 [..............................] - ETA: 7s - batch_cost: 0.0207 - reader cost: 0.0080
  4/348 [..............................] - ETA: 6s - batch_cost: 0.0179 - reader cost: 0.0020
  8/348 [..............................] - ETA: 5s - batch_cost: 0.0155 - reader cost: 0.0011
 12/348 [>.............................] - ETA: 5s - batch_cost: 0.0152 - reader cost: 7.1832e-04
 16/348 [>.............................] - ETA: 4s - batch_cost: 0.0149 - reader cost: 5.3874e-04
 20/348 [>.............................] - ETA: 4s - batch_cost: 0.0145 - reader cost: 4.8099e-04
 24/348 [=>............................] - ETA: 4s - batch_cost: 0.0143 - reader cost: 4.0082e-04
 28/348 [=>............................] - ETA: 4s - batch_cost: 0.0141 - reader cost: 3.4356e-04
 32/348 [=>............................] - ETA: 4s - batch_cost: 0.0140 - reader cost: 3.0062e-04
 36/348 [==>...........................] - ETA: 4s - batch_cost: 0.0139 - reader cost: 2.9496e-04
 40/348 [==>...........................] - ETA: 4s - batch_cost: 0.0138 - reader cost: 2.9076e-04
 44/348 [==>...........................] - ETA: 4s - batch_cost: 0.0138 - reader cost: 2.6433e-04
 48/348 [===>..........................] - ETA: 4s - batch_cost: 0.0138 - reader cost: 2.4230e-04
 52/348 [===>..........................] - ETA: 4s - batch_cost: 0.0138 - reader cost: 2.2366e-04
 56/348 [===>..........................] - ETA: 4s - batch_cost: 0.0137 - reader cost: 2.0769e-04
 60/348 [====>.........................] - ETA: 3s - batch_cost: 0.0137 - reader cost: 2.1033e-04
 64/348 [====>.........................] - ETA: 3s - batch_cost: 0.0137 - reader cost: 1.9719e-04
 68/348 [====>.........................] - ETA: 3s - batch_cost: 0.0136 - reader cost: 1.8559e-04
 72/348 [=====>........................] - ETA: 3s - batch_cost: 0.0136 - reader cost: 1.7528e-04
 76/348 [=====>........................] - ETA: 3s - batch_cost: 0.0136 - reader cost: 1.6605e-04
 80/348 [=====>........................] - ETA: 3s - batch_cost: 0.0136 - reader cost: 1.5775e-04
 84/348 [======>.......................] - ETA: 3s - batch_cost: 0.0137 - reader cost: 1.5024e-04
 88/348 [======>.......................] - ETA: 3s - batch_cost: 0.0137 - reader cost: 1.4341e-04
 92/348 [======>.......................] - ETA: 3s - batch_cost: 0.0137 - reader cost: 1.3717e-04
 96/348 [=======>......................] - ETA: 3s - batch_cost: 0.0137 - reader cost: 1.3146e-04
100/348 [=======>......................] - ETA: 3s - batch_cost: 0.0138 - reader cost: 1.2620e-04
104/348 [=======>......................] - ETA: 3s - batch_cost: 0.0138 - reader cost: 1.2135e-04
108/348 [========>.....................] - ETA: 3s - batch_cost: 0.0138 - reader cost: 1.3528e-04
112/348 [========>.....................] - ETA: 3s - batch_cost: 0.0138 - reader cost: 1.3045e-04
116/348 [=========>....................] - ETA: 3s - batch_cost: 0.0138 - reader cost: 1.2595e-04
120/348 [=========>....................] - ETA: 3s - batch_cost: 0.0138 - reader cost: 1.3069e-04
124/348 [=========>....................] - ETA: 3s - batch_cost: 0.0138 - reader cost: 1.2648e-04
128/348 [==========>...................] - ETA: 3s - batch_cost: 0.0137 - reader cost: 1.3440e-04
132/348 [==========>...................] - ETA: 2s - batch_cost: 0.0137 - reader cost: 1.3032e-04
136/348 [==========>...................] - ETA: 2s - batch_cost: 0.0137 - reader cost: 1.2649e-04
141/348 [===========>..................] - ETA: 2s - batch_cost: 0.0137 - reader cost: 1.2200e-04
145/348 [===========>..................] - ETA: 2s - batch_cost: 0.0136 - reader cost: 1.1864e-04
149/348 [===========>..................] - ETA: 2s - batch_cost: 0.0136 - reader cost: 1.1545e-04
153/348 [============>.................] - ETA: 2s - batch_cost: 0.0136 - reader cost: 1.1244e-04
157/348 [============>.................] - ETA: 2s - batch_cost: 0.0136 - reader cost: 1.0957e-04
161/348 [============>.................] - ETA: 2s - batch_cost: 0.0136 - reader cost: 1.0685e-04
166/348 [=============>................] - ETA: 2s - batch_cost: 0.0136 - reader cost: 1.0363e-04
170/348 [=============>................] - ETA: 2s - batch_cost: 0.0135 - reader cost: 1.0119e-04
175/348 [==============>...............] - ETA: 2s - batch_cost: 0.0135 - reader cost: 9.8301e-05
179/348 [==============>...............] - ETA: 2s - batch_cost: 0.0135 - reader cost: 9.6104e-05
183/348 [==============>...............] - ETA: 2s - batch_cost: 0.0135 - reader cost: 9.4003e-05
187/348 [===============>..............] - ETA: 2s - batch_cost: 0.0135 - reader cost: 9.7336e-05
191/348 [===============>..............] - ETA: 2s - batch_cost: 0.0135 - reader cost: 9.5298e-05
195/348 [===============>..............] - ETA: 2s - batch_cost: 0.0135 - reader cost: 1.0365e-04
199/348 [================>.............] - ETA: 2s - batch_cost: 0.0135 - reader cost: 1.0156e-04
203/348 [================>.............] - ETA: 1s - batch_cost: 0.0135 - reader cost: 9.9563e-05
207/348 [================>.............] - ETA: 1s - batch_cost: 0.0135 - reader cost: 9.7639e-05
211/348 [=================>............] - ETA: 1s - batch_cost: 0.0135 - reader cost: 9.5788e-05
215/348 [=================>............] - ETA: 1s - batch_cost: 0.0135 - reader cost: 9.4006e-05
219/348 [=================>............] - ETA: 1s - batch_cost: 0.0135 - reader cost: 9.2289e-05
223/348 [==================>...........] - ETA: 1s - batch_cost: 0.0135 - reader cost: 9.0633e-05
227/348 [==================>...........] - ETA: 1s - batch_cost: 0.0135 - reader cost: 8.9036e-05
231/348 [==================>...........] - ETA: 1s - batch_cost: 0.0135 - reader cost: 8.7494e-05
235/348 [===================>..........] - ETA: 1s - batch_cost: 0.0135 - reader cost: 8.6005e-05
238/348 [===================>..........] - ETA: 1s - batch_cost: 0.0135 - reader cost: 8.4921e-05
242/348 [===================>..........] - ETA: 1s - batch_cost: 0.0135 - reader cost: 8.7654e-05
246/348 [====================>.........] - ETA: 1s - batch_cost: 0.0135 - reader cost: 9.0254e-05
250/348 [====================>.........] - ETA: 1s - batch_cost: 0.0135 - reader cost: 8.8810e-05
254/348 [====================>.........] - ETA: 1s - batch_cost: 0.0135 - reader cost: 9.1319e-05
258/348 [=====================>........] - ETA: 1s - batch_cost: 0.0135 - reader cost: 8.9903e-05
262/348 [=====================>........] - ETA: 1s - batch_cost: 0.0135 - reader cost: 9.2342e-05
266/348 [=====================>........] - ETA: 1s - batch_cost: 0.0135 - reader cost: 9.0953e-05
270/348 [======================>.......] - ETA: 1s - batch_cost: 0.0135 - reader cost: 8.9606e-05
274/348 [======================>.......] - ETA: 1s - batch_cost: 0.0135 - reader cost: 8.8298e-05
278/348 [======================>.......] - ETA: 0s - batch_cost: 0.0135 - reader cost: 8.7027e-05
282/348 [=======================>......] - ETA: 0s - batch_cost: 0.0135 - reader cost: 8.5793e-05
286/348 [=======================>......] - ETA: 0s - batch_cost: 0.0135 - reader cost: 8.8111e-05
290/348 [========================>.....] - ETA: 0s - batch_cost: 0.0135 - reader cost: 9.0347e-05
294/348 [========================>.....] - ETA: 0s - batch_cost: 0.0135 - reader cost: 8.9117e-05
298/348 [========================>.....] - ETA: 0s - batch_cost: 0.0135 - reader cost: 8.7921e-05
302/348 [=========================>....] - ETA: 0s - batch_cost: 0.0135 - reader cost: 8.6757e-05
306/348 [=========================>....] - ETA: 0s - batch_cost: 0.0136 - reader cost: 8.5623e-05
310/348 [=========================>....] - ETA: 0s - batch_cost: 0.0136 - reader cost: 8.4518e-05
314/348 [==========================>...] - ETA: 0s - batch_cost: 0.0136 - reader cost: 8.3441e-05
318/348 [==========================>...] - ETA: 0s - batch_cost: 0.0136 - reader cost: 8.2392e-05
322/348 [==========================>...] - ETA: 0s - batch_cost: 0.0136 - reader cost: 8.5163e-05
326/348 [===========================>..] - ETA: 0s - batch_cost: 0.0136 - reader cost: 8.4118e-05
330/348 [===========================>..] - ETA: 0s - batch_cost: 0.0136 - reader cost: 8.3098e-05
334/348 [===========================>..] - ETA: 0s - batch_cost: 0.0136 - reader cost: 8.2103e-05
337/348 [============================>.] - ETA: 0s - batch_cost: 0.0137 - reader cost: 8.1372e-05
340/348 [============================>.] - ETA: 0s - batch_cost: 0.0137 - reader cost: 8.0654e-05
343/348 [============================>.] - ETA: 0s - batch_cost: 0.0137 - reader cost: 7.9949e-05
347/348 [============================>.] - ETA: 0s - batch_cost: 0.0137 - reader cost: 7.9027e-05
348/348 [==============================] - 5s 14ms/step - batch_cost: 0.0137 - reader cost: 7.8800e-05

  1/348 [..............................] - ETA: 8s - batch_cost: 0.0235 - reader cost: 0.0085
  5/348 [..............................] - ETA: 5s - batch_cost: 0.0166 - reader cost: 0.0019
  9/348 [..............................] - ETA: 5s - batch_cost: 0.0156 - reader cost: 0.0011
 13/348 [>.............................] - ETA: 5s - batch_cost: 0.0150 - reader cost: 7.3176e-04
 17/348 [>.............................] - ETA: 4s - batch_cost: 0.0144 - reader cost: 5.5958e-04
 21/348 [>.............................] - ETA: 4s - batch_cost: 0.0140 - reader cost: 5.0058e-04
 25/348 [=>............................] - ETA: 4s - batch_cost: 0.0138 - reader cost: 4.6084e-04
 29/348 [=>............................] - ETA: 4s - batch_cost: 0.0137 - reader cost: 4.1466e-04
 33/348 [=>............................] - ETA: 4s - batch_cost: 0.0136 - reader cost: 3.6440e-04
 38/348 [==>...........................] - ETA: 4s - batch_cost: 0.0135 - reader cost: 3.2480e-04
 42/348 [==>...........................] - ETA: 4s - batch_cost: 0.0134 - reader cost: 2.9386e-04
 46/348 [==>...........................] - ETA: 4s - batch_cost: 0.0133 - reader cost: 2.6831e-04
 50/348 [===>..........................] - ETA: 3s - batch_cost: 0.0133 - reader cost: 2.4684e-04
 54/348 [===>..........................] - ETA: 3s - batch_cost: 0.0134 - reader cost: 2.2856e-04
 58/348 [====>.........................] - ETA: 3s - batch_cost: 0.0133 - reader cost: 2.1280e-04
 62/348 [====>.........................] - ETA: 3s - batch_cost: 0.0133 - reader cost: 1.9907e-04
 66/348 [====>.........................] - ETA: 3s - batch_cost: 0.0133 - reader cost: 2.0202e-04
 70/348 [=====>........................] - ETA: 3s - batch_cost: 0.0133 - reader cost: 2.0488e-04
 74/348 [=====>........................] - ETA: 3s - batch_cost: 0.0133 - reader cost: 1.9381e-04
 78/348 [=====>........................] - ETA: 3s - batch_cost: 0.0133 - reader cost: 1.8387e-04
 82/348 [======>.......................] - ETA: 3s - batch_cost: 0.0133 - reader cost: 1.9338e-04
 86/348 [======>.......................] - ETA: 3s - batch_cost: 0.0133 - reader cost: 1.9601e-04
 90/348 [======>.......................] - ETA: 3s - batch_cost: 0.0133 - reader cost: 1.9310e-04
 94/348 [=======>......................] - ETA: 3s - batch_cost: 0.0134 - reader cost: 1.9071e-04
 98/348 [=======>......................] - ETA: 3s - batch_cost: 0.0134 - reader cost: 1.8293e-04
102/348 [=======>......................] - ETA: 3s - batch_cost: 0.0133 - reader cost: 1.7576e-04
106/348 [========>.....................] - ETA: 3s - batch_cost: 0.0133 - reader cost: 1.6912e-04
110/348 [========>.....................] - ETA: 3s - batch_cost: 0.0133 - reader cost: 1.6297e-04
114/348 [========>.....................] - ETA: 3s - batch_cost: 0.0133 - reader cost: 1.5726e-04
118/348 [=========>....................] - ETA: 3s - batch_cost: 0.0133 - reader cost: 1.5771e-04
122/348 [=========>....................] - ETA: 3s - batch_cost: 0.0133 - reader cost: 1.6074e-04
126/348 [=========>....................] - ETA: 2s - batch_cost: 0.0133 - reader cost: 1.5563e-04
130/348 [==========>...................] - ETA: 2s - batch_cost: 0.0133 - reader cost: 1.5084e-04
134/348 [==========>...................] - ETA: 2s - batch_cost: 0.0133 - reader cost: 1.4634e-04
138/348 [==========>...................] - ETA: 2s - batch_cost: 0.0133 - reader cost: 1.4210e-04
142/348 [===========>..................] - ETA: 2s - batch_cost: 0.0134 - reader cost: 1.3810e-04
146/348 [===========>..................] - ETA: 2s - batch_cost: 0.0134 - reader cost: 1.3431e-04
150/348 [===========>..................] - ETA: 2s - batch_cost: 0.0135 - reader cost: 1.3073e-04
154/348 [============>.................] - ETA: 2s - batch_cost: 0.0134 - reader cost: 1.2734e-04
158/348 [============>.................] - ETA: 2s - batch_cost: 0.0134 - reader cost: 1.3048e-04
162/348 [============>.................] - ETA: 2s - batch_cost: 0.0134 - reader cost: 1.3722e-04
166/348 [=============>................] - ETA: 2s - batch_cost: 0.0134 - reader cost: 1.3391e-04
170/348 [=============>................] - ETA: 2s - batch_cost: 0.0134 - reader cost: 1.3664e-04
174/348 [==============>...............] - ETA: 2s - batch_cost: 0.0134 - reader cost: 1.3350e-04
178/348 [==============>...............] - ETA: 2s - batch_cost: 0.0134 - reader cost: 1.3050e-04
182/348 [==============>...............] - ETA: 2s - batch_cost: 0.0134 - reader cost: 1.2763e-04
186/348 [===============>..............] - ETA: 2s - batch_cost: 0.0134 - reader cost: 1.2488e-04
190/348 [===============>..............] - ETA: 2s - batch_cost: 0.0134 - reader cost: 1.2225e-04
194/348 [===============>..............] - ETA: 2s - batch_cost: 0.0134 - reader cost: 1.1973e-04
198/348 [================>.............] - ETA: 2s - batch_cost: 0.0134 - reader cost: 1.1731e-04
203/348 [================>.............] - ETA: 1s - batch_cost: 0.0134 - reader cost: 1.1442e-04
207/348 [================>.............] - ETA: 1s - batch_cost: 0.0134 - reader cost: 1.1221e-04
212/348 [=================>............] - ETA: 1s - batch_cost: 0.0134 - reader cost: 1.0957e-04
216/348 [=================>............] - ETA: 1s - batch_cost: 0.0134 - reader cost: 1.0754e-04
220/348 [=================>............] - ETA: 1s - batch_cost: 0.0134 - reader cost: 1.0558e-04
224/348 [==================>...........] - ETA: 1s - batch_cost: 0.0134 - reader cost: 1.0370e-04
228/348 [==================>...........] - ETA: 1s - batch_cost: 0.0134 - reader cost: 1.0188e-04
232/348 [===================>..........] - ETA: 1s - batch_cost: 0.0134 - reader cost: 1.0012e-04
236/348 [===================>..........] - ETA: 1s - batch_cost: 0.0134 - reader cost: 9.8424e-05
240/348 [===================>..........] - ETA: 1s - batch_cost: 0.0134 - reader cost: 9.6784e-05
244/348 [====================>.........] - ETA: 1s - batch_cost: 0.0134 - reader cost: 9.5197e-05
248/348 [====================>.........] - ETA: 1s - batch_cost: 0.0134 - reader cost: 9.3662e-05
252/348 [====================>.........] - ETA: 1s - batch_cost: 0.0134 - reader cost: 9.6176e-05
256/348 [=====================>........] - ETA: 1s - batch_cost: 0.0134 - reader cost: 9.4674e-05
260/348 [=====================>........] - ETA: 1s - batch_cost: 0.0134 - reader cost: 9.3217e-05
264/348 [=====================>........] - ETA: 1s - batch_cost: 0.0134 - reader cost: 9.1805e-05
268/348 [======================>.......] - ETA: 1s - batch_cost: 0.0134 - reader cost: 9.4165e-05
272/348 [======================>.......] - ETA: 1s - batch_cost: 0.0133 - reader cost: 9.6457e-05
276/348 [======================>.......] - ETA: 0s - batch_cost: 0.0134 - reader cost: 9.8681e-05
280/348 [=======================>......] - ETA: 0s - batch_cost: 0.0134 - reader cost: 9.7271e-05
284/348 [=======================>......] - ETA: 0s - batch_cost: 0.0134 - reader cost: 9.5901e-05
288/348 [=======================>......] - ETA: 0s - batch_cost: 0.0134 - reader cost: 9.4569e-05
292/348 [========================>.....] - ETA: 0s - batch_cost: 0.0134 - reader cost: 9.3274e-05
296/348 [========================>.....] - ETA: 0s - batch_cost: 0.0134 - reader cost: 9.2013e-05
300/348 [========================>.....] - ETA: 0s - batch_cost: 0.0133 - reader cost: 9.4115e-05
304/348 [=========================>....] - ETA: 0s - batch_cost: 0.0134 - reader cost: 9.2877e-05
308/348 [=========================>....] - ETA: 0s - batch_cost: 0.0133 - reader cost: 9.1670e-05
312/348 [=========================>....] - ETA: 0s - batch_cost: 0.0134 - reader cost: 9.0495e-05
316/348 [==========================>...] - ETA: 0s - batch_cost: 0.0134 - reader cost: 8.9350e-05
320/348 [==========================>...] - ETA: 0s - batch_cost: 0.0134 - reader cost: 8.8233e-05
324/348 [==========================>...] - ETA: 0s - batch_cost: 0.0133 - reader cost: 8.7143e-05
328/348 [===========================>..] - ETA: 0s - batch_cost: 0.0133 - reader cost: 8.6081e-05
332/348 [===========================>..] - ETA: 0s - batch_cost: 0.0134 - reader cost: 8.8085e-05
336/348 [===========================>..] - ETA: 0s - batch_cost: 0.0134 - reader cost: 8.7036e-05
340/348 [============================>.] - ETA: 0s - batch_cost: 0.0134 - reader cost: 8.6012e-05
344/348 [============================>.] - ETA: 0s - batch_cost: 0.0134 - reader cost: 8.5012e-05
348/348 [==============================] - 5s 13ms/step - batch_cost: 0.0134 - reader cost: 8.4035e-05

  1/348 [..............................] - ETA: 7s - batch_cost: 0.0222 - reader cost: 0.0080
  5/348 [..............................] - ETA: 5s - batch_cost: 0.0156 - reader cost: 0.0016
  9/348 [..............................] - ETA: 4s - batch_cost: 0.0144 - reader cost: 8.8896e-04
 13/348 [>.............................] - ETA: 4s - batch_cost: 0.0144 - reader cost: 6.1543e-04
 17/348 [>.............................] - ETA: 4s - batch_cost: 0.0140 - reader cost: 4.7062e-04
 21/348 [>.............................] - ETA: 4s - batch_cost: 0.0142 - reader cost: 4.2890e-04
 25/348 [=>............................] - ETA: 4s - batch_cost: 0.0141 - reader cost: 3.6028e-04
 29/348 [=>............................] - ETA: 4s - batch_cost: 0.0140 - reader cost: 3.1059e-04
 33/348 [=>............................] - ETA: 4s - batch_cost: 0.0138 - reader cost: 2.7294e-04
 37/348 [==>...........................] - ETA: 4s - batch_cost: 0.0137 - reader cost: 2.4343e-04
 41/348 [==>...........................] - ETA: 4s - batch_cost: 0.0136 - reader cost: 2.1968e-04
 45/348 [==>...........................] - ETA: 4s - batch_cost: 0.0136 - reader cost: 2.0016e-04
 49/348 [===>..........................] - ETA: 4s - batch_cost: 0.0136 - reader cost: 1.8382e-04
 53/348 [===>..........................] - ETA: 4s - batch_cost: 0.0136 - reader cost: 1.6994e-04
 57/348 [===>..........................] - ETA: 3s - batch_cost: 0.0136 - reader cost: 1.5802e-04
 61/348 [====>.........................] - ETA: 3s - batch_cost: 0.0135 - reader cost: 1.6402e-04
 65/348 [====>.........................] - ETA: 3s - batch_cost: 0.0135 - reader cost: 1.8470e-04
 69/348 [====>.........................] - ETA: 3s - batch_cost: 0.0136 - reader cost: 1.7399e-04
 73/348 [=====>........................] - ETA: 3s - batch_cost: 0.0136 - reader cost: 1.6446e-04
 77/348 [=====>........................] - ETA: 3s - batch_cost: 0.0136 - reader cost: 1.5591e-04
 81/348 [=====>........................] - ETA: 3s - batch_cost: 0.0135 - reader cost: 1.4821e-04
 85/348 [======>.......................] - ETA: 3s - batch_cost: 0.0135 - reader cost: 1.4124e-04
 89/348 [======>.......................] - ETA: 3s - batch_cost: 0.0135 - reader cost: 1.3489e-04
 93/348 [=======>......................] - ETA: 3s - batch_cost: 0.0135 - reader cost: 1.2909e-04
 97/348 [=======>......................] - ETA: 3s - batch_cost: 0.0135 - reader cost: 1.2377e-04
102/348 [=======>......................] - ETA: 3s - batch_cost: 0.0135 - reader cost: 1.2751e-04
106/348 [========>.....................] - ETA: 3s - batch_cost: 0.0134 - reader cost: 1.2270e-04
110/348 [========>.....................] - ETA: 3s - batch_cost: 0.0134 - reader cost: 1.1823e-04
114/348 [========>.....................] - ETA: 3s - batch_cost: 0.0134 - reader cost: 1.1409e-04
119/348 [=========>....................] - ETA: 3s - batch_cost: 0.0134 - reader cost: 1.0929e-04
123/348 [=========>....................] - ETA: 3s - batch_cost: 0.0134 - reader cost: 1.0574e-04
127/348 [=========>....................] - ETA: 2s - batch_cost: 0.0134 - reader cost: 1.0241e-04
131/348 [==========>...................] - ETA: 2s - batch_cost: 0.0134 - reader cost: 9.9280e-05
135/348 [==========>...................] - ETA: 2s - batch_cost: 0.0134 - reader cost: 9.6339e-05
139/348 [==========>...................] - ETA: 2s - batch_cost: 0.0135 - reader cost: 9.3566e-05
143/348 [===========>..................] - ETA: 2s - batch_cost: 0.0134 - reader cost: 9.0949e-05
147/348 [===========>..................] - ETA: 2s - batch_cost: 0.0135 - reader cost: 8.8474e-05
151/348 [============>.................] - ETA: 2s - batch_cost: 0.0135 - reader cost: 8.6131e-05
155/348 [============>.................] - ETA: 2s - batch_cost: 0.0135 - reader cost: 8.3908e-05
159/348 [============>.................] - ETA: 2s - batch_cost: 0.0134 - reader cost: 9.4382e-05
163/348 [=============>................] - ETA: 2s - batch_cost: 0.0135 - reader cost: 9.8199e-05
167/348 [=============>................] - ETA: 2s - batch_cost: 0.0135 - reader cost: 9.5847e-05
171/348 [=============>................] - ETA: 2s - batch_cost: 0.0135 - reader cost: 9.3605e-05
175/348 [==============>...............] - ETA: 2s - batch_cost: 0.0134 - reader cost: 9.1466e-05
179/348 [==============>...............] - ETA: 2s - batch_cost: 0.0134 - reader cost: 8.9422e-05
184/348 [==============>...............] - ETA: 2s - batch_cost: 0.0134 - reader cost: 8.6992e-05
188/348 [===============>..............] - ETA: 2s - batch_cost: 0.0134 - reader cost: 8.5141e-05
192/348 [===============>..............] - ETA: 2s - batch_cost: 0.0134 - reader cost: 8.3367e-05
196/348 [===============>..............] - ETA: 2s - batch_cost: 0.0134 - reader cost: 8.1666e-05
200/348 [================>.............] - ETA: 1s - batch_cost: 0.0134 - reader cost: 8.0032e-05
204/348 [================>.............] - ETA: 1s - batch_cost: 0.0135 - reader cost: 7.8463e-05
208/348 [================>.............] - ETA: 1s - batch_cost: 0.0135 - reader cost: 7.6954e-05
212/348 [=================>............] - ETA: 1s - batch_cost: 0.0135 - reader cost: 7.5502e-05
216/348 [=================>............] - ETA: 1s - batch_cost: 0.0135 - reader cost: 7.4104e-05
220/348 [=================>............] - ETA: 1s - batch_cost: 0.0135 - reader cost: 7.2757e-05
224/348 [==================>...........] - ETA: 1s - batch_cost: 0.0135 - reader cost: 7.1457e-05
228/348 [==================>...........] - ETA: 1s - batch_cost: 0.0135 - reader cost: 7.0204e-05
232/348 [===================>..........] - ETA: 1s - batch_cost: 0.0135 - reader cost: 6.8993e-05
236/348 [===================>..........] - ETA: 1s - batch_cost: 0.0135 - reader cost: 6.7824e-05
240/348 [===================>..........] - ETA: 1s - batch_cost: 0.0135 - reader cost: 6.6694e-05
244/348 [====================>.........] - ETA: 1s - batch_cost: 0.0135 - reader cost: 6.5600e-05
248/348 [====================>.........] - ETA: 1s - batch_cost: 0.0135 - reader cost: 6.4542e-05
252/348 [====================>.........] - ETA: 1s - batch_cost: 0.0135 - reader cost: 6.3518e-05
256/348 [=====================>........] - ETA: 1s - batch_cost: 0.0135 - reader cost: 6.2525e-05
260/348 [=====================>........] - ETA: 1s - batch_cost: 0.0135 - reader cost: 6.1563e-05
264/348 [=====================>........] - ETA: 1s - batch_cost: 0.0135 - reader cost: 6.0631e-05
268/348 [======================>.......] - ETA: 1s - batch_cost: 0.0135 - reader cost: 5.9726e-05
272/348 [======================>.......] - ETA: 1s - batch_cost: 0.0135 - reader cost: 5.8847e-05
276/348 [======================>.......] - ETA: 0s - batch_cost: 0.0135 - reader cost: 5.7994e-05
280/348 [=======================>......] - ETA: 0s - batch_cost: 0.0135 - reader cost: 5.7166e-05
284/348 [=======================>......] - ETA: 0s - batch_cost: 0.0135 - reader cost: 5.9877e-05
289/348 [=======================>......] - ETA: 0s - batch_cost: 0.0135 - reader cost: 5.8841e-05
293/348 [========================>.....] - ETA: 0s - batch_cost: 0.0134 - reader cost: 5.8037e-05
297/348 [========================>.....] - ETA: 0s - batch_cost: 0.0134 - reader cost: 5.7256e-05
301/348 [========================>.....] - ETA: 0s - batch_cost: 0.0134 - reader cost: 5.6495e-05
305/348 [=========================>....] - ETA: 0s - batch_cost: 0.0134 - reader cost: 5.5754e-05
309/348 [=========================>....] - ETA: 0s - batch_cost: 0.0134 - reader cost: 5.5032e-05
313/348 [=========================>....] - ETA: 0s - batch_cost: 0.0134 - reader cost: 5.7518e-05
317/348 [==========================>...] - ETA: 0s - batch_cost: 0.0134 - reader cost: 5.6793e-05
321/348 [==========================>...] - ETA: 0s - batch_cost: 0.0134 - reader cost: 5.6085e-05
325/348 [===========================>..] - ETA: 0s - batch_cost: 0.0134 - reader cost: 5.5395e-05
329/348 [===========================>..] - ETA: 0s - batch_cost: 0.0134 - reader cost: 5.4721e-05
333/348 [===========================>..] - ETA: 0s - batch_cost: 0.0134 - reader cost: 5.4064e-05
337/348 [============================>.] - ETA: 0s - batch_cost: 0.0135 - reader cost: 5.3422e-05
341/348 [============================>.] - ETA: 0s - batch_cost: 0.0135 - reader cost: 5.5752e-05
345/348 [============================>.] - ETA: 0s - batch_cost: 0.0135 - reader cost: 5.5106e-05
348/348 [==============================] - 5s 14ms/step - batch_cost: 0.0135 - reader cost: 5.4631e-05

  1/348 [..............................] - ETA: 6s - batch_cost: 0.0200 - reader cost: 0.0075
  5/348 [..............................] - ETA: 5s - batch_cost: 0.0154 - reader cost: 0.0015
 10/348 [..............................] - ETA: 4s - batch_cost: 0.0139 - reader cost: 7.5214e-04
 14/348 [>.............................] - ETA: 4s - batch_cost: 0.0136 - reader cost: 5.3724e-04
 18/348 [>.............................] - ETA: 4s - batch_cost: 0.0134 - reader cost: 4.1786e-04
 22/348 [>.............................] - ETA: 4s - batch_cost: 0.0133 - reader cost: 3.8729e-04
 26/348 [=>............................] - ETA: 4s - batch_cost: 0.0132 - reader cost: 3.2771e-04
 30/348 [=>............................] - ETA: 4s - batch_cost: 0.0131 - reader cost: 3.1734e-04
 34/348 [=>............................] - ETA: 4s - batch_cost: 0.0132 - reader cost: 2.8001e-04
 38/348 [==>...........................] - ETA: 4s - batch_cost: 0.0132 - reader cost: 2.5053e-04
 42/348 [==>...........................] - ETA: 4s - batch_cost: 0.0131 - reader cost: 2.2667e-04
 46/348 [==>...........................] - ETA: 3s - batch_cost: 0.0131 - reader cost: 2.2852e-04
 50/348 [===>..........................] - ETA: 3s - batch_cost: 0.0132 - reader cost: 2.1024e-04
 54/348 [===>..........................] - ETA: 3s - batch_cost: 0.0132 - reader cost: 1.9466e-04
 58/348 [====>.........................] - ETA: 3s - batch_cost: 0.0132 - reader cost: 1.8124e-04
 62/348 [====>.........................] - ETA: 3s - batch_cost: 0.0131 - reader cost: 1.6955e-04
 66/348 [====>.........................] - ETA: 3s - batch_cost: 0.0132 - reader cost: 1.5927e-04
 70/348 [=====>........................] - ETA: 3s - batch_cost: 0.0132 - reader cost: 1.5017e-04
 74/348 [=====>........................] - ETA: 3s - batch_cost: 0.0133 - reader cost: 1.4205e-04
 78/348 [=====>........................] - ETA: 3s - batch_cost: 0.0133 - reader cost: 1.3477e-04
 82/348 [======>.......................] - ETA: 3s - batch_cost: 0.0134 - reader cost: 1.4040e-04
 86/348 [======>.......................] - ETA: 3s - batch_cost: 0.0135 - reader cost: 1.3387e-04
 90/348 [======>.......................] - ETA: 3s - batch_cost: 0.0135 - reader cost: 1.2792e-04
 94/348 [=======>......................] - ETA: 3s - batch_cost: 0.0135 - reader cost: 1.2247e-04
 98/348 [=======>......................] - ETA: 3s - batch_cost: 0.0135 - reader cost: 1.1747e-04
102/348 [=======>......................] - ETA: 3s - batch_cost: 0.0135 - reader cost: 1.1287e-04
106/348 [========>.....................] - ETA: 3s - batch_cost: 0.0135 - reader cost: 1.0861e-04
110/348 [========>.....................] - ETA: 3s - batch_cost: 0.0134 - reader cost: 1.0466e-04
114/348 [========>.....................] - ETA: 3s - batch_cost: 0.0134 - reader cost: 1.0099e-04
118/348 [=========>....................] - ETA: 3s - batch_cost: 0.0134 - reader cost: 1.0613e-04
123/348 [=========>....................] - ETA: 3s - batch_cost: 0.0134 - reader cost: 1.0181e-04
127/348 [=========>....................] - ETA: 2s - batch_cost: 0.0134 - reader cost: 1.0649e-04
131/348 [==========>...................] - ETA: 2s - batch_cost: 0.0134 - reader cost: 1.1089e-04
135/348 [==========>...................] - ETA: 2s - batch_cost: 0.0134 - reader cost: 1.0760e-04
139/348 [==========>...................] - ETA: 2s - batch_cost: 0.0133 - reader cost: 1.0451e-04
144/348 [===========>..................] - ETA: 2s - batch_cost: 0.0133 - reader cost: 1.0088e-04
148/348 [===========>..................] - ETA: 2s - batch_cost: 0.0133 - reader cost: 9.8153e-05
152/348 [============>.................] - ETA: 2s - batch_cost: 0.0133 - reader cost: 1.0195e-04
156/348 [============>.................] - ETA: 2s - batch_cost: 0.0132 - reader cost: 9.9335e-05
160/348 [============>.................] - ETA: 2s - batch_cost: 0.0132 - reader cost: 9.6852e-05
164/348 [=============>................] - ETA: 2s - batch_cost: 0.0132 - reader cost: 9.4489e-05
168/348 [=============>................] - ETA: 2s - batch_cost: 0.0132 - reader cost: 9.8240e-05
172/348 [=============>................] - ETA: 2s - batch_cost: 0.0132 - reader cost: 9.9110e-05
176/348 [==============>...............] - ETA: 2s - batch_cost: 0.0132 - reader cost: 9.6858e-05
181/348 [==============>...............] - ETA: 2s - batch_cost: 0.0132 - reader cost: 9.4182e-05
185/348 [==============>...............] - ETA: 2s - batch_cost: 0.0132 - reader cost: 9.2146e-05
189/348 [===============>..............] - ETA: 2s - batch_cost: 0.0132 - reader cost: 9.0195e-05
193/348 [===============>..............] - ETA: 2s - batch_cost: 0.0132 - reader cost: 8.8326e-05
198/348 [================>.............] - ETA: 1s - batch_cost: 0.0132 - reader cost: 8.6096e-05
202/348 [================>.............] - ETA: 1s - batch_cost: 0.0132 - reader cost: 8.4391e-05
206/348 [================>.............] - ETA: 1s - batch_cost: 0.0131 - reader cost: 8.7567e-05
210/348 [=================>............] - ETA: 1s - batch_cost: 0.0131 - reader cost: 8.5899e-05
214/348 [=================>............] - ETA: 1s - batch_cost: 0.0131 - reader cost: 8.4293e-05
218/348 [=================>............] - ETA: 1s - batch_cost: 0.0132 - reader cost: 8.2747e-05
222/348 [==================>...........] - ETA: 1s - batch_cost: 0.0132 - reader cost: 8.1256e-05
226/348 [==================>...........] - ETA: 1s - batch_cost: 0.0132 - reader cost: 7.9817e-05
230/348 [==================>...........] - ETA: 1s - batch_cost: 0.0132 - reader cost: 7.8429e-05
234/348 [===================>..........] - ETA: 1s - batch_cost: 0.0132 - reader cost: 7.7089e-05
238/348 [===================>..........] - ETA: 1s - batch_cost: 0.0132 - reader cost: 7.5793e-05
242/348 [===================>..........] - ETA: 1s - batch_cost: 0.0133 - reader cost: 7.4540e-05
246/348 [====================>.........] - ETA: 1s - batch_cost: 0.0133 - reader cost: 7.3328e-05
250/348 [====================>.........] - ETA: 1s - batch_cost: 0.0133 - reader cost: 7.6142e-05
254/348 [====================>.........] - ETA: 1s - batch_cost: 0.0133 - reader cost: 7.4943e-05
258/348 [=====================>........] - ETA: 1s - batch_cost: 0.0133 - reader cost: 7.3781e-05
262/348 [=====================>........] - ETA: 1s - batch_cost: 0.0133 - reader cost: 7.2655e-05
266/348 [=====================>........] - ETA: 1s - batch_cost: 0.0133 - reader cost: 7.5426e-05
270/348 [======================>.......] - ETA: 1s - batch_cost: 0.0133 - reader cost: 7.4309e-05
274/348 [======================>.......] - ETA: 0s - batch_cost: 0.0133 - reader cost: 7.6920e-05
278/348 [======================>.......] - ETA: 0s - batch_cost: 0.0133 - reader cost: 7.7706e-05
282/348 [=======================>......] - ETA: 0s - batch_cost: 0.0133 - reader cost: 8.0155e-05
286/348 [=======================>......] - ETA: 0s - batch_cost: 0.0133 - reader cost: 7.9034e-05
290/348 [========================>.....] - ETA: 0s - batch_cost: 0.0133 - reader cost: 7.7944e-05
294/348 [========================>.....] - ETA: 0s - batch_cost: 0.0133 - reader cost: 7.6884e-05
298/348 [========================>.....] - ETA: 0s - batch_cost: 0.0133 - reader cost: 7.9262e-05
302/348 [=========================>....] - ETA: 0s - batch_cost: 0.0133 - reader cost: 8.1515e-05
306/348 [=========================>....] - ETA: 0s - batch_cost: 0.0133 - reader cost: 8.0449e-05
310/348 [=========================>....] - ETA: 0s - batch_cost: 0.0133 - reader cost: 7.9411e-05
314/348 [==========================>...] - ETA: 0s - batch_cost: 0.0133 - reader cost: 7.8399e-05
318/348 [==========================>...] - ETA: 0s - batch_cost: 0.0133 - reader cost: 7.7413e-05
323/348 [==========================>...] - ETA: 0s - batch_cost: 0.0133 - reader cost: 7.6215e-05
327/348 [===========================>..] - ETA: 0s - batch_cost: 0.0133 - reader cost: 7.5283e-05
331/348 [===========================>..] - ETA: 0s - batch_cost: 0.0133 - reader cost: 7.4373e-05
335/348 [===========================>..] - ETA: 0s - batch_cost: 0.0133 - reader cost: 7.3485e-05
339/348 [============================>.] - ETA: 0s - batch_cost: 0.0133 - reader cost: 7.2618e-05
343/348 [============================>.] - ETA: 0s - batch_cost: 0.0134 - reader cost: 7.1771e-05
347/348 [============================>.] - ETA: 0s - batch_cost: 0.0134 - reader cost: 7.0944e-05
348/348 [==============================] - 5s 13ms/step - batch_cost: 0.0134 - reader cost: 7.0740e-05

  1/348 [..............................] - ETA: 7s - batch_cost: 0.0217 - reader cost: 0.0076
  5/348 [..............................] - ETA: 5s - batch_cost: 0.0155 - reader cost: 0.0015
  9/348 [..............................] - ETA: 4s - batch_cost: 0.0145 - reader cost: 9.6220e-04
 13/348 [>.............................] - ETA: 4s - batch_cost: 0.0139 - reader cost: 6.6614e-04
 17/348 [>.............................] - ETA: 4s - batch_cost: 0.0138 - reader cost: 5.0940e-04
 21/348 [>.............................] - ETA: 4s - batch_cost: 0.0137 - reader cost: 4.1237e-04
 25/348 [=>............................] - ETA: 4s - batch_cost: 0.0136 - reader cost: 3.8679e-04
 29/348 [=>............................] - ETA: 4s - batch_cost: 0.0137 - reader cost: 4.3638e-04
 33/348 [=>............................] - ETA: 4s - batch_cost: 0.0137 - reader cost: 3.8349e-04
 37/348 [==>...........................] - ETA: 4s - batch_cost: 0.0136 - reader cost: 3.6880e-04
 41/348 [==>...........................] - ETA: 4s - batch_cost: 0.0137 - reader cost: 3.3282e-04
 45/348 [==>...........................] - ETA: 4s - batch_cost: 0.0137 - reader cost: 3.0324e-04
 49/348 [===>..........................] - ETA: 4s - batch_cost: 0.0137 - reader cost: 2.7848e-04
 53/348 [===>..........................] - ETA: 4s - batch_cost: 0.0137 - reader cost: 2.5747e-04
 57/348 [===>..........................] - ETA: 4s - batch_cost: 0.0138 - reader cost: 2.3940e-04
 61/348 [====>.........................] - ETA: 3s - batch_cost: 0.0138 - reader cost: 2.2370e-04
 65/348 [====>.........................] - ETA: 3s - batch_cost: 0.0137 - reader cost: 2.2558e-04
 69/348 [====>.........................] - ETA: 3s - batch_cost: 0.0137 - reader cost: 2.2702e-04
 73/348 [=====>........................] - ETA: 3s - batch_cost: 0.0138 - reader cost: 2.1458e-04
 77/348 [=====>........................] - ETA: 3s - batch_cost: 0.0137 - reader cost: 2.0343e-04
 81/348 [=====>........................] - ETA: 3s - batch_cost: 0.0137 - reader cost: 1.9339e-04
 85/348 [======>.......................] - ETA: 3s - batch_cost: 0.0137 - reader cost: 1.8429e-04
 89/348 [======>.......................] - ETA: 3s - batch_cost: 0.0137 - reader cost: 1.7600e-04
 93/348 [=======>......................] - ETA: 3s - batch_cost: 0.0137 - reader cost: 1.6843e-04
 97/348 [=======>......................] - ETA: 3s - batch_cost: 0.0137 - reader cost: 1.6149e-04
101/348 [=======>......................] - ETA: 3s - batch_cost: 0.0137 - reader cost: 1.5509e-04
105/348 [========>.....................] - ETA: 3s - batch_cost: 0.0137 - reader cost: 1.4918e-04
109/348 [========>.....................] - ETA: 3s - batch_cost: 0.0136 - reader cost: 1.4371e-04
113/348 [========>.....................] - ETA: 3s - batch_cost: 0.0137 - reader cost: 1.3862e-04
117/348 [=========>....................] - ETA: 3s - batch_cost: 0.0137 - reader cost: 1.3388e-04
121/348 [=========>....................] - ETA: 3s - batch_cost: 0.0136 - reader cost: 1.2946e-04
125/348 [=========>....................] - ETA: 3s - batch_cost: 0.0136 - reader cost: 1.2531e-04
129/348 [==========>...................] - ETA: 2s - batch_cost: 0.0136 - reader cost: 1.2143e-04
133/348 [==========>...................] - ETA: 2s - batch_cost: 0.0136 - reader cost: 1.1778e-04
137/348 [==========>...................] - ETA: 2s - batch_cost: 0.0136 - reader cost: 1.1434e-04
141/348 [===========>..................] - ETA: 2s - batch_cost: 0.0136 - reader cost: 1.1109e-04
145/348 [===========>..................] - ETA: 2s - batch_cost: 0.0136 - reader cost: 1.0803e-04
149/348 [===========>..................] - ETA: 2s - batch_cost: 0.0136 - reader cost: 1.1176e-04
153/348 [============>.................] - ETA: 2s - batch_cost: 0.0136 - reader cost: 1.0884e-04
157/348 [============>.................] - ETA: 2s - batch_cost: 0.0136 - reader cost: 1.0607e-04
161/348 [============>.................] - ETA: 2s - batch_cost: 0.0136 - reader cost: 1.0951e-04
165/348 [=============>................] - ETA: 2s - batch_cost: 0.0136 - reader cost: 1.0686e-04
169/348 [=============>................] - ETA: 2s - batch_cost: 0.0136 - reader cost: 1.0433e-04
173/348 [=============>................] - ETA: 2s - batch_cost: 0.0136 - reader cost: 1.0191e-04
177/348 [==============>...............] - ETA: 2s - batch_cost: 0.0136 - reader cost: 9.9612e-05
181/348 [==============>...............] - ETA: 2s - batch_cost: 0.0136 - reader cost: 9.7410e-05
185/348 [==============>...............] - ETA: 2s - batch_cost: 0.0136 - reader cost: 9.5304e-05
189/348 [===============>..............] - ETA: 2s - batch_cost: 0.0136 - reader cost: 9.3287e-05
193/348 [===============>..............] - ETA: 2s - batch_cost: 0.0136 - reader cost: 9.1354e-05
197/348 [===============>..............] - ETA: 2s - batch_cost: 0.0136 - reader cost: 8.9499e-05
201/348 [================>.............] - ETA: 2s - batch_cost: 0.0136 - reader cost: 8.7718e-05
205/348 [================>.............] - ETA: 1s - batch_cost: 0.0137 - reader cost: 8.6006e-05
209/348 [=================>............] - ETA: 1s - batch_cost: 0.0137 - reader cost: 8.4360e-05
213/348 [=================>............] - ETA: 1s - batch_cost: 0.0137 - reader cost: 8.2776e-05
217/348 [=================>............] - ETA: 1s - batch_cost: 0.0137 - reader cost: 8.1250e-05
221/348 [==================>...........] - ETA: 1s - batch_cost: 0.0137 - reader cost: 7.9780e-05
225/348 [==================>...........] - ETA: 1s - batch_cost: 0.0137 - reader cost: 7.8361e-05
229/348 [==================>...........] - ETA: 1s - batch_cost: 0.0136 - reader cost: 7.6993e-05
233/348 [===================>..........] - ETA: 1s - batch_cost: 0.0136 - reader cost: 7.5671e-05
237/348 [===================>..........] - ETA: 1s - batch_cost: 0.0136 - reader cost: 7.4394e-05
241/348 [===================>..........] - ETA: 1s - batch_cost: 0.0136 - reader cost: 7.5254e-05
245/348 [====================>.........] - ETA: 1s - batch_cost: 0.0136 - reader cost: 7.8149e-05
249/348 [====================>.........] - ETA: 1s - batch_cost: 0.0136 - reader cost: 7.6893e-05
253/348 [====================>.........] - ETA: 1s - batch_cost: 0.0136 - reader cost: 7.5678e-05
257/348 [=====================>........] - ETA: 1s - batch_cost: 0.0136 - reader cost: 7.8402e-05
261/348 [=====================>........] - ETA: 1s - batch_cost: 0.0136 - reader cost: 7.7200e-05
265/348 [=====================>........] - ETA: 1s - batch_cost: 0.0136 - reader cost: 7.9815e-05
270/348 [======================>.......] - ETA: 1s - batch_cost: 0.0136 - reader cost: 8.2066e-05
274/348 [======================>.......] - ETA: 1s - batch_cost: 0.0136 - reader cost: 8.0868e-05
278/348 [======================>.......] - ETA: 0s - batch_cost: 0.0136 - reader cost: 7.9705e-05
282/348 [=======================>......] - ETA: 0s - batch_cost: 0.0135 - reader cost: 7.8574e-05
286/348 [=======================>......] - ETA: 0s - batch_cost: 0.0135 - reader cost: 7.7475e-05
290/348 [========================>.....] - ETA: 0s - batch_cost: 0.0135 - reader cost: 7.9933e-05
294/348 [========================>.....] - ETA: 0s - batch_cost: 0.0135 - reader cost: 7.8845e-05
298/348 [========================>.....] - ETA: 0s - batch_cost: 0.0135 - reader cost: 8.1189e-05
302/348 [=========================>....] - ETA: 0s - batch_cost: 0.0135 - reader cost: 8.0113e-05
306/348 [=========================>....] - ETA: 0s - batch_cost: 0.0135 - reader cost: 7.9066e-05
310/348 [=========================>....] - ETA: 0s - batch_cost: 0.0135 - reader cost: 7.8046e-05
314/348 [==========================>...] - ETA: 0s - batch_cost: 0.0135 - reader cost: 7.7052e-05
318/348 [==========================>...] - ETA: 0s - batch_cost: 0.0135 - reader cost: 7.6083e-05
322/348 [==========================>...] - ETA: 0s - batch_cost: 0.0136 - reader cost: 7.5137e-05
326/348 [===========================>..] - ETA: 0s - batch_cost: 0.0135 - reader cost: 7.4215e-05
330/348 [===========================>..] - ETA: 0s - batch_cost: 0.0135 - reader cost: 7.3316e-05
334/348 [===========================>..] - ETA: 0s - batch_cost: 0.0136 - reader cost: 7.5436e-05
338/348 [============================>.] - ETA: 0s - batch_cost: 0.0136 - reader cost: 7.4543e-05
342/348 [============================>.] - ETA: 0s - batch_cost: 0.0136 - reader cost: 7.3671e-05
346/348 [============================>.] - ETA: 0s - batch_cost: 0.0136 - reader cost: 7.2820e-05
348/348 [==============================] - 5s 14ms/step - batch_cost: 0.0136 - reader cost: 7.5230e-05

  1/348 [..............................] - ETA: 6s - batch_cost: 0.0200 - reader cost: 0.0080
  5/348 [..............................] - ETA: 5s - batch_cost: 0.0151 - reader cost: 0.0018
  9/348 [..............................] - ETA: 5s - batch_cost: 0.0147 - reader cost: 0.0010
 13/348 [>.............................] - ETA: 4s - batch_cost: 0.0140 - reader cost: 6.9270e-04
 17/348 [>.............................] - ETA: 4s - batch_cost: 0.0142 - reader cost: 5.2971e-04
 21/348 [>.............................] - ETA: 4s - batch_cost: 0.0143 - reader cost: 4.2881e-04
 25/348 [=>............................] - ETA: 4s - batch_cost: 0.0142 - reader cost: 4.0049e-04
 29/348 [=>............................] - ETA: 4s - batch_cost: 0.0141 - reader cost: 3.4525e-04
 33/348 [=>............................] - ETA: 4s - batch_cost: 0.0140 - reader cost: 3.0340e-04
 37/348 [==>...........................] - ETA: 4s - batch_cost: 0.0138 - reader cost: 2.7060e-04
 41/348 [==>...........................] - ETA: 4s - batch_cost: 0.0138 - reader cost: 2.4420e-04
 45/348 [==>...........................] - ETA: 4s - batch_cost: 0.0137 - reader cost: 2.4476e-04
 50/348 [===>..........................] - ETA: 4s - batch_cost: 0.0136 - reader cost: 2.4054e-04
 54/348 [===>..........................] - ETA: 4s - batch_cost: 0.0137 - reader cost: 2.2272e-04
 58/348 [====>.........................] - ETA: 3s - batch_cost: 0.0136 - reader cost: 2.0736e-04
 62/348 [====>.........................] - ETA: 3s - batch_cost: 0.0136 - reader cost: 1.9398e-04
 66/348 [====>.........................] - ETA: 3s - batch_cost: 0.0135 - reader cost: 1.8222e-04
 70/348 [=====>........................] - ETA: 3s - batch_cost: 0.0135 - reader cost: 1.7181e-04
 74/348 [=====>........................] - ETA: 3s - batch_cost: 0.0134 - reader cost: 1.6988e-04
 78/348 [=====>........................] - ETA: 3s - batch_cost: 0.0134 - reader cost: 1.6117e-04
 82/348 [======>.......................] - ETA: 3s - batch_cost: 0.0134 - reader cost: 1.6549e-04
 86/348 [======>.......................] - ETA: 3s - batch_cost: 0.0134 - reader cost: 1.5780e-04
 91/348 [======>.......................] - ETA: 3s - batch_cost: 0.0133 - reader cost: 1.4913e-04
 95/348 [=======>......................] - ETA: 3s - batch_cost: 0.0133 - reader cost: 1.4285e-04
 99/348 [=======>......................] - ETA: 3s - batch_cost: 0.0133 - reader cost: 1.3708e-04
103/348 [=======>......................] - ETA: 3s - batch_cost: 0.0133 - reader cost: 1.3175e-04
107/348 [========>.....................] - ETA: 3s - batch_cost: 0.0133 - reader cost: 1.2683e-04
111/348 [========>.....................] - ETA: 3s - batch_cost: 0.0133 - reader cost: 1.2226e-04
115/348 [========>.....................] - ETA: 3s - batch_cost: 0.0133 - reader cost: 1.2670e-04
119/348 [=========>....................] - ETA: 3s - batch_cost: 0.0133 - reader cost: 1.2244e-04
123/348 [=========>....................] - ETA: 2s - batch_cost: 0.0133 - reader cost: 1.1846e-04
127/348 [=========>....................] - ETA: 2s - batch_cost: 0.0132 - reader cost: 1.2261e-04
131/348 [==========>...................] - ETA: 2s - batch_cost: 0.0133 - reader cost: 1.1886e-04
135/348 [==========>...................] - ETA: 2s - batch_cost: 0.0132 - reader cost: 1.1534e-04
139/348 [==========>...................] - ETA: 2s - batch_cost: 0.0133 - reader cost: 1.1202e-04
143/348 [===========>..................] - ETA: 2s - batch_cost: 0.0133 - reader cost: 1.0889e-04
147/348 [===========>..................] - ETA: 2s - batch_cost: 0.0133 - reader cost: 1.0592e-04
151/348 [============>.................] - ETA: 2s - batch_cost: 0.0133 - reader cost: 1.0312e-04
155/348 [============>.................] - ETA: 2s - batch_cost: 0.0133 - reader cost: 1.0046e-04
159/348 [============>.................] - ETA: 2s - batch_cost: 0.0133 - reader cost: 9.7930e-05
163/348 [=============>................] - ETA: 2s - batch_cost: 0.0133 - reader cost: 9.5527e-05
167/348 [=============>................] - ETA: 2s - batch_cost: 0.0133 - reader cost: 9.3239e-05
171/348 [=============>................] - ETA: 2s - batch_cost: 0.0133 - reader cost: 9.1058e-05
175/348 [==============>...............] - ETA: 2s - batch_cost: 0.0133 - reader cost: 8.8976e-05
179/348 [==============>...............] - ETA: 2s - batch_cost: 0.0133 - reader cost: 8.6988e-05
183/348 [==============>...............] - ETA: 2s - batch_cost: 0.0133 - reader cost: 8.5087e-05
187/348 [===============>..............] - ETA: 2s - batch_cost: 0.0133 - reader cost: 8.3267e-05
191/348 [===============>..............] - ETA: 2s - batch_cost: 0.0133 - reader cost: 8.1523e-05
196/348 [===============>..............] - ETA: 2s - batch_cost: 0.0133 - reader cost: 7.9443e-05
200/348 [================>.............] - ETA: 1s - batch_cost: 0.0133 - reader cost: 7.7854e-05
204/348 [================>.............] - ETA: 1s - batch_cost: 0.0133 - reader cost: 7.6328e-05
208/348 [================>.............] - ETA: 1s - batch_cost: 0.0133 - reader cost: 7.4860e-05
212/348 [=================>............] - ETA: 1s - batch_cost: 0.0133 - reader cost: 7.3448e-05
216/348 [=================>............] - ETA: 1s - batch_cost: 0.0133 - reader cost: 7.2087e-05
220/348 [=================>............] - ETA: 1s - batch_cost: 0.0132 - reader cost: 7.5428e-05
224/348 [==================>...........] - ETA: 1s - batch_cost: 0.0132 - reader cost: 7.8621e-05
228/348 [==================>...........] - ETA: 1s - batch_cost: 0.0132 - reader cost: 7.7241e-05
232/348 [===================>..........] - ETA: 1s - batch_cost: 0.0132 - reader cost: 7.8160e-05
236/348 [===================>..........] - ETA: 1s - batch_cost: 0.0132 - reader cost: 7.6835e-05
240/348 [===================>..........] - ETA: 1s - batch_cost: 0.0133 - reader cost: 7.5555e-05
244/348 [====================>.........] - ETA: 1s - batch_cost: 0.0133 - reader cost: 7.4316e-05
248/348 [====================>.........] - ETA: 1s - batch_cost: 0.0133 - reader cost: 7.3118e-05
252/348 [====================>.........] - ETA: 1s - batch_cost: 0.0133 - reader cost: 7.1957e-05
256/348 [=====================>........] - ETA: 1s - batch_cost: 0.0133 - reader cost: 7.0833e-05
260/348 [=====================>........] - ETA: 1s - batch_cost: 0.0133 - reader cost: 6.9743e-05
264/348 [=====================>........] - ETA: 1s - batch_cost: 0.0133 - reader cost: 6.8686e-05
268/348 [======================>.......] - ETA: 1s - batch_cost: 0.0133 - reader cost: 7.1389e-05
272/348 [======================>.......] - ETA: 1s - batch_cost: 0.0133 - reader cost: 7.0340e-05
276/348 [======================>.......] - ETA: 0s - batch_cost: 0.0133 - reader cost: 7.2941e-05
280/348 [=======================>......] - ETA: 0s - batch_cost: 0.0133 - reader cost: 7.5462e-05
284/348 [=======================>......] - ETA: 0s - batch_cost: 0.0133 - reader cost: 7.4399e-05
288/348 [=======================>......] - ETA: 0s - batch_cost: 0.0133 - reader cost: 7.3366e-05
292/348 [========================>.....] - ETA: 0s - batch_cost: 0.0133 - reader cost: 7.4156e-05
297/348 [========================>.....] - ETA: 0s - batch_cost: 0.0133 - reader cost: 7.2908e-05
301/348 [========================>.....] - ETA: 0s - batch_cost: 0.0133 - reader cost: 7.1939e-05
305/348 [=========================>....] - ETA: 0s - batch_cost: 0.0133 - reader cost: 7.0996e-05
309/348 [=========================>....] - ETA: 0s - batch_cost: 0.0133 - reader cost: 7.0077e-05
313/348 [=========================>....] - ETA: 0s - batch_cost: 0.0133 - reader cost: 6.9181e-05
317/348 [==========================>...] - ETA: 0s - batch_cost: 0.0133 - reader cost: 6.8308e-05
321/348 [==========================>...] - ETA: 0s - batch_cost: 0.0133 - reader cost: 7.0598e-05
325/348 [===========================>..] - ETA: 0s - batch_cost: 0.0133 - reader cost: 6.9729e-05
329/348 [===========================>..] - ETA: 0s - batch_cost: 0.0133 - reader cost: 6.8881e-05
333/348 [===========================>..] - ETA: 0s - batch_cost: 0.0133 - reader cost: 6.8054e-05
337/348 [============================>.] - ETA: 0s - batch_cost: 0.0133 - reader cost: 6.7246e-05
341/348 [============================>.] - ETA: 0s - batch_cost: 0.0133 - reader cost: 6.6457e-05
345/348 [============================>.] - ETA: 0s - batch_cost: 0.0134 - reader cost: 6.5687e-05
348/348 [==============================] - 5s 13ms/step - batch_cost: 0.0134 - reader cost: 6.5120e-05

  1/348 [..............................] - ETA: 7s - batch_cost: 0.0215 - reader cost: 0.0080
  4/348 [..............................] - ETA: 6s - batch_cost: 0.0189 - reader cost: 0.0020
  8/348 [..............................] - ETA: 5s - batch_cost: 0.0168 - reader cost: 0.0010
 12/348 [>.............................] - ETA: 5s - batch_cost: 0.0159 - reader cost: 6.6731e-04
 16/348 [>.............................] - ETA: 5s - batch_cost: 0.0152 - reader cost: 5.0049e-04
 20/348 [>.............................] - ETA: 4s - batch_cost: 0.0149 - reader cost: 4.0039e-04
 24/348 [=>............................] - ETA: 4s - batch_cost: 0.0149 - reader cost: 3.7570e-04
 28/348 [=>............................] - ETA: 4s - batch_cost: 0.0146 - reader cost: 3.2203e-04
 32/348 [=>............................] - ETA: 4s - batch_cost: 0.0145 - reader cost: 2.8177e-04
 36/348 [==>...........................] - ETA: 4s - batch_cost: 0.0144 - reader cost: 2.5047e-04
 40/348 [==>...........................] - ETA: 4s - batch_cost: 0.0144 - reader cost: 2.2542e-04
 44/348 [==>...........................] - ETA: 4s - batch_cost: 0.0144 - reader cost: 2.0493e-04
 48/348 [===>..........................] - ETA: 4s - batch_cost: 0.0143 - reader cost: 1.8785e-04
 52/348 [===>..........................] - ETA: 4s - batch_cost: 0.0142 - reader cost: 1.7340e-04
 56/348 [===>..........................] - ETA: 4s - batch_cost: 0.0141 - reader cost: 1.7887e-04
 60/348 [====>.........................] - ETA: 4s - batch_cost: 0.0141 - reader cost: 1.6694e-04
 64/348 [====>.........................] - ETA: 3s - batch_cost: 0.0140 - reader cost: 1.5651e-04
 68/348 [====>.........................] - ETA: 3s - batch_cost: 0.0140 - reader cost: 1.4730e-04
 72/348 [=====>........................] - ETA: 3s - batch_cost: 0.0140 - reader cost: 1.3912e-04
 76/348 [=====>........................] - ETA: 3s - batch_cost: 0.0139 - reader cost: 1.3180e-04
 80/348 [=====>........................] - ETA: 3s - batch_cost: 0.0140 - reader cost: 1.2521e-04
 84/348 [======>.......................] - ETA: 3s - batch_cost: 0.0140 - reader cost: 1.1924e-04
 88/348 [======>.......................] - ETA: 3s - batch_cost: 0.0140 - reader cost: 1.1382e-04
 92/348 [======>.......................] - ETA: 3s - batch_cost: 0.0140 - reader cost: 1.0887e-04
 96/348 [=======>......................] - ETA: 3s - batch_cost: 0.0139 - reader cost: 1.0434e-04
100/348 [=======>......................] - ETA: 3s - batch_cost: 0.0139 - reader cost: 1.0016e-04
105/348 [========>.....................] - ETA: 3s - batch_cost: 0.0138 - reader cost: 9.5395e-05
109/348 [========>.....................] - ETA: 3s - batch_cost: 0.0138 - reader cost: 9.1894e-05
113/348 [========>.....................] - ETA: 3s - batch_cost: 0.0138 - reader cost: 8.8641e-05
117/348 [=========>....................] - ETA: 3s - batch_cost: 0.0137 - reader cost: 8.5611e-05
121/348 [=========>....................] - ETA: 3s - batch_cost: 0.0137 - reader cost: 8.2781e-05
125/348 [=========>....................] - ETA: 3s - batch_cost: 0.0137 - reader cost: 8.0132e-05
129/348 [==========>...................] - ETA: 2s - batch_cost: 0.0137 - reader cost: 7.7647e-05
133/348 [==========>...................] - ETA: 2s - batch_cost: 0.0136 - reader cost: 7.5312e-05
137/348 [==========>...................] - ETA: 2s - batch_cost: 0.0136 - reader cost: 7.3113e-05
142/348 [===========>..................] - ETA: 2s - batch_cost: 0.0136 - reader cost: 7.0538e-05
146/348 [===========>..................] - ETA: 2s - batch_cost: 0.0136 - reader cost: 6.8606e-05
151/348 [============>.................] - ETA: 2s - batch_cost: 0.0135 - reader cost: 6.6334e-05
155/348 [============>.................] - ETA: 2s - batch_cost: 0.0135 - reader cost: 6.4622e-05
159/348 [============>.................] - ETA: 2s - batch_cost: 0.0135 - reader cost: 6.2996e-05
163/348 [=============>................] - ETA: 2s - batch_cost: 0.0135 - reader cost: 6.1451e-05
167/348 [=============>................] - ETA: 2s - batch_cost: 0.0135 - reader cost: 5.9979e-05
171/348 [=============>................] - ETA: 2s - batch_cost: 0.0135 - reader cost: 6.0989e-05
175/348 [==============>...............] - ETA: 2s - batch_cost: 0.0135 - reader cost: 5.9595e-05
179/348 [==============>...............] - ETA: 2s - batch_cost: 0.0135 - reader cost: 5.8263e-05
183/348 [==============>...............] - ETA: 2s - batch_cost: 0.0135 - reader cost: 5.6990e-05
187/348 [===============>..............] - ETA: 2s - batch_cost: 0.0135 - reader cost: 5.5771e-05
191/348 [===============>..............] - ETA: 2s - batch_cost: 0.0135 - reader cost: 5.4603e-05
195/348 [===============>..............] - ETA: 2s - batch_cost: 0.0135 - reader cost: 5.8569e-05
199/348 [================>.............] - ETA: 2s - batch_cost: 0.0135 - reader cost: 5.7392e-05
203/348 [================>.............] - ETA: 1s - batch_cost: 0.0135 - reader cost: 5.6261e-05
207/348 [================>.............] - ETA: 1s - batch_cost: 0.0135 - reader cost: 6.0000e-05
211/348 [=================>............] - ETA: 1s - batch_cost: 0.0135 - reader cost: 5.8862e-05
215/348 [=================>............] - ETA: 1s - batch_cost: 0.0135 - reader cost: 5.7767e-05
219/348 [=================>............] - ETA: 1s - batch_cost: 0.0135 - reader cost: 5.6712e-05
223/348 [==================>...........] - ETA: 1s - batch_cost: 0.0135 - reader cost: 5.5695e-05
227/348 [==================>...........] - ETA: 1s - batch_cost: 0.0135 - reader cost: 5.4713e-05
231/348 [==================>...........] - ETA: 1s - batch_cost: 0.0135 - reader cost: 5.3766e-05
235/348 [===================>..........] - ETA: 1s - batch_cost: 0.0135 - reader cost: 5.7104e-05
240/348 [===================>..........] - ETA: 1s - batch_cost: 0.0135 - reader cost: 5.5914e-05
244/348 [====================>.........] - ETA: 1s - batch_cost: 0.0134 - reader cost: 5.4997e-05
248/348 [====================>.........] - ETA: 1s - batch_cost: 0.0134 - reader cost: 5.4110e-05
252/348 [====================>.........] - ETA: 1s - batch_cost: 0.0134 - reader cost: 5.3252e-05
256/348 [=====================>........] - ETA: 1s - batch_cost: 0.0134 - reader cost: 5.2419e-05
260/348 [=====================>........] - ETA: 1s - batch_cost: 0.0134 - reader cost: 5.1613e-05
264/348 [=====================>........] - ETA: 1s - batch_cost: 0.0134 - reader cost: 5.0831e-05
268/348 [======================>.......] - ETA: 1s - batch_cost: 0.0134 - reader cost: 5.0072e-05
272/348 [======================>.......] - ETA: 1s - batch_cost: 0.0134 - reader cost: 5.2980e-05
276/348 [======================>.......] - ETA: 0s - batch_cost: 0.0134 - reader cost: 5.5834e-05
280/348 [=======================>......] - ETA: 0s - batch_cost: 0.0134 - reader cost: 5.5036e-05
284/348 [=======================>......] - ETA: 0s - batch_cost: 0.0134 - reader cost: 5.4261e-05
288/348 [=======================>......] - ETA: 0s - batch_cost: 0.0134 - reader cost: 5.3508e-05
292/348 [========================>.....] - ETA: 0s - batch_cost: 0.0134 - reader cost: 5.2775e-05
296/348 [========================>.....] - ETA: 0s - batch_cost: 0.0134 - reader cost: 5.2061e-05
300/348 [========================>.....] - ETA: 0s - batch_cost: 0.0134 - reader cost: 5.1367e-05
304/348 [=========================>....] - ETA: 0s - batch_cost: 0.0134 - reader cost: 5.3981e-05
308/348 [=========================>....] - ETA: 0s - batch_cost: 0.0134 - reader cost: 5.3280e-05
312/348 [=========================>....] - ETA: 0s - batch_cost: 0.0134 - reader cost: 5.2597e-05
316/348 [==========================>...] - ETA: 0s - batch_cost: 0.0134 - reader cost: 5.1931e-05
320/348 [==========================>...] - ETA: 0s - batch_cost: 0.0134 - reader cost: 5.1282e-05
324/348 [==========================>...] - ETA: 0s - batch_cost: 0.0134 - reader cost: 5.0649e-05
328/348 [===========================>..] - ETA: 0s - batch_cost: 0.0134 - reader cost: 5.0032e-05
332/348 [===========================>..] - ETA: 0s - batch_cost: 0.0134 - reader cost: 4.9429e-05
335/348 [===========================>..] - ETA: 0s - batch_cost: 0.0135 - reader cost: 4.8986e-05
338/348 [============================>.] - ETA: 0s - batch_cost: 0.0135 - reader cost: 4.8551e-05
341/348 [============================>.] - ETA: 0s - batch_cost: 0.0136 - reader cost: 5.1054e-05
345/348 [============================>.] - ETA: 0s - batch_cost: 0.0136 - reader cost: 5.0462e-05
348/348 [==============================] - 5s 14ms/step - batch_cost: 0.0136 - reader cost: 5.2884e-05

  1/348 [..............................] - ETA: 7s - batch_cost: 0.0222 - reader cost: 0.0071
  5/348 [..............................] - ETA: 5s - batch_cost: 0.0164 - reader cost: 0.0014
  9/348 [..............................] - ETA: 5s - batch_cost: 0.0149 - reader cost: 7.8805e-04
 13/348 [>.............................] - ETA: 4s - batch_cost: 0.0143 - reader cost: 5.4558e-04
 17/348 [>.............................] - ETA: 4s - batch_cost: 0.0139 - reader cost: 4.1720e-04
 21/348 [>.............................] - ETA: 4s - batch_cost: 0.0137 - reader cost: 3.3774e-04
 25/348 [=>............................] - ETA: 4s - batch_cost: 0.0137 - reader cost: 2.8370e-04
 29/348 [=>............................] - ETA: 4s - batch_cost: 0.0136 - reader cost: 2.4457e-04
 33/348 [=>............................] - ETA: 4s - batch_cost: 0.0136 - reader cost: 2.1492e-04
 37/348 [==>...........................] - ETA: 4s - batch_cost: 0.0136 - reader cost: 1.9169e-04
 41/348 [==>...........................] - ETA: 4s - batch_cost: 0.0135 - reader cost: 1.7299e-04
 45/348 [==>...........................] - ETA: 4s - batch_cost: 0.0135 - reader cost: 1.5761e-04
 49/348 [===>..........................] - ETA: 4s - batch_cost: 0.0136 - reader cost: 1.4474e-04
 53/348 [===>..........................] - ETA: 4s - batch_cost: 0.0136 - reader cost: 1.3382e-04
 57/348 [===>..........................] - ETA: 3s - batch_cost: 0.0136 - reader cost: 1.5965e-04
 61/348 [====>.........................] - ETA: 3s - batch_cost: 0.0137 - reader cost: 1.4918e-04
 65/348 [====>.........................] - ETA: 3s - batch_cost: 0.0136 - reader cost: 1.4000e-04
 69/348 [====>.........................] - ETA: 3s - batch_cost: 0.0138 - reader cost: 1.3189e-04
 73/348 [=====>........................] - ETA: 3s - batch_cost: 0.0137 - reader cost: 1.2466e-04
 77/348 [=====>........................] - ETA: 3s - batch_cost: 0.0137 - reader cost: 1.1818e-04
 81/348 [=====>........................] - ETA: 3s - batch_cost: 0.0137 - reader cost: 1.1235e-04
 85/348 [======>.......................] - ETA: 3s - batch_cost: 0.0137 - reader cost: 1.0706e-04
 89/348 [======>.......................] - ETA: 3s - batch_cost: 0.0137 - reader cost: 1.0225e-04
 93/348 [=======>......................] - ETA: 3s - batch_cost: 0.0137 - reader cost: 1.0863e-04
 97/348 [=======>......................] - ETA: 3s - batch_cost: 0.0137 - reader cost: 1.1469e-04
101/348 [=======>......................] - ETA: 3s - batch_cost: 0.0138 - reader cost: 1.1015e-04
105/348 [========>.....................] - ETA: 3s - batch_cost: 0.0138 - reader cost: 1.0595e-04
109/348 [========>.....................] - ETA: 3s - batch_cost: 0.0138 - reader cost: 1.0207e-04
113/348 [========>.....................] - ETA: 3s - batch_cost: 0.0138 - reader cost: 9.8452e-05
117/348 [=========>....................] - ETA: 3s - batch_cost: 0.0138 - reader cost: 1.0360e-04
121/348 [=========>....................] - ETA: 3s - batch_cost: 0.0139 - reader cost: 1.0018e-04
125/348 [=========>....................] - ETA: 3s - batch_cost: 0.0139 - reader cost: 9.6970e-05
129/348 [==========>...................] - ETA: 3s - batch_cost: 0.0139 - reader cost: 9.3963e-05
133/348 [==========>...................] - ETA: 3s - batch_cost: 0.0140 - reader cost: 9.1137e-05
138/348 [==========>...................] - ETA: 2s - batch_cost: 0.0139 - reader cost: 8.7835e-05
142/348 [===========>..................] - ETA: 2s - batch_cost: 0.0139 - reader cost: 8.5361e-05
146/348 [===========>..................] - ETA: 2s - batch_cost: 0.0139 - reader cost: 8.3022e-05
150/348 [===========>..................] - ETA: 2s - batch_cost: 0.0139 - reader cost: 8.4419e-05
154/348 [============>.................] - ETA: 2s - batch_cost: 0.0139 - reader cost: 8.2227e-05
158/348 [============>.................] - ETA: 2s - batch_cost: 0.0139 - reader cost: 8.6474e-05
162/348 [============>.................] - ETA: 2s - batch_cost: 0.0139 - reader cost: 8.4338e-05
166/348 [=============>................] - ETA: 2s - batch_cost: 0.0139 - reader cost: 8.2306e-05
170/348 [=============>................] - ETA: 2s - batch_cost: 0.0139 - reader cost: 8.0370e-05
174/348 [==============>...............] - ETA: 2s - batch_cost: 0.0139 - reader cost: 7.8522e-05
178/348 [==============>...............] - ETA: 2s - batch_cost: 0.0139 - reader cost: 7.6757e-05
182/348 [==============>...............] - ETA: 2s - batch_cost: 0.0139 - reader cost: 7.5070e-05
186/348 [===============>..............] - ETA: 2s - batch_cost: 0.0139 - reader cost: 7.3456e-05
190/348 [===============>..............] - ETA: 2s - batch_cost: 0.0139 - reader cost: 7.7181e-05
194/348 [===============>..............] - ETA: 2s - batch_cost: 0.0139 - reader cost: 7.5590e-05
198/348 [================>.............] - ETA: 2s - batch_cost: 0.0139 - reader cost: 7.9139e-05
202/348 [================>.............] - ETA: 2s - batch_cost: 0.0139 - reader cost: 7.7572e-05
206/348 [================>.............] - ETA: 1s - batch_cost: 0.0139 - reader cost: 7.6066e-05
210/348 [=================>............] - ETA: 1s - batch_cost: 0.0139 - reader cost: 7.4617e-05
214/348 [=================>............] - ETA: 1s - batch_cost: 0.0139 - reader cost: 7.3222e-05
218/348 [=================>............] - ETA: 1s - batch_cost: 0.0139 - reader cost: 7.1879e-05
222/348 [==================>...........] - ETA: 1s - batch_cost: 0.0139 - reader cost: 7.5138e-05
226/348 [==================>...........] - ETA: 1s - batch_cost: 0.0139 - reader cost: 7.3808e-05
230/348 [==================>...........] - ETA: 1s - batch_cost: 0.0139 - reader cost: 7.2525e-05
234/348 [===================>..........] - ETA: 1s - batch_cost: 0.0139 - reader cost: 7.1285e-05
238/348 [===================>..........] - ETA: 1s - batch_cost: 0.0139 - reader cost: 7.0087e-05
242/348 [===================>..........] - ETA: 1s - batch_cost: 0.0139 - reader cost: 6.8929e-05
246/348 [====================>.........] - ETA: 1s - batch_cost: 0.0138 - reader cost: 6.7808e-05
250/348 [====================>.........] - ETA: 1s - batch_cost: 0.0138 - reader cost: 6.6723e-05
254/348 [====================>.........] - ETA: 1s - batch_cost: 0.0138 - reader cost: 6.5672e-05
258/348 [=====================>........] - ETA: 1s - batch_cost: 0.0138 - reader cost: 6.4654e-05
262/348 [=====================>........] - ETA: 1s - batch_cost: 0.0138 - reader cost: 6.7477e-05
267/348 [======================>.......] - ETA: 1s - batch_cost: 0.0138 - reader cost: 6.9925e-05
272/348 [======================>.......] - ETA: 1s - batch_cost: 0.0138 - reader cost: 6.8640e-05
276/348 [======================>.......] - ETA: 0s - batch_cost: 0.0138 - reader cost: 6.7645e-05
280/348 [=======================>......] - ETA: 0s - batch_cost: 0.0137 - reader cost: 6.6679e-05
284/348 [=======================>......] - ETA: 0s - batch_cost: 0.0137 - reader cost: 6.5740e-05
288/348 [=======================>......] - ETA: 0s - batch_cost: 0.0137 - reader cost: 6.8329e-05
293/348 [========================>.....] - ETA: 0s - batch_cost: 0.0137 - reader cost: 6.7163e-05
297/348 [========================>.....] - ETA: 0s - batch_cost: 0.0137 - reader cost: 6.6259e-05
301/348 [========================>.....] - ETA: 0s - batch_cost: 0.0137 - reader cost: 6.5378e-05
305/348 [=========================>....] - ETA: 0s - batch_cost: 0.0137 - reader cost: 6.4521e-05
309/348 [=========================>....] - ETA: 0s - batch_cost: 0.0137 - reader cost: 6.3686e-05
313/348 [=========================>....] - ETA: 0s - batch_cost: 0.0136 - reader cost: 6.6063e-05
317/348 [==========================>...] - ETA: 0s - batch_cost: 0.0136 - reader cost: 6.5230e-05
321/348 [==========================>...] - ETA: 0s - batch_cost: 0.0136 - reader cost: 6.4417e-05
325/348 [===========================>..] - ETA: 0s - batch_cost: 0.0136 - reader cost: 6.3624e-05
329/348 [===========================>..] - ETA: 0s - batch_cost: 0.0136 - reader cost: 6.2850e-05
333/348 [===========================>..] - ETA: 0s - batch_cost: 0.0137 - reader cost: 6.2096e-05
337/348 [============================>.] - ETA: 0s - batch_cost: 0.0137 - reader cost: 6.1358e-05
341/348 [============================>.] - ETA: 0s - batch_cost: 0.0137 - reader cost: 6.0639e-05
345/348 [============================>.] - ETA: 0s - batch_cost: 0.0137 - reader cost: 5.9936e-05
348/348 [==============================] - 5s 14ms/step - batch_cost: 0.0137 - reader cost: 5.9419e-05

  1/348 [..............................] - ETA: 6s - batch_cost: 0.0195 - reader cost: 0.0077
  5/348 [..............................] - ETA: 5s - batch_cost: 0.0155 - reader cost: 0.0017
  9/348 [..............................] - ETA: 4s - batch_cost: 0.0146 - reader cost: 9.6941e-04
 13/348 [>.............................] - ETA: 4s - batch_cost: 0.0140 - reader cost: 6.7113e-04
 17/348 [>.............................] - ETA: 4s - batch_cost: 0.0139 - reader cost: 5.1322e-04
 21/348 [>.............................] - ETA: 4s - batch_cost: 0.0137 - reader cost: 4.1546e-04
 25/348 [=>............................] - ETA: 4s - batch_cost: 0.0136 - reader cost: 3.4899e-04
 29/348 [=>............................] - ETA: 4s - batch_cost: 0.0136 - reader cost: 3.0085e-04
 33/348 [=>............................] - ETA: 4s - batch_cost: 0.0136 - reader cost: 2.9469e-04
 37/348 [==>...........................] - ETA: 4s - batch_cost: 0.0136 - reader cost: 2.8979e-04
 41/348 [==>...........................] - ETA: 4s - batch_cost: 0.0136 - reader cost: 2.6152e-04
 45/348 [==>...........................] - ETA: 4s - batch_cost: 0.0135 - reader cost: 2.3827e-04
 49/348 [===>..........................] - ETA: 4s - batch_cost: 0.0135 - reader cost: 2.1882e-04
 53/348 [===>..........................] - ETA: 4s - batch_cost: 0.0135 - reader cost: 2.2107e-04
 57/348 [===>..........................] - ETA: 3s - batch_cost: 0.0135 - reader cost: 2.0555e-04
 61/348 [====>.........................] - ETA: 3s - batch_cost: 0.0134 - reader cost: 1.9208e-04
 65/348 [====>.........................] - ETA: 3s - batch_cost: 0.0134 - reader cost: 1.8026e-04
 69/348 [====>.........................] - ETA: 3s - batch_cost: 0.0134 - reader cost: 1.6981e-04
 73/348 [=====>........................] - ETA: 3s - batch_cost: 0.0134 - reader cost: 1.6050e-04
 77/348 [=====>........................] - ETA: 3s - batch_cost: 0.0134 - reader cost: 1.5216e-04
 81/348 [=====>........................] - ETA: 3s - batch_cost: 0.0134 - reader cost: 1.4465e-04
 85/348 [======>.......................] - ETA: 3s - batch_cost: 0.0134 - reader cost: 1.3784e-04
 89/348 [======>.......................] - ETA: 3s - batch_cost: 0.0134 - reader cost: 1.3165e-04
 93/348 [=======>......................] - ETA: 3s - batch_cost: 0.0135 - reader cost: 1.2598e-04
 97/348 [=======>......................] - ETA: 3s - batch_cost: 0.0135 - reader cost: 1.2079e-04
101/348 [=======>......................] - ETA: 3s - batch_cost: 0.0135 - reader cost: 1.1601e-04
105/348 [========>.....................] - ETA: 3s - batch_cost: 0.0136 - reader cost: 1.1159e-04
109/348 [========>.....................] - ETA: 3s - batch_cost: 0.0136 - reader cost: 1.0749e-04
113/348 [========>.....................] - ETA: 3s - batch_cost: 0.0136 - reader cost: 1.1253e-04
117/348 [=========>....................] - ETA: 3s - batch_cost: 0.0136 - reader cost: 1.1728e-04
121/348 [=========>....................] - ETA: 3s - batch_cost: 0.0135 - reader cost: 1.1340e-04
125/348 [=========>....................] - ETA: 3s - batch_cost: 0.0136 - reader cost: 1.1403e-04
129/348 [==========>...................] - ETA: 2s - batch_cost: 0.0136 - reader cost: 1.1823e-04
133/348 [==========>...................] - ETA: 2s - batch_cost: 0.0136 - reader cost: 1.2210e-04
137/348 [==========>...................] - ETA: 2s - batch_cost: 0.0136 - reader cost: 1.1854e-04
141/348 [===========>..................] - ETA: 2s - batch_cost: 0.0136 - reader cost: 1.1518e-04
145/348 [===========>..................] - ETA: 2s - batch_cost: 0.0136 - reader cost: 1.1200e-04
149/348 [===========>..................] - ETA: 2s - batch_cost: 0.0136 - reader cost: 1.0899e-04
154/348 [============>.................] - ETA: 2s - batch_cost: 0.0135 - reader cost: 1.0545e-04
158/348 [============>.................] - ETA: 2s - batch_cost: 0.0135 - reader cost: 1.0278e-04
162/348 [============>.................] - ETA: 2s - batch_cost: 0.0135 - reader cost: 1.0025e-04
166/348 [=============>................] - ETA: 2s - batch_cost: 0.0135 - reader cost: 9.7831e-05
170/348 [=============>................] - ETA: 2s - batch_cost: 0.0135 - reader cost: 9.5529e-05
174/348 [==============>...............] - ETA: 2s - batch_cost: 0.0135 - reader cost: 9.9081e-05
178/348 [==============>...............] - ETA: 2s - batch_cost: 0.0135 - reader cost: 9.6854e-05
182/348 [==============>...............] - ETA: 2s - batch_cost: 0.0135 - reader cost: 9.4726e-05
186/348 [===============>..............] - ETA: 2s - batch_cost: 0.0135 - reader cost: 9.8062e-05
190/348 [===============>..............] - ETA: 2s - batch_cost: 0.0135 - reader cost: 9.5997e-05
194/348 [===============>..............] - ETA: 2s - batch_cost: 0.0135 - reader cost: 9.4018e-05
198/348 [================>.............] - ETA: 2s - batch_cost: 0.0135 - reader cost: 9.2119e-05
202/348 [================>.............] - ETA: 1s - batch_cost: 0.0135 - reader cost: 1.0019e-04
206/348 [================>.............] - ETA: 1s - batch_cost: 0.0135 - reader cost: 9.8242e-05
210/348 [=================>............] - ETA: 1s - batch_cost: 0.0134 - reader cost: 9.6371e-05
214/348 [=================>............] - ETA: 1s - batch_cost: 0.0134 - reader cost: 9.9243e-05
218/348 [=================>............] - ETA: 1s - batch_cost: 0.0134 - reader cost: 9.7422e-05
222/348 [==================>...........] - ETA: 1s - batch_cost: 0.0134 - reader cost: 9.5667e-05
226/348 [==================>...........] - ETA: 1s - batch_cost: 0.0135 - reader cost: 9.3974e-05
231/348 [==================>...........] - ETA: 1s - batch_cost: 0.0134 - reader cost: 9.1940e-05
235/348 [===================>..........] - ETA: 1s - batch_cost: 0.0134 - reader cost: 9.0375e-05
239/348 [===================>..........] - ETA: 1s - batch_cost: 0.0134 - reader cost: 9.3045e-05
243/348 [===================>..........] - ETA: 1s - batch_cost: 0.0134 - reader cost: 9.1513e-05
247/348 [====================>.........] - ETA: 1s - batch_cost: 0.0134 - reader cost: 9.0031e-05
251/348 [====================>.........] - ETA: 1s - batch_cost: 0.0134 - reader cost: 8.8597e-05
255/348 [====================>.........] - ETA: 1s - batch_cost: 0.0134 - reader cost: 8.7207e-05
259/348 [=====================>........] - ETA: 1s - batch_cost: 0.0134 - reader cost: 8.9720e-05
263/348 [=====================>........] - ETA: 1s - batch_cost: 0.0134 - reader cost: 8.8355e-05
267/348 [======================>.......] - ETA: 1s - batch_cost: 0.0134 - reader cost: 8.7032e-05
271/348 [======================>.......] - ETA: 1s - batch_cost: 0.0134 - reader cost: 8.5747e-05
275/348 [======================>.......] - ETA: 0s - batch_cost: 0.0134 - reader cost: 8.4500e-05
279/348 [=======================>......] - ETA: 0s - batch_cost: 0.0134 - reader cost: 8.3288e-05
283/348 [=======================>......] - ETA: 0s - batch_cost: 0.0134 - reader cost: 8.4217e-05
287/348 [=======================>......] - ETA: 0s - batch_cost: 0.0134 - reader cost: 8.6557e-05
292/348 [========================>.....] - ETA: 0s - batch_cost: 0.0134 - reader cost: 8.5075e-05
296/348 [========================>.....] - ETA: 0s - batch_cost: 0.0134 - reader cost: 8.3925e-05
300/348 [========================>.....] - ETA: 0s - batch_cost: 0.0134 - reader cost: 8.2806e-05
304/348 [=========================>....] - ETA: 0s - batch_cost: 0.0134 - reader cost: 8.1716e-05
308/348 [=========================>....] - ETA: 0s - batch_cost: 0.0134 - reader cost: 8.0655e-05
312/348 [=========================>....] - ETA: 0s - batch_cost: 0.0134 - reader cost: 7.9621e-05
316/348 [==========================>...] - ETA: 0s - batch_cost: 0.0134 - reader cost: 7.8613e-05
320/348 [==========================>...] - ETA: 0s - batch_cost: 0.0134 - reader cost: 7.7631e-05
324/348 [==========================>...] - ETA: 0s - batch_cost: 0.0134 - reader cost: 7.6672e-05
328/348 [===========================>..] - ETA: 0s - batch_cost: 0.0134 - reader cost: 7.5737e-05
332/348 [===========================>..] - ETA: 0s - batch_cost: 0.0134 - reader cost: 7.4825e-05
336/348 [===========================>..] - ETA: 0s - batch_cost: 0.0134 - reader cost: 7.3934e-05
340/348 [============================>.] - ETA: 0s - batch_cost: 0.0135 - reader cost: 7.5999e-05
344/348 [============================>.] - ETA: 0s - batch_cost: 0.0135 - reader cost: 7.5115e-05
348/348 [==============================] - 5s 14ms/step - batch_cost: 0.0135 - reader cost: 7.4252e-05

  1/348 [..............................] - ETA: 7s - batch_cost: 0.0211 - reader cost: 0.0081
  5/348 [..............................] - ETA: 5s - batch_cost: 0.0164 - reader cost: 0.0018
  9/348 [..............................] - ETA: 5s - batch_cost: 0.0154 - reader cost: 0.0010
 13/348 [>.............................] - ETA: 4s - batch_cost: 0.0145 - reader cost: 6.9943e-04
 17/348 [>.............................] - ETA: 4s - batch_cost: 0.0142 - reader cost: 5.3486e-04
 21/348 [>.............................] - ETA: 4s - batch_cost: 0.0140 - reader cost: 4.3298e-04
 25/348 [=>............................] - ETA: 4s - batch_cost: 0.0139 - reader cost: 3.6370e-04
 29/348 [=>............................] - ETA: 4s - batch_cost: 0.0139 - reader cost: 3.1354e-04
 33/348 [=>............................] - ETA: 4s - batch_cost: 0.0140 - reader cost: 2.7553e-04
 37/348 [==>...........................] - ETA: 4s - batch_cost: 0.0139 - reader cost: 2.4575e-04
 41/348 [==>...........................] - ETA: 4s - batch_cost: 0.0138 - reader cost: 2.2177e-04
 45/348 [==>...........................] - ETA: 4s - batch_cost: 0.0138 - reader cost: 2.1334e-04
 49/348 [===>..........................] - ETA: 4s - batch_cost: 0.0138 - reader cost: 1.9593e-04
 53/348 [===>..........................] - ETA: 4s - batch_cost: 0.0139 - reader cost: 2.2885e-04
 58/348 [====>.........................] - ETA: 4s - batch_cost: 0.0138 - reader cost: 2.0913e-04
 62/348 [====>.........................] - ETA: 3s - batch_cost: 0.0138 - reader cost: 2.1188e-04
 66/348 [====>.........................] - ETA: 3s - batch_cost: 0.0137 - reader cost: 1.9904e-04
 70/348 [=====>........................] - ETA: 3s - batch_cost: 0.0137 - reader cost: 1.8767e-04
 74/348 [=====>........................] - ETA: 3s - batch_cost: 0.0137 - reader cost: 1.7752e-04
 78/348 [=====>........................] - ETA: 3s - batch_cost: 0.0137 - reader cost: 1.6842e-04
 82/348 [======>.......................] - ETA: 3s - batch_cost: 0.0137 - reader cost: 1.6020e-04
 86/348 [======>.......................] - ETA: 3s - batch_cost: 0.0137 - reader cost: 1.5275e-04
 90/348 [======>.......................] - ETA: 3s - batch_cost: 0.0137 - reader cost: 1.4596e-04
 94/348 [=======>......................] - ETA: 3s - batch_cost: 0.0136 - reader cost: 1.3975e-04
 99/348 [=======>......................] - ETA: 3s - batch_cost: 0.0136 - reader cost: 1.3269e-04
103/348 [=======>......................] - ETA: 3s - batch_cost: 0.0136 - reader cost: 1.2754e-04
107/348 [========>.....................] - ETA: 3s - batch_cost: 0.0135 - reader cost: 1.2277e-04
111/348 [========>.....................] - ETA: 3s - batch_cost: 0.0136 - reader cost: 1.1835e-04
115/348 [========>.....................] - ETA: 3s - batch_cost: 0.0136 - reader cost: 1.1423e-04
119/348 [=========>....................] - ETA: 3s - batch_cost: 0.0136 - reader cost: 1.1039e-04
123/348 [=========>....................] - ETA: 3s - batch_cost: 0.0136 - reader cost: 1.0680e-04
127/348 [=========>....................] - ETA: 3s - batch_cost: 0.0136 - reader cost: 1.0344e-04
131/348 [==========>...................] - ETA: 2s - batch_cost: 0.0136 - reader cost: 1.0028e-04
135/348 [==========>...................] - ETA: 2s - batch_cost: 0.0136 - reader cost: 1.0485e-04
139/348 [==========>...................] - ETA: 2s - batch_cost: 0.0136 - reader cost: 1.0183e-04
143/348 [===========>..................] - ETA: 2s - batch_cost: 0.0136 - reader cost: 9.8985e-05
147/348 [===========>..................] - ETA: 2s - batch_cost: 0.0136 - reader cost: 9.6292e-05
151/348 [============>.................] - ETA: 2s - batch_cost: 0.0136 - reader cost: 1.0048e-04
155/348 [============>.................] - ETA: 2s - batch_cost: 0.0136 - reader cost: 9.7892e-05
159/348 [============>.................] - ETA: 2s - batch_cost: 0.0136 - reader cost: 9.5429e-05
163/348 [=============>................] - ETA: 2s - batch_cost: 0.0136 - reader cost: 9.3087e-05
167/348 [=============>................] - ETA: 2s - batch_cost: 0.0135 - reader cost: 9.0857e-05
171/348 [=============>................] - ETA: 2s - batch_cost: 0.0135 - reader cost: 8.8732e-05
175/348 [==============>...............] - ETA: 2s - batch_cost: 0.0136 - reader cost: 8.6704e-05
180/348 [==============>...............] - ETA: 2s - batch_cost: 0.0135 - reader cost: 8.9921e-05
184/348 [==============>...............] - ETA: 2s - batch_cost: 0.0135 - reader cost: 8.7966e-05
188/348 [===============>..............] - ETA: 2s - batch_cost: 0.0135 - reader cost: 8.6094e-05
192/348 [===============>..............] - ETA: 2s - batch_cost: 0.0135 - reader cost: 8.4301e-05
196/348 [===============>..............] - ETA: 2s - batch_cost: 0.0135 - reader cost: 8.2580e-05
200/348 [================>.............] - ETA: 2s - batch_cost: 0.0135 - reader cost: 8.0929e-05
204/348 [================>.............] - ETA: 1s - batch_cost: 0.0135 - reader cost: 7.9342e-05
208/348 [================>.............] - ETA: 1s - batch_cost: 0.0135 - reader cost: 7.7816e-05
212/348 [=================>............] - ETA: 1s - batch_cost: 0.0135 - reader cost: 7.6348e-05
216/348 [=================>............] - ETA: 1s - batch_cost: 0.0135 - reader cost: 7.4934e-05
220/348 [=================>............] - ETA: 1s - batch_cost: 0.0136 - reader cost: 7.3572e-05
224/348 [==================>...........] - ETA: 1s - batch_cost: 0.0136 - reader cost: 7.2258e-05
228/348 [==================>...........] - ETA: 1s - batch_cost: 0.0136 - reader cost: 7.0990e-05
232/348 [===================>..........] - ETA: 1s - batch_cost: 0.0135 - reader cost: 7.4106e-05
236/348 [===================>..........] - ETA: 1s - batch_cost: 0.0136 - reader cost: 7.2850e-05
240/348 [===================>..........] - ETA: 1s - batch_cost: 0.0136 - reader cost: 7.1636e-05
244/348 [====================>.........] - ETA: 1s - batch_cost: 0.0136 - reader cost: 7.0461e-05
248/348 [====================>.........] - ETA: 1s - batch_cost: 0.0136 - reader cost: 6.9325e-05
252/348 [====================>.........] - ETA: 1s - batch_cost: 0.0136 - reader cost: 6.8225e-05
257/348 [=====================>........] - ETA: 1s - batch_cost: 0.0135 - reader cost: 6.6897e-05
261/348 [=====================>........] - ETA: 1s - batch_cost: 0.0135 - reader cost: 6.5872e-05
265/348 [=====================>........] - ETA: 1s - batch_cost: 0.0135 - reader cost: 6.8638e-05
269/348 [======================>.......] - ETA: 1s - batch_cost: 0.0135 - reader cost: 7.1376e-05
273/348 [======================>.......] - ETA: 1s - batch_cost: 0.0136 - reader cost: 7.0330e-05
277/348 [======================>.......] - ETA: 0s - batch_cost: 0.0136 - reader cost: 6.9314e-05
281/348 [=======================>......] - ETA: 0s - batch_cost: 0.0135 - reader cost: 6.8328e-05
286/348 [=======================>......] - ETA: 0s - batch_cost: 0.0135 - reader cost: 6.7133e-05
290/348 [========================>.....] - ETA: 0s - batch_cost: 0.0135 - reader cost: 6.6207e-05
295/348 [========================>.....] - ETA: 0s - batch_cost: 0.0135 - reader cost: 6.5085e-05
299/348 [========================>.....] - ETA: 0s - batch_cost: 0.0135 - reader cost: 6.4214e-05
303/348 [=========================>....] - ETA: 0s - batch_cost: 0.0135 - reader cost: 6.3367e-05
308/348 [=========================>....] - ETA: 0s - batch_cost: 0.0135 - reader cost: 6.2338e-05
312/348 [=========================>....] - ETA: 0s - batch_cost: 0.0135 - reader cost: 6.4785e-05
316/348 [==========================>...] - ETA: 0s - batch_cost: 0.0135 - reader cost: 6.3965e-05
320/348 [==========================>...] - ETA: 0s - batch_cost: 0.0135 - reader cost: 6.3165e-05
324/348 [==========================>...] - ETA: 0s - batch_cost: 0.0135 - reader cost: 6.2385e-05
328/348 [===========================>..] - ETA: 0s - batch_cost: 0.0135 - reader cost: 6.1625e-05
332/348 [===========================>..] - ETA: 0s - batch_cost: 0.0135 - reader cost: 6.0882e-05
336/348 [===========================>..] - ETA: 0s - batch_cost: 0.0135 - reader cost: 6.0157e-05
340/348 [============================>.] - ETA: 0s - batch_cost: 0.0136 - reader cost: 5.9450e-05
344/348 [============================>.] - ETA: 0s - batch_cost: 0.0136 - reader cost: 5.8758e-05
348/348 [==============================] - 5s 14ms/step - batch_cost: 0.0136 - reader cost: 5.8083e-05

  1/348 [..............................] - ETA: 7s - batch_cost: 0.0210 - reader cost: 0.0075
  5/348 [..............................] - ETA: 5s - batch_cost: 0.0158 - reader cost: 0.0015
 10/348 [..............................] - ETA: 4s - batch_cost: 0.0143 - reader cost: 7.5226e-04
 14/348 [>.............................] - ETA: 4s - batch_cost: 0.0139 - reader cost: 5.3733e-04
 18/348 [>.............................] - ETA: 4s - batch_cost: 0.0140 - reader cost: 4.1792e-04
 22/348 [>.............................] - ETA: 4s - batch_cost: 0.0140 - reader cost: 3.4194e-04
 26/348 [=>............................] - ETA: 4s - batch_cost: 0.0138 - reader cost: 2.8933e-04
 30/348 [=>............................] - ETA: 4s - batch_cost: 0.0137 - reader cost: 2.8412e-04
 34/348 [=>............................] - ETA: 4s - batch_cost: 0.0137 - reader cost: 2.5070e-04
 38/348 [==>...........................] - ETA: 4s - batch_cost: 0.0137 - reader cost: 2.2431e-04
 42/348 [==>...........................] - ETA: 4s - batch_cost: 0.0136 - reader cost: 2.0295e-04
 46/348 [==>...........................] - ETA: 4s - batch_cost: 0.0135 - reader cost: 1.8530e-04
 50/348 [===>..........................] - ETA: 4s - batch_cost: 0.0136 - reader cost: 1.7047e-04
 54/348 [===>..........................] - ETA: 3s - batch_cost: 0.0135 - reader cost: 1.6718e-04
 58/348 [====>.........................] - ETA: 3s - batch_cost: 0.0135 - reader cost: 1.5565e-04
 62/348 [====>.........................] - ETA: 3s - batch_cost: 0.0135 - reader cost: 1.4560e-04
 66/348 [====>.........................] - ETA: 3s - batch_cost: 0.0134 - reader cost: 1.3678e-04
 70/348 [=====>........................] - ETA: 3s - batch_cost: 0.0134 - reader cost: 1.2896e-04
 74/348 [=====>........................] - ETA: 3s - batch_cost: 0.0135 - reader cost: 1.2199e-04
 78/348 [=====>........................] - ETA: 3s - batch_cost: 0.0135 - reader cost: 1.1574e-04
 82/348 [======>.......................] - ETA: 3s - batch_cost: 0.0135 - reader cost: 1.1009e-04
 86/348 [======>.......................] - ETA: 3s - batch_cost: 0.0135 - reader cost: 1.0497e-04
 90/348 [======>.......................] - ETA: 3s - batch_cost: 0.0135 - reader cost: 1.0031e-04
 94/348 [=======>......................] - ETA: 3s - batch_cost: 0.0135 - reader cost: 9.6037e-05
 98/348 [=======>......................] - ETA: 3s - batch_cost: 0.0134 - reader cost: 9.2117e-05
102/348 [=======>......................] - ETA: 3s - batch_cost: 0.0134 - reader cost: 8.8505e-05
106/348 [========>.....................] - ETA: 3s - batch_cost: 0.0134 - reader cost: 8.5165e-05
110/348 [========>.....................] - ETA: 3s - batch_cost: 0.0134 - reader cost: 8.2068e-05
114/348 [========>.....................] - ETA: 3s - batch_cost: 0.0134 - reader cost: 8.7857e-05
118/348 [=========>....................] - ETA: 3s - batch_cost: 0.0134 - reader cost: 8.4879e-05
122/348 [=========>....................] - ETA: 3s - batch_cost: 0.0134 - reader cost: 8.2096e-05
126/348 [=========>....................] - ETA: 2s - batch_cost: 0.0134 - reader cost: 7.9490e-05
130/348 [==========>...................] - ETA: 2s - batch_cost: 0.0134 - reader cost: 7.7044e-05
134/348 [==========>...................] - ETA: 2s - batch_cost: 0.0133 - reader cost: 7.4744e-05
139/348 [==========>...................] - ETA: 2s - batch_cost: 0.0133 - reader cost: 7.2056e-05
143/348 [===========>..................] - ETA: 2s - batch_cost: 0.0133 - reader cost: 7.0040e-05
147/348 [===========>..................] - ETA: 2s - batch_cost: 0.0133 - reader cost: 6.8134e-05
151/348 [============>.................] - ETA: 2s - batch_cost: 0.0133 - reader cost: 6.6329e-05
154/348 [============>.................] - ETA: 2s - batch_cost: 0.0134 - reader cost: 7.1550e-05
158/348 [============>.................] - ETA: 2s - batch_cost: 0.0133 - reader cost: 6.9739e-05
162/348 [============>.................] - ETA: 2s - batch_cost: 0.0133 - reader cost: 6.8017e-05
166/348 [=============>................] - ETA: 2s - batch_cost: 0.0133 - reader cost: 6.6378e-05
170/348 [=============>................] - ETA: 2s - batch_cost: 0.0133 - reader cost: 6.4816e-05
174/348 [==============>...............] - ETA: 2s - batch_cost: 0.0134 - reader cost: 6.9006e-05
179/348 [==============>...............] - ETA: 2s - batch_cost: 0.0133 - reader cost: 6.7078e-05
183/348 [==============>...............] - ETA: 2s - batch_cost: 0.0133 - reader cost: 6.5612e-05
187/348 [===============>..............] - ETA: 2s - batch_cost: 0.0133 - reader cost: 6.4209e-05
191/348 [===============>..............] - ETA: 2s - batch_cost: 0.0133 - reader cost: 6.2864e-05
195/348 [===============>..............] - ETA: 2s - batch_cost: 0.0133 - reader cost: 6.1574e-05
199/348 [================>.............] - ETA: 1s - batch_cost: 0.0134 - reader cost: 6.0337e-05
203/348 [================>.............] - ETA: 1s - batch_cost: 0.0134 - reader cost: 5.9148e-05
207/348 [================>.............] - ETA: 1s - batch_cost: 0.0134 - reader cost: 5.8005e-05
211/348 [=================>............] - ETA: 1s - batch_cost: 0.0134 - reader cost: 5.6905e-05
215/348 [=================>............] - ETA: 1s - batch_cost: 0.0134 - reader cost: 5.5847e-05
219/348 [=================>............] - ETA: 1s - batch_cost: 0.0134 - reader cost: 5.4826e-05
223/348 [==================>...........] - ETA: 1s - batch_cost: 0.0134 - reader cost: 5.3843e-05
227/348 [==================>...........] - ETA: 1s - batch_cost: 0.0133 - reader cost: 5.2894e-05
231/348 [==================>...........] - ETA: 1s - batch_cost: 0.0133 - reader cost: 5.1978e-05
235/348 [===================>..........] - ETA: 1s - batch_cost: 0.0134 - reader cost: 5.5342e-05
239/348 [===================>..........] - ETA: 1s - batch_cost: 0.0133 - reader cost: 5.4415e-05
243/348 [===================>..........] - ETA: 1s - batch_cost: 0.0133 - reader cost: 5.7582e-05
247/348 [====================>.........] - ETA: 1s - batch_cost: 0.0134 - reader cost: 6.0751e-05
251/348 [====================>.........] - ETA: 1s - batch_cost: 0.0134 - reader cost: 5.9783e-05
255/348 [====================>.........] - ETA: 1s - batch_cost: 0.0133 - reader cost: 5.8845e-05
259/348 [=====================>........] - ETA: 1s - batch_cost: 0.0133 - reader cost: 5.7937e-05
263/348 [=====================>........] - ETA: 1s - batch_cost: 0.0133 - reader cost: 5.7055e-05
267/348 [======================>.......] - ETA: 1s - batch_cost: 0.0133 - reader cost: 5.6201e-05
271/348 [======================>.......] - ETA: 1s - batch_cost: 0.0133 - reader cost: 5.5371e-05
275/348 [======================>.......] - ETA: 0s - batch_cost: 0.0133 - reader cost: 5.4566e-05
279/348 [=======================>......] - ETA: 0s - batch_cost: 0.0133 - reader cost: 5.7365e-05
283/348 [=======================>......] - ETA: 0s - batch_cost: 0.0133 - reader cost: 5.6554e-05
287/348 [=======================>......] - ETA: 0s - batch_cost: 0.0133 - reader cost: 5.9253e-05
291/348 [========================>.....] - ETA: 0s - batch_cost: 0.0133 - reader cost: 5.8439e-05
295/348 [========================>.....] - ETA: 0s - batch_cost: 0.0133 - reader cost: 5.7646e-05
299/348 [========================>.....] - ETA: 0s - batch_cost: 0.0133 - reader cost: 5.6875e-05
303/348 [=========================>....] - ETA: 0s - batch_cost: 0.0133 - reader cost: 5.9421e-05
307/348 [=========================>....] - ETA: 0s - batch_cost: 0.0133 - reader cost: 5.8647e-05
312/348 [=========================>....] - ETA: 0s - batch_cost: 0.0133 - reader cost: 5.7707e-05
316/348 [==========================>...] - ETA: 0s - batch_cost: 0.0133 - reader cost: 6.1783e-05
320/348 [==========================>...] - ETA: 0s - batch_cost: 0.0133 - reader cost: 6.1011e-05
324/348 [==========================>...] - ETA: 0s - batch_cost: 0.0133 - reader cost: 6.0257e-05
328/348 [===========================>..] - ETA: 0s - batch_cost: 0.0133 - reader cost: 6.1846e-05
332/348 [===========================>..] - ETA: 0s - batch_cost: 0.0133 - reader cost: 6.1101e-05
335/348 [===========================>..] - ETA: 0s - batch_cost: 0.0134 - reader cost: 6.0553e-05
339/348 [============================>.] - ETA: 0s - batch_cost: 0.0134 - reader cost: 5.9839e-05
343/348 [============================>.] - ETA: 0s - batch_cost: 0.0134 - reader cost: 5.9141e-05
347/348 [============================>.] - ETA: 0s - batch_cost: 0.0134 - reader cost: 5.8459e-05
348/348 [==============================] - 5s 13ms/step - batch_cost: 0.0134 - reader cost: 5.8291e-05

  1/348 [..............................] - ETA: 7s - batch_cost: 0.0210 - reader cost: 0.0085
  5/348 [..............................] - ETA: 5s - batch_cost: 0.0156 - reader cost: 0.0017
  9/348 [..............................] - ETA: 4s - batch_cost: 0.0144 - reader cost: 9.4594e-04
 13/348 [>.............................] - ETA: 4s - batch_cost: 0.0140 - reader cost: 6.5488e-04
 17/348 [>.............................] - ETA: 4s - batch_cost: 0.0137 - reader cost: 5.3141e-04
 21/348 [>.............................] - ETA: 4s - batch_cost: 0.0136 - reader cost: 4.3019e-04
 25/348 [=>............................] - ETA: 4s - batch_cost: 0.0135 - reader cost: 4.0135e-04
 29/348 [=>............................] - ETA: 4s - batch_cost: 0.0135 - reader cost: 3.4599e-04
 33/348 [=>............................] - ETA: 4s - batch_cost: 0.0134 - reader cost: 3.0406e-04
 38/348 [==>...........................] - ETA: 4s - batch_cost: 0.0133 - reader cost: 2.6405e-04
 42/348 [==>...........................] - ETA: 4s - batch_cost: 0.0132 - reader cost: 2.3890e-04
 46/348 [==>...........................] - ETA: 4s - batch_cost: 0.0132 - reader cost: 2.1813e-04
 50/348 [===>..........................] - ETA: 3s - batch_cost: 0.0131 - reader cost: 2.0068e-04
 54/348 [===>..........................] - ETA: 3s - batch_cost: 0.0131 - reader cost: 2.0432e-04
 58/348 [====>.........................] - ETA: 3s - batch_cost: 0.0131 - reader cost: 1.9023e-04
 62/348 [====>.........................] - ETA: 3s - batch_cost: 0.0131 - reader cost: 1.7795e-04
 66/348 [====>.........................] - ETA: 3s - batch_cost: 0.0131 - reader cost: 1.8231e-04
 70/348 [=====>........................] - ETA: 3s - batch_cost: 0.0131 - reader cost: 1.7189e-04
 74/348 [=====>........................] - ETA: 3s - batch_cost: 0.0131 - reader cost: 1.6260e-04
 79/348 [=====>........................] - ETA: 3s - batch_cost: 0.0131 - reader cost: 1.6487e-04
 83/348 [======>.......................] - ETA: 3s - batch_cost: 0.0130 - reader cost: 1.5693e-04
 87/348 [======>.......................] - ETA: 3s - batch_cost: 0.0131 - reader cost: 1.4971e-04
 91/348 [======>.......................] - ETA: 3s - batch_cost: 0.0131 - reader cost: 1.4313e-04
 95/348 [=======>......................] - ETA: 3s - batch_cost: 0.0130 - reader cost: 1.3711e-04
 99/348 [=======>......................] - ETA: 3s - batch_cost: 0.0131 - reader cost: 1.3157e-04
103/348 [=======>......................] - ETA: 3s - batch_cost: 0.0131 - reader cost: 1.2646e-04
107/348 [========>.....................] - ETA: 3s - batch_cost: 0.0131 - reader cost: 1.2173e-04
111/348 [========>.....................] - ETA: 3s - batch_cost: 0.0131 - reader cost: 1.1734e-04
115/348 [========>.....................] - ETA: 3s - batch_cost: 0.0131 - reader cost: 1.1326e-04
119/348 [=========>....................] - ETA: 2s - batch_cost: 0.0130 - reader cost: 1.0945e-04
123/348 [=========>....................] - ETA: 2s - batch_cost: 0.0130 - reader cost: 1.0589e-04
127/348 [=========>....................] - ETA: 2s - batch_cost: 0.0130 - reader cost: 1.0256e-04
131/348 [==========>...................] - ETA: 2s - batch_cost: 0.0131 - reader cost: 1.0721e-04
136/348 [==========>...................] - ETA: 2s - batch_cost: 0.0130 - reader cost: 1.0327e-04
141/348 [===========>..................] - ETA: 2s - batch_cost: 0.0130 - reader cost: 9.9607e-05
145/348 [===========>..................] - ETA: 2s - batch_cost: 0.0130 - reader cost: 9.6859e-05
149/348 [===========>..................] - ETA: 2s - batch_cost: 0.0130 - reader cost: 9.4259e-05
153/348 [============>.................] - ETA: 2s - batch_cost: 0.0130 - reader cost: 9.1794e-05
157/348 [============>.................] - ETA: 2s - batch_cost: 0.0130 - reader cost: 8.9456e-05
161/348 [============>.................] - ETA: 2s - batch_cost: 0.0130 - reader cost: 8.7233e-05
165/348 [=============>................] - ETA: 2s - batch_cost: 0.0131 - reader cost: 8.5118e-05
169/348 [=============>................] - ETA: 2s - batch_cost: 0.0131 - reader cost: 8.3104e-05
173/348 [=============>................] - ETA: 2s - batch_cost: 0.0130 - reader cost: 8.1182e-05
177/348 [==============>...............] - ETA: 2s - batch_cost: 0.0130 - reader cost: 8.4994e-05
181/348 [==============>...............] - ETA: 2s - batch_cost: 0.0130 - reader cost: 8.6510e-05
185/348 [==============>...............] - ETA: 2s - batch_cost: 0.0130 - reader cost: 8.4640e-05
189/348 [===============>..............] - ETA: 2s - batch_cost: 0.0130 - reader cost: 8.2849e-05
193/348 [===============>..............] - ETA: 2s - batch_cost: 0.0130 - reader cost: 8.1131e-05
197/348 [===============>..............] - ETA: 1s - batch_cost: 0.0130 - reader cost: 7.9484e-05
201/348 [================>.............] - ETA: 1s - batch_cost: 0.0130 - reader cost: 7.7902e-05
205/348 [================>.............] - ETA: 1s - batch_cost: 0.0130 - reader cost: 7.6382e-05
209/348 [=================>............] - ETA: 1s - batch_cost: 0.0130 - reader cost: 7.9661e-05
213/348 [=================>............] - ETA: 1s - batch_cost: 0.0130 - reader cost: 7.8165e-05
218/348 [=================>............] - ETA: 1s - batch_cost: 0.0130 - reader cost: 7.6373e-05
222/348 [==================>...........] - ETA: 1s - batch_cost: 0.0130 - reader cost: 7.4997e-05
226/348 [==================>...........] - ETA: 1s - batch_cost: 0.0130 - reader cost: 7.3669e-05
230/348 [==================>...........] - ETA: 1s - batch_cost: 0.0130 - reader cost: 7.2388e-05
234/348 [===================>..........] - ETA: 1s - batch_cost: 0.0130 - reader cost: 7.1151e-05
239/348 [===================>..........] - ETA: 1s - batch_cost: 0.0130 - reader cost: 6.9662e-05
243/348 [===================>..........] - ETA: 1s - batch_cost: 0.0130 - reader cost: 7.2631e-05
247/348 [====================>.........] - ETA: 1s - batch_cost: 0.0129 - reader cost: 7.1455e-05
251/348 [====================>.........] - ETA: 1s - batch_cost: 0.0130 - reader cost: 7.0316e-05
255/348 [====================>.........] - ETA: 1s - batch_cost: 0.0130 - reader cost: 6.9213e-05
259/348 [=====================>........] - ETA: 1s - batch_cost: 0.0130 - reader cost: 6.8144e-05
263/348 [=====================>........] - ETA: 1s - batch_cost: 0.0130 - reader cost: 6.7108e-05
267/348 [======================>.......] - ETA: 1s - batch_cost: 0.0130 - reader cost: 6.6103e-05
272/348 [======================>.......] - ETA: 0s - batch_cost: 0.0129 - reader cost: 6.4888e-05
276/348 [======================>.......] - ETA: 0s - batch_cost: 0.0129 - reader cost: 6.3947e-05
281/348 [=======================>......] - ETA: 0s - batch_cost: 0.0129 - reader cost: 6.2809e-05
285/348 [=======================>......] - ETA: 0s - batch_cost: 0.0129 - reader cost: 6.1928e-05
289/348 [=======================>......] - ETA: 0s - batch_cost: 0.0129 - reader cost: 6.1071e-05
293/348 [========================>.....] - ETA: 0s - batch_cost: 0.0129 - reader cost: 6.0237e-05
297/348 [========================>.....] - ETA: 0s - batch_cost: 0.0129 - reader cost: 5.9426e-05
301/348 [========================>.....] - ETA: 0s - batch_cost: 0.0129 - reader cost: 5.8636e-05
305/348 [=========================>....] - ETA: 0s - batch_cost: 0.0129 - reader cost: 5.7867e-05
309/348 [=========================>....] - ETA: 0s - batch_cost: 0.0129 - reader cost: 6.0345e-05
313/348 [=========================>....] - ETA: 0s - batch_cost: 0.0130 - reader cost: 5.9574e-05
317/348 [==========================>...] - ETA: 0s - batch_cost: 0.0130 - reader cost: 5.8822e-05
321/348 [==========================>...] - ETA: 0s - batch_cost: 0.0130 - reader cost: 5.8089e-05
325/348 [===========================>..] - ETA: 0s - batch_cost: 0.0130 - reader cost: 5.7375e-05
329/348 [===========================>..] - ETA: 0s - batch_cost: 0.0130 - reader cost: 5.6677e-05
333/348 [===========================>..] - ETA: 0s - batch_cost: 0.0130 - reader cost: 5.5996e-05
336/348 [===========================>..] - ETA: 0s - batch_cost: 0.0131 - reader cost: 5.5496e-05
340/348 [============================>.] - ETA: 0s - batch_cost: 0.0131 - reader cost: 5.4843e-05
344/348 [============================>.] - ETA: 0s - batch_cost: 0.0131 - reader cost: 5.4206e-05
348/348 [==============================] - 5s 13ms/step - batch_cost: 0.0131 - reader cost: 5.3583e-05

  1/348 [..............................] - ETA: 7s - batch_cost: 0.0225 - reader cost: 0.0070
  5/348 [..............................] - ETA: 5s - batch_cost: 0.0166 - reader cost: 0.0014
  9/348 [..............................] - ETA: 5s - batch_cost: 0.0151 - reader cost: 8.8880e-04
 13/348 [>.............................] - ETA: 4s - batch_cost: 0.0146 - reader cost: 6.1532e-04
 17/348 [>.............................] - ETA: 4s - batch_cost: 0.0141 - reader cost: 4.7054e-04
 21/348 [>.............................] - ETA: 4s - batch_cost: 0.0142 - reader cost: 3.8091e-04
 25/348 [=>............................] - ETA: 4s - batch_cost: 0.0139 - reader cost: 3.1997e-04
 29/348 [=>............................] - ETA: 4s - batch_cost: 0.0138 - reader cost: 2.7583e-04
 33/348 [=>............................] - ETA: 4s - batch_cost: 0.0138 - reader cost: 3.0312e-04
 37/348 [==>...........................] - ETA: 4s - batch_cost: 0.0138 - reader cost: 2.7035e-04
 41/348 [==>...........................] - ETA: 4s - batch_cost: 0.0137 - reader cost: 2.4398e-04
 45/348 [==>...........................] - ETA: 4s - batch_cost: 0.0137 - reader cost: 2.2229e-04
 49/348 [===>..........................] - ETA: 4s - batch_cost: 0.0137 - reader cost: 2.0414e-04
 53/348 [===>..........................] - ETA: 4s - batch_cost: 0.0137 - reader cost: 1.8874e-04
 57/348 [===>..........................] - ETA: 3s - batch_cost: 0.0136 - reader cost: 1.7549e-04
 61/348 [====>.........................] - ETA: 3s - batch_cost: 0.0136 - reader cost: 1.6399e-04
 65/348 [====>.........................] - ETA: 3s - batch_cost: 0.0136 - reader cost: 1.5389e-04
 69/348 [====>.........................] - ETA: 3s - batch_cost: 0.0136 - reader cost: 1.4497e-04
 73/348 [=====>........................] - ETA: 3s - batch_cost: 0.0136 - reader cost: 1.3703e-04
 77/348 [=====>........................] - ETA: 3s - batch_cost: 0.0136 - reader cost: 1.2991e-04
 81/348 [=====>........................] - ETA: 3s - batch_cost: 0.0136 - reader cost: 1.3572e-04
 85/348 [======>.......................] - ETA: 3s - batch_cost: 0.0136 - reader cost: 1.2934e-04
 89/348 [======>.......................] - ETA: 3s - batch_cost: 0.0136 - reader cost: 1.2352e-04
 93/348 [=======>......................] - ETA: 3s - batch_cost: 0.0136 - reader cost: 1.1821e-04
 97/348 [=======>......................] - ETA: 3s - batch_cost: 0.0137 - reader cost: 1.1333e-04
101/348 [=======>......................] - ETA: 3s - batch_cost: 0.0137 - reader cost: 1.0885e-04
105/348 [========>.....................] - ETA: 3s - batch_cost: 0.0136 - reader cost: 1.0470e-04
109/348 [========>.....................] - ETA: 3s - batch_cost: 0.0136 - reader cost: 1.0086e-04
113/348 [========>.....................] - ETA: 3s - batch_cost: 0.0136 - reader cost: 9.7287e-05
117/348 [=========>....................] - ETA: 3s - batch_cost: 0.0136 - reader cost: 9.3961e-05
121/348 [=========>....................] - ETA: 3s - batch_cost: 0.0136 - reader cost: 9.0855e-05
125/348 [=========>....................] - ETA: 3s - batch_cost: 0.0135 - reader cost: 8.7948e-05
129/348 [==========>...................] - ETA: 2s - batch_cost: 0.0135 - reader cost: 8.5221e-05
133/348 [==========>...................] - ETA: 2s - batch_cost: 0.0135 - reader cost: 8.2658e-05
137/348 [==========>...................] - ETA: 2s - batch_cost: 0.0135 - reader cost: 8.0244e-05
141/348 [===========>..................] - ETA: 2s - batch_cost: 0.0135 - reader cost: 7.7968e-05
145/348 [===========>..................] - ETA: 2s - batch_cost: 0.0135 - reader cost: 7.5817e-05
149/348 [===========>..................] - ETA: 2s - batch_cost: 0.0136 - reader cost: 7.3782e-05
153/348 [============>.................] - ETA: 2s - batch_cost: 0.0135 - reader cost: 7.5170e-05
157/348 [============>.................] - ETA: 2s - batch_cost: 0.0136 - reader cost: 7.9627e-05
161/348 [============>.................] - ETA: 2s - batch_cost: 0.0135 - reader cost: 7.7649e-05
165/348 [=============>................] - ETA: 2s - batch_cost: 0.0136 - reader cost: 7.5767e-05
169/348 [=============>................] - ETA: 2s - batch_cost: 0.0136 - reader cost: 7.3973e-05
173/348 [=============>................] - ETA: 2s - batch_cost: 0.0136 - reader cost: 7.2263e-05
177/348 [==============>...............] - ETA: 2s - batch_cost: 0.0136 - reader cost: 7.0630e-05
181/348 [==============>...............] - ETA: 2s - batch_cost: 0.0135 - reader cost: 6.9069e-05
185/348 [==============>...............] - ETA: 2s - batch_cost: 0.0135 - reader cost: 7.3023e-05
189/348 [===============>..............] - ETA: 2s - batch_cost: 0.0135 - reader cost: 7.1478e-05
193/348 [===============>..............] - ETA: 2s - batch_cost: 0.0135 - reader cost: 6.9996e-05
197/348 [===============>..............] - ETA: 2s - batch_cost: 0.0135 - reader cost: 6.8575e-05
201/348 [================>.............] - ETA: 1s - batch_cost: 0.0135 - reader cost: 6.7210e-05
205/348 [================>.............] - ETA: 1s - batch_cost: 0.0135 - reader cost: 7.3305e-05
209/348 [=================>............] - ETA: 1s - batch_cost: 0.0135 - reader cost: 7.6684e-05
213/348 [=================>............] - ETA: 1s - batch_cost: 0.0135 - reader cost: 7.5244e-05
217/348 [=================>............] - ETA: 1s - batch_cost: 0.0135 - reader cost: 7.3857e-05
221/348 [==================>...........] - ETA: 1s - batch_cost: 0.0135 - reader cost: 7.2520e-05
225/348 [==================>...........] - ETA: 1s - batch_cost: 0.0135 - reader cost: 7.1231e-05
229/348 [==================>...........] - ETA: 1s - batch_cost: 0.0135 - reader cost: 6.9987e-05
233/348 [===================>..........] - ETA: 1s - batch_cost: 0.0135 - reader cost: 6.8785e-05
237/348 [===================>..........] - ETA: 1s - batch_cost: 0.0135 - reader cost: 6.7624e-05
241/348 [===================>..........] - ETA: 1s - batch_cost: 0.0135 - reader cost: 6.6502e-05
245/348 [====================>.........] - ETA: 1s - batch_cost: 0.0135 - reader cost: 6.5416e-05
249/348 [====================>.........] - ETA: 1s - batch_cost: 0.0135 - reader cost: 6.4365e-05
253/348 [====================>.........] - ETA: 1s - batch_cost: 0.0135 - reader cost: 6.3348e-05
257/348 [=====================>........] - ETA: 1s - batch_cost: 0.0135 - reader cost: 6.2362e-05
261/348 [=====================>........] - ETA: 1s - batch_cost: 0.0135 - reader cost: 6.1406e-05
265/348 [=====================>........] - ETA: 1s - batch_cost: 0.0135 - reader cost: 6.2469e-05
269/348 [======================>.......] - ETA: 1s - batch_cost: 0.0135 - reader cost: 6.3473e-05
273/348 [======================>.......] - ETA: 1s - batch_cost: 0.0135 - reader cost: 6.2543e-05
277/348 [======================>.......] - ETA: 0s - batch_cost: 0.0135 - reader cost: 6.1639e-05
281/348 [=======================>......] - ETA: 0s - batch_cost: 0.0135 - reader cost: 6.0762e-05
285/348 [=======================>......] - ETA: 0s - batch_cost: 0.0135 - reader cost: 5.9909e-05
289/348 [=======================>......] - ETA: 0s - batch_cost: 0.0135 - reader cost: 5.9080e-05
294/348 [========================>.....] - ETA: 0s - batch_cost: 0.0134 - reader cost: 5.8075e-05
298/348 [========================>.....] - ETA: 0s - batch_cost: 0.0134 - reader cost: 5.7296e-05
302/348 [=========================>....] - ETA: 0s - batch_cost: 0.0135 - reader cost: 6.1546e-05
306/348 [=========================>....] - ETA: 0s - batch_cost: 0.0135 - reader cost: 6.0741e-05
310/348 [=========================>....] - ETA: 0s - batch_cost: 0.0135 - reader cost: 5.9958e-05
314/348 [==========================>...] - ETA: 0s - batch_cost: 0.0135 - reader cost: 5.9194e-05
318/348 [==========================>...] - ETA: 0s - batch_cost: 0.0135 - reader cost: 5.8449e-05
322/348 [==========================>...] - ETA: 0s - batch_cost: 0.0135 - reader cost: 5.7723e-05
326/348 [===========================>..] - ETA: 0s - batch_cost: 0.0135 - reader cost: 5.7015e-05
330/348 [===========================>..] - ETA: 0s - batch_cost: 0.0135 - reader cost: 5.9353e-05
334/348 [===========================>..] - ETA: 0s - batch_cost: 0.0135 - reader cost: 6.1648e-05
338/348 [============================>.] - ETA: 0s - batch_cost: 0.0135 - reader cost: 6.0919e-05
342/348 [============================>.] - ETA: 0s - batch_cost: 0.0136 - reader cost: 6.0206e-05
346/348 [============================>.] - ETA: 0s - batch_cost: 0.0136 - reader cost: 5.9510e-05
348/348 [==============================] - 5s 14ms/step - batch_cost: 0.0136 - reader cost: 5.9168e-05

  1/348 [..............................] - ETA: 6s - batch_cost: 0.0200 - reader cost: 0.0080
  5/348 [..............................] - ETA: 5s - batch_cost: 0.0157 - reader cost: 0.0016
  9/348 [..............................] - ETA: 5s - batch_cost: 0.0150 - reader cost: 8.9055e-04
 13/348 [>.............................] - ETA: 4s - batch_cost: 0.0142 - reader cost: 6.1653e-04
 17/348 [>.............................] - ETA: 4s - batch_cost: 0.0139 - reader cost: 4.7147e-04
 21/348 [>.............................] - ETA: 4s - batch_cost: 0.0137 - reader cost: 3.8166e-04
 25/348 [=>............................] - ETA: 4s - batch_cost: 0.0136 - reader cost: 3.2060e-04
 30/348 [=>............................] - ETA: 4s - batch_cost: 0.0134 - reader cost: 2.6716e-04
 34/348 [=>............................] - ETA: 4s - batch_cost: 0.0134 - reader cost: 2.3573e-04
 38/348 [==>...........................] - ETA: 4s - batch_cost: 0.0134 - reader cost: 2.1092e-04
 42/348 [==>...........................] - ETA: 4s - batch_cost: 0.0133 - reader cost: 1.9083e-04
 46/348 [==>...........................] - ETA: 4s - batch_cost: 0.0133 - reader cost: 1.7424e-04
 50/348 [===>..........................] - ETA: 3s - batch_cost: 0.0133 - reader cost: 1.6030e-04
 54/348 [===>..........................] - ETA: 3s - batch_cost: 0.0133 - reader cost: 1.4842e-04
 58/348 [====>.........................] - ETA: 3s - batch_cost: 0.0132 - reader cost: 1.5539e-04
 62/348 [====>.........................] - ETA: 3s - batch_cost: 0.0132 - reader cost: 1.4537e-04
 66/348 [====>.........................] - ETA: 3s - batch_cost: 0.0132 - reader cost: 1.3656e-04
 70/348 [=====>........................] - ETA: 3s - batch_cost: 0.0132 - reader cost: 1.2875e-04
 74/348 [=====>........................] - ETA: 3s - batch_cost: 0.0132 - reader cost: 1.3520e-04
 78/348 [=====>........................] - ETA: 3s - batch_cost: 0.0132 - reader cost: 1.2826e-04
 82/348 [======>.......................] - ETA: 3s - batch_cost: 0.0131 - reader cost: 1.2201e-04
 86/348 [======>.......................] - ETA: 3s - batch_cost: 0.0132 - reader cost: 1.1633e-04
 90/348 [======>.......................] - ETA: 3s - batch_cost: 0.0131 - reader cost: 1.1116e-04
 94/348 [=======>......................] - ETA: 3s - batch_cost: 0.0132 - reader cost: 1.0643e-04
 98/348 [=======>......................] - ETA: 3s - batch_cost: 0.0131 - reader cost: 1.0209e-04
102/348 [=======>......................] - ETA: 3s - batch_cost: 0.0131 - reader cost: 1.0790e-04
106/348 [========>.....................] - ETA: 3s - batch_cost: 0.0131 - reader cost: 1.0382e-04
110/348 [========>.....................] - ETA: 3s - batch_cost: 0.0131 - reader cost: 1.0005e-04
114/348 [========>.....................] - ETA: 3s - batch_cost: 0.0131 - reader cost: 9.6539e-05
118/348 [=========>....................] - ETA: 3s - batch_cost: 0.0131 - reader cost: 1.0175e-04
122/348 [=========>....................] - ETA: 2s - batch_cost: 0.0131 - reader cost: 9.8412e-05
126/348 [=========>....................] - ETA: 2s - batch_cost: 0.0131 - reader cost: 9.5288e-05
130/348 [==========>...................] - ETA: 2s - batch_cost: 0.0132 - reader cost: 9.2356e-05
134/348 [==========>...................] - ETA: 2s - batch_cost: 0.0132 - reader cost: 8.9599e-05
138/348 [==========>...................] - ETA: 2s - batch_cost: 0.0132 - reader cost: 8.7002e-05
142/348 [===========>..................] - ETA: 2s - batch_cost: 0.0132 - reader cost: 8.4551e-05
146/348 [===========>..................] - ETA: 2s - batch_cost: 0.0132 - reader cost: 8.2235e-05
150/348 [===========>..................] - ETA: 2s - batch_cost: 0.0132 - reader cost: 8.0042e-05
154/348 [============>.................] - ETA: 2s - batch_cost: 0.0132 - reader cost: 7.7963e-05
158/348 [============>.................] - ETA: 2s - batch_cost: 0.0132 - reader cost: 7.5989e-05
163/348 [=============>................] - ETA: 2s - batch_cost: 0.0132 - reader cost: 8.2946e-05
167/348 [=============>................] - ETA: 2s - batch_cost: 0.0132 - reader cost: 8.0960e-05
171/348 [=============>................] - ETA: 2s - batch_cost: 0.0133 - reader cost: 7.9066e-05
175/348 [==============>...............] - ETA: 2s - batch_cost: 0.0133 - reader cost: 7.7259e-05
179/348 [==============>...............] - ETA: 2s - batch_cost: 0.0133 - reader cost: 7.5532e-05
183/348 [==============>...............] - ETA: 2s - batch_cost: 0.0133 - reader cost: 7.3881e-05
187/348 [===============>..............] - ETA: 2s - batch_cost: 0.0133 - reader cost: 7.2301e-05
191/348 [===============>..............] - ETA: 2s - batch_cost: 0.0133 - reader cost: 7.0787e-05
196/348 [===============>..............] - ETA: 2s - batch_cost: 0.0133 - reader cost: 7.4157e-05
200/348 [================>.............] - ETA: 1s - batch_cost: 0.0133 - reader cost: 7.7618e-05
204/348 [================>.............] - ETA: 1s - batch_cost: 0.0133 - reader cost: 7.6096e-05
208/348 [================>.............] - ETA: 1s - batch_cost: 0.0133 - reader cost: 7.4633e-05
212/348 [=================>............] - ETA: 1s - batch_cost: 0.0133 - reader cost: 7.3225e-05
216/348 [=================>............] - ETA: 1s - batch_cost: 0.0133 - reader cost: 7.1869e-05
220/348 [=================>............] - ETA: 1s - batch_cost: 0.0133 - reader cost: 7.0562e-05
225/348 [==================>...........] - ETA: 1s - batch_cost: 0.0133 - reader cost: 7.1248e-05
229/348 [==================>...........] - ETA: 1s - batch_cost: 0.0133 - reader cost: 7.0003e-05
233/348 [===================>..........] - ETA: 1s - batch_cost: 0.0133 - reader cost: 6.8802e-05
238/348 [===================>..........] - ETA: 1s - batch_cost: 0.0133 - reader cost: 6.7356e-05
242/348 [===================>..........] - ETA: 1s - batch_cost: 0.0133 - reader cost: 6.6243e-05
246/348 [====================>.........] - ETA: 1s - batch_cost: 0.0133 - reader cost: 6.5166e-05
250/348 [====================>.........] - ETA: 1s - batch_cost: 0.0133 - reader cost: 6.4123e-05
254/348 [====================>.........] - ETA: 1s - batch_cost: 0.0133 - reader cost: 6.3113e-05
258/348 [=====================>........] - ETA: 1s - batch_cost: 0.0133 - reader cost: 6.2135e-05
262/348 [=====================>........] - ETA: 1s - batch_cost: 0.0133 - reader cost: 6.1186e-05
266/348 [=====================>........] - ETA: 1s - batch_cost: 0.0133 - reader cost: 6.0266e-05
270/348 [======================>.......] - ETA: 1s - batch_cost: 0.0133 - reader cost: 6.3117e-05
274/348 [======================>.......] - ETA: 0s - batch_cost: 0.0133 - reader cost: 6.2196e-05
278/348 [======================>.......] - ETA: 0s - batch_cost: 0.0133 - reader cost: 6.1301e-05
282/348 [=======================>......] - ETA: 0s - batch_cost: 0.0133 - reader cost: 6.0432e-05
286/348 [=======================>......] - ETA: 0s - batch_cost: 0.0133 - reader cost: 5.9586e-05
290/348 [========================>.....] - ETA: 0s - batch_cost: 0.0133 - reader cost: 6.5637e-05
294/348 [========================>.....] - ETA: 0s - batch_cost: 0.0133 - reader cost: 6.4744e-05
298/348 [========================>.....] - ETA: 0s - batch_cost: 0.0133 - reader cost: 6.3875e-05
302/348 [=========================>....] - ETA: 0s - batch_cost: 0.0133 - reader cost: 6.3029e-05
306/348 [=========================>....] - ETA: 0s - batch_cost: 0.0133 - reader cost: 6.3864e-05
310/348 [=========================>....] - ETA: 0s - batch_cost: 0.0133 - reader cost: 6.3040e-05
314/348 [==========================>...] - ETA: 0s - batch_cost: 0.0133 - reader cost: 6.2237e-05
318/348 [==========================>...] - ETA: 0s - batch_cost: 0.0133 - reader cost: 6.1454e-05
322/348 [==========================>...] - ETA: 0s - batch_cost: 0.0133 - reader cost: 6.0691e-05
326/348 [===========================>..] - ETA: 0s - batch_cost: 0.0133 - reader cost: 5.9946e-05
330/348 [===========================>..] - ETA: 0s - batch_cost: 0.0133 - reader cost: 5.9220e-05
334/348 [===========================>..] - ETA: 0s - batch_cost: 0.0133 - reader cost: 5.8510e-05
337/348 [============================>.] - ETA: 0s - batch_cost: 0.0133 - reader cost: 5.7989e-05
340/348 [============================>.] - ETA: 0s - batch_cost: 0.0134 - reader cost: 5.7478e-05
344/348 [============================>.] - ETA: 0s - batch_cost: 0.0134 - reader cost: 5.6809e-05
348/348 [==============================] - 5s 13ms/step - batch_cost: 0.0134 - reader cost: 5.9016e-05

  1/348 [..............................] - ETA: 7s - batch_cost: 0.0219 - reader cost: 0.0079
  5/348 [..............................] - ETA: 5s - batch_cost: 0.0151 - reader cost: 0.0016
  9/348 [..............................] - ETA: 4s - batch_cost: 0.0143 - reader cost: 8.7396e-04
 13/348 [>.............................] - ETA: 4s - batch_cost: 0.0139 - reader cost: 6.0505e-04
 17/348 [>.............................] - ETA: 4s - batch_cost: 0.0137 - reader cost: 4.6269e-04
 21/348 [>.............................] - ETA: 4s - batch_cost: 0.0136 - reader cost: 3.7456e-04
 25/348 [=>............................] - ETA: 4s - batch_cost: 0.0136 - reader cost: 3.5508e-04
 29/348 [=>............................] - ETA: 4s - batch_cost: 0.0135 - reader cost: 3.0610e-04
 33/348 [=>............................] - ETA: 4s - batch_cost: 0.0135 - reader cost: 2.6900e-04
 37/348 [==>...........................] - ETA: 4s - batch_cost: 0.0136 - reader cost: 2.3992e-04
 41/348 [==>...........................] - ETA: 4s - batch_cost: 0.0136 - reader cost: 2.2940e-04
 45/348 [==>...........................] - ETA: 4s - batch_cost: 0.0135 - reader cost: 2.3129e-04
 49/348 [===>..........................] - ETA: 4s - batch_cost: 0.0134 - reader cost: 2.1241e-04
 53/348 [===>..........................] - ETA: 3s - batch_cost: 0.0135 - reader cost: 1.9638e-04
 57/348 [===>..........................] - ETA: 3s - batch_cost: 0.0134 - reader cost: 1.8260e-04
 61/348 [====>.........................] - ETA: 3s - batch_cost: 0.0134 - reader cost: 1.7062e-04
 65/348 [====>.........................] - ETA: 3s - batch_cost: 0.0134 - reader cost: 1.6012e-04
 69/348 [====>.........................] - ETA: 3s - batch_cost: 0.0134 - reader cost: 1.5084e-04
 73/348 [=====>........................] - ETA: 3s - batch_cost: 0.0134 - reader cost: 1.4257e-04
 77/348 [=====>........................] - ETA: 3s - batch_cost: 0.0134 - reader cost: 1.3517e-04
 81/348 [=====>........................] - ETA: 3s - batch_cost: 0.0134 - reader cost: 1.2849e-04
 85/348 [======>.......................] - ETA: 3s - batch_cost: 0.0134 - reader cost: 1.3435e-04
 89/348 [======>.......................] - ETA: 3s - batch_cost: 0.0135 - reader cost: 1.2831e-04
 93/348 [=======>......................] - ETA: 3s - batch_cost: 0.0135 - reader cost: 1.2279e-04
 97/348 [=======>......................] - ETA: 3s - batch_cost: 0.0135 - reader cost: 1.3847e-04
101/348 [=======>......................] - ETA: 3s - batch_cost: 0.0135 - reader cost: 1.3299e-04
105/348 [========>.....................] - ETA: 3s - batch_cost: 0.0135 - reader cost: 1.2792e-04
109/348 [========>.....................] - ETA: 3s - batch_cost: 0.0135 - reader cost: 1.2323e-04
113/348 [========>.....................] - ETA: 3s - batch_cost: 0.0136 - reader cost: 1.1887e-04
117/348 [=========>....................] - ETA: 3s - batch_cost: 0.0136 - reader cost: 1.1480e-04
121/348 [=========>....................] - ETA: 3s - batch_cost: 0.0136 - reader cost: 1.1101e-04
125/348 [=========>....................] - ETA: 3s - batch_cost: 0.0136 - reader cost: 1.0745e-04
129/348 [==========>...................] - ETA: 2s - batch_cost: 0.0136 - reader cost: 1.1188e-04
133/348 [==========>...................] - ETA: 2s - batch_cost: 0.0136 - reader cost: 1.0851e-04
137/348 [==========>...................] - ETA: 2s - batch_cost: 0.0135 - reader cost: 1.0534e-04
141/348 [===========>..................] - ETA: 2s - batch_cost: 0.0135 - reader cost: 1.0236e-04
145/348 [===========>..................] - ETA: 2s - batch_cost: 0.0135 - reader cost: 9.9532e-05
149/348 [===========>..................] - ETA: 2s - batch_cost: 0.0135 - reader cost: 9.6860e-05
153/348 [============>.................] - ETA: 2s - batch_cost: 0.0135 - reader cost: 9.4328e-05
157/348 [============>.................] - ETA: 2s - batch_cost: 0.0135 - reader cost: 9.1925e-05
162/348 [============>.................] - ETA: 2s - batch_cost: 0.0135 - reader cost: 8.9088e-05
166/348 [=============>................] - ETA: 2s - batch_cost: 0.0135 - reader cost: 8.6941e-05
170/348 [=============>................] - ETA: 2s - batch_cost: 0.0135 - reader cost: 8.4895e-05
174/348 [==============>...............] - ETA: 2s - batch_cost: 0.0135 - reader cost: 8.2944e-05
179/348 [==============>...............] - ETA: 2s - batch_cost: 0.0134 - reader cost: 8.0627e-05
183/348 [==============>...............] - ETA: 2s - batch_cost: 0.0134 - reader cost: 7.8864e-05
187/348 [===============>..............] - ETA: 2s - batch_cost: 0.0134 - reader cost: 7.7177e-05
191/348 [===============>..............] - ETA: 2s - batch_cost: 0.0134 - reader cost: 8.0750e-05
196/348 [===============>..............] - ETA: 2s - batch_cost: 0.0134 - reader cost: 7.8690e-05
200/348 [================>.............] - ETA: 1s - batch_cost: 0.0134 - reader cost: 8.2164e-05
204/348 [================>.............] - ETA: 1s - batch_cost: 0.0134 - reader cost: 8.0553e-05
208/348 [================>.............] - ETA: 1s - batch_cost: 0.0134 - reader cost: 7.9004e-05
212/348 [=================>............] - ETA: 1s - batch_cost: 0.0134 - reader cost: 7.7513e-05
216/348 [=================>............] - ETA: 1s - batch_cost: 0.0134 - reader cost: 7.6078e-05
220/348 [=================>............] - ETA: 1s - batch_cost: 0.0134 - reader cost: 7.4694e-05
224/348 [==================>...........] - ETA: 1s - batch_cost: 0.0134 - reader cost: 7.7879e-05
228/348 [==================>...........] - ETA: 1s - batch_cost: 0.0134 - reader cost: 7.6512e-05
232/348 [===================>..........] - ETA: 1s - batch_cost: 0.0134 - reader cost: 7.5193e-05
236/348 [===================>..........] - ETA: 1s - batch_cost: 0.0134 - reader cost: 7.3919e-05
240/348 [===================>..........] - ETA: 1s - batch_cost: 0.0135 - reader cost: 7.2687e-05
244/348 [====================>.........] - ETA: 1s - batch_cost: 0.0134 - reader cost: 7.1495e-05
248/348 [====================>.........] - ETA: 1s - batch_cost: 0.0134 - reader cost: 7.0342e-05
252/348 [====================>.........] - ETA: 1s - batch_cost: 0.0134 - reader cost: 6.9226e-05
256/348 [=====================>........] - ETA: 1s - batch_cost: 0.0134 - reader cost: 6.8144e-05
260/348 [=====================>........] - ETA: 1s - batch_cost: 0.0134 - reader cost: 6.7096e-05
264/348 [=====================>........] - ETA: 1s - batch_cost: 0.0134 - reader cost: 6.6079e-05
268/348 [======================>.......] - ETA: 1s - batch_cost: 0.0134 - reader cost: 6.5093e-05
272/348 [======================>.......] - ETA: 1s - batch_cost: 0.0134 - reader cost: 6.4135e-05
276/348 [======================>.......] - ETA: 0s - batch_cost: 0.0134 - reader cost: 6.3206e-05
280/348 [=======================>......] - ETA: 0s - batch_cost: 0.0134 - reader cost: 6.2303e-05
285/348 [=======================>......] - ETA: 0s - batch_cost: 0.0134 - reader cost: 6.4716e-05
289/348 [=======================>......] - ETA: 0s - batch_cost: 0.0134 - reader cost: 6.3820e-05
293/348 [========================>.....] - ETA: 0s - batch_cost: 0.0134 - reader cost: 6.2949e-05
297/348 [========================>.....] - ETA: 0s - batch_cost: 0.0134 - reader cost: 6.2101e-05
301/348 [========================>.....] - ETA: 0s - batch_cost: 0.0134 - reader cost: 6.1276e-05
305/348 [=========================>....] - ETA: 0s - batch_cost: 0.0134 - reader cost: 6.0472e-05
309/348 [=========================>....] - ETA: 0s - batch_cost: 0.0134 - reader cost: 5.9690e-05
313/348 [=========================>....] - ETA: 0s - batch_cost: 0.0134 - reader cost: 5.8927e-05
317/348 [==========================>...] - ETA: 0s - batch_cost: 0.0134 - reader cost: 5.8183e-05
321/348 [==========================>...] - ETA: 0s - batch_cost: 0.0134 - reader cost: 5.7458e-05
325/348 [===========================>..] - ETA: 0s - batch_cost: 0.0134 - reader cost: 5.9888e-05
329/348 [===========================>..] - ETA: 0s - batch_cost: 0.0134 - reader cost: 5.9160e-05
333/348 [===========================>..] - ETA: 0s - batch_cost: 0.0135 - reader cost: 5.8449e-05
336/348 [===========================>..] - ETA: 0s - batch_cost: 0.0135 - reader cost: 5.7927e-05
340/348 [============================>.] - ETA: 0s - batch_cost: 0.0135 - reader cost: 5.7246e-05
344/348 [============================>.] - ETA: 0s - batch_cost: 0.0135 - reader cost: 5.6580e-05
348/348 [==============================] - 5s 14ms/step - batch_cost: 0.0135 - reader cost: 5.5930e-05

  1/348 [..............................] - ETA: 7s - batch_cost: 0.0216 - reader cost: 0.0070
  5/348 [..............................] - ETA: 5s - batch_cost: 0.0159 - reader cost: 0.0014
  9/348 [..............................] - ETA: 5s - batch_cost: 0.0155 - reader cost: 7.7780e-04
 13/348 [>.............................] - ETA: 4s - batch_cost: 0.0148 - reader cost: 5.3848e-04
 17/348 [>.............................] - ETA: 4s - batch_cost: 0.0144 - reader cost: 4.1178e-04
 21/348 [>.............................] - ETA: 4s - batch_cost: 0.0140 - reader cost: 3.3334e-04
 25/348 [=>............................] - ETA: 4s - batch_cost: 0.0138 - reader cost: 2.8001e-04
 29/348 [=>............................] - ETA: 4s - batch_cost: 0.0137 - reader cost: 2.4139e-04
 33/348 [=>............................] - ETA: 4s - batch_cost: 0.0137 - reader cost: 2.1213e-04
 37/348 [==>...........................] - ETA: 4s - batch_cost: 0.0138 - reader cost: 2.3011e-04
 41/348 [==>...........................] - ETA: 4s - batch_cost: 0.0137 - reader cost: 2.0766e-04
 45/348 [==>...........................] - ETA: 4s - batch_cost: 0.0136 - reader cost: 1.8920e-04
 49/348 [===>..........................] - ETA: 4s - batch_cost: 0.0136 - reader cost: 1.7375e-04
 53/348 [===>..........................] - ETA: 4s - batch_cost: 0.0136 - reader cost: 1.6064e-04
 58/348 [====>.........................] - ETA: 3s - batch_cost: 0.0134 - reader cost: 1.4679e-04
 63/348 [====>.........................] - ETA: 3s - batch_cost: 0.0134 - reader cost: 1.5087e-04
 67/348 [====>.........................] - ETA: 3s - batch_cost: 0.0133 - reader cost: 1.4186e-04
 71/348 [=====>........................] - ETA: 3s - batch_cost: 0.0133 - reader cost: 1.3387e-04
 75/348 [=====>........................] - ETA: 3s - batch_cost: 0.0133 - reader cost: 1.2673e-04
 79/348 [=====>........................] - ETA: 3s - batch_cost: 0.0133 - reader cost: 1.4087e-04
 83/348 [======>.......................] - ETA: 3s - batch_cost: 0.0133 - reader cost: 1.3408e-04
 87/348 [======>.......................] - ETA: 3s - batch_cost: 0.0133 - reader cost: 1.2792e-04
 91/348 [======>.......................] - ETA: 3s - batch_cost: 0.0133 - reader cost: 1.2229e-04
 95/348 [=======>......................] - ETA: 3s - batch_cost: 0.0133 - reader cost: 1.3297e-04
100/348 [=======>......................] - ETA: 3s - batch_cost: 0.0132 - reader cost: 1.2632e-04
104/348 [=======>......................] - ETA: 3s - batch_cost: 0.0132 - reader cost: 1.3108e-04
108/348 [========>.....................] - ETA: 3s - batch_cost: 0.0132 - reader cost: 1.2622e-04
112/348 [========>.....................] - ETA: 3s - batch_cost: 0.0132 - reader cost: 1.2171e-04
116/348 [=========>....................] - ETA: 3s - batch_cost: 0.0132 - reader cost: 1.1752e-04
120/348 [=========>....................] - ETA: 3s - batch_cost: 0.0132 - reader cost: 1.1360e-04
124/348 [=========>....................] - ETA: 2s - batch_cost: 0.0132 - reader cost: 1.1797e-04
128/348 [==========>...................] - ETA: 2s - batch_cost: 0.0132 - reader cost: 1.1428e-04
133/348 [==========>...................] - ETA: 2s - batch_cost: 0.0132 - reader cost: 1.0999e-04
137/348 [==========>...................] - ETA: 2s - batch_cost: 0.0133 - reader cost: 1.0678e-04
141/348 [===========>..................] - ETA: 2s - batch_cost: 0.0133 - reader cost: 1.1090e-04
145/348 [===========>..................] - ETA: 2s - batch_cost: 0.0133 - reader cost: 1.1822e-04
149/348 [===========>..................] - ETA: 2s - batch_cost: 0.0133 - reader cost: 1.2175e-04
153/348 [============>.................] - ETA: 2s - batch_cost: 0.0133 - reader cost: 1.1857e-04
157/348 [============>.................] - ETA: 2s - batch_cost: 0.0133 - reader cost: 1.1555e-04
161/348 [============>.................] - ETA: 2s - batch_cost: 0.0132 - reader cost: 1.1268e-04
165/348 [=============>................] - ETA: 2s - batch_cost: 0.0132 - reader cost: 1.0995e-04
169/348 [=============>................] - ETA: 2s - batch_cost: 0.0132 - reader cost: 1.0734e-04
173/348 [=============>................] - ETA: 2s - batch_cost: 0.0132 - reader cost: 1.0486e-04
178/348 [==============>...............] - ETA: 2s - batch_cost: 0.0132 - reader cost: 1.0192e-04
182/348 [==============>...............] - ETA: 2s - batch_cost: 0.0132 - reader cost: 9.9677e-05
186/348 [===============>..............] - ETA: 2s - batch_cost: 0.0132 - reader cost: 9.7534e-05
190/348 [===============>..............] - ETA: 2s - batch_cost: 0.0132 - reader cost: 1.0079e-04
194/348 [===============>..............] - ETA: 2s - batch_cost: 0.0132 - reader cost: 1.0387e-04
198/348 [================>.............] - ETA: 1s - batch_cost: 0.0131 - reader cost: 1.0178e-04
202/348 [================>.............] - ETA: 1s - batch_cost: 0.0131 - reader cost: 9.9760e-05
206/348 [================>.............] - ETA: 1s - batch_cost: 0.0131 - reader cost: 1.0028e-04
210/348 [=================>............] - ETA: 1s - batch_cost: 0.0131 - reader cost: 9.8372e-05
214/348 [=================>............] - ETA: 1s - batch_cost: 0.0131 - reader cost: 9.6533e-05
219/348 [=================>............] - ETA: 1s - batch_cost: 0.0131 - reader cost: 9.4329e-05
223/348 [==================>...........] - ETA: 1s - batch_cost: 0.0131 - reader cost: 9.7105e-05
227/348 [==================>...........] - ETA: 1s - batch_cost: 0.0131 - reader cost: 9.9797e-05
231/348 [==================>...........] - ETA: 1s - batch_cost: 0.0131 - reader cost: 9.8068e-05
235/348 [===================>..........] - ETA: 1s - batch_cost: 0.0131 - reader cost: 9.6399e-05
239/348 [===================>..........] - ETA: 1s - batch_cost: 0.0131 - reader cost: 9.4786e-05
243/348 [===================>..........] - ETA: 1s - batch_cost: 0.0131 - reader cost: 9.3226e-05
247/348 [====================>.........] - ETA: 1s - batch_cost: 0.0132 - reader cost: 9.1716e-05
251/348 [====================>.........] - ETA: 1s - batch_cost: 0.0132 - reader cost: 9.0254e-05
255/348 [====================>.........] - ETA: 1s - batch_cost: 0.0132 - reader cost: 8.8839e-05
259/348 [=====================>........] - ETA: 1s - batch_cost: 0.0132 - reader cost: 9.1327e-05
263/348 [=====================>........] - ETA: 1s - batch_cost: 0.0132 - reader cost: 8.9938e-05
267/348 [======================>.......] - ETA: 1s - batch_cost: 0.0132 - reader cost: 8.8591e-05
271/348 [======================>.......] - ETA: 1s - batch_cost: 0.0132 - reader cost: 8.7283e-05
275/348 [======================>.......] - ETA: 0s - batch_cost: 0.0132 - reader cost: 8.6014e-05
279/348 [=======================>......] - ETA: 0s - batch_cost: 0.0132 - reader cost: 8.4780e-05
284/348 [=======================>......] - ETA: 0s - batch_cost: 0.0132 - reader cost: 8.6808e-05
288/348 [=======================>......] - ETA: 0s - batch_cost: 0.0132 - reader cost: 8.5602e-05
292/348 [========================>.....] - ETA: 0s - batch_cost: 0.0132 - reader cost: 8.4430e-05
296/348 [========================>.....] - ETA: 0s - batch_cost: 0.0132 - reader cost: 8.5068e-05
300/348 [========================>.....] - ETA: 0s - batch_cost: 0.0132 - reader cost: 8.3934e-05
304/348 [=========================>....] - ETA: 0s - batch_cost: 0.0132 - reader cost: 8.2829e-05
308/348 [=========================>....] - ETA: 0s - batch_cost: 0.0132 - reader cost: 8.1754e-05
312/348 [=========================>....] - ETA: 0s - batch_cost: 0.0132 - reader cost: 8.0705e-05
316/348 [==========================>...] - ETA: 0s - batch_cost: 0.0132 - reader cost: 7.9684e-05
320/348 [==========================>...] - ETA: 0s - batch_cost: 0.0132 - reader cost: 7.8688e-05
324/348 [==========================>...] - ETA: 0s - batch_cost: 0.0132 - reader cost: 7.7716e-05
328/348 [===========================>..] - ETA: 0s - batch_cost: 0.0132 - reader cost: 7.6769e-05
332/348 [===========================>..] - ETA: 0s - batch_cost: 0.0132 - reader cost: 7.5844e-05
336/348 [===========================>..] - ETA: 0s - batch_cost: 0.0132 - reader cost: 7.4941e-05
340/348 [============================>.] - ETA: 0s - batch_cost: 0.0133 - reader cost: 7.4059e-05
344/348 [============================>.] - ETA: 0s - batch_cost: 0.0133 - reader cost: 7.3198e-05
348/348 [==============================] - 5s 13ms/step - batch_cost: 0.0133 - reader cost: 7.2357e-05

  1/348 [..............................] - ETA: 7s - batch_cost: 0.0209 - reader cost: 0.0082
  5/348 [..............................] - ETA: 5s - batch_cost: 0.0159 - reader cost: 0.0016
  9/348 [..............................] - ETA: 5s - batch_cost: 0.0148 - reader cost: 9.1378e-04
 14/348 [>.............................] - ETA: 4s - batch_cost: 0.0139 - reader cost: 5.8743e-04
 18/348 [>.............................] - ETA: 4s - batch_cost: 0.0136 - reader cost: 4.5689e-04
 22/348 [>.............................] - ETA: 4s - batch_cost: 0.0135 - reader cost: 4.1901e-04
 26/348 [=>............................] - ETA: 4s - batch_cost: 0.0134 - reader cost: 3.5455e-04
 31/348 [=>............................] - ETA: 4s - batch_cost: 0.0132 - reader cost: 3.2961e-04
 35/348 [==>...........................] - ETA: 4s - batch_cost: 0.0133 - reader cost: 3.3498e-04
 39/348 [==>...........................] - ETA: 4s - batch_cost: 0.0133 - reader cost: 3.0062e-04
 43/348 [==>...........................] - ETA: 4s - batch_cost: 0.0134 - reader cost: 2.7266e-04
 47/348 [===>..........................] - ETA: 4s - batch_cost: 0.0134 - reader cost: 2.4945e-04
 52/348 [===>..........................] - ETA: 3s - batch_cost: 0.0133 - reader cost: 2.2547e-04
 56/348 [===>..........................] - ETA: 3s - batch_cost: 0.0134 - reader cost: 2.0936e-04
 60/348 [====>.........................] - ETA: 3s - batch_cost: 0.0134 - reader cost: 2.1193e-04
 64/348 [====>.........................] - ETA: 3s - batch_cost: 0.0133 - reader cost: 1.9868e-04
 68/348 [====>.........................] - ETA: 3s - batch_cost: 0.0133 - reader cost: 1.9497e-04
 72/348 [=====>........................] - ETA: 3s - batch_cost: 0.0133 - reader cost: 1.8414e-04
 76/348 [=====>........................] - ETA: 3s - batch_cost: 0.0133 - reader cost: 1.7445e-04
 81/348 [=====>........................] - ETA: 3s - batch_cost: 0.0132 - reader cost: 1.6368e-04
 85/348 [======>.......................] - ETA: 3s - batch_cost: 0.0132 - reader cost: 1.5598e-04
 89/348 [======>.......................] - ETA: 3s - batch_cost: 0.0132 - reader cost: 1.4897e-04
 93/348 [=======>......................] - ETA: 3s - batch_cost: 0.0132 - reader cost: 1.4256e-04
 97/348 [=======>......................] - ETA: 3s - batch_cost: 0.0132 - reader cost: 1.3668e-04
101/348 [=======>......................] - ETA: 3s - batch_cost: 0.0132 - reader cost: 1.3127e-04
105/348 [========>.....................] - ETA: 3s - batch_cost: 0.0132 - reader cost: 1.2627e-04
109/348 [========>.....................] - ETA: 3s - batch_cost: 0.0132 - reader cost: 1.2164e-04
113/348 [========>.....................] - ETA: 3s - batch_cost: 0.0132 - reader cost: 1.1733e-04
117/348 [=========>....................] - ETA: 3s - batch_cost: 0.0132 - reader cost: 1.1332e-04
121/348 [=========>....................] - ETA: 3s - batch_cost: 0.0133 - reader cost: 1.0957e-04
125/348 [=========>....................] - ETA: 2s - batch_cost: 0.0132 - reader cost: 1.0607e-04
130/348 [==========>...................] - ETA: 2s - batch_cost: 0.0132 - reader cost: 1.0199e-04
134/348 [==========>...................] - ETA: 2s - batch_cost: 0.0132 - reader cost: 9.8942e-05
138/348 [==========>...................] - ETA: 2s - batch_cost: 0.0132 - reader cost: 9.6074e-05
142/348 [===========>..................] - ETA: 2s - batch_cost: 0.0132 - reader cost: 1.0396e-04
146/348 [===========>..................] - ETA: 2s - batch_cost: 0.0133 - reader cost: 1.0111e-04
150/348 [===========>..................] - ETA: 2s - batch_cost: 0.0133 - reader cost: 9.8411e-05
154/348 [============>.................] - ETA: 2s - batch_cost: 0.0133 - reader cost: 9.5855e-05
158/348 [============>.................] - ETA: 2s - batch_cost: 0.0133 - reader cost: 9.3428e-05
162/348 [============>.................] - ETA: 2s - batch_cost: 0.0133 - reader cost: 9.1122e-05
166/348 [=============>................] - ETA: 2s - batch_cost: 0.0133 - reader cost: 8.8926e-05
170/348 [=============>................] - ETA: 2s - batch_cost: 0.0133 - reader cost: 8.6833e-05
174/348 [==============>...............] - ETA: 2s - batch_cost: 0.0133 - reader cost: 8.4837e-05
178/348 [==============>...............] - ETA: 2s - batch_cost: 0.0133 - reader cost: 8.2931e-05
182/348 [==============>...............] - ETA: 2s - batch_cost: 0.0133 - reader cost: 8.1108e-05
186/348 [===============>..............] - ETA: 2s - batch_cost: 0.0133 - reader cost: 7.9364e-05
190/348 [===============>..............] - ETA: 2s - batch_cost: 0.0133 - reader cost: 7.7693e-05
195/348 [===============>..............] - ETA: 2s - batch_cost: 0.0133 - reader cost: 7.5701e-05
200/348 [================>.............] - ETA: 1s - batch_cost: 0.0132 - reader cost: 7.8847e-05
204/348 [================>.............] - ETA: 1s - batch_cost: 0.0132 - reader cost: 7.7301e-05
208/348 [================>.............] - ETA: 1s - batch_cost: 0.0132 - reader cost: 7.5815e-05
212/348 [=================>............] - ETA: 1s - batch_cost: 0.0132 - reader cost: 7.4384e-05
216/348 [=================>............] - ETA: 1s - batch_cost: 0.0132 - reader cost: 7.3007e-05
220/348 [=================>............] - ETA: 1s - batch_cost: 0.0132 - reader cost: 7.1679e-05
224/348 [==================>...........] - ETA: 1s - batch_cost: 0.0133 - reader cost: 7.0399e-05
228/348 [==================>...........] - ETA: 1s - batch_cost: 0.0133 - reader cost: 6.9164e-05
232/348 [===================>..........] - ETA: 1s - batch_cost: 0.0133 - reader cost: 6.7972e-05
236/348 [===================>..........] - ETA: 1s - batch_cost: 0.0133 - reader cost: 6.6820e-05
240/348 [===================>..........] - ETA: 1s - batch_cost: 0.0133 - reader cost: 6.5706e-05
244/348 [====================>.........] - ETA: 1s - batch_cost: 0.0133 - reader cost: 6.4629e-05
248/348 [====================>.........] - ETA: 1s - batch_cost: 0.0133 - reader cost: 6.3587e-05
252/348 [====================>.........] - ETA: 1s - batch_cost: 0.0133 - reader cost: 6.2577e-05
256/348 [=====================>........] - ETA: 1s - batch_cost: 0.0133 - reader cost: 6.1600e-05
261/348 [=====================>........] - ETA: 1s - batch_cost: 0.0133 - reader cost: 6.0419e-05
265/348 [=====================>........] - ETA: 1s - batch_cost: 0.0133 - reader cost: 5.9507e-05
269/348 [======================>.......] - ETA: 1s - batch_cost: 0.0133 - reader cost: 6.2372e-05
273/348 [======================>.......] - ETA: 0s - batch_cost: 0.0133 - reader cost: 6.5121e-05
277/348 [======================>.......] - ETA: 0s - batch_cost: 0.0133 - reader cost: 6.4181e-05
282/348 [=======================>......] - ETA: 0s - batch_cost: 0.0133 - reader cost: 6.3043e-05
286/348 [=======================>......] - ETA: 0s - batch_cost: 0.0132 - reader cost: 6.2161e-05
290/348 [========================>.....] - ETA: 0s - batch_cost: 0.0132 - reader cost: 6.3048e-05
294/348 [========================>.....] - ETA: 0s - batch_cost: 0.0132 - reader cost: 6.5635e-05
298/348 [========================>.....] - ETA: 0s - batch_cost: 0.0132 - reader cost: 6.9835e-05
302/348 [=========================>....] - ETA: 0s - batch_cost: 0.0132 - reader cost: 6.8910e-05
306/348 [=========================>....] - ETA: 0s - batch_cost: 0.0132 - reader cost: 6.8009e-05
310/348 [=========================>....] - ETA: 0s - batch_cost: 0.0133 - reader cost: 6.7132e-05
314/348 [==========================>...] - ETA: 0s - batch_cost: 0.0133 - reader cost: 6.6277e-05
318/348 [==========================>...] - ETA: 0s - batch_cost: 0.0133 - reader cost: 6.5443e-05
322/348 [==========================>...] - ETA: 0s - batch_cost: 0.0132 - reader cost: 6.4630e-05
326/348 [===========================>..] - ETA: 0s - batch_cost: 0.0132 - reader cost: 6.3837e-05
330/348 [===========================>..] - ETA: 0s - batch_cost: 0.0133 - reader cost: 6.3063e-05
334/348 [===========================>..] - ETA: 0s - batch_cost: 0.0133 - reader cost: 6.2308e-05
338/348 [============================>.] - ETA: 0s - batch_cost: 0.0133 - reader cost: 6.1571e-05
342/348 [============================>.] - ETA: 0s - batch_cost: 0.0133 - reader cost: 6.0850e-05
346/348 [============================>.] - ETA: 0s - batch_cost: 0.0134 - reader cost: 6.0147e-05
348/348 [==============================] - 5s 13ms/step - batch_cost: 0.0134 - reader cost: 5.9801e-05

  1/348 [..............................] - ETA: 7s - batch_cost: 0.0213 - reader cost: 0.0064
  5/348 [..............................] - ETA: 5s - batch_cost: 0.0154 - reader cost: 0.0013
  9/348 [..............................] - ETA: 4s - batch_cost: 0.0142 - reader cost: 7.1401e-04
 13/348 [>.............................] - ETA: 4s - batch_cost: 0.0139 - reader cost: 4.9432e-04
 17/348 [>.............................] - ETA: 4s - batch_cost: 0.0139 - reader cost: 3.7801e-04
 21/348 [>.............................] - ETA: 4s - batch_cost: 0.0136 - reader cost: 3.5352e-04
 25/348 [=>............................] - ETA: 4s - batch_cost: 0.0135 - reader cost: 2.9696e-04
 29/348 [=>............................] - ETA: 4s - batch_cost: 0.0135 - reader cost: 2.5600e-04
 33/348 [=>............................] - ETA: 4s - batch_cost: 0.0136 - reader cost: 2.2497e-04
 37/348 [==>...........................] - ETA: 4s - batch_cost: 0.0136 - reader cost: 2.0065e-04
 41/348 [==>...........................] - ETA: 4s - batch_cost: 0.0136 - reader cost: 2.0544e-04
 45/348 [==>...........................] - ETA: 4s - batch_cost: 0.0136 - reader cost: 1.8717e-04
 49/348 [===>..........................] - ETA: 4s - batch_cost: 0.0135 - reader cost: 1.7189e-04
 53/348 [===>..........................] - ETA: 4s - batch_cost: 0.0137 - reader cost: 1.5892e-04
 57/348 [===>..........................] - ETA: 3s - batch_cost: 0.0136 - reader cost: 1.4777e-04
 61/348 [====>.........................] - ETA: 3s - batch_cost: 0.0136 - reader cost: 1.3808e-04
 65/348 [====>.........................] - ETA: 3s - batch_cost: 0.0136 - reader cost: 1.2958e-04
 69/348 [====>.........................] - ETA: 3s - batch_cost: 0.0136 - reader cost: 1.2207e-04
 73/348 [=====>........................] - ETA: 3s - batch_cost: 0.0135 - reader cost: 1.1538e-04
 77/348 [=====>........................] - ETA: 3s - batch_cost: 0.0136 - reader cost: 1.0939e-04
 81/348 [=====>........................] - ETA: 3s - batch_cost: 0.0135 - reader cost: 1.2271e-04
 85/348 [======>.......................] - ETA: 3s - batch_cost: 0.0135 - reader cost: 1.2881e-04
 89/348 [======>.......................] - ETA: 3s - batch_cost: 0.0135 - reader cost: 1.2302e-04
 93/348 [=======>......................] - ETA: 3s - batch_cost: 0.0135 - reader cost: 1.1773e-04
 98/348 [=======>......................] - ETA: 3s - batch_cost: 0.0134 - reader cost: 1.1172e-04
103/348 [=======>......................] - ETA: 3s - batch_cost: 0.0134 - reader cost: 1.0630e-04
108/348 [========>.....................] - ETA: 3s - batch_cost: 0.0134 - reader cost: 1.0138e-04
112/348 [========>.....................] - ETA: 3s - batch_cost: 0.0134 - reader cost: 9.7756e-05
116/348 [=========>....................] - ETA: 3s - batch_cost: 0.0134 - reader cost: 1.0301e-04
120/348 [=========>....................] - ETA: 3s - batch_cost: 0.0134 - reader cost: 9.9578e-05
124/348 [=========>....................] - ETA: 2s - batch_cost: 0.0133 - reader cost: 9.6365e-05
128/348 [==========>...................] - ETA: 2s - batch_cost: 0.0133 - reader cost: 9.3354e-05
132/348 [==========>...................] - ETA: 2s - batch_cost: 0.0133 - reader cost: 9.0525e-05
137/348 [==========>...................] - ETA: 2s - batch_cost: 0.0133 - reader cost: 8.7221e-05
141/348 [===========>..................] - ETA: 2s - batch_cost: 0.0133 - reader cost: 8.4747e-05
145/348 [===========>..................] - ETA: 2s - batch_cost: 0.0133 - reader cost: 8.2409e-05
149/348 [===========>..................] - ETA: 2s - batch_cost: 0.0133 - reader cost: 8.0197e-05
154/348 [============>.................] - ETA: 2s - batch_cost: 0.0133 - reader cost: 7.7593e-05
158/348 [============>.................] - ETA: 2s - batch_cost: 0.0133 - reader cost: 7.5628e-05
162/348 [============>.................] - ETA: 2s - batch_cost: 0.0132 - reader cost: 7.3761e-05
166/348 [=============>................] - ETA: 2s - batch_cost: 0.0132 - reader cost: 7.1984e-05
170/348 [=============>................] - ETA: 2s - batch_cost: 0.0132 - reader cost: 7.0290e-05
174/348 [==============>...............] - ETA: 2s - batch_cost: 0.0132 - reader cost: 7.4429e-05
179/348 [==============>...............] - ETA: 2s - batch_cost: 0.0132 - reader cost: 7.2350e-05
183/348 [==============>...............] - ETA: 2s - batch_cost: 0.0132 - reader cost: 7.0769e-05
187/348 [===============>..............] - ETA: 2s - batch_cost: 0.0132 - reader cost: 6.9255e-05
191/348 [===============>..............] - ETA: 2s - batch_cost: 0.0132 - reader cost: 6.7804e-05
195/348 [===============>..............] - ETA: 2s - batch_cost: 0.0132 - reader cost: 6.6414e-05
199/348 [================>.............] - ETA: 1s - batch_cost: 0.0131 - reader cost: 6.5079e-05
203/348 [================>.............] - ETA: 1s - batch_cost: 0.0132 - reader cost: 6.3796e-05
207/348 [================>.............] - ETA: 1s - batch_cost: 0.0131 - reader cost: 6.2564e-05
211/348 [=================>............] - ETA: 1s - batch_cost: 0.0132 - reader cost: 6.3768e-05
215/348 [=================>............] - ETA: 1s - batch_cost: 0.0132 - reader cost: 6.2582e-05
219/348 [=================>............] - ETA: 1s - batch_cost: 0.0131 - reader cost: 6.1439e-05
223/348 [==================>...........] - ETA: 1s - batch_cost: 0.0131 - reader cost: 6.4791e-05
227/348 [==================>...........] - ETA: 1s - batch_cost: 0.0131 - reader cost: 6.3649e-05
231/348 [==================>...........] - ETA: 1s - batch_cost: 0.0131 - reader cost: 6.6872e-05
235/348 [===================>..........] - ETA: 1s - batch_cost: 0.0131 - reader cost: 6.5734e-05
239/348 [===================>..........] - ETA: 1s - batch_cost: 0.0131 - reader cost: 6.4633e-05
243/348 [===================>..........] - ETA: 1s - batch_cost: 0.0132 - reader cost: 6.3569e-05
247/348 [====================>.........] - ETA: 1s - batch_cost: 0.0132 - reader cost: 6.2540e-05
251/348 [====================>.........] - ETA: 1s - batch_cost: 0.0132 - reader cost: 6.1543e-05
255/348 [====================>.........] - ETA: 1s - batch_cost: 0.0132 - reader cost: 6.0578e-05
259/348 [=====================>........] - ETA: 1s - batch_cost: 0.0132 - reader cost: 6.3504e-05
263/348 [=====================>........] - ETA: 1s - batch_cost: 0.0132 - reader cost: 6.2538e-05
267/348 [======================>.......] - ETA: 1s - batch_cost: 0.0132 - reader cost: 6.1601e-05
271/348 [======================>.......] - ETA: 1s - batch_cost: 0.0132 - reader cost: 6.0692e-05
275/348 [======================>.......] - ETA: 0s - batch_cost: 0.0132 - reader cost: 5.9809e-05
279/348 [=======================>......] - ETA: 0s - batch_cost: 0.0132 - reader cost: 5.8952e-05
283/348 [=======================>......] - ETA: 0s - batch_cost: 0.0132 - reader cost: 5.8119e-05
287/348 [=======================>......] - ETA: 0s - batch_cost: 0.0132 - reader cost: 5.7309e-05
291/348 [========================>.....] - ETA: 0s - batch_cost: 0.0132 - reader cost: 5.6521e-05
295/348 [========================>.....] - ETA: 0s - batch_cost: 0.0132 - reader cost: 5.5754e-05
300/348 [========================>.....] - ETA: 0s - batch_cost: 0.0132 - reader cost: 5.4825e-05
304/348 [=========================>....] - ETA: 0s - batch_cost: 0.0132 - reader cost: 5.4104e-05
308/348 [=========================>....] - ETA: 0s - batch_cost: 0.0132 - reader cost: 5.3401e-05
312/348 [=========================>....] - ETA: 0s - batch_cost: 0.0132 - reader cost: 5.2716e-05
316/348 [==========================>...] - ETA: 0s - batch_cost: 0.0132 - reader cost: 5.2049e-05
320/348 [==========================>...] - ETA: 0s - batch_cost: 0.0132 - reader cost: 5.1399e-05
324/348 [==========================>...] - ETA: 0s - batch_cost: 0.0132 - reader cost: 5.0764e-05
328/348 [===========================>..] - ETA: 0s - batch_cost: 0.0132 - reader cost: 5.0145e-05
332/348 [===========================>..] - ETA: 0s - batch_cost: 0.0132 - reader cost: 4.9541e-05
336/348 [===========================>..] - ETA: 0s - batch_cost: 0.0132 - reader cost: 4.8951e-05
340/348 [============================>.] - ETA: 0s - batch_cost: 0.0133 - reader cost: 4.8375e-05
344/348 [============================>.] - ETA: 0s - batch_cost: 0.0133 - reader cost: 4.7813e-05
348/348 [==============================] - 5s 13ms/step - batch_cost: 0.0133 - reader cost: 4.7263e-05

  1/348 [..............................] - ETA: 7s - batch_cost: 0.0203 - reader cost: 0.0078
  5/348 [..............................] - ETA: 5s - batch_cost: 0.0167 - reader cost: 0.0018
  9/348 [..............................] - ETA: 5s - batch_cost: 0.0153 - reader cost: 9.7516e-04
 13/348 [>.............................] - ETA: 4s - batch_cost: 0.0148 - reader cost: 7.5168e-04
 17/348 [>.............................] - ETA: 4s - batch_cost: 0.0148 - reader cost: 5.7481e-04
 21/348 [>.............................] - ETA: 4s - batch_cost: 0.0151 - reader cost: 5.1240e-04
 25/348 [=>............................] - ETA: 4s - batch_cost: 0.0150 - reader cost: 4.3041e-04
 29/348 [=>............................] - ETA: 4s - batch_cost: 0.0150 - reader cost: 3.7105e-04
 33/348 [=>............................] - ETA: 4s - batch_cost: 0.0147 - reader cost: 3.2607e-04
 37/348 [==>...........................] - ETA: 4s - batch_cost: 0.0145 - reader cost: 2.9082e-04
 41/348 [==>...........................] - ETA: 4s - batch_cost: 0.0144 - reader cost: 2.6245e-04
 45/348 [==>...........................] - ETA: 4s - batch_cost: 0.0142 - reader cost: 2.6134e-04
 49/348 [===>..........................] - ETA: 4s - batch_cost: 0.0142 - reader cost: 2.4000e-04
 53/348 [===>..........................] - ETA: 4s - batch_cost: 0.0142 - reader cost: 2.4075e-04
 57/348 [===>..........................] - ETA: 4s - batch_cost: 0.0141 - reader cost: 2.2385e-04
 61/348 [====>.........................] - ETA: 4s - batch_cost: 0.0141 - reader cost: 2.0918e-04
 66/348 [====>.........................] - ETA: 3s - batch_cost: 0.0139 - reader cost: 2.0861e-04
 70/348 [=====>........................] - ETA: 3s - batch_cost: 0.0138 - reader cost: 1.9669e-04
 74/348 [=====>........................] - ETA: 3s - batch_cost: 0.0138 - reader cost: 1.8605e-04
 78/348 [=====>........................] - ETA: 3s - batch_cost: 0.0138 - reader cost: 1.8934e-04
 83/348 [======>.......................] - ETA: 3s - batch_cost: 0.0137 - reader cost: 1.8998e-04
 88/348 [======>.......................] - ETA: 3s - batch_cost: 0.0136 - reader cost: 1.9064e-04
 92/348 [======>.......................] - ETA: 3s - batch_cost: 0.0136 - reader cost: 1.8235e-04
 97/348 [=======>......................] - ETA: 3s - batch_cost: 0.0136 - reader cost: 1.9361e-04
102/348 [=======>......................] - ETA: 3s - batch_cost: 0.0135 - reader cost: 1.9411e-04
106/348 [========>.....................] - ETA: 3s - batch_cost: 0.0136 - reader cost: 1.9630e-04
110/348 [========>.....................] - ETA: 3s - batch_cost: 0.0135 - reader cost: 1.8916e-04
114/348 [========>.....................] - ETA: 3s - batch_cost: 0.0135 - reader cost: 1.8252e-04
118/348 [=========>....................] - ETA: 3s - batch_cost: 0.0135 - reader cost: 1.7633e-04
122/348 [=========>....................] - ETA: 3s - batch_cost: 0.0136 - reader cost: 1.7055e-04
126/348 [=========>....................] - ETA: 3s - batch_cost: 0.0135 - reader cost: 1.6514e-04
130/348 [==========>...................] - ETA: 2s - batch_cost: 0.0135 - reader cost: 1.6006e-04
134/348 [==========>...................] - ETA: 2s - batch_cost: 0.0135 - reader cost: 1.5528e-04
138/348 [==========>...................] - ETA: 2s - batch_cost: 0.0135 - reader cost: 1.5078e-04
142/348 [===========>..................] - ETA: 2s - batch_cost: 0.0134 - reader cost: 1.4653e-04
146/348 [===========>..................] - ETA: 2s - batch_cost: 0.0134 - reader cost: 1.4252e-04
150/348 [===========>..................] - ETA: 2s - batch_cost: 0.0135 - reader cost: 1.3872e-04
154/348 [============>.................] - ETA: 2s - batch_cost: 0.0135 - reader cost: 1.3511e-04
158/348 [============>.................] - ETA: 2s - batch_cost: 0.0135 - reader cost: 1.3169e-04
162/348 [============>.................] - ETA: 2s - batch_cost: 0.0135 - reader cost: 1.2844e-04
166/348 [=============>................] - ETA: 2s - batch_cost: 0.0135 - reader cost: 1.2535e-04
170/348 [=============>................] - ETA: 2s - batch_cost: 0.0135 - reader cost: 1.2824e-04
174/348 [==============>...............] - ETA: 2s - batch_cost: 0.0135 - reader cost: 1.2529e-04
178/348 [==============>...............] - ETA: 2s - batch_cost: 0.0135 - reader cost: 1.2248e-04
182/348 [==============>...............] - ETA: 2s - batch_cost: 0.0135 - reader cost: 1.1978e-04
186/348 [===============>..............] - ETA: 2s - batch_cost: 0.0136 - reader cost: 1.1721e-04
190/348 [===============>..............] - ETA: 2s - batch_cost: 0.0136 - reader cost: 1.1474e-04
194/348 [===============>..............] - ETA: 2s - batch_cost: 0.0136 - reader cost: 1.1238e-04
198/348 [================>.............] - ETA: 2s - batch_cost: 0.0136 - reader cost: 1.1515e-04
202/348 [================>.............] - ETA: 1s - batch_cost: 0.0136 - reader cost: 1.1287e-04
206/348 [================>.............] - ETA: 1s - batch_cost: 0.0136 - reader cost: 1.1376e-04
210/348 [=================>............] - ETA: 1s - batch_cost: 0.0135 - reader cost: 1.1159e-04
214/348 [=================>............] - ETA: 1s - batch_cost: 0.0136 - reader cost: 1.0951e-04
218/348 [=================>............] - ETA: 1s - batch_cost: 0.0136 - reader cost: 1.0750e-04
222/348 [==================>...........] - ETA: 1s - batch_cost: 0.0135 - reader cost: 1.0556e-04
226/348 [==================>...........] - ETA: 1s - batch_cost: 0.0135 - reader cost: 1.0369e-04
230/348 [==================>...........] - ETA: 1s - batch_cost: 0.0135 - reader cost: 1.0189e-04
234/348 [===================>..........] - ETA: 1s - batch_cost: 0.0135 - reader cost: 1.0015e-04
238/348 [===================>..........] - ETA: 1s - batch_cost: 0.0135 - reader cost: 9.8466e-05
242/348 [===================>..........] - ETA: 1s - batch_cost: 0.0135 - reader cost: 9.9125e-05
246/348 [====================>.........] - ETA: 1s - batch_cost: 0.0135 - reader cost: 9.7513e-05
250/348 [====================>.........] - ETA: 1s - batch_cost: 0.0135 - reader cost: 9.5953e-05
254/348 [====================>.........] - ETA: 1s - batch_cost: 0.0135 - reader cost: 9.4442e-05
258/348 [=====================>........] - ETA: 1s - batch_cost: 0.0135 - reader cost: 9.2978e-05
262/348 [=====================>........] - ETA: 1s - batch_cost: 0.0135 - reader cost: 9.1558e-05
266/348 [=====================>........] - ETA: 1s - batch_cost: 0.0135 - reader cost: 9.0181e-05
270/348 [======================>.......] - ETA: 1s - batch_cost: 0.0135 - reader cost: 8.8845e-05
274/348 [======================>.......] - ETA: 1s - batch_cost: 0.0135 - reader cost: 8.7548e-05
278/348 [======================>.......] - ETA: 0s - batch_cost: 0.0135 - reader cost: 8.6289e-05
282/348 [=======================>......] - ETA: 0s - batch_cost: 0.0135 - reader cost: 8.5065e-05
286/348 [=======================>......] - ETA: 0s - batch_cost: 0.0135 - reader cost: 8.3875e-05
290/348 [========================>.....] - ETA: 0s - batch_cost: 0.0135 - reader cost: 8.2718e-05
294/348 [========================>.....] - ETA: 0s - batch_cost: 0.0135 - reader cost: 8.1593e-05
298/348 [========================>.....] - ETA: 0s - batch_cost: 0.0135 - reader cost: 8.0497e-05
302/348 [=========================>....] - ETA: 0s - batch_cost: 0.0135 - reader cost: 7.9431e-05
306/348 [=========================>....] - ETA: 0s - batch_cost: 0.0135 - reader cost: 8.1619e-05
310/348 [=========================>....] - ETA: 0s - batch_cost: 0.0135 - reader cost: 8.0566e-05
314/348 [==========================>...] - ETA: 0s - batch_cost: 0.0135 - reader cost: 7.9540e-05
318/348 [==========================>...] - ETA: 0s - batch_cost: 0.0135 - reader cost: 7.8539e-05
322/348 [==========================>...] - ETA: 0s - batch_cost: 0.0135 - reader cost: 8.0692e-05
326/348 [===========================>..] - ETA: 0s - batch_cost: 0.0135 - reader cost: 8.2769e-05
330/348 [===========================>..] - ETA: 0s - batch_cost: 0.0135 - reader cost: 8.1765e-05
334/348 [===========================>..] - ETA: 0s - batch_cost: 0.0135 - reader cost: 8.0786e-05
338/348 [============================>.] - ETA: 0s - batch_cost: 0.0136 - reader cost: 7.9830e-05
342/348 [============================>.] - ETA: 0s - batch_cost: 0.0136 - reader cost: 7.8896e-05
346/348 [============================>.] - ETA: 0s - batch_cost: 0.0136 - reader cost: 7.7984e-05
348/348 [==============================] - 5s 14ms/step - batch_cost: 0.0136 - reader cost: 7.7536e-05

  1/348 [..............................] - ETA: 7s - batch_cost: 0.0216 - reader cost: 0.0075
  5/348 [..............................] - ETA: 5s - batch_cost: 0.0161 - reader cost: 0.0015
  9/348 [..............................] - ETA: 5s - batch_cost: 0.0156 - reader cost: 8.3415e-04
 13/348 [>.............................] - ETA: 5s - batch_cost: 0.0151 - reader cost: 5.7749e-04
 17/348 [>.............................] - ETA: 4s - batch_cost: 0.0149 - reader cost: 4.4161e-04
 20/348 [>.............................] - ETA: 5s - batch_cost: 0.0154 - reader cost: 3.7537e-04
 24/348 [=>............................] - ETA: 4s - batch_cost: 0.0153 - reader cost: 3.1281e-04
 28/348 [=>............................] - ETA: 4s - batch_cost: 0.0153 - reader cost: 2.6812e-04
 32/348 [=>............................] - ETA: 4s - batch_cost: 0.0151 - reader cost: 2.3460e-04
 36/348 [==>...........................] - ETA: 4s - batch_cost: 0.0150 - reader cost: 2.3627e-04
 40/348 [==>...........................] - ETA: 4s - batch_cost: 0.0148 - reader cost: 2.1265e-04
 44/348 [==>...........................] - ETA: 4s - batch_cost: 0.0147 - reader cost: 1.9331e-04
 48/348 [===>..........................] - ETA: 4s - batch_cost: 0.0146 - reader cost: 1.7720e-04
 52/348 [===>..........................] - ETA: 4s - batch_cost: 0.0145 - reader cost: 1.8280e-04
 56/348 [===>..........................] - ETA: 4s - batch_cost: 0.0144 - reader cost: 1.6974e-04
 60/348 [====>.........................] - ETA: 4s - batch_cost: 0.0144 - reader cost: 1.5843e-04
 64/348 [====>.........................] - ETA: 4s - batch_cost: 0.0145 - reader cost: 1.4852e-04
 68/348 [====>.........................] - ETA: 4s - batch_cost: 0.0144 - reader cost: 1.3979e-04
 72/348 [=====>........................] - ETA: 3s - batch_cost: 0.0144 - reader cost: 1.3202e-04
 76/348 [=====>........................] - ETA: 3s - batch_cost: 0.0144 - reader cost: 1.2507e-04
 80/348 [=====>........................] - ETA: 3s - batch_cost: 0.0144 - reader cost: 1.1882e-04
 84/348 [======>.......................] - ETA: 3s - batch_cost: 0.0144 - reader cost: 1.2493e-04
 88/348 [======>.......................] - ETA: 3s - batch_cost: 0.0145 - reader cost: 1.1925e-04
 92/348 [======>.......................] - ETA: 3s - batch_cost: 0.0144 - reader cost: 1.1407e-04
 96/348 [=======>......................] - ETA: 3s - batch_cost: 0.0144 - reader cost: 1.1981e-04
100/348 [=======>......................] - ETA: 3s - batch_cost: 0.0144 - reader cost: 1.1502e-04
104/348 [=======>......................] - ETA: 3s - batch_cost: 0.0143 - reader cost: 1.1059e-04
108/348 [========>.....................] - ETA: 3s - batch_cost: 0.0143 - reader cost: 1.0650e-04
112/348 [========>.....................] - ETA: 3s - batch_cost: 0.0143 - reader cost: 1.0269e-04
116/348 [=========>....................] - ETA: 3s - batch_cost: 0.0142 - reader cost: 1.0778e-04
120/348 [=========>....................] - ETA: 3s - batch_cost: 0.0142 - reader cost: 1.0419e-04
124/348 [=========>....................] - ETA: 3s - batch_cost: 0.0142 - reader cost: 1.0083e-04
128/348 [==========>...................] - ETA: 3s - batch_cost: 0.0143 - reader cost: 9.7677e-05
132/348 [==========>...................] - ETA: 3s - batch_cost: 0.0143 - reader cost: 9.4717e-05
136/348 [==========>...................] - ETA: 3s - batch_cost: 0.0143 - reader cost: 9.1931e-05
140/348 [===========>..................] - ETA: 2s - batch_cost: 0.0143 - reader cost: 8.9305e-05
144/348 [===========>..................] - ETA: 2s - batch_cost: 0.0143 - reader cost: 8.6824e-05
148/348 [===========>..................] - ETA: 2s - batch_cost: 0.0143 - reader cost: 8.4478e-05
151/348 [============>.................] - ETA: 2s - batch_cost: 0.0144 - reader cost: 8.2799e-05
155/348 [============>.................] - ETA: 2s - batch_cost: 0.0144 - reader cost: 8.0662e-05
159/348 [============>.................] - ETA: 2s - batch_cost: 0.0144 - reader cost: 7.8633e-05
163/348 [=============>................] - ETA: 2s - batch_cost: 0.0144 - reader cost: 7.6703e-05
167/348 [=============>................] - ETA: 2s - batch_cost: 0.0143 - reader cost: 7.4866e-05
171/348 [=============>................] - ETA: 2s - batch_cost: 0.0143 - reader cost: 7.3115e-05
175/348 [==============>...............] - ETA: 2s - batch_cost: 0.0143 - reader cost: 7.1444e-05
179/348 [==============>...............] - ETA: 2s - batch_cost: 0.0144 - reader cost: 6.9847e-05
183/348 [==============>...............] - ETA: 2s - batch_cost: 0.0144 - reader cost: 6.8321e-05
187/348 [===============>..............] - ETA: 2s - batch_cost: 0.0144 - reader cost: 6.6859e-05
191/348 [===============>..............] - ETA: 2s - batch_cost: 0.0144 - reader cost: 6.8102e-05
195/348 [===============>..............] - ETA: 2s - batch_cost: 0.0144 - reader cost: 6.6705e-05
199/348 [================>.............] - ETA: 2s - batch_cost: 0.0144 - reader cost: 6.5364e-05
203/348 [================>.............] - ETA: 2s - batch_cost: 0.0144 - reader cost: 6.4076e-05
207/348 [================>.............] - ETA: 2s - batch_cost: 0.0144 - reader cost: 6.2838e-05
211/348 [=================>............] - ETA: 1s - batch_cost: 0.0144 - reader cost: 7.1188e-05
215/348 [=================>............] - ETA: 1s - batch_cost: 0.0143 - reader cost: 6.9863e-05
219/348 [=================>............] - ETA: 1s - batch_cost: 0.0143 - reader cost: 6.8587e-05
223/348 [==================>...........] - ETA: 1s - batch_cost: 0.0143 - reader cost: 6.7357e-05
227/348 [==================>...........] - ETA: 1s - batch_cost: 0.0143 - reader cost: 6.6170e-05
231/348 [==================>...........] - ETA: 1s - batch_cost: 0.0143 - reader cost: 6.5024e-05
235/348 [===================>..........] - ETA: 1s - batch_cost: 0.0143 - reader cost: 6.3917e-05
239/348 [===================>..........] - ETA: 1s - batch_cost: 0.0143 - reader cost: 6.6980e-05
243/348 [===================>..........] - ETA: 1s - batch_cost: 0.0143 - reader cost: 6.9996e-05
247/348 [====================>.........] - ETA: 1s - batch_cost: 0.0143 - reader cost: 6.8862e-05
251/348 [====================>.........] - ETA: 1s - batch_cost: 0.0143 - reader cost: 6.7765e-05
255/348 [====================>.........] - ETA: 1s - batch_cost: 0.0143 - reader cost: 6.6702e-05
258/348 [=====================>........] - ETA: 1s - batch_cost: 0.0143 - reader cost: 6.5926e-05
262/348 [=====================>........] - ETA: 1s - batch_cost: 0.0143 - reader cost: 6.4920e-05
266/348 [=====================>........] - ETA: 1s - batch_cost: 0.0144 - reader cost: 6.3944e-05
270/348 [======================>.......] - ETA: 1s - batch_cost: 0.0144 - reader cost: 6.2996e-05
273/348 [======================>.......] - ETA: 1s - batch_cost: 0.0145 - reader cost: 6.2304e-05
277/348 [======================>.......] - ETA: 1s - batch_cost: 0.0145 - reader cost: 6.1404e-05
280/348 [=======================>......] - ETA: 0s - batch_cost: 0.0146 - reader cost: 6.0746e-05
284/348 [=======================>......] - ETA: 0s - batch_cost: 0.0145 - reader cost: 5.9891e-05
288/348 [=======================>......] - ETA: 0s - batch_cost: 0.0145 - reader cost: 5.9059e-05
292/348 [========================>.....] - ETA: 0s - batch_cost: 0.0145 - reader cost: 5.8250e-05
296/348 [========================>.....] - ETA: 0s - batch_cost: 0.0145 - reader cost: 5.7463e-05
300/348 [========================>.....] - ETA: 0s - batch_cost: 0.0145 - reader cost: 5.6697e-05
304/348 [=========================>....] - ETA: 0s - batch_cost: 0.0145 - reader cost: 5.5951e-05
308/348 [=========================>....] - ETA: 0s - batch_cost: 0.0145 - reader cost: 5.5224e-05
312/348 [=========================>....] - ETA: 0s - batch_cost: 0.0145 - reader cost: 5.4516e-05
316/348 [==========================>...] - ETA: 0s - batch_cost: 0.0145 - reader cost: 5.6952e-05
320/348 [==========================>...] - ETA: 0s - batch_cost: 0.0145 - reader cost: 5.6240e-05
324/348 [==========================>...] - ETA: 0s - batch_cost: 0.0145 - reader cost: 5.5546e-05
328/348 [===========================>..] - ETA: 0s - batch_cost: 0.0145 - reader cost: 5.4868e-05
332/348 [===========================>..] - ETA: 0s - batch_cost: 0.0145 - reader cost: 5.7221e-05
335/348 [===========================>..] - ETA: 0s - batch_cost: 0.0145 - reader cost: 5.8368e-05
338/348 [============================>.] - ETA: 0s - batch_cost: 0.0146 - reader cost: 5.7850e-05
342/348 [============================>.] - ETA: 0s - batch_cost: 0.0146 - reader cost: 5.7173e-05
346/348 [============================>.] - ETA: 0s - batch_cost: 0.0146 - reader cost: 5.6512e-05
348/348 [==============================] - 5s 15ms/step - batch_cost: 0.0146 - reader cost: 5.6187e-05

  1/348 [..............................] - ETA: 7s - batch_cost: 0.0203 - reader cost: 0.0081
  5/348 [..............................] - ETA: 5s - batch_cost: 0.0155 - reader cost: 0.0016
  9/348 [..............................] - ETA: 5s - batch_cost: 0.0151 - reader cost: 8.9937e-04
 13/348 [>.............................] - ETA: 4s - batch_cost: 0.0148 - reader cost: 6.2264e-04
 17/348 [>.............................] - ETA: 4s - batch_cost: 0.0147 - reader cost: 4.7614e-04
 21/348 [>.............................] - ETA: 4s - batch_cost: 0.0147 - reader cost: 3.8544e-04
 25/348 [=>............................] - ETA: 4s - batch_cost: 0.0147 - reader cost: 3.2377e-04
 29/348 [=>............................] - ETA: 4s - batch_cost: 0.0146 - reader cost: 2.7911e-04
 33/348 [=>............................] - ETA: 4s - batch_cost: 0.0144 - reader cost: 2.4528e-04
 37/348 [==>...........................] - ETA: 4s - batch_cost: 0.0142 - reader cost: 2.1877e-04
 41/348 [==>...........................] - ETA: 4s - batch_cost: 0.0142 - reader cost: 1.9742e-04
 45/348 [==>...........................] - ETA: 4s - batch_cost: 0.0143 - reader cost: 2.1366e-04
 49/348 [===>..........................] - ETA: 4s - batch_cost: 0.0142 - reader cost: 1.9622e-04
 53/348 [===>..........................] - ETA: 4s - batch_cost: 0.0143 - reader cost: 1.8141e-04
 56/348 [===>..........................] - ETA: 4s - batch_cost: 0.0144 - reader cost: 1.7169e-04
 60/348 [====>.........................] - ETA: 4s - batch_cost: 0.0145 - reader cost: 1.6025e-04
 64/348 [====>.........................] - ETA: 4s - batch_cost: 0.0143 - reader cost: 1.5023e-04
 68/348 [====>.........................] - ETA: 4s - batch_cost: 0.0143 - reader cost: 1.4139e-04
 72/348 [=====>........................] - ETA: 3s - batch_cost: 0.0143 - reader cost: 1.3354e-04
 76/348 [=====>........................] - ETA: 3s - batch_cost: 0.0142 - reader cost: 1.2651e-04
 80/348 [=====>........................] - ETA: 3s - batch_cost: 0.0142 - reader cost: 1.2018e-04
 84/348 [======>.......................] - ETA: 3s - batch_cost: 0.0142 - reader cost: 1.1446e-04
 88/348 [======>.......................] - ETA: 3s - batch_cost: 0.0143 - reader cost: 1.2917e-04
 91/348 [======>.......................] - ETA: 3s - batch_cost: 0.0144 - reader cost: 1.2491e-04
 95/348 [=======>......................] - ETA: 3s - batch_cost: 0.0144 - reader cost: 1.1965e-04
 99/348 [=======>......................] - ETA: 3s - batch_cost: 0.0144 - reader cost: 1.1482e-04
103/348 [=======>......................] - ETA: 3s - batch_cost: 0.0144 - reader cost: 1.1036e-04
107/348 [========>.....................] - ETA: 3s - batch_cost: 0.0144 - reader cost: 1.0623e-04
111/348 [========>.....................] - ETA: 3s - batch_cost: 0.0144 - reader cost: 1.0240e-04
115/348 [========>.....................] - ETA: 3s - batch_cost: 0.0144 - reader cost: 9.8842e-05
119/348 [=========>....................] - ETA: 3s - batch_cost: 0.0144 - reader cost: 9.5520e-05
123/348 [=========>....................] - ETA: 3s - batch_cost: 0.0144 - reader cost: 9.2413e-05
127/348 [=========>....................] - ETA: 3s - batch_cost: 0.0144 - reader cost: 8.9503e-05
131/348 [==========>...................] - ETA: 3s - batch_cost: 0.0144 - reader cost: 8.6770e-05
135/348 [==========>...................] - ETA: 3s - batch_cost: 0.0144 - reader cost: 8.8063e-05
139/348 [==========>...................] - ETA: 3s - batch_cost: 0.0143 - reader cost: 8.5529e-05
143/348 [===========>..................] - ETA: 2s - batch_cost: 0.0143 - reader cost: 8.3136e-05
147/348 [===========>..................] - ETA: 2s - batch_cost: 0.0143 - reader cost: 8.0874e-05
151/348 [============>.................] - ETA: 2s - batch_cost: 0.0143 - reader cost: 7.8732e-05
155/348 [============>.................] - ETA: 2s - batch_cost: 0.0142 - reader cost: 7.6700e-05
159/348 [============>.................] - ETA: 2s - batch_cost: 0.0142 - reader cost: 7.4770e-05
163/348 [=============>................] - ETA: 2s - batch_cost: 0.0142 - reader cost: 7.2936e-05
167/348 [=============>................] - ETA: 2s - batch_cost: 0.0143 - reader cost: 7.1189e-05
171/348 [=============>................] - ETA: 2s - batch_cost: 0.0143 - reader cost: 6.9523e-05
175/348 [==============>...............] - ETA: 2s - batch_cost: 0.0143 - reader cost: 7.3643e-05
179/348 [==============>...............] - ETA: 2s - batch_cost: 0.0144 - reader cost: 7.1997e-05
183/348 [==============>...............] - ETA: 2s - batch_cost: 0.0144 - reader cost: 7.0423e-05
187/348 [===============>..............] - ETA: 2s - batch_cost: 0.0144 - reader cost: 7.2330e-05
191/348 [===============>..............] - ETA: 2s - batch_cost: 0.0144 - reader cost: 7.0815e-05
195/348 [===============>..............] - ETA: 2s - batch_cost: 0.0144 - reader cost: 6.9363e-05
199/348 [================>.............] - ETA: 2s - batch_cost: 0.0144 - reader cost: 6.7968e-05
203/348 [================>.............] - ETA: 2s - batch_cost: 0.0144 - reader cost: 6.6629e-05
206/348 [================>.............] - ETA: 2s - batch_cost: 0.0145 - reader cost: 7.0507e-05
209/348 [=================>............] - ETA: 2s - batch_cost: 0.0145 - reader cost: 6.9495e-05
212/348 [=================>............] - ETA: 1s - batch_cost: 0.0146 - reader cost: 7.3289e-05
215/348 [=================>............] - ETA: 1s - batch_cost: 0.0147 - reader cost: 7.2266e-05
218/348 [=================>............] - ETA: 1s - batch_cost: 0.0147 - reader cost: 7.1272e-05
221/348 [==================>...........] - ETA: 1s - batch_cost: 0.0148 - reader cost: 7.0304e-05
224/348 [==================>...........] - ETA: 1s - batch_cost: 0.0148 - reader cost: 7.3830e-05
227/348 [==================>...........] - ETA: 1s - batch_cost: 0.0149 - reader cost: 7.7324e-05
231/348 [==================>...........] - ETA: 1s - batch_cost: 0.0149 - reader cost: 7.5985e-05
235/348 [===================>..........] - ETA: 1s - batch_cost: 0.0148 - reader cost: 7.4692e-05
239/348 [===================>..........] - ETA: 1s - batch_cost: 0.0148 - reader cost: 7.3442e-05
243/348 [===================>..........] - ETA: 1s - batch_cost: 0.0148 - reader cost: 7.2233e-05
247/348 [====================>.........] - ETA: 1s - batch_cost: 0.0148 - reader cost: 7.1063e-05
251/348 [====================>.........] - ETA: 1s - batch_cost: 0.0148 - reader cost: 6.9931e-05
255/348 [====================>.........] - ETA: 1s - batch_cost: 0.0148 - reader cost: 7.2751e-05
259/348 [=====================>........] - ETA: 1s - batch_cost: 0.0147 - reader cost: 7.1628e-05
263/348 [=====================>........] - ETA: 1s - batch_cost: 0.0147 - reader cost: 7.0538e-05
267/348 [======================>.......] - ETA: 1s - batch_cost: 0.0147 - reader cost: 6.9482e-05
271/348 [======================>.......] - ETA: 1s - batch_cost: 0.0147 - reader cost: 6.8456e-05
275/348 [======================>.......] - ETA: 1s - batch_cost: 0.0147 - reader cost: 6.7460e-05
279/348 [=======================>......] - ETA: 1s - batch_cost: 0.0147 - reader cost: 6.6493e-05
283/348 [=======================>......] - ETA: 0s - batch_cost: 0.0147 - reader cost: 6.5553e-05
287/348 [=======================>......] - ETA: 0s - batch_cost: 0.0147 - reader cost: 6.4640e-05
291/348 [========================>.....] - ETA: 0s - batch_cost: 0.0147 - reader cost: 6.3751e-05
294/348 [========================>.....] - ETA: 0s - batch_cost: 0.0147 - reader cost: 6.3101e-05
297/348 [========================>.....] - ETA: 0s - batch_cost: 0.0147 - reader cost: 6.2463e-05
301/348 [========================>.....] - ETA: 0s - batch_cost: 0.0147 - reader cost: 6.1633e-05
305/348 [=========================>....] - ETA: 0s - batch_cost: 0.0147 - reader cost: 6.0825e-05
309/348 [=========================>....] - ETA: 0s - batch_cost: 0.0147 - reader cost: 6.0038e-05
313/348 [=========================>....] - ETA: 0s - batch_cost: 0.0147 - reader cost: 6.2461e-05
317/348 [==========================>...] - ETA: 0s - batch_cost: 0.0147 - reader cost: 6.1673e-05
321/348 [==========================>...] - ETA: 0s - batch_cost: 0.0147 - reader cost: 6.0904e-05
325/348 [===========================>..] - ETA: 0s - batch_cost: 0.0147 - reader cost: 6.0155e-05
329/348 [===========================>..] - ETA: 0s - batch_cost: 0.0147 - reader cost: 5.9423e-05
332/348 [===========================>..] - ETA: 0s - batch_cost: 0.0147 - reader cost: 5.8887e-05
335/348 [===========================>..] - ETA: 0s - batch_cost: 0.0148 - reader cost: 5.8359e-05
338/348 [============================>.] - ETA: 0s - batch_cost: 0.0148 - reader cost: 5.7841e-05
342/348 [============================>.] - ETA: 0s - batch_cost: 0.0148 - reader cost: 5.7165e-05
346/348 [============================>.] - ETA: 0s - batch_cost: 0.0148 - reader cost: 5.6504e-05
348/348 [==============================] - 5s 15ms/step - batch_cost: 0.0148 - reader cost: 5.6179e-05

  1/348 [..............................] - ETA: 9s - batch_cost: 0.0275 - reader cost: 0.0070
  5/348 [..............................] - ETA: 5s - batch_cost: 0.0172 - reader cost: 0.0014
  9/348 [..............................] - ETA: 5s - batch_cost: 0.0163 - reader cost: 9.9908e-04
 13/348 [>.............................] - ETA: 5s - batch_cost: 0.0161 - reader cost: 7.6853e-04
 17/348 [>.............................] - ETA: 5s - batch_cost: 0.0161 - reader cost: 5.8770e-04
 21/348 [>.............................] - ETA: 5s - batch_cost: 0.0155 - reader cost: 4.7576e-04
 25/348 [=>............................] - ETA: 4s - batch_cost: 0.0151 - reader cost: 3.9964e-04
 29/348 [=>............................] - ETA: 4s - batch_cost: 0.0150 - reader cost: 3.4451e-04
 33/348 [=>............................] - ETA: 4s - batch_cost: 0.0150 - reader cost: 3.0276e-04
 37/348 [==>...........................] - ETA: 4s - batch_cost: 0.0150 - reader cost: 2.7003e-04
 40/348 [==>...........................] - ETA: 4s - batch_cost: 0.0151 - reader cost: 2.4977e-04
 44/348 [==>...........................] - ETA: 4s - batch_cost: 0.0150 - reader cost: 2.2707e-04
 48/348 [===>..........................] - ETA: 4s - batch_cost: 0.0150 - reader cost: 2.4941e-04
 52/348 [===>..........................] - ETA: 4s - batch_cost: 0.0149 - reader cost: 2.3023e-04
 56/348 [===>..........................] - ETA: 4s - batch_cost: 0.0149 - reader cost: 2.1378e-04
 60/348 [====>.........................] - ETA: 4s - batch_cost: 0.0148 - reader cost: 1.9953e-04
 64/348 [====>.........................] - ETA: 4s - batch_cost: 0.0147 - reader cost: 1.8706e-04
 68/348 [====>.........................] - ETA: 4s - batch_cost: 0.0146 - reader cost: 1.7605e-04
 72/348 [=====>........................] - ETA: 4s - batch_cost: 0.0146 - reader cost: 1.6627e-04
 76/348 [=====>........................] - ETA: 3s - batch_cost: 0.0145 - reader cost: 1.5752e-04
 80/348 [=====>........................] - ETA: 3s - batch_cost: 0.0145 - reader cost: 1.6235e-04
 84/348 [======>.......................] - ETA: 3s - batch_cost: 0.0144 - reader cost: 1.5461e-04
 88/348 [======>.......................] - ETA: 3s - batch_cost: 0.0144 - reader cost: 1.4759e-04
 92/348 [======>.......................] - ETA: 3s - batch_cost: 0.0144 - reader cost: 1.4117e-04
 96/348 [=======>......................] - ETA: 3s - batch_cost: 0.0144 - reader cost: 1.3529e-04
100/348 [=======>......................] - ETA: 3s - batch_cost: 0.0143 - reader cost: 1.2988e-04
104/348 [=======>......................] - ETA: 3s - batch_cost: 0.0143 - reader cost: 1.2488e-04
108/348 [========>.....................] - ETA: 3s - batch_cost: 0.0143 - reader cost: 1.2026e-04
112/348 [========>.....................] - ETA: 3s - batch_cost: 0.0143 - reader cost: 1.1596e-04
116/348 [=========>....................] - ETA: 3s - batch_cost: 0.0142 - reader cost: 1.1641e-04
120/348 [=========>....................] - ETA: 3s - batch_cost: 0.0142 - reader cost: 1.1253e-04
124/348 [=========>....................] - ETA: 3s - batch_cost: 0.0142 - reader cost: 1.0890e-04
128/348 [==========>...................] - ETA: 3s - batch_cost: 0.0141 - reader cost: 1.0549e-04
132/348 [==========>...................] - ETA: 3s - batch_cost: 0.0141 - reader cost: 1.0987e-04
136/348 [==========>...................] - ETA: 2s - batch_cost: 0.0141 - reader cost: 1.1408e-04
140/348 [===========>..................] - ETA: 2s - batch_cost: 0.0141 - reader cost: 1.1082e-04
144/348 [===========>..................] - ETA: 2s - batch_cost: 0.0141 - reader cost: 1.0774e-04
148/348 [===========>..................] - ETA: 2s - batch_cost: 0.0141 - reader cost: 1.0483e-04
152/348 [============>.................] - ETA: 2s - batch_cost: 0.0141 - reader cost: 1.0207e-04
155/348 [============>.................] - ETA: 2s - batch_cost: 0.0141 - reader cost: 1.0009e-04
158/348 [============>.................] - ETA: 2s - batch_cost: 0.0142 - reader cost: 9.8194e-05
161/348 [============>.................] - ETA: 2s - batch_cost: 0.0143 - reader cost: 1.0258e-04
164/348 [=============>................] - ETA: 2s - batch_cost: 0.0144 - reader cost: 1.0070e-04
167/348 [=============>................] - ETA: 2s - batch_cost: 0.0144 - reader cost: 9.8891e-05
170/348 [=============>................] - ETA: 2s - batch_cost: 0.0145 - reader cost: 9.7146e-05
174/348 [==============>...............] - ETA: 2s - batch_cost: 0.0145 - reader cost: 9.4913e-05
178/348 [==============>...............] - ETA: 2s - batch_cost: 0.0146 - reader cost: 9.2780e-05
182/348 [==============>...............] - ETA: 2s - batch_cost: 0.0146 - reader cost: 9.6270e-05
186/348 [===============>..............] - ETA: 2s - batch_cost: 0.0146 - reader cost: 9.4200e-05
190/348 [===============>..............] - ETA: 2s - batch_cost: 0.0145 - reader cost: 9.2217e-05
194/348 [===============>..............] - ETA: 2s - batch_cost: 0.0145 - reader cost: 9.0315e-05
198/348 [================>.............] - ETA: 2s - batch_cost: 0.0145 - reader cost: 8.8491e-05
202/348 [================>.............] - ETA: 2s - batch_cost: 0.0145 - reader cost: 8.6738e-05
206/348 [================>.............] - ETA: 2s - batch_cost: 0.0144 - reader cost: 8.5054e-05
210/348 [=================>............] - ETA: 1s - batch_cost: 0.0144 - reader cost: 8.3434e-05
214/348 [=================>............] - ETA: 1s - batch_cost: 0.0144 - reader cost: 8.1874e-05
218/348 [=================>............] - ETA: 1s - batch_cost: 0.0144 - reader cost: 8.0372e-05
222/348 [==================>...........] - ETA: 1s - batch_cost: 0.0144 - reader cost: 8.3462e-05
226/348 [==================>...........] - ETA: 1s - batch_cost: 0.0144 - reader cost: 8.1984e-05
230/348 [==================>...........] - ETA: 1s - batch_cost: 0.0144 - reader cost: 8.4909e-05
234/348 [===================>..........] - ETA: 1s - batch_cost: 0.0144 - reader cost: 8.3458e-05
238/348 [===================>..........] - ETA: 1s - batch_cost: 0.0144 - reader cost: 8.2055e-05
242/348 [===================>..........] - ETA: 1s - batch_cost: 0.0144 - reader cost: 8.0699e-05
246/348 [====================>.........] - ETA: 1s - batch_cost: 0.0143 - reader cost: 7.9387e-05
250/348 [====================>.........] - ETA: 1s - batch_cost: 0.0143 - reader cost: 7.8116e-05
254/348 [====================>.........] - ETA: 1s - batch_cost: 0.0143 - reader cost: 8.0822e-05
258/348 [=====================>........] - ETA: 1s - batch_cost: 0.0143 - reader cost: 7.9569e-05
262/348 [=====================>........] - ETA: 1s - batch_cost: 0.0143 - reader cost: 7.8354e-05
266/348 [=====================>........] - ETA: 1s - batch_cost: 0.0143 - reader cost: 7.7176e-05
270/348 [======================>.......] - ETA: 1s - batch_cost: 0.0143 - reader cost: 7.6033e-05
274/348 [======================>.......] - ETA: 1s - batch_cost: 0.0143 - reader cost: 7.4923e-05
277/348 [======================>.......] - ETA: 1s - batch_cost: 0.0144 - reader cost: 7.7720e-05
280/348 [=======================>......] - ETA: 0s - batch_cost: 0.0144 - reader cost: 8.0460e-05
284/348 [=======================>......] - ETA: 0s - batch_cost: 0.0144 - reader cost: 7.9327e-05
288/348 [=======================>......] - ETA: 0s - batch_cost: 0.0144 - reader cost: 8.5151e-05
292/348 [========================>.....] - ETA: 0s - batch_cost: 0.0145 - reader cost: 8.3985e-05
295/348 [========================>.....] - ETA: 0s - batch_cost: 0.0145 - reader cost: 8.6481e-05
299/348 [========================>.....] - ETA: 0s - batch_cost: 0.0145 - reader cost: 8.5324e-05
303/348 [=========================>....] - ETA: 0s - batch_cost: 0.0146 - reader cost: 8.4198e-05
307/348 [=========================>....] - ETA: 0s - batch_cost: 0.0146 - reader cost: 8.3101e-05
311/348 [=========================>....] - ETA: 0s - batch_cost: 0.0146 - reader cost: 8.2032e-05
314/348 [==========================>...] - ETA: 0s - batch_cost: 0.0146 - reader cost: 8.1248e-05
318/348 [==========================>...] - ETA: 0s - batch_cost: 0.0146 - reader cost: 8.0226e-05
322/348 [==========================>...] - ETA: 0s - batch_cost: 0.0146 - reader cost: 7.9230e-05
326/348 [===========================>..] - ETA: 0s - batch_cost: 0.0146 - reader cost: 7.8258e-05
330/348 [===========================>..] - ETA: 0s - batch_cost: 0.0146 - reader cost: 7.7309e-05
334/348 [===========================>..] - ETA: 0s - batch_cost: 0.0146 - reader cost: 7.6383e-05
338/348 [============================>.] - ETA: 0s - batch_cost: 0.0146 - reader cost: 7.5479e-05
341/348 [============================>.] - ETA: 0s - batch_cost: 0.0146 - reader cost: 7.7804e-05
345/348 [============================>.] - ETA: 0s - batch_cost: 0.0146 - reader cost: 7.6902e-05
348/348 [==============================] - 5s 15ms/step - batch_cost: 0.0146 - reader cost: 7.6239e-05

  1/348 [..............................] - ETA: 7s - batch_cost: 0.0210 - reader cost: 0.0075
  5/348 [..............................] - ETA: 5s - batch_cost: 0.0172 - reader cost: 0.0015
  9/348 [..............................] - ETA: 5s - batch_cost: 0.0159 - reader cost: 0.0010
 13/348 [>.............................] - ETA: 5s - batch_cost: 0.0150 - reader cost: 7.7202e-04
 17/348 [>.............................] - ETA: 4s - batch_cost: 0.0146 - reader cost: 6.3586e-04
 21/348 [>.............................] - ETA: 4s - batch_cost: 0.0143 - reader cost: 5.1475e-04
 25/348 [=>............................] - ETA: 4s - batch_cost: 0.0141 - reader cost: 4.3239e-04
 29/348 [=>............................] - ETA: 4s - batch_cost: 0.0141 - reader cost: 3.7275e-04
 33/348 [=>............................] - ETA: 4s - batch_cost: 0.0142 - reader cost: 3.4337e-04
 37/348 [==>...........................] - ETA: 4s - batch_cost: 0.0142 - reader cost: 3.3343e-04
 41/348 [==>...........................] - ETA: 4s - batch_cost: 0.0144 - reader cost: 3.0090e-04
 45/348 [==>...........................] - ETA: 4s - batch_cost: 0.0143 - reader cost: 2.7415e-04
 49/348 [===>..........................] - ETA: 4s - batch_cost: 0.0142 - reader cost: 2.5177e-04
 53/348 [===>..........................] - ETA: 4s - batch_cost: 0.0142 - reader cost: 2.3277e-04
 57/348 [===>..........................] - ETA: 4s - batch_cost: 0.0141 - reader cost: 2.1644e-04
 61/348 [====>.........................] - ETA: 4s - batch_cost: 0.0141 - reader cost: 2.0225e-04
 65/348 [====>.........................] - ETA: 3s - batch_cost: 0.0140 - reader cost: 1.8980e-04
 69/348 [====>.........................] - ETA: 3s - batch_cost: 0.0140 - reader cost: 1.7880e-04
 73/348 [=====>........................] - ETA: 3s - batch_cost: 0.0141 - reader cost: 1.8269e-04
 77/348 [=====>........................] - ETA: 3s - batch_cost: 0.0142 - reader cost: 1.8621e-04
 81/348 [=====>........................] - ETA: 3s - batch_cost: 0.0142 - reader cost: 1.7702e-04
 85/348 [======>.......................] - ETA: 3s - batch_cost: 0.0142 - reader cost: 1.6869e-04
 89/348 [======>.......................] - ETA: 3s - batch_cost: 0.0142 - reader cost: 1.6110e-04
 93/348 [=======>......................] - ETA: 3s - batch_cost: 0.0141 - reader cost: 1.5977e-04
 97/348 [=======>......................] - ETA: 3s - batch_cost: 0.0141 - reader cost: 1.5841e-04
101/348 [=======>......................] - ETA: 3s - batch_cost: 0.0141 - reader cost: 1.5213e-04
105/348 [========>.....................] - ETA: 3s - batch_cost: 0.0142 - reader cost: 1.4634e-04
108/348 [========>.....................] - ETA: 3s - batch_cost: 0.0142 - reader cost: 1.4227e-04
111/348 [========>.....................] - ETA: 3s - batch_cost: 0.0145 - reader cost: 1.3843e-04
114/348 [========>.....................] - ETA: 3s - batch_cost: 0.0146 - reader cost: 1.3478e-04
118/348 [=========>....................] - ETA: 3s - batch_cost: 0.0146 - reader cost: 1.3021e-04
122/348 [=========>....................] - ETA: 3s - batch_cost: 0.0146 - reader cost: 1.2595e-04
125/348 [=========>....................] - ETA: 3s - batch_cost: 0.0147 - reader cost: 1.2292e-04
129/348 [==========>...................] - ETA: 3s - batch_cost: 0.0147 - reader cost: 1.1911e-04
133/348 [==========>...................] - ETA: 3s - batch_cost: 0.0147 - reader cost: 1.1553e-04
137/348 [==========>...................] - ETA: 3s - batch_cost: 0.0146 - reader cost: 1.1216e-04
141/348 [===========>..................] - ETA: 3s - batch_cost: 0.0146 - reader cost: 1.0897e-04
145/348 [===========>..................] - ETA: 2s - batch_cost: 0.0146 - reader cost: 1.0597e-04
149/348 [===========>..................] - ETA: 2s - batch_cost: 0.0146 - reader cost: 1.0982e-04
153/348 [============>.................] - ETA: 2s - batch_cost: 0.0146 - reader cost: 1.1348e-04
157/348 [============>.................] - ETA: 2s - batch_cost: 0.0146 - reader cost: 1.1695e-04
161/348 [============>.................] - ETA: 2s - batch_cost: 0.0145 - reader cost: 1.1404e-04
165/348 [=============>................] - ETA: 2s - batch_cost: 0.0145 - reader cost: 1.1733e-04
169/348 [=============>................] - ETA: 2s - batch_cost: 0.0145 - reader cost: 1.1455e-04
173/348 [=============>................] - ETA: 2s - batch_cost: 0.0144 - reader cost: 1.1190e-04
177/348 [==============>...............] - ETA: 2s - batch_cost: 0.0144 - reader cost: 1.0937e-04
181/348 [==============>...............] - ETA: 2s - batch_cost: 0.0144 - reader cost: 1.1246e-04
185/348 [==============>...............] - ETA: 2s - batch_cost: 0.0145 - reader cost: 1.1003e-04
189/348 [===============>..............] - ETA: 2s - batch_cost: 0.0145 - reader cost: 1.1828e-04
193/348 [===============>..............] - ETA: 2s - batch_cost: 0.0145 - reader cost: 1.2102e-04
197/348 [===============>..............] - ETA: 2s - batch_cost: 0.0144 - reader cost: 1.1856e-04
201/348 [================>.............] - ETA: 2s - batch_cost: 0.0144 - reader cost: 1.1620e-04
205/348 [================>.............] - ETA: 2s - batch_cost: 0.0144 - reader cost: 1.1393e-04
209/348 [=================>............] - ETA: 2s - batch_cost: 0.0144 - reader cost: 1.1175e-04
213/348 [=================>............] - ETA: 1s - batch_cost: 0.0143 - reader cost: 1.1436e-04
217/348 [=================>............] - ETA: 1s - batch_cost: 0.0143 - reader cost: 1.1225e-04
221/348 [==================>...........] - ETA: 1s - batch_cost: 0.0143 - reader cost: 1.1022e-04
225/348 [==================>...........] - ETA: 1s - batch_cost: 0.0143 - reader cost: 1.0826e-04
229/348 [==================>...........] - ETA: 1s - batch_cost: 0.0143 - reader cost: 1.0637e-04
233/348 [===================>..........] - ETA: 1s - batch_cost: 0.0143 - reader cost: 1.0454e-04
237/348 [===================>..........] - ETA: 1s - batch_cost: 0.0143 - reader cost: 1.0278e-04
241/348 [===================>..........] - ETA: 1s - batch_cost: 0.0143 - reader cost: 1.0107e-04
244/348 [====================>.........] - ETA: 1s - batch_cost: 0.0143 - reader cost: 9.9830e-05
248/348 [====================>.........] - ETA: 1s - batch_cost: 0.0143 - reader cost: 9.8220e-05
252/348 [====================>.........] - ETA: 1s - batch_cost: 0.0143 - reader cost: 9.6661e-05
256/348 [=====================>........] - ETA: 1s - batch_cost: 0.0143 - reader cost: 9.9086e-05
260/348 [=====================>........] - ETA: 1s - batch_cost: 0.0143 - reader cost: 9.7562e-05
264/348 [=====================>........] - ETA: 1s - batch_cost: 0.0143 - reader cost: 9.6084e-05
268/348 [======================>.......] - ETA: 1s - batch_cost: 0.0143 - reader cost: 9.4650e-05
272/348 [======================>.......] - ETA: 1s - batch_cost: 0.0142 - reader cost: 9.3258e-05
276/348 [======================>.......] - ETA: 1s - batch_cost: 0.0142 - reader cost: 9.1906e-05
280/348 [=======================>......] - ETA: 0s - batch_cost: 0.0142 - reader cost: 9.0593e-05
284/348 [=======================>......] - ETA: 0s - batch_cost: 0.0142 - reader cost: 8.9317e-05
288/348 [=======================>......] - ETA: 0s - batch_cost: 0.0142 - reader cost: 8.8077e-05
292/348 [========================>.....] - ETA: 0s - batch_cost: 0.0142 - reader cost: 8.6870e-05
296/348 [========================>.....] - ETA: 0s - batch_cost: 0.0142 - reader cost: 8.5696e-05
300/348 [========================>.....] - ETA: 0s - batch_cost: 0.0142 - reader cost: 8.7884e-05
304/348 [=========================>....] - ETA: 0s - batch_cost: 0.0142 - reader cost: 8.6728e-05
308/348 [=========================>....] - ETA: 0s - batch_cost: 0.0142 - reader cost: 8.8820e-05
312/348 [=========================>....] - ETA: 0s - batch_cost: 0.0142 - reader cost: 9.0891e-05
316/348 [==========================>...] - ETA: 0s - batch_cost: 0.0142 - reader cost: 9.6039e-05
320/348 [==========================>...] - ETA: 0s - batch_cost: 0.0142 - reader cost: 9.4838e-05
324/348 [==========================>...] - ETA: 0s - batch_cost: 0.0142 - reader cost: 9.6718e-05
328/348 [===========================>..] - ETA: 0s - batch_cost: 0.0142 - reader cost: 9.8646e-05
331/348 [===========================>..] - ETA: 0s - batch_cost: 0.0142 - reader cost: 9.7752e-05
335/348 [===========================>..] - ETA: 0s - batch_cost: 0.0142 - reader cost: 9.6585e-05
339/348 [============================>.] - ETA: 0s - batch_cost: 0.0143 - reader cost: 9.8366e-05
343/348 [============================>.] - ETA: 0s - batch_cost: 0.0143 - reader cost: 9.7219e-05
347/348 [============================>.] - ETA: 0s - batch_cost: 0.0143 - reader cost: 9.6098e-05
348/348 [==============================] - 5s 14ms/step - batch_cost: 0.0143 - reader cost: 9.5822e-05

  1/348 [..............................] - ETA: 7s - batch_cost: 0.0225 - reader cost: 0.0075
  5/348 [..............................] - ETA: 5s - batch_cost: 0.0160 - reader cost: 0.0015
  9/348 [..............................] - ETA: 5s - batch_cost: 0.0151 - reader cost: 8.3778e-04
 13/348 [>.............................] - ETA: 4s - batch_cost: 0.0149 - reader cost: 5.8000e-04
 17/348 [>.............................] - ETA: 4s - batch_cost: 0.0145 - reader cost: 5.0239e-04
 21/348 [>.............................] - ETA: 4s - batch_cost: 0.0142 - reader cost: 4.0670e-04
 25/348 [=>............................] - ETA: 4s - batch_cost: 0.0142 - reader cost: 3.4163e-04
 29/348 [=>............................] - ETA: 4s - batch_cost: 0.0140 - reader cost: 2.9450e-04
 33/348 [=>............................] - ETA: 4s - batch_cost: 0.0139 - reader cost: 2.5881e-04
 37/348 [==>...........................] - ETA: 4s - batch_cost: 0.0138 - reader cost: 2.5801e-04
 41/348 [==>...........................] - ETA: 4s - batch_cost: 0.0138 - reader cost: 2.3284e-04
 45/348 [==>...........................] - ETA: 4s - batch_cost: 0.0138 - reader cost: 2.1214e-04
 49/348 [===>..........................] - ETA: 4s - batch_cost: 0.0139 - reader cost: 2.0569e-04
 53/348 [===>..........................] - ETA: 4s - batch_cost: 0.0138 - reader cost: 1.9017e-04
 57/348 [===>..........................] - ETA: 4s - batch_cost: 0.0139 - reader cost: 1.7682e-04
 61/348 [====>.........................] - ETA: 3s - batch_cost: 0.0139 - reader cost: 1.6523e-04
 65/348 [====>.........................] - ETA: 3s - batch_cost: 0.0139 - reader cost: 1.5506e-04
 69/348 [====>.........................] - ETA: 3s - batch_cost: 0.0139 - reader cost: 1.4607e-04
 73/348 [=====>........................] - ETA: 3s - batch_cost: 0.0140 - reader cost: 1.3807e-04
 77/348 [=====>........................] - ETA: 3s - batch_cost: 0.0140 - reader cost: 1.3089e-04
 81/348 [=====>........................] - ETA: 3s - batch_cost: 0.0140 - reader cost: 1.2443e-04
 85/348 [======>.......................] - ETA: 3s - batch_cost: 0.0140 - reader cost: 1.3629e-04
 89/348 [======>.......................] - ETA: 3s - batch_cost: 0.0139 - reader cost: 1.3016e-04
 93/348 [=======>......................] - ETA: 3s - batch_cost: 0.0139 - reader cost: 1.2456e-04
 97/348 [=======>......................] - ETA: 3s - batch_cost: 0.0139 - reader cost: 1.1943e-04
101/348 [=======>......................] - ETA: 3s - batch_cost: 0.0140 - reader cost: 1.1470e-04
105/348 [========>.....................] - ETA: 3s - batch_cost: 0.0140 - reader cost: 1.1033e-04
109/348 [========>.....................] - ETA: 3s - batch_cost: 0.0140 - reader cost: 1.0628e-04
113/348 [========>.....................] - ETA: 3s - batch_cost: 0.0139 - reader cost: 1.0252e-04
117/348 [=========>....................] - ETA: 3s - batch_cost: 0.0139 - reader cost: 1.0756e-04
121/348 [=========>....................] - ETA: 3s - batch_cost: 0.0139 - reader cost: 1.0400e-04
125/348 [=========>....................] - ETA: 3s - batch_cost: 0.0139 - reader cost: 1.0067e-04
129/348 [==========>...................] - ETA: 3s - batch_cost: 0.0140 - reader cost: 1.0534e-04
133/348 [==========>...................] - ETA: 3s - batch_cost: 0.0141 - reader cost: 1.0969e-04
136/348 [==========>...................] - ETA: 3s - batch_cost: 0.0142 - reader cost: 1.1462e-04
140/348 [===========>..................] - ETA: 2s - batch_cost: 0.0142 - reader cost: 1.1135e-04
143/348 [===========>..................] - ETA: 2s - batch_cost: 0.0142 - reader cost: 1.1604e-04
146/348 [===========>..................] - ETA: 2s - batch_cost: 0.0143 - reader cost: 1.2051e-04
150/348 [===========>..................] - ETA: 2s - batch_cost: 0.0144 - reader cost: 1.1730e-04
154/348 [============>.................] - ETA: 2s - batch_cost: 0.0144 - reader cost: 1.1425e-04
158/348 [============>.................] - ETA: 2s - batch_cost: 0.0144 - reader cost: 1.1136e-04
162/348 [============>.................] - ETA: 2s - batch_cost: 0.0144 - reader cost: 1.0861e-04
166/348 [=============>................] - ETA: 2s - batch_cost: 0.0144 - reader cost: 1.0599e-04
170/348 [=============>................] - ETA: 2s - batch_cost: 0.0143 - reader cost: 1.0350e-04
174/348 [==============>...............] - ETA: 2s - batch_cost: 0.0143 - reader cost: 1.0112e-04
178/348 [==============>...............] - ETA: 2s - batch_cost: 0.0144 - reader cost: 9.8845e-05
182/348 [==============>...............] - ETA: 2s - batch_cost: 0.0143 - reader cost: 9.6672e-05
186/348 [===============>..............] - ETA: 2s - batch_cost: 0.0143 - reader cost: 9.4593e-05
190/348 [===============>..............] - ETA: 2s - batch_cost: 0.0144 - reader cost: 9.2602e-05
194/348 [===============>..............] - ETA: 2s - batch_cost: 0.0144 - reader cost: 9.8506e-05
198/348 [================>.............] - ETA: 2s - batch_cost: 0.0143 - reader cost: 9.6516e-05
202/348 [================>.............] - ETA: 2s - batch_cost: 0.0143 - reader cost: 9.4605e-05
206/348 [================>.............] - ETA: 2s - batch_cost: 0.0143 - reader cost: 9.2768e-05
210/348 [=================>............] - ETA: 1s - batch_cost: 0.0143 - reader cost: 9.1001e-05
214/348 [=================>............] - ETA: 1s - batch_cost: 0.0143 - reader cost: 8.9300e-05
218/348 [=================>............] - ETA: 1s - batch_cost: 0.0143 - reader cost: 8.7661e-05
222/348 [==================>...........] - ETA: 1s - batch_cost: 0.0144 - reader cost: 8.6082e-05
226/348 [==================>...........] - ETA: 1s - batch_cost: 0.0144 - reader cost: 8.4558e-05
230/348 [==================>...........] - ETA: 1s - batch_cost: 0.0143 - reader cost: 8.3088e-05
234/348 [===================>..........] - ETA: 1s - batch_cost: 0.0143 - reader cost: 8.1668e-05
238/348 [===================>..........] - ETA: 1s - batch_cost: 0.0143 - reader cost: 8.0295e-05
242/348 [===================>..........] - ETA: 1s - batch_cost: 0.0143 - reader cost: 7.8968e-05
246/348 [====================>.........] - ETA: 1s - batch_cost: 0.0143 - reader cost: 7.7684e-05
251/348 [====================>.........] - ETA: 1s - batch_cost: 0.0142 - reader cost: 7.6136e-05
255/348 [====================>.........] - ETA: 1s - batch_cost: 0.0142 - reader cost: 7.4942e-05
259/348 [=====================>........] - ETA: 1s - batch_cost: 0.0142 - reader cost: 7.3785e-05
263/348 [=====================>........] - ETA: 1s - batch_cost: 0.0142 - reader cost: 7.6462e-05
267/348 [======================>.......] - ETA: 1s - batch_cost: 0.0142 - reader cost: 7.5316e-05
271/348 [======================>.......] - ETA: 1s - batch_cost: 0.0142 - reader cost: 7.4204e-05
275/348 [======================>.......] - ETA: 1s - batch_cost: 0.0142 - reader cost: 7.3125e-05
279/348 [=======================>......] - ETA: 0s - batch_cost: 0.0142 - reader cost: 7.2077e-05
283/348 [=======================>......] - ETA: 0s - batch_cost: 0.0142 - reader cost: 7.1058e-05
287/348 [=======================>......] - ETA: 0s - batch_cost: 0.0142 - reader cost: 7.0068e-05
291/348 [========================>.....] - ETA: 0s - batch_cost: 0.0142 - reader cost: 6.9105e-05
295/348 [========================>.....] - ETA: 0s - batch_cost: 0.0142 - reader cost: 6.8168e-05
299/348 [========================>.....] - ETA: 0s - batch_cost: 0.0142 - reader cost: 6.7256e-05
303/348 [=========================>....] - ETA: 0s - batch_cost: 0.0142 - reader cost: 6.8038e-05
307/348 [=========================>....] - ETA: 0s - batch_cost: 0.0142 - reader cost: 6.7152e-05
311/348 [=========================>....] - ETA: 0s - batch_cost: 0.0142 - reader cost: 6.6288e-05
315/348 [==========================>...] - ETA: 0s - batch_cost: 0.0142 - reader cost: 6.8609e-05
319/348 [==========================>...] - ETA: 0s - batch_cost: 0.0142 - reader cost: 6.7749e-05
323/348 [==========================>...] - ETA: 0s - batch_cost: 0.0141 - reader cost: 6.6910e-05
327/348 [===========================>..] - ETA: 0s - batch_cost: 0.0141 - reader cost: 6.6092e-05
331/348 [===========================>..] - ETA: 0s - batch_cost: 0.0142 - reader cost: 6.5293e-05
335/348 [===========================>..] - ETA: 0s - batch_cost: 0.0142 - reader cost: 6.7502e-05
339/348 [============================>.] - ETA: 0s - batch_cost: 0.0142 - reader cost: 6.6706e-05
342/348 [============================>.] - ETA: 0s - batch_cost: 0.0143 - reader cost: 6.6121e-05
345/348 [============================>.] - ETA: 0s - batch_cost: 0.0143 - reader cost: 6.5546e-05
348/348 [==============================] - 5s 14ms/step - batch_cost: 0.0143 - reader cost: 6.4981e-05

  1/348 [..............................] - ETA: 8s - batch_cost: 0.0239 - reader cost: 0.0082
  4/348 [..............................] - ETA: 6s - batch_cost: 0.0185 - reader cost: 0.0020
  8/348 [..............................] - ETA: 5s - batch_cost: 0.0162 - reader cost: 0.0010
 12/348 [>.............................] - ETA: 5s - batch_cost: 0.0153 - reader cost: 6.8214e-04
 16/348 [>.............................] - ETA: 4s - batch_cost: 0.0147 - reader cost: 5.1160e-04
 20/348 [>.............................] - ETA: 4s - batch_cost: 0.0145 - reader cost: 4.0928e-04
 24/348 [=>............................] - ETA: 4s - batch_cost: 0.0143 - reader cost: 3.4107e-04
 28/348 [=>............................] - ETA: 4s - batch_cost: 0.0141 - reader cost: 2.9234e-04
 33/348 [=>............................] - ETA: 4s - batch_cost: 0.0138 - reader cost: 2.7829e-04
 37/348 [==>...........................] - ETA: 4s - batch_cost: 0.0137 - reader cost: 2.7512e-04
 41/348 [==>...........................] - ETA: 4s - batch_cost: 0.0137 - reader cost: 2.4828e-04
 45/348 [==>...........................] - ETA: 4s - batch_cost: 0.0136 - reader cost: 2.2621e-04
 49/348 [===>..........................] - ETA: 4s - batch_cost: 0.0136 - reader cost: 2.0774e-04
 53/348 [===>..........................] - ETA: 4s - batch_cost: 0.0136 - reader cost: 1.9206e-04
 57/348 [===>..........................] - ETA: 3s - batch_cost: 0.0137 - reader cost: 1.7858e-04
 62/348 [====>.........................] - ETA: 3s - batch_cost: 0.0136 - reader cost: 1.8030e-04
 65/348 [====>.........................] - ETA: 3s - batch_cost: 0.0138 - reader cost: 1.7198e-04
 69/348 [====>.........................] - ETA: 3s - batch_cost: 0.0138 - reader cost: 1.6201e-04
 73/348 [=====>........................] - ETA: 3s - batch_cost: 0.0138 - reader cost: 1.6715e-04
 77/348 [=====>........................] - ETA: 3s - batch_cost: 0.0138 - reader cost: 1.5847e-04
 81/348 [=====>........................] - ETA: 3s - batch_cost: 0.0138 - reader cost: 1.6921e-04
 84/348 [======>.......................] - ETA: 3s - batch_cost: 0.0139 - reader cost: 1.6317e-04
 87/348 [======>.......................] - ETA: 3s - batch_cost: 0.0140 - reader cost: 1.5754e-04
 90/348 [======>.......................] - ETA: 3s - batch_cost: 0.0141 - reader cost: 1.5229e-04
 93/348 [=======>......................] - ETA: 3s - batch_cost: 0.0143 - reader cost: 1.4738e-04
 96/348 [=======>......................] - ETA: 3s - batch_cost: 0.0144 - reader cost: 1.4277e-04
 99/348 [=======>......................] - ETA: 3s - batch_cost: 0.0146 - reader cost: 1.4854e-04
102/348 [=======>......................] - ETA: 3s - batch_cost: 0.0147 - reader cost: 1.5401e-04
106/348 [========>.....................] - ETA: 3s - batch_cost: 0.0147 - reader cost: 1.4820e-04
110/348 [========>.....................] - ETA: 3s - batch_cost: 0.0147 - reader cost: 1.6099e-04
114/348 [========>.....................] - ETA: 3s - batch_cost: 0.0146 - reader cost: 1.6409e-04
118/348 [=========>....................] - ETA: 3s - batch_cost: 0.0146 - reader cost: 1.5853e-04
122/348 [=========>....................] - ETA: 3s - batch_cost: 0.0146 - reader cost: 1.5333e-04
126/348 [=========>....................] - ETA: 3s - batch_cost: 0.0147 - reader cost: 1.5640e-04
130/348 [==========>...................] - ETA: 3s - batch_cost: 0.0147 - reader cost: 1.5159e-04
134/348 [==========>...................] - ETA: 3s - batch_cost: 0.0146 - reader cost: 1.4706e-04
138/348 [==========>...................] - ETA: 3s - batch_cost: 0.0146 - reader cost: 1.4280e-04
142/348 [===========>..................] - ETA: 3s - batch_cost: 0.0146 - reader cost: 1.3878e-04
146/348 [===========>..................] - ETA: 2s - batch_cost: 0.0145 - reader cost: 1.3497e-04
150/348 [===========>..................] - ETA: 2s - batch_cost: 0.0145 - reader cost: 1.3137e-04
153/348 [============>.................] - ETA: 2s - batch_cost: 0.0145 - reader cost: 1.2880e-04
157/348 [============>.................] - ETA: 2s - batch_cost: 0.0145 - reader cost: 1.2552e-04
161/348 [============>.................] - ETA: 2s - batch_cost: 0.0145 - reader cost: 1.2859e-04
165/348 [=============>................] - ETA: 2s - batch_cost: 0.0145 - reader cost: 1.2547e-04
169/348 [=============>................] - ETA: 2s - batch_cost: 0.0144 - reader cost: 1.2250e-04
173/348 [=============>................] - ETA: 2s - batch_cost: 0.0144 - reader cost: 1.1967e-04
177/348 [==============>...............] - ETA: 2s - batch_cost: 0.0144 - reader cost: 1.1696e-04
181/348 [==============>...............] - ETA: 2s - batch_cost: 0.0144 - reader cost: 1.1438e-04
185/348 [==============>...............] - ETA: 2s - batch_cost: 0.0143 - reader cost: 1.1190e-04
189/348 [===============>..............] - ETA: 2s - batch_cost: 0.0143 - reader cost: 1.0954e-04
193/348 [===============>..............] - ETA: 2s - batch_cost: 0.0143 - reader cost: 1.0727e-04
197/348 [===============>..............] - ETA: 2s - batch_cost: 0.0144 - reader cost: 1.0509e-04
201/348 [================>.............] - ETA: 2s - batch_cost: 0.0144 - reader cost: 1.0300e-04
205/348 [================>.............] - ETA: 2s - batch_cost: 0.0144 - reader cost: 1.0099e-04
209/348 [=================>............] - ETA: 2s - batch_cost: 0.0144 - reader cost: 9.9054e-05
213/348 [=================>............] - ETA: 1s - batch_cost: 0.0144 - reader cost: 9.7194e-05
217/348 [=================>............] - ETA: 1s - batch_cost: 0.0144 - reader cost: 9.5403e-05
221/348 [==================>...........] - ETA: 1s - batch_cost: 0.0143 - reader cost: 9.8254e-05
225/348 [==================>...........] - ETA: 1s - batch_cost: 0.0143 - reader cost: 9.6508e-05
229/348 [==================>...........] - ETA: 1s - batch_cost: 0.0143 - reader cost: 9.4822e-05
233/348 [===================>..........] - ETA: 1s - batch_cost: 0.0143 - reader cost: 9.3194e-05
237/348 [===================>..........] - ETA: 1s - batch_cost: 0.0143 - reader cost: 9.1621e-05
241/348 [===================>..........] - ETA: 1s - batch_cost: 0.0143 - reader cost: 9.0100e-05
245/348 [====================>.........] - ETA: 1s - batch_cost: 0.0143 - reader cost: 8.8629e-05
249/348 [====================>.........] - ETA: 1s - batch_cost: 0.0142 - reader cost: 9.0367e-05
253/348 [====================>.........] - ETA: 1s - batch_cost: 0.0142 - reader cost: 9.2940e-05
257/348 [=====================>........] - ETA: 1s - batch_cost: 0.0142 - reader cost: 9.1493e-05
261/348 [=====================>........] - ETA: 1s - batch_cost: 0.0142 - reader cost: 9.3886e-05
265/348 [=====================>........] - ETA: 1s - batch_cost: 0.0142 - reader cost: 9.2469e-05
269/348 [======================>.......] - ETA: 1s - batch_cost: 0.0142 - reader cost: 9.1094e-05
273/348 [======================>.......] - ETA: 1s - batch_cost: 0.0142 - reader cost: 8.9759e-05
277/348 [======================>.......] - ETA: 1s - batch_cost: 0.0142 - reader cost: 8.8463e-05
281/348 [=======================>......] - ETA: 0s - batch_cost: 0.0142 - reader cost: 8.7204e-05
285/348 [=======================>......] - ETA: 0s - batch_cost: 0.0141 - reader cost: 8.5980e-05
289/348 [=======================>......] - ETA: 0s - batch_cost: 0.0141 - reader cost: 8.4790e-05
293/348 [========================>.....] - ETA: 0s - batch_cost: 0.0141 - reader cost: 8.3632e-05
297/348 [========================>.....] - ETA: 0s - batch_cost: 0.0141 - reader cost: 8.2506e-05
301/348 [========================>.....] - ETA: 0s - batch_cost: 0.0141 - reader cost: 8.4695e-05
305/348 [=========================>....] - ETA: 0s - batch_cost: 0.0141 - reader cost: 8.3584e-05
309/348 [=========================>....] - ETA: 0s - batch_cost: 0.0141 - reader cost: 8.2502e-05
313/348 [=========================>....] - ETA: 0s - batch_cost: 0.0141 - reader cost: 8.1448e-05
317/348 [==========================>...] - ETA: 0s - batch_cost: 0.0141 - reader cost: 8.3574e-05
321/348 [==========================>...] - ETA: 0s - batch_cost: 0.0141 - reader cost: 8.2533e-05
325/348 [===========================>..] - ETA: 0s - batch_cost: 0.0141 - reader cost: 8.1517e-05
329/348 [===========================>..] - ETA: 0s - batch_cost: 0.0141 - reader cost: 8.0526e-05
333/348 [===========================>..] - ETA: 0s - batch_cost: 0.0141 - reader cost: 7.9559e-05
337/348 [============================>.] - ETA: 0s - batch_cost: 0.0141 - reader cost: 7.8614e-05
341/348 [============================>.] - ETA: 0s - batch_cost: 0.0141 - reader cost: 7.7692e-05
345/348 [============================>.] - ETA: 0s - batch_cost: 0.0141 - reader cost: 7.9692e-05
348/348 [==============================] - 5s 14ms/step - batch_cost: 0.0141 - reader cost: 7.9005e-05

  1/348 [..............................] - ETA: 7s - batch_cost: 0.0228 - reader cost: 0.0083
  4/348 [..............................] - ETA: 6s - batch_cost: 0.0183 - reader cost: 0.0021
  8/348 [..............................] - ETA: 5s - batch_cost: 0.0162 - reader cost: 0.0012
 12/348 [>.............................] - ETA: 5s - batch_cost: 0.0153 - reader cost: 7.7343e-04
 16/348 [>.............................] - ETA: 4s - batch_cost: 0.0149 - reader cost: 6.7481e-04
 20/348 [>.............................] - ETA: 4s - batch_cost: 0.0145 - reader cost: 5.8984e-04
 24/348 [=>............................] - ETA: 4s - batch_cost: 0.0145 - reader cost: 4.9153e-04
 28/348 [=>............................] - ETA: 4s - batch_cost: 0.0145 - reader cost: 4.2131e-04
 32/348 [=>............................] - ETA: 4s - batch_cost: 0.0146 - reader cost: 3.8499e-04
 36/348 [==>...........................] - ETA: 4s - batch_cost: 0.0147 - reader cost: 3.4222e-04
 40/348 [==>...........................] - ETA: 4s - batch_cost: 0.0148 - reader cost: 3.3297e-04
 44/348 [==>...........................] - ETA: 4s - batch_cost: 0.0147 - reader cost: 3.0270e-04
 48/348 [===>..........................] - ETA: 4s - batch_cost: 0.0145 - reader cost: 2.7747e-04
 52/348 [===>..........................] - ETA: 4s - batch_cost: 0.0144 - reader cost: 2.5613e-04
 56/348 [===>..........................] - ETA: 4s - batch_cost: 0.0144 - reader cost: 2.3784e-04
 60/348 [====>.........................] - ETA: 4s - batch_cost: 0.0144 - reader cost: 2.2198e-04
 64/348 [====>.........................] - ETA: 4s - batch_cost: 0.0145 - reader cost: 2.0811e-04
 67/348 [====>.........................] - ETA: 4s - batch_cost: 0.0147 - reader cost: 1.9879e-04
 70/348 [=====>........................] - ETA: 4s - batch_cost: 0.0150 - reader cost: 1.9027e-04
 73/348 [=====>........................] - ETA: 4s - batch_cost: 0.0153 - reader cost: 1.8245e-04
 77/348 [=====>........................] - ETA: 4s - batch_cost: 0.0154 - reader cost: 1.7297e-04
 81/348 [=====>........................] - ETA: 4s - batch_cost: 0.0154 - reader cost: 1.6443e-04
 84/348 [======>.......................] - ETA: 4s - batch_cost: 0.0155 - reader cost: 1.5856e-04
 88/348 [======>.......................] - ETA: 4s - batch_cost: 0.0154 - reader cost: 1.5135e-04
 92/348 [======>.......................] - ETA: 3s - batch_cost: 0.0153 - reader cost: 1.5565e-04
 96/348 [=======>......................] - ETA: 3s - batch_cost: 0.0153 - reader cost: 1.4916e-04
100/348 [=======>......................] - ETA: 3s - batch_cost: 0.0153 - reader cost: 1.4320e-04
104/348 [=======>......................] - ETA: 3s - batch_cost: 0.0152 - reader cost: 1.3769e-04
108/348 [========>.....................] - ETA: 3s - batch_cost: 0.0152 - reader cost: 1.3259e-04
112/348 [========>.....................] - ETA: 3s - batch_cost: 0.0151 - reader cost: 1.2785e-04
116/348 [=========>....................] - ETA: 3s - batch_cost: 0.0151 - reader cost: 1.2345e-04
120/348 [=========>....................] - ETA: 3s - batch_cost: 0.0151 - reader cost: 1.1933e-04
124/348 [=========>....................] - ETA: 3s - batch_cost: 0.0150 - reader cost: 1.1548e-04
128/348 [==========>...................] - ETA: 3s - batch_cost: 0.0150 - reader cost: 1.1187e-04
132/348 [==========>...................] - ETA: 3s - batch_cost: 0.0149 - reader cost: 1.0848e-04
136/348 [==========>...................] - ETA: 3s - batch_cost: 0.0149 - reader cost: 1.0529e-04
140/348 [===========>..................] - ETA: 3s - batch_cost: 0.0149 - reader cost: 1.0663e-04
144/348 [===========>..................] - ETA: 3s - batch_cost: 0.0149 - reader cost: 1.0367e-04
148/348 [===========>..................] - ETA: 2s - batch_cost: 0.0149 - reader cost: 1.0086e-04
152/348 [============>.................] - ETA: 2s - batch_cost: 0.0149 - reader cost: 9.8210e-05
155/348 [============>.................] - ETA: 2s - batch_cost: 0.0149 - reader cost: 9.6309e-05
159/348 [============>.................] - ETA: 2s - batch_cost: 0.0149 - reader cost: 9.3886e-05
163/348 [=============>................] - ETA: 2s - batch_cost: 0.0148 - reader cost: 9.1582e-05
167/348 [=============>................] - ETA: 2s - batch_cost: 0.0148 - reader cost: 8.9388e-05
171/348 [=============>................] - ETA: 2s - batch_cost: 0.0148 - reader cost: 8.7297e-05
175/348 [==============>...............] - ETA: 2s - batch_cost: 0.0148 - reader cost: 8.5302e-05
179/348 [==============>...............] - ETA: 2s - batch_cost: 0.0147 - reader cost: 8.3396e-05
183/348 [==============>...............] - ETA: 2s - batch_cost: 0.0147 - reader cost: 8.1573e-05
187/348 [===============>..............] - ETA: 2s - batch_cost: 0.0147 - reader cost: 7.9828e-05
191/348 [===============>..............] - ETA: 2s - batch_cost: 0.0147 - reader cost: 7.8156e-05
195/348 [===============>..............] - ETA: 2s - batch_cost: 0.0147 - reader cost: 7.6553e-05
199/348 [================>.............] - ETA: 2s - batch_cost: 0.0147 - reader cost: 7.5014e-05
203/348 [================>.............] - ETA: 2s - batch_cost: 0.0147 - reader cost: 7.3536e-05
207/348 [================>.............] - ETA: 2s - batch_cost: 0.0147 - reader cost: 7.2115e-05
211/348 [=================>............] - ETA: 2s - batch_cost: 0.0147 - reader cost: 7.5561e-05
215/348 [=================>............] - ETA: 1s - batch_cost: 0.0147 - reader cost: 7.6897e-05
219/348 [=================>............] - ETA: 1s - batch_cost: 0.0147 - reader cost: 7.7928e-05
223/348 [==================>...........] - ETA: 1s - batch_cost: 0.0147 - reader cost: 7.6530e-05
227/348 [==================>...........] - ETA: 1s - batch_cost: 0.0147 - reader cost: 7.5182e-05
231/348 [==================>...........] - ETA: 1s - batch_cost: 0.0147 - reader cost: 7.8209e-05
235/348 [===================>..........] - ETA: 1s - batch_cost: 0.0146 - reader cost: 7.6877e-05
239/348 [===================>..........] - ETA: 1s - batch_cost: 0.0146 - reader cost: 7.5591e-05
243/348 [===================>..........] - ETA: 1s - batch_cost: 0.0146 - reader cost: 7.4346e-05
247/348 [====================>.........] - ETA: 1s - batch_cost: 0.0146 - reader cost: 7.3142e-05
251/348 [====================>.........] - ETA: 1s - batch_cost: 0.0146 - reader cost: 7.1977e-05
255/348 [====================>.........] - ETA: 1s - batch_cost: 0.0145 - reader cost: 7.0848e-05
259/348 [=====================>........] - ETA: 1s - batch_cost: 0.0145 - reader cost: 6.9754e-05
263/348 [=====================>........] - ETA: 1s - batch_cost: 0.0145 - reader cost: 6.8693e-05
267/348 [======================>.......] - ETA: 1s - batch_cost: 0.0145 - reader cost: 7.1409e-05
270/348 [======================>.......] - ETA: 1s - batch_cost: 0.0145 - reader cost: 7.0616e-05
274/348 [======================>.......] - ETA: 1s - batch_cost: 0.0145 - reader cost: 6.9585e-05
278/348 [======================>.......] - ETA: 1s - batch_cost: 0.0145 - reader cost: 6.8584e-05
282/348 [=======================>......] - ETA: 0s - batch_cost: 0.0145 - reader cost: 6.7611e-05
286/348 [=======================>......] - ETA: 0s - batch_cost: 0.0146 - reader cost: 6.6666e-05
290/348 [========================>.....] - ETA: 0s - batch_cost: 0.0145 - reader cost: 6.5746e-05
294/348 [========================>.....] - ETA: 0s - batch_cost: 0.0146 - reader cost: 6.4851e-05
298/348 [========================>.....] - ETA: 0s - batch_cost: 0.0145 - reader cost: 7.0736e-05
302/348 [=========================>....] - ETA: 0s - batch_cost: 0.0145 - reader cost: 6.9799e-05
306/348 [=========================>....] - ETA: 0s - batch_cost: 0.0145 - reader cost: 6.8887e-05
310/348 [=========================>....] - ETA: 0s - batch_cost: 0.0145 - reader cost: 6.7998e-05
314/348 [==========================>...] - ETA: 0s - batch_cost: 0.0145 - reader cost: 6.7132e-05
317/348 [==========================>...] - ETA: 0s - batch_cost: 0.0145 - reader cost: 6.6496e-05
321/348 [==========================>...] - ETA: 0s - batch_cost: 0.0145 - reader cost: 6.5668e-05
325/348 [===========================>..] - ETA: 0s - batch_cost: 0.0145 - reader cost: 6.4859e-05
329/348 [===========================>..] - ETA: 0s - batch_cost: 0.0145 - reader cost: 6.4071e-05
332/348 [===========================>..] - ETA: 0s - batch_cost: 0.0146 - reader cost: 6.6509e-05
336/348 [===========================>..] - ETA: 0s - batch_cost: 0.0146 - reader cost: 6.5718e-05
340/348 [============================>.] - ETA: 0s - batch_cost: 0.0146 - reader cost: 6.4945e-05
343/348 [============================>.] - ETA: 0s - batch_cost: 0.0146 - reader cost: 6.4376e-05
347/348 [============================>.] - ETA: 0s - batch_cost: 0.0146 - reader cost: 6.3634e-05
348/348 [==============================] - 5s 15ms/step - batch_cost: 0.0146 - reader cost: 6.3452e-05

  1/348 [..............................] - ETA: 8s - batch_cost: 0.0258 - reader cost: 0.0082
  4/348 [..............................] - ETA: 6s - batch_cost: 0.0200 - reader cost: 0.0023
  8/348 [..............................] - ETA: 6s - batch_cost: 0.0177 - reader cost: 0.0011
 11/348 [..............................] - ETA: 5s - batch_cost: 0.0175 - reader cost: 8.3444e-04
 14/348 [>.............................] - ETA: 6s - batch_cost: 0.0180 - reader cost: 6.5563e-04
 17/348 [>.............................] - ETA: 6s - batch_cost: 0.0193 - reader cost: 5.3993e-04
 20/348 [>.............................] - ETA: 6s - batch_cost: 0.0195 - reader cost: 4.5894e-04
 23/348 [>.............................] - ETA: 6s - batch_cost: 0.0195 - reader cost: 3.9908e-04
 26/348 [=>............................] - ETA: 6s - batch_cost: 0.0195 - reader cost: 3.5303e-04
 30/348 [=>............................] - ETA: 6s - batch_cost: 0.0190 - reader cost: 3.0596e-04
 33/348 [=>............................] - ETA: 5s - batch_cost: 0.0189 - reader cost: 3.0845e-04
 36/348 [==>...........................] - ETA: 5s - batch_cost: 0.0189 - reader cost: 2.8274e-04
 39/348 [==>...........................] - ETA: 5s - batch_cost: 0.0188 - reader cost: 2.6099e-04
 43/348 [==>...........................] - ETA: 5s - batch_cost: 0.0186 - reader cost: 2.3672e-04
 47/348 [===>..........................] - ETA: 5s - batch_cost: 0.0185 - reader cost: 2.1657e-04
 51/348 [===>..........................] - ETA: 5s - batch_cost: 0.0182 - reader cost: 1.9958e-04
 55/348 [===>..........................] - ETA: 5s - batch_cost: 0.0179 - reader cost: 1.8507e-04
 59/348 [====>.........................] - ETA: 5s - batch_cost: 0.0177 - reader cost: 1.7252e-04
 63/348 [====>.........................] - ETA: 4s - batch_cost: 0.0174 - reader cost: 1.6157e-04
 67/348 [====>.........................] - ETA: 4s - batch_cost: 0.0172 - reader cost: 1.5192e-04
 70/348 [=====>........................] - ETA: 4s - batch_cost: 0.0171 - reader cost: 1.4541e-04
 74/348 [=====>........................] - ETA: 4s - batch_cost: 0.0170 - reader cost: 1.4544e-04
 78/348 [=====>........................] - ETA: 4s - batch_cost: 0.0169 - reader cost: 1.3799e-04
 82/348 [======>.......................] - ETA: 4s - batch_cost: 0.0169 - reader cost: 1.3126e-04
 86/348 [======>.......................] - ETA: 4s - batch_cost: 0.0168 - reader cost: 1.2515e-04
 90/348 [======>.......................] - ETA: 4s - batch_cost: 0.0166 - reader cost: 1.3079e-04
 94/348 [=======>......................] - ETA: 4s - batch_cost: 0.0165 - reader cost: 1.3577e-04
 98/348 [=======>......................] - ETA: 4s - batch_cost: 0.0164 - reader cost: 1.3023e-04
102/348 [=======>......................] - ETA: 4s - batch_cost: 0.0163 - reader cost: 1.2513e-04
106/348 [========>.....................] - ETA: 3s - batch_cost: 0.0162 - reader cost: 1.2040e-04
110/348 [========>.....................] - ETA: 3s - batch_cost: 0.0161 - reader cost: 1.1603e-04
114/348 [========>.....................] - ETA: 3s - batch_cost: 0.0160 - reader cost: 1.1195e-04
118/348 [=========>....................] - ETA: 3s - batch_cost: 0.0160 - reader cost: 1.0816e-04
122/348 [=========>....................] - ETA: 3s - batch_cost: 0.0159 - reader cost: 1.0461e-04
126/348 [=========>....................] - ETA: 3s - batch_cost: 0.0159 - reader cost: 1.0129e-04
130/348 [==========>...................] - ETA: 3s - batch_cost: 0.0158 - reader cost: 9.8175e-05
134/348 [==========>...................] - ETA: 3s - batch_cost: 0.0158 - reader cost: 9.5245e-05
138/348 [==========>...................] - ETA: 3s - batch_cost: 0.0157 - reader cost: 9.2484e-05
142/348 [===========>..................] - ETA: 3s - batch_cost: 0.0157 - reader cost: 8.9879e-05
146/348 [===========>..................] - ETA: 3s - batch_cost: 0.0157 - reader cost: 8.7416e-05
150/348 [===========>..................] - ETA: 3s - batch_cost: 0.0157 - reader cost: 8.5085e-05
154/348 [============>.................] - ETA: 3s - batch_cost: 0.0157 - reader cost: 8.2875e-05
158/348 [============>.................] - ETA: 2s - batch_cost: 0.0156 - reader cost: 8.0777e-05
161/348 [============>.................] - ETA: 2s - batch_cost: 0.0157 - reader cost: 7.9272e-05
165/348 [=============>................] - ETA: 2s - batch_cost: 0.0157 - reader cost: 7.7350e-05
169/348 [=============>................] - ETA: 2s - batch_cost: 0.0156 - reader cost: 8.1473e-05
173/348 [=============>................] - ETA: 2s - batch_cost: 0.0156 - reader cost: 7.9589e-05
177/348 [==============>...............] - ETA: 2s - batch_cost: 0.0156 - reader cost: 7.7790e-05
181/348 [==============>...............] - ETA: 2s - batch_cost: 0.0155 - reader cost: 7.6071e-05
185/348 [==============>...............] - ETA: 2s - batch_cost: 0.0155 - reader cost: 7.4427e-05
189/348 [===============>..............] - ETA: 2s - batch_cost: 0.0155 - reader cost: 7.2851e-05
193/348 [===============>..............] - ETA: 2s - batch_cost: 0.0155 - reader cost: 7.1342e-05
197/348 [===============>..............] - ETA: 2s - batch_cost: 0.0155 - reader cost: 6.9893e-05
201/348 [================>.............] - ETA: 2s - batch_cost: 0.0155 - reader cost: 6.8502e-05
205/348 [================>.............] - ETA: 2s - batch_cost: 0.0155 - reader cost: 6.7165e-05
208/348 [================>.............] - ETA: 2s - batch_cost: 0.0155 - reader cost: 7.1003e-05
212/348 [=================>............] - ETA: 2s - batch_cost: 0.0155 - reader cost: 6.9663e-05
216/348 [=================>............] - ETA: 2s - batch_cost: 0.0155 - reader cost: 6.8373e-05
220/348 [=================>............] - ETA: 1s - batch_cost: 0.0155 - reader cost: 6.7130e-05
224/348 [==================>...........] - ETA: 1s - batch_cost: 0.0155 - reader cost: 6.5931e-05
228/348 [==================>...........] - ETA: 1s - batch_cost: 0.0154 - reader cost: 6.4775e-05
232/348 [===================>..........] - ETA: 1s - batch_cost: 0.0154 - reader cost: 6.3658e-05
236/348 [===================>..........] - ETA: 1s - batch_cost: 0.0154 - reader cost: 6.2579e-05
240/348 [===================>..........] - ETA: 1s - batch_cost: 0.0154 - reader cost: 6.1536e-05
244/348 [====================>.........] - ETA: 1s - batch_cost: 0.0154 - reader cost: 6.4748e-05
248/348 [====================>.........] - ETA: 1s - batch_cost: 0.0153 - reader cost: 6.3704e-05
252/348 [====================>.........] - ETA: 1s - batch_cost: 0.0153 - reader cost: 6.2693e-05
256/348 [=====================>........] - ETA: 1s - batch_cost: 0.0153 - reader cost: 6.5643e-05
260/348 [=====================>........] - ETA: 1s - batch_cost: 0.0153 - reader cost: 6.4633e-05
264/348 [=====================>........] - ETA: 1s - batch_cost: 0.0153 - reader cost: 6.7439e-05
268/348 [======================>.......] - ETA: 1s - batch_cost: 0.0152 - reader cost: 6.6432e-05
272/348 [======================>.......] - ETA: 1s - batch_cost: 0.0152 - reader cost: 6.5456e-05
276/348 [======================>.......] - ETA: 1s - batch_cost: 0.0152 - reader cost: 6.4507e-05
280/348 [=======================>......] - ETA: 1s - batch_cost: 0.0152 - reader cost: 6.3585e-05
284/348 [=======================>......] - ETA: 0s - batch_cost: 0.0152 - reader cost: 6.2690e-05
288/348 [=======================>......] - ETA: 0s - batch_cost: 0.0152 - reader cost: 6.1819e-05
292/348 [========================>.....] - ETA: 0s - batch_cost: 0.0152 - reader cost: 6.0972e-05
296/348 [========================>.....] - ETA: 0s - batch_cost: 0.0152 - reader cost: 6.3544e-05
300/348 [========================>.....] - ETA: 0s - batch_cost: 0.0152 - reader cost: 6.2697e-05
304/348 [=========================>....] - ETA: 0s - batch_cost: 0.0152 - reader cost: 6.1872e-05
308/348 [=========================>....] - ETA: 0s - batch_cost: 0.0152 - reader cost: 6.1068e-05
311/348 [=========================>....] - ETA: 0s - batch_cost: 0.0153 - reader cost: 6.0479e-05
315/348 [==========================>...] - ETA: 0s - batch_cost: 0.0153 - reader cost: 5.9711e-05
319/348 [==========================>...] - ETA: 0s - batch_cost: 0.0153 - reader cost: 6.2099e-05
322/348 [==========================>...] - ETA: 0s - batch_cost: 0.0154 - reader cost: 6.1520e-05
324/348 [==========================>...] - ETA: 0s - batch_cost: 0.0154 - reader cost: 6.4257e-05
327/348 [===========================>..] - ETA: 0s - batch_cost: 0.0154 - reader cost: 6.3668e-05
331/348 [===========================>..] - ETA: 0s - batch_cost: 0.0154 - reader cost: 6.2899e-05
335/348 [===========================>..] - ETA: 0s - batch_cost: 0.0154 - reader cost: 6.5130e-05
338/348 [============================>.] - ETA: 0s - batch_cost: 0.0155 - reader cost: 6.4552e-05
341/348 [============================>.] - ETA: 0s - batch_cost: 0.0155 - reader cost: 6.3984e-05
345/348 [============================>.] - ETA: 0s - batch_cost: 0.0155 - reader cost: 6.6140e-05
348/348 [==============================] - 5s 15ms/step - batch_cost: 0.0155 - reader cost: 6.5570e-05

  1/348 [..............................] - ETA: 13s - batch_cost: 0.0377 - reader cost: 0.0088
  4/348 [..............................] - ETA: 8s - batch_cost: 0.0261 - reader cost: 0.0022 
  7/348 [..............................] - ETA: 7s - batch_cost: 0.0227 - reader cost: 0.0013
 10/348 [..............................] - ETA: 7s - batch_cost: 0.0209 - reader cost: 8.7683e-04
 13/348 [>.............................] - ETA: 6s - batch_cost: 0.0201 - reader cost: 7.5133e-04
 17/348 [>.............................] - ETA: 6s - batch_cost: 0.0191 - reader cost: 5.7455e-04
 21/348 [>.............................] - ETA: 5s - batch_cost: 0.0180 - reader cost: 4.6511e-04
 25/348 [=>............................] - ETA: 5s - batch_cost: 0.0176 - reader cost: 4.3022e-04
 29/348 [=>............................] - ETA: 5s - batch_cost: 0.0173 - reader cost: 3.7088e-04
 33/348 [=>............................] - ETA: 5s - batch_cost: 0.0171 - reader cost: 3.2593e-04
 36/348 [==>...........................] - ETA: 5s - batch_cost: 0.0171 - reader cost: 2.9876e-04
 40/348 [==>...........................] - ETA: 5s - batch_cost: 0.0169 - reader cost: 2.9389e-04
 44/348 [==>...........................] - ETA: 5s - batch_cost: 0.0169 - reader cost: 2.6718e-04
 48/348 [===>..........................] - ETA: 5s - batch_cost: 0.0168 - reader cost: 2.4491e-04
 52/348 [===>..........................] - ETA: 4s - batch_cost: 0.0167 - reader cost: 2.2607e-04
 56/348 [===>..........................] - ETA: 4s - batch_cost: 0.0165 - reader cost: 2.0992e-04
 60/348 [====>.........................] - ETA: 4s - batch_cost: 0.0163 - reader cost: 1.9593e-04
 64/348 [====>.........................] - ETA: 4s - batch_cost: 0.0163 - reader cost: 1.8368e-04
 68/348 [====>.........................] - ETA: 4s - batch_cost: 0.0162 - reader cost: 1.7288e-04
 72/348 [=====>........................] - ETA: 4s - batch_cost: 0.0162 - reader cost: 1.6327e-04
 76/348 [=====>........................] - ETA: 4s - batch_cost: 0.0161 - reader cost: 1.5468e-04
 80/348 [=====>........................] - ETA: 4s - batch_cost: 0.0160 - reader cost: 1.4695e-04
 84/348 [======>.......................] - ETA: 4s - batch_cost: 0.0159 - reader cost: 1.3995e-04
 88/348 [======>.......................] - ETA: 4s - batch_cost: 0.0159 - reader cost: 1.3359e-04
 92/348 [======>.......................] - ETA: 4s - batch_cost: 0.0159 - reader cost: 1.2778e-04
 95/348 [=======>......................] - ETA: 4s - batch_cost: 0.0159 - reader cost: 1.2374e-04
 99/348 [=======>......................] - ETA: 3s - batch_cost: 0.0158 - reader cost: 1.3891e-04
103/348 [=======>......................] - ETA: 3s - batch_cost: 0.0157 - reader cost: 1.3352e-04
107/348 [========>.....................] - ETA: 3s - batch_cost: 0.0156 - reader cost: 1.2853e-04
111/348 [========>.....................] - ETA: 3s - batch_cost: 0.0156 - reader cost: 1.3298e-04
115/348 [========>.....................] - ETA: 3s - batch_cost: 0.0156 - reader cost: 1.2835e-04
119/348 [=========>....................] - ETA: 3s - batch_cost: 0.0155 - reader cost: 1.2404e-04
123/348 [=========>....................] - ETA: 3s - batch_cost: 0.0155 - reader cost: 1.2000e-04
127/348 [=========>....................] - ETA: 3s - batch_cost: 0.0154 - reader cost: 1.1622e-04
130/348 [==========>...................] - ETA: 3s - batch_cost: 0.0154 - reader cost: 1.1354e-04
134/348 [==========>...................] - ETA: 3s - batch_cost: 0.0154 - reader cost: 1.1015e-04
138/348 [==========>...................] - ETA: 3s - batch_cost: 0.0154 - reader cost: 1.0696e-04
142/348 [===========>..................] - ETA: 3s - batch_cost: 0.0154 - reader cost: 1.0395e-04
146/348 [===========>..................] - ETA: 3s - batch_cost: 0.0153 - reader cost: 1.0110e-04
150/348 [===========>..................] - ETA: 3s - batch_cost: 0.0153 - reader cost: 9.8403e-05
154/348 [============>.................] - ETA: 2s - batch_cost: 0.0152 - reader cost: 9.5847e-05
158/348 [============>.................] - ETA: 2s - batch_cost: 0.0152 - reader cost: 1.0908e-04
162/348 [============>.................] - ETA: 2s - batch_cost: 0.0151 - reader cost: 1.0639e-04
166/348 [=============>................] - ETA: 2s - batch_cost: 0.0151 - reader cost: 1.0382e-04
170/348 [=============>................] - ETA: 2s - batch_cost: 0.0150 - reader cost: 1.0138e-04
174/348 [==============>...............] - ETA: 2s - batch_cost: 0.0150 - reader cost: 9.9049e-05
178/348 [==============>...............] - ETA: 2s - batch_cost: 0.0150 - reader cost: 1.0243e-04
182/348 [==============>...............] - ETA: 2s - batch_cost: 0.0149 - reader cost: 1.0018e-04
186/348 [===============>..............] - ETA: 2s - batch_cost: 0.0149 - reader cost: 9.8027e-05
190/348 [===============>..............] - ETA: 2s - batch_cost: 0.0149 - reader cost: 9.5963e-05
194/348 [===============>..............] - ETA: 2s - batch_cost: 0.0149 - reader cost: 9.9207e-05
198/348 [================>.............] - ETA: 2s - batch_cost: 0.0148 - reader cost: 9.7203e-05
202/348 [================>.............] - ETA: 2s - batch_cost: 0.0148 - reader cost: 9.5278e-05
206/348 [================>.............] - ETA: 2s - batch_cost: 0.0147 - reader cost: 9.8271e-05
210/348 [=================>............] - ETA: 2s - batch_cost: 0.0147 - reader cost: 9.6399e-05
214/348 [=================>............] - ETA: 1s - batch_cost: 0.0147 - reader cost: 9.4598e-05
218/348 [=================>............] - ETA: 1s - batch_cost: 0.0147 - reader cost: 9.7509e-05
222/348 [==================>...........] - ETA: 1s - batch_cost: 0.0147 - reader cost: 9.5752e-05
226/348 [==================>...........] - ETA: 1s - batch_cost: 0.0147 - reader cost: 9.4057e-05
230/348 [==================>...........] - ETA: 1s - batch_cost: 0.0147 - reader cost: 9.2421e-05
234/348 [===================>..........] - ETA: 1s - batch_cost: 0.0147 - reader cost: 9.0842e-05
238/348 [===================>..........] - ETA: 1s - batch_cost: 0.0147 - reader cost: 9.3550e-05
242/348 [===================>..........] - ETA: 1s - batch_cost: 0.0147 - reader cost: 9.2004e-05
246/348 [====================>.........] - ETA: 1s - batch_cost: 0.0147 - reader cost: 9.0508e-05
250/348 [====================>.........] - ETA: 1s - batch_cost: 0.0147 - reader cost: 8.9060e-05
254/348 [====================>.........] - ETA: 1s - batch_cost: 0.0147 - reader cost: 8.7657e-05
258/348 [=====================>........] - ETA: 1s - batch_cost: 0.0147 - reader cost: 8.6298e-05
261/348 [=====================>........] - ETA: 1s - batch_cost: 0.0147 - reader cost: 8.5306e-05
265/348 [=====================>........] - ETA: 1s - batch_cost: 0.0147 - reader cost: 8.4019e-05
269/348 [======================>.......] - ETA: 1s - batch_cost: 0.0147 - reader cost: 8.2769e-05
273/348 [======================>.......] - ETA: 1s - batch_cost: 0.0147 - reader cost: 8.1557e-05
277/348 [======================>.......] - ETA: 1s - batch_cost: 0.0147 - reader cost: 8.3988e-05
281/348 [=======================>......] - ETA: 0s - batch_cost: 0.0147 - reader cost: 8.2792e-05
285/348 [=======================>......] - ETA: 0s - batch_cost: 0.0146 - reader cost: 8.1630e-05
289/348 [=======================>......] - ETA: 0s - batch_cost: 0.0146 - reader cost: 8.0501e-05
293/348 [========================>.....] - ETA: 0s - batch_cost: 0.0146 - reader cost: 8.2815e-05
296/348 [========================>.....] - ETA: 0s - batch_cost: 0.0147 - reader cost: 8.1976e-05
299/348 [========================>.....] - ETA: 0s - batch_cost: 0.0147 - reader cost: 8.1153e-05
302/348 [=========================>....] - ETA: 0s - batch_cost: 0.0147 - reader cost: 8.0347e-05
305/348 [=========================>....] - ETA: 0s - batch_cost: 0.0148 - reader cost: 7.9557e-05
309/348 [=========================>....] - ETA: 0s - batch_cost: 0.0148 - reader cost: 7.8527e-05
312/348 [=========================>....] - ETA: 0s - batch_cost: 0.0148 - reader cost: 7.7772e-05
315/348 [==========================>...] - ETA: 0s - batch_cost: 0.0149 - reader cost: 8.0208e-05
318/348 [==========================>...] - ETA: 0s - batch_cost: 0.0149 - reader cost: 7.9451e-05
322/348 [==========================>...] - ETA: 0s - batch_cost: 0.0149 - reader cost: 7.8464e-05
326/348 [===========================>..] - ETA: 0s - batch_cost: 0.0149 - reader cost: 8.3631e-05
329/348 [===========================>..] - ETA: 0s - batch_cost: 0.0150 - reader cost: 8.2868e-05
332/348 [===========================>..] - ETA: 0s - batch_cost: 0.0150 - reader cost: 8.2119e-05
335/348 [===========================>..] - ETA: 0s - batch_cost: 0.0150 - reader cost: 8.1384e-05
338/348 [============================>.] - ETA: 0s - batch_cost: 0.0151 - reader cost: 8.0662e-05
341/348 [============================>.] - ETA: 0s - batch_cost: 0.0151 - reader cost: 7.9952e-05
344/348 [============================>.] - ETA: 0s - batch_cost: 0.0151 - reader cost: 7.9255e-05
348/348 [==============================] - 5s 15ms/step - batch_cost: 0.0151 - reader cost: 7.8344e-05

  1/348 [..............................] - ETA: 6s - batch_cost: 0.0199 - reader cost: 0.0077
  5/348 [..............................] - ETA: 5s - batch_cost: 0.0155 - reader cost: 0.0015
  9/348 [..............................] - ETA: 4s - batch_cost: 0.0147 - reader cost: 8.5465e-04
 13/348 [>.............................] - ETA: 4s - batch_cost: 0.0144 - reader cost: 6.6845e-04
 17/348 [>.............................] - ETA: 4s - batch_cost: 0.0142 - reader cost: 5.1117e-04
 21/348 [>.............................] - ETA: 4s - batch_cost: 0.0144 - reader cost: 4.6141e-04
 25/348 [=>............................] - ETA: 4s - batch_cost: 0.0145 - reader cost: 3.8758e-04
 29/348 [=>............................] - ETA: 4s - batch_cost: 0.0145 - reader cost: 3.3412e-04
 33/348 [=>............................] - ETA: 4s - batch_cost: 0.0145 - reader cost: 2.9362e-04
 37/348 [==>...........................] - ETA: 4s - batch_cost: 0.0143 - reader cost: 2.8914e-04
 41/348 [==>...........................] - ETA: 4s - batch_cost: 0.0143 - reader cost: 2.6093e-04
 45/348 [==>...........................] - ETA: 4s - batch_cost: 0.0144 - reader cost: 2.3774e-04
 49/348 [===>..........................] - ETA: 4s - batch_cost: 0.0143 - reader cost: 2.1833e-04
 53/348 [===>..........................] - ETA: 4s - batch_cost: 0.0142 - reader cost: 2.3022e-04
 57/348 [===>..........................] - ETA: 4s - batch_cost: 0.0142 - reader cost: 2.1407e-04
 61/348 [====>.........................] - ETA: 4s - batch_cost: 0.0142 - reader cost: 2.0003e-04
 65/348 [====>.........................] - ETA: 4s - batch_cost: 0.0142 - reader cost: 1.8772e-04
 69/348 [====>.........................] - ETA: 3s - batch_cost: 0.0141 - reader cost: 1.7684e-04
 73/348 [=====>........................] - ETA: 3s - batch_cost: 0.0141 - reader cost: 1.6715e-04
 77/348 [=====>........................] - ETA: 3s - batch_cost: 0.0140 - reader cost: 1.5846e-04
 81/348 [=====>........................] - ETA: 3s - batch_cost: 0.0140 - reader cost: 1.5064e-04
 85/348 [======>.......................] - ETA: 3s - batch_cost: 0.0140 - reader cost: 1.4355e-04
 89/348 [======>.......................] - ETA: 3s - batch_cost: 0.0141 - reader cost: 1.3710e-04
 93/348 [=======>......................] - ETA: 3s - batch_cost: 0.0141 - reader cost: 1.3120e-04
 97/348 [=======>......................] - ETA: 3s - batch_cost: 0.0141 - reader cost: 1.3133e-04
101/348 [=======>......................] - ETA: 3s - batch_cost: 0.0141 - reader cost: 1.2613e-04
105/348 [========>.....................] - ETA: 3s - batch_cost: 0.0142 - reader cost: 1.3096e-04
108/348 [========>.....................] - ETA: 3s - batch_cost: 0.0142 - reader cost: 1.2732e-04
112/348 [========>.....................] - ETA: 3s - batch_cost: 0.0143 - reader cost: 1.3159e-04
116/348 [=========>....................] - ETA: 3s - batch_cost: 0.0143 - reader cost: 1.3142e-04
120/348 [=========>....................] - ETA: 3s - batch_cost: 0.0143 - reader cost: 1.2704e-04
124/348 [=========>....................] - ETA: 3s - batch_cost: 0.0142 - reader cost: 1.2294e-04
128/348 [==========>...................] - ETA: 3s - batch_cost: 0.0142 - reader cost: 1.1910e-04
132/348 [==========>...................] - ETA: 3s - batch_cost: 0.0142 - reader cost: 1.1549e-04
136/348 [==========>...................] - ETA: 3s - batch_cost: 0.0142 - reader cost: 1.1209e-04
140/348 [===========>..................] - ETA: 2s - batch_cost: 0.0142 - reader cost: 1.1964e-04
144/348 [===========>..................] - ETA: 2s - batch_cost: 0.0142 - reader cost: 1.1632e-04
148/348 [===========>..................] - ETA: 2s - batch_cost: 0.0142 - reader cost: 1.1318e-04
152/348 [============>.................] - ETA: 2s - batch_cost: 0.0142 - reader cost: 1.1020e-04
156/348 [============>.................] - ETA: 2s - batch_cost: 0.0142 - reader cost: 1.0737e-04
160/348 [============>.................] - ETA: 2s - batch_cost: 0.0142 - reader cost: 1.0469e-04
163/348 [=============>................] - ETA: 2s - batch_cost: 0.0143 - reader cost: 1.0276e-04
167/348 [=============>................] - ETA: 2s - batch_cost: 0.0143 - reader cost: 1.0030e-04
171/348 [=============>................] - ETA: 2s - batch_cost: 0.0143 - reader cost: 9.7954e-05
175/348 [==============>...............] - ETA: 2s - batch_cost: 0.0143 - reader cost: 9.5715e-05
179/348 [==============>...............] - ETA: 2s - batch_cost: 0.0143 - reader cost: 9.3576e-05
183/348 [==============>...............] - ETA: 2s - batch_cost: 0.0142 - reader cost: 9.1531e-05
187/348 [===============>..............] - ETA: 2s - batch_cost: 0.0143 - reader cost: 8.9573e-05
191/348 [===============>..............] - ETA: 2s - batch_cost: 0.0142 - reader cost: 8.7697e-05
195/348 [===============>..............] - ETA: 2s - batch_cost: 0.0142 - reader cost: 8.5898e-05
199/348 [================>.............] - ETA: 2s - batch_cost: 0.0142 - reader cost: 8.4171e-05
203/348 [================>.............] - ETA: 2s - batch_cost: 0.0142 - reader cost: 8.2513e-05
207/348 [================>.............] - ETA: 2s - batch_cost: 0.0142 - reader cost: 8.0918e-05
211/348 [=================>............] - ETA: 1s - batch_cost: 0.0142 - reader cost: 8.4092e-05
215/348 [=================>............] - ETA: 1s - batch_cost: 0.0141 - reader cost: 8.7067e-05
219/348 [=================>............] - ETA: 1s - batch_cost: 0.0141 - reader cost: 9.0084e-05
223/348 [==================>...........] - ETA: 1s - batch_cost: 0.0141 - reader cost: 8.8468e-05
227/348 [==================>...........] - ETA: 1s - batch_cost: 0.0141 - reader cost: 8.6909e-05
231/348 [==================>...........] - ETA: 1s - batch_cost: 0.0141 - reader cost: 8.5404e-05
235/348 [===================>..........] - ETA: 1s - batch_cost: 0.0141 - reader cost: 8.3951e-05
238/348 [===================>..........] - ETA: 1s - batch_cost: 0.0142 - reader cost: 8.2893e-05
241/348 [===================>..........] - ETA: 1s - batch_cost: 0.0142 - reader cost: 8.1861e-05
244/348 [====================>.........] - ETA: 1s - batch_cost: 0.0143 - reader cost: 8.4922e-05
247/348 [====================>.........] - ETA: 1s - batch_cost: 0.0143 - reader cost: 8.3891e-05
250/348 [====================>.........] - ETA: 1s - batch_cost: 0.0144 - reader cost: 8.2884e-05
253/348 [====================>.........] - ETA: 1s - batch_cost: 0.0145 - reader cost: 8.1901e-05
256/348 [=====================>........] - ETA: 1s - batch_cost: 0.0145 - reader cost: 8.0941e-05
260/348 [=====================>........] - ETA: 1s - batch_cost: 0.0145 - reader cost: 7.9696e-05
264/348 [=====================>........] - ETA: 1s - batch_cost: 0.0145 - reader cost: 7.8488e-05
268/348 [======================>.......] - ETA: 1s - batch_cost: 0.0145 - reader cost: 7.7317e-05
272/348 [======================>.......] - ETA: 1s - batch_cost: 0.0145 - reader cost: 7.6180e-05
276/348 [======================>.......] - ETA: 1s - batch_cost: 0.0144 - reader cost: 7.5076e-05
280/348 [=======================>......] - ETA: 0s - batch_cost: 0.0144 - reader cost: 7.5866e-05
284/348 [=======================>......] - ETA: 0s - batch_cost: 0.0144 - reader cost: 7.4797e-05
288/348 [=======================>......] - ETA: 0s - batch_cost: 0.0145 - reader cost: 7.7312e-05
292/348 [========================>.....] - ETA: 0s - batch_cost: 0.0145 - reader cost: 7.6253e-05
296/348 [========================>.....] - ETA: 0s - batch_cost: 0.0145 - reader cost: 7.8602e-05
300/348 [========================>.....] - ETA: 0s - batch_cost: 0.0144 - reader cost: 7.7554e-05
304/348 [=========================>....] - ETA: 0s - batch_cost: 0.0144 - reader cost: 7.6534e-05
308/348 [=========================>....] - ETA: 0s - batch_cost: 0.0145 - reader cost: 7.5540e-05
312/348 [=========================>....] - ETA: 0s - batch_cost: 0.0144 - reader cost: 7.4572e-05
316/348 [==========================>...] - ETA: 0s - batch_cost: 0.0144 - reader cost: 7.3628e-05
320/348 [==========================>...] - ETA: 0s - batch_cost: 0.0144 - reader cost: 7.2707e-05
324/348 [==========================>...] - ETA: 0s - batch_cost: 0.0144 - reader cost: 7.1810e-05
328/348 [===========================>..] - ETA: 0s - batch_cost: 0.0144 - reader cost: 7.0934e-05
332/348 [===========================>..] - ETA: 0s - batch_cost: 0.0145 - reader cost: 7.0079e-05
336/348 [===========================>..] - ETA: 0s - batch_cost: 0.0145 - reader cost: 6.9245e-05
340/348 [============================>.] - ETA: 0s - batch_cost: 0.0145 - reader cost: 6.8430e-05
343/348 [============================>.] - ETA: 0s - batch_cost: 0.0145 - reader cost: 6.7832e-05
347/348 [============================>.] - ETA: 0s - batch_cost: 0.0145 - reader cost: 6.7050e-05
348/348 [==============================] - 5s 15ms/step - batch_cost: 0.0145 - reader cost: 6.6857e-05

  1/348 [..............................] - ETA: 7s - batch_cost: 0.0225 - reader cost: 0.0075
  5/348 [..............................] - ETA: 5s - batch_cost: 0.0173 - reader cost: 0.0015
  9/348 [..............................] - ETA: 5s - batch_cost: 0.0155 - reader cost: 9.4650e-04
 13/348 [>.............................] - ETA: 5s - batch_cost: 0.0151 - reader cost: 6.5527e-04
 17/348 [>.............................] - ETA: 4s - batch_cost: 0.0150 - reader cost: 5.0109e-04
 21/348 [>.............................] - ETA: 4s - batch_cost: 0.0147 - reader cost: 4.0564e-04
 25/348 [=>............................] - ETA: 4s - batch_cost: 0.0144 - reader cost: 3.4074e-04
 29/348 [=>............................] - ETA: 4s - batch_cost: 0.0144 - reader cost: 3.2859e-04
 33/348 [=>............................] - ETA: 4s - batch_cost: 0.0143 - reader cost: 2.8876e-04
 37/348 [==>...........................] - ETA: 4s - batch_cost: 0.0142 - reader cost: 2.8468e-04
 41/348 [==>...........................] - ETA: 4s - batch_cost: 0.0141 - reader cost: 2.5691e-04
 45/348 [==>...........................] - ETA: 4s - batch_cost: 0.0141 - reader cost: 2.5607e-04
 49/348 [===>..........................] - ETA: 4s - batch_cost: 0.0143 - reader cost: 2.5560e-04
 53/348 [===>..........................] - ETA: 4s - batch_cost: 0.0144 - reader cost: 2.3631e-04
 57/348 [===>..........................] - ETA: 4s - batch_cost: 0.0144 - reader cost: 2.1973e-04
 61/348 [====>.........................] - ETA: 4s - batch_cost: 0.0144 - reader cost: 2.0532e-04
 65/348 [====>.........................] - ETA: 4s - batch_cost: 0.0144 - reader cost: 1.9269e-04
 69/348 [====>.........................] - ETA: 4s - batch_cost: 0.0144 - reader cost: 1.8152e-04
 73/348 [=====>........................] - ETA: 3s - batch_cost: 0.0143 - reader cost: 1.8516e-04
 77/348 [=====>........................] - ETA: 3s - batch_cost: 0.0144 - reader cost: 1.7554e-04
 81/348 [=====>........................] - ETA: 3s - batch_cost: 0.0143 - reader cost: 1.6687e-04
 85/348 [======>.......................] - ETA: 3s - batch_cost: 0.0145 - reader cost: 1.5902e-04
 88/348 [======>.......................] - ETA: 3s - batch_cost: 0.0146 - reader cost: 1.5360e-04
 91/348 [======>.......................] - ETA: 3s - batch_cost: 0.0147 - reader cost: 1.4853e-04
 94/348 [=======>......................] - ETA: 3s - batch_cost: 0.0148 - reader cost: 1.4379e-04
 98/348 [=======>......................] - ETA: 3s - batch_cost: 0.0148 - reader cost: 1.3793e-04
102/348 [=======>......................] - ETA: 3s - batch_cost: 0.0149 - reader cost: 1.3252e-04
105/348 [========>.....................] - ETA: 3s - batch_cost: 0.0149 - reader cost: 1.2873e-04
108/348 [========>.....................] - ETA: 3s - batch_cost: 0.0150 - reader cost: 1.2515e-04
112/348 [========>.....................] - ETA: 3s - batch_cost: 0.0150 - reader cost: 1.2975e-04
115/348 [========>.....................] - ETA: 3s - batch_cost: 0.0152 - reader cost: 1.3506e-04
118/348 [=========>....................] - ETA: 3s - batch_cost: 0.0152 - reader cost: 1.4010e-04
121/348 [=========>....................] - ETA: 3s - batch_cost: 0.0153 - reader cost: 1.3663e-04
124/348 [=========>....................] - ETA: 3s - batch_cost: 0.0154 - reader cost: 1.3332e-04
127/348 [=========>....................] - ETA: 3s - batch_cost: 0.0155 - reader cost: 1.3017e-04
131/348 [==========>...................] - ETA: 3s - batch_cost: 0.0155 - reader cost: 1.2620e-04
135/348 [==========>...................] - ETA: 3s - batch_cost: 0.0154 - reader cost: 1.2999e-04
139/348 [==========>...................] - ETA: 3s - batch_cost: 0.0153 - reader cost: 1.3345e-04
143/348 [===========>..................] - ETA: 3s - batch_cost: 0.0153 - reader cost: 1.3670e-04
147/348 [===========>..................] - ETA: 3s - batch_cost: 0.0153 - reader cost: 1.3298e-04
151/348 [============>.................] - ETA: 3s - batch_cost: 0.0152 - reader cost: 1.4267e-04
155/348 [============>.................] - ETA: 2s - batch_cost: 0.0152 - reader cost: 1.3899e-04
159/348 [============>.................] - ETA: 2s - batch_cost: 0.0152 - reader cost: 1.3549e-04
163/348 [=============>................] - ETA: 2s - batch_cost: 0.0151 - reader cost: 1.3216e-04
167/348 [=============>................] - ETA: 2s - batch_cost: 0.0151 - reader cost: 1.2900e-04
171/348 [=============>................] - ETA: 2s - batch_cost: 0.0151 - reader cost: 1.2598e-04
175/348 [==============>...............] - ETA: 2s - batch_cost: 0.0151 - reader cost: 1.3445e-04
179/348 [==============>...............] - ETA: 2s - batch_cost: 0.0150 - reader cost: 1.3145e-04
183/348 [==============>...............] - ETA: 2s - batch_cost: 0.0150 - reader cost: 1.2857e-04
187/348 [===============>..............] - ETA: 2s - batch_cost: 0.0150 - reader cost: 1.2582e-04
191/348 [===============>..............] - ETA: 2s - batch_cost: 0.0150 - reader cost: 1.2319e-04
195/348 [===============>..............] - ETA: 2s - batch_cost: 0.0150 - reader cost: 1.2066e-04
199/348 [================>.............] - ETA: 2s - batch_cost: 0.0151 - reader cost: 1.2326e-04
203/348 [================>.............] - ETA: 2s - batch_cost: 0.0150 - reader cost: 1.2083e-04
207/348 [================>.............] - ETA: 2s - batch_cost: 0.0150 - reader cost: 1.1850e-04
211/348 [=================>............] - ETA: 2s - batch_cost: 0.0150 - reader cost: 1.1625e-04
215/348 [=================>............] - ETA: 1s - batch_cost: 0.0150 - reader cost: 1.1409e-04
219/348 [=================>............] - ETA: 1s - batch_cost: 0.0150 - reader cost: 1.1653e-04
223/348 [==================>...........] - ETA: 1s - batch_cost: 0.0150 - reader cost: 1.1444e-04
227/348 [==================>...........] - ETA: 1s - batch_cost: 0.0150 - reader cost: 1.1242e-04
231/348 [==================>...........] - ETA: 1s - batch_cost: 0.0150 - reader cost: 1.1047e-04
234/348 [===================>..........] - ETA: 1s - batch_cost: 0.0150 - reader cost: 1.0906e-04
237/348 [===================>..........] - ETA: 1s - batch_cost: 0.0151 - reader cost: 1.0768e-04
240/348 [===================>..........] - ETA: 1s - batch_cost: 0.0151 - reader cost: 1.0633e-04
244/348 [====================>.........] - ETA: 1s - batch_cost: 0.0151 - reader cost: 1.0867e-04
247/348 [====================>.........] - ETA: 1s - batch_cost: 0.0152 - reader cost: 1.0735e-04
250/348 [====================>.........] - ETA: 1s - batch_cost: 0.0152 - reader cost: 1.0606e-04
254/348 [====================>.........] - ETA: 1s - batch_cost: 0.0152 - reader cost: 1.0439e-04
258/348 [=====================>........] - ETA: 1s - batch_cost: 0.0152 - reader cost: 1.0665e-04
262/348 [=====================>........] - ETA: 1s - batch_cost: 0.0152 - reader cost: 1.0502e-04
266/348 [=====================>........] - ETA: 1s - batch_cost: 0.0152 - reader cost: 1.0344e-04
270/348 [======================>.......] - ETA: 1s - batch_cost: 0.0151 - reader cost: 1.0191e-04
274/348 [======================>.......] - ETA: 1s - batch_cost: 0.0152 - reader cost: 1.0042e-04
279/348 [=======================>......] - ETA: 1s - batch_cost: 0.0151 - reader cost: 9.8618e-05
283/348 [=======================>......] - ETA: 0s - batch_cost: 0.0151 - reader cost: 9.7224e-05
287/348 [=======================>......] - ETA: 0s - batch_cost: 0.0151 - reader cost: 9.5869e-05
291/348 [========================>.....] - ETA: 0s - batch_cost: 0.0151 - reader cost: 9.4551e-05
295/348 [========================>.....] - ETA: 0s - batch_cost: 0.0150 - reader cost: 9.3269e-05
299/348 [========================>.....] - ETA: 0s - batch_cost: 0.0150 - reader cost: 9.2022e-05
303/348 [=========================>....] - ETA: 0s - batch_cost: 0.0150 - reader cost: 9.4106e-05
307/348 [=========================>....] - ETA: 0s - batch_cost: 0.0150 - reader cost: 9.6173e-05
311/348 [=========================>....] - ETA: 0s - batch_cost: 0.0150 - reader cost: 9.4936e-05
315/348 [==========================>...] - ETA: 0s - batch_cost: 0.0149 - reader cost: 9.3730e-05
319/348 [==========================>...] - ETA: 0s - batch_cost: 0.0149 - reader cost: 9.2555e-05
323/348 [==========================>...] - ETA: 0s - batch_cost: 0.0149 - reader cost: 9.1409e-05
327/348 [===========================>..] - ETA: 0s - batch_cost: 0.0149 - reader cost: 9.3345e-05
331/348 [===========================>..] - ETA: 0s - batch_cost: 0.0149 - reader cost: 9.2217e-05
335/348 [===========================>..] - ETA: 0s - batch_cost: 0.0150 - reader cost: 9.1116e-05
338/348 [============================>.] - ETA: 0s - batch_cost: 0.0150 - reader cost: 9.0307e-05
342/348 [============================>.] - ETA: 0s - batch_cost: 0.0150 - reader cost: 8.9251e-05
346/348 [============================>.] - ETA: 0s - batch_cost: 0.0150 - reader cost: 8.8219e-05
348/348 [==============================] - 5s 15ms/step - batch_cost: 0.0150 - reader cost: 8.7712e-05

  1/348 [..............................] - ETA: 7s - batch_cost: 0.0219 - reader cost: 0.0076
  5/348 [..............................] - ETA: 5s - batch_cost: 0.0171 - reader cost: 0.0015
  9/348 [..............................] - ETA: 5s - batch_cost: 0.0163 - reader cost: 8.4458e-04
 13/348 [>.............................] - ETA: 5s - batch_cost: 0.0155 - reader cost: 5.8471e-04
 17/348 [>.............................] - ETA: 5s - batch_cost: 0.0152 - reader cost: 4.4713e-04
 21/348 [>.............................] - ETA: 4s - batch_cost: 0.0151 - reader cost: 4.1064e-04
 24/348 [=>............................] - ETA: 5s - batch_cost: 0.0154 - reader cost: 3.5931e-04
 28/348 [=>............................] - ETA: 4s - batch_cost: 0.0154 - reader cost: 3.0798e-04
 32/348 [=>............................] - ETA: 4s - batch_cost: 0.0151 - reader cost: 2.6948e-04
 36/348 [==>...........................] - ETA: 4s - batch_cost: 0.0149 - reader cost: 2.3954e-04
 40/348 [==>...........................] - ETA: 4s - batch_cost: 0.0148 - reader cost: 2.4099e-04
 43/348 [==>...........................] - ETA: 4s - batch_cost: 0.0150 - reader cost: 2.2418e-04
 47/348 [===>..........................] - ETA: 4s - batch_cost: 0.0151 - reader cost: 2.0510e-04
 51/348 [===>..........................] - ETA: 4s - batch_cost: 0.0150 - reader cost: 2.0908e-04
 55/348 [===>..........................] - ETA: 4s - batch_cost: 0.0150 - reader cost: 1.9387e-04
 59/348 [====>.........................] - ETA: 4s - batch_cost: 0.0149 - reader cost: 1.8073e-04
 63/348 [====>.........................] - ETA: 4s - batch_cost: 0.0149 - reader cost: 1.6925e-04
 67/348 [====>.........................] - ETA: 4s - batch_cost: 0.0148 - reader cost: 1.5915e-04
 71/348 [=====>........................] - ETA: 4s - batch_cost: 0.0147 - reader cost: 1.5018e-04
 75/348 [=====>........................] - ETA: 4s - batch_cost: 0.0146 - reader cost: 1.5537e-04
 79/348 [=====>........................] - ETA: 3s - batch_cost: 0.0147 - reader cost: 1.6005e-04
 83/348 [======>.......................] - ETA: 3s - batch_cost: 0.0146 - reader cost: 1.5234e-04
 87/348 [======>.......................] - ETA: 3s - batch_cost: 0.0146 - reader cost: 1.4533e-04
 91/348 [======>.......................] - ETA: 3s - batch_cost: 0.0146 - reader cost: 1.3894e-04
 95/348 [=======>......................] - ETA: 3s - batch_cost: 0.0145 - reader cost: 1.4361e-04
 99/348 [=======>......................] - ETA: 3s - batch_cost: 0.0145 - reader cost: 1.3781e-04
102/348 [=======>......................] - ETA: 3s - batch_cost: 0.0146 - reader cost: 1.4362e-04
106/348 [========>.....................] - ETA: 3s - batch_cost: 0.0147 - reader cost: 1.3820e-04
110/348 [========>.....................] - ETA: 3s - batch_cost: 0.0147 - reader cost: 1.3318e-04
114/348 [========>.....................] - ETA: 3s - batch_cost: 0.0148 - reader cost: 1.2850e-04
118/348 [=========>....................] - ETA: 3s - batch_cost: 0.0147 - reader cost: 1.3254e-04
122/348 [=========>....................] - ETA: 3s - batch_cost: 0.0147 - reader cost: 1.2819e-04
126/348 [=========>....................] - ETA: 3s - batch_cost: 0.0146 - reader cost: 1.2412e-04
130/348 [==========>...................] - ETA: 3s - batch_cost: 0.0146 - reader cost: 1.2799e-04
134/348 [==========>...................] - ETA: 3s - batch_cost: 0.0146 - reader cost: 1.3172e-04
138/348 [==========>...................] - ETA: 3s - batch_cost: 0.0146 - reader cost: 1.2790e-04
142/348 [===========>..................] - ETA: 3s - batch_cost: 0.0146 - reader cost: 1.2430e-04
146/348 [===========>..................] - ETA: 2s - batch_cost: 0.0145 - reader cost: 1.2089e-04
150/348 [===========>..................] - ETA: 2s - batch_cost: 0.0145 - reader cost: 1.1767e-04
154/348 [============>.................] - ETA: 2s - batch_cost: 0.0145 - reader cost: 1.1461e-04
158/348 [============>.................] - ETA: 2s - batch_cost: 0.0146 - reader cost: 1.1804e-04
162/348 [============>.................] - ETA: 2s - batch_cost: 0.0146 - reader cost: 1.1839e-04
166/348 [=============>................] - ETA: 2s - batch_cost: 0.0145 - reader cost: 1.1554e-04
170/348 [=============>................] - ETA: 2s - batch_cost: 0.0145 - reader cost: 1.1282e-04
174/348 [==============>...............] - ETA: 2s - batch_cost: 0.0145 - reader cost: 1.1023e-04
178/348 [==============>...............] - ETA: 2s - batch_cost: 0.0146 - reader cost: 1.1621e-04
181/348 [==============>...............] - ETA: 2s - batch_cost: 0.0146 - reader cost: 1.1428e-04
184/348 [==============>...............] - ETA: 2s - batch_cost: 0.0147 - reader cost: 1.1242e-04
187/348 [===============>..............] - ETA: 2s - batch_cost: 0.0148 - reader cost: 1.1061e-04
191/348 [===============>..............] - ETA: 2s - batch_cost: 0.0148 - reader cost: 1.0830e-04
194/348 [===============>..............] - ETA: 2s - batch_cost: 0.0148 - reader cost: 1.0662e-04
197/348 [===============>..............] - ETA: 2s - batch_cost: 0.0149 - reader cost: 1.1007e-04
201/348 [================>.............] - ETA: 2s - batch_cost: 0.0149 - reader cost: 1.0788e-04
205/348 [================>.............] - ETA: 2s - batch_cost: 0.0149 - reader cost: 1.0578e-04
209/348 [=================>............] - ETA: 2s - batch_cost: 0.0149 - reader cost: 1.0375e-04
213/348 [=================>............] - ETA: 2s - batch_cost: 0.0149 - reader cost: 1.0180e-04
217/348 [=================>............] - ETA: 1s - batch_cost: 0.0148 - reader cost: 9.9928e-05
221/348 [==================>...........] - ETA: 1s - batch_cost: 0.0148 - reader cost: 9.8119e-05
225/348 [==================>...........] - ETA: 1s - batch_cost: 0.0148 - reader cost: 9.6375e-05
229/348 [==================>...........] - ETA: 1s - batch_cost: 0.0148 - reader cost: 9.4692e-05
233/348 [===================>..........] - ETA: 1s - batch_cost: 0.0148 - reader cost: 9.3066e-05
237/348 [===================>..........] - ETA: 1s - batch_cost: 0.0148 - reader cost: 9.1495e-05
241/348 [===================>..........] - ETA: 1s - batch_cost: 0.0148 - reader cost: 8.9977e-05
245/348 [====================>.........] - ETA: 1s - batch_cost: 0.0148 - reader cost: 8.8508e-05
249/348 [====================>.........] - ETA: 1s - batch_cost: 0.0148 - reader cost: 8.7086e-05
253/348 [====================>.........] - ETA: 1s - batch_cost: 0.0148 - reader cost: 8.5709e-05
257/348 [=====================>........] - ETA: 1s - batch_cost: 0.0148 - reader cost: 8.4375e-05
261/348 [=====================>........] - ETA: 1s - batch_cost: 0.0147 - reader cost: 8.3082e-05
265/348 [=====================>........] - ETA: 1s - batch_cost: 0.0147 - reader cost: 8.1828e-05
269/348 [======================>.......] - ETA: 1s - batch_cost: 0.0147 - reader cost: 8.0611e-05
273/348 [======================>.......] - ETA: 1s - batch_cost: 0.0147 - reader cost: 7.9430e-05
277/348 [======================>.......] - ETA: 1s - batch_cost: 0.0147 - reader cost: 7.8283e-05
281/348 [=======================>......] - ETA: 0s - batch_cost: 0.0147 - reader cost: 7.7169e-05
284/348 [=======================>......] - ETA: 0s - batch_cost: 0.0147 - reader cost: 7.6354e-05
288/348 [=======================>......] - ETA: 0s - batch_cost: 0.0147 - reader cost: 7.5293e-05
292/348 [========================>.....] - ETA: 0s - batch_cost: 0.0147 - reader cost: 7.7710e-05
296/348 [========================>.....] - ETA: 0s - batch_cost: 0.0147 - reader cost: 7.6660e-05
300/348 [========================>.....] - ETA: 0s - batch_cost: 0.0147 - reader cost: 7.5637e-05
304/348 [=========================>....] - ETA: 0s - batch_cost: 0.0147 - reader cost: 7.4642e-05
308/348 [=========================>....] - ETA: 0s - batch_cost: 0.0147 - reader cost: 8.0221e-05
312/348 [=========================>....] - ETA: 0s - batch_cost: 0.0147 - reader cost: 7.9192e-05
316/348 [==========================>...] - ETA: 0s - batch_cost: 0.0146 - reader cost: 7.8190e-05
320/348 [==========================>...] - ETA: 0s - batch_cost: 0.0146 - reader cost: 8.0335e-05
324/348 [==========================>...] - ETA: 0s - batch_cost: 0.0146 - reader cost: 7.9343e-05
327/348 [===========================>..] - ETA: 0s - batch_cost: 0.0146 - reader cost: 7.8615e-05
331/348 [===========================>..] - ETA: 0s - batch_cost: 0.0146 - reader cost: 7.7665e-05
335/348 [===========================>..] - ETA: 0s - batch_cost: 0.0146 - reader cost: 7.6738e-05
338/348 [============================>.] - ETA: 0s - batch_cost: 0.0147 - reader cost: 7.6057e-05
342/348 [============================>.] - ETA: 0s - batch_cost: 0.0147 - reader cost: 7.5167e-05
346/348 [============================>.] - ETA: 0s - batch_cost: 0.0147 - reader cost: 7.4298e-05
348/348 [==============================] - 5s 15ms/step - batch_cost: 0.0147 - reader cost: 7.3871e-05
